ticker,vcp_score,vcp_quality,stage,consolidation_quality,ml_score,company_name,fundamental_score,sector,industry,earnings_quality_score,growth_acceleration_score,relative_strength_score,financial_health_score,catalyst_timing_score,current_price,market_cap,rs_line_score,rs_line_percentile,rs_line_at_new_high,rs_line_trend,eps_growth_yoy,eps_accelerating,eps_accel_quarters,rev_growth_yoy,rev_accelerating,rev_accel_quarters,short_percent_float,short_ratio,short_squeeze_potential,fifty_two_week_high,proximity_to_52w_high,trend_template_score,trend_template_pass,dist_ma50_pct,health_details,earnings_details,sin_score_motivo,target_price_analyst,target_price_analyst_high,target_price_analyst_low,analyst_count,analyst_recommendation,analyst_upside_pct,target_price_dcf,target_price_dcf_upside_pct,target_price_pe,target_price_pe_upside_pct,pe_ancla,pe_ancla_n,pe_ancla_dispersion,pe_ancla_fragil,pe_ancla_excluidos,pe_sin_ancla_motivo,pe_eps_usado,pe_eps_motivo,dcf_no_aplicable,ai_descartados,per_share_no_fiable,acciones_efectivas,shares_change_es_gasto,dividend_rate,fcf_yield_pct,fcf_per_share,dividend_yield_pct,payout_ratio_pct,five_yr_avg_dividend_yield_pct,buyback_active,shares_change_pct,interest_coverage,interest_coverage_base,interest_coverage_ebit,analyst_revision_momentum,days_to_earnings,earnings_date,earnings_warning,earnings_fecha_conocida,earnings_catalyst,piotroski_score,piotroski_label,piotroski_evaluables,piotroski_motivo,ebit_ev_yield,roic_greenblatt,peg_ratio,sentiment,put_call_ratio,flow_score,unusual_calls,unusual_puts,super_score_ultimate,vcp_contribution,ml_contribution,fundamental_contribution,score_timestamp,data_as_of_date,market_regime,market_recommendation,ma_filter_pass,ma_filter_score,ma_filter_reason,ad_signal,ad_score,ad_reason,float_category,shares_outstanding_millions,filter_penalty,super_score_before_filters,rs_line_score_fund,rs_line_at_new_high_fund,rs_line_trend_fund,rs_line_percentile_fund,rs_line_bonus,eps_accelerating_fund2,eps_accel_quarters_fund2,rev_accelerating_fund2,rev_accel_quarters_fund2,canslim_a_bonus,industry_group_rank,industry_group_total,industry_group_percentile,industry_group_label,industry_group_rs,industry_bonus,short_bonus,proximity_bonus,trend_bonus,options_bonus,institutional_bonus,insider_bonus,profitability_penalty,negative_roe,filters_passed,value_score,sector_bonus,fcf_bonus,dividend_bonus,buyback_bonus,revision_bonus,target_change_7d_pct,target_change_30d_pct,upgrade_days_14d,downgrade_days_14d,target_revision_bonus,modelos_dispersion_pts,modelos_acuerdo,upside_triangulated_pct,upside_divergence_pts,upside_divergence,upside_requiere_verificacion,risk_reward_ratio,piotroski_bonus,magic_formula_rank,hedge_fund_count,hedge_fund_names,oe_ai_adjustment,oe_ai_verdict,cerebro_signal,cerebro_score_adj,days_in_list,ml_win_probability,ml_win_label,momentum_score,tier,quality,validation_status,validation_score,validation_reason,price_vs_ath,recent_news_sentiment,analyst_consensus,valuation_concern,why_cheap,why_cheap_resumen,why_cheap_fuentes,is_stage2,ma_score,atr_ratio,volume_dryup,pct_from_52w_high,pct_from_52w_low,relative_strength_6m,trend_direction,tech_stage,entry_readiness,entry_readiness_reason,tasa_base_frase,tasa_base_n,tasa_base_caida_mediana_pct,tasa_base_caida_peor_pct,tasa_base_arriba_pct,tasa_base_bimodal,soporte_frase,soporte_nivel,soporte_distancia_pct,soporte_dias,soporte_aguanto,soporte_roto,soporte_antiguo
VRSN,0.0,,,,43.5,"VeriSign, Inc.",63.1,Technology,Software - Infrastructure,75.0,60.0,60.3,50.0,60.0,291.88,26385952768.0,60.0,58.5,False,up,4.4,False,0.0,6.0,True,1.0,2.2,3.0,False,312.48,-6.6,7.0,True,1.8,"{'current_ratio': 0.59, 'operating_margin_pct': 68.2}","{'eps_growth_yoy': 4.4, 'op_growth_yoy': 5.6, 'crecimiento_respaldado': True, 'positive_quarters': 4, 'earnings_accelerating': False, 'eps_accel_quarters': 0, 'profit_margin_pct': 49.8, 'score_bruto_sin_capar': 75.0, 'satura': False}",,324.4,355.0,285.0,5.0,buy,11.1,320.71,9.9,243.84,-16.5,múltiplo propio,4.0,0.26,False,,,reportado,,,,,,,3.24,4.09,11.94,1.1,34.3,,True,-3.09,15.3,Operating Income,15.5,5.4,27.0,2026-10-22,False,True,False,8.0,STRONG,9.0,,4.05,501.6,3.43,BULLISH,0.0,60.0,1.0,0.0,56.0,0.0,13.0,18.9,2026-09-25 05:07:54,2026-09-25,CONFIRMED_UPTREND,TRADE,True,100,Passes Minervini Template (6/6 criteria),ACCUMULATION,70,"Moderate accumulation (1.2x ratio, 54% up volume)",HIGH_FLOAT,84.9,0.0,32.0,60.0,False,up,58.5,2.0,False,0.0,True,1.0,2.0,3.0,32.0,93.8,Top 10%,55.2,5.0,0.0,3.0,7.0,5.0,0.0,0.0,0.0,False,3/3,71.91499999999999,5.0,3.0,0.0,3.0,3.0,0.0,2.01,1.0,0.0,0.0,26.4,CONTRADICEN,,27.6,MEDIA,False,1.39,10.0,29.0,1,Berkshire Hathaway (Buffett),-10,UNRELIABLE/AVOID (-10),CONFIRM,23.0,37,0.4349,BAJA,25.81,⭐⭐⭐ EXCELLENT,🟢 Elite,,,,,,,,,,,True,3,0.95,False,-6.32,41.05,-2.92,uptrend,stage2,ENTRADA,Stage 2: sobre MA200 ascendente sin sobreextensión — suelo confirmado,"las 40 veces anteriores (RSI normal, sobre su MA200 que sube) cayó otro 10% de mediana (peor caso -30%); al año el 75% estaba en positivo (mediana +11%).",40,-10.5,-29.8,75,False,"soporte vivo más cercano en 278.90 (-4.4%), puesto a prueba hace 16 días; aguantó 4 y se rompió 1",278.9,-4.4,16.0,4.0,1.0,False
RMD,73.75238095238095,Excellent,Stage 2 Early,15.958149303048732,55.3,ResMed Inc.,63.9,Healthcare,Medical Instruments & Supplies,75.0,60.0,34.7,90.0,60.0,221.89,32008142848.0,35.0,26.3,False,up,1.0,False,0.0,8.6,True,1.0,10.4,8.3,True,284.87,-22.1,2.0,False,1.1,"{'roe_pct': 24.3, 'debt_to_equity': 0.13, 'current_ratio': 3.1, 'operating_margin_pct': 30.9}","{'eps_growth_yoy': 1.0, 'op_growth_yoy': -1.7, 'crecimiento_respaldado': True, 'positive_quarters': 4, 'earnings_accelerating': False, 'eps_accel_quarters': 0, 'profit_margin_pct': 26.9, 'score_bruto_sin_capar': 75.0, 'satura': False}",,247.56,320.0,175.0,16.0,buy,11.6,320.43,44.4,,,,,,,,sin histórico de múltiplo (beneficio negativo o pocos años),reportado,,,,,,,2.64,5.09,11.29,1.19,23.0,0.88,True,-1.4,,,,1.7,34.0,2026-10-29,False,True,False,7.0,NEUTRAL,9.0,,6.08,52.1,6.99,,,,,,37.3,29.5,16.6,19.2,2026-09-25 05:07:54,2026-09-25,CONFIRMED_UPTREND,TRADE,False,16,Price below 150/200 MA - weak trend,DISTRIBUTION,35,"Moderate distribution (0.8x ratio, 43% up volume)",HIGH_FLOAT,143.4,27.0,65.3,35.0,False,up,26.3,2.0,False,0.0,True,1.0,2.0,10.0,32.0,71.9,Medio,30.5,0.0,0.0,0.0,-5.0,0.0,0.0,0.0,0.0,False,1/3,80.925,5.0,6.0,0.0,3.0,1.0,0.46,0.46,0.0,0.0,0.0,,,28.0,-32.8,,False,1.45,5.0,48.0,0,,0,UNRELIABLE/INSUFFICIENT (0),BEST,14.0,7,0.5532,ALTA,35.766190476190474,⭐⭐⭐ EXCELLENT,🟢 Elite,,,,,,,,EVENTO,"Caída derivada del recall de Astral (FDA) anunciado en Q4 2026 (agosto): $42M de cargo y $75M de headwind de revenue en FY2027 al suspender ventas nuevas. Negocio base sigue sólido (9% revenue growth, 16% EPS growth en FY2026) y el cargo ya está incorporado en guidance.",https://www.etoro.com/markets/rmd | https://www.investing.com/equities/resmed-inc | https://investor.resmed.com/ | https://robinhood.com/us/en/stocks/RMD/,False,2,0.812,False,-21.28,23.44,-20.91,sideways,stage4,ESPERAR,En caída (bajo MA200 descendente) — espera a que haga suelo,"las 12 veces anteriores (RSI normal, bajo su MA200 que baja) o paró casi donde estaba o se desplomó hasta -39% — sin término medio; al año el 67% estaba en positivo (mediana +21%).",12,-9.9,-39.4,67,True,"soporte vivo más cercano en 218.08 (-1.7%), puesto a prueba hace 1 días; aguantó 5 y se rompió 2",218.08,-1.7,1.0,5.0,2.0,False
THC,0.0,,,,50.0,Tenet Healthcare Corporation,75.6,Healthcare,Medical Care Facilities,100.0,60.0,66.6,75.0,60.0,249.54,20092710912.0,60.0,72.4,False,up,186.8,False,0.0,14.6,False,0.0,2.9,2.8,False,283.05,-11.8,7.0,True,-1.4,"{'roe_pct': 37.3, 'debt_to_equity': 1.52, 'current_ratio': 1.41, 'operating_margin_pct': 18.2}","{'eps_growth_yoy': 186.8, 'op_growth_yoy': 68.7, 'crecimiento_respaldado': False, 'crecimiento_puntuado': 93.7, 'positive_quarters': 4, 'earnings_accelerating': False, 'eps_accel_quarters': 0, 'profit_margin_pct': 10.3, 'score_bruto_sin_capar': 100.0, 'satura': False}",,284.64,315.0,260.0,22.0,buy,14.1,610.89,144.8,333.6,33.7,múltiplo propio,4.0,0.72,False,,,reportado,,,,,,,,14.96,37.33,,,2.75,True,-8.53,5.4,Operating Income,5.7,213.4,32.0,2026-10-27,False,True,False,6.0,NEUTRAL,9.0,,9.77,31.7,0.06,,,,,,49.4,0.0,,22.7,2026-09-25 05:07:54,2026-09-25,CONFIRMED_UPTREND,TRADE,True,100,Passes Minervini Template (6/6 criteria),ACCUMULATION,65,"Moderate accumulation (1.4x ratio, 56% up volume)",HIGH_FLOAT,79.7,0.0,32.4,60.0,False,up,72.4,2.0,False,0.0,False,0.0,0.0,1.0,32.0,100.0,Top 10%,57.4,5.0,0.0,3.0,7.0,0.0,0.0,0.0,0.0,False,3/3,69.24,5.0,8.0,0.0,3.0,5.0,-0.33,0.76,0.0,0.0,0.0,111.1,DISPERSOS,33.7,-75.2,,False,1.76,2.0,49.0,1,Appaloosa (Tepper),-5,MIXED/AVOID (-5),,0.0,3,,,27.06,⭐⭐ STRONG,🟢 Excellent,,,,,,,,,,,False,2,0.831,False,-11.84,58.36,5.22,sideways,stage2,VIGILAR,Sobre MA200 pero las medias aún no están apiladas (50>150>200) — falta confirmación,"las 32 veces anteriores (RSI normal, sobre su MA200 que sube) o paró casi donde estaba o se desplomó hasta -70% — sin término medio; al año el 69% estaba en positivo (mediana +22%).",32,-16.9,-69.9,69,True,"soporte vivo más cercano en 244.44 (-2.0%), puesto a prueba hace 51 días; aguantó 2 de 2 veces",244.44,-2.0,51.0,2.0,0.0,False
ADSK,0.0,,,,33.1,"Autodesk, Inc.",69.6,Technology,Software - Application,100.0,70.0,26.7,65.0,70.0,211.35,44172152832.0,15.0,9.4,False,flat,57.2,False,0.0,16.1,True,1.0,4.4,3.7,False,326.2,-35.2,0.0,False,-9.5,"{'roe_pct': 53.9, 'debt_to_equity': 1.1, 'current_ratio': 0.85, 'operating_margin_pct': 29.2}","{'eps_growth_yoy': 57.2, 'op_growth_yoy': 32.9, 'crecimiento_respaldado': True, 'positive_quarters': 4, 'earnings_accelerating': False, 'eps_accel_quarters': 0, 'profit_margin_pct': 21.1, 'score_bruto_sin_capar': 105.0, 'satura': True}",,308.66,375.0,215.0,34.0,buy,46.0,248.97,17.8,,,,,,,,múltiplo propio 59x fuera del rango 8-45,reportado,,,,,,,,6.38,13.48,,,0.48,True,-1.86,,,,59.6,63.0,2026-11-27,False,True,False,7.0,NEUTRAL,9.0,,4.1,645.3,0.25,,,,,,2.8000000000000007,0.0,9.9,20.9,2026-09-25 05:07:54,2026-09-25,CONFIRMED_UPTREND,TRADE,False,0,Price below 150/200 MA - weak trend,NEUTRAL,40,"No clear pattern (0.9x ratio, 48% up volume)",MEGA_FLOAT,208.4,25.0,30.8,15.0,False,flat,9.4,0.0,False,0.0,True,1.0,2.0,13.0,32.0,62.5,Medio,27.7,0.0,0.0,0.0,-5.0,0.0,0.0,0.0,0.0,False,1/3,68.995,5.0,6.0,0.0,3.0,5.0,-1.35,-1.35,0.0,1.0,-1.5,,,31.9,28.2,MEDIA,True,5.75,5.0,25.0,0,,0,UNRELIABLE/INSUFFICIENT (0),BEST,8.0,6,0.3312,BAJA,0.0,⭐ GOOD,🟢 Excellent,,,,,,,,SENTIMIENTO,"Autodesk ha caído ~33% en 12 meses a pesar de resultados sólidos: 3 trimestres consecutivos superando EPS, revenue creciendo 16-18% YoY, free cash flow +54% en FY26, y guidance elevada. La caída refleja rotación sector software y compresión de múltiplos tras máximos, no deterioro operativo.",https://www.tikr.com/es/blog/autodesk-stock-is-down-17-ytd-what-the-numbers-say-about-2026 | https://www.sec.gov/Archives/edgar/data/0000769397/000119312526387877/d103766d8k.htm | https://simplywall.st/es/stocks/us/software/nasdaq-adsk/autodesk/news/las-acciones-de-autodesk-adsk-podrian-estar-infravaloradas-e/amp | https://simplywall.st/es/stocks/us/software/nasdaq-adsk/autodesk/news/sigue-siendo-,False,1,0.812,False,-35.24,13.94,-29.75,downtrend,stage1,ESPERAR,En caída (bajo MA200 descendente) — espera a que haga suelo,"las 15 veces anteriores (RSI normal, bajo su MA200 que baja) cayó otro 9% de mediana (peor caso -41%); al año el 73% estaba en positivo (mediana +18%).",15,-8.6,-40.6,73,False,"soporte vivo más cercano en 206.33 (-2.4%), puesto a prueba hace 16 días; aguantó 2 y se rompió 1",206.33,-2.4,16.0,2.0,1.0,False
PAYX,0.0,,,,39.4,"Paychex, Inc.",68.7,Technology,Software - Application,95.0,60.0,38.7,80.0,55.0,101.59,36164055040.0,15.0,20.5,False,down,41.5,False,0.0,12.5,False,0.0,6.4,8.9,False,130.32,-22.0,3.0,False,-14.2,"{'roe_pct': 47.1, 'debt_to_equity': 1.25, 'current_ratio': 1.28, 'operating_margin_pct': 38.5}","{'eps_growth_yoy': 41.5, 'op_growth_yoy': 40.3, 'crecimiento_respaldado': True, 'positive_quarters': 4, 'earnings_accelerating': False, 'eps_accel_quarters': 0, 'profit_margin_pct': 27.4, 'score_bruto_sin_capar': 95.0, 'satura': False}",,117.29,150.0,109.0,14.0,hold,15.5,134.93,32.8,111.89,10.1,múltiplo propio,4.0,0.58,False,,,reportado,,,,,,,4.76,5.58,5.67,4.56,90.1,2.83,True,-1.13,9.3,Operating Income,9.6,5.6,84.0,2026-12-18,False,True,False,7.0,NEUTRAL,9.0,,6.3,103.5,1.14,BEARISH,4.57,80.0,2.0,5.0,0.0,0.0,11.8,20.6,2026-09-25 05:07:54,2026-09-25,CONFIRMED_UPTREND,TRADE,False,33,Price below 150/200 MA - weak trend,NEUTRAL,45,"No clear pattern (0.9x ratio, 47% up volume)",MEGA_FLOAT,319.1,25.0,32.4,15.0,False,down,20.5,0.0,False,0.0,False,0.0,0.0,13.0,32.0,62.5,Medio,27.7,0.0,0.0,0.0,0.0,-8.0,0.0,0.0,0.0,False,1/3,56.45,5.0,6.0,-2.0,3.0,3.0,-3.07,5.32,4.0,1.0,-3.0,22.7,DISPERSOS,15.5,-5.9,,False,1.94,5.0,18.0,0,,-8,RELIABLE/AVOID (-8),BEST,14.0,11,0.3939,BAJA,6.870000000000001,⭐ GOOD,🟡 Good,,,,,,,,SIN_DATOS,,,False,1,1.0,False,-20.62,21.67,-8.17,sideways,stage4_ma_alcista,ESPERAR,"Ha perdido la MA200, aunque la media sigue subiendo — corrección dentro de tendencia, espera a que la recupere","las 14 veces anteriores (sobrevendido (RSI<25), bajo su MA200 que sube) cayó otro 5% de mediana (peor caso -36%); al año el 86% estaba en positivo (mediana +21%).",14,-5.0,-36.2,86,False,"el soporte más cercano está en 96.26 (-5.2%), sin visitar desde hace 3 meses; aguantó 4 y se rompió 1",96.26,-5.2,99.0,4.0,1.0,True
LMT,0.0,,,,27.6,Lockheed Martin Corporation,67.8,Industrials,Aerospace & Defense,100.0,70.0,24.0,60.0,65.0,523.7,120865120256.0,15.0,11.8,False,flat,436.8,True,2.0,10.5,True,1.0,1.4,2.7,False,692.0,-24.3,3.0,False,-5.6,"{'roe_pct': 89.2, 'debt_to_equity': 2.34, 'current_ratio': 1.19, 'operating_margin_pct': 12.0}","{'eps_growth_yoy': 436.8, 'op_growth_yoy': 231.4, 'crecimiento_respaldado': False, 'crecimiento_puntuado': 256.4, 'positive_quarters': 4, 'earnings_accelerating': True, 'eps_accel_quarters': 2, 'profit_margin_pct': 8.2, 'score_bruto_sin_capar': 115.0, 'satura': True}",,637.84,756.0,503.0,19.0,buy,21.8,897.8,71.4,556.65,6.3,múltiplo propio,4.0,0.33,False,,,reportado,,,,,,,13.8,7.24,37.92,2.63,50.3,2.63,True,-1.37,8.2,Operating Income,7.7,310.7,25.0,2026-10-20,False,True,False,6.0,NEUTRAL,9.0,,5.62,70.9,0.04,,,,,,16.6,0.0,8.3,20.3,2026-09-25 05:07:54,2026-09-25,CONFIRMED_UPTREND,TRADE,False,50,Price below 150/200 MA - weak trend,ACCUMULATION,60,"Moderate accumulation (1.2x ratio, 53% up volume)",HIGH_FLOAT,197.4,20.0,28.6,15.0,False,flat,11.8,0.0,True,2.0,True,1.0,8.0,20.0,32.0,40.6,Bajo 50%,16.0,0.0,0.0,0.0,0.0,0.0,0.0,0.0,0.0,False,2/3,64.4,0.0,6.0,3.0,3.0,5.0,-0.37,-0.37,0.0,0.0,0.0,65.1,DISPERSOS,21.8,-17.0,,False,2.72,2.0,32.0,0,,0,UNRELIABLE/INSUFFICIENT (0),BEST,5.0,7,0.2758,BAJA,6.779999999999999,⭐ GOOD,🟡 Good,,,,,,,,SIN_DATOS,,,False,1,0.764,False,-23.35,21.94,-34.56,downtrend,stage4_ma_alcista,ESPERAR,"Ha perdido la MA200, aunque la media sigue subiendo — corrección dentro de tendencia, espera a que la recupere","las 19 veces anteriores (RSI normal, bajo su MA200 que sube) cayó otro 9% de mediana (peor caso -25%); al año el 89% estaba en positivo (mediana +20%).",19,-9.2,-24.6,89,False,"soporte vivo más cercano en 518.10 (-1.1%), puesto a prueba hace 1 días; aguantó 4 y se rompió 4",518.1,-1.1,1.0,4.0,4.0,False
UNP,0.0,,,,38.7,Union Pacific Corporation,70.5,Industrials,Railroads,85.0,80.0,44.0,65.0,65.0,274.07,162818277376.0,35.0,44.1,False,down,6.2,True,1.0,11.5,True,2.0,5.2,11.2,False,315.99,-13.3,5.0,False,-6.4,"{'roe_pct': 39.7, 'debt_to_equity': 1.51, 'current_ratio': 0.99, 'operating_margin_pct': 41.0}","{'eps_growth_yoy': 6.2, 'op_growth_yoy': 9.4, 'crecimiento_respaldado': True, 'positive_quarters': 4, 'earnings_accelerating': True, 'eps_accel_quarters': 1, 'profit_margin_pct': 28.8, 'score_bruto_sin_capar': 85.0, 'satura': False}",,329.33,375.0,245.0,24.0,buy,20.2,199.57,-27.2,238.32,-13.0,múltiplo propio,4.0,0.27,False,,,reportado,,,,,,,5.68,3.97,10.88,2.06,44.7,2.22,False,-0.13,7.9,Operating Income,8.4,6.6,27.0,2026-10-22,False,True,False,8.0,STRONG,9.0,,5.13,16.2,2.93,,,,,,36.8,0.0,11.6,21.1,2026-09-25 05:07:54,2026-09-25,CONFIRMED_UPTREND,TRADE,True,83,Passes Minervini Template (5/6 criteria),DISTRIBUTION,35,"Moderate distribution (0.7x ratio, 41% up volume)",MEGA_FLOAT,592.7,10.0,32.8,35.0,False,down,44.1,0.0,True,1.0,True,2.0,5.0,6.0,32.0,84.4,Top 25%,45.1,3.0,0.0,3.0,3.0,0.0,0.0,0.0,0.0,False,2/3,61.135000000000005,0.0,3.0,3.0,0.0,3.0,-0.34,-0.34,0.0,0.0,0.0,14.2,COHERENTES,-13.0,40.3,ALTA,False,2.52,10.0,102.0,0,,0,UNRELIABLE/INSUFFICIENT (0),WATCH,3.0,4,0.3874,BAJA,20.55,⭐ GOOD,🟡 Good,,,,,,,,,,,False,2,0.94,False,-12.86,29.84,-4.84,sideways,stage2,VIGILAR,Sobre MA200 pero las medias aún no están apiladas (50>150>200) — falta confirmación,"las 43 veces anteriores (RSI normal, sobre su MA200 que sube) cayó otro 8% de mediana (peor caso -37%); al año el 77% estaba en positivo (mediana +17%).",43,-7.9,-37.4,77,False,"el soporte más cercano está en 260.64 (-4.9%), sin visitar desde hace 3 meses; aguantó 5 de 5 veces",260.64,-4.9,99.0,5.0,0.0,True
CBOE,58.400000000000006,Excellent,Stage Unknown,27.11734691997296,43.6,"Cboe Global Markets, Inc.",78.3,Financial Services,Financial Data & Stock Exchanges,100.0,90.0,26.7,100.0,55.0,267.57,27942606848.0,15.0,19.8,False,down,50.2,False,0.0,22.9,True,2.0,3.0,2.9,False,371.18,-27.9,2.0,False,-7.4,"{'roe_pct': 26.3, 'debt_to_equity': 0.28, 'current_ratio': 1.56, 'operating_margin_pct': 34.6}","{'eps_growth_yoy': 50.2, 'op_growth_yoy': 33.6, 'crecimiento_respaldado': True, 'positive_quarters': 4, 'earnings_accelerating': False, 'eps_accel_quarters': 0, 'profit_margin_pct': 26.7, 'score_bruto_sin_capar': 105.0, 'satura': True}",,315.64,356.0,258.0,14.0,hold,18.0,496.53,85.6,326.45,22.0,múltiplo propio,4.0,1.22,True,,,reportado,,,,,,,3.44,6.77,18.11,1.28,22.4,1.27,False,-0.19,33.6,Operating Income,36.6,20.1,35.0,2026-10-30,False,True,False,8.0,STRONG,9.0,,5.57,65.7,0.35,,,,,,37.9,23.4,13.1,23.5,2026-09-25 05:07:54,2026-09-25,CONFIRMED_UPTREND,TRADE,False,33,Price below 150/200 MA - weak trend,NEUTRAL,40,"No clear pattern (0.9x ratio, 46% up volume)",HIGH_FLOAT,104.0,22.0,59.9,15.0,False,down,19.8,0.0,False,0.0,True,2.0,2.0,9.0,32.0,75.0,Top 25%,32.6,3.0,0.0,0.0,-5.0,0.0,0.0,0.0,0.0,False,1/3,52.5,0.0,6.0,0.0,0.0,5.0,0.0,0.16,0.0,0.0,0.0,63.6,DISPERSOS,22.0,-35.8,,False,2.25,10.0,40.0,0,,-8,RELIABLE/AVOID (-8),WATCH,3.0,46,0.4365,BAJA,29.53,⭐ GOOD,🟡 Good,,,,,,,,SIN_DATOS,,,False,1,0.855,False,-27.56,18.12,-22.48,sideways,stage4_ma_alcista,ESPERAR,"Ha perdido la MA200, aunque la media sigue subiendo — corrección dentro de tendencia, espera a que la recupere","las 16 veces anteriores (RSI normal, bajo su MA200 que sube) cayó otro 4% de mediana (peor caso -34%); al año el 88% estaba en positivo (mediana +22%).",16,-3.8,-33.5,88,False,"soporte vivo más cercano en 265.23 (-0.9%), puesto a prueba hace 8 días; aguantó 2 y se rompió 1",265.23,-0.9,8.0,2.0,1.0,False
MCO,0.0,,,,53.1,Moody's Corporation,69.0,Financial Services,Financial Data & Stock Exchanges,100.0,60.0,38.7,65.0,65.0,467.35,80936140800.0,15.0,15.1,False,down,51.9,True,2.0,15.1,False,0.0,1.9,4.2,False,546.88,-14.5,3.0,False,-3.9,"{'roe_pct': 76.9, 'debt_to_equity': 2.41, 'current_ratio': 1.19, 'operating_margin_pct': 49.5}","{'eps_growth_yoy': 51.9, 'op_growth_yoy': 27.4, 'crecimiento_respaldado': True, 'positive_quarters': 4, 'earnings_accelerating': True, 'eps_accel_quarters': 2, 'profit_margin_pct': 34.3, 'score_bruto_sin_capar': 125.0, 'satura': True}",,561.9,610.0,505.0,21.0,buy,20.2,318.41,-31.9,619.8,32.6,múltiplo propio,4.0,0.19,False,,,reportado,,,,,,,4.12,3.7,17.29,0.87,25.0,0.81,False,,14.1,Operating Income,14.5,56.7,26.0,2026-10-21,False,True,False,8.0,STRONG,9.0,,3.97,107.9,0.44,,,,,,20.6,0.0,15.9,20.7,2026-09-25 05:07:54,2026-09-25,CONFIRMED_UPTREND,TRADE,False,33,Price below 150/200 MA - weak trend,DISTRIBUTION,35,"Moderate distribution (0.7x ratio, 42% up volume)",HIGH_FLOAT,158.5,27.0,36.6,15.0,False,down,15.1,0.0,True,2.0,False,0.0,5.0,9.0,32.0,75.0,Top 25%,32.6,3.0,0.0,3.0,0.0,0.0,0.0,0.0,0.0,False,1/3,52.255,0.0,3.0,0.0,0.0,5.0,0.0,0.25,0.0,0.0,0.0,64.5,CONTRADICEN,,52.1,ALTA,False,2.52,10.0,60.0,1,Berkshire Hathaway (Buffett),-8,RELIABLE/AVOID (-8),CAUTION,5.0,46,0.531,MEDIA,15.9,⭐ GOOD,🟡 Good,,,,,,,,SIN_DATOS,,,False,1,0.86,False,-13.97,16.95,-9.86,sideways,stage4_ma_alcista,ESPERAR,"Ha perdido la MA200, aunque la media sigue subiendo — corrección dentro de tendencia, espera a que la recupere","las 13 veces anteriores (RSI normal, bajo su MA200 que sube) o paró casi donde estaba o se desplomó hasta -34% — sin término medio; al año el 62% estaba en positivo (mediana +7%).",13,-12.5,-34.5,62,True,"soporte vivo más cercano en 462.00 (-1.1%), puesto a prueba hace 9 días; aguantó 11 y se rompió 6",462.0,-1.1,9.0,11.0,6.0,False
MSFT,0.0,,,,44.0,Microsoft Corporation,82.5,Technology,Software - Infrastructure,100.0,70.0,71.4,95.0,65.0,497.93,3697401921536.0,60.0,54.2,False,up,31.3,True,1.0,17.7,True,1.0,0.9,3.2,False,553.72,-10.1,6.0,False,5.3,"{'roe_pct': 34.0, 'debt_to_equity': 0.29, 'current_ratio': 1.23, 'operating_margin_pct': 45.1}","{'eps_growth_yoy': 31.3, 'op_growth_yoy': 18.3, 'crecimiento_respaldado': True, 'positive_quarters': 4, 'earnings_accelerating': True, 'eps_accel_quarters': 1, 'profit_margin_pct': 40.3, 'score_bruto_sin_capar': 105.0, 'satura': True}",,577.26,870.0,440.0,52.0,strong_buy,15.9,,,632.49,27.0,múltiplo propio,4.0,0.47,False,,,reportado,,"el capex se lleva el 63% del flujo operativo: lo que queda no es lo que gana el dueño, es lo que sobra tras decidir invertir",,,,,3.92,1.81,9.01,0.78,19.8,0.79,False,-0.24,50.9,Operating Income,55.4,31.7,33.0,2026-10-28,False,True,False,6.0,NEUTRAL,9.0,,4.14,41.3,0.66,BULLISH,0.21,100.0,22.0,16.0,40.0,0.0,13.2,24.8,2026-09-25 05:07:54,2026-09-25,CONFIRMED_UPTREND,TRADE,False,66,150 MA below 200 MA - not in Stage 2,STRONG_ACCUMULATION,75,"Strong institutional buying (1.6x ratio, 60% up volume)",MEGA_FLOAT,7414.4,23.0,38.0,60.0,False,up,54.2,2.0,True,1.0,True,1.0,5.0,3.0,32.0,93.8,Top 10%,55.2,5.0,0.0,3.0,5.0,5.0,0.0,0.0,0.0,False,2/3,59.2,5.0,0.0,0.0,0.0,5.0,0.76,1.37,0.0,0.0,0.0,,,21.4,-11.1,,False,1.99,2.0,98.0,1,Pershing Square (Ackman),0,MIXED/WATCH (0),CAUTION,-9.0,46,0.4402,BAJA,24.75,🔵 DECENT,🟡 Good,,,,,,,,,,,False,2,0.894,False,-9.34,42.86,17.08,uptrend,stage2,VIGILAR,Sobre MA200 pero las medias aún no están apiladas (50>150>200) — falta confirmación,"las 48 veces anteriores (RSI normal, sobre su MA200 que sube) cayó otro 4% de mediana (peor caso -36%); al año el 90% estaba en positivo (mediana +25%).",48,-3.5,-35.8,90,False,"soporte vivo más cercano en 490.17 (-1.6%), puesto a prueba hace 9 días; aguantó 8 y se rompió 1",490.17,-1.6,9.0,8.0,1.0,False
GGG,0.0,,,,37.6,Graco Inc.,68.0,Industrials,Specialty Industrial Machinery,95.0,60.0,24.0,95.0,55.0,77.15,12494737408.0,15.0,8.0,False,up,13.6,True,1.0,3.3,True,1.0,4.3,2.2,False,95.69,-19.4,1.0,False,-2.2,"{'roe_pct': 21.2, 'debt_to_equity': 0.02, 'current_ratio': 2.99, 'operating_margin_pct': 29.7}","{'eps_growth_yoy': 13.6, 'op_growth_yoy': 11.2, 'crecimiento_respaldado': True, 'positive_quarters': 4, 'earnings_accelerating': True, 'eps_accel_quarters': 1, 'profit_margin_pct': 23.5, 'score_bruto_sin_capar': 95.0, 'satura': False}",,91.29,100.0,84.0,7.0,hold,18.3,78.1,1.2,85.69,11.1,múltiplo propio,4.0,0.19,False,,,reportado,,,,,,,1.18,5.02,3.87,1.51,35.8,1.19,True,-1.68,194.7,Operating Income,205.3,5.8,26.0,2026-10-21,False,True,False,6.0,NEUTRAL,9.0,,5.07,34.2,1.52,,,,,,9.7,0.0,11.3,20.4,2026-09-25 05:07:54,2026-09-25,CONFIRMED_UPTREND,TRADE,False,16,Price below 150/200 MA - weak trend,DISTRIBUTION,25,"Moderate distribution (0.6x ratio, 36% up volume)",HIGH_FLOAT,160.3,27.0,31.7,15.0,False,up,8.0,2.0,True,1.0,True,1.0,5.0,7.0,32.0,81.2,Top 25%,44.0,3.0,0.0,0.0,-5.0,0.0,0.0,0.0,0.0,False,1/3,50.08000000000001,0.0,6.0,3.0,3.0,3.0,0.0,0.0,0.0,0.0,0.0,9.9,COHERENTES,11.1,12.2,,False,2.29,2.0,82.0,0,,-8,RELIABLE/AVOID (-8),,0.0,7,0.3756,BAJA,0.0,🔵 DECENT,🟡 Good,,,,,,,,SIN_DATOS,,,False,0,0.816,False,-18.78,6.82,-29.2,downtrend,stage1,ESPERAR,En caída (bajo MA200 descendente) — espera a que haga suelo,"las 13 veces anteriores (RSI normal, bajo su MA200 que baja) cayó otro 10% de mediana (peor caso -22%); al año el 77% estaba en positivo (mediana +17%).",13,-9.8,-21.8,77,False,"soporte vivo más cercano en 75.31 (-2.4%), puesto a prueba hace 15 días; aguantó 3 y se rompió 2",75.31,-2.4,15.0,3.0,2.0,False
KO,0.0,,,,3.0,The Coca-Cola Company,72.3,Consumer Defensive,Beverages - Non-Alcoholic,85.0,70.0,56.7,80.0,60.0,88.1,379054555136.0,60.0,72.5,False,up,16.1,False,0.0,6.7,True,2.0,0.9,2.8,False,92.49,-4.7,8.0,True,1.4,"{'roe_pct': 42.1, 'debt_to_equity': 1.16, 'current_ratio': 1.3, 'operating_margin_pct': 34.9}","{'eps_growth_yoy': 16.1, 'op_growth_yoy': 7.9, 'crecimiento_respaldado': True, 'positive_quarters': 4, 'earnings_accelerating': False, 'eps_accel_quarters': 0, 'profit_margin_pct': 28.6, 'score_bruto_sin_capar': 85.0, 'satura': False}",,94.7,104.0,75.0,23.0,buy,7.5,85.95,-2.4,77.71,-11.8,múltiplo propio,4.0,0.17,False,,,reportado,,,,,,,2.12,3.75,3.3,2.41,62.5,2.86,False,-0.05,10.2,Operating Income,12.0,16.9,25.0,2026-10-20,False,True,False,7.0,NEUTRAL,9.0,,3.64,77.0,1.48,NEUTRAL,0.91,70.0,2.0,3.0,41.6,0.0,0.9,21.7,2026-09-25 05:07:54,2026-09-25,CONFIRMED_UPTREND,TRADE,True,100,Passes Minervini Template (6/6 criteria),ACCUMULATION,65,"Moderate accumulation (1.3x ratio, 56% up volume)",MEGA_FLOAT,3874.0,3.0,22.6,60.0,False,up,72.5,2.0,False,0.0,True,2.0,2.0,8.0,32.0,78.1,Top 25%,36.2,3.0,0.0,5.0,10.0,0.0,0.0,0.0,0.0,False,3/3,52.06999999999999,0.0,3.0,3.0,0.0,5.0,0.0,0.0,0.0,0.0,0.0,9.4,COHERENTES,-2.4,14.6,,False,0.94,5.0,87.0,1,Berkshire Hathaway (Buffett),-5,MIXED/AVOID (-5),CONFIRM,11.0,43,0.0297,BAJA,37.23,🔵 DECENT,🟡 Good,,,,,,,,,,,True,3,0.797,False,-4.18,38.4,-0.99,uptrend,stage3,VIGILAR,Extendida cerca de máximos — espera un pullback,"las 42 veces anteriores (RSI normal, sobre su MA200 que sube) cayó otro 6% de mediana (peor caso -30%); al año el 79% estaba en positivo (mediana +5%).",42,-6.2,-30.3,79,False,"soporte vivo más cercano en 84.90 (-3.6%), puesto a prueba hace 52 días; aguantó 1 de 1 veces",84.9,-3.6,52.0,1.0,0.0,False
WTKWY,0.0,,,,22.7,Wolters Kluwer N.V.,66.0,Industrials,Specialty Business Services,100.0,50.0,45.0,50.0,70.0,78.39,17437044736.0,15.0,14.9,False,up,21.2,True,2.0,3.5,False,0.0,,,False,137.56,-43.0,1.0,False,0.6,"{'roe_pct': 146.1, 'debt_to_equity': 5.9, 'current_ratio': 0.69, 'operating_margin_pct': 26.9}","{'eps_growth_yoy': 21.2, 'op_growth_yoy': 5.4, 'crecimiento_respaldado': True, 'positive_quarters': 4, 'earnings_accelerating': True, 'eps_accel_quarters': 2, 'profit_margin_pct': 21.9, 'score_bruto_sin_capar': 105.0, 'satura': True}",,108.6,108.6,108.6,1.0,strong_buy,38.5,190.36,142.8,193.14,146.4,múltiplo propio,4.0,0.59,False,,,reportado,,,,,,,3.01,9.29,7.28,3.91,43.1,1.89,,,,,,4.5,,,False,False,False,7.0,NEUTRAL,9.0,,7.83,639.0,1.23,,,,,,2.0,0.0,6.8,19.8,2026-09-25 05:07:54,2026-09-25,CONFIRMED_UPTREND,TRADE,False,0,Price below 150/200 MA - weak trend,DISTRIBUTION,25,"Moderate distribution (0.7x ratio, 40% up volume)",MEGA_FLOAT,222.6,30.0,26.6,15.0,False,up,14.9,2.0,True,2.0,False,0.0,5.0,16.0,32.0,53.1,Medio,18.0,0.0,0.0,0.0,-5.0,0.0,0.0,0.0,0.0,False,1/3,45.785,0.0,8.0,5.0,0.0,1.0,0.0,0.0,0.0,0.0,0.0,3.6,COHERENTES,142.8,-106.1,,True,4.81,5.0,1.0,0,,-8,RELIABLE/AVOID (-8),BEST,8.0,1,0.2267,BAJA,0.0,🔵 DECENT,🟡 Average,,,,,,,,,,,False,2,0.926,False,-40.66,25.79,-6.64,sideways,stage4,ESPERAR,En caída (bajo MA200 descendente) — espera a que haga suelo,"las 7 veces anteriores (RSI normal, bajo su MA200 que baja) o paró casi donde estaba o se desplomó hasta -60% — sin término medio; al año el 71% estaba en positivo (mediana +25%).",7,-4.5,-59.8,71,True,"soporte vivo más cercano en 77.55 (-1.1%), puesto a prueba hace 6 días; aguantó 7 y se rompió 2",77.55,-1.1,6.0,7.0,2.0,False
4684.T,0.0,,,,32.6,"OBIC Co.,Ltd.",78.3,Technology,Software - Application,95.0,70.0,79.0,70.0,60.0,5055.0,2170586005504.0,,,,,16.4,True,1.0,11.5,True,1.0,,,False,5352.0,-5.5,6.0,False,7.9,"{'roe_pct': 16.6, 'current_ratio': 7.21, 'operating_margin_pct': 67.7}","{'eps_growth_yoy': 16.4, 'op_growth_yoy': 13.3, 'crecimiento_respaldado': True, 'positive_quarters': 4, 'earnings_accelerating': True, 'eps_accel_quarters': 1, 'profit_margin_pct': 56.2, 'score_bruto_sin_capar': 95.0, 'satura': False}",,5513.33,6200.0,4500.0,12.0,buy,9.1,5105.29,1.0,5322.33,5.3,múltiplo propio,4.0,0.41,False,,,reportado,,,,,,,94.0,3.33,168.33,1.86,49.0,1.31,,,,,,19.5,32.0,2026-10-27,False,True,False,4.0,NEUTRAL,9.0,,4.47,35.7,1.62,,,,,,23.3,0.0,9.8,23.5,2026-09-25 05:07:54,2026-09-25,CONFIRMED_UPTREND,TRADE,False,66,150 MA below 200 MA - not in Stage 2,ACCUMULATION,65,"Moderate accumulation (1.4x ratio, 56% up volume)",MEGA_FLOAT,317.8,23.0,33.3,,,,,0.0,True,1.0,True,1.0,5.0,13.0,32.0,62.5,Medio,27.7,0.0,0.0,3.0,5.0,0.0,0.0,0.0,0.0,False,2/3,53.15,5.0,3.0,3.0,0.0,5.0,0.0,0.0,0.0,0.0,0.0,4.3,COHERENTES,5.3,5.9,,False,1.14,0.0,95.0,0,,0,,WATCH,-3.0,7,0.3263,BAJA,24.33,🔵 DECENT,🟡 Average,,,,,,,,,,,False,2,0.987,False,-7.25,38.51,11.16,uptrend,stage2,VIGILAR,Sobre MA200 pero las medias aún no están apiladas (50>150>200) — falta confirmación,"las 46 veces anteriores (RSI normal, sobre su MA200 que sube) cayó otro 9% de mediana (peor caso -32%); al año el 78% estaba en positivo (mediana +19%).",46,-9.2,-31.5,78,False,"soporte vivo más cercano en 4842.40 (-4.0%), puesto a prueba hace 18 días; aguantó 6 y se rompió 4",4842.4,-4.0,18.0,6.0,4.0,False
APH,81.23076923076923,Excellent,Stage 2 (Uptrend),24.443252513653537,50.0,Amphenol Corporation,81.2,Technology,Electronic Components,90.0,90.0,62.4,85.0,65.0,83.08,204872531968.0,60.0,70.0,False,up,26.5,False,0.0,58.4,True,1.0,1.5,2.8,False,89.26,-6.9,3.0,False,,"{'roe_pct': 38.1, 'debt_to_equity': 1.2, 'current_ratio': 1.89, 'operating_margin_pct': 29.8}","{'eps_growth_yoy': 26.5, 'op_growth_yoy': 82.3, 'crecimiento_respaldado': True, 'positive_quarters': 4, 'earnings_accelerating': False, 'eps_accel_quarters': 0, 'profit_margin_pct': 17.7, 'score_bruto_sin_capar': 90.0, 'satura': False}",,99.39,115.0,85.0,18.0,strong_buy,19.6,41.22,-50.4,33.83,-59.3,múltiplo propio,4.0,0.48,False,,,reportado,,,,,,,0.5,2.38,1.98,0.61,22.9,0.82,False,1.34,13.7,Operating Income,13.6,59.3,33.0,2026-10-28,False,True,False,6.0,NEUTRAL,9.0,,2.73,37.9,0.43,,,,,,63.2,32.5,,24.4,2026-09-25 05:07:54,2026-09-25,CONFIRMED_UPTREND,TRADE,False,33,Price below 150/200 MA - weak trend,NEUTRAL,40,"No clear pattern (1.0x ratio, 47% up volume)",MEGA_FLOAT,2449.9,25.0,81.2,60.0,False,up,70.0,2.0,False,0.0,True,1.0,2.0,,32.0,,Sin datos suficientes,70.0,0.0,0.0,3.0,0.0,0.0,0.0,0.0,0.0,False,1/3,52.98,5.0,0.0,0.0,0.0,5.0,0.13,0.13,0.0,0.0,0.0,8.9,COHERENTES,-50.4,74.4,ALTA,False,2.45,2.0,136.0,0,,0,UNRELIABLE/INSUFFICIENT (0),,0.0,6,,,57.73538461538462,🔵 DECENT,🟡 Average,,,,,,,,,,,True,3,0.94,False,-6.78,41.23,9.94,uptrend,stage2,ENTRADA,Stage 2: sobre MA200 ascendente sin sobreextensión — suelo confirmado,"las 50 veces anteriores (RSI normal, sobre su MA200 que sube) cayó otro 6% de mediana (peor caso -34%); al año el 90% estaba en positivo (mediana +23%).",50,-5.8,-34.2,90,False,"soporte vivo más cercano en 77.16 (-7.1%), puesto a prueba hace 10 días; aguantó 7 y se rompió 1",77.16,-7.1,10.0,7.0,1.0,False
6383.T,0.0,,,,38.3,"Daifuku Co., Ltd.",71.0,Industrials,Specialty Industrial Machinery,100.0,60.0,35.0,80.0,70.0,5569.0,2070772318208.0,,,,,71.8,True,1.0,8.1,True,1.0,,,False,7857.0,-29.1,2.0,False,-6.2,"{'debt_to_equity': 0.09, 'current_ratio': 2.63, 'operating_margin_pct': 16.6}","{'eps_growth_yoy': 71.8, 'op_growth_yoy': 63.4, 'crecimiento_respaldado': True, 'positive_quarters': 4, 'earnings_accelerating': True, 'eps_accel_quarters': 1, 'profit_margin_pct': 12.1, 'score_bruto_sin_capar': 110.0, 'satura': True}",,7540.71,9300.0,5400.0,14.0,buy,35.4,6688.85,20.1,5750.62,3.3,múltiplo propio,4.0,0.3,False,,,reportado,,,,,,,90.0,5.61,312.42,1.63,38.8,1.38,,,,,,13.8,47.0,2026-11-11,False,True,False,8.0,STRONG,9.0,,5.54,21.8,2.81,,,,,,5.799999999999997,0.0,11.5,21.3,2026-09-25 05:07:54,2026-09-25,CONFIRMED_UPTREND,TRADE,False,33,Price below 150/200 MA - weak trend,DISTRIBUTION,35,"Moderate distribution (0.7x ratio, 41% up volume)",MEGA_FLOAT,346.3,30.0,32.8,,,,,0.0,True,1.0,True,1.0,5.0,7.0,32.0,81.2,Top 25%,44.0,3.0,0.0,0.0,-5.0,0.0,0.0,0.0,0.0,False,1/3,52.715,0.0,6.0,3.0,0.0,3.0,0.0,0.0,0.0,0.0,0.0,16.8,COHERENTES,20.1,23.7,MEDIA,True,4.42,10.0,85.0,0,,0,,BEST,8.0,1,0.3832,BAJA,0.0,🔵 DECENT,🟡 Average,,,,,,,,,,,False,1,0.624,False,-28.62,26.85,-17.61,downtrend,stage4_ma_alcista,ESPERAR,"Ha perdido la MA200, aunque la media sigue subiendo — corrección dentro de tendencia, espera a que la recupere","las 16 veces anteriores (RSI normal, bajo su MA200 que sube) o paró casi donde estaba o se desplomó hasta -33% — sin término medio; al año el 88% estaba en positivo (mediana +49%).",16,-9.8,-32.9,88,True,"soporte vivo más cercano en 5358.82 (-3.9%), puesto a prueba hace 15 días; aguantó 4 de 4 veces",5358.82,-3.9,15.0,4.0,0.0,False
GOOG,68.39285714285714,Excellent,Stage Unknown,15.88352965668033,39.3,Alphabet Inc.,76.5,Communication Services,Internet Content & Information,85.0,80.0,47.6,100.0,65.0,339.01,4146070290432.0,35.0,43.7,False,down,297.9,False,0.0,24.2,True,1.0,,3.3,False,404.47,-16.2,5.0,False,-0.9,"{'roe_pct': 48.7, 'debt_to_equity': 0.19, 'current_ratio': 2.72, 'operating_margin_pct': 34.0}","{'eps_growth_yoy': 297.9, 'op_growth_yoy': 30.4, 'crecimiento_respaldado': False, 'crecimiento_puntuado': 55.4, 'positive_quarters': 4, 'earnings_accelerating': False, 'eps_accel_quarters': 0, 'profit_margin_pct': 54.8, 'score_bruto_sin_capar': 105.0, 'satura': True}",,422.34,475.0,340.0,15.0,strong_buy,24.6,154.22,-54.5,480.11,41.6,múltiplo propio,4.0,0.41,False,,,reportado,,,,,12229935077.0,,0.88,2.27,7.7,0.26,4.3,,False,0.91,65.6,Operating Income,133.9,294.0,33.0,2026-10-28,False,True,False,6.0,NEUTRAL,9.0,,3.19,35.3,0.08,,,,,,47.1,27.4,11.8,22.9,2026-09-25 05:07:54,2026-09-25,CONFIRMED_UPTREND,TRADE,False,83,Price below 150/200 MA - weak trend,NEUTRAL,40,"No clear pattern (1.0x ratio, 48% up volume)",MEGA_FLOAT,10879.4,25.0,62.1,35.0,False,down,43.7,0.0,False,0.0,True,1.0,2.0,2.0,32.0,96.9,Top 10%,56.6,5.0,0.0,0.0,3.0,0.0,0.0,0.0,0.0,False,1/3,47.315,0.0,0.0,0.0,0.0,5.0,0.0,0.0,0.0,0.0,0.0,96.1,CONTRADICEN,,79.1,ALTA,False,3.08,2.0,136.0,2,Berkshire Hathaway (Buffett) | Pershing Square (Ackman),-5,MIXED/AVOID (-5),CAUTION,-3.0,7,0.3931,BAJA,46.34642857142857,🔵 DECENT,🟡 Average,,,,,,,,SIN_DATOS,,,False,2,1.01,False,-16.08,43.61,1.38,sideways,stage2,VIGILAR,Sobre MA200 pero las medias aún no están apiladas (50>150>200) — falta confirmación,"las 48 veces anteriores (RSI normal, sobre su MA200 que sube) cayó otro 6% de mediana (peor caso -42%); al año el 83% estaba en positivo (mediana +24%).",48,-6.5,-42.5,83,False,"soporte vivo más cercano en 334.71 (-1.3%), puesto a prueba hace 1 días; aguantó 4 de 4 veces",334.71,-1.3,1.0,4.0,0.0,False
BLK,0.0,,,,55.3,"BlackRock, Inc.",75.7,Financial Services,Asset Management,85.0,90.0,38.7,90.0,65.0,1073.45,174410055680.0,15.0,23.6,False,down,20.2,False,0.0,30.6,True,1.0,1.3,3.3,False,1219.94,-12.0,4.0,False,-2.8,"{'roe_pct': 12.3, 'debt_to_equity': 0.23, 'current_ratio': 2.45, 'operating_margin_pct': 35.1}","{'eps_growth_yoy': 20.2, 'op_growth_yoy': 33.6, 'crecimiento_respaldado': True, 'positive_quarters': 4, 'earnings_accelerating': False, 'eps_accel_quarters': 0, 'profit_margin_pct': 24.1, 'score_bruto_sin_capar': 85.0, 'satura': False}",,1323.31,1488.0,1190.0,16.0,strong_buy,23.3,,,937.9,-12.6,múltiplo propio,4.0,0.51,False,,,reportado,,"Asset Management: el flujo operativo son depósitos, préstamos o primas, no caja libre para el accionista",,,,,22.92,2.04,21.9,2.16,52.4,2.35,False,5.31,16.6,Operating Income,17.9,19.6,19.0,2026-10-14,False,True,True,4.0,NEUTRAL,9.0,,4.54,27.4,0.85,,,,,,17.299999999999997,0.0,16.6,22.7,2026-09-25 05:07:54,2026-09-25,CONFIRMED_UPTREND,TRADE,False,50,150 MA below 200 MA - not in Stage 2,DISTRIBUTION,35,"Moderate distribution (0.8x ratio, 42% up volume)",HIGH_FLOAT,143.8,27.0,39.3,15.0,False,down,23.6,0.0,False,0.0,True,1.0,2.0,22.0,32.0,34.4,Bajo 50%,11.8,0.0,0.0,3.0,0.0,0.0,0.0,0.0,0.0,False,1/3,52.045,0.0,0.0,3.0,0.0,5.0,0.0,0.0,0.0,0.0,0.0,,,5.4,35.9,MEDIA,False,2.91,0.0,104.0,0,,0,UNRELIABLE/INSUFFICIENT (0),WATCH,-3.0,6,0.5532,ALTA,16.57,🔵 DECENT,🟡 Average,,,,,,,,SENTIMIENTO,"BlackRock reportó resultados excepcionales en Q1-Q2 2026 (ganancias y márgenes en máximos), con ETF y AUM en expansión sostenida. La caída parece reflejar presión macro (preocupaciones por deuda/tasas) y rotación sectorial, no deterioro operativo.",https://es.tradingview.com/symbols/NYSE-BLK/forecast/ | https://www.estrategiasdeinversion.com/cotizaciones/indices/nyse/blackrock | https://www.bloomberglinea.com/quote/BLK:UN/ | https://www.tikr.com/es/blog/blackrock-has-fallen-14-from-its-peak-the-q1-earnings-just-proved-the-bears-wrong,False,1,1.04,False,-10.13,18.27,-8.96,sideways,stage2,VIGILAR,Sobre MA200 pero las medias aún no están apiladas (50>150>200) — falta confirmación,"las 45 veces anteriores (RSI normal, sobre su MA200 que sube) cayó otro 9% de mediana (peor caso -40%); al año el 84% estaba en positivo (mediana +17%).",45,-8.8,-40.5,84,False,"soporte vivo más cercano en 1053.10 (-1.9%), puesto a prueba hace 1 días; aguantó 6 y se rompió 3",1053.1,-1.9,1.0,6.0,3.0,False
HD,0.0,,,,45.6,"The Home Depot, Inc.",61.5,Consumer Cyclical,Home Improvement Retail,85.0,70.0,15.0,60.0,65.0,292.18,291504947200.0,15.0,0.0,False,down,4.7,True,2.0,5.7,True,2.0,1.2,2.6,False,411.41,-29.0,0.0,False,-10.7,"{'roe_pct': 104.3, 'debt_to_equity': 3.8, 'current_ratio': 1.08, 'operating_margin_pct': 12.9}","{'eps_growth_yoy': 4.7, 'op_growth_yoy': 4.3, 'crecimiento_respaldado': True, 'positive_quarters': 4, 'earnings_accelerating': True, 'eps_accel_quarters': 2, 'profit_margin_pct': 8.4, 'score_bruto_sin_capar': 85.0, 'satura': False}",,377.19,425.0,310.0,32.0,buy,29.1,250.03,-14.4,339.91,16.3,múltiplo propio,4.0,0.37,False,,,reportado,,,,,,,9.32,5.18,15.13,3.14,64.8,2.41,False,0.2,8.7,Operating Income,8.8,4.6,53.0,2026-11-17,False,True,False,5.0,NEUTRAL,9.0,,5.92,53.3,3.96,,,,,,3.0,0.0,13.7,18.4,2026-09-25 05:07:54,2026-09-25,CONFIRMED_UPTREND,TRADE,False,0,Price below 150/200 MA - weak trend,STRONG_DISTRIBUTION,15,"Strong selling pressure (0.5x ratio, 33% up volume)",MEGA_FLOAT,996.0,33.0,32.1,15.0,False,down,0.0,0.0,True,2.0,True,2.0,8.0,,32.0,,Sin datos suficientes,0.0,0.0,0.0,0.0,-5.0,0.0,0.0,0.0,0.0,False,1/3,50.88,0.0,6.0,5.0,0.0,1.0,0.0,0.0,0.0,0.0,0.0,30.7,CONTRADICEN,,43.5,ALTA,False,3.64,0.0,47.0,0,,0,UNRELIABLE/INSUFFICIENT (0),BEST,5.0,7,0.4563,MEDIA,0.0,🔵 DECENT,🟡 Average,,,,,,,,CICLICO,"Mercado inmobiliario congelado reduce demanda de proyectos mayores (menos transacciones), pero negocio aguanta con crecimiento de ventas 4.8-5.7% YoY en Q1-Q2 2026 impulsado por M&A (SRS, GMS). Guidance reafirmado sin recortes — presión es coyuntural, no deterioro estructural.",https://www.prnewswire.com/news-releases/the-home-depot-anuncia-resultados-del-primer-trimestre-del-ano-fiscal-2026-reafirma-guia-para-el-ano-fiscal-2026-883664380.html | https://www.cnbc.com/2026/08/18/home-depot-hd-q2-2026-earnings.html | https://www.sec.gov/Archives/edgar/data/0000354950/000035495026000101/hd_exhibit991x05032026.htm | https://www.sec.gov/Archives/edgar/data/0000354950/000162828,False,0,0.823,False,-27.38,2.57,-30.35,downtrend,stage1,ESPERAR,En caída (bajo MA200 descendente) — espera a que haga suelo,"las 5 veces anteriores (sobrevendido (RSI<25), bajo su MA200 que baja) cayó otro 2% de mediana (peor caso -5%); al año el 100% estaba en positivo (mediana +40%).",5,-1.8,-5.4,100,False,"el soporte más cercano está en 284.85 (-2.5%), sin visitar desde hace 4 meses; aguantó 1 de 1 veces",284.85,-2.5,128.0,1.0,0.0,True
IT,0.0,,,,50.0,"Gartner, Inc.",53.9,Technology,Information Technology Services,70.0,30.0,53.0,65.0,50.0,179.32,11323875328.0,35.0,27.5,False,up,5.4,False,0.0,-1.5,False,0.0,17.9,5.3,True,265.85,-32.5,4.0,False,2.3,"{'roe_pct': 113.6, 'current_ratio': 0.88, 'operating_margin_pct': 22.6}","{'eps_growth_yoy': 5.4, 'op_growth_yoy': 11.5, 'crecimiento_respaldado': True, 'positive_quarters': 4, 'earnings_accelerating': False, 'eps_accel_quarters': 0, 'profit_margin_pct': 12.0, 'score_bruto_sin_capar': 70.0, 'satura': False}",,185.15,229.0,150.0,13.0,none,3.3,366.72,104.5,357.47,99.3,múltiplo propio,4.0,0.46,False,,,reportado,,,,,,,,11.19,20.07,,,,True,-13.93,9.1,Operating Income,8.5,16.6,39.0,2026-11-03,False,True,False,6.0,NEUTRAL,9.0,,8.93,274.6,0.33,,,,,,5.100000000000001,0.0,,16.2,2026-09-25 05:07:54,2026-09-25,CONFIRMED_UPTREND,TRADE,False,33,150 MA below 200 MA - not in Stage 2,ACCUMULATION,60,"Moderate accumulation (1.1x ratio, 51% up volume)",HIGH_FLOAT,57.2,20.0,23.1,35.0,False,up,27.5,2.0,False,0.0,False,0.0,0.0,17.0,32.0,50.0,Medio,17.9,0.0,0.0,0.0,0.0,0.0,0.0,0.0,0.0,False,2/3,42.56,5.0,8.0,0.0,3.0,5.0,0.0,0.0,0.0,0.0,0.0,5.2,COHERENTES,99.3,-98.6,,False,0.41,2.0,2.0,0,,-8,RELIABLE/AVOID (-8),,0.0,0,,,5.390000000000001,🔵 DECENT,🟡 Average,,,,,,,,,,,False,2,0.943,False,-32.55,44.32,-0.16,uptrend,stage1,VIGILAR,Construyendo base (lateral) — espera la reconquista de las medias,"las 9 veces anteriores (RSI normal, sobre su MA200 que baja) cayó otro 4% de mediana (peor caso -46%); al año el 100% estaba en positivo (mediana +26%).",9,-3.7,-45.5,100,False,"soporte vivo más cercano en 172.65 (-3.7%), puesto a prueba hace 16 días; aguantó 3 y se rompió 1",172.65,-3.7,16.0,3.0,1.0,False
BAC,0.0,,,,55.3,Bank of America Corporation,66.0,Financial Services,Banks - Diversified,95.0,50.0,44.0,65.0,65.0,56.03,391803699200.0,35.0,37.5,False,down,16.6,True,1.0,7.2,False,0.0,0.0,0.0,False,65.23,-14.1,5.0,False,-8.8,"{'roe_pct': 11.2, 'operating_margin_pct': 38.3}","{'eps_growth_yoy': 16.6, 'positive_quarters': 4, 'earnings_accelerating': True, 'eps_accel_quarters': 1, 'profit_margin_pct': 29.5, 'score_bruto_sin_capar': 95.0, 'satura': False}",,68.62,76.0,62.0,21.0,strong_buy,22.5,,,47.93,-14.5,múltiplo propio,4.0,0.42,False,,,reportado,,"Banks - Diversified: el flujo operativo son depósitos, préstamos o primas, no caja libre para el accionista",,,,,1.28,3.22,1.8,2.29,25.9,2.35,True,-4.67,,,,34.1,19.0,2026-10-14,False,True,True,5.0,NEUTRAL,7.0,,,,0.31,,,,,,41.4,0.0,16.6,19.8,2026-09-25 05:07:54,2026-09-25,CONFIRMED_UPTREND,TRADE,True,83,Passes Minervini Template (5/6 criteria),ACCUMULATION,60,"Moderate accumulation (1.1x ratio, 52% up volume)",MEGA_FLOAT,6965.1,3.0,36.4,35.0,False,down,37.5,0.0,True,1.0,False,0.0,2.0,,32.0,,Sin datos suficientes,37.5,0.0,0.0,3.0,3.0,0.0,0.0,0.0,0.0,False,3/3,50.165000000000006,0.0,0.0,3.0,3.0,5.0,-0.35,-0.22,0.0,0.0,0.0,,,4.0,37.0,MEDIA,False,2.81,0.0,,1,Berkshire Hathaway (Buffett),0,UNRELIABLE/INSUFFICIENT (0),,0.0,46,0.5532,ALTA,20.1,🔵 DECENT,🟡 Average,,,,,,,,,,,False,2,1.264,False,-13.67,22.74,-2.18,sideways,stage2,VIGILAR,Sobre MA200 pero las medias aún no están apiladas (50>150>200) — falta confirmación,"las 10 veces anteriores (sobrevendido (RSI<25), sobre su MA200 que sube) cayó otro 11% de mediana (peor caso -41%); al año el 70% estaba en positivo (mediana +14%).",10,-11.1,-40.6,70,False,"el soporte más cercano está en 54.01 (-3.6%), sin visitar desde hace 7 meses; se rompió las 2 veces que se puso a prueba",54.01,-3.6,226.0,0.0,2.0,True
SAP,0.0,,,,8.9,SAP SE,74.8,Technology,Software - Application,95.0,60.0,56.6,90.0,65.0,209.11,241355653120.0,35.0,34.1,False,up,28.5,False,0.0,9.4,True,1.0,0.4,2.2,False,281.37,-25.7,4.0,False,5.2,"{'roe_pct': 18.3, 'debt_to_equity': 0.22, 'current_ratio': 1.15, 'operating_margin_pct': 27.6}","{'eps_growth_yoy': 28.5, 'op_growth_yoy': 7.2, 'crecimiento_respaldado': True, 'positive_quarters': 4, 'earnings_accelerating': False, 'eps_accel_quarters': 0, 'profit_margin_pct': 20.4, 'score_bruto_sin_capar': 95.0, 'satura': False}",,251.5,319.0,177.0,12.0,buy,20.3,230.47,10.2,298.13,42.6,múltiplo propio,3.0,0.55,True,2024-12-31,,reportado,,,,,,,2.93,4.15,8.68,1.39,37.5,1.48,True,-1.45,18.2,Operating Income,20.7,30.6,26.0,2026-10-21,False,True,False,8.0,STRONG,9.0,,0.28,131.1,0.71,,,,,,6.100000000000001,0.0,2.7,22.4,2026-09-25 05:07:54,2026-09-25,CONFIRMED_UPTREND,TRADE,False,50,150 MA below 200 MA - not in Stage 2,ACCUMULATION,60,"Moderate accumulation (1.2x ratio, 54% up volume)",MEGA_FLOAT,14500.7,23.0,25.1,35.0,False,up,34.1,2.0,False,0.0,True,1.0,2.0,13.0,32.0,62.5,Medio,27.7,0.0,0.0,0.0,0.0,0.0,0.0,0.0,0.0,False,2/3,41.565,5.0,3.0,0.0,3.0,5.0,0.47,2.51,1.0,0.0,0.0,32.4,DISPERSOS,20.3,-6.1,,False,2.54,10.0,101.0,0,,-8,RELIABLE/AVOID (-8),CAUTION,-5.0,45,0.0891,BAJA,7.48,⚪ WEAK,🟡 Average,,,,,,,,,,,False,2,0.821,False,-24.39,44.24,6.39,uptrend,stage1,VIGILAR,Construyendo base (lateral) — espera la reconquista de las medias,"las 12 veces anteriores (RSI normal, sobre su MA200 que baja) cayó otro 13% de mediana (peor caso -41%); al año el 50% estaba en positivo (mediana -3%).",12,-12.8,-40.9,50,False,"soporte vivo más cercano en 208.57 (-0.3%), puesto a prueba hace 6 días; aguantó 3 de 3 veces",208.57,-0.3,6.0,3.0,0.0,False
FHN,0.0,,,,25.1,First Horizon Corporation,67.0,Financial Services,Banks - Regional,95.0,60.0,36.0,65.0,65.0,23.18,10982154240.0,15.0,7.2,False,down,12.0,True,1.0,6.7,True,1.0,0.0,0.0,False,26.56,-12.7,4.0,False,-6.8,"{'roe_pct': 11.5, 'operating_margin_pct': 41.3}","{'eps_growth_yoy': 12.0, 'positive_quarters': 4, 'earnings_accelerating': True, 'eps_accel_quarters': 1, 'profit_margin_pct': 30.2, 'score_bruto_sin_capar': 95.0, 'satura': False}",,27.98,30.0,25.0,21.0,buy,20.7,,,26.9,16.0,múltiplo propio,4.0,0.42,False,,,reportado,,"Banks - Regional: el flujo operativo son depósitos, préstamos o primas, no caja libre para el accionista",,,,,0.68,9.34,2.17,2.95,30.8,3.28,True,-6.61,,,,14.0,20.0,2026-10-15,False,True,True,5.0,NEUTRAL,7.0,,,,0.5,,,,,,10.6,0.0,7.5,20.1,2026-09-25 05:07:54,2026-09-25,CONFIRMED_UPTREND,TRADE,False,66,Price below 150/200 MA - weak trend,NEUTRAL,40,"No clear pattern (1.0x ratio, 47% up volume)",MEGA_FLOAT,468.3,25.0,27.6,15.0,False,down,7.2,0.0,True,1.0,True,1.0,5.0,19.0,32.0,43.8,Bajo 50%,16.4,0.0,0.0,3.0,0.0,0.0,0.0,0.0,0.0,False,1/3,49.055,0.0,0.0,3.0,3.0,3.0,-0.25,-0.46,0.0,1.0,0.0,,,18.4,4.7,,False,2.59,0.0,,1,Appaloosa (Tepper),0,UNRELIABLE/INSUFFICIENT (0),,0.0,46,0.2514,BAJA,15.7,⚪ WEAK,🟡 Average,,,,,,,,,,,False,2,0.993,False,-11.69,20.36,-16.14,sideways,stage4_ma_alcista,ESPERAR,"Ha perdido la MA200, aunque la media sigue subiendo — corrección dentro de tendencia, espera a que la recupere","las 16 veces anteriores (RSI normal, bajo su MA200 que sube) cayó otro 6% de mediana (peor caso -54%); al año el 88% estaba en positivo (mediana +24%).",16,-6.3,-54.1,88,False,"soporte vivo más cercano en 23.09 (-0.4%), puesto a prueba hace 1 días; aguantó 9 y se rompió 1",23.09,-0.4,1.0,9.0,1.0,False
JKHY,0.0,,,,33.5,"Jack Henry & Associates, Inc.",52.8,Technology,Information Technology Services,50.0,50.0,26.7,90.0,65.0,147.75,10359138304.0,15.0,23.6,False,flat,-12.8,False,0.0,4.7,False,0.0,7.0,4.2,False,193.39,-23.6,1.0,False,-6.2,"{'roe_pct': 24.0, 'debt_to_equity': 0.04, 'current_ratio': 1.17, 'operating_margin_pct': 22.5}","{'eps_growth_yoy': -12.8, 'op_growth_yoy': -12.2, 'crecimiento_respaldado': True, 'positive_quarters': 4, 'earnings_accelerating': False, 'eps_accel_quarters': 0, 'profit_margin_pct': 19.8, 'score_bruto_sin_capar': 50.0, 'satura': False}",,190.24,209.0,170.0,17.0,buy,28.8,202.53,37.1,206.6,39.8,múltiplo propio,4.0,0.41,False,,,reportado,,,,,,,2.44,4.89,7.22,1.64,34.1,1.22,True,-2.92,117.9,Operating Income,122.2,-10.4,39.0,2026-11-03,False,True,False,7.0,NEUTRAL,9.0,,6.09,202.7,,,,,,,0.0,0.0,10.0,15.8,2026-09-25 05:07:54,2026-09-25,CONFIRMED_UPTREND,TRADE,False,16,Price below 150/200 MA - weak trend,NEUTRAL,40,"No clear pattern (0.9x ratio, 47% up volume)",HIGH_FLOAT,69.6,22.0,25.9,15.0,False,flat,23.6,0.0,False,0.0,False,0.0,0.0,17.0,32.0,50.0,Medio,17.9,0.0,0.0,0.0,-5.0,0.0,0.0,0.0,0.0,False,1/3,40.495000000000005,5.0,3.0,3.0,3.0,-3.0,0.0,-0.16,0.0,1.0,0.0,2.7,COHERENTES,37.1,-9.7,,False,3.6,5.0,6.0,0,,-8,RELIABLE/AVOID (-8),WATCH,3.0,46,0.3345,BAJA,0.0,⚪ WEAK,🟡 Average,,,,,,,,SENTIMIENTO,"<cite index=""4-4"">La caída responde a comentarios de gestión sobre presión de márgenes futura y crecimiento más lento en H2, junto con recompras ampliadas, señales mixtas que preocupan a inversores</cite>. <cite index=""2-6,2-7"">En Q4 FY2026 (reportado agosto 2026) JKHY superó EPS (1.57 vs 1.44 est.)",https://robinhood.com/us/en/stocks/JKHY/ | https://www.investing.com/equities/jack-henry---asso | https://www.mexc.com/stocks/jkhy | https://finance.yahoo.com/markets/stocks/articles/why-jack-henry-jkhy-down-111254889.html,False,1,1.112,False,-22.7,22.51,-24.89,downtrend,stage4,ESPERAR,En caída (bajo MA200 descendente) — espera a que haga suelo,"las 10 veces anteriores (RSI normal, bajo su MA200 que baja) o paró casi donde estaba o se desplomó hasta -24% — sin término medio; al año el 80% estaba en positivo (mediana +20%).",10,-7.2,-24.5,80,True,"soporte vivo más cercano en 145.01 (-1.9%), puesto a prueba hace 1 días; aguantó 6 y se rompió 1",145.01,-1.9,1.0,6.0,1.0,False
SPGI,0.0,,,,26.7,S&P Global Inc.,64.5,Financial Services,Financial Data & Stock Exchanges,85.0,60.0,38.7,65.0,65.0,403.25,118878101504.0,15.0,6.9,False,down,13.5,False,0.0,10.4,False,0.0,2.2,3.5,False,522.46924,-22.8,1.0,False,-4.7,"{'roe_pct': 14.3, 'debt_to_equity': 0.43, 'current_ratio': 0.95, 'operating_margin_pct': 44.8}","{'eps_growth_yoy': 13.5, 'op_growth_yoy': 17.2, 'crecimiento_respaldado': True, 'positive_quarters': 4, 'earnings_accelerating': False, 'eps_accel_quarters': 0, 'profit_margin_pct': 30.5, 'score_bruto_sin_capar': 85.0, 'satura': False}",,520.3,553.0,485.0,20.0,strong_buy,29.0,407.9,1.2,545.82,35.4,múltiplo propio,3.0,0.22,True,2023-12-31,,reportado,,,,,,,3.88,4.66,18.79,0.95,23.5,0.82,True,-3.46,21.2,Operating Income,22.7,17.7,34.0,2026-10-29,False,True,False,7.0,NEUTRAL,9.0,,4.55,893.9,1.13,,,,,,0.0,0.0,8.0,19.3,2026-09-25 05:07:54,2026-09-25,CONFIRMED_UPTREND,TRADE,False,16,Price below 150/200 MA - weak trend,DISTRIBUTION,35,"Moderate distribution (0.7x ratio, 41% up volume)",MEGA_FLOAT,294.1,30.0,27.4,15.0,False,down,6.9,0.0,False,0.0,False,0.0,0.0,9.0,32.0,75.0,Top 25%,32.6,3.0,0.0,0.0,-5.0,0.0,0.0,0.0,0.0,False,1/3,40.13499999999999,0.0,3.0,0.0,3.0,5.0,0.0,0.19,0.0,0.0,0.0,34.2,DISPERSOS,29.0,10.7,,False,3.62,5.0,14.0,0,,-8,RELIABLE/AVOID (-8),CAUTION,-3.0,46,0.2674,BAJA,0.0,⚪ WEAK,🟡 Average,,,,,,,,EVENTO,"Miss de EPS en Q2 2026 (14.1% bajo consenso) a pesar de revenue beat; ingresos y márgenes fundamentales siguen sólidos, Ratings/Indices crecen fuerte pero Energy débil por geopolítica. Castigo es por sorpresa de ejecución acotada, no deterioro estructural.",https://simplywall.st/es/stocks/us/diversified-financials/nyse-spgi/sp-global/news/has-sp-global-spgi-fallen-far-enough-to-look-cheap | https://www.rava.com/perfil/SPGI | https://www.investing.com/equities/mcgraw-hill | https://fernandodefrutos.substack.com/p/radar-quant-institucional-s-and-p,False,1,0.733,False,-22.28,12.47,-14.7,downtrend,stage1,ESPERAR,En caída (bajo MA200 descendente) — espera a que haga suelo,"las 7 veces anteriores (RSI normal, bajo su MA200 que baja) o paró casi donde estaba o se desplomó hasta -24% — sin término medio; al año el 86% estaba en positivo (mediana +26%).",7,-8.7,-24.3,86,True,"soporte vivo más cercano en 401.26 (-0.5%), puesto a prueba hace 8 días; aguantó 4 y se rompió 2",401.26,-0.5,8.0,4.0,2.0,False
MA,0.0,,,,38.7,Mastercard Incorporated,72.3,Financial Services,Credit Services,95.0,70.0,50.3,65.0,65.0,566.08,495891709952.0,35.0,45.3,False,up,18.6,True,1.0,14.1,True,1.0,0.8,2.7,False,601.23,-5.8,4.0,False,-0.4,"{'roe_pct': 241.2, 'debt_to_equity': 4.4, 'current_ratio': 1.06, 'operating_margin_pct': 61.1}","{'eps_growth_yoy': 18.6, 'op_growth_yoy': 16.6, 'crecimiento_respaldado': True, 'positive_quarters': 4, 'earnings_accelerating': True, 'eps_accel_quarters': 1, 'profit_margin_pct': 46.3, 'score_bruto_sin_capar': 95.0, 'satura': False}",,666.71,740.0,550.0,37.0,strong_buy,17.8,592.78,4.7,635.56,12.3,múltiplo propio,4.0,0.12,False,,,reportado,,,,,,,3.48,3.27,18.51,0.62,17.9,0.55,True,-3.39,28.1,Operating Income,28.0,22.1,34.0,2026-10-29,False,True,False,9.0,STRONG,9.0,,3.83,629.7,1.11,,,,,,13.299999999999995,0.0,11.6,21.7,2026-09-25 05:07:54,2026-09-25,CONFIRMED_UPTREND,TRADE,False,50,150 MA below 200 MA - not in Stage 2,DISTRIBUTION,35,"Moderate distribution (0.8x ratio, 43% up volume)",MEGA_FLOAT,868.4,30.0,33.3,35.0,False,up,45.3,2.0,True,1.0,True,1.0,5.0,14.0,32.0,59.4,Medio,24.4,0.0,0.0,3.0,0.0,0.0,0.0,0.0,0.0,False,1/3,39.855,0.0,3.0,0.0,3.0,5.0,0.0,-0.09,0.0,0.0,0.0,7.6,COHERENTES,12.3,9.3,,False,2.22,10.0,38.0,0,,-8,RELIABLE/AVOID (-8),CAUTION,-12.0,46,0.3874,BAJA,16.23,⚪ WEAK,🟡 Average,,,,,,,,,,,False,1,0.787,False,-5.85,22.07,-6.55,sideways,stage2,VIGILAR,Sobre MA200 pero las medias aún no están apiladas (50>150>200) — falta confirmación,"las 50 veces anteriores (RSI normal, sobre su MA200 que sube) cayó otro 7% de mediana (peor caso -32%); al año el 86% estaba en positivo (mediana +19%).",50,-6.8,-32.4,86,False,"soporte vivo más cercano en 558.24 (-1.4%), puesto a prueba hace 15 días; aguantó 6 y se rompió 3",558.24,-1.4,15.0,6.0,3.0,False
BR,0.0,,,,48.4,"Broadridge Financial Solutions, Inc.",64.0,Technology,Information Technology Services,80.0,50.0,42.3,80.0,70.0,162.66,18812979200.0,15.0,17.4,False,up,6.4,True,1.0,7.5,False,0.0,2.9,2.2,False,238.73,-31.9,0.0,False,-1.9,"{'roe_pct': 40.9, 'debt_to_equity': 1.24, 'current_ratio': 1.24, 'operating_margin_pct': 24.6}","{'eps_growth_yoy': 6.4, 'op_growth_yoy': 9.5, 'crecimiento_respaldado': True, 'positive_quarters': 4, 'earnings_accelerating': True, 'eps_accel_quarters': 1, 'profit_margin_pct': 15.0, 'score_bruto_sin_capar': 80.0, 'satura': False}",,213.38,250.0,176.0,8.0,buy,31.2,245.52,50.9,294.66,81.2,múltiplo propio,4.0,0.62,False,,,reportado,,,,,,,4.36,6.55,10.65,2.67,40.6,1.69,True,-2.28,11.6,Operating Income,13.9,5.9,39.0,2026-11-03,False,True,False,8.0,STRONG,9.0,,6.0,176.7,1.67,,,,,,12.700000000000005,0.0,14.5,19.2,2026-09-25 05:07:54,2026-09-25,CONFIRMED_UPTREND,TRADE,False,0,Price below 150/200 MA - weak trend,ACCUMULATION,60,"Moderate accumulation (1.0x ratio, 50% up volume)",HIGH_FLOAT,113.5,20.0,33.7,15.0,False,up,17.4,2.0,True,1.0,False,0.0,2.0,17.0,32.0,50.0,Medio,17.9,0.0,0.0,0.0,-5.0,0.0,0.0,0.0,0.0,False,2/3,39.81999999999999,5.0,6.0,3.0,3.0,3.0,0.0,0.06,0.0,0.0,0.0,30.3,DISPERSOS,50.9,-34.8,,True,3.9,10.0,7.0,0,,-8,RELIABLE/AVOID (-8),CAUTION,2.0,46,0.4838,MEDIA,0.0,⚪ WEAK,🟡 Average,,,,,,,,SIN_DATOS,,,False,1,0.748,False,-31.25,22.29,-18.66,downtrend,stage4,ESPERAR,En caída (bajo MA200 descendente) — espera a que haga suelo,"las 9 veces anteriores (RSI normal, bajo su MA200 que baja) o paró casi donde estaba o se desplomó hasta -15% — sin término medio; al año el 89% estaba en positivo (mediana +31%).",9,-2.4,-14.8,89,True,"soporte vivo más cercano en 160.73 (-1.2%), puesto a prueba hace 6 días; aguantó 2 y se rompió 1",160.73,-1.2,6.0,2.0,1.0,False
AVGO,0.0,,,,31.2,Broadcom Inc.,82.7,Technology,Semiconductors,100.0,100.0,36.0,90.0,70.0,350.36,1672488943616.0,15.0,4.5,False,down,216.1,True,2.0,85.5,True,2.0,1.1,2.0,False,495.0,-29.2,2.0,False,-6.9,"{'roe_pct': 44.2, 'debt_to_equity': 0.6, 'current_ratio': 2.5, 'operating_margin_pct': 54.3}","{'eps_growth_yoy': 216.1, 'op_growth_yoy': 164.4, 'crecimiento_respaldado': False, 'crecimiento_puntuado': 189.4, 'positive_quarters': 4, 'earnings_accelerating': True, 'eps_accel_quarters': 2, 'profit_margin_pct': 42.9, 'score_bruto_sin_capar': 125.0, 'satura': True}",,531.85,715.0,215.88,47.0,strong_buy,51.8,151.55,-56.7,,,,,,,,los P/E históricos se separan 2.5x la mediana: el ancla la decidiría un año suelto,normalizado,tasa fiscal efectiva 5.4% — el beneficio del periodo no es representativo,,,,,,2.6,2.39,8.37,0.73,32.4,1.76,False,0.56,13.9,Operating Income,14.0,215.3,75.0,2026-12-09,False,True,False,8.0,STRONG,9.0,,1.53,167.3,0.08,,,,,,12.200000000000005,0.0,9.4,24.8,2026-09-25 05:07:54,2026-09-25,CONFIRMED_UPTREND,TRADE,False,33,Price below 150/200 MA - weak trend,NEUTRAL,40,"No clear pattern (0.9x ratio, 46% up volume)",MEGA_FLOAT,4715.0,25.0,34.2,15.0,False,down,4.5,0.0,True,2.0,True,2.0,8.0,,32.0,,Sin datos suficientes,4.5,0.0,0.0,0.0,-5.0,0.0,0.0,0.0,0.0,False,1/3,47.64000000000001,5.0,0.0,0.0,0.0,5.0,0.0,0.0,0.0,0.0,0.0,,,-2.5,108.5,ALTA,True,6.48,10.0,89.0,0,,0,UNRELIABLE/INSUFFICIENT (0),WATCH,0.0,6,0.3118,BAJA,0.7700000000000014,⚪ WEAK,🟡 Average,,,,,,,,,,,False,2,0.769,False,-28.98,21.24,-5.91,sideways,stage4,ESPERAR,En caída (bajo MA200 descendente) — espera a que haga suelo,"las 8 veces anteriores (RSI normal, bajo su MA200 que baja) cayó otro 8% de mediana (peor caso -28%); al año el 100% estaba en positivo (mediana +58%).",8,-7.8,-28.3,100,False,"soporte vivo más cercano en 349.42 (-0.3%), puesto a prueba hace 1 días; aguantó 3 y se rompió 4",349.42,-0.3,1.0,3.0,4.0,False
META,0.0,,,,10.6,"Meta Platforms, Inc.",71.8,Communication Services,Internet Content & Information,55.0,80.0,75.0,95.0,60.0,777.59,1980915384320.0,60.0,69.6,False,up,-13.6,False,0.0,28.0,True,1.0,1.4,1.7,False,779.82,-0.3,5.0,False,26.7,"{'roe_pct': 29.8, 'debt_to_equity': 0.43, 'current_ratio': 2.23, 'operating_margin_pct': 34.8}","{'eps_growth_yoy': -13.6, 'op_growth_yoy': -8.2, 'crecimiento_respaldado': True, 'positive_quarters': 4, 'earnings_accelerating': False, 'eps_accel_quarters': 0, 'profit_margin_pct': 29.8, 'score_bruto_sin_capar': 55.0, 'satura': False}",,786.8,1000.0,580.0,57.0,strong_buy,1.2,,,665.94,-14.4,múltiplo propio,4.0,0.59,False,,,reportado,,"el capex se lleva el 53% del flujo operativo: lo que queda no es lo que gana el dueño, es lo que sobra tras decidir invertir",,,2547506249.0,,2.1,3.06,23.79,0.28,7.9,,False,-0.16,42.9,Operating Income,44.2,-13.4,33.0,2026-10-28,False,True,False,5.0,NEUTRAL,9.0,,4.16,31.6,,,,,,,18.7,0.0,3.2,21.5,2026-09-25 05:07:54,2026-09-25,CONFIRMED_UPTREND,TRADE,False,66,150 MA below 200 MA - not in Stage 2,STRONG_ACCUMULATION,80,"Strong institutional buying (1.4x ratio, 57% up volume)",MEGA_FLOAT,2201.8,23.0,24.7,60.0,False,up,69.6,2.0,False,0.0,True,1.0,2.0,2.0,32.0,96.9,Top 10%,56.6,5.0,0.0,5.0,3.0,0.0,0.0,0.0,0.0,False,2/3,47.25,0.0,0.0,0.0,0.0,-3.0,4.17,4.17,2.0,0.0,3.0,,,-6.6,15.6,,False,0.15,0.0,109.0,1,Pershing Square (Ackman),0,UNRELIABLE/INSUFFICIENT (0),CAUTION,0.0,7,0.106,BAJA,26.68,⚪ WEAK,🟡 Average,,,,,,,,,,,False,1,1.223,False,-0.29,49.72,22.73,sideways,stage3,VIGILAR,Extendida cerca de máximos — espera un pullback,"las 43 veces anteriores (RSI normal, sobre su MA200 que sube) cayó otro 9% de mediana (peor caso -71%); al año el 79% estaba en positivo (mediana +29%).",43,-9.3,-71.2,79,False,"soporte vivo más cercano en 655.41 (-15.7%), puesto a prueba hace 6 días; aguantó 3 y se rompió 5",655.41,-15.7,6.0,3.0,5.0,False
DOL.TO,0.0,,,,24.9,Dollarama Inc.,65.7,Consumer Defensive,Discount Stores,80.0,70.0,36.0,70.0,65.0,180.05,48319930368.0,15.0,17.8,False,down,8.7,True,1.0,17.6,True,1.0,,3.8,False,209.96,-14.2,1.0,False,-1.6,"{'roe_pct': 93.1, 'debt_to_equity': 4.0, 'current_ratio': 1.55, 'operating_margin_pct': 23.1}","{'eps_growth_yoy': 8.7, 'op_growth_yoy': 5.0, 'crecimiento_respaldado': True, 'positive_quarters': 4, 'earnings_accelerating': True, 'eps_accel_quarters': 1, 'profit_margin_pct': 17.3, 'score_bruto_sin_capar': 80.0, 'satura': False}",,207.47,236.0,148.0,17.0,buy,15.2,204.65,13.7,153.2,-14.9,múltiplo propio,4.0,0.36,False,,,reportado,,,,,,,0.47,3.56,6.41,0.26,9.1,0.26,True,-2.42,7.9,Operating Income,9.1,11.2,76.0,2026-12-10,False,True,False,5.0,NEUTRAL,9.0,,3.25,45.6,2.75,,,,,,5.199999999999999,0.0,7.5,19.7,2026-09-25 05:07:54,2026-09-25,CONFIRMED_UPTREND,TRADE,False,16,Price below 150/200 MA - weak trend,NEUTRAL,45,"No clear pattern (0.8x ratio, 43% up volume)",MEGA_FLOAT,264.3,25.0,27.2,15.0,False,down,17.8,0.0,True,1.0,True,1.0,5.0,24.0,32.0,28.1,Bajo 50%,10.1,0.0,0.0,3.0,-5.0,0.0,0.0,0.0,0.0,False,1/3,47.225,0.0,3.0,0.0,3.0,3.0,-0.23,-0.23,0.0,0.0,0.0,28.6,CONTRADICEN,,30.1,MEDIA,False,1.9,0.0,117.0,0,,0,,WATCH,-3.0,7,0.2495,BAJA,8.07,⚪ WEAK,🟡 Average,,,,,,,,,,,False,1,1.295,False,-14.08,10.29,-14.71,downtrend,stage1,ESPERAR,En caída (bajo MA200 descendente) — espera a que haga suelo,"las 4 veces anteriores (RSI normal, bajo su MA200 que baja) cayó otro 11% de mediana (peor caso -28%); al año el 100% estaba en positivo (mediana +16%). ⚠ solo 4 casos, no decide nada",4,-10.7,-28.2,100,False,"soporte vivo más cercano en 176.77 (-1.8%), puesto a prueba hace 29 días; aguantó 4 y se rompió 1",176.77,-1.8,29.0,4.0,1.0,False
BSX,0.0,,,,35.8,Boston Scientific Corporation,63.5,Healthcare,Medical Devices,85.0,60.0,24.0,75.0,70.0,44.68,64751579136.0,15.0,1.8,False,flat,99.0,True,1.0,11.6,False,0.0,3.2,2.3,False,105.65,-57.7,0.0,False,-4.6,"{'roe_pct': 15.3, 'debt_to_equity': 0.5, 'current_ratio': 1.24, 'operating_margin_pct': 22.9}","{'eps_growth_yoy': 99.0, 'op_growth_yoy': 14.4, 'crecimiento_respaldado': False, 'crecimiento_puntuado': 39.4, 'positive_quarters': 4, 'earnings_accelerating': True, 'eps_accel_quarters': 1, 'profit_margin_pct': 17.5, 'score_bruto_sin_capar': 100.0, 'satura': False}",,61.0,94.0,44.0,29.0,buy,36.5,78.51,75.7,,,,,,,,múltiplo propio 62x fuera del rango 8-45,normalizado,tasa fiscal efectiva 4.9% — el beneficio del periodo no es representativo,,,,,,,5.25,2.35,,,,False,,11.5,Operating Income,11.5,15.1,33.0,2026-10-28,False,True,False,8.0,STRONG,9.0,,5.15,53.7,0.87,,,,,,0.8000000000000007,0.0,10.7,19.1,2026-09-25 05:07:54,2026-09-25,CONFIRMED_UPTREND,TRADE,False,0,Price below 150/200 MA - weak trend,ACCUMULATION,60,"Moderate accumulation (1.1x ratio, 51% up volume)",MEGA_FLOAT,1445.0,23.0,29.8,15.0,False,flat,1.8,0.0,True,1.0,False,0.0,2.0,28.0,32.0,15.6,Bottom 25%,8.2,-3.0,0.0,0.0,-5.0,0.0,0.0,0.0,0.0,False,2/3,38.69,5.0,6.0,0.0,0.0,5.0,-1.61,-1.61,0.0,1.0,-1.5,,,56.1,-39.2,,True,4.56,10.0,53.0,0,,-8,RELIABLE/AVOID (-8),BEST,8.0,6,0.3579,BAJA,0.0,⚪ WEAK,🟡 Average,,,,,,,,,,,False,0,0.789,False,-57.71,5.88,-55.5,downtrend,stage1,ESPERAR,En caída (bajo MA200 descendente) — espera a que haga suelo,"las 10 veces anteriores (RSI normal, bajo su MA200 que baja) cayó otro 8% de mediana (peor caso -14%); al año el 100% estaba en positivo (mediana +36%).",10,-8.0,-13.9,100,False,"soporte vivo más cercano en 43.95 (-1.6%), puesto a prueba hace 10 días; aguantó 2 y se rompió 2",43.95,-1.6,10.0,2.0,2.0,False
7741.T,0.0,,,,50.0,HOYA Corporation,76.8,Healthcare,Medical Instruments & Supplies,100.0,80.0,30.0,95.0,65.0,23600.0,7872059015168.0,,,,,25.2,True,2.0,12.4,True,2.0,,,False,30400.0,-22.4,2.0,False,-4.1,"{'roe_pct': 26.5, 'debt_to_equity': 0.04, 'current_ratio': 4.91, 'operating_margin_pct': 32.4}","{'eps_growth_yoy': 25.2, 'op_growth_yoy': 14.6, 'crecimiento_respaldado': True, 'positive_quarters': 4, 'earnings_accelerating': True, 'eps_accel_quarters': 2, 'profit_margin_pct': 27.2, 'score_bruto_sin_capar': 115.0, 'satura': True}",,30200.0,36000.0,23100.0,15.0,strong_buy,28.0,16147.63,-31.6,24455.82,3.6,múltiplo propio,4.0,0.22,False,,,reportado,,,,,,,295.0,2.98,703.28,1.27,39.7,0.77,,,,,,30.0,35.0,2026-10-30,False,True,False,6.0,NEUTRAL,9.0,,7.6,55.3,1.15,,,,,,10.9,0.0,,23.0,2026-09-25 05:07:54,2026-09-25,CONFIRMED_UPTREND,TRADE,False,33,Price below 150/200 MA - weak trend,NEUTRAL,40,"No clear pattern (0.9x ratio, 47% up volume)",MEGA_FLOAT,334.6,25.0,32.9,,,,,0.0,True,2.0,True,2.0,8.0,10.0,32.0,71.9,Medio,30.5,0.0,0.0,0.0,-5.0,0.0,0.0,0.0,0.0,False,1/3,46.47,5.0,0.0,0.0,0.0,5.0,0.22,-1.37,0.0,2.0,0.0,35.2,CONTRADICEN,,59.6,ALTA,False,3.5,2.0,27.0,0,,0,UNRELIABLE/INSUFFICIENT (0),CAUTION,-8.0,46,,,0.1799999999999997,⚪ WEAK,🟡 Average,,,,,,,,,,,False,1,0.74,False,-22.45,19.03,-32.52,downtrend,stage4,ESPERAR,En caída (bajo MA200 descendente) — espera a que haga suelo,"las 13 veces anteriores (RSI normal, bajo su MA200 que baja) o paró casi donde estaba o se desplomó hasta -24% — sin término medio; al año el 92% estaba en positivo (mediana +38%).",13,-3.1,-24.1,92,True,"soporte vivo más cercano en 23230.91 (-1.5%), puesto a prueba hace 17 días; aguantó 4 y se rompió 1",23230.91,-1.5,17.0,4.0,1.0,False
MANH,0.0,,,,0.3,"Manhattan Associates, Inc.",70.8,Technology,Software - Application,70.0,70.0,75.0,75.0,60.0,209.63,12222471168.0,60.0,67.4,False,up,-11.3,True,2.0,9.3,True,2.0,6.6,4.1,False,227.03,-7.7,6.0,False,6.7,"{'roe_pct': 96.4, 'debt_to_equity': 0.34, 'current_ratio': 0.98, 'operating_margin_pct': 25.0}","{'eps_growth_yoy': -11.3, 'op_growth_yoy': 0.9, 'crecimiento_respaldado': True, 'positive_quarters': 4, 'earnings_accelerating': True, 'eps_accel_quarters': 2, 'profit_margin_pct': 18.7, 'score_bruto_sin_capar': 70.0, 'satura': False}",,220.7,260.0,180.0,10.0,buy,5.3,169.95,-18.9,,,,,,,,múltiplo propio 68x fuera del rango 8-45,reportado,,,,,,,,3.27,6.85,,,,True,-3.4,,,,-8.6,32.0,2026-10-27,False,True,False,6.0,NEUTRAL,9.0,,2.34,140.7,,,,,,,19.3,0.0,0.1,21.2,2026-09-25 05:07:54,2026-09-25,CONFIRMED_UPTREND,TRADE,False,66,150 MA below 200 MA - not in Stage 2,ACCUMULATION,65,"Moderate accumulation (1.3x ratio, 55% up volume)",HIGH_FLOAT,54.4,20.0,21.3,60.0,False,up,67.4,2.0,True,2.0,True,2.0,8.0,13.0,32.0,62.5,Medio,27.7,0.0,0.0,3.0,5.0,0.0,0.0,0.0,0.0,False,2/3,45.835,5.0,3.0,0.0,3.0,0.0,1.38,1.38,1.0,0.0,1.5,,,-6.8,24.2,MEDIA,False,0.66,2.0,87.0,0,,0,UNRELIABLE/INSUFFICIENT (0),WATCH,-3.0,7,0.0026,BAJA,23.58,⚪ WEAK,🟡 Average,,,,,,,,,,,False,2,0.78,False,-7.66,76.07,41.07,uptrend,stage2,VIGILAR,Sobre MA200 pero las medias aún no están apiladas (50>150>200) — falta confirmación,"las 38 veces anteriores (RSI normal, sobre su MA200 que sube) cayó otro 11% de mediana (peor caso -55%); al año el 74% estaba en positivo (mediana +33%).",38,-11.2,-55.3,74,False,"soporte vivo más cercano en 208.40 (-0.6%), puesto a prueba hace 15 días; aguantó 5 y se rompió 3",208.4,-0.6,15.0,5.0,3.0,False
NYT,0.0,,,,21.9,The New York Times Company,67.0,Communication Services,Publishing,90.0,70.0,24.0,75.0,65.0,63.05,10168930304.0,15.0,3.1,False,down,12.6,True,1.0,11.2,True,1.0,8.6,7.1,True,87.1,-27.6,2.0,False,-8.6,"{'roe_pct': 19.7, 'current_ratio': 1.58, 'operating_margin_pct': 17.1}","{'eps_growth_yoy': 12.6, 'op_growth_yoy': 11.5, 'crecimiento_respaldado': True, 'positive_quarters': 4, 'earnings_accelerating': True, 'eps_accel_quarters': 1, 'profit_margin_pct': 13.3, 'score_bruto_sin_capar': 90.0, 'satura': False}",,79.0,90.0,63.0,9.0,buy,25.3,89.0,41.2,75.5,19.7,múltiplo propio,4.0,0.16,False,,,reportado,,,,,,,0.92,6.14,3.87,1.49,32.1,0.95,False,-0.79,420.4,Operating Income,423.0,14.0,40.0,2026-11-04,False,True,False,8.0,STRONG,9.0,,4.74,52.6,1.43,,,,,,6.699999999999999,0.0,6.6,20.1,2026-09-25 05:07:54,2026-09-25,CONFIRMED_UPTREND,TRADE,False,33,Price below 150/200 MA - weak trend,NEUTRAL,55,"No clear pattern (0.9x ratio, 48% up volume)",HIGH_FLOAT,133.7,20.0,26.7,15.0,False,down,3.1,0.0,True,1.0,True,1.0,5.0,,32.0,,Sin datos suficientes,3.1,0.0,0.0,0.0,-5.0,0.0,0.0,0.0,0.0,False,1/3,37.79499999999999,0.0,6.0,0.0,0.0,3.0,0.0,1.72,1.0,0.0,0.0,21.5,DISPERSOS,25.3,-5.2,,False,3.16,10.0,66.0,1,Berkshire Hathaway (Buffett),-8,RELIABLE/AVOID (-8),,0.0,39,0.2185,BAJA,0.0,⚪ WEAK,🟡 Average,,,,,,,,EVENTO,"<cite index=""1-6"">La caída fue gatillada por un miss en el crecimiento de suscriptores digitales y una reset de guidance</cite> en Q2 2026 (agosto). <cite index=""5-16,6-3"">El free cash flow margin se derrumbó a 1.3% desde 15.1% YoY</cite>, lo que disparó una venta masiva del 14-15% en un día.",https://weissratings.com/en/instant-news-alerts/the-new-york-times-company-nyt-down-14-6-should-i-pull-back-now | https://finance.yahoo.com/markets/stocks/articles/nyt-stock-fell-12-8-173000308.html | https://stockanalysis.com/stocks/nyt/ | https://simplywall.st/stocks/us/media/nyse-nyt/new-york-times/news/new-york-times-nyt-stock-drops-hard-despite-digital-subscrip,False,1,1.285,False,-27.39,17.53,-43.08,downtrend,stage4_ma_alcista,ESPERAR,"Ha perdido la MA200, aunque la media sigue subiendo — corrección dentro de tendencia, espera a que la recupere","las 17 veces anteriores (RSI normal, bajo su MA200 que sube) o paró casi donde estaba o se desplomó hasta -41% — sin término medio; al año el 59% estaba en positivo (mediana +27%).",17,-9.9,-41.3,59,True,"soporte vivo más cercano en 61.97 (-1.7%), puesto a prueba hace 1 días; aguantó 1 de 1 veces",61.97,-1.7,1.0,1.0,0.0,False
ROP,0.0,,,,12.6,"Roper Technologies, Inc.",61.2,Technology,Software - Application,85.0,50.0,38.7,60.0,65.0,364.02,36001894400.0,15.0,14.3,False,up,208.9,True,2.0,8.5,False,0.0,6.5,7.9,False,521.28,-30.2,1.0,False,-6.8,"{'roe_pct': 13.1, 'debt_to_equity': 0.61, 'current_ratio': 0.55, 'operating_margin_pct': 27.7}","{'eps_growth_yoy': 208.9, 'op_growth_yoy': 6.6, 'crecimiento_respaldado': False, 'crecimiento_puntuado': 31.6, 'positive_quarters': 4, 'earnings_accelerating': True, 'eps_accel_quarters': 2, 'profit_margin_pct': 30.2, 'score_bruto_sin_capar': 115.0, 'satura': True}",,445.2,550.0,335.0,15.0,buy,22.3,463.83,27.4,797.32,119.0,múltiplo propio,4.0,0.95,False,,,reportado,,,,,,,3.64,7.12,25.92,0.99,14.5,0.61,True,-7.2,5.9,Operating Income,8.6,163.1,27.0,2026-10-22,False,True,False,6.0,NEUTRAL,9.0,,4.76,1424.7,0.06,BEARISH,999.0,70.0,0.0,1.0,0.0,0.0,3.8,18.4,2026-09-25 05:07:54,2026-09-25,CONFIRMED_UPTREND,TRADE,False,0,Price below 150/200 MA - weak trend,ACCUMULATION,65,"Moderate accumulation (1.0x ratio, 50% up volume)",HIGH_FLOAT,98.4,20.0,22.1,15.0,False,up,14.3,2.0,True,2.0,False,0.0,5.0,13.0,32.0,62.5,Medio,27.7,0.0,0.0,0.0,-5.0,-8.0,0.0,0.0,0.0,False,2/3,37.61,5.0,6.0,0.0,3.0,5.0,0.0,0.0,0.0,0.0,0.0,91.6,DISPERSOS,27.4,-50.9,,False,2.79,2.0,9.0,0,,-8,RELIABLE/AVOID (-8),BEST,11.0,43,0.1262,BAJA,0.0,⚪ WEAK,🟡 Average,,,,,,,,,,,False,1,0.806,False,-29.67,19.27,-14.01,sideways,stage4,ESPERAR,En caída (bajo MA200 descendente) — espera a que haga suelo,"las 5 veces anteriores (sobrevendido (RSI<25), bajo su MA200 que baja) cayó otro 12% de mediana (peor caso -39%); al año el 60% estaba en positivo (mediana +12%).",5,-12.5,-39.0,60,False,"soporte vivo más cercano en 348.52 (-4.3%), puesto a prueba hace 65 días; aguantó 6 y se rompió 3",348.52,-4.3,65.0,6.0,3.0,False
SGSOY,0.0,,,,35.2,SGS SA,60.5,Industrials,Consulting Services,95.0,50.0,36.0,45.0,55.0,11.39,22527731712.0,15.0,11.1,False,down,15.0,True,2.0,2.2,False,0.0,,,False,12.76,-10.7,4.0,False,-1.5,"{'roe_pct': 76.3, 'debt_to_equity': 4.64, 'current_ratio': 0.95, 'operating_margin_pct': 13.1}","{'eps_growth_yoy': 15.0, 'op_growth_yoy': 5.5, 'crecimiento_respaldado': True, 'positive_quarters': 4, 'earnings_accelerating': True, 'eps_accel_quarters': 2, 'profit_margin_pct': 9.2, 'score_bruto_sin_capar': 95.0, 'satura': False}",,14.0,14.0,14.0,1.0,none,22.9,16.13,41.6,11.53,1.2,múltiplo propio,4.0,0.19,False,,,reportado,,,,,,,0.41,5.74,0.65,3.58,95.7,3.54,,,,,,-1.8,,,False,False,False,5.0,NEUTRAL,9.0,,3.61,37.7,,,,,,,5.0,0.0,10.6,18.1,2026-09-25 05:07:54,2026-09-25,CONFIRMED_UPTREND,TRADE,False,50,150 MA below 200 MA - not in Stage 2,DISTRIBUTION,35,"Moderate distribution (0.9x ratio, 45% up volume)",MEGA_FLOAT,1690.9,30.0,28.7,15.0,False,down,11.1,0.0,True,2.0,False,0.0,5.0,30.0,32.0,9.4,Bottom 25%,5.7,-3.0,0.0,3.0,0.0,0.0,0.0,0.0,0.0,False,1/3,44.96,0.0,6.0,-2.0,0.0,0.0,0.0,0.0,0.0,0.0,0.0,40.4,DISPERSOS,22.9,1.5,,False,2.86,0.0,118.0,0,,0,,BEST,5.0,7,0.3522,BAJA,15.05,⚪ WEAK,🔴 Weak,,,,,,,,,,,False,1,0.807,False,-7.17,18.21,-9.45,sideways,stage2,VIGILAR,Sobre MA200 pero las medias aún no están apiladas (50>150>200) — falta confirmación,"las 39 veces anteriores (RSI normal, sobre su MA200 que sube) cayó otro 10% de mediana (peor caso -31%); al año el 62% estaba en positivo (mediana +7%).",39,-9.6,-31.0,62,False,"soporte vivo más cercano en 11.23 (-1.4%), puesto a prueba hace 24 días; aguantó 5 y se rompió 1",11.23,-1.4,24.0,5.0,1.0,False
RACE,0.0,,,,28.3,Ferrari N.V.,76.3,Consumer Cyclical,Auto Manufacturers,95.0,70.0,53.9,90.0,60.0,411.82,72297488384.0,35.0,31.7,False,up,9.0,True,2.0,8.4,True,2.0,2.9,9.9,False,504.49,-18.4,7.0,True,1.9,"{'roe_pct': 45.4, 'debt_to_equity': 0.86, 'current_ratio': 2.43, 'operating_margin_pct': 31.1}","{'eps_growth_yoy': 9.0, 'op_growth_yoy': 9.5, 'crecimiento_respaldado': True, 'positive_quarters': 4, 'earnings_accelerating': True, 'eps_accel_quarters': 2, 'profit_margin_pct': 22.2, 'score_bruto_sin_capar': 95.0, 'satura': False}",,457.96,523.14,408.1,14.0,strong_buy,11.2,320.12,-22.3,470.51,14.3,múltiplo propio,4.0,0.19,False,,,reportado,,,,,,,4.23,2.48,10.21,1.02,39.0,0.69,True,-1.12,63.9,Operating Income,63.9,10.1,39.0,2026-11-03,False,True,False,9.0,STRONG,9.0,,2.83,46.7,3.24,,,,,,48.4,0.0,8.5,22.9,2026-09-25 05:07:54,2026-09-25,CONFIRMED_UPTREND,TRADE,True,100,Passes Minervini Template (6/6 criteria),ACCUMULATION,65,"Moderate accumulation (1.4x ratio, 58% up volume)",HIGH_FLOAT,173.5,0.0,31.4,35.0,False,up,31.7,2.0,True,2.0,True,2.0,8.0,,32.0,,Sin datos suficientes,31.7,0.0,0.0,0.0,7.0,0.0,0.0,0.0,0.0,False,3/3,36.935,0.0,0.0,0.0,3.0,3.0,-1.01,-1.43,1.0,1.0,-1.5,36.6,CONTRADICEN,,33.5,MEDIA,False,1.4,10.0,123.0,0,,-8,RELIABLE/AVOID (-8),WATCH,3.0,46,0.2827,BAJA,18.13,⚪ WEAK,🔴 Weak,,,,,,,,,,,True,3,0.964,False,-17.43,33.3,9.77,uptrend,stage2,ENTRADA,Stage 2: sobre MA200 ascendente sin sobreextensión — suelo confirmado,"las 32 veces anteriores (RSI normal, sobre su MA200 que sube) cayó otro 9% de mediana (peor caso -36%); al año el 78% estaba en positivo (mediana +16%).",32,-9.3,-36.5,78,False,"soporte vivo más cercano en 404.19 (-1.9%), puesto a prueba hace 20 días; aguantó 5 y se rompió 3",404.19,-1.9,20.0,5.0,3.0,False
FCNCA,0.0,,,,41.3,"First Citizens BancShares, Inc.",64.5,Financial Services,Banks - Regional,95.0,50.0,44.0,65.0,50.0,2056.83,23228028928.0,35.0,25.7,False,down,16.9,True,1.0,2.5,False,0.0,5.3,8.0,False,2296.3,-10.4,4.0,False,-5.2,"{'roe_pct': 10.7, 'operating_margin_pct': 39.0}","{'eps_growth_yoy': 16.9, 'positive_quarters': 4, 'earnings_accelerating': True, 'eps_accel_quarters': 1, 'profit_margin_pct': 25.2, 'score_bruto_sin_capar': 95.0, 'satura': False}",,2339.38,2525.0,2100.0,13.0,hold,13.7,,,2013.85,-2.1,múltiplo propio,4.0,1.01,True,,,reportado,,"Banks - Regional: el flujo operativo son depósitos, préstamos o primas, no caja libre para el accionista",,,11293120.0,,8.4,6.97,143.36,0.41,4.4,0.31,True,-12.85,,,,12.4,27.0,2026-10-22,False,True,False,5.0,NEUTRAL,7.0,,,,0.33,,,,,,14.7,0.0,12.4,19.3,2026-09-25 05:07:54,2026-09-25,CONFIRMED_UPTREND,TRADE,False,50,150 MA below 200 MA - not in Stage 2,NEUTRAL,40,"No clear pattern (0.9x ratio, 46% up volume)",MICRO_FLOAT,8.1,22.0,31.7,35.0,False,down,25.7,0.0,True,1.0,False,0.0,2.0,19.0,32.0,43.8,Bajo 50%,16.4,0.0,0.0,3.0,0.0,0.0,0.0,0.0,0.0,False,1/3,43.865,0.0,0.0,0.0,3.0,3.0,0.16,-0.14,0.0,0.0,0.0,,,5.8,15.8,,False,1.71,0.0,,1,Appaloosa (Tepper),0,UNRELIABLE/INSUFFICIENT (0),,0.0,46,0.4133,BAJA,15.45,⚪ WEAK,🔴 Weak,,,,,,,,,,,False,1,1.084,False,-10.34,27.2,-9.6,sideways,stage2,VIGILAR,Sobre MA200 pero las medias aún no están apiladas (50>150>200) — falta confirmación,"las 43 veces anteriores (RSI normal, sobre su MA200 que sube) cayó otro 8% de mediana (peor caso -45%); al año el 74% estaba en positivo (mediana +12%).",43,-7.7,-45.4,74,False,"soporte vivo más cercano en 2039.00 (-0.9%), puesto a prueba hace 1 días; aguantó 13 y se rompió 3",2039.0,-0.9,1.0,13.0,3.0,False
WM,0.0,,,,50.0,"Waste Management, Inc.",59.5,Industrials,Waste Management,80.0,70.0,24.0,45.0,65.0,207.96,83124772864.0,15.0,3.5,False,down,8.1,True,1.0,4.0,True,2.0,1.5,2.7,False,248.13,-16.2,3.0,False,-6.9,"{'roe_pct': 29.8, 'debt_to_equity': 2.35, 'current_ratio': 0.91, 'operating_margin_pct': 19.0}","{'eps_growth_yoy': 8.1, 'op_growth_yoy': 6.9, 'crecimiento_respaldado': True, 'positive_quarters': 4, 'earnings_accelerating': True, 'eps_accel_quarters': 1, 'profit_margin_pct': 11.1, 'score_bruto_sin_capar': 80.0, 'satura': False}",,259.92,277.0,220.0,25.0,buy,25.0,233.46,12.3,209.2,0.6,múltiplo propio,4.0,0.17,False,,,reportado,,,,,,,3.78,3.96,8.24,1.82,50.1,1.49,False,-0.47,5.2,Operating Income,5.0,8.3,32.0,2026-10-27,False,True,False,8.0,STRONG,9.0,,4.35,22.6,2.75,BULLISH,0.0,60.0,1.0,0.0,7.0,0.0,,17.8,2026-09-25 05:07:54,2026-09-25,CONFIRMED_UPTREND,TRADE,False,50,Price below 150/200 MA - weak trend,STRONG_DISTRIBUTION,5,"Strong selling pressure (0.5x ratio, 32% up volume)",MEGA_FLOAT,398.5,33.0,25.5,15.0,False,down,3.5,0.0,True,1.0,True,2.0,5.0,26.0,32.0,21.9,Bottom 25%,8.8,-3.0,0.0,0.0,0.0,5.0,0.0,0.0,0.0,False,1/3,35.8,0.0,3.0,3.0,0.0,3.0,0.0,0.0,0.0,0.0,0.0,11.7,COHERENTES,12.3,18.6,,False,3.12,10.0,112.0,0,,-8,RELIABLE/AVOID (-8),CAUTION,-8.0,46,,,5.949999999999999,⚪ WEAK,🔴 Weak,,,,,,,,,,,False,1,0.835,False,-15.48,8.92,-26.23,sideways,stage1,VIGILAR,Construyendo base (lateral) — espera la reconquista de las medias,"las 17 veces anteriores (RSI normal, bajo su MA200 que sube) cayó otro 4% de mediana (peor caso -22%); al año el 100% estaba en positivo (mediana +28%).",17,-4.1,-21.7,100,False,"soporte vivo más cercano en 204.80 (-1.5%), puesto a prueba hace 3 días; aguantó 2 y se rompió 1",204.8,-1.5,3.0,2.0,1.0,False
ICE,79.86842105263158,Excellent,Stage 2 Early,18.10281431422808,12.6,"Intercontinental Exchange, Inc.",68.8,Financial Services,Financial Data & Stock Exchanges,85.0,60.0,53.0,75.0,65.0,156.93,88099635200.0,35.0,44.8,False,up,12.6,False,0.0,10.7,False,0.0,1.1,1.5,False,176.05,-10.9,4.0,False,2.4,"{'roe_pct': 14.1, 'debt_to_equity': 0.69, 'current_ratio': 1.01, 'operating_margin_pct': 52.6}","{'eps_growth_yoy': 12.6, 'op_growth_yoy': 7.3, 'crecimiento_respaldado': True, 'positive_quarters': 4, 'earnings_accelerating': False, 'eps_accel_quarters': 0, 'profit_margin_pct': 38.2, 'score_bruto_sin_capar': 85.0, 'satura': False}",,187.29,232.0,163.0,14.0,strong_buy,19.3,199.18,26.9,213.75,36.2,múltiplo propio,4.0,0.34,False,,,reportado,,,,,,,2.08,5.36,8.41,1.33,28.2,1.25,True,-1.57,6.9,Operating Income,7.6,14.2,34.0,2026-10-29,False,True,False,8.0,STRONG,9.0,,4.64,114.8,1.26,,,,,,41.4,31.9,3.8,20.6,2026-09-25 05:07:54,2026-09-25,CONFIRMED_UPTREND,TRADE,False,50,150 MA below 200 MA - not in Stage 2,ACCUMULATION,65,"Moderate accumulation (1.5x ratio, 58% up volume)",MEGA_FLOAT,557.5,23.0,56.4,35.0,False,up,44.8,2.0,False,0.0,False,0.0,0.0,9.0,32.0,75.0,Top 25%,32.6,3.0,0.0,3.0,0.0,0.0,0.0,0.0,0.0,False,2/3,35.650000000000006,0.0,6.0,0.0,3.0,3.0,0.0,1.04,0.0,0.0,0.0,9.3,COHERENTES,26.9,-12.2,,False,2.41,10.0,35.0,0,,-8,RELIABLE/AVOID (-8),CAUTION,-5.0,46,0.1262,BAJA,55.81421052631579,⚪ WEAK,🔴 Weak,,,,,,,,,,,False,2,0.912,False,-9.94,29.28,-18.76,sideways,stage2,VIGILAR,Sobre MA200 pero las medias aún no están apiladas (50>150>200) — falta confirmación,"las 48 veces anteriores (RSI normal, sobre su MA200 que sube) cayó otro 6% de mediana (peor caso -32%); al año el 81% estaba en positivo (mediana +18%).",48,-6.0,-31.9,81,False,"soporte vivo más cercano en 155.02 (-1.2%), puesto a prueba hace 16 días; aguantó 6 y se rompió 3",155.02,-1.2,16.0,6.0,3.0,False
AXP,0.0,,,,43.6,American Express Company,62.5,Financial Services,Credit Services,70.0,60.0,36.0,85.0,65.0,305.66,206415200256.0,15.0,3.0,False,down,7.8,False,0.0,10.0,True,1.0,2.1,4.5,False,387.49,-21.1,2.0,False,-8.5,"{'roe_pct': 34.4, 'debt_to_equity': 1.72, 'current_ratio': 1.55, 'operating_margin_pct': 20.3}","{'eps_growth_yoy': 7.8, 'positive_quarters': 4, 'earnings_accelerating': False, 'eps_accel_quarters': 0, 'profit_margin_pct': 16.1, 'score_bruto_sin_capar': 70.0, 'satura': False}",,378.54,450.0,329.0,24.0,buy,23.8,527.13,72.5,304.34,-0.4,múltiplo propio,4.0,0.52,False,,,reportado,,,,,,,3.8,7.78,23.78,1.26,21.5,1.1,True,-2.86,,,,7.7,28.0,2026-10-23,False,True,False,4.0,NEUTRAL,7.0,,,,1.38,,,,,,0.0,0.0,13.1,18.8,2026-09-25 05:07:54,2026-09-25,CONFIRMED_UPTREND,TRADE,False,16,Price below 150/200 MA - weak trend,DISTRIBUTION,25,"Moderate distribution (0.7x ratio, 40% up volume)",MEGA_FLOAT,522.2,30.0,31.8,15.0,False,down,3.0,0.0,False,0.0,True,1.0,2.0,14.0,32.0,59.4,Medio,24.4,0.0,0.0,0.0,-5.0,0.0,0.0,0.0,0.0,False,1/3,34.18,0.0,6.0,0.0,3.0,3.0,0.69,0.69,1.0,0.0,0.0,72.9,CONTRADICEN,,24.2,MEDIA,False,2.98,0.0,,1,Berkshire Hathaway (Buffett),-8,RELIABLE/AVOID (-8),CAUTION,-1.0,46,0.4365,BAJA,0.0,⚪ WEAK,🔴 Weak,,,,,,,,,,,False,1,0.945,False,-20.48,5.67,-17.12,sideways,stage1,VIGILAR,Construyendo base (lateral) — espera la reconquista de las medias,"las 15 veces anteriores (RSI normal, bajo su MA200 que baja) o paró casi donde estaba o se desplomó hasta -35% — sin término medio; al año el 60% estaba en positivo (mediana +3%).",15,-12.1,-34.8,60,True,"soporte vivo más cercano en 304.35 (-0.4%), puesto a prueba hace 1 días; aguantó 6 y se rompió 3",304.35,-0.4,1.0,6.0,3.0,False
AZO,0.0,,,,50.0,"AutoZone, Inc.",62.5,Consumer Cyclical,Auto Parts,90.0,70.0,24.0,45.0,65.0,2861.75,46283083776.0,15.0,3.7,False,down,5.4,True,2.0,8.4,True,2.0,3.5,1.6,False,4332.68,-33.9,0.0,False,-4.1,"{'current_ratio': 0.9, 'operating_margin_pct': 20.0}","{'eps_growth_yoy': 5.4, 'op_growth_yoy': 6.6, 'crecimiento_respaldado': True, 'positive_quarters': 4, 'earnings_accelerating': True, 'eps_accel_quarters': 2, 'profit_margin_pct': 12.7, 'score_bruto_sin_capar': 90.0, 'satura': False}",,3715.7,4800.0,3000.0,23.0,strong_buy,29.8,2980.98,4.2,2934.77,2.6,múltiplo propio,4.0,0.54,False,,,reportado,,,,,,,,3.87,110.75,,,,True,-2.06,7.5,Operating Income,7.5,15.0,74.0,2026-12-08,False,True,False,6.0,NEUTRAL,9.0,,6.14,35.2,0.98,,,,,,6.800000000000001,0.0,,18.8,2026-09-25 05:07:54,2026-09-25,CONFIRMED_UPTREND,TRADE,False,0,Price below 150/200 MA - weak trend,NEUTRAL,55,"No clear pattern (1.0x ratio, 48% up volume)",LOW_FLOAT,16.1,20.0,26.8,15.0,False,down,3.7,0.0,True,2.0,True,2.0,8.0,29.0,32.0,12.5,Bottom 25%,6.5,-3.0,0.0,0.0,-5.0,0.0,0.0,0.0,0.0,False,1/3,42.0,0.0,3.0,0.0,3.0,3.0,-4.79,-5.94,0.0,3.0,-3.0,1.6,COHERENTES,4.2,26.4,MEDIA,False,3.72,2.0,62.0,0,,0,UNRELIABLE/INSUFFICIENT (0),,0.0,0,,,0.0,⚪ WEAK,🔴 Weak,,,,,,,,,,,False,0,0.971,False,-33.95,3.5,-35.01,downtrend,stage1,ESPERAR,En caída (bajo MA200 descendente) — espera a que haga suelo,"las 7 veces anteriores (RSI normal, bajo su MA200 que baja) o paró casi donde estaba o se desplomó hasta -34% — sin término medio; al año el 57% estaba en positivo (mediana +27%).",7,-12.6,-33.7,57,True,sin soportes identificables por debajo,,,,,,
DPZ,0.0,,,,40.3,"Domino's Pizza, Inc.",60.0,Consumer Cyclical,Restaurants,80.0,60.0,24.0,65.0,65.0,293.03,9693940736.0,15.0,0.0,False,down,3.6,True,1.0,4.3,True,1.0,11.2,4.0,True,442.35,-33.8,0.0,False,-12.0,"{'current_ratio': 1.54, 'operating_margin_pct': 19.1}","{'eps_growth_yoy': 3.6, 'op_growth_yoy': 3.1, 'crecimiento_respaldado': True, 'positive_quarters': 4, 'earnings_accelerating': True, 'eps_accel_quarters': 1, 'profit_margin_pct': 11.9, 'score_bruto_sin_capar': 80.0, 'satura': False}",,377.0,450.0,270.0,28.0,buy,28.7,400.8,36.8,439.01,49.8,múltiplo propio,4.0,0.14,False,,,reportado,,,,,,,7.96,6.78,19.87,2.69,42.3,1.25,True,-3.15,4.9,Operating Income,4.9,4.8,18.0,2026-10-13,False,True,True,8.0,STRONG,9.0,,6.48,106.0,2.07,,,,,,5.100000000000001,0.0,12.1,18.0,2026-09-25 05:07:54,2026-09-25,CONFIRMED_UPTREND,TRADE,False,0,Price below 150/200 MA - weak trend,NEUTRAL,40,"No clear pattern (0.9x ratio, 45% up volume)",MEDIUM_FLOAT,30.2,22.0,30.1,15.0,False,down,0.0,0.0,True,1.0,True,1.0,5.0,31.0,32.0,6.2,Bottom 25%,0.2,-3.0,0.0,0.0,-5.0,0.0,0.0,0.0,0.0,False,1/3,31.515,0.0,6.0,3.0,3.0,1.0,-1.08,-0.86,0.0,1.0,-1.5,13.0,COHERENTES,36.8,-14.6,,False,3.59,10.0,16.0,0,,-10,UNRELIABLE/AVOID (-10),,0.0,37,0.4034,BAJA,0.0,⚪ WEAK,🔴 Weak,,,,,,,,EVENTO,"Q1 2026: ventas comparables US 0.9% vs. 2.3% esperado, obligó a management a recortar guidance a crecimiento de un dígito bajo. Deterioro puntual atribuible a presión competitiva macro intensa y promociones, no a quiebra del modelo (márgenes operativos siguen expandiéndose, Q2 recovery).",https://www.tikr.com/es/blog/dominos-pizza-stock-is-down-15-in-2026-heres-what-the-valuation-model-says | https://www.tikr.com/es/blog/dominos-pizza-has-fallen-26-from-its-highs-heres-where-the-stock-could-go-in-2026 | https://mx.investing.com/news/analyst-ratings/evercore-isi-recorta-precio-objetivo-de-dominos-pizza-por-menor-perspectiva-93CH-3583450 | https://es.finance.yahoo.com/noticias/accion,False,0,0.773,False,-32.6,4.55,-37.7,downtrend,stage1,ESPERAR,En caída (bajo MA200 descendente) — espera a que haga suelo,"las 6 veces anteriores (sobrevendido (RSI<25), bajo su MA200 que baja) cayó otro 10% de mediana (peor caso -20%); al año el 83% estaba en positivo (mediana +20%).",6,-9.8,-20.0,83,False,"el soporte más cercano está en 280.27 (-4.4%), sin visitar desde hace 3 meses; aguantó 1 de 1 veces",280.27,-4.4,93.0,1.0,0.0,True
NDAQ,0.0,,,,14.5,"Nasdaq, Inc.",73.3,Financial Services,Financial Data & Stock Exchanges,85.0,80.0,50.3,75.0,65.0,94.55,52851310592.0,35.0,46.7,False,flat,12.2,False,0.0,20.5,True,1.0,2.0,2.7,False,101.79,-7.1,5.0,False,0.0,"{'roe_pct': 16.5, 'debt_to_equity': 0.78, 'current_ratio': 1.01, 'operating_margin_pct': 49.3}","{'eps_growth_yoy': 12.2, 'op_growth_yoy': 22.4, 'crecimiento_respaldado': True, 'positive_quarters': 4, 'earnings_accelerating': False, 'eps_accel_quarters': 0, 'profit_margin_pct': 35.0, 'score_bruto_sin_capar': 85.0, 'satura': False}",,109.67,135.0,84.0,15.0,buy,16.0,81.69,-13.6,98.36,4.0,múltiplo propio,4.0,0.46,False,,,reportado,,,,,,,1.16,3.75,3.55,1.22,32.7,1.29,True,-1.93,7.9,Operating Income,8.3,14.1,27.0,2026-10-22,False,True,False,9.0,STRONG,9.0,,3.95,199.9,1.43,,,,,,12.3,0.0,4.3,22.0,2026-09-25 05:07:54,2026-09-25,CONFIRMED_UPTREND,TRADE,False,50,150 MA below 200 MA - not in Stage 2,NEUTRAL,40,"No clear pattern (0.9x ratio, 46% up volume)",MEGA_FLOAT,496.5,25.0,26.3,35.0,False,flat,46.7,0.0,False,0.0,True,1.0,2.0,9.0,32.0,75.0,Top 25%,32.6,3.0,0.0,3.0,3.0,0.0,0.0,0.0,0.0,False,1/3,32.545,0.0,3.0,0.0,3.0,3.0,0.0,-0.12,0.0,0.0,0.0,17.6,CONTRADICEN,,29.6,MEDIA,False,2.0,10.0,41.0,0,,-8,RELIABLE/AVOID (-8),CAUTION,-5.0,37,0.1453,BAJA,20.83,⚪ WEAK,🔴 Weak,,,,,,,,,,,False,2,1.001,False,-6.17,23.93,-5.83,uptrend,stage2,VIGILAR,Sobre MA200 pero las medias aún no están apiladas (50>150>200) — falta confirmación,"las 46 veces anteriores (RSI normal, sobre su MA200 que sube) cayó otro 6% de mediana (peor caso -34%); al año el 87% estaba en positivo (mediana +22%).",46,-6.5,-33.5,87,False,"soporte vivo más cercano en 93.13 (-1.5%), puesto a prueba hace 16 días; aguantó 1 y se rompió 1",93.13,-1.5,16.0,1.0,1.0,False
ADP,0.0,,,,13.5,"Automatic Data Processing, Inc.",64.5,Technology,Software - Application,75.0,50.0,58.7,85.0,50.0,263.11,104523800576.0,35.0,43.7,False,up,7.5,False,0.0,6.8,False,0.0,3.0,5.1,False,294.35,-10.6,5.0,False,-1.9,"{'roe_pct': 72.2, 'debt_to_equity': 0.91, 'current_ratio': 1.05, 'operating_margin_pct': 23.5}","{'eps_growth_yoy': 7.5, 'op_growth_yoy': 4.3, 'crecimiento_respaldado': True, 'positive_quarters': 4, 'earnings_accelerating': False, 'eps_accel_quarters': 0, 'profit_margin_pct': 20.1, 'score_bruto_sin_capar': 75.0, 'satura': False}",,287.6,322.0,225.0,15.0,hold,9.3,295.98,12.5,271.22,3.1,múltiplo propio,3.0,0.2,True,,,reportado,,,,,,,6.8,4.57,12.02,2.58,60.7,2.04,True,-1.96,12.6,Operating Income,13.5,3.9,33.0,2026-10-28,False,True,False,6.0,NEUTRAL,9.0,,5.46,162.1,2.0,,,,,,8.0,0.0,4.0,19.3,2026-09-25 05:07:54,2026-09-25,CONFIRMED_UPTREND,TRADE,False,66,150 MA below 200 MA - not in Stage 2,NEUTRAL,40,"No clear pattern (0.9x ratio, 46% up volume)",MEGA_FLOAT,396.3,25.0,23.4,35.0,False,up,43.7,2.0,False,0.0,False,0.0,0.0,13.0,32.0,62.5,Medio,27.7,0.0,0.0,3.0,3.0,0.0,0.0,0.0,0.0,False,1/3,32.475,5.0,3.0,3.0,3.0,1.0,0.0,0.12,0.0,0.0,0.0,9.4,COHERENTES,9.3,1.5,,False,1.16,2.0,14.0,0,,-8,RELIABLE/AVOID (-8),,0.0,37,0.1346,BAJA,19.95,⚪ WEAK,🔴 Weak,,,,,,,,,,,False,1,0.758,False,-8.06,41.8,12.48,sideways,stage2,VIGILAR,Sobre MA200 pero las medias aún no están apiladas (50>150>200) — falta confirmación,"las 49 veces anteriores (RSI normal, sobre su MA200 que sube) cayó otro 4% de mediana (peor caso -37%); al año el 80% estaba en positivo (mediana +17%).",49,-4.4,-37.3,80,False,"soporte vivo más cercano en 260.67 (-0.9%), puesto a prueba hace 1 días; aguantó 5 de 5 veces",260.67,-0.9,1.0,5.0,0.0,False
AMZN,0.0,,,,5.9,"Amazon.com, Inc.",70.3,Consumer Cyclical,Internet Retail,85.0,60.0,50.3,85.0,70.0,249.38,2689890779136.0,35.0,35.9,False,down,76.7,True,1.0,16.6,False,0.0,0.8,2.5,False,287.2,-13.2,5.0,False,-2.7,"{'roe_pct': 30.6, 'debt_to_equity': 0.46, 'current_ratio': 1.03, 'operating_margin_pct': 13.7}","{'eps_growth_yoy': 76.7, 'op_growth_yoy': 29.6, 'crecimiento_respaldado': False, 'crecimiento_puntuado': 54.6, 'positive_quarters': 4, 'earnings_accelerating': True, 'eps_accel_quarters': 1, 'profit_margin_pct': 17.4, 'score_bruto_sin_capar': 110.0, 'satura': True}",,329.54,405.0,230.0,57.0,strong_buy,32.1,,,493.85,98.0,múltiplo propio,3.0,0.51,True,,,reportado,,"el capex se lleva el 82% del flujo operativo: lo que queda no es lo que gana el dueño, es lo que sobra tras decidir invertir",,,,,,1.1,2.74,,,,False,,33.7,Operating Income,46.6,242.3,34.0,2026-10-29,False,True,False,6.0,NEUTRAL,9.0,,2.84,17.6,0.1,,,,,,20.9,0.0,1.8,21.1,2026-09-25 05:07:54,2026-09-25,CONFIRMED_UPTREND,TRADE,True,83,Passes Minervini Template (5/6 criteria),DISTRIBUTION,25,"Moderate distribution (0.6x ratio, 38% up volume)",MEGA_FLOAT,9810.5,10.0,22.9,35.0,False,down,35.9,0.0,True,1.0,False,0.0,2.0,,32.0,,Sin datos suficientes,35.9,0.0,0.0,3.0,3.0,0.0,0.0,0.0,0.0,False,2/3,40.415,0.0,0.0,0.0,0.0,5.0,0.4,0.4,0.0,0.0,0.0,,,65.0,-65.9,,True,4.01,2.0,148.0,1,Pershing Square (Ackman),0,UNRELIABLE/INSUFFICIENT (0),CAUTION,-3.0,4,0.0595,BAJA,20.53,⚪ WEAK,🔴 Weak,,,,,,,,,,,False,2,0.819,False,-13.17,27.23,0.63,sideways,stage2,VIGILAR,Sobre MA200 pero las medias aún no están apiladas (50>150>200) — falta confirmación,"las 46 veces anteriores (RSI normal, sobre su MA200 que sube) cayó otro 8% de mediana (peor caso -43%); al año el 83% estaba en positivo (mediana +24%).",46,-8.1,-42.7,83,False,"soporte vivo más cercano en 244.30 (-2.0%), puesto a prueba hace 1 días; aguantó 2 y se rompió 3",244.3,-2.0,1.0,2.0,3.0,False
DSGX,0.0,,,,18.9,The Descartes Systems Group Inc.,76.1,Technology,Software - Application,95.0,70.0,50.3,90.0,65.0,80.13,6855005184.0,35.0,25.3,False,up,31.6,False,0.0,11.8,True,1.0,,2.5,False,98.35,-18.5,4.0,False,4.5,"{'roe_pct': 11.9, 'debt_to_equity': 0.0, 'current_ratio': 2.02, 'operating_margin_pct': 33.2}","{'eps_growth_yoy': 31.6, 'op_growth_yoy': 25.2, 'crecimiento_respaldado': True, 'positive_quarters': 4, 'earnings_accelerating': False, 'eps_accel_quarters': 0, 'profit_margin_pct': 24.3, 'score_bruto_sin_capar': 95.0, 'satura': False}",,101.23,126.0,82.0,13.0,buy,26.3,116.05,44.8,,,,,,,,múltiplo propio 64x fuera del rango 8-45,reportado,,,,,,,,4.38,3.51,,,,False,-0.59,257.0,Operating Income,264.0,32.6,68.0,2026-12-02,False,True,False,6.0,NEUTRAL,9.0,,3.41,78.6,0.74,,,,,,10.5,0.0,5.7,22.8,2026-09-25 05:07:54,2026-09-25,CONFIRMED_UPTREND,TRADE,False,33,150 MA below 200 MA - not in Stage 2,NEUTRAL,40,"No clear pattern (1.0x ratio, 48% up volume)",HIGH_FLOAT,85.2,22.0,28.5,35.0,False,up,25.3,2.0,False,0.0,True,1.0,2.0,13.0,32.0,62.5,Medio,27.7,0.0,0.0,0.0,0.0,0.0,0.0,0.0,0.0,False,1/3,31.685,5.0,3.0,0.0,0.0,5.0,0.0,1.0,1.0,0.0,0.0,,,35.6,-18.5,,False,3.29,2.0,93.0,0,,-8,RELIABLE/AVOID (-8),,0.0,39,0.1892,BAJA,7.609999999999999,⚪ WEAK,🔴 Weak,,,,,,,,,,,False,2,1.072,False,-23.28,28.09,-5.14,uptrend,stage1,VIGILAR,Construyendo base (lateral) — espera la reconquista de las medias,"las 4 veces anteriores (RSI normal, sobre su MA200 que baja) cayó otro 5% de mediana (peor caso -13%); al año el 100% estaba en positivo (mediana +14%). ⚠ solo 4 casos, no decide nada",4,-5.4,-13.1,100,False,"soporte vivo más cercano en 78.88 (-1.6%), puesto a prueba hace 24 días; aguantó 1 y se rompió 2",78.88,-1.6,24.0,1.0,2.0,False
QSR,0.0,,,,35.0,Restaurant Brands International Inc.,61.5,Consumer Cyclical,Restaurants,85.0,60.0,24.0,65.0,65.0,70.91,32484651008.0,15.0,0.0,False,down,166.8,True,2.0,4.6,True,1.0,6.3,7.0,False,81.96,-13.5,4.0,False,-5.8,"{'roe_pct': 34.8, 'debt_to_equity': 2.9, 'current_ratio': 1.01, 'operating_margin_pct': 27.7}","{'eps_growth_yoy': 166.8, 'op_growth_yoy': 8.4, 'crecimiento_respaldado': False, 'crecimiento_puntuado': 33.4, 'positive_quarters': 4, 'earnings_accelerating': True, 'eps_accel_quarters': 2, 'profit_margin_pct': 13.1, 'score_bruto_sin_capar': 110.0, 'satura': True}",,86.04,104.0,79.0,25.0,buy,21.3,67.24,-5.2,108.2,52.6,múltiplo propio,4.0,0.49,False,,,reportado,,,,,458111000.0,,2.6,4.9,3.47,3.63,63.8,3.41,False,0.66,5.2,Operating Income,5.2,151.2,34.0,2026-10-29,False,True,False,6.0,NEUTRAL,9.0,,6.11,58.5,0.11,,,,,,11.9,0.0,10.5,18.4,2026-09-25 05:07:54,2026-09-25,CONFIRMED_UPTREND,TRADE,False,66,Price below 150/200 MA - weak trend,NEUTRAL,40,"No clear pattern (0.8x ratio, 45% up volume)",MEGA_FLOAT,317.6,25.0,28.9,15.0,False,down,0.0,0.0,True,2.0,True,1.0,8.0,31.0,32.0,6.2,Bottom 25%,0.2,-3.0,0.0,3.0,0.0,0.0,0.0,0.0,0.0,False,1/3,31.35,0.0,3.0,5.0,0.0,5.0,0.05,0.45,0.0,0.0,0.0,57.8,CONTRADICEN,,26.5,MEDIA,False,2.66,2.0,32.0,1,Pershing Square (Ackman),-8,RELIABLE/AVOID (-8),,0.0,46,0.3505,BAJA,15.15,⚪ WEAK,🔴 Weak,,,,,,,,,,,False,2,0.956,False,-12.62,15.55,-20.52,sideways,stage4_ma_alcista,ESPERAR,"Ha perdido la MA200, aunque la media sigue subiendo — corrección dentro de tendencia, espera a que la recupere","las 11 veces anteriores (RSI normal, bajo su MA200 que sube) cayó otro 14% de mediana (peor caso -56%); al año el 36% estaba en positivo (mediana -3%).",11,-13.7,-56.2,36,False,"soporte vivo más cercano en 70.11 (-1.1%), puesto a prueba hace 1 días; aguantó 5 de 5 veces",70.11,-1.1,1.0,5.0,0.0,False
VLTO,0.0,,,,50.0,Veralto Corporation,67.1,Industrials,Pollution & Treatment Controls,70.0,70.0,46.7,85.0,65.0,96.2,23452919808.0,35.0,31.6,False,up,8.6,False,0.0,7.5,True,2.0,3.1,4.5,False,107.9,-10.8,4.0,False,0.1,"{'roe_pct': 34.3, 'debt_to_equity': 1.16, 'current_ratio': 1.77, 'operating_margin_pct': 21.4}","{'eps_growth_yoy': 8.6, 'op_growth_yoy': 0.6, 'crecimiento_respaldado': True, 'positive_quarters': 4, 'earnings_accelerating': False, 'eps_accel_quarters': 0, 'profit_margin_pct': 17.3, 'score_bruto_sin_capar': 70.0, 'satura': False}",,114.79,136.0,100.0,14.0,buy,19.3,103.81,7.9,105.16,9.3,múltiplo propio,3.0,0.24,True,,,reportado,,,,,,,0.52,4.43,4.26,0.54,12.6,,True,-1.64,14.1,Operating Income,14.1,10.1,26.0,2026-10-21,False,True,False,6.0,NEUTRAL,9.0,,5.12,76.5,2.0,,,,,,12.8,0.0,,20.1,2026-09-25 05:07:54,2026-09-25,CONFIRMED_UPTREND,TRADE,False,33,150 MA below 200 MA - not in Stage 2,ACCUMULATION,65,"Moderate accumulation (1.3x ratio, 54% up volume)",MEGA_FLOAT,243.2,23.0,28.8,35.0,False,up,31.6,2.0,False,0.0,True,2.0,2.0,,32.0,,Sin datos suficientes,31.6,0.0,0.0,3.0,0.0,0.0,0.0,0.0,0.0,False,2/3,31.24,0.0,3.0,0.0,3.0,3.0,0.0,1.28,1.0,0.0,0.0,1.4,COHERENTES,9.3,10.7,,False,2.41,2.0,43.0,0,,-8,RELIABLE/AVOID (-8),,0.0,32,,,15.71,⚪ WEAK,🔴 Weak,,,,,,,,,,,False,2,0.766,False,-10.46,20.38,-8.76,uptrend,stage1,VIGILAR,Construyendo base (lateral) — espera la reconquista de las medias,"la vez anterior (RSI normal, sobre su MA200 que baja) cayó otro 20% de mediana (peor caso -20%); al año el 0% estaba en positivo (mediana -9%). ⚠ solo 1 casos, no decide nada",1,-19.5,-19.5,0,False,"soporte vivo más cercano en 95.50 (-0.7%), puesto a prueba hace 23 días; aguantó 11 y se rompió 2",95.5,-0.7,23.0,11.0,2.0,False
YUM,0.0,,,,50.0,"Yum! Brands, Inc.",61.8,Consumer Cyclical,Restaurants,85.0,70.0,24.0,50.0,65.0,137.34,37480235008.0,15.0,0.9,False,down,128.1,True,1.0,12.3,True,1.0,4.1,4.3,False,170.14,-19.3,2.0,False,-7.0,"{'current_ratio': 0.59, 'operating_margin_pct': 32.8}","{'eps_growth_yoy': 128.1, 'op_growth_yoy': 9.6, 'crecimiento_respaldado': False, 'crecimiento_puntuado': 34.6, 'positive_quarters': 4, 'earnings_accelerating': True, 'eps_accel_quarters': 1, 'profit_margin_pct': 25.4, 'score_bruto_sin_capar': 105.0, 'satura': True}",,172.89,200.0,147.0,23.0,buy,25.9,173.07,26.0,152.59,11.1,múltiplo propio,4.0,0.19,False,,,normalizado,tasa fiscal efectiva -0.9% — el beneficio del periodo no es representativo,,,,,,3.0,4.57,6.28,2.13,36.8,1.81,True,-1.42,5.2,Operating Income,5.3,92.1,39.0,2026-11-03,False,True,False,5.0,NEUTRAL,9.0,,5.04,75.7,0.15,,,,,,0.0,0.0,,18.5,2026-09-25 05:07:54,2026-09-25,CONFIRMED_UPTREND,TRADE,False,33,Price below 150/200 MA - weak trend,DISTRIBUTION,25,"Moderate distribution (0.7x ratio, 39% up volume)",MEGA_FLOAT,272.2,30.0,26.5,15.0,False,down,0.9,0.0,True,1.0,True,1.0,5.0,31.0,32.0,6.2,Bottom 25%,0.2,-3.0,0.0,0.0,-5.0,0.0,0.0,0.0,0.0,False,1/3,31.72,0.0,3.0,3.0,3.0,5.0,0.0,0.0,0.0,0.0,0.0,14.9,COHERENTES,25.9,7.3,,False,3.24,0.0,46.0,0,,-5,MIXED/AVOID (-5),CAUTION,-8.0,7,,,0.0,⚪ WEAK,🔴 Weak,,,,,,,,EVENTO,"Brote de Cyclospora en iceberg de Taco Bell a mediados de julio 2026 causó caída de tráfico de 12.2%, pero CEO reporta recuperación del 50% en días recientes y describe el impacto como temporal. Fundamentales corporativos sólidos con ganancias de Q2 al alza 128% año sobre año.",https://es.tradingview.com/symbols/NYSE-YUM/ | https://capital.com/en-int/markets/shares/yum-brands-share-price | https://www.investing.com/equities/yum!-brands-inc | https://en.wikipedia.org/wiki/Yum_China,False,1,0.97,False,-18.87,2.29,-32.38,downtrend,stage1,ESPERAR,En caída (bajo MA200 descendente) — espera a que haga suelo,"las 13 veces anteriores (RSI normal, bajo su MA200 que baja) cayó otro 6% de mediana (peor caso -38%); al año el 100% estaba en positivo (mediana +16%).",13,-6.1,-37.8,100,False,"soporte vivo más cercano en 135.35 (-1.4%), puesto a prueba hace 0 días; aguantó 7 de 7 veces",135.35,-1.4,0.0,7.0,0.0,False
CRH,0.0,,,,16.8,CRH plc,59.6,Basic Materials,Building Materials,78.0,60.0,15.0,75.0,70.0,83.96,55857283072.0,15.0,0.0,False,down,12.6,True,1.0,5.6,True,1.0,2.0,2.7,False,131.55,-36.2,0.0,False,-11.7,"{'roe_pct': 15.8, 'debt_to_equity': 0.78, 'current_ratio': 1.58, 'operating_margin_pct': 19.0}","{'eps_growth_yoy': 12.6, 'op_growth_yoy': 6.3, 'crecimiento_respaldado': True, 'positive_quarters': 3, 'earnings_accelerating': True, 'eps_accel_quarters': 1, 'profit_margin_pct': 9.9, 'score_bruto_sin_capar': 78.0, 'satura': False}",,133.18,165.0,105.0,24.0,strong_buy,58.6,,,93.41,11.3,múltiplo propio,4.0,0.9,False,,,reportado,,"el capex se lleva el 50% del flujo operativo: lo que queda no es lo que gana el dueño, es lo que sobra tras decidir invertir",,,,,1.56,4.84,4.06,1.83,26.9,2.17,True,-1.31,6.4,Operating Income,7.0,13.9,34.0,2026-10-29,False,True,False,6.0,NEUTRAL,9.0,,7.18,16.2,0.93,,,,,,0.0,0.0,5.0,17.9,2026-09-25 05:07:54,2026-09-25,CONFIRMED_UPTREND,TRADE,False,0,Price below 150/200 MA - weak trend,DISTRIBUTION,25,"Moderate distribution (0.7x ratio, 39% up volume)",MEGA_FLOAT,663.4,30.0,22.9,15.0,False,down,0.0,0.0,True,1.0,True,1.0,5.0,32.0,32.0,3.1,Bottom 25%,0.0,-3.0,0.0,0.0,-5.0,0.0,0.0,0.0,0.0,False,1/3,36.18,0.0,0.0,3.0,3.0,3.0,-1.24,-1.24,0.0,1.0,-1.5,,,35.0,47.3,ALTA,True,7.32,2.0,75.0,0,,0,UNRELIABLE/INSUFFICIENT (0),BEST,5.0,6,0.1677,BAJA,0.0,⚪ WEAK,🔴 Weak,,,,,,,,,,,False,0,0.788,False,-35.46,0.57,-39.75,downtrend,stage1,ESPERAR,En caída (bajo MA200 descendente) — espera a que haga suelo,"las 12 veces anteriores (RSI normal, bajo su MA200 que baja) o paró casi donde estaba o se desplomó hasta -29% — sin término medio; al año el 83% estaba en positivo (mediana +33%).",12,-12.2,-28.6,83,True,"el soporte más cercano está en 80.38 (-4.3%), sin visitar desde hace 17 meses; aguantó 2 de 2 veces",80.38,-4.3,521.0,2.0,0.0,True
EQIX,0.0,,,,50.0,"Equinix, Inc.",72.3,Real Estate,REIT - Specialty,90.0,70.0,54.0,70.0,65.0,1034.76,102101516288.0,60.0,57.3,False,flat,30.2,False,0.0,16.4,True,1.0,2.0,3.2,False,1128.68,-8.3,6.0,False,-0.7,"{'roe_pct': 10.7, 'debt_to_equity': 1.62, 'current_ratio': 1.13, 'operating_margin_pct': 27.0}","{'eps_growth_yoy': 30.2, 'op_growth_yoy': 38.8, 'crecimiento_respaldado': True, 'positive_quarters': 4, 'earnings_accelerating': False, 'eps_accel_quarters': 0, 'profit_margin_pct': 15.5, 'score_bruto_sin_capar': 90.0, 'satura': False}",,1233.48,1380.0,1060.0,31.0,strong_buy,19.2,,,,,,,,,,múltiplo propio 74x fuera del rango 8-45,normalizado,tasa fiscal efectiva 10.3% — el beneficio del periodo no es representativo,"el capex se lleva el 109% del flujo operativo: lo que queda no es lo que gana el dueño, es lo que sobra tras decidir invertir",,,,,20.64,-0.36,-3.73,1.99,126.8,1.86,False,,4.0,Operating Income,4.0,28.8,33.0,2026-10-28,False,True,False,6.0,NEUTRAL,9.0,,1.58,7.5,1.93,,,,,,41.0,0.0,,21.7,2026-09-25 05:07:54,2026-09-25,CONFIRMED_UPTREND,TRADE,True,100,Passes Minervini Template (6/6 criteria),ACCUMULATION,60,"Moderate accumulation (1.0x ratio, 49% up volume)",HIGH_FLOAT,98.3,0.0,31.0,60.0,False,flat,57.3,0.0,False,0.0,True,1.0,2.0,,32.0,,Sin datos suficientes,57.3,0.0,0.0,3.0,5.0,0.0,0.0,0.0,0.0,False,3/3,35.92,0.0,0.0,-2.0,0.0,5.0,0.02,-0.09,0.0,0.0,0.0,,,,,,False,2.4,2.0,154.0,0,,0,UNRELIABLE/INSUFFICIENT (0),,0.0,43,,,23.73,⚪ WEAK,🔴 Weak,,,,,,,,,,,False,2,0.853,False,-7.5,45.78,-11.36,sideways,stage2,VIGILAR,Sobre MA200 pero las medias aún no están apiladas (50>150>200) — falta confirmación,"las 41 veces anteriores (RSI normal, sobre su MA200 que sube) cayó otro 11% de mediana (peor caso -36%); al año el 68% estaba en positivo (mediana +12%).",41,-10.9,-35.9,68,False,"soporte vivo más cercano en 1028.93 (-0.6%), puesto a prueba hace 27 días; aguantó 7 y se rompió 2",1028.93,-0.6,27.0,7.0,2.0,False
PSA,66.44736842105263,Excellent,Stage Unknown,16.130390587400207,12.6,Public Storage,65.7,Real Estate,REIT - Industrial,85.0,70.0,36.0,60.0,65.0,284.56,53170688000.0,15.0,2.5,False,down,39.5,False,0.0,2.6,True,2.0,4.2,7.6,False,335.55,-15.2,4.0,False,-8.5,"{'roe_pct': 21.9, 'debt_to_equity': 1.1, 'current_ratio': 0.22, 'operating_margin_pct': 45.7}","{'eps_growth_yoy': 39.5, 'op_growth_yoy': -3.0, 'crecimiento_respaldado': False, 'crecimiento_puntuado': 25.0, 'positive_quarters': 4, 'earnings_accelerating': False, 'eps_accel_quarters': 0, 'profit_margin_pct': 41.6, 'score_bruto_sin_capar': 95.0, 'satura': False}",,336.5,374.0,285.0,18.0,buy,18.3,229.93,-19.2,202.08,-29.0,múltiplo propio,4.0,0.65,False,,,normalizado,tasa fiscal efectiva -0.4% — el beneficio del periodo no es representativo,,,,,,12.0,5.42,15.42,4.19,114.5,3.51,False,0.34,6.9,Operating Income,7.3,18.0,33.0,2026-10-28,False,True,False,5.0,NEUTRAL,9.0,,3.51,1163.1,0.62,,,,,,25.1,26.6,3.8,19.7,2026-09-25 05:07:54,2026-09-25,CONFIRMED_UPTREND,TRADE,False,66,Price below 150/200 MA - weak trend,DISTRIBUTION,25,"Moderate distribution (0.7x ratio, 39% up volume)",HIGH_FLOAT,158.6,27.0,50.1,15.0,False,down,2.5,0.0,False,0.0,True,2.0,2.0,,32.0,,Sin datos suficientes,2.5,0.0,0.0,0.0,0.0,0.0,0.0,0.0,0.0,False,1/3,35.71,0.0,0.0,-2.0,0.0,5.0,-0.31,-0.31,0.0,0.0,0.0,9.8,COHERENTES,-19.2,42.4,ALTA,False,2.29,0.0,45.0,0,,0,UNRELIABLE/INSUFFICIENT (0),,0.0,7,0.1262,BAJA,39.79368421052632,⚪ WEAK,🔴 Weak,,,,,,,,,,,False,2,0.881,False,-14.33,14.25,-11.11,sideways,stage1,VIGILAR,Construyendo base (lateral) — espera la reconquista de las medias,"las 17 veces anteriores (RSI normal, bajo su MA200 que sube) cayó otro 10% de mediana (peor caso -27%); al año el 65% estaba en positivo (mediana +10%).",17,-10.1,-27.1,65,False,"soporte vivo más cercano en 281.15 (-1.2%), puesto a prueba hace 0 días; aguantó 4 y se rompió 5",281.15,-1.2,0.0,4.0,5.0,False
LRLCY,0.0,,,,4.6,L'Oréal S.A.,50.7,Consumer Defensive,Household & Personal Products,50.0,50.0,36.0,70.0,55.0,87.68,233398272000.0,15.0,12.8,False,flat,-4.4,False,0.0,1.3,False,0.0,,,False,95.48,-8.2,4.0,False,-0.6,"{'roe_pct': 19.4, 'debt_to_equity': 0.49, 'current_ratio': 0.97, 'operating_margin_pct': 21.3}","{'eps_growth_yoy': -4.4, 'op_growth_yoy': 2.4, 'crecimiento_respaldado': True, 'positive_quarters': 4, 'earnings_accelerating': False, 'eps_accel_quarters': 0, 'profit_margin_pct': 13.9, 'score_bruto_sin_capar': 50.0, 'satura': False}",,103.07,107.0,100.0,3.0,none,17.5,69.08,-21.2,93.35,6.5,múltiplo propio,4.0,0.37,False,,,reportado,,,,,,,1.68,3.74,3.28,1.94,61.1,1.57,,,,,,2.7,137.0,2027-02-09,False,True,False,6.0,NEUTRAL,9.0,,3.61,70.0,4.62,,,,,,3.0,0.0,1.4,15.2,2026-09-25 05:07:54,2026-09-25,CONFIRMED_UPTREND,TRADE,False,50,150 MA below 200 MA - not in Stage 2,ACCUMULATION,65,"Moderate accumulation (1.3x ratio, 55% up volume)",MEGA_FLOAT,1158.4,23.0,16.6,15.0,False,flat,12.8,0.0,False,0.0,False,0.0,0.0,18.0,32.0,46.9,Bajo 50%,17.3,0.0,0.0,3.0,0.0,0.0,0.0,0.0,0.0,False,2/3,35.510000000000005,0.0,3.0,3.0,0.0,1.0,0.0,3.34,0.0,0.0,0.0,27.7,CONTRADICEN,,38.7,MEDIA,False,2.19,2.0,99.0,0,,0,UNRELIABLE/INSUFFICIENT (0),,0.0,9,0.0464,BAJA,14.07,⚪ WEAK,🔴 Weak,,,,,,,,,,,False,1,1.038,False,-6.41,13.38,-9.68,sideways,stage2,VIGILAR,Sobre MA200 pero las medias aún no están apiladas (50>150>200) — falta confirmación,"las 44 veces anteriores (RSI normal, sobre su MA200 que sube) cayó otro 10% de mediana (peor caso -38%); al año el 73% estaba en positivo (mediana +9%).",44,-9.9,-38.0,73,False,"soporte vivo más cercano en 86.30 (-1.6%), puesto a prueba hace 14 días; aguantó 7 y se rompió 4",86.3,-1.6,14.0,7.0,4.0,False
GVDNY,0.0,,,,10.7,Givaudan SA,52.5,Basic Materials,Specialty Chemicals,50.0,50.0,47.6,70.0,50.0,82.45,38056103936.0,35.0,37.2,False,down,-1.7,False,0.0,0.8,False,0.0,,,False,90.69,-9.1,4.0,False,1.9,"{'roe_pct': 22.3, 'debt_to_equity': 1.11, 'current_ratio': 1.29, 'operating_margin_pct': 18.8}","{'eps_growth_yoy': -1.7, 'op_growth_yoy': -2.2, 'crecimiento_respaldado': True, 'positive_quarters': 4, 'earnings_accelerating': False, 'eps_accel_quarters': 0, 'profit_margin_pct': 12.9, 'score_bruto_sin_capar': 50.0, 'satura': False}",,84.37,96.56,72.18,2.0,none,2.3,77.34,-6.2,88.83,7.7,múltiplo propio,3.0,0.28,True,,,reportado,,,,,,,1.82,3.79,3.12,2.2,71.1,1.88,,,,,,-10.0,124.0,2027-01-27,False,True,False,7.0,NEUTRAL,9.0,,3.22,33.7,,,,,,,3.0,0.0,3.2,15.8,2026-09-25 05:07:54,2026-09-25,CONFIRMED_UPTREND,TRADE,False,33,150 MA below 200 MA - not in Stage 2,ACCUMULATION,65,"Moderate accumulation (1.4x ratio, 58% up volume)",MEGA_FLOAT,461.0,23.0,19.0,35.0,False,down,37.2,0.0,False,0.0,False,0.0,0.0,11.0,32.0,68.8,Medio,30.2,0.0,0.0,3.0,0.0,0.0,0.0,0.0,0.0,False,2/3,34.535,0.0,3.0,3.0,0.0,0.0,-0.72,-3.09,0.0,2.0,0.0,13.9,CONTRADICEN,,8.5,,False,0.29,5.0,140.0,0,,0,UNRELIABLE/INSUFFICIENT (0),WATCH,3.0,14,0.1074,BAJA,14.25,⚪ WEAK,🔴 Weak,,,,,,,,,,,False,2,0.925,False,-6.58,25.42,3.59,uptrend,stage1,VIGILAR,Construyendo base (lateral) — espera la reconquista de las medias,"las 9 veces anteriores (RSI normal, sobre su MA200 que baja) o paró casi donde estaba o se desplomó hasta -29% — sin término medio; al año el 78% estaba en positivo (mediana +23%).",9,-5.2,-28.6,78,True,"soporte vivo más cercano en 81.69 (-0.9%), puesto a prueba hace 45 días; aguantó 8 y se rompió 5",81.69,-0.9,45.0,8.0,5.0,False
DBOEY,0.0,,,,50.0,Deutsche Börse AG,65.1,Financial Services,Financial Data & Stock Exchanges,75.0,50.0,60.3,80.0,60.0,32.17,57998536704.0,60.0,72.6,False,up,8.4,False,0.0,7.8,False,0.0,,,False,33.91,-5.1,8.0,True,2.0,"{'roe_pct': 20.4, 'debt_to_equity': 0.58, 'current_ratio': 1.01, 'operating_margin_pct': 41.9}","{'eps_growth_yoy': 8.4, 'op_growth_yoy': 8.2, 'crecimiento_respaldado': True, 'positive_quarters': 4, 'earnings_accelerating': False, 'eps_accel_quarters': 0, 'profit_margin_pct': 27.3, 'score_bruto_sin_capar': 75.0, 'satura': False}",,34.39,34.39,34.39,1.0,strong_buy,6.9,50.13,55.8,27.9,-13.3,múltiplo propio,4.0,0.2,False,,,reportado,,,,,,,0.49,5.16,1.66,1.52,36.0,1.9,,,,,,6.9,25.0,2026-10-20,False,True,False,5.0,NEUTRAL,9.0,,4.74,65.3,1.52,,,,,,42.9,0.0,,19.5,2026-09-25 05:07:54,2026-09-25,CONFIRMED_UPTREND,TRADE,True,100,Passes Minervini Template (6/6 criteria),STRONG_ACCUMULATION,95,"Strong institutional buying (3.6x ratio, 74% up volume)",MEGA_FLOAT,1802.8,3.0,27.9,60.0,False,up,72.6,2.0,False,0.0,False,0.0,0.0,9.0,32.0,75.0,Top 25%,32.6,3.0,0.0,3.0,10.0,0.0,0.0,0.0,0.0,False,3/3,33.28999999999999,0.0,6.0,3.0,0.0,3.0,0.55,-3.18,1.0,1.0,0.0,69.1,CONTRADICEN,,20.2,MEDIA,False,0.86,0.0,55.0,0,,0,UNRELIABLE/INSUFFICIENT (0),CAUTION,-8.0,46,,,30.51,⚪ WEAK,🔴 Weak,,,,,,,,,,,True,3,0.976,True,-5.13,40.81,-0.95,uptrend,stage2,ENTRADA,Stage 2: sobre MA200 ascendente sin sobreextensión — suelo confirmado,"las 45 veces anteriores (RSI normal, sobre su MA200 que sube) cayó otro 9% de mediana (peor caso -37%); al año el 78% estaba en positivo (mediana +9%).",45,-8.7,-37.0,78,False,"soporte vivo más cercano en 31.39 (-2.4%), puesto a prueba hace 9 días; aguantó 1 y se rompió 1",31.39,-2.4,9.0,1.0,1.0,False
ODFL,59.175,Excellent,Stage Unknown,20.56581022260295,29.0,"Old Dominion Freight Line, Inc.",74.2,Industrials,Trucking,100.0,80.0,15.0,95.0,70.0,174.93,36272893952.0,15.0,23.9,False,down,30.5,True,2.0,10.4,True,2.0,4.6,5.2,False,252.03,-30.6,3.0,False,-14.3,"{'roe_pct': 24.8, 'debt_to_equity': 0.0, 'current_ratio': 1.89, 'operating_margin_pct': 28.8}","{'eps_growth_yoy': 30.5, 'op_growth_yoy': 30.0, 'crecimiento_respaldado': True, 'positive_quarters': 4, 'earnings_accelerating': True, 'eps_accel_quarters': 2, 'profit_margin_pct': 19.4, 'score_bruto_sin_capar': 110.0, 'satura': True}",,228.78,280.0,156.0,23.0,buy,30.8,62.45,-64.3,164.43,-6.0,múltiplo propio,4.0,0.39,False,,,reportado,,,,,,,1.16,2.7,4.72,0.65,21.9,0.47,True,-1.63,2183.6,Operating Income,2188.9,22.6,33.0,2026-10-28,False,True,False,6.0,NEUTRAL,9.0,,3.78,28.9,0.81,,,,,,35.6,23.7,8.7,22.3,2026-09-25 05:07:54,2026-09-25,CONFIRMED_UPTREND,TRADE,False,50,Price below 150/200 MA - weak trend,DISTRIBUTION,25,"Moderate distribution (0.6x ratio, 35% up volume)",HIGH_FLOAT,185.7,27.0,54.6,15.0,False,down,23.9,0.0,True,2.0,True,2.0,8.0,,32.0,,Sin datos suficientes,23.9,0.0,0.0,0.0,0.0,0.0,0.0,0.0,0.0,False,1/3,31.130000000000003,0.0,0.0,0.0,3.0,5.0,0.0,0.0,0.0,0.0,0.0,58.3,DISPERSOS,-6.0,66.0,ALTA,True,3.85,2.0,127.0,0,,0,UNRELIABLE/INSUFFICIENT (0),WATCH,-3.0,6,0.2904,BAJA,37.0075,⚪ WEAK,🔴 Weak,,,,,,,,,,,False,1,0.729,False,-30.48,39.69,-26.74,sideways,stage4_ma_alcista,ESPERAR,"Ha perdido la MA200, aunque la media sigue subiendo — corrección dentro de tendencia, espera a que la recupere","las 12 veces anteriores (RSI normal, bajo su MA200 que sube) o paró casi donde estaba o se desplomó hasta -31% — sin término medio; al año el 67% estaba en positivo (mediana +16%).",12,-17.7,-31.0,67,True,"soporte vivo más cercano en 173.38 (-0.9%), puesto a prueba hace 8 días; aguantó 4 y se rompió 1",173.38,-0.9,8.0,4.0,1.0,False
