ticker,company_name,fundamental_score,tier,quality,price_currency,financial_currency,fx_applied,fx_reliable,per_share_reliable,shares_price_ratio,coherence_issues,earnings_quality_score,growth_acceleration_score,relative_strength_score,financial_health_score,catalyst_timing_score,rs_line_score,rs_line_percentile,rs_line_at_new_high,rs_line_trend,eps_growth_yoy,eps_accelerating,eps_accel_quarters,rev_growth_yoy,rev_accelerating,rev_accel_quarters,earnings_details,growth_details,rs_details,health_details,catalyst_details,current_price,market_cap,sector,industry,short_percent_float,short_ratio,short_squeeze_potential,fifty_two_week_high,proximity_to_52w_high,trend_template_score,trend_template_pass,target_price_analyst,target_price_analyst_high,target_price_analyst_low,analyst_count,analyst_recommendation,analyst_upside_pct,target_price_dcf,target_price_dcf_upside_pct,target_price_pe,target_price_pe_upside_pct,fcf_yield_pct,fcf_per_share,dividend_yield_pct,payout_ratio_pct,dividend_rate,five_yr_avg_dividend_yield_pct,buyback_active,shares_change_pct,interest_coverage,analyst_revision_momentum,days_to_earnings,earnings_date,earnings_warning,earnings_catalyst,piotroski_score,piotroski_label,ebit_ev_yield,roic_greenblatt,peg_ratio,hv_30d,atm_iv,iv_ratio,iv_premium_pts,analyzed_at
CVX,Chevron Corporation,83.8,🏆 ELITE,🟢 Elite,USD,USD,False,True,True,1.0,,100.0,100.0,50.3,85.0,60.0,35.0,49.7,False,up,241.1,True,2,39.5,True,2,"{'eps_growth_yoy': 241.1, 'positive_quarters': 4, 'earnings_accelerating': True, 'eps_accel_quarters': 2, 'profit_margin_pct': 9.8}","{'revenue_growth_yoy': 39.5, 'revenue_accelerating': True, 'rev_accel_quarters': 2}","{'rs_3m': 5.7, 'rs_6m': 2.7, 'rs_line_percentile': 49.7, 'rs_line_at_new_high': False, 'rs_line_trend': 'up', 'rs_line_score': 35}","{'roe_pct': 12.2, 'debt_to_equity': 0.19, 'current_ratio': 1.25, 'operating_margin_pct': 21.9}","{'days_to_earnings': 'N/A', 'recommendation': 'buy', 'analyst_upside_pct': 5.9}",205.77,403639140352,Energy,Oil & Gas Integrated,1.0,2.5,False,214.71,-4.2,6,False,217.88,236.0,175.0,24.0,buy,5.9,474.19,130.4,311.7,51.5,5.43,11.18,3.46,67.2,7.12,3.99,True,-2.76,22.5,321.9,70.0,2026-10-30,False,False,5,NEUTRAL,4.79,9.3,0.05,27.0,,,,2026-08-21T04:45:47.553511
INTU,Intuit Inc.,82.7,🏆 ELITE,🟢 Elite,USD,USD,False,True,True,1.0,"FCF declarado (5,232,000,000) se aparta del derivado de flujo operativo menos capex (7,764,000,000)",100.0,100.0,42.3,85.0,65.0,15.0,17.2,False,up,704.2,True,2,123.4,True,2,"{'eps_growth_yoy': 704.2, 'positive_quarters': 4, 'earnings_accelerating': True, 'eps_accel_quarters': 2, 'profit_margin_pct': 21.9}","{'revenue_growth_yoy': 123.4, 'revenue_accelerating': True, 'rev_accel_quarters': 2}","{'rs_3m': 15.4, 'rs_6m': -15.4, 'rs_line_percentile': 17.2, 'rs_line_at_new_high': False, 'rs_line_trend': 'up', 'rs_line_score': 15}","{'roe_pct': 22.5, 'debt_to_equity': 0.33, 'current_ratio': 1.45, 'operating_margin_pct': 47.0}","{'days_to_earnings': 'N/A', 'recommendation': 'buy', 'analyst_upside_pct': 23.3}",361.87,98984828928,Technology,Software - Application,5.1,2.8,False,705.08,-48.7,2,False,446.02,921.0,250.0,33.0,buy,23.3,387.99,7.2,175.05,-51.6,5.29,19.13,1.32,28.3,4.8,0.67,True,-4.13,24.8,10.7,4.0,2026-08-25,True,False,9,STRONG,5.13,97.0,1.24,50.6,,,,2026-08-21T04:40:29.086486
VEEV,Veeva Systems Inc.,81.8,🏆 ELITE,🟢 Elite,USD,USD,False,True,True,1.0,,100.0,80.0,65.0,85.0,60.0,35.0,48.1,False,up,30.3,True,1,11.9,True,2,"{'eps_growth_yoy': 30.3, 'positive_quarters': 4, 'earnings_accelerating': True, 'eps_accel_quarters': 1, 'profit_margin_pct': 28.4}","{'revenue_growth_yoy': 11.9, 'revenue_accelerating': True, 'rev_accel_quarters': 2}","{'rs_3m': 48.9, 'rs_6m': 26.0, 'rs_line_percentile': 48.1, 'rs_line_at_new_high': False, 'rs_line_trend': 'up', 'rs_line_score': 35}","{'roe_pct': 13.9, 'debt_to_equity': 0.01, 'current_ratio': 4.74, 'operating_margin_pct': 30.9}","{'days_to_earnings': 'N/A', 'recommendation': 'buy', 'analyst_upside_pct': 0.4}",250.53,40696918016,Healthcare,Health Information Services,4.9,4.2,False,310.5,-19.3,4,False,251.43,350.0,165.0,28.0,buy,0.4,183.94,-26.6,82.34,-67.1,3.09,7.75,,,,,True,-0.56,,14.6,5.0,2026-08-26,True,False,7,NEUTRAL,2.74,14.1,1.71,45.2,,,,2026-08-21T04:41:25.566479
MSFT,Microsoft Corporation,80.0,⭐⭐⭐ EXCELLENT,🟢 Excellent,USD,USD,False,True,True,1.0,"FCF declarado (16,545,500,160) se aparta del derivado de flujo operativo menos capex (66,986,994,944)",100.0,70.0,58.7,95.0,65.0,35.0,47.9,False,up,28.9,True,1,15.9,True,1,"{'eps_growth_yoy': 28.9, 'positive_quarters': 4, 'earnings_accelerating': True, 'eps_accel_quarters': 1, 'profit_margin_pct': 40.3}","{'revenue_growth_yoy': 15.9, 'revenue_accelerating': True, 'rev_accel_quarters': 1}","{'rs_3m': 12.1, 'rs_6m': 10.4, 'rs_line_percentile': 47.9, 'rs_line_at_new_high': False, 'rs_line_trend': 'up', 'rs_line_score': 35}","{'roe_pct': 34.0, 'debt_to_equity': 0.29, 'current_ratio': 1.23, 'operating_margin_pct': 45.1}","{'days_to_earnings': 'N/A', 'recommendation': 'strong_buy', 'analyst_upside_pct': 18.4}",481.15,3572801208320,Technology,Software - Infrastructure,1.1,2.2,False,553.72,-13.1,4,False,569.56,870.0,400.0,53.0,strong_buy,18.4,94.49,-80.4,535.5,11.3,0.46,2.23,0.75,19.8,3.64,0.79,True,-0.62,55.4,31.7,68.0,2026-10-28,False,False,6,NEUTRAL,4.66,44.9,0.64,60.1,,,,2026-08-21T04:40:13.547400
HEI,Heico Corporation,79.1,⭐⭐⭐ EXCELLENT,🟢 Excellent,USD,USD,False,True,True,,,100.0,70.0,60.3,90.0,60.0,60.0,60.4,False,up,31.8,True,1,19.9,True,1,"{'eps_growth_yoy': 31.8, 'positive_quarters': 4, 'earnings_accelerating': True, 'eps_accel_quarters': 1, 'profit_margin_pct': 16.1}","{'revenue_growth_yoy': 19.9, 'revenue_accelerating': True, 'rev_accel_quarters': 1}","{'rs_3m': 16.5, 'rs_6m': -7.2, 'rs_line_percentile': 60.4, 'rs_line_at_new_high': False, 'rs_line_trend': 'up', 'rs_line_score': 60}","{'roe_pct': 17.2, 'debt_to_equity': 0.48, 'current_ratio': 2.92, 'operating_margin_pct': 25.5}","{'days_to_earnings': 'N/A', 'recommendation': 'buy', 'analyst_upside_pct': 11.0}",350.58,0,Industrials,Aerospace & Defense,1.4,1.6,False,376.86,-7.0,7,True,389.26,472.0,290.0,19.0,buy,11.0,,,162.0,-53.8,,,0.07,4.3,0.25,0.1,False,,9.0,48.2,4.0,2026-08-25,True,False,8,STRONG,1.97,52.3,1.05,25.3,,,,2026-08-21T04:43:06.275522
THC,Tenet Healthcare Corporation,78.8,⭐⭐⭐ EXCELLENT,🟢 Excellent,USD,USD,False,True,True,1.0,"FCF declarado (2,247,875,072) se aparta del derivado de flujo operativo menos capex (3,005,000,064)",100.0,60.0,82.6,75.0,60.0,100.0,98.8,True,up,141.5,False,0,14.2,False,0,"{'eps_growth_yoy': 141.5, 'positive_quarters': 4, 'earnings_accelerating': False, 'eps_accel_quarters': 0, 'profit_margin_pct': 10.3}","{'revenue_growth_yoy': 14.2, 'revenue_accelerating': False, 'rev_accel_quarters': 0}","{'rs_3m': 38.7, 'rs_6m': 5.2, 'rs_line_percentile': 98.8, 'rs_line_at_new_high': True, 'rs_line_trend': 'up', 'rs_line_score': 100}","{'roe_pct': 37.3, 'debt_to_equity': 1.52, 'current_ratio': 1.41, 'operating_margin_pct': 18.2}","{'days_to_earnings': 'N/A', 'recommendation': 'strong_buy', 'analyst_upside_pct': 3.6}",272.6,21949478912,Healthcare,Medical Care Facilities,4.7,2.2,False,277.76,-1.9,8,True,282.48,309.0,260.0,21.0,strong_buy,3.6,1183.92,334.3,775.8,184.6,10.24,27.92,,,,2.75,True,-7.52,5.7,213.4,67.0,2026-10-27,False,False,6,NEUTRAL,9.77,33.4,0.06,68.2,,,,2026-08-21T04:47:12.943751
WST,"West Pharmaceutical Services, Inc.",78.8,⭐⭐⭐ EXCELLENT,🟢 Excellent,USD,USD,False,True,True,1.0,"FCF declarado (277,937,504) se aparta del derivado de flujo operativo menos capex (376,300,000)",100.0,50.0,80.3,95.0,60.0,80.0,82.7,False,up,10.0,True,2,8.4,False,0,"{'eps_growth_yoy': 10.0, 'positive_quarters': 4, 'earnings_accelerating': True, 'eps_accel_quarters': 2, 'profit_margin_pct': 17.0}","{'revenue_growth_yoy': 8.4, 'revenue_accelerating': False, 'rev_accel_quarters': 0}","{'rs_3m': 13.3, 'rs_6m': 34.5, 'rs_line_percentile': 82.7, 'rs_line_at_new_high': False, 'rs_line_trend': 'up', 'rs_line_score': 80}","{'roe_pct': 19.1, 'debt_to_equity': 0.11, 'current_ratio': 2.82, 'operating_margin_pct': 22.5}","{'days_to_earnings': 'N/A', 'recommendation': 'strong_buy', 'analyst_upside_pct': 14.4}",353.77,24896831488,Healthcare,Medical Instruments & Supplies,4.2,3.0,False,386.0,-8.3,8,True,404.73,459.0,340.0,15.0,strong_buy,14.4,107.46,-69.6,141.54,-60.0,1.12,3.95,0.25,11.1,0.88,0.25,True,-1.84,155.1,18.1,62.0,2026-10-22,False,False,7,NEUTRAL,2.43,19.0,1.96,32.6,,,,2026-08-21T04:42:10.454244
RACE,Ferrari N.V.,78.3,⭐⭐⭐ EXCELLENT,🟢 Excellent,USD,EUR,True,True,True,1.0,"FCF declarado (1,171,908,440) se aparta del derivado de flujo operativo menos capex (1,872,223,131)",100.0,70.0,56.6,90.0,60.0,35.0,37.9,False,up,21.2,True,2,9.7,True,2,"{'eps_growth_yoy': 21.2, 'positive_quarters': 4, 'earnings_accelerating': True, 'eps_accel_quarters': 2, 'profit_margin_pct': 22.2}","{'revenue_growth_yoy': 9.7, 'revenue_accelerating': True, 'rev_accel_quarters': 2}","{'rs_3m': 29.0, 'rs_6m': 4.4, 'rs_line_percentile': 37.9, 'rs_line_at_new_high': False, 'rs_line_trend': 'up', 'rs_line_score': 35}","{'roe_pct': 45.4, 'debt_to_equity': 0.86, 'current_ratio': 2.43, 'operating_margin_pct': 31.1}","{'days_to_earnings': 'N/A', 'recommendation': 'strong_buy', 'analyst_upside_pct': 8.8}",428.37,75292377088,Consumer Cyclical,Auto Manufacturers,2.8,7.0,False,504.49,-15.1,5,False,465.89,537.95,403.74,14.0,strong_buy,8.8,131.98,-69.2,109.48,-74.4,1.56,6.67,0.99,39.0,4.23,0.68,True,-1.06,63.9,10.1,74.0,2026-11-03,False,False,9,STRONG,2.73,46.9,3.32,30.3,,,,2026-08-21T04:42:39.104166
POOL,Pool Corporation,77.2,⭐⭐⭐ EXCELLENT,🟢 Excellent,USD,USD,False,True,True,1.0,"FCF declarado (212,930,256) se aparta del derivado de flujo operativo menos capex (310,312,016)",100.0,90.0,36.0,80.0,55.0,15.0,7.9,False,up,48.1,True,2,25.6,True,2,"{'eps_growth_yoy': 48.1, 'positive_quarters': 4, 'earnings_accelerating': True, 'eps_accel_quarters': 2, 'profit_margin_pct': 7.4}","{'revenue_growth_yoy': 25.6, 'revenue_accelerating': True, 'rev_accel_quarters': 2}","{'rs_3m': nan, 'rs_6m': nan, 'rs_line_percentile': 7.9, 'rs_line_at_new_high': False, 'rs_line_trend': 'up', 'rs_line_score': 15}","{'roe_pct': 31.3, 'debt_to_equity': 1.35, 'current_ratio': 2.67, 'operating_margin_pct': 15.1}","{'days_to_earnings': 'N/A', 'recommendation': 'none', 'analyst_upside_pct': 15.8}",190.33,6916734464,Industrials,Industrial Distribution,11.6,4.0,True,336.15,-43.4,0,False,220.36,260.0,185.0,11.0,none,15.8,86.21,-54.7,105.8,-44.4,3.08,5.86,2.65,46.4,5.2,1.26,True,-3.98,16.2,,62.0,2026-10-22,False,False,5,NEUTRAL,6.76,34.5,2.16,47.5,,,,2026-08-21T04:46:19.709188
BR,"Broadridge Financial Solutions,",77.0,⭐⭐⭐ EXCELLENT,🟢 Excellent,USD,USD,False,True,True,1.0,,100.0,80.0,42.3,80.0,65.0,15.0,22.9,False,up,140.7,True,1,39.7,False,0,"{'eps_growth_yoy': 140.7, 'positive_quarters': 4, 'earnings_accelerating': True, 'eps_accel_quarters': 1, 'profit_margin_pct': 15.0}","{'revenue_growth_yoy': 39.7, 'revenue_accelerating': False, 'rev_accel_quarters': 0}","{'rs_3m': 16.4, 'rs_6m': -7.4, 'rs_line_percentile': 22.9, 'rs_line_at_new_high': False, 'rs_line_trend': 'up', 'rs_line_score': 15}","{'roe_pct': 40.9, 'debt_to_equity': 1.24, 'current_ratio': 1.24, 'operating_margin_pct': 24.6}","{'days_to_earnings': 'N/A', 'recommendation': 'buy', 'analyst_upside_pct': 19.5}",178.5,20352890880,Technology,Information Technology Services,4.0,4.0,False,264.1,-32.4,2,False,213.25,250.0,176.0,8.0,buy,19.5,193.4,8.3,97.3,-45.5,5.87,10.48,2.48,40.6,4.36,1.68,True,-2.97,13.9,5.9,74.0,2026-11-03,False,False,8,STRONG,6.64,211.6,1.84,42.3,0.8,0.02,-41.5,2026-08-21T04:40:00.581169
OXY,Occidental Petroleum Corporation,75.6,⭐⭐⭐ EXCELLENT,🟢 Excellent,USD,USD,False,True,True,1.0,,100.0,70.0,50.3,80.0,60.0,35.0,49.4,False,up,259.2,True,2,21.8,False,0,"{'eps_growth_yoy': 259.2, 'positive_quarters': 3, 'earnings_accelerating': True, 'eps_accel_quarters': 2, 'profit_margin_pct': 30.3}","{'revenue_growth_yoy': 21.8, 'revenue_accelerating': False, 'rev_accel_quarters': 0}","{'rs_3m': 2.1, 'rs_6m': 8.6, 'rs_line_percentile': 49.4, 'rs_line_at_new_high': False, 'rs_line_trend': 'up', 'rs_line_score': 35}","{'roe_pct': 10.6, 'debt_to_equity': 0.35, 'current_ratio': 1.41, 'operating_margin_pct': 45.4}","{'days_to_earnings': 'N/A', 'recommendation': 'buy', 'analyst_upside_pct': 8.1}",61.52,61497692160,Energy,Oil & Gas E&P,0.0,0.0,False,67.45,-8.8,7,True,66.48,79.0,55.0,23.0,buy,8.1,160.71,161.2,104.1,69.2,6.16,3.79,1.86,29.5,1.12,1.14,True,-0.19,6.2,675.4,80.0,2026-11-09,False,False,4,NEUTRAL,5.11,6.4,0.02,36.5,0.8,0.02,-35.7,2026-08-21T04:45:35.898014
NUE,Nucor Corporation,75.2,⭐⭐⭐ EXCELLENT,🟢 Excellent,USD,USD,False,True,True,1.0,"FCF declarado (683,374,976) se aparta del derivado de flujo operativo menos capex (1,002,000,000)",85.0,70.0,68.7,80.0,65.0,60.0,72.8,False,down,23.2,True,1,12.3,True,1,"{'eps_growth_yoy': 23.2, 'positive_quarters': 4, 'earnings_accelerating': True, 'eps_accel_quarters': 1, 'profit_margin_pct': 8.0}","{'revenue_growth_yoy': 12.3, 'revenue_accelerating': True, 'rev_accel_quarters': 1}","{'rs_3m': 3.9, 'rs_6m': 23.2, 'rs_line_percentile': 72.8, 'rs_line_at_new_high': False, 'rs_line_trend': 'down', 'rs_line_score': 60}","{'roe_pct': 14.5, 'debt_to_equity': 0.31, 'current_ratio': 2.51, 'operating_margin_pct': 15.7}","{'days_to_earnings': 'N/A', 'recommendation': 'buy', 'analyst_upside_pct': 17.6}",240.48,54559064064,Basic Materials,Steel,2.1,2.6,False,280.11,-14.1,7,True,282.81,305.0,231.0,16.0,buy,17.6,127.74,-46.9,363.6,51.2,1.25,3.01,0.9,17.8,2.24,1.41,True,-0.96,23.8,93.8,66.0,2026-10-26,False,False,6,NEUTRAL,4.55,11.9,0.13,46.3,,,,2026-08-21T04:46:28.464705
CBOE,"Cboe Global Markets, Inc.",75.0,⭐⭐⭐ EXCELLENT,🟢 Excellent,USD,USD,False,True,True,1.0,"FCF declarado (678,249,984) se aparta del derivado de flujo operativo menos capex (1,891,800,000)",85.0,90.0,35.0,100.0,50.0,35.0,39.9,False,flat,17.4,False,0,26.4,True,2,"{'eps_growth_yoy': 17.4, 'positive_quarters': 4, 'earnings_accelerating': False, 'eps_accel_quarters': 0, 'profit_margin_pct': 26.7}","{'revenue_growth_yoy': 26.4, 'revenue_accelerating': True, 'rev_accel_quarters': 2}","{'rs_3m': -22.5, 'rs_6m': -7.2, 'rs_line_percentile': 39.9, 'rs_line_at_new_high': False, 'rs_line_trend': 'flat', 'rs_line_score': 35}","{'roe_pct': 26.3, 'debt_to_equity': 0.28, 'current_ratio': 1.56, 'operating_margin_pct': 34.6}","{'days_to_earnings': 'N/A', 'recommendation': 'hold', 'analyst_upside_pct': 7.2}",294.11,30714204160,Financial Services,Financial Data & Stock Exchanges,3.0,2.9,False,371.18,-20.8,5,False,315.14,356.0,258.0,14.0,hold,7.2,275.43,-6.4,384.9,30.9,2.21,6.49,1.23,22.4,3.44,1.29,True,-0.25,36.6,20.1,70.0,2026-10-30,False,False,8,STRONG,5.41,70.3,0.39,36.4,0.4,0.01,-36.0,2026-08-21T04:45:04.364974
JNJ,Johnson & Johnson,75.0,⭐⭐⭐ EXCELLENT,🟢 Excellent,USD,USD,False,True,True,1.0,,95.0,60.0,63.9,85.0,60.0,60.0,74.2,False,up,7.4,True,2,5.5,True,1,"{'eps_growth_yoy': 7.4, 'positive_quarters': 4, 'earnings_accelerating': True, 'eps_accel_quarters': 2, 'profit_margin_pct': 21.5}","{'revenue_growth_yoy': 5.5, 'revenue_accelerating': True, 'rev_accel_quarters': 1}","{'rs_3m': 13.1, 'rs_6m': 0.3, 'rs_line_percentile': 74.2, 'rs_line_at_new_high': False, 'rs_line_trend': 'up', 'rs_line_score': 60}","{'roe_pct': 25.7, 'debt_to_equity': 0.58, 'current_ratio': 1.09, 'operating_margin_pct': 29.2}","{'days_to_earnings': 'N/A', 'recommendation': 'buy', 'analyst_upside_pct': 1.9}",267.37,644334551040,Healthcare,Drug Manufacturers - General,1.2,3.2,False,276.47,-3.3,8,True,272.5,305.0,190.0,22.0,buy,1.9,103.1,-61.4,84.2,-68.5,2.62,7.01,1.96,60.8,5.36,2.77,True,-1.25,25.9,-0.9,53.0,2026-10-13,False,False,4,NEUTRAL,4.99,136.0,,22.6,,,,2026-08-21T04:45:00.353394
NDAQ,"Nasdaq, Inc.",74.8,⭐⭐⭐ EXCELLENT,🟢 Excellent,USD,USD,False,True,True,1.0,,85.0,80.0,60.3,75.0,60.0,60.0,55.1,False,up,19.9,False,0,29.3,True,1,"{'eps_growth_yoy': 19.9, 'positive_quarters': 4, 'earnings_accelerating': False, 'eps_accel_quarters': 0, 'profit_margin_pct': 35.0}","{'revenue_growth_yoy': 29.3, 'revenue_accelerating': True, 'rev_accel_quarters': 1}","{'rs_3m': 3.5, 'rs_6m': 8.4, 'rs_line_percentile': 55.1, 'rs_line_at_new_high': False, 'rs_line_trend': 'up', 'rs_line_score': 60}","{'roe_pct': 16.5, 'debt_to_equity': 0.78, 'current_ratio': 1.01, 'operating_margin_pct': 49.3}","{'days_to_earnings': 'N/A', 'recommendation': 'buy', 'analyst_upside_pct': 12.6}",97.55,54528241664,Financial Services,Financial Data & Stock Exchanges,2.2,2.0,False,101.79,-4.2,5,False,109.8,135.0,84.0,15.0,buy,12.6,70.38,-27.9,48.93,-49.8,3.1,3.03,1.2,32.7,1.16,1.28,True,-2.39,8.3,14.1,62.0,2026-10-22,False,False,9,STRONG,3.95,205.3,1.48,17.3,,,,2026-08-21T04:43:42.901912
CDNS,"Cadence Design Systems, Inc.",74.7,⭐⭐⭐ EXCELLENT,🟢 Excellent,USD,USD,False,True,True,1.0,,100.0,70.0,36.0,90.0,65.0,15.0,11.2,False,down,27.8,True,1,18.3,True,1,"{'eps_growth_yoy': 27.8, 'positive_quarters': 4, 'earnings_accelerating': True, 'eps_accel_quarters': 1, 'profit_margin_pct': 23.6}","{'revenue_growth_yoy': 18.3, 'revenue_accelerating': True, 'rev_accel_quarters': 1}","{'rs_3m': -15.5, 'rs_6m': -5.4, 'rs_line_percentile': 11.2, 'rs_line_at_new_high': False, 'rs_line_trend': 'down', 'rs_line_score': 15}","{'roe_pct': 23.2, 'debt_to_equity': 0.39, 'current_ratio': 1.74, 'operating_margin_pct': 28.6}","{'days_to_earnings': 'N/A', 'recommendation': 'strong_buy', 'analyst_upside_pct': 28.8}",313.59,86360489984,Technology,Software - Application,2.2,2.6,False,416.69,-24.7,3,False,403.94,470.0,300.0,27.0,strong_buy,28.8,247.88,-21.0,150.6,-52.0,1.86,5.85,,,,,True,-1.18,15.6,125.4,66.0,2026-10-26,False,False,7,NEUTRAL,1.87,44.0,0.26,26.4,1.6,0.06,-24.8,2026-08-21T04:43:17.922848
KO,Coca-Cola Company (The),74.7,⭐⭐⭐ EXCELLENT,🟢 Excellent,USD,USD,False,True,True,1.0,"FCF declarado (5,218,749,952) se aparta del derivado de flujo operativo menos capex (14,229,999,616)",85.0,70.0,68.3,80.0,60.0,80.0,86.3,False,up,19.7,False,0,7.4,True,2,"{'eps_growth_yoy': 19.7, 'positive_quarters': 4, 'earnings_accelerating': False, 'eps_accel_quarters': 0, 'profit_margin_pct': 28.6}","{'revenue_growth_yoy': 7.4, 'revenue_accelerating': True, 'rev_accel_quarters': 2}","{'rs_3m': 9.3, 'rs_6m': 3.7, 'rs_line_percentile': 86.3, 'rs_line_at_new_high': False, 'rs_line_trend': 'up', 'rs_line_score': 80}","{'roe_pct': 42.1, 'debt_to_equity': 1.16, 'current_ratio': 1.3, 'operating_margin_pct': 34.9}","{'days_to_earnings': 'N/A', 'recommendation': 'buy', 'analyst_upside_pct': 4.6}",90.5,389380669440,Consumer Defensive,Beverages - Non-Alcoholic,1.1,2.6,False,91.87,-1.5,8,True,94.7,104.0,75.0,23.0,buy,4.6,31.5,-65.2,56.45,-37.6,1.34,1.21,2.35,62.5,2.12,2.87,True,-0.24,12.0,16.9,60.0,2026-10-20,False,False,7,NEUTRAL,4.21,91.1,1.52,22.8,,,,2026-08-21T04:40:17.386013
HHH,Howard Hughes Holdings Inc.,74.6,⭐⭐⭐ EXCELLENT,🟢 Excellent,USD,USD,False,True,True,1.0,"FCF declarado (-1,133,985,280) se aparta del derivado de flujo operativo menos capex (783,653,000)",100.0,90.0,26.7,65.0,70.0,15.0,11.9,False,flat,32.5,True,2,187.6,True,1,"{'eps_growth_yoy': 32.5, 'positive_quarters': 4, 'earnings_accelerating': True, 'eps_accel_quarters': 2, 'profit_margin_pct': 12.3}","{'revenue_growth_yoy': 187.6, 'revenue_accelerating': True, 'rev_accel_quarters': 1}","{'rs_3m': 4.0, 'rs_6m': -29.1, 'rs_line_percentile': 11.9, 'rs_line_at_new_high': False, 'rs_line_trend': 'flat', 'rs_line_score': 15}","{'roe_pct': 7.5, 'debt_to_equity': 1.35, 'current_ratio': 3.48, 'operating_margin_pct': 28.4}","{'days_to_earnings': 'N/A', 'recommendation': 'buy', 'analyst_upside_pct': 32.0}",67.93,4056849920,Real Estate,Real Estate - Development,9.0,8.1,True,91.07,-25.4,0,False,89.67,100.0,79.0,3.0,buy,32.0,,,151.2,122.6,-27.95,-18.99,,,,,False,,3.2,,80.0,2026-11-09,False,False,6,NEUTRAL,4.82,14.6,,31.7,3.1,0.1,-28.6,2026-08-21T04:47:01.137506
TT,Trane Technologies plc,74.3,⭐⭐⭐ EXCELLENT,🟢 Excellent,USD,USD,False,True,True,1.0,,90.0,80.0,44.0,80.0,65.0,35.0,31.6,False,down,9.1,True,2,10.6,True,2,"{'eps_growth_yoy': 9.1, 'positive_quarters': 4, 'earnings_accelerating': True, 'eps_accel_quarters': 2, 'profit_margin_pct': 13.3}","{'revenue_growth_yoy': 10.6, 'revenue_accelerating': True, 'rev_accel_quarters': 2}","{'rs_3m': -2.0, 'rs_6m': -12.6, 'rs_line_percentile': 31.6, 'rs_line_at_new_high': False, 'rs_line_trend': 'down', 'rs_line_score': 35}","{'roe_pct': 36.6, 'debt_to_equity': 0.53, 'current_ratio': 1.07, 'operating_margin_pct': 19.3}","{'days_to_earnings': 'N/A', 'recommendation': 'buy', 'analyst_upside_pct': 16.8}",451.1,99252461568,Industrials,Building Products & Equipment,1.4,2.5,False,505.87,-10.8,4,False,526.99,575.0,422.0,21.0,buy,16.8,248.18,-45.0,133.1,-70.5,3.15,14.19,0.92,29.7,4.2,1.19,True,-1.37,18.0,5.0,69.0,2026-10-29,False,False,9,STRONG,3.81,102.0,3.63,32.2,,,,2026-08-21T04:43:51.258018
BRK-B,Berkshire Hathaway Inc.,74.2,⭐⭐⭐ EXCELLENT,🟢 Excellent,USD,USD,False,True,False,0.6577,"acciones × precio no cuadra con la capitalización (ratio 0.6577): el dato por acción y el precio no están en la misma unidad — típico de ADR. Los ratios por acción (EPS, FCF/acción, DCF) no son utilizables | FCF declarado (71,975,247,872) se aparta del derivado de flujo operativo menos capex (25,707",100.0,70.0,36.0,90.0,60.0,15.0,16.5,False,down,107.5,True,1,19.2,True,1,"{'eps_growth_yoy': 107.5, 'positive_quarters': 4, 'earnings_accelerating': True, 'eps_accel_quarters': 1, 'profit_margin_pct': 22.3}","{'revenue_growth_yoy': 19.2, 'revenue_accelerating': True, 'rev_accel_quarters': 1}","{'rs_3m': nan, 'rs_6m': nan, 'rs_line_percentile': 16.5, 'rs_line_at_new_high': False, 'rs_line_trend': 'down', 'rs_line_score': 15}","{'roe_pct': 12.1, 'debt_to_equity': 0.17, 'current_ratio': 2.89, 'operating_margin_pct': 32.6}","{'days_to_earnings': 'N/A', 'recommendation': 'buy', 'analyst_upside_pct': 10.2}",496.86,1063633027072,Financial Services,Insurance - Diversified,1.0,2.3,False,537.74,-7.6,0,False,547.67,604.0,510.0,3.0,buy,10.2,,,,,6.77,51.12,,,,,True,-0.42,18.5,75.5,78.0,2026-11-07,False,False,4,NEUTRAL,,,0.21,18.1,,,,2026-08-21T04:42:50.652874
G24.DE,Scout24 SE,74.2,⭐⭐⭐ EXCELLENT,🟢 Excellent,EUR,EUR,False,True,True,1.0,,100.0,70.0,50.0,65.0,70.0,,,,,61.9,True,1,20.0,True,1,"{'eps_growth_yoy': 61.9, 'positive_quarters': 4, 'earnings_accelerating': True, 'eps_accel_quarters': 1, 'profit_margin_pct': 40.2}","{'revenue_growth_yoy': 20.0, 'revenue_accelerating': True, 'rev_accel_quarters': 1}","{'rs_3m': nan, 'rs_6m': nan}","{'roe_pct': 22.8, 'debt_to_equity': 0.59, 'current_ratio': 0.23, 'operating_margin_pct': 44.9}","{'days_to_earnings': 'N/A', 'recommendation': 'buy', 'analyst_upside_pct': 39.1}",76.15,5303104000,Communication Services,Internet Content & Information,,,False,115.9,-34.3,0,False,105.91,140.0,80.0,18.0,buy,39.1,159.71,109.7,119.1,56.4,4.95,3.77,1.94,37.8,1.5,1.52,,,28.2,66.7,75.0,2026-11-04,False,False,6,NEUTRAL,4.78,635.9,0.24,46.4,,,,2026-08-21T04:45:28.164946
IDXX,"IDEXX Laboratories, Inc.",74.0,⭐⭐⭐ EXCELLENT,🟢 Excellent,USD,USD,False,True,True,1.0,"FCF declarado (909,368,384) se aparta del derivado de flujo operativo menos capex (1,233,284,016)",100.0,80.0,24.0,85.0,65.0,15.0,2.5,False,down,23.2,True,2,10.1,True,2,"{'eps_growth_yoy': 23.2, 'positive_quarters': 4, 'earnings_accelerating': True, 'eps_accel_quarters': 2, 'profit_margin_pct': 25.0}","{'revenue_growth_yoy': 10.1, 'revenue_accelerating': True, 'rev_accel_quarters': 2}","{'rs_3m': -2.9, 'rs_6m': -24.0, 'rs_line_percentile': 2.5, 'rs_line_at_new_high': False, 'rs_line_trend': 'down', 'rs_line_score': 15}","{'roe_pct': 74.2, 'debt_to_equity': 0.68, 'current_ratio': 1.17, 'operating_margin_pct': 35.0}","{'days_to_earnings': 'N/A', 'recommendation': 'buy', 'analyst_upside_pct': 28.0}",545.86,43003461632,Healthcare,Diagnostics & Research,2.8,3.2,False,769.98,-29.1,0,False,698.92,805.0,470.0,13.0,buy,28.0,308.05,-43.6,243.06,-55.5,2.11,11.54,,,,,True,-2.73,38.7,12.3,73.0,2026-11-02,False,False,8,STRONG,3.1,120.0,1.85,32.7,,,,2026-08-21T04:40:40.928734
CP,Canadian Pacific Kansas City Limited,73.9,⭐⭐⭐ EXCELLENT,🟢 Excellent,USD,CAD,True,True,True,1.0,"FCF declarado (1,584,599,059) se aparta del derivado de flujo operativo menos capex (855,321,907)",95.0,70.0,68.3,55.0,60.0,80.0,78.8,False,flat,11.3,True,1,13.7,True,1,"{'eps_growth_yoy': 11.3, 'positive_quarters': 4, 'earnings_accelerating': True, 'eps_accel_quarters': 1, 'profit_margin_pct': 25.0}","{'revenue_growth_yoy': 13.7, 'revenue_accelerating': True, 'rev_accel_quarters': 1}","{'rs_3m': 7.3, 'rs_6m': 2.3, 'rs_line_percentile': 78.8, 'rs_line_at_new_high': False, 'rs_line_trend': 'flat', 'rs_line_score': 80}","{'roe_pct': 8.2, 'debt_to_equity': 0.53, 'current_ratio': 0.59, 'operating_margin_pct': 39.0}","{'days_to_earnings': 'N/A', 'recommendation': 'buy', 'analyst_upside_pct': 7.3}",94.83,83363086336,Industrials,Railroads,2.1,7.2,False,95.9939,-1.2,8,True,101.76,111.58,76.44,13.0,buy,7.3,26.52,-72.0,31.1,-67.2,1.9,1.8,0.8,22.1,0.76,0.76,True,-5.0,6.6,-13.5,68.0,2026-10-28,False,False,7,NEUTRAL,5.83,11.8,,22.1,0.2,0.01,-21.9,2026-08-21T04:44:56.633327
BAC,Bank of America Corporation,73.6,⭐⭐⭐ EXCELLENT,🟢 Excellent,USD,USD,False,True,True,1.0,,95.0,60.0,71.9,65.0,60.0,80.0,81.1,False,up,20.6,True,1,14.4,False,0,"{'eps_growth_yoy': 20.6, 'positive_quarters': 4, 'earnings_accelerating': True, 'eps_accel_quarters': 1, 'profit_margin_pct': 29.5}","{'revenue_growth_yoy': 14.4, 'revenue_accelerating': False, 'rev_accel_quarters': 0}","{'rs_3m': 17.8, 'rs_6m': 6.7, 'rs_line_percentile': 81.1, 'rs_line_at_new_high': False, 'rs_line_trend': 'up', 'rs_line_score': 80}","{'roe_pct': 11.2, 'operating_margin_pct': 38.3}","{'days_to_earnings': 'N/A', 'recommendation': 'buy', 'analyst_upside_pct': 11.2}",61.86,432571416576,Financial Services,Banks - Diversified,0.0,0.0,False,65.23,-5.2,8,True,68.77,75.0,62.0,22.0,buy,11.2,76.49,23.7,127.2,105.6,2.92,1.8,2.03,25.9,1.28,2.35,True,-5.81,,34.1,54.0,2026-10-14,False,False,5,NEUTRAL,,,0.34,17.5,0.4,0.02,-17.1,2026-08-21T04:45:39.815608
EQIX,"Equinix, Inc.",72.5,⭐⭐⭐ EXCELLENT,🟢 Excellent,USD,USD,False,True,True,1.0,"FCF declarado (3,776,000,000) se aparta del derivado de flujo operativo menos capex (-368,999,872)",90.0,70.0,57.6,70.0,60.0,60.0,71.8,False,flat,28.1,False,0,13.3,True,1,"{'eps_growth_yoy': 28.1, 'positive_quarters': 4, 'earnings_accelerating': False, 'eps_accel_quarters': 0, 'profit_margin_pct': 15.5}","{'revenue_growth_yoy': 13.3, 'revenue_accelerating': True, 'rev_accel_quarters': 1}","{'rs_3m': -0.8, 'rs_6m': 8.5, 'rs_line_percentile': 71.8, 'rs_line_at_new_high': False, 'rs_line_trend': 'flat', 'rs_line_score': 60}","{'roe_pct': 10.7, 'debt_to_equity': 1.62, 'current_ratio': 1.13, 'operating_margin_pct': 27.0}","{'days_to_earnings': 'N/A', 'recommendation': 'buy', 'analyst_upside_pct': 14.0}",1082.61,106822950912,Real Estate,REIT - Specialty,2.2,3.2,False,1128.68,-4.1,8,True,1234.55,1400.0,1060.0,29.0,buy,14.0,1554.22,43.6,448.99,-58.5,3.53,38.27,1.92,126.8,20.64,1.86,False,,4.0,28.8,68.0,2026-10-28,False,False,6,NEUTRAL,1.57,7.8,2.01,33.3,,,,2026-08-21T04:44:11.482160
CNI,Canadian National Railway Compa,72.4,⭐⭐⭐ EXCELLENT,🟢 Excellent,USD,CAD,True,True,True,1.0,"FCF declarado (2,198,516,649) se aparta del derivado de flujo operativo menos capex (1,438,577,672)",85.0,70.0,71.9,60.0,60.0,80.0,77.1,False,up,9.7,True,1,14.1,True,1,"{'eps_growth_yoy': 9.7, 'positive_quarters': 4, 'earnings_accelerating': True, 'eps_accel_quarters': 1, 'profit_margin_pct': 26.9}","{'revenue_growth_yoy': 14.1, 'revenue_accelerating': True, 'rev_accel_quarters': 1}","{'rs_3m': 11.5, 'rs_6m': 8.4, 'rs_line_percentile': 77.1, 'rs_line_at_new_high': False, 'rs_line_trend': 'up', 'rs_line_score': 80}","{'roe_pct': 22.0, 'debt_to_equity': 1.04, 'current_ratio': 0.87, 'operating_margin_pct': 40.3}","{'days_to_earnings': 'N/A', 'recommendation': 'buy', 'analyst_upside_pct': 10.0}",128.23,77566320640,Industrials,Railroads,,2.9,False,131.55,-2.5,8,True,141.01,154.48,115.6,13.0,buy,10.0,72.24,-43.7,57.53,-55.1,2.83,3.63,2.04,46.3,2.6,2.04,True,-3.88,7.8,7.1,70.0,2026-10-30,False,False,7,NEUTRAL,7.18,14.5,1.93,18.3,1.6,0.09,-16.7,2026-08-21T04:41:49.527667
MRSH,"Marsh & McLennan Companies, Inc.",72.1,⭐⭐⭐ EXCELLENT,🟢 Excellent,USD,USD,False,True,True,1.0,,100.0,60.0,50.3,80.0,50.0,35.0,33.1,False,up,69.5,False,0,16.6,False,0,"{'eps_growth_yoy': 69.5, 'positive_quarters': 4, 'earnings_accelerating': False, 'eps_accel_quarters': 0, 'profit_margin_pct': 14.2}","{'revenue_growth_yoy': 16.6, 'revenue_accelerating': False, 'rev_accel_quarters': 0}","{'rs_3m': 13.5, 'rs_6m': -4.3, 'rs_line_percentile': 33.1, 'rs_line_at_new_high': False, 'rs_line_trend': 'up', 'rs_line_score': 35}","{'roe_pct': 25.9, 'debt_to_equity': 1.45, 'current_ratio': 1.14, 'operating_margin_pct': 26.3}","{'days_to_earnings': 'N/A', 'recommendation': 'hold', 'analyst_upside_pct': 8.6}",190.21,90770358272,Financial Services,Insurance Brokers,1.6,2.8,False,212.65,-10.6,4,False,206.48,238.0,182.0,21.0,hold,8.6,176.87,-7.0,82.4,-56.7,5.27,10.03,2.09,44.0,3.96,1.46,True,-3.2,6.6,2.9,55.0,2026-10-15,False,False,6,NEUTRAL,5.82,146.7,2.28,30.0,,,,2026-08-21T04:39:31.898355
IT,"Gartner, Inc.",72.0,⭐⭐⭐ EXCELLENT,🟢 Excellent,USD,USD,False,True,True,1.0,,100.0,60.0,61.4,65.0,50.0,35.0,36.4,False,up,679.2,True,1,10.0,True,1,"{'eps_growth_yoy': 679.2, 'positive_quarters': 4, 'earnings_accelerating': True, 'eps_accel_quarters': 1, 'profit_margin_pct': 12.0}","{'revenue_growth_yoy': 10.0, 'revenue_accelerating': True, 'rev_accel_quarters': 1}","{'rs_3m': 21.7, 'rs_6m': 12.7, 'rs_line_percentile': 36.4, 'rs_line_at_new_high': False, 'rs_line_trend': 'up', 'rs_line_score': 35}","{'roe_pct': 113.6, 'current_ratio': 0.88, 'operating_margin_pct': 22.6}","{'days_to_earnings': 'N/A', 'recommendation': 'hold', 'analyst_upside_pct': -4.4}",193.68,12230692864,Technology,Information Technology Services,21.6,7.4,True,265.85,-27.1,3,False,185.15,229.0,150.0,13.0,hold,-4.4,706.85,265.0,335.4,73.2,8.61,16.67,,,,,True,-21.55,8.2,13.2,74.0,2026-11-03,False,False,6,NEUTRAL,7.77,255.4,0.36,97.1,0.8,0.01,-96.3,2026-08-21T04:43:39.239068
TECK,Teck Resources Limited,71.4,⭐⭐⭐ EXCELLENT,🟢 Excellent,USD,CAD,True,True,True,0.9845,,100.0,50.0,68.3,75.0,40.0,80.0,85.4,False,up,203.9,False,0,6.5,False,0,"{'eps_growth_yoy': 203.9, 'positive_quarters': 4, 'earnings_accelerating': False, 'eps_accel_quarters': 0, 'profit_margin_pct': 17.9}","{'revenue_growth_yoy': 6.5, 'revenue_accelerating': False, 'rev_accel_quarters': 0}","{'rs_3m': 7.0, 'rs_6m': 3.5, 'rs_line_percentile': 85.4, 'rs_line_at_new_high': False, 'rs_line_trend': 'up', 'rs_line_score': 80}","{'roe_pct': 8.7, 'debt_to_equity': 0.34, 'current_ratio': 3.12, 'operating_margin_pct': 44.1}","{'days_to_earnings': 'N/A', 'recommendation': 'none', 'analyst_upside_pct': -17.5}",66.16,32458098688,Basic Materials,Copper,,4.0,False,71.25,-7.1,8,True,54.6,69.62,36.86,4.0,none,-17.5,110.8,67.5,110.4,66.9,3.89,2.61,0.54,9.8,0.35,0.99,True,-0.44,6.5,162.2,62.0,2026-10-22,False,False,5,NEUTRAL,6.41,6.5,0.06,58.0,,,,2026-08-21T04:47:21.978487
AME,"AMETEK, Inc.",71.1,⭐⭐⭐ EXCELLENT,🟢 Excellent,USD,USD,False,True,True,1.0,,85.0,60.0,56.7,85.0,65.0,60.0,53.3,False,flat,9.6,True,1,8.0,True,1,"{'eps_growth_yoy': 9.6, 'positive_quarters': 4, 'earnings_accelerating': True, 'eps_accel_quarters': 1, 'profit_margin_pct': 20.0}","{'revenue_growth_yoy': 8.0, 'revenue_accelerating': True, 'rev_accel_quarters': 1}","{'rs_3m': 3.2, 'rs_6m': -8.4, 'rs_line_percentile': 53.3, 'rs_line_at_new_high': False, 'rs_line_trend': 'flat', 'rs_line_score': 60}","{'roe_pct': 14.6, 'debt_to_equity': 0.21, 'current_ratio': 1.21, 'operating_margin_pct': 26.2}","{'days_to_earnings': 'N/A', 'recommendation': 'buy', 'analyst_upside_pct': 16.1}",239.08,54811779072,Industrials,Specialty Industrial Machinery,1.6,3.1,False,261.16,-8.5,6,False,277.5,316.0,217.0,18.0,buy,16.1,151.97,-36.4,95.42,-60.1,2.72,6.51,0.56,19.0,1.36,0.62,True,-0.81,20.8,14.2,69.0,2026-10-29,False,False,6,NEUTRAL,3.32,144.0,1.87,27.0,0.4,0.01,-26.6,2026-08-21T04:44:19.530128
DSGX,The Descartes Systems Group Inc.,71.0,⭐⭐⭐ EXCELLENT,🟢 Excellent,USD,USD,False,True,True,1.0,,100.0,50.0,42.3,90.0,65.0,15.0,16.4,False,flat,27.5,True,1,7.7,False,0,"{'eps_growth_yoy': 27.5, 'positive_quarters': 4, 'earnings_accelerating': True, 'eps_accel_quarters': 1, 'profit_margin_pct': 23.3}","{'revenue_growth_yoy': 7.7, 'revenue_accelerating': False, 'rev_accel_quarters': 0}","{'rs_3m': 6.9, 'rs_6m': 8.1, 'rs_line_percentile': 16.4, 'rs_line_at_new_high': False, 'rs_line_trend': 'flat', 'rs_line_score': 15}","{'roe_pct': 11.4, 'debt_to_equity': 0.0, 'current_ratio': 2.05, 'operating_margin_pct': 32.9}","{'days_to_earnings': 'N/A', 'recommendation': 'buy', 'analyst_upside_pct': 28.2}",77.83,6669317120,Technology,Software - Application,,5.3,False,109.0,-28.6,2,False,99.79,126.0,82.0,14.0,buy,28.2,132.77,70.6,60.6,-22.1,4.02,3.13,,,,,True,-0.31,243.4,34.1,20.0,2026-09-10,False,True,6,NEUTRAL,3.45,77.7,0.7,57.1,3.1,0.05,-54.0,2026-08-21T04:42:22.416288
FICO,Fair Isaac Corporation,71.0,⭐⭐⭐ EXCELLENT,🟢 Excellent,USD,USD,False,True,True,1.0,,100.0,80.0,24.0,65.0,65.0,15.0,11.1,False,down,53.0,False,0,30.7,False,0,"{'eps_growth_yoy': 53.0, 'positive_quarters': 4, 'earnings_accelerating': False, 'eps_accel_quarters': 0, 'profit_margin_pct': 34.1}","{'revenue_growth_yoy': 30.7, 'revenue_accelerating': False, 'rev_accel_quarters': 0}","{'rs_3m': -5.7, 'rs_6m': -26.1, 'rs_line_percentile': 11.1, 'rs_line_at_new_high': False, 'rs_line_trend': 'down', 'rs_line_score': 15}","{'current_ratio': 1.18, 'operating_margin_pct': 53.8}","{'days_to_earnings': 'N/A', 'recommendation': 'buy', 'analyst_upside_pct': 28.4}",1149.75,24831881216,Technology,Software - Application,10.3,6.0,True,1998.01,-42.5,1,False,1476.32,1750.0,707.0,19.0,buy,28.4,1520.61,32.3,1024.5,-10.9,3.12,35.86,,,,0.09,True,-14.47,6.7,41.2,75.0,2026-11-04,False,False,7,NEUTRAL,3.1,996.8,0.53,85.9,,,,2026-08-21T04:41:20.956470
QSR,Restaurant Brands International,70.8,⭐⭐⭐ EXCELLENT,🟢 Excellent,USD,USD,False,True,False,0.7613,"acciones × precio no cuadra con la capitalización (ratio 0.7613): el dato por acción y el precio no están en la misma unidad — típico de ADR. Los ratios por acción (EPS, FCF/acción, DCF) no son utilizables",100.0,60.0,50.3,65.0,60.0,35.0,49.2,False,up,58.9,True,2,2.9,True,1,"{'eps_growth_yoy': 58.9, 'positive_quarters': 4, 'earnings_accelerating': True, 'eps_accel_quarters': 2, 'profit_margin_pct': 13.1}","{'revenue_growth_yoy': 2.9, 'revenue_accelerating': True, 'rev_accel_quarters': 1}","{'rs_3m': 3.1, 'rs_6m': 7.7, 'rs_line_percentile': 49.2, 'rs_line_at_new_high': False, 'rs_line_trend': 'up', 'rs_line_score': 35}","{'roe_pct': 34.8, 'debt_to_equity': 2.9, 'current_ratio': 1.01, 'operating_margin_pct': 27.7}","{'days_to_earnings': 'N/A', 'recommendation': 'buy', 'analyst_upside_pct': 7.7}",79.55,36442730496,Consumer Cyclical,Restaurants,5.9,6.7,False,81.96,-2.9,6,False,85.65,104.0,78.0,23.0,buy,7.7,,,,,4.7,4.91,3.37,63.8,2.6,3.41,True,-0.47,5.2,151.2,69.0,2026-10-29,False,False,6,NEUTRAL,5.03,51.7,0.12,25.9,0.8,0.03,-25.1,2026-08-21T04:46:52.565534
GWW,"W.W. Grainger, Inc.",70.8,⭐⭐⭐ EXCELLENT,🟢 Excellent,USD,USD,False,True,True,1.0,,95.0,50.0,60.3,85.0,50.0,60.0,63.7,False,down,93.9,False,0,7.8,False,0,"{'eps_growth_yoy': 93.9, 'positive_quarters': 4, 'earnings_accelerating': False, 'eps_accel_quarters': 0, 'profit_margin_pct': 9.9}","{'revenue_growth_yoy': 7.8, 'revenue_accelerating': False, 'rev_accel_quarters': 0}","{'rs_3m': 0.1, 'rs_6m': 4.1, 'rs_line_percentile': 63.7, 'rs_line_at_new_high': False, 'rs_line_trend': 'down', 'rs_line_score': 60}","{'roe_pct': 46.1, 'debt_to_equity': 0.62, 'current_ratio': 2.81, 'operating_margin_pct': 16.1}","{'days_to_earnings': 'N/A', 'recommendation': 'hold', 'analyst_upside_pct': 1.9}",1300.34,61247238144,Industrials,Industrial Distribution,2.7,3.9,False,1419.91,-8.4,6,False,1325.43,1500.0,1100.0,14.0,hold,1.9,790.48,-39.2,799.7,-38.5,2.04,26.49,0.76,23.6,9.96,1.0,True,-1.63,34.1,8.2,75.0,2026-11-04,False,False,6,NEUTRAL,3.93,40.8,1.24,24.3,,,,2026-08-21T04:45:13.183282
CTAS,Cintas Corporation,70.8,⭐⭐⭐ EXCELLENT,🟢 Excellent,USD,USD,False,True,True,1.0,,90.0,60.0,50.3,85.0,60.0,35.0,39.1,False,up,4.0,True,2,6.9,True,1,"{'eps_growth_yoy': 4.0, 'positive_quarters': 4, 'earnings_accelerating': True, 'eps_accel_quarters': 2, 'profit_margin_pct': 17.8}","{'revenue_growth_yoy': 6.9, 'revenue_accelerating': True, 'rev_accel_quarters': 1}","{'rs_3m': 15.6, 'rs_6m': -7.0, 'rs_line_percentile': 39.1, 'rs_line_at_new_high': False, 'rs_line_trend': 'up', 'rs_line_score': 35}","{'roe_pct': 40.7, 'debt_to_equity': 0.53, 'current_ratio': 1.43, 'operating_margin_pct': 23.7}","{'days_to_earnings': 'N/A', 'recommendation': 'buy', 'analyst_upside_pct': 6.3}",203.52,81442512896,Industrials,Specialty Business Services,3.8,4.4,False,219.17,-7.1,5,False,216.31,250.0,175.0,16.0,buy,6.3,90.31,-55.6,76.91,-62.2,1.8,3.66,1.02,36.7,2.08,0.89,True,-1.17,24.6,10.9,33.0,2026-09-23,False,False,8,STRONG,3.11,82.2,2.13,23.7,0.8,0.03,-22.9,2026-08-21T04:38:55.626995
PGR,The Progressive Corporation,70.6,⭐⭐⭐ EXCELLENT,🟢 Excellent,USD,USD,False,True,True,1.0,,100.0,60.0,46.7,75.0,50.0,35.0,30.7,False,up,26.6,True,1,4.9,True,1,"{'eps_growth_yoy': 26.6, 'positive_quarters': 4, 'earnings_accelerating': True, 'eps_accel_quarters': 1, 'profit_margin_pct': 12.8}","{'revenue_growth_yoy': 4.9, 'revenue_accelerating': True, 'rev_accel_quarters': 1}","{'rs_3m': 5.7, 'rs_6m': -2.7, 'rs_line_percentile': 30.7, 'rs_line_at_new_high': False, 'rs_line_trend': 'up', 'rs_line_score': 35}","{'roe_pct': 34.9, 'debt_to_equity': 0.24, 'current_ratio': 0.29, 'operating_margin_pct': 18.2}","{'days_to_earnings': 'N/A', 'recommendation': 'hold', 'analyst_upside_pct': 4.2}",220.34,128099459072,Financial Services,Insurance - Property & Casualty,1.4,2.6,False,252.82,-12.8,4,False,229.68,309.0,198.0,21.0,hold,4.2,416.46,89.0,199.2,-9.6,11.8,26.0,0.18,69.7,0.4,1.97,True,-0.93,50.8,2.0,54.0,2026-10-14,False,False,6,NEUTRAL,10.8,,2.71,30.8,,,,2026-08-21T04:44:07.415755
DBOEY,Deutsche Börse AG,70.5,⭐⭐⭐ EXCELLENT,🟢 Excellent,USD,EUR,True,True,True,1.0,,85.0,60.0,65.1,80.0,50.0,60.0,67.4,False,up,11.9,False,0,11.7,False,0,"{'eps_growth_yoy': 11.9, 'positive_quarters': 4, 'earnings_accelerating': False, 'eps_accel_quarters': 0, 'profit_margin_pct': 27.3}","{'revenue_growth_yoy': 11.7, 'revenue_accelerating': False, 'rev_accel_quarters': 0}","{'rs_3m': 6.3, 'rs_6m': 18.3, 'rs_line_percentile': 67.4, 'rs_line_at_new_high': False, 'rs_line_trend': 'up', 'rs_line_score': 60}","{'roe_pct': 20.4, 'debt_to_equity': 0.58, 'current_ratio': 1.01, 'operating_margin_pct': 41.9}","{'days_to_earnings': 'N/A', 'recommendation': 'none', 'analyst_upside_pct': 9.4}",32.56,58701664256,Financial Services,Financial Data & Stock Exchanges,,,False,32.72,-0.5,7,True,35.62,35.62,35.62,1.0,none,9.4,32.39,-0.5,18.5,-43.2,4.35,1.41,1.5,36.0,0.49,1.9,,,,6.9,60.0,2026-10-20,False,False,5,NEUTRAL,4.8,66.8,1.52,19.3,,,,2026-08-21T04:42:06.047168
TMO,Thermo Fisher Scientific Inc,70.5,⭐⭐⭐ EXCELLENT,🟢 Excellent,USD,USD,False,True,True,1.0,,80.0,60.0,71.4,75.0,60.0,60.0,67.8,False,up,7.4,True,1,7.8,True,1,"{'eps_growth_yoy': 7.4, 'positive_quarters': 4, 'earnings_accelerating': True, 'eps_accel_quarters': 1, 'profit_margin_pct': 15.0}","{'revenue_growth_yoy': 7.8, 'revenue_accelerating': True, 'rev_accel_quarters': 1}","{'rs_3m': 36.8, 'rs_6m': 11.9, 'rs_line_percentile': 67.8, 'rs_line_at_new_high': False, 'rs_line_trend': 'up', 'rs_line_score': 60}","{'roe_pct': 13.5, 'debt_to_equity': 0.81, 'current_ratio': 1.55, 'operating_margin_pct': 18.8}","{'days_to_earnings': 'N/A', 'recommendation': 'buy', 'analyst_upside_pct': 0.6}",627.55,232034910208,Healthcare,Diagnostics & Research,1.4,2.2,False,643.99,-2.6,6,False,631.42,750.0,520.0,26.0,buy,0.6,324.49,-48.3,190.1,-69.7,2.69,16.87,0.31,9.7,1.88,0.26,True,-2.15,6.2,9.4,61.0,2026-10-21,False,False,5,NEUTRAL,3.22,36.2,2.43,37.9,0.4,0.01,-37.5,2026-08-21T04:40:56.806329
ICE,Intercontinental Exchange Inc.,70.1,⭐⭐⭐ EXCELLENT,🟢 Excellent,USD,USD,False,True,True,1.0,,85.0,70.0,46.7,75.0,65.0,35.0,37.0,False,up,17.4,False,0,20.1,False,0,"{'eps_growth_yoy': 17.4, 'positive_quarters': 4, 'earnings_accelerating': False, 'eps_accel_quarters': 0, 'profit_margin_pct': 38.2}","{'revenue_growth_yoy': 20.1, 'revenue_accelerating': False, 'rev_accel_quarters': 0}","{'rs_3m': 0.4, 'rs_6m': -8.3, 'rs_line_percentile': 37.0, 'rs_line_at_new_high': False, 'rs_line_trend': 'up', 'rs_line_score': 35}","{'roe_pct': 14.1, 'debt_to_equity': 0.69, 'current_ratio': 1.01, 'operating_margin_pct': 52.6}","{'days_to_earnings': 'N/A', 'recommendation': 'strong_buy', 'analyst_upside_pct': 16.9}",158.61,89042780160,Financial Services,Financial Data & Stock Exchanges,1.6,1.8,False,181.65,-12.7,4,False,185.36,232.0,163.0,14.0,strong_buy,16.9,151.13,-4.7,101.53,-36.0,4.08,6.47,1.32,28.2,2.08,1.25,True,-2.36,7.6,14.2,69.0,2026-10-29,False,False,8,STRONG,4.74,118.3,1.27,19.9,,,,2026-08-21T04:41:53.445485
CSU.TO,Constellation Software Inc.,69.9,⭐⭐ GOOD,🟡 Good,CAD,USD,True,True,True,1.0,,100.0,60.0,50.7,55.0,65.0,15.0,19.4,False,up,555.4,True,1,11.9,False,0,"{'eps_growth_yoy': 555.4, 'positive_quarters': 4, 'earnings_accelerating': True, 'eps_accel_quarters': 1, 'profit_margin_pct': 7.6}","{'revenue_growth_yoy': 11.9, 'revenue_accelerating': False, 'rev_accel_quarters': 0}","{'rs_3m': 9.8, 'rs_6m': 25.2, 'rs_line_percentile': 19.4, 'rs_line_at_new_high': False, 'rs_line_trend': 'up', 'rs_line_score': 15}","{'roe_pct': 23.3, 'debt_to_equity': 1.2, 'current_ratio': 0.9, 'operating_margin_pct': 15.1}","{'days_to_earnings': 'N/A', 'recommendation': 'buy', 'analyst_upside_pct': 27.2}",3075.89,65182814208,Technology,Software - Application,,5.3,False,4634.98,-33.6,4,False,3913.38,5438.88,3252.58,12.0,buy,27.2,7697.18,150.2,1889.7,-38.6,5.9,181.5,0.18,8.8,5.57,0.19,False,,5.5,389.3,77.0,2026-11-06,False,False,6,NEUTRAL,1.74,191.5,0.04,61.6,,,,2026-08-21T04:40:05.108512
ROP,"Roper Technologies, Inc.",69.8,⭐⭐ GOOD,🟡 Good,USD,USD,False,True,True,1.0,,100.0,50.0,61.4,60.0,60.0,35.0,28.2,False,up,193.2,True,2,4.5,False,0,"{'eps_growth_yoy': 193.2, 'positive_quarters': 4, 'earnings_accelerating': True, 'eps_accel_quarters': 2, 'profit_margin_pct': 30.2}","{'revenue_growth_yoy': 4.5, 'revenue_accelerating': False, 'rev_accel_quarters': 0}","{'rs_3m': 21.4, 'rs_6m': 19.5, 'rs_line_percentile': 28.2, 'rs_line_at_new_high': False, 'rs_line_trend': 'up', 'rs_line_score': 35}","{'roe_pct': 13.1, 'debt_to_equity': 0.61, 'current_ratio': 0.55, 'operating_margin_pct': 27.7}","{'days_to_earnings': 'N/A', 'recommendation': 'buy', 'analyst_upside_pct': 8.5}",410.45,40593862656,Technology,Software - Application,6.2,5.9,False,538.21,-23.7,4,False,445.2,550.0,335.0,15.0,buy,8.5,971.52,136.7,725.4,76.7,5.58,22.91,0.89,14.5,3.64,0.6,True,-6.72,8.6,163.1,62.0,2026-10-22,False,False,6,NEUTRAL,4.39,1441.1,0.07,34.9,,,,2026-08-21T04:39:03.468261
MA,Mastercard Incorporated,69.8,⭐⭐ GOOD,🟡 Good,USD,USD,False,True,True,0.9925,,95.0,60.0,50.3,65.0,65.0,35.0,40.9,False,up,11.7,True,1,7.8,True,1,"{'eps_growth_yoy': 11.7, 'positive_quarters': 4, 'earnings_accelerating': True, 'eps_accel_quarters': 1, 'profit_margin_pct': 46.3}","{'revenue_growth_yoy': 7.8, 'revenue_accelerating': True, 'rev_accel_quarters': 1}","{'rs_3m': 12.1, 'rs_6m': -1.8, 'rs_line_percentile': 40.9, 'rs_line_at_new_high': False, 'rs_line_trend': 'up', 'rs_line_score': 35}","{'roe_pct': 241.2, 'debt_to_equity': 4.4, 'current_ratio': 1.06, 'operating_margin_pct': 61.1}","{'days_to_earnings': 'N/A', 'recommendation': 'strong_buy', 'analyst_upside_pct': 16.3}",573.85,502698278912,Financial Services,Credit Services,1.0,2.8,False,601.77,-4.6,5,False,667.3,735.0,550.0,37.0,strong_buy,16.3,618.54,7.8,402.0,-29.9,3.37,19.51,0.61,17.9,3.48,0.54,True,-3.15,28.0,22.1,69.0,2026-10-29,False,False,9,STRONG,3.74,622.8,1.13,19.6,,,,2026-08-21T04:39:36.292334
UNH,UnitedHealth Group Incorporated,69.7,⭐⭐ GOOD,🟡 Good,USD,USD,False,True,True,1.0,,100.0,50.0,66.0,50.0,65.0,60.0,57.9,False,down,84.4,True,1,0.1,False,0,"{'eps_growth_yoy': 84.4, 'positive_quarters': 4, 'earnings_accelerating': True, 'eps_accel_quarters': 1, 'profit_margin_pct': 3.1}","{'revenue_growth_yoy': 0.1, 'revenue_accelerating': False, 'rev_accel_quarters': 0}","{'rs_3m': -1.7, 'rs_6m': 23.3, 'rs_line_percentile': 57.9, 'rs_line_at_new_high': False, 'rs_line_trend': 'down', 'rs_line_score': 60}","{'roe_pct': 14.2, 'debt_to_equity': 0.69, 'current_ratio': 0.78, 'operating_margin_pct': 7.1}","{'days_to_earnings': 'N/A', 'recommendation': 'buy', 'analyst_upside_pct': 23.5}",384.85,345439371264,Healthcare,Healthcare Plans,1.9,2.7,False,461.62,-16.6,6,False,475.23,529.0,313.0,26.0,buy,23.5,1146.78,198.0,461.7,20.0,7.03,27.04,2.39,57.5,9.28,1.65,True,-0.74,4.7,61.5,67.0,2026-10-27,False,False,6,NEUTRAL,4.74,173.8,0.28,20.7,,,,2026-08-21T04:46:03.267502
V,Visa Inc.,69.6,⭐⭐ GOOD,🟡 Good,USD,USD,False,True,False,0.9127,"acciones × precio no cuadra con la capitalización (ratio 0.9127): el dato por acción y el precio no están en la misma unidad — típico de ADR. Los ratios por acción (EPS, FCF/acción, DCF) no son utilizables",85.0,70.0,50.3,70.0,60.0,35.0,48.6,False,up,10.6,False,0,8.5,True,2,"{'eps_growth_yoy': 10.6, 'positive_quarters': 4, 'earnings_accelerating': False, 'eps_accel_quarters': 0, 'profit_margin_pct': 50.8}","{'revenue_growth_yoy': 8.5, 'revenue_accelerating': True, 'rev_accel_quarters': 2}","{'rs_3m': 7.7, 'rs_6m': 3.2, 'rs_line_percentile': 48.6, 'rs_line_at_new_high': False, 'rs_line_trend': 'up', 'rs_line_score': 35}","{'roe_pct': 61.2, 'debt_to_equity': 0.68, 'current_ratio': 0.98, 'operating_margin_pct': 66.1}","{'days_to_earnings': 'N/A', 'recommendation': 'strong_buy', 'analyst_upside_pct': 13.8}",365.73,682835247104,Financial Services,Credit Services,1.2,2.6,False,373.97,-2.2,5,False,416.2,450.0,330.0,37.0,strong_buy,13.8,,,,,2.99,11.97,0.73,22.1,2.68,0.7,True,-3.13,35.7,10.2,67.0,2026-10-27,False,False,6,NEUTRAL,3.89,381.9,2.39,16.5,,,,2026-08-21T04:38:51.162878
DVA,DaVita Inc.,69.3,⭐⭐ GOOD,🟡 Good,USD,USD,False,True,True,1.0,"FCF declarado (1,042,460,032) se aparta del derivado de flujo operativo menos capex (1,617,291,072)",100.0,60.0,44.0,60.0,65.0,35.0,44.3,False,down,76.5,True,1,3.9,True,1,"{'eps_growth_yoy': 76.5, 'positive_quarters': 4, 'earnings_accelerating': True, 'eps_accel_quarters': 1, 'profit_margin_pct': 6.0}","{'revenue_growth_yoy': 3.9, 'revenue_accelerating': True, 'rev_accel_quarters': 1}","{'rs_3m': nan, 'rs_6m': nan, 'rs_line_percentile': 44.3, 'rs_line_at_new_high': False, 'rs_line_trend': 'down', 'rs_line_score': 35}","{'roe_pct': 88.5, 'debt_to_equity': 12.42, 'current_ratio': 1.47, 'operating_margin_pct': 16.1}","{'days_to_earnings': 'N/A', 'recommendation': 'buy', 'analyst_upside_pct': 24.6}",175.24,11180312576,Healthcare,Medical Care Facilities,13.2,6.3,True,247.49,-29.2,0,False,218.43,270.0,165.0,7.0,buy,24.6,692.93,295.4,350.1,99.8,9.32,16.34,,,,,True,-13.95,3.5,39.1,68.0,2026-10-28,False,False,6,NEUTRAL,7.48,31.4,0.18,63.1,,,,2026-08-21T04:45:51.786416
SYK,Stryker Corporation,68.8,⭐⭐ GOOD,🟡 Good,USD,USD,False,True,True,1.0,,100.0,60.0,26.7,80.0,65.0,15.0,20.7,False,up,48.5,True,1,8.8,True,1,"{'eps_growth_yoy': 48.5, 'positive_quarters': 4, 'earnings_accelerating': True, 'eps_accel_quarters': 1, 'profit_margin_pct': 14.4}","{'revenue_growth_yoy': 8.8, 'revenue_accelerating': True, 'rev_accel_quarters': 1}","{'rs_3m': 0.5, 'rs_6m': -23.9, 'rs_line_percentile': 20.7, 'rs_line_at_new_high': False, 'rs_line_trend': 'up', 'rs_line_score': 15}","{'roe_pct': 16.5, 'debt_to_equity': 0.64, 'current_ratio': 2.16, 'operating_margin_pct': 27.0}","{'days_to_earnings': 'N/A', 'recommendation': 'buy', 'analyst_upside_pct': 16.8}",327.7,125696892928,Healthcare,Medical Devices,2.3,3.3,False,396.86,-17.4,2,False,382.72,465.0,315.0,25.0,buy,16.8,454.14,38.6,279.3,-14.8,3.27,10.71,1.04,36.1,3.52,0.99,False,,20.0,44.1,69.0,2026-10-29,False,False,5,NEUTRAL,3.72,47.3,0.44,40.1,0.8,0.02,-39.3,2026-08-21T04:40:48.641500
ATLKY,Atlas Copco AB (publ),68.6,⭐⭐ GOOD,🟡 Good,USD,SEK,True,True,False,0.6801,"acciones × precio no cuadra con la capitalización (ratio 0.6801): el dato por acción y el precio no están en la misma unidad — típico de ADR. Los ratios por acción (EPS, FCF/acción, DCF) no son utilizables | FCF declarado (2,743,389,814) se aparta del derivado de flujo operativo menos capex (26,379,",80.0,60.0,60.3,80.0,55.0,60.0,51.7,False,up,8.2,True,1,9.1,True,1,"{'eps_growth_yoy': 8.2, 'positive_quarters': 4, 'earnings_accelerating': True, 'eps_accel_quarters': 1, 'profit_margin_pct': 15.7}","{'revenue_growth_yoy': 9.1, 'revenue_accelerating': True, 'rev_accel_quarters': 1}","{'rs_3m': 10.7, 'rs_6m': -11.9, 'rs_line_percentile': 51.7, 'rs_line_at_new_high': False, 'rs_line_trend': 'up', 'rs_line_score': 60}","{'roe_pct': 25.7, 'debt_to_equity': 0.34, 'current_ratio': 1.27}","{'days_to_earnings': 'N/A', 'recommendation': 'none', 'analyst_upside_pct': 23.0}",21.14,103134035968,Industrials,Specialty Industrial Machinery,,,False,22.42,-5.7,7,True,26.0,26.0,26.0,1.0,none,23.0,,,,,2.66,0.83,2.63,73.8,0.56,1.57,False,,126.5,4.0,,,False,False,6,NEUTRAL,,53.6,3.33,32.8,,,,2026-08-21T04:44:23.744807
ETN,"Eaton Corporation, PLC",68.3,⭐⭐ GOOD,🟡 Good,USD,USD,False,True,True,1.0,,60.0,90.0,56.7,70.0,60.0,60.0,59.0,False,flat,-18.7,True,1,22.1,True,2,"{'eps_growth_yoy': -18.7, 'positive_quarters': 4, 'earnings_accelerating': True, 'eps_accel_quarters': 1, 'profit_margin_pct': 12.8}","{'revenue_growth_yoy': 22.1, 'revenue_accelerating': True, 'rev_accel_quarters': 2}","{'rs_3m': 9.0, 'rs_6m': -1.1, 'rs_line_percentile': 59.0, 'rs_line_at_new_high': False, 'rs_line_trend': 'flat', 'rs_line_score': 60}","{'roe_pct': 19.7, 'debt_to_equity': 1.05, 'current_ratio': 1.24, 'operating_margin_pct': 16.6}","{'days_to_earnings': 'N/A', 'recommendation': 'buy', 'analyst_upside_pct': 14.7}",415.29,161298644992,Industrials,Specialty Industrial Machinery,1.8,2.9,False,478.0,-13.1,7,True,476.43,534.0,333.0,24.0,buy,14.7,117.67,-71.7,95.9,-76.9,1.93,8.0,1.04,43.6,4.4,1.55,True,-0.34,11.9,-15.9,74.0,2026-11-03,False,False,7,NEUTRAL,2.84,64.1,,56.5,1.6,0.03,-54.9,2026-08-21T04:43:30.919146
FAST,Fastenal Company,68.3,⭐⭐ GOOD,🟡 Good,USD,USD,False,True,True,1.0,,80.0,60.0,50.3,95.0,50.0,35.0,43.9,False,up,14.1,False,0,11.9,False,0,"{'eps_growth_yoy': 14.1, 'positive_quarters': 4, 'earnings_accelerating': False, 'eps_accel_quarters': 0, 'profit_margin_pct': 15.5}","{'revenue_growth_yoy': 11.9, 'revenue_accelerating': False, 'rev_accel_quarters': 0}","{'rs_3m': 13.7, 'rs_6m': -0.4, 'rs_line_percentile': 43.9, 'rs_line_at_new_high': False, 'rs_line_trend': 'up', 'rs_line_score': 35}","{'roe_pct': 34.3, 'debt_to_equity': 0.11, 'current_ratio': 4.18, 'operating_margin_pct': 21.0}","{'days_to_earnings': 'N/A', 'recommendation': 'hold', 'analyst_upside_pct': -4.2}",50.66,58132230144,Industrials,Industrial Distribution,3.6,4.0,False,52.92,-4.3,6,False,48.53,59.0,39.9,13.0,hold,-4.2,18.94,-62.6,16.79,-66.9,1.58,0.8,1.87,78.6,0.96,2.16,True,-0.09,395.6,5.8,54.0,2026-10-14,False,False,8,STRONG,2.85,39.6,2.48,23.2,,,,2026-08-21T04:44:03.325152
MCO,Moody's Corporation,68.3,⭐⭐ GOOD,🟡 Good,USD,USD,False,True,True,1.0,,100.0,50.0,50.3,65.0,60.0,35.0,33.9,False,up,35.9,True,2,8.9,False,0,"{'eps_growth_yoy': 35.9, 'positive_quarters': 4, 'earnings_accelerating': True, 'eps_accel_quarters': 2, 'profit_margin_pct': 34.3}","{'revenue_growth_yoy': 8.9, 'revenue_accelerating': False, 'rev_accel_quarters': 0}","{'rs_3m': 9.8, 'rs_6m': 7.4, 'rs_line_percentile': 33.9, 'rs_line_at_new_high': False, 'rs_line_trend': 'up', 'rs_line_score': 35}","{'roe_pct': 76.9, 'debt_to_equity': 2.41, 'current_ratio': 1.19, 'operating_margin_pct': 49.5}","{'days_to_earnings': 'N/A', 'recommendation': 'buy', 'analyst_upside_pct': 12.4}",498.77,86377480192,Financial Services,Financial Data & Stock Exchanges,2.1,3.4,False,546.88,-8.8,5,False,560.48,610.0,505.0,21.0,buy,12.4,631.57,26.6,474.3,-4.9,2.99,14.89,0.83,25.0,4.12,0.81,False,,14.5,56.7,61.0,2026-10-21,False,False,8,STRONG,3.68,106.3,0.47,31.0,0.2,0.01,-30.8,2026-08-21T04:40:25.280898
WM,"Waste Management, Inc.",68.0,⭐⭐ GOOD,🟡 Good,USD,USD,False,True,True,1.0,"FCF declarado (2,348,375,040) se aparta del derivado de flujo operativo menos capex (3,290,000,192)",100.0,70.0,36.0,45.0,65.0,15.0,19.0,False,flat,30.2,True,1,3.7,True,2,"{'eps_growth_yoy': 30.2, 'positive_quarters': 4, 'earnings_accelerating': True, 'eps_accel_quarters': 1, 'profit_margin_pct': 11.1}","{'revenue_growth_yoy': 3.7, 'revenue_accelerating': True, 'rev_accel_quarters': 2}","{'rs_3m': -1.3, 'rs_6m': -14.3, 'rs_line_percentile': 19.0, 'rs_line_at_new_high': False, 'rs_line_trend': 'flat', 'rs_line_score': 15}","{'roe_pct': 29.8, 'debt_to_equity': 2.35, 'current_ratio': 0.91, 'operating_margin_pct': 19.0}","{'days_to_earnings': 'N/A', 'recommendation': 'buy', 'analyst_upside_pct': 15.6}",224.92,89903939584,Industrials,Waste Management,1.6,3.4,False,248.13,-9.4,4,False,259.92,277.0,220.0,25.0,buy,15.6,108.01,-52.0,38.0,-83.1,2.61,5.88,1.57,93.2,3.54,1.49,True,-1.12,5.0,8.3,66.0,2026-10-26,False,False,8,STRONG,3.85,21.3,2.97,18.4,,,,2026-08-21T04:38:47.326601
CPRT,"Copart, Inc.",67.7,⭐⭐ GOOD,🟡 Good,USD,USD,False,True,True,1.0,,85.0,60.0,36.0,90.0,65.0,15.0,21.3,False,up,1.5,True,1,10.0,True,1,"{'eps_growth_yoy': 1.5, 'positive_quarters': 4, 'earnings_accelerating': True, 'eps_accel_quarters': 1, 'profit_margin_pct': 33.5}","{'revenue_growth_yoy': 10.0, 'revenue_accelerating': True, 'rev_accel_quarters': 1}","{'rs_3m': -3.1, 'rs_6m': -17.1, 'rs_line_percentile': 21.3, 'rs_line_at_new_high': False, 'rs_line_trend': 'up', 'rs_line_score': 15}","{'roe_pct': 17.6, 'debt_to_equity': 0.01, 'current_ratio': 7.61, 'operating_margin_pct': 37.5}","{'days_to_earnings': 'N/A', 'recommendation': 'buy', 'analyst_upside_pct': 17.4}",34.33,31783108608,Industrials,Specialty Business Services,5.7,3.3,False,50.11,-31.5,1,False,40.3,55.0,26.0,10.0,buy,17.4,15.89,-53.7,16.1,-53.1,3.15,1.08,,,,,True,-4.45,,1.6,13.0,2026-09-03,False,True,6,NEUTRAL,6.13,19.3,8.88,47.4,1.6,0.03,-45.8,2026-08-21T04:39:28.159171
VLTO,Veralto Corporation,67.3,⭐⭐ GOOD,🟡 Good,USD,USD,False,True,True,1.0,,70.0,70.0,50.3,85.0,60.0,35.0,34.6,False,up,0.8,False,0,5.0,True,2,"{'eps_growth_yoy': 0.8, 'positive_quarters': 4, 'earnings_accelerating': False, 'eps_accel_quarters': 0, 'profit_margin_pct': 17.3}","{'revenue_growth_yoy': 5.0, 'revenue_accelerating': True, 'rev_accel_quarters': 2}","{'rs_3m': 11.9, 'rs_6m': -3.0, 'rs_line_percentile': 34.6, 'rs_line_at_new_high': False, 'rs_line_trend': 'up', 'rs_line_score': 35}","{'roe_pct': 34.3, 'debt_to_equity': 1.16, 'current_ratio': 1.77, 'operating_margin_pct': 21.4}","{'days_to_earnings': 'N/A', 'recommendation': 'buy', 'analyst_upside_pct': 13.8}",99.46,24247685120,Industrials,Pollution & Treatment Controls,2.8,3.1,False,110.11,-9.7,3,False,113.19,136.0,100.0,16.0,buy,13.8,65.53,-34.1,39.9,-59.9,3.33,3.31,0.52,12.6,0.52,,True,-1.79,14.1,7.1,61.0,2026-10-21,False,False,6,NEUTRAL,4.93,76.0,2.06,30.6,0.8,0.03,-29.8,2026-08-21T04:41:05.002526
SHW,The Sherwin-Williams Company,67.3,⭐⭐ GOOD,🟡 Good,USD,USD,False,True,True,1.0,,90.0,70.0,50.3,45.0,60.0,35.0,35.2,False,up,1.3,True,2,6.8,True,2,"{'eps_growth_yoy': 1.3, 'positive_quarters': 4, 'earnings_accelerating': True, 'eps_accel_quarters': 2, 'profit_margin_pct': 11.0}","{'revenue_growth_yoy': 6.8, 'revenue_accelerating': True, 'rev_accel_quarters': 2}","{'rs_3m': 11.9, 'rs_6m': -16.5, 'rs_line_percentile': 35.2, 'rs_line_at_new_high': False, 'rs_line_trend': 'up', 'rs_line_score': 35}","{'roe_pct': 65.1, 'debt_to_equity': 3.9, 'current_ratio': 0.73, 'operating_margin_pct': 18.1}","{'days_to_earnings': 'N/A', 'recommendation': 'buy', 'analyst_upside_pct': 12.6}",346.91,84215226368,Basic Materials,Specialty Chemicals,2.6,3.0,False,379.65,-8.6,6,False,390.57,420.0,340.0,21.0,buy,12.6,242.0,-30.2,152.29,-56.1,2.98,10.32,0.91,29.3,3.2,0.87,True,-3.11,7.8,10.0,67.0,2026-10-27,False,False,6,NEUTRAL,3.86,62.0,1.78,44.6,0.8,0.02,-43.8,2026-08-21T04:41:12.764278
AJG,Arthur J. Gallagher & Co.,67.0,⭐⭐ GOOD,🟡 Good,USD,USD,False,True,True,1.0,,80.0,60.0,61.4,65.0,60.0,35.0,36.9,False,up,18.8,False,0,18.9,False,0,"{'eps_growth_yoy': 18.8, 'positive_quarters': 4, 'earnings_accelerating': False, 'eps_accel_quarters': 0, 'profit_margin_pct': 10.4}","{'revenue_growth_yoy': 18.9, 'revenue_accelerating': False, 'rev_accel_quarters': 0}","{'rs_3m': 25.1, 'rs_6m': 10.6, 'rs_line_percentile': 36.9, 'rs_line_at_new_high': False, 'rs_line_trend': 'up', 'rs_line_score': 35}","{'roe_pct': 6.7, 'debt_to_equity': 0.59, 'current_ratio': 1.05, 'operating_margin_pct': 19.2}","{'days_to_earnings': 'N/A', 'recommendation': 'buy', 'analyst_upside_pct': 12.3}",259.61,66548682752,Financial Services,Insurance Brokers,2.5,3.9,False,313.55,-17.2,5,False,291.56,388.0,250.0,18.0,buy,12.3,119.53,-54.0,60.7,-76.6,3.13,8.12,1.09,44.8,2.8,1.01,True,-0.72,4.1,-10.7,69.0,2026-10-29,False,False,6,NEUTRAL,3.17,77.9,,37.0,0.2,0.01,-36.8,2026-08-21T04:41:45.480025
BRO,"Brown & Brown, Inc.",66.3,⭐⭐ GOOD,🟡 Good,USD,USD,False,True,True,1.0,,90.0,50.0,53.0,75.0,50.0,35.0,27.2,False,up,26.9,False,0,6.7,False,0,"{'eps_growth_yoy': 26.9, 'positive_quarters': 4, 'earnings_accelerating': False, 'eps_accel_quarters': 0, 'profit_margin_pct': 18.1}","{'revenue_growth_yoy': 6.7, 'revenue_accelerating': False, 'rev_accel_quarters': 0}","{'rs_3m': 21.4, 'rs_6m': -7.2, 'rs_line_percentile': 27.2, 'rs_line_at_new_high': False, 'rs_line_trend': 'up', 'rs_line_score': 35}","{'roe_pct': 10.0, 'debt_to_equity': 0.64, 'current_ratio': 1.13, 'operating_margin_pct': 41.8}","{'days_to_earnings': 'N/A', 'recommendation': 'hold', 'analyst_upside_pct': 6.4}",72.08,24118716416,Financial Services,Insurance Brokers,6.6,5.8,False,97.73,-26.2,3,False,76.69,90.0,60.0,16.0,hold,6.4,85.88,19.1,31.6,-56.2,6.81,4.91,0.92,20.6,0.66,0.65,True,-2.6,4.7,2.8,66.0,2026-10-26,False,False,4,NEUTRAL,5.36,175.4,2.11,39.8,,,,2026-08-21T04:42:27.016558
LPX,Louisiana-Pacific Corporation,66.2,⭐⭐ GOOD,🟡 Good,USD,USD,False,True,True,1.0,"FCF declarado (-96,000,000) se aparta del derivado de flujo operativo menos capex (-33,000,000)",88.0,70.0,26.7,70.0,65.0,15.0,8.8,False,flat,188.9,False,0,0.2,True,2,"{'eps_growth_yoy': 188.9, 'positive_quarters': 3, 'earnings_accelerating': False, 'eps_accel_quarters': 0, 'profit_margin_pct': 2.2}","{'revenue_growth_yoy': 0.2, 'revenue_accelerating': True, 'rev_accel_quarters': 2}","{'rs_3m': 2.2, 'rs_6m': -27.2, 'rs_line_percentile': 8.8, 'rs_line_at_new_high': False, 'rs_line_trend': 'flat', 'rs_line_score': 15}","{'roe_pct': 3.1, 'debt_to_equity': 0.22, 'current_ratio': 3.22, 'operating_margin_pct': 5.3}","{'days_to_earnings': 'N/A', 'recommendation': 'buy', 'analyst_upside_pct': 25.1}",73.75,5156851200,Industrials,Building Products & Equipment,9.6,5.8,True,101.28,-27.2,0,False,92.23,107.0,74.0,13.0,buy,25.1,,,7.4,-90.0,-1.86,-1.37,1.58,150.6,1.2,1.27,False,,6.1,-51.8,75.0,2026-11-04,False,False,5,NEUTRAL,3.94,9.3,,49.0,1.6,0.03,-47.4,2026-08-21T04:46:40.417977
SAP,SAP SE,66.1,⭐⭐ GOOD,🟡 Good,USD,EUR,True,True,True,1.0,,75.0,60.0,50.3,90.0,50.0,35.0,38.5,False,up,8.8,False,0,8.8,True,1,"{'eps_growth_yoy': 8.8, 'positive_quarters': 4, 'earnings_accelerating': False, 'eps_accel_quarters': 0, 'profit_margin_pct': 20.4}","{'revenue_growth_yoy': 8.8, 'revenue_accelerating': True, 'rev_accel_quarters': 1}","{'rs_3m': 17.7, 'rs_6m': -0.9, 'rs_line_percentile': 38.5, 'rs_line_at_new_high': False, 'rs_line_trend': 'up', 'rs_line_score': 35}","{'roe_pct': 18.3, 'debt_to_equity': 0.22, 'current_ratio': 1.15, 'operating_margin_pct': 27.6}","{'days_to_earnings': 'N/A', 'recommendation': 'none', 'analyst_upside_pct': 11.9}",217.09,250566197248,Technology,Software - Application,0.7,2.6,False,281.37,-22.8,4,False,242.92,319.0,177.0,12.0,none,11.9,390.66,80.0,233.7,7.7,4.24,9.21,1.36,37.5,2.93,1.48,True,-1.16,20.7,15.3,61.0,2026-10-21,False,False,8,STRONG,0.31,146.7,0.74,50.7,,,,2026-08-21T04:42:42.921455
ISRG,"Intuitive Surgical, Inc.",65.5,⭐⭐ GOOD,🟡 Good,USD,USD,False,True,True,1.0,,85.0,70.0,24.0,75.0,65.0,15.0,9.9,False,down,16.1,False,0,15.5,True,1,"{'eps_growth_yoy': 16.1, 'positive_quarters': 4, 'earnings_accelerating': False, 'eps_accel_quarters': 0, 'profit_margin_pct': 28.4}","{'revenue_growth_yoy': 15.5, 'revenue_accelerating': True, 'rev_accel_quarters': 1}","{'rs_3m': -17.8, 'rs_6m': -36.9, 'rs_line_percentile': 9.9, 'rs_line_at_new_high': False, 'rs_line_trend': 'down', 'rs_line_score': 15}","{'roe_pct': 17.4, 'current_ratio': 4.96, 'operating_margin_pct': 33.6}","{'days_to_earnings': 'N/A', 'recommendation': 'buy', 'analyst_upside_pct': 27.6}",374.48,134167969792,Healthcare,Medical Instruments & Supplies,1.9,1.7,False,603.88,-38.0,0,False,478.01,685.0,324.0,30.0,buy,27.6,272.63,-27.2,230.82,-38.4,1.95,7.3,,,,,True,-2.65,,26.5,60.0,2026-10-20,False,False,4,NEUTRAL,2.32,22.5,1.17,43.9,0.2,0.0,-43.7,2026-08-21T04:45:31.924232
ALLY,Ally Financial Inc.,65.2,⭐⭐ GOOD,🟡 Good,USD,USD,False,True,True,1.0,"FCF declarado (-546,000,000) se aparta del derivado de flujo operativo menos capex (291,000,128)",90.0,60.0,38.7,60.0,65.0,15.0,15.8,False,down,3.0,True,2,7.3,True,1,"{'eps_growth_yoy': 3.0, 'positive_quarters': 4, 'earnings_accelerating': True, 'eps_accel_quarters': 2, 'profit_margin_pct': 18.4}","{'revenue_growth_yoy': 7.3, 'revenue_accelerating': True, 'rev_accel_quarters': 1}","{'rs_3m': 1.3, 'rs_6m': -9.4, 'rs_line_percentile': 15.8, 'rs_line_at_new_high': False, 'rs_line_trend': 'down', 'rs_line_score': 15}","{'roe_pct': 9.7, 'operating_margin_pct': 25.3}","{'days_to_earnings': 'N/A', 'recommendation': 'buy', 'analyst_upside_pct': 27.0}",42.29,12864605184,Financial Services,Credit Services,4.3,4.1,False,47.29,-10.6,1,False,53.7,58.0,45.0,17.0,buy,27.0,,,56.3,33.1,-4.24,-1.79,2.78,28.2,1.2,3.2,True,-12.97,,13.5,56.0,2026-10-16,False,False,5,NEUTRAL,,,0.49,26.3,,,,2026-08-21T04:46:07.377307
TNE.AX,Technology One Limited,64.7,⭐⭐ GOOD,🟡 Good,AUD,AUD,False,True,True,1.0,,60.0,50.0,74.5,95.0,50.0,,,,,,,0,,,0,{'profit_margin_pct': 22.4},{},"{'rs_3m': 3.8, 'rs_6m': 30.5}","{'roe_pct': 33.5, 'debt_to_equity': 0.12, 'current_ratio': 1.12, 'operating_margin_pct': 27.1}","{'days_to_earnings': 'N/A', 'recommendation': 'none', 'analyst_upside_pct': -2.4}",31.93,10452877312,Technology,Software - Application,,,False,40.77,-21.7,5,False,31.16,34.25,22.0,16.0,none,-2.4,7.85,-75.4,4.3,-86.5,1.45,0.46,0.86,62.2,0.28,0.98,,,,3.1,88.0,2026-11-17,False,False,3,NEUTRAL,1.78,162.9,8.36,35.4,,,,2026-08-21T04:44:31.868623
CME,CME Group Inc.,64.7,⭐⭐ GOOD,🟡 Good,USD,USD,False,True,True,1.0,"FCF declarado (2,909,012,480) se aparta del derivado de flujo operativo menos capex (4,225,500,192)",85.0,60.0,32.0,85.0,50.0,35.0,33.9,False,down,14.7,False,0,11.0,False,0,"{'eps_growth_yoy': 14.7, 'positive_quarters': 4, 'earnings_accelerating': False, 'eps_accel_quarters': 0, 'profit_margin_pct': 63.4}","{'revenue_growth_yoy': 11.0, 'revenue_accelerating': False, 'rev_accel_quarters': 0}","{'rs_3m': -8.8, 'rs_6m': -20.7, 'rs_line_percentile': 33.9, 'rs_line_at_new_high': False, 'rs_line_trend': 'down', 'rs_line_score': 35}","{'roe_pct': 15.8, 'debt_to_equity': 0.15, 'current_ratio': 1.02, 'operating_margin_pct': 65.0}","{'days_to_earnings': 'N/A', 'recommendation': 'hold', 'analyst_upside_pct': 4.5}",270.87,97399234560,Financial Services,Financial Data & Stock Exchanges,1.9,2.1,False,329.16,-17.7,4,False,283.07,330.0,230.0,15.0,hold,4.5,119.04,-56.1,119.7,-55.8,2.99,8.09,1.95,95.4,5.2,3.57,True,-1.53,33.0,1.0,61.0,2026-10-21,False,False,6,NEUTRAL,5.56,101.4,8.38,18.8,,,,2026-08-21T04:39:44.520863
NYT,New York Times Company (The),64.5,⭐⭐ GOOD,🟡 Good,USD,USD,False,True,True,0.9952,"FCF declarado (459,932,128) se aparta del derivado de flujo operativo menos capex (624,278,976)",90.0,60.0,24.0,75.0,65.0,15.0,8.1,False,down,14.4,True,1,8.8,True,1,"{'eps_growth_yoy': 14.4, 'positive_quarters': 4, 'earnings_accelerating': True, 'eps_accel_quarters': 1, 'profit_margin_pct': 13.3}","{'revenue_growth_yoy': 8.8, 'revenue_accelerating': True, 'rev_accel_quarters': 1}","{'rs_3m': -17.5, 'rs_6m': -22.5, 'rs_line_percentile': 8.1, 'rs_line_at_new_high': False, 'rs_line_trend': 'down', 'rs_line_score': 15}","{'roe_pct': 19.7, 'current_ratio': 1.58, 'operating_margin_pct': 17.1}","{'days_to_earnings': 'N/A', 'recommendation': 'buy', 'analyst_upside_pct': 18.9}",65.3,10531818496,Communication Services,Publishing,8.6,8.9,True,87.1,-25.0,2,False,77.67,90.0,63.0,9.0,buy,18.9,66.38,1.7,33.6,-48.5,4.37,2.87,1.39,32.1,0.92,0.92,True,-1.66,857.1,14.0,75.0,2026-11-04,False,False,8,STRONG,4.58,52.8,1.49,58.5,,,,2026-08-21T04:46:36.359188
AON,Aon plc,63.7,⭐⭐ GOOD,🟡 Good,USD,USD,False,True,True,1.0,,85.0,50.0,38.7,80.0,60.0,15.0,24.1,False,up,20.3,False,0,6.2,False,0,"{'eps_growth_yoy': 20.3, 'positive_quarters': 4, 'earnings_accelerating': False, 'eps_accel_quarters': 0, 'profit_margin_pct': 22.3}","{'revenue_growth_yoy': 6.2, 'revenue_accelerating': False, 'rev_accel_quarters': 0}","{'rs_3m': 5.8, 'rs_6m': -2.0, 'rs_line_percentile': 24.1, 'rs_line_at_new_high': False, 'rs_line_trend': 'up', 'rs_line_score': 15}","{'roe_pct': 44.7, 'debt_to_equity': 1.63, 'current_ratio': 1.03, 'operating_margin_pct': 23.5}","{'days_to_earnings': 'N/A', 'recommendation': 'buy', 'analyst_upside_pct': 14.8}",351.93,74653302784,Financial Services,Insurance Brokers,2.3,3.5,False,382.34,-8.0,5,False,404.05,445.0,339.0,19.0,buy,14.8,221.34,-37.1,183.4,-47.9,4.27,15.04,0.94,16.8,3.28,0.76,True,-2.14,7.7,-2.1,70.0,2026-10-30,False,False,8,STRONG,6.22,141.9,,25.5,,,,2026-08-21T04:41:01.112809
RSG,"Republic Services, Inc.",63.7,⭐⭐ GOOD,🟡 Good,USD,USD,False,True,True,1.0,"FCF declarado (1,942,625,024) se aparta del derivado de flujo operativo menos capex (2,655,000,128)",80.0,70.0,36.0,60.0,60.0,15.0,21.5,False,up,2.9,True,1,5.2,True,2,"{'eps_growth_yoy': 2.9, 'positive_quarters': 4, 'earnings_accelerating': True, 'eps_accel_quarters': 1, 'profit_margin_pct': 12.9}","{'revenue_growth_yoy': 5.2, 'revenue_accelerating': True, 'rev_accel_quarters': 2}","{'rs_3m': nan, 'rs_6m': nan, 'rs_line_percentile': 21.5, 'rs_line_at_new_high': False, 'rs_line_trend': 'up', 'rs_line_score': 15}","{'roe_pct': 18.2, 'debt_to_equity': 1.19, 'current_ratio': 0.64, 'operating_margin_pct': 20.4}","{'days_to_earnings': 'N/A', 'recommendation': 'buy', 'analyst_upside_pct': 12.0}",219.5,67213750272,Industrials,Waste Management,2.0,2.9,False,237.06,-7.4,0,False,245.92,272.0,208.0,24.0,buy,12.0,102.05,-53.5,70.0,-68.1,2.89,6.34,1.21,35.4,2.68,1.21,True,-2.19,5.3,3.6,69.0,2026-10-29,False,False,6,NEUTRAL,3.89,24.7,5.34,19.2,,,,2026-08-21T04:39:48.662199
WCN,"Waste Connections, Inc.",63.2,⭐⭐ GOOD,🟡 Good,USD,USD,False,True,True,1.0,,80.0,70.0,38.7,50.0,65.0,15.0,24.8,False,up,3.5,True,1,4.2,True,2,"{'eps_growth_yoy': 3.5, 'positive_quarters': 4, 'earnings_accelerating': True, 'eps_accel_quarters': 1, 'profit_margin_pct': 10.9}","{'revenue_growth_yoy': 4.2, 'revenue_accelerating': True, 'rev_accel_quarters': 2}","{'rs_3m': 3.2, 'rs_6m': -6.2, 'rs_line_percentile': 24.8, 'rs_line_at_new_high': False, 'rs_line_trend': 'up', 'rs_line_score': 15}","{'roe_pct': 13.0, 'debt_to_equity': 1.22, 'current_ratio': 0.66, 'operating_margin_pct': 19.7}","{'days_to_earnings': 'N/A', 'recommendation': 'strong_buy', 'analyst_upside_pct': 19.2}",168.33,42346651648,Industrials,Waste Management,1.5,2.4,False,188.09,-10.5,4,False,200.6,220.0,162.0,25.0,strong_buy,19.2,65.1,-61.3,41.2,-75.5,2.48,4.17,0.83,33.0,1.4,0.69,True,-2.64,5.0,4.4,60.0,2026-10-20,False,False,6,NEUTRAL,3.37,19.4,6.16,21.2,0.8,0.04,-20.4,2026-08-21T04:38:43.519997
PAYX,"Paychex, Inc.",62.8,⭐⭐ GOOD,🟡 Good,USD,USD,False,True,True,1.0,"FCF declarado (2,321,800,000) se aparta del derivado de flujo operativo menos capex (944,300,000)",75.0,50.0,65.0,65.0,50.0,35.0,46.4,False,up,9.6,False,0,4.3,False,0,"{'eps_growth_yoy': 9.6, 'positive_quarters': 4, 'earnings_accelerating': False, 'eps_accel_quarters': 0, 'profit_margin_pct': 26.6}","{'revenue_growth_yoy': 4.3, 'revenue_accelerating': False, 'rev_accel_quarters': 0}","{'rs_3m': 27.9, 'rs_6m': 25.0, 'rs_line_percentile': 46.4, 'rs_line_at_new_high': False, 'rs_line_trend': 'up', 'rs_line_score': 35}","{'debt_to_equity': 1.24, 'current_ratio': 1.15, 'operating_margin_pct': 38.3}","{'days_to_earnings': 'N/A', 'recommendation': 'hold', 'analyst_upside_pct': -9.7}",122.91,43716980736,Technology,Software - Application,6.3,6.1,False,141.19,-12.9,5,False,111.0,150.0,95.0,14.0,hold,-9.7,276.83,125.2,147.0,19.6,5.31,6.53,3.89,90.6,4.76,2.83,True,-1.4,9.6,17.4,39.0,2026-09-29,False,False,7,NEUTRAL,5.47,106.4,0.44,34.3,1.6,0.05,-32.7,2026-08-21T04:40:33.196444
ASAZY,ASSA ABLOY AB (publ),62.6,⭐⭐ GOOD,🟡 Good,USD,SEK,True,True,False,0.9482,"acciones × precio no cuadra con la capitalización (ratio 0.9482): el dato por acción y el precio no están en la misma unidad — típico de ADR. Los ratios por acción (EPS, FCF/acción, DCF) no son utilizables | FCF declarado (1,943,054,025) se aparta del derivado de flujo operativo menos capex (18,638,",90.0,60.0,26.7,65.0,55.0,15.0,19.7,False,up,15.9,True,1,3.3,True,1,"{'eps_growth_yoy': 15.9, 'positive_quarters': 4, 'earnings_accelerating': True, 'eps_accel_quarters': 1, 'profit_margin_pct': 10.8}","{'revenue_growth_yoy': 3.3, 'revenue_accelerating': True, 'rev_accel_quarters': 1}","{'rs_3m': 0.1, 'rs_6m': -22.4, 'rs_line_percentile': 19.7, 'rs_line_at_new_high': False, 'rs_line_trend': 'up', 'rs_line_score': 15}","{'roe_pct': 15.6, 'debt_to_equity': 0.64, 'current_ratio': 1.01}","{'days_to_earnings': 'N/A', 'recommendation': 'none', 'analyst_upside_pct': 17.5}",18.51,41120940032,Industrials,Security & Protection Services,,,False,21.98,-15.8,4,False,21.74,21.74,21.74,1.0,none,17.5,,,,,4.73,0.92,1.79,41.9,0.33,1.7,False,,,8.0,67.0,2026-10-27,False,False,8,STRONG,,118.2,1.3,21.1,,,,2026-08-21T04:43:26.685883
AXP,American Express Company,62.5,⭐⭐ GOOD,🟡 Good,USD,USD,False,True,True,1.0,,70.0,60.0,38.7,85.0,60.0,15.0,21.9,False,flat,7.2,False,0,6.6,True,1,"{'eps_growth_yoy': 7.2, 'positive_quarters': 4, 'earnings_accelerating': False, 'eps_accel_quarters': 0, 'profit_margin_pct': 16.1}","{'revenue_growth_yoy': 6.6, 'revenue_accelerating': True, 'rev_accel_quarters': 1}","{'rs_3m': 4.2, 'rs_6m': -14.0, 'rs_line_percentile': 21.9, 'rs_line_at_new_high': False, 'rs_line_trend': 'flat', 'rs_line_score': 15}","{'roe_pct': 34.4, 'debt_to_equity': 1.72, 'current_ratio': 1.55, 'operating_margin_pct': 20.3}","{'days_to_earnings': 'N/A', 'recommendation': 'buy', 'analyst_upside_pct': 13.5}",331.15,223628836864,Financial Services,Credit Services,2.3,3.8,False,387.49,-14.5,3,False,375.96,450.0,315.0,25.0,buy,13.5,486.59,46.9,176.66,-46.7,7.16,23.7,1.12,21.5,3.8,1.1,True,-3.34,,7.7,63.0,2026-10-23,False,False,4,NEUTRAL,,,1.5,27.4,,,,2026-08-21T04:44:43.997943
KR,Kroger Company (The),62.4,⭐⭐ GOOD,🟡 Good,USD,USD,False,True,True,,,78.0,100.0,15.0,30.0,65.0,15.0,4.1,False,down,48.3,False,0,35.9,True,2,"{'eps_growth_yoy': 48.3, 'positive_quarters': 3, 'earnings_accelerating': False, 'eps_accel_quarters': 0, 'profit_margin_pct': 0.7}","{'revenue_growth_yoy': 35.9, 'revenue_accelerating': True, 'rev_accel_quarters': 2}","{'rs_3m': -20.4, 'rs_6m': -26.9, 'rs_line_percentile': 4.1, 'rs_line_at_new_high': False, 'rs_line_trend': 'down', 'rs_line_score': 15}","{'roe_pct': 13.8, 'debt_to_equity': 3.73, 'current_ratio': 0.79, 'operating_margin_pct': 3.2}","{'days_to_earnings': 'N/A', 'recommendation': 'buy', 'analyst_upside_pct': 25.2}",56.32,0,Consumer Defensive,Grocery Stores,4.2,3.4,False,76.58,-26.5,1,False,70.5,86.0,58.0,22.0,buy,25.2,,,22.57,-59.9,,,2.56,80.1,1.44,2.02,False,,3.0,9.2,21.0,2026-09-11,False,True,7,NEUTRAL,2.78,5.9,0.77,25.2,,,,2026-08-21T04:45:59.549601
COF,Capital One Financial Corporation,61.8,⭐⭐ GOOD,🟡 Good,USD,USD,False,True,True,1.0,,75.0,60.0,44.0,60.0,65.0,35.0,38.3,False,up,-5.4,True,2,2.5,True,1,"{'eps_growth_yoy': -5.4, 'positive_quarters': 4, 'earnings_accelerating': True, 'eps_accel_quarters': 2, 'profit_margin_pct': 21.9}","{'revenue_growth_yoy': 2.5, 'revenue_accelerating': True, 'rev_accel_quarters': 1}","{'rs_3m': nan, 'rs_6m': nan, 'rs_line_percentile': 38.3, 'rs_line_at_new_high': False, 'rs_line_trend': 'up', 'rs_line_score': 35}","{'roe_pct': 9.0, 'operating_margin_pct': 33.6}","{'days_to_earnings': 'N/A', 'recommendation': 'buy', 'analyst_upside_pct': 21.1}",212.48,130353258496,Financial Services,Credit Services,2.0,2.4,False,259.64,-18.2,0,False,257.36,300.0,214.0,22.0,buy,21.1,1806.97,750.4,524.1,146.7,20.05,42.61,1.45,16.5,3.2,1.68,True,-6.98,,,60.0,2026-10-20,False,False,5,NEUTRAL,,,0.5,26.7,,,,2026-08-21T04:45:43.822375
JKHY,"Jack Henry & Associates, Inc.",61.8,⭐⭐ GOOD,🟡 Good,USD,USD,False,True,True,1.0,,60.0,60.0,50.3,85.0,60.0,35.0,44.3,False,up,-3.7,True,1,3.4,True,1,"{'eps_growth_yoy': -3.7, 'positive_quarters': 4, 'earnings_accelerating': True, 'eps_accel_quarters': 1, 'profit_margin_pct': 19.8}","{'revenue_growth_yoy': 3.4, 'revenue_accelerating': True, 'rev_accel_quarters': 1}","{'rs_3m': 16.3, 'rs_6m': -6.3, 'rs_line_percentile': 44.3, 'rs_line_at_new_high': False, 'rs_line_trend': 'up', 'rs_line_score': 35}","{'roe_pct': 23.6, 'debt_to_equity': 0.06, 'operating_margin_pct': 21.7}","{'days_to_earnings': 'N/A', 'recommendation': 'buy', 'analyst_upside_pct': 14.1}",165.08,11729063936,Technology,Information Technology Services,7.3,3.9,False,193.39,-14.6,5,False,188.43,209.0,165.0,14.0,buy,14.1,84.98,-48.5,69.8,-57.7,3.5,5.78,1.46,34.1,2.38,1.22,True,-2.42,123.3,-10.2,74.0,2026-11-03,False,False,9,STRONG,5.04,162.7,,38.2,,,,2026-08-21T04:45:16.736752
TYL,"Tyler Technologies, Inc.",61.7,⭐⭐ GOOD,🟡 Good,USD,USD,False,True,True,1.0,,80.0,50.0,42.3,75.0,55.0,15.0,16.3,False,up,10.8,False,0,8.3,False,0,"{'eps_growth_yoy': 10.8, 'positive_quarters': 4, 'earnings_accelerating': False, 'eps_accel_quarters': 0, 'profit_margin_pct': 13.4}","{'revenue_growth_yoy': 8.3, 'revenue_accelerating': False, 'rev_accel_quarters': 0}","{'rs_3m': 5.6, 'rs_6m': 0.2, 'rs_line_percentile': 16.3, 'rs_line_at_new_high': False, 'rs_line_trend': 'up', 'rs_line_score': 15}","{'roe_pct': 9.7, 'debt_to_equity': 0.48, 'current_ratio': 1.55, 'operating_margin_pct': 14.7}","{'days_to_earnings': 'N/A', 'recommendation': 'none', 'analyst_upside_pct': 22.5}",348.14,14257124352,Technology,Software - Application,9.9,4.4,True,566.95,-38.6,1,False,426.64,525.0,335.0,22.0,none,22.5,356.81,2.5,118.11,-66.1,4.17,14.52,,,,,True,-6.51,65.3,7.8,68.0,2026-10-28,False,False,8,STRONG,2.68,139.0,1.46,59.2,0.4,0.01,-58.8,2026-08-21T04:41:08.840698
VRSK,"Verisk Analytics, Inc.",61.5,⭐⭐ GOOD,🟡 Good,USD,USD,False,True,True,1.0,,75.0,60.0,38.7,65.0,65.0,15.0,16.7,False,flat,1.4,False,0,4.9,True,1,"{'eps_growth_yoy': 1.4, 'positive_quarters': 4, 'earnings_accelerating': False, 'eps_accel_quarters': 0, 'profit_margin_pct': 28.2}","{'revenue_growth_yoy': 4.9, 'revenue_accelerating': True, 'rev_accel_quarters': 1}","{'rs_3m': 6.8, 'rs_6m': -4.8, 'rs_line_percentile': 16.7, 'rs_line_at_new_high': False, 'rs_line_trend': 'flat', 'rs_line_score': 15}","{'current_ratio': 1.0, 'operating_margin_pct': 45.1}","{'days_to_earnings': 'N/A', 'recommendation': 'buy', 'analyst_upside_pct': 26.7}",187.68,24427679744,Industrials,Consulting Services,3.8,2.2,False,274.78,-31.7,1,False,237.71,275.0,195.0,17.0,buy,26.7,119.33,-36.4,65.5,-65.1,4.32,8.11,1.07,29.2,2.0,0.63,True,-8.81,6.9,-2.4,68.0,2026-10-28,False,False,7,NEUTRAL,4.71,113.1,,48.0,1.6,0.03,-46.4,2026-08-21T04:38:31.649200
MCD,McDonald's Corporation,61.5,⭐⭐ GOOD,🟡 Good,USD,USD,False,True,True,1.0,,85.0,60.0,24.0,65.0,65.0,15.0,6.2,False,down,3.7,True,1,0.3,True,1,"{'eps_growth_yoy': 3.7, 'positive_quarters': 4, 'earnings_accelerating': True, 'eps_accel_quarters': 1, 'profit_margin_pct': 31.7}","{'revenue_growth_yoy': 0.3, 'revenue_accelerating': True, 'rev_accel_quarters': 1}","{'rs_3m': -7.6, 'rs_6m': -28.4, 'rs_line_percentile': 6.2, 'rs_line_at_new_high': False, 'rs_line_trend': 'down', 'rs_line_score': 15}","{'current_ratio': 1.08, 'operating_margin_pct': 46.5}","{'days_to_earnings': 'N/A', 'recommendation': 'buy', 'analyst_upside_pct': 17.4}",269.13,190447566848,Consumer Cyclical,Restaurants,1.9,2.7,False,341.75,-21.2,1,False,316.06,407.0,250.0,31.0,buy,17.4,146.0,-45.8,123.8,-54.0,3.29,8.85,2.78,59.7,7.44,2.23,True,-1.22,7.9,4.0,76.0,2026-11-05,False,False,6,NEUTRAL,5.11,29.1,3.37,19.2,0.4,0.02,-18.8,2026-08-21T04:42:14.345151
KVUE,Kenvue Inc.,61.3,⭐⭐ GOOD,🟡 Good,USD,USD,False,True,True,1.0,,80.0,50.0,46.7,70.0,50.0,35.0,38.3,False,up,14.6,False,0,5.1,False,0,"{'eps_growth_yoy': 14.6, 'positive_quarters': 4, 'earnings_accelerating': False, 'eps_accel_quarters': 0, 'profit_margin_pct': 10.8}","{'revenue_growth_yoy': 5.1, 'revenue_accelerating': False, 'rev_accel_quarters': 0}","{'rs_3m': 7.6, 'rs_6m': -7.4, 'rs_line_percentile': 38.3, 'rs_line_at_new_high': False, 'rs_line_trend': 'up', 'rs_line_score': 35}","{'roe_pct': 15.6, 'debt_to_equity': 0.82, 'current_ratio': 1.0, 'operating_margin_pct': 19.4}","{'days_to_earnings': 'N/A', 'recommendation': 'hold', 'analyst_upside_pct': 3.0}",18.93,36360241152,Consumer Defensive,Household & Personal Products,3.8,3.4,False,21.78,-13.1,7,True,19.5,23.0,18.0,12.0,hold,3.0,18.41,-2.7,8.4,-55.6,5.25,0.99,4.39,97.7,0.84,,True,-0.19,6.2,3.4,76.0,2026-11-05,False,False,7,NEUTRAL,5.54,109.8,1.8,22.8,0.8,0.03,-22.0,2026-08-21T04:47:09.171250
CB,Chubb Limited,61.0,⭐⭐ GOOD,🟡 Good,USD,USD,False,True,True,1.0,,80.0,50.0,44.0,65.0,60.0,35.0,37.6,False,flat,1.9,True,1,-1.5,True,2,"{'eps_growth_yoy': 1.9, 'positive_quarters': 4, 'earnings_accelerating': True, 'eps_accel_quarters': 1, 'profit_margin_pct': 18.1}","{'revenue_growth_yoy': -1.5, 'revenue_accelerating': True, 'rev_accel_quarters': 2}","{'rs_3m': nan, 'rs_6m': nan, 'rs_line_percentile': 37.6, 'rs_line_at_new_high': False, 'rs_line_trend': 'flat', 'rs_line_score': 35}","{'roe_pct': 14.8, 'debt_to_equity': 0.31, 'current_ratio': 0.41, 'operating_margin_pct': 23.5}","{'days_to_earnings': 'N/A', 'recommendation': 'buy', 'analyst_upside_pct': 6.8}",342.87,132279197696,Financial Services,Insurance - Property & Casualty,1.1,2.1,False,365.91,-6.3,0,False,366.13,425.0,306.0,23.0,buy,6.8,400.01,16.7,283.9,-17.2,7.93,27.19,1.2,13.9,4.08,1.44,True,-3.4,18.9,-0.5,67.0,2026-10-27,False,False,6,NEUTRAL,8.92,,,17.5,,,,2026-08-21T04:43:55.275562
ITW,Illinois Tool Works Inc.,60.8,⭐⭐ GOOD,🟡 Good,USD,USD,False,True,True,1.0,,70.0,60.0,50.3,65.0,50.0,35.0,42.2,False,up,-0.7,True,2,6.0,True,1,"{'eps_growth_yoy': -0.7, 'positive_quarters': 4, 'earnings_accelerating': True, 'eps_accel_quarters': 2, 'profit_margin_pct': 19.4}","{'revenue_growth_yoy': 6.0, 'revenue_accelerating': True, 'rev_accel_quarters': 1}","{'rs_3m': 12.0, 'rs_6m': -14.5, 'rs_line_percentile': 42.2, 'rs_line_at_new_high': False, 'rs_line_trend': 'up', 'rs_line_score': 35}","{'roe_pct': 104.6, 'debt_to_equity': 3.35, 'current_ratio': 1.11, 'operating_margin_pct': 26.9}","{'days_to_earnings': 'N/A', 'recommendation': 'hold', 'analyst_upside_pct': 6.8}",282.74,80524345344,Industrials,Specialty Industrial Machinery,3.1,5.7,False,303.16,-6.7,6,False,301.86,350.0,249.0,14.0,hold,6.8,169.1,-40.2,111.4,-60.6,3.02,8.54,2.42,58.3,6.88,2.26,True,-2.33,14.6,4.0,63.0,2026-10-23,False,False,5,NEUTRAL,4.76,118.3,2.26,23.4,,,,2026-08-21T04:43:14.218040
ECL,Ecolab Inc.,60.8,⭐⭐ GOOD,🟡 Good,USD,USD,False,True,True,1.0,"FCF declarado (1,474,824,960) se aparta del derivado de flujo operativo menos capex (2,008,500,000)",60.0,60.0,50.3,75.0,65.0,35.0,32.7,False,up,-8.6,True,1,6.0,True,1,"{'eps_growth_yoy': -8.6, 'positive_quarters': 4, 'earnings_accelerating': True, 'eps_accel_quarters': 1, 'profit_margin_pct': 12.6}","{'revenue_growth_yoy': 6.0, 'revenue_accelerating': True, 'rev_accel_quarters': 1}","{'rs_3m': 11.9, 'rs_6m': -17.7, 'rs_line_percentile': 32.7, 'rs_line_at_new_high': False, 'rs_line_trend': 'up', 'rs_line_score': 35}","{'roe_pct': 22.0, 'debt_to_equity': 1.38, 'current_ratio': 1.84, 'operating_margin_pct': 18.5}","{'days_to_earnings': 'N/A', 'recommendation': 'buy', 'analyst_upside_pct': 15.4}",281.48,78906900480,Basic Materials,Specialty Chemicals,1.3,2.5,False,309.27,-9.0,6,False,324.95,360.0,295.0,21.0,buy,15.4,78.41,-72.1,73.5,-73.9,1.87,5.26,1.02,38.1,2.92,1.06,True,-1.59,9.1,3.3,67.0,2026-10-27,False,False,6,NEUTRAL,3.25,52.2,9.06,24.3,,,,2026-08-21T04:41:37.902436
NOW,"ServiceNow, Inc.",60.8,⭐⭐ GOOD,🟡 Good,USD,USD,False,True,True,1.0,,50.0,80.0,61.4,50.0,60.0,35.0,30.0,False,up,-40.6,False,0,17.0,True,2,"{'eps_growth_yoy': -40.6, 'positive_quarters': 4, 'earnings_accelerating': False, 'eps_accel_quarters': 0, 'profit_margin_pct': 11.3}","{'revenue_growth_yoy': 17.0, 'revenue_accelerating': True, 'rev_accel_quarters': 2}","{'rs_3m': 27.2, 'rs_6m': 13.2, 'rs_line_percentile': 30.0, 'rs_line_at_new_high': False, 'rs_line_trend': 'up', 'rs_line_score': 35}","{'roe_pct': 14.2, 'debt_to_equity': 0.68, 'current_ratio': 0.7, 'operating_margin_pct': 4.1}","{'days_to_earnings': 'N/A', 'recommendation': 'strong_buy', 'analyst_upside_pct': 9.6}",129.75,134143598592,Technology,Software - Application,3.6,1.5,False,194.726,-33.4,3,False,142.23,248.0,72.0,46.0,strong_buy,9.6,73.29,-43.5,16.3,-87.4,3.84,4.98,,,,,True,-2.54,29.3,-21.9,68.0,2026-10-28,False,False,4,NEUTRAL,1.66,73.1,,60.3,0.2,0.0,-60.1,2026-08-21T04:42:46.881766
FHN,First Horizon Corporation,60.6,⭐⭐ GOOD,🟡 Good,USD,USD,False,True,True,1.0,"FCF declarado (595,000,000) se aparta del derivado de flujo operativo menos capex (1,026,000,000)",85.0,40.0,46.7,65.0,60.0,35.0,32.4,False,flat,3.1,True,1,-0.5,True,1,"{'eps_growth_yoy': 3.1, 'positive_quarters': 4, 'earnings_accelerating': True, 'eps_accel_quarters': 1, 'profit_margin_pct': 30.2}","{'revenue_growth_yoy': -0.5, 'revenue_accelerating': True, 'rev_accel_quarters': 1}","{'rs_3m': 1.8, 'rs_6m': -10.1, 'rs_line_percentile': 32.4, 'rs_line_at_new_high': False, 'rs_line_trend': 'flat', 'rs_line_score': 35}","{'roe_pct': 11.5, 'operating_margin_pct': 41.3}","{'days_to_earnings': 'N/A', 'recommendation': 'buy', 'analyst_upside_pct': 13.9}",24.68,11692820480,Financial Services,Banks - Regional,0.0,0.0,False,26.56,-7.1,5,False,28.11,31.0,25.0,19.0,buy,13.9,36.77,49.0,41.2,66.9,5.09,1.26,2.73,30.8,0.68,3.3,True,-8.02,,14.0,54.0,2026-10-14,False,False,5,NEUTRAL,,,0.54,22.0,1.6,0.07,-20.4,2026-08-21T04:47:30.530119
VRSN,"VeriSign, Inc.",60.5,⭐⭐ GOOD,🟡 Good,USD,USD,False,True,True,1.0,,75.0,60.0,52.4,50.0,50.0,35.0,41.3,False,down,1.7,False,0,3.7,True,1,"{'eps_growth_yoy': 1.7, 'positive_quarters': 4, 'earnings_accelerating': False, 'eps_accel_quarters': 0, 'profit_margin_pct': 49.8}","{'revenue_growth_yoy': 3.7, 'revenue_accelerating': True, 'rev_accel_quarters': 1}","{'rs_3m': -11.7, 'rs_6m': 18.0, 'rs_line_percentile': 41.3, 'rs_line_at_new_high': False, 'rs_line_trend': 'down', 'rs_line_score': 35}","{'current_ratio': 0.59, 'operating_margin_pct': 68.2}","{'days_to_earnings': 'N/A', 'recommendation': 'none', 'analyst_upside_pct': 14.8}",276.9,25031759872,Technology,Software - Infrastructure,2.1,2.4,False,312.48,-11.4,7,True,318.0,355.0,270.0,5.0,none,14.8,165.22,-40.3,93.3,-66.3,3.33,9.21,1.19,34.3,3.24,,True,-3.6,15.5,3.9,62.0,2026-10-22,False,False,8,STRONG,4.35,512.5,3.28,44.9,0.8,0.02,-44.1,2026-08-21T04:39:56.476612
FCNCA,"First Citizens BancShares, Inc.",60.1,⭐⭐ GOOD,🟡 Good,USD,USD,False,True,False,0.911,"acciones × precio no cuadra con la capitalización (ratio 0.9110): el dato por acción y el precio no están en la misma unidad — típico de ADR. Los ratios por acción (EPS, FCF/acción, DCF) no son utilizables",95.0,30.0,46.7,65.0,50.0,35.0,45.8,False,flat,18.3,True,1,-0.2,False,0,"{'eps_growth_yoy': 18.3, 'positive_quarters': 4, 'earnings_accelerating': True, 'eps_accel_quarters': 1, 'profit_margin_pct': 25.2}","{'revenue_growth_yoy': -0.2, 'revenue_accelerating': False, 'rev_accel_quarters': 0}","{'rs_3m': 7.9, 'rs_6m': -2.9, 'rs_line_percentile': 45.8, 'rs_line_at_new_high': False, 'rs_line_trend': 'flat', 'rs_line_score': 35}","{'roe_pct': 10.7, 'operating_margin_pct': 39.0}","{'days_to_earnings': 'N/A', 'recommendation': 'none', 'analyst_upside_pct': 8.7}",2151.23,24294098944,Financial Services,Banks - Regional,5.1,5.4,False,2296.3,-6.3,7,True,2338.5,2475.0,2100.0,12.0,none,8.7,,,,,5.6,132.29,0.39,4.4,8.4,0.31,True,-13.59,,15.5,62.0,2026-10-22,False,False,5,NEUTRAL,,,0.35,33.8,1.6,0.05,-32.2,2026-08-21T04:47:34.390375
UBER,"Uber Technologies, Inc.",60.0,⭐ AVERAGE,🟡 Average,USD,USD,False,True,True,1.0,"FCF declarado (7,244,749,824) se aparta del derivado de flujo operativo menos capex (10,088,000,512)",70.0,60.0,38.7,65.0,65.0,15.0,22.9,False,up,-63.9,True,2,5.4,True,1,"{'eps_growth_yoy': -63.9, 'positive_quarters': 4, 'earnings_accelerating': True, 'eps_accel_quarters': 2, 'profit_margin_pct': 17.3}","{'revenue_growth_yoy': 5.4, 'revenue_accelerating': True, 'rev_accel_quarters': 1}","{'rs_3m': 3.8, 'rs_6m': -4.9, 'rs_line_percentile': 22.9, 'rs_line_at_new_high': False, 'rs_line_trend': 'up', 'rs_line_score': 15}","{'roe_pct': 37.2, 'debt_to_equity': 0.52, 'current_ratio': 0.84, 'operating_margin_pct': 13.3}","{'days_to_earnings': 'N/A', 'recommendation': 'buy', 'analyst_upside_pct': 29.2}",78.55,160443105280,Technology,Software - Application,2.4,2.9,False,101.99,-23.0,3,False,101.5,150.0,70.0,47.0,buy,29.2,150.42,91.5,137.7,75.3,4.52,3.55,,,,,True,-4.3,15.5,85.5,74.0,2026-11-03,False,False,6,NEUTRAL,3.65,133.2,0.21,48.1,0.8,0.02,-47.3,2026-08-21T04:46:56.888346
OTIS,Otis Worldwide Corporation,60.0,⭐⭐ GOOD,🟡 Good,USD,USD,False,True,True,1.0,,90.0,60.0,24.0,45.0,65.0,15.0,6.6,False,flat,14.4,True,1,4.6,True,1,"{'eps_growth_yoy': 14.4, 'positive_quarters': 4, 'earnings_accelerating': True, 'eps_accel_quarters': 1, 'profit_margin_pct': 10.2}","{'revenue_growth_yoy': 4.6, 'revenue_accelerating': True, 'rev_accel_quarters': 1}","{'rs_3m': -1.2, 'rs_6m': -32.9, 'rs_line_percentile': 6.6, 'rs_line_at_new_high': False, 'rs_line_trend': 'flat', 'rs_line_score': 15}","{'current_ratio': 0.83, 'operating_margin_pct': 15.1}","{'days_to_earnings': 'N/A', 'recommendation': 'buy', 'analyst_upside_pct': 23.8}",71.77,27320637440,Industrials,Specialty Industrial Machinery,4.3,3.7,False,94.565,-24.1,1,False,88.83,105.0,75.0,12.0,buy,23.8,83.98,17.0,50.44,-29.7,5.26,3.77,2.45,43.7,1.76,1.5,True,-3.86,,9.1,68.0,2026-10-28,False,False,6,NEUTRAL,6.22,171.1,1.21,25.0,0.8,0.03,-24.2,2026-08-21T04:42:58.383813
NDSN,Nordson Corporation,59.7,⭐ AVERAGE,🟡 Average,USD,USD,False,True,True,1.0,,50.0,40.0,79.9,85.0,60.0,100.0,100.0,True,up,-6.7,False,0,-0.1,True,1,"{'eps_growth_yoy': -6.7, 'positive_quarters': 4, 'earnings_accelerating': False, 'eps_accel_quarters': 0, 'profit_margin_pct': 18.2}","{'revenue_growth_yoy': -0.1, 'revenue_accelerating': True, 'rev_accel_quarters': 1}","{'rs_3m': 18.3, 'rs_6m': 2.2, 'rs_line_percentile': 100.0, 'rs_line_at_new_high': True, 'rs_line_trend': 'up', 'rs_line_score': 100}","{'roe_pct': 17.1, 'debt_to_equity': 0.62, 'current_ratio': 2.6, 'operating_margin_pct': 23.5}","{'days_to_earnings': 'N/A', 'recommendation': 'buy', 'analyst_upside_pct': -4.3}",334.7,18648797184,Industrials,Specialty Industrial Machinery,3.4,4.8,False,336.7,-0.6,8,True,320.43,360.0,260.0,7.0,buy,-4.3,173.01,-48.3,101.0,-69.8,3.08,10.31,1.08,34.6,3.28,1.08,True,-1.55,7.7,4.3,110.0,2026-12-09,False,False,7,NEUTRAL,3.67,65.0,4.29,34.1,,,,2026-08-21T04:44:27.684366
ORLY,"O'Reilly Automotive, Inc.",59.7,⭐ AVERAGE,🟡 Average,USD,USD,False,True,True,1.0,"FCF declarado (1,570,733,824) se aparta del derivado de flujo operativo menos capex (2,120,623,976)",70.0,70.0,36.0,50.0,65.0,15.0,12.7,False,down,-1.5,True,2,4.0,True,2,"{'eps_growth_yoy': -1.5, 'positive_quarters': 4, 'earnings_accelerating': True, 'eps_accel_quarters': 2, 'profit_margin_pct': 14.3}","{'revenue_growth_yoy': 4.0, 'revenue_accelerating': True, 'rev_accel_quarters': 2}","{'rs_3m': -6.3, 'rs_6m': -16.6, 'rs_line_percentile': 12.7, 'rs_line_at_new_high': False, 'rs_line_trend': 'down', 'rs_line_score': 15}","{'current_ratio': 0.75, 'operating_margin_pct': 20.2}","{'days_to_earnings': 'N/A', 'recommendation': 'buy', 'analyst_upside_pct': 21.0}",89.08,72062230528,Consumer Cyclical,Auto Parts,3.1,2.8,False,108.72,-18.1,2,False,107.8,120.0,89.0,25.0,buy,21.0,38.75,-56.5,31.62,-64.5,2.18,1.94,,,,,True,-4.65,14.4,10.3,68.0,2026-10-28,False,False,7,NEUTRAL,4.27,40.2,2.37,27.4,0.4,0.01,-27.0,2026-08-21T04:42:34.612772
CHD,"Church & Dwight Company, Inc.",59.5,⭐ AVERAGE,🟡 Average,USD,USD,False,True,True,1.0,,90.0,30.0,44.0,75.0,50.0,35.0,25.9,False,down,13.2,True,1,-2.5,False,0,"{'eps_growth_yoy': 13.2, 'positive_quarters': 4, 'earnings_accelerating': True, 'eps_accel_quarters': 1, 'profit_margin_pct': 12.0}","{'revenue_growth_yoy': -2.5, 'revenue_accelerating': False, 'rev_accel_quarters': 0}","{'rs_3m': -2.0, 'rs_6m': -13.1, 'rs_line_percentile': 25.9, 'rs_line_at_new_high': False, 'rs_line_trend': 'down', 'rs_line_score': 35}","{'roe_pct': 17.0, 'debt_to_equity': 0.56, 'current_ratio': 1.15, 'operating_margin_pct': 18.1}","{'days_to_earnings': 'N/A', 'recommendation': 'none', 'analyst_upside_pct': 8.2}",97.41,23106033664,Consumer Defensive,Household & Personal Products,5.0,5.8,False,106.04,-8.1,5,False,105.37,115.0,78.0,19.0,none,8.2,74.93,-23.1,30.7,-68.5,4.07,3.96,1.24,38.6,1.23,1.16,True,-2.6,10.6,4.5,70.0,2026-10-30,False,False,7,NEUTRAL,4.16,114.1,2.68,23.8,,,,2026-08-21T04:43:22.180569
STZ,"Constellation Brands, Inc.",59.3,⭐ AVERAGE,🟡 Average,USD,USD,False,True,True,0.9997,,100.0,40.0,24.0,60.0,55.0,15.0,8.0,False,down,40.3,True,1,-1.9,True,1,"{'eps_growth_yoy': 40.3, 'positive_quarters': 4, 'earnings_accelerating': True, 'eps_accel_quarters': 1, 'profit_margin_pct': 20.1}","{'revenue_growth_yoy': -1.9, 'revenue_accelerating': True, 'rev_accel_quarters': 1}","{'rs_3m': -10.6, 'rs_6m': -24.1, 'rs_line_percentile': 8.0, 'rs_line_at_new_high': False, 'rs_line_trend': 'down', 'rs_line_score': 15}","{'roe_pct': 23.7, 'debt_to_equity': 1.23, 'current_ratio': 0.91, 'operating_margin_pct': 35.9}","{'days_to_earnings': 'N/A', 'recommendation': 'none', 'analyst_upside_pct': 27.3}",134.14,22911694848,Consumer Defensive,Beverages - Brewers,6.1,3.9,False,168.6,-20.4,2,False,170.83,209.0,115.0,23.0,none,27.3,549.0,309.3,316.2,135.7,9.65,12.95,3.09,39.0,4.12,1.78,True,-3.67,8.2,15.3,45.0,2026-10-05,False,False,6,NEUTRAL,8.14,29.4,0.35,31.8,0.8,0.02,-31.0,2026-08-21T04:46:24.240543
SPGI,S&P Global Inc.,59.0,⭐ AVERAGE,🟡 Average,USD,USD,False,True,True,1.0,,75.0,50.0,38.7,65.0,65.0,15.0,18.3,False,up,3.5,False,0,6.6,False,0,"{'eps_growth_yoy': 3.5, 'positive_quarters': 4, 'earnings_accelerating': False, 'eps_accel_quarters': 0, 'profit_margin_pct': 30.5}","{'revenue_growth_yoy': 6.6, 'revenue_accelerating': False, 'rev_accel_quarters': 0}","{'rs_3m': 8.6, 'rs_6m': -1.8, 'rs_line_percentile': 18.3, 'rs_line_at_new_high': False, 'rs_line_trend': 'up', 'rs_line_score': 15}","{'roe_pct': 14.3, 'debt_to_equity': 0.43, 'current_ratio': 0.95, 'operating_margin_pct': 44.8}","{'days_to_earnings': 'N/A', 'recommendation': 'strong_buy', 'analyst_upside_pct': 19.6}",432.16,127400771584,Financial Services,Financial Data & Stock Exchanges,3.0,4.0,False,529.27155,-18.3,3,False,516.95,553.0,444.0,20.0,strong_buy,19.6,495.13,14.6,294.53,-31.8,4.28,18.48,0.91,23.5,3.88,0.82,True,-4.08,22.7,17.7,69.0,2026-10-29,False,False,7,NEUTRAL,4.52,942.7,1.21,34.7,,,,2026-08-21T04:39:20.072202
ADP,"Automatic Data Processing, Inc.",59.0,⭐ AVERAGE,🟡 Average,USD,USD,False,True,True,1.0,,55.0,50.0,61.4,85.0,50.0,35.0,46.6,False,up,-3.4,False,0,5.8,False,0,"{'eps_growth_yoy': -3.4, 'positive_quarters': 4, 'earnings_accelerating': False, 'eps_accel_quarters': 0, 'profit_margin_pct': 20.1}","{'revenue_growth_yoy': 5.8, 'revenue_accelerating': False, 'rev_accel_quarters': 0}","{'rs_3m': 24.7, 'rs_6m': 19.4, 'rs_line_percentile': 46.6, 'rs_line_at_new_high': False, 'rs_line_trend': 'up', 'rs_line_score': 35}","{'roe_pct': 72.2, 'debt_to_equity': 0.91, 'current_ratio': 1.05, 'operating_margin_pct': 23.5}","{'days_to_earnings': 'N/A', 'recommendation': 'hold', 'analyst_upside_pct': 2.8}",279.21,110919729152,Technology,Software - Application,3.7,5.3,False,308.9,-9.6,5,False,286.93,322.0,225.0,15.0,hold,2.8,258.07,-7.6,110.3,-60.5,4.73,13.2,2.45,60.7,6.8,2.04,True,-1.88,13.5,3.9,68.0,2026-10-28,False,False,6,NEUTRAL,5.52,173.6,2.13,35.7,0.4,0.01,-35.3,2026-08-21T04:39:07.769283
AUTO.L,Autotrader Group plc,59.0,⭐ AVERAGE,🟡 Average,GBp,GBP,True,True,False,100.0,"acciones × precio no cuadra con la capitalización (ratio 100.0000): el dato por acción y el precio no están en la misma unidad — típico de ADR. Los ratios por acción (EPS, FCF/acción, DCF) no son utilizables",60.0,50.0,50.0,90.0,50.0,,,,,,,0,,,0,{'profit_margin_pct': 47.1},{},"{'rs_3m': nan, 'rs_6m': nan}","{'roe_pct': 60.2, 'debt_to_equity': 0.52, 'current_ratio': 1.73, 'operating_margin_pct': 62.2}","{'days_to_earnings': 'N/A', 'recommendation': 'hold', 'analyst_upside_pct': 6.6}",527.4,4104221696,Communication Services,Internet Content & Information,,,False,828.8,-36.4,0,False,562.06,800.0,410.0,18.0,hold,6.6,,,,,5.94,0.31,2.17,32.0,12.0,1.35,,,,2.0,76.0,2026-11-05,False,False,5,NEUTRAL,8.81,332.4,2.36,30.1,,,,2026-08-21T04:45:20.573521
ZTS,Zoetis Inc.,59.0,⭐ AVERAGE,🟡 Average,USD,USD,False,True,True,1.0,,75.0,60.0,24.0,65.0,70.0,15.0,3.0,False,down,-4.2,True,2,2.8,True,1,"{'eps_growth_yoy': -4.2, 'positive_quarters': 4, 'earnings_accelerating': True, 'eps_accel_quarters': 2, 'profit_margin_pct': 27.7}","{'revenue_growth_yoy': 2.8, 'revenue_accelerating': True, 'rev_accel_quarters': 1}","{'rs_3m': -8.2, 'rs_6m': -51.6, 'rs_line_percentile': 3.0, 'rs_line_at_new_high': False, 'rs_line_trend': 'down', 'rs_line_score': 15}","{'roe_pct': 64.9, 'debt_to_equity': 2.94, 'current_ratio': 3.08, 'operating_margin_pct': 40.7}","{'days_to_earnings': 'N/A', 'recommendation': 'buy', 'analyst_upside_pct': 34.1}",75.02,31000033280,Healthcare,Drug Manufacturers - Specialty & Generic,5.9,3.8,False,158.3,-52.6,0,False,100.62,160.0,80.0,16.0,buy,34.1,71.82,-4.3,61.3,-18.3,6.51,4.88,2.76,33.6,2.12,0.95,True,-11.75,14.7,0.8,74.0,2026-11-03,False,False,6,NEUTRAL,9.28,42.1,9.4,39.8,,,,2026-08-21T04:40:09.909720
SBGSY,Schneider Electric S.E.,58.9,⭐ AVERAGE,🟡 Average,USD,EUR,True,True,True,1.0,,55.0,50.0,68.3,75.0,50.0,80.0,79.0,False,up,,,0,,,0,{'profit_margin_pct': 11.3},{},"{'rs_3m': 9.9, 'rs_6m': 4.2, 'rs_line_percentile': 79.0, 'rs_line_at_new_high': False, 'rs_line_trend': 'up', 'rs_line_score': 80}","{'roe_pct': 18.6, 'debt_to_equity': 0.84, 'current_ratio': 1.09, 'operating_margin_pct': 18.2}","{'days_to_earnings': 'N/A', 'recommendation': 'none', 'analyst_upside_pct': 13.0}",68.82,193425473536,Industrials,Specialty Industrial Machinery,,,False,71.98,-4.4,8,True,77.8,79.0,76.0,3.0,none,13.0,92.49,34.4,57.72,-16.1,3.25,2.24,1.43,49.7,0.98,1.79,,,,14.6,188.0,2027-02-25,False,False,6,NEUTRAL,3.2,74.6,0.82,48.9,,,,2026-08-21T04:43:46.978234
MTD,"Mettler-Toledo International, I",58.8,⭐ AVERAGE,🟡 Average,USD,USD,False,True,True,1.0,,85.0,40.0,54.0,50.0,50.0,60.0,54.1,False,up,7.1,True,1,-0.2,True,1,"{'eps_growth_yoy': 7.1, 'positive_quarters': 4, 'earnings_accelerating': True, 'eps_accel_quarters': 1, 'profit_margin_pct': 21.9}","{'revenue_growth_yoy': -0.2, 'revenue_accelerating': True, 'rev_accel_quarters': 1}","{'rs_3m': nan, 'rs_6m': nan, 'rs_line_percentile': 54.1, 'rs_line_at_new_high': False, 'rs_line_trend': 'up', 'rs_line_score': 60}","{'debt_to_equity': 166.68, 'current_ratio': 1.12, 'operating_margin_pct': 31.2}","{'days_to_earnings': 'N/A', 'recommendation': 'none', 'analyst_upside_pct': 5.4}",1393.23,27915536384,Healthcare,Diagnostics & Research,4.5,4.5,False,1525.17,-8.7,0,False,1468.91,1600.0,1200.0,11.0,none,5.4,949.22,-31.9,792.94,-43.1,2.48,34.62,,,,,True,-2.78,16.8,9.2,76.0,2026-11-05,False,False,6,NEUTRAL,3.72,110.6,1.47,29.9,,,,2026-08-21T04:42:18.146214
MSI,"Motorola Solutions, Inc.",58.8,⭐ AVERAGE,🟡 Average,USD,USD,False,True,True,1.0,"FCF declarado (1,979,000,064) se aparta del derivado de flujo operativo menos capex (2,709,000,128)",60.0,60.0,50.3,65.0,60.0,35.0,44.2,False,up,-0.9,True,1,4.1,True,1,"{'eps_growth_yoy': -0.9, 'positive_quarters': 4, 'earnings_accelerating': True, 'eps_accel_quarters': 1, 'profit_margin_pct': 17.4}","{'revenue_growth_yoy': 4.1, 'revenue_accelerating': True, 'rev_accel_quarters': 1}","{'rs_3m': 12.8, 'rs_6m': -7.1, 'rs_line_percentile': 44.2, 'rs_line_at_new_high': False, 'rs_line_trend': 'up', 'rs_line_score': 35}","{'roe_pct': 91.6, 'debt_to_equity': 3.58, 'current_ratio': 1.1, 'operating_margin_pct': 27.4}","{'days_to_earnings': 'N/A', 'recommendation': 'buy', 'analyst_upside_pct': 10.4}",473.63,78382825472,Technology,Communication Equipment,2.7,4.4,False,493.57,-4.0,6,False,522.73,550.0,476.0,11.0,buy,10.4,230.97,-51.2,125.0,-73.6,2.52,11.96,1.01,37.2,4.84,1.11,True,-1.32,7.3,9.5,76.0,2026-11-05,False,False,6,NEUTRAL,3.63,161.2,2.61,38.2,,,,2026-08-21T04:39:16.365865
TW,Tradeweb Markets Inc.,58.5,⭐ AVERAGE,🟡 Average,USD,USD,False,True,False,0.5279,"acciones × precio no cuadra con la capitalización (ratio 0.5279): el dato por acción y el precio no están en la misma unidad — típico de ADR. Los ratios por acción (EPS, FCF/acción, DCF) no son utilizables",65.0,50.0,36.0,85.0,65.0,15.0,18.4,False,flat,-2.3,True,1,9.9,False,0,"{'eps_growth_yoy': -2.3, 'positive_quarters': 4, 'earnings_accelerating': True, 'eps_accel_quarters': 1, 'profit_margin_pct': 40.7}","{'revenue_growth_yoy': 9.9, 'revenue_accelerating': False, 'rev_accel_quarters': 0}","{'rs_3m': -8.4, 'rs_6m': -18.2, 'rs_line_percentile': 18.4, 'rs_line_at_new_high': False, 'rs_line_trend': 'flat', 'rs_line_score': 15}","{'roe_pct': 14.5, 'debt_to_equity': 0.02, 'current_ratio': 6.79, 'operating_margin_pct': 43.8}","{'days_to_earnings': 'N/A', 'recommendation': 'buy', 'analyst_upside_pct': 16.6}",106.1,22920597504,Financial Services,Capital Markets,3.4,2.1,False,131.04,-19.0,3,False,123.71,178.0,98.0,14.0,buy,16.6,,,,,4.64,9.34,0.54,12.4,0.56,0.4,True,-1.5,633.6,13.8,69.0,2026-10-29,False,False,8,STRONG,5.56,57.1,1.17,43.1,,,,2026-08-21T04:40:53.046502
PEP,"PepsiCo, Inc.",58.5,⭐ AVERAGE,🟡 Average,USD,USD,False,True,True,1.0,,90.0,60.0,24.0,45.0,50.0,15.0,12.0,False,down,14.5,True,1,1.0,True,1,"{'eps_growth_yoy': 14.5, 'positive_quarters': 4, 'earnings_accelerating': True, 'eps_accel_quarters': 1, 'profit_margin_pct': 10.8}","{'revenue_growth_yoy': 1.0, 'revenue_accelerating': True, 'rev_accel_quarters': 1}","{'rs_3m': -6.5, 'rs_6m': -23.4, 'rs_line_percentile': 12.0, 'rs_line_at_new_high': False, 'rs_line_trend': 'down', 'rs_line_score': 15}","{'roe_pct': 51.5, 'debt_to_equity': 2.39, 'current_ratio': 0.93, 'operating_margin_pct': 16.8}","{'days_to_earnings': 'N/A', 'recommendation': 'none', 'analyst_upside_pct': 9.1}",142.08,194081275904,Consumer Defensive,Beverages - Non-Alcoholic,2.4,3.1,False,171.48,-17.1,3,False,155.0,183.0,124.0,22.0,none,9.1,243.14,71.1,228.0,60.5,4.04,5.73,4.15,75.3,5.92,3.03,True,-0.51,12.7,68.5,48.0,2026-10-08,False,False,5,NEUTRAL,4.8,33.8,0.12,18.9,,,,2026-08-21T04:44:39.690364
FDS,FactSet Research Systems Inc.,57.8,⭐ AVERAGE,🟡 Average,USD,USD,False,True,True,1.0,,65.0,60.0,44.0,70.0,40.0,35.0,37.2,False,up,-17.5,True,1,4.4,True,1,"{'eps_growth_yoy': -17.5, 'positive_quarters': 4, 'earnings_accelerating': True, 'eps_accel_quarters': 1, 'profit_margin_pct': 23.2}","{'revenue_growth_yoy': 4.4, 'revenue_accelerating': True, 'rev_accel_quarters': 1}","{'rs_3m': nan, 'rs_6m': nan, 'rs_line_percentile': 37.2, 'rs_line_at_new_high': False, 'rs_line_trend': 'up', 'rs_line_score': 35}","{'roe_pct': 27.0, 'debt_to_equity': 0.77, 'current_ratio': 0.68, 'operating_margin_pct': 30.5}","{'days_to_earnings': 'N/A', 'recommendation': 'hold', 'analyst_upside_pct': -15.0}",300.06,10671797248,Financial Services,Financial Data & Stock Exchanges,12.8,3.9,True,386.52,-22.4,0,False,255.06,340.0,210.0,16.0,hold,-15.0,256.99,-14.4,152.7,-49.1,5.82,17.47,1.56,29.4,4.64,1.0,True,-5.74,14.1,-3.8,27.0,2026-09-17,False,False,6,NEUTRAL,6.51,187.1,,52.8,,,,2026-08-21T04:43:59.409918
AWK,"American Water Works Company, I",57.6,⭐ AVERAGE,🟡 Average,USD,USD,False,True,True,1.0,"FCF declarado (-1,785,374,976) se aparta del derivado de flujo operativo menos capex (-966,999,872)",75.0,50.0,46.7,55.0,50.0,35.0,31.2,False,up,-16.9,True,2,-6.6,True,2,"{'eps_growth_yoy': -16.9, 'positive_quarters': 4, 'earnings_accelerating': True, 'eps_accel_quarters': 2, 'profit_margin_pct': 21.3}","{'revenue_growth_yoy': -6.6, 'revenue_accelerating': True, 'rev_accel_quarters': 2}","{'rs_3m': 7.7, 'rs_6m': -7.0, 'rs_line_percentile': 31.2, 'rs_line_at_new_high': False, 'rs_line_trend': 'up', 'rs_line_score': 35}","{'roe_pct': 10.1, 'debt_to_equity': 1.38, 'current_ratio': 0.52, 'operating_margin_pct': 40.7}","{'days_to_earnings': 'N/A', 'recommendation': 'hold', 'analyst_upside_pct': 2.3}",137.21,27267606528,Utilities,Utilities - Regulated Water,7.8,5.2,False,147.84,-7.2,5,False,140.36,155.0,128.0,11.0,hold,2.3,,,57.1,-58.4,-6.55,-8.98,2.58,58.5,3.58,2.02,False,,3.2,3.4,68.0,2026-10-28,False,False,8,STRONG,4.73,6.6,2.43,22.8,,,,2026-08-21T04:44:36.006053
SXYAY,Sika AG,57.3,⭐ AVERAGE,🟡 Average,USD,CHF,True,True,True,1.0,"FCF declarado (1,280,411,161) se aparta del derivado de flujo operativo menos capex (1,723,065,918)",50.0,50.0,66.6,70.0,60.0,60.0,50.5,False,up,,,0,,,0,{'profit_margin_pct': 9.4},{},"{'rs_3m': 24.5, 'rs_6m': 6.0, 'rs_line_percentile': 50.5, 'rs_line_at_new_high': False, 'rs_line_trend': 'up', 'rs_line_score': 60}","{'roe_pct': 16.0, 'debt_to_equity': 0.89, 'current_ratio': 1.3, 'operating_margin_pct': 14.3}","{'days_to_earnings': 'N/A', 'recommendation': 'buy', 'analyst_upside_pct': 8.1}",22.81,36596191232,Basic Materials,Specialty Chemicals,,,False,24.21,-5.8,7,True,24.65,26.3,23.0,2.0,buy,8.1,11.74,-48.5,7.9,-65.4,3.5,0.8,2.0,57.0,0.46,1.36,,,,-0.3,,,False,False,7,NEUTRAL,3.6,45.5,,44.1,,,,2026-08-21T04:43:09.707630
7741.T,HOYA Corporation,57.2,⭐ AVERAGE,🟡 Average,JPY,JPY,False,True,True,1.0,,60.0,50.0,30.0,95.0,65.0,,,,,,,0,,,0,{'profit_margin_pct': 27.2},{},"{'rs_3m': -8.5, 'rs_6m': -20.0}","{'roe_pct': 26.5, 'debt_to_equity': 0.04, 'current_ratio': 4.91, 'operating_margin_pct': 32.4}","{'days_to_earnings': 'N/A', 'recommendation': 'strong_buy', 'analyst_upside_pct': 23.0}",24840.0,8309488746496,Healthcare,Medical Instruments & Supplies,,,False,30400.0,-18.3,4,False,30553.33,35000.0,23100.0,15.0,strong_buy,23.0,22662.71,-8.8,22337.4,-10.1,2.15,534.39,1.17,39.7,295.0,0.76,,,,30.0,70.0,2026-10-30,False,False,6,NEUTRAL,4.15,33.1,1.21,30.6,,,,2026-08-21T04:42:30.839289
DHR,Danaher Corporation,57.1,⭐ AVERAGE,🟡 Average,USD,USD,False,True,True,1.0,,50.0,60.0,53.0,70.0,60.0,35.0,47.6,False,up,-4.2,False,0,3.5,True,1,"{'eps_growth_yoy': -4.2, 'positive_quarters': 4, 'earnings_accelerating': False, 'eps_accel_quarters': 0, 'profit_margin_pct': 15.9}","{'revenue_growth_yoy': 3.5, 'revenue_accelerating': True, 'rev_accel_quarters': 1}","{'rs_3m': 21.9, 'rs_6m': -7.7, 'rs_line_percentile': 47.6, 'rs_line_at_new_high': False, 'rs_line_trend': 'up', 'rs_line_score': 35}","{'roe_pct': 7.6, 'debt_to_equity': 0.53, 'current_ratio': 1.65, 'operating_margin_pct': 19.8}","{'days_to_earnings': 'N/A', 'recommendation': 'strong_buy', 'analyst_upside_pct': 5.6}",215.91,151781720064,Healthcare,Diagnostics & Research,1.9,1.9,False,242.8,-11.1,4,False,227.96,310.0,195.0,23.0,strong_buy,5.6,260.92,20.8,171.6,-20.5,2.85,6.15,0.76,25.7,1.6,0.44,True,-1.91,17.3,59.7,60.0,2026-10-20,False,False,5,NEUTRAL,2.57,39.2,0.39,38.0,,,,2026-08-21T04:42:54.955980
ROL,"Rollins, Inc.",56.8,⭐ AVERAGE,🟡 Average,USD,USD,False,True,True,1.0,,70.0,70.0,15.0,65.0,55.0,15.0,2.4,False,down,-12.0,True,2,5.1,True,2,"{'eps_growth_yoy': -12.0, 'positive_quarters': 4, 'earnings_accelerating': True, 'eps_accel_quarters': 2, 'profit_margin_pct': 13.6}","{'revenue_growth_yoy': 5.1, 'revenue_accelerating': True, 'rev_accel_quarters': 2}","{'rs_3m': -34.3, 'rs_6m': -50.8, 'rs_line_percentile': 2.4, 'rs_line_at_new_high': False, 'rs_line_trend': 'down', 'rs_line_score': 15}","{'roe_pct': 37.0, 'debt_to_equity': 0.78, 'current_ratio': 0.63, 'operating_margin_pct': 18.8}","{'days_to_earnings': 'N/A', 'recommendation': 'hold', 'analyst_upside_pct': 25.3}",36.38,17504069632,Consumer Cyclical,Personal Services,6.5,3.2,False,66.14,-45.0,0,False,45.59,66.0,32.0,17.0,hold,25.3,15.41,-57.6,11.0,-69.8,2.87,1.04,2.01,64.9,0.73,1.15,True,-1.4,21.8,1.2,68.0,2026-10-28,False,False,6,NEUTRAL,3.94,132.5,9.02,35.2,3.1,0.09,-32.1,2026-08-21T04:39:12.128826
LSEG.L,London Stock Exchange Group plc,56.5,⭐ AVERAGE,🟡 Average,GBp,GBP,True,True,False,100.0,"acciones × precio no cuadra con la capitalización (ratio 100.0000): el dato por acción y el precio no están en la misma unidad — típico de ADR. Los ratios por acción (EPS, FCF/acción, DCF) no son utilizables",55.0,50.0,50.0,70.0,70.0,,,,,,,0,,,0,{'profit_margin_pct': 14.6},{},"{'rs_3m': nan, 'rs_6m': nan}","{'roe_pct': 7.7, 'debt_to_equity': 0.64, 'current_ratio': 1.0, 'operating_margin_pct': 29.0}","{'days_to_earnings': 'N/A', 'recommendation': 'strong_buy', 'analyst_upside_pct': 39.4}",8542.0,41413570560,Financial Services,Financial Data & Stock Exchanges,,,False,10140.0,-15.8,0,False,11910.67,13630.0,10400.0,15.0,strong_buy,39.4,,,,,4.15,3.55,1.85,53.9,158.0,1.28,,,,33.7,188.0,2027-02-25,False,False,7,NEUTRAL,4.24,305.7,0.47,31.8,,,,2026-08-21T04:41:57.832198
MSCI,MSCI Inc.,56.2,⭐ AVERAGE,🟡 Average,USD,USD,False,True,True,1.0,,75.0,50.0,36.0,50.0,65.0,15.0,18.3,False,down,5.1,False,0,9.3,False,0,"{'eps_growth_yoy': 5.1, 'positive_quarters': 4, 'earnings_accelerating': False, 'eps_accel_quarters': 0, 'profit_margin_pct': 40.7}","{'revenue_growth_yoy': 9.3, 'revenue_accelerating': False, 'rev_accel_quarters': 0}","{'rs_3m': -4.1, 'rs_6m': -6.1, 'rs_line_percentile': 18.3, 'rs_line_at_new_high': False, 'rs_line_trend': 'down', 'rs_line_score': 15}","{'current_ratio': 0.89, 'operating_margin_pct': 56.3}","{'days_to_earnings': 'N/A', 'recommendation': 'strong_buy', 'analyst_upside_pct': 21.7}",568.75,41348124672,Financial Services,Financial Data & Stock Exchanges,2.0,1.6,False,644.77,-11.8,4,False,692.06,760.0,570.0,17.0,strong_buy,21.7,473.77,-16.7,358.88,-36.9,2.89,16.43,1.45,42.1,8.2,1.01,True,-6.57,7.2,19.6,60.0,2026-10-20,False,False,8,STRONG,3.58,851.3,1.29,42.4,0.2,0.0,-42.2,2026-08-21T04:40:21.250468
LIN,Linde plc,56.0,⭐ AVERAGE,🟡 Average,USD,USD,False,True,True,1.0,,55.0,60.0,44.0,65.0,60.0,35.0,27.7,False,down,-0.1,False,0,7.8,True,1,"{'eps_growth_yoy': -0.1, 'positive_quarters': 4, 'earnings_accelerating': False, 'eps_accel_quarters': 0, 'profit_margin_pct': 20.4}","{'revenue_growth_yoy': 7.8, 'revenue_accelerating': True, 'rev_accel_quarters': 1}","{'rs_3m': -7.5, 'rs_6m': -11.4, 'rs_line_percentile': 27.7, 'rs_line_at_new_high': False, 'rs_line_trend': 'down', 'rs_line_score': 35}","{'roe_pct': 18.4, 'debt_to_equity': 0.69, 'current_ratio': 0.88, 'operating_margin_pct': 28.1}","{'days_to_earnings': 'N/A', 'recommendation': 'buy', 'analyst_upside_pct': 13.7}",481.29,221865148416,Basic Materials,Specialty Chemicals,1.2,2.6,False,548.2,-12.2,4,False,547.24,612.0,400.0,25.0,buy,13.7,187.6,-61.0,175.15,-63.6,1.88,9.03,1.33,40.0,6.4,1.3,True,-1.83,21.3,11.3,70.0,2026-10-30,False,False,5,NEUTRAL,3.8,31.9,2.18,25.5,,,,2026-08-21T04:38:59.650006
EXPN.L,Experian plc,55.2,⭐ AVERAGE,🟡 Average,GBp,USD,True,True,False,100.0,"acciones × precio no cuadra con la capitalización (ratio 100.0000): el dato por acción y el precio no están en la misma unidad — típico de ADR. Los ratios por acción (EPS, FCF/acción, DCF) no son utilizables | FCF declarado (667,955,345) se aparta del derivado de flujo operativo menos capex (915,209",55.0,50.0,50.0,65.0,65.0,,,,,,,0,,,0,{'profit_margin_pct': 17.8},{},"{'rs_3m': nan, 'rs_6m': nan}","{'roe_pct': 28.3, 'debt_to_equity': 1.0, 'current_ratio': 0.85, 'operating_margin_pct': 25.0}","{'days_to_earnings': 'N/A', 'recommendation': 'strong_buy', 'analyst_upside_pct': 23.4}",2966.0,26215655424,Industrials,Consulting Services,,,False,3987.0,-25.6,0,False,3659.38,4632.5,2323.41,18.0,strong_buy,23.4,,,,,2.55,0.76,1.77,39.8,52.0,1.4,,,,23.1,89.0,2026-11-18,False,False,9,STRONG,6.81,646.3,0.76,39.3,,,,2026-08-21T04:43:02.707705
MKC,"McCormick & Company, Incorporated",55.1,⭐ AVERAGE,🟡 Average,USD,USD,False,True,False,0.945,"acciones × precio no cuadra con la capitalización (ratio 0.9450): el dato por acción y el precio no están en la misma unidad — típico de ADR. Los ratios por acción (EPS, FCF/acción, DCF) no son utilizables | FCF declarado (714,025,024) se aparta del derivado de flujo operativo menos capex (1,009,700",55.0,70.0,30.3,60.0,60.0,15.0,24.4,False,up,-33.4,False,0,12.3,True,1,"{'eps_growth_yoy': -33.4, 'positive_quarters': 4, 'earnings_accelerating': False, 'eps_accel_quarters': 0, 'profit_margin_pct': 21.9}","{'revenue_growth_yoy': 12.3, 'revenue_accelerating': True, 'rev_accel_quarters': 1}","{'rs_3m': 15.0, 'rs_6m': -30.9, 'rs_line_percentile': 24.4, 'rs_line_at_new_high': False, 'rs_line_trend': 'up', 'rs_line_score': 15}","{'roe_pct': 24.7, 'debt_to_equity': 0.65, 'current_ratio': 0.78, 'operating_margin_pct': 17.4}","{'days_to_earnings': 'N/A', 'recommendation': 'buy', 'analyst_upside_pct': 9.8}",55.22,14845982720,Consumer Defensive,Packaged Foods,,0.0,False,72.58,-23.9,2,False,60.62,75.0,52.0,13.0,buy,9.8,,,,,4.81,2.81,3.4,30.9,1.92,2.11,True,-0.19,5.5,-9.9,46.0,2026-10-06,False,False,6,NEUTRAL,5.54,66.6,,26.3,,,,2026-08-21T04:45:08.492449
HESAY,Hermès International Société en commandite par actions,55.0,⭐ AVERAGE,🟡 Average,USD,EUR,True,True,True,1.0,,60.0,50.0,24.0,95.0,55.0,15.0,4.1,False,down,,,0,,,0,{'profit_margin_pct': 28.0},{},"{'rs_3m': -4.7, 'rs_6m': -37.1, 'rs_line_percentile': 4.1, 'rs_line_at_new_high': False, 'rs_line_trend': 'down', 'rs_line_score': 15}","{'roe_pct': 25.5, 'debt_to_equity': 0.12, 'current_ratio': 4.54, 'operating_margin_pct': 42.2}","{'days_to_earnings': 'N/A', 'recommendation': 'none', 'analyst_upside_pct': 27.2}",181.15,189739565056,Consumer Cyclical,Luxury Goods,,,False,265.89,-31.9,0,False,230.33,246.0,215.0,3.0,none,27.2,80.75,-55.4,49.9,-72.5,3.03,5.49,1.14,41.8,2.11,0.61,,,,-0.1,174.0,2027-02-11,False,False,8,STRONG,3.8,37.5,,52.9,,,,2026-08-21T04:39:52.758112
ITRK.L,ITRK.L,54.8,⭐ AVERAGE,🟡 Average,GBp,GBP,True,True,True,,,50.0,50.0,50.0,75.0,60.0,,,,,,,0,,,0,{'profit_margin_pct': 9.1},{},"{'rs_3m': nan, 'rs_6m': nan}","{'roe_pct': 29.9, 'debt_to_equity': 1.73, 'current_ratio': 1.1, 'operating_margin_pct': 16.6}","{'days_to_earnings': 'N/A', 'recommendation': 'buy', 'analyst_upside_pct': 1.0}",5840.0,0,Industrials,Specialty Business Services,,,False,5860.0,-0.3,0,False,5897.25,6000.0,5450.0,12.0,buy,1.0,,,205000.0,3410.3,,,2.82,80.5,165.0,2.66,,,,-7.8,193.0,2027-03-02,False,False,4,NEUTRAL,5.18,63.8,,1.5,,,,2026-08-21T04:45:24.465377
GVDNY,Givaudan SA,54.6,⭐ AVERAGE,🟡 Average,USD,CHF,True,True,True,1.0,"FCF declarado (757,154,302) se aparta del derivado de flujo operativo menos capex (1,505,294,136)",55.0,50.0,50.3,70.0,50.0,35.0,34.0,False,up,,,0,,,0,{'profit_margin_pct': 12.9},{},"{'rs_3m': 12.6, 'rs_6m': -6.1, 'rs_line_percentile': 34.0, 'rs_line_at_new_high': False, 'rs_line_trend': 'up', 'rs_line_score': 35}","{'roe_pct': 22.3, 'debt_to_equity': 1.11, 'current_ratio': 1.29, 'operating_margin_pct': 18.8}","{'days_to_earnings': 'N/A', 'recommendation': 'none', 'analyst_upside_pct': 8.0}",80.99,37382217728,Basic Materials,Specialty Chemicals,,,False,90.69,-10.7,3,False,87.47,100.11,74.83,2.0,none,8.0,24.14,-70.2,25.6,-68.4,2.03,1.64,2.28,71.1,1.82,1.88,,,,-10.0,159.0,2027-01-27,False,False,7,NEUTRAL,3.38,34.8,,34.6,,,,2026-08-21T04:40:44.812434
ABT,Abbott Laboratories,54.6,⭐ AVERAGE,🟡 Average,USD,USD,False,True,True,1.0,,50.0,50.0,53.0,70.0,60.0,35.0,40.9,False,up,-39.5,False,0,0.2,False,0,"{'eps_growth_yoy': -39.5, 'positive_quarters': 4, 'earnings_accelerating': False, 'eps_accel_quarters': 0, 'profit_margin_pct': 11.6}","{'revenue_growth_yoy': 0.2, 'revenue_accelerating': False, 'rev_accel_quarters': 0}","{'rs_3m': 28.0, 'rs_6m': -8.1, 'rs_line_percentile': 40.9, 'rs_line_at_new_high': False, 'rs_line_trend': 'up', 'rs_line_score': 35}","{'roe_pct': 10.6, 'debt_to_equity': 0.63, 'current_ratio': 1.38, 'operating_margin_pct': 14.7}","{'days_to_earnings': 'N/A', 'recommendation': 'buy', 'analyst_upside_pct': 4.6}",114.14,197505957888,Healthcare,Medical Devices,1.5,1.8,False,137.49,-17.0,4,False,119.4,135.0,103.0,25.0,buy,4.6,61.3,-46.3,30.8,-73.0,3.65,4.17,2.2,79.0,2.52,1.82,True,-0.4,15.4,-47.5,54.0,2026-10-14,False,False,6,NEUTRAL,3.98,42.0,,19.8,,,,2026-08-21T04:43:35.245835
AI.PA,L'Air Liquide S.A.,54.5,⭐ AVERAGE,🟡 Average,EUR,EUR,False,True,True,1.0,"FCF declarado (264,437,504) se aparta del derivado de flujo operativo menos capex (1,652,500,160)",55.0,50.0,50.0,60.0,65.0,,,,,,,0,,,0,{'profit_margin_pct': 13.1},{},"{'rs_3m': nan, 'rs_6m': nan}","{'roe_pct': 14.0, 'debt_to_equity': 0.63, 'current_ratio': 0.88, 'operating_margin_pct': 20.1}","{'days_to_earnings': 'N/A', 'recommendation': 'strong_buy', 'analyst_upside_pct': 17.4}",167.38,106532356096,Basic Materials,Specialty Chemicals,,,False,182.26,-8.2,0,False,196.47,216.0,160.0,20.0,strong_buy,17.4,6.11,-96.3,55.5,-66.8,0.25,0.42,2.02,60.5,3.36,1.83,,,,0.7,181.0,2027-02-18,False,False,7,NEUTRAL,4.05,18.8,33.14,11.4,,,,2026-08-21T04:39:40.170644
WTKWY,Wolters Kluwer N.V.,54.2,⭐ AVERAGE,🟡 Average,USD,EUR,True,True,True,1.0,,60.0,50.0,45.9,50.0,70.0,15.0,18.7,False,up,,,0,,,0,{'profit_margin_pct': 21.9},{},"{'rs_3m': 11.3, 'rs_6m': 4.1, 'rs_line_percentile': 18.7, 'rs_line_at_new_high': False, 'rs_line_trend': 'up', 'rs_line_score': 15}","{'roe_pct': 146.1, 'debt_to_equity': 5.9, 'current_ratio': 0.69, 'operating_margin_pct': 26.9}","{'days_to_earnings': 'N/A', 'recommendation': 'strong_buy', 'analyst_upside_pct': 31.7}",82.48,18374164480,Industrials,Specialty Business Services,,,False,138.76,-40.6,2,False,108.6,108.6,108.6,1.0,strong_buy,31.7,123.47,49.7,68.0,-17.6,7.94,6.55,3.66,43.1,3.01,1.85,,,,4.5,,,False,False,7,NEUTRAL,7.86,668.9,1.29,51.6,,,,2026-08-21T04:38:39.210118
DPZ,Domino's Pizza Inc,54.1,⭐ AVERAGE,🟡 Average,USD,USD,False,True,True,1.0,,60.0,60.0,26.7,65.0,60.0,15.0,15.6,False,up,-2.6,True,1,4.1,True,1,"{'eps_growth_yoy': -2.6, 'positive_quarters': 4, 'earnings_accelerating': True, 'eps_accel_quarters': 1, 'profit_margin_pct': 11.9}","{'revenue_growth_yoy': 4.1, 'revenue_accelerating': True, 'rev_accel_quarters': 1}","{'rs_3m': 6.3, 'rs_6m': -20.7, 'rs_line_percentile': 15.6, 'rs_line_at_new_high': False, 'rs_line_trend': 'up', 'rs_line_score': 15}","{'current_ratio': 1.54, 'operating_margin_pct': 19.1}","{'days_to_earnings': 'N/A', 'recommendation': 'buy', 'analyst_upside_pct': 13.7}",334.37,11061539840,Consumer Cyclical,Restaurants,10.9,3.2,True,469.0,-28.7,1,False,380.29,450.0,270.0,28.0,buy,13.7,277.55,-17.0,175.2,-47.6,4.8,16.07,2.37,42.3,7.96,1.25,True,-3.52,4.9,4.8,53.0,2026-10-13,False,False,8,STRONG,6.03,107.8,2.36,32.9,,,,2026-08-21T04:46:32.553173
ERIE,Erie Indemnity Company,54.0,⭐ AVERAGE,🟡 Average,USD,USD,False,True,False,0.8833,"acciones × precio no cuadra con la capitalización (ratio 0.8833): el dato por acción y el precio no están en la misma unidad — típico de ADR. Los ratios por acción (EPS, FCF/acción, DCF) no son utilizables",50.0,50.0,44.0,85.0,50.0,35.0,26.0,False,up,-1.4,False,0,0.8,False,0,"{'eps_growth_yoy': -1.4, 'positive_quarters': 4, 'earnings_accelerating': False, 'eps_accel_quarters': 0, 'profit_margin_pct': 14.0}","{'revenue_growth_yoy': 0.8, 'revenue_accelerating': False, 'rev_accel_quarters': 0}","{'rs_3m': nan, 'rs_6m': nan, 'rs_line_percentile': 26.0, 'rs_line_at_new_high': False, 'rs_line_trend': 'up', 'rs_line_score': 35}","{'roe_pct': 24.8, 'debt_to_equity': 0.03, 'current_ratio': 1.25, 'operating_margin_pct': 19.1}","{'days_to_earnings': 'N/A', 'recommendation': 'none'}",262.29,13715109888,Financial Services,Insurance Brokers,11.4,9.5,True,368.8,-28.9,0,False,,,,,none,,,,,,3.51,10.42,2.19,64.6,5.85,1.8,False,,,1.6,69.0,2026-10-29,False,False,4,NEUTRAL,,,5.85,47.3,,,,2026-08-21T04:41:29.818608
LRLCY,L'Oréal S.A.,53.2,⭐ AVERAGE,🟡 Average,USD,EUR,True,True,True,1.0,,55.0,50.0,38.7,70.0,60.0,15.0,21.6,False,flat,,,0,,,0,{'profit_margin_pct': 13.9},{},"{'rs_3m': 4.6, 'rs_6m': -12.2, 'rs_line_percentile': 21.6, 'rs_line_at_new_high': False, 'rs_line_trend': 'flat', 'rs_line_score': 15}","{'roe_pct': 19.4, 'debt_to_equity': 0.49, 'current_ratio': 0.97, 'operating_margin_pct': 21.3}","{'days_to_earnings': 'N/A', 'recommendation': 'strong_buy', 'analyst_upside_pct': 10.8}",90.01,239719055360,Consumer Defensive,Household & Personal Products,,,False,95.48,-5.7,6,False,99.73,102.2,97.0,3.0,strong_buy,10.8,45.78,-49.1,27.2,-69.8,3.12,2.81,1.88,61.1,1.68,1.55,,,,5.4,172.0,2027-02-09,False,False,6,NEUTRAL,3.52,69.9,4.74,25.2,,,,2026-08-21T04:41:41.534040
HRI,Herc Holdings Inc.,52.8,⭐ AVERAGE,🟡 Average,USD,USD,False,True,True,1.0,"FCF declarado (502,875,008) se aparta del derivado de flujo operativo menos capex (10,000,000)",48.0,50.0,63.0,45.0,65.0,60.0,60.2,False,up,-36.7,True,1,-7.7,True,2,"{'eps_growth_yoy': -36.7, 'positive_quarters': 3, 'earnings_accelerating': True, 'eps_accel_quarters': 1, 'profit_margin_pct': 1.0}","{'revenue_growth_yoy': -7.7, 'revenue_accelerating': True, 'rev_accel_quarters': 2}","{'rs_3m': 23.7, 'rs_6m': -0.8, 'rs_line_percentile': 60.2, 'rs_line_at_new_high': False, 'rs_line_trend': 'up', 'rs_line_score': 60}","{'roe_pct': 2.6, 'debt_to_equity': 5.06, 'current_ratio': 1.1, 'operating_margin_pct': 12.2}","{'days_to_earnings': 'N/A', 'recommendation': 'buy', 'analyst_upside_pct': 15.4}",161.66,5404527104,Industrials,Rental & Leasing Services,8.1,3.6,True,188.35,-14.2,6,False,186.58,240.0,115.0,12.0,buy,15.4,443.73,174.5,32.93,-79.6,9.3,15.04,1.67,164.7,2.8,,False,,1.1,,67.0,2026-10-27,False,False,3,NEUTRAL,2.79,4.9,0.45,66.5,,,,2026-08-21T04:47:26.264098
COST,Costco Wholesale Corporation,52.0,⭐ AVERAGE,🟡 Average,USD,USD,False,True,True,1.0,"FCF declarado (6,954,375,168) se aparta del derivado de flujo operativo menos capex (9,502,000,512)",65.0,30.0,36.0,75.0,65.0,15.0,3.4,False,down,-16.0,True,2,-18.1,False,0,"{'eps_growth_yoy': -16.0, 'positive_quarters': 4, 'earnings_accelerating': True, 'eps_accel_quarters': 2, 'profit_margin_pct': 3.0}","{'revenue_growth_yoy': -18.1, 'revenue_accelerating': False, 'rev_accel_quarters': 0}","{'rs_3m': -13.9, 'rs_6m': -16.2, 'rs_line_percentile': 3.4, 'rs_line_at_new_high': False, 'rs_line_trend': 'down', 'rs_line_score': 15}","{'roe_pct': 29.2, 'debt_to_equity': 0.6, 'current_ratio': 1.07, 'operating_margin_pct': 3.7}","{'days_to_earnings': 'N/A', 'recommendation': 'buy', 'analyst_upside_pct': 15.4}",933.51,413991927808,Consumer Defensive,Discount Stores,1.7,3.3,False,1096.5,-14.9,3,False,1077.31,1315.0,740.0,35.0,buy,15.4,665.02,-28.8,582.6,-37.6,1.68,15.68,0.61,27.0,5.88,0.59,True,-0.21,81.5,31.8,34.0,2026-09-24,False,False,7,NEUTRAL,2.66,30.6,0.91,17.3,0.2,0.01,-17.1,2026-08-21T04:39:23.942273
AZO,"AutoZone, Inc.",52.0,⭐ AVERAGE,🟡 Average,USD,USD,False,True,True,,"FCF declarado (903,784,256) se aparta del derivado de flujo operativo menos capex (1,745,085,016)",70.0,50.0,24.0,45.0,70.0,15.0,0.0,False,down,-23.4,True,2,-22.5,True,2,"{'eps_growth_yoy': -23.4, 'positive_quarters': 4, 'earnings_accelerating': True, 'eps_accel_quarters': 2, 'profit_margin_pct': 12.4}","{'revenue_growth_yoy': -22.5, 'revenue_accelerating': True, 'rev_accel_quarters': 2}","{'rs_3m': -14.9, 'rs_6m': -32.0, 'rs_line_percentile': 0.0, 'rs_line_at_new_high': False, 'rs_line_trend': 'down', 'rs_line_score': 15}","{'current_ratio': 0.89, 'operating_margin_pct': 19.1}","{'days_to_earnings': 'N/A', 'recommendation': 'strong_buy', 'analyst_upside_pct': 33.4}",2961.99,0,Consumer Cyclical,Auto Parts,3.0,2.0,False,4388.11,-32.5,0,False,3950.52,4800.0,3200.0,23.0,strong_buy,33.4,,,1401.0,-52.7,,,,,,,False,,7.5,7.7,32.0,2026-09-22,False,False,6,NEUTRAL,5.92,35.3,2.2,30.8,,,,2026-08-21T04:42:01.872219
CHTR,"Charter Communications, Inc.",51.3,⭐ AVERAGE,🟡 Average,USD,USD,False,True,False,0.885,"acciones × precio no cuadra con la capitalización (ratio 0.8850): el dato por acción y el precio no están en la misma unidad — típico de ADR. Los ratios por acción (EPS, FCF/acción, DCF) no son utilizables | FCF declarado (2,198,374,912) se aparta del derivado de flujo operativo menos capex (4,810,9",85.0,30.0,26.7,50.0,55.0,15.0,10.0,False,up,13.6,True,1,-1.1,False,0,"{'eps_growth_yoy': 13.6, 'positive_quarters': 4, 'earnings_accelerating': True, 'eps_accel_quarters': 1, 'profit_margin_pct': 9.1}","{'revenue_growth_yoy': -1.1, 'revenue_accelerating': False, 'rev_accel_quarters': 0}","{'rs_3m': 1.7, 'rs_6m': -48.9, 'rs_line_percentile': 10.0, 'rs_line_at_new_high': False, 'rs_line_trend': 'up', 'rs_line_score': 15}","{'roe_pct': 27.2, 'debt_to_equity': 4.42, 'current_ratio': 0.36, 'operating_margin_pct': 23.5}","{'days_to_earnings': 'N/A', 'recommendation': 'none', 'analyst_upside_pct': 24.8}",147.76,19914721280,Communication Services,Telecom Services,50.4,7.2,True,285.82,-48.3,2,False,184.41,380.0,101.0,17.0,none,24.8,,,,,11.04,18.43,,,,,True,-23.89,2.5,8.1,70.0,2026-10-30,False,False,7,NEUTRAL,10.52,26.9,0.21,60.2,,,,2026-08-21T04:46:11.527977
RELX,RELX PLC,51.2,⭐ AVERAGE,🟡 Average,USD,GBP,True,True,True,1.0,,60.0,50.0,36.0,50.0,60.0,15.0,18.2,False,flat,,,0,,,0,{'profit_margin_pct': 23.3},{},"{'rs_3m': nan, 'rs_6m': nan, 'rs_line_percentile': 18.2, 'rs_line_at_new_high': False, 'rs_line_trend': 'flat', 'rs_line_score': 15}","{'roe_pct': 131.9, 'debt_to_equity': 7.1, 'current_ratio': 0.45, 'operating_margin_pct': 32.0}","{'days_to_earnings': 'N/A', 'recommendation': 'none', 'analyst_upside_pct': 49.9}",35.38,61653688320,Industrials,Specialty Business Services,0.2,1.3,False,48.61,-27.2,0,False,53.05,57.0,49.1,2.0,none,49.9,60.17,70.1,41.55,17.4,4.94,1.75,2.6,53.4,0.91,2.01,,,,12.2,174.0,2027-02-11,False,False,7,NEUTRAL,1.18,1901.3,0.67,41.6,,,,2026-08-21T04:38:35.412695
NVR,"NVR, Inc.",51.1,⭐ AVERAGE,🟡 Average,USD,USD,False,True,True,1.0,,60.0,40.0,26.7,85.0,50.0,15.0,12.4,False,flat,-31.0,True,1,-10.9,True,1,"{'eps_growth_yoy': -31.0, 'positive_quarters': 4, 'earnings_accelerating': True, 'eps_accel_quarters': 1, 'profit_margin_pct': 11.8}","{'revenue_growth_yoy': -10.9, 'revenue_accelerating': True, 'rev_accel_quarters': 1}","{'rs_3m': 7.3, 'rs_6m': -26.3, 'rs_line_percentile': 12.4, 'rs_line_at_new_high': False, 'rs_line_trend': 'flat', 'rs_line_score': 15}","{'roe_pct': 31.5, 'debt_to_equity': 0.32, 'current_ratio': 5.67, 'operating_margin_pct': 13.9}","{'days_to_earnings': 'N/A', 'recommendation': 'hold', 'analyst_upside_pct': 7.7}",6300.0,16872364032,Consumer Cyclical,Residential Construction,6.5,3.8,False,8618.28,-26.9,0,False,6782.0,7446.0,5664.0,5.0,hold,7.7,5045.39,-19.9,3773.7,-40.1,5.44,342.89,,,,,True,-10.57,52.9,-9.0,61.0,2026-10-21,False,False,5,NEUTRAL,10.67,41.3,,32.8,,,,2026-08-21T04:46:15.524539
TJX,"The TJX Companies, Inc.",49.5,⚠️ WEAK,🔴 Weak,USD,USD,False,True,True,1.0,,65.0,30.0,24.0,75.0,65.0,15.0,0.0,False,down,7.2,False,0,-0.5,False,0,"{'eps_growth_yoy': 7.2, 'positive_quarters': 4, 'earnings_accelerating': False, 'eps_accel_quarters': 0, 'profit_margin_pct': 9.7}","{'revenue_growth_yoy': -0.5, 'revenue_accelerating': False, 'rev_accel_quarters': 0}","{'rs_3m': -9.3, 'rs_6m': -21.1, 'rs_line_percentile': 0.0, 'rs_line_at_new_high': False, 'rs_line_trend': 'down', 'rs_line_score': 15}","{'roe_pct': 62.2, 'debt_to_equity': 1.34, 'current_ratio': 1.15, 'operating_margin_pct': 13.1}","{'days_to_earnings': 'N/A', 'recommendation': 'strong_buy', 'analyst_upside_pct': 23.8}",140.69,155420868608,Consumer Cyclical,Apparel Retail,1.8,3.9,False,170.0,-17.2,4,False,174.2,198.0,125.0,20.0,strong_buy,23.8,139.58,-0.8,124.14,-11.8,2.96,4.16,1.33,32.5,1.92,1.34,True,-1.62,104.7,23.6,89.0,2026-11-18,False,False,7,NEUTRAL,4.46,36.2,1.03,26.1,3.1,0.12,-23.0,2026-08-21T04:44:52.472527
WMT,Walmart Inc.,49.0,⚠️ WEAK,🔴 Weak,USD,USD,False,True,True,1.0,"FCF declarado (6,862,249,984) se aparta del derivado de flujo operativo menos capex (14,249,998,208)",55.0,50.0,24.0,55.0,70.0,15.0,0.0,False,down,-24.1,True,1,0.2,False,0,"{'eps_growth_yoy': -24.1, 'positive_quarters': 4, 'earnings_accelerating': True, 'eps_accel_quarters': 1, 'profit_margin_pct': 3.1}","{'revenue_growth_yoy': 0.2, 'revenue_accelerating': False, 'rev_accel_quarters': 0}","{'rs_3m': -17.4, 'rs_6m': -26.4, 'rs_line_percentile': 0.0, 'rs_line_at_new_high': False, 'rs_line_trend': 'down', 'rs_line_score': 15}","{'roe_pct': 24.1, 'debt_to_equity': 0.75, 'current_ratio': 0.77, 'operating_margin_pct': 4.2}","{'days_to_earnings': 'N/A', 'recommendation': 'buy', 'analyst_upside_pct': 32.8}",103.84,826366885888,Consumer Defensive,Discount Stores,1.6,3.2,False,135.16,-23.2,3,False,137.95,155.0,81.0,38.0,buy,32.8,24.67,-76.2,50.05,-51.8,0.83,0.86,0.87,33.5,0.99,1.26,True,-0.68,11.7,19.4,,,False,False,7,NEUTRAL,3.29,20.6,1.63,37.0,,,,2026-08-21T04:41:16.764265
KHC,The Kraft Heinz Company,49.0,⚠️ WEAK,🔴 Weak,USD,USD,False,True,True,1.0,,38.0,60.0,46.7,55.0,50.0,35.0,34.5,False,flat,-987.8,False,0,0.4,True,1,"{'eps_growth_yoy': -987.8, 'positive_quarters': 3, 'earnings_accelerating': False, 'eps_accel_quarters': 0, 'profit_margin_pct': -13.6}","{'revenue_growth_yoy': 0.4, 'revenue_accelerating': True, 'rev_accel_quarters': 1}","{'rs_3m': 7.7, 'rs_6m': -2.7, 'rs_line_percentile': 34.5, 'rs_line_at_new_high': False, 'rs_line_trend': 'flat', 'rs_line_score': 35}","{'roe_pct': -8.8, 'debt_to_equity': 0.53, 'current_ratio': 1.06, 'operating_margin_pct': 15.5}","{'days_to_earnings': 'N/A', 'recommendation': 'hold', 'analyst_upside_pct': -1.9}",25.57,30321512448,Consumer Defensive,Packaged Foods,10.0,6.5,True,28.1,-9.0,5,False,25.09,40.0,19.0,17.0,hold,-1.9,40.33,57.7,,,10.72,2.74,6.23,73.1,1.6,4.9,True,-0.09,6.1,,68.0,2026-10-28,False,False,5,NEUTRAL,-9.62,-51.9,6.31,38.8,,,,2026-08-21T04:45:55.917297
CL,Colgate-Palmolive Company,48.5,⚠️ WEAK,🔴 Weak,USD,USD,False,True,True,1.0,,38.0,50.0,44.0,65.0,60.0,35.0,25.7,False,flat,-5.7,False,0,4.5,False,0,"{'eps_growth_yoy': -5.7, 'positive_quarters': 3, 'earnings_accelerating': False, 'eps_accel_quarters': 0, 'profit_margin_pct': 9.7}","{'revenue_growth_yoy': 4.5, 'revenue_accelerating': False, 'rev_accel_quarters': 0}","{'rs_3m': -3.1, 'rs_6m': -14.6, 'rs_line_percentile': 25.7, 'rs_line_at_new_high': False, 'rs_line_trend': 'flat', 'rs_line_score': 35}","{'roe_pct': 267.4, 'debt_to_equity': 13.88, 'current_ratio': 1.03, 'operating_margin_pct': 21.0}","{'days_to_earnings': 'N/A', 'recommendation': 'buy', 'analyst_upside_pct': 10.3}",89.7,71506395136,Consumer Defensive,Household & Personal Products,2.5,4.0,False,99.33,-9.7,5,False,98.95,110.0,87.0,20.0,buy,10.3,63.83,-28.8,25.1,-72.0,4.84,4.34,2.33,82.3,2.12,2.32,True,-1.81,12.5,-3.8,70.0,2026-10-30,False,False,5,NEUTRAL,4.25,71.4,,20.2,,,,2026-08-21T04:44:15.457708
CLPBY,Coloplast A/S,47.7,⚠️ WEAK,🔴 Weak,USD,DKK,True,True,False,0.9201,"acciones × precio no cuadra con la capitalización (ratio 0.9201): el dato por acción y el precio no están en la misma unidad — típico de ADR. Los ratios por acción (EPS, FCF/acción, DCF) no son utilizables | FCF declarado (1,199,346,879) se aparta del derivado de flujo operativo menos capex (-145,71",38.0,50.0,26.7,80.0,65.0,15.0,16.7,False,up,-206.5,False,0,2.2,False,0,"{'eps_growth_yoy': -206.5, 'positive_quarters': 3, 'earnings_accelerating': False, 'eps_accel_quarters': 0, 'profit_margin_pct': 9.7}","{'revenue_growth_yoy': 2.2, 'revenue_accelerating': False, 'rev_accel_quarters': 0}","{'rs_3m': 4.1, 'rs_6m': -22.2, 'rs_line_percentile': 16.7, 'rs_line_at_new_high': False, 'rs_line_trend': 'up', 'rs_line_score': 15}","{'roe_pct': 18.5, 'debt_to_equity': 1.78, 'current_ratio': 1.56, 'operating_margin_pct': 26.2}","{'days_to_earnings': 'N/A', 'recommendation': 'buy', 'analyst_upside_pct': 22.4}",6.8,15325034496,Healthcare,Medical Instruments & Supplies,,,False,10.03,-32.2,1,False,8.32,12.2,6.7,4.0,buy,22.4,,,,,7.83,0.58,5.16,187.0,0.36,2.72,False,,3.9,32.7,,,False,False,7,NEUTRAL,18.77,105.6,0.2,40.4,,,,2026-08-21T04:41:33.796666
BN,Brookfield Corporation,47.5,⚠️ WEAK,🔴 Weak,USD,USD,False,True,True,1.0,"FCF declarado (-1,981,124,992) se aparta del derivado de flujo operativo menos capex (-5,409,000,448)",45.0,50.0,24.0,65.0,70.0,15.0,0.0,False,down,-62.5,False,0,2.7,False,0,"{'eps_growth_yoy': -62.5, 'positive_quarters': 4, 'earnings_accelerating': False, 'eps_accel_quarters': 0, 'profit_margin_pct': 1.8}","{'revenue_growth_yoy': 2.7, 'revenue_accelerating': False, 'rev_accel_quarters': 0}","{'rs_3m': -11.6, 'rs_6m': -21.3, 'rs_line_percentile': 0.0, 'rs_line_at_new_high': False, 'rs_line_trend': 'down', 'rs_line_score': 15}","{'roe_pct': 2.3, 'debt_to_equity': 1.61, 'current_ratio': 1.01, 'operating_margin_pct': 25.7}","{'days_to_earnings': 'N/A', 'recommendation': 'buy', 'analyst_upside_pct': 31.5}",41.37,92352380928,Financial Services,Asset Management,,5.3,False,49.57,-16.5,1,False,54.4,61.0,31.0,10.0,buy,31.5,,,15.9,-61.6,-2.15,-0.89,0.66,48.2,0.28,0.87,True,-1.14,1.3,40.3,83.0,2026-11-12,False,False,6,NEUTRAL,4.56,12.9,0.17,24.5,1.6,0.06,-22.9,2026-08-21T04:46:48.224168
LEN,Lennar Corporation,46.8,⚠️ WEAK,🔴 Weak,USD,USD,False,True,False,0.8738,"acciones × precio no cuadra con la capitalización (ratio 0.8738): el dato por acción y el precio no están en la misma unidad — típico de ADR. Los ratios por acción (EPS, FCF/acción, DCF) no son utilizables | FCF declarado (1,077,926,016) se aparta del derivado de flujo operativo menos capex (694,361",55.0,40.0,24.0,70.0,50.0,15.0,2.4,False,down,-48.4,True,1,-9.9,True,1,"{'eps_growth_yoy': -48.4, 'positive_quarters': 4, 'earnings_accelerating': True, 'eps_accel_quarters': 1, 'profit_margin_pct': 4.9}","{'revenue_growth_yoy': -9.9, 'revenue_accelerating': True, 'rev_accel_quarters': 1}","{'rs_3m': -6.2, 'rs_6m': -37.0, 'rs_line_percentile': 2.4, 'rs_line_at_new_high': False, 'rs_line_trend': 'down', 'rs_line_score': 15}","{'roe_pct': 7.4, 'debt_to_equity': 0.29, 'current_ratio': 8.51, 'operating_margin_pct': 5.3}","{'days_to_earnings': 'N/A', 'recommendation': 'hold', 'analyst_upside_pct': 0.9}",85.42,20577261568,Consumer Cyclical,Residential Construction,0.3,0.2,False,144.24,-40.8,0,False,86.23,120.0,67.0,13.0,hold,0.9,,,,,5.24,5.12,2.29,31.4,2.0,1.48,True,-6.07,,-12.6,27.0,2026-09-17,False,False,4,NEUTRAL,10.95,11.2,,39.6,,,,2026-08-21T04:46:44.421440
ESLOY,EssilorLuxottica Société anonyme,46.5,⚠️ WEAK,🔴 Weak,USD,EUR,True,True,True,1.0,,50.0,50.0,24.0,55.0,60.0,15.0,2.5,False,down,,,0,,,0,{'profit_margin_pct': 8.5},{},"{'rs_3m': -10.3, 'rs_6m': -44.0, 'rs_line_percentile': 2.5, 'rs_line_at_new_high': False, 'rs_line_trend': 'down', 'rs_line_score': 15}","{'roe_pct': 6.7, 'debt_to_equity': 0.38, 'current_ratio': 0.89, 'operating_margin_pct': 15.4}","{'days_to_earnings': 'N/A', 'recommendation': 'none', 'analyst_upside_pct': 52.3}",94.24,86623821824,Healthcare,Medical Instruments & Supplies,,,False,186.81,-49.6,0,False,143.5,148.0,139.0,2.0,none,52.3,90.48,-4.0,37.64,-60.1,4.44,4.18,2.43,74.3,2.32,1.55,,,,6.2,,,False,False,4,NEUTRAL,3.48,34.6,1.72,32.8,,,,2026-08-21T04:44:47.813964
PG,Procter & Gamble Company (The),46.3,⚠️ WEAK,🔴 Weak,USD,USD,False,True,True,1.0,,50.0,40.0,24.0,70.0,60.0,15.0,5.6,False,down,-35.9,False,0,-5.3,True,1,"{'eps_growth_yoy': -35.9, 'positive_quarters': 4, 'earnings_accelerating': False, 'eps_accel_quarters': 0, 'profit_margin_pct': 18.4}","{'revenue_growth_yoy': -5.3, 'revenue_accelerating': True, 'rev_accel_quarters': 1}","{'rs_3m': -2.5, 'rs_6m': -20.9, 'rs_line_percentile': 5.6, 'rs_line_at_new_high': False, 'rs_line_trend': 'down', 'rs_line_score': 15}","{'roe_pct': 30.3, 'debt_to_equity': 0.64, 'current_ratio': 0.68, 'operating_margin_pct': 22.1}","{'days_to_earnings': 'N/A', 'recommendation': 'buy', 'analyst_upside_pct': 12.3}",142.97,332324208640,Consumer Defensive,Household & Personal Products,1.2,3.1,False,167.25,-14.5,2,False,160.57,186.0,143.0,23.0,buy,12.3,84.07,-41.2,65.6,-54.1,4.0,5.71,3.02,64.3,4.35,2.49,True,-1.51,24.3,-10.8,62.0,2026-10-22,False,False,6,NEUTRAL,5.93,83.8,,15.4,,,,2026-08-21T04:40:37.031561
TEVA,Teva Pharmaceutical Industries Limited,44.1,⚠️ WEAK,🔴 Weak,USD,USD,False,True,True,1.0,"FCF declarado (2,219,875,072) se aparta del derivado de flujo operativo menos capex (1,397,000,000)",38.0,40.0,64.7,25.0,60.0,80.0,81.7,False,up,-233.0,False,0,-7.5,True,1,"{'eps_growth_yoy': -233.0, 'positive_quarters': 3, 'earnings_accelerating': False, 'eps_accel_quarters': 0, 'profit_margin_pct': 4.1}","{'revenue_growth_yoy': -7.5, 'revenue_accelerating': True, 'rev_accel_quarters': 1}","{'rs_3m': 5.1, 'rs_6m': -3.3, 'rs_line_percentile': 81.7, 'rs_line_at_new_high': False, 'rs_line_trend': 'up', 'rs_line_score': 80}","{'roe_pct': 9.7, 'debt_to_equity': 2.18, 'current_ratio': 0.88, 'operating_margin_pct': 4.0}","{'days_to_earnings': 'N/A', 'recommendation': 'strong_buy', 'analyst_upside_pct': 12.5}",36.81,42894553088,Healthcare,Drug Manufacturers - Specialty & Generic,3.0,6.2,False,37.83,-2.7,8,True,41.4,50.0,33.0,10.0,strong_buy,12.5,28.03,-23.9,5.9,-84.0,5.18,1.9,,,,2.95,False,,1.8,,75.0,2026-11-04,False,False,8,STRONG,3.81,43.5,0.27,38.2,0.8,0.02,-37.4,2026-08-21T04:47:05.281845
GPK,Graphic Packaging Holding Compa,43.6,⚠️ WEAK,🔴 Weak,USD,USD,False,True,True,1.0,"FCF declarado (237,875,008) se aparta del derivado de flujo operativo menos capex (-129,000,000)",48.0,30.0,42.3,55.0,50.0,15.0,10.5,False,up,-83.1,True,1,-0.1,False,0,"{'eps_growth_yoy': -83.1, 'positive_quarters': 3, 'earnings_accelerating': True, 'eps_accel_quarters': 1, 'profit_margin_pct': 2.2}","{'revenue_growth_yoy': -0.1, 'revenue_accelerating': False, 'rev_accel_quarters': 0}","{'rs_3m': 19.0, 'rs_6m': -15.1, 'rs_line_percentile': 10.5, 'rs_line_at_new_high': False, 'rs_line_trend': 'up', 'rs_line_score': 15}","{'roe_pct': 6.0, 'debt_to_equity': 1.76, 'current_ratio': 1.38, 'operating_margin_pct': 4.5}","{'days_to_earnings': 'N/A', 'recommendation': 'hold', 'analyst_upside_pct': 8.2}",11.63,3443312640,Consumer Cyclical,Packaging & Containers,8.3,4.6,True,23.47,-50.4,2,False,12.58,18.0,10.0,11.0,hold,8.2,11.82,1.6,6.6,-43.3,6.91,0.8,3.86,67.7,0.44,1.79,True,-2.15,2.0,-30.6,80.0,2026-11-09,False,False,5,NEUTRAL,8.97,12.6,,40.9,6.3,0.15,-34.6,2026-08-21T04:47:17.239956
KD,"Kyndryl Holdings, Inc.",35.3,⚠️ WEAK,🔴 Weak,USD,USD,False,True,True,1.0,"FCF declarado (2,652,624,896) se aparta del derivado de flujo operativo menos capex (154,000,000)",38.0,30.0,36.0,25.0,55.0,15.0,5.0,False,up,-180.9,False,0,-2.8,False,0,"{'eps_growth_yoy': -180.9, 'positive_quarters': 3, 'earnings_accelerating': False, 'eps_accel_quarters': 0, 'profit_margin_pct': 0.6}","{'revenue_growth_yoy': -2.8, 'revenue_accelerating': False, 'rev_accel_quarters': 0}","{'rs_3m': -0.6, 'rs_6m': -17.4, 'rs_line_percentile': 5.0, 'rs_line_at_new_high': False, 'rs_line_trend': 'up', 'rs_line_score': 15}","{'roe_pct': 6.9, 'debt_to_equity': 4.22, 'current_ratio': 0.85, 'operating_margin_pct': 2.9}","{'days_to_earnings': 'N/A', 'recommendation': 'hold', 'analyst_upside_pct': 15.4}",12.31,2681342720,Technology,Information Technology Services,13.7,7.2,True,33.9,-63.7,1,False,14.2,16.0,13.0,5.0,hold,15.4,179.19,1355.6,3.7,-69.9,98.93,12.18,,,,,True,-12.9,3.4,,74.0,2026-11-03,False,False,6,NEUTRAL,8.98,14.9,0.14,61.9,,,,2026-08-21T04:47:38.479387
