ticker,company_name,fundamental_score,tier,quality,price_currency,financial_currency,fx_applied,fx_reliable,per_share_reliable,shares_price_ratio,coherence_issues,earnings_quality_score,growth_acceleration_score,relative_strength_score,financial_health_score,catalyst_timing_score,rs_line_score,rs_line_percentile,rs_line_at_new_high,rs_line_trend,eps_growth_yoy,eps_accelerating,eps_accel_quarters,rev_growth_yoy,rev_accelerating,rev_accel_quarters,earnings_details,growth_details,rs_details,health_details,catalyst_details,current_price,market_cap,sector,industry,short_percent_float,short_ratio,short_squeeze_potential,fifty_two_week_high,proximity_to_52w_high,trend_template_score,trend_template_pass,target_price_analyst,target_price_analyst_high,target_price_analyst_low,analyst_count,analyst_recommendation,analyst_upside_pct,target_price_dcf,target_price_dcf_upside_pct,target_price_pe,target_price_pe_upside_pct,fcf_yield_pct,fcf_per_share,dividend_yield_pct,payout_ratio_pct,dividend_rate,five_yr_avg_dividend_yield_pct,buyback_active,shares_change_pct,interest_coverage,analyst_revision_momentum,days_to_earnings,earnings_date,earnings_warning,earnings_catalyst,piotroski_score,piotroski_label,ebit_ev_yield,roic_greenblatt,peg_ratio,hv_30d,atm_iv,iv_ratio,iv_premium_pts,analyzed_at
CVX,Chevron Corporation,82.5,🏆 ELITE,🟢 Elite,USD,USD,False,True,True,1.0,,100.0,100.0,44.0,85.0,60.0,35.0,37.3,False,up,241.1,True,2,39.5,True,2,"{'eps_growth_yoy': 241.1, 'positive_quarters': 4, 'earnings_accelerating': True, 'eps_accel_quarters': 2, 'profit_margin_pct': 9.8}","{'revenue_growth_yoy': 39.5, 'revenue_accelerating': True, 'rev_accel_quarters': 2}","{'rs_3m': nan, 'rs_6m': nan, 'rs_line_percentile': 37.3, 'rs_line_at_new_high': False, 'rs_line_trend': 'up', 'rs_line_score': 35}","{'roe_pct': 12.2, 'debt_to_equity': 0.19, 'current_ratio': 1.25, 'operating_margin_pct': 21.9}","{'days_to_earnings': 'N/A', 'recommendation': 'buy', 'analyst_upside_pct': 7.0}",202.7,397617004544,Energy,Oil & Gas Integrated,1.0,2.5,False,214.71,-5.6,0,False,216.83,236.0,175.0,24.0,buy,7.0,474.19,133.9,316.2,56.0,5.52,11.18,3.56,67.2,7.12,3.99,True,-2.8,22.5,321.9,73.0,2026-10-30,False,False,5,NEUTRAL,4.85,9.3,0.05,26.7,,,,2026-08-18T04:43:12.679845
INTU,Intuit Inc.,82.0,🏆 ELITE,🟢 Elite,USD,USD,False,True,True,1.0,"FCF declarado (5,232,000,000) se aparta del derivado de flujo operativo menos capex (7,764,000,000)",100.0,100.0,36.0,85.0,70.0,15.0,13.1,False,up,704.2,True,2,123.4,True,2,"{'eps_growth_yoy': 704.2, 'positive_quarters': 4, 'earnings_accelerating': True, 'eps_accel_quarters': 2, 'profit_margin_pct': 21.9}","{'revenue_growth_yoy': 123.4, 'revenue_accelerating': True, 'rev_accel_quarters': 2}","{'rs_3m': nan, 'rs_6m': nan, 'rs_line_percentile': 13.1, 'rs_line_at_new_high': False, 'rs_line_trend': 'up', 'rs_line_score': 15}","{'roe_pct': 22.5, 'debt_to_equity': 0.33, 'current_ratio': 1.45, 'operating_margin_pct': 47.0}","{'days_to_earnings': 'N/A', 'recommendation': 'buy', 'analyst_upside_pct': 34.5}",335.6,91799019520,Technology,Software - Application,5.1,2.8,False,719.1,-53.3,0,False,451.32,921.0,250.0,33.0,buy,34.5,387.99,15.6,170.24,-49.3,5.7,19.13,1.39,28.3,4.8,0.67,True,-4.45,24.8,10.7,7.0,2026-08-25,True,False,9,STRONG,5.53,97.0,1.15,48.2,,,,2026-08-18T04:37:50.973449
HEI,Heico Corporation,79.4,⭐⭐⭐ EXCELLENT,🟢 Excellent,USD,USD,False,True,True,,,100.0,70.0,62.0,90.0,60.0,80.0,75.4,False,up,31.8,True,1,19.9,True,1,"{'eps_growth_yoy': 31.8, 'positive_quarters': 4, 'earnings_accelerating': True, 'eps_accel_quarters': 1, 'profit_margin_pct': 16.1}","{'revenue_growth_yoy': 19.9, 'revenue_accelerating': True, 'rev_accel_quarters': 1}","{'rs_3m': nan, 'rs_6m': nan, 'rs_line_percentile': 75.4, 'rs_line_at_new_high': False, 'rs_line_trend': 'up', 'rs_line_score': 80}","{'roe_pct': 17.2, 'debt_to_equity': 0.48, 'current_ratio': 2.92, 'operating_margin_pct': 25.5}","{'days_to_earnings': 'N/A', 'recommendation': 'buy', 'analyst_upside_pct': 4.6}",371.28,0,Industrials,Aerospace & Defense,1.4,1.6,False,376.86,-1.5,1,False,388.32,472.0,290.0,19.0,buy,4.6,,,165.9,-55.3,,,0.07,4.3,0.25,0.1,False,,9.0,48.2,7.0,2026-08-25,True,False,8,STRONG,1.87,52.3,1.11,22.4,,,,2026-08-18T04:40:31.076591
VEEV,Veeva Systems Inc.,77.5,⭐⭐⭐ EXCELLENT,🟢 Excellent,USD,USD,False,True,True,1.0,,100.0,80.0,44.0,85.0,60.0,35.0,42.4,False,up,30.3,True,1,11.9,True,2,"{'eps_growth_yoy': 30.3, 'positive_quarters': 4, 'earnings_accelerating': True, 'eps_accel_quarters': 1, 'profit_margin_pct': 28.4}","{'revenue_growth_yoy': 11.9, 'revenue_accelerating': True, 'rev_accel_quarters': 2}","{'rs_3m': nan, 'rs_6m': nan, 'rs_line_percentile': 42.4, 'rs_line_at_new_high': False, 'rs_line_trend': 'up', 'rs_line_score': 35}","{'roe_pct': 13.9, 'debt_to_equity': 0.01, 'current_ratio': 4.74, 'operating_margin_pct': 30.9}","{'days_to_earnings': 'N/A', 'recommendation': 'buy', 'analyst_upside_pct': 2.4}",238.34,38716735488,Healthcare,Health Information Services,4.9,4.2,False,310.5,-23.2,0,False,244.14,350.0,165.0,28.0,buy,2.4,183.94,-22.8,80.45,-66.2,3.25,7.75,,,,,True,-0.59,,14.6,8.0,2026-08-26,False,True,7,NEUTRAL,2.91,14.1,1.63,47.4,,,,2026-08-18T04:38:47.815004
POOL,Pool Corporation,77.2,⭐⭐⭐ EXCELLENT,🟢 Excellent,USD,USD,False,True,True,1.0,"FCF declarado (212,930,256) se aparta del derivado de flujo operativo menos capex (310,312,016)",100.0,90.0,36.0,80.0,55.0,15.0,6.4,False,up,48.1,True,2,25.6,True,2,"{'eps_growth_yoy': 48.1, 'positive_quarters': 4, 'earnings_accelerating': True, 'eps_accel_quarters': 2, 'profit_margin_pct': 7.4}","{'revenue_growth_yoy': 25.6, 'revenue_accelerating': True, 'rev_accel_quarters': 2}","{'rs_3m': nan, 'rs_6m': nan, 'rs_line_percentile': 6.4, 'rs_line_at_new_high': False, 'rs_line_trend': 'up', 'rs_line_score': 15}","{'roe_pct': 31.3, 'debt_to_equity': 1.35, 'current_ratio': 2.67, 'operating_margin_pct': 15.1}","{'days_to_earnings': 'N/A', 'recommendation': 'none', 'analyst_upside_pct': 15.7}",190.47,6921822208,Industrials,Industrial Distribution,11.6,4.0,True,336.15,-43.3,0,False,220.36,260.0,185.0,11.0,none,15.7,86.21,-54.7,106.5,-44.1,3.08,5.86,2.67,46.4,5.2,1.26,True,-3.97,16.2,,65.0,2026-10-22,False,False,5,NEUTRAL,6.76,34.5,2.16,44.4,,,,2026-08-18T04:43:43.673356
MSFT,Microsoft Corporation,77.0,⭐⭐⭐ EXCELLENT,🟢 Excellent,USD,USD,False,True,True,1.0,"FCF declarado (16,545,500,160) se aparta del derivado de flujo operativo menos capex (66,986,994,944)",100.0,70.0,44.0,95.0,65.0,35.0,48.4,False,up,28.9,True,1,15.9,True,1,"{'eps_growth_yoy': 28.9, 'positive_quarters': 4, 'earnings_accelerating': True, 'eps_accel_quarters': 1, 'profit_margin_pct': 40.3}","{'revenue_growth_yoy': 15.9, 'revenue_accelerating': True, 'rev_accel_quarters': 1}","{'rs_3m': nan, 'rs_6m': nan, 'rs_line_percentile': 48.4, 'rs_line_at_new_high': False, 'rs_line_trend': 'up', 'rs_line_score': 35}","{'roe_pct': 34.0, 'debt_to_equity': 0.29, 'current_ratio': 1.23, 'operating_margin_pct': 45.1}","{'days_to_earnings': 'N/A', 'recommendation': 'strong_buy', 'analyst_upside_pct': 18.6}",480.35,3566861025280,Technology,Software - Infrastructure,1.1,2.2,False,553.72,-13.3,0,False,569.56,870.0,400.0,53.0,strong_buy,18.6,94.49,-80.3,521.7,8.6,0.46,2.23,0.73,19.8,3.64,0.79,True,-0.62,55.4,31.7,71.0,2026-10-28,False,False,6,NEUTRAL,4.67,44.9,0.64,59.6,,,,2026-08-18T04:37:35.340900
CBOE,"Cboe Global Markets, Inc.",76.8,⭐⭐⭐ EXCELLENT,🟢 Excellent,USD,USD,False,True,True,1.0,"FCF declarado (678,249,984) se aparta del derivado de flujo operativo menos capex (1,891,800,000)",85.0,90.0,44.0,100.0,50.0,35.0,37.6,False,down,17.4,False,0,26.4,True,2,"{'eps_growth_yoy': 17.4, 'positive_quarters': 4, 'earnings_accelerating': False, 'eps_accel_quarters': 0, 'profit_margin_pct': 26.7}","{'revenue_growth_yoy': 26.4, 'revenue_accelerating': True, 'rev_accel_quarters': 2}","{'rs_3m': nan, 'rs_6m': nan, 'rs_line_percentile': 37.6, 'rs_line_at_new_high': False, 'rs_line_trend': 'down', 'rs_line_score': 35}","{'roe_pct': 26.3, 'debt_to_equity': 0.28, 'current_ratio': 1.56, 'operating_margin_pct': 34.6}","{'days_to_earnings': 'N/A', 'recommendation': 'hold', 'analyst_upside_pct': 7.7}",295.0,30807150592,Financial Services,Financial Data & Stock Exchanges,3.0,2.9,False,371.18,-20.5,0,False,317.71,380.0,258.0,14.0,hold,7.7,275.43,-6.6,383.1,29.9,2.2,6.49,1.16,22.4,3.44,1.29,True,-0.24,36.6,20.1,73.0,2026-10-30,False,False,8,STRONG,5.39,70.3,0.39,30.0,,,,2026-08-18T04:42:28.507784
HHH,Howard Hughes Holdings Inc.,76.5,⭐⭐⭐ EXCELLENT,🟢 Excellent,USD,USD,False,True,True,1.0,"FCF declarado (-1,133,985,280) se aparta del derivado de flujo operativo menos capex (783,653,000)",100.0,90.0,36.0,65.0,70.0,15.0,5.3,False,up,32.5,True,2,187.6,True,1,"{'eps_growth_yoy': 32.5, 'positive_quarters': 4, 'earnings_accelerating': True, 'eps_accel_quarters': 2, 'profit_margin_pct': 12.3}","{'revenue_growth_yoy': 187.6, 'revenue_accelerating': True, 'rev_accel_quarters': 1}","{'rs_3m': nan, 'rs_6m': nan, 'rs_line_percentile': 5.3, 'rs_line_at_new_high': False, 'rs_line_trend': 'up', 'rs_line_score': 15}","{'roe_pct': 7.5, 'debt_to_equity': 1.35, 'current_ratio': 3.48, 'operating_margin_pct': 28.4}","{'days_to_earnings': 'N/A', 'recommendation': 'buy', 'analyst_upside_pct': 34.5}",66.65,3980407040,Real Estate,Real Estate - Development,9.0,8.1,True,91.07,-26.8,0,False,89.67,100.0,79.0,3.0,buy,34.5,,,152.1,128.2,-28.49,-18.99,,,,,False,,3.2,,83.0,2026-11-09,False,False,6,NEUTRAL,4.87,14.6,,29.7,,,,2026-08-18T04:44:24.192697
IDXX,"IDEXX Laboratories, Inc.",76.5,⭐⭐⭐ EXCELLENT,🟢 Excellent,USD,USD,False,True,True,1.0,"FCF declarado (909,368,384) se aparta del derivado de flujo operativo menos capex (1,233,284,016)",100.0,80.0,36.0,85.0,65.0,15.0,1.1,False,down,23.2,True,2,10.1,True,2,"{'eps_growth_yoy': 23.2, 'positive_quarters': 4, 'earnings_accelerating': True, 'eps_accel_quarters': 2, 'profit_margin_pct': 25.0}","{'revenue_growth_yoy': 10.1, 'revenue_accelerating': True, 'rev_accel_quarters': 2}","{'rs_3m': nan, 'rs_6m': nan, 'rs_line_percentile': 1.1, 'rs_line_at_new_high': False, 'rs_line_trend': 'down', 'rs_line_score': 15}","{'roe_pct': 74.2, 'debt_to_equity': 0.68, 'current_ratio': 1.17, 'operating_margin_pct': 35.0}","{'days_to_earnings': 'N/A', 'recommendation': 'buy', 'analyst_upside_pct': 28.0}",546.09,43021582336,Healthcare,Diagnostics & Research,2.8,3.2,False,769.98,-29.1,0,False,698.92,805.0,470.0,13.0,buy,28.0,308.05,-43.6,247.98,-54.6,2.11,11.54,,,,,True,-2.73,38.7,12.3,76.0,2026-11-02,False,False,8,STRONG,3.1,120.0,1.85,34.5,,,,2026-08-18T04:38:03.216476
RACE,Ferrari N.V.,75.8,⭐⭐⭐ EXCELLENT,🟢 Excellent,USD,EUR,True,True,True,1.0,"FCF declarado (1,159,835,363) se aparta del derivado de flujo operativo menos capex (1,843,218,604)",100.0,70.0,44.0,90.0,60.0,35.0,29.7,False,up,21.2,True,2,9.7,True,2,"{'eps_growth_yoy': 21.2, 'positive_quarters': 4, 'earnings_accelerating': True, 'eps_accel_quarters': 2, 'profit_margin_pct': 22.2}","{'revenue_growth_yoy': 9.7, 'revenue_accelerating': True, 'rev_accel_quarters': 2}","{'rs_3m': nan, 'rs_6m': nan, 'rs_line_percentile': 29.7, 'rs_line_at_new_high': False, 'rs_line_trend': 'up', 'rs_line_score': 35}","{'roe_pct': 45.4, 'debt_to_equity': 0.86, 'current_ratio': 2.43, 'operating_margin_pct': 31.1}","{'days_to_earnings': 'N/A', 'recommendation': 'strong_buy', 'analyst_upside_pct': 10.1}",417.1,73311510528,Consumer Cyclical,Auto Manufacturers,2.8,7.0,False,504.49,-17.3,0,False,459.04,532.47,399.63,14.0,strong_buy,10.1,130.62,-68.7,108.68,-73.9,1.58,6.6,1.02,39.0,4.23,0.68,True,-1.09,63.9,10.1,77.0,2026-11-03,False,False,9,STRONG,2.8,46.9,3.25,30.0,,,,2026-08-18T04:40:01.690665
THC,Tenet Healthcare Corporation,75.8,⭐⭐⭐ EXCELLENT,🟢 Excellent,USD,USD,False,True,True,1.0,"FCF declarado (2,247,875,072) se aparta del derivado de flujo operativo menos capex (3,005,000,064)",100.0,60.0,68.0,75.0,60.0,95.0,90.3,False,up,141.5,False,0,14.2,False,0,"{'eps_growth_yoy': 141.5, 'positive_quarters': 4, 'earnings_accelerating': False, 'eps_accel_quarters': 0, 'profit_margin_pct': 10.3}","{'revenue_growth_yoy': 14.2, 'revenue_accelerating': False, 'rev_accel_quarters': 0}","{'rs_3m': nan, 'rs_6m': nan, 'rs_line_percentile': 90.3, 'rs_line_at_new_high': False, 'rs_line_trend': 'up', 'rs_line_score': 95}","{'roe_pct': 37.3, 'debt_to_equity': 1.52, 'current_ratio': 1.41, 'operating_margin_pct': 18.2}","{'days_to_earnings': 'N/A', 'recommendation': 'strong_buy', 'analyst_upside_pct': 6.6}",264.56,21302106112,Healthcare,Medical Care Facilities,4.7,2.2,False,270.57,-2.2,1,False,282.0,309.0,260.0,21.0,strong_buy,6.6,1183.92,347.5,766.8,189.8,10.55,27.92,,,,2.75,True,-7.75,5.7,213.4,70.0,2026-10-27,False,False,6,NEUTRAL,9.94,33.4,0.06,69.6,,,,2026-08-18T04:44:35.758994
TT,Trane Technologies plc,75.8,⭐⭐⭐ EXCELLENT,🟢 Excellent,USD,USD,False,True,True,1.0,,90.0,80.0,54.0,80.0,60.0,60.0,50.5,False,flat,9.1,True,2,10.6,True,2,"{'eps_growth_yoy': 9.1, 'positive_quarters': 4, 'earnings_accelerating': True, 'eps_accel_quarters': 2, 'profit_margin_pct': 13.3}","{'revenue_growth_yoy': 10.6, 'revenue_accelerating': True, 'rev_accel_quarters': 2}","{'rs_3m': nan, 'rs_6m': nan, 'rs_line_percentile': 50.5, 'rs_line_at_new_high': False, 'rs_line_trend': 'flat', 'rs_line_score': 60}","{'roe_pct': 36.6, 'debt_to_equity': 0.53, 'current_ratio': 1.07, 'operating_margin_pct': 19.3}","{'days_to_earnings': 'N/A', 'recommendation': 'buy', 'analyst_upside_pct': 10.9}",475.32,104581423104,Industrials,Building Products & Equipment,1.4,2.5,False,505.87,-6.0,0,False,526.99,575.0,422.0,21.0,buy,10.9,248.18,-47.8,132.6,-72.1,2.98,14.19,0.87,29.7,4.2,1.19,True,-1.3,18.0,5.0,72.0,2026-10-29,False,False,9,STRONG,3.62,102.0,3.83,29.2,,,,2026-08-18T04:41:16.991335
BR,"Broadridge Financial Solutions, Inc.",75.7,⭐⭐⭐ EXCELLENT,🟢 Excellent,USD,USD,False,True,True,1.0,,100.0,80.0,36.0,80.0,65.0,15.0,16.7,False,up,140.7,True,1,39.7,False,0,"{'eps_growth_yoy': 140.7, 'positive_quarters': 4, 'earnings_accelerating': True, 'eps_accel_quarters': 1, 'profit_margin_pct': 15.0}","{'revenue_growth_yoy': 39.7, 'revenue_accelerating': False, 'rev_accel_quarters': 0}","{'rs_3m': nan, 'rs_6m': nan, 'rs_line_percentile': 16.7, 'rs_line_at_new_high': False, 'rs_line_trend': 'up', 'rs_line_score': 15}","{'roe_pct': 40.9, 'debt_to_equity': 1.24, 'current_ratio': 1.24, 'operating_margin_pct': 24.6}","{'days_to_earnings': 'N/A', 'recommendation': 'buy', 'analyst_upside_pct': 27.1}",167.84,19137419264,Technology,Information Technology Services,4.0,4.0,False,265.37,-36.8,0,False,213.25,250.0,176.0,8.0,buy,27.1,193.4,15.2,95.9,-42.9,6.24,10.48,2.55,40.6,4.36,1.68,True,-3.15,13.9,5.9,77.0,2026-11-03,False,False,8,STRONG,7.0,211.6,1.73,42.7,,,,2026-08-18T04:37:23.613152
CDNS,"Cadence Design Systems, Inc.",74.7,⭐⭐⭐ EXCELLENT,🟢 Excellent,USD,USD,False,True,True,1.0,,100.0,70.0,36.0,90.0,65.0,15.0,15.3,False,down,27.8,True,1,18.3,True,1,"{'eps_growth_yoy': 27.8, 'positive_quarters': 4, 'earnings_accelerating': True, 'eps_accel_quarters': 1, 'profit_margin_pct': 23.6}","{'revenue_growth_yoy': 18.3, 'revenue_accelerating': True, 'rev_accel_quarters': 1}","{'rs_3m': nan, 'rs_6m': nan, 'rs_line_percentile': 15.3, 'rs_line_at_new_high': False, 'rs_line_trend': 'down', 'rs_line_score': 15}","{'roe_pct': 23.2, 'debt_to_equity': 0.39, 'current_ratio': 1.74, 'operating_margin_pct': 28.6}","{'days_to_earnings': 'N/A', 'recommendation': 'strong_buy', 'analyst_upside_pct': 24.8}",323.47,89081372672,Technology,Software - Application,2.2,2.6,False,416.69,-22.4,0,False,403.67,470.0,300.0,26.0,strong_buy,24.8,247.88,-23.4,150.3,-53.5,1.81,5.85,,,,,True,-1.14,15.6,125.4,69.0,2026-10-26,False,False,7,NEUTRAL,1.82,44.0,0.27,31.2,,,,2026-08-18T04:40:43.541217
NUE,Nucor Corporation,74.6,⭐⭐⭐ EXCELLENT,🟢 Excellent,USD,USD,False,True,True,1.0,"FCF declarado (683,374,976) se aparta del derivado de flujo operativo menos capex (1,002,000,000)",85.0,70.0,68.0,80.0,60.0,95.0,92.1,False,flat,23.2,True,1,12.3,True,1,"{'eps_growth_yoy': 23.2, 'positive_quarters': 4, 'earnings_accelerating': True, 'eps_accel_quarters': 1, 'profit_margin_pct': 8.0}","{'revenue_growth_yoy': 12.3, 'revenue_accelerating': True, 'rev_accel_quarters': 1}","{'rs_3m': nan, 'rs_6m': nan, 'rs_line_percentile': 92.1, 'rs_line_at_new_high': False, 'rs_line_trend': 'flat', 'rs_line_score': 95}","{'roe_pct': 14.5, 'debt_to_equity': 0.31, 'current_ratio': 2.51, 'operating_margin_pct': 15.7}","{'days_to_earnings': 'N/A', 'recommendation': 'buy', 'analyst_upside_pct': 4.0}",272.68,61864460288,Basic Materials,Steel,2.1,2.6,False,280.11,-2.7,1,False,283.56,305.0,231.0,16.0,buy,4.0,127.74,-53.2,381.3,39.8,1.1,3.01,0.83,17.8,2.24,1.41,True,-0.85,23.8,93.8,69.0,2026-10-26,False,False,6,NEUTRAL,4.06,11.9,0.15,37.6,,,,2026-08-18T04:43:51.754637
OXY,Occidental Petroleum Corporation,74.3,⭐⭐⭐ EXCELLENT,🟢 Excellent,USD,USD,False,True,True,1.0,,100.0,70.0,44.0,80.0,60.0,35.0,37.8,False,down,259.2,True,2,21.8,False,0,"{'eps_growth_yoy': 259.2, 'positive_quarters': 3, 'earnings_accelerating': True, 'eps_accel_quarters': 2, 'profit_margin_pct': 30.3}","{'revenue_growth_yoy': 21.8, 'revenue_accelerating': False, 'rev_accel_quarters': 0}","{'rs_3m': nan, 'rs_6m': nan, 'rs_line_percentile': 37.8, 'rs_line_at_new_high': False, 'rs_line_trend': 'down', 'rs_line_score': 35}","{'roe_pct': 10.6, 'debt_to_equity': 0.35, 'current_ratio': 1.41, 'operating_margin_pct': 45.4}","{'days_to_earnings': 'N/A', 'recommendation': 'buy', 'analyst_upside_pct': 12.1}",59.04,59018592256,Energy,Oil & Gas E&P,0.0,0.0,False,67.45,-12.5,0,False,66.17,79.0,55.0,23.0,buy,12.1,160.71,172.2,102.9,74.3,6.42,3.79,1.92,29.5,1.12,1.14,True,-0.2,6.2,675.4,83.0,2026-11-09,False,False,4,NEUTRAL,5.27,6.4,0.02,36.6,,,,2026-08-18T04:42:59.839507
BRK-B,Berkshire Hathaway Inc.,74.2,⭐⭐⭐ EXCELLENT,🟢 Excellent,USD,USD,False,True,False,0.6577,"acciones × precio no cuadra con la capitalización (ratio 0.6577): el dato por acción y el precio no están en la misma unidad — típico de ADR. Los ratios por acción (EPS, FCF/acción, DCF) no son utilizables | FCF declarado (71,975,247,872) se aparta del derivado de flujo operativo menos capex (25,707",100.0,70.0,36.0,90.0,60.0,15.0,16.3,False,up,107.5,True,1,19.2,True,1,"{'eps_growth_yoy': 107.5, 'positive_quarters': 4, 'earnings_accelerating': True, 'eps_accel_quarters': 1, 'profit_margin_pct': 22.3}","{'revenue_growth_yoy': 19.2, 'revenue_accelerating': True, 'rev_accel_quarters': 1}","{'rs_3m': nan, 'rs_6m': nan, 'rs_line_percentile': 16.3, 'rs_line_at_new_high': False, 'rs_line_trend': 'up', 'rs_line_score': 15}","{'roe_pct': 12.1, 'debt_to_equity': 0.17, 'current_ratio': 2.89, 'operating_margin_pct': 32.6}","{'days_to_earnings': 'N/A', 'recommendation': 'buy', 'analyst_upside_pct': 9.9}",498.23,1066565828608,Financial Services,Insurance - Diversified,1.0,2.3,False,537.74,-7.3,0,False,547.67,604.0,510.0,3.0,buy,9.9,,,,,6.75,51.12,,,,,True,-0.42,18.5,75.5,81.0,2026-11-07,False,False,4,NEUTRAL,,,0.21,17.2,,,,2026-08-18T04:40:14.612242
G24.DE,Scout24 SE,74.2,⭐⭐⭐ EXCELLENT,🟢 Excellent,EUR,EUR,False,True,True,1.0,,100.0,70.0,50.0,65.0,70.0,,,,,61.9,True,1,20.0,True,1,"{'eps_growth_yoy': 61.9, 'positive_quarters': 4, 'earnings_accelerating': True, 'eps_accel_quarters': 1, 'profit_margin_pct': 40.2}","{'revenue_growth_yoy': 20.0, 'revenue_accelerating': True, 'rev_accel_quarters': 1}","{'rs_3m': nan, 'rs_6m': nan}","{'roe_pct': 22.8, 'debt_to_equity': 0.59, 'current_ratio': 0.23, 'operating_margin_pct': 44.9}","{'days_to_earnings': 'N/A', 'recommendation': 'buy', 'analyst_upside_pct': 39.8}",75.75,5275247616,Communication Services,Internet Content & Information,,,False,115.9,-34.6,0,False,105.91,140.0,80.0,18.0,buy,39.8,159.71,110.8,119.1,57.2,4.97,3.77,1.92,37.8,1.5,1.52,,,28.2,66.7,78.0,2026-11-04,False,False,6,NEUTRAL,4.8,635.9,0.24,46.9,,,,2026-08-18T04:42:51.582757
WST,"West Pharmaceutical Services, Inc.",74.0,⭐⭐⭐ EXCELLENT,🟢 Excellent,USD,USD,False,True,True,1.0,"FCF declarado (277,937,504) se aparta del derivado de flujo operativo menos capex (376,300,000)",100.0,50.0,54.0,95.0,65.0,60.0,73.8,False,up,10.0,True,2,8.4,False,0,"{'eps_growth_yoy': 10.0, 'positive_quarters': 4, 'earnings_accelerating': True, 'eps_accel_quarters': 2, 'profit_margin_pct': 17.0}","{'revenue_growth_yoy': 8.4, 'revenue_accelerating': False, 'rev_accel_quarters': 0}","{'rs_3m': nan, 'rs_6m': nan, 'rs_line_percentile': 73.8, 'rs_line_at_new_high': False, 'rs_line_trend': 'up', 'rs_line_score': 60}","{'roe_pct': 19.1, 'debt_to_equity': 0.11, 'current_ratio': 2.82, 'operating_margin_pct': 22.5}","{'days_to_earnings': 'N/A', 'recommendation': 'strong_buy', 'analyst_upside_pct': 16.8}",346.61,24392941568,Healthcare,Medical Instruments & Supplies,4.2,3.0,False,386.0,-10.2,1,False,404.73,459.0,340.0,15.0,strong_buy,16.8,107.46,-69.0,140.46,-59.5,1.14,3.95,0.25,11.1,0.88,0.25,True,-1.87,155.1,18.1,65.0,2026-10-22,False,False,7,NEUTRAL,2.48,19.0,1.92,32.3,,,,2026-08-18T04:39:33.049338
FICO,Fair Isaac Corporation,74.0,⭐⭐⭐ EXCELLENT,🟢 Excellent,USD,USD,False,True,True,1.0,,100.0,80.0,36.0,65.0,70.0,15.0,3.8,False,down,53.0,False,0,30.7,False,0,"{'eps_growth_yoy': 53.0, 'positive_quarters': 4, 'earnings_accelerating': False, 'eps_accel_quarters': 0, 'profit_margin_pct': 34.1}","{'revenue_growth_yoy': 30.7, 'revenue_accelerating': False, 'rev_accel_quarters': 0}","{'rs_3m': nan, 'rs_6m': nan, 'rs_line_percentile': 3.8, 'rs_line_at_new_high': False, 'rs_line_trend': 'down', 'rs_line_score': 15}","{'current_ratio': 1.18, 'operating_margin_pct': 53.8}","{'days_to_earnings': 'N/A', 'recommendation': 'buy', 'analyst_upside_pct': 38.7}",1064.41,22988740608,Technology,Software - Application,10.3,6.0,True,1998.01,-46.7,0,False,1476.32,1750.0,707.0,19.0,buy,38.7,1520.61,42.9,1015.5,-4.6,3.37,35.86,,,,0.09,True,-15.63,6.7,41.2,78.0,2026-11-04,False,False,7,NEUTRAL,3.3,996.8,0.49,78.1,,,,2026-08-18T04:38:43.517185
BAC,Bank of America Corporation,73.2,⭐⭐⭐ EXCELLENT,🟢 Excellent,USD,USD,False,True,True,1.0,,95.0,60.0,70.0,65.0,60.0,100.0,92.0,True,up,20.6,True,1,14.4,False,0,"{'eps_growth_yoy': 20.6, 'positive_quarters': 4, 'earnings_accelerating': True, 'eps_accel_quarters': 1, 'profit_margin_pct': 29.5}","{'revenue_growth_yoy': 14.4, 'revenue_accelerating': False, 'rev_accel_quarters': 0}","{'rs_3m': nan, 'rs_6m': nan, 'rs_line_percentile': 92.0, 'rs_line_at_new_high': True, 'rs_line_trend': 'up', 'rs_line_score': 100}","{'roe_pct': 11.2, 'operating_margin_pct': 38.3}","{'days_to_earnings': 'N/A', 'recommendation': 'buy', 'analyst_upside_pct': 7.6}",63.89,446766710784,Financial Services,Banks - Diversified,0.0,0.0,False,65.225,-2.0,1,False,68.77,75.0,62.0,22.0,buy,7.6,76.49,19.7,128.7,101.4,2.82,1.8,1.98,25.9,1.28,2.35,True,-5.63,,34.1,57.0,2026-10-14,False,False,5,NEUTRAL,,,0.35,15.4,,,,2026-08-18T04:43:04.128882
JNJ,Johnson & Johnson,73.0,⭐⭐⭐ EXCELLENT,🟢 Excellent,USD,USD,False,True,True,1.0,,95.0,60.0,54.0,85.0,60.0,60.0,61.9,False,up,7.4,True,2,5.5,True,1,"{'eps_growth_yoy': 7.4, 'positive_quarters': 4, 'earnings_accelerating': True, 'eps_accel_quarters': 2, 'profit_margin_pct': 21.5}","{'revenue_growth_yoy': 5.5, 'revenue_accelerating': True, 'rev_accel_quarters': 1}","{'rs_3m': nan, 'rs_6m': nan, 'rs_line_percentile': 61.9, 'rs_line_at_new_high': False, 'rs_line_trend': 'up', 'rs_line_score': 60}","{'roe_pct': 25.7, 'debt_to_equity': 0.58, 'current_ratio': 1.09, 'operating_margin_pct': 29.2}","{'days_to_earnings': 'N/A', 'recommendation': 'buy', 'analyst_upside_pct': 3.9}",262.37,632285036544,Healthcare,Drug Manufacturers - General,1.2,3.2,False,274.9,-4.6,0,False,272.5,305.0,190.0,22.0,buy,3.9,103.1,-60.7,86.8,-66.9,2.67,7.01,2.06,60.8,5.36,2.77,True,-1.28,25.9,-0.9,56.0,2026-10-13,False,False,4,NEUTRAL,5.08,136.0,,19.8,,,,2026-08-18T04:42:24.401544
EQIX,"Equinix, Inc.",71.8,⭐⭐⭐ EXCELLENT,🟢 Excellent,USD,USD,False,True,True,1.0,"FCF declarado (3,776,000,000) se aparta del derivado de flujo operativo menos capex (-368,999,872)",90.0,70.0,54.0,70.0,60.0,60.0,70.5,False,flat,28.1,False,0,13.3,True,1,"{'eps_growth_yoy': 28.1, 'positive_quarters': 4, 'earnings_accelerating': False, 'eps_accel_quarters': 0, 'profit_margin_pct': 15.5}","{'revenue_growth_yoy': 13.3, 'revenue_accelerating': True, 'rev_accel_quarters': 1}","{'rs_3m': nan, 'rs_6m': nan, 'rs_line_percentile': 70.5, 'rs_line_at_new_high': False, 'rs_line_trend': 'flat', 'rs_line_score': 60}","{'roe_pct': 10.7, 'debt_to_equity': 1.62, 'current_ratio': 1.13, 'operating_margin_pct': 27.0}","{'days_to_earnings': 'N/A', 'recommendation': 'buy', 'analyst_upside_pct': 12.4}",1097.61,108303032320,Real Estate,REIT - Specialty,2.2,3.2,False,1128.68,-2.8,1,False,1233.52,1400.0,1060.0,29.0,buy,12.4,1554.22,41.6,445.82,-59.4,3.49,38.27,1.87,126.8,20.64,1.86,False,,4.0,28.8,71.0,2026-10-28,False,False,6,NEUTRAL,1.56,7.8,2.02,32.9,,,,2026-08-18T04:41:36.355528
KO,The Coca-Cola Company,71.8,⭐⭐⭐ EXCELLENT,🟢 Excellent,USD,USD,False,True,True,1.0,"FCF declarado (5,218,749,952) se aparta del derivado de flujo operativo menos capex (14,229,999,616)",85.0,70.0,54.0,80.0,60.0,60.0,63.5,False,up,19.7,False,0,7.4,True,2,"{'eps_growth_yoy': 19.7, 'positive_quarters': 4, 'earnings_accelerating': False, 'eps_accel_quarters': 0, 'profit_margin_pct': 28.6}","{'revenue_growth_yoy': 7.4, 'revenue_accelerating': True, 'rev_accel_quarters': 2}","{'rs_3m': nan, 'rs_6m': nan, 'rs_line_percentile': 63.5, 'rs_line_at_new_high': False, 'rs_line_trend': 'up', 'rs_line_score': 60}","{'roe_pct': 42.1, 'debt_to_equity': 1.16, 'current_ratio': 1.3, 'operating_margin_pct': 34.9}","{'days_to_earnings': 'N/A', 'recommendation': 'buy', 'analyst_upside_pct': 8.9}",86.98,374235725824,Consumer Defensive,Beverages - Non-Alcoholic,1.1,2.6,False,90.92,-4.3,0,False,94.7,104.0,75.0,23.0,buy,8.9,31.5,-63.8,55.94,-35.7,1.39,1.21,2.42,62.5,2.12,2.87,True,-0.25,12.0,16.9,63.0,2026-10-20,False,False,7,NEUTRAL,4.37,91.1,1.46,21.2,,,,2026-08-18T04:37:39.274987
NDAQ,"Nasdaq, Inc.",71.5,⭐⭐⭐ EXCELLENT,🟢 Excellent,USD,USD,False,True,True,1.0,,85.0,80.0,44.0,75.0,60.0,35.0,48.1,False,up,19.9,False,0,29.3,True,1,"{'eps_growth_yoy': 19.9, 'positive_quarters': 4, 'earnings_accelerating': False, 'eps_accel_quarters': 0, 'profit_margin_pct': 35.0}","{'revenue_growth_yoy': 29.3, 'revenue_accelerating': True, 'rev_accel_quarters': 1}","{'rs_3m': nan, 'rs_6m': nan, 'rs_line_percentile': 48.1, 'rs_line_at_new_high': False, 'rs_line_trend': 'up', 'rs_line_score': 35}","{'roe_pct': 16.5, 'debt_to_equity': 0.78, 'current_ratio': 1.01, 'operating_margin_pct': 49.3}","{'days_to_earnings': 'N/A', 'recommendation': 'buy', 'analyst_upside_pct': 13.8}",96.68,54041931776,Financial Services,Financial Data & Stock Exchanges,2.2,2.0,False,101.79,-5.0,0,False,110.07,135.0,84.0,15.0,buy,13.8,70.38,-27.2,48.22,-50.1,3.13,3.03,1.2,32.7,1.16,1.28,True,-2.41,8.3,14.1,65.0,2026-10-22,False,False,9,STRONG,3.98,205.3,1.47,17.3,,,,2026-08-18T04:41:09.094262
CP,Canadian Pacific Kansas City Limited,71.0,⭐⭐⭐ EXCELLENT,🟢 Excellent,USD,CAD,True,True,True,1.0,"FCF declarado (1,572,128,183) se aparta del derivado de flujo operativo menos capex (823,878,518)",95.0,70.0,54.0,55.0,60.0,60.0,65.1,False,flat,11.3,True,1,13.7,True,1,"{'eps_growth_yoy': 11.3, 'positive_quarters': 4, 'earnings_accelerating': True, 'eps_accel_quarters': 1, 'profit_margin_pct': 25.0}","{'revenue_growth_yoy': 13.7, 'revenue_accelerating': True, 'rev_accel_quarters': 1}","{'rs_3m': nan, 'rs_6m': nan, 'rs_line_percentile': 65.1, 'rs_line_at_new_high': False, 'rs_line_trend': 'flat', 'rs_line_score': 60}","{'roe_pct': 8.2, 'debt_to_equity': 0.53, 'current_ratio': 0.59, 'operating_margin_pct': 39.0}","{'days_to_earnings': 'N/A', 'recommendation': 'buy', 'analyst_upside_pct': 7.5}",93.92,82563121152,Industrials,Railroads,2.1,7.2,False,94.6632,-0.8,0,False,100.97,110.69,75.83,13.0,buy,7.5,26.31,-72.0,31.0,-67.0,1.9,1.79,0.76,22.1,0.71,0.76,True,-5.04,6.6,-13.5,71.0,2026-10-28,False,False,7,NEUTRAL,5.87,11.8,,21.1,,,,2026-08-18T04:42:19.652190
MRSH,"Marsh & McLennan Companies, Inc.",70.8,⭐⭐⭐ EXCELLENT,🟢 Excellent,USD,USD,False,True,True,1.0,,100.0,60.0,44.0,80.0,50.0,35.0,26.9,False,up,69.5,False,0,16.6,False,0,"{'eps_growth_yoy': 69.5, 'positive_quarters': 4, 'earnings_accelerating': False, 'eps_accel_quarters': 0, 'profit_margin_pct': 14.2}","{'revenue_growth_yoy': 16.6, 'revenue_accelerating': False, 'rev_accel_quarters': 0}","{'rs_3m': nan, 'rs_6m': nan, 'rs_line_percentile': 26.9, 'rs_line_at_new_high': False, 'rs_line_trend': 'up', 'rs_line_score': 35}","{'roe_pct': 25.9, 'debt_to_equity': 1.45, 'current_ratio': 1.14, 'operating_margin_pct': 26.3}","{'days_to_earnings': 'N/A', 'recommendation': 'hold', 'analyst_upside_pct': 11.6}",184.21,87907090432,Financial Services,Insurance Brokers,1.6,2.8,False,213.8,-13.8,0,False,205.52,238.0,180.0,21.0,hold,11.6,176.87,-4.0,80.3,-56.4,5.44,10.03,2.11,44.0,3.96,1.46,True,-3.3,6.6,2.9,58.0,2026-10-15,False,False,6,NEUTRAL,5.97,146.7,2.21,28.5,,,,2026-08-18T04:36:55.348521
SYK,Stryker Corporation,70.7,⭐⭐⭐ EXCELLENT,🟢 Excellent,USD,USD,False,True,True,1.0,,100.0,60.0,36.0,80.0,65.0,15.0,23.5,False,up,48.5,True,1,8.8,True,1,"{'eps_growth_yoy': 48.5, 'positive_quarters': 4, 'earnings_accelerating': True, 'eps_accel_quarters': 1, 'profit_margin_pct': 14.4}","{'revenue_growth_yoy': 8.8, 'revenue_accelerating': True, 'rev_accel_quarters': 1}","{'rs_3m': nan, 'rs_6m': nan, 'rs_line_percentile': 23.5, 'rs_line_at_new_high': False, 'rs_line_trend': 'up', 'rs_line_score': 15}","{'roe_pct': 16.5, 'debt_to_equity': 0.64, 'current_ratio': 2.16, 'operating_margin_pct': 27.0}","{'days_to_earnings': 'N/A', 'recommendation': 'buy', 'analyst_upside_pct': 15.4}",331.68,127223504896,Healthcare,Medical Devices,2.3,3.3,False,396.86,-16.4,0,False,382.88,465.0,315.0,25.0,buy,15.4,454.14,36.9,282.6,-14.8,3.23,10.71,1.04,36.1,3.52,0.99,False,,20.0,44.1,72.0,2026-10-29,False,False,5,NEUTRAL,3.68,47.3,0.45,38.3,,,,2026-08-18T04:38:11.142726
AME,"AMETEK, Inc.",70.0,⭐⭐⭐ EXCELLENT,🟢 Excellent,USD,USD,False,True,True,1.0,,85.0,60.0,54.0,85.0,60.0,60.0,70.9,False,up,9.6,True,1,8.0,True,1,"{'eps_growth_yoy': 9.6, 'positive_quarters': 4, 'earnings_accelerating': True, 'eps_accel_quarters': 1, 'profit_margin_pct': 20.0}","{'revenue_growth_yoy': 8.0, 'revenue_accelerating': True, 'rev_accel_quarters': 1}","{'rs_3m': nan, 'rs_6m': nan, 'rs_line_percentile': 70.9, 'rs_line_at_new_high': False, 'rs_line_trend': 'up', 'rs_line_score': 60}","{'roe_pct': 14.6, 'debt_to_equity': 0.21, 'current_ratio': 1.21, 'operating_margin_pct': 26.2}","{'days_to_earnings': 'N/A', 'recommendation': 'buy', 'analyst_upside_pct': 9.2}",254.17,58271330304,Industrials,Specialty Industrial Machinery,1.6,3.1,False,261.16,-2.7,1,False,277.5,316.0,217.0,18.0,buy,9.2,151.97,-40.2,96.7,-62.0,2.56,6.51,0.53,19.0,1.36,0.62,True,-0.76,20.8,14.2,72.0,2026-10-29,False,False,6,NEUTRAL,3.13,144.0,1.99,22.2,,,,2026-08-18T04:41:44.118954
QSR,Restaurant Brands International Inc.,69.5,⭐⭐ GOOD,🟡 Good,USD,USD,False,True,False,0.7613,"acciones × precio no cuadra con la capitalización (ratio 0.7613): el dato por acción y el precio no están en la misma unidad — típico de ADR. Los ratios por acción (EPS, FCF/acción, DCF) no son utilizables",100.0,60.0,44.0,65.0,60.0,35.0,31.2,False,up,58.9,True,2,2.9,True,1,"{'eps_growth_yoy': 58.9, 'positive_quarters': 4, 'earnings_accelerating': True, 'eps_accel_quarters': 2, 'profit_margin_pct': 13.1}","{'revenue_growth_yoy': 2.9, 'revenue_accelerating': True, 'rev_accel_quarters': 1}","{'rs_3m': nan, 'rs_6m': nan, 'rs_line_percentile': 31.2, 'rs_line_at_new_high': False, 'rs_line_trend': 'up', 'rs_line_score': 35}","{'roe_pct': 34.8, 'debt_to_equity': 2.9, 'current_ratio': 1.01, 'operating_margin_pct': 27.7}","{'days_to_earnings': 'N/A', 'recommendation': 'buy', 'analyst_upside_pct': 11.0}",77.16,35347845120,Consumer Cyclical,Restaurants,5.9,6.7,False,81.96,-5.9,0,False,85.65,104.0,78.0,23.0,buy,11.0,,,,,4.85,4.91,3.35,63.8,2.6,3.41,True,-0.48,5.2,151.2,72.0,2026-10-29,False,False,6,NEUTRAL,5.13,51.7,0.12,22.1,,,,2026-08-18T04:44:16.289012
GWW,"W.W. Grainger, Inc.",69.5,⭐⭐ GOOD,🟡 Good,USD,USD,False,True,True,1.0,,95.0,50.0,54.0,85.0,50.0,60.0,63.5,False,flat,93.9,False,0,7.8,False,0,"{'eps_growth_yoy': 93.9, 'positive_quarters': 4, 'earnings_accelerating': False, 'eps_accel_quarters': 0, 'profit_margin_pct': 9.9}","{'revenue_growth_yoy': 7.8, 'revenue_accelerating': False, 'rev_accel_quarters': 0}","{'rs_3m': nan, 'rs_6m': nan, 'rs_line_percentile': 63.5, 'rs_line_at_new_high': False, 'rs_line_trend': 'flat', 'rs_line_score': 60}","{'roe_pct': 46.1, 'debt_to_equity': 0.62, 'current_ratio': 2.81, 'operating_margin_pct': 16.1}","{'days_to_earnings': 'N/A', 'recommendation': 'hold', 'analyst_upside_pct': 0.6}",1317.68,62063976448,Industrials,Industrial Distribution,2.7,3.9,False,1419.91,-7.2,0,False,1325.43,1500.0,1100.0,14.0,hold,0.6,790.48,-40.0,802.37,-39.1,2.01,26.49,0.75,23.6,9.96,1.0,True,-1.61,34.1,8.2,78.0,2026-11-04,False,False,6,NEUTRAL,3.88,40.8,1.26,25.6,,,,2026-08-18T04:42:36.686969
ICE,"Intercontinental Exchange, Inc.",69.5,⭐⭐ GOOD,🟡 Good,USD,USD,False,True,True,1.0,,85.0,70.0,44.0,75.0,65.0,35.0,29.0,False,up,17.4,False,0,20.1,False,0,"{'eps_growth_yoy': 17.4, 'positive_quarters': 4, 'earnings_accelerating': False, 'eps_accel_quarters': 0, 'profit_margin_pct': 38.2}","{'revenue_growth_yoy': 20.1, 'revenue_accelerating': False, 'rev_accel_quarters': 0}","{'rs_3m': nan, 'rs_6m': nan, 'rs_line_percentile': 29.0, 'rs_line_at_new_high': False, 'rs_line_trend': 'up', 'rs_line_score': 35}","{'roe_pct': 14.1, 'debt_to_equity': 0.69, 'current_ratio': 1.01, 'operating_margin_pct': 52.6}","{'days_to_earnings': 'N/A', 'recommendation': 'strong_buy', 'analyst_upside_pct': 20.5}",154.31,86628786176,Financial Services,Financial Data & Stock Exchanges,1.6,1.8,False,181.72,-15.1,0,False,185.93,232.0,163.0,14.0,strong_buy,20.5,151.13,-2.1,100.39,-34.9,4.19,6.47,1.34,28.2,2.08,1.25,True,-2.43,7.6,14.2,72.0,2026-10-29,False,False,8,STRONG,4.85,118.3,1.24,23.1,,,,2026-08-18T04:39:16.589246
CTAS,Cintas Corporation,69.5,⭐⭐ GOOD,🟡 Good,USD,USD,False,True,True,1.0,,90.0,60.0,44.0,85.0,60.0,35.0,30.9,False,up,4.0,True,2,6.9,True,1,"{'eps_growth_yoy': 4.0, 'positive_quarters': 4, 'earnings_accelerating': True, 'eps_accel_quarters': 2, 'profit_margin_pct': 17.8}","{'revenue_growth_yoy': 6.9, 'revenue_accelerating': True, 'rev_accel_quarters': 1}","{'rs_3m': nan, 'rs_6m': nan, 'rs_line_percentile': 30.9, 'rs_line_at_new_high': False, 'rs_line_trend': 'up', 'rs_line_score': 35}","{'roe_pct': 40.7, 'debt_to_equity': 0.53, 'current_ratio': 1.43, 'operating_margin_pct': 23.7}","{'days_to_earnings': 'N/A', 'recommendation': 'buy', 'analyst_upside_pct': 9.3}",197.82,79161548800,Industrials,Specialty Business Services,3.8,4.4,False,219.87,-10.0,0,False,216.31,250.0,175.0,16.0,buy,9.3,90.31,-54.3,75.97,-61.6,1.85,3.66,1.04,36.7,2.08,0.89,True,-1.2,24.6,10.9,36.0,2026-09-23,False,False,8,STRONG,3.2,82.2,2.07,34.3,,,,2026-08-18T04:36:20.433879
ETN,Eaton Corporation plc,69.4,⭐⭐ GOOD,🟡 Good,USD,USD,False,True,True,1.0,,60.0,90.0,62.0,70.0,60.0,80.0,85.9,False,up,-18.7,True,1,22.1,True,2,"{'eps_growth_yoy': -18.7, 'positive_quarters': 4, 'earnings_accelerating': True, 'eps_accel_quarters': 1, 'profit_margin_pct': 12.8}","{'revenue_growth_yoy': 22.1, 'revenue_accelerating': True, 'rev_accel_quarters': 2}","{'rs_3m': nan, 'rs_6m': nan, 'rs_line_percentile': 85.9, 'rs_line_at_new_high': False, 'rs_line_trend': 'up', 'rs_line_score': 80}","{'roe_pct': 19.7, 'debt_to_equity': 1.05, 'current_ratio': 1.24, 'operating_margin_pct': 16.6}","{'days_to_earnings': 'N/A', 'recommendation': 'buy', 'analyst_upside_pct': 4.6}",455.4,176877355008,Industrials,Specialty Industrial Machinery,1.8,2.9,False,478.0,-4.7,1,False,476.43,534.0,333.0,24.0,buy,4.6,117.67,-74.2,98.8,-78.3,1.76,8.0,0.97,43.6,4.4,1.55,True,-0.31,11.9,-15.9,77.0,2026-11-03,False,False,7,NEUTRAL,2.62,64.1,,50.6,,,,2026-08-18T04:40:56.425292
DVA,DaVita Inc.,69.3,⭐⭐ GOOD,🟡 Good,USD,USD,False,True,True,1.0,"FCF declarado (1,042,460,032) se aparta del derivado de flujo operativo menos capex (1,617,291,072)",100.0,60.0,44.0,60.0,65.0,35.0,45.1,False,down,76.5,True,1,3.9,True,1,"{'eps_growth_yoy': 76.5, 'positive_quarters': 4, 'earnings_accelerating': True, 'eps_accel_quarters': 1, 'profit_margin_pct': 6.0}","{'revenue_growth_yoy': 3.9, 'revenue_accelerating': True, 'rev_accel_quarters': 1}","{'rs_3m': nan, 'rs_6m': nan, 'rs_line_percentile': 45.1, 'rs_line_at_new_high': False, 'rs_line_trend': 'down', 'rs_line_score': 35}","{'roe_pct': 88.5, 'debt_to_equity': 12.42, 'current_ratio': 1.47, 'operating_margin_pct': 16.1}","{'days_to_earnings': 'N/A', 'recommendation': 'buy', 'analyst_upside_pct': 23.6}",176.7,11273459712,Healthcare,Medical Care Facilities,13.2,6.3,True,247.49,-28.6,0,False,218.43,270.0,165.0,7.0,buy,23.6,692.93,292.2,347.1,96.4,9.25,16.34,,,,,True,-13.83,3.5,39.1,71.0,2026-10-28,False,False,6,NEUTRAL,7.46,31.4,0.19,63.8,,,,2026-08-18T04:43:16.715629
DSGX,The Descartes Systems Group Inc.,69.2,⭐⭐ GOOD,🟡 Good,USD,USD,False,True,True,1.0,,100.0,50.0,36.0,90.0,60.0,15.0,13.2,False,down,27.5,True,1,7.7,False,0,"{'eps_growth_yoy': 27.5, 'positive_quarters': 4, 'earnings_accelerating': True, 'eps_accel_quarters': 1, 'profit_margin_pct': 23.3}","{'revenue_growth_yoy': 7.7, 'revenue_accelerating': False, 'rev_accel_quarters': 0}","{'rs_3m': nan, 'rs_6m': nan, 'rs_line_percentile': 13.2, 'rs_line_at_new_high': False, 'rs_line_trend': 'down', 'rs_line_score': 15}","{'roe_pct': 11.4, 'debt_to_equity': 0.0, 'current_ratio': 2.05, 'operating_margin_pct': 32.9}","{'days_to_earnings': 'N/A', 'recommendation': 'none', 'analyst_upside_pct': 33.2}",74.92,6419956224,Technology,Software - Application,,5.3,False,109.0,-31.3,0,False,99.79,126.0,82.0,14.0,none,33.2,132.77,77.2,58.5,-21.9,4.18,3.13,,,,,True,-0.32,243.4,17.1,23.0,2026-09-10,False,False,6,NEUTRAL,3.59,77.7,0.67,45.3,,,,2026-08-18T04:39:45.016062
V,Visa Inc.,68.8,⭐⭐ GOOD,🟡 Good,USD,USD,False,True,False,0.9127,"acciones × precio no cuadra con la capitalización (ratio 0.9127): el dato por acción y el precio no están en la misma unidad — típico de ADR. Los ratios por acción (EPS, FCF/acción, DCF) no son utilizables",85.0,70.0,44.0,70.0,65.0,35.0,40.7,False,up,10.6,False,0,8.5,True,2,"{'eps_growth_yoy': 10.6, 'positive_quarters': 4, 'earnings_accelerating': False, 'eps_accel_quarters': 0, 'profit_margin_pct': 50.8}","{'revenue_growth_yoy': 8.5, 'revenue_accelerating': True, 'rev_accel_quarters': 2}","{'rs_3m': nan, 'rs_6m': nan, 'rs_line_percentile': 40.7, 'rs_line_at_new_high': False, 'rs_line_trend': 'up', 'rs_line_score': 35}","{'roe_pct': 61.2, 'debt_to_equity': 0.68, 'current_ratio': 0.98, 'operating_margin_pct': 66.1}","{'days_to_earnings': 'N/A', 'recommendation': 'strong_buy', 'analyst_upside_pct': 16.0}",358.84,669971251200,Financial Services,Credit Services,1.2,2.6,False,373.97,-4.0,0,False,416.2,450.0,330.0,37.0,strong_buy,16.0,,,,,3.05,11.97,0.74,22.1,2.68,0.7,True,-3.19,35.7,10.2,70.0,2026-10-27,False,False,6,NEUTRAL,3.96,381.9,2.35,15.9,,,,2026-08-18T04:36:15.644223
CNI,Canadian National Railway Compa,68.8,⭐⭐ GOOD,🟡 Good,USD,CAD,True,True,True,1.0,"FCF declarado (2,181,214,210) se aparta del derivado de flujo operativo menos capex (1,398,467,343)",85.0,70.0,54.0,60.0,60.0,60.0,66.0,False,up,9.7,True,1,14.1,True,1,"{'eps_growth_yoy': 9.7, 'positive_quarters': 4, 'earnings_accelerating': True, 'eps_accel_quarters': 1, 'profit_margin_pct': 26.9}","{'revenue_growth_yoy': 14.1, 'revenue_accelerating': True, 'rev_accel_quarters': 1}","{'rs_3m': nan, 'rs_6m': nan, 'rs_line_percentile': 66.0, 'rs_line_at_new_high': False, 'rs_line_trend': 'up', 'rs_line_score': 60}","{'roe_pct': 22.0, 'debt_to_equity': 1.04, 'current_ratio': 0.87, 'operating_margin_pct': 40.3}","{'days_to_earnings': 'N/A', 'recommendation': 'buy', 'analyst_upside_pct': 10.7}",126.59,76574285824,Industrials,Railroads,,2.9,False,131.55,-3.8,0,False,140.12,153.26,114.69,13.0,buy,10.7,71.67,-43.4,56.92,-55.0,2.85,3.61,2.05,46.3,2.6,2.04,True,-3.93,7.8,7.1,73.0,2026-10-30,False,False,7,NEUTRAL,7.26,14.5,1.91,21.8,,,,2026-08-18T04:39:12.565629
TECK,Teck Resources Limited,68.5,⭐⭐ GOOD,🟡 Good,USD,CAD,True,True,True,0.9845,,100.0,50.0,54.0,75.0,40.0,60.0,74.4,False,down,203.9,False,0,6.5,False,0,"{'eps_growth_yoy': 203.9, 'positive_quarters': 4, 'earnings_accelerating': False, 'eps_accel_quarters': 0, 'profit_margin_pct': 17.9}","{'revenue_growth_yoy': 6.5, 'revenue_accelerating': False, 'rev_accel_quarters': 0}","{'rs_3m': nan, 'rs_6m': nan, 'rs_line_percentile': 74.4, 'rs_line_at_new_high': False, 'rs_line_trend': 'down', 'rs_line_score': 60}","{'roe_pct': 8.7, 'debt_to_equity': 0.34, 'current_ratio': 3.12, 'operating_margin_pct': 44.1}","{'days_to_earnings': 'N/A', 'recommendation': 'none', 'analyst_upside_pct': -16.4}",64.84,31810502656,Basic Materials,Copper,,4.0,False,71.25,-9.0,1,False,54.18,69.09,36.57,4.0,none,-16.4,109.92,69.5,111.9,72.6,3.94,2.59,0.56,9.8,0.35,0.99,True,-0.45,6.5,162.2,65.0,2026-10-22,False,False,5,NEUTRAL,6.52,6.5,0.06,50.3,,,,2026-08-18T04:44:44.059458
IT,"Gartner, Inc.",68.5,⭐⭐ GOOD,🟡 Good,USD,USD,False,True,True,1.0,,100.0,60.0,44.0,65.0,50.0,35.0,27.6,False,flat,679.2,True,1,10.0,True,1,"{'eps_growth_yoy': 679.2, 'positive_quarters': 4, 'earnings_accelerating': True, 'eps_accel_quarters': 1, 'profit_margin_pct': 12.0}","{'revenue_growth_yoy': 10.0, 'revenue_accelerating': True, 'rev_accel_quarters': 1}","{'rs_3m': nan, 'rs_6m': nan, 'rs_line_percentile': 27.6, 'rs_line_at_new_high': False, 'rs_line_trend': 'flat', 'rs_line_score': 35}","{'roe_pct': 113.6, 'current_ratio': 0.88, 'operating_margin_pct': 22.6}","{'days_to_earnings': 'N/A', 'recommendation': 'hold', 'analyst_upside_pct': 3.7}",179.19,11315664896,Technology,Information Technology Services,21.6,7.4,True,265.85,-32.6,0,False,185.77,229.0,150.0,13.0,hold,3.7,706.85,294.5,330.0,84.2,9.3,16.67,,,,,True,-23.29,8.2,13.2,77.0,2026-11-03,False,False,6,NEUTRAL,8.31,255.4,0.33,98.2,,,,2026-08-18T04:41:05.339254
MA,Mastercard Incorporated,68.5,⭐⭐ GOOD,🟡 Good,USD,USD,False,True,True,0.9925,,95.0,60.0,44.0,65.0,65.0,35.0,34.7,False,up,11.7,True,1,7.8,True,1,"{'eps_growth_yoy': 11.7, 'positive_quarters': 4, 'earnings_accelerating': True, 'eps_accel_quarters': 1, 'profit_margin_pct': 46.3}","{'revenue_growth_yoy': 7.8, 'revenue_accelerating': True, 'rev_accel_quarters': 1}","{'rs_3m': nan, 'rs_6m': nan, 'rs_line_percentile': 34.7, 'rs_line_at_new_high': False, 'rs_line_trend': 'up', 'rs_line_score': 35}","{'roe_pct': 241.2, 'debt_to_equity': 4.4, 'current_ratio': 1.06, 'operating_margin_pct': 61.1}","{'days_to_earnings': 'N/A', 'recommendation': 'strong_buy', 'analyst_upside_pct': 18.3}",562.26,492545343488,Financial Services,Credit Services,1.0,2.8,False,601.77,-6.6,0,False,665.26,735.0,550.0,38.0,strong_buy,18.3,618.54,10.0,396.47,-29.5,3.44,19.51,0.61,17.9,3.48,0.54,True,-3.21,28.0,22.1,72.0,2026-10-29,False,False,9,STRONG,3.82,622.8,1.11,19.7,,,,2026-08-18T04:36:59.382280
PGR,The Progressive Corporation,68.5,⭐⭐ GOOD,🟡 Good,USD,USD,False,True,True,1.0,,100.0,60.0,36.0,75.0,50.0,15.0,14.4,False,up,26.6,True,1,4.9,True,1,"{'eps_growth_yoy': 26.6, 'positive_quarters': 4, 'earnings_accelerating': True, 'eps_accel_quarters': 1, 'profit_margin_pct': 12.8}","{'revenue_growth_yoy': 4.9, 'revenue_accelerating': True, 'rev_accel_quarters': 1}","{'rs_3m': nan, 'rs_6m': nan, 'rs_line_percentile': 14.4, 'rs_line_at_new_high': False, 'rs_line_trend': 'up', 'rs_line_score': 15}","{'roe_pct': 34.9, 'debt_to_equity': 0.24, 'current_ratio': 0.29, 'operating_margin_pct': 18.2}","{'days_to_earnings': 'N/A', 'recommendation': 'hold', 'analyst_upside_pct': 12.7}",203.84,118506823680,Financial Services,Insurance - Property & Casualty,1.4,2.6,False,254.93,-20.0,0,False,229.78,308.0,198.0,21.0,hold,12.7,416.46,104.3,193.9,-4.9,12.75,26.0,0.19,69.7,0.4,1.97,True,-1.01,50.8,2.0,57.0,2026-10-14,False,False,6,NEUTRAL,11.63,,2.51,23.9,,,,2026-08-18T04:41:32.359173
LPX,Louisiana-Pacific Corporation,68.1,⭐⭐ GOOD,🟡 Good,USD,USD,False,True,True,1.0,"FCF declarado (-96,000,000) se aparta del derivado de flujo operativo menos capex (-33,000,000)",88.0,70.0,36.0,70.0,65.0,15.0,6.4,False,down,188.9,False,0,0.2,True,2,"{'eps_growth_yoy': 188.9, 'positive_quarters': 3, 'earnings_accelerating': False, 'eps_accel_quarters': 0, 'profit_margin_pct': 2.2}","{'revenue_growth_yoy': 0.2, 'revenue_accelerating': True, 'rev_accel_quarters': 2}","{'rs_3m': nan, 'rs_6m': nan, 'rs_line_percentile': 6.4, 'rs_line_at_new_high': False, 'rs_line_trend': 'down', 'rs_line_score': 15}","{'roe_pct': 3.1, 'debt_to_equity': 0.22, 'current_ratio': 3.22, 'operating_margin_pct': 5.3}","{'days_to_earnings': 'N/A', 'recommendation': 'buy', 'analyst_upside_pct': 27.6}",72.29,5054763008,Industrials,Building Products & Equipment,9.6,5.8,True,101.28,-28.6,0,False,92.23,107.0,74.0,13.0,buy,27.6,,,7.5,-89.6,-1.9,-1.37,1.62,150.6,1.2,1.27,False,,6.1,-51.8,78.0,2026-11-04,False,False,5,NEUTRAL,4.02,9.3,,46.8,,,,2026-08-18T04:44:04.332562
ISRG,"Intuitive Surgical, Inc.",68.0,⭐⭐ GOOD,🟡 Good,USD,USD,False,True,True,1.0,,85.0,70.0,36.0,75.0,65.0,15.0,14.1,False,down,16.1,False,0,15.5,True,1,"{'eps_growth_yoy': 16.1, 'positive_quarters': 4, 'earnings_accelerating': False, 'eps_accel_quarters': 0, 'profit_margin_pct': 28.4}","{'revenue_growth_yoy': 15.5, 'revenue_accelerating': True, 'rev_accel_quarters': 1}","{'rs_3m': nan, 'rs_6m': nan, 'rs_line_percentile': 14.1, 'rs_line_at_new_high': False, 'rs_line_trend': 'down', 'rs_line_score': 15}","{'roe_pct': 17.4, 'current_ratio': 4.96, 'operating_margin_pct': 33.6}","{'days_to_earnings': 'N/A', 'recommendation': 'buy', 'analyst_upside_pct': 22.5}",390.33,139846664192,Healthcare,Medical Instruments & Supplies,1.9,1.7,False,603.88,-35.4,0,False,478.01,685.0,324.0,30.0,buy,22.5,272.63,-30.2,228.7,-41.4,1.87,7.3,,,,,True,-2.54,,26.5,63.0,2026-10-20,False,False,4,NEUTRAL,2.22,22.5,1.22,39.4,,,,2026-08-18T04:42:55.659174
WM,"Waste Management, Inc.",68.0,⭐⭐ GOOD,🟡 Good,USD,USD,False,True,True,1.0,"FCF declarado (2,348,375,040) se aparta del derivado de flujo operativo menos capex (3,290,000,192)",100.0,70.0,36.0,45.0,65.0,15.0,12.4,False,up,30.2,True,1,3.7,True,2,"{'eps_growth_yoy': 30.2, 'positive_quarters': 4, 'earnings_accelerating': True, 'eps_accel_quarters': 1, 'profit_margin_pct': 11.1}","{'revenue_growth_yoy': 3.7, 'revenue_accelerating': True, 'rev_accel_quarters': 2}","{'rs_3m': nan, 'rs_6m': nan, 'rs_line_percentile': 12.4, 'rs_line_at_new_high': False, 'rs_line_trend': 'up', 'rs_line_score': 15}","{'roe_pct': 29.8, 'debt_to_equity': 2.35, 'current_ratio': 0.91, 'operating_margin_pct': 19.0}","{'days_to_earnings': 'N/A', 'recommendation': 'buy', 'analyst_upside_pct': 16.0}",224.02,89544204288,Industrials,Waste Management,1.6,3.4,False,248.13,-9.7,0,False,259.92,277.0,220.0,25.0,buy,16.0,108.01,-51.8,37.9,-83.1,2.62,5.88,1.58,93.2,3.54,1.49,True,-1.12,5.0,8.3,69.0,2026-10-26,False,False,8,STRONG,3.86,21.3,2.96,23.9,,,,2026-08-18T04:36:11.690869
CME,CME Group Inc.,68.0,⭐⭐ GOOD,🟡 Good,USD,USD,False,True,True,1.0,"FCF declarado (2,909,012,480) se aparta del derivado de flujo operativo menos capex (4,225,500,192)",85.0,60.0,44.0,85.0,60.0,35.0,29.6,False,up,14.7,False,0,11.0,False,0,"{'eps_growth_yoy': 14.7, 'positive_quarters': 4, 'earnings_accelerating': False, 'eps_accel_quarters': 0, 'profit_margin_pct': 63.4}","{'revenue_growth_yoy': 11.0, 'revenue_accelerating': False, 'rev_accel_quarters': 0}","{'rs_3m': nan, 'rs_6m': nan, 'rs_line_percentile': 29.6, 'rs_line_at_new_high': False, 'rs_line_trend': 'up', 'rs_line_score': 35}","{'roe_pct': 15.8, 'debt_to_equity': 0.15, 'current_ratio': 1.02, 'operating_margin_pct': 65.0}","{'days_to_earnings': 'N/A', 'recommendation': 'buy', 'analyst_upside_pct': 6.1}",267.88,96324091904,Financial Services,Financial Data & Stock Exchanges,1.9,2.1,False,329.16,-18.6,0,False,284.13,330.0,230.0,15.0,buy,6.1,119.04,-55.6,117.1,-56.3,3.02,8.09,1.93,95.4,5.2,3.57,True,-1.55,33.0,1.8,64.0,2026-10-21,False,False,6,NEUTRAL,5.62,101.4,8.28,26.1,,,,2026-08-18T04:37:08.086582
CPRT,"Copart, Inc.",67.7,⭐⭐ GOOD,🟡 Good,USD,USD,False,True,True,1.0,,85.0,60.0,36.0,90.0,65.0,15.0,11.0,False,flat,1.5,True,1,10.0,True,1,"{'eps_growth_yoy': 1.5, 'positive_quarters': 4, 'earnings_accelerating': True, 'eps_accel_quarters': 1, 'profit_margin_pct': 33.5}","{'revenue_growth_yoy': 10.0, 'revenue_accelerating': True, 'rev_accel_quarters': 1}","{'rs_3m': nan, 'rs_6m': nan, 'rs_line_percentile': 11.0, 'rs_line_at_new_high': False, 'rs_line_trend': 'flat', 'rs_line_score': 15}","{'roe_pct': 17.6, 'debt_to_equity': 0.01, 'current_ratio': 7.61, 'operating_margin_pct': 37.5}","{'days_to_earnings': 'N/A', 'recommendation': 'buy', 'analyst_upside_pct': 27.1}",31.7,29348222976,Industrials,Specialty Business Services,5.7,3.3,False,50.11,-36.7,0,False,40.3,55.0,26.0,10.0,buy,27.1,15.89,-49.9,16.1,-49.2,3.41,1.08,,,,,True,-4.82,,1.6,16.0,2026-09-03,False,True,6,NEUTRAL,6.72,19.3,8.19,42.2,,,,2026-08-18T04:36:51.149492
CSU.TO,Constellation Software Inc.,67.5,⭐⭐ GOOD,🟡 Good,CAD,USD,True,True,True,1.0,,100.0,60.0,36.0,55.0,70.0,15.0,18.1,False,up,555.4,True,1,11.9,False,0,"{'eps_growth_yoy': 555.4, 'positive_quarters': 4, 'earnings_accelerating': True, 'eps_accel_quarters': 1, 'profit_margin_pct': 7.6}","{'revenue_growth_yoy': 11.9, 'revenue_accelerating': False, 'rev_accel_quarters': 0}","{'rs_3m': nan, 'rs_6m': nan, 'rs_line_percentile': 18.1, 'rs_line_at_new_high': False, 'rs_line_trend': 'up', 'rs_line_score': 15}","{'roe_pct': 23.3, 'debt_to_equity': 1.2, 'current_ratio': 0.9, 'operating_margin_pct': 15.1}","{'days_to_earnings': 'N/A', 'recommendation': 'buy', 'analyst_upside_pct': 31.9}",2990.99,63383654400,Technology,Software - Application,,5.3,False,4634.98,-35.5,0,False,3944.62,5482.3,3278.55,12.0,buy,31.9,7760.55,159.5,1899.9,-36.5,6.12,183.0,0.18,8.8,5.57,0.19,False,,5.5,389.3,80.0,2026-11-06,False,False,6,NEUTRAL,1.78,191.5,0.04,65.0,,,,2026-08-18T04:37:27.583704
UNH,UnitedHealth Group Incorporated,67.3,⭐⭐ GOOD,🟡 Good,USD,USD,False,True,True,1.0,,100.0,50.0,54.0,50.0,65.0,60.0,64.4,False,flat,84.4,True,1,0.1,False,0,"{'eps_growth_yoy': 84.4, 'positive_quarters': 4, 'earnings_accelerating': True, 'eps_accel_quarters': 1, 'profit_margin_pct': 3.1}","{'revenue_growth_yoy': 0.1, 'revenue_accelerating': False, 'rev_accel_quarters': 0}","{'rs_3m': nan, 'rs_6m': nan, 'rs_line_percentile': 64.4, 'rs_line_at_new_high': False, 'rs_line_trend': 'flat', 'rs_line_score': 60}","{'roe_pct': 14.2, 'debt_to_equity': 0.69, 'current_ratio': 0.78, 'operating_margin_pct': 7.1}","{'days_to_earnings': 'N/A', 'recommendation': 'buy', 'analyst_upside_pct': 20.1}",395.62,355106455552,Healthcare,Healthcare Plans,1.9,2.7,False,461.62,-14.3,0,False,475.23,529.0,313.0,26.0,buy,20.1,1146.78,189.9,459.3,16.1,6.84,27.04,2.31,57.5,9.28,1.65,True,-0.72,4.7,61.5,70.0,2026-10-27,False,False,6,NEUTRAL,4.62,173.8,0.29,24.6,,,,2026-08-18T04:43:28.186385
ATLKY,Atlas Copco AB (publ),67.3,⭐⭐ GOOD,🟡 Good,USD,SEK,True,True,False,0.6801,"acciones × precio no cuadra con la capitalización (ratio 0.6801): el dato por acción y el precio no están en la misma unidad — típico de ADR. Los ratios por acción (EPS, FCF/acción, DCF) no son utilizables | FCF declarado (2,728,005,275) se aparta del derivado de flujo operativo menos capex (26,379,",80.0,60.0,54.0,80.0,55.0,60.0,58.9,False,up,8.2,True,1,9.1,True,1,"{'eps_growth_yoy': 8.2, 'positive_quarters': 4, 'earnings_accelerating': True, 'eps_accel_quarters': 1, 'profit_margin_pct': 15.7}","{'revenue_growth_yoy': 9.1, 'revenue_accelerating': True, 'rev_accel_quarters': 1}","{'rs_3m': nan, 'rs_6m': nan, 'rs_line_percentile': 58.9, 'rs_line_at_new_high': False, 'rs_line_trend': 'up', 'rs_line_score': 60}","{'roe_pct': 25.7, 'debt_to_equity': 0.34, 'current_ratio': 1.27}","{'days_to_earnings': 'N/A', 'recommendation': 'none', 'analyst_upside_pct': 19.0}",21.84,106549075968,Industrials,Specialty Industrial Machinery,,,False,22.42,-2.6,0,False,26.0,26.0,26.0,1.0,none,19.0,,,,,2.56,0.82,2.55,73.8,0.56,1.57,False,,126.5,4.0,,,False,False,6,NEUTRAL,,53.6,3.44,31.9,,,,2026-08-18T04:41:47.881112
NYT,New York Times Company (The),67.0,⭐⭐ GOOD,🟡 Good,USD,USD,False,True,True,0.9952,"FCF declarado (459,932,128) se aparta del derivado de flujo operativo menos capex (624,278,976)",90.0,60.0,36.0,75.0,65.0,15.0,3.8,False,down,14.4,True,1,8.8,True,1,"{'eps_growth_yoy': 14.4, 'positive_quarters': 4, 'earnings_accelerating': True, 'eps_accel_quarters': 1, 'profit_margin_pct': 13.3}","{'revenue_growth_yoy': 8.8, 'revenue_accelerating': True, 'rev_accel_quarters': 1}","{'rs_3m': nan, 'rs_6m': nan, 'rs_line_percentile': 3.8, 'rs_line_at_new_high': False, 'rs_line_trend': 'down', 'rs_line_score': 15}","{'roe_pct': 19.7, 'current_ratio': 1.58, 'operating_margin_pct': 17.1}","{'days_to_earnings': 'N/A', 'recommendation': 'buy', 'analyst_upside_pct': 22.4}",65.27,10526979072,Communication Services,Publishing,8.6,8.9,True,87.1,-25.1,0,False,79.89,95.0,63.0,9.0,buy,22.4,66.38,1.7,33.74,-48.3,4.37,2.87,1.42,32.1,0.92,0.92,True,-1.66,857.1,14.0,78.0,2026-11-04,False,False,8,STRONG,4.59,52.8,1.49,60.0,,,,2026-08-18T04:44:00.324560
FAST,Fastenal Company,67.0,⭐⭐ GOOD,🟡 Good,USD,USD,False,True,True,1.0,,80.0,60.0,44.0,95.0,50.0,35.0,40.3,False,up,14.1,False,0,11.9,False,0,"{'eps_growth_yoy': 14.1, 'positive_quarters': 4, 'earnings_accelerating': False, 'eps_accel_quarters': 0, 'profit_margin_pct': 15.5}","{'revenue_growth_yoy': 11.9, 'revenue_accelerating': False, 'rev_accel_quarters': 0}","{'rs_3m': nan, 'rs_6m': nan, 'rs_line_percentile': 40.3, 'rs_line_at_new_high': False, 'rs_line_trend': 'up', 'rs_line_score': 35}","{'roe_pct': 34.3, 'debt_to_equity': 0.11, 'current_ratio': 4.18, 'operating_margin_pct': 21.0}","{'days_to_earnings': 'N/A', 'recommendation': 'hold', 'analyst_upside_pct': -5.3}",51.23,58786299904,Industrials,Industrial Distribution,3.6,4.0,False,52.92,-3.2,0,False,48.53,59.0,39.9,13.0,hold,-5.3,18.94,-63.0,17.08,-66.7,1.56,0.8,1.88,78.6,0.96,2.16,True,-0.09,395.6,5.8,57.0,2026-10-14,False,False,8,STRONG,2.81,39.6,2.51,22.7,,,,2026-08-18T04:41:28.480317
KR,Kroger Company (The),66.6,⭐⭐ GOOD,🟡 Good,USD,USD,False,True,True,,,78.0,100.0,36.0,30.0,65.0,15.0,2.2,False,down,48.3,False,0,35.9,True,2,"{'eps_growth_yoy': 48.3, 'positive_quarters': 3, 'earnings_accelerating': False, 'eps_accel_quarters': 0, 'profit_margin_pct': 0.7}","{'revenue_growth_yoy': 35.9, 'revenue_accelerating': True, 'rev_accel_quarters': 2}","{'rs_3m': nan, 'rs_6m': nan, 'rs_line_percentile': 2.2, 'rs_line_at_new_high': False, 'rs_line_trend': 'down', 'rs_line_score': 15}","{'roe_pct': 13.8, 'debt_to_equity': 3.73, 'current_ratio': 0.79, 'operating_margin_pct': 3.2}","{'days_to_earnings': 'N/A', 'recommendation': 'buy', 'analyst_upside_pct': 25.7}",56.07,0,Consumer Defensive,Grocery Stores,4.2,3.4,False,76.58,-26.8,0,False,70.5,86.0,58.0,22.0,buy,25.7,,,22.31,-60.2,,,2.54,80.1,1.44,2.02,False,,3.0,9.2,24.0,2026-09-11,False,False,7,NEUTRAL,2.78,5.9,0.77,24.6,,,,2026-08-18T04:43:24.566795
VLTO,Veralto Corporation,66.5,⭐⭐ GOOD,🟡 Good,USD,USD,False,True,True,1.0,,70.0,70.0,44.0,85.0,65.0,35.0,27.3,False,up,0.8,False,0,5.0,True,2,"{'eps_growth_yoy': 0.8, 'positive_quarters': 4, 'earnings_accelerating': False, 'eps_accel_quarters': 0, 'profit_margin_pct': 17.3}","{'revenue_growth_yoy': 5.0, 'revenue_accelerating': True, 'rev_accel_quarters': 2}","{'rs_3m': nan, 'rs_6m': nan, 'rs_line_percentile': 27.3, 'rs_line_at_new_high': False, 'rs_line_trend': 'up', 'rs_line_score': 35}","{'roe_pct': 34.3, 'debt_to_equity': 1.16, 'current_ratio': 1.77, 'operating_margin_pct': 21.4}","{'days_to_earnings': 'N/A', 'recommendation': 'buy', 'analyst_upside_pct': 17.1}",96.75,23587006464,Industrials,Pollution & Treatment Controls,2.8,3.1,False,110.11,-12.1,0,False,113.29,136.0,100.0,17.0,buy,17.1,65.53,-32.3,39.69,-59.0,3.42,3.31,0.53,12.6,0.52,,True,-1.84,14.1,10.1,64.0,2026-10-21,False,False,6,NEUTRAL,5.06,76.0,2.01,29.3,,,,2026-08-18T04:38:27.433558
ALLY,Ally Financial Inc.,66.3,⭐⭐ GOOD,🟡 Good,USD,USD,False,True,True,1.0,"FCF declarado (-546,000,000) se aparta del derivado de flujo operativo menos capex (291,000,128)",90.0,60.0,44.0,60.0,65.0,35.0,33.3,False,up,3.0,True,2,7.3,True,1,"{'eps_growth_yoy': 3.0, 'positive_quarters': 4, 'earnings_accelerating': True, 'eps_accel_quarters': 2, 'profit_margin_pct': 18.4}","{'revenue_growth_yoy': 7.3, 'revenue_accelerating': True, 'rev_accel_quarters': 1}","{'rs_3m': nan, 'rs_6m': nan, 'rs_line_percentile': 33.3, 'rs_line_at_new_high': False, 'rs_line_trend': 'up', 'rs_line_score': 35}","{'roe_pct': 9.7, 'operating_margin_pct': 25.3}","{'days_to_earnings': 'N/A', 'recommendation': 'buy', 'analyst_upside_pct': 23.1}",43.61,13266148352,Financial Services,Credit Services,4.3,4.1,False,47.29,-7.8,0,False,53.7,58.0,45.0,17.0,buy,23.1,,,55.75,27.8,-4.12,-1.79,2.67,28.2,1.2,3.2,True,-12.58,,13.5,59.0,2026-10-16,False,False,5,NEUTRAL,,,0.5,25.2,,,,2026-08-18T04:43:32.137505
DBOEY,Deutsche Börse AG,66.3,⭐⭐ GOOD,🟡 Good,USD,EUR,True,True,True,1.0,,85.0,60.0,44.0,80.0,50.0,35.0,48.8,False,up,11.9,False,0,11.7,False,0,"{'eps_growth_yoy': 11.9, 'positive_quarters': 4, 'earnings_accelerating': False, 'eps_accel_quarters': 0, 'profit_margin_pct': 27.3}","{'revenue_growth_yoy': 11.7, 'revenue_accelerating': False, 'rev_accel_quarters': 0}","{'rs_3m': nan, 'rs_6m': nan, 'rs_line_percentile': 48.8, 'rs_line_at_new_high': False, 'rs_line_trend': 'up', 'rs_line_score': 35}","{'roe_pct': 20.4, 'debt_to_equity': 0.58, 'current_ratio': 1.01, 'operating_margin_pct': 41.9}","{'days_to_earnings': 'N/A', 'recommendation': 'none', 'analyst_upside_pct': 9.9}",32.07,57818251264,Financial Services,Financial Data & Stock Exchanges,,,False,32.21,-0.4,0,False,35.26,35.26,35.26,1.0,none,9.9,32.05,-0.1,18.63,-41.9,4.37,1.4,1.55,36.0,0.49,1.9,,,,6.9,63.0,2026-10-20,False,False,5,NEUTRAL,4.87,66.8,1.49,20.2,,,,2026-08-18T04:39:28.814764
MCO,Moody's Corporation,66.0,⭐⭐ GOOD,🟡 Good,USD,USD,False,True,True,1.0,,100.0,50.0,36.0,65.0,65.0,15.0,20.5,False,up,35.9,True,2,8.9,False,0,"{'eps_growth_yoy': 35.9, 'positive_quarters': 4, 'earnings_accelerating': True, 'eps_accel_quarters': 2, 'profit_margin_pct': 34.3}","{'revenue_growth_yoy': 8.9, 'revenue_accelerating': False, 'rev_accel_quarters': 0}","{'rs_3m': nan, 'rs_6m': nan, 'rs_line_percentile': 20.5, 'rs_line_at_new_high': False, 'rs_line_trend': 'up', 'rs_line_score': 15}","{'roe_pct': 76.9, 'debt_to_equity': 2.41, 'current_ratio': 1.19, 'operating_margin_pct': 49.5}","{'days_to_earnings': 'N/A', 'recommendation': 'buy', 'analyst_upside_pct': 17.5}",477.17,82636775424,Financial Services,Financial Data & Stock Exchanges,2.1,3.4,False,546.88,-12.7,0,False,560.48,610.0,505.0,21.0,buy,17.5,631.57,32.4,465.3,-2.5,3.12,14.89,0.85,25.0,4.12,0.81,False,,14.5,56.7,64.0,2026-10-21,False,False,8,STRONG,3.84,106.3,0.44,31.7,,,,2026-08-18T04:37:46.908058
SHW,The Sherwin-Williams Company,66.0,⭐⭐ GOOD,🟡 Good,USD,USD,False,True,True,1.0,,90.0,70.0,44.0,45.0,60.0,35.0,39.1,False,up,1.3,True,2,6.8,True,2,"{'eps_growth_yoy': 1.3, 'positive_quarters': 4, 'earnings_accelerating': True, 'eps_accel_quarters': 2, 'profit_margin_pct': 11.0}","{'revenue_growth_yoy': 6.8, 'revenue_accelerating': True, 'rev_accel_quarters': 2}","{'rs_3m': nan, 'rs_6m': nan, 'rs_line_percentile': 39.1, 'rs_line_at_new_high': False, 'rs_line_trend': 'up', 'rs_line_score': 35}","{'roe_pct': 65.1, 'debt_to_equity': 3.9, 'current_ratio': 0.73, 'operating_margin_pct': 18.1}","{'days_to_earnings': 'N/A', 'recommendation': 'buy', 'analyst_upside_pct': 11.5}",349.97,84958068736,Basic Materials,Specialty Chemicals,2.6,3.0,False,379.65,-7.8,0,False,390.1,420.0,340.0,21.0,buy,11.5,242.0,-30.9,151.15,-56.8,2.95,10.32,0.89,29.3,3.2,0.87,True,-3.09,7.8,10.0,70.0,2026-10-27,False,False,6,NEUTRAL,3.83,62.0,1.8,42.8,,,,2026-08-18T04:38:36.151848
SAP,SAP SE,65.3,⭐⭐ GOOD,🟡 Good,USD,EUR,True,True,True,1.0,,75.0,60.0,44.0,90.0,55.0,35.0,30.4,False,up,8.8,False,0,8.8,True,1,"{'eps_growth_yoy': 8.8, 'positive_quarters': 4, 'earnings_accelerating': False, 'eps_accel_quarters': 0, 'profit_margin_pct': 20.4}","{'revenue_growth_yoy': 8.8, 'revenue_accelerating': True, 'rev_accel_quarters': 1}","{'rs_3m': nan, 'rs_6m': nan, 'rs_line_percentile': 30.4, 'rs_line_at_new_high': False, 'rs_line_trend': 'up', 'rs_line_score': 35}","{'roe_pct': 18.3, 'debt_to_equity': 0.22, 'current_ratio': 1.15, 'operating_margin_pct': 27.6}","{'days_to_earnings': 'N/A', 'recommendation': 'none', 'analyst_upside_pct': 16.9}",207.84,239889809408,Technology,Software - Application,0.7,2.6,False,281.37,-26.1,0,False,242.92,319.0,177.0,12.0,none,16.9,386.63,86.0,230.7,11.0,4.39,9.12,1.41,37.5,2.93,1.48,True,-1.21,20.7,15.3,64.0,2026-10-21,False,False,8,STRONG,0.32,146.7,0.71,52.0,,,,2026-08-18T04:40:06.147576
TMO,Thermo Fisher Scientific Inc.,65.0,⭐⭐ GOOD,🟡 Good,USD,USD,False,True,True,1.0,,80.0,60.0,44.0,75.0,60.0,35.0,48.5,False,up,7.4,True,1,7.8,True,1,"{'eps_growth_yoy': 7.4, 'positive_quarters': 4, 'earnings_accelerating': True, 'eps_accel_quarters': 1, 'profit_margin_pct': 15.0}","{'revenue_growth_yoy': 7.8, 'revenue_accelerating': True, 'rev_accel_quarters': 1}","{'rs_3m': nan, 'rs_6m': nan, 'rs_line_percentile': 48.5, 'rs_line_at_new_high': False, 'rs_line_trend': 'up', 'rs_line_score': 35}","{'roe_pct': 13.5, 'debt_to_equity': 0.81, 'current_ratio': 1.55, 'operating_margin_pct': 18.8}","{'days_to_earnings': 'N/A', 'recommendation': 'buy', 'analyst_upside_pct': 7.8}",585.51,216490737664,Healthcare,Diagnostics & Research,1.4,2.2,False,643.99,-9.1,0,False,631.42,750.0,520.0,26.0,buy,7.8,324.49,-44.6,185.0,-68.4,2.88,16.87,0.32,9.7,1.88,0.26,True,-2.31,6.2,9.4,64.0,2026-10-21,False,False,5,NEUTRAL,3.42,36.2,2.26,36.1,,,,2026-08-18T04:38:19.255999
ROP,"Roper Technologies, Inc.",64.7,⭐⭐ GOOD,🟡 Good,USD,USD,False,True,True,1.0,,100.0,50.0,36.0,60.0,60.0,15.0,21.7,False,up,193.2,True,2,4.5,False,0,"{'eps_growth_yoy': 193.2, 'positive_quarters': 4, 'earnings_accelerating': True, 'eps_accel_quarters': 2, 'profit_margin_pct': 30.2}","{'revenue_growth_yoy': 4.5, 'revenue_accelerating': False, 'rev_accel_quarters': 0}","{'rs_3m': nan, 'rs_6m': nan, 'rs_line_percentile': 21.7, 'rs_line_at_new_high': False, 'rs_line_trend': 'up', 'rs_line_score': 15}","{'roe_pct': 13.1, 'debt_to_equity': 0.61, 'current_ratio': 0.55, 'operating_margin_pct': 27.7}","{'days_to_earnings': 'N/A', 'recommendation': 'buy', 'analyst_upside_pct': 14.2}",389.71,38542659584,Technology,Software - Application,6.2,5.9,False,544.94,-28.5,0,False,445.2,550.0,335.0,15.0,buy,14.2,971.52,149.3,702.6,80.3,5.88,22.91,0.91,14.5,3.64,0.6,True,-7.07,8.6,163.1,65.0,2026-10-22,False,False,6,NEUTRAL,4.57,1441.1,0.07,40.9,,,,2026-08-18T04:36:28.583247
ASAZY,ASSA ABLOY AB (publ),64.5,⭐⭐ GOOD,🟡 Good,USD,SEK,True,True,False,0.9482,"acciones × precio no cuadra con la capitalización (ratio 0.9482): el dato por acción y el precio no están en la misma unidad — típico de ADR. Los ratios por acción (EPS, FCF/acción, DCF) no son utilizables | FCF declarado (1,932,157,655) se aparta del derivado de flujo operativo menos capex (18,638,",90.0,60.0,36.0,65.0,55.0,15.0,17.4,False,up,15.9,True,1,3.3,True,1,"{'eps_growth_yoy': 15.9, 'positive_quarters': 4, 'earnings_accelerating': True, 'eps_accel_quarters': 1, 'profit_margin_pct': 10.8}","{'revenue_growth_yoy': 3.3, 'revenue_accelerating': True, 'rev_accel_quarters': 1}","{'rs_3m': nan, 'rs_6m': nan, 'rs_line_percentile': 17.4, 'rs_line_at_new_high': False, 'rs_line_trend': 'up', 'rs_line_score': 15}","{'roe_pct': 15.6, 'debt_to_equity': 0.64, 'current_ratio': 1.01}","{'days_to_earnings': 'N/A', 'recommendation': 'none', 'analyst_upside_pct': 18.0}",18.42,40920997888,Industrials,Security & Protection Services,,,False,21.98,-16.2,0,False,21.74,21.74,21.74,1.0,none,18.0,,,,,4.72,0.92,1.76,41.9,0.33,1.7,False,,,8.0,70.0,2026-10-27,False,False,8,STRONG,,118.2,1.29,24.6,,,,2026-08-18T04:40:52.067938
AJG,Arthur J. Gallagher & Co.,64.0,⭐⭐ GOOD,🟡 Good,USD,USD,False,True,True,1.0,,80.0,60.0,44.0,65.0,65.0,35.0,29.3,False,up,18.8,False,0,18.9,False,0,"{'eps_growth_yoy': 18.8, 'positive_quarters': 4, 'earnings_accelerating': False, 'eps_accel_quarters': 0, 'profit_margin_pct': 10.4}","{'revenue_growth_yoy': 18.9, 'revenue_accelerating': False, 'rev_accel_quarters': 0}","{'rs_3m': nan, 'rs_6m': nan, 'rs_line_percentile': 29.3, 'rs_line_at_new_high': False, 'rs_line_trend': 'up', 'rs_line_score': 35}","{'roe_pct': 6.7, 'debt_to_equity': 0.59, 'current_ratio': 1.05, 'operating_margin_pct': 19.2}","{'days_to_earnings': 'N/A', 'recommendation': 'buy', 'analyst_upside_pct': 17.1}",247.97,63564877824,Financial Services,Insurance Brokers,2.5,3.9,False,313.55,-20.9,0,False,290.44,388.0,250.0,18.0,buy,17.1,119.53,-51.8,59.5,-76.0,3.28,8.12,1.11,44.8,2.8,1.01,True,-0.76,4.1,-10.7,72.0,2026-10-29,False,False,6,NEUTRAL,3.29,77.9,,36.3,,,,2026-08-18T04:39:08.371317
MCD,McDonald's Corporation,64.0,⭐⭐ GOOD,🟡 Good,USD,USD,False,True,True,1.0,,85.0,60.0,36.0,65.0,65.0,15.0,2.4,False,down,3.7,True,1,0.3,True,1,"{'eps_growth_yoy': 3.7, 'positive_quarters': 4, 'earnings_accelerating': True, 'eps_accel_quarters': 1, 'profit_margin_pct': 31.7}","{'revenue_growth_yoy': 0.3, 'revenue_accelerating': True, 'rev_accel_quarters': 1}","{'rs_3m': nan, 'rs_6m': nan, 'rs_line_percentile': 2.4, 'rs_line_at_new_high': False, 'rs_line_trend': 'down', 'rs_line_score': 15}","{'current_ratio': 1.08, 'operating_margin_pct': 46.5}","{'days_to_earnings': 'N/A', 'recommendation': 'buy', 'analyst_upside_pct': 19.0}",265.53,187900051456,Consumer Cyclical,Restaurants,1.9,2.7,False,341.75,-22.3,0,False,316.06,407.0,250.0,31.0,buy,19.0,146.0,-45.0,119.8,-54.9,3.33,8.85,2.73,59.7,7.44,2.23,True,-1.24,7.9,4.0,79.0,2026-11-05,False,False,6,NEUTRAL,5.16,29.1,3.33,17.2,,,,2026-08-18T04:39:36.863780
JKHY,"Jack Henry & Associates, Inc.",64.0,⭐⭐ GOOD,🟡 Good,USD,USD,False,True,True,1.0,"FCF declarado (373,407,744) se aparta del derivado de flujo operativo menos capex (555,232,016)",65.0,60.0,44.0,95.0,65.0,35.0,27.7,False,up,-3.7,True,1,3.4,True,1,"{'eps_growth_yoy': -3.7, 'positive_quarters': 4, 'earnings_accelerating': True, 'eps_accel_quarters': 1, 'profit_margin_pct': 20.6}","{'revenue_growth_yoy': 3.4, 'revenue_accelerating': True, 'rev_accel_quarters': 1}","{'rs_3m': nan, 'rs_6m': nan, 'rs_line_percentile': 27.7, 'rs_line_at_new_high': False, 'rs_line_trend': 'up', 'rs_line_score': 35}","{'roe_pct': 24.9, 'debt_to_equity': 0.06, 'current_ratio': 1.74, 'operating_margin_pct': 24.4}","{'days_to_earnings': 'N/A', 'recommendation': 'buy', 'analyst_upside_pct': 24.6}",149.87,10648380416,Technology,Information Technology Services,7.3,3.9,False,193.39,-22.5,0,False,186.67,208.0,158.0,15.0,buy,24.6,114.65,-23.5,87.5,-41.6,3.51,5.26,1.55,32.8,2.38,1.22,True,-2.67,123.3,12.5,0.0,2026-08-18,True,False,9,STRONG,5.54,162.7,1.69,29.6,,,,2026-08-18T04:42:40.346546
RSG,"Republic Services, Inc.",63.7,⭐⭐ GOOD,🟡 Good,USD,USD,False,True,True,1.0,"FCF declarado (1,942,625,024) se aparta del derivado de flujo operativo menos capex (2,655,000,128)",80.0,70.0,36.0,60.0,60.0,15.0,11.3,False,up,2.9,True,1,5.2,True,2,"{'eps_growth_yoy': 2.9, 'positive_quarters': 4, 'earnings_accelerating': True, 'eps_accel_quarters': 1, 'profit_margin_pct': 12.9}","{'revenue_growth_yoy': 5.2, 'revenue_accelerating': True, 'rev_accel_quarters': 2}","{'rs_3m': nan, 'rs_6m': nan, 'rs_line_percentile': 11.3, 'rs_line_at_new_high': False, 'rs_line_trend': 'up', 'rs_line_score': 15}","{'roe_pct': 18.2, 'debt_to_equity': 1.19, 'current_ratio': 0.64, 'operating_margin_pct': 20.4}","{'days_to_earnings': 'N/A', 'recommendation': 'buy', 'analyst_upside_pct': 14.2}",215.26,65915408384,Industrials,Waste Management,2.0,2.9,False,238.62,-9.8,0,False,245.92,272.0,208.0,24.0,buy,14.2,102.05,-52.6,70.8,-67.1,2.95,6.34,1.25,35.4,2.68,1.21,True,-2.23,5.3,3.6,72.0,2026-10-29,False,False,6,NEUTRAL,3.95,24.7,5.24,21.9,,,,2026-08-18T04:37:12.061141
AON,Aon plc,63.7,⭐⭐ GOOD,🟡 Good,USD,USD,False,True,True,1.0,,85.0,50.0,36.0,80.0,65.0,15.0,22.9,False,up,20.3,False,0,6.2,False,0,"{'eps_growth_yoy': 20.3, 'positive_quarters': 4, 'earnings_accelerating': False, 'eps_accel_quarters': 0, 'profit_margin_pct': 22.3}","{'revenue_growth_yoy': 6.2, 'revenue_accelerating': False, 'rev_accel_quarters': 0}","{'rs_3m': nan, 'rs_6m': nan, 'rs_line_percentile': 22.9, 'rs_line_at_new_high': False, 'rs_line_trend': 'up', 'rs_line_score': 15}","{'roe_pct': 44.7, 'debt_to_equity': 1.63, 'current_ratio': 1.03, 'operating_margin_pct': 23.5}","{'days_to_earnings': 'N/A', 'recommendation': 'buy', 'analyst_upside_pct': 15.9}",347.22,73654198272,Financial Services,Insurance Brokers,2.3,3.5,False,382.34,-9.2,0,False,402.47,445.0,339.0,19.0,buy,15.9,221.34,-36.3,177.1,-49.0,4.33,15.04,0.92,16.8,3.28,0.76,True,-2.17,7.7,-2.1,73.0,2026-10-30,False,False,8,STRONG,6.3,141.9,,23.4,,,,2026-08-18T04:38:23.411621
AXP,American Express Company,63.5,⭐⭐ GOOD,🟡 Good,USD,USD,False,True,True,1.0,,70.0,60.0,44.0,85.0,60.0,35.0,26.1,False,up,7.2,False,0,6.6,True,1,"{'eps_growth_yoy': 7.2, 'positive_quarters': 4, 'earnings_accelerating': False, 'eps_accel_quarters': 0, 'profit_margin_pct': 16.1}","{'revenue_growth_yoy': 6.6, 'revenue_accelerating': True, 'rev_accel_quarters': 1}","{'rs_3m': nan, 'rs_6m': nan, 'rs_line_percentile': 26.1, 'rs_line_at_new_high': False, 'rs_line_trend': 'up', 'rs_line_score': 35}","{'roe_pct': 34.4, 'debt_to_equity': 1.72, 'current_ratio': 1.55, 'operating_margin_pct': 20.3}","{'days_to_earnings': 'N/A', 'recommendation': 'buy', 'analyst_upside_pct': 11.8}",336.21,227045916672,Financial Services,Credit Services,2.3,3.8,False,387.49,-13.2,0,False,375.86,450.0,315.0,25.0,buy,11.8,486.59,44.7,177.87,-47.1,7.05,23.7,1.11,21.5,3.8,1.1,True,-3.29,,7.7,66.0,2026-10-23,False,False,4,NEUTRAL,,,1.52,25.9,,,,2026-08-18T04:42:07.880584
STZ,"Constellation Brands, Inc.",63.2,⭐⭐ GOOD,🟡 Good,USD,USD,False,True,True,0.9997,,100.0,40.0,36.0,60.0,70.0,15.0,11.1,False,flat,40.3,True,1,-1.9,True,1,"{'eps_growth_yoy': 40.3, 'positive_quarters': 4, 'earnings_accelerating': True, 'eps_accel_quarters': 1, 'profit_margin_pct': 20.1}","{'revenue_growth_yoy': -1.9, 'revenue_accelerating': True, 'rev_accel_quarters': 1}","{'rs_3m': nan, 'rs_6m': nan, 'rs_line_percentile': 11.1, 'rs_line_at_new_high': False, 'rs_line_trend': 'flat', 'rs_line_score': 15}","{'roe_pct': 23.7, 'debt_to_equity': 1.23, 'current_ratio': 0.91, 'operating_margin_pct': 35.9}","{'days_to_earnings': 'N/A', 'recommendation': 'buy', 'analyst_upside_pct': 30.8}",130.56,22300215296,Consumer Defensive,Beverages - Brewers,6.1,3.9,False,169.0,-22.7,0,False,170.83,209.0,115.0,23.0,buy,30.8,549.0,320.5,295.2,126.1,9.91,12.95,2.96,39.0,4.12,1.78,True,-3.77,8.2,21.5,48.0,2026-10-05,False,False,6,NEUTRAL,8.29,29.4,0.34,25.4,,,,2026-08-18T04:43:47.780908
BRO,"Brown & Brown, Inc.",63.0,⭐⭐ GOOD,🟡 Good,USD,USD,False,True,True,1.0,,90.0,50.0,36.0,75.0,50.0,15.0,22.5,False,up,26.9,False,0,6.7,False,0,"{'eps_growth_yoy': 26.9, 'positive_quarters': 4, 'earnings_accelerating': False, 'eps_accel_quarters': 0, 'profit_margin_pct': 18.1}","{'revenue_growth_yoy': 6.7, 'revenue_accelerating': False, 'rev_accel_quarters': 0}","{'rs_3m': nan, 'rs_6m': nan, 'rs_line_percentile': 22.5, 'rs_line_at_new_high': False, 'rs_line_trend': 'up', 'rs_line_score': 15}","{'roe_pct': 10.0, 'debt_to_equity': 0.64, 'current_ratio': 1.13, 'operating_margin_pct': 41.8}","{'days_to_earnings': 'N/A', 'recommendation': 'hold', 'analyst_upside_pct': 11.0}",68.86,23041269760,Financial Services,Insurance Brokers,6.6,5.8,False,98.3,-29.9,0,False,76.44,90.0,56.0,16.0,hold,11.0,85.88,24.7,31.3,-54.5,7.13,4.91,0.94,20.6,0.66,0.65,True,-2.73,4.7,2.8,69.0,2026-10-26,False,False,4,NEUTRAL,5.55,175.4,2.01,39.6,,,,2026-08-18T04:39:48.994482
WCN,"Waste Connections, Inc.",62.7,⭐⭐ GOOD,🟡 Good,USD,USD,False,True,True,1.0,,80.0,70.0,36.0,50.0,65.0,15.0,18.1,False,up,3.5,True,1,4.2,True,2,"{'eps_growth_yoy': 3.5, 'positive_quarters': 4, 'earnings_accelerating': True, 'eps_accel_quarters': 1, 'profit_margin_pct': 10.9}","{'revenue_growth_yoy': 4.2, 'revenue_accelerating': True, 'rev_accel_quarters': 2}","{'rs_3m': nan, 'rs_6m': nan, 'rs_line_percentile': 18.1, 'rs_line_at_new_high': False, 'rs_line_trend': 'up', 'rs_line_score': 15}","{'roe_pct': 13.0, 'debt_to_equity': 1.22, 'current_ratio': 0.66, 'operating_margin_pct': 19.7}","{'days_to_earnings': 'N/A', 'recommendation': 'strong_buy', 'analyst_upside_pct': 21.6}",165.01,41511440384,Industrials,Waste Management,1.5,2.4,False,188.75,-12.6,0,False,200.6,220.0,162.0,25.0,strong_buy,21.6,65.1,-60.5,41.1,-75.1,2.53,4.17,0.84,33.0,1.4,0.69,True,-2.7,5.0,4.4,63.0,2026-10-20,False,False,6,NEUTRAL,3.43,19.4,6.04,19.4,,,,2026-08-18T04:36:07.370142
OTIS,Otis Worldwide Corporation,62.5,⭐⭐ GOOD,🟡 Good,USD,USD,False,True,True,1.0,,90.0,60.0,36.0,45.0,65.0,15.0,5.2,False,flat,14.4,True,1,4.6,True,1,"{'eps_growth_yoy': 14.4, 'positive_quarters': 4, 'earnings_accelerating': True, 'eps_accel_quarters': 1, 'profit_margin_pct': 10.2}","{'revenue_growth_yoy': 4.6, 'revenue_accelerating': True, 'rev_accel_quarters': 1}","{'rs_3m': nan, 'rs_6m': nan, 'rs_line_percentile': 5.2, 'rs_line_at_new_high': False, 'rs_line_trend': 'flat', 'rs_line_score': 15}","{'current_ratio': 0.83, 'operating_margin_pct': 15.1}","{'days_to_earnings': 'N/A', 'recommendation': 'buy', 'analyst_upside_pct': 25.9}",70.56,26860027904,Industrials,Specialty Industrial Machinery,4.3,3.7,False,94.565,-25.4,0,False,88.83,105.0,75.0,12.0,buy,25.9,83.98,19.0,49.14,-30.4,5.35,3.77,2.42,43.7,1.76,1.5,True,-3.93,,9.1,71.0,2026-10-28,False,False,6,NEUTRAL,6.31,171.1,1.19,26.5,,,,2026-08-18T04:40:22.481554
FHN,First Horizon Corporation,62.0,⭐⭐ GOOD,🟡 Good,USD,USD,False,True,True,1.0,"FCF declarado (595,000,000) se aparta del derivado de flujo operativo menos capex (1,026,000,000)",85.0,40.0,54.0,65.0,60.0,60.0,50.0,False,up,3.1,True,1,-0.5,True,1,"{'eps_growth_yoy': 3.1, 'positive_quarters': 4, 'earnings_accelerating': True, 'eps_accel_quarters': 1, 'profit_margin_pct': 30.2}","{'revenue_growth_yoy': -0.5, 'revenue_accelerating': True, 'rev_accel_quarters': 1}","{'rs_3m': nan, 'rs_6m': nan, 'rs_line_percentile': 50.0, 'rs_line_at_new_high': False, 'rs_line_trend': 'up', 'rs_line_score': 60}","{'roe_pct': 11.5, 'operating_margin_pct': 41.3}","{'days_to_earnings': 'N/A', 'recommendation': 'buy', 'analyst_upside_pct': 8.0}",26.02,12327682048,Financial Services,Banks - Regional,0.0,0.0,False,26.56,-2.0,0,False,28.11,31.0,25.0,19.0,buy,8.0,36.77,41.3,41.2,58.3,4.83,1.26,2.59,30.8,0.68,3.3,True,-7.61,,14.0,57.0,2026-10-14,False,False,5,NEUTRAL,,,0.56,17.5,,,,2026-08-18T04:44:51.760750
COF,Capital One Financial Corporation,61.8,⭐⭐ GOOD,🟡 Good,USD,USD,False,True,True,1.0,,75.0,60.0,44.0,60.0,65.0,35.0,41.8,False,up,-5.4,True,2,2.5,True,1,"{'eps_growth_yoy': -5.4, 'positive_quarters': 4, 'earnings_accelerating': True, 'eps_accel_quarters': 2, 'profit_margin_pct': 21.9}","{'revenue_growth_yoy': 2.5, 'revenue_accelerating': True, 'rev_accel_quarters': 1}","{'rs_3m': nan, 'rs_6m': nan, 'rs_line_percentile': 41.8, 'rs_line_at_new_high': False, 'rs_line_trend': 'up', 'rs_line_score': 35}","{'roe_pct': 9.0, 'operating_margin_pct': 33.6}","{'days_to_earnings': 'N/A', 'recommendation': 'buy', 'analyst_upside_pct': 15.8}",221.45,135856218112,Financial Services,Credit Services,2.0,2.4,False,259.64,-14.7,0,False,256.5,300.0,214.0,22.0,buy,15.8,1806.97,716.0,530.1,139.4,19.24,42.61,1.41,16.5,3.2,1.68,True,-6.7,,,63.0,2026-10-20,False,False,5,NEUTRAL,,,0.51,24.4,,,,2026-08-18T04:43:08.212253
ZTS,Zoetis Inc.,61.5,⭐⭐ GOOD,🟡 Good,USD,USD,False,True,True,1.0,,75.0,60.0,36.0,65.0,70.0,15.0,0.7,False,down,-4.2,True,2,2.8,True,1,"{'eps_growth_yoy': -4.2, 'positive_quarters': 4, 'earnings_accelerating': True, 'eps_accel_quarters': 2, 'profit_margin_pct': 27.7}","{'revenue_growth_yoy': 2.8, 'revenue_accelerating': True, 'rev_accel_quarters': 1}","{'rs_3m': nan, 'rs_6m': nan, 'rs_line_percentile': 0.7, 'rs_line_at_new_high': False, 'rs_line_trend': 'down', 'rs_line_score': 15}","{'roe_pct': 64.9, 'debt_to_equity': 2.94, 'current_ratio': 3.08, 'operating_margin_pct': 40.7}","{'days_to_earnings': 'N/A', 'recommendation': 'buy', 'analyst_upside_pct': 38.3}",72.97,30152927232,Healthcare,Drug Manufacturers - Specialty & Generic,5.9,3.8,False,160.48,-54.5,0,False,100.94,160.0,80.0,16.0,buy,38.3,71.82,-1.6,60.6,-17.0,6.69,4.88,2.87,33.6,2.12,0.95,True,-12.09,14.7,0.8,77.0,2026-11-03,False,False,6,NEUTRAL,9.49,42.1,9.08,36.9,,,,2026-08-18T04:37:31.753510
VRSK,"Verisk Analytics, Inc.",61.5,⭐⭐ GOOD,🟡 Good,USD,USD,False,True,True,1.0,,75.0,60.0,36.0,65.0,70.0,15.0,11.1,False,flat,1.4,False,0,4.9,True,1,"{'eps_growth_yoy': 1.4, 'positive_quarters': 4, 'earnings_accelerating': False, 'eps_accel_quarters': 0, 'profit_margin_pct': 28.2}","{'revenue_growth_yoy': 4.9, 'revenue_accelerating': True, 'rev_accel_quarters': 1}","{'rs_3m': nan, 'rs_6m': nan, 'rs_line_percentile': 11.1, 'rs_line_at_new_high': False, 'rs_line_trend': 'flat', 'rs_line_score': 15}","{'current_ratio': 1.0, 'operating_margin_pct': 45.1}","{'days_to_earnings': 'N/A', 'recommendation': 'buy', 'analyst_upside_pct': 35.4}",175.62,22857998336,Industrials,Consulting Services,3.8,2.2,False,276.19,-36.4,0,False,237.71,275.0,195.0,17.0,buy,35.4,119.33,-32.1,62.9,-64.2,4.62,8.11,1.1,29.2,2.0,0.63,True,-9.41,6.9,-2.4,71.0,2026-10-28,False,False,7,NEUTRAL,4.99,113.1,,41.6,,,,2026-08-18T04:35:54.969909
FCNCA,"First Citizens BancShares, Inc.",61.5,⭐⭐ GOOD,🟡 Good,USD,USD,False,True,False,0.911,"acciones × precio no cuadra con la capitalización (ratio 0.9110): el dato por acción y el precio no están en la misma unidad — típico de ADR. Los ratios por acción (EPS, FCF/acción, DCF) no son utilizables",95.0,30.0,54.0,65.0,50.0,60.0,64.1,False,up,18.3,True,1,-0.2,False,0,"{'eps_growth_yoy': 18.3, 'positive_quarters': 4, 'earnings_accelerating': True, 'eps_accel_quarters': 1, 'profit_margin_pct': 25.2}","{'revenue_growth_yoy': -0.2, 'revenue_accelerating': False, 'rev_accel_quarters': 0}","{'rs_3m': nan, 'rs_6m': nan, 'rs_line_percentile': 64.1, 'rs_line_at_new_high': False, 'rs_line_trend': 'up', 'rs_line_score': 60}","{'roe_pct': 10.7, 'operating_margin_pct': 39.0}","{'days_to_earnings': 'N/A', 'recommendation': 'hold', 'analyst_upside_pct': 4.0}",2248.18,25388965888,Financial Services,Banks - Regional,5.1,5.4,False,2296.3,-2.1,0,False,2338.5,2475.0,2100.0,12.0,hold,4.0,,,,,5.36,132.29,0.37,4.4,8.4,0.31,True,-13.0,,12.4,65.0,2026-10-22,False,False,5,NEUTRAL,,,0.37,34.5,,,,2026-08-18T04:44:56.276203
7741.T,HOYA Corporation,61.2,⭐⭐ GOOD,🟡 Good,JPY,JPY,False,True,True,1.0,,60.0,50.0,50.0,95.0,65.0,,,,,,,0,,,0,{'profit_margin_pct': 27.2},{},"{'rs_3m': nan, 'rs_6m': nan}","{'roe_pct': 26.5, 'debt_to_equity': 0.04, 'current_ratio': 4.91, 'operating_margin_pct': 32.4}","{'days_to_earnings': 'N/A', 'recommendation': 'strong_buy', 'analyst_upside_pct': 16.1}",26310.0,8801234190336,Healthcare,Medical Instruments & Supplies,,,False,30400.0,-13.5,5,False,30553.33,35000.0,23100.0,15.0,strong_buy,16.1,22662.71,-13.9,22334.4,-15.1,2.03,534.39,1.12,39.7,295.0,0.76,,,,30.0,73.0,2026-10-30,False,False,6,NEUTRAL,3.95,33.1,1.28,28.1,,,,2026-08-18T04:39:52.972916
ROL,"Rollins, Inc.",61.0,⭐⭐ GOOD,🟡 Good,USD,USD,False,True,True,1.0,,70.0,70.0,36.0,65.0,55.0,15.0,0.1,False,down,-12.0,True,2,5.1,True,2,"{'eps_growth_yoy': -12.0, 'positive_quarters': 4, 'earnings_accelerating': True, 'eps_accel_quarters': 2, 'profit_margin_pct': 13.6}","{'revenue_growth_yoy': 5.1, 'revenue_accelerating': True, 'rev_accel_quarters': 2}","{'rs_3m': nan, 'rs_6m': nan, 'rs_line_percentile': 0.1, 'rs_line_at_new_high': False, 'rs_line_trend': 'down', 'rs_line_score': 15}","{'roe_pct': 37.0, 'debt_to_equity': 0.78, 'current_ratio': 0.63, 'operating_margin_pct': 18.8}","{'days_to_earnings': 'N/A', 'recommendation': 'hold', 'analyst_upside_pct': 26.6}",36.02,17330857984,Consumer Cyclical,Personal Services,6.5,3.2,False,66.14,-45.5,0,False,45.59,66.0,32.0,17.0,hold,26.6,15.41,-57.2,10.9,-69.7,2.9,1.04,2.02,64.9,0.73,1.15,True,-1.41,21.8,1.2,71.0,2026-10-28,False,False,6,NEUTRAL,3.98,132.5,8.91,35.0,,,,2026-08-18T04:36:36.060819
PEP,"PepsiCo, Inc.",61.0,⭐⭐ GOOD,🟡 Good,USD,USD,False,True,True,1.0,,90.0,60.0,36.0,45.0,50.0,15.0,4.7,False,down,14.5,True,1,1.0,True,1,"{'eps_growth_yoy': 14.5, 'positive_quarters': 4, 'earnings_accelerating': True, 'eps_accel_quarters': 1, 'profit_margin_pct': 10.8}","{'revenue_growth_yoy': 1.0, 'revenue_accelerating': True, 'rev_accel_quarters': 1}","{'rs_3m': nan, 'rs_6m': nan, 'rs_line_percentile': 4.7, 'rs_line_at_new_high': False, 'rs_line_trend': 'down', 'rs_line_score': 15}","{'roe_pct': 51.5, 'debt_to_equity': 2.39, 'current_ratio': 0.93, 'operating_margin_pct': 16.8}","{'days_to_earnings': 'N/A', 'recommendation': 'none', 'analyst_upside_pct': 12.1}",138.24,188835840000,Consumer Defensive,Beverages - Non-Alcoholic,2.4,3.1,False,171.48,-19.4,0,False,155.0,183.0,124.0,22.0,none,12.1,243.14,75.9,224.7,62.5,4.15,5.73,4.2,75.3,5.92,3.03,True,-0.52,12.7,68.5,51.0,2026-10-08,False,False,5,NEUTRAL,4.91,33.8,0.11,16.9,,,,2026-08-18T04:42:04.313694
CB,Chubb Limited,61.0,⭐⭐ GOOD,🟡 Good,USD,USD,False,True,True,1.0,,80.0,50.0,44.0,65.0,60.0,35.0,37.0,False,up,1.9,True,1,-1.5,True,2,"{'eps_growth_yoy': 1.9, 'positive_quarters': 4, 'earnings_accelerating': True, 'eps_accel_quarters': 1, 'profit_margin_pct': 18.1}","{'revenue_growth_yoy': -1.5, 'revenue_accelerating': True, 'rev_accel_quarters': 2}","{'rs_3m': nan, 'rs_6m': nan, 'rs_line_percentile': 37.0, 'rs_line_at_new_high': False, 'rs_line_trend': 'up', 'rs_line_score': 35}","{'roe_pct': 14.8, 'debt_to_equity': 0.31, 'current_ratio': 0.41, 'operating_margin_pct': 23.5}","{'days_to_earnings': 'N/A', 'recommendation': 'buy', 'analyst_upside_pct': 7.2}",340.86,131503734784,Financial Services,Insurance - Property & Casualty,1.1,2.1,False,365.91,-6.8,0,False,365.26,425.0,306.0,23.0,buy,7.2,400.01,17.4,279.8,-17.9,7.98,27.19,1.19,13.9,4.08,1.44,True,-3.42,18.9,-0.5,70.0,2026-10-27,False,False,6,NEUTRAL,8.96,,,18.6,,,,2026-08-18T04:41:20.692317
TYL,"Tyler Technologies, Inc.",61.0,⭐⭐ GOOD,🟡 Good,USD,USD,False,True,True,1.0,,80.0,50.0,36.0,75.0,60.0,15.0,10.1,False,up,10.8,False,0,8.3,False,0,"{'eps_growth_yoy': 10.8, 'positive_quarters': 4, 'earnings_accelerating': False, 'eps_accel_quarters': 0, 'profit_margin_pct': 13.4}","{'revenue_growth_yoy': 8.3, 'revenue_accelerating': False, 'rev_accel_quarters': 0}","{'rs_3m': nan, 'rs_6m': nan, 'rs_line_percentile': 10.1, 'rs_line_at_new_high': False, 'rs_line_trend': 'up', 'rs_line_score': 15}","{'roe_pct': 9.7, 'debt_to_equity': 0.48, 'current_ratio': 1.55, 'operating_margin_pct': 14.7}","{'days_to_earnings': 'N/A', 'recommendation': 'none', 'analyst_upside_pct': 33.1}",320.48,13124384768,Technology,Software - Application,9.9,4.4,True,575.93,-44.4,0,False,426.64,525.0,335.0,22.0,none,33.1,356.81,11.3,115.32,-64.0,4.53,14.52,,,,,True,-7.07,65.3,7.8,71.0,2026-10-28,False,False,8,STRONG,2.9,139.0,1.35,50.9,,,,2026-08-18T04:38:31.868600
KVUE,Kenvue Inc.,60.8,⭐⭐ GOOD,🟡 Good,USD,USD,False,True,True,1.0,,80.0,50.0,44.0,70.0,50.0,35.0,37.1,False,up,14.6,False,0,5.1,False,0,"{'eps_growth_yoy': 14.6, 'positive_quarters': 4, 'earnings_accelerating': False, 'eps_accel_quarters': 0, 'profit_margin_pct': 10.8}","{'revenue_growth_yoy': 5.1, 'revenue_accelerating': False, 'rev_accel_quarters': 0}","{'rs_3m': nan, 'rs_6m': nan, 'rs_line_percentile': 37.1, 'rs_line_at_new_high': False, 'rs_line_trend': 'up', 'rs_line_score': 35}","{'roe_pct': 15.6, 'debt_to_equity': 0.82, 'current_ratio': 1.0, 'operating_margin_pct': 19.4}","{'days_to_earnings': 'N/A', 'recommendation': 'hold', 'analyst_upside_pct': 3.8}",18.79,36091334656,Consumer Defensive,Household & Personal Products,3.8,3.4,False,21.845,-14.0,0,False,19.5,23.0,18.0,12.0,hold,3.8,18.41,-2.0,8.3,-55.8,5.29,0.99,4.38,97.7,0.84,,True,-0.19,6.2,3.4,79.0,2026-11-05,False,False,7,NEUTRAL,5.57,109.8,1.79,20.2,,,,2026-08-18T04:44:32.052483
CHD,"Church & Dwight Company, Inc.",60.5,⭐⭐ GOOD,🟡 Good,USD,USD,False,True,True,1.0,,90.0,30.0,44.0,75.0,60.0,35.0,33.6,False,up,13.2,True,1,-2.5,False,0,"{'eps_growth_yoy': 13.2, 'positive_quarters': 4, 'earnings_accelerating': True, 'eps_accel_quarters': 1, 'profit_margin_pct': 12.0}","{'revenue_growth_yoy': -2.5, 'revenue_accelerating': False, 'rev_accel_quarters': 0}","{'rs_3m': nan, 'rs_6m': nan, 'rs_line_percentile': 33.6, 'rs_line_at_new_high': False, 'rs_line_trend': 'up', 'rs_line_score': 35}","{'roe_pct': 17.0, 'debt_to_equity': 0.56, 'current_ratio': 1.15, 'operating_margin_pct': 18.1}","{'days_to_earnings': 'N/A', 'recommendation': 'buy', 'analyst_upside_pct': 7.5}",97.98,23241238528,Consumer Defensive,Household & Personal Products,5.0,5.8,False,106.04,-7.6,0,False,105.37,115.0,78.0,19.0,buy,7.5,74.93,-23.5,30.2,-69.2,4.04,3.96,1.21,38.6,1.23,1.16,True,-2.58,10.6,6.3,73.0,2026-10-30,False,False,7,NEUTRAL,4.14,114.1,2.69,21.5,,,,2026-08-18T04:40:47.715944
VRSN,"VeriSign, Inc.",60.3,⭐⭐ GOOD,🟡 Good,USD,USD,False,True,True,1.0,,75.0,60.0,44.0,50.0,65.0,35.0,42.8,False,down,1.7,False,0,3.7,True,1,"{'eps_growth_yoy': 1.7, 'positive_quarters': 4, 'earnings_accelerating': False, 'eps_accel_quarters': 0, 'profit_margin_pct': 49.8}","{'revenue_growth_yoy': 3.7, 'revenue_accelerating': True, 'rev_accel_quarters': 1}","{'rs_3m': nan, 'rs_6m': nan, 'rs_line_percentile': 42.8, 'rs_line_at_new_high': False, 'rs_line_trend': 'down', 'rs_line_score': 35}","{'current_ratio': 0.59, 'operating_margin_pct': 68.2}","{'days_to_earnings': 'N/A', 'recommendation': 'buy', 'analyst_upside_pct': 16.6}",272.77,24658407424,Technology,Software - Infrastructure,2.1,2.4,False,312.48,-12.7,0,False,318.0,355.0,270.0,5.0,buy,16.6,165.22,-39.4,88.4,-67.6,3.38,9.21,1.14,34.3,3.24,,True,-3.65,15.5,5.4,65.0,2026-10-22,False,False,8,STRONG,4.42,512.5,3.23,42.1,,,,2026-08-18T04:37:19.669492
UBER,"Uber Technologies, Inc.",60.0,⭐ AVERAGE,🟡 Average,USD,USD,False,True,True,1.0,"FCF declarado (7,244,749,824) se aparta del derivado de flujo operativo menos capex (10,088,000,512)",70.0,60.0,36.0,65.0,70.0,15.0,14.7,False,up,-63.9,True,2,5.4,True,1,"{'eps_growth_yoy': -63.9, 'positive_quarters': 4, 'earnings_accelerating': True, 'eps_accel_quarters': 2, 'profit_margin_pct': 17.3}","{'revenue_growth_yoy': 5.4, 'revenue_accelerating': True, 'rev_accel_quarters': 1}","{'rs_3m': nan, 'rs_6m': nan, 'rs_line_percentile': 14.7, 'rs_line_at_new_high': False, 'rs_line_trend': 'up', 'rs_line_score': 15}","{'roe_pct': 37.2, 'debt_to_equity': 0.52, 'current_ratio': 0.84, 'operating_margin_pct': 13.3}","{'days_to_earnings': 'N/A', 'recommendation': 'buy', 'analyst_upside_pct': 35.4}",74.99,153171574784,Technology,Software - Application,2.4,2.9,False,101.99,-26.5,0,False,101.5,150.0,70.0,47.0,buy,35.4,150.42,100.6,135.0,80.0,4.73,3.55,,,,,True,-4.51,15.5,85.5,77.0,2026-11-03,False,False,6,NEUTRAL,3.81,133.2,0.2,46.3,,,,2026-08-18T04:44:19.812065
TNE.AX,Technology One Limited,59.8,⭐ AVERAGE,🟡 Average,AUD,AUD,False,True,True,1.0,,60.0,50.0,50.0,95.0,50.0,,,,,,,0,,,0,{'profit_margin_pct': 22.4},{},"{'rs_3m': nan, 'rs_6m': nan}","{'roe_pct': 33.5, 'debt_to_equity': 0.12, 'current_ratio': 1.12, 'operating_margin_pct': 27.1}","{'days_to_earnings': 'N/A', 'recommendation': 'none', 'analyst_upside_pct': -5.6}",32.995,10801524736,Technology,Software - Application,,,False,40.77,-19.1,5,False,31.16,34.25,22.0,16.0,none,-5.6,7.85,-76.2,4.3,-87.0,1.41,0.46,0.84,62.2,0.28,0.98,,,,3.1,91.0,2026-11-17,False,False,3,NEUTRAL,1.73,162.9,8.64,38.9,,,,2026-08-18T04:41:55.454620
MTD,"Mettler-Toledo International, I",59.8,⭐ AVERAGE,🟡 Average,USD,USD,False,True,True,1.0,,85.0,40.0,54.0,50.0,60.0,60.0,51.2,False,up,7.1,True,1,-0.2,True,1,"{'eps_growth_yoy': 7.1, 'positive_quarters': 4, 'earnings_accelerating': True, 'eps_accel_quarters': 1, 'profit_margin_pct': 21.9}","{'revenue_growth_yoy': -0.2, 'revenue_accelerating': True, 'rev_accel_quarters': 1}","{'rs_3m': nan, 'rs_6m': nan, 'rs_line_percentile': 51.2, 'rs_line_at_new_high': False, 'rs_line_trend': 'up', 'rs_line_score': 60}","{'debt_to_equity': 166.68, 'current_ratio': 1.12, 'operating_margin_pct': 31.2}","{'days_to_earnings': 'N/A', 'recommendation': 'buy', 'analyst_upside_pct': 3.6}",1417.42,28400222208,Healthcare,Diagnostics & Research,4.5,4.5,False,1525.17,-7.1,0,False,1468.91,1600.0,1200.0,11.0,buy,3.6,949.22,-33.0,811.97,-42.7,2.44,34.62,,,,,True,-2.73,16.8,12.8,79.0,2026-11-05,False,False,6,NEUTRAL,3.67,110.6,1.5,30.1,,,,2026-08-18T04:39:40.961687
ORLY,"O'Reilly Automotive, Inc.",59.7,⭐ AVERAGE,🟡 Average,USD,USD,False,True,True,1.0,"FCF declarado (1,570,733,824) se aparta del derivado de flujo operativo menos capex (2,120,623,976)",70.0,70.0,36.0,50.0,65.0,15.0,13.6,False,flat,-1.5,True,2,4.0,True,2,"{'eps_growth_yoy': -1.5, 'positive_quarters': 4, 'earnings_accelerating': True, 'eps_accel_quarters': 2, 'profit_margin_pct': 14.3}","{'revenue_growth_yoy': 4.0, 'revenue_accelerating': True, 'rev_accel_quarters': 2}","{'rs_3m': nan, 'rs_6m': nan, 'rs_line_percentile': 13.6, 'rs_line_at_new_high': False, 'rs_line_trend': 'flat', 'rs_line_score': 15}","{'current_ratio': 0.75, 'operating_margin_pct': 20.2}","{'days_to_earnings': 'N/A', 'recommendation': 'buy', 'analyst_upside_pct': 19.9}",90.23,72992530432,Consumer Cyclical,Auto Parts,3.1,2.8,False,108.72,-17.0,0,False,108.17,120.0,89.0,24.0,buy,19.9,38.75,-57.1,32.14,-64.4,2.15,1.94,,,,,True,-4.59,14.4,10.3,71.0,2026-10-28,False,False,7,NEUTRAL,4.22,40.2,2.4,30.0,,,,2026-08-18T04:39:57.278203
ITW,Illinois Tool Works Inc.,59.5,⭐ AVERAGE,🟡 Average,USD,USD,False,True,True,1.0,,70.0,60.0,44.0,65.0,50.0,35.0,45.5,False,up,-0.7,True,2,6.0,True,1,"{'eps_growth_yoy': -0.7, 'positive_quarters': 4, 'earnings_accelerating': True, 'eps_accel_quarters': 2, 'profit_margin_pct': 19.4}","{'revenue_growth_yoy': 6.0, 'revenue_accelerating': True, 'rev_accel_quarters': 1}","{'rs_3m': nan, 'rs_6m': nan, 'rs_line_percentile': 45.5, 'rs_line_at_new_high': False, 'rs_line_trend': 'up', 'rs_line_score': 35}","{'roe_pct': 104.6, 'debt_to_equity': 3.35, 'current_ratio': 1.11, 'operating_margin_pct': 26.9}","{'days_to_earnings': 'N/A', 'recommendation': 'hold', 'analyst_upside_pct': 5.1}",287.28,81817346048,Industrials,Specialty Industrial Machinery,3.1,5.7,False,303.16,-5.2,0,False,301.86,350.0,249.0,14.0,hold,5.1,169.1,-41.1,110.29,-61.6,2.97,8.54,2.37,58.3,6.88,2.26,True,-2.29,14.6,4.0,66.0,2026-10-23,False,False,5,NEUTRAL,4.7,118.3,2.29,28.8,,,,2026-08-18T04:40:38.859681
AUTO.L,Autotrader Group plc,59.0,⭐ AVERAGE,🟡 Average,GBp,GBP,True,True,False,100.0,"acciones × precio no cuadra con la capitalización (ratio 100.0000): el dato por acción y el precio no están en la misma unidad — típico de ADR. Los ratios por acción (EPS, FCF/acción, DCF) no son utilizables",60.0,50.0,50.0,90.0,50.0,,,,,,,0,,,0,{'profit_margin_pct': 47.1},{},"{'rs_3m': nan, 'rs_6m': nan}","{'roe_pct': 60.2, 'debt_to_equity': 0.52, 'current_ratio': 1.73, 'operating_margin_pct': 62.2}","{'days_to_earnings': 'N/A', 'recommendation': 'hold', 'analyst_upside_pct': 6.9}",525.8,4091770368,Communication Services,Internet Content & Information,,,False,831.2,-36.7,0,False,562.06,800.0,410.0,18.0,hold,6.9,,,,,5.96,0.31,2.15,32.0,12.0,1.35,,,,2.0,79.0,2026-11-05,False,False,5,NEUTRAL,8.83,332.4,2.36,29.8,,,,2026-08-18T04:42:43.874125
FDS,FactSet Research Systems Inc.,58.8,⭐ AVERAGE,🟡 Average,USD,USD,False,True,True,1.0,,65.0,60.0,44.0,70.0,50.0,35.0,29.2,False,up,-17.5,True,1,4.4,True,1,"{'eps_growth_yoy': -17.5, 'positive_quarters': 4, 'earnings_accelerating': True, 'eps_accel_quarters': 1, 'profit_margin_pct': 23.2}","{'revenue_growth_yoy': 4.4, 'revenue_accelerating': True, 'rev_accel_quarters': 1}","{'rs_3m': nan, 'rs_6m': nan, 'rs_line_percentile': 29.2, 'rs_line_at_new_high': False, 'rs_line_trend': 'up', 'rs_line_score': 35}","{'roe_pct': 27.0, 'debt_to_equity': 0.77, 'current_ratio': 0.68, 'operating_margin_pct': 30.5}","{'days_to_earnings': 'N/A', 'recommendation': 'hold', 'analyst_upside_pct': -7.8}",276.76,9843120128,Financial Services,Financial Data & Stock Exchanges,12.8,3.9,True,387.75,-28.6,0,False,255.06,340.0,210.0,16.0,hold,-7.8,256.99,-7.1,148.1,-46.5,6.31,17.47,1.64,29.4,4.64,1.0,True,-6.22,14.1,-3.8,30.0,2026-09-17,False,False,6,NEUTRAL,7.0,187.1,,51.8,,,,2026-08-18T04:41:24.821211
SBGSY,Schneider Electric S.E.,58.6,⭐ AVERAGE,🟡 Average,USD,EUR,True,True,True,1.0,,55.0,50.0,62.0,75.0,60.0,80.0,84.3,False,up,,,0,,,0,{'profit_margin_pct': 11.3},{},"{'rs_3m': nan, 'rs_6m': nan, 'rs_line_percentile': 84.3, 'rs_line_at_new_high': False, 'rs_line_trend': 'up', 'rs_line_score': 80}","{'roe_pct': 18.6, 'debt_to_equity': 0.84, 'current_ratio': 1.09, 'operating_margin_pct': 18.2}","{'days_to_earnings': 'N/A', 'recommendation': 'strong_buy', 'analyst_upside_pct': 9.1}",71.34,200508178432,Industrials,Specialty Industrial Machinery,,,False,71.98,-0.9,1,False,77.8,79.0,76.0,3.0,strong_buy,9.1,91.54,28.3,57.72,-19.1,3.1,2.21,1.39,49.7,0.98,1.79,,,,29.3,191.0,2027-02-25,False,False,6,NEUTRAL,3.09,74.6,0.85,47.7,,,,2026-08-18T04:41:13.426735
HESAY,Hermès International Société en commandite par actions,58.5,⭐ AVERAGE,🟡 Average,USD,EUR,True,True,True,1.0,,60.0,50.0,36.0,95.0,65.0,15.0,1.7,False,down,,,0,,,0,{'profit_margin_pct': 28.0},{},"{'rs_3m': nan, 'rs_6m': nan, 'rs_line_percentile': 1.7, 'rs_line_at_new_high': False, 'rs_line_trend': 'down', 'rs_line_score': 15}","{'roe_pct': 25.5, 'debt_to_equity': 0.12, 'current_ratio': 4.54, 'operating_margin_pct': 42.2}","{'days_to_earnings': 'N/A', 'recommendation': 'strong_buy', 'analyst_upside_pct': 29.0}",178.6,187068661760,Consumer Cyclical,Luxury Goods,,,False,265.89,-32.8,0,False,230.33,246.0,215.0,3.0,strong_buy,29.0,79.92,-55.3,49.6,-72.2,3.04,5.43,1.15,41.8,2.11,0.61,,,,-0.3,177.0,2027-02-11,False,False,8,STRONG,3.86,37.5,,52.2,,,,2026-08-18T04:37:15.732621
PAYX,"Paychex, Inc.",58.5,⭐ AVERAGE,🟡 Average,USD,USD,False,True,True,1.0,"FCF declarado (2,321,800,000) se aparta del derivado de flujo operativo menos capex (944,300,000)",75.0,50.0,44.0,65.0,50.0,35.0,42.1,False,up,9.6,False,0,4.3,False,0,"{'eps_growth_yoy': 9.6, 'positive_quarters': 4, 'earnings_accelerating': False, 'eps_accel_quarters': 0, 'profit_margin_pct': 26.6}","{'revenue_growth_yoy': 4.3, 'revenue_accelerating': False, 'rev_accel_quarters': 0}","{'rs_3m': nan, 'rs_6m': nan, 'rs_line_percentile': 42.1, 'rs_line_at_new_high': False, 'rs_line_trend': 'up', 'rs_line_score': 35}","{'debt_to_equity': 1.24, 'current_ratio': 1.15, 'operating_margin_pct': 38.3}","{'days_to_earnings': 'N/A', 'recommendation': 'hold', 'analyst_upside_pct': -6.4}",118.54,42162647040,Technology,Software - Application,6.3,6.1,False,141.19,-16.0,0,False,111.0,150.0,95.0,14.0,hold,-6.4,276.83,133.5,142.5,20.2,5.51,6.53,3.9,90.6,4.76,2.83,True,-1.45,9.6,17.4,42.0,2026-09-29,False,False,7,NEUTRAL,5.65,106.4,0.43,35.3,,,,2026-08-18T04:37:54.777163
SPGI,S&P Global Inc.,58.5,⭐ AVERAGE,🟡 Average,USD,USD,False,True,True,1.0,,75.0,50.0,36.0,65.0,65.0,15.0,9.5,False,up,3.5,False,0,6.6,False,0,"{'eps_growth_yoy': 3.5, 'positive_quarters': 4, 'earnings_accelerating': False, 'eps_accel_quarters': 0, 'profit_margin_pct': 30.5}","{'revenue_growth_yoy': 6.6, 'revenue_accelerating': False, 'rev_accel_quarters': 0}","{'rs_3m': nan, 'rs_6m': nan, 'rs_line_percentile': 9.5, 'rs_line_at_new_high': False, 'rs_line_trend': 'up', 'rs_line_score': 15}","{'roe_pct': 14.3, 'debt_to_equity': 0.43, 'current_ratio': 0.95, 'operating_margin_pct': 44.8}","{'days_to_earnings': 'N/A', 'recommendation': 'strong_buy', 'analyst_upside_pct': 25.9}",410.53,121024241664,Financial Services,Financial Data & Stock Exchanges,3.0,4.0,False,529.4229,-22.5,0,False,516.95,553.0,444.0,20.0,strong_buy,25.9,495.13,20.6,284.79,-30.6,4.5,18.48,0.93,23.5,3.88,0.82,True,-4.3,22.7,17.7,72.0,2026-10-29,False,False,7,NEUTRAL,4.73,942.7,1.15,27.5,,,,2026-08-18T04:36:43.776586
TW,Tradeweb Markets Inc.,58.5,⭐ AVERAGE,🟡 Average,USD,USD,False,True,False,0.5279,"acciones × precio no cuadra con la capitalización (ratio 0.5279): el dato por acción y el precio no están en la misma unidad — típico de ADR. Los ratios por acción (EPS, FCF/acción, DCF) no son utilizables",65.0,50.0,36.0,85.0,65.0,15.0,15.5,False,up,-2.3,True,1,9.9,False,0,"{'eps_growth_yoy': -2.3, 'positive_quarters': 4, 'earnings_accelerating': True, 'eps_accel_quarters': 1, 'profit_margin_pct': 40.7}","{'revenue_growth_yoy': 9.9, 'revenue_accelerating': False, 'rev_accel_quarters': 0}","{'rs_3m': nan, 'rs_6m': nan, 'rs_line_percentile': 15.5, 'rs_line_at_new_high': False, 'rs_line_trend': 'up', 'rs_line_score': 15}","{'roe_pct': 14.5, 'debt_to_equity': 0.02, 'current_ratio': 6.79, 'operating_margin_pct': 43.8}","{'days_to_earnings': 'N/A', 'recommendation': 'buy', 'analyst_upside_pct': 17.8}",105.17,22719690752,Financial Services,Capital Markets,3.4,2.1,False,131.04,-19.7,0,False,123.86,178.0,98.0,14.0,buy,17.8,,,,,4.69,9.34,0.53,12.4,0.56,0.4,True,-1.51,633.6,13.8,72.0,2026-10-29,False,False,8,STRONG,5.61,57.1,1.16,42.8,,,,2026-08-18T04:38:15.245279
ECL,Ecolab Inc.,58.0,⭐ AVERAGE,🟡 Average,USD,USD,False,True,True,1.0,"FCF declarado (1,474,824,960) se aparta del derivado de flujo operativo menos capex (2,008,500,000)",60.0,60.0,36.0,75.0,65.0,15.0,21.4,False,up,-8.6,True,1,6.0,True,1,"{'eps_growth_yoy': -8.6, 'positive_quarters': 4, 'earnings_accelerating': True, 'eps_accel_quarters': 1, 'profit_margin_pct': 12.6}","{'revenue_growth_yoy': 6.0, 'revenue_accelerating': True, 'rev_accel_quarters': 1}","{'rs_3m': nan, 'rs_6m': nan, 'rs_line_percentile': 21.4, 'rs_line_at_new_high': False, 'rs_line_trend': 'up', 'rs_line_score': 15}","{'roe_pct': 22.0, 'debt_to_equity': 1.38, 'current_ratio': 1.84, 'operating_margin_pct': 18.5}","{'days_to_earnings': 'N/A', 'recommendation': 'buy', 'analyst_upside_pct': 17.7}",275.84,77325844480,Basic Materials,Specialty Chemicals,1.3,2.5,False,309.27,-10.8,0,False,324.67,360.0,295.0,21.0,buy,17.7,78.41,-71.6,74.5,-73.0,1.91,5.26,1.06,38.1,2.92,1.06,True,-1.62,9.1,3.3,70.0,2026-10-27,False,False,6,NEUTRAL,3.31,52.2,8.86,24.3,,,,2026-08-18T04:39:00.007173
MSI,"Motorola Solutions, Inc.",57.5,⭐ AVERAGE,🟡 Average,USD,USD,False,True,True,1.0,"FCF declarado (1,979,000,064) se aparta del derivado de flujo operativo menos capex (2,709,000,128)",60.0,60.0,44.0,65.0,60.0,35.0,35.4,False,up,-0.9,True,1,4.1,True,1,"{'eps_growth_yoy': -0.9, 'positive_quarters': 4, 'earnings_accelerating': True, 'eps_accel_quarters': 1, 'profit_margin_pct': 17.4}","{'revenue_growth_yoy': 4.1, 'revenue_accelerating': True, 'rev_accel_quarters': 1}","{'rs_3m': nan, 'rs_6m': nan, 'rs_line_percentile': 35.4, 'rs_line_at_new_high': False, 'rs_line_trend': 'up', 'rs_line_score': 35}","{'roe_pct': 91.6, 'debt_to_equity': 3.58, 'current_ratio': 1.1, 'operating_margin_pct': 27.4}","{'days_to_earnings': 'N/A', 'recommendation': 'buy', 'analyst_upside_pct': 14.4}",457.08,75643904000,Technology,Communication Equipment,2.7,4.4,False,493.57,-7.4,0,False,522.73,550.0,476.0,11.0,buy,14.4,230.97,-49.5,124.3,-72.8,2.62,11.96,1.04,37.2,4.84,1.11,True,-1.36,7.3,9.5,79.0,2026-11-05,False,False,6,NEUTRAL,3.75,161.2,2.52,36.2,,,,2026-08-18T04:36:39.736779
LSEG.L,London Stock Exchange Group plc,56.5,⭐ AVERAGE,🟡 Average,GBp,GBP,True,True,False,100.0,"acciones × precio no cuadra con la capitalización (ratio 100.0000): el dato por acción y el precio no están en la misma unidad — típico de ADR. Los ratios por acción (EPS, FCF/acción, DCF) no son utilizables",55.0,50.0,50.0,70.0,70.0,,,,,,,0,,,0,{'profit_margin_pct': 14.6},{},"{'rs_3m': nan, 'rs_6m': nan}","{'roe_pct': 7.7, 'debt_to_equity': 0.64, 'current_ratio': 1.0, 'operating_margin_pct': 29.0}","{'days_to_earnings': 'N/A', 'recommendation': 'strong_buy', 'analyst_upside_pct': 40.5}",8478.0,41103282176,Financial Services,Financial Data & Stock Exchanges,,,False,10140.0,-16.4,0,False,11910.67,13630.0,10400.0,15.0,strong_buy,40.5,,,,,4.18,3.55,1.85,53.9,158.0,1.28,,,,33.7,191.0,2027-02-25,False,False,7,NEUTRAL,4.26,305.7,0.46,33.6,,,,2026-08-18T04:39:20.834159
MKC,"McCormick & Company, Incorporated",56.2,⭐ AVERAGE,🟡 Average,USD,USD,False,True,False,0.945,"acciones × precio no cuadra con la capitalización (ratio 0.9450): el dato por acción y el precio no están en la misma unidad — típico de ADR. Los ratios por acción (EPS, FCF/acción, DCF) no son utilizables | FCF declarado (714,025,024) se aparta del derivado de flujo operativo menos capex (1,009,700",55.0,70.0,36.0,60.0,60.0,15.0,20.4,False,up,-33.4,False,0,12.3,True,1,"{'eps_growth_yoy': -33.4, 'positive_quarters': 4, 'earnings_accelerating': False, 'eps_accel_quarters': 0, 'profit_margin_pct': 21.9}","{'revenue_growth_yoy': 12.3, 'revenue_accelerating': True, 'rev_accel_quarters': 1}","{'rs_3m': nan, 'rs_6m': nan, 'rs_line_percentile': 20.4, 'rs_line_at_new_high': False, 'rs_line_trend': 'up', 'rs_line_score': 15}","{'roe_pct': 24.7, 'debt_to_equity': 0.65, 'current_ratio': 0.78, 'operating_margin_pct': 17.4}","{'days_to_earnings': 'N/A', 'recommendation': 'buy', 'analyst_upside_pct': 12.4}",53.94,14501852160,Consumer Defensive,Packaged Foods,,0.0,False,72.58,-25.7,0,False,60.62,75.0,52.0,13.0,buy,12.4,,,,,4.92,2.81,3.51,30.9,1.92,2.11,True,-0.19,5.5,-9.9,49.0,2026-10-06,False,False,6,NEUTRAL,5.64,66.6,,21.3,,,,2026-08-18T04:42:32.241309
MSCI,MSCI Inc.,56.2,⭐ AVERAGE,🟡 Average,USD,USD,False,True,True,1.0,,75.0,50.0,36.0,50.0,65.0,15.0,4.3,False,down,5.1,False,0,9.3,False,0,"{'eps_growth_yoy': 5.1, 'positive_quarters': 4, 'earnings_accelerating': False, 'eps_accel_quarters': 0, 'profit_margin_pct': 40.7}","{'revenue_growth_yoy': 9.3, 'revenue_accelerating': False, 'rev_accel_quarters': 0}","{'rs_3m': nan, 'rs_6m': nan, 'rs_line_percentile': 4.3, 'rs_line_at_new_high': False, 'rs_line_trend': 'down', 'rs_line_score': 15}","{'current_ratio': 0.89, 'operating_margin_pct': 56.3}","{'days_to_earnings': 'N/A', 'recommendation': 'strong_buy', 'analyst_upside_pct': 25.7}",550.68,40034435072,Financial Services,Financial Data & Stock Exchanges,2.0,1.6,False,644.77,-14.6,0,False,692.06,760.0,570.0,17.0,strong_buy,25.7,473.77,-14.0,346.53,-37.1,2.98,16.43,1.44,42.1,8.2,1.01,True,-6.78,7.2,19.6,63.0,2026-10-20,False,False,8,STRONG,3.69,851.3,1.25,41.3,,,,2026-08-18T04:37:43.348748
NOW,"ServiceNow, Inc.",56.2,⭐ AVERAGE,🟡 Average,USD,USD,False,True,True,1.0,,50.0,80.0,36.0,50.0,65.0,15.0,24.1,False,flat,-40.6,False,0,17.0,True,2,"{'eps_growth_yoy': -40.6, 'positive_quarters': 4, 'earnings_accelerating': False, 'eps_accel_quarters': 0, 'profit_margin_pct': 11.3}","{'revenue_growth_yoy': 17.0, 'revenue_accelerating': True, 'rev_accel_quarters': 2}","{'rs_3m': nan, 'rs_6m': nan, 'rs_line_percentile': 24.1, 'rs_line_at_new_high': False, 'rs_line_trend': 'flat', 'rs_line_score': 15}","{'roe_pct': 14.2, 'debt_to_equity': 0.68, 'current_ratio': 0.7, 'operating_margin_pct': 4.1}","{'days_to_earnings': 'N/A', 'recommendation': 'strong_buy', 'analyst_upside_pct': 19.4}",117.7,121685557248,Technology,Software - Application,3.6,1.5,False,194.726,-39.6,0,False,140.58,248.0,72.0,46.0,strong_buy,19.4,73.29,-37.7,15.2,-87.1,4.23,4.98,,,,,True,-2.8,29.3,-21.9,71.0,2026-10-28,False,False,4,NEUTRAL,1.82,73.1,,61.1,,,,2026-08-18T04:40:10.328596
DPZ,Domino's Pizza Inc,56.0,⭐ AVERAGE,🟡 Average,USD,USD,False,True,True,1.0,,60.0,60.0,36.0,65.0,60.0,15.0,17.8,False,up,-2.6,True,1,4.1,True,1,"{'eps_growth_yoy': -2.6, 'positive_quarters': 4, 'earnings_accelerating': True, 'eps_accel_quarters': 1, 'profit_margin_pct': 11.9}","{'revenue_growth_yoy': 4.1, 'revenue_accelerating': True, 'rev_accel_quarters': 1}","{'rs_3m': nan, 'rs_6m': nan, 'rs_line_percentile': 17.8, 'rs_line_at_new_high': False, 'rs_line_trend': 'up', 'rs_line_score': 15}","{'current_ratio': 1.54, 'operating_margin_pct': 19.1}","{'days_to_earnings': 'N/A', 'recommendation': 'buy', 'analyst_upside_pct': 13.4}",335.42,11096275968,Consumer Cyclical,Restaurants,10.9,3.2,True,469.0,-28.5,0,False,380.29,450.0,270.0,28.0,buy,13.4,277.55,-17.3,170.7,-49.1,4.79,16.07,2.3,42.3,7.96,1.25,True,-3.51,4.9,4.8,56.0,2026-10-13,False,False,8,STRONG,6.02,107.8,2.36,37.5,,,,2026-08-18T04:43:56.299958
EXPN.L,Experian plc,55.8,⭐ AVERAGE,🟡 Average,GBp,USD,True,True,False,100.0,"acciones × precio no cuadra con la capitalización (ratio 100.0000): el dato por acción y el precio no están en la misma unidad — típico de ADR. Los ratios por acción (EPS, FCF/acción, DCF) no son utilizables | FCF declarado (673,240,603) se aparta del derivado de flujo operativo menos capex (928,195",55.0,50.0,50.0,65.0,70.0,,,,,,,0,,,0,{'profit_margin_pct': 17.8},{},"{'rs_3m': nan, 'rs_6m': nan}","{'roe_pct': 28.3, 'debt_to_equity': 1.0, 'current_ratio': 0.85, 'operating_margin_pct': 25.0}","{'days_to_earnings': 'N/A', 'recommendation': 'strong_buy', 'analyst_upside_pct': 31.8}",2799.0,24739590144,Industrials,Consulting Services,,,False,3987.0,-29.8,0,False,3688.34,4669.16,2341.79,18.0,strong_buy,31.8,,,,,2.72,0.76,1.79,39.8,52.0,1.4,,,,23.1,92.0,2026-11-18,False,False,9,STRONG,7.15,646.3,0.72,37.6,,,,2026-08-18T04:40:26.578473
AWK,"American Water Works Company, I",55.5,⭐ AVERAGE,🟡 Average,USD,USD,False,True,True,1.0,"FCF declarado (-1,785,374,976) se aparta del derivado de flujo operativo menos capex (-966,999,872)",75.0,50.0,36.0,55.0,50.0,15.0,24.5,False,up,-16.9,True,2,-6.6,True,2,"{'eps_growth_yoy': -16.9, 'positive_quarters': 4, 'earnings_accelerating': True, 'eps_accel_quarters': 2, 'profit_margin_pct': 21.3}","{'revenue_growth_yoy': -6.6, 'revenue_accelerating': True, 'rev_accel_quarters': 2}","{'rs_3m': nan, 'rs_6m': nan, 'rs_line_percentile': 24.5, 'rs_line_at_new_high': False, 'rs_line_trend': 'up', 'rs_line_score': 15}","{'roe_pct': 10.1, 'debt_to_equity': 1.38, 'current_ratio': 0.52, 'operating_margin_pct': 40.7}","{'days_to_earnings': 'N/A', 'recommendation': 'hold', 'analyst_upside_pct': 4.5}",134.35,26699241472,Utilities,Utilities - Regulated Water,7.8,5.2,False,147.87,-9.1,0,False,140.36,155.0,128.0,11.0,hold,4.5,,,57.0,-57.6,-6.69,-8.98,2.63,58.5,3.58,2.02,False,,3.2,3.4,71.0,2026-10-28,False,False,8,STRONG,4.79,6.6,2.38,25.5,,,,2026-08-18T04:41:59.642758
ADP,"Automatic Data Processing, Inc.",55.5,⭐ AVERAGE,🟡 Average,USD,USD,False,True,True,1.0,,55.0,50.0,44.0,85.0,50.0,35.0,38.4,False,up,-3.4,False,0,5.8,False,0,"{'eps_growth_yoy': -3.4, 'positive_quarters': 4, 'earnings_accelerating': False, 'eps_accel_quarters': 0, 'profit_margin_pct': 20.1}","{'revenue_growth_yoy': 5.8, 'revenue_accelerating': False, 'rev_accel_quarters': 0}","{'rs_3m': nan, 'rs_6m': nan, 'rs_line_percentile': 38.4, 'rs_line_at_new_high': False, 'rs_line_trend': 'up', 'rs_line_score': 35}","{'roe_pct': 72.2, 'debt_to_equity': 0.91, 'current_ratio': 1.05, 'operating_margin_pct': 23.5}","{'days_to_earnings': 'N/A', 'recommendation': 'hold', 'analyst_upside_pct': 7.8}",266.06,105695723520,Technology,Software - Application,3.7,5.3,False,310.08,-14.2,0,False,286.93,322.0,225.0,15.0,hold,7.8,258.07,-3.0,106.7,-59.9,4.96,13.2,2.49,60.7,6.8,2.04,True,-1.97,13.5,3.9,71.0,2026-10-28,False,False,6,NEUTRAL,5.79,173.6,2.03,31.0,,,,2026-08-18T04:36:32.272620
DHR,Danaher Corporation,55.3,⭐ AVERAGE,🟡 Average,USD,USD,False,True,True,1.0,,50.0,60.0,44.0,70.0,60.0,35.0,31.0,False,up,-4.2,False,0,3.5,True,1,"{'eps_growth_yoy': -4.2, 'positive_quarters': 4, 'earnings_accelerating': False, 'eps_accel_quarters': 0, 'profit_margin_pct': 15.9}","{'revenue_growth_yoy': 3.5, 'revenue_accelerating': True, 'rev_accel_quarters': 1}","{'rs_3m': nan, 'rs_6m': nan, 'rs_line_percentile': 31.0, 'rs_line_at_new_high': False, 'rs_line_trend': 'up', 'rs_line_score': 35}","{'roe_pct': 7.6, 'debt_to_equity': 0.53, 'current_ratio': 1.65, 'operating_margin_pct': 19.8}","{'days_to_earnings': 'N/A', 'recommendation': 'strong_buy', 'analyst_upside_pct': 12.5}",202.63,142446067712,Healthcare,Diagnostics & Research,1.9,1.9,False,242.8,-16.5,0,False,227.96,310.0,195.0,23.0,strong_buy,12.5,260.92,28.8,168.3,-16.9,3.04,6.15,0.79,25.7,1.6,0.44,True,-2.04,17.3,59.7,63.0,2026-10-20,False,False,5,NEUTRAL,2.71,39.2,0.37,51.7,,,,2026-08-18T04:40:18.527792
LIN,Linde plc,55.0,⭐ AVERAGE,🟡 Average,USD,USD,False,True,True,1.0,,55.0,60.0,36.0,65.0,65.0,15.0,23.4,False,down,-0.1,False,0,7.8,True,1,"{'eps_growth_yoy': -0.1, 'positive_quarters': 4, 'earnings_accelerating': False, 'eps_accel_quarters': 0, 'profit_margin_pct': 20.4}","{'revenue_growth_yoy': 7.8, 'revenue_accelerating': True, 'rev_accel_quarters': 1}","{'rs_3m': nan, 'rs_6m': nan, 'rs_line_percentile': 23.4, 'rs_line_at_new_high': False, 'rs_line_trend': 'down', 'rs_line_score': 15}","{'roe_pct': 18.4, 'debt_to_equity': 0.69, 'current_ratio': 0.88, 'operating_margin_pct': 28.1}","{'days_to_earnings': 'N/A', 'recommendation': 'buy', 'analyst_upside_pct': 15.4}",474.33,218656718848,Basic Materials,Specialty Chemicals,1.2,2.6,False,548.2,-13.5,0,False,547.24,612.0,400.0,25.0,buy,15.4,187.6,-60.4,172.1,-63.7,1.9,9.03,1.33,40.0,6.4,1.3,True,-1.86,21.3,11.3,73.0,2026-10-30,False,False,5,NEUTRAL,3.85,31.9,2.14,25.4,,,,2026-08-18T04:36:24.247718
ITRK.L,Intertek Group plc,54.8,⭐ AVERAGE,🟡 Average,GBp,GBP,True,True,False,100.0,"acciones × precio no cuadra con la capitalización (ratio 100.0000): el dato por acción y el precio no están en la misma unidad — típico de ADR. Los ratios por acción (EPS, FCF/acción, DCF) no son utilizables",50.0,50.0,50.0,75.0,60.0,,,,,,,0,,,0,{'profit_margin_pct': 9.1},{},"{'rs_3m': nan, 'rs_6m': nan}","{'roe_pct': 29.9, 'debt_to_equity': 1.73, 'current_ratio': 1.1, 'operating_margin_pct': 16.6}","{'days_to_earnings': 'N/A', 'recommendation': 'buy', 'analyst_upside_pct': 0.7}",5855.0,8987202560,Industrials,Specialty Business Services,,,False,5855.0,0.0,0,False,5897.25,6000.0,5450.0,12.0,buy,0.7,,,,,5.09,2.98,2.83,80.5,165.0,2.66,,,,-7.8,196.0,2027-03-02,False,False,4,NEUTRAL,5.17,63.8,,1.2,,,,2026-08-18T04:42:48.176172
SXYAY,Sika AG,54.8,⭐ AVERAGE,🟡 Average,USD,CHF,True,True,True,1.0,"FCF declarado (1,261,749,997) se aparta del derivado de flujo operativo menos capex (1,692,482,136)",50.0,50.0,54.0,70.0,60.0,60.0,51.0,False,up,,,0,,,0,{'profit_margin_pct': 9.4},{},"{'rs_3m': nan, 'rs_6m': nan, 'rs_line_percentile': 51.0, 'rs_line_at_new_high': False, 'rs_line_trend': 'up', 'rs_line_score': 60}","{'roe_pct': 16.0, 'debt_to_equity': 0.89, 'current_ratio': 1.3, 'operating_margin_pct': 14.3}","{'days_to_earnings': 'N/A', 'recommendation': 'buy', 'analyst_upside_pct': 6.1}",23.23,37270036480,Basic Materials,Specialty Chemicals,,,False,24.21,-4.0,0,False,24.65,26.3,23.0,2.0,buy,6.1,11.57,-50.2,7.9,-66.0,3.39,0.79,1.97,57.0,0.46,1.36,,,,-0.3,,,False,False,7,NEUTRAL,3.55,45.5,,44.3,,,,2026-08-18T04:40:34.682788
AI.PA,L'Air Liquide S.A.,54.5,⭐ AVERAGE,🟡 Average,EUR,EUR,False,True,True,1.0,"FCF declarado (264,437,504) se aparta del derivado de flujo operativo menos capex (1,652,500,160)",55.0,50.0,50.0,60.0,65.0,,,,,,,0,,,0,{'profit_margin_pct': 13.1},{},"{'rs_3m': nan, 'rs_6m': nan}","{'roe_pct': 14.0, 'debt_to_equity': 0.63, 'current_ratio': 0.88, 'operating_margin_pct': 20.1}","{'days_to_earnings': 'N/A', 'recommendation': 'strong_buy', 'analyst_upside_pct': 17.8}",166.82,106175930368,Basic Materials,Specialty Chemicals,,,False,182.26,-8.5,0,False,196.47,216.0,160.0,20.0,strong_buy,17.8,6.11,-96.3,55.5,-66.7,0.25,0.42,2.0,60.5,3.36,1.83,,,,0.7,184.0,2027-02-18,False,False,7,NEUTRAL,4.07,18.8,33.04,12.1,,,,2026-08-18T04:37:03.437521
AZO,"AutoZone, Inc.",54.5,⭐ AVERAGE,🟡 Average,USD,USD,False,True,True,,"FCF declarado (903,784,256) se aparta del derivado de flujo operativo menos capex (1,745,085,016)",70.0,50.0,36.0,45.0,70.0,15.0,0.2,False,down,-23.4,True,2,-22.5,True,2,"{'eps_growth_yoy': -23.4, 'positive_quarters': 4, 'earnings_accelerating': True, 'eps_accel_quarters': 2, 'profit_margin_pct': 12.4}","{'revenue_growth_yoy': -22.5, 'revenue_accelerating': True, 'rev_accel_quarters': 2}","{'rs_3m': nan, 'rs_6m': nan, 'rs_line_percentile': 0.2, 'rs_line_at_new_high': False, 'rs_line_trend': 'down', 'rs_line_score': 15}","{'current_ratio': 0.89, 'operating_margin_pct': 19.1}","{'days_to_earnings': 'N/A', 'recommendation': 'strong_buy', 'analyst_upside_pct': 30.8}",3019.3,0,Consumer Cyclical,Auto Parts,3.0,2.0,False,4388.11,-31.2,0,False,3950.52,4800.0,3200.0,23.0,strong_buy,30.8,,,1452.3,-51.9,,,,,,,False,,7.5,7.7,35.0,2026-09-22,False,False,6,NEUTRAL,5.83,35.3,2.24,30.2,,,,2026-08-18T04:39:25.121497
NDSN,Nordson Corporation,53.5,⭐ AVERAGE,🟡 Average,USD,USD,False,True,True,1.0,,50.0,40.0,54.0,85.0,50.0,60.0,62.4,False,up,-6.7,False,0,-0.1,True,1,"{'eps_growth_yoy': -6.7, 'positive_quarters': 4, 'earnings_accelerating': False, 'eps_accel_quarters': 0, 'profit_margin_pct': 18.2}","{'revenue_growth_yoy': -0.1, 'revenue_accelerating': True, 'rev_accel_quarters': 1}","{'rs_3m': nan, 'rs_6m': nan, 'rs_line_percentile': 62.4, 'rs_line_at_new_high': False, 'rs_line_trend': 'up', 'rs_line_score': 60}","{'roe_pct': 17.1, 'debt_to_equity': 0.62, 'current_ratio': 2.6, 'operating_margin_pct': 23.5}","{'days_to_earnings': 'N/A', 'recommendation': 'none', 'analyst_upside_pct': 2.3}",309.83,17263091712,Industrials,Specialty Industrial Machinery,3.4,4.8,False,315.68,-1.9,0,False,316.86,345.0,260.0,7.0,none,2.3,173.01,-44.2,93.9,-69.7,3.33,10.31,1.06,34.6,3.28,1.08,True,-1.68,7.7,3.0,1.0,2026-08-19,True,False,7,NEUTRAL,3.67,65.0,4.05,21.2,,,,2026-08-18T04:41:51.498811
GVDNY,Givaudan SA,53.3,⭐ AVERAGE,🟡 Average,USD,CHF,True,True,True,1.0,"FCF declarado (746,119,268) se aparta del derivado de flujo operativo menos capex (1,478,910,271)",55.0,50.0,44.0,70.0,50.0,35.0,28.0,False,up,,,0,,,0,{'profit_margin_pct': 12.9},{},"{'rs_3m': nan, 'rs_6m': nan, 'rs_line_percentile': 28.0, 'rs_line_at_new_high': False, 'rs_line_trend': 'up', 'rs_line_score': 35}","{'roe_pct': 22.3, 'debt_to_equity': 1.11, 'current_ratio': 1.29, 'operating_margin_pct': 18.8}","{'days_to_earnings': 'N/A', 'recommendation': 'none', 'analyst_upside_pct': 9.8}",78.51,36237537280,Basic Materials,Specialty Chemicals,,,False,90.69,-13.4,0,False,86.19,98.65,73.74,2.0,none,9.8,23.79,-69.7,25.3,-67.8,2.06,1.62,2.27,71.1,1.82,1.88,,,,-10.0,162.0,2027-01-27,False,False,7,NEUTRAL,3.47,34.8,,31.0,,,,2026-08-18T04:38:06.956050
CHTR,"Charter Communications, Inc.",53.2,⭐ AVERAGE,🟡 Average,USD,USD,False,True,False,0.885,"acciones × precio no cuadra con la capitalización (ratio 0.8850): el dato por acción y el precio no están en la misma unidad — típico de ADR. Los ratios por acción (EPS, FCF/acción, DCF) no son utilizables | FCF declarado (2,198,374,912) se aparta del derivado de flujo operativo menos capex (4,810,9",85.0,30.0,36.0,50.0,55.0,15.0,11.9,False,up,13.6,True,1,-1.1,False,0,"{'eps_growth_yoy': 13.6, 'positive_quarters': 4, 'earnings_accelerating': True, 'eps_accel_quarters': 1, 'profit_margin_pct': 9.1}","{'revenue_growth_yoy': -1.1, 'revenue_accelerating': False, 'rev_accel_quarters': 0}","{'rs_3m': nan, 'rs_6m': nan, 'rs_line_percentile': 11.9, 'rs_line_at_new_high': False, 'rs_line_trend': 'up', 'rs_line_score': 15}","{'roe_pct': 27.2, 'debt_to_equity': 4.42, 'current_ratio': 0.36, 'operating_margin_pct': 23.5}","{'days_to_earnings': 'N/A', 'recommendation': 'hold', 'analyst_upside_pct': 28.0}",144.1,19421435904,Communication Services,Telecom Services,50.4,7.2,True,285.82,-49.6,0,False,184.41,380.0,101.0,17.0,hold,28.0,,,,,11.32,18.43,,,,,True,-24.49,2.5,6.4,73.0,2026-10-30,False,False,7,NEUTRAL,10.56,26.9,0.2,52.4,,,,2026-08-18T04:43:35.937733
LRLCY,L'Oréal S.A.,53.2,⭐ AVERAGE,🟡 Average,USD,EUR,True,True,True,1.0,,55.0,50.0,36.0,70.0,65.0,15.0,3.4,False,flat,,,0,,,0,{'profit_margin_pct': 13.9},{},"{'rs_3m': nan, 'rs_6m': nan, 'rs_line_percentile': 3.4, 'rs_line_at_new_high': False, 'rs_line_trend': 'flat', 'rs_line_score': 15}","{'roe_pct': 19.4, 'debt_to_equity': 0.49, 'current_ratio': 0.97, 'operating_margin_pct': 21.3}","{'days_to_earnings': 'N/A', 'recommendation': 'strong_buy', 'analyst_upside_pct': 16.6}",85.51,227734437888,Consumer Defensive,Household & Personal Products,,,False,95.48,-10.4,0,False,99.73,102.2,97.0,3.0,strong_buy,16.6,45.3,-47.0,26.5,-69.0,3.25,2.78,1.92,61.1,1.68,1.55,,,,5.4,175.0,2027-02-09,False,False,6,NEUTRAL,3.69,69.9,4.5,21.8,,,,2026-08-18T04:39:04.143178
NVR,"NVR, Inc.",53.0,⭐ AVERAGE,🟡 Average,USD,USD,False,True,True,1.0,,60.0,40.0,36.0,85.0,50.0,15.0,10.0,False,flat,-31.0,True,1,-10.9,True,1,"{'eps_growth_yoy': -31.0, 'positive_quarters': 4, 'earnings_accelerating': True, 'eps_accel_quarters': 1, 'profit_margin_pct': 11.8}","{'revenue_growth_yoy': -10.9, 'revenue_accelerating': True, 'rev_accel_quarters': 1}","{'rs_3m': nan, 'rs_6m': nan, 'rs_line_percentile': 10.0, 'rs_line_at_new_high': False, 'rs_line_trend': 'flat', 'rs_line_score': 15}","{'roe_pct': 31.5, 'debt_to_equity': 0.32, 'current_ratio': 5.67, 'operating_margin_pct': 13.9}","{'days_to_earnings': 'N/A', 'recommendation': 'none', 'analyst_upside_pct': 7.7}",6298.83,16869230592,Consumer Cyclical,Residential Construction,6.5,3.8,False,8618.28,-26.9,0,False,6782.0,7446.0,5664.0,5.0,none,7.7,5045.39,-19.9,3842.3,-39.0,5.44,342.89,,,,,True,-10.58,52.9,-11.3,64.0,2026-10-21,False,False,5,NEUTRAL,10.67,41.3,,35.0,,,,2026-08-18T04:43:39.668955
ABT,Abbott Laboratories,52.8,⭐ AVERAGE,🟡 Average,USD,USD,False,True,True,1.0,,50.0,50.0,44.0,70.0,60.0,35.0,34.2,False,up,-39.5,False,0,0.2,False,0,"{'eps_growth_yoy': -39.5, 'positive_quarters': 4, 'earnings_accelerating': False, 'eps_accel_quarters': 0, 'profit_margin_pct': 11.6}","{'revenue_growth_yoy': 0.2, 'revenue_accelerating': False, 'rev_accel_quarters': 0}","{'rs_3m': nan, 'rs_6m': nan, 'rs_line_percentile': 34.2, 'rs_line_at_new_high': False, 'rs_line_trend': 'up', 'rs_line_score': 35}","{'roe_pct': 10.6, 'debt_to_equity': 0.63, 'current_ratio': 1.38, 'operating_margin_pct': 14.7}","{'days_to_earnings': 'N/A', 'recommendation': 'buy', 'analyst_upside_pct': 8.2}",110.37,190982422528,Healthcare,Medical Devices,1.5,1.8,False,137.49,-19.7,0,False,119.4,135.0,103.0,25.0,buy,8.2,61.3,-44.5,30.7,-72.2,3.77,4.17,2.27,79.0,2.52,1.82,True,-0.42,15.4,-47.5,57.0,2026-10-14,False,False,6,NEUTRAL,4.1,42.0,,20.1,,,,2026-08-18T04:41:01.098338
ERIE,Erie Indemnity Company,52.5,⭐ AVERAGE,🟡 Average,USD,USD,False,True,False,0.8833,"acciones × precio no cuadra con la capitalización (ratio 0.8833): el dato por acción y el precio no están en la misma unidad — típico de ADR. Los ratios por acción (EPS, FCF/acción, DCF) no son utilizables",50.0,50.0,36.0,85.0,50.0,15.0,19.6,False,up,-1.4,False,0,0.8,False,0,"{'eps_growth_yoy': -1.4, 'positive_quarters': 4, 'earnings_accelerating': False, 'eps_accel_quarters': 0, 'profit_margin_pct': 14.0}","{'revenue_growth_yoy': 0.8, 'revenue_accelerating': False, 'rev_accel_quarters': 0}","{'rs_3m': nan, 'rs_6m': nan, 'rs_line_percentile': 19.6, 'rs_line_at_new_high': False, 'rs_line_trend': 'up', 'rs_line_score': 15}","{'roe_pct': 24.8, 'debt_to_equity': 0.03, 'current_ratio': 1.25, 'operating_margin_pct': 19.1}","{'days_to_earnings': 'N/A', 'recommendation': 'none'}",247.75,12954814464,Financial Services,Insurance Brokers,11.4,9.5,True,368.8,-32.8,0,False,,,,,none,,,,,,3.71,10.42,2.29,64.6,5.85,1.8,False,,,1.6,72.0,2026-10-29,False,False,4,NEUTRAL,,,5.53,45.1,,,,2026-08-18T04:38:51.904604
WTKWY,Wolters Kluwer N.V.,52.2,⭐ AVERAGE,🟡 Average,USD,EUR,True,True,True,1.0,,60.0,50.0,36.0,50.0,70.0,15.0,14.7,False,up,,,0,,,0,{'profit_margin_pct': 21.9},{},"{'rs_3m': nan, 'rs_6m': nan, 'rs_line_percentile': 14.7, 'rs_line_at_new_high': False, 'rs_line_trend': 'up', 'rs_line_score': 15}","{'roe_pct': 146.1, 'debt_to_equity': 5.9, 'current_ratio': 0.69, 'operating_margin_pct': 26.9}","{'days_to_earnings': 'N/A', 'recommendation': 'strong_buy', 'analyst_upside_pct': 37.1}",79.21,17645701120,Industrials,Specialty Business Services,,,False,138.76,-42.9,0,False,108.6,108.6,108.6,1.0,strong_buy,37.1,122.19,54.3,67.5,-14.8,8.19,6.48,3.72,43.1,3.01,1.85,,,,4.5,,,False,False,7,NEUTRAL,8.13,668.9,1.24,51.9,,,,2026-08-18T04:36:03.148825
RELX,RELX PLC,52.2,⭐ AVERAGE,🟡 Average,USD,GBP,True,True,True,1.0,,60.0,50.0,36.0,50.0,70.0,15.0,14.3,False,down,,,0,,,0,{'profit_margin_pct': 23.3},{},"{'rs_3m': nan, 'rs_6m': nan, 'rs_line_percentile': 14.3, 'rs_line_at_new_high': False, 'rs_line_trend': 'down', 'rs_line_score': 15}","{'roe_pct': 131.9, 'debt_to_equity': 7.1, 'current_ratio': 0.45, 'operating_margin_pct': 32.0}","{'days_to_earnings': 'N/A', 'recommendation': 'strong_buy', 'analyst_upside_pct': 58.1}",33.56,58482135040,Industrials,Specialty Business Services,0.2,1.3,False,48.98,-31.5,0,False,53.05,57.0,49.1,2.0,strong_buy,58.1,59.7,77.9,39.85,18.7,5.17,1.73,2.65,53.4,0.91,2.01,,,,12.2,177.0,2027-02-11,False,False,7,NEUTRAL,1.24,1901.3,0.64,41.6,,,,2026-08-18T04:35:59.501694
TJX,"The TJX Companies, Inc.",52.0,⭐ AVERAGE,🟡 Average,USD,USD,False,True,True,1.0,,65.0,30.0,36.0,75.0,65.0,15.0,0.0,False,down,7.2,False,0,-0.5,False,0,"{'eps_growth_yoy': 7.2, 'positive_quarters': 4, 'earnings_accelerating': False, 'eps_accel_quarters': 0, 'profit_margin_pct': 9.4}","{'revenue_growth_yoy': -0.5, 'revenue_accelerating': False, 'rev_accel_quarters': 0}","{'rs_3m': nan, 'rs_6m': nan, 'rs_line_percentile': 0.0, 'rs_line_at_new_high': False, 'rs_line_trend': 'down', 'rs_line_score': 15}","{'roe_pct': 61.3, 'debt_to_equity': 1.36, 'current_ratio': 1.14, 'operating_margin_pct': 11.8}","{'days_to_earnings': 'N/A', 'recommendation': 'strong_buy', 'analyst_upside_pct': 17.6}",150.85,166644662272,Consumer Cyclical,Apparel Retail,1.8,3.9,False,170.0,-11.3,0,False,177.4,197.0,125.0,20.0,strong_buy,17.6,161.5,7.1,150.6,-0.2,2.59,3.91,1.26,33.1,1.92,1.34,True,-1.51,104.7,29.3,1.0,2026-08-19,True,False,7,NEUTRAL,4.21,36.2,0.89,22.5,,,,2026-08-18T04:42:15.498349
COST,Costco Wholesale Corporation,51.5,⭐ AVERAGE,🟡 Average,USD,USD,False,True,True,1.0,"FCF declarado (6,954,375,168) se aparta del derivado de flujo operativo menos capex (9,502,000,512)",65.0,30.0,36.0,75.0,60.0,15.0,7.2,False,down,-16.0,True,2,-18.1,False,0,"{'eps_growth_yoy': -16.0, 'positive_quarters': 4, 'earnings_accelerating': True, 'eps_accel_quarters': 2, 'profit_margin_pct': 3.0}","{'revenue_growth_yoy': -18.1, 'revenue_accelerating': False, 'rev_accel_quarters': 0}","{'rs_3m': nan, 'rs_6m': nan, 'rs_line_percentile': 7.2, 'rs_line_at_new_high': False, 'rs_line_trend': 'down', 'rs_line_score': 15}","{'roe_pct': 29.2, 'debt_to_equity': 0.6, 'current_ratio': 1.07, 'operating_margin_pct': 3.7}","{'days_to_earnings': 'N/A', 'recommendation': 'buy', 'analyst_upside_pct': 13.0}",953.5,422857048064,Consumer Defensive,Discount Stores,1.7,3.3,False,1096.5,-13.0,0,False,1077.31,1315.0,740.0,35.0,buy,13.0,665.02,-30.3,592.2,-37.9,1.64,15.68,0.61,27.0,5.88,0.59,True,-0.21,81.5,31.8,37.0,2026-09-24,False,False,7,NEUTRAL,2.61,30.6,0.92,14.5,,,,2026-08-18T04:36:47.665872
WMT,Walmart Inc.,51.0,⭐ AVERAGE,🟡 Average,USD,USD,False,True,True,1.0,"FCF declarado (6,862,249,984) se aparta del derivado de flujo operativo menos capex (14,249,998,208)",55.0,50.0,36.0,55.0,65.0,15.0,7.4,False,down,-24.1,True,1,0.2,False,0,"{'eps_growth_yoy': -24.1, 'positive_quarters': 4, 'earnings_accelerating': True, 'eps_accel_quarters': 1, 'profit_margin_pct': 3.1}","{'revenue_growth_yoy': 0.2, 'revenue_accelerating': False, 'rev_accel_quarters': 0}","{'rs_3m': nan, 'rs_6m': nan, 'rs_line_percentile': 7.4, 'rs_line_at_new_high': False, 'rs_line_trend': 'down', 'rs_line_score': 15}","{'roe_pct': 24.1, 'debt_to_equity': 0.75, 'current_ratio': 0.77, 'operating_margin_pct': 4.2}","{'days_to_earnings': 'N/A', 'recommendation': 'buy', 'analyst_upside_pct': 20.7}",114.33,909847166976,Consumer Defensive,Discount Stores,1.6,3.2,False,135.16,-15.4,0,False,137.97,155.0,81.0,40.0,buy,20.7,24.67,-78.4,54.51,-52.3,0.75,0.86,0.86,33.5,0.99,1.26,True,-0.62,11.7,19.4,2.0,2026-08-20,True,False,7,NEUTRAL,3.29,20.6,1.8,19.7,,,,2026-08-18T04:38:39.851881
HRI,Herc Holdings Inc.,50.5,⭐ AVERAGE,🟡 Average,USD,USD,False,True,True,1.0,"FCF declarado (502,875,008) se aparta del derivado de flujo operativo menos capex (10,000,000)",48.0,50.0,54.0,45.0,60.0,60.0,69.7,False,up,-36.7,True,1,-7.7,True,2,"{'eps_growth_yoy': -36.7, 'positive_quarters': 3, 'earnings_accelerating': True, 'eps_accel_quarters': 1, 'profit_margin_pct': 1.0}","{'revenue_growth_yoy': -7.7, 'revenue_accelerating': True, 'rev_accel_quarters': 2}","{'rs_3m': nan, 'rs_6m': nan, 'rs_line_percentile': 69.7, 'rs_line_at_new_high': False, 'rs_line_trend': 'up', 'rs_line_score': 60}","{'roe_pct': 2.6, 'debt_to_equity': 5.06, 'current_ratio': 1.1, 'operating_margin_pct': 12.2}","{'days_to_earnings': 'N/A', 'recommendation': 'buy', 'analyst_upside_pct': 5.8}",173.12,5787651584,Industrials,Rental & Leasing Services,8.1,3.6,True,188.35,-8.1,0,False,183.08,240.0,115.0,12.0,buy,5.8,443.73,156.3,34.34,-80.2,8.69,15.04,1.61,164.7,2.8,,False,,1.1,,70.0,2026-10-27,False,False,3,NEUTRAL,2.73,4.9,0.48,64.5,,,,2026-08-18T04:44:48.105520
BN,Brookfield Corporation,49.5,⚠️ WEAK,🔴 Weak,USD,USD,False,True,True,1.0,"FCF declarado (-1,981,124,992) se aparta del derivado de flujo operativo menos capex (-5,409,000,448)",45.0,50.0,36.0,65.0,65.0,15.0,3.8,False,down,-62.5,False,0,2.7,False,0,"{'eps_growth_yoy': -62.5, 'positive_quarters': 4, 'earnings_accelerating': False, 'eps_accel_quarters': 0, 'profit_margin_pct': 1.8}","{'revenue_growth_yoy': 2.7, 'revenue_accelerating': False, 'rev_accel_quarters': 0}","{'rs_3m': nan, 'rs_6m': nan, 'rs_line_percentile': 3.8, 'rs_line_at_new_high': False, 'rs_line_trend': 'down', 'rs_line_score': 15}","{'roe_pct': 2.3, 'debt_to_equity': 1.61, 'current_ratio': 1.01, 'operating_margin_pct': 25.7}","{'days_to_earnings': 'N/A', 'recommendation': 'buy', 'analyst_upside_pct': 27.7}",42.75,95433023488,Financial Services,Asset Management,,5.3,False,49.57,-13.8,0,False,54.6,61.0,31.0,10.0,buy,27.7,,,15.9,-62.8,-2.08,-0.89,0.64,48.2,0.28,0.87,True,-1.11,1.3,40.3,86.0,2026-11-12,False,False,6,NEUTRAL,4.53,12.9,0.18,24.3,,,,2026-08-18T04:44:12.355526
LEN,Lennar Corporation,49.2,⚠️ WEAK,🔴 Weak,USD,USD,False,True,False,0.8738,"acciones × precio no cuadra con la capitalización (ratio 0.8738): el dato por acción y el precio no están en la misma unidad — típico de ADR. Los ratios por acción (EPS, FCF/acción, DCF) no son utilizables | FCF declarado (1,077,926,016) se aparta del derivado de flujo operativo menos capex (694,361",55.0,40.0,36.0,70.0,50.0,15.0,2.3,False,down,-48.4,True,1,-9.9,True,1,"{'eps_growth_yoy': -48.4, 'positive_quarters': 4, 'earnings_accelerating': True, 'eps_accel_quarters': 1, 'profit_margin_pct': 4.9}","{'revenue_growth_yoy': -9.9, 'revenue_accelerating': True, 'rev_accel_quarters': 1}","{'rs_3m': nan, 'rs_6m': nan, 'rs_line_percentile': 2.3, 'rs_line_at_new_high': False, 'rs_line_trend': 'down', 'rs_line_score': 15}","{'roe_pct': 7.4, 'debt_to_equity': 0.29, 'current_ratio': 8.51, 'operating_margin_pct': 5.3}","{'days_to_earnings': 'N/A', 'recommendation': 'hold', 'analyst_upside_pct': -0.4}",86.54,20847065088,Consumer Cyclical,Residential Construction,0.3,0.2,False,144.24,-40.0,0,False,86.23,120.0,67.0,13.0,hold,-0.4,,,,,5.17,5.12,2.3,31.4,2.0,1.48,True,-5.99,,-12.6,30.0,2026-09-17,False,False,4,NEUTRAL,10.84,11.2,,37.6,,,,2026-08-18T04:44:08.117980
ESLOY,EssilorLuxottica Société anonyme,49.0,⚠️ WEAK,🔴 Weak,USD,EUR,True,True,True,1.0,,50.0,50.0,36.0,55.0,60.0,15.0,0.0,False,down,,,0,,,0,{'profit_margin_pct': 8.5},{},"{'rs_3m': nan, 'rs_6m': nan, 'rs_line_percentile': 0.0, 'rs_line_at_new_high': False, 'rs_line_trend': 'down', 'rs_line_score': 15}","{'roe_pct': 6.7, 'debt_to_equity': 0.38, 'current_ratio': 0.89, 'operating_margin_pct': 15.4}","{'days_to_earnings': 'N/A', 'recommendation': 'none', 'analyst_upside_pct': 55.1}",92.52,85042823168,Healthcare,Medical Instruments & Supplies,,,False,186.81,-50.5,0,False,143.5,148.0,139.0,2.0,none,55.1,89.55,-3.2,37.27,-59.7,4.47,4.14,2.46,74.3,2.32,1.55,,,,6.2,,,False,False,4,NEUTRAL,3.54,34.6,1.69,32.2,,,,2026-08-18T04:42:11.433489
CLPBY,Coloplast A/S,48.8,⚠️ WEAK,🔴 Weak,USD,DKK,True,True,False,0.9201,"acciones × precio no cuadra con la capitalización (ratio 0.9201): el dato por acción y el precio no están en la misma unidad — típico de ADR. Los ratios por acción (EPS, FCF/acción, DCF) no son utilizables | FCF declarado (650,687,342) se aparta del derivado de flujo operativo menos capex (-170,285,",38.0,50.0,36.0,75.0,65.0,15.0,12.4,False,up,-206.5,False,0,2.2,False,0,"{'eps_growth_yoy': -206.5, 'positive_quarters': 3, 'earnings_accelerating': False, 'eps_accel_quarters': 0, 'profit_margin_pct': 7.5}","{'revenue_growth_yoy': 2.2, 'revenue_accelerating': False, 'rev_accel_quarters': 0}","{'rs_3m': nan, 'rs_6m': nan, 'rs_line_percentile': 12.4, 'rs_line_at_new_high': False, 'rs_line_trend': 'up', 'rs_line_score': 15}","{'roe_pct': 14.1, 'debt_to_equity': 1.89, 'current_ratio': 1.75, 'operating_margin_pct': 25.7}","{'days_to_earnings': 'N/A', 'recommendation': 'buy', 'analyst_upside_pct': 25.7}",6.58,14829133824,Healthcare,Medical Instruments & Supplies,,,False,10.03,-34.4,0,False,8.27,12.2,6.5,4.0,buy,25.7,,,,,4.39,0.31,5.39,244.9,0.36,2.72,False,,3.9,,,,False,False,7,NEUTRAL,18.93,105.6,0.43,37.8,,,,2026-08-18T04:38:55.985448
PG,Procter & Gamble Company (The),48.7,⚠️ WEAK,🔴 Weak,USD,USD,False,True,True,1.0,,50.0,40.0,36.0,70.0,60.0,15.0,3.5,False,flat,-35.9,False,0,-5.3,True,1,"{'eps_growth_yoy': -35.9, 'positive_quarters': 4, 'earnings_accelerating': False, 'eps_accel_quarters': 0, 'profit_margin_pct': 18.4}","{'revenue_growth_yoy': -5.3, 'revenue_accelerating': True, 'rev_accel_quarters': 1}","{'rs_3m': nan, 'rs_6m': nan, 'rs_line_percentile': 3.5, 'rs_line_at_new_high': False, 'rs_line_trend': 'flat', 'rs_line_score': 15}","{'roe_pct': 30.3, 'debt_to_equity': 0.64, 'current_ratio': 0.68, 'operating_margin_pct': 22.1}","{'days_to_earnings': 'N/A', 'recommendation': 'buy', 'analyst_upside_pct': 12.2}",143.12,332672860160,Consumer Defensive,Household & Personal Products,1.2,3.1,False,167.25,-14.4,0,False,160.57,186.0,143.0,23.0,buy,12.2,84.07,-41.3,65.5,-54.2,3.99,5.71,3.01,64.3,4.35,2.49,True,-1.51,24.3,-10.8,65.0,2026-10-22,False,False,6,NEUTRAL,5.92,83.8,,15.0,,,,2026-08-18T04:37:59.062742
KHC,The Kraft Heinz Company,48.5,⚠️ WEAK,🔴 Weak,USD,USD,False,True,True,1.0,,38.0,60.0,44.0,55.0,50.0,35.0,29.2,False,up,-987.8,False,0,0.4,True,1,"{'eps_growth_yoy': -987.8, 'positive_quarters': 3, 'earnings_accelerating': False, 'eps_accel_quarters': 0, 'profit_margin_pct': -13.6}","{'revenue_growth_yoy': 0.4, 'revenue_accelerating': True, 'rev_accel_quarters': 1}","{'rs_3m': nan, 'rs_6m': nan, 'rs_line_percentile': 29.2, 'rs_line_at_new_high': False, 'rs_line_trend': 'up', 'rs_line_score': 35}","{'roe_pct': -8.8, 'debt_to_equity': 0.53, 'current_ratio': 1.06, 'operating_margin_pct': 15.5}","{'days_to_earnings': 'N/A', 'recommendation': 'hold', 'analyst_upside_pct': 1.1}",24.75,29349138432,Consumer Defensive,Packaged Foods,10.0,6.5,True,28.1,-11.9,0,False,25.03,40.0,19.0,17.0,hold,1.1,40.33,62.9,,,11.08,2.74,6.27,73.1,1.6,4.9,True,-0.1,6.1,,71.0,2026-10-28,False,False,5,NEUTRAL,-9.82,-51.9,6.11,35.3,,,,2026-08-18T04:43:20.949343
CL,Colgate-Palmolive Company,48.5,⚠️ WEAK,🔴 Weak,USD,USD,False,True,True,1.0,,38.0,50.0,44.0,65.0,60.0,35.0,28.0,False,up,-5.7,False,0,4.5,False,0,"{'eps_growth_yoy': -5.7, 'positive_quarters': 3, 'earnings_accelerating': False, 'eps_accel_quarters': 0, 'profit_margin_pct': 9.7}","{'revenue_growth_yoy': 4.5, 'revenue_accelerating': False, 'rev_accel_quarters': 0}","{'rs_3m': nan, 'rs_6m': nan, 'rs_line_percentile': 28.0, 'rs_line_at_new_high': False, 'rs_line_trend': 'up', 'rs_line_score': 35}","{'roe_pct': 267.4, 'debt_to_equity': 13.88, 'current_ratio': 1.03, 'operating_margin_pct': 21.0}","{'days_to_earnings': 'N/A', 'recommendation': 'buy', 'analyst_upside_pct': 9.7}",90.21,71912955904,Consumer Defensive,Household & Personal Products,2.5,4.0,False,99.33,-9.2,0,False,98.95,110.0,87.0,20.0,buy,9.7,63.83,-29.2,24.9,-72.4,4.81,4.34,2.31,82.3,2.12,2.32,True,-1.8,12.5,-3.8,73.0,2026-10-30,False,False,5,NEUTRAL,4.23,71.4,,18.4,,,,2026-08-18T04:41:40.149265
TEVA,Teva Pharmaceutical Industries Limited,43.5,⚠️ WEAK,🔴 Weak,USD,USD,False,True,True,1.0,"FCF declarado (2,219,875,072) se aparta del derivado de flujo operativo menos capex (1,397,000,000)",38.0,40.0,62.0,25.0,60.0,80.0,78.1,False,up,-233.0,False,0,-7.5,True,1,"{'eps_growth_yoy': -233.0, 'positive_quarters': 3, 'earnings_accelerating': False, 'eps_accel_quarters': 0, 'profit_margin_pct': 4.1}","{'revenue_growth_yoy': -7.5, 'revenue_accelerating': True, 'rev_accel_quarters': 1}","{'rs_3m': nan, 'rs_6m': nan, 'rs_line_percentile': 78.1, 'rs_line_at_new_high': False, 'rs_line_trend': 'up', 'rs_line_score': 80}","{'roe_pct': 9.7, 'debt_to_equity': 2.18, 'current_ratio': 0.88, 'operating_margin_pct': 4.0}","{'days_to_earnings': 'N/A', 'recommendation': 'strong_buy', 'analyst_upside_pct': 13.5}",36.46,42486693888,Healthcare,Drug Manufacturers - Specialty & Generic,3.0,6.2,False,37.39,-2.5,1,False,41.4,50.0,33.0,10.0,strong_buy,13.5,28.03,-23.1,5.9,-83.8,5.22,1.9,,,,2.95,False,,1.8,,78.0,2026-11-04,False,False,8,STRONG,3.84,43.5,0.27,39.5,,,,2026-08-18T04:44:28.046898
GPK,Graphic Packaging Holding Company,42.3,⚠️ WEAK,🔴 Weak,USD,USD,False,True,True,1.0,"FCF declarado (237,875,008) se aparta del derivado de flujo operativo menos capex (-129,000,000)",48.0,30.0,36.0,55.0,50.0,15.0,8.0,False,flat,-83.1,True,1,-0.1,False,0,"{'eps_growth_yoy': -83.1, 'positive_quarters': 3, 'earnings_accelerating': True, 'eps_accel_quarters': 1, 'profit_margin_pct': 2.2}","{'revenue_growth_yoy': -0.1, 'revenue_accelerating': False, 'rev_accel_quarters': 0}","{'rs_3m': nan, 'rs_6m': nan, 'rs_line_percentile': 8.0, 'rs_line_at_new_high': False, 'rs_line_trend': 'flat', 'rs_line_score': 15}","{'roe_pct': 6.0, 'debt_to_equity': 1.76, 'current_ratio': 1.38, 'operating_margin_pct': 4.5}","{'days_to_earnings': 'N/A', 'recommendation': 'hold', 'analyst_upside_pct': 14.4}",11.0,3256787456,Consumer Cyclical,Packaging & Containers,8.3,4.6,True,23.47,-53.1,0,False,12.58,18.0,10.0,11.0,hold,14.4,11.82,7.5,6.3,-42.7,7.3,0.8,3.86,67.7,0.44,1.79,True,-2.27,2.0,-30.6,83.0,2026-11-09,False,False,5,NEUTRAL,9.16,12.6,,42.8,,,,2026-08-18T04:44:39.929304
KD,"Kyndryl Holdings, Inc.",34.8,⚠️ WEAK,🔴 Weak,USD,USD,False,True,True,1.0,"FCF declarado (2,652,624,896) se aparta del derivado de flujo operativo menos capex (154,000,000)",38.0,30.0,36.0,25.0,50.0,15.0,7.2,False,up,-180.9,False,0,-2.8,False,0,"{'eps_growth_yoy': -180.9, 'positive_quarters': 3, 'earnings_accelerating': False, 'eps_accel_quarters': 0, 'profit_margin_pct': 0.6}","{'revenue_growth_yoy': -2.8, 'revenue_accelerating': False, 'rev_accel_quarters': 0}","{'rs_3m': nan, 'rs_6m': nan, 'rs_line_percentile': 7.2, 'rs_line_at_new_high': False, 'rs_line_trend': 'up', 'rs_line_score': 15}","{'roe_pct': 6.9, 'debt_to_equity': 4.22, 'current_ratio': 0.85, 'operating_margin_pct': 2.9}","{'days_to_earnings': 'N/A', 'recommendation': 'hold', 'analyst_upside_pct': 11.6}",12.72,2770648320,Technology,Information Technology Services,13.7,7.2,True,33.9,-62.5,0,False,14.2,16.0,13.0,5.0,hold,11.6,179.19,1308.7,3.6,-71.7,95.74,12.18,,,,,True,-12.49,3.4,,77.0,2026-11-03,False,False,6,NEUTRAL,8.83,14.9,0.15,59.1,,,,2026-08-18T04:45:00.031010
