ticker,company_name,fundamental_score,tier,quality,price_currency,financial_currency,fx_applied,fx_reliable,per_share_reliable,shares_price_ratio,coherence_issues,earnings_quality_score,growth_acceleration_score,relative_strength_score,financial_health_score,catalyst_timing_score,rs_line_score,rs_line_percentile,rs_line_at_new_high,rs_line_trend,eps_growth_yoy,eps_accelerating,eps_accel_quarters,rev_growth_yoy,rev_accelerating,rev_accel_quarters,earnings_details,growth_details,rs_details,health_details,catalyst_details,current_price,market_cap,sector,industry,short_percent_float,short_ratio,short_squeeze_potential,fifty_two_week_high,proximity_to_52w_high,trend_template_score,trend_template_pass,target_price_analyst,target_price_analyst_high,target_price_analyst_low,analyst_count,analyst_recommendation,analyst_upside_pct,target_price_dcf,target_price_dcf_upside_pct,target_price_pe,target_price_pe_upside_pct,fcf_yield_pct,fcf_per_share,dividend_yield_pct,payout_ratio_pct,dividend_rate,five_yr_avg_dividend_yield_pct,buyback_active,shares_change_pct,interest_coverage,analyst_revision_momentum,days_to_earnings,earnings_date,earnings_warning,earnings_catalyst,piotroski_score,piotroski_label,ebit_ev_yield,roic_greenblatt,peg_ratio,hv_30d,atm_iv,iv_ratio,iv_premium_pts,analyzed_at
VEEV,Veeva Systems Inc.,83.8,🏆 ELITE,🟢 Elite,USD,USD,False,True,True,1.0,,100.0,80.0,75.0,85.0,60.0,60.0,60.3,False,up,30.3,True,1,11.9,True,2,"{'eps_growth_yoy': 30.3, 'positive_quarters': 4, 'earnings_accelerating': True, 'eps_accel_quarters': 1, 'profit_margin_pct': 29.3}","{'revenue_growth_yoy': 11.9, 'revenue_accelerating': True, 'rev_accel_quarters': 2}","{'rs_3m': 45.0, 'rs_6m': 39.8, 'rs_line_percentile': 60.3, 'rs_line_at_new_high': False, 'rs_line_trend': 'up', 'rs_line_score': 60}","{'roe_pct': 14.4, 'debt_to_equity': 0.02, 'current_ratio': 5.46, 'operating_margin_pct': 29.6}","{'days_to_earnings': 'N/A', 'recommendation': 'buy', 'analyst_upside_pct': 6.3}",276.69,44798558208,Healthcare,Health Information Services,3.9,3.5,False,310.5,-10.9,5,False,294.07,350.0,180.0,27.0,buy,6.3,329.43,19.1,182.7,-34.0,2.81,7.77,,,,,True,-0.51,,27.6,86.0,2026-11-25,False,False,7,NEUTRAL,2.43,14.1,0.68,60.9,1.6,0.03,-59.3,2026-08-31T10:40:53.910792
CVX,Chevron Corporation,83.1,🏆 ELITE,🟢 Elite,USD,USD,False,True,True,1.0,,100.0,100.0,46.7,85.0,60.0,35.0,43.3,False,up,241.1,True,2,39.5,True,2,"{'eps_growth_yoy': 241.1, 'positive_quarters': 4, 'earnings_accelerating': True, 'eps_accel_quarters': 2, 'profit_margin_pct': 9.8}","{'revenue_growth_yoy': 39.5, 'revenue_accelerating': True, 'rev_accel_quarters': 2}","{'rs_3m': 7.9, 'rs_6m': -4.3, 'rs_line_percentile': 43.3, 'rs_line_at_new_high': False, 'rs_line_trend': 'up', 'rs_line_score': 35}","{'roe_pct': 12.2, 'debt_to_equity': 0.19, 'current_ratio': 1.25, 'operating_margin_pct': 21.9}","{'days_to_earnings': 'N/A', 'recommendation': 'buy', 'analyst_upside_pct': 8.1}",201.86,395969232896,Energy,Oil & Gas Integrated,0.8,2.0,False,214.71,-6.0,7,True,218.29,241.0,175.0,24.0,buy,8.1,474.19,134.9,312.0,54.6,5.54,11.18,3.56,67.2,7.12,3.99,True,-2.81,22.5,321.9,60.0,2026-10-30,False,False,5,NEUTRAL,4.87,9.3,0.05,25.2,0.4,0.02,-24.8,2026-08-31T10:45:36.194015
MSFT,Microsoft Corporation,81.5,🏆 ELITE,🟢 Elite,USD,USD,False,True,True,1.0,"FCF declarado (16,545,500,160) se aparta del derivado de flujo operativo menos capex (66,986,994,944)",100.0,70.0,68.7,95.0,60.0,60.0,60.3,False,up,28.9,True,1,15.9,True,1,"{'eps_growth_yoy': 28.9, 'positive_quarters': 4, 'earnings_accelerating': True, 'eps_accel_quarters': 1, 'profit_margin_pct': 40.3}","{'revenue_growth_yoy': 15.9, 'revenue_accelerating': True, 'rev_accel_quarters': 1}","{'rs_3m': 10.0, 'rs_6m': 16.7, 'rs_line_percentile': 60.3, 'rs_line_at_new_high': False, 'rs_line_trend': 'up', 'rs_line_score': 60}","{'roe_pct': 34.0, 'debt_to_equity': 0.29, 'current_ratio': 1.23, 'operating_margin_pct': 45.1}","{'days_to_earnings': 'N/A', 'recommendation': 'strong_buy', 'analyst_upside_pct': 10.9}",513.53,3813240733696,Technology,Software - Infrastructure,0.9,1.9,False,553.72,-7.3,5,False,569.45,870.0,400.0,52.0,strong_buy,10.9,94.49,-81.6,539.1,5.0,0.43,2.23,0.71,19.8,3.64,0.79,True,-0.58,55.4,31.7,58.0,2026-10-28,False,False,6,NEUTRAL,4.37,44.9,0.69,27.4,0.4,0.01,-27.0,2026-08-31T10:39:37.465624
INTU,Intuit Inc.,79.0,⭐⭐⭐ EXCELLENT,🟢 Excellent,USD,USD,False,True,True,1.0,"FCF declarado (6,438,624,768) se aparta del derivado de flujo operativo menos capex (8,713,999,616)",100.0,100.0,24.0,85.0,65.0,15.0,17.1,False,up,704.2,True,2,123.4,True,2,"{'eps_growth_yoy': 704.2, 'positive_quarters': 4, 'earnings_accelerating': True, 'eps_accel_quarters': 2, 'profit_margin_pct': 21.3}","{'revenue_growth_yoy': 123.4, 'revenue_accelerating': True, 'rev_accel_quarters': 2}","{'rs_3m': -0.0, 'rs_6m': -26.6, 'rs_line_percentile': 17.1, 'rs_line_at_new_high': False, 'rs_line_trend': 'up', 'rs_line_score': 15}","{'roe_pct': 23.6, 'debt_to_equity': 0.44, 'current_ratio': 1.51, 'operating_margin_pct': 17.6}","{'days_to_earnings': 'N/A', 'recommendation': 'buy', 'analyst_upside_pct': 18.3}",358.06,97942650880,Technology,Software - Application,3.8,2.4,False,705.08,-49.2,2,False,423.46,921.0,290.0,32.0,buy,18.3,346.35,-3.3,164.7,-54.0,6.57,23.54,1.54,29.2,5.52,0.67,True,-4.17,24.8,-0.6,80.0,2026-11-19,False,False,9,STRONG,5.16,97.0,,42.7,,,,2026-08-31T10:39:53.574440
BR,"Broadridge Financial Solutions, Inc.",78.6,⭐⭐⭐ EXCELLENT,🟢 Excellent,USD,USD,False,True,True,1.0,,100.0,80.0,50.3,80.0,65.0,35.0,26.6,False,up,140.7,True,1,39.7,False,0,"{'eps_growth_yoy': 140.7, 'positive_quarters': 4, 'earnings_accelerating': True, 'eps_accel_quarters': 1, 'profit_margin_pct': 15.0}","{'revenue_growth_yoy': 39.7, 'revenue_accelerating': False, 'rev_accel_quarters': 0}","{'rs_3m': 13.9, 'rs_6m': -13.0, 'rs_line_percentile': 26.6, 'rs_line_at_new_high': False, 'rs_line_trend': 'up', 'rs_line_score': 35}","{'roe_pct': 40.9, 'debt_to_equity': 1.24, 'current_ratio': 1.24, 'operating_margin_pct': 24.6}","{'days_to_earnings': 'N/A', 'recommendation': 'buy', 'analyst_upside_pct': 16.1}",183.64,21239488512,Technology,Information Technology Services,3.3,2.9,False,256.67,-28.5,3,False,213.25,250.0,176.0,8.0,buy,16.1,190.66,3.8,96.0,-47.7,5.62,10.33,2.37,40.6,4.36,1.68,True,-2.84,13.9,5.9,64.0,2026-11-03,False,False,8,STRONG,6.47,211.6,1.89,36.5,0.8,0.02,-35.7,2026-08-31T10:39:24.002540
RACE,Ferrari N.V.,77.8,⭐⭐⭐ EXCELLENT,🟢 Excellent,USD,EUR,True,True,True,1.0,"FCF declarado (1,162,526,710) se aparta del derivado de flujo operativo menos capex (1,849,684,333)",100.0,70.0,53.9,90.0,60.0,35.0,33.4,False,up,21.2,True,2,9.7,True,2,"{'eps_growth_yoy': 21.2, 'positive_quarters': 4, 'earnings_accelerating': True, 'eps_accel_quarters': 2, 'profit_margin_pct': 22.2}","{'revenue_growth_yoy': 9.7, 'revenue_accelerating': True, 'rev_accel_quarters': 2}","{'rs_3m': 18.7, 'rs_6m': 4.6, 'rs_line_percentile': 33.4, 'rs_line_at_new_high': False, 'rs_line_trend': 'up', 'rs_line_score': 35}","{'roe_pct': 45.4, 'debt_to_equity': 0.86, 'current_ratio': 2.43, 'operating_margin_pct': 31.1}","{'days_to_earnings': 'N/A', 'recommendation': 'strong_buy', 'analyst_upside_pct': 9.9}",420.54,73916145664,Consumer Cyclical,Auto Manufacturers,2.7,6.8,False,504.49,-16.6,6,False,462.27,533.77,400.6,14.0,strong_buy,9.9,130.93,-68.9,109.18,-74.0,1.57,6.61,1.0,39.0,4.23,0.68,True,-1.08,63.9,10.1,64.0,2026-11-03,False,False,9,STRONG,2.78,46.9,3.26,22.7,,,,2026-08-31T10:42:14.174184
CBOE,"Cboe Global Markets, Inc.",77.3,⭐⭐⭐ EXCELLENT,🟢 Excellent,USD,USD,False,True,True,1.0,"FCF declarado (678,249,984) se aparta del derivado de flujo operativo menos capex (1,891,800,000)",85.0,90.0,46.7,100.0,50.0,35.0,49.6,False,up,17.4,False,0,26.4,True,2,"{'eps_growth_yoy': 17.4, 'positive_quarters': 4, 'earnings_accelerating': False, 'eps_accel_quarters': 0, 'profit_margin_pct': 26.7}","{'revenue_growth_yoy': 26.4, 'revenue_accelerating': True, 'rev_accel_quarters': 2}","{'rs_3m': 1.5, 'rs_6m': -8.1, 'rs_line_percentile': 49.6, 'rs_line_at_new_high': False, 'rs_line_trend': 'up', 'rs_line_score': 35}","{'roe_pct': 26.3, 'debt_to_equity': 0.28, 'current_ratio': 1.56, 'operating_margin_pct': 34.6}","{'days_to_earnings': 'N/A', 'recommendation': 'hold', 'analyst_upside_pct': 1.5}",310.45,32420610048,Financial Services,Financial Data & Stock Exchanges,3.0,2.9,False,371.18,-16.4,6,False,315.14,356.0,258.0,14.0,hold,1.5,275.43,-11.3,389.1,25.3,2.09,6.49,1.11,22.4,3.44,1.29,True,-0.23,36.6,20.1,60.0,2026-10-30,False,False,8,STRONG,5.12,70.3,0.41,37.7,,,,2026-08-31T10:44:49.130201
THC,Tenet Healthcare Corporation,77.2,⭐⭐⭐ EXCELLENT,🟢 Excellent,USD,USD,False,True,True,1.0,"FCF declarado (2,247,875,072) se aparta del derivado de flujo operativo menos capex (3,005,000,064)",100.0,60.0,74.6,75.0,60.0,80.0,87.0,False,up,141.5,False,0,14.2,False,0,"{'eps_growth_yoy': 141.5, 'positive_quarters': 4, 'earnings_accelerating': False, 'eps_accel_quarters': 0, 'profit_margin_pct': 10.3}","{'revenue_growth_yoy': 14.2, 'revenue_accelerating': False, 'rev_accel_quarters': 0}","{'rs_3m': 55.2, 'rs_6m': 0.8, 'rs_line_percentile': 87.0, 'rs_line_at_new_high': False, 'rs_line_trend': 'up', 'rs_line_score': 80}","{'roe_pct': 37.3, 'debt_to_equity': 1.52, 'current_ratio': 1.41, 'operating_margin_pct': 18.2}","{'days_to_earnings': 'N/A', 'recommendation': 'strong_buy', 'analyst_upside_pct': 6.9}",266.8,21482467328,Healthcare,Medical Care Facilities,3.7,1.9,False,283.05,-5.7,8,True,285.1,315.0,260.0,21.0,strong_buy,6.9,1183.92,343.7,776.4,191.0,10.46,27.92,,,,2.75,True,-7.69,5.7,213.4,57.0,2026-10-27,False,False,6,NEUTRAL,9.89,33.4,0.06,28.2,1.6,0.06,-26.6,2026-08-31T10:47:08.162389
CDNS,"Cadence Design Systems, Inc.",76.3,⭐⭐⭐ EXCELLENT,🟢 Excellent,USD,USD,False,True,True,1.0,,100.0,70.0,44.0,90.0,65.0,35.0,29.0,False,down,27.8,True,1,18.3,True,1,"{'eps_growth_yoy': 27.8, 'positive_quarters': 4, 'earnings_accelerating': True, 'eps_accel_quarters': 1, 'profit_margin_pct': 23.6}","{'revenue_growth_yoy': 18.3, 'revenue_accelerating': True, 'rev_accel_quarters': 1}","{'rs_3m': -19.5, 'rs_6m': -0.5, 'rs_line_percentile': 29.0, 'rs_line_at_new_high': False, 'rs_line_trend': 'down', 'rs_line_score': 35}","{'roe_pct': 23.2, 'debt_to_equity': 0.39, 'current_ratio': 1.74, 'operating_margin_pct': 28.6}","{'days_to_earnings': 'N/A', 'recommendation': 'strong_buy', 'analyst_upside_pct': 18.4}",340.39,93885014016,Technology,Software - Application,1.6,1.9,False,416.69,-18.3,4,False,403.12,470.0,300.0,27.0,strong_buy,18.4,247.5,-27.3,151.2,-55.6,1.71,5.84,,,,,True,-1.08,15.6,125.4,56.0,2026-10-26,False,False,7,NEUTRAL,1.73,44.0,0.28,30.0,,,,2026-08-31T10:42:57.223573
G24.DE,Scout24 SE,76.3,⭐⭐⭐ EXCELLENT,🟢 Excellent,EUR,EUR,False,True,True,1.0,,100.0,70.0,60.5,65.0,70.0,,,,,61.9,True,1,20.0,True,1,"{'eps_growth_yoy': 61.9, 'positive_quarters': 4, 'earnings_accelerating': True, 'eps_accel_quarters': 1, 'profit_margin_pct': 40.2}","{'revenue_growth_yoy': 20.0, 'revenue_accelerating': True, 'rev_accel_quarters': 1}","{'rs_3m': 7.8, 'rs_6m': 2.1}","{'roe_pct': 22.8, 'debt_to_equity': 0.59, 'current_ratio': 0.23, 'operating_margin_pct': 44.9}","{'days_to_earnings': 'N/A', 'recommendation': 'buy', 'analyst_upside_pct': 32.4}",80.0,5571218432,Communication Services,Internet Content & Information,,,False,113.9,-29.8,2,False,105.91,140.0,80.0,18.0,buy,32.4,159.71,99.6,120.3,50.4,4.71,3.77,1.86,37.8,1.5,1.52,,,28.2,66.7,65.0,2026-11-04,False,False,6,NEUTRAL,4.55,635.9,0.25,35.7,,,,2026-08-31T10:45:14.493888
POOL,Pool Corporation,76.3,⭐⭐⭐ EXCELLENT,🟢 Excellent,USD,USD,False,True,True,1.0,"FCF declarado (212,930,256) se aparta del derivado de flujo operativo menos capex (310,312,016)",100.0,90.0,26.7,80.0,65.0,15.0,4.1,False,down,48.1,True,2,25.6,True,2,"{'eps_growth_yoy': 48.1, 'positive_quarters': 4, 'earnings_accelerating': True, 'eps_accel_quarters': 2, 'profit_margin_pct': 7.4}","{'revenue_growth_yoy': 25.6, 'revenue_accelerating': True, 'rev_accel_quarters': 2}","{'rs_3m': 2.3, 'rs_6m': -26.3, 'rs_line_percentile': 4.1, 'rs_line_at_new_high': False, 'rs_line_trend': 'down', 'rs_line_score': 15}","{'roe_pct': 31.3, 'debt_to_equity': 1.35, 'current_ratio': 2.67, 'operating_margin_pct': 15.1}","{'days_to_earnings': 'N/A', 'recommendation': 'buy', 'analyst_upside_pct': 16.7}",188.07,6834604544,Industrials,Industrial Distribution,11.4,4.1,True,336.15,-44.1,0,False,219.5,260.0,185.0,12.0,buy,16.7,86.21,-54.2,108.9,-42.1,3.12,5.86,2.76,46.4,5.2,1.26,True,-4.02,16.2,,52.0,2026-10-22,False,False,5,NEUTRAL,6.83,34.5,2.14,40.6,1.6,0.04,-39.0,2026-08-31T10:46:10.654506
HEI,HEICO Corporation,76.3,⭐⭐⭐ EXCELLENT,🟢 Excellent,USD,USD,False,True,False,0.3953,"acciones × precio no cuadra con la capitalización (ratio 0.3953): el dato por acción y el precio no están en la misma unidad — típico de ADR. Los ratios por acción (EPS, FCF/acción, DCF) no son utilizables",100.0,70.0,44.0,90.0,65.0,35.0,45.9,False,down,31.8,True,1,19.9,True,1,"{'eps_growth_yoy': 31.8, 'positive_quarters': 4, 'earnings_accelerating': True, 'eps_accel_quarters': 1, 'profit_margin_pct': 16.4}","{'revenue_growth_yoy': 19.9, 'revenue_accelerating': True, 'rev_accel_quarters': 1}","{'rs_3m': -0.7, 'rs_6m': -10.4, 'rs_line_percentile': 45.9, 'rs_line_at_new_high': False, 'rs_line_trend': 'down', 'rs_line_score': 35}","{'roe_pct': 17.7, 'debt_to_equity': 0.45, 'current_ratio': 2.72, 'operating_margin_pct': 25.1}","{'days_to_earnings': 'N/A', 'recommendation': 'buy', 'analyst_upside_pct': 17.4}",336.53,47032561664,Industrials,Aerospace & Defense,1.4,1.7,False,376.86,-10.7,5,False,395.0,472.0,294.0,19.0,buy,17.4,,,,,1.8,15.3,0.07,4.2,0.25,0.1,False,,9.0,32.5,108.0,2026-12-17,False,False,8,STRONG,2.05,52.3,1.45,22.2,1.6,0.07,-20.6,2026-08-31T10:42:44.776480
WST,"West Pharmaceutical Services, Inc.",76.0,⭐⭐⭐ EXCELLENT,🟢 Excellent,USD,USD,False,True,True,1.0,"FCF declarado (277,937,504) se aparta del derivado de flujo operativo menos capex (376,300,000)",100.0,50.0,68.7,95.0,55.0,60.0,66.5,False,flat,10.0,True,2,8.4,False,0,"{'eps_growth_yoy': 10.0, 'positive_quarters': 4, 'earnings_accelerating': True, 'eps_accel_quarters': 2, 'profit_margin_pct': 17.0}","{'revenue_growth_yoy': 8.4, 'revenue_accelerating': False, 'rev_accel_quarters': 0}","{'rs_3m': 5.1, 'rs_6m': 21.8, 'rs_line_percentile': 66.5, 'rs_line_at_new_high': False, 'rs_line_trend': 'flat', 'rs_line_score': 60}","{'roe_pct': 19.1, 'debt_to_equity': 0.11, 'current_ratio': 2.82, 'operating_margin_pct': 22.5}","{'days_to_earnings': 'N/A', 'recommendation': 'none', 'analyst_upside_pct': 19.9}",337.47,23749707776,Healthcare,Medical Instruments & Supplies,3.5,2.8,False,386.0,-12.6,6,False,404.73,459.0,340.0,15.0,none,19.9,107.46,-68.2,141.18,-58.2,1.17,3.95,0.26,11.1,0.88,0.25,True,-1.92,155.1,9.0,52.0,2026-10-22,False,False,7,NEUTRAL,2.55,19.0,1.87,17.9,0.8,0.04,-17.1,2026-08-31T10:41:42.601117
NUE,Nucor Corporation,75.8,⭐⭐⭐ EXCELLENT,🟢 Excellent,USD,USD,False,True,True,1.0,"FCF declarado (683,374,976) se aparta del derivado de flujo operativo menos capex (1,002,000,000)",85.0,70.0,74.0,80.0,60.0,80.0,79.2,False,flat,23.2,True,1,12.3,True,1,"{'eps_growth_yoy': 23.2, 'positive_quarters': 4, 'earnings_accelerating': True, 'eps_accel_quarters': 1, 'profit_margin_pct': 8.0}","{'revenue_growth_yoy': 12.3, 'revenue_accelerating': True, 'rev_accel_quarters': 1}","{'rs_3m': -1.8, 'rs_6m': 26.9, 'rs_line_percentile': 79.2, 'rs_line_at_new_high': False, 'rs_line_trend': 'flat', 'rs_line_score': 80}","{'roe_pct': 14.5, 'debt_to_equity': 0.31, 'current_ratio': 2.51, 'operating_margin_pct': 15.7}","{'days_to_earnings': 'N/A', 'recommendation': 'buy', 'analyst_upside_pct': 12.9}",250.5,56832356352,Basic Materials,Steel,2.1,2.6,False,280.11,-10.6,8,True,282.81,305.0,231.0,16.0,buy,12.9,127.74,-49.0,375.9,50.1,1.2,3.01,0.89,17.8,2.24,1.41,True,-0.92,23.8,93.8,56.0,2026-10-26,False,False,6,NEUTRAL,4.39,11.9,0.14,34.7,,,,2026-08-31T10:46:19.365320
KO,The Coca-Cola Company,75.4,⭐⭐⭐ EXCELLENT,🟢 Excellent,USD,USD,False,True,True,1.0,"FCF declarado (5,218,749,952) se aparta del derivado de flujo operativo menos capex (14,229,999,616)",85.0,70.0,71.9,80.0,60.0,80.0,77.7,False,up,19.7,False,0,7.4,True,2,"{'eps_growth_yoy': 19.7, 'positive_quarters': 4, 'earnings_accelerating': False, 'eps_accel_quarters': 0, 'profit_margin_pct': 28.6}","{'revenue_growth_yoy': 7.4, 'revenue_accelerating': True, 'rev_accel_quarters': 2}","{'rs_3m': 13.1, 'rs_6m': 0.6, 'rs_line_percentile': 77.7, 'rs_line_at_new_high': False, 'rs_line_trend': 'up', 'rs_line_score': 80}","{'roe_pct': 42.1, 'debt_to_equity': 1.16, 'current_ratio': 1.3, 'operating_margin_pct': 34.9}","{'days_to_earnings': 'N/A', 'recommendation': 'buy', 'analyst_upside_pct': 5.6}",89.66,385766555648,Consumer Defensive,Beverages - Non-Alcoholic,0.9,2.4,False,92.49,-3.1,8,True,94.7,104.0,75.0,23.0,buy,5.6,31.5,-64.9,56.28,-37.2,1.35,1.21,2.36,62.5,2.12,2.87,True,-0.24,12.0,16.9,50.0,2026-10-20,False,False,7,NEUTRAL,4.25,91.1,1.5,14.8,0.8,0.05,-14.0,2026-08-31T10:39:41.273779
NDAQ,"Nasdaq, Inc.",74.8,⭐⭐⭐ EXCELLENT,🟢 Excellent,USD,USD,False,True,True,1.0,,85.0,80.0,60.3,75.0,60.0,60.0,59.1,False,up,19.9,False,0,29.3,True,1,"{'eps_growth_yoy': 19.9, 'positive_quarters': 4, 'earnings_accelerating': False, 'eps_accel_quarters': 0, 'profit_margin_pct': 35.0}","{'revenue_growth_yoy': 29.3, 'revenue_accelerating': True, 'rev_accel_quarters': 1}","{'rs_3m': 5.7, 'rs_6m': 0.8, 'rs_line_percentile': 59.1, 'rs_line_at_new_high': False, 'rs_line_trend': 'up', 'rs_line_score': 60}","{'roe_pct': 16.5, 'debt_to_equity': 0.78, 'current_ratio': 1.01, 'operating_margin_pct': 49.3}","{'days_to_earnings': 'N/A', 'recommendation': 'buy', 'analyst_upside_pct': 10.6}",99.31,55512039424,Financial Services,Financial Data & Stock Exchanges,2.4,2.6,False,101.79,-2.4,5,False,109.8,135.0,84.0,15.0,buy,10.6,70.38,-29.1,48.36,-51.3,3.05,3.03,1.17,32.7,1.16,1.28,True,-2.35,8.3,14.1,52.0,2026-10-22,False,False,9,STRONG,3.89,205.3,1.51,11.9,,,,2026-08-31T10:43:22.890793
BRK-B,Berkshire Hathaway Inc.,74.7,⭐⭐⭐ EXCELLENT,🟢 Excellent,USD,USD,False,True,False,0.6577,"acciones × precio no cuadra con la capitalización (ratio 0.6577): el dato por acción y el precio no están en la misma unidad — típico de ADR. Los ratios por acción (EPS, FCF/acción, DCF) no son utilizables | FCF declarado (71,975,247,872) se aparta del derivado de flujo operativo menos capex (25,707",100.0,70.0,38.7,90.0,60.0,15.0,20.5,False,flat,107.5,True,1,19.2,True,1,"{'eps_growth_yoy': 107.5, 'positive_quarters': 4, 'earnings_accelerating': True, 'eps_accel_quarters': 1, 'profit_margin_pct': 22.3}","{'revenue_growth_yoy': 19.2, 'revenue_accelerating': True, 'rev_accel_quarters': 1}","{'rs_3m': 5.7, 'rs_6m': -7.5, 'rs_line_percentile': 20.5, 'rs_line_at_new_high': False, 'rs_line_trend': 'flat', 'rs_line_score': 15}","{'roe_pct': 12.1, 'debt_to_equity': 0.17, 'current_ratio': 2.89, 'operating_margin_pct': 32.6}","{'days_to_earnings': 'N/A', 'recommendation': 'buy', 'analyst_upside_pct': 8.4}",505.0,1081058459648,Financial Services,Insurance - Diversified,1.0,2.3,False,537.74,-6.1,5,False,547.67,604.0,510.0,3.0,buy,8.4,,,,,6.66,51.12,,,,,True,-0.41,18.5,75.5,68.0,2026-11-07,False,False,4,NEUTRAL,,,0.21,15.5,,,,2026-08-31T10:42:27.311639
OXY,Occidental Petroleum Corporation,74.3,⭐⭐⭐ EXCELLENT,🟢 Excellent,USD,USD,False,True,True,1.0,,100.0,70.0,44.0,80.0,60.0,35.0,41.3,False,up,259.2,True,2,21.8,False,0,"{'eps_growth_yoy': 259.2, 'positive_quarters': 3, 'earnings_accelerating': True, 'eps_accel_quarters': 2, 'profit_margin_pct': 30.3}","{'revenue_growth_yoy': 21.8, 'revenue_accelerating': False, 'rev_accel_quarters': 0}","{'rs_3m': -0.9, 'rs_6m': -2.6, 'rs_line_percentile': 41.3, 'rs_line_at_new_high': False, 'rs_line_trend': 'up', 'rs_line_score': 35}","{'roe_pct': 10.6, 'debt_to_equity': 0.35, 'current_ratio': 1.41, 'operating_margin_pct': 45.4}","{'days_to_earnings': 'N/A', 'recommendation': 'buy', 'analyst_upside_pct': 13.1}",59.1,59078565888,Energy,Oil & Gas E&P,0.0,0.0,False,67.45,-12.4,7,True,66.83,79.0,55.0,23.0,buy,13.1,160.71,171.9,101.7,72.1,6.41,3.79,1.9,29.5,1.12,1.14,True,-0.2,6.2,675.4,70.0,2026-11-09,False,False,4,NEUTRAL,5.26,6.4,0.02,32.5,,,,2026-08-31T10:45:22.623045
TT,Trane Technologies plc,74.3,⭐⭐⭐ EXCELLENT,🟢 Excellent,USD,USD,False,True,True,1.0,,90.0,80.0,44.0,80.0,65.0,35.0,26.1,False,down,9.1,True,2,10.6,True,2,"{'eps_growth_yoy': 9.1, 'positive_quarters': 4, 'earnings_accelerating': True, 'eps_accel_quarters': 2, 'profit_margin_pct': 13.3}","{'revenue_growth_yoy': 10.6, 'revenue_accelerating': True, 'rev_accel_quarters': 2}","{'rs_3m': -1.3, 'rs_6m': -15.9, 'rs_line_percentile': 26.1, 'rs_line_at_new_high': False, 'rs_line_trend': 'down', 'rs_line_score': 35}","{'roe_pct': 36.6, 'debt_to_equity': 0.53, 'current_ratio': 1.07, 'operating_margin_pct': 19.3}","{'days_to_earnings': 'N/A', 'recommendation': 'buy', 'analyst_upside_pct': 17.4}",448.96,98781609984,Industrials,Building Products & Equipment,1.3,2.2,False,505.87,-11.2,4,False,526.99,575.0,422.0,21.0,buy,17.4,248.18,-44.7,134.2,-70.1,3.16,14.19,0.94,29.7,4.2,1.19,True,-1.37,18.0,5.0,59.0,2026-10-29,False,False,9,STRONG,3.82,102.0,3.62,25.3,0.4,0.02,-24.9,2026-08-31T10:43:31.938044
JNJ,Johnson & Johnson,74.3,⭐⭐⭐ EXCELLENT,🟢 Excellent,USD,USD,False,True,True,1.0,,95.0,60.0,60.3,85.0,60.0,60.0,73.8,False,up,7.4,True,2,5.5,True,1,"{'eps_growth_yoy': 7.4, 'positive_quarters': 4, 'earnings_accelerating': True, 'eps_accel_quarters': 2, 'profit_margin_pct': 21.5}","{'revenue_growth_yoy': 5.5, 'revenue_accelerating': True, 'rev_accel_quarters': 1}","{'rs_3m': 18.8, 'rs_6m': -3.7, 'rs_line_percentile': 73.8, 'rs_line_at_new_high': False, 'rs_line_trend': 'up', 'rs_line_score': 60}","{'roe_pct': 25.7, 'debt_to_equity': 0.58, 'current_ratio': 1.09, 'operating_margin_pct': 29.2}","{'days_to_earnings': 'N/A', 'recommendation': 'buy', 'analyst_upside_pct': 1.7}",268.04,645949227008,Healthcare,Drug Manufacturers - General,1.0,2.8,False,276.47,-3.0,8,True,272.5,305.0,190.0,22.0,buy,1.7,103.1,-61.5,86.3,-67.8,2.61,7.01,2.0,60.8,5.36,2.77,True,-1.25,25.9,-0.9,43.0,2026-10-13,False,False,4,NEUTRAL,4.98,136.0,,18.8,,,,2026-08-31T10:44:44.448896
IDXX,"IDEXX Laboratories, Inc.",74.0,⭐⭐⭐ EXCELLENT,🟢 Excellent,USD,USD,False,True,True,1.0,"FCF declarado (909,368,384) se aparta del derivado de flujo operativo menos capex (1,233,284,016)",100.0,80.0,24.0,85.0,65.0,15.0,3.7,False,down,23.2,True,2,10.1,True,2,"{'eps_growth_yoy': 23.2, 'positive_quarters': 4, 'earnings_accelerating': True, 'eps_accel_quarters': 2, 'profit_margin_pct': 25.0}","{'revenue_growth_yoy': 10.1, 'revenue_accelerating': True, 'rev_accel_quarters': 2}","{'rs_3m': -3.8, 'rs_6m': -25.5, 'rs_line_percentile': 3.7, 'rs_line_at_new_high': False, 'rs_line_trend': 'down', 'rs_line_score': 15}","{'roe_pct': 74.2, 'debt_to_equity': 0.68, 'current_ratio': 1.17, 'operating_margin_pct': 35.0}","{'days_to_earnings': 'N/A', 'recommendation': 'buy', 'analyst_upside_pct': 25.9}",554.99,43779276800,Healthcare,Diagnostics & Research,2.8,3.1,False,769.98,-27.9,0,False,698.92,805.0,470.0,13.0,buy,25.9,307.65,-44.6,250.1,-54.9,2.08,11.53,,,,,True,-2.69,38.7,12.3,63.0,2026-11-02,False,False,8,STRONG,3.05,120.0,1.88,28.4,,,,2026-08-31T10:40:06.454170
DBOEY,Deutsche Börse AG,73.8,⭐⭐⭐ EXCELLENT,🟢 Excellent,USD,EUR,True,True,True,1.0,,85.0,60.0,76.7,80.0,60.0,80.0,87.2,False,up,11.9,False,0,11.7,False,0,"{'eps_growth_yoy': 11.9, 'positive_quarters': 4, 'earnings_accelerating': False, 'eps_accel_quarters': 0, 'profit_margin_pct': 27.3}","{'revenue_growth_yoy': 11.7, 'revenue_accelerating': False, 'rev_accel_quarters': 0}","{'rs_3m': 15.6, 'rs_6m': 13.7, 'rs_line_percentile': 87.2, 'rs_line_at_new_high': False, 'rs_line_trend': 'up', 'rs_line_score': 80}","{'roe_pct': 20.4, 'debt_to_equity': 0.58, 'current_ratio': 1.01, 'operating_margin_pct': 41.9}","{'days_to_earnings': 'N/A', 'recommendation': 'strong_buy', 'analyst_upside_pct': 2.1}",33.82,60973285376,Financial Services,Financial Data & Stock Exchanges,,,False,33.91,-0.3,8,True,34.54,34.54,34.54,1.0,strong_buy,2.1,32.13,-5.0,18.5,-45.3,4.15,1.4,1.44,36.0,0.49,1.9,,,,6.9,50.0,2026-10-20,False,False,5,NEUTRAL,4.64,66.8,1.56,15.3,,,,2026-08-31T10:41:38.158892
HHH,Howard Hughes Holdings Inc.,73.6,⭐⭐⭐ EXCELLENT,🟢 Excellent,USD,USD,False,True,True,1.0,"FCF declarado (-1,133,985,280) se aparta del derivado de flujo operativo menos capex (783,653,000)",100.0,90.0,26.7,65.0,60.0,15.0,2.2,False,down,32.5,True,2,187.6,True,1,"{'eps_growth_yoy': 32.5, 'positive_quarters': 4, 'earnings_accelerating': True, 'eps_accel_quarters': 2, 'profit_margin_pct': 12.3}","{'revenue_growth_yoy': 187.6, 'revenue_accelerating': True, 'rev_accel_quarters': 1}","{'rs_3m': 1.4, 'rs_6m': -23.5, 'rs_line_percentile': 2.2, 'rs_line_at_new_high': False, 'rs_line_trend': 'down', 'rs_line_score': 15}","{'roe_pct': 7.5, 'debt_to_equity': 1.35, 'current_ratio': 3.48, 'operating_margin_pct': 28.4}","{'days_to_earnings': 'N/A', 'recommendation': 'none', 'analyst_upside_pct': 38.4}",64.8,3869923328,Real Estate,Real Estate - Development,9.8,7.7,True,91.07,-28.8,0,False,89.67,100.0,79.0,3.0,none,38.4,,,151.8,134.3,-29.3,-18.99,,,,,False,,3.2,,70.0,2026-11-09,False,False,6,NEUTRAL,4.95,14.6,,28.4,0.4,0.01,-28.0,2026-08-31T10:46:55.412513
BAC,Bank of America Corporation,73.6,⭐⭐⭐ EXCELLENT,🟢 Excellent,USD,USD,False,True,True,1.0,,95.0,60.0,76.7,65.0,50.0,80.0,80.5,False,up,20.6,True,1,14.4,False,0,"{'eps_growth_yoy': 20.6, 'positive_quarters': 4, 'earnings_accelerating': True, 'eps_accel_quarters': 1, 'profit_margin_pct': 29.5}","{'revenue_growth_yoy': 14.4, 'revenue_accelerating': False, 'rev_accel_quarters': 0}","{'rs_3m': 19.9, 'rs_6m': 13.8, 'rs_line_percentile': 80.5, 'rs_line_at_new_high': False, 'rs_line_trend': 'up', 'rs_line_score': 80}","{'roe_pct': 11.2, 'operating_margin_pct': 38.3}","{'days_to_earnings': 'N/A', 'recommendation': 'none', 'analyst_upside_pct': 10.4}",62.32,435788087296,Financial Services,Banks - Diversified,0.0,0.0,False,65.23,-4.5,8,True,68.77,75.0,62.0,22.0,none,10.4,76.49,22.7,129.9,108.4,2.89,1.8,2.05,25.9,1.28,2.35,True,-5.77,,17.1,44.0,2026-10-14,False,False,5,NEUTRAL,,,0.35,16.7,0.4,0.02,-16.3,2026-08-31T10:45:26.884500
TECK,Teck Resources Limited,72.6,⭐⭐⭐ EXCELLENT,🟢 Excellent,USD,CAD,True,True,True,0.9845,,100.0,50.0,74.3,75.0,40.0,95.0,92.1,False,up,203.9,False,0,6.5,False,0,"{'eps_growth_yoy': 203.9, 'positive_quarters': 4, 'earnings_accelerating': False, 'eps_accel_quarters': 0, 'profit_margin_pct': 17.9}","{'revenue_growth_yoy': 6.5, 'revenue_accelerating': False, 'rev_accel_quarters': 0}","{'rs_3m': 0.7, 'rs_6m': 8.9, 'rs_line_percentile': 92.1, 'rs_line_at_new_high': False, 'rs_line_trend': 'up', 'rs_line_score': 95}","{'roe_pct': 8.7, 'debt_to_equity': 0.34, 'current_ratio': 3.12, 'operating_margin_pct': 44.1}","{'days_to_earnings': 'N/A', 'recommendation': 'hold', 'analyst_upside_pct': -22.0}",69.34,34018201600,Basic Materials,Copper,,4.0,False,71.93,-3.6,8,True,54.11,68.99,36.52,4.0,hold,-22.0,109.81,58.4,110.1,58.8,3.68,2.59,0.51,9.8,0.35,0.99,True,-0.42,6.5,129.8,52.0,2026-10-22,False,False,5,NEUTRAL,6.15,6.5,0.06,40.3,,,,2026-08-31T10:47:17.435797
V,Visa Inc.,72.3,⭐⭐⭐ EXCELLENT,🟢 Excellent,USD,USD,False,True,False,0.9127,"acciones × precio no cuadra con la capitalización (ratio 0.9127): el dato por acción y el precio no están en la misma unidad — típico de ADR. Los ratios por acción (EPS, FCF/acción, DCF) no son utilizables",85.0,70.0,63.9,70.0,60.0,60.0,60.9,False,up,10.6,False,0,8.5,True,2,"{'eps_growth_yoy': 10.6, 'positive_quarters': 4, 'earnings_accelerating': False, 'eps_accel_quarters': 0, 'profit_margin_pct': 50.8}","{'revenue_growth_yoy': 8.5, 'revenue_accelerating': True, 'rev_accel_quarters': 2}","{'rs_3m': 16.8, 'rs_6m': 6.8, 'rs_line_percentile': 60.9, 'rs_line_at_new_high': False, 'rs_line_trend': 'up', 'rs_line_score': 60}","{'roe_pct': 61.2, 'debt_to_equity': 0.68, 'current_ratio': 0.98, 'operating_margin_pct': 66.1}","{'days_to_earnings': 'N/A', 'recommendation': 'strong_buy', 'analyst_upside_pct': 9.5}",381.6,712465252352,Financial Services,Credit Services,1.3,3.2,False,385.57,-1.0,5,False,417.9,460.0,330.0,37.0,strong_buy,9.5,,,,,2.86,11.97,0.7,22.1,2.68,0.7,True,-3.0,35.7,10.2,57.0,2026-10-27,False,False,6,NEUTRAL,3.73,381.9,2.49,18.5,0.4,0.02,-18.1,2026-08-31T10:38:11.246511
EQIX,"Equinix, Inc.",72.3,⭐⭐⭐ EXCELLENT,🟢 Excellent,USD,USD,False,True,True,1.0,"FCF declarado (3,776,000,000) se aparta del derivado de flujo operativo menos capex (-368,999,872)",90.0,70.0,54.0,70.0,65.0,60.0,59.6,False,down,28.1,False,0,13.3,True,1,"{'eps_growth_yoy': 28.1, 'positive_quarters': 4, 'earnings_accelerating': False, 'eps_accel_quarters': 0, 'profit_margin_pct': 15.5}","{'revenue_growth_yoy': 13.3, 'revenue_accelerating': True, 'rev_accel_quarters': 1}","{'rs_3m': -1.8, 'rs_6m': -3.5, 'rs_line_percentile': 59.6, 'rs_line_at_new_high': False, 'rs_line_trend': 'down', 'rs_line_score': 60}","{'roe_pct': 10.7, 'debt_to_equity': 1.62, 'current_ratio': 1.13, 'operating_margin_pct': 27.0}","{'days_to_earnings': 'N/A', 'recommendation': 'buy', 'analyst_upside_pct': 18.2}",1044.41,103053697024,Real Estate,REIT - Specialty,1.9,2.8,False,1128.68,-7.5,6,False,1234.55,1400.0,1060.0,29.0,buy,18.2,1554.22,48.8,448.13,-57.1,3.66,38.27,1.98,126.8,20.64,1.86,False,,4.0,28.8,58.0,2026-10-28,False,False,6,NEUTRAL,1.62,7.8,1.94,25.6,,,,2026-08-31T10:43:53.121988
MRSH,"Marsh & McLennan Companies, Inc.",72.1,⭐⭐⭐ EXCELLENT,🟢 Excellent,USD,USD,False,True,True,1.0,,100.0,60.0,50.3,80.0,50.0,35.0,38.6,False,up,69.5,False,0,16.6,False,0,"{'eps_growth_yoy': 69.5, 'positive_quarters': 4, 'earnings_accelerating': False, 'eps_accel_quarters': 0, 'profit_margin_pct': 14.2}","{'revenue_growth_yoy': 16.6, 'revenue_accelerating': False, 'rev_accel_quarters': 0}","{'rs_3m': 17.5, 'rs_6m': -8.2, 'rs_line_percentile': 38.6, 'rs_line_at_new_high': False, 'rs_line_trend': 'up', 'rs_line_score': 35}","{'roe_pct': 25.9, 'debt_to_equity': 1.45, 'current_ratio': 1.14, 'operating_margin_pct': 26.3}","{'days_to_earnings': 'N/A', 'recommendation': 'hold', 'analyst_upside_pct': 7.5}",192.64,91929976832,Financial Services,Insurance Brokers,1.6,3.0,False,207.83,-7.3,5,False,207.1,238.0,182.0,21.0,hold,7.5,176.87,-8.2,81.9,-57.5,5.21,10.03,2.06,44.0,3.96,1.46,True,-3.16,6.6,2.9,45.0,2026-10-15,False,False,6,NEUTRAL,5.76,146.7,2.31,17.2,1.6,0.09,-15.6,2026-08-31T10:38:54.178564
CP,Canadian Pacific Kansas City Limited,71.6,⭐⭐⭐ EXCELLENT,🟢 Excellent,USD,CAD,True,True,True,1.0,"FCF declarado (1,570,554,810) se aparta del derivado de flujo operativo menos capex (819,911,501)",95.0,70.0,56.7,55.0,60.0,60.0,71.7,False,up,11.3,True,1,13.7,True,1,"{'eps_growth_yoy': 11.3, 'positive_quarters': 4, 'earnings_accelerating': True, 'eps_accel_quarters': 1, 'profit_margin_pct': 25.0}","{'revenue_growth_yoy': 13.7, 'revenue_accelerating': True, 'rev_accel_quarters': 1}","{'rs_3m': 4.7, 'rs_6m': -6.9, 'rs_line_percentile': 71.7, 'rs_line_at_new_high': False, 'rs_line_trend': 'up', 'rs_line_score': 60}","{'roe_pct': 8.2, 'debt_to_equity': 0.53, 'current_ratio': 0.59, 'operating_margin_pct': 39.0}","{'days_to_earnings': 'N/A', 'recommendation': 'buy', 'analyst_upside_pct': 7.2}",94.12,82738937856,Industrials,Railroads,2.1,6.6,False,96.9,-2.9,8,True,100.85,110.59,75.76,13.0,buy,7.2,26.29,-72.1,31.0,-67.1,1.9,1.79,0.81,22.1,0.76,0.76,True,-5.03,6.6,-13.5,58.0,2026-10-28,False,False,7,NEUTRAL,5.86,11.8,,17.5,1.6,0.09,-15.9,2026-08-31T10:44:40.406208
PGR,The Progressive Corporation,71.3,⭐⭐⭐ EXCELLENT,🟢 Excellent,USD,USD,False,True,True,1.0,,100.0,60.0,50.3,75.0,50.0,35.0,28.5,False,up,26.6,True,1,4.9,True,1,"{'eps_growth_yoy': 26.6, 'positive_quarters': 4, 'earnings_accelerating': True, 'eps_accel_quarters': 1, 'profit_margin_pct': 12.8}","{'revenue_growth_yoy': 4.9, 'revenue_accelerating': True, 'rev_accel_quarters': 1}","{'rs_3m': 11.8, 'rs_6m': -10.1, 'rs_line_percentile': 28.5, 'rs_line_at_new_high': False, 'rs_line_trend': 'up', 'rs_line_score': 35}","{'roe_pct': 34.9, 'debt_to_equity': 0.24, 'current_ratio': 0.29, 'operating_margin_pct': 18.2}","{'days_to_earnings': 'N/A', 'recommendation': 'hold', 'analyst_upside_pct': 6.1}",218.64,127051710464,Financial Services,Insurance - Property & Casualty,1.0,2.1,False,249.83,-12.5,5,False,232.0,309.0,198.0,21.0,hold,6.1,416.65,90.6,199.4,-8.8,11.9,26.01,0.18,69.7,0.4,1.97,True,-0.94,50.8,2.0,44.0,2026-10-14,False,False,6,NEUTRAL,10.88,,2.68,26.6,,,,2026-08-31T10:43:49.146265
DSGX,The Descartes Systems Group Inc.,71.0,⭐⭐⭐ EXCELLENT,🟢 Excellent,USD,USD,False,True,True,1.0,,100.0,50.0,42.3,90.0,65.0,15.0,21.8,False,up,27.5,True,1,7.7,False,0,"{'eps_growth_yoy': 27.5, 'positive_quarters': 4, 'earnings_accelerating': True, 'eps_accel_quarters': 1, 'profit_margin_pct': 23.3}","{'revenue_growth_yoy': 7.7, 'revenue_accelerating': False, 'rev_accel_quarters': 0}","{'rs_3m': 0.8, 'rs_6m': 8.8, 'rs_line_percentile': 21.8, 'rs_line_at_new_high': False, 'rs_line_trend': 'up', 'rs_line_score': 15}","{'roe_pct': 11.4, 'debt_to_equity': 0.0, 'current_ratio': 2.05, 'operating_margin_pct': 32.9}","{'days_to_earnings': 'N/A', 'recommendation': 'buy', 'analyst_upside_pct': 22.5}",81.835,7012508672,Technology,Software - Application,,5.7,False,109.0,-24.9,4,False,100.23,126.0,82.0,13.0,buy,22.5,132.77,62.2,60.3,-26.3,3.83,3.13,,,,,True,-0.3,243.4,34.1,10.0,2026-09-10,False,True,6,NEUTRAL,3.27,77.7,0.75,26.2,,,,2026-08-31T10:41:56.300532
FICO,Fair Isaac Corporation,71.0,⭐⭐⭐ EXCELLENT,🟢 Excellent,USD,USD,False,True,True,1.0,,100.0,80.0,24.0,65.0,65.0,15.0,10.5,False,up,53.0,False,0,30.7,False,0,"{'eps_growth_yoy': 53.0, 'positive_quarters': 4, 'earnings_accelerating': False, 'eps_accel_quarters': 0, 'profit_margin_pct': 34.1}","{'revenue_growth_yoy': 30.7, 'revenue_accelerating': False, 'rev_accel_quarters': 0}","{'rs_3m': -11.9, 'rs_6m': -30.7, 'rs_line_percentile': 10.5, 'rs_line_at_new_high': False, 'rs_line_trend': 'up', 'rs_line_score': 15}","{'current_ratio': 1.18, 'operating_margin_pct': 53.8}","{'days_to_earnings': 'N/A', 'recommendation': 'buy', 'analyst_upside_pct': 26.8}",1153.57,24914382848,Technology,Software - Application,10.0,4.9,True,1998.01,-42.3,1,False,1462.68,1750.0,707.0,19.0,buy,26.8,1520.61,31.8,1034.7,-10.3,3.11,35.86,,,,0.09,True,-14.43,6.7,28.8,65.0,2026-11-04,False,False,7,NEUTRAL,3.09,996.8,0.53,53.6,,,,2026-08-31T10:40:49.516197
GWW,"W.W. Grainger, Inc.",70.8,⭐⭐⭐ EXCELLENT,🟢 Excellent,USD,USD,False,True,True,1.0,,95.0,50.0,60.3,85.0,50.0,60.0,62.3,False,down,93.9,False,0,7.8,False,0,"{'eps_growth_yoy': 93.9, 'positive_quarters': 4, 'earnings_accelerating': False, 'eps_accel_quarters': 0, 'profit_margin_pct': 9.9}","{'revenue_growth_yoy': 7.8, 'revenue_accelerating': False, 'rev_accel_quarters': 0}","{'rs_3m': 3.6, 'rs_6m': 1.1, 'rs_line_percentile': 62.3, 'rs_line_at_new_high': False, 'rs_line_trend': 'down', 'rs_line_score': 60}","{'roe_pct': 46.1, 'debt_to_equity': 0.62, 'current_ratio': 2.81, 'operating_margin_pct': 16.1}","{'days_to_earnings': 'N/A', 'recommendation': 'hold', 'analyst_upside_pct': 2.0}",1306.3,61674500096,Industrials,Industrial Distribution,2.4,3.2,False,1419.91,-8.0,6,False,1332.57,1500.0,1100.0,14.0,hold,2.0,788.6,-39.6,803.39,-38.5,2.02,26.43,0.76,23.6,9.96,1.0,True,-1.62,34.1,8.2,65.0,2026-11-04,False,False,6,NEUTRAL,3.92,40.8,1.25,25.3,0.4,0.02,-24.9,2026-08-31T10:44:57.393226
CTAS,Cintas Corporation,70.8,⭐⭐⭐ EXCELLENT,🟢 Excellent,USD,USD,False,True,True,1.0,,90.0,60.0,50.3,85.0,60.0,35.0,43.0,False,up,4.0,True,2,6.9,True,1,"{'eps_growth_yoy': 4.0, 'positive_quarters': 4, 'earnings_accelerating': True, 'eps_accel_quarters': 2, 'profit_margin_pct': 17.8}","{'revenue_growth_yoy': 6.9, 'revenue_accelerating': True, 'rev_accel_quarters': 1}","{'rs_3m': 16.7, 'rs_6m': -10.9, 'rs_line_percentile': 43.0, 'rs_line_at_new_high': False, 'rs_line_trend': 'up', 'rs_line_score': 35}","{'roe_pct': 40.7, 'debt_to_equity': 0.53, 'current_ratio': 1.43, 'operating_margin_pct': 23.7}","{'days_to_earnings': 'N/A', 'recommendation': 'buy', 'analyst_upside_pct': 5.9}",204.18,81706622976,Industrials,Specialty Business Services,3.5,4.2,False,219.17,-6.8,5,False,216.31,250.0,175.0,16.0,buy,5.9,90.31,-55.8,76.44,-62.6,1.79,3.66,1.02,36.7,2.08,0.89,True,-1.17,24.6,10.9,23.0,2026-09-23,False,False,8,STRONG,3.1,82.2,2.14,14.9,0.4,0.03,-14.5,2026-08-31T10:38:15.706360
ICE,"Intercontinental Exchange, Inc.",70.3,⭐⭐⭐ EXCELLENT,🟢 Excellent,USD,USD,False,True,True,1.0,,85.0,70.0,50.3,75.0,60.0,35.0,42.5,False,up,17.4,False,0,20.1,False,0,"{'eps_growth_yoy': 17.4, 'positive_quarters': 4, 'earnings_accelerating': False, 'eps_accel_quarters': 0, 'profit_margin_pct': 38.2}","{'revenue_growth_yoy': 20.1, 'revenue_accelerating': False, 'rev_accel_quarters': 0}","{'rs_3m': 10.7, 'rs_6m': -13.5, 'rs_line_percentile': 42.5, 'rs_line_at_new_high': False, 'rs_line_trend': 'up', 'rs_line_score': 35}","{'roe_pct': 14.1, 'debt_to_equity': 0.69, 'current_ratio': 1.01, 'operating_margin_pct': 52.6}","{'days_to_earnings': 'N/A', 'recommendation': 'strong_buy', 'analyst_upside_pct': 14.2}",162.33,91131166720,Financial Services,Financial Data & Stock Exchanges,1.5,1.9,False,177.0,-8.3,5,False,185.36,232.0,163.0,14.0,strong_buy,14.2,151.13,-6.9,100.68,-38.0,3.99,6.47,1.28,28.2,2.08,1.25,True,-2.31,7.6,14.2,59.0,2026-10-29,False,False,8,STRONG,4.65,118.3,1.3,17.2,0.2,0.01,-17.0,2026-08-31T10:41:25.135033
UNH,UnitedHealth Group Incorporated,70.2,⭐⭐⭐ EXCELLENT,🟢 Excellent,USD,USD,False,True,True,1.0,,100.0,50.0,68.7,50.0,65.0,60.0,61.0,False,down,84.4,True,1,0.1,False,0,"{'eps_growth_yoy': 84.4, 'positive_quarters': 4, 'earnings_accelerating': True, 'eps_accel_quarters': 1, 'profit_margin_pct': 3.1}","{'revenue_growth_yoy': 0.1, 'revenue_accelerating': False, 'rev_accel_quarters': 0}","{'rs_3m': 2.4, 'rs_6m': 22.4, 'rs_line_percentile': 61.0, 'rs_line_at_new_high': False, 'rs_line_trend': 'down', 'rs_line_score': 60}","{'roe_pct': 14.2, 'debt_to_equity': 0.69, 'current_ratio': 0.78, 'operating_margin_pct': 7.1}","{'days_to_earnings': 'N/A', 'recommendation': 'buy', 'analyst_upside_pct': 20.9}",392.95,352709902336,Healthcare,Healthcare Plans,1.9,3.0,False,461.62,-14.9,6,False,475.23,529.0,313.0,26.0,buy,20.9,1146.78,191.8,466.8,18.8,6.88,27.04,2.36,57.5,9.28,1.65,True,-0.72,4.7,61.5,57.0,2026-10-27,False,False,6,NEUTRAL,4.65,173.8,0.28,20.5,,,,2026-08-31T10:45:53.308378
QSR,Restaurant Brands International Inc.,70.1,⭐⭐⭐ EXCELLENT,🟢 Excellent,USD,USD,False,True,False,0.7613,"acciones × precio no cuadra con la capitalización (ratio 0.7613): el dato por acción y el precio no están en la misma unidad — típico de ADR. Los ratios por acción (EPS, FCF/acción, DCF) no son utilizables",100.0,60.0,46.7,65.0,60.0,35.0,38.4,False,up,58.9,True,2,2.9,True,1,"{'eps_growth_yoy': 58.9, 'positive_quarters': 4, 'earnings_accelerating': True, 'eps_accel_quarters': 2, 'profit_margin_pct': 13.1}","{'revenue_growth_yoy': 2.9, 'revenue_accelerating': True, 'rev_accel_quarters': 1}","{'rs_3m': 6.7, 'rs_6m': -2.0, 'rs_line_percentile': 38.4, 'rs_line_at_new_high': False, 'rs_line_trend': 'up', 'rs_line_score': 35}","{'roe_pct': 34.8, 'debt_to_equity': 2.9, 'current_ratio': 1.01, 'operating_margin_pct': 27.7}","{'days_to_earnings': 'N/A', 'recommendation': 'buy', 'analyst_upside_pct': 9.7}",78.26,35851767808,Consumer Cyclical,Restaurants,6.0,7.6,False,81.96,-4.5,6,False,85.83,104.0,78.0,24.0,buy,9.7,,,,,4.78,4.91,3.32,63.8,2.6,3.41,True,-0.47,5.2,151.2,59.0,2026-10-29,False,False,6,NEUTRAL,5.08,51.7,0.12,24.8,,,,2026-08-31T10:46:46.413332
CNI,Canadian National Railway Company,70.1,⭐⭐⭐ EXCELLENT,🟢 Excellent,USD,CAD,True,True,True,1.0,"FCF declarado (2,179,031,269) se aparta del derivado de flujo operativo menos capex (1,393,406,872)",85.0,70.0,60.3,60.0,60.0,60.0,66.9,False,up,9.7,True,1,14.1,True,1,"{'eps_growth_yoy': 9.7, 'positive_quarters': 4, 'earnings_accelerating': True, 'eps_accel_quarters': 1, 'profit_margin_pct': 26.9}","{'revenue_growth_yoy': 14.1, 'revenue_accelerating': True, 'rev_accel_quarters': 1}","{'rs_3m': 4.4, 'rs_6m': 0.1, 'rs_line_percentile': 66.9, 'rs_line_at_new_high': False, 'rs_line_trend': 'up', 'rs_line_score': 60}","{'roe_pct': 22.0, 'debt_to_equity': 1.04, 'current_ratio': 0.87, 'operating_margin_pct': 40.3}","{'days_to_earnings': 'N/A', 'recommendation': 'buy', 'analyst_upside_pct': 10.9}",126.01,76223447040,Industrials,Railroads,,3.0,False,131.55,-4.2,7,True,139.72,153.1,114.57,13.0,buy,10.9,71.6,-43.2,57.32,-54.5,2.86,3.6,2.06,46.3,2.6,2.04,True,-3.94,7.8,7.1,60.0,2026-10-30,False,False,7,NEUTRAL,7.28,14.5,1.91,13.4,,,,2026-08-31T10:41:20.727585
MA,Mastercard Incorporated,70.0,⭐⭐⭐ EXCELLENT,🟢 Excellent,USD,USD,False,True,True,0.9925,,95.0,60.0,53.9,65.0,60.0,35.0,48.8,False,up,11.7,True,1,7.8,True,1,"{'eps_growth_yoy': 11.7, 'positive_quarters': 4, 'earnings_accelerating': True, 'eps_accel_quarters': 1, 'profit_margin_pct': 46.3}","{'revenue_growth_yoy': 7.8, 'revenue_accelerating': True, 'rev_accel_quarters': 1}","{'rs_3m': 18.7, 'rs_6m': 2.0, 'rs_line_percentile': 48.8, 'rs_line_at_new_high': False, 'rs_line_trend': 'up', 'rs_line_score': 35}","{'roe_pct': 241.2, 'debt_to_equity': 4.4, 'current_ratio': 1.06, 'operating_margin_pct': 61.1}","{'days_to_earnings': 'N/A', 'recommendation': 'strong_buy', 'analyst_upside_pct': 12.5}",595.3,521488695296,Financial Services,Credit Services,0.8,2.4,False,601.62,-1.1,5,False,669.46,740.0,550.0,37.0,strong_buy,12.5,618.54,3.9,401.34,-32.6,3.25,19.51,0.58,17.9,3.48,0.54,True,-3.03,28.0,22.1,59.0,2026-10-29,False,False,9,STRONG,3.61,622.8,1.17,18.9,,,,2026-08-31T10:38:58.328181
TMO,Thermo Fisher Scientific Inc.,69.6,⭐⭐ GOOD,🟡 Good,USD,USD,False,True,True,1.0,,80.0,60.0,66.6,75.0,60.0,60.0,63.6,False,up,7.4,True,1,7.8,True,1,"{'eps_growth_yoy': 7.4, 'positive_quarters': 4, 'earnings_accelerating': True, 'eps_accel_quarters': 1, 'profit_margin_pct': 15.0}","{'revenue_growth_yoy': 7.8, 'revenue_accelerating': True, 'rev_accel_quarters': 1}","{'rs_3m': 24.4, 'rs_6m': 9.9, 'rs_line_percentile': 63.6, 'rs_line_at_new_high': False, 'rs_line_trend': 'up', 'rs_line_score': 60}","{'roe_pct': 13.5, 'debt_to_equity': 0.81, 'current_ratio': 1.55, 'operating_margin_pct': 18.8}","{'days_to_earnings': 'N/A', 'recommendation': 'buy', 'analyst_upside_pct': 1.5}",622.18,230049366016,Healthcare,Diagnostics & Research,1.3,2.2,False,647.0,-3.8,6,False,631.42,750.0,520.0,26.0,buy,1.5,324.49,-47.8,186.0,-70.1,2.71,16.87,0.3,9.7,1.88,0.26,True,-2.17,6.2,9.4,51.0,2026-10-21,False,False,5,NEUTRAL,3.25,36.2,2.41,23.0,,,,2026-08-31T10:40:23.270011
CSU.TO,Constellation Software Inc.,69.2,⭐⭐ GOOD,🟡 Good,CAD,USD,True,True,True,1.0,,100.0,60.0,47.1,55.0,65.0,15.0,21.4,False,up,555.4,True,1,11.9,False,0,"{'eps_growth_yoy': 555.4, 'positive_quarters': 4, 'earnings_accelerating': True, 'eps_accel_quarters': 1, 'profit_margin_pct': 7.6}","{'revenue_growth_yoy': 11.9, 'revenue_accelerating': False, 'rev_accel_quarters': 0}","{'rs_3m': 6.3, 'rs_6m': 10.7, 'rs_line_percentile': 21.4, 'rs_line_at_new_high': False, 'rs_line_trend': 'up', 'rs_line_score': 15}","{'roe_pct': 23.3, 'debt_to_equity': 1.2, 'current_ratio': 0.9, 'operating_margin_pct': 15.1}","{'days_to_earnings': 'N/A', 'recommendation': 'buy', 'analyst_upside_pct': 24.8}",3163.56,67040677888,Technology,Software - Application,,5.3,False,4634.98,-31.7,4,False,3947.35,5487.48,3294.57,12.0,buy,24.8,7767.87,145.5,1865.7,-41.0,5.79,183.17,0.18,8.8,5.57,0.19,False,,5.5,389.3,67.0,2026-11-06,False,False,6,NEUTRAL,1.69,191.5,0.04,44.2,,,,2026-08-31T10:39:29.089849
AME,"AMETEK, Inc.",69.1,⭐⭐ GOOD,🟡 Good,USD,USD,False,True,True,1.0,,85.0,60.0,46.7,85.0,65.0,35.0,45.6,False,down,9.6,True,1,8.0,True,1,"{'eps_growth_yoy': 9.6, 'positive_quarters': 4, 'earnings_accelerating': True, 'eps_accel_quarters': 1, 'profit_margin_pct': 20.0}","{'revenue_growth_yoy': 8.0, 'revenue_accelerating': True, 'rev_accel_quarters': 1}","{'rs_3m': 4.2, 'rs_6m': -14.5, 'rs_line_percentile': 45.6, 'rs_line_at_new_high': False, 'rs_line_trend': 'down', 'rs_line_score': 35}","{'roe_pct': 14.6, 'debt_to_equity': 0.21, 'current_ratio': 1.21, 'operating_margin_pct': 26.2}","{'days_to_earnings': 'N/A', 'recommendation': 'buy', 'analyst_upside_pct': 17.5}",236.25,54149210112,Industrials,Specialty Industrial Machinery,1.5,2.5,False,261.16,-9.5,6,False,277.5,316.0,217.0,18.0,buy,17.5,152.01,-35.7,97.27,-58.8,2.76,6.51,0.58,19.0,1.36,0.62,True,-0.82,20.8,14.2,59.0,2026-10-29,False,False,6,NEUTRAL,3.36,144.0,1.84,25.5,1.6,0.06,-23.9,2026-08-31T10:44:01.606632
ROP,"Roper Technologies, Inc.",68.8,⭐⭐ GOOD,🟡 Good,USD,USD,False,True,True,1.0,,100.0,50.0,56.6,60.0,60.0,35.0,33.4,False,up,193.2,True,2,4.5,False,0,"{'eps_growth_yoy': 193.2, 'positive_quarters': 4, 'earnings_accelerating': True, 'eps_accel_quarters': 2, 'profit_margin_pct': 30.2}","{'revenue_growth_yoy': 4.5, 'revenue_accelerating': False, 'rev_accel_quarters': 0}","{'rs_3m': 22.4, 'rs_6m': 8.3, 'rs_line_percentile': 33.4, 'rs_line_at_new_high': False, 'rs_line_trend': 'up', 'rs_line_score': 35}","{'roe_pct': 13.1, 'debt_to_equity': 0.61, 'current_ratio': 0.55, 'operating_margin_pct': 27.7}","{'days_to_earnings': 'N/A', 'recommendation': 'buy', 'analyst_upside_pct': 4.5}",426.2,42151550976,Technology,Software - Application,6.0,6.0,False,530.0,-19.6,4,False,445.2,550.0,335.0,15.0,buy,4.5,971.52,127.9,720.0,68.9,5.38,22.91,0.85,14.5,3.64,0.6,True,-6.47,8.6,163.1,52.0,2026-10-22,False,False,6,NEUTRAL,4.26,1441.1,0.08,18.7,0.8,0.04,-17.9,2026-08-31T10:38:24.807269
SYK,Stryker Corporation,68.8,⭐⭐ GOOD,🟡 Good,USD,USD,False,True,True,1.0,,100.0,60.0,26.7,80.0,65.0,15.0,21.0,False,up,48.5,True,1,8.8,True,1,"{'eps_growth_yoy': 48.5, 'positive_quarters': 4, 'earnings_accelerating': True, 'eps_accel_quarters': 1, 'profit_margin_pct': 14.4}","{'revenue_growth_yoy': 8.8, 'revenue_accelerating': True, 'rev_accel_quarters': 1}","{'rs_3m': 9.0, 'rs_6m': -26.8, 'rs_line_percentile': 21.0, 'rs_line_at_new_high': False, 'rs_line_trend': 'up', 'rs_line_score': 15}","{'roe_pct': 16.5, 'debt_to_equity': 0.64, 'current_ratio': 2.16, 'operating_margin_pct': 27.0}","{'days_to_earnings': 'N/A', 'recommendation': 'buy', 'analyst_upside_pct': 15.7}",330.69,126843772928,Healthcare,Medical Devices,1.9,2.9,False,396.86,-16.7,2,False,382.72,465.0,315.0,25.0,buy,15.7,454.14,37.3,289.8,-12.4,3.24,10.71,1.06,36.1,3.52,0.99,False,,20.0,44.1,59.0,2026-10-29,False,False,5,NEUTRAL,3.69,47.3,0.45,37.5,,,,2026-08-31T10:40:15.135525
ATLKY,Atlas Copco AB (publ),68.6,⭐⭐ GOOD,🟡 Good,USD,SEK,True,True,False,0.6801,"acciones × precio no cuadra con la capitalización (ratio 0.6801): el dato por acción y el precio no están en la misma unidad — típico de ADR. Los ratios por acción (EPS, FCF/acción, DCF) no son utilizables | FCF declarado (2,708,969,461) se aparta del derivado de flujo operativo menos capex (26,379,",80.0,60.0,60.3,80.0,55.0,60.0,57.1,False,up,8.2,True,1,9.1,True,1,"{'eps_growth_yoy': 8.2, 'positive_quarters': 4, 'earnings_accelerating': True, 'eps_accel_quarters': 1, 'profit_margin_pct': 15.7}","{'revenue_growth_yoy': 9.1, 'revenue_accelerating': True, 'rev_accel_quarters': 1}","{'rs_3m': 13.9, 'rs_6m': -6.4, 'rs_line_percentile': 57.1, 'rs_line_at_new_high': False, 'rs_line_trend': 'up', 'rs_line_score': 60}","{'roe_pct': 25.7, 'debt_to_equity': 0.34, 'current_ratio': 1.27}","{'days_to_earnings': 'N/A', 'recommendation': 'none', 'analyst_upside_pct': 20.1}",21.64,105573351424,Industrials,Specialty Industrial Machinery,,,False,22.42,-3.5,7,True,26.0,26.0,26.0,1.0,none,20.1,,,,,2.57,0.82,2.58,73.8,0.56,1.57,False,,126.5,4.0,,,False,False,6,NEUTRAL,,53.6,3.41,21.1,,,,2026-08-31T10:44:06.050011
FAST,Fastenal Company,68.3,⭐⭐ GOOD,🟡 Good,USD,USD,False,True,True,1.0,,80.0,60.0,50.3,95.0,50.0,35.0,36.6,False,up,14.1,False,0,11.9,False,0,"{'eps_growth_yoy': 14.1, 'positive_quarters': 4, 'earnings_accelerating': False, 'eps_accel_quarters': 0, 'profit_margin_pct': 15.5}","{'revenue_growth_yoy': 11.9, 'revenue_accelerating': False, 'rev_accel_quarters': 0}","{'rs_3m': 12.1, 'rs_6m': -4.1, 'rs_line_percentile': 36.6, 'rs_line_at_new_high': False, 'rs_line_trend': 'up', 'rs_line_score': 35}","{'roe_pct': 34.3, 'debt_to_equity': 0.11, 'current_ratio': 4.18, 'operating_margin_pct': 21.0}","{'days_to_earnings': 'N/A', 'recommendation': 'hold', 'analyst_upside_pct': -2.5}",49.78,57122430976,Industrials,Industrial Distribution,3.1,3.5,False,52.92,-5.9,6,False,48.53,59.0,39.9,13.0,hold,-2.5,18.94,-62.0,17.08,-65.7,1.6,0.8,1.93,78.6,0.96,2.16,True,-0.09,395.6,5.8,44.0,2026-10-14,False,False,8,STRONG,2.9,39.6,2.44,23.3,0.8,0.03,-22.5,2026-08-31T10:43:44.864303
SAP,SAP SE,67.8,⭐⭐ GOOD,🟡 Good,USD,EUR,True,True,True,1.0,,75.0,60.0,53.9,90.0,60.0,35.0,40.6,False,up,8.8,False,0,8.8,True,1,"{'eps_growth_yoy': 8.8, 'positive_quarters': 4, 'earnings_accelerating': False, 'eps_accel_quarters': 0, 'profit_margin_pct': 20.4}","{'revenue_growth_yoy': 8.8, 'revenue_accelerating': True, 'rev_accel_quarters': 1}","{'rs_3m': 11.3, 'rs_6m': 2.3, 'rs_line_percentile': 40.6, 'rs_line_at_new_high': False, 'rs_line_trend': 'up', 'rs_line_score': 35}","{'roe_pct': 18.3, 'debt_to_equity': 0.22, 'current_ratio': 1.15, 'operating_margin_pct': 27.6}","{'days_to_earnings': 'N/A', 'recommendation': 'buy', 'analyst_upside_pct': 11.6}",221.54,255702417408,Technology,Software - Application,0.7,2.3,False,281.37,-21.3,4,False,247.25,319.0,177.0,12.0,buy,11.6,387.53,74.9,233.4,5.4,4.12,9.14,1.32,37.5,2.93,1.48,True,-1.14,20.7,30.6,51.0,2026-10-21,False,False,8,STRONG,0.3,146.7,0.75,28.8,0.4,0.01,-28.4,2026-08-31T10:42:18.581822
MCO,Moody's Corporation,67.6,⭐⭐ GOOD,🟡 Good,USD,USD,False,True,True,1.0,,100.0,50.0,46.7,65.0,60.0,35.0,42.9,False,up,35.9,True,2,8.9,False,0,"{'eps_growth_yoy': 35.9, 'positive_quarters': 4, 'earnings_accelerating': True, 'eps_accel_quarters': 2, 'profit_margin_pct': 34.3}","{'revenue_growth_yoy': 8.9, 'revenue_accelerating': False, 'rev_accel_quarters': 0}","{'rs_3m': 9.5, 'rs_6m': -1.7, 'rs_line_percentile': 42.9, 'rs_line_at_new_high': False, 'rs_line_trend': 'up', 'rs_line_score': 35}","{'roe_pct': 76.9, 'debt_to_equity': 2.41, 'current_ratio': 1.19, 'operating_margin_pct': 49.5}","{'days_to_earnings': 'N/A', 'recommendation': 'buy', 'analyst_upside_pct': 8.8}",514.95,89179553792,Financial Services,Financial Data & Stock Exchanges,1.7,3.0,False,546.88,-5.8,5,False,560.48,610.0,505.0,21.0,buy,8.8,631.57,22.6,472.8,-8.2,2.89,14.89,0.8,25.0,4.12,0.81,False,,14.5,56.7,51.0,2026-10-21,False,False,8,STRONG,3.57,106.3,0.48,18.9,,,,2026-08-31T10:39:49.609341
SHW,The Sherwin-Williams Company,67.3,⭐⭐ GOOD,🟡 Good,USD,USD,False,True,True,1.0,,90.0,70.0,50.3,45.0,60.0,35.0,32.3,False,up,1.3,True,2,6.8,True,2,"{'eps_growth_yoy': 1.3, 'positive_quarters': 4, 'earnings_accelerating': True, 'eps_accel_quarters': 2, 'profit_margin_pct': 11.0}","{'revenue_growth_yoy': 6.8, 'revenue_accelerating': True, 'rev_accel_quarters': 2}","{'rs_3m': 15.5, 'rs_6m': -15.4, 'rs_line_percentile': 32.3, 'rs_line_at_new_high': False, 'rs_line_trend': 'up', 'rs_line_score': 35}","{'roe_pct': 65.1, 'debt_to_equity': 3.9, 'current_ratio': 0.73, 'operating_margin_pct': 18.1}","{'days_to_earnings': 'N/A', 'recommendation': 'buy', 'analyst_upside_pct': 13.4}",344.86,83717570560,Basic Materials,Specialty Chemicals,2.6,3.2,False,377.77,-8.7,5,False,391.0,420.0,340.0,22.0,buy,13.4,242.0,-29.8,154.87,-55.1,2.99,10.32,0.93,29.3,3.2,0.87,True,-3.13,7.8,14.3,57.0,2026-10-27,False,False,6,NEUTRAL,3.88,62.0,1.77,27.0,,,,2026-08-31T10:40:40.617471
VLTO,Veralto Corporation,67.3,⭐⭐ GOOD,🟡 Good,USD,USD,False,True,True,1.0,,70.0,70.0,50.3,85.0,60.0,35.0,33.4,False,up,0.8,False,0,5.0,True,2,"{'eps_growth_yoy': 0.8, 'positive_quarters': 4, 'earnings_accelerating': False, 'eps_accel_quarters': 0, 'profit_margin_pct': 17.3}","{'revenue_growth_yoy': 5.0, 'revenue_accelerating': True, 'rev_accel_quarters': 2}","{'rs_3m': 16.4, 'rs_6m': -11.0, 'rs_line_percentile': 33.4, 'rs_line_at_new_high': False, 'rs_line_trend': 'up', 'rs_line_score': 35}","{'roe_pct': 34.3, 'debt_to_equity': 1.16, 'current_ratio': 1.77, 'operating_margin_pct': 21.4}","{'days_to_earnings': 'N/A', 'recommendation': 'buy', 'analyst_upside_pct': 15.0}",98.56,24028270592,Industrials,Pollution & Treatment Controls,2.9,3.9,False,109.86,-10.3,4,False,113.33,136.0,100.0,15.0,buy,15.0,65.53,-33.5,40.1,-59.3,3.36,3.31,0.53,12.6,0.52,,True,-1.81,14.1,10.1,51.0,2026-10-21,False,False,6,NEUTRAL,4.98,76.0,2.04,19.5,1.6,0.08,-17.9,2026-08-31T10:40:31.836026
BRO,"Brown & Brown, Inc.",66.3,⭐⭐ GOOD,🟡 Good,USD,USD,False,True,True,1.0,,90.0,50.0,53.0,75.0,50.0,35.0,28.6,False,up,26.9,False,0,6.7,False,0,"{'eps_growth_yoy': 26.9, 'positive_quarters': 4, 'earnings_accelerating': False, 'eps_accel_quarters': 0, 'profit_margin_pct': 18.1}","{'revenue_growth_yoy': 6.7, 'revenue_accelerating': False, 'rev_accel_quarters': 0}","{'rs_3m': 27.3, 'rs_6m': -10.8, 'rs_line_percentile': 28.6, 'rs_line_at_new_high': False, 'rs_line_trend': 'up', 'rs_line_score': 35}","{'roe_pct': 10.0, 'debt_to_equity': 0.64, 'current_ratio': 1.13, 'operating_margin_pct': 41.8}","{'days_to_earnings': 'N/A', 'recommendation': 'hold', 'analyst_upside_pct': 4.6}",73.31,24530284544,Financial Services,Insurance Brokers,5.6,5.2,False,97.15,-24.5,4,False,76.69,90.0,60.0,16.0,hold,4.6,85.88,17.1,31.3,-57.3,6.7,4.91,0.92,20.6,0.66,0.65,True,-2.56,4.7,2.8,56.0,2026-10-26,False,False,4,NEUTRAL,5.29,175.4,2.14,23.8,3.1,0.13,-20.7,2026-08-31T10:42:00.645557
WM,"Waste Management, Inc.",66.1,⭐⭐ GOOD,🟡 Good,USD,USD,False,True,True,1.0,"FCF declarado (2,348,375,040) se aparta del derivado de flujo operativo menos capex (3,290,000,192)",100.0,70.0,26.7,45.0,65.0,15.0,8.1,False,flat,30.2,True,1,3.7,True,2,"{'eps_growth_yoy': 30.2, 'positive_quarters': 4, 'earnings_accelerating': True, 'eps_accel_quarters': 1, 'profit_margin_pct': 11.1}","{'revenue_growth_yoy': 3.7, 'revenue_accelerating': True, 'rev_accel_quarters': 2}","{'rs_3m': 2.1, 'rs_6m': -21.6, 'rs_line_percentile': 8.1, 'rs_line_at_new_high': False, 'rs_line_trend': 'flat', 'rs_line_score': 15}","{'roe_pct': 29.8, 'debt_to_equity': 2.35, 'current_ratio': 0.91, 'operating_margin_pct': 19.0}","{'days_to_earnings': 'N/A', 'recommendation': 'buy', 'analyst_upside_pct': 18.3}",219.66,87801438208,Industrials,Waste Management,1.5,3.2,False,248.13,-11.5,4,False,259.92,277.0,220.0,25.0,buy,18.3,108.01,-50.8,70.7,-67.8,2.67,5.88,1.72,50.1,3.78,1.49,True,-1.14,5.0,8.3,56.0,2026-10-26,False,False,8,STRONG,3.92,21.3,2.9,13.7,0.2,0.01,-13.5,2026-08-31T10:38:07.307825
AJG,Arthur J. Gallagher & Co.,66.1,⭐⭐ GOOD,🟡 Good,USD,USD,False,True,True,1.0,,80.0,60.0,56.6,65.0,60.0,35.0,41.7,False,up,18.8,False,0,18.9,False,0,"{'eps_growth_yoy': 18.8, 'positive_quarters': 4, 'earnings_accelerating': False, 'eps_accel_quarters': 0, 'profit_margin_pct': 10.4}","{'revenue_growth_yoy': 18.9, 'revenue_accelerating': False, 'rev_accel_quarters': 0}","{'rs_3m': 28.6, 'rs_6m': 4.8, 'rs_line_percentile': 41.7, 'rs_line_at_new_high': False, 'rs_line_trend': 'up', 'rs_line_score': 35}","{'roe_pct': 6.7, 'debt_to_equity': 0.59, 'current_ratio': 1.05, 'operating_margin_pct': 19.2}","{'days_to_earnings': 'N/A', 'recommendation': 'buy', 'analyst_upside_pct': 9.0}",267.56,68586594304,Financial Services,Insurance Brokers,2.3,4.3,False,313.55,-14.7,5,False,291.56,388.0,250.0,18.0,buy,9.0,119.53,-55.3,60.2,-77.5,3.04,8.12,1.05,44.8,2.8,1.01,True,-0.7,4.1,-10.7,59.0,2026-10-29,False,False,6,NEUTRAL,3.09,77.9,,27.2,0.8,0.03,-26.4,2026-08-31T10:41:15.698759
CPRT,"Copart, Inc.",65.8,⭐⭐ GOOD,🟡 Good,USD,USD,False,True,True,1.0,,85.0,60.0,26.7,90.0,65.0,15.0,16.2,False,up,1.5,True,1,10.0,True,1,"{'eps_growth_yoy': 1.5, 'positive_quarters': 4, 'earnings_accelerating': True, 'eps_accel_quarters': 1, 'profit_margin_pct': 33.5}","{'revenue_growth_yoy': 10.0, 'revenue_accelerating': True, 'rev_accel_quarters': 1}","{'rs_3m': 0.4, 'rs_6m': -26.6, 'rs_line_percentile': 16.2, 'rs_line_at_new_high': False, 'rs_line_trend': 'up', 'rs_line_score': 15}","{'roe_pct': 17.6, 'debt_to_equity': 0.01, 'current_ratio': 7.61, 'operating_margin_pct': 37.5}","{'days_to_earnings': 'N/A', 'recommendation': 'buy', 'analyst_upside_pct': 21.9}",32.99,31779547136,Industrials,Specialty Business Services,6.1,4.0,False,50.11,-34.2,1,False,40.2,55.0,25.0,10.0,buy,21.9,15.27,-53.7,16.1,-51.2,3.15,1.04,,,,,True,-4.45,,1.6,3.0,2026-09-03,True,False,6,NEUTRAL,6.41,19.3,8.56,40.9,,,,2026-08-31T10:38:50.191678
ISRG,"Intuitive Surgical, Inc.",65.5,⭐⭐ GOOD,🟡 Good,USD,USD,False,True,True,1.0,,85.0,70.0,24.0,75.0,65.0,15.0,8.3,False,down,16.1,False,0,15.5,True,1,"{'eps_growth_yoy': 16.1, 'positive_quarters': 4, 'earnings_accelerating': False, 'eps_accel_quarters': 0, 'profit_margin_pct': 28.4}","{'revenue_growth_yoy': 15.5, 'revenue_accelerating': True, 'rev_accel_quarters': 1}","{'rs_3m': -11.3, 'rs_6m': -37.6, 'rs_line_percentile': 8.3, 'rs_line_at_new_high': False, 'rs_line_trend': 'down', 'rs_line_score': 15}","{'roe_pct': 17.4, 'current_ratio': 4.96, 'operating_margin_pct': 33.6}","{'days_to_earnings': 'N/A', 'recommendation': 'buy', 'analyst_upside_pct': 28.3}",372.6,133494398976,Healthcare,Medical Instruments & Supplies,2.0,1.7,False,603.88,-38.3,0,False,478.01,685.0,324.0,30.0,buy,28.3,272.63,-26.8,231.08,-38.0,1.96,7.3,,,,,True,-2.67,,26.5,50.0,2026-10-20,False,False,4,NEUTRAL,2.33,22.5,1.16,37.7,,,,2026-08-31T10:45:18.521529
AON,Aon plc,65.3,⭐⭐ GOOD,🟡 Good,USD,USD,False,True,True,1.0,,85.0,50.0,46.7,80.0,60.0,35.0,26.4,False,up,20.3,False,0,6.2,False,0,"{'eps_growth_yoy': 20.3, 'positive_quarters': 4, 'earnings_accelerating': False, 'eps_accel_quarters': 0, 'profit_margin_pct': 22.3}","{'revenue_growth_yoy': 6.2, 'revenue_accelerating': False, 'rev_accel_quarters': 0}","{'rs_3m': 9.5, 'rs_6m': -7.0, 'rs_line_percentile': 26.4, 'rs_line_at_new_high': False, 'rs_line_trend': 'up', 'rs_line_score': 35}","{'roe_pct': 44.7, 'debt_to_equity': 1.63, 'current_ratio': 1.03, 'operating_margin_pct': 23.5}","{'days_to_earnings': 'N/A', 'recommendation': 'buy', 'analyst_upside_pct': 13.7}",355.4,75389378560,Financial Services,Insurance Brokers,1.6,2.6,False,382.34,-7.0,5,False,404.05,445.0,339.0,19.0,buy,13.7,221.34,-37.7,181.3,-49.0,4.23,15.04,0.92,16.8,3.28,0.76,True,-2.12,7.7,-2.1,60.0,2026-10-30,False,False,8,STRONG,6.17,141.9,,18.1,1.6,0.09,-16.5,2026-08-31T10:40:27.561881
CME,CME Group Inc.,65.2,⭐⭐ GOOD,🟡 Good,USD,USD,False,True,True,1.0,"FCF declarado (2,909,012,480) se aparta del derivado de flujo operativo menos capex (4,225,500,192)",85.0,60.0,34.7,85.0,50.0,35.0,43.1,False,up,14.7,False,0,11.0,False,0,"{'eps_growth_yoy': 14.7, 'positive_quarters': 4, 'earnings_accelerating': False, 'eps_accel_quarters': 0, 'profit_margin_pct': 63.4}","{'revenue_growth_yoy': 11.0, 'revenue_accelerating': False, 'rev_accel_quarters': 0}","{'rs_3m': 9.8, 'rs_6m': -22.6, 'rs_line_percentile': 43.1, 'rs_line_at_new_high': False, 'rs_line_trend': 'up', 'rs_line_score': 35}","{'roe_pct': 15.8, 'debt_to_equity': 0.15, 'current_ratio': 1.02, 'operating_margin_pct': 65.0}","{'days_to_earnings': 'N/A', 'recommendation': 'hold', 'analyst_upside_pct': -1.0}",285.8,102767747072,Financial Services,Financial Data & Stock Exchanges,1.6,2.3,False,329.16,-13.2,6,False,283.07,330.0,230.0,15.0,hold,-1.0,119.04,-58.3,118.0,-58.7,2.83,8.09,1.82,95.4,5.2,3.57,True,-1.45,33.0,1.0,51.0,2026-10-21,False,False,6,NEUTRAL,5.27,101.4,8.84,18.3,,,,2026-08-31T10:39:07.045479
ALLY,Ally Financial Inc.,64.7,⭐⭐ GOOD,🟡 Good,USD,USD,False,True,True,1.0,"FCF declarado (-546,000,000) se aparta del derivado de flujo operativo menos capex (291,000,128)",90.0,60.0,36.0,60.0,65.0,15.0,11.2,False,down,3.0,True,2,7.3,True,1,"{'eps_growth_yoy': 3.0, 'positive_quarters': 4, 'earnings_accelerating': True, 'eps_accel_quarters': 2, 'profit_margin_pct': 18.4}","{'revenue_growth_yoy': 7.3, 'revenue_accelerating': True, 'rev_accel_quarters': 1}","{'rs_3m': -0.7, 'rs_6m': -5.1, 'rs_line_percentile': 11.2, 'rs_line_at_new_high': False, 'rs_line_trend': 'down', 'rs_line_score': 15}","{'roe_pct': 9.7, 'operating_margin_pct': 25.3}","{'days_to_earnings': 'N/A', 'recommendation': 'buy', 'analyst_upside_pct': 27.3}",42.18,12831142912,Financial Services,Credit Services,4.3,4.0,False,47.29,-10.8,4,False,53.7,58.0,45.0,17.0,buy,27.3,,,57.38,36.0,-4.26,-1.79,2.84,28.2,1.2,3.2,True,-13.01,,13.5,46.0,2026-10-16,False,False,5,NEUTRAL,,,0.49,19.8,,,,2026-08-31T10:45:57.656190
LPX,Louisiana-Pacific Corporation,64.7,⭐⭐ GOOD,🟡 Good,USD,USD,False,True,True,1.0,"FCF declarado (-96,000,000) se aparta del derivado de flujo operativo menos capex (-33,000,000)",88.0,70.0,24.0,70.0,55.0,15.0,2.3,False,down,188.9,False,0,0.2,True,2,"{'eps_growth_yoy': 188.9, 'positive_quarters': 3, 'earnings_accelerating': False, 'eps_accel_quarters': 0, 'profit_margin_pct': 2.2}","{'revenue_growth_yoy': 0.2, 'revenue_accelerating': True, 'rev_accel_quarters': 2}","{'rs_3m': -5.7, 'rs_6m': -26.7, 'rs_line_percentile': 2.3, 'rs_line_at_new_high': False, 'rs_line_trend': 'down', 'rs_line_score': 15}","{'roe_pct': 3.1, 'debt_to_equity': 0.22, 'current_ratio': 3.22, 'operating_margin_pct': 5.3}","{'days_to_earnings': 'N/A', 'recommendation': 'none', 'analyst_upside_pct': 29.4}",71.26,4982742016,Industrials,Building Products & Equipment,10.0,5.6,True,101.28,-29.6,0,False,92.23,107.0,74.0,13.0,none,29.4,,,7.7,-89.2,-1.93,-1.37,1.68,150.6,1.2,1.27,False,,6.1,-25.9,65.0,2026-11-04,False,False,5,NEUTRAL,4.07,9.3,,41.7,,,,2026-08-31T10:46:33.188350
KR,The Kroger Co.,64.2,⭐⭐ GOOD,🟡 Good,USD,USD,False,True,True,1.0,,78.0,100.0,24.0,30.0,65.0,15.0,6.8,False,flat,48.3,False,0,35.9,True,2,"{'eps_growth_yoy': 48.3, 'positive_quarters': 3, 'earnings_accelerating': False, 'eps_accel_quarters': 0, 'profit_margin_pct': 0.7}","{'revenue_growth_yoy': 35.9, 'revenue_accelerating': True, 'rev_accel_quarters': 2}","{'rs_3m': -7.2, 'rs_6m': -28.1, 'rs_line_percentile': 6.8, 'rs_line_at_new_high': False, 'rs_line_trend': 'flat', 'rs_line_score': 15}","{'roe_pct': 13.8, 'debt_to_equity': 3.73, 'current_ratio': 0.79, 'operating_margin_pct': 3.2}","{'days_to_earnings': 'N/A', 'recommendation': 'buy', 'analyst_upside_pct': 22.1}",57.72,35362000896,Consumer Defensive,Grocery Stores,4.5,4.3,False,76.58,-24.6,3,False,70.45,86.0,58.0,22.0,buy,22.1,109.66,90.0,22.57,-60.9,8.47,4.89,2.49,80.1,1.44,2.02,True,-7.72,3.0,9.2,11.0,2026-09-11,False,True,7,NEUTRAL,2.73,5.9,0.79,21.3,,,,2026-08-31T10:45:48.995138
NYT,The New York Times Company,64.0,⭐⭐ GOOD,🟡 Good,USD,USD,False,True,True,0.9952,"FCF declarado (459,932,128) se aparta del derivado de flujo operativo menos capex (624,278,976)",90.0,60.0,24.0,75.0,60.0,15.0,14.1,False,down,14.4,True,1,8.8,True,1,"{'eps_growth_yoy': 14.4, 'positive_quarters': 4, 'earnings_accelerating': True, 'eps_accel_quarters': 1, 'profit_margin_pct': 13.3}","{'revenue_growth_yoy': 8.8, 'revenue_accelerating': True, 'rev_accel_quarters': 1}","{'rs_3m': -12.0, 'rs_6m': -27.4, 'rs_line_percentile': 14.1, 'rs_line_at_new_high': False, 'rs_line_trend': 'down', 'rs_line_score': 15}","{'roe_pct': 19.7, 'current_ratio': 1.58, 'operating_margin_pct': 17.1}","{'days_to_earnings': 'N/A', 'recommendation': 'buy', 'analyst_upside_pct': 13.9}",68.16,10993089536,Communication Services,Publishing,7.3,5.3,False,87.1,-21.7,3,False,77.67,90.0,63.0,9.0,buy,13.9,66.38,-2.6,33.6,-50.7,4.18,2.87,1.35,32.1,0.92,0.93,True,-1.59,857.1,14.0,65.0,2026-11-04,False,False,8,STRONG,4.38,52.8,1.56,50.7,,,,2026-08-31T10:46:28.292877
PAYX,"Paychex, Inc.",63.8,⭐⭐ GOOD,🟡 Good,USD,USD,False,True,True,1.0,"FCF declarado (2,321,800,000) se aparta del derivado de flujo operativo menos capex (944,300,000)",75.0,50.0,75.0,65.0,40.0,60.0,51.7,False,up,9.6,False,0,4.3,False,0,"{'eps_growth_yoy': 9.6, 'positive_quarters': 4, 'earnings_accelerating': False, 'eps_accel_quarters': 0, 'profit_margin_pct': 26.6}","{'revenue_growth_yoy': 4.3, 'revenue_accelerating': False, 'rev_accel_quarters': 0}","{'rs_3m': 23.6, 'rs_6m': 25.3, 'rs_line_percentile': 51.7, 'rs_line_at_new_high': False, 'rs_line_trend': 'up', 'rs_line_score': 60}","{'debt_to_equity': 1.24, 'current_ratio': 1.15, 'operating_margin_pct': 38.3}","{'days_to_earnings': 'N/A', 'recommendation': 'hold', 'analyst_upside_pct': -12.3}",127.04,45185949696,Technology,Software - Application,6.1,6.4,False,139.06,-8.6,6,False,111.36,150.0,95.0,14.0,hold,-12.3,276.83,117.9,146.7,15.5,5.14,6.53,3.75,90.6,4.76,2.83,True,-1.35,9.6,17.4,29.0,2026-09-29,False,False,7,NEUTRAL,5.3,106.4,0.46,24.1,,,,2026-08-31T10:39:57.509783
VRSN,"VeriSign, Inc.",63.5,⭐⭐ GOOD,🟡 Good,USD,USD,False,True,True,1.0,,75.0,60.0,62.4,50.0,60.0,60.0,53.9,False,up,1.7,False,0,3.7,True,1,"{'eps_growth_yoy': 1.7, 'positive_quarters': 4, 'earnings_accelerating': False, 'eps_accel_quarters': 0, 'profit_margin_pct': 49.8}","{'revenue_growth_yoy': 3.7, 'revenue_accelerating': True, 'rev_accel_quarters': 1}","{'rs_3m': -3.0, 'rs_6m': 16.0, 'rs_line_percentile': 53.9, 'rs_line_at_new_high': False, 'rs_line_trend': 'up', 'rs_line_score': 60}","{'current_ratio': 0.59, 'operating_margin_pct': 68.2}","{'days_to_earnings': 'N/A', 'recommendation': 'buy', 'analyst_upside_pct': 8.9}",291.93,26390470656,Technology,Software - Infrastructure,1.7,1.7,False,312.48,-6.6,7,True,318.0,355.0,270.0,5.0,buy,8.9,165.22,-43.4,92.0,-68.5,3.16,9.21,1.11,34.3,3.24,,True,-3.41,15.5,5.4,52.0,2026-10-22,False,False,8,STRONG,4.14,512.5,3.45,27.9,,,,2026-08-31T10:39:19.617407
WCN,"Waste Connections, Inc.",63.2,⭐⭐ GOOD,🟡 Good,USD,USD,False,True,True,1.0,,80.0,70.0,38.7,50.0,65.0,15.0,21.1,False,up,3.5,True,1,4.2,True,2,"{'eps_growth_yoy': 3.5, 'positive_quarters': 4, 'earnings_accelerating': True, 'eps_accel_quarters': 1, 'profit_margin_pct': 10.9}","{'revenue_growth_yoy': 4.2, 'revenue_accelerating': True, 'rev_accel_quarters': 2}","{'rs_3m': 9.5, 'rs_6m': -16.4, 'rs_line_percentile': 21.1, 'rs_line_at_new_high': False, 'rs_line_trend': 'up', 'rs_line_score': 15}","{'roe_pct': 13.0, 'debt_to_equity': 1.22, 'current_ratio': 0.66, 'operating_margin_pct': 19.7}","{'days_to_earnings': 'N/A', 'recommendation': 'strong_buy', 'analyst_upside_pct': 20.9}",165.93,41742884864,Industrials,Waste Management,1.7,2.8,False,185.12,-10.4,3,False,200.6,220.0,162.0,25.0,strong_buy,20.9,65.1,-60.8,41.5,-75.0,2.51,4.17,0.84,33.0,1.4,0.69,True,-2.68,5.0,4.4,50.0,2026-10-20,False,False,6,NEUTRAL,3.41,19.4,6.07,14.6,,,,2026-08-31T10:38:02.621797
RSG,"Republic Services, Inc.",63.2,⭐⭐ GOOD,🟡 Good,USD,USD,False,True,True,1.0,"FCF declarado (1,942,625,024) se aparta del derivado de flujo operativo menos capex (2,655,000,128)",80.0,70.0,38.7,60.0,50.0,15.0,24.2,False,up,2.9,True,1,5.2,True,2,"{'eps_growth_yoy': 2.9, 'positive_quarters': 4, 'earnings_accelerating': True, 'eps_accel_quarters': 1, 'profit_margin_pct': 12.9}","{'revenue_growth_yoy': 5.2, 'revenue_accelerating': True, 'rev_accel_quarters': 2}","{'rs_3m': 9.2, 'rs_6m': -15.7, 'rs_line_percentile': 24.2, 'rs_line_at_new_high': False, 'rs_line_trend': 'up', 'rs_line_score': 15}","{'roe_pct': 18.2, 'debt_to_equity': 1.19, 'current_ratio': 0.64, 'operating_margin_pct': 20.4}","{'days_to_earnings': 'N/A', 'recommendation': 'none', 'analyst_upside_pct': 10.7}",222.11,68012965888,Industrials,Waste Management,2.1,3.0,False,235.18,-5.6,6,False,245.92,272.0,208.0,24.0,none,10.7,102.05,-54.1,70.6,-68.2,2.86,6.34,1.21,35.4,2.68,1.21,True,-2.16,5.3,2.5,59.0,2026-10-29,False,False,6,NEUTRAL,3.85,24.7,5.41,15.3,,,,2026-08-31T10:39:11.151355
COF,Capital One Financial Corporation,63.1,⭐⭐ GOOD,🟡 Good,USD,USD,False,True,True,1.0,,75.0,60.0,50.3,60.0,65.0,35.0,33.3,False,up,-5.4,True,2,2.5,True,1,"{'eps_growth_yoy': -5.4, 'positive_quarters': 4, 'earnings_accelerating': True, 'eps_accel_quarters': 2, 'profit_margin_pct': 21.9}","{'revenue_growth_yoy': 2.5, 'revenue_accelerating': True, 'rev_accel_quarters': 1}","{'rs_3m': 15.6, 'rs_6m': -0.8, 'rs_line_percentile': 33.3, 'rs_line_at_new_high': False, 'rs_line_trend': 'up', 'rs_line_score': 35}","{'roe_pct': 9.0, 'operating_margin_pct': 33.6}","{'days_to_earnings': 'N/A', 'recommendation': 'buy', 'analyst_upside_pct': 19.8}",215.67,132313546752,Financial Services,Credit Services,2.0,2.7,False,259.64,-16.9,5,False,258.27,300.0,214.0,22.0,buy,19.8,1806.93,737.8,544.8,152.6,19.76,42.61,1.48,16.5,3.2,1.68,True,-6.88,,,50.0,2026-10-20,False,False,5,NEUTRAL,,,0.51,26.2,0.8,0.03,-25.4,2026-08-31T10:45:31.564732
FCNCA,"First Citizens BancShares, Inc.",62.8,⭐⭐ GOOD,🟡 Good,USD,USD,False,True,False,0.911,"acciones × precio no cuadra con la capitalización (ratio 0.9110): el dato por acción y el precio no están en la misma unidad — típico de ADR. Los ratios por acción (EPS, FCF/acción, DCF) no son utilizables",95.0,30.0,60.3,65.0,50.0,60.0,50.2,False,up,18.3,True,1,-0.2,False,0,"{'eps_growth_yoy': 18.3, 'positive_quarters': 4, 'earnings_accelerating': True, 'eps_accel_quarters': 1, 'profit_margin_pct': 25.2}","{'revenue_growth_yoy': -0.2, 'revenue_accelerating': False, 'rev_accel_quarters': 0}","{'rs_3m': 11.4, 'rs_6m': -0.0, 'rs_line_percentile': 50.2, 'rs_line_at_new_high': False, 'rs_line_trend': 'up', 'rs_line_score': 60}","{'roe_pct': 10.7, 'operating_margin_pct': 39.0}","{'days_to_earnings': 'N/A', 'recommendation': 'hold', 'analyst_upside_pct': 6.8}",2194.07,24777895936,Financial Services,Banks - Regional,4.8,5.9,False,2296.3,-4.5,7,True,2342.67,2525.0,2100.0,12.0,hold,6.8,,,,,5.49,132.29,0.38,4.4,8.4,0.31,True,-13.32,,12.4,52.0,2026-10-22,False,False,5,NEUTRAL,,,0.36,19.1,,,,2026-08-31T10:47:29.940217
ASAZY,ASSA ABLOY AB (publ),62.6,⭐⭐ GOOD,🟡 Good,USD,SEK,True,True,False,0.9482,"acciones × precio no cuadra con la capitalización (ratio 0.9482): el dato por acción y el precio no están en la misma unidad — típico de ADR. Los ratios por acción (EPS, FCF/acción, DCF) no son utilizables | FCF declarado (1,918,675,206) se aparta del derivado de flujo operativo menos capex (18,638,",90.0,60.0,26.7,65.0,55.0,15.0,17.3,False,flat,15.9,True,1,3.3,True,1,"{'eps_growth_yoy': 15.9, 'positive_quarters': 4, 'earnings_accelerating': True, 'eps_accel_quarters': 1, 'profit_margin_pct': 10.8}","{'revenue_growth_yoy': 3.3, 'revenue_accelerating': True, 'rev_accel_quarters': 1}","{'rs_3m': 3.5, 'rs_6m': -23.4, 'rs_line_percentile': 17.3, 'rs_line_at_new_high': False, 'rs_line_trend': 'flat', 'rs_line_score': 15}","{'roe_pct': 15.6, 'debt_to_equity': 0.64, 'current_ratio': 1.01}","{'days_to_earnings': 'N/A', 'recommendation': 'none', 'analyst_upside_pct': 17.5}",18.51,41120940032,Industrials,Security & Protection Services,,,False,21.98,-15.8,3,False,21.74,21.74,21.74,1.0,none,17.5,,,,,4.67,0.91,1.78,41.9,0.33,1.7,False,,,8.0,57.0,2026-10-27,False,False,8,STRONG,,118.2,1.3,16.9,,,,2026-08-31T10:43:05.976300
TNE.AX,Technology One Limited,62.5,⭐⭐ GOOD,🟡 Good,AUD,AUD,False,True,True,1.0,,60.0,50.0,64.0,95.0,50.0,,,,,,,0,,,0,{'profit_margin_pct': 22.4},{},"{'rs_3m': -2.9, 'rs_6m': 17.0}","{'roe_pct': 33.5, 'debt_to_equity': 0.12, 'current_ratio': 1.12, 'operating_margin_pct': 27.1}","{'days_to_earnings': 'N/A', 'recommendation': 'none', 'analyst_upside_pct': -4.4}",32.59,10668941312,Technology,Software - Application,,,False,39.99,-18.5,6,False,31.16,34.25,22.0,16.0,none,-4.4,7.85,-75.9,4.3,-86.8,1.42,0.46,0.86,62.2,0.28,0.98,,,,3.1,77.0,2026-11-17,False,False,3,NEUTRAL,1.76,162.9,8.53,28.5,,,,2026-08-31T10:44:14.504124
AXP,American Express Company,62.5,⭐⭐ GOOD,🟡 Good,USD,USD,False,True,True,1.0,,70.0,60.0,38.7,85.0,60.0,15.0,21.2,False,down,7.2,False,0,6.6,True,1,"{'eps_growth_yoy': 7.2, 'positive_quarters': 4, 'earnings_accelerating': False, 'eps_accel_quarters': 0, 'profit_margin_pct': 16.1}","{'revenue_growth_yoy': 6.6, 'revenue_accelerating': True, 'rev_accel_quarters': 1}","{'rs_3m': 4.9, 'rs_6m': -3.7, 'rs_line_percentile': 21.2, 'rs_line_at_new_high': False, 'rs_line_trend': 'down', 'rs_line_score': 15}","{'roe_pct': 34.4, 'debt_to_equity': 1.72, 'current_ratio': 1.55, 'operating_margin_pct': 20.3}","{'days_to_earnings': 'N/A', 'recommendation': 'buy', 'analyst_upside_pct': 12.8}",333.2,225013235712,Financial Services,Credit Services,2.1,3.9,False,387.49,-14.0,2,False,375.96,450.0,315.0,25.0,buy,12.8,486.59,46.0,181.39,-45.6,7.11,23.7,1.14,21.5,3.8,1.1,True,-3.32,,7.7,53.0,2026-10-23,False,False,4,NEUTRAL,,,1.51,18.1,,,,2026-08-31T10:44:27.304945
TYL,"Tyler Technologies, Inc.",62.2,⭐⭐ GOOD,🟡 Good,USD,USD,False,True,True,1.0,,80.0,50.0,42.3,75.0,60.0,15.0,23.7,False,up,10.8,False,0,8.3,False,0,"{'eps_growth_yoy': 10.8, 'positive_quarters': 4, 'earnings_accelerating': False, 'eps_accel_quarters': 0, 'profit_margin_pct': 13.4}","{'revenue_growth_yoy': 8.3, 'revenue_accelerating': False, 'rev_accel_quarters': 0}","{'rs_3m': 12.9, 'rs_6m': -6.1, 'rs_line_percentile': 23.7, 'rs_line_at_new_high': False, 'rs_line_trend': 'up', 'rs_line_score': 15}","{'roe_pct': 9.7, 'debt_to_equity': 0.48, 'current_ratio': 1.55, 'operating_margin_pct': 14.7}","{'days_to_earnings': 'N/A', 'recommendation': 'buy', 'analyst_upside_pct': 12.9}",377.94,15477501952,Technology,Software - Application,10.6,4.5,True,566.58,-33.3,3,False,426.64,525.0,335.0,22.0,buy,12.9,356.81,-5.6,117.8,-68.8,3.84,14.52,,,,,True,-6.0,65.3,15.5,58.0,2026-10-28,False,False,8,STRONG,2.48,139.0,1.59,38.4,0.8,0.02,-37.6,2026-08-31T10:40:36.310367
KVUE,Kenvue Inc.,62.1,⭐⭐ GOOD,🟡 Good,USD,USD,False,True,True,1.0,,80.0,50.0,50.3,70.0,50.0,35.0,43.3,False,up,14.6,False,0,5.1,False,0,"{'eps_growth_yoy': 14.6, 'positive_quarters': 4, 'earnings_accelerating': False, 'eps_accel_quarters': 0, 'profit_margin_pct': 10.8}","{'revenue_growth_yoy': 5.1, 'revenue_accelerating': False, 'rev_accel_quarters': 0}","{'rs_3m': 10.0, 'rs_6m': -8.8, 'rs_line_percentile': 43.3, 'rs_line_at_new_high': False, 'rs_line_trend': 'up', 'rs_line_score': 35}","{'roe_pct': 15.6, 'debt_to_equity': 0.82, 'current_ratio': 1.0, 'operating_margin_pct': 19.4}","{'days_to_earnings': 'N/A', 'recommendation': 'hold', 'analyst_upside_pct': 1.7}",19.17,36821229568,Consumer Defensive,Household & Personal Products,3.2,2.7,False,20.82,-7.9,7,True,19.5,23.0,18.0,12.0,hold,1.7,18.41,-4.0,8.5,-55.7,5.18,0.99,4.38,97.7,0.84,,True,-0.19,6.2,3.4,66.0,2026-11-05,False,False,7,NEUTRAL,5.48,109.8,1.82,20.3,,,,2026-08-31T10:47:04.058561
ADP,"Automatic Data Processing, Inc.",61.8,⭐⭐ GOOD,🟡 Good,USD,USD,False,True,True,1.0,,55.0,50.0,75.0,85.0,50.0,60.0,52.6,False,up,-3.4,False,0,5.8,False,0,"{'eps_growth_yoy': -3.4, 'positive_quarters': 4, 'earnings_accelerating': False, 'eps_accel_quarters': 0, 'profit_margin_pct': 20.1}","{'revenue_growth_yoy': 5.8, 'revenue_accelerating': False, 'rev_accel_quarters': 0}","{'rs_3m': 22.2, 'rs_6m': 23.2, 'rs_line_percentile': 52.6, 'rs_line_at_new_high': False, 'rs_line_trend': 'up', 'rs_line_score': 60}","{'roe_pct': 72.2, 'debt_to_equity': 0.91, 'current_ratio': 1.05, 'operating_margin_pct': 23.5}","{'days_to_earnings': 'N/A', 'recommendation': 'hold', 'analyst_upside_pct': -0.1}",287.48,114205097984,Technology,Software - Application,3.1,4.6,False,302.68,-5.0,6,False,287.27,322.0,225.0,15.0,hold,-0.1,258.07,-10.2,109.5,-61.9,4.59,13.2,2.37,60.7,6.8,2.04,True,-1.82,13.5,3.9,58.0,2026-10-28,False,False,6,NEUTRAL,5.36,173.6,2.19,20.0,,,,2026-08-31T10:38:28.988778
JKHY,"Jack Henry & Associates, Inc.",61.8,⭐⭐ GOOD,🟡 Good,USD,USD,False,True,True,1.0,,60.0,60.0,50.3,85.0,60.0,35.0,47.9,False,up,-3.7,True,1,3.4,True,1,"{'eps_growth_yoy': -3.7, 'positive_quarters': 4, 'earnings_accelerating': True, 'eps_accel_quarters': 1, 'profit_margin_pct': 19.8}","{'revenue_growth_yoy': 3.4, 'revenue_accelerating': True, 'rev_accel_quarters': 1}","{'rs_3m': 19.4, 'rs_6m': -8.5, 'rs_line_percentile': 47.9, 'rs_line_at_new_high': False, 'rs_line_trend': 'up', 'rs_line_score': 35}","{'roe_pct': 23.6, 'debt_to_equity': 0.06, 'operating_margin_pct': 21.7}","{'days_to_earnings': 'N/A', 'recommendation': 'buy', 'analyst_upside_pct': 12.8}",169.73,12059449344,Technology,Information Technology Services,7.0,4.7,False,193.39,-12.2,5,False,191.53,215.0,170.0,15.0,buy,12.8,84.98,-49.9,69.8,-58.9,3.4,5.78,1.44,34.1,2.44,1.22,True,-2.36,123.3,-10.2,64.0,2026-11-03,False,False,9,STRONG,4.9,162.7,,31.8,0.2,0.01,-31.6,2026-08-31T10:45:02.103579
CB,Chubb Limited,61.6,⭐⭐ GOOD,🟡 Good,USD,USD,False,True,True,1.0,,80.0,50.0,46.7,65.0,60.0,35.0,36.3,False,up,1.9,True,1,-1.5,True,2,"{'eps_growth_yoy': 1.9, 'positive_quarters': 4, 'earnings_accelerating': True, 'eps_accel_quarters': 1, 'profit_margin_pct': 18.1}","{'revenue_growth_yoy': -1.5, 'revenue_accelerating': True, 'rev_accel_quarters': 2}","{'rs_3m': 8.4, 'rs_6m': -12.9, 'rs_line_percentile': 36.3, 'rs_line_at_new_high': False, 'rs_line_trend': 'up', 'rs_line_score': 35}","{'roe_pct': 14.8, 'debt_to_equity': 0.31, 'current_ratio': 0.41, 'operating_margin_pct': 23.5}","{'days_to_earnings': 'N/A', 'recommendation': 'buy', 'analyst_upside_pct': 7.7}",339.92,131141099520,Financial Services,Insurance - Property & Casualty,1.0,2.0,False,365.91,-7.1,5,False,366.13,425.0,306.0,23.0,buy,7.7,400.01,17.7,282.1,-17.0,8.0,27.19,1.2,13.9,4.08,1.44,True,-3.43,18.9,-0.5,57.0,2026-10-27,False,False,6,NEUTRAL,8.99,,,13.6,,,,2026-08-31T10:43:36.250191
FDS,FactSet Research Systems Inc.,61.5,⭐⭐ GOOD,🟡 Good,USD,USD,False,True,True,1.0,,65.0,60.0,62.3,70.0,40.0,35.0,43.5,False,up,-17.5,True,1,4.4,True,1,"{'eps_growth_yoy': -17.5, 'positive_quarters': 4, 'earnings_accelerating': True, 'eps_accel_quarters': 1, 'profit_margin_pct': 23.2}","{'revenue_growth_yoy': 4.4, 'revenue_accelerating': True, 'rev_accel_quarters': 1}","{'rs_3m': 12.4, 'rs_6m': 28.5, 'rs_line_percentile': 43.5, 'rs_line_at_new_high': False, 'rs_line_trend': 'up', 'rs_line_score': 35}","{'roe_pct': 27.0, 'debt_to_equity': 0.77, 'current_ratio': 0.68, 'operating_margin_pct': 30.5}","{'days_to_earnings': 'N/A', 'recommendation': 'hold', 'analyst_upside_pct': -16.2}",308.98,10989041664,Financial Services,Financial Data & Stock Exchanges,11.6,4.1,True,377.07,-18.1,6,False,259.06,340.0,210.0,16.0,hold,-16.2,256.99,-16.8,151.7,-50.9,5.65,17.47,1.5,29.4,4.64,1.03,True,-5.57,14.1,-3.8,17.0,2026-09-17,False,True,6,NEUTRAL,6.34,187.1,,33.9,0.4,0.01,-33.5,2026-08-31T10:43:40.734223
MCD,McDonald's Corporation,61.5,⭐⭐ GOOD,🟡 Good,USD,USD,False,True,True,1.0,,85.0,60.0,24.0,65.0,65.0,15.0,4.6,False,down,3.7,True,1,0.3,True,1,"{'eps_growth_yoy': 3.7, 'positive_quarters': 4, 'earnings_accelerating': True, 'eps_accel_quarters': 1, 'profit_margin_pct': 31.7}","{'revenue_growth_yoy': 0.3, 'revenue_accelerating': True, 'rev_accel_quarters': 1}","{'rs_3m': -5.1, 'rs_6m': -32.6, 'rs_line_percentile': 4.6, 'rs_line_at_new_high': False, 'rs_line_trend': 'down', 'rs_line_score': 15}","{'current_ratio': 1.08, 'operating_margin_pct': 46.5}","{'days_to_earnings': 'N/A', 'recommendation': 'buy', 'analyst_upside_pct': 19.0}",265.0,187525005312,Consumer Cyclical,Restaurants,1.7,2.4,False,341.75,-22.5,1,False,315.39,407.0,250.0,31.0,buy,19.0,146.0,-44.9,123.2,-53.5,3.34,8.85,2.81,59.7,7.44,2.23,True,-1.24,7.9,4.0,66.0,2026-11-05,False,False,6,NEUTRAL,5.17,29.1,3.33,21.1,,,,2026-08-31T10:41:47.059272
CHD,"Church & Dwight Co., Inc.",61.1,⭐⭐ GOOD,🟡 Good,USD,USD,False,True,True,1.0,,90.0,30.0,46.7,75.0,60.0,35.0,36.8,False,up,13.2,True,1,-2.5,False,0,"{'eps_growth_yoy': 13.2, 'positive_quarters': 4, 'earnings_accelerating': True, 'eps_accel_quarters': 1, 'profit_margin_pct': 12.0}","{'revenue_growth_yoy': -2.5, 'revenue_accelerating': False, 'rev_accel_quarters': 0}","{'rs_3m': 4.9, 'rs_6m': -14.7, 'rs_line_percentile': 36.8, 'rs_line_at_new_high': False, 'rs_line_trend': 'up', 'rs_line_score': 35}","{'roe_pct': 17.0, 'debt_to_equity': 0.56, 'current_ratio': 1.15, 'operating_margin_pct': 18.1}","{'days_to_earnings': 'N/A', 'recommendation': 'buy', 'analyst_upside_pct': 4.1}",101.26,24019267584,Consumer Defensive,Household & Personal Products,5.2,5.9,False,106.04,-4.5,6,False,105.37,115.0,78.0,19.0,buy,4.1,74.93,-26.0,31.2,-69.2,3.91,3.96,1.21,38.6,1.23,1.16,True,-2.5,10.6,6.3,60.0,2026-10-30,False,False,7,NEUTRAL,4.02,114.1,2.79,24.2,,,,2026-08-31T10:43:01.502009
AUTO.L,Autotrader Group plc,61.1,⭐⭐ GOOD,🟡 Good,GBp,GBP,True,True,False,100.0,"acciones × precio no cuadra con la capitalización (ratio 100.0000): el dato por acción y el precio no están en la misma unidad — típico de ADR. Los ratios por acción (EPS, FCF/acción, DCF) no son utilizables",60.0,50.0,60.5,90.0,50.0,,,,,,,0,,,0,{'profit_margin_pct': 47.1},{},"{'rs_3m': 17.1, 'rs_6m': -3.7}","{'roe_pct': 60.2, 'debt_to_equity': 0.52, 'current_ratio': 1.73, 'operating_margin_pct': 62.2}","{'days_to_earnings': 'N/A', 'recommendation': 'none', 'analyst_upside_pct': 6.5}",528.0,4103938304,Communication Services,Internet Content & Information,,,False,828.8,-36.3,2,False,562.06,800.0,410.0,18.0,none,6.5,,,,,5.94,0.31,2.2,32.0,12.0,1.35,,,,2.5,66.0,2026-11-05,False,False,5,NEUTRAL,8.8,332.4,2.37,27.1,,,,2026-08-31T10:45:05.738164
ITW,Illinois Tool Works Inc.,60.8,⭐⭐ GOOD,🟡 Good,USD,USD,False,True,True,1.0,,70.0,60.0,50.3,65.0,50.0,35.0,36.3,False,up,-0.7,True,2,6.0,True,1,"{'eps_growth_yoy': -0.7, 'positive_quarters': 4, 'earnings_accelerating': True, 'eps_accel_quarters': 2, 'profit_margin_pct': 19.4}","{'revenue_growth_yoy': 6.0, 'revenue_accelerating': True, 'rev_accel_quarters': 1}","{'rs_3m': 13.0, 'rs_6m': -15.3, 'rs_line_percentile': 36.3, 'rs_line_at_new_high': False, 'rs_line_trend': 'up', 'rs_line_score': 35}","{'roe_pct': 104.6, 'debt_to_equity': 3.35, 'current_ratio': 1.11, 'operating_margin_pct': 26.9}","{'days_to_earnings': 'N/A', 'recommendation': 'hold', 'analyst_upside_pct': 7.8}",280.1,79772483584,Industrials,Specialty Industrial Machinery,3.1,6.2,False,303.16,-7.6,6,False,301.86,350.0,249.0,14.0,hold,7.8,169.1,-39.6,111.5,-60.2,3.05,8.54,2.46,58.3,6.88,2.26,True,-2.35,14.6,4.0,53.0,2026-10-23,False,False,5,NEUTRAL,4.8,118.3,2.24,14.7,,,,2026-08-31T10:42:52.830384
STZ,"Constellation Brands, Inc.",60.8,⭐⭐ GOOD,🟡 Good,USD,USD,False,True,True,0.9997,,100.0,40.0,24.0,60.0,70.0,15.0,1.2,False,down,40.3,True,1,-1.9,True,1,"{'eps_growth_yoy': 40.3, 'positive_quarters': 4, 'earnings_accelerating': True, 'eps_accel_quarters': 1, 'profit_margin_pct': 20.1}","{'revenue_growth_yoy': -1.9, 'revenue_accelerating': True, 'rev_accel_quarters': 1}","{'rs_3m': -5.0, 'rs_6m': -28.0, 'rs_line_percentile': 1.2, 'rs_line_at_new_high': False, 'rs_line_trend': 'down', 'rs_line_score': 15}","{'roe_pct': 23.7, 'debt_to_equity': 1.23, 'current_ratio': 0.91, 'operating_margin_pct': 35.9}","{'days_to_earnings': 'N/A', 'recommendation': 'buy', 'analyst_upside_pct': 30.7}",130.69,22322421760,Consumer Defensive,Beverages - Brewers,4.9,4.1,False,168.6,-22.5,3,False,170.83,209.0,115.0,23.0,buy,30.7,549.0,320.1,314.7,140.8,9.9,12.95,3.15,39.0,4.12,1.78,True,-3.77,8.2,21.5,35.0,2026-10-05,False,False,6,NEUTRAL,8.29,29.4,0.34,30.7,0.4,0.01,-30.3,2026-08-31T10:46:14.827618
OTIS,Otis Worldwide Corporation,60.6,⭐⭐ GOOD,🟡 Good,USD,USD,False,True,True,1.0,,90.0,60.0,26.7,45.0,65.0,15.0,4.7,False,down,14.4,True,1,4.6,True,1,"{'eps_growth_yoy': 14.4, 'positive_quarters': 4, 'earnings_accelerating': True, 'eps_accel_quarters': 1, 'profit_margin_pct': 10.2}","{'revenue_growth_yoy': 4.6, 'revenue_accelerating': True, 'rev_accel_quarters': 1}","{'rs_3m': 2.4, 'rs_6m': -35.1, 'rs_line_percentile': 4.7, 'rs_line_at_new_high': False, 'rs_line_trend': 'down', 'rs_line_score': 15}","{'current_ratio': 0.83, 'operating_margin_pct': 15.1}","{'days_to_earnings': 'N/A', 'recommendation': 'buy', 'analyst_upside_pct': 23.8}",71.74,27309217792,Industrials,Specialty Industrial Machinery,4.5,3.9,False,94.565,-24.1,1,False,88.83,105.0,75.0,12.0,buy,23.8,83.98,17.1,50.57,-29.5,5.26,3.77,2.45,43.7,1.76,1.5,True,-3.86,,9.1,58.0,2026-10-28,False,False,6,NEUTRAL,6.23,171.1,1.21,19.5,1.6,0.08,-17.9,2026-08-31T10:42:35.192945
ECL,Ecolab Inc.,60.3,⭐⭐ GOOD,🟡 Good,USD,USD,False,True,True,1.0,"FCF declarado (1,474,824,960) se aparta del derivado de flujo operativo menos capex (2,008,500,000)",60.0,60.0,50.3,75.0,60.0,35.0,35.7,False,up,-8.6,True,1,6.0,True,1,"{'eps_growth_yoy': -8.6, 'positive_quarters': 4, 'earnings_accelerating': True, 'eps_accel_quarters': 1, 'profit_margin_pct': 12.6}","{'revenue_growth_yoy': 6.0, 'revenue_accelerating': True, 'rev_accel_quarters': 1}","{'rs_3m': 13.1, 'rs_6m': -17.7, 'rs_line_percentile': 35.7, 'rs_line_at_new_high': False, 'rs_line_trend': 'up', 'rs_line_score': 35}","{'roe_pct': 22.0, 'debt_to_equity': 1.38, 'current_ratio': 1.84, 'operating_margin_pct': 18.5}","{'days_to_earnings': 'N/A', 'recommendation': 'buy', 'analyst_upside_pct': 13.3}",286.75,80384229376,Basic Materials,Specialty Chemicals,1.4,2.9,False,309.27,-7.3,6,False,324.95,360.0,295.0,21.0,buy,13.3,78.41,-72.7,74.6,-74.0,1.83,5.26,1.02,38.1,2.92,1.06,True,-1.56,9.1,3.3,57.0,2026-10-27,False,False,6,NEUTRAL,3.2,52.2,9.23,17.7,1.6,0.09,-16.1,2026-08-31T10:41:07.264608
ORLY,"O'Reilly Automotive, Inc.",60.2,⭐⭐ GOOD,🟡 Good,USD,USD,False,True,True,1.0,"FCF declarado (1,570,733,824) se aparta del derivado de flujo operativo menos capex (2,120,623,976)",70.0,70.0,38.7,50.0,65.0,15.0,9.6,False,flat,-1.5,True,2,4.0,True,2,"{'eps_growth_yoy': -1.5, 'positive_quarters': 4, 'earnings_accelerating': True, 'eps_accel_quarters': 2, 'profit_margin_pct': 14.3}","{'revenue_growth_yoy': 4.0, 'revenue_accelerating': True, 'rev_accel_quarters': 2}","{'rs_3m': 0.5, 'rs_6m': -19.6, 'rs_line_percentile': 9.6, 'rs_line_at_new_high': False, 'rs_line_trend': 'flat', 'rs_line_score': 15}","{'current_ratio': 0.75, 'operating_margin_pct': 20.2}","{'days_to_earnings': 'N/A', 'recommendation': 'buy', 'analyst_upside_pct': 21.8}",88.5,71593025536,Consumer Cyclical,Auto Parts,3.0,3.5,False,108.72,-18.6,1,False,107.8,120.0,89.0,25.0,buy,21.8,38.75,-56.2,32.44,-63.3,2.19,1.94,,,,,True,-4.68,14.4,10.3,58.0,2026-10-28,False,False,7,NEUTRAL,4.29,40.2,2.35,20.8,,,,2026-08-31T10:42:10.318773
MTD,Mettler-Toledo International Inc.,60.1,⭐⭐ GOOD,🟡 Good,USD,USD,False,True,True,1.0,,85.0,40.0,60.3,50.0,50.0,60.0,50.1,False,up,7.1,True,1,-0.2,True,1,"{'eps_growth_yoy': 7.1, 'positive_quarters': 4, 'earnings_accelerating': True, 'eps_accel_quarters': 1, 'profit_margin_pct': 21.9}","{'revenue_growth_yoy': -0.2, 'revenue_accelerating': True, 'rev_accel_quarters': 1}","{'rs_3m': 16.5, 'rs_6m': -7.1, 'rs_line_percentile': 50.1, 'rs_line_at_new_high': False, 'rs_line_trend': 'up', 'rs_line_score': 60}","{'debt_to_equity': 166.68, 'current_ratio': 1.12, 'operating_margin_pct': 31.2}","{'days_to_earnings': 'N/A', 'recommendation': 'none', 'analyst_upside_pct': 5.0}",1398.58,28022730752,Healthcare,Diagnostics & Research,4.1,4.3,False,1525.17,-8.3,6,False,1468.91,1600.0,1200.0,11.0,none,5.0,949.22,-32.1,811.24,-42.0,2.48,34.62,,,,,True,-2.77,16.8,9.2,66.0,2026-11-05,False,False,6,NEUTRAL,3.71,110.6,1.48,17.7,,,,2026-08-31T10:41:51.603356
UBER,"Uber Technologies, Inc.",60.0,⭐ AVERAGE,🟡 Average,USD,USD,False,True,True,1.0,"FCF declarado (7,244,749,824) se aparta del derivado de flujo operativo menos capex (10,088,000,512)",70.0,60.0,38.7,65.0,65.0,15.0,22.1,False,up,-63.9,True,2,5.4,True,1,"{'eps_growth_yoy': -63.9, 'positive_quarters': 4, 'earnings_accelerating': True, 'eps_accel_quarters': 2, 'profit_margin_pct': 17.3}","{'revenue_growth_yoy': 5.4, 'revenue_accelerating': True, 'rev_accel_quarters': 1}","{'rs_3m': 5.2, 'rs_6m': -8.9, 'rs_line_percentile': 22.1, 'rs_line_at_new_high': False, 'rs_line_trend': 'up', 'rs_line_score': 15}","{'roe_pct': 37.2, 'debt_to_equity': 0.52, 'current_ratio': 0.84, 'operating_margin_pct': 13.3}","{'days_to_earnings': 'N/A', 'recommendation': 'buy', 'analyst_upside_pct': 29.2}",78.82,160994590720,Technology,Software - Application,2.4,2.3,False,101.99,-22.7,3,False,101.85,150.0,70.0,46.0,buy,29.2,150.42,90.8,136.8,73.6,4.5,3.55,,,,,True,-4.29,15.5,85.5,64.0,2026-11-03,False,False,6,NEUTRAL,3.64,133.2,0.21,43.6,0.4,0.01,-43.2,2026-08-31T10:46:51.088272
FHN,First Horizon Corporation,59.6,⭐ AVERAGE,🟡 Average,USD,USD,False,True,True,1.0,"FCF declarado (595,000,000) se aparta del derivado de flujo operativo menos capex (1,026,000,000)",85.0,40.0,46.7,65.0,50.0,35.0,28.4,False,down,3.1,True,1,-0.5,True,1,"{'eps_growth_yoy': 3.1, 'positive_quarters': 4, 'earnings_accelerating': True, 'eps_accel_quarters': 1, 'profit_margin_pct': 30.2}","{'revenue_growth_yoy': -0.5, 'revenue_accelerating': True, 'rev_accel_quarters': 1}","{'rs_3m': 3.4, 'rs_6m': -9.2, 'rs_line_percentile': 28.4, 'rs_line_at_new_high': False, 'rs_line_trend': 'down', 'rs_line_score': 35}","{'roe_pct': 11.5, 'operating_margin_pct': 41.3}","{'days_to_earnings': 'N/A', 'recommendation': 'none', 'analyst_upside_pct': 14.0}",24.65,11678606336,Financial Services,Banks - Regional,0.0,0.0,False,26.56,-7.2,5,False,28.11,31.0,25.0,19.0,none,14.0,36.77,49.2,41.6,68.8,5.09,1.26,2.76,30.8,0.68,3.3,True,-8.03,,10.0,44.0,2026-10-14,False,False,5,NEUTRAL,,,0.53,19.9,1.6,0.08,-18.3,2026-08-31T10:47:25.986245
NOW,"ServiceNow, Inc.",59.5,⭐ AVERAGE,🟡 Average,USD,USD,False,True,True,1.0,,50.0,80.0,55.1,50.0,60.0,35.0,40.3,False,up,-40.6,False,0,17.0,True,2,"{'eps_growth_yoy': -40.6, 'positive_quarters': 4, 'earnings_accelerating': False, 'eps_accel_quarters': 0, 'profit_margin_pct': 11.3}","{'revenue_growth_yoy': 17.0, 'revenue_accelerating': True, 'rev_accel_quarters': 2}","{'rs_3m': 4.8, 'rs_6m': 19.6, 'rs_line_percentile': 40.3, 'rs_line_at_new_high': False, 'rs_line_trend': 'up', 'rs_line_score': 35}","{'roe_pct': 14.2, 'debt_to_equity': 0.68, 'current_ratio': 0.7, 'operating_margin_pct': 4.1}","{'days_to_earnings': 'N/A', 'recommendation': 'strong_buy', 'analyst_upside_pct': -1.7}",144.71,149610184704,Technology,Software - Application,2.8,1.2,False,194.726,-25.7,3,False,142.23,248.0,72.0,46.0,strong_buy,-1.7,73.29,-49.4,16.1,-88.9,3.44,4.98,,,,,True,-2.28,29.3,-21.9,58.0,2026-10-28,False,False,4,NEUTRAL,1.49,73.1,,54.9,0.4,0.01,-54.5,2026-08-31T10:42:23.026168
VRSK,"Verisk Analytics, Inc.",59.1,⭐ AVERAGE,🟡 Average,USD,USD,False,True,True,1.0,,75.0,60.0,26.7,65.0,65.0,15.0,18.7,False,up,1.4,False,0,4.9,True,1,"{'eps_growth_yoy': 1.4, 'positive_quarters': 4, 'earnings_accelerating': False, 'eps_accel_quarters': 0, 'profit_margin_pct': 28.2}","{'revenue_growth_yoy': 4.9, 'revenue_accelerating': True, 'rev_accel_quarters': 1}","{'rs_3m': 2.8, 'rs_6m': -22.9, 'rs_line_percentile': 18.7, 'rs_line_at_new_high': False, 'rs_line_trend': 'up', 'rs_line_score': 15}","{'current_ratio': 1.0, 'operating_margin_pct': 45.1}","{'days_to_earnings': 'N/A', 'recommendation': 'buy', 'analyst_upside_pct': 24.0}",191.77,25126057984,Industrials,Consulting Services,2.9,2.0,False,273.83,-30.0,1,False,237.71,275.0,195.0,17.0,buy,24.0,118.54,-38.2,65.0,-66.1,4.2,8.06,1.04,29.2,2.0,0.63,True,-8.56,6.9,-2.4,58.0,2026-10-28,False,False,7,NEUTRAL,4.62,113.1,,34.9,,,,2026-08-31T10:37:49.918427
SPGI,S&P Global Inc.,59.0,⭐ AVERAGE,🟡 Average,USD,USD,False,True,True,1.0,,75.0,50.0,38.7,65.0,65.0,15.0,22.7,False,up,3.5,False,0,6.6,False,0,"{'eps_growth_yoy': 3.5, 'positive_quarters': 4, 'earnings_accelerating': False, 'eps_accel_quarters': 0, 'profit_margin_pct': 30.5}","{'revenue_growth_yoy': 6.6, 'revenue_accelerating': False, 'rev_accel_quarters': 0}","{'rs_3m': 7.8, 'rs_6m': -6.5, 'rs_line_percentile': 22.7, 'rs_line_at_new_high': False, 'rs_line_trend': 'up', 'rs_line_score': 15}","{'roe_pct': 14.3, 'debt_to_equity': 0.43, 'current_ratio': 0.95, 'operating_margin_pct': 44.8}","{'days_to_earnings': 'N/A', 'recommendation': 'strong_buy', 'analyst_upside_pct': 17.3}",442.89,130563973120,Financial Services,Financial Data & Stock Exchanges,2.6,3.8,False,522.46924,-15.2,3,False,519.3,553.0,485.0,20.0,strong_buy,17.3,495.13,11.8,290.81,-34.3,4.17,18.48,0.88,23.5,3.88,0.82,True,-3.98,22.7,17.7,59.0,2026-10-29,False,False,7,NEUTRAL,4.42,942.7,1.24,20.1,,,,2026-08-31T10:38:41.704288
SBGSY,Schneider Electric S.E.,58.9,⭐ AVERAGE,🟡 Average,USD,EUR,True,True,True,1.0,,55.0,50.0,68.3,75.0,50.0,80.0,81.7,False,flat,,,0,,,0,{'profit_margin_pct': 11.3},{},"{'rs_3m': 6.6, 'rs_6m': 0.4, 'rs_line_percentile': 81.7, 'rs_line_at_new_high': False, 'rs_line_trend': 'flat', 'rs_line_score': 80}","{'roe_pct': 18.6, 'debt_to_equity': 0.84, 'current_ratio': 1.09, 'operating_margin_pct': 18.2}","{'days_to_earnings': 'N/A', 'recommendation': 'none', 'analyst_upside_pct': 11.4}",69.84,196279730176,Industrials,Specialty Industrial Machinery,,,False,71.98,-3.0,8,True,77.8,79.0,76.0,3.0,none,11.4,91.76,31.4,58.01,-16.9,3.18,2.22,1.41,49.7,0.98,1.79,,,,14.6,178.0,2027-02-25,False,False,6,NEUTRAL,3.16,74.6,0.83,24.6,,,,2026-08-31T10:43:27.515280
MSI,"Motorola Solutions, Inc.",58.8,⭐ AVERAGE,🟡 Average,USD,USD,False,True,True,1.0,"FCF declarado (1,979,000,064) se aparta del derivado de flujo operativo menos capex (2,709,000,128)",60.0,60.0,50.3,65.0,60.0,35.0,48.9,False,up,-0.9,True,1,4.1,True,1,"{'eps_growth_yoy': -0.9, 'positive_quarters': 4, 'earnings_accelerating': True, 'eps_accel_quarters': 1, 'profit_margin_pct': 17.4}","{'revenue_growth_yoy': 4.1, 'revenue_accelerating': True, 'rev_accel_quarters': 1}","{'rs_3m': 16.7, 'rs_6m': -12.1, 'rs_line_percentile': 48.9, 'rs_line_at_new_high': False, 'rs_line_trend': 'up', 'rs_line_score': 35}","{'roe_pct': 91.6, 'debt_to_equity': 3.58, 'current_ratio': 1.1, 'operating_margin_pct': 27.4}","{'days_to_earnings': 'N/A', 'recommendation': 'buy', 'analyst_upside_pct': 8.4}",486.0,80429981696,Technology,Communication Equipment,2.2,3.4,False,493.57,-1.5,7,True,526.82,550.0,476.0,11.0,buy,8.4,230.97,-52.5,126.8,-73.9,2.46,11.96,1.0,37.2,4.84,1.11,True,-1.28,7.3,9.5,66.0,2026-11-05,False,False,6,NEUTRAL,3.55,161.2,2.68,34.1,0.8,0.02,-33.3,2026-08-31T10:38:37.783744
ZTS,Zoetis Inc.,58.5,⭐ AVERAGE,🟡 Average,USD,USD,False,True,True,1.0,,75.0,60.0,24.0,65.0,65.0,15.0,4.5,False,down,-4.2,True,2,2.8,True,1,"{'eps_growth_yoy': -4.2, 'positive_quarters': 4, 'earnings_accelerating': True, 'eps_accel_quarters': 2, 'profit_margin_pct': 27.7}","{'revenue_growth_yoy': 2.8, 'revenue_accelerating': True, 'rev_accel_quarters': 1}","{'rs_3m': -1.3, 'rs_6m': -52.0, 'rs_line_percentile': 4.5, 'rs_line_at_new_high': False, 'rs_line_trend': 'down', 'rs_line_score': 15}","{'roe_pct': 64.9, 'debt_to_equity': 2.94, 'current_ratio': 3.08, 'operating_margin_pct': 40.7}","{'days_to_earnings': 'N/A', 'recommendation': 'buy', 'analyst_upside_pct': 24.1}",77.34,31958712320,Healthcare,Drug Manufacturers - Specialty & Generic,4.6,2.5,False,155.38,-50.2,1,False,96.0,155.0,80.0,15.0,buy,24.1,71.82,-7.1,61.3,-20.7,6.31,4.88,2.74,33.6,2.12,0.95,True,-11.4,14.7,0.8,64.0,2026-11-03,False,False,6,NEUTRAL,9.06,42.1,9.87,43.0,,,,2026-08-31T10:39:33.489671
ITRK.L,Intertek Group plc,58.5,⭐ AVERAGE,🟡 Average,GBp,GBP,True,True,False,100.0,"acciones × precio no cuadra con la capitalización (ratio 100.0000): el dato por acción y el precio no están en la misma unidad — típico de ADR. Los ratios por acción (EPS, FCF/acción, DCF) no son utilizables",50.0,50.0,68.5,75.0,60.0,,,,,,,0,,,0,{'profit_margin_pct': 9.1},{},"{'rs_3m': 8.4, 'rs_6m': 10.6}","{'roe_pct': 29.9, 'debt_to_equity': 1.73, 'current_ratio': 1.1, 'operating_margin_pct': 16.6}","{'days_to_earnings': 'N/A', 'recommendation': 'buy', 'analyst_upside_pct': 0.9}",5845.0,8971853824,Industrials,Specialty Business Services,,,False,5860.0,-0.3,7,True,5897.25,6000.0,5450.0,12.0,buy,0.9,,,,,5.1,2.98,2.82,80.5,165.0,2.66,,,,-7.8,183.0,2027-03-02,False,False,4,NEUTRAL,5.18,63.8,,1.3,,,,2026-08-31T10:45:10.098075
PEP,"PepsiCo, Inc.",58.5,⭐ AVERAGE,🟡 Average,USD,USD,False,True,True,1.0,,90.0,60.0,24.0,45.0,50.0,15.0,7.6,False,down,14.5,True,1,1.0,True,1,"{'eps_growth_yoy': 14.5, 'positive_quarters': 4, 'earnings_accelerating': True, 'eps_accel_quarters': 1, 'profit_margin_pct': 10.8}","{'revenue_growth_yoy': 1.0, 'revenue_accelerating': True, 'rev_accel_quarters': 1}","{'rs_3m': -1.0, 'rs_6m': -26.7, 'rs_line_percentile': 7.6, 'rs_line_at_new_high': False, 'rs_line_trend': 'down', 'rs_line_score': 15}","{'roe_pct': 51.5, 'debt_to_equity': 2.39, 'current_ratio': 0.93, 'operating_margin_pct': 16.8}","{'days_to_earnings': 'N/A', 'recommendation': 'hold', 'analyst_upside_pct': 9.9}",141.07,192701628416,Consumer Defensive,Beverages - Non-Alcoholic,1.9,3.2,False,171.48,-17.7,3,False,155.0,183.0,124.0,22.0,hold,9.9,243.14,72.4,228.9,62.3,4.06,5.73,4.2,75.3,5.92,3.03,True,-0.51,12.7,54.8,38.0,2026-10-08,False,False,5,NEUTRAL,4.83,33.8,0.11,16.0,,,,2026-08-31T10:44:23.498879
AWK,"American Water Works Company, Inc.",58.3,⭐ AVERAGE,🟡 Average,USD,USD,False,True,True,1.0,"FCF declarado (-1,785,374,976) se aparta del derivado de flujo operativo menos capex (-966,999,872)",75.0,50.0,50.3,55.0,50.0,35.0,34.6,False,up,-16.9,True,2,-6.6,True,2,"{'eps_growth_yoy': -16.9, 'positive_quarters': 4, 'earnings_accelerating': True, 'eps_accel_quarters': 2, 'profit_margin_pct': 21.3}","{'revenue_growth_yoy': -6.6, 'revenue_accelerating': True, 'rev_accel_quarters': 2}","{'rs_3m': 13.2, 'rs_6m': -9.2, 'rs_line_percentile': 34.6, 'rs_line_at_new_high': False, 'rs_line_trend': 'up', 'rs_line_score': 35}","{'roe_pct': 10.1, 'debt_to_equity': 1.38, 'current_ratio': 0.52, 'operating_margin_pct': 40.7}","{'days_to_earnings': 'N/A', 'recommendation': 'hold', 'analyst_upside_pct': 1.5}",138.3,27484219392,Utilities,Utilities - Regulated Water,6.9,4.6,False,145.64,-5.0,6,False,140.36,155.0,128.0,11.0,hold,1.5,,,57.7,-58.3,-6.5,-8.98,2.59,58.5,3.58,2.02,False,,3.2,3.4,58.0,2026-10-28,False,False,8,STRONG,4.7,6.6,2.45,22.9,1.6,0.07,-21.3,2026-08-31T10:44:18.755846
ETN,Eaton Corporation plc,58.3,⭐ AVERAGE,🟡 Average,USD,USD,False,True,True,1.0,,50.0,70.0,44.0,70.0,65.0,35.0,43.7,False,down,-11.8,False,0,6.0,True,2,"{'eps_growth_yoy': -11.8, 'positive_quarters': 4, 'earnings_accelerating': False, 'eps_accel_quarters': 0, 'profit_margin_pct': 12.8}","{'revenue_growth_yoy': 6.0, 'revenue_accelerating': True, 'rev_accel_quarters': 2}","{'rs_3m': -0.8, 'rs_6m': -5.1, 'rs_line_percentile': 43.7, 'rs_line_at_new_high': False, 'rs_line_trend': 'down', 'rs_line_score': 35}","{'roe_pct': 19.7, 'debt_to_equity': 1.05, 'current_ratio': 1.24, 'operating_margin_pct': 16.6}","{'days_to_earnings': 'N/A', 'recommendation': 'buy', 'analyst_upside_pct': 18.1}",402.78,156399468544,Industrials,Specialty Industrial Machinery,1.7,2.7,False,478.0,-15.7,5,False,475.57,534.0,333.0,25.0,buy,18.1,117.7,-70.8,98.3,-75.6,1.99,8.0,1.09,43.6,4.4,1.55,True,-0.8,16.1,-15.9,64.0,2026-11-03,False,False,7,NEUTRAL,2.92,64.1,,44.8,0.8,0.02,-44.0,2026-08-31T10:43:09.969610
EXPN.L,Experian plc,57.4,⭐ AVERAGE,🟡 Average,GBp,USD,True,True,False,100.0,"acciones × precio no cuadra con la capitalización (ratio 100.0000): el dato por acción y el precio no están en la misma unidad — típico de ADR. Los ratios por acción (EPS, FCF/acción, DCF) no son utilizables | FCF declarado (673,021,878) se aparta del derivado de flujo operativo menos capex (927,658",55.0,50.0,60.5,65.0,65.0,,,,,,,0,,,0,{'profit_margin_pct': 17.8},{},"{'rs_3m': 15.9, 'rs_6m': -3.4}","{'roe_pct': 28.3, 'debt_to_equity': 1.0, 'current_ratio': 0.85, 'operating_margin_pct': 25.0}","{'days_to_earnings': 'N/A', 'recommendation': 'strong_buy', 'analyst_upside_pct': 21.7}",3044.0,26905075712,Industrials,Consulting Services,,,False,3987.0,-23.7,4,False,3705.58,4667.64,2466.33,18.0,strong_buy,21.7,,,,,2.5,0.76,1.7,39.8,52.0,1.4,,,,23.1,79.0,2026-11-18,False,False,9,STRONG,6.67,646.3,0.78,29.2,,,,2026-08-31T10:42:39.486863
NDSN,Nordson Corporation,57.4,⭐ AVERAGE,🟡 Average,USD,USD,False,True,True,1.0,,50.0,40.0,68.3,85.0,60.0,80.0,83.5,False,up,-6.7,False,0,-0.1,True,1,"{'eps_growth_yoy': -6.7, 'positive_quarters': 4, 'earnings_accelerating': False, 'eps_accel_quarters': 0, 'profit_margin_pct': 18.6}","{'revenue_growth_yoy': -0.1, 'revenue_accelerating': True, 'rev_accel_quarters': 1}","{'rs_3m': 14.0, 'rs_6m': -0.9, 'rs_line_percentile': 83.5, 'rs_line_at_new_high': False, 'rs_line_trend': 'up', 'rs_line_score': 80}","{'roe_pct': 17.8, 'debt_to_equity': 0.56, 'current_ratio': 1.82, 'operating_margin_pct': 27.4}","{'days_to_earnings': 'N/A', 'recommendation': 'buy', 'analyst_upside_pct': 7.7}",324.59,18085488640,Industrials,Specialty Industrial Machinery,3.0,4.6,False,339.12,-4.3,8,True,349.71,375.0,282.0,7.0,buy,7.7,361.33,11.3,227.01,-30.1,3.39,11.02,1.16,33.2,3.76,1.08,True,-1.6,7.7,16.1,100.0,2026-12-09,False,False,7,NEUTRAL,3.55,65.0,1.09,32.3,,,,2026-08-31T10:44:10.683174
LSEG.L,London Stock Exchange Group plc,57.4,⭐ AVERAGE,🟡 Average,GBp,GBP,True,True,False,100.0,"acciones × precio no cuadra con la capitalización (ratio 100.0000): el dato por acción y el precio no están en la misma unidad — típico de ADR. Los ratios por acción (EPS, FCF/acción, DCF) no son utilizables",55.0,50.0,54.5,70.0,70.0,,,,,,,0,,,0,{'profit_margin_pct': 14.6},{},"{'rs_3m': 1.7, 'rs_6m': -10.1}","{'roe_pct': 7.7, 'debt_to_equity': 0.64, 'current_ratio': 1.0, 'operating_margin_pct': 29.0}","{'days_to_earnings': 'N/A', 'recommendation': 'strong_buy', 'analyst_upside_pct': 32.3}",9000.0,43581202432,Financial Services,Financial Data & Stock Exchanges,,,False,10140.0,-11.2,4,False,11910.67,13630.0,10400.0,15.0,strong_buy,32.3,,,,,3.94,3.55,1.76,53.9,158.0,1.28,,,,33.7,178.0,2027-02-25,False,False,7,NEUTRAL,4.07,305.7,0.49,23.1,,,,2026-08-31T10:41:29.632322
7741.T,HOYA Corporation,57.2,⭐ AVERAGE,🟡 Average,JPY,JPY,False,True,True,1.0,,60.0,50.0,30.0,95.0,65.0,,,,,,,0,,,0,{'profit_margin_pct': 27.2},{},"{'rs_3m': -8.2, 'rs_6m': -27.9}","{'roe_pct': 26.5, 'debt_to_equity': 0.04, 'current_ratio': 4.91, 'operating_margin_pct': 32.4}","{'days_to_earnings': 'N/A', 'recommendation': 'strong_buy', 'analyst_upside_pct': 24.7}",24600.0,8229204000768,Healthcare,Medical Instruments & Supplies,,,False,30400.0,-19.1,4,False,30666.67,36000.0,23100.0,15.0,strong_buy,24.7,22662.71,-7.9,22330.5,-9.2,2.17,534.39,1.21,39.7,295.0,0.76,,,,30.0,59.0,2026-10-30,False,False,6,NEUTRAL,4.3,33.1,1.2,27.0,,,,2026-08-31T10:42:05.702903
ROL,"Rollins, Inc.",56.8,⭐ AVERAGE,🟡 Average,USD,USD,False,True,True,1.0,,70.0,70.0,15.0,65.0,55.0,15.0,1.5,False,down,-12.0,True,2,5.1,True,2,"{'eps_growth_yoy': -12.0, 'positive_quarters': 4, 'earnings_accelerating': True, 'eps_accel_quarters': 2, 'profit_margin_pct': 13.6}","{'revenue_growth_yoy': 5.1, 'revenue_accelerating': True, 'rev_accel_quarters': 2}","{'rs_3m': -22.8, 'rs_6m': -52.4, 'rs_line_percentile': 1.5, 'rs_line_at_new_high': False, 'rs_line_trend': 'down', 'rs_line_score': 15}","{'roe_pct': 37.0, 'debt_to_equity': 0.78, 'current_ratio': 0.63, 'operating_margin_pct': 18.8}","{'days_to_earnings': 'N/A', 'recommendation': 'hold', 'analyst_upside_pct': 25.3}",36.38,17504069632,Consumer Cyclical,Personal Services,4.5,2.1,False,66.14,-45.0,0,False,45.59,66.0,32.0,17.0,hold,25.3,15.41,-57.6,11.0,-69.8,2.87,1.04,2.01,64.9,0.73,1.15,True,-1.4,21.8,1.2,58.0,2026-10-28,False,False,6,NEUTRAL,3.94,132.5,9.02,20.0,3.1,0.16,-16.9,2026-08-31T10:38:33.389109
DHR,Danaher Corporation,56.6,⭐ AVERAGE,🟡 Average,USD,USD,False,True,True,1.0,,50.0,60.0,50.3,70.0,60.0,35.0,45.9,False,up,-4.2,False,0,3.5,True,1,"{'eps_growth_yoy': -4.2, 'positive_quarters': 4, 'earnings_accelerating': False, 'eps_accel_quarters': 0, 'profit_margin_pct': 15.9}","{'revenue_growth_yoy': 3.5, 'revenue_accelerating': True, 'rev_accel_quarters': 1}","{'rs_3m': 18.7, 'rs_6m': -7.4, 'rs_line_percentile': 45.9, 'rs_line_at_new_high': False, 'rs_line_trend': 'up', 'rs_line_score': 35}","{'roe_pct': 7.6, 'debt_to_equity': 0.53, 'current_ratio': 1.65, 'operating_margin_pct': 19.8}","{'days_to_earnings': 'N/A', 'recommendation': 'strong_buy', 'analyst_upside_pct': 5.5}",216.07,151894196224,Healthcare,Diagnostics & Research,1.4,1.4,False,242.8,-11.0,4,False,227.96,310.0,195.0,23.0,strong_buy,5.5,260.92,20.8,168.6,-22.0,2.85,6.15,0.74,25.7,1.6,0.44,True,-1.91,17.3,59.7,50.0,2026-10-20,False,False,5,NEUTRAL,2.56,39.2,0.39,28.9,,,,2026-08-31T10:42:31.145719
SXYAY,Sika AG,56.3,⭐ AVERAGE,🟡 Average,USD,CHF,True,True,True,1.0,"FCF declarado (1,266,571,563) se aparta del derivado de flujo operativo menos capex (1,700,384,200)",50.0,50.0,66.6,70.0,50.0,60.0,60.1,False,up,,,0,,,0,{'profit_margin_pct': 9.4},{},"{'rs_3m': 23.2, 'rs_6m': 8.1, 'rs_line_percentile': 60.1, 'rs_line_at_new_high': False, 'rs_line_trend': 'up', 'rs_line_score': 60}","{'roe_pct': 16.0, 'debt_to_equity': 0.89, 'current_ratio': 1.3, 'operating_margin_pct': 14.3}","{'days_to_earnings': 'N/A', 'recommendation': 'none', 'analyst_upside_pct': 3.8}",23.75,38104322048,Basic Materials,Specialty Chemicals,,,False,24.21,-1.9,7,True,24.65,26.3,23.0,2.0,none,3.8,11.62,-51.1,8.1,-65.9,3.32,0.79,1.94,57.0,0.46,1.36,,,,-0.3,,,False,False,7,NEUTRAL,3.48,45.5,,24.5,,,,2026-08-31T10:42:48.516780
MSCI,MSCI Inc.,56.2,⭐ AVERAGE,🟡 Average,USD,USD,False,True,True,1.0,,75.0,50.0,36.0,50.0,65.0,15.0,16.2,False,down,5.1,False,0,9.3,False,0,"{'eps_growth_yoy': 5.1, 'positive_quarters': 4, 'earnings_accelerating': False, 'eps_accel_quarters': 0, 'profit_margin_pct': 40.7}","{'revenue_growth_yoy': 9.3, 'revenue_accelerating': False, 'rev_accel_quarters': 0}","{'rs_3m': -12.7, 'rs_6m': -12.5, 'rs_line_percentile': 16.2, 'rs_line_at_new_high': False, 'rs_line_trend': 'down', 'rs_line_score': 15}","{'current_ratio': 0.89, 'operating_margin_pct': 56.3}","{'days_to_earnings': 'N/A', 'recommendation': 'strong_buy', 'analyst_upside_pct': 21.3}",570.76,41494253568,Financial Services,Financial Data & Stock Exchanges,1.8,1.4,False,644.77,-11.5,4,False,692.06,760.0,570.0,17.0,strong_buy,21.3,473.77,-17.0,357.9,-37.3,2.88,16.43,1.44,42.1,8.2,1.01,True,-6.55,7.2,19.6,50.0,2026-10-20,False,False,8,STRONG,3.57,851.3,1.29,19.0,,,,2026-08-31T10:39:45.564544
TW,Tradeweb Markets Inc.,56.1,⭐ AVERAGE,🟡 Average,USD,USD,False,True,False,0.5322,"acciones × precio no cuadra con la capitalización (ratio 0.5322): el dato por acción y el precio no están en la misma unidad — típico de ADR. Los ratios por acción (EPS, FCF/acción, DCF) no son utilizables",65.0,50.0,26.7,85.0,60.0,15.0,23.2,False,up,-2.3,True,1,9.9,False,0,"{'eps_growth_yoy': -2.3, 'positive_quarters': 4, 'earnings_accelerating': True, 'eps_accel_quarters': 1, 'profit_margin_pct': 40.7}","{'revenue_growth_yoy': 9.9, 'revenue_accelerating': False, 'rev_accel_quarters': 0}","{'rs_3m': 7.0, 'rs_6m': -24.0, 'rs_line_percentile': 23.2, 'rs_line_at_new_high': False, 'rs_line_trend': 'up', 'rs_line_score': 15}","{'roe_pct': 14.5, 'debt_to_equity': 0.02, 'current_ratio': 6.79, 'operating_margin_pct': 43.8}","{'days_to_earnings': 'N/A', 'recommendation': 'buy', 'analyst_upside_pct': 13.6}",108.87,23736492032,Financial Services,Capital Markets,3.2,2.3,False,127.69,-14.7,3,False,123.71,178.0,98.0,14.0,buy,13.6,,,,,4.48,9.17,0.51,12.4,0.56,0.4,True,-1.45,633.6,13.8,59.0,2026-10-29,False,False,8,STRONG,5.41,57.1,1.2,18.9,1.6,0.08,-17.3,2026-08-31T10:40:19.098288
LIN,Linde plc,56.0,⭐ AVERAGE,🟡 Average,USD,USD,False,True,True,1.0,,55.0,60.0,44.0,65.0,60.0,35.0,30.0,False,down,-0.1,False,0,7.8,True,1,"{'eps_growth_yoy': -0.1, 'positive_quarters': 4, 'earnings_accelerating': False, 'eps_accel_quarters': 0, 'profit_margin_pct': 20.4}","{'revenue_growth_yoy': 7.8, 'revenue_accelerating': True, 'rev_accel_quarters': 1}","{'rs_3m': -3.0, 'rs_6m': -15.9, 'rs_line_percentile': 30.0, 'rs_line_at_new_high': False, 'rs_line_trend': 'down', 'rs_line_score': 35}","{'roe_pct': 18.4, 'debt_to_equity': 0.69, 'current_ratio': 0.88, 'operating_margin_pct': 28.1}","{'days_to_earnings': 'N/A', 'recommendation': 'buy', 'analyst_upside_pct': 11.8}",489.51,225654407168,Basic Materials,Specialty Chemicals,1.1,2.3,False,548.2,-10.7,4,False,547.24,612.0,400.0,25.0,buy,11.8,187.6,-61.7,175.38,-64.2,1.84,9.03,1.31,40.0,6.4,1.3,True,-1.8,21.3,11.3,60.0,2026-10-30,False,False,5,NEUTRAL,3.74,31.9,2.21,25.8,,,,2026-08-31T10:38:20.785302
HESAY,Hermès International Société en commandite par actions,56.0,⭐ AVERAGE,🟡 Average,USD,EUR,True,True,True,1.0,,60.0,50.0,24.0,95.0,65.0,15.0,6.0,False,down,,,0,,,0,{'profit_margin_pct': 28.0},{},"{'rs_3m': -3.3, 'rs_6m': -31.9, 'rs_line_percentile': 6.0, 'rs_line_at_new_high': False, 'rs_line_trend': 'down', 'rs_line_score': 15}","{'roe_pct': 25.5, 'debt_to_equity': 0.12, 'current_ratio': 4.54, 'operating_margin_pct': 42.2}","{'days_to_earnings': 'N/A', 'recommendation': 'strong_buy', 'analyst_upside_pct': 24.5}",185.0,193772126208,Consumer Cyclical,Luxury Goods,,,False,265.89,-30.4,0,False,230.33,246.0,215.0,3.0,strong_buy,24.5,80.1,-56.7,50.1,-72.9,2.94,5.44,1.14,41.8,2.11,0.61,,,,-0.3,164.0,2027-02-11,False,False,8,STRONG,3.72,37.5,,28.2,,,,2026-08-31T10:39:15.167374
AI.PA,L'Air Liquide S.A.,55.4,⭐ AVERAGE,🟡 Average,EUR,EUR,False,True,True,1.0,"FCF declarado (264,437,504) se aparta del derivado de flujo operativo menos capex (1,652,500,160)",55.0,50.0,54.5,60.0,65.0,,,,,,,0,,,0,{'profit_margin_pct': 13.1},{},"{'rs_3m': 1.4, 'rs_6m': -1.7}","{'roe_pct': 14.0, 'debt_to_equity': 0.63, 'current_ratio': 0.88, 'operating_margin_pct': 20.1}","{'days_to_earnings': 'N/A', 'recommendation': 'strong_buy', 'analyst_upside_pct': 16.1}",170.18,108314460160,Basic Materials,Specialty Chemicals,,,False,182.26,-6.6,5,False,197.5,216.0,160.0,19.0,strong_buy,16.1,6.11,-96.4,54.5,-68.0,0.24,0.42,1.98,60.5,3.36,1.83,,,,0.7,171.0,2027-02-18,False,False,7,NEUTRAL,4.0,18.8,33.91,11.1,,,,2026-08-31T10:39:02.872706
MKC,"McCormick & Company, Incorporated",55.1,⭐ AVERAGE,🟡 Average,USD,USD,False,True,False,0.945,"acciones × precio no cuadra con la capitalización (ratio 0.9450): el dato por acción y el precio no están en la misma unidad — típico de ADR. Los ratios por acción (EPS, FCF/acción, DCF) no son utilizables | FCF declarado (714,025,024) se aparta del derivado de flujo operativo menos capex (1,009,700",55.0,70.0,30.3,60.0,60.0,15.0,24.6,False,up,-33.4,False,0,12.3,True,1,"{'eps_growth_yoy': -33.4, 'positive_quarters': 4, 'earnings_accelerating': False, 'eps_accel_quarters': 0, 'profit_margin_pct': 21.9}","{'revenue_growth_yoy': 12.3, 'revenue_accelerating': True, 'rev_accel_quarters': 1}","{'rs_3m': 18.2, 'rs_6m': -32.1, 'rs_line_percentile': 24.6, 'rs_line_at_new_high': False, 'rs_line_trend': 'up', 'rs_line_score': 15}","{'roe_pct': 24.7, 'debt_to_equity': 0.65, 'current_ratio': 0.78, 'operating_margin_pct': 17.4}","{'days_to_earnings': 'N/A', 'recommendation': 'buy', 'analyst_upside_pct': 9.6}",55.33,14875556864,Consumer Defensive,Packaged Foods,,0.0,False,72.41,-23.6,2,False,60.62,75.0,52.0,13.0,buy,9.6,,,,,4.8,2.81,3.47,30.9,1.92,2.11,True,-0.19,5.5,-9.9,36.0,2026-10-06,False,False,6,NEUTRAL,5.53,66.6,,23.5,,,,2026-08-31T10:44:52.960670
DPZ,"Domino's Pizza, Inc.",54.8,⭐ AVERAGE,🟡 Average,USD,USD,False,True,True,1.0,,60.0,60.0,30.3,65.0,60.0,15.0,20.4,False,up,-2.6,True,1,4.1,True,1,"{'eps_growth_yoy': -2.6, 'positive_quarters': 4, 'earnings_accelerating': True, 'eps_accel_quarters': 1, 'profit_margin_pct': 11.9}","{'revenue_growth_yoy': 4.1, 'revenue_accelerating': True, 'rev_accel_quarters': 1}","{'rs_3m': 10.6, 'rs_6m': -24.5, 'rs_line_percentile': 20.4, 'rs_line_at_new_high': False, 'rs_line_trend': 'up', 'rs_line_score': 15}","{'current_ratio': 1.54, 'operating_margin_pct': 19.1}","{'days_to_earnings': 'N/A', 'recommendation': 'buy', 'analyst_upside_pct': 8.7}",350.0,11578607616,Consumer Cyclical,Restaurants,10.0,3.1,True,469.0,-25.4,1,False,380.29,450.0,270.0,28.0,buy,8.7,277.55,-20.7,176.4,-49.6,4.59,16.07,2.27,42.3,7.96,1.25,True,-3.36,4.9,4.8,43.0,2026-10-13,False,False,8,STRONG,5.84,107.8,2.47,37.6,,,,2026-08-31T10:46:23.791776
GVDNY,Givaudan SA,54.6,⭐ AVERAGE,🟡 Average,USD,CHF,True,True,True,1.0,"FCF declarado (748,970,438) se aparta del derivado de flujo operativo menos capex (1,485,727,184)",55.0,50.0,50.3,70.0,50.0,35.0,34.8,False,flat,,,0,,,0,{'profit_margin_pct': 12.9},{},"{'rs_3m': 11.3, 'rs_6m': -5.3, 'rs_line_percentile': 34.8, 'rs_line_at_new_high': False, 'rs_line_trend': 'flat', 'rs_line_score': 35}","{'roe_pct': 22.3, 'debt_to_equity': 1.11, 'current_ratio': 1.29, 'operating_margin_pct': 18.8}","{'days_to_earnings': 'N/A', 'recommendation': 'none', 'analyst_upside_pct': 5.6}",81.95,37825318912,Basic Materials,Specialty Chemicals,,,False,90.69,-9.6,3,False,86.52,99.02,74.02,2.0,none,5.6,23.88,-70.9,25.5,-68.9,1.98,1.62,2.23,71.1,1.82,1.88,,,,-10.0,149.0,2027-01-27,False,False,7,NEUTRAL,3.34,34.8,,25.5,,,,2026-08-31T10:40:10.894709
ABT,Abbott Laboratories,54.6,⭐ AVERAGE,🟡 Average,USD,USD,False,True,True,1.0,,50.0,50.0,53.0,70.0,60.0,35.0,38.0,False,up,-39.5,False,0,0.2,False,0,"{'eps_growth_yoy': -39.5, 'positive_quarters': 4, 'earnings_accelerating': False, 'eps_accel_quarters': 0, 'profit_margin_pct': 11.6}","{'revenue_growth_yoy': 0.2, 'revenue_accelerating': False, 'rev_accel_quarters': 0}","{'rs_3m': 27.4, 'rs_6m': -12.8, 'rs_line_percentile': 38.0, 'rs_line_at_new_high': False, 'rs_line_trend': 'up', 'rs_line_score': 35}","{'roe_pct': 10.6, 'debt_to_equity': 0.63, 'current_ratio': 1.38, 'operating_margin_pct': 14.7}","{'days_to_earnings': 'N/A', 'recommendation': 'buy', 'analyst_upside_pct': 6.9}",112.47,195901718528,Healthcare,Medical Devices,1.3,1.9,False,137.49,-18.2,4,False,120.2,135.0,103.0,25.0,buy,6.9,60.9,-45.9,30.9,-72.5,3.68,4.14,2.24,79.0,2.52,1.82,True,-0.4,15.4,-47.5,44.0,2026-10-14,False,False,6,NEUTRAL,4.03,42.0,,19.7,,,,2026-08-31T10:43:14.091961
ERIE,Erie Indemnity Company,54.2,⭐ AVERAGE,🟡 Average,USD,USD,False,True,False,0.8833,"acciones × precio no cuadra con la capitalización (ratio 0.8833): el dato por acción y el precio no están en la misma unidad — típico de ADR. Los ratios por acción (EPS, FCF/acción, DCF) no son utilizables",50.0,50.0,45.0,85.0,50.0,15.0,24.3,False,up,-1.4,False,0,0.8,False,0,"{'eps_growth_yoy': -1.4, 'positive_quarters': 4, 'earnings_accelerating': False, 'eps_accel_quarters': 0, 'profit_margin_pct': 14.0}","{'revenue_growth_yoy': 0.8, 'revenue_accelerating': False, 'rev_accel_quarters': 0}","{'rs_3m': 22.1, 'rs_6m': -13.9, 'rs_line_percentile': 24.3, 'rs_line_at_new_high': False, 'rs_line_trend': 'up', 'rs_line_score': 15}","{'roe_pct': 24.8, 'debt_to_equity': 0.03, 'current_ratio': 1.25, 'operating_margin_pct': 19.1}","{'days_to_earnings': 'N/A', 'recommendation': 'none'}",260.4,13616281600,Financial Services,Insurance Brokers,10.7,8.9,True,355.11,-26.7,2,False,,,,,none,,,,,,3.53,10.42,2.25,64.6,5.85,1.8,False,,,1.6,59.0,2026-10-29,False,False,4,NEUTRAL,,,5.81,35.2,,,,2026-08-31T10:40:58.467735
RELX,RELX PLC,53.3,⭐ AVERAGE,🟡 Average,USD,GBP,True,True,True,1.0,,60.0,50.0,46.7,50.0,60.0,35.0,25.5,False,up,,,0,,,0,{'profit_margin_pct': 23.3},{},"{'rs_3m': 4.8, 'rs_6m': -4.4, 'rs_line_percentile': 25.5, 'rs_line_at_new_high': False, 'rs_line_trend': 'up', 'rs_line_score': 35}","{'roe_pct': 131.9, 'debt_to_equity': 7.1, 'current_ratio': 0.45, 'operating_margin_pct': 32.0}","{'days_to_earnings': 'N/A', 'recommendation': 'none', 'analyst_upside_pct': 45.2}",36.54,63640498176,Industrials,Specialty Business Services,0.3,2.2,False,48.4,-24.5,4,False,53.05,57.0,49.1,2.0,none,45.2,59.76,63.5,41.31,13.1,4.75,1.74,2.5,53.4,0.91,2.01,,,,12.2,164.0,2027-02-11,False,False,7,NEUTRAL,1.14,1901.3,0.7,28.5,,,,2026-08-31T10:37:54.125391
LRLCY,L'Oréal S.A.,53.2,⭐ AVERAGE,🟡 Average,USD,EUR,True,True,True,1.0,,55.0,50.0,38.7,70.0,60.0,15.0,19.2,False,flat,,,0,,,0,{'profit_margin_pct': 13.9},{},"{'rs_3m': 0.2, 'rs_6m': -9.2, 'rs_line_percentile': 19.2, 'rs_line_at_new_high': False, 'rs_line_trend': 'flat', 'rs_line_score': 15}","{'roe_pct': 19.4, 'debt_to_equity': 0.49, 'current_ratio': 0.97, 'operating_margin_pct': 21.3}","{'days_to_earnings': 'N/A', 'recommendation': 'strong_buy', 'analyst_upside_pct': 12.5}",90.15,239973253120,Consumer Defensive,Household & Personal Products,,,False,95.48,-5.6,6,False,101.4,102.2,100.0,3.0,strong_buy,12.5,45.43,-49.6,27.5,-69.5,3.09,2.79,1.87,61.1,1.68,1.55,,,,5.4,162.0,2027-02-09,False,False,6,NEUTRAL,3.51,69.9,4.74,19.2,,,,2026-08-31T10:41:11.558703
AZO,"AutoZone, Inc.",52.0,⭐ AVERAGE,🟡 Average,USD,USD,False,True,True,1.0,"FCF declarado (903,784,256) se aparta del derivado de flujo operativo menos capex (1,745,085,016)",70.0,50.0,24.0,45.0,70.0,15.0,1.6,False,down,-23.4,True,2,-22.5,True,2,"{'eps_growth_yoy': -23.4, 'positive_quarters': 4, 'earnings_accelerating': True, 'eps_accel_quarters': 2, 'profit_margin_pct': 12.4}","{'revenue_growth_yoy': -22.5, 'revenue_accelerating': True, 'rev_accel_quarters': 2}","{'rs_3m': -3.6, 'rs_6m': -36.4, 'rs_line_percentile': 1.6, 'rs_line_at_new_high': False, 'rs_line_trend': 'down', 'rs_line_score': 15}","{'current_ratio': 0.89, 'operating_margin_pct': 19.1}","{'days_to_earnings': 'N/A', 'recommendation': 'strong_buy', 'analyst_upside_pct': 33.4}",2961.96,48355049472,Consumer Cyclical,Auto Parts,2.8,2.6,False,4388.11,-32.5,0,False,3950.52,4800.0,3200.0,23.0,strong_buy,33.4,992.84,-66.5,1454.3,-50.9,1.87,55.36,,,,,True,-3.65,7.5,7.7,22.0,2026-09-22,False,False,6,NEUTRAL,5.92,35.3,2.2,22.3,,,,2026-08-31T10:41:34.119226
WTKWY,Wolters Kluwer N.V.,51.7,⭐ AVERAGE,🟡 Average,USD,EUR,True,True,True,1.0,,60.0,50.0,38.7,50.0,60.0,15.0,17.0,False,up,,,0,,,0,{'profit_margin_pct': 21.9},{},"{'rs_3m': 8.3, 'rs_6m': -6.6, 'rs_line_percentile': 17.0, 'rs_line_at_new_high': False, 'rs_line_trend': 'up', 'rs_line_score': 15}","{'roe_pct': 146.1, 'debt_to_equity': 5.9, 'current_ratio': 0.69, 'operating_margin_pct': 26.9}","{'days_to_earnings': 'N/A', 'recommendation': 'none', 'analyst_upside_pct': 32.9}",81.7,18194991104,Industrials,Specialty Business Services,,,False,138.76,-41.1,2,False,108.6,108.6,108.6,1.0,none,32.9,122.51,50.0,68.3,-16.4,7.96,6.5,3.68,43.1,3.01,1.85,,,,4.5,,,False,False,7,NEUTRAL,7.92,668.9,1.28,26.6,,,,2026-08-31T10:37:58.234691
COST,Costco Wholesale Corporation,51.5,⭐ AVERAGE,🟡 Average,USD,USD,False,True,True,1.0,"FCF declarado (6,954,375,168) se aparta del derivado de flujo operativo menos capex (9,502,000,512)",65.0,30.0,36.0,75.0,60.0,15.0,4.7,False,down,-16.0,True,2,-18.1,False,0,"{'eps_growth_yoy': -16.0, 'positive_quarters': 4, 'earnings_accelerating': True, 'eps_accel_quarters': 2, 'profit_margin_pct': 3.0}","{'revenue_growth_yoy': -18.1, 'revenue_accelerating': False, 'rev_accel_quarters': 0}","{'rs_3m': -1.6, 'rs_6m': -18.1, 'rs_line_percentile': 4.7, 'rs_line_at_new_high': False, 'rs_line_trend': 'down', 'rs_line_score': 15}","{'roe_pct': 29.2, 'debt_to_equity': 0.6, 'current_ratio': 1.07, 'operating_margin_pct': 3.7}","{'days_to_earnings': 'N/A', 'recommendation': 'buy', 'analyst_upside_pct': 13.9}",945.47,419295887360,Consumer Defensive,Discount Stores,1.7,3.8,False,1096.5,-13.8,4,False,1077.31,1315.0,740.0,35.0,buy,13.9,665.02,-29.7,595.5,-37.0,1.66,15.68,0.62,27.0,5.88,0.59,True,-0.21,81.5,31.8,24.0,2026-09-24,False,False,7,NEUTRAL,2.63,30.6,0.92,19.0,,,,2026-08-31T10:38:46.065200
CHTR,"Charter Communications, Inc.",51.3,⭐ AVERAGE,🟡 Average,USD,USD,False,True,False,0.885,"acciones × precio no cuadra con la capitalización (ratio 0.8850): el dato por acción y el precio no están en la misma unidad — típico de ADR. Los ratios por acción (EPS, FCF/acción, DCF) no son utilizables | FCF declarado (2,198,374,912) se aparta del derivado de flujo operativo menos capex (4,810,9",85.0,30.0,26.7,50.0,55.0,15.0,12.7,False,up,13.6,True,1,-1.1,False,0,"{'eps_growth_yoy': 13.6, 'positive_quarters': 4, 'earnings_accelerating': True, 'eps_accel_quarters': 1, 'profit_margin_pct': 9.1}","{'revenue_growth_yoy': -1.1, 'revenue_accelerating': False, 'rev_accel_quarters': 0}","{'rs_3m': 6.0, 'rs_6m': -46.7, 'rs_line_percentile': 12.7, 'rs_line_at_new_high': False, 'rs_line_trend': 'up', 'rs_line_score': 15}","{'roe_pct': 27.2, 'debt_to_equity': 4.42, 'current_ratio': 0.36, 'operating_margin_pct': 23.5}","{'days_to_earnings': 'N/A', 'recommendation': 'hold', 'analyst_upside_pct': 20.0}",153.62,20704516096,Communication Services,Telecom Services,51.6,8.1,True,285.82,-46.3,2,False,184.41,380.0,101.0,17.0,hold,20.0,,,,,10.62,18.43,,,,,True,-22.98,2.5,6.4,60.0,2026-10-30,False,False,7,NEUTRAL,10.46,26.9,0.22,52.2,,,,2026-08-31T10:46:01.806270
NVR,"NVR, Inc.",51.1,⭐ AVERAGE,🟡 Average,USD,USD,False,True,True,1.0,,60.0,40.0,26.7,85.0,50.0,15.0,13.3,False,down,-31.0,True,1,-10.9,True,1,"{'eps_growth_yoy': -31.0, 'positive_quarters': 4, 'earnings_accelerating': True, 'eps_accel_quarters': 1, 'profit_margin_pct': 11.8}","{'revenue_growth_yoy': -10.9, 'revenue_accelerating': True, 'rev_accel_quarters': 1}","{'rs_3m': 2.8, 'rs_6m': -26.4, 'rs_line_percentile': 13.3, 'rs_line_at_new_high': False, 'rs_line_trend': 'down', 'rs_line_score': 15}","{'roe_pct': 31.5, 'debt_to_equity': 0.32, 'current_ratio': 5.67, 'operating_margin_pct': 13.9}","{'days_to_earnings': 'N/A', 'recommendation': 'hold', 'analyst_upside_pct': 6.0}",6396.27,17045164032,Consumer Cyclical,Residential Construction,6.2,3.1,False,8618.28,-25.8,0,False,6782.0,7446.0,5664.0,5.0,hold,6.0,5070.56,-20.7,3844.2,-39.9,5.39,344.6,,,,,True,-10.47,52.9,-9.0,51.0,2026-10-21,False,False,5,NEUTRAL,10.51,41.3,,22.7,,,,2026-08-31T10:46:06.056892
DVA,DaVita Inc.,51.0,⭐ AVERAGE,🟡 Average,USD,USD,False,True,True,1.0,"FCF declarado (1,042,460,032) se aparta del derivado de flujo operativo menos capex (1,617,291,072)",45.0,50.0,47.6,60.0,65.0,35.0,46.7,False,down,-0.9,False,0,1.1,False,0,"{'eps_growth_yoy': -0.9, 'positive_quarters': 4, 'earnings_accelerating': False, 'eps_accel_quarters': 0, 'profit_margin_pct': 6.0}","{'revenue_growth_yoy': 1.1, 'revenue_accelerating': False, 'rev_accel_quarters': 0}","{'rs_3m': -6.5, 'rs_6m': 4.7, 'rs_line_percentile': 46.7, 'rs_line_at_new_high': False, 'rs_line_trend': 'down', 'rs_line_score': 35}","{'roe_pct': 88.5, 'debt_to_equity': 12.42, 'current_ratio': 1.47, 'operating_margin_pct': 16.1}","{'days_to_earnings': 'N/A', 'recommendation': 'buy', 'analyst_upside_pct': 20.9}",180.68,11596945408,Healthcare,Medical Care Facilities,12.3,4.1,True,247.49,-27.0,5,False,218.43,270.0,165.0,7.0,buy,20.9,688.77,281.2,354.0,95.9,8.99,16.24,,,,,True,-14.21,3.3,39.1,58.0,2026-10-28,False,False,6,NEUTRAL,7.39,31.4,0.19,64.0,,,,2026-08-31T10:45:40.445289
CLPBY,Coloplast A/S,50.9,⭐ AVERAGE,🟡 Average,USD,DKK,True,True,False,0.9201,"acciones × precio no cuadra con la capitalización (ratio 0.9201): el dato por acción y el precio no están en la misma unidad — típico de ADR. Los ratios por acción (EPS, FCF/acción, DCF) no son utilizables | FCF declarado (724,364,454) se aparta del derivado de flujo operativo menos capex (-155,174,",38.0,50.0,42.3,80.0,65.0,15.0,22.0,False,up,-206.5,False,0,2.2,False,0,"{'eps_growth_yoy': -206.5, 'positive_quarters': 3, 'earnings_accelerating': False, 'eps_accel_quarters': 0, 'profit_margin_pct': 9.7}","{'revenue_growth_yoy': 2.2, 'revenue_accelerating': False, 'rev_accel_quarters': 0}","{'rs_3m': 17.6, 'rs_6m': -17.1, 'rs_line_percentile': 22.0, 'rs_line_at_new_high': False, 'rs_line_trend': 'up', 'rs_line_score': 15}","{'roe_pct': 18.5, 'debt_to_equity': 1.78, 'current_ratio': 1.56, 'operating_margin_pct': 26.2}","{'days_to_earnings': 'N/A', 'recommendation': 'buy', 'analyst_upside_pct': 16.0}",7.17,16158896128,Healthcare,Medical Instruments & Supplies,,,False,10.03,-28.5,1,False,8.32,12.2,6.7,4.0,buy,16.0,,,,,4.48,0.35,5.02,187.0,0.36,2.72,False,,3.9,32.7,,,False,False,7,NEUTRAL,18.37,105.6,0.21,33.8,,,,2026-08-31T10:41:02.698631
HRI,Herc Holdings Inc.,50.2,⭐ AVERAGE,🟡 Average,USD,USD,False,True,True,1.0,"FCF declarado (502,875,008) se aparta del derivado de flujo operativo menos capex (10,000,000)",48.0,50.0,50.3,45.0,65.0,35.0,46.9,False,down,-36.7,True,1,-7.7,True,2,"{'eps_growth_yoy': -36.7, 'positive_quarters': 3, 'earnings_accelerating': True, 'eps_accel_quarters': 1, 'profit_margin_pct': 1.0}","{'revenue_growth_yoy': -7.7, 'revenue_accelerating': True, 'rev_accel_quarters': 2}","{'rs_3m': 14.4, 'rs_6m': -5.3, 'rs_line_percentile': 46.9, 'rs_line_at_new_high': False, 'rs_line_trend': 'down', 'rs_line_score': 35}","{'roe_pct': 2.6, 'debt_to_equity': 5.06, 'current_ratio': 1.1, 'operating_margin_pct': 12.2}","{'days_to_earnings': 'N/A', 'recommendation': 'buy', 'analyst_upside_pct': 23.9}",150.6,5034775552,Industrials,Rental & Leasing Services,8.2,4.0,True,188.35,-20.0,5,False,186.58,240.0,115.0,12.0,buy,23.9,443.73,194.6,34.34,-77.2,9.99,15.04,1.86,164.7,2.8,,False,,1.1,,57.0,2026-10-27,False,False,3,NEUTRAL,2.87,4.9,0.42,46.1,,,,2026-08-31T10:47:21.754660
BN,Brookfield Corporation,50.0,⚠️ WEAK,🔴 Weak,USD,USD,False,True,True,1.0,"FCF declarado (-1,981,124,992) se aparta del derivado de flujo operativo menos capex (-5,409,000,448)",45.0,50.0,36.0,65.0,70.0,15.0,0.0,False,down,-62.5,False,0,2.7,False,0,"{'eps_growth_yoy': -62.5, 'positive_quarters': 4, 'earnings_accelerating': False, 'eps_accel_quarters': 0, 'profit_margin_pct': 1.8}","{'revenue_growth_yoy': 2.7, 'revenue_accelerating': False, 'rev_accel_quarters': 0}","{'rs_3m': -10.3, 'rs_6m': -18.4, 'rs_line_percentile': 0.0, 'rs_line_at_new_high': False, 'rs_line_trend': 'down', 'rs_line_score': 15}","{'roe_pct': 2.3, 'debt_to_equity': 1.61, 'current_ratio': 1.01, 'operating_margin_pct': 25.7}","{'days_to_earnings': 'N/A', 'recommendation': 'buy', 'analyst_upside_pct': 31.6}",41.33,92263088128,Financial Services,Asset Management,,4.6,False,49.57,-16.6,1,False,54.4,61.0,31.0,10.0,buy,31.6,,,16.2,-60.8,-2.15,-0.89,0.68,48.2,0.28,0.87,True,-1.15,1.3,40.3,73.0,2026-11-12,False,False,6,NEUTRAL,4.56,12.9,0.17,22.3,,,,2026-08-31T10:46:41.822879
TJX,"The TJX Companies, Inc.",49.5,⚠️ WEAK,🔴 Weak,USD,USD,False,True,True,1.0,"FCF declarado (4,398,750,208) se aparta del derivado de flujo operativo menos capex (6,076,999,872)",65.0,30.0,24.0,75.0,65.0,15.0,2.2,False,down,7.2,False,0,-0.5,False,0,"{'eps_growth_yoy': 7.2, 'positive_quarters': 4, 'earnings_accelerating': False, 'eps_accel_quarters': 0, 'profit_margin_pct': 9.7}","{'revenue_growth_yoy': -0.5, 'revenue_accelerating': False, 'rev_accel_quarters': 0}","{'rs_3m': -12.9, 'rs_6m': -27.7, 'rs_line_percentile': 2.2, 'rs_line_at_new_high': False, 'rs_line_trend': 'down', 'rs_line_score': 15}","{'roe_pct': 62.2, 'debt_to_equity': 1.34, 'current_ratio': 1.15, 'operating_margin_pct': 10.9}","{'days_to_earnings': 'N/A', 'recommendation': 'buy', 'analyst_upside_pct': 26.1}",135.12,149267644416,Consumer Cyclical,Apparel Retail,1.8,4.0,False,170.0,-20.5,3,False,170.4,198.0,125.0,20.0,buy,26.1,133.57,-1.1,127.44,-5.7,2.95,3.98,1.42,32.5,1.92,1.34,True,-1.68,104.7,23.6,79.0,2026-11-18,False,False,7,NEUTRAL,4.63,36.2,0.99,22.5,,,,2026-08-31T10:44:36.059185
KHC,The Kraft Heinz Company,49.0,⚠️ WEAK,🔴 Weak,USD,USD,False,True,True,1.0,,38.0,60.0,46.7,55.0,50.0,35.0,33.5,False,up,-987.8,False,0,0.4,True,1,"{'eps_growth_yoy': -987.8, 'positive_quarters': 3, 'earnings_accelerating': False, 'eps_accel_quarters': 0, 'profit_margin_pct': -13.6}","{'revenue_growth_yoy': 0.4, 'revenue_accelerating': True, 'rev_accel_quarters': 1}","{'rs_3m': 9.0, 'rs_6m': -4.1, 'rs_line_percentile': 33.5, 'rs_line_at_new_high': False, 'rs_line_trend': 'up', 'rs_line_score': 35}","{'roe_pct': -8.8, 'debt_to_equity': 0.53, 'current_ratio': 1.06, 'operating_margin_pct': 15.5}","{'days_to_earnings': 'N/A', 'recommendation': 'hold', 'analyst_upside_pct': -2.4}",25.7,30475671552,Consumer Defensive,Packaged Foods,10.0,5.8,True,28.09,-8.5,6,False,25.09,40.0,19.0,17.0,hold,-2.4,40.33,56.9,,,10.67,2.74,6.23,73.1,1.6,4.9,True,-0.09,6.1,,58.0,2026-10-28,False,False,5,NEUTRAL,-9.59,-51.9,6.35,32.3,,,,2026-08-31T10:45:44.749640
CL,Colgate-Palmolive Company,49.0,⚠️ WEAK,🔴 Weak,USD,USD,False,True,True,1.0,,38.0,50.0,46.7,65.0,60.0,35.0,26.6,False,flat,-5.7,False,0,4.5,False,0,"{'eps_growth_yoy': -5.7, 'positive_quarters': 3, 'earnings_accelerating': False, 'eps_accel_quarters': 0, 'profit_margin_pct': 9.7}","{'revenue_growth_yoy': 4.5, 'revenue_accelerating': False, 'rev_accel_quarters': 0}","{'rs_3m': 1.5, 'rs_6m': -18.3, 'rs_line_percentile': 26.6, 'rs_line_at_new_high': False, 'rs_line_trend': 'flat', 'rs_line_score': 35}","{'roe_pct': 267.4, 'debt_to_equity': 13.88, 'current_ratio': 1.03, 'operating_margin_pct': 21.0}","{'days_to_earnings': 'N/A', 'recommendation': 'buy', 'analyst_upside_pct': 9.0}",90.75,72343429120,Consumer Defensive,Household & Personal Products,2.5,4.0,False,99.33,-8.6,5,False,98.95,110.0,87.0,20.0,buy,9.0,63.83,-29.7,25.4,-72.0,4.78,4.34,2.34,82.3,2.12,2.32,True,-1.78,12.5,-3.8,60.0,2026-10-30,False,False,5,NEUTRAL,4.21,71.4,,19.7,0.4,0.02,-19.3,2026-08-31T10:43:57.581576
WMT,Walmart Inc.,48.5,⚠️ WEAK,🔴 Weak,USD,USD,False,True,True,1.0,"FCF declarado (8,984,500,224) se aparta del derivado de flujo operativo menos capex (16,280,999,808)",55.0,50.0,24.0,55.0,65.0,15.0,1.4,False,down,-24.1,True,1,0.2,False,0,"{'eps_growth_yoy': -24.1, 'positive_quarters': 4, 'earnings_accelerating': True, 'eps_accel_quarters': 1, 'profit_margin_pct': 3.0}","{'revenue_growth_yoy': 0.2, 'revenue_accelerating': False, 'rev_accel_quarters': 0}","{'rs_3m': -11.5, 'rs_6m': -31.1, 'rs_line_percentile': 1.4, 'rs_line_at_new_high': False, 'rs_line_trend': 'down', 'rs_line_score': 15}","{'roe_pct': 22.3, 'debt_to_equity': 0.7, 'current_ratio': 0.77, 'operating_margin_pct': 5.0}","{'days_to_earnings': 'N/A', 'recommendation': 'buy', 'analyst_upside_pct': 23.9}",103.09,820398325760,Consumer Defensive,Discount Stores,1.4,3.0,False,135.16,-23.7,3,False,127.72,155.0,81.0,40.0,buy,23.9,16.61,-83.9,27.6,-73.2,1.1,1.13,0.96,35.0,0.99,1.26,True,-0.68,11.7,-9.1,80.0,2026-11-19,False,False,7,NEUTRAL,3.63,20.6,,36.2,,,,2026-08-31T10:40:44.989875
IT,"Gartner, Inc.",48.3,⚠️ WEAK,🔴 Weak,USD,USD,False,True,True,1.0,,50.0,30.0,55.1,65.0,50.0,35.0,38.1,False,up,-7.7,False,0,-10.4,False,0,"{'eps_growth_yoy': -7.7, 'positive_quarters': 4, 'earnings_accelerating': False, 'eps_accel_quarters': 0, 'profit_margin_pct': 12.0}","{'revenue_growth_yoy': -10.4, 'revenue_accelerating': False, 'rev_accel_quarters': 0}","{'rs_3m': 8.8, 'rs_6m': 11.9, 'rs_line_percentile': 38.1, 'rs_line_at_new_high': False, 'rs_line_trend': 'up', 'rs_line_score': 35}","{'roe_pct': 113.6, 'current_ratio': 0.88, 'operating_margin_pct': 22.6}","{'days_to_earnings': 'N/A', 'recommendation': 'hold', 'analyst_upside_pct': -6.7}",198.39,12528124928,Technology,Information Technology Services,16.4,4.8,True,265.85,-25.4,3,False,185.15,229.0,150.0,13.0,hold,-6.7,706.85,256.3,333.9,68.3,8.4,16.67,,,,,True,-18.86,6.6,13.2,64.0,2026-11-03,False,False,6,NEUTRAL,7.61,255.4,0.36,86.5,0.8,0.01,-85.7,2026-08-31T10:43:18.378753
PG,The Procter & Gamble Company,46.8,⚠️ WEAK,🔴 Weak,USD,USD,False,True,True,1.0,,50.0,40.0,26.7,70.0,60.0,15.0,4.8,False,down,-35.9,False,0,-5.3,True,1,"{'eps_growth_yoy': -35.9, 'positive_quarters': 4, 'earnings_accelerating': False, 'eps_accel_quarters': 0, 'profit_margin_pct': 18.4}","{'revenue_growth_yoy': -5.3, 'revenue_accelerating': True, 'rev_accel_quarters': 1}","{'rs_3m': 1.6, 'rs_6m': -23.4, 'rs_line_percentile': 4.8, 'rs_line_at_new_high': False, 'rs_line_trend': 'down', 'rs_line_score': 15}","{'roe_pct': 30.3, 'debt_to_equity': 0.64, 'current_ratio': 0.68, 'operating_margin_pct': 22.1}","{'days_to_earnings': 'N/A', 'recommendation': 'buy', 'analyst_upside_pct': 11.7}",143.78,334805958656,Consumer Defensive,Household & Personal Products,1.1,3.0,False,167.25,-14.0,2,False,160.61,186.0,143.0,23.0,buy,11.7,83.92,-41.6,66.1,-54.0,3.97,5.7,3.03,64.3,4.35,2.49,True,-1.5,24.3,-10.8,52.0,2026-10-22,False,False,6,NEUTRAL,5.9,83.8,,14.1,0.2,0.01,-13.9,2026-08-31T10:40:01.979899
LEN,Lennar Corporation,46.8,⚠️ WEAK,🔴 Weak,USD,USD,False,True,False,0.8738,"acciones × precio no cuadra con la capitalización (ratio 0.8738): el dato por acción y el precio no están en la misma unidad — típico de ADR. Los ratios por acción (EPS, FCF/acción, DCF) no son utilizables | FCF declarado (1,077,926,016) se aparta del derivado de flujo operativo menos capex (694,361",55.0,40.0,24.0,70.0,50.0,15.0,2.6,False,down,-48.4,True,1,-9.9,True,1,"{'eps_growth_yoy': -48.4, 'positive_quarters': 4, 'earnings_accelerating': True, 'eps_accel_quarters': 1, 'profit_margin_pct': 4.9}","{'revenue_growth_yoy': -9.9, 'revenue_accelerating': True, 'rev_accel_quarters': 1}","{'rs_3m': -5.3, 'rs_6m': -33.8, 'rs_line_percentile': 2.6, 'rs_line_at_new_high': False, 'rs_line_trend': 'down', 'rs_line_score': 15}","{'roe_pct': 7.4, 'debt_to_equity': 0.29, 'current_ratio': 8.51, 'operating_margin_pct': 5.3}","{'days_to_earnings': 'N/A', 'recommendation': 'hold', 'analyst_upside_pct': -0.1}",86.33,20796477440,Consumer Cyclical,Residential Construction,0.3,0.2,False,144.24,-40.1,1,False,86.23,120.0,67.0,13.0,hold,-0.1,,,,,5.18,5.12,2.32,31.4,2.0,1.48,True,-6.01,,-12.6,17.0,2026-09-17,False,True,4,NEUTRAL,10.86,11.2,,36.5,,,,2026-08-31T10:46:37.610224
ESLOY,EssilorLuxottica Société anonyme,46.5,⚠️ WEAK,🔴 Weak,USD,EUR,True,True,True,1.0,,50.0,50.0,24.0,55.0,60.0,15.0,2.0,False,down,,,0,,,0,{'profit_margin_pct': 8.5},{},"{'rs_3m': -8.4, 'rs_6m': -37.9, 'rs_line_percentile': 2.0, 'rs_line_at_new_high': False, 'rs_line_trend': 'down', 'rs_line_score': 15}","{'roe_pct': 6.7, 'debt_to_equity': 0.38, 'current_ratio': 0.89, 'operating_margin_pct': 15.4}","{'days_to_earnings': 'N/A', 'recommendation': 'none', 'analyst_upside_pct': 53.1}",93.72,86119981056,Healthcare,Medical Instruments & Supplies,,,False,186.81,-49.8,0,False,143.5,148.0,139.0,2.0,none,53.1,89.78,-4.2,38.38,-59.0,4.43,4.15,2.47,74.3,2.32,1.55,,,,6.2,,,False,False,4,NEUTRAL,3.5,34.6,1.71,26.0,,,,2026-08-31T10:44:31.502516
TEVA,Teva Pharmaceutical Industries Limited,44.1,⚠️ WEAK,🔴 Weak,USD,USD,False,True,True,1.0,"FCF declarado (2,219,875,072) se aparta del derivado de flujo operativo menos capex (1,397,000,000)",38.0,40.0,64.7,25.0,60.0,80.0,78.0,False,up,-233.0,False,0,-7.5,True,1,"{'eps_growth_yoy': -233.0, 'positive_quarters': 3, 'earnings_accelerating': False, 'eps_accel_quarters': 0, 'profit_margin_pct': 4.1}","{'revenue_growth_yoy': -7.5, 'revenue_accelerating': True, 'rev_accel_quarters': 1}","{'rs_3m': 3.5, 'rs_6m': -4.8, 'rs_line_percentile': 78.0, 'rs_line_at_new_high': False, 'rs_line_trend': 'up', 'rs_line_score': 80}","{'roe_pct': 9.7, 'debt_to_equity': 2.18, 'current_ratio': 0.88, 'operating_margin_pct': 4.0}","{'days_to_earnings': 'N/A', 'recommendation': 'strong_buy', 'analyst_upside_pct': 13.6}",36.44,42463387648,Healthcare,Drug Manufacturers - Specialty & Generic,3.1,6.4,False,38.37,-5.0,8,True,41.4,50.0,33.0,10.0,strong_buy,13.6,28.03,-23.1,6.0,-83.5,5.23,1.9,,,,2.95,False,,1.8,,65.0,2026-11-04,False,False,8,STRONG,3.84,43.5,0.27,24.5,0.4,0.02,-24.1,2026-08-31T10:46:59.597298
GPK,Graphic Packaging Holding Company,42.9,⚠️ WEAK,🔴 Weak,USD,USD,False,True,True,1.0,"FCF declarado (237,875,008) se aparta del derivado de flujo operativo menos capex (-129,000,000)",48.0,30.0,38.7,55.0,50.0,15.0,10.2,False,up,-83.1,True,1,-0.1,False,0,"{'eps_growth_yoy': -83.1, 'positive_quarters': 3, 'earnings_accelerating': True, 'eps_accel_quarters': 1, 'profit_margin_pct': 2.2}","{'revenue_growth_yoy': -0.1, 'revenue_accelerating': False, 'rev_accel_quarters': 0}","{'rs_3m': 2.5, 'rs_6m': -12.3, 'rs_line_percentile': 10.2, 'rs_line_at_new_high': False, 'rs_line_trend': 'up', 'rs_line_score': 15}","{'roe_pct': 6.0, 'debt_to_equity': 1.76, 'current_ratio': 1.38, 'operating_margin_pct': 4.5}","{'days_to_earnings': 'N/A', 'recommendation': 'none', 'analyst_upside_pct': 8.8}",11.56,3420458496,Consumer Cyclical,Packaging & Containers,7.6,4.0,False,22.17,-47.9,2,False,12.58,18.0,10.0,11.0,none,8.8,11.83,2.3,6.5,-43.8,6.95,0.8,3.81,67.7,0.44,1.79,True,-2.16,2.0,-38.2,70.0,2026-11-09,False,False,5,NEUTRAL,8.99,12.6,,43.3,12.5,0.29,-30.8,2026-08-31T10:47:12.911163
KD,"Kyndryl Holdings, Inc.",35.4,⚠️ WEAK,🔴 Weak,USD,USD,False,True,True,1.0,"FCF declarado (2,652,624,896) se aparta del derivado de flujo operativo menos capex (154,000,000)",38.0,30.0,38.7,25.0,50.0,15.0,7.7,False,up,-180.9,False,0,-2.8,False,0,"{'eps_growth_yoy': -180.9, 'positive_quarters': 3, 'earnings_accelerating': False, 'eps_accel_quarters': 0, 'profit_margin_pct': 0.6}","{'revenue_growth_yoy': -2.8, 'revenue_accelerating': False, 'rev_accel_quarters': 0}","{'rs_3m': 0.7, 'rs_6m': -9.8, 'rs_line_percentile': 7.7, 'rs_line_at_new_high': False, 'rs_line_trend': 'up', 'rs_line_score': 15}","{'roe_pct': 6.9, 'debt_to_equity': 4.22, 'current_ratio': 0.85, 'operating_margin_pct': 2.9}","{'days_to_earnings': 'N/A', 'recommendation': 'none', 'analyst_upside_pct': 7.6}",13.2,2875201024,Technology,Information Technology Services,13.6,6.5,True,33.9,-61.1,2,False,14.2,16.0,13.0,5.0,none,7.6,179.19,1257.5,3.7,-72.0,92.26,12.18,,,,,True,-12.03,3.4,,64.0,2026-11-03,False,False,6,NEUTRAL,8.68,14.9,0.15,52.3,,,,2026-08-31T10:47:34.356256
