ticker,company_name,fundamental_score,tier,quality,price_currency,financial_currency,fx_applied,fx_reliable,per_share_reliable,shares_price_ratio,coherence_issues,earnings_quality_score,growth_acceleration_score,relative_strength_score,financial_health_score,catalyst_timing_score,rs_line_score,rs_line_percentile,rs_line_at_new_high,rs_line_trend,eps_growth_yoy,eps_accelerating,eps_accel_quarters,rev_growth_yoy,rev_accelerating,rev_accel_quarters,earnings_details,growth_details,rs_details,health_details,catalyst_details,current_price,market_cap,sector,industry,short_percent_float,short_ratio,short_squeeze_potential,fifty_two_week_high,proximity_to_52w_high,trend_template_score,trend_template_pass,target_price_analyst,target_price_analyst_high,target_price_analyst_low,analyst_count,analyst_recommendation,analyst_upside_pct,target_price_dcf,target_price_dcf_upside_pct,target_price_pe,target_price_pe_upside_pct,fcf_yield_pct,fcf_per_share,dividend_yield_pct,payout_ratio_pct,dividend_rate,five_yr_avg_dividend_yield_pct,buyback_active,shares_change_pct,interest_coverage,analyst_revision_momentum,days_to_earnings,earnings_date,earnings_warning,earnings_catalyst,piotroski_score,piotroski_label,ebit_ev_yield,roic_greenblatt,peg_ratio,hv_30d,atm_iv,iv_ratio,iv_premium_pts,analyzed_at
CVX,Chevron Corporation,83.1,🏆 ELITE,🟢 Elite,USD,USD,False,True,True,1.0,,100.0,100.0,46.7,85.0,60.0,35.0,37.3,False,up,241.1,True,2,39.5,True,2,"{'eps_growth_yoy': 241.1, 'positive_quarters': 4, 'earnings_accelerating': True, 'eps_accel_quarters': 2, 'profit_margin_pct': 9.8}","{'revenue_growth_yoy': 39.5, 'revenue_accelerating': True, 'rev_accel_quarters': 2}","{'rs_3m': 0.3, 'rs_6m': -3.6, 'rs_line_percentile': 37.3, 'rs_line_at_new_high': False, 'rs_line_trend': 'up', 'rs_line_score': 35}","{'roe_pct': 12.2, 'debt_to_equity': 0.19, 'current_ratio': 1.25, 'operating_margin_pct': 21.9}","{'days_to_earnings': 'N/A', 'recommendation': 'buy', 'analyst_upside_pct': 8.4}",200.0,392320679936,Energy,Oil & Gas Integrated,1.0,2.5,False,214.71,-6.9,6,False,216.83,236.0,175.0,24.0,buy,8.4,474.19,137.1,312.0,56.0,5.59,11.18,3.56,67.2,7.12,3.99,True,-2.84,22.5,321.9,74.0,2026-10-30,False,False,5,NEUTRAL,4.91,9.3,0.05,27.2,,,,2026-08-17T04:51:01.637919
HEI,Heico Corporation,81.9,🏆 ELITE,🟢 Elite,USD,USD,False,True,True,,,100.0,70.0,74.6,90.0,60.0,80.0,75.4,False,up,31.8,True,1,19.9,True,1,"{'eps_growth_yoy': 31.8, 'positive_quarters': 4, 'earnings_accelerating': True, 'eps_accel_quarters': 1, 'profit_margin_pct': 16.1}","{'revenue_growth_yoy': 19.9, 'revenue_accelerating': True, 'rev_accel_quarters': 1}","{'rs_3m': 25.0, 'rs_6m': 1.4, 'rs_line_percentile': 75.4, 'rs_line_at_new_high': False, 'rs_line_trend': 'up', 'rs_line_score': 80}","{'roe_pct': 17.2, 'debt_to_equity': 0.48, 'current_ratio': 2.92, 'operating_margin_pct': 25.5}","{'days_to_earnings': 'N/A', 'recommendation': 'buy', 'analyst_upside_pct': 3.6}",374.67,0,Industrials,Aerospace & Defense,1.4,1.6,False,376.86,-0.6,8,True,388.32,472.0,290.0,19.0,buy,3.6,,,167.4,-55.3,,,0.07,4.3,0.25,0.1,False,,9.0,48.2,8.0,2026-08-25,False,True,8,STRONG,1.85,52.3,1.12,22.4,,,,2026-08-17T04:47:47.572552
VEEV,Veeva Systems Inc.,81.8,🏆 ELITE,🟢 Elite,USD,USD,False,True,True,1.0,,100.0,80.0,65.0,85.0,60.0,35.0,42.4,False,up,30.3,True,1,11.9,True,2,"{'eps_growth_yoy': 30.3, 'positive_quarters': 4, 'earnings_accelerating': True, 'eps_accel_quarters': 1, 'profit_margin_pct': 28.4}","{'revenue_growth_yoy': 11.9, 'revenue_accelerating': True, 'rev_accel_quarters': 2}","{'rs_3m': 50.7, 'rs_6m': 27.2, 'rs_line_percentile': 42.4, 'rs_line_at_new_high': False, 'rs_line_trend': 'up', 'rs_line_score': 35}","{'roe_pct': 13.9, 'debt_to_equity': 0.01, 'current_ratio': 4.74, 'operating_margin_pct': 30.9}","{'days_to_earnings': 'N/A', 'recommendation': 'buy', 'analyst_upside_pct': 0.2}",243.75,39595552768,Healthcare,Health Information Services,4.9,4.2,False,310.5,-21.5,4,False,244.14,350.0,165.0,28.0,buy,0.2,183.94,-24.5,82.2,-66.3,3.18,7.75,,,,,True,-0.57,,14.6,9.0,2026-08-26,False,True,7,NEUTRAL,2.83,14.1,1.66,47.3,,,,2026-08-17T04:45:48.331344
THC,Tenet Healthcare Corporation,80.0,🏆 ELITE,🟢 Elite,USD,USD,False,True,True,1.0,"FCF declarado (2,247,875,072) se aparta del derivado de flujo operativo menos capex (3,005,000,064)",100.0,60.0,89.0,75.0,60.0,95.0,90.3,False,up,141.5,False,0,14.2,False,0,"{'eps_growth_yoy': 141.5, 'positive_quarters': 4, 'earnings_accelerating': False, 'eps_accel_quarters': 0, 'profit_margin_pct': 10.3}","{'revenue_growth_yoy': 14.2, 'revenue_accelerating': False, 'rev_accel_quarters': 0}","{'rs_3m': 31.5, 'rs_6m': 24.3, 'rs_line_percentile': 90.3, 'rs_line_at_new_high': False, 'rs_line_trend': 'up', 'rs_line_score': 95}","{'roe_pct': 37.3, 'debt_to_equity': 1.52, 'current_ratio': 1.41, 'operating_margin_pct': 18.2}","{'days_to_earnings': 'N/A', 'recommendation': 'strong_buy', 'analyst_upside_pct': 5.3}",267.9,21571039232,Healthcare,Medical Care Facilities,4.7,2.2,False,270.57,-1.0,8,True,282.0,309.0,260.0,21.0,strong_buy,5.3,1183.92,341.9,776.4,189.8,10.42,27.92,,,,2.75,True,-7.65,5.7,213.4,71.0,2026-10-27,False,False,6,NEUTRAL,9.87,33.4,0.06,74.2,0.8,0.01,-73.4,2026-08-17T04:52:44.952510
INTU,Intuit Inc.,79.5,⭐⭐⭐ EXCELLENT,🟢 Excellent,USD,USD,False,True,True,1.0,"FCF declarado (5,232,000,000) se aparta del derivado de flujo operativo menos capex (7,764,000,000)",100.0,100.0,24.0,85.0,70.0,15.0,13.1,False,up,704.2,True,2,123.4,True,2,"{'eps_growth_yoy': 704.2, 'positive_quarters': 4, 'earnings_accelerating': True, 'eps_accel_quarters': 2, 'profit_margin_pct': 21.9}","{'revenue_growth_yoy': 123.4, 'revenue_accelerating': True, 'rev_accel_quarters': 2}","{'rs_3m': -17.0, 'rs_6m': -27.3, 'rs_line_percentile': 13.1, 'rs_line_at_new_high': False, 'rs_line_trend': 'up', 'rs_line_score': 15}","{'roe_pct': 22.5, 'debt_to_equity': 0.33, 'current_ratio': 1.45, 'operating_margin_pct': 47.0}","{'days_to_earnings': 'N/A', 'recommendation': 'buy', 'analyst_upside_pct': 30.6}",345.66,94550794240,Technology,Software - Application,5.1,2.8,False,721.54,-52.1,2,False,451.32,921.0,250.0,33.0,buy,30.6,387.99,12.2,175.27,-49.3,5.53,19.13,1.39,28.3,4.8,0.67,True,-4.32,24.8,10.7,8.0,2026-08-25,False,True,9,STRONG,5.37,97.0,1.18,48.7,,,,2026-08-17T04:44:37.585656
MSFT,Microsoft Corporation,78.5,⭐⭐⭐ EXCELLENT,🟢 Excellent,USD,USD,False,True,True,1.0,"FCF declarado (16,545,500,160) se aparta del derivado de flujo operativo menos capex (66,986,994,944)",100.0,70.0,53.9,95.0,60.0,35.0,47.7,False,up,28.9,True,1,15.9,True,1,"{'eps_growth_yoy': 28.9, 'positive_quarters': 4, 'earnings_accelerating': True, 'eps_accel_quarters': 1, 'profit_margin_pct': 40.3}","{'revenue_growth_yoy': 15.9, 'revenue_accelerating': True, 'rev_accel_quarters': 1}","{'rs_3m': 12.4, 'rs_6m': 9.5, 'rs_line_percentile': 47.7, 'rs_line_at_new_high': False, 'rs_line_trend': 'up', 'rs_line_score': 35}","{'roe_pct': 34.0, 'debt_to_equity': 0.29, 'current_ratio': 1.23, 'operating_margin_pct': 45.1}","{'days_to_earnings': 'N/A', 'recommendation': 'strong_buy', 'analyst_upside_pct': 15.0}",495.4,3678615371776,Technology,Software - Infrastructure,1.1,2.2,False,553.72,-10.5,4,False,569.56,870.0,400.0,53.0,strong_buy,15.0,94.49,-80.9,537.9,8.6,0.45,2.23,0.73,19.8,3.64,0.79,True,-0.61,55.4,31.7,72.0,2026-10-28,False,False,6,NEUTRAL,4.53,44.9,0.66,60.4,,,,2026-08-17T04:44:18.391068
RACE,Ferrari N.V.,78.3,⭐⭐⭐ EXCELLENT,🟢 Excellent,USD,EUR,True,True,True,1.0,"FCF declarado (1,161,314,099) se aparta del derivado de flujo operativo menos capex (1,846,771,139)",100.0,70.0,56.6,90.0,60.0,35.0,29.7,False,up,21.2,True,2,9.7,True,2,"{'eps_growth_yoy': 21.2, 'positive_quarters': 4, 'earnings_accelerating': True, 'eps_accel_quarters': 2, 'profit_margin_pct': 22.2}","{'revenue_growth_yoy': 9.7, 'revenue_accelerating': True, 'rev_accel_quarters': 2}","{'rs_3m': 20.7, 'rs_6m': 1.1, 'rs_line_percentile': 29.7, 'rs_line_at_new_high': False, 'rs_line_trend': 'up', 'rs_line_score': 35}","{'roe_pct': 45.4, 'debt_to_equity': 0.86, 'current_ratio': 2.43, 'operating_margin_pct': 31.1}","{'days_to_earnings': 'N/A', 'recommendation': 'strong_buy', 'analyst_upside_pct': 10.8}",414.85,72916041728,Consumer Cyclical,Auto Manufacturers,2.8,7.0,False,504.49,-17.8,5,False,459.8,533.15,400.14,14.0,strong_buy,10.8,130.79,-68.5,108.07,-73.9,1.59,6.61,1.02,39.0,4.23,0.68,True,-1.09,63.9,10.1,78.0,2026-11-03,False,False,9,STRONG,2.82,46.9,3.24,30.5,,,,2026-08-17T04:47:15.626203
NUE,Nucor Corporation,78.3,⭐⭐⭐ EXCELLENT,🟢 Excellent,USD,USD,False,True,True,1.0,"FCF declarado (683,374,976) se aparta del derivado de flujo operativo menos capex (1,002,000,000)",85.0,70.0,86.3,80.0,60.0,95.0,92.1,False,flat,23.2,True,1,12.3,True,1,"{'eps_growth_yoy': 23.2, 'positive_quarters': 4, 'earnings_accelerating': True, 'eps_accel_quarters': 1, 'profit_margin_pct': 8.0}","{'revenue_growth_yoy': 12.3, 'revenue_accelerating': True, 'rev_accel_quarters': 1}","{'rs_3m': 10.5, 'rs_6m': 28.8, 'rs_line_percentile': 92.1, 'rs_line_at_new_high': False, 'rs_line_trend': 'flat', 'rs_line_score': 95}","{'roe_pct': 14.5, 'debt_to_equity': 0.31, 'current_ratio': 2.51, 'operating_margin_pct': 15.7}","{'days_to_earnings': 'N/A', 'recommendation': 'buy', 'analyst_upside_pct': 5.4}",268.91,61009141760,Basic Materials,Steel,2.1,2.6,False,280.11,-4.0,8,True,283.56,305.0,231.0,16.0,buy,5.4,127.74,-52.5,375.9,39.8,1.12,3.01,0.83,17.8,2.24,1.41,True,-0.86,23.8,93.8,70.0,2026-10-26,False,False,6,NEUTRAL,4.11,11.9,0.15,37.7,0.4,0.01,-37.3,2026-08-17T04:51:51.569270
WST,"West Pharmaceutical Services, Inc.",77.0,⭐⭐⭐ EXCELLENT,🟢 Excellent,USD,USD,False,True,True,1.0,"FCF declarado (277,937,504) se aparta del derivado de flujo operativo menos capex (376,300,000)",100.0,50.0,68.7,95.0,65.0,60.0,73.8,False,up,10.0,True,2,8.4,False,0,"{'eps_growth_yoy': 10.0, 'positive_quarters': 4, 'earnings_accelerating': True, 'eps_accel_quarters': 2, 'profit_margin_pct': 17.0}","{'revenue_growth_yoy': 8.4, 'revenue_accelerating': False, 'rev_accel_quarters': 0}","{'rs_3m': 6.7, 'rs_6m': 29.2, 'rs_line_percentile': 73.8, 'rs_line_at_new_high': False, 'rs_line_trend': 'up', 'rs_line_score': 60}","{'roe_pct': 19.1, 'debt_to_equity': 0.11, 'current_ratio': 2.82, 'operating_margin_pct': 22.5}","{'days_to_earnings': 'N/A', 'recommendation': 'strong_buy', 'analyst_upside_pct': 15.8}",349.42,24590698496,Healthcare,Medical Instruments & Supplies,4.2,3.0,False,386.0,-9.5,8,True,404.73,459.0,340.0,15.0,strong_buy,15.8,107.46,-69.2,141.72,-59.4,1.13,3.95,0.25,11.1,0.88,0.25,True,-1.86,155.1,18.1,66.0,2026-10-22,False,False,7,NEUTRAL,2.46,19.0,1.94,32.3,0.2,0.01,-32.1,2026-08-17T04:46:42.335290
G24.DE,Scout24 SE,76.3,⭐⭐⭐ EXCELLENT,🟢 Excellent,EUR,EUR,False,True,True,1.0,,100.0,70.0,60.5,65.0,70.0,,,,,61.9,True,1,20.0,True,1,"{'eps_growth_yoy': 61.9, 'positive_quarters': 4, 'earnings_accelerating': True, 'eps_accel_quarters': 1, 'profit_margin_pct': 38.9}","{'revenue_growth_yoy': 20.0, 'revenue_accelerating': True, 'rev_accel_quarters': 1}","{'rs_3m': 4.1, 'rs_6m': 1.9}","{'roe_pct': 22.8, 'debt_to_equity': 0.59, 'current_ratio': 0.23, 'operating_margin_pct': 43.4}","{'days_to_earnings': 'N/A', 'recommendation': 'buy', 'analyst_upside_pct': 35.8}",78.0,5431938048,Communication Services,Internet Content & Information,,,False,115.9,-32.7,2,False,105.91,140.0,80.0,18.0,buy,35.8,159.71,104.8,119.1,52.7,4.83,3.77,1.92,37.8,1.5,1.52,,,28.2,66.7,79.0,2026-11-04,False,False,6,NEUTRAL,4.68,635.9,0.25,47.7,,,,2026-08-17T04:50:37.176557
BR,"Broadridge Financial Solutions,",76.2,⭐⭐⭐ EXCELLENT,🟢 Excellent,USD,USD,False,True,True,1.0,,100.0,80.0,38.7,80.0,65.0,15.0,16.7,False,up,140.7,True,1,39.7,False,0,"{'eps_growth_yoy': 140.7, 'positive_quarters': 4, 'earnings_accelerating': True, 'eps_accel_quarters': 1, 'profit_margin_pct': 15.0}","{'revenue_growth_yoy': 39.7, 'revenue_accelerating': False, 'rev_accel_quarters': 0}","{'rs_3m': 9.8, 'rs_6m': -14.1, 'rs_line_percentile': 16.7, 'rs_line_at_new_high': False, 'rs_line_trend': 'up', 'rs_line_score': 15}","{'roe_pct': 40.9, 'debt_to_equity': 1.24, 'current_ratio': 1.24, 'operating_margin_pct': 24.6}","{'days_to_earnings': 'N/A', 'recommendation': 'buy', 'analyst_upside_pct': 24.7}",171.01,19498866688,Technology,Information Technology Services,4.0,4.0,False,265.37,-35.6,1,False,213.25,250.0,176.0,8.0,buy,24.7,193.4,13.1,95.9,-43.9,6.13,10.48,2.55,40.6,4.36,1.68,True,-3.1,13.9,5.9,78.0,2026-11-03,False,False,8,STRONG,6.89,211.6,1.76,45.0,,,,2026-08-17T04:44:03.491263
OXY,Occidental Petroleum Corporation,76.0,⭐⭐⭐ EXCELLENT,🟢 Excellent,USD,USD,False,True,True,1.0,,100.0,70.0,52.4,80.0,60.0,35.0,37.8,False,down,259.2,True,2,21.8,False,0,"{'eps_growth_yoy': 259.2, 'positive_quarters': 3, 'earnings_accelerating': True, 'eps_accel_quarters': 2, 'profit_margin_pct': 30.3}","{'revenue_growth_yoy': 21.8, 'revenue_accelerating': False, 'rev_accel_quarters': 0}","{'rs_3m': -7.0, 'rs_6m': 13.4, 'rs_line_percentile': 37.8, 'rs_line_at_new_high': False, 'rs_line_trend': 'down', 'rs_line_score': 35}","{'roe_pct': 10.6, 'debt_to_equity': 0.35, 'current_ratio': 1.41, 'operating_margin_pct': 45.4}","{'days_to_earnings': 'N/A', 'recommendation': 'buy', 'analyst_upside_pct': 13.4}",58.36,58338836480,Energy,Oil & Gas E&P,0.0,0.0,False,67.45,-13.5,7,True,66.17,79.0,55.0,23.0,buy,13.4,160.71,175.4,101.7,74.3,6.49,3.79,1.92,29.5,1.12,1.14,True,-0.2,6.2,675.4,84.0,2026-11-09,False,False,4,NEUTRAL,5.31,6.4,0.02,37.2,,,,2026-08-17T04:50:46.797097
TT,Trane Technologies plc,75.8,⭐⭐⭐ EXCELLENT,🟢 Excellent,USD,USD,False,True,True,1.0,,90.0,80.0,54.0,80.0,60.0,60.0,50.5,False,up,9.1,True,2,10.6,True,2,"{'eps_growth_yoy': 9.1, 'positive_quarters': 4, 'earnings_accelerating': True, 'eps_accel_quarters': 2, 'profit_margin_pct': 13.3}","{'revenue_growth_yoy': 10.6, 'revenue_accelerating': True, 'rev_accel_quarters': 2}","{'rs_3m': -3.1, 'rs_6m': -12.4, 'rs_line_percentile': 50.5, 'rs_line_at_new_high': False, 'rs_line_trend': 'up', 'rs_line_score': 60}","{'roe_pct': 36.6, 'debt_to_equity': 0.53, 'current_ratio': 1.07, 'operating_margin_pct': 19.3}","{'days_to_earnings': 'N/A', 'recommendation': 'buy', 'analyst_upside_pct': 9.6}",480.2,105655132160,Industrials,Building Products & Equipment,1.4,2.5,False,505.87,-5.1,7,True,526.23,575.0,422.0,21.0,buy,9.6,248.18,-48.3,134.0,-72.1,2.95,14.19,0.87,29.7,4.2,1.19,True,-1.29,18.0,5.0,73.0,2026-10-29,False,False,9,STRONG,3.58,102.0,3.87,30.6,,,,2026-08-17T04:48:41.962422
BAC,Bank of America Corporation,75.8,⭐⭐⭐ EXCELLENT,🟢 Excellent,USD,USD,False,True,True,1.0,,95.0,60.0,82.6,65.0,60.0,100.0,92.0,True,up,20.6,True,1,14.4,False,0,"{'eps_growth_yoy': 20.6, 'positive_quarters': 4, 'earnings_accelerating': True, 'eps_accel_quarters': 1, 'profit_margin_pct': 29.5}","{'revenue_growth_yoy': 14.4, 'revenue_accelerating': False, 'rev_accel_quarters': 0}","{'rs_3m': 25.0, 'rs_6m': 9.6, 'rs_line_percentile': 92.0, 'rs_line_at_new_high': True, 'rs_line_trend': 'up', 'rs_line_score': 100}","{'roe_pct': 11.2, 'operating_margin_pct': 38.3}","{'days_to_earnings': 'N/A', 'recommendation': 'buy', 'analyst_upside_pct': 6.6}",64.49,450962325504,Financial Services,Banks - Diversified,0.0,0.0,False,65.2,-1.1,8,True,68.77,75.0,62.0,22.0,buy,6.6,76.49,18.6,129.9,101.4,2.8,1.8,1.98,25.9,1.28,2.35,True,-5.58,,34.1,58.0,2026-10-14,False,False,5,NEUTRAL,,,0.36,15.6,,,,2026-08-17T04:50:51.890221
CBOE,"Cboe Global Markets, Inc.",75.0,⭐⭐⭐ EXCELLENT,🟢 Excellent,USD,USD,False,True,True,1.0,"FCF declarado (678,249,984) se aparta del derivado de flujo operativo menos capex (1,891,800,000)",85.0,90.0,35.0,100.0,50.0,35.0,37.6,False,down,17.4,False,0,26.4,True,2,"{'eps_growth_yoy': 17.4, 'positive_quarters': 4, 'earnings_accelerating': False, 'eps_accel_quarters': 0, 'profit_margin_pct': 26.7}","{'revenue_growth_yoy': 26.4, 'revenue_accelerating': True, 'rev_accel_quarters': 2}","{'rs_3m': -21.9, 'rs_6m': -5.9, 'rs_line_percentile': 37.6, 'rs_line_at_new_high': False, 'rs_line_trend': 'down', 'rs_line_score': 35}","{'roe_pct': 26.3, 'debt_to_equity': 0.28, 'current_ratio': 1.56, 'operating_margin_pct': 34.6}","{'days_to_earnings': 'N/A', 'recommendation': 'hold', 'analyst_upside_pct': 7.3}",296.14,30926202880,Financial Services,Financial Data & Stock Exchanges,3.0,2.9,False,371.18,-20.2,6,False,317.71,380.0,258.0,14.0,hold,7.3,275.43,-7.0,384.6,29.9,2.19,6.49,1.16,22.4,3.44,1.29,True,-0.24,36.6,20.1,74.0,2026-10-30,False,False,8,STRONG,5.37,70.3,0.39,30.2,,,,2026-08-17T04:50:08.466074
POOL,Pool Corporation,74.8,⭐⭐⭐ EXCELLENT,🟢 Excellent,USD,USD,False,True,True,1.0,"FCF declarado (212,930,256) se aparta del derivado de flujo operativo menos capex (310,312,016)",100.0,90.0,26.7,80.0,50.0,15.0,6.4,False,up,48.1,True,2,25.6,True,2,"{'eps_growth_yoy': 48.1, 'positive_quarters': 4, 'earnings_accelerating': True, 'eps_accel_quarters': 2, 'profit_margin_pct': 7.4}","{'revenue_growth_yoy': 25.6, 'revenue_accelerating': True, 'rev_accel_quarters': 2}","{'rs_3m': 6.6, 'rs_6m': -40.7, 'rs_line_percentile': 6.4, 'rs_line_at_new_high': False, 'rs_line_trend': 'up', 'rs_line_score': 15}","{'roe_pct': 31.3, 'debt_to_equity': 1.35, 'current_ratio': 2.67, 'operating_margin_pct': 15.1}","{'days_to_earnings': 'N/A', 'recommendation': 'none', 'analyst_upside_pct': 13.1}",194.84,7080631296,Industrials,Industrial Distribution,11.6,4.0,True,336.15,-42.0,0,False,220.36,260.0,185.0,11.0,none,13.1,86.21,-55.8,108.9,-44.1,3.01,5.86,2.67,46.4,5.2,1.26,True,-3.88,16.2,,66.0,2026-10-22,False,False,5,NEUTRAL,6.64,34.5,2.21,46.9,,,,2026-08-17T04:51:41.524568
CDNS,"Cadence Design Systems, Inc.",74.7,⭐⭐⭐ EXCELLENT,🟢 Excellent,USD,USD,False,True,True,1.0,,100.0,70.0,36.0,90.0,65.0,15.0,15.3,False,down,27.8,True,1,18.3,True,1,"{'eps_growth_yoy': 27.8, 'positive_quarters': 4, 'earnings_accelerating': True, 'eps_accel_quarters': 1, 'profit_margin_pct': 23.6}","{'revenue_growth_yoy': 18.3, 'revenue_accelerating': True, 'rev_accel_quarters': 1}","{'rs_3m': -11.8, 'rs_6m': -6.0, 'rs_line_percentile': 15.3, 'rs_line_at_new_high': False, 'rs_line_trend': 'down', 'rs_line_score': 15}","{'roe_pct': 23.2, 'debt_to_equity': 0.39, 'current_ratio': 1.74, 'operating_margin_pct': 28.6}","{'days_to_earnings': 'N/A', 'recommendation': 'strong_buy', 'analyst_upside_pct': 24.3}",324.82,89453150208,Technology,Software - Application,2.2,2.6,False,416.69,-22.0,3,False,403.67,470.0,300.0,26.0,strong_buy,24.3,247.88,-23.7,150.9,-53.5,1.8,5.85,,,,,True,-1.14,15.6,125.4,70.0,2026-10-26,False,False,7,NEUTRAL,1.81,44.0,0.27,45.1,,,,2026-08-17T04:48:02.204604
JNJ,Johnson & Johnson,74.3,⭐⭐⭐ EXCELLENT,🟢 Excellent,USD,USD,False,True,True,1.0,,95.0,60.0,60.3,85.0,60.0,60.0,61.9,False,up,7.4,True,2,5.5,True,1,"{'eps_growth_yoy': 7.4, 'positive_quarters': 4, 'earnings_accelerating': True, 'eps_accel_quarters': 2, 'profit_margin_pct': 21.5}","{'revenue_growth_yoy': 5.5, 'revenue_accelerating': True, 'rev_accel_quarters': 1}","{'rs_3m': 10.2, 'rs_6m': -6.4, 'rs_line_percentile': 61.9, 'rs_line_at_new_high': False, 'rs_line_trend': 'up', 'rs_line_score': 60}","{'roe_pct': 25.7, 'debt_to_equity': 0.58, 'current_ratio': 1.09, 'operating_margin_pct': 29.2}","{'days_to_earnings': 'N/A', 'recommendation': 'buy', 'analyst_upside_pct': 4.7}",260.35,627417088000,Healthcare,Drug Manufacturers - General,1.2,3.2,False,274.9,-5.3,7,True,272.5,305.0,190.0,22.0,buy,4.7,103.1,-60.4,86.2,-66.9,2.69,7.01,2.06,60.8,5.36,2.77,True,-1.29,25.9,-0.9,57.0,2026-10-13,False,False,4,NEUTRAL,5.12,136.0,,20.1,,,,2026-08-17T04:50:03.734210
BRK-B,Berkshire Hathaway Inc.,74.2,⭐⭐⭐ EXCELLENT,🟢 Excellent,USD,USD,False,True,False,0.6577,"acciones × precio no cuadra con la capitalización (ratio 0.6577): el dato por acción y el precio no están en la misma unidad — típico de ADR. Los ratios por acción (EPS, FCF/acción, DCF) no son utilizables | FCF declarado (71,975,247,872) se aparta del derivado de flujo operativo menos capex (25,707",100.0,70.0,36.0,90.0,60.0,15.0,16.3,False,up,107.5,True,1,19.2,True,1,"{'eps_growth_yoy': 107.5, 'positive_quarters': 4, 'earnings_accelerating': True, 'eps_accel_quarters': 1, 'profit_margin_pct': 22.3}","{'revenue_growth_yoy': 19.2, 'revenue_accelerating': True, 'rev_accel_quarters': 1}","{'rs_3m': -0.9, 'rs_6m': -13.2, 'rs_line_percentile': 16.3, 'rs_line_at_new_high': False, 'rs_line_trend': 'up', 'rs_line_score': 15}","{'roe_pct': 12.1, 'debt_to_equity': 0.17, 'current_ratio': 2.89, 'operating_margin_pct': 32.6}","{'days_to_earnings': 'N/A', 'recommendation': 'buy', 'analyst_upside_pct': 8.7}",504.03,1078981951488,Financial Services,Insurance - Diversified,1.0,2.3,False,537.74,-6.3,5,False,547.67,604.0,510.0,3.0,buy,8.7,,,,,6.67,51.12,,,,,True,-0.41,18.5,75.5,82.0,2026-11-07,False,False,4,NEUTRAL,,,0.21,17.3,0.2,0.01,-17.1,2026-08-17T04:47:28.995504
HHH,Howard Hughes Holdings Inc.,74.0,⭐⭐⭐ EXCELLENT,🟢 Excellent,USD,USD,False,True,True,1.0,"FCF declarado (-1,133,985,280) se aparta del derivado de flujo operativo menos capex (783,653,000)",100.0,90.0,24.0,65.0,70.0,15.0,5.3,False,up,32.5,True,2,187.6,True,1,"{'eps_growth_yoy': 32.5, 'positive_quarters': 4, 'earnings_accelerating': True, 'eps_accel_quarters': 2, 'profit_margin_pct': 12.3}","{'revenue_growth_yoy': 187.6, 'revenue_accelerating': True, 'rev_accel_quarters': 1}","{'rs_3m': -1.7, 'rs_6m': -36.0, 'rs_line_percentile': 5.3, 'rs_line_at_new_high': False, 'rs_line_trend': 'up', 'rs_line_score': 15}","{'roe_pct': 7.5, 'debt_to_equity': 1.35, 'current_ratio': 3.48, 'operating_margin_pct': 28.4}","{'days_to_earnings': 'N/A', 'recommendation': 'buy', 'analyst_upside_pct': 34.6}",66.6,3977420800,Real Estate,Real Estate - Development,9.0,8.1,True,91.07,-26.9,0,False,89.67,100.0,79.0,3.0,buy,34.6,,,151.8,127.9,-28.51,-18.99,,,,,False,,3.2,,84.0,2026-11-09,False,False,6,NEUTRAL,4.87,14.6,,29.8,,,,2026-08-17T04:52:30.528818
IDXX,"IDEXX Laboratories, Inc.",74.0,⭐⭐⭐ EXCELLENT,🟢 Excellent,USD,USD,False,True,True,1.0,"FCF declarado (909,368,384) se aparta del derivado de flujo operativo menos capex (1,233,284,016)",100.0,80.0,24.0,85.0,65.0,15.0,1.1,False,down,23.2,True,2,10.1,True,2,"{'eps_growth_yoy': 23.2, 'positive_quarters': 4, 'earnings_accelerating': True, 'eps_accel_quarters': 2, 'profit_margin_pct': 25.0}","{'revenue_growth_yoy': 10.1, 'revenue_accelerating': True, 'rev_accel_quarters': 2}","{'rs_3m': -2.1, 'rs_6m': -29.3, 'rs_line_percentile': 1.1, 'rs_line_at_new_high': False, 'rs_line_trend': 'down', 'rs_line_score': 15}","{'roe_pct': 74.2, 'debt_to_equity': 0.68, 'current_ratio': 1.17, 'operating_margin_pct': 35.0}","{'days_to_earnings': 'N/A', 'recommendation': 'buy', 'analyst_upside_pct': 26.9}",550.96,43405246464,Healthcare,Diagnostics & Research,2.8,3.2,False,769.98,-28.4,0,False,698.92,805.0,470.0,13.0,buy,26.9,308.05,-44.1,250.1,-54.6,2.1,11.54,,,,,True,-2.71,38.7,12.3,77.0,2026-11-02,False,False,8,STRONG,3.08,120.0,1.87,37.6,1.6,0.04,-36.0,2026-08-17T04:44:52.422368
NDAQ,"Nasdaq, Inc.",72.8,⭐⭐⭐ EXCELLENT,🟢 Excellent,USD,USD,False,True,True,1.0,,85.0,80.0,50.3,75.0,60.0,35.0,48.1,False,up,19.9,False,0,29.3,True,1,"{'eps_growth_yoy': 19.9, 'positive_quarters': 4, 'earnings_accelerating': False, 'eps_accel_quarters': 0, 'profit_margin_pct': 35.0}","{'revenue_growth_yoy': 29.3, 'revenue_accelerating': True, 'rev_accel_quarters': 1}","{'rs_3m': 2.6, 'rs_6m': 7.0, 'rs_line_percentile': 48.1, 'rs_line_at_new_high': False, 'rs_line_trend': 'up', 'rs_line_score': 35}","{'roe_pct': 16.5, 'debt_to_equity': 0.78, 'current_ratio': 1.01, 'operating_margin_pct': 49.3}","{'days_to_earnings': 'N/A', 'recommendation': 'buy', 'analyst_upside_pct': 13.4}",97.02,54231982080,Financial Services,Financial Data & Stock Exchanges,2.2,2.0,False,101.79,-4.7,4,False,110.07,135.0,84.0,15.0,buy,13.4,70.38,-27.5,48.36,-50.2,3.12,3.03,1.2,32.7,1.16,1.28,True,-2.4,8.3,14.1,66.0,2026-10-22,False,False,9,STRONG,3.97,205.3,1.47,25.4,,,,2026-08-17T04:48:32.314268
EQIX,"Equinix, Inc.",72.5,⭐⭐⭐ EXCELLENT,🟢 Excellent,USD,USD,False,True,True,1.0,"FCF declarado (3,776,000,000) se aparta del derivado de flujo operativo menos capex (-368,999,872)",90.0,70.0,57.6,70.0,60.0,60.0,70.5,False,flat,28.1,False,0,13.3,True,1,"{'eps_growth_yoy': 28.1, 'positive_quarters': 4, 'earnings_accelerating': False, 'eps_accel_quarters': 0, 'profit_margin_pct': 15.5}","{'revenue_growth_yoy': 13.3, 'revenue_accelerating': True, 'rev_accel_quarters': 1}","{'rs_3m': -2.7, 'rs_6m': 1.8, 'rs_line_percentile': 70.5, 'rs_line_at_new_high': False, 'rs_line_trend': 'flat', 'rs_line_score': 60}","{'roe_pct': 10.7, 'debt_to_equity': 1.62, 'current_ratio': 1.13, 'operating_margin_pct': 27.0}","{'days_to_earnings': 'N/A', 'recommendation': 'buy', 'analyst_upside_pct': 11.9}",1102.1,108746063872,Real Estate,REIT - Specialty,2.2,3.2,False,1128.68,-2.4,8,True,1233.52,1400.0,1060.0,29.0,buy,11.9,1554.22,41.0,447.55,-59.4,3.47,38.27,1.87,126.8,20.64,1.86,False,,4.0,28.8,72.0,2026-10-28,False,False,6,NEUTRAL,1.55,7.8,2.03,33.5,,,,2026-08-17T04:49:06.983022
KO,Coca-Cola Company (The),72.3,⭐⭐⭐ EXCELLENT,🟢 Excellent,USD,USD,False,True,True,1.0,"FCF declarado (5,218,749,952) se aparta del derivado de flujo operativo menos capex (14,229,999,616)",85.0,70.0,56.7,80.0,60.0,60.0,63.5,False,up,19.7,False,0,7.4,True,2,"{'eps_growth_yoy': 19.7, 'positive_quarters': 4, 'earnings_accelerating': False, 'eps_accel_quarters': 0, 'profit_margin_pct': 28.6}","{'revenue_growth_yoy': 7.4, 'revenue_accelerating': True, 'rev_accel_quarters': 2}","{'rs_3m': 3.9, 'rs_6m': -1.5, 'rs_line_percentile': 63.5, 'rs_line_at_new_high': False, 'rs_line_trend': 'up', 'rs_line_score': 60}","{'roe_pct': 42.1, 'debt_to_equity': 1.16, 'current_ratio': 1.3, 'operating_margin_pct': 34.9}","{'days_to_earnings': 'N/A', 'recommendation': 'buy', 'analyst_upside_pct': 8.0}",87.71,377376571392,Consumer Defensive,Beverages - Non-Alcoholic,1.1,2.6,False,90.92,-3.5,7,True,94.7,104.0,75.0,23.0,buy,8.0,31.5,-64.1,56.28,-35.8,1.38,1.21,2.42,62.5,2.12,2.87,True,-0.25,12.0,16.9,64.0,2026-10-20,False,False,7,NEUTRAL,4.33,91.1,1.47,25.9,0.4,0.02,-25.5,2026-08-17T04:44:23.248309
MRSH,"Marsh & McLennan Companies, Inc.",72.1,⭐⭐⭐ EXCELLENT,🟢 Excellent,USD,USD,False,True,True,1.0,,100.0,60.0,50.3,80.0,50.0,35.0,26.9,False,up,69.5,False,0,16.6,False,0,"{'eps_growth_yoy': 69.5, 'positive_quarters': 4, 'earnings_accelerating': False, 'eps_accel_quarters': 0, 'profit_margin_pct': 14.2}","{'revenue_growth_yoy': 16.6, 'revenue_accelerating': False, 'rev_accel_quarters': 0}","{'rs_3m': 12.1, 'rs_6m': -5.6, 'rs_line_percentile': 26.9, 'rs_line_at_new_high': False, 'rs_line_trend': 'up', 'rs_line_score': 35}","{'roe_pct': 25.9, 'debt_to_equity': 1.45, 'current_ratio': 1.14, 'operating_margin_pct': 26.3}","{'days_to_earnings': 'N/A', 'recommendation': 'hold', 'analyst_upside_pct': 9.4}",187.82,89629827072,Financial Services,Insurance Brokers,1.6,2.8,False,213.8,-12.2,4,False,205.52,238.0,180.0,21.0,hold,9.4,176.87,-5.8,81.9,-56.4,5.34,10.03,2.11,44.0,3.96,1.46,True,-3.24,6.6,2.9,59.0,2026-10-15,False,False,6,NEUTRAL,5.88,146.7,2.26,30.6,0.8,0.03,-29.8,2026-08-17T04:43:28.167557
CP,Canadian Pacific Kansas City Limited,71.6,⭐⭐⭐ EXCELLENT,🟢 Excellent,USD,CAD,True,True,True,1.0,"FCF declarado (1,573,545,792) se aparta del derivado de flujo operativo menos capex (827,452,800)",95.0,70.0,56.7,55.0,60.0,60.0,65.1,False,up,11.3,True,1,13.7,True,1,"{'eps_growth_yoy': 11.3, 'positive_quarters': 4, 'earnings_accelerating': True, 'eps_accel_quarters': 1, 'profit_margin_pct': 25.0}","{'revenue_growth_yoy': 13.7, 'revenue_accelerating': True, 'rev_accel_quarters': 1}","{'rs_3m': 3.9, 'rs_6m': -1.5, 'rs_line_percentile': 65.1, 'rs_line_at_new_high': False, 'rs_line_trend': 'up', 'rs_line_score': 60}","{'roe_pct': 8.2, 'debt_to_equity': 0.53, 'current_ratio': 0.59, 'operating_margin_pct': 39.0}","{'days_to_earnings': 'N/A', 'recommendation': 'buy', 'analyst_upside_pct': 8.1}",93.5,82193907712,Industrials,Railroads,2.1,7.2,False,94.66,-1.2,7,True,101.06,110.79,75.9,13.0,buy,8.1,26.34,-71.8,30.9,-67.0,1.91,1.79,0.76,22.1,0.71,0.76,True,-5.07,6.6,-13.5,72.0,2026-10-28,False,False,7,NEUTRAL,5.89,11.8,,24.2,,,,2026-08-17T04:49:59.337091
FICO,Fair Isaac Corporation,71.5,⭐⭐⭐ EXCELLENT,🟢 Excellent,USD,USD,False,True,True,1.0,,100.0,80.0,24.0,65.0,70.0,15.0,3.8,False,down,53.0,False,0,30.7,False,0,"{'eps_growth_yoy': 53.0, 'positive_quarters': 4, 'earnings_accelerating': False, 'eps_accel_quarters': 0, 'profit_margin_pct': 34.1}","{'revenue_growth_yoy': 30.7, 'revenue_accelerating': False, 'rev_accel_quarters': 0}","{'rs_3m': -5.3, 'rs_6m': -35.8, 'rs_line_percentile': 3.8, 'rs_line_at_new_high': False, 'rs_line_trend': 'down', 'rs_line_score': 15}","{'current_ratio': 1.18, 'operating_margin_pct': 53.8}","{'days_to_earnings': 'N/A', 'recommendation': 'buy', 'analyst_upside_pct': 36.0}",1085.78,23450281984,Technology,Software - Application,10.3,6.0,True,1998.01,-45.7,0,False,1476.32,1750.0,707.0,19.0,buy,36.0,1520.61,40.0,1035.9,-4.6,3.3,35.86,,,,0.09,True,-15.33,6.7,41.2,79.0,2026-11-04,False,False,7,NEUTRAL,3.25,996.8,0.5,83.3,0.4,0.0,-82.9,2026-08-17T04:45:43.311653
DVA,DaVita Inc.,71.0,⭐⭐⭐ EXCELLENT,🟢 Excellent,USD,USD,False,True,True,1.0,"FCF declarado (1,042,460,032) se aparta del derivado de flujo operativo menos capex (1,617,291,072)",100.0,60.0,52.4,60.0,65.0,35.0,45.1,False,down,76.5,True,1,3.9,True,1,"{'eps_growth_yoy': 76.5, 'positive_quarters': 4, 'earnings_accelerating': True, 'eps_accel_quarters': 1, 'profit_margin_pct': 6.0}","{'revenue_growth_yoy': 3.9, 'revenue_accelerating': True, 'rev_accel_quarters': 1}","{'rs_3m': -15.5, 'rs_6m': 14.8, 'rs_line_percentile': 45.1, 'rs_line_at_new_high': False, 'rs_line_trend': 'down', 'rs_line_score': 35}","{'roe_pct': 88.5, 'debt_to_equity': 12.42, 'current_ratio': 1.47, 'operating_margin_pct': 16.1}","{'days_to_earnings': 'N/A', 'recommendation': 'buy', 'analyst_upside_pct': 21.3}",180.06,11487827968,Healthcare,Medical Care Facilities,13.2,6.3,True,247.49,-27.2,5,False,218.43,270.0,165.0,7.0,buy,21.3,692.93,284.8,353.7,96.4,9.07,16.34,,,,,True,-13.58,3.5,39.1,72.0,2026-10-28,False,False,6,NEUTRAL,7.4,31.4,0.19,63.7,,,,2026-08-17T04:51:06.510258
CTAS,Cintas Corporation,70.8,⭐⭐⭐ EXCELLENT,🟢 Excellent,USD,USD,False,True,True,1.0,,90.0,60.0,50.3,85.0,60.0,35.0,30.9,False,up,4.0,True,2,6.9,True,1,"{'eps_growth_yoy': 4.0, 'positive_quarters': 4, 'earnings_accelerating': True, 'eps_accel_quarters': 2, 'profit_margin_pct': 17.8}","{'revenue_growth_yoy': 6.9, 'revenue_accelerating': True, 'rev_accel_quarters': 1}","{'rs_3m': 17.3, 'rs_6m': -14.1, 'rs_line_percentile': 30.9, 'rs_line_at_new_high': False, 'rs_line_trend': 'up', 'rs_line_score': 35}","{'roe_pct': 40.7, 'debt_to_equity': 0.53, 'current_ratio': 1.43, 'operating_margin_pct': 23.7}","{'days_to_earnings': 'N/A', 'recommendation': 'buy', 'analyst_upside_pct': 8.4}",199.52,79841837056,Industrials,Specialty Business Services,3.8,4.4,False,219.87,-9.3,5,False,216.31,250.0,175.0,16.0,buy,8.4,90.31,-54.7,76.6,-61.6,1.83,3.66,1.04,36.7,2.08,0.89,True,-1.19,24.6,10.9,37.0,2026-09-23,False,False,8,STRONG,3.17,82.2,2.09,37.2,0.4,0.01,-36.8,2026-08-17T04:42:44.878506
ETN,"Eaton Corporation, PLC",70.7,⭐⭐⭐ EXCELLENT,🟢 Excellent,USD,USD,False,True,True,1.0,,60.0,90.0,68.3,70.0,60.0,80.0,85.9,False,up,-18.7,True,1,22.1,True,2,"{'eps_growth_yoy': -18.7, 'positive_quarters': 4, 'earnings_accelerating': True, 'eps_accel_quarters': 1, 'profit_margin_pct': 12.8}","{'revenue_growth_yoy': 22.1, 'revenue_accelerating': True, 'rev_accel_quarters': 2}","{'rs_3m': 5.9, 'rs_6m': 0.5, 'rs_line_percentile': 85.9, 'rs_line_at_new_high': False, 'rs_line_trend': 'up', 'rs_line_score': 80}","{'roe_pct': 19.7, 'debt_to_equity': 1.05, 'current_ratio': 1.24, 'operating_margin_pct': 16.6}","{'days_to_earnings': 'N/A', 'recommendation': 'buy', 'analyst_upside_pct': 5.5}",451.51,175366488064,Industrials,Specialty Industrial Machinery,1.8,2.9,False,478.0,-5.5,8,True,476.43,534.0,333.0,24.0,buy,5.5,117.67,-73.9,98.0,-78.3,1.77,8.0,0.97,43.6,4.4,1.55,True,-0.32,11.9,-15.9,78.0,2026-11-03,False,False,7,NEUTRAL,2.64,64.1,,54.0,,,,2026-08-17T04:48:17.192092
AME,"AMETEK, Inc.",70.6,⭐⭐⭐ EXCELLENT,🟢 Excellent,USD,USD,False,True,True,1.0,,85.0,60.0,56.7,85.0,60.0,60.0,70.9,False,up,9.6,True,1,8.0,True,1,"{'eps_growth_yoy': 9.6, 'positive_quarters': 4, 'earnings_accelerating': True, 'eps_accel_quarters': 1, 'profit_margin_pct': 20.0}","{'revenue_growth_yoy': 8.0, 'revenue_accelerating': True, 'rev_accel_quarters': 1}","{'rs_3m': 5.1, 'rs_6m': -4.8, 'rs_line_percentile': 70.9, 'rs_line_at_new_high': False, 'rs_line_trend': 'up', 'rs_line_score': 60}","{'roe_pct': 14.6, 'debt_to_equity': 0.21, 'current_ratio': 1.21, 'operating_margin_pct': 26.2}","{'days_to_earnings': 'N/A', 'recommendation': 'buy', 'analyst_upside_pct': 8.9}",254.79,58413473792,Industrials,Specialty Industrial Machinery,1.6,3.1,False,261.16,-2.4,8,True,277.5,316.0,217.0,18.0,buy,8.9,151.97,-40.4,96.99,-61.9,2.55,6.51,0.53,19.0,1.36,0.62,True,-0.76,20.8,14.2,73.0,2026-10-29,False,False,6,NEUTRAL,3.12,144.0,1.99,23.6,,,,2026-08-17T04:49:16.768812
CSU.TO,Constellation Software Inc.,70.4,⭐⭐⭐ EXCELLENT,🟢 Excellent,CAD,USD,True,True,True,1.0,,100.0,60.0,53.4,55.0,65.0,15.0,18.1,False,up,555.4,True,1,11.9,False,0,"{'eps_growth_yoy': 555.4, 'positive_quarters': 4, 'earnings_accelerating': True, 'eps_accel_quarters': 1, 'profit_margin_pct': 7.6}","{'revenue_growth_yoy': 11.9, 'revenue_accelerating': False, 'rev_accel_quarters': 0}","{'rs_3m': 23.2, 'rs_6m': 12.3, 'rs_line_percentile': 18.1, 'rs_line_at_new_high': False, 'rs_line_trend': 'up', 'rs_line_score': 15}","{'roe_pct': 23.3, 'debt_to_equity': 1.2, 'current_ratio': 0.9, 'operating_margin_pct': 15.1}","{'days_to_earnings': 'N/A', 'recommendation': 'buy', 'analyst_upside_pct': 27.6}",3089.46,65470382080,Technology,Software - Application,,5.3,False,4634.98,-33.3,4,False,3941.96,5477.36,3280.44,12.0,buy,27.6,7753.56,151.0,1899.9,-38.5,5.92,182.83,0.18,8.8,5.57,0.19,False,,5.5,389.3,81.0,2026-11-06,False,False,6,NEUTRAL,1.73,191.5,0.04,65.2,,,,2026-08-17T04:44:09.024178
CNI,Canadian National Railway Compa,70.1,⭐⭐⭐ EXCELLENT,🟢 Excellent,USD,CAD,True,True,True,1.0,"FCF declarado (2,183,181,040) se aparta del derivado de flujo operativo menos capex (1,403,026,827)",85.0,70.0,60.3,60.0,60.0,60.0,66.0,False,up,9.7,True,1,14.1,True,1,"{'eps_growth_yoy': 9.7, 'positive_quarters': 4, 'earnings_accelerating': True, 'eps_accel_quarters': 1, 'profit_margin_pct': 26.9}","{'revenue_growth_yoy': 14.1, 'revenue_accelerating': True, 'rev_accel_quarters': 1}","{'rs_3m': 8.7, 'rs_6m': 6.5, 'rs_line_percentile': 66.0, 'rs_line_at_new_high': False, 'rs_line_trend': 'up', 'rs_line_score': 60}","{'roe_pct': 22.0, 'debt_to_equity': 1.04, 'current_ratio': 0.87, 'operating_margin_pct': 40.3}","{'days_to_earnings': 'N/A', 'recommendation': 'buy', 'analyst_upside_pct': 10.6}",126.84,76725510144,Industrials,Railroads,,2.9,False,131.55,-3.6,7,True,140.25,153.4,114.79,13.0,buy,10.6,71.74,-43.4,57.02,-55.0,2.85,3.61,2.05,46.3,2.6,2.04,True,-3.92,7.8,7.1,74.0,2026-10-30,False,False,7,NEUTRAL,7.24,14.5,1.92,21.9,,,,2026-08-17T04:46:18.473809
GWW,"W.W. Grainger, Inc.",70.1,⭐⭐⭐ EXCELLENT,🟢 Excellent,USD,USD,False,True,True,1.0,,95.0,50.0,56.7,85.0,50.0,60.0,63.5,False,up,93.9,False,0,7.8,False,0,"{'eps_growth_yoy': 93.9, 'positive_quarters': 4, 'earnings_accelerating': False, 'eps_accel_quarters': 0, 'profit_margin_pct': 9.9}","{'revenue_growth_yoy': 7.8, 'revenue_accelerating': False, 'rev_accel_quarters': 0}","{'rs_3m': 1.7, 'rs_6m': -2.7, 'rs_line_percentile': 63.5, 'rs_line_at_new_high': False, 'rs_line_trend': 'up', 'rs_line_score': 60}","{'roe_pct': 46.1, 'debt_to_equity': 0.62, 'current_ratio': 2.81, 'operating_margin_pct': 16.1}","{'days_to_earnings': 'N/A', 'recommendation': 'hold', 'analyst_upside_pct': 0.2}",1322.64,62297591808,Industrials,Industrial Distribution,2.7,3.9,False,1419.91,-6.9,6,False,1325.43,1500.0,1100.0,14.0,hold,0.2,790.48,-40.2,805.24,-39.1,2.0,26.49,0.75,23.6,9.96,1.0,True,-1.6,34.1,8.2,79.0,2026-11-04,False,False,6,NEUTRAL,3.87,40.8,1.26,26.3,,,,2026-08-17T04:50:17.718266
IT,"Gartner, Inc.",69.8,⭐⭐ GOOD,🟡 Good,USD,USD,False,True,True,1.0,,100.0,60.0,50.3,65.0,50.0,35.0,27.6,False,flat,679.2,True,1,10.0,True,1,"{'eps_growth_yoy': 679.2, 'positive_quarters': 4, 'earnings_accelerating': True, 'eps_accel_quarters': 1, 'profit_margin_pct': 12.0}","{'revenue_growth_yoy': 10.0, 'revenue_accelerating': True, 'rev_accel_quarters': 1}","{'rs_3m': 13.1, 'rs_6m': -1.2, 'rs_line_percentile': 27.6, 'rs_line_at_new_high': False, 'rs_line_trend': 'flat', 'rs_line_score': 35}","{'roe_pct': 113.6, 'current_ratio': 0.88, 'operating_margin_pct': 22.6}","{'days_to_earnings': 'N/A', 'recommendation': 'hold', 'analyst_upside_pct': 2.6}",181.09,11435648000,Technology,Information Technology Services,21.6,7.4,True,265.85,-31.9,2,False,185.77,229.0,150.0,13.0,hold,2.6,706.85,290.3,333.6,84.2,9.2,16.67,,,,,True,-23.05,8.2,13.2,78.0,2026-11-03,False,False,6,NEUTRAL,8.24,255.4,0.33,101.5,,,,2026-08-17T04:48:27.692707
MA,Mastercard Incorporated,69.8,⭐⭐ GOOD,🟡 Good,USD,USD,False,True,True,0.9925,,95.0,60.0,50.3,65.0,65.0,35.0,34.7,False,up,11.7,True,1,7.8,True,1,"{'eps_growth_yoy': 11.7, 'positive_quarters': 4, 'earnings_accelerating': True, 'eps_accel_quarters': 1, 'profit_margin_pct': 46.3}","{'revenue_growth_yoy': 7.8, 'revenue_accelerating': True, 'rev_accel_quarters': 1}","{'rs_3m': 10.1, 'rs_6m': -4.3, 'rs_line_percentile': 34.7, 'rs_line_at_new_high': False, 'rs_line_trend': 'up', 'rs_line_score': 35}","{'roe_pct': 241.2, 'debt_to_equity': 4.4, 'current_ratio': 1.06, 'operating_margin_pct': 61.1}","{'days_to_earnings': 'N/A', 'recommendation': 'strong_buy', 'analyst_upside_pct': 16.9}",569.29,498703663104,Financial Services,Credit Services,1.0,2.8,False,601.77,-5.4,4,False,665.26,735.0,550.0,38.0,strong_buy,16.9,618.54,8.7,401.34,-29.5,3.4,19.51,0.61,17.9,3.48,0.54,True,-3.17,28.0,22.1,73.0,2026-10-29,False,False,9,STRONG,3.77,622.8,1.12,20.5,0.2,0.01,-20.3,2026-08-17T04:43:34.031510
UNH,UnitedHealth Group Incorporated,69.7,⭐⭐ GOOD,🟡 Good,USD,USD,False,True,True,1.0,,100.0,50.0,66.0,50.0,65.0,60.0,64.4,False,flat,84.4,True,1,0.1,False,0,"{'eps_growth_yoy': 84.4, 'positive_quarters': 4, 'earnings_accelerating': True, 'eps_accel_quarters': 1, 'profit_margin_pct': 3.1}","{'revenue_growth_yoy': 0.1, 'revenue_accelerating': False, 'rev_accel_quarters': 0}","{'rs_3m': -2.7, 'rs_6m': 24.4, 'rs_line_percentile': 64.4, 'rs_line_at_new_high': False, 'rs_line_trend': 'flat', 'rs_line_score': 60}","{'roe_pct': 14.2, 'debt_to_equity': 0.69, 'current_ratio': 0.78, 'operating_margin_pct': 7.1}","{'days_to_earnings': 'N/A', 'recommendation': 'buy', 'analyst_upside_pct': 18.3}",401.73,360590770176,Healthcare,Healthcare Plans,1.9,2.7,False,461.62,-13.0,6,False,475.23,529.0,313.0,26.0,buy,18.3,1146.78,185.5,466.5,16.1,6.73,27.04,2.31,57.5,9.28,1.65,True,-0.71,4.7,61.5,71.0,2026-10-27,False,False,6,NEUTRAL,4.56,173.8,0.29,24.8,,,,2026-08-17T04:51:21.231170
V,Visa Inc.,69.6,⭐⭐ GOOD,🟡 Good,USD,USD,False,True,False,0.9127,"acciones × precio no cuadra con la capitalización (ratio 0.9127): el dato por acción y el precio no están en la misma unidad — típico de ADR. Los ratios por acción (EPS, FCF/acción, DCF) no son utilizables",85.0,70.0,50.3,70.0,60.0,35.0,40.7,False,up,10.6,False,0,8.5,True,2,"{'eps_growth_yoy': 10.6, 'positive_quarters': 4, 'earnings_accelerating': False, 'eps_accel_quarters': 0, 'profit_margin_pct': 50.8}","{'revenue_growth_yoy': 8.5, 'revenue_accelerating': True, 'rev_accel_quarters': 2}","{'rs_3m': 6.7, 'rs_6m': 1.9, 'rs_line_percentile': 40.7, 'rs_line_at_new_high': False, 'rs_line_trend': 'up', 'rs_line_score': 35}","{'roe_pct': 61.2, 'debt_to_equity': 0.68, 'current_ratio': 0.98, 'operating_margin_pct': 66.1}","{'days_to_earnings': 'N/A', 'recommendation': 'strong_buy', 'analyst_upside_pct': 14.3}",364.15,679885275136,Financial Services,Credit Services,1.2,2.6,False,373.97,-2.6,5,False,416.2,450.0,330.0,37.0,strong_buy,14.3,,,,,3.0,11.97,0.74,22.1,2.68,0.7,True,-3.14,35.7,10.2,71.0,2026-10-27,False,False,6,NEUTRAL,3.91,381.9,2.38,17.2,0.4,0.02,-16.8,2026-08-17T04:42:40.031944
QSR,Restaurant Brands International,69.5,⭐⭐ GOOD,🟡 Good,USD,USD,False,True,False,0.7613,"acciones × precio no cuadra con la capitalización (ratio 0.7613): el dato por acción y el precio no están en la misma unidad — típico de ADR. Los ratios por acción (EPS, FCF/acción, DCF) no son utilizables",100.0,60.0,44.0,65.0,60.0,35.0,31.2,False,up,58.9,True,2,2.9,True,1,"{'eps_growth_yoy': 58.9, 'positive_quarters': 4, 'earnings_accelerating': True, 'eps_accel_quarters': 2, 'profit_margin_pct': 13.1}","{'revenue_growth_yoy': 2.9, 'revenue_accelerating': True, 'rev_accel_quarters': 1}","{'rs_3m': -5.2, 'rs_6m': -2.0, 'rs_line_percentile': 31.2, 'rs_line_at_new_high': False, 'rs_line_trend': 'up', 'rs_line_score': 35}","{'roe_pct': 34.8, 'debt_to_equity': 2.9, 'current_ratio': 1.01, 'operating_margin_pct': 27.7}","{'days_to_earnings': 'N/A', 'recommendation': 'buy', 'analyst_upside_pct': 10.3}",77.64,35567734784,Consumer Cyclical,Restaurants,5.9,6.7,False,81.96,-5.3,6,False,85.65,104.0,78.0,23.0,buy,10.3,,,,,4.82,4.91,3.35,63.8,2.6,3.41,True,-0.48,5.2,151.2,73.0,2026-10-29,False,False,6,NEUTRAL,5.11,51.7,0.12,29.4,,,,2026-08-17T04:52:20.837542
ICE,Intercontinental Exchange Inc.,69.5,⭐⭐ GOOD,🟡 Good,USD,USD,False,True,True,1.0,,85.0,70.0,44.0,75.0,65.0,35.0,29.0,False,up,17.4,False,0,20.1,False,0,"{'eps_growth_yoy': 17.4, 'positive_quarters': 4, 'earnings_accelerating': False, 'eps_accel_quarters': 0, 'profit_margin_pct': 38.2}","{'revenue_growth_yoy': 20.1, 'revenue_accelerating': False, 'rev_accel_quarters': 0}","{'rs_3m': -5.0, 'rs_6m': -12.0, 'rs_line_percentile': 29.0, 'rs_line_at_new_high': False, 'rs_line_trend': 'up', 'rs_line_score': 35}","{'roe_pct': 14.1, 'debt_to_equity': 0.69, 'current_ratio': 1.01, 'operating_margin_pct': 52.6}","{'days_to_earnings': 'N/A', 'recommendation': 'strong_buy', 'analyst_upside_pct': 20.2}",154.73,86864568320,Financial Services,Financial Data & Stock Exchanges,1.6,1.8,False,181.72,-14.9,3,False,185.93,232.0,163.0,14.0,strong_buy,20.2,151.13,-2.3,100.68,-34.9,4.18,6.47,1.34,28.2,2.08,1.25,True,-2.42,7.6,14.2,73.0,2026-10-29,False,False,8,STRONG,4.84,118.3,1.24,21.5,0.2,0.01,-21.3,2026-08-17T04:46:23.522329
DSGX,The Descartes Systems Group Inc.,69.2,⭐⭐ GOOD,🟡 Good,USD,USD,False,True,True,1.0,,100.0,50.0,38.7,90.0,55.0,15.0,13.2,False,down,27.5,True,1,7.7,False,0,"{'eps_growth_yoy': 27.5, 'positive_quarters': 4, 'earnings_accelerating': True, 'eps_accel_quarters': 1, 'profit_margin_pct': 23.3}","{'revenue_growth_yoy': 7.7, 'revenue_accelerating': False, 'rev_accel_quarters': 0}","{'rs_3m': 9.6, 'rs_6m': -3.1, 'rs_line_percentile': 13.2, 'rs_line_at_new_high': False, 'rs_line_trend': 'down', 'rs_line_score': 15}","{'roe_pct': 11.4, 'debt_to_equity': 0.0, 'current_ratio': 2.05, 'operating_margin_pct': 32.9}","{'days_to_earnings': 'N/A', 'recommendation': 'none', 'analyst_upside_pct': 29.2}",77.24,6618759168,Technology,Software - Application,,5.3,False,109.0,-29.1,2,False,99.79,126.0,82.0,14.0,none,29.2,132.77,71.9,60.3,-21.9,4.05,3.13,,,,,True,-0.31,243.4,17.1,24.0,2026-09-10,False,False,6,NEUTRAL,3.48,77.7,0.7,60.2,,,,2026-08-17T04:46:56.595456
PGR,The Progressive Corporation,69.0,⭐⭐ GOOD,🟡 Good,USD,USD,False,True,True,1.0,,100.0,60.0,38.7,75.0,50.0,15.0,14.4,False,up,26.6,True,1,4.9,True,1,"{'eps_growth_yoy': 26.6, 'positive_quarters': 4, 'earnings_accelerating': True, 'eps_accel_quarters': 1, 'profit_margin_pct': 12.8}","{'revenue_growth_yoy': 4.9, 'revenue_accelerating': True, 'rev_accel_quarters': 1}","{'rs_3m': 1.7, 'rs_6m': -13.8, 'rs_line_percentile': 14.4, 'rs_line_at_new_high': False, 'rs_line_trend': 'up', 'rs_line_score': 15}","{'roe_pct': 34.9, 'debt_to_equity': 0.24, 'current_ratio': 0.29, 'operating_margin_pct': 18.2}","{'days_to_earnings': 'N/A', 'recommendation': 'hold', 'analyst_upside_pct': 9.6}",209.6,121855524864,Financial Services,Insurance - Property & Casualty,1.4,2.6,False,254.93,-17.8,3,False,229.78,308.0,198.0,21.0,hold,9.6,416.46,98.7,199.3,-4.9,12.4,26.0,0.19,69.7,0.4,1.97,True,-0.98,50.8,2.0,58.0,2026-10-14,False,False,6,NEUTRAL,11.32,,2.58,40.8,0.2,0.0,-40.6,2026-08-17T04:49:01.832513
TECK,Teck Resources Limited,68.5,⭐⭐ GOOD,🟡 Good,USD,CAD,True,True,True,0.9845,,100.0,50.0,54.0,75.0,40.0,60.0,74.4,False,down,203.9,False,0,6.5,False,0,"{'eps_growth_yoy': 203.9, 'positive_quarters': 4, 'earnings_accelerating': False, 'eps_accel_quarters': 0, 'profit_margin_pct': 17.9}","{'revenue_growth_yoy': 6.5, 'revenue_accelerating': False, 'rev_accel_quarters': 0}","{'rs_3m': -8.9, 'rs_6m': -5.2, 'rs_line_percentile': 74.4, 'rs_line_at_new_high': False, 'rs_line_trend': 'down', 'rs_line_score': 60}","{'roe_pct': 8.7, 'debt_to_equity': 0.34, 'current_ratio': 3.12, 'operating_margin_pct': 44.1}","{'days_to_earnings': 'N/A', 'recommendation': 'none', 'analyst_upside_pct': -14.7}",63.53,31167817728,Basic Materials,Copper,,4.0,False,71.25,-10.8,8,True,54.22,69.13,36.6,4.0,none,-14.7,110.02,73.2,109.5,72.4,4.02,2.59,0.56,9.8,0.35,0.99,True,-0.46,6.5,162.2,66.0,2026-10-22,False,False,5,NEUTRAL,6.64,6.5,0.05,61.5,,,,2026-08-17T04:52:55.468096
DBOEY,Deutsche Börse AG,68.5,⭐⭐ GOOD,🟡 Good,USD,EUR,True,True,True,1.0,,85.0,60.0,55.1,80.0,50.0,35.0,48.8,False,up,11.9,False,0,11.7,False,0,"{'eps_growth_yoy': 11.9, 'positive_quarters': 4, 'earnings_accelerating': False, 'eps_accel_quarters': 0, 'profit_margin_pct': 27.3}","{'revenue_growth_yoy': 11.7, 'revenue_accelerating': False, 'rev_accel_quarters': 0}","{'rs_3m': 4.7, 'rs_6m': 14.3, 'rs_line_percentile': 48.8, 'rs_line_at_new_high': False, 'rs_line_trend': 'up', 'rs_line_score': 35}","{'roe_pct': 20.4, 'debt_to_equity': 0.58, 'current_ratio': 1.01, 'operating_margin_pct': 41.9}","{'days_to_earnings': 'N/A', 'recommendation': 'none', 'analyst_upside_pct': 12.0}",31.51,56808640512,Financial Services,Financial Data & Stock Exchanges,,,False,31.95,-1.4,7,True,35.3,35.3,35.3,1.0,none,12.0,32.09,1.8,18.36,-41.7,4.45,1.4,1.55,36.0,0.49,1.9,,,,6.9,64.0,2026-10-20,False,False,5,NEUTRAL,4.95,66.8,1.47,20.3,,,,2026-08-17T04:46:37.042658
SYK,Stryker Corporation,68.3,⭐⭐ GOOD,🟡 Good,USD,USD,False,True,True,1.0,,100.0,60.0,26.7,80.0,60.0,15.0,23.5,False,up,48.5,True,1,8.8,True,1,"{'eps_growth_yoy': 48.5, 'positive_quarters': 4, 'earnings_accelerating': True, 'eps_accel_quarters': 1, 'profit_margin_pct': 14.4}","{'revenue_growth_yoy': 8.8, 'revenue_accelerating': True, 'rev_accel_quarters': 1}","{'rs_3m': 7.3, 'rs_6m': -20.7, 'rs_line_percentile': 23.5, 'rs_line_at_new_high': False, 'rs_line_trend': 'up', 'rs_line_score': 15}","{'roe_pct': 16.5, 'debt_to_equity': 0.64, 'current_ratio': 2.16, 'operating_margin_pct': 27.0}","{'days_to_earnings': 'N/A', 'recommendation': 'buy', 'analyst_upside_pct': 12.9}",339.21,130111815680,Healthcare,Medical Devices,2.3,3.3,False,396.86,-14.5,2,False,382.88,465.0,315.0,25.0,buy,12.9,454.14,33.9,288.9,-14.8,3.16,10.71,1.04,36.1,3.52,0.99,False,,20.0,44.1,73.0,2026-10-29,False,False,5,NEUTRAL,3.6,47.3,0.46,41.4,0.2,0.0,-41.2,2026-08-17T04:45:02.923739
FAST,Fastenal Company,68.3,⭐⭐ GOOD,🟡 Good,USD,USD,False,True,True,1.0,,80.0,60.0,50.3,95.0,50.0,35.0,40.3,False,up,14.1,False,0,11.9,False,0,"{'eps_growth_yoy': 14.1, 'positive_quarters': 4, 'earnings_accelerating': False, 'eps_accel_quarters': 0, 'profit_margin_pct': 15.5}","{'revenue_growth_yoy': 11.9, 'revenue_accelerating': False, 'rev_accel_quarters': 0}","{'rs_3m': 11.3, 'rs_6m': -1.2, 'rs_line_percentile': 40.3, 'rs_line_at_new_high': False, 'rs_line_trend': 'up', 'rs_line_score': 35}","{'roe_pct': 34.3, 'debt_to_equity': 0.11, 'current_ratio': 4.18, 'operating_margin_pct': 21.0}","{'days_to_earnings': 'N/A', 'recommendation': 'hold', 'analyst_upside_pct': -4.9}",51.02,58545328128,Industrials,Industrial Distribution,3.6,4.0,False,52.92,-3.6,7,True,48.53,59.0,39.9,13.0,hold,-4.9,18.94,-62.9,17.08,-66.5,1.56,0.8,1.88,78.6,0.96,2.16,True,-0.09,395.6,5.8,58.0,2026-10-14,False,False,8,STRONG,2.83,39.6,2.5,27.0,,,,2026-08-17T04:48:56.870635
WM,"Waste Management, Inc.",68.0,⭐⭐ GOOD,🟡 Good,USD,USD,False,True,True,1.0,"FCF declarado (2,348,375,040) se aparta del derivado de flujo operativo menos capex (3,290,000,192)",100.0,70.0,36.0,45.0,65.0,15.0,12.4,False,up,30.2,True,1,3.7,True,2,"{'eps_growth_yoy': 30.2, 'positive_quarters': 4, 'earnings_accelerating': True, 'eps_accel_quarters': 1, 'profit_margin_pct': 11.1}","{'revenue_growth_yoy': 3.7, 'revenue_accelerating': True, 'rev_accel_quarters': 2}","{'rs_3m': -1.1, 'rs_6m': -18.0, 'rs_line_percentile': 12.4, 'rs_line_at_new_high': False, 'rs_line_trend': 'up', 'rs_line_score': 15}","{'roe_pct': 29.8, 'debt_to_equity': 2.35, 'current_ratio': 0.91, 'operating_margin_pct': 19.0}","{'days_to_earnings': 'N/A', 'recommendation': 'buy', 'analyst_upside_pct': 15.8}",224.55,89756049408,Industrials,Waste Management,1.6,3.4,False,248.13,-9.5,4,False,259.92,277.0,220.0,25.0,buy,15.8,108.01,-51.9,37.9,-83.1,2.62,5.88,1.58,93.2,3.54,1.49,True,-1.12,5.0,8.3,70.0,2026-10-26,False,False,8,STRONG,3.85,21.3,2.96,24.0,,,,2026-08-17T04:42:34.145667
ATLKY,Atlas Copco AB (publ),67.8,⭐⭐ GOOD,🟡 Good,USD,SEK,True,True,False,0.6801,"acciones × precio no cuadra con la capitalización (ratio 0.6801): el dato por acción y el precio no están en la misma unidad — típico de ADR. Los ratios por acción (EPS, FCF/acción, DCF) no son utilizables | FCF declarado (2,734,018,682) se aparta del derivado de flujo operativo menos capex (26,379,",80.0,60.0,56.7,80.0,55.0,60.0,58.9,False,up,8.2,True,1,9.1,True,1,"{'eps_growth_yoy': 8.2, 'positive_quarters': 4, 'earnings_accelerating': True, 'eps_accel_quarters': 1, 'profit_margin_pct': 15.7}","{'revenue_growth_yoy': 9.1, 'revenue_accelerating': True, 'rev_accel_quarters': 1}","{'rs_3m': 8.9, 'rs_6m': -10.6, 'rs_line_percentile': 58.9, 'rs_line_at_new_high': False, 'rs_line_trend': 'up', 'rs_line_score': 60}","{'roe_pct': 25.7, 'debt_to_equity': 0.34, 'current_ratio': 1.27}","{'days_to_earnings': 'N/A', 'recommendation': 'none', 'analyst_upside_pct': 18.7}",21.91,106890575872,Industrials,Specialty Industrial Machinery,,,False,22.42,-2.3,7,True,26.0,26.0,26.0,1.0,none,18.7,,,,,2.56,0.82,2.55,73.8,0.56,1.57,False,,126.5,4.0,,,False,False,6,NEUTRAL,,53.6,3.46,31.8,,,,2026-08-17T04:49:21.703134
TMO,Thermo Fisher Scientific Inc,67.6,⭐⭐ GOOD,🟡 Good,USD,USD,False,True,True,1.0,,80.0,60.0,56.6,75.0,60.0,35.0,48.5,False,up,7.4,True,1,7.8,True,1,"{'eps_growth_yoy': 7.4, 'positive_quarters': 4, 'earnings_accelerating': True, 'eps_accel_quarters': 1, 'profit_margin_pct': 15.0}","{'revenue_growth_yoy': 7.8, 'revenue_accelerating': True, 'rev_accel_quarters': 1}","{'rs_3m': 29.0, 'rs_6m': 2.3, 'rs_line_percentile': 48.5, 'rs_line_at_new_high': False, 'rs_line_trend': 'up', 'rs_line_score': 35}","{'roe_pct': 13.5, 'debt_to_equity': 0.81, 'current_ratio': 1.55, 'operating_margin_pct': 18.8}","{'days_to_earnings': 'N/A', 'recommendation': 'buy', 'analyst_upside_pct': 7.3}",588.29,217518620672,Healthcare,Diagnostics & Research,1.4,2.2,False,643.99,-8.6,5,False,631.42,750.0,520.0,26.0,buy,7.3,324.49,-44.8,185.9,-68.4,2.87,16.87,0.32,9.7,1.88,0.26,True,-2.3,6.2,9.4,65.0,2026-10-21,False,False,5,NEUTRAL,3.41,36.2,2.27,37.1,0.4,0.01,-36.7,2026-08-17T04:45:12.903160
SHW,The Sherwin-Williams Company,67.3,⭐⭐ GOOD,🟡 Good,USD,USD,False,True,True,1.0,,90.0,70.0,50.3,45.0,60.0,35.0,39.1,False,up,1.3,True,2,6.8,True,2,"{'eps_growth_yoy': 1.3, 'positive_quarters': 4, 'earnings_accelerating': True, 'eps_accel_quarters': 2, 'profit_margin_pct': 11.0}","{'revenue_growth_yoy': 6.8, 'revenue_accelerating': True, 'rev_accel_quarters': 2}","{'rs_3m': 10.3, 'rs_6m': -15.5, 'rs_line_percentile': 39.1, 'rs_line_at_new_high': False, 'rs_line_trend': 'up', 'rs_line_score': 35}","{'roe_pct': 65.1, 'debt_to_equity': 3.9, 'current_ratio': 0.73, 'operating_margin_pct': 18.1}","{'days_to_earnings': 'N/A', 'recommendation': 'buy', 'analyst_upside_pct': 8.6}",359.1,87174447104,Basic Materials,Specialty Chemicals,2.6,3.0,False,379.65,-5.4,5,False,390.1,420.0,340.0,21.0,buy,8.6,242.0,-32.6,155.01,-56.8,2.87,10.32,0.89,29.3,3.2,0.87,True,-3.01,7.8,10.0,71.0,2026-10-27,False,False,6,NEUTRAL,3.75,62.0,1.85,42.8,0.2,0.0,-42.6,2026-08-17T04:45:33.075495
MCO,Moody's Corporation,67.2,⭐⭐ GOOD,🟡 Good,USD,USD,False,True,True,1.0,,100.0,50.0,42.3,65.0,65.0,15.0,20.5,False,up,35.9,True,2,8.9,False,0,"{'eps_growth_yoy': 35.9, 'positive_quarters': 4, 'earnings_accelerating': True, 'eps_accel_quarters': 2, 'profit_margin_pct': 34.3}","{'revenue_growth_yoy': 8.9, 'revenue_accelerating': False, 'rev_accel_quarters': 0}","{'rs_3m': 2.5, 'rs_6m': 2.0, 'rs_line_percentile': 20.5, 'rs_line_at_new_high': False, 'rs_line_trend': 'up', 'rs_line_score': 15}","{'roe_pct': 76.9, 'debt_to_equity': 2.41, 'current_ratio': 1.19, 'operating_margin_pct': 49.5}","{'days_to_earnings': 'N/A', 'recommendation': 'buy', 'analyst_upside_pct': 15.6}",484.96,83985850368,Financial Services,Financial Data & Stock Exchanges,2.1,3.4,False,546.88,-11.3,5,False,560.48,610.0,505.0,21.0,buy,15.6,631.57,30.2,472.8,-2.5,3.07,14.89,0.85,25.0,4.12,0.81,False,,14.5,56.7,65.0,2026-10-21,False,False,8,STRONG,3.78,106.3,0.45,31.7,,,,2026-08-17T04:44:32.390166
SAP,SAP SE,67.1,⭐⭐ GOOD,🟡 Good,USD,EUR,True,True,True,1.0,,75.0,60.0,53.0,90.0,55.0,35.0,30.1,False,up,8.8,False,0,8.8,True,1,"{'eps_growth_yoy': 8.8, 'positive_quarters': 4, 'earnings_accelerating': False, 'eps_accel_quarters': 0, 'profit_margin_pct': 20.4}","{'revenue_growth_yoy': 8.8, 'revenue_accelerating': True, 'rev_accel_quarters': 1}","{'rs_3m': 21.4, 'rs_6m': -10.6, 'rs_line_percentile': 30.1, 'rs_line_at_new_high': False, 'rs_line_trend': 'up', 'rs_line_score': 35}","{'roe_pct': 18.3, 'debt_to_equity': 0.22, 'current_ratio': 1.15, 'operating_margin_pct': 27.6}","{'days_to_earnings': 'N/A', 'recommendation': 'none', 'analyst_upside_pct': 16.8}",207.97,240039870464,Technology,Software - Application,0.7,2.6,False,281.37,-26.1,3,False,242.92,319.0,177.0,12.0,none,16.8,387.12,86.1,230.7,10.9,4.39,9.13,1.41,37.5,2.93,1.48,True,-1.21,20.7,15.3,65.0,2026-10-21,False,False,8,STRONG,0.32,146.7,0.71,54.5,1.6,0.03,-52.9,2026-08-17T04:47:20.188471
VLTO,Veralto Corporation,67.1,⭐⭐ GOOD,🟡 Good,USD,USD,False,True,True,1.0,,70.0,70.0,46.7,85.0,65.0,35.0,27.3,False,up,0.8,False,0,5.0,True,2,"{'eps_growth_yoy': 0.8, 'positive_quarters': 4, 'earnings_accelerating': False, 'eps_accel_quarters': 0, 'profit_margin_pct': 17.3}","{'revenue_growth_yoy': 5.0, 'revenue_accelerating': True, 'rev_accel_quarters': 2}","{'rs_3m': 7.5, 'rs_6m': -8.9, 'rs_line_percentile': 27.3, 'rs_line_at_new_high': False, 'rs_line_trend': 'up', 'rs_line_score': 35}","{'roe_pct': 34.3, 'debt_to_equity': 1.16, 'current_ratio': 1.77, 'operating_margin_pct': 21.4}","{'days_to_earnings': 'N/A', 'recommendation': 'buy', 'analyst_upside_pct': 16.0}",97.68,23813734400,Industrials,Pollution & Treatment Controls,2.8,3.1,False,110.11,-11.3,3,False,113.29,136.0,100.0,17.0,buy,16.0,65.53,-32.9,40.1,-58.9,3.39,3.31,0.53,12.6,0.52,,True,-1.82,14.1,10.1,65.0,2026-10-21,False,False,6,NEUTRAL,5.02,76.0,2.03,29.7,1.6,0.05,-28.1,2026-08-17T04:45:23.237218
ALLY,Ally Financial Inc.,66.8,⭐⭐ GOOD,🟡 Good,USD,USD,False,True,True,1.0,"FCF declarado (-546,000,000) se aparta del derivado de flujo operativo menos capex (291,000,128)",90.0,60.0,46.7,60.0,65.0,35.0,33.3,False,up,3.0,True,2,7.3,True,1,"{'eps_growth_yoy': 3.0, 'positive_quarters': 4, 'earnings_accelerating': True, 'eps_accel_quarters': 2, 'profit_margin_pct': 18.4}","{'revenue_growth_yoy': 7.3, 'revenue_accelerating': True, 'rev_accel_quarters': 1}","{'rs_3m': 3.1, 'rs_6m': -5.2, 'rs_line_percentile': 33.3, 'rs_line_at_new_high': False, 'rs_line_trend': 'up', 'rs_line_score': 35}","{'roe_pct': 9.7, 'operating_margin_pct': 25.3}","{'days_to_earnings': 'N/A', 'recommendation': 'buy', 'analyst_upside_pct': 19.6}",44.91,13661607936,Financial Services,Credit Services,4.3,4.1,False,47.29,-5.0,1,False,53.7,58.0,45.0,17.0,buy,19.6,,,57.38,27.8,-4.0,-1.79,2.67,28.2,1.2,3.2,True,-12.22,,13.5,60.0,2026-10-16,False,False,5,NEUTRAL,,,0.52,26.4,0.4,0.01,-26.0,2026-08-17T04:51:26.500743
ROP,"Roper Technologies, Inc.",66.7,⭐⭐ GOOD,🟡 Good,USD,USD,False,True,True,1.0,,100.0,50.0,45.9,60.0,60.0,15.0,21.7,False,up,193.2,True,2,4.5,False,0,"{'eps_growth_yoy': 193.2, 'positive_quarters': 4, 'earnings_accelerating': True, 'eps_accel_quarters': 2, 'profit_margin_pct': 30.2}","{'revenue_growth_yoy': 4.5, 'revenue_accelerating': False, 'rev_accel_quarters': 0}","{'rs_3m': 18.3, 'rs_6m': 0.6, 'rs_line_percentile': 21.7, 'rs_line_at_new_high': False, 'rs_line_trend': 'up', 'rs_line_score': 15}","{'roe_pct': 13.1, 'debt_to_equity': 0.61, 'current_ratio': 0.55, 'operating_margin_pct': 27.7}","{'days_to_earnings': 'N/A', 'recommendation': 'buy', 'analyst_upside_pct': 11.5}",399.34,39495073792,Technology,Software - Application,6.2,5.9,False,544.94,-26.7,3,False,445.2,550.0,335.0,15.0,buy,11.5,971.52,143.3,720.0,80.3,5.74,22.91,0.91,14.5,3.64,0.6,True,-6.9,8.6,163.1,66.0,2026-10-22,False,False,6,NEUTRAL,4.48,1441.1,0.07,38.1,0.2,0.01,-37.9,2026-08-17T04:42:54.143358
AJG,Arthur J. Gallagher & Co.,66.6,⭐⭐ GOOD,🟡 Good,USD,USD,False,True,True,1.0,,80.0,60.0,56.6,65.0,65.0,35.0,29.3,False,up,18.8,False,0,18.9,False,0,"{'eps_growth_yoy': 18.8, 'positive_quarters': 4, 'earnings_accelerating': False, 'eps_accel_quarters': 0, 'profit_margin_pct': 10.4}","{'revenue_growth_yoy': 18.9, 'revenue_accelerating': False, 'rev_accel_quarters': 0}","{'rs_3m': 26.0, 'rs_6m': 8.7, 'rs_line_percentile': 29.3, 'rs_line_at_new_high': False, 'rs_line_trend': 'up', 'rs_line_score': 35}","{'roe_pct': 6.7, 'debt_to_equity': 0.59, 'current_ratio': 1.05, 'operating_margin_pct': 19.2}","{'days_to_earnings': 'N/A', 'recommendation': 'buy', 'analyst_upside_pct': 15.6}",251.21,64395423744,Financial Services,Insurance Brokers,2.5,3.9,False,313.55,-19.9,5,False,290.44,388.0,250.0,18.0,buy,15.6,119.53,-52.4,60.3,-76.0,3.23,8.12,1.11,44.8,2.8,1.01,True,-0.75,4.1,-10.7,73.0,2026-10-29,False,False,6,NEUTRAL,3.25,77.9,,37.3,,,,2026-08-17T04:46:13.003509
CME,CME Group Inc.,65.7,⭐⭐ GOOD,🟡 Good,USD,USD,False,True,True,1.0,"FCF declarado (2,909,012,480) se aparta del derivado de flujo operativo menos capex (4,225,500,192)",85.0,60.0,32.0,85.0,60.0,35.0,29.6,False,up,14.7,False,0,11.0,False,0,"{'eps_growth_yoy': 14.7, 'positive_quarters': 4, 'earnings_accelerating': False, 'eps_accel_quarters': 0, 'profit_margin_pct': 63.4}","{'revenue_growth_yoy': 11.0, 'revenue_accelerating': False, 'rev_accel_quarters': 0}","{'rs_3m': -14.6, 'rs_6m': -22.9, 'rs_line_percentile': 29.6, 'rs_line_at_new_high': False, 'rs_line_trend': 'up', 'rs_line_score': 35}","{'roe_pct': 15.8, 'debt_to_equity': 0.15, 'current_ratio': 1.02, 'operating_margin_pct': 65.0}","{'days_to_earnings': 'N/A', 'recommendation': 'buy', 'analyst_upside_pct': 5.3}",269.8,97014480896,Financial Services,Financial Data & Stock Exchanges,1.9,2.1,False,329.16,-18.0,4,False,284.13,330.0,230.0,15.0,buy,5.3,119.04,-55.9,117.9,-56.3,3.0,8.09,1.93,95.4,5.2,3.57,True,-1.54,33.0,1.8,65.0,2026-10-21,False,False,6,NEUTRAL,5.58,101.4,8.34,26.3,,,,2026-08-17T04:43:43.453035
LPX,Louisiana-Pacific Corporation,65.7,⭐⭐ GOOD,🟡 Good,USD,USD,False,True,True,1.0,"FCF declarado (-96,000,000) se aparta del derivado de flujo operativo menos capex (-33,000,000)",88.0,70.0,24.0,70.0,65.0,15.0,6.3,False,down,188.9,False,0,0.2,True,2,"{'eps_growth_yoy': 188.9, 'positive_quarters': 3, 'earnings_accelerating': False, 'eps_accel_quarters': 0, 'profit_margin_pct': 2.2}","{'revenue_growth_yoy': 0.2, 'revenue_accelerating': True, 'rev_accel_quarters': 2}","{'rs_3m': -1.5, 'rs_6m': -37.1, 'rs_line_percentile': 6.3, 'rs_line_at_new_high': False, 'rs_line_trend': 'down', 'rs_line_score': 15}","{'roe_pct': 3.1, 'debt_to_equity': 0.22, 'current_ratio': 3.22, 'operating_margin_pct': 5.3}","{'days_to_earnings': 'N/A', 'recommendation': 'buy', 'analyst_upside_pct': 24.8}",73.89,5166640640,Industrials,Building Products & Equipment,9.6,5.8,True,101.28,-27.0,0,False,92.23,107.0,74.0,13.0,buy,24.8,,,7.7,-89.6,-1.86,-1.37,1.62,150.6,1.2,1.27,False,,6.1,-51.8,79.0,2026-11-04,False,False,5,NEUTRAL,3.93,9.3,,49.3,1.6,0.03,-47.7,2026-08-17T04:52:06.388327
ISRG,"Intuitive Surgical, Inc.",65.5,⭐⭐ GOOD,🟡 Good,USD,USD,False,True,True,1.0,,85.0,70.0,24.0,75.0,65.0,15.0,14.1,False,down,16.1,False,0,15.5,True,1,"{'eps_growth_yoy': 16.1, 'positive_quarters': 4, 'earnings_accelerating': False, 'eps_accel_quarters': 0, 'profit_margin_pct': 28.4}","{'revenue_growth_yoy': 15.5, 'revenue_accelerating': True, 'rev_accel_quarters': 1}","{'rs_3m': -11.6, 'rs_6m': -33.3, 'rs_line_percentile': 14.1, 'rs_line_at_new_high': False, 'rs_line_trend': 'down', 'rs_line_score': 15}","{'roe_pct': 17.4, 'current_ratio': 4.96, 'operating_margin_pct': 33.6}","{'days_to_earnings': 'N/A', 'recommendation': 'buy', 'analyst_upside_pct': 21.2}",394.51,141344276480,Healthcare,Medical Instruments & Supplies,1.9,1.7,False,603.88,-34.7,1,False,478.01,685.0,324.0,30.0,buy,21.2,272.63,-30.9,231.08,-41.4,1.85,7.3,,,,,True,-2.52,,26.5,64.0,2026-10-20,False,False,4,NEUTRAL,2.19,22.5,1.23,64.7,0.2,0.0,-64.5,2026-08-17T04:50:41.628800
CPRT,"Copart, Inc.",65.3,⭐⭐ GOOD,🟡 Good,USD,USD,False,True,True,1.0,,85.0,60.0,24.0,90.0,65.0,15.0,11.0,False,flat,1.5,True,1,10.0,True,1,"{'eps_growth_yoy': 1.5, 'positive_quarters': 4, 'earnings_accelerating': True, 'eps_accel_quarters': 1, 'profit_margin_pct': 33.5}","{'revenue_growth_yoy': 10.0, 'revenue_accelerating': True, 'rev_accel_quarters': 1}","{'rs_3m': -7.4, 'rs_6m': -30.2, 'rs_line_percentile': 11.0, 'rs_line_at_new_high': False, 'rs_line_trend': 'flat', 'rs_line_score': 15}","{'roe_pct': 17.6, 'debt_to_equity': 0.01, 'current_ratio': 7.61, 'operating_margin_pct': 37.5}","{'days_to_earnings': 'N/A', 'recommendation': 'buy', 'analyst_upside_pct': 27.5}",31.61,29264900096,Industrials,Specialty Business Services,5.7,3.3,False,50.11,-36.9,1,False,40.3,55.0,26.0,10.0,buy,27.5,15.89,-49.7,16.1,-49.1,3.42,1.08,,,,,True,-4.83,,1.6,17.0,2026-09-03,False,True,6,NEUTRAL,6.74,19.3,8.17,43.5,3.1,0.07,-40.4,2026-08-17T04:43:23.288643
BRO,"Brown & Brown, Inc.",64.8,⭐⭐ GOOD,🟡 Good,USD,USD,False,True,True,1.0,,90.0,50.0,45.0,75.0,50.0,15.0,22.5,False,up,26.9,False,0,6.7,False,0,"{'eps_growth_yoy': 26.9, 'positive_quarters': 4, 'earnings_accelerating': False, 'eps_accel_quarters': 0, 'profit_margin_pct': 18.1}","{'revenue_growth_yoy': 6.7, 'revenue_accelerating': False, 'rev_accel_quarters': 0}","{'rs_3m': 24.7, 'rs_6m': -8.7, 'rs_line_percentile': 22.5, 'rs_line_at_new_high': False, 'rs_line_trend': 'up', 'rs_line_score': 15}","{'roe_pct': 10.0, 'debt_to_equity': 0.64, 'current_ratio': 1.13, 'operating_margin_pct': 41.8}","{'days_to_earnings': 'N/A', 'recommendation': 'hold', 'analyst_upside_pct': 8.4}",70.54,23603415040,Financial Services,Insurance Brokers,6.6,5.8,False,98.3,-28.2,3,False,76.44,90.0,56.0,16.0,hold,8.4,85.88,21.7,31.3,-55.6,6.96,4.91,0.94,20.6,0.66,0.65,True,-2.66,4.7,2.8,70.0,2026-10-26,False,False,4,NEUTRAL,5.45,175.4,2.06,40.7,,,,2026-08-17T04:47:01.531099
TNE.AX,Technology One Limited,64.7,⭐⭐ GOOD,🟡 Good,AUD,AUD,False,True,True,1.0,,60.0,50.0,74.5,95.0,50.0,,,,,,,0,,,0,{'profit_margin_pct': 22.4},{},"{'rs_3m': 7.0, 'rs_6m': 28.2}","{'roe_pct': 33.5, 'debt_to_equity': 0.12, 'current_ratio': 1.12, 'operating_margin_pct': 27.1}","{'days_to_earnings': 'N/A', 'recommendation': 'none', 'analyst_upside_pct': -6.8}",33.43,10943930368,Technology,Software - Application,,,False,40.77,-18.0,5,False,31.16,34.25,22.0,16.0,none,-6.8,7.85,-76.5,4.3,-87.1,1.39,0.46,0.83,62.2,0.28,0.98,,,,3.1,92.0,2026-11-17,False,False,3,NEUTRAL,1.7,162.9,8.75,39.0,,,,2026-08-17T04:49:31.483767
AON,Aon plc,64.5,⭐⭐ GOOD,🟡 Good,USD,USD,False,True,True,1.0,,85.0,50.0,42.3,80.0,60.0,15.0,22.4,False,up,20.3,False,0,6.2,False,0,"{'eps_growth_yoy': 20.3, 'positive_quarters': 4, 'earnings_accelerating': False, 'eps_accel_quarters': 0, 'profit_margin_pct': 22.3}","{'revenue_growth_yoy': 6.2, 'revenue_accelerating': False, 'rev_accel_quarters': 0}","{'rs_3m': 9.2, 'rs_6m': 0.6, 'rs_line_percentile': 22.4, 'rs_line_at_new_high': False, 'rs_line_trend': 'up', 'rs_line_score': 15}","{'roe_pct': 44.7, 'debt_to_equity': 1.63, 'current_ratio': 1.03, 'operating_margin_pct': 23.5}","{'days_to_earnings': 'N/A', 'recommendation': 'buy', 'analyst_upside_pct': 13.1}",355.83,75480596480,Financial Services,Insurance Brokers,2.3,3.5,False,382.34,-6.9,5,False,402.47,445.0,339.0,19.0,buy,13.1,221.34,-37.8,181.5,-49.0,4.23,15.04,0.92,16.8,3.28,0.76,True,-2.12,7.7,-2.1,74.0,2026-10-30,False,False,8,STRONG,6.17,141.9,,27.2,0.8,0.03,-26.4,2026-08-17T04:45:18.250252
RSG,"Republic Services, Inc.",64.2,⭐⭐ GOOD,🟡 Good,USD,USD,False,True,True,1.0,"FCF declarado (1,942,625,024) se aparta del derivado de flujo operativo menos capex (2,655,000,128)",80.0,70.0,38.7,60.0,60.0,15.0,11.3,False,up,2.9,True,1,5.2,True,2,"{'eps_growth_yoy': 2.9, 'positive_quarters': 4, 'earnings_accelerating': True, 'eps_accel_quarters': 1, 'profit_margin_pct': 12.9}","{'revenue_growth_yoy': 5.2, 'revenue_accelerating': True, 'rev_accel_quarters': 2}","{'rs_3m': 1.1, 'rs_6m': -17.7, 'rs_line_percentile': 11.3, 'rs_line_at_new_high': False, 'rs_line_trend': 'up', 'rs_line_score': 15}","{'roe_pct': 18.2, 'debt_to_equity': 1.19, 'current_ratio': 0.64, 'operating_margin_pct': 20.4}","{'days_to_earnings': 'N/A', 'recommendation': 'buy', 'analyst_upside_pct': 14.5}",214.71,65746993152,Industrials,Waste Management,2.0,2.9,False,238.62,-10.0,4,False,245.92,272.0,208.0,24.0,buy,14.5,102.05,-52.5,70.6,-67.1,2.95,6.34,1.25,35.4,2.68,1.21,True,-2.23,5.3,3.6,73.0,2026-10-29,False,False,6,NEUTRAL,3.96,24.7,5.23,22.4,,,,2026-08-17T04:43:48.883245
KR,Kroger Company (The),64.2,⭐⭐ GOOD,🟡 Good,USD,USD,False,True,True,,,78.0,100.0,24.0,30.0,65.0,15.0,2.2,False,down,48.3,False,0,35.9,True,2,"{'eps_growth_yoy': 48.3, 'positive_quarters': 3, 'earnings_accelerating': False, 'eps_accel_quarters': 0, 'profit_margin_pct': 0.7}","{'revenue_growth_yoy': 35.9, 'revenue_accelerating': True, 'rev_accel_quarters': 2}","{'rs_3m': -19.4, 'rs_6m': -32.3, 'rs_line_percentile': 2.2, 'rs_line_at_new_high': False, 'rs_line_trend': 'down', 'rs_line_score': 15}","{'roe_pct': 13.8, 'debt_to_equity': 3.73, 'current_ratio': 0.79, 'operating_margin_pct': 3.2}","{'days_to_earnings': 'N/A', 'recommendation': 'buy', 'analyst_upside_pct': 24.4}",56.69,0,Consumer Defensive,Grocery Stores,4.2,3.4,False,76.58,-26.0,1,False,70.5,86.0,58.0,22.0,buy,24.4,,,22.57,-60.2,,,2.54,80.1,1.44,2.02,False,,3.0,9.2,25.0,2026-09-11,False,False,7,NEUTRAL,2.76,5.9,0.78,28.4,0.8,0.03,-27.6,2026-08-17T04:51:16.244140
AXP,American Express Company,64.1,⭐⭐ GOOD,🟡 Good,USD,USD,False,True,True,1.0,,70.0,60.0,46.7,85.0,60.0,35.0,26.1,False,up,7.2,False,0,6.6,True,1,"{'eps_growth_yoy': 7.2, 'positive_quarters': 4, 'earnings_accelerating': False, 'eps_accel_quarters': 0, 'profit_margin_pct': 16.1}","{'revenue_growth_yoy': 6.6, 'revenue_accelerating': True, 'rev_accel_quarters': 1}","{'rs_3m': 4.5, 'rs_6m': -14.0, 'rs_line_percentile': 26.1, 'rs_line_at_new_high': False, 'rs_line_trend': 'up', 'rs_line_score': 35}","{'roe_pct': 34.4, 'debt_to_equity': 1.72, 'current_ratio': 1.55, 'operating_margin_pct': 20.3}","{'days_to_earnings': 'N/A', 'recommendation': 'buy', 'analyst_upside_pct': 9.7}",342.48,231280115712,Financial Services,Credit Services,2.3,3.8,False,387.49,-11.6,5,False,375.86,450.0,315.0,25.0,buy,9.7,486.59,42.1,181.17,-47.1,6.92,23.7,1.11,21.5,3.8,1.1,True,-3.23,,7.7,67.0,2026-10-23,False,False,4,NEUTRAL,,,1.55,26.2,,,,2026-08-17T04:49:45.389815
WCN,"Waste Connections, Inc.",63.2,⭐⭐ GOOD,🟡 Good,USD,USD,False,True,True,1.0,,80.0,70.0,38.7,50.0,65.0,15.0,18.1,False,up,3.5,True,1,4.2,True,2,"{'eps_growth_yoy': 3.5, 'positive_quarters': 4, 'earnings_accelerating': True, 'eps_accel_quarters': 1, 'profit_margin_pct': 10.9}","{'revenue_growth_yoy': 4.2, 'revenue_accelerating': True, 'rev_accel_quarters': 2}","{'rs_3m': 4.9, 'rs_6m': -16.4, 'rs_line_percentile': 18.1, 'rs_line_at_new_high': False, 'rs_line_trend': 'up', 'rs_line_score': 15}","{'roe_pct': 13.0, 'debt_to_equity': 1.22, 'current_ratio': 0.66, 'operating_margin_pct': 19.7}","{'days_to_earnings': 'N/A', 'recommendation': 'strong_buy', 'analyst_upside_pct': 20.6}",166.29,41833447424,Industrials,Waste Management,1.5,2.4,False,188.75,-11.9,3,False,200.6,220.0,162.0,25.0,strong_buy,20.6,65.1,-60.9,41.4,-75.1,2.51,4.17,0.84,33.0,1.4,0.69,True,-2.68,5.0,4.4,64.0,2026-10-20,False,False,6,NEUTRAL,3.41,19.4,6.09,22.5,,,,2026-08-17T04:42:29.797233
NYT,New York Times Company (The),62.8,⭐⭐ GOOD,🟡 Good,USD,USD,False,True,True,0.9952,"FCF declarado (459,932,128) se aparta del derivado de flujo operativo menos capex (624,278,976)",90.0,60.0,15.0,75.0,65.0,15.0,3.8,False,down,14.4,True,1,8.8,True,1,"{'eps_growth_yoy': 14.4, 'positive_quarters': 4, 'earnings_accelerating': True, 'eps_accel_quarters': 1, 'profit_margin_pct': 13.3}","{'revenue_growth_yoy': 8.8, 'revenue_accelerating': True, 'rev_accel_quarters': 1}","{'rs_3m': -22.0, 'rs_6m': -22.3, 'rs_line_percentile': 3.8, 'rs_line_at_new_high': False, 'rs_line_trend': 'down', 'rs_line_score': 15}","{'roe_pct': 19.7, 'current_ratio': 1.58, 'operating_margin_pct': 17.1}","{'days_to_earnings': 'N/A', 'recommendation': 'buy', 'analyst_upside_pct': 23.3}",64.79,10449563648,Communication Services,Publishing,8.6,8.9,True,87.1,-25.6,2,False,79.89,95.0,63.0,9.0,buy,23.3,66.38,2.5,33.6,-48.1,4.4,2.87,1.42,32.1,0.92,0.92,True,-1.67,857.1,14.0,79.0,2026-11-04,False,False,8,STRONG,4.62,52.8,1.47,60.5,0.4,0.01,-60.1,2026-08-17T04:52:00.973972
PAYX,"Paychex, Inc.",62.8,⭐⭐ GOOD,🟡 Good,USD,USD,False,True,True,1.0,"FCF declarado (2,321,800,000) se aparta del derivado de flujo operativo menos capex (944,300,000)",75.0,50.0,65.0,65.0,50.0,35.0,42.1,False,up,9.6,False,0,4.3,False,0,"{'eps_growth_yoy': 9.6, 'positive_quarters': 4, 'earnings_accelerating': False, 'eps_accel_quarters': 0, 'profit_margin_pct': 26.6}","{'revenue_growth_yoy': 4.3, 'revenue_accelerating': False, 'rev_accel_quarters': 0}","{'rs_3m': 33.5, 'rs_6m': 20.6, 'rs_line_percentile': 42.1, 'rs_line_at_new_high': False, 'rs_line_trend': 'up', 'rs_line_score': 35}","{'debt_to_equity': 1.24, 'current_ratio': 1.15, 'operating_margin_pct': 38.3}","{'days_to_earnings': 'N/A', 'recommendation': 'hold', 'analyst_upside_pct': -9.0}",122.02,43400421376,Technology,Software - Application,6.3,6.1,False,141.19,-13.6,5,False,111.0,150.0,95.0,14.0,hold,-9.0,276.83,126.9,146.7,20.2,5.35,6.53,3.8,90.6,4.76,2.83,True,-1.41,9.6,17.4,43.0,2026-09-29,False,False,7,NEUTRAL,5.5,106.4,0.44,37.7,,,,2026-08-17T04:44:42.574956
FCNCA,"First Citizens BancShares, Inc.",62.8,⭐⭐ GOOD,🟡 Good,USD,USD,False,True,False,0.911,"acciones × precio no cuadra con la capitalización (ratio 0.9110): el dato por acción y el precio no están en la misma unidad — típico de ADR. Los ratios por acción (EPS, FCF/acción, DCF) no son utilizables",95.0,30.0,60.3,65.0,50.0,60.0,64.1,False,up,18.3,True,1,-0.2,False,0,"{'eps_growth_yoy': 18.3, 'positive_quarters': 4, 'earnings_accelerating': True, 'eps_accel_quarters': 1, 'profit_margin_pct': 25.2}","{'revenue_growth_yoy': -0.2, 'revenue_accelerating': False, 'rev_accel_quarters': 0}","{'rs_3m': 14.2, 'rs_6m': -8.0, 'rs_line_percentile': 64.1, 'rs_line_at_new_high': False, 'rs_line_trend': 'up', 'rs_line_score': 60}","{'roe_pct': 10.7, 'operating_margin_pct': 39.0}","{'days_to_earnings': 'N/A', 'recommendation': 'hold', 'analyst_upside_pct': 2.1}",2291.33,25876264960,Financial Services,Banks - Regional,5.1,5.4,False,2296.3,-0.2,7,True,2338.5,2475.0,2100.0,12.0,hold,2.1,,,,,5.26,132.29,0.37,4.4,8.4,0.31,True,-12.76,,12.4,66.0,2026-10-22,False,False,5,NEUTRAL,,,0.37,35.6,,,,2026-08-17T04:53:10.235038
FHN,First Horizon Corporation,62.6,⭐⭐ GOOD,🟡 Good,USD,USD,False,True,True,1.0,"FCF declarado (595,000,000) se aparta del derivado de flujo operativo menos capex (1,026,000,000)",85.0,40.0,56.7,65.0,60.0,60.0,50.0,False,up,3.1,True,1,-0.5,True,1,"{'eps_growth_yoy': 3.1, 'positive_quarters': 4, 'earnings_accelerating': True, 'eps_accel_quarters': 1, 'profit_margin_pct': 30.2}","{'revenue_growth_yoy': -0.5, 'revenue_accelerating': True, 'rev_accel_quarters': 1}","{'rs_3m': 5.2, 'rs_6m': -10.7, 'rs_line_percentile': 50.0, 'rs_line_at_new_high': False, 'rs_line_trend': 'up', 'rs_line_score': 60}","{'roe_pct': 11.5, 'operating_margin_pct': 41.3}","{'days_to_earnings': 'N/A', 'recommendation': 'buy', 'analyst_upside_pct': 7.2}",26.22,12422436864,Financial Services,Banks - Regional,0.0,0.0,False,26.56,-1.3,7,True,28.11,31.0,25.0,19.0,buy,7.2,36.77,40.2,41.6,58.7,4.79,1.26,2.59,30.8,0.68,3.3,True,-7.55,,14.0,58.0,2026-10-14,False,False,5,NEUTRAL,,,0.57,22.2,,,,2026-08-17T04:53:05.160426
COF,Capital One Financial Corporation,62.6,⭐⭐ GOOD,🟡 Good,USD,USD,False,True,True,1.0,,75.0,60.0,50.3,60.0,60.0,35.0,41.8,False,up,-5.4,True,2,2.5,True,1,"{'eps_growth_yoy': -5.4, 'positive_quarters': 4, 'earnings_accelerating': True, 'eps_accel_quarters': 2, 'profit_margin_pct': 21.9}","{'revenue_growth_yoy': 2.5, 'revenue_accelerating': True, 'rev_accel_quarters': 1}","{'rs_3m': 17.6, 'rs_6m': -3.7, 'rs_line_percentile': 41.8, 'rs_line_at_new_high': False, 'rs_line_trend': 'up', 'rs_line_score': 35}","{'roe_pct': 9.0, 'operating_margin_pct': 33.6}","{'days_to_earnings': 'N/A', 'recommendation': 'buy', 'analyst_upside_pct': 12.8}",227.34,139469651968,Financial Services,Credit Services,2.0,2.4,False,259.64,-12.4,5,False,256.5,300.0,214.0,22.0,buy,12.8,1806.97,694.8,544.2,139.4,18.74,42.61,1.41,16.5,3.2,1.68,True,-6.52,,,64.0,2026-10-20,False,False,5,NEUTRAL,,,0.53,26.7,,,,2026-08-17T04:50:56.491606
JKHY,"Jack Henry & Associates, Inc.",62.2,⭐⭐ GOOD,🟡 Good,USD,USD,False,True,True,1.0,"FCF declarado (373,407,744) se aparta del derivado de flujo operativo menos capex (555,232,016)",65.0,60.0,34.7,95.0,65.0,35.0,27.7,False,up,-3.7,True,1,3.4,True,1,"{'eps_growth_yoy': -3.7, 'positive_quarters': 4, 'earnings_accelerating': True, 'eps_accel_quarters': 1, 'profit_margin_pct': 20.6}","{'revenue_growth_yoy': 3.4, 'revenue_accelerating': True, 'rev_accel_quarters': 1}","{'rs_3m': 1.1, 'rs_6m': -23.9, 'rs_line_percentile': 27.7, 'rs_line_at_new_high': False, 'rs_line_trend': 'up', 'rs_line_score': 35}","{'roe_pct': 24.9, 'debt_to_equity': 0.06, 'current_ratio': 1.74, 'operating_margin_pct': 24.4}","{'days_to_earnings': 'N/A', 'recommendation': 'buy', 'analyst_upside_pct': 21.8}",153.31,10892795904,Technology,Information Technology Services,7.3,3.9,False,193.39,-20.7,3,False,186.67,208.0,158.0,15.0,buy,21.8,114.65,-25.2,89.5,-41.6,3.43,5.26,1.55,32.8,2.38,1.22,True,-2.61,123.3,12.5,1.0,2026-08-18,True,False,9,STRONG,5.42,162.7,1.73,35.2,0.8,0.02,-34.4,2026-08-17T04:50:23.716806
FDS,FactSet Research Systems Inc.,62.0,⭐⭐ GOOD,🟡 Good,USD,USD,False,True,True,1.0,,65.0,60.0,65.0,70.0,40.0,35.0,29.2,False,up,-17.5,True,1,4.4,True,1,"{'eps_growth_yoy': -17.5, 'positive_quarters': 4, 'earnings_accelerating': True, 'eps_accel_quarters': 1, 'profit_margin_pct': 23.2}","{'revenue_growth_yoy': 4.4, 'revenue_accelerating': True, 'rev_accel_quarters': 1}","{'rs_3m': 26.6, 'rs_6m': 25.3, 'rs_line_percentile': 29.2, 'rs_line_at_new_high': False, 'rs_line_trend': 'up', 'rs_line_score': 35}","{'roe_pct': 27.0, 'debt_to_equity': 0.77, 'current_ratio': 0.68, 'operating_margin_pct': 30.5}","{'days_to_earnings': 'N/A', 'recommendation': 'hold', 'analyst_upside_pct': -10.0}",283.49,10082476032,Financial Services,Financial Data & Stock Exchanges,12.8,3.9,True,387.75,-26.9,4,False,255.06,340.0,210.0,16.0,hold,-10.0,256.99,-9.3,151.7,-46.5,6.16,17.47,1.64,29.4,4.64,1.0,True,-6.08,14.1,-3.8,31.0,2026-09-17,False,False,6,NEUTRAL,6.85,187.1,,54.2,,,,2026-08-17T04:48:51.989129
VRSK,"Verisk Analytics, Inc.",62.0,⭐⭐ GOOD,🟡 Good,USD,USD,False,True,True,1.0,,75.0,60.0,38.7,65.0,70.0,15.0,11.1,False,down,1.4,False,0,4.9,True,1,"{'eps_growth_yoy': 1.4, 'positive_quarters': 4, 'earnings_accelerating': False, 'eps_accel_quarters': 0, 'profit_margin_pct': 28.2}","{'revenue_growth_yoy': 4.9, 'revenue_accelerating': True, 'rev_accel_quarters': 1}","{'rs_3m': 4.2, 'rs_6m': -6.7, 'rs_line_percentile': 11.1, 'rs_line_at_new_high': False, 'rs_line_trend': 'down', 'rs_line_score': 15}","{'current_ratio': 1.0, 'operating_margin_pct': 45.1}","{'days_to_earnings': 'N/A', 'recommendation': 'buy', 'analyst_upside_pct': 30.8}",181.67,23645444096,Industrials,Consulting Services,3.8,2.2,False,276.19,-34.2,0,False,237.71,275.0,195.0,17.0,buy,30.8,119.33,-34.3,65.0,-64.2,4.46,8.11,1.1,29.2,2.0,0.63,True,-9.1,6.9,-2.4,72.0,2026-10-28,False,False,7,NEUTRAL,4.84,113.1,,47.4,,,,2026-08-17T04:42:15.135852
ASAZY,ASSA ABLOY AB (publ),62.0,⭐⭐ GOOD,🟡 Good,USD,SEK,True,True,False,0.9482,"acciones × precio no cuadra con la capitalización (ratio 0.9482): el dato por acción y el precio no están en la misma unidad — típico de ADR. Los ratios por acción (EPS, FCF/acción, DCF) no son utilizables | FCF declarado (1,936,416,757) se aparta del derivado de flujo operativo menos capex (18,638,",90.0,60.0,24.0,65.0,55.0,15.0,17.4,False,up,15.9,True,1,3.3,True,1,"{'eps_growth_yoy': 15.9, 'positive_quarters': 4, 'earnings_accelerating': True, 'eps_accel_quarters': 1, 'profit_margin_pct': 10.8}","{'revenue_growth_yoy': 3.3, 'revenue_accelerating': True, 'rev_accel_quarters': 1}","{'rs_3m': -4.6, 'rs_6m': -28.2, 'rs_line_percentile': 17.4, 'rs_line_at_new_high': False, 'rs_line_trend': 'up', 'rs_line_score': 15}","{'roe_pct': 15.6, 'debt_to_equity': 0.64, 'current_ratio': 1.01}","{'days_to_earnings': 'N/A', 'recommendation': 'none', 'analyst_upside_pct': 16.4}",18.68,41498603520,Industrials,Security & Protection Services,,,False,21.98,-15.0,4,False,21.74,21.74,21.74,1.0,none,16.4,,,,,4.67,0.92,1.76,41.9,0.33,1.7,False,,,8.0,71.0,2026-10-27,False,False,8,STRONG,,118.2,1.31,24.7,,,,2026-08-17T04:48:11.729663
CB,Chubb Limited,61.6,⭐⭐ GOOD,🟡 Good,USD,USD,False,True,True,1.0,,80.0,50.0,46.7,65.0,60.0,35.0,37.0,False,up,1.9,True,1,-1.5,True,2,"{'eps_growth_yoy': 1.9, 'positive_quarters': 4, 'earnings_accelerating': True, 'eps_accel_quarters': 1, 'profit_margin_pct': 18.1}","{'revenue_growth_yoy': -1.5, 'revenue_accelerating': True, 'rev_accel_quarters': 2}","{'rs_3m': 2.4, 'rs_6m': -10.5, 'rs_line_percentile': 37.0, 'rs_line_at_new_high': False, 'rs_line_trend': 'up', 'rs_line_score': 35}","{'roe_pct': 14.8, 'debt_to_equity': 0.31, 'current_ratio': 0.41, 'operating_margin_pct': 23.5}","{'days_to_earnings': 'N/A', 'recommendation': 'buy', 'analyst_upside_pct': 6.3}",343.64,132576272384,Financial Services,Insurance - Property & Casualty,1.1,2.1,False,365.91,-6.1,6,False,365.26,425.0,306.0,23.0,buy,6.3,400.01,16.4,282.1,-17.9,7.91,27.19,1.19,13.9,4.08,1.44,True,-3.39,18.9,-0.5,71.0,2026-10-27,False,False,6,NEUTRAL,8.9,,,19.7,0.4,0.02,-19.3,2026-08-17T04:48:46.647232
MTD,"Mettler-Toledo International, I",61.6,⭐⭐ GOOD,🟡 Good,USD,USD,False,True,True,1.0,,85.0,40.0,63.0,50.0,60.0,60.0,51.2,False,up,7.1,True,1,-0.2,True,1,"{'eps_growth_yoy': 7.1, 'positive_quarters': 4, 'earnings_accelerating': True, 'eps_accel_quarters': 1, 'profit_margin_pct': 21.9}","{'revenue_growth_yoy': -0.2, 'revenue_accelerating': True, 'rev_accel_quarters': 1}","{'rs_3m': 27.0, 'rs_6m': -13.1, 'rs_line_percentile': 51.2, 'rs_line_at_new_high': False, 'rs_line_trend': 'up', 'rs_line_score': 60}","{'debt_to_equity': 166.68, 'current_ratio': 1.12, 'operating_margin_pct': 31.2}","{'days_to_earnings': 'N/A', 'recommendation': 'buy', 'analyst_upside_pct': 3.5}",1419.02,28432279552,Healthcare,Diagnostics & Research,4.5,4.5,False,1525.17,-7.0,5,False,1468.91,1600.0,1200.0,11.0,buy,3.5,949.22,-33.1,812.89,-42.7,2.44,34.62,,,,,True,-2.73,16.8,12.8,80.0,2026-11-05,False,False,6,NEUTRAL,3.66,110.6,1.5,30.2,,,,2026-08-17T04:46:51.700903
VRSN,"VeriSign, Inc.",61.5,⭐⭐ GOOD,🟡 Good,USD,USD,False,True,True,1.0,,75.0,60.0,52.4,50.0,60.0,35.0,42.8,False,down,1.7,False,0,3.7,True,1,"{'eps_growth_yoy': 1.7, 'positive_quarters': 4, 'earnings_accelerating': False, 'eps_accel_quarters': 0, 'profit_margin_pct': 49.8}","{'revenue_growth_yoy': 3.7, 'revenue_accelerating': True, 'rev_accel_quarters': 1}","{'rs_3m': -5.6, 'rs_6m': 15.5, 'rs_line_percentile': 42.8, 'rs_line_at_new_high': False, 'rs_line_trend': 'down', 'rs_line_score': 35}","{'current_ratio': 0.59, 'operating_margin_pct': 68.2}","{'days_to_earnings': 'N/A', 'recommendation': 'buy', 'analyst_upside_pct': 11.9}",284.24,25695295488,Technology,Software - Infrastructure,2.1,2.4,False,312.48,-9.0,7,True,318.0,355.0,270.0,5.0,buy,11.9,165.22,-41.9,92.1,-67.6,3.24,9.21,1.14,34.3,3.24,,True,-3.5,15.5,5.4,66.0,2026-10-22,False,False,8,STRONG,4.25,512.5,3.36,42.2,,,,2026-08-17T04:43:59.022494
MCD,McDonald's Corporation,61.5,⭐⭐ GOOD,🟡 Good,USD,USD,False,True,True,1.0,,85.0,60.0,24.0,65.0,65.0,15.0,2.4,False,down,3.7,True,1,0.3,True,1,"{'eps_growth_yoy': 3.7, 'positive_quarters': 4, 'earnings_accelerating': True, 'eps_accel_quarters': 1, 'profit_margin_pct': 31.7}","{'revenue_growth_yoy': 0.3, 'revenue_accelerating': True, 'rev_accel_quarters': 1}","{'rs_3m': -5.9, 'rs_6m': -30.2, 'rs_line_percentile': 2.4, 'rs_line_at_new_high': False, 'rs_line_trend': 'down', 'rs_line_score': 15}","{'current_ratio': 1.08, 'operating_margin_pct': 46.5}","{'days_to_earnings': 'N/A', 'recommendation': 'buy', 'analyst_upside_pct': 15.8}",272.83,193065828352,Consumer Cyclical,Restaurants,1.9,2.7,False,341.75,-20.2,1,False,316.06,407.0,250.0,31.0,buy,15.8,146.0,-46.5,123.0,-54.9,3.24,8.85,2.73,59.7,7.44,2.23,True,-1.2,7.9,4.0,80.0,2026-11-05,False,False,6,NEUTRAL,5.06,29.1,3.42,18.8,0.8,0.04,-18.0,2026-08-17T04:46:47.359935
KVUE,Kenvue Inc.,61.3,⭐⭐ GOOD,🟡 Good,USD,USD,False,True,True,1.0,,80.0,50.0,46.7,70.0,50.0,35.0,37.1,False,up,14.6,False,0,5.1,False,0,"{'eps_growth_yoy': 14.6, 'positive_quarters': 4, 'earnings_accelerating': False, 'eps_accel_quarters': 0, 'profit_margin_pct': 10.8}","{'revenue_growth_yoy': 5.1, 'revenue_accelerating': False, 'rev_accel_quarters': 0}","{'rs_3m': 7.6, 'rs_6m': -8.6, 'rs_line_percentile': 37.1, 'rs_line_at_new_high': False, 'rs_line_trend': 'up', 'rs_line_score': 35}","{'roe_pct': 15.6, 'debt_to_equity': 0.82, 'current_ratio': 1.0, 'operating_margin_pct': 19.4}","{'days_to_earnings': 'N/A', 'recommendation': 'hold', 'analyst_upside_pct': 1.6}",19.2,36878852096,Consumer Defensive,Household & Personal Products,3.8,3.4,False,21.845,-12.1,7,True,19.5,23.0,18.0,12.0,hold,1.6,18.41,-4.1,8.5,-55.7,5.17,0.99,4.38,97.7,0.84,,True,-0.19,6.2,3.4,80.0,2026-11-05,False,False,7,NEUTRAL,5.47,109.8,1.83,21.0,,,,2026-08-17T04:52:39.906423
CHD,"Church & Dwight Company, Inc.",61.1,⭐⭐ GOOD,🟡 Good,USD,USD,False,True,True,1.0,,90.0,30.0,46.7,75.0,60.0,35.0,33.6,False,up,13.2,True,1,-2.5,False,0,"{'eps_growth_yoy': 13.2, 'positive_quarters': 4, 'earnings_accelerating': True, 'eps_accel_quarters': 1, 'profit_margin_pct': 12.0}","{'revenue_growth_yoy': -2.5, 'revenue_accelerating': False, 'rev_accel_quarters': 0}","{'rs_3m': 3.7, 'rs_6m': -11.2, 'rs_line_percentile': 33.6, 'rs_line_at_new_high': False, 'rs_line_trend': 'up', 'rs_line_score': 35}","{'roe_pct': 17.0, 'debt_to_equity': 0.56, 'current_ratio': 1.15, 'operating_margin_pct': 18.1}","{'days_to_earnings': 'N/A', 'recommendation': 'buy', 'analyst_upside_pct': 4.0}",101.3,24028755968,Consumer Defensive,Household & Personal Products,5.0,5.8,False,106.04,-4.5,6,False,105.37,115.0,78.0,19.0,buy,4.0,74.93,-26.0,31.2,-69.2,3.91,3.96,1.21,38.6,1.23,1.16,True,-2.5,10.6,6.3,74.0,2026-10-30,False,False,7,NEUTRAL,4.02,114.1,2.79,22.7,,,,2026-08-17T04:48:07.082638
AUTO.L,Autotrader Group plc,61.1,⭐⭐ GOOD,🟡 Good,GBp,GBP,True,True,False,100.0,"acciones × precio no cuadra con la capitalización (ratio 100.0000): el dato por acción y el precio no están en la misma unidad — típico de ADR. Los ratios por acción (EPS, FCF/acción, DCF) no son utilizables",60.0,50.0,60.5,90.0,50.0,,,,,,,0,,,0,{'profit_margin_pct': 47.1},{},"{'rs_3m': 1.9, 'rs_6m': 3.5}","{'roe_pct': 60.2, 'debt_to_equity': 0.52, 'current_ratio': 1.73, 'operating_margin_pct': 62.2}","{'days_to_earnings': 'N/A', 'recommendation': 'hold', 'analyst_upside_pct': 4.2}",539.6,4209214464,Communication Services,Internet Content & Information,,,False,831.2,-35.1,2,False,562.06,800.0,410.0,18.0,hold,4.2,,,,,5.79,0.31,2.15,32.0,12.0,1.35,,,,2.0,80.0,2026-11-05,False,False,5,NEUTRAL,8.62,332.4,2.42,32.7,,,,2026-08-17T04:50:27.848663
ITW,Illinois Tool Works Inc.,60.8,⭐⭐ GOOD,🟡 Good,USD,USD,False,True,True,1.0,,70.0,60.0,50.3,65.0,50.0,35.0,45.5,False,up,-0.7,True,2,6.0,True,1,"{'eps_growth_yoy': -0.7, 'positive_quarters': 4, 'earnings_accelerating': True, 'eps_accel_quarters': 2, 'profit_margin_pct': 19.4}","{'revenue_growth_yoy': 6.0, 'revenue_accelerating': True, 'rev_accel_quarters': 1}","{'rs_3m': 11.7, 'rs_6m': -15.7, 'rs_line_percentile': 45.5, 'rs_line_at_new_high': False, 'rs_line_trend': 'up', 'rs_line_score': 35}","{'roe_pct': 104.6, 'debt_to_equity': 3.35, 'current_ratio': 1.11, 'operating_margin_pct': 26.9}","{'days_to_earnings': 'N/A', 'recommendation': 'hold', 'analyst_upside_pct': 3.8}",290.81,82822684672,Industrials,Specialty Industrial Machinery,3.1,5.7,False,303.16,-4.1,6,False,301.86,350.0,249.0,14.0,hold,3.8,169.1,-41.9,111.61,-61.6,2.94,8.54,2.37,58.3,6.88,2.26,True,-2.26,14.6,4.0,67.0,2026-10-23,False,False,5,NEUTRAL,4.64,118.3,2.32,28.8,,,,2026-08-17T04:47:57.300738
STZ,"Constellation Brands, Inc.",60.3,⭐⭐ GOOD,🟡 Good,USD,USD,False,True,True,0.9997,,100.0,40.0,24.0,60.0,65.0,15.0,11.0,False,flat,40.3,True,1,-1.9,True,1,"{'eps_growth_yoy': 40.3, 'positive_quarters': 4, 'earnings_accelerating': True, 'eps_accel_quarters': 1, 'profit_margin_pct': 20.1}","{'revenue_growth_yoy': -1.9, 'revenue_accelerating': True, 'rev_accel_quarters': 1}","{'rs_3m': -5.5, 'rs_6m': -28.0, 'rs_line_percentile': 11.0, 'rs_line_at_new_high': False, 'rs_line_trend': 'flat', 'rs_line_score': 15}","{'roe_pct': 23.7, 'debt_to_equity': 1.23, 'current_ratio': 0.91, 'operating_margin_pct': 35.9}","{'days_to_earnings': 'N/A', 'recommendation': 'buy', 'analyst_upside_pct': 22.7}",139.18,23772549120,Consumer Defensive,Beverages - Brewers,6.1,3.9,False,169.16,-17.7,3,False,170.83,209.0,115.0,23.0,buy,22.7,549.0,294.5,314.7,126.1,9.3,12.95,2.96,39.0,4.12,1.78,True,-3.54,8.2,21.5,49.0,2026-10-05,False,False,6,NEUTRAL,7.94,29.4,0.37,25.4,,,,2026-08-17T04:51:46.995251
OTIS,Otis Worldwide Corporation,60.0,⭐⭐ GOOD,🟡 Good,USD,USD,False,True,True,1.0,,90.0,60.0,24.0,45.0,65.0,15.0,5.2,False,flat,14.4,True,1,4.6,True,1,"{'eps_growth_yoy': 14.4, 'positive_quarters': 4, 'earnings_accelerating': True, 'eps_accel_quarters': 1, 'profit_margin_pct': 10.2}","{'revenue_growth_yoy': 4.6, 'revenue_accelerating': True, 'rev_accel_quarters': 1}","{'rs_3m': -4.9, 'rs_6m': -31.9, 'rs_line_percentile': 5.2, 'rs_line_at_new_high': False, 'rs_line_trend': 'flat', 'rs_line_score': 15}","{'current_ratio': 0.83, 'operating_margin_pct': 15.1}","{'days_to_earnings': 'N/A', 'recommendation': 'buy', 'analyst_upside_pct': 22.3}",72.63,27648014336,Industrials,Specialty Industrial Machinery,4.3,3.7,False,94.565,-23.2,2,False,88.83,105.0,75.0,12.0,buy,22.3,83.98,15.6,50.57,-30.4,5.19,3.77,2.42,43.7,1.76,1.5,True,-3.82,,9.1,72.0,2026-10-28,False,False,6,NEUTRAL,6.17,171.1,1.22,26.5,,,,2026-08-17T04:47:38.428509
UBER,"Uber Technologies, Inc.",60.0,⭐ AVERAGE,🟡 Average,USD,USD,False,True,True,1.0,"FCF declarado (7,244,749,824) se aparta del derivado de flujo operativo menos capex (10,088,000,512)",70.0,60.0,36.0,65.0,70.0,15.0,14.7,False,up,-63.9,True,2,5.4,True,1,"{'eps_growth_yoy': -63.9, 'positive_quarters': 4, 'earnings_accelerating': True, 'eps_accel_quarters': 2, 'profit_margin_pct': 17.3}","{'revenue_growth_yoy': 5.4, 'revenue_accelerating': True, 'rev_accel_quarters': 1}","{'rs_3m': -4.2, 'rs_6m': -6.0, 'rs_line_percentile': 14.7, 'rs_line_at_new_high': False, 'rs_line_trend': 'up', 'rs_line_score': 15}","{'roe_pct': 37.2, 'debt_to_equity': 0.52, 'current_ratio': 0.84, 'operating_margin_pct': 13.3}","{'days_to_earnings': 'N/A', 'recommendation': 'buy', 'analyst_upside_pct': 33.6}",75.95,155132428288,Technology,Software - Application,2.4,2.9,False,101.99,-25.5,1,False,101.5,150.0,70.0,47.0,buy,33.6,150.42,98.1,136.8,80.1,4.67,3.55,,,,,True,-4.45,15.5,85.5,78.0,2026-11-03,False,False,6,NEUTRAL,3.77,133.2,0.2,47.1,,,,2026-08-17T04:52:25.668675
SBGSY,Schneider Electric S.E.,59.9,⭐ AVERAGE,🟡 Average,USD,EUR,True,True,True,1.0,,55.0,50.0,68.3,75.0,60.0,80.0,84.3,False,up,,,0,,,0,{'profit_margin_pct': 11.3},{},"{'rs_3m': 7.3, 'rs_6m': 2.7, 'rs_line_percentile': 84.3, 'rs_line_at_new_high': False, 'rs_line_trend': 'up', 'rs_line_score': 80}","{'roe_pct': 18.6, 'debt_to_equity': 0.84, 'current_ratio': 1.09, 'operating_margin_pct': 18.2}","{'days_to_earnings': 'N/A', 'recommendation': 'strong_buy', 'analyst_upside_pct': 9.9}",70.82,199054802944,Industrials,Specialty Industrial Machinery,,,False,71.98,-1.6,8,True,77.8,79.0,76.0,3.0,strong_buy,9.9,91.65,29.4,57.13,-19.3,3.13,2.22,1.39,49.7,0.98,1.79,,,,29.3,192.0,2027-02-25,False,False,6,NEUTRAL,3.12,74.6,0.84,47.9,,,,2026-08-17T04:48:36.958163
ORLY,"O'Reilly Automotive, Inc.",59.7,⭐ AVERAGE,🟡 Average,USD,USD,False,True,True,1.0,"FCF declarado (1,570,733,824) se aparta del derivado de flujo operativo menos capex (2,120,623,976)",70.0,70.0,36.0,50.0,65.0,15.0,13.6,False,flat,-1.5,True,2,4.0,True,2,"{'eps_growth_yoy': -1.5, 'positive_quarters': 4, 'earnings_accelerating': True, 'eps_accel_quarters': 2, 'profit_margin_pct': 14.3}","{'revenue_growth_yoy': 4.0, 'revenue_accelerating': True, 'rev_accel_quarters': 2}","{'rs_3m': -3.8, 'rs_6m': -18.8, 'rs_line_percentile': 13.6, 'rs_line_at_new_high': False, 'rs_line_trend': 'flat', 'rs_line_score': 15}","{'current_ratio': 0.75, 'operating_margin_pct': 20.2}","{'days_to_earnings': 'N/A', 'recommendation': 'buy', 'analyst_upside_pct': 18.8}",91.05,73655877632,Consumer Cyclical,Auto Parts,3.1,2.8,False,108.72,-16.3,2,False,108.17,120.0,89.0,24.0,buy,18.8,38.75,-57.4,32.44,-64.4,2.13,1.94,,,,,True,-4.55,14.4,10.3,72.0,2026-10-28,False,False,7,NEUTRAL,4.19,40.2,2.42,32.9,,,,2026-08-17T04:47:11.028108
ZTS,Zoetis Inc.,59.0,⭐ AVERAGE,🟡 Average,USD,USD,False,True,True,1.0,,75.0,60.0,24.0,65.0,70.0,15.0,0.7,False,down,-4.2,True,2,2.8,True,1,"{'eps_growth_yoy': -4.2, 'positive_quarters': 4, 'earnings_accelerating': True, 'eps_accel_quarters': 2, 'profit_margin_pct': 27.7}","{'revenue_growth_yoy': 2.8, 'revenue_accelerating': True, 'rev_accel_quarters': 1}","{'rs_3m': -6.9, 'rs_6m': -55.1, 'rs_line_percentile': 0.7, 'rs_line_at_new_high': False, 'rs_line_trend': 'down', 'rs_line_score': 15}","{'roe_pct': 64.9, 'debt_to_equity': 2.94, 'current_ratio': 3.08, 'operating_margin_pct': 40.7}","{'days_to_earnings': 'N/A', 'recommendation': 'buy', 'analyst_upside_pct': 36.8}",73.79,30491770880,Healthcare,Drug Manufacturers - Specialty & Generic,5.9,3.8,False,160.48,-54.0,0,False,100.94,160.0,80.0,16.0,buy,36.8,71.82,-2.7,61.3,-16.9,6.61,4.88,2.87,33.6,2.12,0.95,True,-11.95,14.7,0.8,78.0,2026-11-03,False,False,6,NEUTRAL,9.41,42.1,9.18,39.2,1.6,0.04,-37.6,2026-08-17T04:44:13.593096
SPGI,S&P Global Inc.,59.0,⭐ AVERAGE,🟡 Average,USD,USD,False,True,True,1.0,,75.0,50.0,38.7,65.0,65.0,15.0,9.5,False,up,3.5,False,0,6.6,False,0,"{'eps_growth_yoy': 3.5, 'positive_quarters': 4, 'earnings_accelerating': False, 'eps_accel_quarters': 0, 'profit_margin_pct': 30.5}","{'revenue_growth_yoy': 6.6, 'revenue_accelerating': False, 'rev_accel_quarters': 0}","{'rs_3m': 3.8, 'rs_6m': -0.7, 'rs_line_percentile': 9.5, 'rs_line_at_new_high': False, 'rs_line_trend': 'up', 'rs_line_score': 15}","{'roe_pct': 14.3, 'debt_to_equity': 0.43, 'current_ratio': 0.95, 'operating_margin_pct': 44.8}","{'days_to_earnings': 'N/A', 'recommendation': 'strong_buy', 'analyst_upside_pct': 23.4}",418.8,123462238208,Financial Services,Financial Data & Stock Exchanges,3.0,4.0,False,529.4229,-20.9,2,False,516.95,553.0,444.0,20.0,strong_buy,23.4,495.13,18.2,290.63,-30.6,4.41,18.48,0.93,23.5,3.88,0.82,True,-4.21,22.7,17.7,73.0,2026-10-29,False,False,7,NEUTRAL,4.65,942.7,1.17,34.5,0.4,0.01,-34.1,2026-08-17T04:43:13.573258
ADP,"Automatic Data Processing, Inc.",59.0,⭐ AVERAGE,🟡 Average,USD,USD,False,True,True,1.0,,55.0,50.0,61.4,85.0,50.0,35.0,38.4,False,up,-3.4,False,0,5.8,False,0,"{'eps_growth_yoy': -3.4, 'positive_quarters': 4, 'earnings_accelerating': False, 'eps_accel_quarters': 0, 'profit_margin_pct': 20.1}","{'revenue_growth_yoy': 5.8, 'revenue_accelerating': False, 'rev_accel_quarters': 0}","{'rs_3m': 26.5, 'rs_6m': 13.0, 'rs_line_percentile': 38.4, 'rs_line_at_new_high': False, 'rs_line_trend': 'up', 'rs_line_score': 35}","{'roe_pct': 72.2, 'debt_to_equity': 0.91, 'current_ratio': 1.05, 'operating_margin_pct': 23.5}","{'days_to_earnings': 'N/A', 'recommendation': 'hold', 'analyst_upside_pct': 5.1}",272.96,108436840448,Technology,Software - Application,3.7,5.3,False,310.08,-12.0,5,False,286.93,322.0,225.0,15.0,hold,5.1,258.07,-5.5,109.5,-59.9,4.84,13.2,2.49,60.7,6.8,2.04,True,-1.92,13.5,3.9,72.0,2026-10-28,False,False,6,NEUTRAL,5.64,173.6,2.08,34.9,0.8,0.02,-34.1,2026-08-17T04:42:58.541487
MSI,"Motorola Solutions, Inc.",58.8,⭐ AVERAGE,🟡 Average,USD,USD,False,True,True,1.0,"FCF declarado (1,979,000,064) se aparta del derivado de flujo operativo menos capex (2,709,000,128)",60.0,60.0,50.3,65.0,60.0,35.0,35.4,False,up,-0.9,True,1,4.1,True,1,"{'eps_growth_yoy': -0.9, 'positive_quarters': 4, 'earnings_accelerating': True, 'eps_accel_quarters': 1, 'profit_margin_pct': 17.4}","{'revenue_growth_yoy': 4.1, 'revenue_accelerating': True, 'rev_accel_quarters': 1}","{'rs_3m': 14.3, 'rs_6m': -2.7, 'rs_line_percentile': 35.4, 'rs_line_at_new_high': False, 'rs_line_trend': 'up', 'rs_line_score': 35}","{'roe_pct': 91.6, 'debt_to_equity': 3.58, 'current_ratio': 1.1, 'operating_margin_pct': 27.4}","{'days_to_earnings': 'N/A', 'recommendation': 'buy', 'analyst_upside_pct': 12.1}",466.51,77204512768,Technology,Communication Equipment,2.7,4.4,False,493.57,-5.5,4,False,522.73,550.0,476.0,11.0,buy,12.1,230.97,-50.5,126.9,-72.8,2.56,11.96,1.04,37.2,4.84,1.11,True,-1.34,7.3,9.5,80.0,2026-11-05,False,False,6,NEUTRAL,3.68,161.2,2.57,36.6,0.8,0.02,-35.8,2026-08-17T04:43:08.849920
TYL,"Tyler Technologies, Inc.",58.6,⭐ AVERAGE,🟡 Average,USD,USD,False,True,True,1.0,,80.0,50.0,26.7,75.0,55.0,15.0,10.1,False,down,10.8,False,0,8.3,False,0,"{'eps_growth_yoy': 10.8, 'positive_quarters': 4, 'earnings_accelerating': False, 'eps_accel_quarters': 0, 'profit_margin_pct': 13.4}","{'revenue_growth_yoy': 8.3, 'revenue_accelerating': False, 'rev_accel_quarters': 0}","{'rs_3m': 0.8, 'rs_6m': -23.3, 'rs_line_percentile': 10.1, 'rs_line_at_new_high': False, 'rs_line_trend': 'down', 'rs_line_score': 15}","{'roe_pct': 9.7, 'debt_to_equity': 0.48, 'current_ratio': 1.55, 'operating_margin_pct': 14.7}","{'days_to_earnings': 'N/A', 'recommendation': 'none', 'analyst_upside_pct': 29.8}",328.64,13458554880,Technology,Software - Application,9.9,4.4,True,576.91,-43.0,1,False,426.64,525.0,335.0,22.0,none,29.8,356.81,8.6,118.11,-64.1,4.42,14.52,,,,,True,-6.9,65.3,7.8,72.0,2026-10-28,False,False,8,STRONG,2.84,139.0,1.38,59.2,0.4,0.01,-58.8,2026-08-17T04:45:28.003529
PEP,"PepsiCo, Inc.",58.5,⭐ AVERAGE,🟡 Average,USD,USD,False,True,True,1.0,,90.0,60.0,24.0,45.0,50.0,15.0,4.7,False,down,14.5,True,1,1.0,True,1,"{'eps_growth_yoy': 14.5, 'positive_quarters': 4, 'earnings_accelerating': True, 'eps_accel_quarters': 1, 'profit_margin_pct': 10.8}","{'revenue_growth_yoy': 1.0, 'revenue_accelerating': True, 'rev_accel_quarters': 1}","{'rs_3m': -9.9, 'rs_6m': -28.0, 'rs_line_percentile': 4.7, 'rs_line_at_new_high': False, 'rs_line_trend': 'down', 'rs_line_score': 15}","{'roe_pct': 51.5, 'debt_to_equity': 2.39, 'current_ratio': 0.93, 'operating_margin_pct': 16.8}","{'days_to_earnings': 'N/A', 'recommendation': 'none', 'analyst_upside_pct': 10.1}",140.79,192319127552,Consumer Defensive,Beverages - Non-Alcoholic,2.4,3.1,False,171.48,-17.9,3,False,155.0,183.0,124.0,22.0,none,10.1,243.14,72.7,228.9,62.6,4.07,5.73,4.2,75.3,5.92,3.03,True,-0.51,12.7,68.5,52.0,2026-10-08,False,False,5,NEUTRAL,4.84,33.8,0.11,18.0,0.2,0.01,-17.8,2026-08-17T04:49:40.705541
ITRK.L,ITRK.L,58.5,⭐ AVERAGE,🟡 Average,GBp,GBP,True,True,True,,,50.0,50.0,68.5,75.0,60.0,,,,,,,0,,,0,{'profit_margin_pct': 9.1},{},"{'rs_3m': 1.0, 'rs_6m': 17.4}","{'roe_pct': 29.9, 'debt_to_equity': 1.73, 'current_ratio': 1.1, 'operating_margin_pct': 16.6}","{'days_to_earnings': 'N/A', 'recommendation': 'buy', 'analyst_upside_pct': 1.0}",5840.0,0,Industrials,Specialty Business Services,,,False,5855.0,-0.3,7,True,5897.25,6000.0,5450.0,12.0,buy,1.0,,,205000.0,3410.3,,,2.83,80.5,165.0,2.66,,,,-7.8,197.0,2027-03-02,False,False,4,NEUTRAL,5.18,63.8,,1.2,,,,2026-08-17T04:50:32.455415
NOW,"ServiceNow, Inc.",58.2,⭐ AVERAGE,🟡 Average,USD,USD,False,True,True,1.0,,50.0,80.0,48.6,50.0,60.0,15.0,24.1,False,flat,-40.6,False,0,17.0,True,2,"{'eps_growth_yoy': -40.6, 'positive_quarters': 4, 'earnings_accelerating': False, 'eps_accel_quarters': 0, 'profit_margin_pct': 11.3}","{'revenue_growth_yoy': 17.0, 'revenue_accelerating': True, 'rev_accel_quarters': 2}","{'rs_3m': 25.1, 'rs_6m': 1.3, 'rs_line_percentile': 24.1, 'rs_line_at_new_high': False, 'rs_line_trend': 'flat', 'rs_line_score': 15}","{'roe_pct': 14.2, 'debt_to_equity': 0.68, 'current_ratio': 0.7, 'operating_margin_pct': 4.1}","{'days_to_earnings': 'N/A', 'recommendation': 'strong_buy', 'analyst_upside_pct': 13.4}",124.0,128198893568,Technology,Software - Application,3.6,1.5,False,194.726,-36.3,3,False,140.58,248.0,72.0,46.0,strong_buy,13.4,73.29,-40.9,16.0,-87.1,4.02,4.98,,,,,True,-2.66,29.3,-21.9,72.0,2026-10-28,False,False,4,NEUTRAL,1.73,73.1,,61.3,,,,2026-08-17T04:47:24.776826
SXYAY,Sika AG,57.3,⭐ AVERAGE,🟡 Average,USD,CHF,True,True,True,1.0,"FCF declarado (1,262,356,538) se aparta del derivado de flujo operativo menos capex (1,693,476,197)",50.0,50.0,66.6,70.0,60.0,60.0,51.0,False,up,,,0,,,0,{'profit_margin_pct': 9.4},{},"{'rs_3m': 25.0, 'rs_6m': 3.8, 'rs_line_percentile': 51.0, 'rs_line_at_new_high': False, 'rs_line_trend': 'up', 'rs_line_score': 60}","{'roe_pct': 16.0, 'debt_to_equity': 0.89, 'current_ratio': 1.3, 'operating_margin_pct': 14.3}","{'days_to_earnings': 'N/A', 'recommendation': 'buy', 'analyst_upside_pct': 5.1}",23.46,37639045120,Basic Materials,Specialty Chemicals,,,False,24.21,-3.1,6,False,24.65,26.3,23.0,2.0,buy,5.1,11.58,-50.6,8.0,-65.9,3.35,0.79,1.97,57.0,0.46,1.36,,,,-0.3,,,False,False,7,NEUTRAL,3.52,45.5,,44.3,,,,2026-08-17T04:47:52.068742
7741.T,HOYA Corporation,57.2,⭐ AVERAGE,🟡 Average,JPY,JPY,False,True,True,1.0,,60.0,50.0,30.0,95.0,65.0,,,,,,,0,,,0,{'profit_margin_pct': 27.2},{},"{'rs_3m': -7.6, 'rs_6m': -20.4}","{'roe_pct': 26.5, 'debt_to_equity': 0.04, 'current_ratio': 4.91, 'operating_margin_pct': 32.4}","{'days_to_earnings': 'N/A', 'recommendation': 'strong_buy', 'analyst_upside_pct': 16.2}",26285.0,8792870748160,Healthcare,Medical Instruments & Supplies,,,False,30400.0,-13.5,5,False,30553.33,35000.0,23100.0,15.0,strong_buy,16.2,22662.71,-13.8,22302.0,-15.2,2.03,534.39,1.11,39.7,295.0,0.76,,,,30.0,74.0,2026-10-30,False,False,6,NEUTRAL,3.91,33.1,1.28,28.7,,,,2026-08-17T04:47:06.244844
ROL,"Rollins, Inc.",56.8,⭐ AVERAGE,🟡 Average,USD,USD,False,True,True,1.0,,70.0,70.0,15.0,65.0,55.0,15.0,0.1,False,down,-12.0,True,2,5.1,True,2,"{'eps_growth_yoy': -12.0, 'positive_quarters': 4, 'earnings_accelerating': True, 'eps_accel_quarters': 2, 'profit_margin_pct': 13.6}","{'revenue_growth_yoy': 5.1, 'revenue_accelerating': True, 'rev_accel_quarters': 2}","{'rs_3m': -37.2, 'rs_6m': -52.1, 'rs_line_percentile': 0.1, 'rs_line_at_new_high': False, 'rs_line_trend': 'down', 'rs_line_score': 15}","{'roe_pct': 37.0, 'debt_to_equity': 0.78, 'current_ratio': 0.63, 'operating_margin_pct': 18.8}","{'days_to_earnings': 'N/A', 'recommendation': 'hold', 'analyst_upside_pct': 25.9}",36.2,17417463808,Consumer Cyclical,Personal Services,6.5,3.2,False,66.14,-45.3,0,False,45.59,66.0,32.0,17.0,hold,25.9,15.41,-57.4,11.0,-69.6,2.88,1.04,2.02,64.9,0.73,1.15,True,-1.41,21.8,1.2,72.0,2026-10-28,False,False,6,NEUTRAL,3.96,132.5,8.95,38.9,,,,2026-08-17T04:43:03.813696
DHR,Danaher Corporation,56.6,⭐ AVERAGE,🟡 Average,USD,USD,False,True,True,1.0,,50.0,60.0,50.3,70.0,60.0,35.0,31.0,False,up,-4.2,False,0,3.5,True,1,"{'eps_growth_yoy': -4.2, 'positive_quarters': 4, 'earnings_accelerating': False, 'eps_accel_quarters': 0, 'profit_margin_pct': 15.9}","{'revenue_growth_yoy': 3.5, 'revenue_accelerating': True, 'rev_accel_quarters': 1}","{'rs_3m': 20.0, 'rs_6m': -18.8, 'rs_line_percentile': 31.0, 'rs_line_at_new_high': False, 'rs_line_trend': 'up', 'rs_line_score': 35}","{'roe_pct': 7.6, 'debt_to_equity': 0.53, 'current_ratio': 1.65, 'operating_margin_pct': 19.8}","{'days_to_earnings': 'N/A', 'recommendation': 'strong_buy', 'analyst_upside_pct': 12.6}",202.45,142319517696,Healthcare,Diagnostics & Research,1.9,1.9,False,242.8,-16.6,2,False,227.96,310.0,195.0,23.0,strong_buy,12.6,260.92,28.9,168.3,-16.9,3.04,6.15,0.79,25.7,1.6,0.44,True,-2.04,17.3,59.7,64.0,2026-10-20,False,False,5,NEUTRAL,2.71,39.2,0.36,51.8,,,,2026-08-17T04:47:33.423417
LSEG.L,London Stock Exchange Group plc,56.5,⭐ AVERAGE,🟡 Average,GBp,GBP,True,True,False,100.0,"acciones × precio no cuadra con la capitalización (ratio 100.0000): el dato por acción y el precio no están en la misma unidad — típico de ADR. Los ratios por acción (EPS, FCF/acción, DCF) no son utilizables",55.0,50.0,50.0,70.0,70.0,,,,,,,0,,,0,{'profit_margin_pct': 14.6},{},"{'rs_3m': -15.0, 'rs_6m': -2.3}","{'roe_pct': 7.7, 'debt_to_equity': 0.64, 'current_ratio': 1.0, 'operating_margin_pct': 29.0}","{'days_to_earnings': 'N/A', 'recommendation': 'strong_buy', 'analyst_upside_pct': 39.5}",8536.0,41433423872,Financial Services,Financial Data & Stock Exchanges,,,False,10140.0,-15.8,1,False,11910.67,13630.0,10400.0,15.0,strong_buy,39.5,,,,,4.15,3.54,1.85,53.9,158.0,1.28,,,,33.7,192.0,2027-02-25,False,False,7,NEUTRAL,4.24,305.7,0.47,33.8,,,,2026-08-17T04:46:27.937732
MSCI,MSCI Inc.,56.2,⭐ AVERAGE,🟡 Average,USD,USD,False,True,True,1.0,,75.0,50.0,36.0,50.0,65.0,15.0,4.3,False,down,5.1,False,0,9.3,False,0,"{'eps_growth_yoy': 5.1, 'positive_quarters': 4, 'earnings_accelerating': False, 'eps_accel_quarters': 0, 'profit_margin_pct': 40.7}","{'revenue_growth_yoy': 9.3, 'revenue_accelerating': False, 'rev_accel_quarters': 0}","{'rs_3m': -4.9, 'rs_6m': -2.0, 'rs_line_percentile': 4.3, 'rs_line_at_new_high': False, 'rs_line_trend': 'down', 'rs_line_score': 15}","{'current_ratio': 0.89, 'operating_margin_pct': 56.3}","{'days_to_earnings': 'N/A', 'recommendation': 'strong_buy', 'analyst_upside_pct': 21.6}",569.13,41375752192,Financial Services,Financial Data & Stock Exchanges,2.0,1.6,False,644.77,-11.7,4,False,692.06,760.0,570.0,17.0,strong_buy,21.6,473.77,-16.8,358.09,-37.1,2.89,16.43,1.44,42.1,8.2,1.01,True,-6.56,7.2,19.6,64.0,2026-10-20,False,False,8,STRONG,3.58,851.3,1.29,41.9,0.2,0.0,-41.7,2026-08-17T04:44:27.365739
ECL,Ecolab Inc.,56.1,⭐ AVERAGE,🟡 Average,USD,USD,False,True,True,1.0,"FCF declarado (1,474,824,960) se aparta del derivado de flujo operativo menos capex (2,008,500,000)",60.0,60.0,26.7,75.0,65.0,15.0,21.4,False,up,-8.6,True,1,6.0,True,1,"{'eps_growth_yoy': -8.6, 'positive_quarters': 4, 'earnings_accelerating': True, 'eps_accel_quarters': 1, 'profit_margin_pct': 12.6}","{'revenue_growth_yoy': 6.0, 'revenue_accelerating': True, 'rev_accel_quarters': 1}","{'rs_3m': 5.6, 'rs_6m': -23.0, 'rs_line_percentile': 21.4, 'rs_line_at_new_high': False, 'rs_line_trend': 'up', 'rs_line_score': 15}","{'roe_pct': 22.0, 'debt_to_equity': 1.38, 'current_ratio': 1.84, 'operating_margin_pct': 18.5}","{'days_to_earnings': 'N/A', 'recommendation': 'buy', 'analyst_upside_pct': 17.6}",276.11,77401530368,Basic Materials,Specialty Chemicals,1.3,2.5,False,309.27,-10.7,6,False,324.67,360.0,295.0,21.0,buy,17.6,78.41,-71.6,74.5,-73.0,1.91,5.26,1.06,38.1,2.92,1.06,True,-1.62,9.1,3.3,71.0,2026-10-27,False,False,6,NEUTRAL,3.31,52.2,8.87,24.3,1.6,0.06,-22.7,2026-08-17T04:46:03.332092
EXPN.L,Experian plc,56.1,⭐ AVERAGE,🟡 Average,GBp,USD,True,True,False,100.0,"acciones × precio no cuadra con la capitalización (ratio 100.0000): el dato por acción y el precio no están en la misma unidad — típico de ADR. Los ratios por acción (EPS, FCF/acción, DCF) no son utilizables | FCF declarado (672,247,350) se aparta del derivado de flujo operativo menos capex (925,755",55.0,50.0,54.5,65.0,65.0,,,,,,,0,,,0,{'profit_margin_pct': 17.8},{},"{'rs_3m': 3.5, 'rs_6m': -0.6}","{'roe_pct': 28.3, 'debt_to_equity': 1.0, 'current_ratio': 0.85, 'operating_margin_pct': 25.0}","{'days_to_earnings': 'N/A', 'recommendation': 'strong_buy', 'analyst_upside_pct': 27.4}",2890.0,25543913472,Industrials,Consulting Services,,,False,3987.0,-27.5,3,False,3682.9,4662.27,2338.34,18.0,strong_buy,27.4,,,,,2.63,0.76,1.79,39.8,52.0,1.4,,,,23.1,93.0,2026-11-18,False,False,9,STRONG,6.96,646.3,0.74,37.9,,,,2026-08-17T04:47:42.868402
AWK,"American Water Works Company, I",56.0,⭐ AVERAGE,🟡 Average,USD,USD,False,True,True,1.0,"FCF declarado (-1,785,374,976) se aparta del derivado de flujo operativo menos capex (-966,999,872)",75.0,50.0,38.7,55.0,50.0,15.0,24.5,False,up,-16.9,True,2,-6.6,True,2,"{'eps_growth_yoy': -16.9, 'positive_quarters': 4, 'earnings_accelerating': True, 'eps_accel_quarters': 2, 'profit_margin_pct': 21.3}","{'revenue_growth_yoy': -6.6, 'revenue_accelerating': True, 'rev_accel_quarters': 2}","{'rs_3m': 2.1, 'rs_6m': -4.0, 'rs_line_percentile': 24.5, 'rs_line_at_new_high': False, 'rs_line_trend': 'up', 'rs_line_score': 15}","{'roe_pct': 10.1, 'debt_to_equity': 1.38, 'current_ratio': 0.52, 'operating_margin_pct': 40.7}","{'days_to_earnings': 'N/A', 'recommendation': 'hold', 'analyst_upside_pct': 3.1}",136.2,27066888192,Utilities,Utilities - Regulated Water,7.8,5.2,False,147.87,-7.9,5,False,140.36,155.0,128.0,11.0,hold,3.1,,,57.7,-57.6,-6.6,-8.98,2.63,58.5,3.58,2.02,False,,3.2,3.4,72.0,2026-10-28,False,False,8,STRONG,4.75,6.6,2.41,25.5,,,,2026-08-17T04:49:36.441885
HESAY,Hermès International Société en commandite par actions,56.0,⭐ AVERAGE,🟡 Average,USD,EUR,True,True,True,1.0,,60.0,50.0,24.0,95.0,65.0,15.0,1.7,False,down,,,0,,,0,{'profit_margin_pct': 28.0},{},"{'rs_3m': -7.3, 'rs_6m': -41.5, 'rs_line_percentile': 1.7, 'rs_line_at_new_high': False, 'rs_line_trend': 'down', 'rs_line_score': 15}","{'roe_pct': 25.5, 'debt_to_equity': 0.12, 'current_ratio': 4.54, 'operating_margin_pct': 42.2}","{'days_to_earnings': 'N/A', 'recommendation': 'strong_buy', 'analyst_upside_pct': 26.2}",182.48,191132631040,Consumer Cyclical,Luxury Goods,,,False,265.89,-31.4,0,False,230.33,246.0,215.0,3.0,strong_buy,26.2,80.02,-56.1,49.6,-72.8,2.98,5.44,1.15,41.8,2.11,0.61,,,,-0.3,178.0,2027-02-11,False,False,8,STRONG,3.77,37.5,,52.0,,,,2026-08-17T04:43:54.067041
TW,Tradeweb Markets Inc.,56.0,⭐ AVERAGE,🟡 Average,USD,USD,False,True,False,0.5279,"acciones × precio no cuadra con la capitalización (ratio 0.5279): el dato por acción y el precio no están en la misma unidad — típico de ADR. Los ratios por acción (EPS, FCF/acción, DCF) no son utilizables",65.0,50.0,24.0,85.0,65.0,15.0,15.5,False,up,-2.3,True,1,9.9,False,0,"{'eps_growth_yoy': -2.3, 'positive_quarters': 4, 'earnings_accelerating': True, 'eps_accel_quarters': 1, 'profit_margin_pct': 40.7}","{'revenue_growth_yoy': 9.9, 'revenue_accelerating': False, 'rev_accel_quarters': 0}","{'rs_3m': -7.8, 'rs_6m': -23.2, 'rs_line_percentile': 15.5, 'rs_line_at_new_high': False, 'rs_line_trend': 'up', 'rs_line_score': 15}","{'roe_pct': 14.5, 'debt_to_equity': 0.02, 'current_ratio': 6.79, 'operating_margin_pct': 43.8}","{'days_to_earnings': 'N/A', 'recommendation': 'buy', 'analyst_upside_pct': 16.5}",106.29,22961643520,Financial Services,Capital Markets,3.4,2.1,False,131.1,-18.9,3,False,123.86,178.0,98.0,14.0,buy,16.5,,,,,4.64,9.34,0.53,12.4,0.56,0.4,True,-1.5,633.6,13.8,73.0,2026-10-29,False,False,8,STRONG,5.55,57.1,1.18,42.1,,,,2026-08-17T04:45:08.019086
AI.PA,L'Air Liquide S.A.,55.4,⭐ AVERAGE,🟡 Average,EUR,EUR,False,True,True,1.0,"FCF declarado (264,437,504) se aparta del derivado de flujo operativo menos capex (1,652,500,160)",55.0,50.0,54.5,60.0,65.0,,,,,,,0,,,0,{'profit_margin_pct': 13.1},{},"{'rs_3m': 0.8, 'rs_6m': -2.9}","{'roe_pct': 14.0, 'debt_to_equity': 0.63, 'current_ratio': 0.88, 'operating_margin_pct': 20.1}","{'days_to_earnings': 'N/A', 'recommendation': 'strong_buy', 'analyst_upside_pct': 16.8}",168.26,107092443136,Basic Materials,Specialty Chemicals,,,False,182.26,-7.7,5,False,196.47,216.0,160.0,20.0,strong_buy,16.8,6.11,-96.4,55.5,-67.0,0.25,0.42,2.0,60.5,3.36,1.83,,,,0.7,185.0,2027-02-18,False,False,7,NEUTRAL,4.04,18.8,33.33,13.4,,,,2026-08-17T04:43:38.960874
MKC,"McCormick & Company, Incorporated",55.1,⭐ AVERAGE,🟡 Average,USD,USD,False,True,False,0.945,"acciones × precio no cuadra con la capitalización (ratio 0.9450): el dato por acción y el precio no están en la misma unidad — típico de ADR. Los ratios por acción (EPS, FCF/acción, DCF) no son utilizables | FCF declarado (714,025,024) se aparta del derivado de flujo operativo menos capex (1,009,700",55.0,70.0,30.3,60.0,60.0,15.0,20.4,False,up,-33.4,False,0,12.3,True,1,"{'eps_growth_yoy': -33.4, 'positive_quarters': 4, 'earnings_accelerating': False, 'eps_accel_quarters': 0, 'profit_margin_pct': 21.9}","{'revenue_growth_yoy': 12.3, 'revenue_accelerating': True, 'rev_accel_quarters': 1}","{'rs_3m': 15.7, 'rs_6m': -35.6, 'rs_line_percentile': 20.4, 'rs_line_at_new_high': False, 'rs_line_trend': 'up', 'rs_line_score': 15}","{'roe_pct': 24.7, 'debt_to_equity': 0.65, 'current_ratio': 0.78, 'operating_margin_pct': 17.4}","{'days_to_earnings': 'N/A', 'recommendation': 'buy', 'analyst_upside_pct': 10.9}",54.67,14698114048,Consumer Defensive,Packaged Foods,,0.0,False,72.58,-24.7,2,False,60.62,75.0,52.0,13.0,buy,10.9,,,,,4.86,2.81,3.51,30.9,1.92,2.11,True,-0.19,5.5,-9.9,50.0,2026-10-06,False,False,6,NEUTRAL,5.58,66.6,,30.3,0.8,0.03,-29.5,2026-08-17T04:50:13.142995
ABT,Abbott Laboratories,54.6,⭐ AVERAGE,🟡 Average,USD,USD,False,True,True,1.0,,50.0,50.0,53.0,70.0,60.0,35.0,34.2,False,up,-39.5,False,0,0.2,False,0,"{'eps_growth_yoy': -39.5, 'positive_quarters': 4, 'earnings_accelerating': False, 'eps_accel_quarters': 0, 'profit_margin_pct': 11.6}","{'revenue_growth_yoy': 0.2, 'revenue_accelerating': False, 'rev_accel_quarters': 0}","{'rs_3m': 27.3, 'rs_6m': -14.4, 'rs_line_percentile': 34.2, 'rs_line_at_new_high': False, 'rs_line_trend': 'up', 'rs_line_score': 35}","{'roe_pct': 10.6, 'debt_to_equity': 0.63, 'current_ratio': 1.38, 'operating_margin_pct': 14.7}","{'days_to_earnings': 'N/A', 'recommendation': 'buy', 'analyst_upside_pct': 7.3}",111.25,192505151488,Healthcare,Medical Devices,1.5,1.8,False,137.49,-19.1,4,False,119.4,135.0,103.0,25.0,buy,7.3,61.3,-44.9,30.9,-72.2,3.74,4.17,2.27,79.0,2.52,1.82,True,-0.41,15.4,-47.5,58.0,2026-10-14,False,False,6,NEUTRAL,4.07,42.0,,20.6,,,,2026-08-17T04:48:22.408473
LIN,Linde plc,54.5,⭐ AVERAGE,🟡 Average,USD,USD,False,True,True,1.0,,55.0,60.0,36.0,65.0,60.0,15.0,23.4,False,down,-0.1,False,0,7.8,True,1,"{'eps_growth_yoy': -0.1, 'positive_quarters': 4, 'earnings_accelerating': False, 'eps_accel_quarters': 0, 'profit_margin_pct': 20.4}","{'revenue_growth_yoy': 7.8, 'revenue_accelerating': True, 'rev_accel_quarters': 1}","{'rs_3m': -10.9, 'rs_6m': -10.5, 'rs_line_percentile': 23.4, 'rs_line_at_new_high': False, 'rs_line_trend': 'down', 'rs_line_score': 15}","{'roe_pct': 18.4, 'debt_to_equity': 0.69, 'current_ratio': 0.88, 'operating_margin_pct': 28.1}","{'days_to_earnings': 'N/A', 'recommendation': 'buy', 'analyst_upside_pct': 13.4}",482.74,222533550080,Basic Materials,Specialty Chemicals,1.2,2.6,False,548.2,-11.9,4,False,547.24,612.0,400.0,25.0,buy,13.4,187.6,-61.1,175.15,-63.7,1.87,9.03,1.33,40.0,6.4,1.3,True,-1.82,21.3,11.3,74.0,2026-10-30,False,False,5,NEUTRAL,3.79,31.9,2.18,25.8,0.4,0.02,-25.4,2026-08-17T04:42:49.845557
NDSN,Nordson Corporation,54.1,⭐ AVERAGE,🟡 Average,USD,USD,False,True,True,1.0,,50.0,40.0,56.7,85.0,50.0,60.0,62.8,False,up,-6.7,False,0,-0.1,True,1,"{'eps_growth_yoy': -6.7, 'positive_quarters': 4, 'earnings_accelerating': False, 'eps_accel_quarters': 0, 'profit_margin_pct': 18.2}","{'revenue_growth_yoy': -0.1, 'revenue_accelerating': True, 'rev_accel_quarters': 1}","{'rs_3m': 4.8, 'rs_6m': -9.5, 'rs_line_percentile': 62.8, 'rs_line_at_new_high': False, 'rs_line_trend': 'up', 'rs_line_score': 60}","{'roe_pct': 17.1, 'debt_to_equity': 0.62, 'current_ratio': 2.6, 'operating_margin_pct': 23.5}","{'days_to_earnings': 'N/A', 'recommendation': 'none', 'analyst_upside_pct': 2.6}",308.72,17201244160,Industrials,Specialty Industrial Machinery,3.4,4.8,False,315.68,-2.2,7,True,316.86,345.0,260.0,7.0,none,2.6,173.01,-44.0,93.5,-69.7,3.34,10.31,1.06,34.6,3.28,1.08,True,-1.68,7.7,3.0,2.0,2026-08-19,True,False,7,NEUTRAL,3.68,65.0,4.03,21.2,0.4,0.02,-20.8,2026-08-17T04:49:26.694988
DPZ,Domino's Pizza Inc,54.1,⭐ AVERAGE,🟡 Average,USD,USD,False,True,True,1.0,,60.0,60.0,26.7,65.0,60.0,15.0,17.8,False,up,-2.6,True,1,4.1,True,1,"{'eps_growth_yoy': -2.6, 'positive_quarters': 4, 'earnings_accelerating': True, 'eps_accel_quarters': 1, 'profit_margin_pct': 11.9}","{'revenue_growth_yoy': 4.1, 'revenue_accelerating': True, 'rev_accel_quarters': 1}","{'rs_3m': 7.0, 'rs_6m': -24.6, 'rs_line_percentile': 17.8, 'rs_line_at_new_high': False, 'rs_line_trend': 'up', 'rs_line_score': 15}","{'current_ratio': 1.54, 'operating_margin_pct': 19.1}","{'days_to_earnings': 'N/A', 'recommendation': 'buy', 'analyst_upside_pct': 9.8}",346.27,11455212544,Consumer Cyclical,Restaurants,10.9,3.2,True,469.0,-26.2,1,False,380.29,450.0,270.0,28.0,buy,9.8,277.55,-19.8,176.3,-49.1,4.64,16.07,2.3,42.3,7.96,1.25,True,-3.4,4.9,4.8,57.0,2026-10-13,False,False,8,STRONG,5.89,107.8,2.44,37.5,0.8,0.02,-36.7,2026-08-17T04:51:55.900804
GVDNY,Givaudan SA,53.8,⭐ AVERAGE,🟡 Average,USD,CHF,True,True,True,1.0,"FCF declarado (746,477,939) se aparta del derivado de flujo operativo menos capex (1,479,767,822)",55.0,50.0,46.7,70.0,50.0,35.0,28.0,False,up,,,0,,,0,{'profit_margin_pct': 12.9},{},"{'rs_3m': 8.2, 'rs_6m': -12.6, 'rs_line_percentile': 28.0, 'rs_line_at_new_high': False, 'rs_line_trend': 'up', 'rs_line_score': 35}","{'roe_pct': 22.3, 'debt_to_equity': 1.11, 'current_ratio': 1.29, 'operating_margin_pct': 18.8}","{'days_to_earnings': 'N/A', 'recommendation': 'none', 'analyst_upside_pct': 7.2}",80.46,37137588224,Basic Materials,Specialty Chemicals,,,False,90.69,-11.3,3,False,86.24,98.69,73.78,2.0,none,7.2,23.8,-70.4,25.3,-68.6,2.01,1.62,2.27,71.1,1.82,1.88,,,,-10.0,163.0,2027-01-27,False,False,7,NEUTRAL,3.4,34.8,,31.3,,,,2026-08-17T04:44:57.890146
WTKWY,Wolters Kluwer N.V.,53.5,⭐ AVERAGE,🟡 Average,USD,EUR,True,True,True,1.0,,60.0,50.0,42.3,50.0,70.0,15.0,14.7,False,up,,,0,,,0,{'profit_margin_pct': 21.9},{},"{'rs_3m': 11.2, 'rs_6m': -7.7, 'rs_line_percentile': 14.7, 'rs_line_at_new_high': False, 'rs_line_trend': 'up', 'rs_line_score': 15}","{'roe_pct': 146.1, 'debt_to_equity': 5.9, 'current_ratio': 0.69, 'operating_margin_pct': 26.9}","{'days_to_earnings': 'N/A', 'recommendation': 'strong_buy', 'analyst_upside_pct': 34.2}",80.94,18031095808,Industrials,Specialty Business Services,,,False,138.76,-41.7,1,False,108.6,108.6,108.6,1.0,strong_buy,34.2,122.35,51.2,67.5,-16.6,8.02,6.49,3.72,43.1,3.01,1.85,,,,4.5,,,False,False,7,NEUTRAL,7.98,668.9,1.27,52.5,,,,2026-08-17T04:42:24.868750
RELX,RELX PLC,53.5,⭐ AVERAGE,🟡 Average,USD,GBP,True,True,True,1.0,,60.0,50.0,42.3,50.0,70.0,15.0,14.3,False,down,,,0,,,0,{'profit_margin_pct': 23.3},{},"{'rs_3m': 0.6, 'rs_6m': 6.3, 'rs_line_percentile': 14.3, 'rs_line_at_new_high': False, 'rs_line_trend': 'down', 'rs_line_score': 15}","{'roe_pct': 131.9, 'debt_to_equity': 7.1, 'current_ratio': 0.45, 'operating_margin_pct': 32.0}","{'days_to_earnings': 'N/A', 'recommendation': 'strong_buy', 'analyst_upside_pct': 54.1}",34.43,60030398464,Industrials,Specialty Business Services,0.2,1.3,False,48.98,-29.7,1,False,53.05,57.0,49.1,2.0,strong_buy,54.1,59.76,73.6,40.82,18.6,5.04,1.74,2.65,53.4,0.91,2.01,,,,12.2,178.0,2027-02-11,False,False,7,NEUTRAL,1.21,1901.3,0.66,41.4,1.6,0.04,-39.8,2026-08-17T04:42:20.556858
LRLCY,L'Oréal S.A.,52.7,⭐ AVERAGE,🟡 Average,USD,EUR,True,True,True,1.0,,55.0,50.0,36.0,70.0,60.0,15.0,3.4,False,down,,,0,,,0,{'profit_margin_pct': 13.9},{},"{'rs_3m': -1.2, 'rs_6m': -18.4, 'rs_line_percentile': 3.4, 'rs_line_at_new_high': False, 'rs_line_trend': 'down', 'rs_line_score': 15}","{'roe_pct': 19.4, 'debt_to_equity': 0.49, 'current_ratio': 0.97, 'operating_margin_pct': 21.3}","{'days_to_earnings': 'N/A', 'recommendation': 'strong_buy', 'analyst_upside_pct': 13.7}",87.71,233593585664,Consumer Defensive,Household & Personal Products,,,False,95.48,-8.1,5,False,99.73,102.2,97.0,3.0,strong_buy,13.7,45.36,-48.3,27.2,-69.0,3.17,2.78,1.92,61.1,1.68,1.55,,,,5.4,176.0,2027-02-09,False,False,6,NEUTRAL,3.61,69.9,4.62,20.7,,,,2026-08-17T04:46:07.946608
HRI,Herc Holdings Inc.,52.2,⭐ AVERAGE,🟡 Average,USD,USD,False,True,True,1.0,"FCF declarado (502,875,008) se aparta del derivado de flujo operativo menos capex (10,000,000)",48.0,50.0,63.0,45.0,60.0,60.0,69.7,False,up,-36.7,True,1,-7.7,True,2,"{'eps_growth_yoy': -36.7, 'positive_quarters': 3, 'earnings_accelerating': True, 'eps_accel_quarters': 1, 'profit_margin_pct': 1.0}","{'revenue_growth_yoy': -7.7, 'revenue_accelerating': True, 'rev_accel_quarters': 2}","{'rs_3m': 22.1, 'rs_6m': -17.6, 'rs_line_percentile': 69.7, 'rs_line_at_new_high': False, 'rs_line_trend': 'up', 'rs_line_score': 60}","{'roe_pct': 2.6, 'debt_to_equity': 5.06, 'current_ratio': 1.1, 'operating_margin_pct': 12.2}","{'days_to_earnings': 'N/A', 'recommendation': 'buy', 'analyst_upside_pct': 5.5}",173.51,5800689664,Industrials,Rental & Leasing Services,8.1,3.6,True,188.35,-7.9,6,False,183.08,240.0,115.0,12.0,buy,5.5,443.73,155.7,34.34,-80.2,8.67,15.04,1.61,164.7,2.8,,False,,1.1,,71.0,2026-10-27,False,False,3,NEUTRAL,2.72,4.9,0.48,64.5,0.8,0.01,-63.7,2026-08-17T04:53:00.160290
AZO,"AutoZone, Inc.",52.0,⭐ AVERAGE,🟡 Average,USD,USD,False,True,True,,"FCF declarado (903,784,256) se aparta del derivado de flujo operativo menos capex (1,745,085,016)",70.0,50.0,24.0,45.0,70.0,15.0,0.2,False,down,-23.4,True,2,-22.5,True,2,"{'eps_growth_yoy': -23.4, 'positive_quarters': 4, 'earnings_accelerating': True, 'eps_accel_quarters': 2, 'profit_margin_pct': 12.4}","{'revenue_growth_yoy': -22.5, 'revenue_accelerating': True, 'rev_accel_quarters': 2}","{'rs_3m': -16.6, 'rs_6m': -31.9, 'rs_line_percentile': 0.2, 'rs_line_at_new_high': False, 'rs_line_trend': 'down', 'rs_line_score': 15}","{'current_ratio': 0.89, 'operating_margin_pct': 19.1}","{'days_to_earnings': 'N/A', 'recommendation': 'strong_buy', 'analyst_upside_pct': 30.6}",3025.0,0,Consumer Cyclical,Auto Parts,3.0,2.0,False,4388.11,-31.1,0,False,3950.52,4800.0,3200.0,23.0,strong_buy,30.6,,,1455.0,-51.9,,,,,,,False,,7.5,7.7,36.0,2026-09-22,False,False,6,NEUTRAL,5.82,35.3,2.24,30.7,,,,2026-08-17T04:46:32.501094
TJX,"The TJX Companies, Inc.",52.0,⭐ AVERAGE,🟡 Average,USD,USD,False,True,True,1.0,,65.0,30.0,36.0,75.0,65.0,15.0,0.0,False,down,7.2,False,0,-0.5,False,0,"{'eps_growth_yoy': 7.2, 'positive_quarters': 4, 'earnings_accelerating': False, 'eps_accel_quarters': 0, 'profit_margin_pct': 9.4}","{'revenue_growth_yoy': -0.5, 'revenue_accelerating': False, 'rev_accel_quarters': 0}","{'rs_3m': -1.2, 'rs_6m': -12.6, 'rs_line_percentile': 0.0, 'rs_line_at_new_high': False, 'rs_line_trend': 'down', 'rs_line_score': 15}","{'roe_pct': 61.3, 'debt_to_equity': 1.36, 'current_ratio': 1.14, 'operating_margin_pct': 11.8}","{'days_to_earnings': 'N/A', 'recommendation': 'strong_buy', 'analyst_upside_pct': 16.6}",152.11,168036581376,Consumer Cyclical,Apparel Retail,1.8,3.9,False,170.0,-10.5,4,False,177.4,197.0,125.0,20.0,strong_buy,16.6,161.5,6.2,150.6,-1.0,2.57,3.91,1.26,33.1,1.92,1.34,True,-1.5,104.7,29.3,2.0,2026-08-19,True,False,7,NEUTRAL,4.17,36.2,0.9,22.5,,,,2026-08-17T04:49:54.282248
COST,Costco Wholesale Corporation,51.5,⭐ AVERAGE,🟡 Average,USD,USD,False,True,True,1.0,"FCF declarado (6,954,375,168) se aparta del derivado de flujo operativo menos capex (9,502,000,512)",65.0,30.0,36.0,75.0,60.0,15.0,7.2,False,down,-16.0,True,2,-18.1,False,0,"{'eps_growth_yoy': -16.0, 'positive_quarters': 4, 'earnings_accelerating': True, 'eps_accel_quarters': 2, 'profit_margin_pct': 3.0}","{'revenue_growth_yoy': -18.1, 'revenue_accelerating': False, 'rev_accel_quarters': 0}","{'rs_3m': -13.5, 'rs_6m': -19.8, 'rs_line_percentile': 7.2, 'rs_line_at_new_high': False, 'rs_line_trend': 'down', 'rs_line_score': 15}","{'roe_pct': 29.2, 'debt_to_equity': 0.6, 'current_ratio': 1.07, 'operating_margin_pct': 3.7}","{'days_to_earnings': 'N/A', 'recommendation': 'buy', 'analyst_upside_pct': 12.1}",961.1,426227466240,Consumer Defensive,Discount Stores,1.7,3.3,False,1096.5,-12.3,4,False,1077.31,1315.0,740.0,35.0,buy,12.1,665.02,-30.8,596.7,-37.9,1.63,15.68,0.61,27.0,5.88,0.59,True,-0.21,81.5,31.8,38.0,2026-09-24,False,False,7,NEUTRAL,2.58,30.6,0.93,14.7,,,,2026-08-17T04:43:18.617931
ERIE,Erie Indemnity Company,51.3,⭐ AVERAGE,🟡 Average,USD,USD,False,True,False,0.8833,"acciones × precio no cuadra con la capitalización (ratio 0.8833): el dato por acción y el precio no están en la misma unidad — típico de ADR. Los ratios por acción (EPS, FCF/acción, DCF) no son utilizables",50.0,50.0,30.3,85.0,50.0,15.0,19.6,False,up,-1.4,False,0,0.8,False,0,"{'eps_growth_yoy': -1.4, 'positive_quarters': 4, 'earnings_accelerating': False, 'eps_accel_quarters': 0, 'profit_margin_pct': 14.0}","{'revenue_growth_yoy': 0.8, 'revenue_accelerating': False, 'rev_accel_quarters': 0}","{'rs_3m': 12.5, 'rs_6m': -21.5, 'rs_line_percentile': 19.6, 'rs_line_at_new_high': False, 'rs_line_trend': 'up', 'rs_line_score': 15}","{'roe_pct': 24.8, 'debt_to_equity': 0.03, 'current_ratio': 1.25, 'operating_margin_pct': 19.1}","{'days_to_earnings': 'N/A', 'recommendation': 'none'}",255.99,13385683968,Financial Services,Insurance Brokers,11.4,9.5,True,368.8,-30.6,2,False,,,,,none,,,,,,3.59,10.42,2.29,64.6,5.85,1.8,False,,,1.6,73.0,2026-10-29,False,False,4,NEUTRAL,,,5.71,67.2,1.6,0.02,-65.6,2026-08-17T04:45:53.010618
NVR,"NVR, Inc.",51.1,⭐ AVERAGE,🟡 Average,USD,USD,False,True,True,1.0,,60.0,40.0,26.7,85.0,50.0,15.0,10.0,False,flat,-31.0,True,1,-10.9,True,1,"{'eps_growth_yoy': -31.0, 'positive_quarters': 4, 'earnings_accelerating': True, 'eps_accel_quarters': 1, 'profit_margin_pct': 11.8}","{'revenue_growth_yoy': -10.9, 'revenue_accelerating': True, 'rev_accel_quarters': 1}","{'rs_3m': 3.5, 'rs_6m': -36.5, 'rs_line_percentile': 10.0, 'rs_line_at_new_high': False, 'rs_line_trend': 'flat', 'rs_line_score': 15}","{'roe_pct': 31.5, 'debt_to_equity': 0.32, 'current_ratio': 5.67, 'operating_margin_pct': 13.9}","{'days_to_earnings': 'N/A', 'recommendation': 'none', 'analyst_upside_pct': 7.5}",6307.93,16893601792,Consumer Cyclical,Residential Construction,6.5,3.8,False,8618.28,-26.8,0,False,6782.0,7446.0,5664.0,5.0,none,7.5,5045.39,-20.0,3847.8,-39.0,5.44,342.89,,,,,True,-10.56,52.9,-11.3,65.0,2026-10-21,False,False,5,NEUTRAL,10.66,41.3,,35.2,,,,2026-08-17T04:51:36.607923
CHTR,"Charter Communications, Inc.",50.8,⭐ AVERAGE,🟡 Average,USD,USD,False,True,False,0.885,"acciones × precio no cuadra con la capitalización (ratio 0.8850): el dato por acción y el precio no están en la misma unidad — típico de ADR. Los ratios por acción (EPS, FCF/acción, DCF) no son utilizables | FCF declarado (2,198,374,912) se aparta del derivado de flujo operativo menos capex (4,810,9",85.0,30.0,24.0,50.0,55.0,15.0,11.9,False,up,13.6,True,1,-1.1,False,0,"{'eps_growth_yoy': 13.6, 'positive_quarters': 4, 'earnings_accelerating': True, 'eps_accel_quarters': 1, 'profit_margin_pct': 9.1}","{'revenue_growth_yoy': -1.1, 'revenue_accelerating': False, 'rev_accel_quarters': 0}","{'rs_3m': -1.0, 'rs_6m': -52.3, 'rs_line_percentile': 11.9, 'rs_line_at_new_high': False, 'rs_line_trend': 'up', 'rs_line_score': 15}","{'roe_pct': 27.2, 'debt_to_equity': 4.42, 'current_ratio': 0.36, 'operating_margin_pct': 23.5}","{'days_to_earnings': 'N/A', 'recommendation': 'hold', 'analyst_upside_pct': 19.5}",154.27,20792123392,Communication Services,Telecom Services,50.4,7.2,True,285.82,-46.0,2,False,184.41,380.0,101.0,17.0,hold,19.5,,,,,10.57,18.43,,,,,True,-22.88,2.5,6.4,74.0,2026-10-30,False,False,7,NEUTRAL,10.46,26.9,0.22,54.0,0.8,0.01,-53.2,2026-08-17T04:51:31.879169
KHC,The Kraft Heinz Company,49.0,⚠️ WEAK,🔴 Weak,USD,USD,False,True,True,1.0,,38.0,60.0,46.7,55.0,50.0,35.0,29.2,False,up,-987.8,False,0,0.4,True,1,"{'eps_growth_yoy': -987.8, 'positive_quarters': 3, 'earnings_accelerating': False, 'eps_accel_quarters': 0, 'profit_margin_pct': -13.6}","{'revenue_growth_yoy': 0.4, 'revenue_accelerating': True, 'rev_accel_quarters': 1}","{'rs_3m': 8.0, 'rs_6m': -8.0, 'rs_line_percentile': 29.2, 'rs_line_at_new_high': False, 'rs_line_trend': 'up', 'rs_line_score': 35}","{'roe_pct': -8.8, 'debt_to_equity': 0.53, 'current_ratio': 1.06, 'operating_margin_pct': 15.5}","{'days_to_earnings': 'N/A', 'recommendation': 'hold', 'analyst_upside_pct': -1.9}",25.51,30250364928,Consumer Defensive,Packaged Foods,10.0,6.5,True,28.1,-9.2,5,False,25.03,40.0,19.0,17.0,hold,-1.9,40.33,58.1,,,10.75,2.74,6.27,73.1,1.6,4.9,True,-0.09,6.1,,72.0,2026-10-28,False,False,5,NEUTRAL,-9.63,-51.9,6.3,35.6,,,,2026-08-17T04:51:11.154496
WMT,Walmart Inc.,48.5,⚠️ WEAK,🔴 Weak,USD,USD,False,True,True,1.0,"FCF declarado (6,862,249,984) se aparta del derivado de flujo operativo menos capex (14,249,998,208)",55.0,50.0,24.0,55.0,65.0,15.0,7.4,False,down,-24.1,True,1,0.2,False,0,"{'eps_growth_yoy': -24.1, 'positive_quarters': 4, 'earnings_accelerating': True, 'eps_accel_quarters': 1, 'profit_margin_pct': 3.1}","{'revenue_growth_yoy': 0.2, 'revenue_accelerating': False, 'rev_accel_quarters': 0}","{'rs_3m': -17.6, 'rs_6m': -28.0, 'rs_line_percentile': 7.4, 'rs_line_at_new_high': False, 'rs_line_trend': 'down', 'rs_line_score': 15}","{'roe_pct': 24.1, 'debt_to_equity': 0.75, 'current_ratio': 0.77, 'operating_margin_pct': 4.2}","{'days_to_earnings': 'N/A', 'recommendation': 'buy', 'analyst_upside_pct': 19.7}",115.27,917327708160,Consumer Defensive,Discount Stores,1.6,3.2,False,135.16,-14.7,4,False,137.97,155.0,81.0,40.0,buy,19.7,24.67,-78.6,55.1,-52.2,0.75,0.86,0.86,33.5,0.99,1.26,True,-0.61,11.7,19.4,3.0,2026-08-20,True,False,7,NEUTRAL,3.26,20.6,1.81,19.9,,,,2026-08-17T04:45:37.845399
CL,Colgate-Palmolive Company,48.5,⚠️ WEAK,🔴 Weak,USD,USD,False,True,True,1.0,,38.0,50.0,44.0,65.0,60.0,35.0,28.0,False,up,-5.7,False,0,4.5,False,0,"{'eps_growth_yoy': -5.7, 'positive_quarters': 3, 'earnings_accelerating': False, 'eps_accel_quarters': 0, 'profit_margin_pct': 9.7}","{'revenue_growth_yoy': 4.5, 'revenue_accelerating': False, 'rev_accel_quarters': 0}","{'rs_3m': -1.2, 'rs_6m': -17.7, 'rs_line_percentile': 28.0, 'rs_line_at_new_high': False, 'rs_line_trend': 'up', 'rs_line_score': 35}","{'roe_pct': 267.4, 'debt_to_equity': 13.88, 'current_ratio': 1.03, 'operating_margin_pct': 21.0}","{'days_to_earnings': 'N/A', 'recommendation': 'buy', 'analyst_upside_pct': 7.6}",91.95,73300033536,Consumer Defensive,Household & Personal Products,2.5,4.0,False,99.33,-7.4,6,False,98.95,110.0,87.0,20.0,buy,7.6,63.83,-30.6,25.4,-72.4,4.72,4.34,2.31,82.3,2.12,2.32,True,-1.76,12.5,-3.8,74.0,2026-10-30,False,False,5,NEUTRAL,4.16,71.4,,21.0,,,,2026-08-17T04:49:11.543353
LEN,Lennar Corporation,47.3,⚠️ WEAK,🔴 Weak,USD,USD,False,True,False,0.8738,"acciones × precio no cuadra con la capitalización (ratio 0.8738): el dato por acción y el precio no están en la misma unidad — típico de ADR. Los ratios por acción (EPS, FCF/acción, DCF) no son utilizables | FCF declarado (1,077,926,016) se aparta del derivado de flujo operativo menos capex (694,361",55.0,40.0,26.7,70.0,50.0,15.0,2.3,False,down,-48.4,True,1,-9.9,True,1,"{'eps_growth_yoy': -48.4, 'positive_quarters': 4, 'earnings_accelerating': True, 'eps_accel_quarters': 1, 'profit_margin_pct': 4.9}","{'revenue_growth_yoy': -9.9, 'revenue_accelerating': True, 'rev_accel_quarters': 1}","{'rs_3m': 0.8, 'rs_6m': -42.7, 'rs_line_percentile': 2.3, 'rs_line_at_new_high': False, 'rs_line_trend': 'down', 'rs_line_score': 15}","{'roe_pct': 7.4, 'debt_to_equity': 0.29, 'current_ratio': 8.51, 'operating_margin_pct': 5.3}","{'days_to_earnings': 'N/A', 'recommendation': 'hold', 'analyst_upside_pct': -0.7}",86.83,20916924416,Consumer Cyclical,Residential Construction,0.3,0.2,False,144.24,-39.8,0,False,86.23,120.0,67.0,13.0,hold,-0.7,,,,,5.15,5.12,2.3,31.4,2.0,1.48,True,-5.97,,-12.6,31.0,2026-09-17,False,False,4,NEUTRAL,10.81,11.2,,39.1,0.4,0.01,-38.7,2026-08-17T04:52:11.099353
BN,Brookfield Corporation,47.0,⚠️ WEAK,🔴 Weak,USD,USD,False,True,True,1.0,"FCF declarado (-1,981,124,992) se aparta del derivado de flujo operativo menos capex (-5,409,000,448)",45.0,50.0,24.0,65.0,65.0,15.0,3.8,False,down,-62.5,False,0,2.7,False,0,"{'eps_growth_yoy': -62.5, 'positive_quarters': 4, 'earnings_accelerating': False, 'eps_accel_quarters': 0, 'profit_margin_pct': 1.8}","{'revenue_growth_yoy': 2.7, 'revenue_accelerating': False, 'rev_accel_quarters': 0}","{'rs_3m': -12.9, 'rs_6m': -22.2, 'rs_line_percentile': 3.8, 'rs_line_at_new_high': False, 'rs_line_trend': 'down', 'rs_line_score': 15}","{'roe_pct': 2.3, 'debt_to_equity': 1.61, 'current_ratio': 1.01, 'operating_margin_pct': 25.7}","{'days_to_earnings': 'N/A', 'recommendation': 'buy', 'analyst_upside_pct': 24.5}",43.85,97943166976,Financial Services,Asset Management,,5.3,False,49.57,-11.5,2,False,54.6,61.0,31.0,10.0,buy,24.5,,,16.2,-63.1,-2.02,-0.89,0.64,48.2,0.28,0.87,True,-1.08,1.3,40.3,87.0,2026-11-12,False,False,6,NEUTRAL,4.51,12.9,0.19,24.3,0.4,0.02,-23.9,2026-08-17T04:52:16.191542
CLPBY,Coloplast A/S,46.5,⚠️ WEAK,🔴 Weak,USD,DKK,True,True,False,0.9201,"acciones × precio no cuadra con la capitalización (ratio 0.9201): el dato por acción y el precio no están en la misma unidad — típico de ADR. Los ratios por acción (EPS, FCF/acción, DCF) no son utilizables | FCF declarado (651,538,617) se aparta del derivado de flujo operativo menos capex (-168,747,",38.0,50.0,24.0,75.0,65.0,15.0,12.4,False,up,-206.5,False,0,2.2,False,0,"{'eps_growth_yoy': -206.5, 'positive_quarters': 3, 'earnings_accelerating': False, 'eps_accel_quarters': 0, 'profit_margin_pct': 7.5}","{'revenue_growth_yoy': 2.2, 'revenue_accelerating': False, 'rev_accel_quarters': 0}","{'rs_3m': -0.2, 'rs_6m': -27.4, 'rs_line_percentile': 12.4, 'rs_line_at_new_high': False, 'rs_line_trend': 'up', 'rs_line_score': 15}","{'roe_pct': 14.1, 'debt_to_equity': 1.89, 'current_ratio': 1.75, 'operating_margin_pct': 25.7}","{'days_to_earnings': 'N/A', 'recommendation': 'buy', 'analyst_upside_pct': 23.8}",6.68,15054500864,Healthcare,Medical Instruments & Supplies,,,False,10.03,-33.4,1,False,8.27,12.2,6.5,4.0,buy,23.8,,,,,4.33,0.31,5.39,244.9,0.36,2.72,False,,3.9,,,,False,False,7,NEUTRAL,18.82,105.6,0.44,38.5,,,,2026-08-17T04:45:58.189482
ESLOY,EssilorLuxottica Société anonyme,46.5,⚠️ WEAK,🔴 Weak,USD,EUR,True,True,True,1.0,,50.0,50.0,24.0,55.0,60.0,15.0,0.0,False,down,,,0,,,0,{'profit_margin_pct': 8.5},{},"{'rs_3m': -8.9, 'rs_6m': -50.0, 'rs_line_percentile': 0.0, 'rs_line_at_new_high': False, 'rs_line_trend': 'down', 'rs_line_score': 15}","{'roe_pct': 6.7, 'debt_to_equity': 0.38, 'current_ratio': 0.89, 'operating_margin_pct': 15.4}","{'days_to_earnings': 'N/A', 'recommendation': 'none', 'analyst_upside_pct': 52.6}",94.05,86449176576,Healthcare,Medical Instruments & Supplies,,,False,186.81,-49.7,0,False,143.5,148.0,139.0,2.0,none,52.6,89.66,-4.7,37.88,-59.7,4.41,4.14,2.46,74.3,2.32,1.55,,,,6.2,,,False,False,4,NEUTRAL,3.49,34.6,1.72,32.9,,,,2026-08-17T04:49:49.587053
PG,Procter & Gamble Company (The),46.3,⚠️ WEAK,🔴 Weak,USD,USD,False,True,True,1.0,,50.0,40.0,24.0,70.0,60.0,15.0,3.5,False,flat,-35.9,False,0,-5.3,True,1,"{'eps_growth_yoy': -35.9, 'positive_quarters': 4, 'earnings_accelerating': False, 'eps_accel_quarters': 0, 'profit_margin_pct': 18.4}","{'revenue_growth_yoy': -5.3, 'revenue_accelerating': True, 'rev_accel_quarters': 1}","{'rs_3m': -2.4, 'rs_6m': -22.8, 'rs_line_percentile': 3.5, 'rs_line_at_new_high': False, 'rs_line_trend': 'flat', 'rs_line_score': 15}","{'roe_pct': 30.3, 'debt_to_equity': 0.64, 'current_ratio': 0.68, 'operating_margin_pct': 22.1}","{'days_to_earnings': 'N/A', 'recommendation': 'buy', 'analyst_upside_pct': 11.1}",144.55,335996813312,Consumer Defensive,Household & Personal Products,1.2,3.1,False,167.25,-13.6,3,False,160.57,186.0,143.0,23.0,buy,11.1,84.07,-41.8,66.2,-54.2,3.95,5.71,3.01,64.3,4.35,2.49,True,-1.5,24.3,-10.8,66.0,2026-10-22,False,False,6,NEUTRAL,5.87,83.8,,15.3,0.4,0.03,-14.9,2026-08-17T04:44:47.514516
TEVA,Teva Pharmaceutical Industries Limited,43.5,⚠️ WEAK,🔴 Weak,USD,USD,False,True,True,1.0,"FCF declarado (2,219,875,072) se aparta del derivado de flujo operativo menos capex (1,397,000,000)",38.0,40.0,62.0,25.0,60.0,80.0,78.1,False,up,-233.0,False,0,-7.5,True,1,"{'eps_growth_yoy': -233.0, 'positive_quarters': 3, 'earnings_accelerating': False, 'eps_accel_quarters': 0, 'profit_margin_pct': 4.1}","{'revenue_growth_yoy': -7.5, 'revenue_accelerating': True, 'rev_accel_quarters': 1}","{'rs_3m': -3.9, 'rs_6m': -7.3, 'rs_line_percentile': 78.1, 'rs_line_at_new_high': False, 'rs_line_trend': 'up', 'rs_line_score': 80}","{'roe_pct': 9.7, 'debt_to_equity': 2.18, 'current_ratio': 0.88, 'operating_margin_pct': 4.0}","{'days_to_earnings': 'N/A', 'recommendation': 'strong_buy', 'analyst_upside_pct': 12.6}",36.77,42847940608,Healthcare,Drug Manufacturers - Specialty & Generic,3.0,6.2,False,37.39,-1.7,8,True,41.4,50.0,33.0,10.0,strong_buy,12.6,28.03,-23.8,6.0,-83.7,5.18,1.9,,,,2.95,False,,1.8,,79.0,2026-11-04,False,False,8,STRONG,3.81,43.5,0.27,39.8,0.8,0.02,-39.0,2026-08-17T04:52:35.521231
GPK,Graphic Packaging Holding Compa,40.5,⚠️ WEAK,🔴 Weak,USD,USD,False,True,True,1.0,"FCF declarado (237,875,008) se aparta del derivado de flujo operativo menos capex (-129,000,000)",48.0,30.0,26.7,55.0,50.0,15.0,8.0,False,flat,-83.1,True,1,-0.1,False,0,"{'eps_growth_yoy': -83.1, 'positive_quarters': 3, 'earnings_accelerating': True, 'eps_accel_quarters': 1, 'profit_margin_pct': 2.2}","{'revenue_growth_yoy': -0.1, 'revenue_accelerating': False, 'rev_accel_quarters': 0}","{'rs_3m': 8.5, 'rs_6m': -27.4, 'rs_line_percentile': 8.0, 'rs_line_at_new_high': False, 'rs_line_trend': 'flat', 'rs_line_score': 15}","{'roe_pct': 6.0, 'debt_to_equity': 1.76, 'current_ratio': 1.38, 'operating_margin_pct': 4.5}","{'days_to_earnings': 'N/A', 'recommendation': 'hold', 'analyst_upside_pct': 10.4}",11.4,3375215872,Consumer Cyclical,Packaging & Containers,8.3,4.6,True,23.47,-51.4,1,False,12.58,18.0,10.0,11.0,hold,10.4,11.82,3.7,6.5,-43.0,7.05,0.8,3.86,67.7,0.44,1.79,True,-2.19,2.0,-30.6,84.0,2026-11-09,False,False,5,NEUTRAL,9.04,12.6,,42.9,6.3,0.15,-36.6,2026-08-17T04:52:50.403805
KD,"Kyndryl Holdings, Inc.",36.1,⚠️ WEAK,🔴 Weak,USD,USD,False,True,True,1.0,"FCF declarado (2,652,624,896) se aparta del derivado de flujo operativo menos capex (154,000,000)",38.0,30.0,42.3,25.0,50.0,15.0,7.2,False,up,-180.9,False,0,-2.8,False,0,"{'eps_growth_yoy': -180.9, 'positive_quarters': 3, 'earnings_accelerating': False, 'eps_accel_quarters': 0, 'profit_margin_pct': 0.6}","{'revenue_growth_yoy': -2.8, 'revenue_accelerating': False, 'rev_accel_quarters': 0}","{'rs_3m': 13.9, 'rs_6m': -5.8, 'rs_line_percentile': 7.2, 'rs_line_at_new_high': False, 'rs_line_trend': 'up', 'rs_line_score': 15}","{'roe_pct': 6.9, 'debt_to_equity': 4.22, 'current_ratio': 0.85, 'operating_margin_pct': 2.9}","{'days_to_earnings': 'N/A', 'recommendation': 'hold', 'analyst_upside_pct': 7.8}",13.17,2868666368,Technology,Information Technology Services,13.7,7.2,True,33.9,-61.2,2,False,14.2,16.0,13.0,5.0,hold,7.8,179.19,1260.6,3.7,-71.9,92.47,12.18,,,,,True,-12.06,3.4,,78.0,2026-11-03,False,False,6,NEUTRAL,8.68,14.9,0.15,59.6,,,,2026-08-17T04:53:14.699625
