ticker,company_name,fundamental_score,tier,quality,earnings_quality_score,growth_acceleration_score,relative_strength_score,financial_health_score,catalyst_timing_score,rs_line_score,rs_line_percentile,rs_line_at_new_high,rs_line_trend,eps_growth_yoy,eps_accelerating,eps_accel_quarters,rev_growth_yoy,rev_accelerating,rev_accel_quarters,earnings_details,growth_details,rs_details,health_details,catalyst_details,current_price,market_cap,sector,industry,short_percent_float,short_ratio,short_squeeze_potential,fifty_two_week_high,proximity_to_52w_high,trend_template_score,trend_template_pass,target_price_analyst,target_price_analyst_high,target_price_analyst_low,analyst_count,analyst_recommendation,analyst_upside_pct,target_price_dcf,target_price_dcf_upside_pct,target_price_pe,target_price_pe_upside_pct,fcf_yield_pct,fcf_per_share,dividend_yield_pct,payout_ratio_pct,dividend_rate,five_yr_avg_dividend_yield_pct,buyback_active,shares_change_pct,interest_coverage,analyst_revision_momentum,days_to_earnings,earnings_date,earnings_warning,earnings_catalyst,piotroski_score,piotroski_label,ebit_ev_yield,roic_greenblatt,peg_ratio,hv_30d,atm_iv,iv_ratio,iv_premium_pts,analyzed_at
AJG,Arthur J. Gallagher & Co.,81.6,🏆 ELITE,🟢 Elite,100.0,100.0,50.3,70.0,60.0,35.0,37.2,False,up,124.7,True,1,47.7,True,2,"{'eps_growth_yoy': 124.7, 'positive_quarters': 4, 'earnings_accelerating': True, 'eps_accel_quarters': 1, 'profit_margin_pct': 11.4}","{'revenue_growth_yoy': 47.7, 'revenue_accelerating': True, 'rev_accel_quarters': 2}","{'rs_3m': 14.6, 'rs_6m': -7.4, 'rs_line_percentile': 37.2, 'rs_line_at_new_high': False, 'rs_line_trend': 'up', 'rs_line_score': 35}","{'roe_pct': 7.0, 'debt_to_equity': 0.56, 'current_ratio': 1.06, 'operating_margin_pct': 28.4}","{'days_to_earnings': 'N/A', 'recommendation': 'buy', 'analyst_upside_pct': 11.1}",253.36,0,Financial Services,Insurance Brokers,3.1,4.2,False,315.0,-19.6,4.0,False,281.39,388.0,225.0,18.0,buy,11.1,,,99.95,-60.6,,,1.13,42.9,2.8,1.01,False,,4.2,16.2,2.0,2026-07-30,True,False,6.0,NEUTRAL,3.26,77.9,1.05,37.9,,,,2026-07-28T06:30:50.015856
AON,Aon plc,81.3,🏆 ELITE,🟢 Elite,100.0,90.0,53.9,80.0,60.0,35.0,44.1,False,up,109.3,False,0,21.2,True,2,"{'eps_growth_yoy': 109.3, 'positive_quarters': 4, 'earnings_accelerating': False, 'eps_accel_quarters': 0, 'profit_margin_pct': 22.5}","{'revenue_growth_yoy': 21.2, 'revenue_accelerating': True, 'rev_accel_quarters': 2}","{'rs_3m': 10.1, 'rs_6m': 1.4, 'rs_line_percentile': 44.1, 'rs_line_at_new_high': False, 'rs_line_trend': 'up', 'rs_line_score': 35}","{'roe_pct': 46.4, 'debt_to_equity': 1.55, 'current_ratio': 1.07, 'operating_margin_pct': 35.8}","{'days_to_earnings': 'N/A', 'recommendation': 'buy', 'analyst_upside_pct': 7.1}",367.17,78419050496,Financial Services,Insurance Brokers,2.1,2.7,False,378.7,-3.0,4.0,False,393.11,445.0,327.0,19.0,buy,7.1,597.35,62.7,501.62,36.6,4.26,15.65,0.91,16.4,3.28,0.76,True,-1.59,7.4,19.0,1.0,2026-07-29,True,False,8.0,STRONG,6.01,141.9,0.63,31.5,0.8,0.02,-30.7,2026-07-28T06:30:09.790458
THC,Tenet Healthcare Corporation,81.3,🏆 ELITE,🟢 Elite,100.0,70.0,83.0,75.0,60.0,80.0,79.4,False,up,143.8,True,1,9.7,True,2,"{'eps_growth_yoy': 143.8, 'positive_quarters': 4, 'earnings_accelerating': True, 'eps_accel_quarters': 1, 'profit_margin_pct': 10.3}","{'revenue_growth_yoy': 9.7, 'revenue_accelerating': True, 'rev_accel_quarters': 2}","{'rs_3m': 27.6, 'rs_6m': 20.9, 'rs_line_percentile': 79.4, 'rs_line_at_new_high': False, 'rs_line_trend': 'up', 'rs_line_score': 80}","{'roe_pct': 37.3, 'debt_to_equity': 1.52, 'current_ratio': 1.41, 'operating_margin_pct': 18.2}","{'days_to_earnings': 'N/A', 'recommendation': 'strong_buy', 'analyst_upside_pct': 3.9}",243.36,20962299904,Healthcare,Medical Care Facilities,4.0,2.2,False,248.82,-2.2,6.0,False,252.76,290.0,210.0,21.0,strong_buy,3.9,1098.71,351.5,809.7,232.7,10.65,25.91,,,,2.75,True,-6.47,5.1,213.4,91.0,2026-10-27,False,False,6.0,NEUTRAL,10.22,33.4,0.06,73.7,,,,2026-07-28T06:35:49.045228
HEI,Heico Corporation,79.6,⭐⭐⭐ EXCELLENT,🟢 Excellent,100.0,70.0,63.0,90.0,60.0,60.0,66.9,False,up,31.8,True,1,19.9,True,1,"{'eps_growth_yoy': 31.8, 'positive_quarters': 4, 'earnings_accelerating': True, 'eps_accel_quarters': 1, 'profit_margin_pct': 16.1}","{'revenue_growth_yoy': 19.9, 'revenue_accelerating': True, 'rev_accel_quarters': 1}","{'rs_3m': 30.6, 'rs_6m': -1.0, 'rs_line_percentile': 66.9, 'rs_line_at_new_high': False, 'rs_line_trend': 'up', 'rs_line_score': 60}","{'roe_pct': 17.2, 'debt_to_equity': 0.48, 'current_ratio': 2.92, 'operating_margin_pct': 25.5}","{'days_to_earnings': 'N/A', 'recommendation': 'buy', 'analyst_upside_pct': 8.2}",357.15,0,Industrials,Aerospace & Defense,1.5,1.7,False,369.48,-3.3,7.0,True,386.53,472.0,290.0,19.0,buy,8.2,,,171.3,-52.0,,,0.07,4.3,0.25,0.1,False,,9.0,48.2,28.0,2026-08-25,False,False,8.0,STRONG,1.94,52.3,1.07,25.0,0.8,0.03,-24.2,2026-07-28T06:32:02.983622
ADP,"Automatic Data Processing, Inc.",78.3,⭐⭐⭐ EXCELLENT,🟢 Excellent,100.0,80.0,53.0,85.0,50.0,35.0,34.1,False,up,49.3,True,1,15.8,True,2,"{'eps_growth_yoy': 49.3, 'positive_quarters': 4, 'earnings_accelerating': True, 'eps_accel_quarters': 1, 'profit_margin_pct': 20.1}","{'revenue_growth_yoy': 15.8, 'revenue_accelerating': True, 'rev_accel_quarters': 2}","{'rs_3m': 26.7, 'rs_6m': -6.9, 'rs_line_percentile': 34.1, 'rs_line_at_new_high': False, 'rs_line_trend': 'up', 'rs_line_score': 35}","{'roe_pct': 71.2, 'debt_to_equity': 0.69, 'current_ratio': 1.04, 'operating_margin_pct': 30.2}","{'days_to_earnings': 'N/A', 'recommendation': 'hold', 'analyst_upside_pct': 1.0}",254.98,101924241408,Technology,Software - Application,4.0,5.0,False,315.98,-19.3,4.0,False,257.53,305.0,190.0,15.0,hold,1.0,239.06,-6.2,114.87,-54.9,4.66,11.88,2.72,60.5,6.8,2.04,True,-1.75,13.5,4.2,1.0,2026-07-29,True,False,8.0,STRONG,5.59,192.0,1.99,35.9,,,,2026-07-28T06:28:26.757917
INTU,Intuit Inc.,77.8,⭐⭐⭐ EXCELLENT,🟢 Excellent,100.0,100.0,15.0,85.0,70.0,15.0,7.2,False,down,704.2,True,2,123.4,True,2,"{'eps_growth_yoy': 704.2, 'positive_quarters': 4, 'earnings_accelerating': True, 'eps_accel_quarters': 2, 'profit_margin_pct': 21.9}","{'revenue_growth_yoy': 123.4, 'revenue_accelerating': True, 'rev_accel_quarters': 2}","{'rs_3m': -25.3, 'rs_6m': -52.8, 'rs_line_percentile': 7.2, 'rs_line_at_new_high': False, 'rs_line_trend': 'down', 'rs_line_score': 15}","{'roe_pct': 22.5, 'debt_to_equity': 0.33, 'current_ratio': 1.45, 'operating_margin_pct': 47.0}","{'days_to_earnings': 'N/A', 'recommendation': 'buy', 'analyst_upside_pct': 52.2}",303.91,83130630144,Technology,Software - Application,6.6,2.9,False,813.7,-62.7,1.0,False,462.53,921.0,250.0,33.0,buy,52.2,387.99,27.7,179.87,-40.8,6.29,19.13,1.62,28.3,4.8,0.65,True,-4.92,24.8,10.7,23.0,2026-08-20,False,False,9.0,STRONG,6.1,97.0,1.04,44.8,0.4,0.01,-44.4,2026-07-28T06:29:39.599834
FICO,Fair Isaac Corporation,77.7,⭐⭐⭐ EXCELLENT,🟢 Excellent,100.0,90.0,41.0,70.0,65.0,35.0,25.3,False,up,45.5,True,2,28.9,True,2,"{'eps_growth_yoy': 45.5, 'positive_quarters': 4, 'earnings_accelerating': True, 'eps_accel_quarters': 2, 'profit_margin_pct': 33.7}","{'revenue_growth_yoy': 28.9, 'revenue_accelerating': True, 'rev_accel_quarters': 2}","{'rs_3m': 22.7, 'rs_6m': -24.7, 'rs_line_percentile': 25.3, 'rs_line_at_new_high': False, 'rs_line_trend': 'up', 'rs_line_score': 35}","{'current_ratio': 2.22, 'operating_margin_pct': 58.2}","{'days_to_earnings': 'N/A', 'recommendation': 'buy', 'analyst_upside_pct': 19.8}",1280.57,29697576960,Technology,Software - Application,11.4,7.5,True,1998.01,-35.9,2.0,False,1534.55,2400.0,707.0,20.0,buy,19.8,1335.91,4.3,946.5,-26.1,2.46,31.5,,,,0.09,True,-6.1,7.2,69.0,1.0,2026-07-29,True,False,7.0,NEUTRAL,2.83,996.8,0.34,39.7,,,,2026-07-28T06:30:28.100230
JNJ,Johnson & Johnson,77.6,⭐⭐⭐ EXCELLENT,🟢 Excellent,95.0,60.0,76.7,85.0,60.0,80.0,81.9,False,up,7.4,True,2,5.5,True,1,"{'eps_growth_yoy': 7.4, 'positive_quarters': 4, 'earnings_accelerating': True, 'eps_accel_quarters': 2, 'profit_margin_pct': 21.5}","{'revenue_growth_yoy': 5.5, 'revenue_accelerating': True, 'rev_accel_quarters': 1}","{'rs_3m': 15.1, 'rs_6m': 14.1, 'rs_line_percentile': 81.9, 'rs_line_at_new_high': False, 'rs_line_trend': 'up', 'rs_line_score': 80}","{'roe_pct': 25.7, 'debt_to_equity': 0.58, 'current_ratio': 1.09, 'operating_margin_pct': 29.2}","{'days_to_earnings': 'N/A', 'recommendation': 'buy', 'analyst_upside_pct': 1.7}",265.95,640912523264,Healthcare,Drug Manufacturers - General,1.3,3.0,False,269.43,-1.3,8.0,True,270.59,305.0,190.0,22.0,buy,1.7,103.1,-61.2,86.1,-67.6,2.63,7.01,2.03,60.8,5.36,2.77,True,-1.26,25.9,-0.9,77.0,2026-10-13,False,False,4.0,NEUTRAL,5.01,136.0,,30.2,,,,2026-07-28T06:33:46.367472
TW,Tradeweb Markets Inc.,77.5,⭐⭐⭐ EXCELLENT,🟢 Excellent,95.0,90.0,36.0,85.0,65.0,15.0,12.8,False,down,33.5,False,0,20.4,True,2,"{'eps_growth_yoy': 33.5, 'positive_quarters': 4, 'earnings_accelerating': False, 'eps_accel_quarters': 0, 'profit_margin_pct': 40.3}","{'revenue_growth_yoy': 20.4, 'revenue_accelerating': True, 'rev_accel_quarters': 2}","{'rs_3m': -11.9, 'rs_6m': -11.1, 'rs_line_percentile': 12.8, 'rs_line_at_new_high': False, 'rs_line_trend': 'down', 'rs_line_score': 15}","{'roe_pct': 14.2, 'debt_to_equity': 0.02, 'current_ratio': 5.93, 'operating_margin_pct': 46.4}","{'days_to_earnings': 'N/A', 'recommendation': 'buy', 'analyst_upside_pct': 26.0}",102.015,0,Financial Services,Capital Markets,3.6,2.5,False,147.49,-30.8,2.0,False,128.5,201.0,105.0,14.0,buy,26.0,,,124.2,21.7,,,0.56,12.4,0.56,0.4,False,,636.1,27.4,2.0,2026-07-30,True,False,8.0,STRONG,5.71,57.1,0.57,38.0,,,,2026-07-28T06:30:02.516729
NUE,Nucor Corporation,77.1,⭐⭐⭐ EXCELLENT,🟢 Excellent,85.0,70.0,80.3,80.0,60.0,80.0,85.2,False,up,23.2,True,1,12.3,True,1,"{'eps_growth_yoy': 23.2, 'positive_quarters': 4, 'earnings_accelerating': True, 'eps_accel_quarters': 1, 'profit_margin_pct': 6.8}","{'revenue_growth_yoy': 12.3, 'revenue_accelerating': True, 'rev_accel_quarters': 1}","{'rs_3m': 12.0, 'rs_6m': 33.1, 'rs_line_percentile': 85.2, 'rs_line_at_new_high': False, 'rs_line_trend': 'up', 'rs_line_score': 80}","{'roe_pct': 12.3, 'debt_to_equity': 0.32, 'current_ratio': 2.9, 'operating_margin_pct': 11.8}","{'days_to_earnings': 'N/A', 'recommendation': 'buy', 'analyst_upside_pct': 7.8}",247.86,0,Basic Materials,Steel,2.3,2.2,False,270.9,-8.5,8.0,True,267.12,285.0,224.0,16.0,buy,7.8,,,302.7,22.1,,,0.9,22.0,2.24,1.41,False,,22.4,382.1,,,False,False,6.0,NEUTRAL,4.4,11.9,0.04,33.0,0.8,0.02,-32.2,2026-07-28T06:35:08.733842
WST,"West Pharmaceutical Services, I",77.0,⭐⭐⭐ EXCELLENT,🟢 Excellent,100.0,50.0,68.7,95.0,65.0,60.0,72.4,False,up,10.0,True,2,8.4,False,0,"{'eps_growth_yoy': 10.0, 'positive_quarters': 4, 'earnings_accelerating': True, 'eps_accel_quarters': 2, 'profit_margin_pct': 17.0}","{'revenue_growth_yoy': 8.4, 'revenue_accelerating': False, 'rev_accel_quarters': 0}","{'rs_3m': 6.1, 'rs_6m': 30.2, 'rs_line_percentile': 72.4, 'rs_line_at_new_high': False, 'rs_line_trend': 'up', 'rs_line_score': 60}","{'roe_pct': 19.1, 'debt_to_equity': 0.11, 'current_ratio': 2.82, 'operating_margin_pct': 22.5}","{'days_to_earnings': 'N/A', 'recommendation': 'strong_buy', 'analyst_upside_pct': 21.6}",331.25,23311970304,Healthcare,Medical Instruments & Supplies,3.9,2.9,False,386.0,-14.2,7.0,True,402.93,459.0,340.0,15.0,strong_buy,21.6,107.46,-67.6,141.36,-57.3,1.19,3.95,0.27,11.1,0.88,0.25,True,-1.96,155.1,18.1,86.0,2026-10-22,False,False,7.0,NEUTRAL,2.62,19.0,1.84,33.1,,,,2026-07-28T06:31:12.145438
BRO,"Brown & Brown, Inc.",76.5,⭐⭐⭐ EXCELLENT,🟢 Excellent,100.0,90.0,38.7,75.0,50.0,15.0,23.8,False,up,84.4,True,2,50.5,True,1,"{'eps_growth_yoy': 84.4, 'positive_quarters': 4, 'earnings_accelerating': True, 'eps_accel_quarters': 2, 'profit_margin_pct': 18.4}","{'revenue_growth_yoy': 50.5, 'revenue_accelerating': True, 'rev_accel_quarters': 1}","{'rs_3m': 2.1, 'rs_6m': -19.3, 'rs_line_percentile': 23.8, 'rs_line_at_new_high': False, 'rs_line_trend': 'up', 'rs_line_score': 15}","{'roe_pct': 11.9, 'debt_to_equity': 0.64, 'current_ratio': 1.02, 'operating_margin_pct': 47.2}","{'days_to_earnings': 'N/A', 'recommendation': 'hold', 'analyst_upside_pct': 6.7}",69.7,23624663040,Financial Services,Insurance Brokers,7.3,6.5,False,104.1,-33.0,1.0,False,74.38,90.0,55.0,16.0,hold,6.7,66.09,-5.2,31.6,-54.7,6.44,4.49,0.98,20.5,0.66,0.65,True,-1.6,5.0,-3.2,,,False,False,4.0,NEUTRAL,5.45,175.4,,40.6,0.8,0.02,-39.8,2026-07-28T06:31:26.410842
CBOE,"Cboe Global Markets, Inc.",76.3,⭐⭐⭐ EXCELLENT,🟢 Excellent,100.0,70.0,47.6,95.0,50.0,35.0,42.7,False,down,64.1,True,1,8.5,True,2,"{'eps_growth_yoy': 64.1, 'positive_quarters': 4, 'earnings_accelerating': True, 'eps_accel_quarters': 1, 'profit_margin_pct': 25.8}","{'revenue_growth_yoy': 8.5, 'revenue_accelerating': True, 'rev_accel_quarters': 2}","{'rs_3m': -6.6, 'rs_6m': 0.2, 'rs_line_percentile': 42.7, 'rs_line_at_new_high': False, 'rs_line_trend': 'down', 'rs_line_score': 35}","{'roe_pct': 25.1, 'debt_to_equity': 0.29, 'current_ratio': 1.39, 'operating_margin_pct': 39.7}","{'days_to_earnings': 'N/A', 'recommendation': 'hold', 'analyst_upside_pct': 7.9}",288.87,30231339008,Financial Services,Financial Data & Stock Exchanges,3.0,2.9,False,371.18,-22.2,5.0,False,311.64,375.0,258.0,14.0,hold,7.9,406.47,40.7,351.6,21.7,3.32,9.58,1.01,23.8,2.88,1.29,True,-0.26,33.8,21.8,3.0,2026-07-31,True,False,8.0,STRONG,5.45,70.3,0.35,36.5,0.4,0.01,-36.1,2026-07-28T06:33:50.144344
BAC,Bank of America Corporation,76.2,⭐⭐⭐ EXCELLENT,🟢 Excellent,95.0,60.0,84.7,65.0,60.0,100.0,100.0,True,up,20.6,True,1,14.4,False,0,"{'eps_growth_yoy': 20.6, 'positive_quarters': 4, 'earnings_accelerating': True, 'eps_accel_quarters': 1, 'profit_margin_pct': 29.5}","{'revenue_growth_yoy': 14.4, 'revenue_accelerating': False, 'rev_accel_quarters': 0}","{'rs_3m': 15.1, 'rs_6m': 13.5, 'rs_line_percentile': 100.0, 'rs_line_at_new_high': True, 'rs_line_trend': 'up', 'rs_line_score': 100}","{'roe_pct': 11.2, 'operating_margin_pct': 38.3}","{'days_to_earnings': 'N/A', 'recommendation': 'buy', 'analyst_upside_pct': 9.9}",62.13,0,Financial Services,Banks - Diversified,0.0,0.0,False,62.99,-1.4,8.0,True,68.25,75.0,62.0,22.0,buy,9.9,,,130.2,109.6,,,2.06,25.9,1.28,2.35,False,,,36.0,78.0,2026-10-14,False,False,5.0,NEUTRAL,,,0.33,20.4,,,,2026-07-28T06:34:23.245361
VEEV,Veeva Systems Inc.,75.3,⭐⭐⭐ EXCELLENT,🟢 Excellent,100.0,80.0,30.3,85.0,65.0,15.0,22.3,False,up,30.3,True,1,11.9,True,2,"{'eps_growth_yoy': 30.3, 'positive_quarters': 4, 'earnings_accelerating': True, 'eps_accel_quarters': 1, 'profit_margin_pct': 28.4}","{'revenue_growth_yoy': 11.9, 'revenue_accelerating': True, 'rev_accel_quarters': 2}","{'rs_3m': 17.6, 'rs_6m': -20.5, 'rs_line_percentile': 22.3, 'rs_line_at_new_high': False, 'rs_line_trend': 'up', 'rs_line_score': 15}","{'roe_pct': 13.9, 'debt_to_equity': 0.01, 'current_ratio': 4.74, 'operating_margin_pct': 30.9}","{'days_to_earnings': 'N/A', 'recommendation': 'buy', 'analyst_upside_pct': 25.5}",194.46,31588724736,Healthcare,Health Information Services,5.3,3.2,False,310.5,-37.4,2.0,False,244.14,350.0,165.0,28.0,buy,25.5,183.94,-5.4,85.99,-55.8,3.99,7.75,,,,,True,-0.72,,14.6,36.0,2026-09-02,False,False,7.0,NEUTRAL,3.76,14.1,1.33,48.1,0.4,0.01,-47.7,2026-07-28T06:30:31.709922
CNI,Canadian National Railway Compa,74.9,⭐⭐⭐ EXCELLENT,🟢 Excellent,85.0,70.0,84.7,60.0,60.0,100.0,94.0,True,up,9.7,True,1,14.1,True,1,"{'eps_growth_yoy': 9.7, 'positive_quarters': 4, 'earnings_accelerating': True, 'eps_accel_quarters': 1, 'profit_margin_pct': 26.9}","{'revenue_growth_yoy': 14.1, 'revenue_accelerating': True, 'rev_accel_quarters': 1}","{'rs_3m': 9.1, 'rs_6m': 23.3, 'rs_line_percentile': 94.0, 'rs_line_at_new_high': True, 'rs_line_trend': 'up', 'rs_line_score': 100}","{'roe_pct': 22.0, 'debt_to_equity': 1.04, 'current_ratio': 0.87, 'operating_margin_pct': 40.3}","{'days_to_earnings': 'N/A', 'recommendation': 'buy', 'analyst_upside_pct': 6.2}",128.88,77959512064,Industrials,Railroads,,2.0,False,131.55,-2.0,8.0,True,136.84,150.67,112.76,13.0,buy,6.2,99.45,-22.8,56.1,-56.5,3.88,5.0,2.01,46.3,2.6,2.04,True,-3.86,7.8,7.1,94.0,2026-10-30,False,False,7.0,NEUTRAL,7.16,14.5,1.98,18.0,0.8,0.04,-17.2,2026-07-28T06:30:54.164276
V,Visa Inc.,74.5,⭐⭐⭐ EXCELLENT,🟢 Excellent,85.0,70.0,63.9,85.0,60.0,60.0,52.0,False,up,14.2,False,0,10.4,True,1,"{'eps_growth_yoy': 14.2, 'positive_quarters': 4, 'earnings_accelerating': False, 'eps_accel_quarters': 0, 'profit_margin_pct': 51.7}","{'revenue_growth_yoy': 10.4, 'revenue_accelerating': True, 'rev_accel_quarters': 1}","{'rs_3m': 13.7, 'rs_6m': 3.6, 'rs_line_percentile': 52.0, 'rs_line_at_new_high': False, 'rs_line_trend': 'up', 'rs_line_score': 60}","{'roe_pct': 60.3, 'debt_to_equity': 0.67, 'current_ratio': 1.09, 'operating_margin_pct': 67.3}","{'days_to_earnings': 'N/A', 'recommendation': 'strong_buy', 'analyst_upside_pct': 11.2}",362.53,0,Financial Services,Credit Services,1.4,2.4,False,365.14,-0.7,5.0,False,403.26,450.0,330.0,38.0,strong_buy,11.2,,,350.1,-3.4,,,0.75,22.0,2.68,0.7,False,,43.6,35.5,0.0,2026-07-28,True,False,6.0,NEUTRAL,3.83,381.9,0.69,24.6,0.8,0.03,-23.8,2026-07-28T06:28:10.845908
ICE,Intercontinental Exchange Inc.,74.2,⭐⭐⭐ EXCELLENT,🟢 Excellent,100.0,80.0,32.0,75.0,65.0,35.0,27.3,False,down,66.0,True,2,12.4,True,2,"{'eps_growth_yoy': 66.0, 'positive_quarters': 4, 'earnings_accelerating': True, 'eps_accel_quarters': 2, 'profit_margin_pct': 37.7}","{'revenue_growth_yoy': 12.4, 'revenue_accelerating': True, 'rev_accel_quarters': 2}","{'rs_3m': -8.5, 'rs_6m': -21.7, 'rs_line_percentile': 27.3, 'rs_line_at_new_high': False, 'rs_line_trend': 'down', 'rs_line_score': 35}","{'roe_pct': 13.9, 'debt_to_equity': 0.71, 'current_ratio': 1.01, 'operating_margin_pct': 57.3}","{'days_to_earnings': 'N/A', 'recommendation': 'strong_buy', 'analyst_upside_pct': 22.3}",148.73,0,Financial Services,Financial Data & Stock Exchanges,1.8,1.8,False,189.35,-21.5,3.0,False,181.93,240.0,159.0,15.0,strong_buy,22.3,,,210.3,41.4,,,1.43,28.5,2.08,1.23,False,,7.5,79.7,2.0,2026-07-30,True,False,8.0,STRONG,4.94,118.3,0.21,26.4,0.4,0.01,-26.0,2026-07-28T06:30:57.878675
SPGI,S&P Global Inc.,73.1,⭐⭐⭐ EXCELLENT,🟢 Excellent,100.0,70.0,46.7,65.0,65.0,35.0,25.2,False,up,30.1,True,1,11.1,True,1,"{'eps_growth_yoy': 30.1, 'positive_quarters': 4, 'earnings_accelerating': True, 'eps_accel_quarters': 1, 'profit_margin_pct': 30.4}","{'revenue_growth_yoy': 11.1, 'revenue_accelerating': True, 'rev_accel_quarters': 1}","{'rs_3m': 3.0, 'rs_6m': -20.0, 'rs_line_percentile': 25.2, 'rs_line_at_new_high': False, 'rs_line_trend': 'up', 'rs_line_score': 35}","{'roe_pct': 13.9, 'debt_to_equity': 0.38, 'current_ratio': 0.68, 'operating_margin_pct': 44.3}","{'days_to_earnings': 'N/A', 'recommendation': 'strong_buy', 'analyst_upside_pct': 17.9}",439.83,130189672448,Financial Services,Financial Data & Stock Exchanges,1.7,2.0,False,547.82404,-19.7,3.0,False,518.72,555.0,444.0,18.0,strong_buy,17.9,759.17,72.6,474.6,7.9,4.07,17.9,0.91,24.4,3.88,0.82,True,-4.11,22.7,32.5,0.0,2026-07-28,True,False,7.0,NEUTRAL,4.42,942.7,0.67,43.7,,,,2026-07-28T06:28:37.968231
CME,CME Group Inc.,73.0,⭐⭐⭐ EXCELLENT,🟢 Excellent,85.0,80.0,44.0,85.0,60.0,35.0,28.4,False,down,12.6,False,0,11.1,True,2,"{'eps_growth_yoy': 12.6, 'positive_quarters': 4, 'earnings_accelerating': False, 'eps_accel_quarters': 0, 'profit_margin_pct': 63.4}","{'revenue_growth_yoy': 11.1, 'revenue_accelerating': True, 'rev_accel_quarters': 2}","{'rs_3m': -12.6, 'rs_6m': -14.7, 'rs_line_percentile': 28.4, 'rs_line_at_new_high': False, 'rs_line_trend': 'down', 'rs_line_score': 35}","{'roe_pct': 15.8, 'debt_to_equity': 0.15, 'current_ratio': 1.02, 'operating_margin_pct': 65.0}","{'days_to_earnings': 'N/A', 'recommendation': 'buy', 'analyst_upside_pct': 11.2}",255.36,91822161920,Financial Services,Financial Data & Stock Exchanges,1.8,1.5,False,329.16,-22.4,3.0,False,283.93,330.0,230.0,15.0,buy,11.2,119.04,-53.4,118.0,-53.8,3.17,8.09,2.04,95.4,5.2,3.54,True,-0.88,33.5,1.8,85.0,2026-10-21,False,False,6.0,NEUTRAL,5.89,101.4,7.89,31.5,,,,2026-07-28T06:28:59.276021
CDNS,"Cadence Design Systems, Inc.",73.0,⭐⭐⭐ EXCELLENT,🟢 Excellent,100.0,60.0,44.0,85.0,65.0,35.0,33.4,False,down,109.7,False,0,15.6,False,0,"{'eps_growth_yoy': 109.7, 'positive_quarters': 4, 'earnings_accelerating': False, 'eps_accel_quarters': 0, 'profit_margin_pct': 21.2}","{'revenue_growth_yoy': 15.6, 'revenue_accelerating': False, 'rev_accel_quarters': 0}","{'rs_3m': -3.0, 'rs_6m': -2.1, 'rs_line_percentile': 33.4, 'rs_line_at_new_high': False, 'rs_line_trend': 'down', 'rs_line_score': 35}","{'roe_pct': 20.7, 'debt_to_equity': 0.47, 'current_ratio': 1.47, 'operating_margin_pct': 29.7}","{'days_to_earnings': 'N/A', 'recommendation': 'strong_buy', 'analyst_upside_pct': 16.9}",338.61,93394051072,Technology,Software - Application,2.2,2.8,False,416.69,-18.7,5.0,False,395.94,470.0,275.0,26.0,strong_buy,16.9,178.28,-47.3,102.12,-69.8,1.61,5.44,,,,,True,-1.07,14.4,23.0,,,False,False,7.0,NEUTRAL,1.73,44.0,1.57,45.3,0.4,0.01,-44.9,2026-07-28T06:32:13.629453
GWW,"W.W. Grainger, Inc.",72.9,⭐⭐⭐ EXCELLENT,🟢 Excellent,75.0,60.0,88.3,85.0,50.0,100.0,100.0,True,up,15.1,False,0,4.1,True,1,"{'eps_growth_yoy': 15.1, 'positive_quarters': 4, 'earnings_accelerating': False, 'eps_accel_quarters': 0, 'profit_margin_pct': 9.7}","{'revenue_growth_yoy': 4.1, 'revenue_accelerating': True, 'rev_accel_quarters': 1}","{'rs_3m': 17.4, 'rs_6m': 26.5, 'rs_line_percentile': 100.0, 'rs_line_at_new_high': True, 'rs_line_trend': 'up', 'rs_line_score': 100}","{'roe_pct': 46.1, 'debt_to_equity': 0.64, 'current_ratio': 2.69, 'operating_margin_pct': 16.7}","{'days_to_earnings': 'N/A', 'recommendation': 'hold', 'analyst_upside_pct': -7.6}",1398.95,0,Industrials,Industrial Distribution,2.9,3.2,False,1419.91,-1.5,8.0,True,1292.29,1460.0,930.0,14.0,hold,-7.6,,,684.87,-51.0,,,0.67,24.3,9.27,1.0,False,,32.5,7.3,7.0,2026-08-04,True,False,6.0,NEUTRAL,3.66,40.8,1.52,19.0,,,,2026-07-28T06:33:57.740946
NDAQ,"Nasdaq, Inc.",72.6,⭐⭐⭐ EXCELLENT,🟢 Excellent,85.0,80.0,46.7,75.0,65.0,35.0,47.2,False,up,19.9,False,0,29.3,True,1,"{'eps_growth_yoy': 19.9, 'positive_quarters': 4, 'earnings_accelerating': False, 'eps_accel_quarters': 0, 'profit_margin_pct': 35.0}","{'revenue_growth_yoy': 29.3, 'revenue_accelerating': True, 'rev_accel_quarters': 1}","{'rs_3m': 0.6, 'rs_6m': -11.6, 'rs_line_percentile': 47.2, 'rs_line_at_new_high': False, 'rs_line_trend': 'up', 'rs_line_score': 35}","{'roe_pct': 16.5, 'debt_to_equity': 0.78, 'current_ratio': 1.01, 'operating_margin_pct': 49.3}","{'days_to_earnings': 'N/A', 'recommendation': 'buy', 'analyst_upside_pct': 17.2}",93.94,52510334976,Financial Services,Financial Data & Stock Exchanges,2.4,1.7,False,101.79,-7.7,4.0,False,110.07,135.0,84.0,15.0,buy,17.2,70.38,-25.1,49.21,-47.6,3.22,3.03,1.26,32.7,1.16,1.28,True,-2.48,8.3,14.1,86.0,2026-10-22,False,False,9.0,STRONG,4.08,205.3,1.43,34.9,,,,2026-07-28T06:32:36.116026
BRK-B,Berkshire Hathaway Inc. New,72.1,⭐⭐⭐ EXCELLENT,🟢 Excellent,100.0,60.0,46.7,85.0,50.0,35.0,30.1,False,up,119.6,False,0,10.5,False,0,"{'eps_growth_yoy': 119.6, 'positive_quarters': 4, 'earnings_accelerating': False, 'eps_accel_quarters': 0, 'profit_margin_pct': 19.3}","{'revenue_growth_yoy': 10.5, 'revenue_accelerating': False, 'rev_accel_quarters': 0}","{'rs_3m': 1.5, 'rs_6m': -4.4, 'rs_line_percentile': 30.1, 'rs_line_at_new_high': False, 'rs_line_trend': 'up', 'rs_line_score': 35}","{'roe_pct': 10.5, 'debt_to_equity': 0.18, 'current_ratio': 2.88, 'operating_margin_pct': 14.4}","{'days_to_earnings': 'N/A', 'recommendation': 'none', 'analyst_upside_pct': 4.7}",497.18,1072344530944,Financial Services,Insurance - Diversified,1.0,2.3,False,516.85,-3.8,3.0,False,520.33,570.0,481.0,3.0,none,4.7,1856.94,273.5,1008.3,102.8,5.71,43.79,,,,,True,-0.02,14.4,59.8,11.0,2026-08-08,False,True,4.0,NEUTRAL,,,0.19,14.4,,,,2026-07-28T06:31:48.653608
G24.DE,Scout24 SE                    N,71.8,⭐⭐⭐ EXCELLENT,🟢 Excellent,95.0,60.0,50.0,75.0,70.0,,,,,37.0,False,0,14.0,False,0,"{'eps_growth_yoy': 37.0, 'positive_quarters': 4, 'earnings_accelerating': False, 'eps_accel_quarters': 0, 'profit_margin_pct': 37.4}","{'revenue_growth_yoy': 14.0, 'revenue_accelerating': False, 'rev_accel_quarters': 0}","{'rs_3m': nan, 'rs_6m': nan}","{'roe_pct': 17.7, 'debt_to_equity': 0.25, 'current_ratio': 0.22, 'operating_margin_pct': 55.2}","{'days_to_earnings': 'N/A', 'recommendation': 'strong_buy', 'analyst_upside_pct': 48.9}",71.7,5070299648,Communication Services,Internet Content & Information,,,False,121.6,-41.0,0.0,False,106.76,140.0,86.0,17.0,strong_buy,48.9,,,108.3,51.0,,,2.19,36.6,1.5,1.51,,,44.1,40.6,9.0,2026-08-06,False,True,6.0,NEUTRAL,5.27,635.9,0.37,27.2,,,,2026-07-28T06:34:12.257211
UNH,UnitedHealth Group Incorporated,71.3,⭐⭐⭐ EXCELLENT,🟢 Excellent,100.0,50.0,76.7,50.0,60.0,80.0,89.6,False,up,84.4,True,1,0.1,False,0,"{'eps_growth_yoy': 84.4, 'positive_quarters': 4, 'earnings_accelerating': True, 'eps_accel_quarters': 1, 'profit_margin_pct': 3.1}","{'revenue_growth_yoy': 0.1, 'revenue_accelerating': False, 'rev_accel_quarters': 0}","{'rs_3m': 14.8, 'rs_6m': 13.1, 'rs_line_percentile': 89.6, 'rs_line_at_new_high': False, 'rs_line_trend': 'up', 'rs_line_score': 80}","{'roe_pct': 14.2, 'debt_to_equity': 0.69, 'current_ratio': 0.78, 'operating_margin_pct': 7.1}","{'days_to_earnings': 'N/A', 'recommendation': 'buy', 'analyst_upside_pct': 13.8}",417.64,379277443072,Healthcare,Healthcare Plans,2.1,2.9,False,461.62,-9.5,8.0,True,475.23,529.0,313.0,26.0,buy,13.8,1062.83,154.5,396.0,-5.2,6.0,25.06,2.21,66.6,9.28,1.65,True,-0.67,4.7,61.5,91.0,2026-10-27,False,False,6.0,NEUTRAL,4.43,173.8,0.3,27.4,0.8,0.03,-26.6,2026-07-28T06:34:46.087092
DBOEY,Deutsche Boerse AG,69.5,⭐⭐ GOOD,🟡 Good,85.0,60.0,52.4,80.0,65.0,35.0,47.2,False,up,11.9,False,0,11.7,False,0,"{'eps_growth_yoy': 11.9, 'positive_quarters': 4, 'earnings_accelerating': False, 'eps_accel_quarters': 0, 'profit_margin_pct': 27.3}","{'revenue_growth_yoy': 11.7, 'revenue_accelerating': False, 'rev_accel_quarters': 0}","{'rs_3m': -5.9, 'rs_6m': 13.3, 'rs_line_percentile': 47.2, 'rs_line_at_new_high': False, 'rs_line_trend': 'up', 'rs_line_score': 35}","{'roe_pct': 20.4, 'debt_to_equity': 0.58, 'current_ratio': 1.01, 'operating_margin_pct': 41.9}","{'days_to_earnings': 'N/A', 'recommendation': 'strong_buy', 'analyst_upside_pct': 16.2}",29.96,54014181376,Financial Services,Financial Data & Stock Exchanges,,,False,31.44,-4.7,6.0,False,34.8,34.8,34.8,1.0,strong_buy,16.2,27.69,-7.6,18.5,-38.3,4.04,1.21,1.66,36.0,0.49,1.9,,,,6.9,84.0,2026-10-20,False,False,5.0,NEUTRAL,5.19,66.8,1.42,26.4,,,,2026-07-28T06:31:08.665598
TECK,Teck Resources Ltd,69.3,⭐⭐ GOOD,🟡 Good,100.0,50.0,57.6,75.0,40.0,60.0,72.2,False,down,203.9,False,0,6.5,False,0,"{'eps_growth_yoy': 203.9, 'positive_quarters': 4, 'earnings_accelerating': False, 'eps_accel_quarters': 0, 'profit_margin_pct': 17.9}","{'revenue_growth_yoy': 6.5, 'revenue_accelerating': False, 'rev_accel_quarters': 0}","{'rs_3m': -4.3, 'rs_6m': 2.2, 'rs_line_percentile': 72.2, 'rs_line_at_new_high': False, 'rs_line_trend': 'down', 'rs_line_score': 60}","{'roe_pct': 8.7, 'debt_to_equity': 0.34, 'current_ratio': 3.12, 'operating_margin_pct': 44.1}","{'days_to_earnings': 'N/A', 'recommendation': 'hold', 'analyst_upside_pct': -11.7}",59.75,29313349632,Basic Materials,Copper,,3.5,False,71.25,-16.1,7.0,True,52.75,67.89,35.94,4.0,hold,-11.7,152.52,155.3,108.3,81.3,5.93,3.6,0.59,9.8,0.35,0.99,True,-0.49,6.5,129.8,86.0,2026-10-22,False,False,5.0,NEUTRAL,7.0,6.5,0.05,46.0,,,,2026-07-28T06:35:56.055509
EQIX,"Equinix, Inc.",69.2,⭐⭐ GOOD,🟡 Good,90.0,50.0,66.0,70.0,60.0,60.0,69.9,False,flat,12.8,True,1,8.3,False,0,"{'eps_growth_yoy': 12.8, 'positive_quarters': 4, 'earnings_accelerating': True, 'eps_accel_quarters': 1, 'profit_margin_pct': 14.9}","{'revenue_growth_yoy': 8.3, 'revenue_accelerating': False, 'rev_accel_quarters': 0}","{'rs_3m': -7.1, 'rs_6m': 23.9, 'rs_line_percentile': 69.9, 'rs_line_at_new_high': False, 'rs_line_trend': 'flat', 'rs_line_score': 60}","{'roe_pct': 10.1, 'debt_to_equity': 1.63, 'current_ratio': 1.18, 'operating_margin_pct': 24.3}","{'days_to_earnings': 'N/A', 'recommendation': 'buy', 'analyst_upside_pct': 14.6}",1046.79,103238877184,Real Estate,REIT - Specialty,2.2,2.8,False,1128.68,-7.3,6.0,False,1199.66,1350.0,950.0,29.0,buy,14.6,808.91,-22.7,278.4,-73.4,2.64,27.63,1.82,133.0,19.7,1.86,False,,3.9,20.0,1.0,2026-07-29,True,False,6.0,NEUTRAL,1.62,7.8,2.71,31.9,0.4,0.01,-31.5,2026-07-28T06:33:01.017579
CTAS,Cintas Corporation,69.0,⭐⭐ GOOD,🟡 Good,90.0,50.0,53.9,85.0,60.0,35.0,47.6,False,up,12.1,True,1,6.5,False,0,"{'eps_growth_yoy': 12.1, 'positive_quarters': 4, 'earnings_accelerating': True, 'eps_accel_quarters': 1, 'profit_margin_pct': 17.8}","{'revenue_growth_yoy': 6.5, 'revenue_accelerating': False, 'rev_accel_quarters': 0}","{'rs_3m': 17.9, 'rs_6m': 2.1, 'rs_line_percentile': 47.6, 'rs_line_at_new_high': False, 'rs_line_trend': 'up', 'rs_line_score': 35}","{'roe_pct': 40.7, 'debt_to_equity': 0.53, 'current_ratio': 1.43, 'operating_margin_pct': 23.6}","{'days_to_earnings': 'N/A', 'recommendation': 'buy', 'analyst_upside_pct': 1.7}",210.98,84423016448,Industrials,Specialty Business Services,4.1,5.4,False,226.75,-7.0,4.0,False,214.5,250.0,160.0,16.0,buy,1.7,90.28,-57.2,78.31,-62.9,1.73,3.66,0.87,36.7,1.8,0.9,True,-1.41,24.1,10.9,57.0,2026-09-23,False,False,3.0,NEUTRAL,,,2.22,36.0,,,,2026-07-28T06:28:14.913141
AME,"AMETEK, Inc.",68.8,⭐⭐ GOOD,🟡 Good,85.0,50.0,60.3,85.0,60.0,60.0,71.8,False,up,11.4,False,0,8.5,False,0,"{'eps_growth_yoy': 11.4, 'positive_quarters': 4, 'earnings_accelerating': False, 'eps_accel_quarters': 0, 'profit_margin_pct': 20.1}","{'revenue_growth_yoy': 8.5, 'revenue_accelerating': False, 'rev_accel_quarters': 0}","{'rs_3m': 0.9, 'rs_6m': 3.7, 'rs_line_percentile': 71.8, 'rs_line_at_new_high': False, 'rs_line_trend': 'up', 'rs_line_score': 60}","{'roe_pct': 14.6, 'debt_to_equity': 0.22, 'current_ratio': 1.14, 'operating_margin_pct': 26.3}","{'days_to_earnings': 'N/A', 'recommendation': 'buy', 'analyst_upside_pct': 8.3}",243.12,55723835392,Industrials,Specialty Industrial Machinery,1.6,2.8,False,244.71,-0.6,8.0,True,263.39,303.0,217.0,18.0,buy,8.3,142.82,-41.3,96.57,-60.3,2.49,6.04,0.56,19.2,1.36,0.62,True,-0.8,23.3,14.5,7.0,2026-08-04,True,False,6.0,NEUTRAL,3.26,144.0,1.9,18.2,,,,2026-07-28T06:33:08.804866
ATLKY,Atlas Copco AB,68.8,⭐⭐ GOOD,🟡 Good,80.0,60.0,56.7,80.0,65.0,60.0,61.4,False,up,8.2,True,1,9.1,True,1,"{'eps_growth_yoy': 8.2, 'positive_quarters': 4, 'earnings_accelerating': True, 'eps_accel_quarters': 1, 'profit_margin_pct': 15.7}","{'revenue_growth_yoy': 9.1, 'revenue_accelerating': True, 'rev_accel_quarters': 1}","{'rs_3m': 0.6, 'rs_6m': -7.8, 'rs_line_percentile': 61.4, 'rs_line_at_new_high': False, 'rs_line_trend': 'up', 'rs_line_score': 60}","{'roe_pct': 25.7, 'debt_to_equity': 0.34, 'current_ratio': 1.27}","{'days_to_earnings': 'N/A', 'recommendation': 'strong_buy', 'analyst_upside_pct': 24.4}",20.9,101963169792,Industrials,Specialty Industrial Machinery,,,False,22.05,-5.2,7.0,True,26.0,26.0,26.0,1.0,strong_buy,24.4,142.15,580.1,5.6,-73.2,25.47,7.83,2.66,73.8,0.56,1.57,False,,126.5,4.0,,,False,False,6.0,NEUTRAL,,53.6,3.33,30.7,,,,2026-07-28T06:33:12.681173
CSU.TO,CONSTELLATION SOFTWARE INC.,68.7,⭐⭐ GOOD,🟡 Good,100.0,60.0,42.3,55.0,70.0,15.0,12.8,False,up,555.4,True,1,11.9,False,0,"{'eps_growth_yoy': 555.4, 'positive_quarters': 4, 'earnings_accelerating': True, 'eps_accel_quarters': 1, 'profit_margin_pct': 6.1}","{'revenue_growth_yoy': 11.9, 'revenue_accelerating': False, 'rev_accel_quarters': 0}","{'rs_3m': 13.0, 'rs_6m': -0.1, 'rs_line_percentile': 12.8, 'rs_line_at_new_high': False, 'rs_line_trend': 'up', 'rs_line_score': 15}","{'roe_pct': 19.7, 'debt_to_equity': 1.21, 'current_ratio': 0.91, 'operating_margin_pct': 13.8}","{'days_to_earnings': 'N/A', 'recommendation': 'strong_buy', 'analyst_upside_pct': 39.8}",2837.32,60127154176,Technology,Software - Application,,5.7,False,4922.93,-42.4,1.0,False,3967.59,5721.58,3253.44,12.0,strong_buy,39.8,5506.27,94.1,1480.2,-47.8,4.58,129.84,0.21,11.4,5.68,0.19,False,,5.5,169.9,14.0,2026-08-11,False,True,6.0,NEUTRAL,1.88,191.5,0.09,51.3,,,,2026-07-28T06:29:17.611786
KVUE,Kenvue Inc.,68.6,⭐⭐ GOOD,🟡 Good,90.0,70.0,50.3,60.0,50.0,35.0,44.6,False,up,12.9,True,1,1.8,True,2,"{'eps_growth_yoy': 12.9, 'positive_quarters': 4, 'earnings_accelerating': True, 'eps_accel_quarters': 1, 'profit_margin_pct': 10.6}","{'revenue_growth_yoy': 1.8, 'revenue_accelerating': True, 'rev_accel_quarters': 2}","{'rs_3m': 8.9, 'rs_6m': 5.8, 'rs_line_percentile': 44.6, 'rs_line_at_new_high': False, 'rs_line_trend': 'up', 'rs_line_score': 35}","{'roe_pct': 15.7, 'debt_to_equity': 0.83, 'current_ratio': 0.98, 'operating_margin_pct': 21.6}","{'days_to_earnings': 'N/A', 'recommendation': 'hold', 'analyst_upside_pct': 1.8}",19.48,37401767936,Consumer Defensive,Household & Personal Products,3.7,2.9,False,22.74,-14.3,7.0,True,19.83,23.0,18.0,12.0,hold,1.8,41.04,110.7,25.2,29.4,4.97,0.97,4.3,98.5,0.83,,True,-0.36,6.2,18.8,9.0,2026-08-06,False,True,7.0,NEUTRAL,5.38,109.8,0.33,22.0,0.2,0.01,-21.8,2026-07-28T06:35:45.479410
FAST,Fastenal Company,68.3,⭐⭐ GOOD,🟡 Good,80.0,60.0,50.3,95.0,50.0,35.0,32.0,False,up,14.1,False,0,11.9,False,0,"{'eps_growth_yoy': 14.1, 'positive_quarters': 4, 'earnings_accelerating': False, 'eps_accel_quarters': 0, 'profit_margin_pct': 15.5}","{'revenue_growth_yoy': 11.9, 'revenue_accelerating': False, 'rev_accel_quarters': 0}","{'rs_3m': 2.2, 'rs_6m': 2.9, 'rs_line_percentile': 32.0, 'rs_line_at_new_high': False, 'rs_line_trend': 'up', 'rs_line_score': 35}","{'roe_pct': 34.3, 'debt_to_equity': 0.11, 'current_ratio': 4.18, 'operating_margin_pct': 21.0}","{'days_to_earnings': 'N/A', 'recommendation': 'hold', 'analyst_upside_pct': 0.4}",47.64,54666784768,Industrials,Industrial Distribution,3.1,3.6,False,50.63,-5.9,5.0,False,47.84,55.0,39.9,13.0,hold,0.4,18.94,-60.2,17.08,-64.1,1.68,0.8,2.04,78.6,0.96,2.16,True,-0.09,395.6,5.8,78.0,2026-10-14,False,False,8.0,STRONG,3.03,39.6,2.34,25.3,,,,2026-07-28T06:32:54.073079
DSGX,The Descartes Systems Group Inc,67.8,⭐⭐ GOOD,🟡 Good,100.0,50.0,24.0,90.0,70.0,15.0,8.5,False,up,27.5,True,1,7.7,False,0,"{'eps_growth_yoy': 27.5, 'positive_quarters': 4, 'earnings_accelerating': True, 'eps_accel_quarters': 1, 'profit_margin_pct': 23.3}","{'revenue_growth_yoy': 7.7, 'revenue_accelerating': False, 'rev_accel_quarters': 0}","{'rs_3m': -3.6, 'rs_6m': -21.3, 'rs_line_percentile': 8.5, 'rs_line_at_new_high': False, 'rs_line_trend': 'up', 'rs_line_score': 15}","{'roe_pct': 11.4, 'debt_to_equity': 0.0, 'current_ratio': 2.05, 'operating_margin_pct': 32.9}","{'days_to_earnings': 'N/A', 'recommendation': 'buy', 'analyst_upside_pct': 40.4}",71.08,6090904064,Technology,Software - Application,,4.7,False,109.0,-34.8,0.0,False,99.79,126.0,82.0,14.0,buy,40.4,132.77,86.8,63.0,-11.4,4.4,3.13,,,,,True,-0.34,243.4,34.1,36.0,2026-09-02,False,False,6.0,NEUTRAL,3.8,77.7,0.64,47.4,,,,2026-07-28T06:31:22.397197
MCO,Moody's Corporation,67.6,⭐⭐ GOOD,🟡 Good,100.0,50.0,46.7,65.0,60.0,35.0,32.0,False,up,35.9,True,2,8.9,False,0,"{'eps_growth_yoy': 35.9, 'positive_quarters': 4, 'earnings_accelerating': True, 'eps_accel_quarters': 2, 'profit_margin_pct': 34.3}","{'revenue_growth_yoy': 8.9, 'revenue_accelerating': False, 'rev_accel_quarters': 0}","{'rs_3m': 2.1, 'rs_6m': -14.3, 'rs_line_percentile': 32.0, 'rs_line_at_new_high': False, 'rs_line_trend': 'up', 'rs_line_score': 35}","{'roe_pct': 76.9, 'debt_to_equity': 2.41, 'current_ratio': 1.19, 'operating_margin_pct': 49.5}","{'days_to_earnings': 'N/A', 'recommendation': 'buy', 'analyst_upside_pct': 14.5}",485.96,84159037440,Financial Services,Financial Data & Stock Exchanges,2.1,3.1,False,546.88,-11.1,4.0,False,556.19,610.0,500.0,21.0,buy,14.5,631.57,30.0,486.9,0.2,3.06,14.89,0.87,25.0,4.12,0.8,False,,14.5,56.7,85.0,2026-10-21,False,False,8.0,STRONG,3.77,106.3,0.45,35.0,0.8,0.02,-34.2,2026-07-28T06:29:35.907055
RACE,Ferrari N.V.,67.5,⭐⭐ GOOD,🟡 Good,75.0,70.0,42.3,90.0,55.0,15.0,21.8,False,up,-2.7,True,2,3.4,True,2,"{'eps_growth_yoy': -2.7, 'positive_quarters': 4, 'earnings_accelerating': True, 'eps_accel_quarters': 2, 'profit_margin_pct': 22.2}","{'revenue_growth_yoy': 3.4, 'revenue_accelerating': True, 'rev_accel_quarters': 2}","{'rs_3m': 5.6, 'rs_6m': 5.6, 'rs_line_percentile': 21.8, 'rs_line_at_new_high': False, 'rs_line_trend': 'up', 'rs_line_score': 15}","{'roe_pct': 42.0, 'debt_to_equity': 0.72, 'current_ratio': 2.57, 'operating_margin_pct': 29.5}","{'days_to_earnings': 'N/A', 'recommendation': 'none', 'analyst_upside_pct': 16.9}",380.01,66796945408,Consumer Cyclical,Auto Manufacturers,2.9,6.7,False,515.0,-26.2,2.0,False,444.24,523.2,390.93,14.0,none,16.9,82.53,-78.3,102.6,-73.0,1.48,5.61,1.17,33.2,4.23,0.67,True,-0.88,55.1,0.7,2.0,2026-07-30,True,False,9.0,STRONG,3.08,38.5,23.75,34.8,3.1,0.09,-31.7,2026-07-28T06:31:37.600470
VLTO,Veralto Corp,67.1,⭐⭐ GOOD,🟡 Good,80.0,60.0,46.7,85.0,60.0,35.0,30.0,False,up,14.4,False,0,3.7,True,1,"{'eps_growth_yoy': 14.4, 'positive_quarters': 4, 'earnings_accelerating': False, 'eps_accel_quarters': 0, 'profit_margin_pct': 17.3}","{'revenue_growth_yoy': 3.7, 'revenue_accelerating': True, 'rev_accel_quarters': 1}","{'rs_3m': 4.7, 'rs_6m': -14.5, 'rs_line_percentile': 30.0, 'rs_line_at_new_high': False, 'rs_line_trend': 'up', 'rs_line_score': 35}","{'roe_pct': 36.5, 'debt_to_equity': 0.96, 'current_ratio': 1.48, 'operating_margin_pct': 23.8}","{'days_to_earnings': 'N/A', 'recommendation': 'buy', 'analyst_upside_pct': 14.7}",94.28,23155097600,Industrials,Pollution & Treatment Controls,3.2,2.9,False,110.11,-14.4,3.0,False,108.12,132.0,98.0,17.0,buy,14.7,70.46,-25.3,52.93,-43.9,3.32,3.13,0.57,12.4,0.52,,True,-1.3,14.0,13.3,0.0,2026-07-28,True,False,6.0,NEUTRAL,5.16,76.0,1.52,25.1,0.8,0.03,-24.3,2026-07-28T06:30:13.025104
KR,Kroger Company (The),66.6,⭐⭐ GOOD,🟡 Good,78.0,100.0,36.0,30.0,65.0,15.0,9.7,False,down,48.3,False,0,35.9,True,2,"{'eps_growth_yoy': 48.3, 'positive_quarters': 3, 'earnings_accelerating': False, 'eps_accel_quarters': 0, 'profit_margin_pct': 0.7}","{'revenue_growth_yoy': 35.9, 'revenue_accelerating': True, 'rev_accel_quarters': 2}","{'rs_3m': -15.2, 'rs_6m': -15.3, 'rs_line_percentile': 9.7, 'rs_line_at_new_high': False, 'rs_line_trend': 'down', 'rs_line_score': 15}","{'roe_pct': 13.8, 'debt_to_equity': 3.73, 'current_ratio': 0.79, 'operating_margin_pct': 3.2}","{'days_to_earnings': 'N/A', 'recommendation': 'buy', 'analyst_upside_pct': 21.8}",57.98,0,Consumer Defensive,Grocery Stores,4.8,2.9,False,76.58,-24.3,1.0,False,70.64,86.0,58.0,22.0,buy,21.8,,,23.1,-60.2,,,2.53,80.1,1.44,2.01,False,,3.0,9.2,44.0,2026-09-10,False,False,7.0,NEUTRAL,2.72,5.9,0.79,31.7,,,,2026-07-28T06:34:42.481086
KO,Coca-Cola Company (The),66.5,⭐⭐ GOOD,🟡 Good,85.0,40.0,65.1,80.0,60.0,60.0,72.1,False,up,3.0,True,1,-0.5,True,1,"{'eps_growth_yoy': 3.0, 'positive_quarters': 4, 'earnings_accelerating': True, 'eps_accel_quarters': 1, 'profit_margin_pct': 27.8}","{'revenue_growth_yoy': -0.5, 'revenue_accelerating': True, 'rev_accel_quarters': 1}","{'rs_3m': 8.5, 'rs_6m': 10.2, 'rs_line_percentile': 72.1, 'rs_line_at_new_high': False, 'rs_line_trend': 'up', 'rs_line_score': 60}","{'roe_pct': 43.4, 'debt_to_equity': 1.25, 'current_ratio': 1.36, 'operating_margin_pct': 35.1}","{'days_to_earnings': 'N/A', 'recommendation': 'buy', 'analyst_upside_pct': 5.0}",84.07,0,Consumer Defensive,Beverages - Non-Alcoholic,1.1,2.4,False,85.68,-1.9,7.0,True,88.3,98.0,75.0,23.0,buy,5.0,,,57.88,-31.2,,,2.58,64.8,2.12,2.88,False,,11.1,18.2,0.0,2026-07-28,True,False,7.0,NEUTRAL,4.56,91.1,1.33,28.5,,,,2026-07-28T06:29:28.742867
ALLY,Ally Financial Inc.,66.3,⭐⭐ GOOD,🟡 Good,90.0,60.0,44.0,60.0,65.0,35.0,39.4,False,up,3.0,True,2,7.3,True,1,"{'eps_growth_yoy': 3.0, 'positive_quarters': 4, 'earnings_accelerating': True, 'eps_accel_quarters': 2, 'profit_margin_pct': 18.4}","{'revenue_growth_yoy': 7.3, 'revenue_accelerating': True, 'rev_accel_quarters': 1}","{'rs_3m': -4.6, 'rs_6m': -2.3, 'rs_line_percentile': 39.4, 'rs_line_at_new_high': False, 'rs_line_trend': 'up', 'rs_line_score': 35}","{'roe_pct': 9.7, 'operating_margin_pct': 25.3}","{'days_to_earnings': 'N/A', 'recommendation': 'buy', 'analyst_upside_pct': 23.3}",43.68,13287442432,Financial Services,Credit Services,4.3,4.5,False,47.29,-7.6,5.0,False,53.88,58.0,45.0,17.0,buy,23.3,,,57.38,31.4,,,2.8,28.2,1.2,3.2,True,-12.56,,13.5,80.0,2026-10-16,False,False,5.0,NEUTRAL,,,0.5,26.9,0.8,0.03,-26.1,2026-07-28T06:34:49.782210
CPRT,"Copart, Inc.",65.8,⭐⭐ GOOD,🟡 Good,85.0,60.0,24.0,90.0,70.0,15.0,10.0,False,down,1.5,True,1,10.0,True,1,"{'eps_growth_yoy': 1.5, 'positive_quarters': 4, 'earnings_accelerating': True, 'eps_accel_quarters': 1, 'profit_margin_pct': 33.5}","{'revenue_growth_yoy': 10.0, 'revenue_accelerating': True, 'rev_accel_quarters': 1}","{'rs_3m': -13.9, 'rs_6m': -35.5, 'rs_line_percentile': 10.0, 'rs_line_at_new_high': False, 'rs_line_trend': 'down', 'rs_line_score': 15}","{'roe_pct': 17.6, 'debt_to_equity': 0.01, 'current_ratio': 7.61, 'operating_margin_pct': 37.5}","{'days_to_earnings': 'N/A', 'recommendation': 'buy', 'analyst_upside_pct': 35.3}",29.79,27579924480,Industrials,Specialty Business Services,5.1,2.7,False,50.11,-40.6,0.0,False,40.3,55.0,26.0,10.0,buy,35.3,15.89,-46.7,17.2,-42.3,3.63,1.08,,,,,True,-5.13,,1.6,37.0,2026-09-03,False,False,6.0,NEUTRAL,7.22,19.3,7.7,48.1,0.8,0.02,-47.3,2026-07-28T06:28:45.116237
COF,Capital One Financial Corporati,65.7,⭐⭐ GOOD,🟡 Good,78.0,70.0,46.7,60.0,65.0,35.0,32.5,False,up,,True,1,21.1,False,0,"{'positive_quarters': 3, 'earnings_accelerating': True, 'eps_accel_quarters': 1, 'profit_margin_pct': 21.9}","{'revenue_growth_yoy': 21.1, 'revenue_accelerating': False, 'rev_accel_quarters': 0}","{'rs_3m': 3.5, 'rs_6m': -12.5, 'rs_line_percentile': 32.5, 'rs_line_at_new_high': False, 'rs_line_trend': 'up', 'rs_line_score': 35}","{'roe_pct': 9.0, 'operating_margin_pct': 33.6}","{'days_to_earnings': 'N/A', 'recommendation': 'buy', 'analyst_upside_pct': 24.1}",207.05,127025184768,Financial Services,Credit Services,2.4,2.7,False,259.64,-20.3,3.0,False,257.05,310.0,214.0,22.0,buy,24.1,,,,,,,1.58,16.5,3.2,1.65,True,-5.52,,,84.0,2026-10-20,False,False,5.0,NEUTRAL,,,0.46,31.8,,,,2026-07-28T06:34:27.036327
ROP,"Roper Technologies, Inc.",65.7,⭐⭐ GOOD,🟡 Good,100.0,50.0,38.7,60.0,65.0,15.0,18.3,False,up,34.5,True,2,7.8,False,0,"{'eps_growth_yoy': 34.5, 'positive_quarters': 4, 'earnings_accelerating': True, 'eps_accel_quarters': 2, 'profit_margin_pct': 30.2}","{'revenue_growth_yoy': 7.8, 'revenue_accelerating': False, 'rev_accel_quarters': 0}","{'rs_3m': 3.1, 'rs_6m': -15.0, 'rs_line_percentile': 18.3, 'rs_line_at_new_high': False, 'rs_line_trend': 'up', 'rs_line_score': 15}","{'roe_pct': 13.1, 'debt_to_equity': 0.61, 'current_ratio': 0.55, 'operating_margin_pct': 27.7}","{'days_to_earnings': 'N/A', 'recommendation': 'buy', 'analyst_upside_pct': 17.1}",375.02,37089476608,Technology,Software - Application,6.9,4.8,False,564.68,-33.6,1.0,False,439.12,550.0,335.0,15.0,buy,17.1,971.52,159.1,719.7,91.9,6.11,22.91,0.99,14.5,3.64,0.59,True,-4.04,6.9,163.1,86.0,2026-10-22,False,False,6.0,NEUTRAL,4.71,1441.1,0.07,42.5,1.6,0.04,-40.9,2026-07-28T06:28:22.722874
LIN,Linde plc,65.3,⭐⭐ GOOD,🟡 Good,85.0,50.0,57.6,65.0,60.0,60.0,52.7,False,flat,5.2,True,1,3.4,False,0,"{'eps_growth_yoy': 5.2, 'positive_quarters': 4, 'earnings_accelerating': True, 'eps_accel_quarters': 1, 'profit_margin_pct': 20.4}","{'revenue_growth_yoy': 3.4, 'revenue_accelerating': False, 'rev_accel_quarters': 0}","{'rs_3m': -4.0, 'rs_6m': 4.9, 'rs_line_percentile': 52.7, 'rs_line_at_new_high': False, 'rs_line_trend': 'flat', 'rs_line_score': 60}","{'roe_pct': 18.2, 'debt_to_equity': 0.66, 'current_ratio': 0.83, 'operating_margin_pct': 28.5}","{'days_to_earnings': 'N/A', 'recommendation': 'buy', 'analyst_upside_pct': 8.2}",507.02,234419322880,Basic Materials,Specialty Chemicals,1.4,2.7,False,548.2,-7.5,6.0,False,548.8,622.0,400.0,25.0,buy,8.2,229.64,-54.7,199.79,-60.6,2.0,10.15,1.25,40.5,6.4,1.3,True,-1.83,20.6,13.4,3.0,2026-07-31,True,False,5.0,NEUTRAL,3.62,31.9,1.93,21.8,,,,2026-07-28T06:28:18.996693
WCN,"Waste Connections, Inc.",64.8,⭐⭐ GOOD,🟡 Good,80.0,70.0,46.7,50.0,65.0,35.0,30.3,False,up,3.5,True,1,4.2,True,2,"{'eps_growth_yoy': 3.5, 'positive_quarters': 4, 'earnings_accelerating': True, 'eps_accel_quarters': 1, 'profit_margin_pct': 10.9}","{'revenue_growth_yoy': 4.2, 'revenue_accelerating': True, 'rev_accel_quarters': 2}","{'rs_3m': 1.5, 'rs_6m': -8.0, 'rs_line_percentile': 30.3, 'rs_line_at_new_high': False, 'rs_line_trend': 'up', 'rs_line_score': 35}","{'roe_pct': 13.0, 'debt_to_equity': 1.22, 'current_ratio': 0.66, 'operating_margin_pct': 19.7}","{'days_to_earnings': 'N/A', 'recommendation': 'strong_buy', 'analyst_upside_pct': 20.8}",169.35,42684592128,Industrials,Waste Management,1.4,1.9,False,191.91,-11.8,3.0,False,204.5,305.0,162.0,26.0,strong_buy,20.8,64.98,-61.6,41.3,-75.6,2.46,4.16,0.83,33.0,1.4,0.69,True,-2.62,5.0,4.4,84.0,2026-10-20,False,False,6.0,NEUTRAL,3.36,19.4,6.2,20.5,0.4,0.02,-20.1,2026-07-28T06:28:03.371729
ASAZY,Assa Abloy AB,64.5,⭐⭐ GOOD,🟡 Good,90.0,60.0,36.0,65.0,55.0,15.0,19.7,False,flat,15.9,True,1,3.3,True,1,"{'eps_growth_yoy': 15.9, 'positive_quarters': 4, 'earnings_accelerating': True, 'eps_accel_quarters': 1, 'profit_margin_pct': 10.8}","{'revenue_growth_yoy': 3.3, 'revenue_accelerating': True, 'rev_accel_quarters': 1}","{'rs_3m': -13.6, 'rs_6m': -17.3, 'rs_line_percentile': 19.7, 'rs_line_at_new_high': False, 'rs_line_trend': 'flat', 'rs_line_score': 15}","{'roe_pct': 15.6, 'debt_to_equity': 0.64, 'current_ratio': 1.01}","{'days_to_earnings': 'N/A', 'recommendation': 'hold', 'analyst_upside_pct': 21.2}",17.94,39854657536,Industrials,Security & Protection Services,,,False,21.98,-18.4,4.0,False,21.74,21.74,21.74,1.0,hold,21.2,218.06,1115.5,12.24,-31.8,46.16,8.73,1.85,41.9,0.33,1.7,False,,,8.0,91.0,2026-10-27,False,False,8.0,STRONG,,118.2,1.26,23.8,,,,2026-07-28T06:32:21.239695
ISRG,"Intuitive Surgical, Inc.",64.2,⭐⭐ GOOD,🟡 Good,85.0,70.0,15.0,75.0,70.0,15.0,8.0,False,down,16.1,False,0,15.5,True,1,"{'eps_growth_yoy': 16.1, 'positive_quarters': 4, 'earnings_accelerating': False, 'eps_accel_quarters': 0, 'profit_margin_pct': 28.4}","{'revenue_growth_yoy': 15.5, 'revenue_accelerating': True, 'rev_accel_quarters': 1}","{'rs_3m': -27.8, 'rs_6m': -39.8, 'rs_line_percentile': 8.0, 'rs_line_at_new_high': False, 'rs_line_trend': 'down', 'rs_line_score': 15}","{'roe_pct': 17.4, 'current_ratio': 4.96, 'operating_margin_pct': 33.6}","{'days_to_earnings': 'N/A', 'recommendation': 'buy', 'analyst_upside_pct': 35.8}",356.83,127844352000,Healthcare,Medical Instruments & Supplies,1.9,2.4,False,603.88,-40.9,0.0,False,484.4,685.0,324.0,28.0,buy,35.8,272.63,-23.6,244.07,-31.6,2.05,7.3,,,,,True,-2.78,,26.5,84.0,2026-10-20,False,False,4.0,NEUTRAL,2.43,22.5,1.12,68.4,,,,2026-07-28T06:34:16.037564
AXP,American Express Company,64.1,⭐⭐ GOOD,🟡 Good,70.0,60.0,46.7,85.0,60.0,35.0,33.8,False,up,7.2,False,0,6.6,True,1,"{'eps_growth_yoy': 7.2, 'positive_quarters': 4, 'earnings_accelerating': False, 'eps_accel_quarters': 0, 'profit_margin_pct': 16.1}","{'revenue_growth_yoy': 6.6, 'revenue_accelerating': True, 'rev_accel_quarters': 1}","{'rs_3m': 1.9, 'rs_6m': -14.4, 'rs_line_percentile': 33.8, 'rs_line_at_new_high': False, 'rs_line_trend': 'up', 'rs_line_score': 35}","{'roe_pct': 34.4, 'debt_to_equity': 1.72, 'current_ratio': 1.55, 'operating_margin_pct': 20.3}","{'days_to_earnings': 'N/A', 'recommendation': 'buy', 'analyst_upside_pct': 11.6}",335.39,226492170240,Financial Services,Credit Services,2.2,3.4,False,387.49,-13.4,3.0,False,374.18,450.0,315.0,25.0,buy,11.6,,,181.17,-46.0,,,1.17,21.5,3.8,1.1,True,-3.3,,7.7,87.0,2026-10-23,False,False,4.0,NEUTRAL,,,1.52,31.7,,,,2026-07-28T06:33:31.042592
MSFT,Microsoft Corporation,63.3,⭐⭐ GOOD,🟡 Good,85.0,50.0,24.0,90.0,70.0,15.0,12.4,False,down,16.7,False,0,8.4,False,0,"{'eps_growth_yoy': 16.7, 'positive_quarters': 4, 'earnings_accelerating': False, 'eps_accel_quarters': 0, 'profit_margin_pct': 39.3}","{'revenue_growth_yoy': 8.4, 'revenue_accelerating': False, 'rev_accel_quarters': 0}","{'rs_3m': -11.8, 'rs_6m': -24.2, 'rs_line_percentile': 12.4, 'rs_line_at_new_high': False, 'rs_line_trend': 'down', 'rs_line_score': 15}","{'roe_pct': 34.0, 'debt_to_equity': 0.3, 'current_ratio': 1.28, 'operating_margin_pct': 46.3}","{'days_to_earnings': 'N/A', 'recommendation': 'strong_buy', 'analyst_upside_pct': 43.1}",389.1,2890404200448,Technology,Software - Infrastructure,1.2,2.0,False,555.45,-29.9,0.0,False,556.75,870.0,400.0,55.0,strong_buy,43.1,165.89,-57.4,400.61,3.0,1.28,4.98,0.95,20.7,3.64,0.79,True,-0.77,55.7,23.4,1.0,2026-07-29,True,False,6.0,NEUTRAL,4.29,45.1,0.86,32.0,0.4,0.01,-31.6,2026-07-28T06:29:24.734048
TNE.AX,TECH ONE FPO [TNE],62.9,⭐⭐ GOOD,🟡 Good,60.0,50.0,60.5,95.0,60.0,,,,,,,0,,,0,{'profit_margin_pct': 22.4},{},"{'rs_3m': 2.5, 'rs_6m': 7.6}","{'roe_pct': 33.5, 'debt_to_equity': 0.12, 'current_ratio': 1.12, 'operating_margin_pct': 27.1}","{'days_to_earnings': 'N/A', 'recommendation': 'buy', 'analyst_upside_pct': 5.2}",29.63,9699930112,Technology,Software - Application,,,False,41.44,-28.5,3.0,False,31.16,34.25,22.0,16.0,buy,5.2,7.85,-73.5,4.3,-85.5,1.57,0.46,0.98,62.2,0.28,0.98,,,,4.4,111.0,2026-11-17,False,False,3.0,NEUTRAL,2.02,162.9,7.76,37.1,,,,2026-07-28T06:33:20.019212
SAP,SAP  SE,62.8,⭐⭐ GOOD,🟡 Good,75.0,60.0,24.0,90.0,70.0,15.0,12.4,False,up,8.8,False,0,8.8,True,1,"{'eps_growth_yoy': 8.8, 'positive_quarters': 4, 'earnings_accelerating': False, 'eps_accel_quarters': 0, 'profit_margin_pct': 20.4}","{'revenue_growth_yoy': 8.8, 'revenue_accelerating': True, 'rev_accel_quarters': 1}","{'rs_3m': -3.3, 'rs_6m': -34.7, 'rs_line_percentile': 12.4, 'rs_line_at_new_high': False, 'rs_line_trend': 'up', 'rs_line_score': 15}","{'roe_pct': 18.3, 'debt_to_equity': 0.22, 'current_ratio': 1.15, 'operating_margin_pct': 27.6}","{'days_to_earnings': 'N/A', 'recommendation': 'buy', 'analyst_upside_pct': 43.4}",171.01,201609216000,Technology,Software - Application,0.8,4.0,False,299.48,-42.9,1.0,False,245.17,319.0,177.0,12.0,buy,43.4,330.19,93.1,228.3,33.5,4.51,7.79,1.83,37.2,2.93,1.48,True,-1.44,20.7,30.6,85.0,2026-10-21,False,False,8.0,STRONG,5.49,146.7,0.58,53.4,,,,2026-07-28T06:31:41.237778
FHN,First Horizon Corporation,62.1,⭐⭐ GOOD,🟡 Good,75.0,50.0,56.7,65.0,60.0,60.0,58.7,False,up,8.7,False,0,3.7,False,0,"{'eps_growth_yoy': 8.7, 'positive_quarters': 4, 'earnings_accelerating': False, 'eps_accel_quarters': 0, 'profit_margin_pct': 30.2}","{'revenue_growth_yoy': 3.7, 'revenue_accelerating': False, 'rev_accel_quarters': 0}","{'rs_3m': 0.6, 'rs_6m': -0.6, 'rs_line_percentile': 58.7, 'rs_line_at_new_high': False, 'rs_line_trend': 'up', 'rs_line_score': 60}","{'roe_pct': 11.5, 'operating_margin_pct': 40.1}","{'days_to_earnings': 'N/A', 'recommendation': 'buy', 'analyst_upside_pct': 9.7}",25.48,0,Financial Services,Banks - Regional,0.0,0.0,False,26.56,-4.1,6.0,False,27.95,30.0,25.0,19.0,buy,9.7,,,39.6,55.4,,,2.66,31.2,0.68,3.34,False,,,14.0,78.0,2026-10-14,False,False,5.0,NEUTRAL,,,0.55,19.6,,,,2026-07-28T06:36:03.666181
CHD,"Church & Dwight Company, Inc.",61.8,⭐⭐ GOOD,🟡 Good,90.0,30.0,50.3,75.0,60.0,35.0,41.1,False,up,13.2,True,1,-2.5,False,0,"{'eps_growth_yoy': 13.2, 'positive_quarters': 4, 'earnings_accelerating': True, 'eps_accel_quarters': 1, 'profit_margin_pct': 11.8}","{'revenue_growth_yoy': -2.5, 'revenue_accelerating': False, 'rev_accel_quarters': 0}","{'rs_3m': 0.2, 'rs_6m': 0.8, 'rs_line_percentile': 41.1, 'rs_line_at_new_high': False, 'rs_line_trend': 'up', 'rs_line_score': 35}","{'roe_pct': 16.8, 'debt_to_equity': 0.57, 'current_ratio': 1.22, 'operating_margin_pct': 20.2}","{'days_to_earnings': 'N/A', 'recommendation': 'buy', 'analyst_upside_pct': 5.2}",98.7,0,Consumer Defensive,Household & Personal Products,5.1,5.2,False,106.04,-6.9,6.0,False,103.84,115.0,77.0,19.0,buy,5.2,,,30.4,-69.2,,,1.26,39.2,1.23,1.16,False,,10.9,1.5,3.0,2026-07-31,True,False,7.0,NEUTRAL,4.17,114.1,11.09,23.5,1.6,0.07,-21.9,2026-07-28T06:32:17.345954
PG,Procter & Gamble Company (The),61.8,⭐⭐ GOOD,🟡 Good,80.0,50.0,44.0,70.0,60.0,35.0,27.7,False,up,8.8,True,1,1.7,False,0,"{'eps_growth_yoy': 8.8, 'positive_quarters': 4, 'earnings_accelerating': True, 'eps_accel_quarters': 1, 'profit_margin_pct': 19.2}","{'revenue_growth_yoy': 1.7, 'revenue_accelerating': False, 'rev_accel_quarters': 0}","{'rs_3m': -2.7, 'rs_6m': -6.3, 'rs_line_percentile': 27.7, 'rs_line_at_new_high': False, 'rs_line_trend': 'up', 'rs_line_score': 35}","{'roe_pct': 31.1, 'debt_to_equity': 0.68, 'current_ratio': 0.73, 'operating_margin_pct': 23.0}","{'days_to_earnings': 'N/A', 'recommendation': 'buy', 'analyst_upside_pct': 10.1}",148.63,0,Consumer Defensive,Household & Personal Products,1.0,2.3,False,167.25,-11.1,4.0,False,163.61,186.0,145.0,23.0,buy,10.1,,,68.4,-54.0,,,2.95,61.8,4.35,2.48,False,,25.6,4.1,1.0,2026-07-29,True,False,6.0,NEUTRAL,5.67,88.2,3.63,23.1,0.4,0.02,-22.7,2026-07-28T06:29:47.266288
JKHY,"Jack Henry & Associates, Inc.",61.6,⭐⭐ GOOD,🟡 Good,65.0,60.0,32.0,95.0,65.0,35.0,36.0,False,up,-3.7,True,1,3.4,True,1,"{'eps_growth_yoy': -3.7, 'positive_quarters': 4, 'earnings_accelerating': True, 'eps_accel_quarters': 1, 'profit_margin_pct': 20.6}","{'revenue_growth_yoy': 3.4, 'revenue_accelerating': True, 'rev_accel_quarters': 1}","{'rs_3m': -1.9, 'rs_6m': -23.0, 'rs_line_percentile': 36.0, 'rs_line_at_new_high': False, 'rs_line_trend': 'up', 'rs_line_score': 35}","{'roe_pct': 24.9, 'debt_to_equity': 0.06, 'current_ratio': 1.74, 'operating_margin_pct': 24.4}","{'days_to_earnings': 'N/A', 'recommendation': 'buy', 'analyst_upside_pct': 21.4}",152.98,10869348352,Technology,Information Technology Services,7.9,2.8,False,193.39,-20.9,2.0,False,185.71,208.0,158.0,14.0,buy,21.4,114.65,-25.1,89.38,-41.6,3.44,5.26,1.58,32.8,2.38,1.22,True,-2.62,123.3,12.5,21.0,2026-08-18,False,True,9.0,STRONG,5.43,162.7,1.72,33.3,1.6,0.05,-31.7,2026-07-28T06:34:01.428561
NYT,New York Times Company (The),61.3,⭐⭐ GOOD,🟡 Good,70.0,50.0,44.0,90.0,55.0,35.0,33.6,False,down,6.0,False,0,3.8,False,0,"{'eps_growth_yoy': 6.0, 'positive_quarters': 4, 'earnings_accelerating': False, 'eps_accel_quarters': 0, 'profit_margin_pct': 13.3}","{'revenue_growth_yoy': 3.8, 'revenue_accelerating': False, 'rev_accel_quarters': 0}","{'rs_3m': -12.4, 'rs_6m': -7.3, 'rs_line_percentile': 33.6, 'rs_line_at_new_high': False, 'rs_line_trend': 'down', 'rs_line_score': 35}","{'roe_pct': 19.7, 'debt_to_equity': 0.02, 'current_ratio': 1.6, 'operating_margin_pct': 13.1}","{'days_to_earnings': 'N/A', 'recommendation': 'none', 'analyst_upside_pct': 15.3}",72.37,0,Communication Services,Publishing,8.7,7.6,True,87.1,-16.9,4.0,False,83.44,95.0,66.0,9.0,none,15.3,,,70.5,-2.6,,,1.28,40.8,0.92,0.92,False,,525.6,40.0,8.0,2026-08-05,False,True,8.0,STRONG,4.07,52.8,0.28,31.5,0.2,0.01,-31.3,2026-07-28T06:35:16.324830
PAYX,"Paychex, Inc.",61.1,⭐⭐ GOOD,🟡 Good,75.0,50.0,56.6,65.0,50.0,35.0,34.5,False,up,9.6,False,0,4.3,False,0,"{'eps_growth_yoy': 9.6, 'positive_quarters': 4, 'earnings_accelerating': False, 'eps_accel_quarters': 0, 'profit_margin_pct': 26.6}","{'revenue_growth_yoy': 4.3, 'revenue_accelerating': False, 'rev_accel_quarters': 0}","{'rs_3m': 26.5, 'rs_6m': 4.0, 'rs_line_percentile': 34.5, 'rs_line_at_new_high': False, 'rs_line_trend': 'up', 'rs_line_score': 35}","{'debt_to_equity': 1.24, 'current_ratio': 1.15, 'operating_margin_pct': 38.3}","{'days_to_earnings': 'N/A', 'recommendation': 'hold', 'analyst_upside_pct': -6.0}",115.48,41074257920,Technology,Software - Application,6.1,5.1,False,148.11,-22.0,4.0,False,108.5,140.0,95.0,14.0,hold,-6.0,,,149.4,29.4,,,4.19,90.6,4.76,2.83,True,-1.49,9.6,17.4,63.0,2026-09-29,False,False,7.0,NEUTRAL,5.79,106.4,0.42,33.4,,,,2026-07-28T06:29:43.378572
VRSN,"VeriSign, Inc.",61.0,⭐⭐ GOOD,🟡 Good,75.0,60.0,47.6,50.0,65.0,35.0,36.3,False,down,1.7,False,0,3.7,True,1,"{'eps_growth_yoy': 1.7, 'positive_quarters': 4, 'earnings_accelerating': False, 'eps_accel_quarters': 0, 'profit_margin_pct': 49.8}","{'revenue_growth_yoy': 3.7, 'revenue_accelerating': True, 'rev_accel_quarters': 1}","{'rs_3m': -0.8, 'rs_6m': 2.7, 'rs_line_percentile': 36.3, 'rs_line_at_new_high': False, 'rs_line_trend': 'down', 'rs_line_score': 35}","{'current_ratio': 0.59, 'operating_margin_pct': 68.2}","{'days_to_earnings': 'N/A', 'recommendation': 'buy', 'analyst_upside_pct': 15.7}",274.82,24843728896,Technology,Software - Infrastructure,2.0,2.2,False,312.48,-12.1,5.0,False,318.0,355.0,270.0,5.0,buy,15.7,165.22,-39.9,90.4,-67.1,3.35,9.21,1.16,34.3,3.24,,True,-3.62,15.5,7.7,86.0,2026-10-22,False,False,8.0,STRONG,4.39,512.5,3.25,33.9,,,,2026-07-28T06:29:10.427814
PEP,"Pepsico, Inc.",61.0,⭐⭐ GOOD,🟡 Good,90.0,60.0,36.0,45.0,50.0,15.0,14.6,False,down,14.5,True,1,1.0,True,1,"{'eps_growth_yoy': 14.5, 'positive_quarters': 4, 'earnings_accelerating': True, 'eps_accel_quarters': 1, 'profit_margin_pct': 10.8}","{'revenue_growth_yoy': 1.0, 'revenue_accelerating': True, 'rev_accel_quarters': 1}","{'rs_3m': -11.9, 'rs_6m': -9.6, 'rs_line_percentile': 14.6, 'rs_line_at_new_high': False, 'rs_line_trend': 'down', 'rs_line_score': 15}","{'roe_pct': 51.5, 'debt_to_equity': 2.39, 'current_ratio': 0.93, 'operating_margin_pct': 16.8}","{'days_to_earnings': 'N/A', 'recommendation': 'hold', 'analyst_upside_pct': 11.5}",139.79,190953127936,Consumer Defensive,Beverages - Non-Alcoholic,2.7,3.2,False,171.48,-18.5,3.0,False,155.91,183.0,124.0,22.0,hold,11.5,243.14,73.9,234.0,67.4,4.1,5.73,4.33,75.3,5.92,3.03,True,-0.52,12.7,54.8,72.0,2026-10-08,False,False,5.0,NEUTRAL,4.87,33.8,0.11,30.8,0.2,0.01,-30.6,2026-07-28T06:33:27.648837
TMO,Thermo Fisher Scientific Inc,60.8,⭐⭐ GOOD,🟡 Good,70.0,50.0,50.3,75.0,60.0,35.0,48.3,False,up,2.1,False,0,1.4,False,0,"{'eps_growth_yoy': 2.1, 'positive_quarters': 4, 'earnings_accelerating': False, 'eps_accel_quarters': 0, 'profit_margin_pct': 15.0}","{'revenue_growth_yoy': 1.4, 'revenue_accelerating': False, 'rev_accel_quarters': 0}","{'rs_3m': 16.1, 'rs_6m': -17.8, 'rs_line_percentile': 48.3, 'rs_line_at_new_high': False, 'rs_line_trend': 'up', 'rs_line_score': 35}","{'roe_pct': 13.5, 'debt_to_equity': 0.81, 'current_ratio': 1.55, 'operating_margin_pct': 18.8}","{'days_to_earnings': 'N/A', 'recommendation': 'buy', 'analyst_upside_pct': 10.4}",559.53,0,Healthcare,Diagnostics & Research,1.4,2.5,False,643.99,-13.1,4.0,False,618.0,750.0,510.0,26.0,buy,10.4,,,183.0,-67.3,,,0.33,9.7,1.88,0.26,False,,6.4,9.4,85.0,2026-10-21,False,False,5.0,NEUTRAL,3.54,36.2,2.17,36.9,,,,2026-07-28T06:30:06.089115
STZ,"Constellation Brands, Inc.",60.8,⭐⭐ GOOD,🟡 Good,100.0,40.0,24.0,60.0,70.0,15.0,1.6,False,down,40.3,True,1,-1.9,True,1,"{'eps_growth_yoy': 40.3, 'positive_quarters': 4, 'earnings_accelerating': True, 'eps_accel_quarters': 1, 'profit_margin_pct': 20.1}","{'revenue_growth_yoy': -1.9, 'revenue_accelerating': True, 'rev_accel_quarters': 1}","{'rs_3m': -19.4, 'rs_6m': -25.9, 'rs_line_percentile': 1.6, 'rs_line_at_new_high': False, 'rs_line_trend': 'down', 'rs_line_score': 15}","{'roe_pct': 23.7, 'debt_to_equity': 1.23, 'current_ratio': 0.91, 'operating_margin_pct': 35.9}","{'days_to_earnings': 'N/A', 'recommendation': 'buy', 'analyst_upside_pct': 31.7}",129.71,22155034624,Consumer Defensive,Beverages - Brewers,5.5,3.2,False,176.33,-26.4,1.0,False,170.83,209.0,115.0,23.0,buy,31.7,549.0,323.3,315.0,142.8,9.98,12.95,3.17,39.0,4.12,1.75,True,-3.8,8.2,21.5,69.0,2026-10-05,False,False,6.0,NEUTRAL,8.33,29.4,0.34,32.8,0.4,0.01,-32.4,2026-07-28T06:35:05.388334
QSR,Restaurant Brands International,60.5,⭐⭐ GOOD,🟡 Good,100.0,30.0,47.6,50.0,60.0,35.0,34.0,False,flat,77.9,True,1,-6.1,False,0,"{'eps_growth_yoy': 77.9, 'positive_quarters': 4, 'earnings_accelerating': True, 'eps_accel_quarters': 1, 'profit_margin_pct': 10.0}","{'revenue_growth_yoy': -6.1, 'revenue_accelerating': False, 'rev_accel_quarters': 0}","{'rs_3m': -8.4, 'rs_6m': 5.6, 'rs_line_percentile': 34.0, 'rs_line_at_new_high': False, 'rs_line_trend': 'flat', 'rs_line_score': 35}","{'roe_pct': 28.1, 'debt_to_equity': 2.96, 'current_ratio': 0.99, 'operating_margin_pct': 25.9}","{'days_to_earnings': 'N/A', 'recommendation': 'buy', 'analyst_upside_pct': 14.3}",74.41,0,Consumer Cyclical,Restaurants,6.3,5.6,False,81.96,-9.2,6.0,False,85.04,100.0,76.0,24.0,buy,14.3,,,95.7,28.6,,,3.59,80.7,2.6,3.41,False,,4.6,100.0,9.0,2026-08-06,False,True,6.0,NEUTRAL,5.25,51.7,0.17,30.2,0.8,0.03,-29.4,2026-07-28T06:35:30.716385
OTIS,Otis Worldwide Corporation,60.0,⭐⭐ GOOD,🟡 Good,90.0,60.0,24.0,45.0,65.0,15.0,15.6,False,flat,14.4,True,1,4.6,True,1,"{'eps_growth_yoy': 14.4, 'positive_quarters': 4, 'earnings_accelerating': True, 'eps_accel_quarters': 1, 'profit_margin_pct': 10.2}","{'revenue_growth_yoy': 4.6, 'revenue_accelerating': True, 'rev_accel_quarters': 1}","{'rs_3m': -8.6, 'rs_6m': -25.6, 'rs_line_percentile': 15.6, 'rs_line_at_new_high': False, 'rs_line_trend': 'flat', 'rs_line_score': 15}","{'current_ratio': 0.83, 'operating_margin_pct': 15.1}","{'days_to_earnings': 'N/A', 'recommendation': 'buy', 'analyst_upside_pct': 26.3}",73.19,27861190656,Industrials,Specialty Industrial Machinery,4.3,3.8,False,94.565,-22.6,2.0,False,92.42,107.0,78.0,12.0,buy,26.3,83.98,14.7,51.48,-29.7,5.16,3.77,2.45,43.7,1.76,1.5,True,-3.79,,9.1,92.0,2026-10-28,False,False,6.0,NEUTRAL,6.13,171.1,1.21,27.5,,,,2026-07-28T06:31:56.073916
ETN,"Eaton Corporation, PLC",59.5,⭐ AVERAGE,🟡 Average,50.0,70.0,52.4,70.0,60.0,35.0,49.3,False,flat,-11.8,False,0,6.0,True,2,"{'eps_growth_yoy': -11.8, 'positive_quarters': 4, 'earnings_accelerating': False, 'eps_accel_quarters': 0, 'profit_margin_pct': 14.0}","{'revenue_growth_yoy': 6.0, 'revenue_accelerating': True, 'rev_accel_quarters': 2}","{'rs_3m': -7.7, 'rs_6m': 13.4, 'rs_line_percentile': 49.3, 'rs_line_at_new_high': False, 'rs_line_trend': 'flat', 'rs_line_score': 35}","{'roe_pct': 20.8, 'debt_to_equity': 1.1, 'current_ratio': 1.19, 'operating_margin_pct': 16.1}","{'days_to_earnings': 'N/A', 'recommendation': 'buy', 'analyst_upside_pct': 14.3}",398.64,0,Industrials,Specialty Industrial Machinery,2.1,3.4,False,436.74,-8.7,5.0,False,455.79,534.0,321.0,25.0,buy,14.3,,,102.2,-74.4,,,1.09,41.3,4.4,1.55,False,,16.5,-9.4,3.0,2026-07-31,True,False,7.0,NEUTRAL,2.94,64.1,,41.6,0.4,0.01,-41.2,2026-07-28T06:32:24.806301
AUTO.L,AUTOTRADER GROUP PLC ORD 1P,59.0,⭐ AVERAGE,🟡 Average,60.0,50.0,50.0,90.0,50.0,,,,,,,0,,,0,{'profit_margin_pct': 47.1},{},"{'rs_3m': nan, 'rs_6m': nan}","{'roe_pct': 60.2, 'debt_to_equity': 0.52, 'current_ratio': 1.73, 'operating_margin_pct': 62.2}","{'days_to_earnings': 'N/A', 'recommendation': 'hold', 'analyst_upside_pct': 10.8}",510.8,3998901504,Communication Services,Internet Content & Information,,,False,844.4,-39.5,0.0,False,566.0,800.0,410.0,17.0,hold,10.8,501.0,-1.9,340.0,-33.4,6.09,0.31,2.37,32.0,0.12,0.99,,,,2.0,100.0,2026-11-05,False,False,5.0,NEUTRAL,9.08,332.4,2.28,24.4,,,,2026-07-28T06:34:05.054396
TEVA,Teva Pharmaceutical Industries ,59.0,⭐ AVERAGE,🟡 Average,85.0,30.0,54.0,55.0,70.0,60.0,61.6,False,down,30.9,False,0,-4.7,False,0,"{'eps_growth_yoy': 30.9, 'positive_quarters': 4, 'earnings_accelerating': False, 'eps_accel_quarters': 0, 'profit_margin_pct': 9.0}","{'revenue_growth_yoy': -4.7, 'revenue_accelerating': False, 'rev_accel_quarters': 0}","{'rs_3m': -4.2, 'rs_6m': -10.6, 'rs_line_percentile': 61.6, 'rs_line_at_new_high': False, 'rs_line_trend': 'down', 'rs_line_score': 60}","{'roe_pct': 21.6, 'debt_to_equity': 2.06, 'current_ratio': 1.01, 'operating_margin_pct': 19.2}","{'days_to_earnings': 'N/A', 'recommendation': 'strong_buy', 'analyst_upside_pct': 31.6}",31.08,36190392320,Healthcare,Drug Manufacturers - Specialty & Generic,2.8,5.8,False,37.35,-16.8,5.0,False,40.9,50.0,33.0,10.0,strong_buy,31.6,95.11,206.0,40.5,30.3,7.22,2.24,,,,2.95,False,,2.5,72.2,1.0,2026-07-29,True,False,8.0,STRONG,4.33,43.5,0.14,34.1,,,,2026-07-28T06:35:41.580104
FDS,FactSet Research Systems Inc.,58.5,⭐ AVERAGE,🟡 Average,65.0,60.0,42.3,70.0,50.0,15.0,24.3,False,up,-17.5,True,1,4.4,True,1,"{'eps_growth_yoy': -17.5, 'positive_quarters': 4, 'earnings_accelerating': True, 'eps_accel_quarters': 1, 'profit_margin_pct': 23.2}","{'revenue_growth_yoy': 4.4, 'revenue_accelerating': True, 'rev_accel_quarters': 1}","{'rs_3m': 15.0, 'rs_6m': -13.5, 'rs_line_percentile': 24.3, 'rs_line_at_new_high': False, 'rs_line_trend': 'up', 'rs_line_score': 15}","{'roe_pct': 27.0, 'debt_to_equity': 0.77, 'current_ratio': 0.68, 'operating_margin_pct': 30.5}","{'days_to_earnings': 'N/A', 'recommendation': 'hold', 'analyst_upside_pct': -4.1}",265.9,9456877568,Financial Services,Financial Data & Stock Exchanges,16.2,5.0,True,419.22,-36.6,3.0,False,255.06,340.0,210.0,16.0,hold,-4.1,256.99,-3.4,158.7,-40.3,6.57,17.47,1.82,29.4,4.64,1.0,True,-6.48,14.1,-3.8,51.0,2026-09-17,False,False,6.0,NEUTRAL,7.25,187.1,,62.2,1.6,0.03,-60.6,2026-07-28T06:32:50.216314
TT,Trane Technologies plc,58.5,⭐ AVERAGE,🟡 Average,60.0,40.0,62.4,80.0,60.0,60.0,54.2,False,flat,-31.8,True,1,-13.5,True,1,"{'eps_growth_yoy': -31.8, 'positive_quarters': 4, 'earnings_accelerating': True, 'eps_accel_quarters': 1, 'profit_margin_pct': 13.4}","{'revenue_growth_yoy': -13.5, 'revenue_accelerating': True, 'rev_accel_quarters': 1}","{'rs_3m': -3.9, 'rs_6m': 15.9, 'rs_line_percentile': 54.2, 'rs_line_at_new_high': False, 'rs_line_trend': 'flat', 'rs_line_score': 60}","{'roe_pct': 36.6, 'debt_to_equity': 0.54, 'current_ratio': 1.09, 'operating_margin_pct': 15.5}","{'days_to_earnings': 'N/A', 'recommendation': 'buy', 'analyst_upside_pct': 8.4}",483.34,106844954624,Industrials,Building Products & Equipment,1.9,3.3,False,505.87,-4.5,7.0,True,523.75,570.0,402.0,21.0,buy,8.4,177.22,-63.3,130.8,-72.9,2.49,12.04,0.87,29.6,4.2,1.19,True,-1.21,17.3,-1.5,2.0,2026-07-30,True,False,9.0,STRONG,3.54,102.0,,25.8,,,,2026-07-28T06:32:43.095191
IDXX,"IDEXX Laboratories, Inc.",58.5,⭐ AVERAGE,🟡 Average,65.0,60.0,24.0,85.0,65.0,15.0,10.8,False,up,-5.3,True,1,2.8,True,1,"{'eps_growth_yoy': -5.3, 'positive_quarters': 4, 'earnings_accelerating': True, 'eps_accel_quarters': 1, 'profit_margin_pct': 24.6}","{'revenue_growth_yoy': 2.8, 'revenue_accelerating': True, 'rev_accel_quarters': 1}","{'rs_3m': -6.9, 'rs_6m': -27.6, 'rs_line_percentile': 10.8, 'rs_line_at_new_high': False, 'rs_line_trend': 'up', 'rs_line_score': 15}","{'roe_pct': 72.9, 'debt_to_equity': 0.71, 'current_ratio': 1.12, 'operating_margin_pct': 31.8}","{'days_to_earnings': 'N/A', 'recommendation': 'buy', 'analyst_upside_pct': 27.4}",556.2,43874725888,Healthcare,Diagnostics & Research,3.0,2.8,False,769.98,-27.8,1.0,False,708.43,805.0,470.0,14.0,buy,27.4,262.09,-52.9,239.25,-57.0,1.79,9.97,,,,,True,-2.66,36.2,12.0,7.0,2026-08-04,True,False,8.0,STRONG,3.04,120.0,1.96,34.4,0.8,0.02,-33.6,2026-07-28T06:29:50.967266
MA,Mastercard Incorporated,58.3,⭐ AVERAGE,🟡 Average,75.0,50.0,46.7,50.0,65.0,35.0,38.9,False,up,4.9,False,0,3.3,False,0,"{'eps_growth_yoy': 4.9, 'positive_quarters': 4, 'earnings_accelerating': False, 'eps_accel_quarters': 0, 'profit_margin_pct': 45.9}","{'revenue_growth_yoy': 3.3, 'revenue_accelerating': False, 'rev_accel_quarters': 0}","{'rs_3m': 5.5, 'rs_6m': -2.3, 'rs_line_percentile': 38.9, 'rs_line_at_new_high': False, 'rs_line_trend': 'up', 'rs_line_score': 35}","{'roe_pct': 232.1, 'debt_to_equity': 2.82, 'current_ratio': 0.98, 'operating_margin_pct': 60.8}","{'days_to_earnings': 'N/A', 'recommendation': 'strong_buy', 'analyst_upside_pct': 16.7}",551.71,0,Financial Services,Credit Services,1.0,2.3,False,601.77,-8.3,3.0,False,644.05,735.0,550.0,38.0,strong_buy,16.7,,,366.12,-33.6,,,0.64,18.2,3.48,0.54,False,,27.7,21.2,2.0,2026-07-30,True,False,9.0,STRONG,3.87,622.8,1.14,25.5,,,,2026-07-28T06:28:51.980686
ITW,Illinois Tool Works Inc.,58.3,⭐ AVERAGE,🟡 Average,80.0,30.0,60.3,65.0,50.0,60.0,55.0,False,up,1.7,True,1,-0.9,False,0,"{'eps_growth_yoy': 1.7, 'positive_quarters': 4, 'earnings_accelerating': True, 'eps_accel_quarters': 1, 'profit_margin_pct': 19.3}","{'revenue_growth_yoy': -0.9, 'revenue_accelerating': False, 'rev_accel_quarters': 0}","{'rs_3m': 2.6, 'rs_6m': 4.0, 'rs_line_percentile': 55.0, 'rs_line_at_new_high': False, 'rs_line_trend': 'up', 'rs_line_score': 60}","{'roe_pct': 96.8, 'debt_to_equity': 2.83, 'current_ratio': 1.19, 'operating_margin_pct': 25.7}","{'days_to_earnings': 'N/A', 'recommendation': 'hold', 'analyst_upside_pct': -1.7}",284.82,81942716416,Industrials,Specialty Industrial Machinery,3.3,6.6,False,303.16,-6.0,5.0,False,280.05,317.0,219.0,14.0,hold,-1.7,163.34,-42.7,127.2,-55.3,2.7,7.7,2.28,58.8,6.44,2.26,True,-1.83,14.6,4.7,0.0,2026-07-28,True,False,5.0,NEUTRAL,4.72,118.3,1.98,24.5,,,,2026-07-28T06:32:10.102842
7741.T,HOYA CORP,58.2,⭐ AVERAGE,🟡 Average,60.0,50.0,35.0,95.0,65.0,,,,,,,0,,,0,{'profit_margin_pct': 26.7},{},"{'rs_3m': -20.6, 'rs_6m': -12.1}","{'roe_pct': 25.1, 'debt_to_equity': 0.04, 'current_ratio': 4.81, 'operating_margin_pct': 27.3}","{'days_to_earnings': 'N/A', 'recommendation': 'strong_buy', 'analyst_upside_pct': 28.1}",23725.0,7936451543040,Healthcare,Medical Instruments & Supplies,,,False,30400.0,-22.0,4.0,False,30380.0,34000.0,23100.0,15.0,strong_buy,28.1,9051.79,-61.8,7442.2,-68.6,2.15,508.93,1.19,39.7,295.0,0.75,,,,7.5,2.0,2026-07-31,True,False,6.0,NEUTRAL,4.25,33.1,4.63,34.1,,,,2026-07-28T06:31:29.908049
CVX,Chevron Corporation,58.1,⭐ AVERAGE,🟡 Average,55.0,60.0,50.3,70.0,60.0,35.0,36.8,False,up,-11.2,True,1,7.2,True,1,"{'eps_growth_yoy': -11.2, 'positive_quarters': 4, 'earnings_accelerating': True, 'eps_accel_quarters': 1, 'profit_margin_pct': 5.9}","{'revenue_growth_yoy': 7.2, 'revenue_accelerating': True, 'rev_accel_quarters': 1}","{'rs_3m': 0.2, 'rs_6m': 8.3, 'rs_line_percentile': 36.8, 'rs_line_at_new_high': False, 'rs_line_trend': 'up', 'rs_line_score': 35}","{'roe_pct': 6.6, 'debt_to_equity': 0.24, 'current_ratio': 1.09, 'operating_margin_pct': 7.3}","{'days_to_earnings': 'N/A', 'recommendation': 'buy', 'analyst_upside_pct': 12.7}",190.0,378403553280,Energy,Oil & Gas Integrated,1.0,2.1,False,214.71,-11.5,6.0,False,214.21,243.0,170.0,24.0,buy,12.7,87.01,-54.2,56.0,-70.5,3.11,5.91,3.66,120.4,7.12,4.01,True,-2.84,14.4,-44.5,3.0,2026-07-31,True,False,5.0,NEUTRAL,4.97,9.3,,24.6,,,,2026-07-28T06:34:30.895164
VRSK,"Verisk Analytics, Inc.",57.8,⭐ AVERAGE,🟡 Average,65.0,50.0,50.3,65.0,60.0,35.0,27.5,False,up,-7.5,True,1,1.3,False,0,"{'eps_growth_yoy': -7.5, 'positive_quarters': 4, 'earnings_accelerating': True, 'eps_accel_quarters': 1, 'profit_margin_pct': 29.3}","{'revenue_growth_yoy': 1.3, 'revenue_accelerating': False, 'rev_accel_quarters': 0}","{'rs_3m': 14.9, 'rs_6m': -12.7, 'rs_line_percentile': 27.5, 'rs_line_at_new_high': False, 'rs_line_trend': 'up', 'rs_line_score': 35}","{'current_ratio': 1.02, 'operating_margin_pct': 45.0}","{'days_to_earnings': 'N/A', 'recommendation': 'buy', 'analyst_upside_pct': 8.9}",206.66,27076974592,Industrials,Consulting Services,5.6,2.0,False,300.94,-31.3,3.0,False,225.06,275.0,185.0,17.0,buy,8.9,114.49,-44.6,67.4,-67.4,3.49,7.21,0.99,28.2,2.0,0.63,True,-7.57,7.7,3.4,1.0,2026-07-29,True,False,7.0,NEUTRAL,4.3,113.1,4.97,36.8,1.6,0.04,-35.2,2026-07-28T06:27:52.299722
ROL,"Rollins, Inc.",57.8,⭐ AVERAGE,🟡 Average,70.0,70.0,15.0,65.0,65.0,15.0,1.6,False,down,-12.0,True,2,5.1,True,2,"{'eps_growth_yoy': -12.0, 'positive_quarters': 4, 'earnings_accelerating': True, 'eps_accel_quarters': 2, 'profit_margin_pct': 13.6}","{'revenue_growth_yoy': 5.1, 'revenue_accelerating': True, 'rev_accel_quarters': 2}","{'rs_3m': -33.6, 'rs_6m': -45.1, 'rs_line_percentile': 1.6, 'rs_line_at_new_high': False, 'rs_line_trend': 'down', 'rs_line_score': 15}","{'roe_pct': 37.0, 'debt_to_equity': 0.78, 'current_ratio': 0.63, 'operating_margin_pct': 18.8}","{'days_to_earnings': 'N/A', 'recommendation': 'buy', 'analyst_upside_pct': 16.7}",39.07,18798350336,Consumer Cyclical,Personal Services,4.5,2.9,False,66.14,-40.9,0.0,False,45.59,66.0,32.0,17.0,buy,16.7,15.41,-60.6,11.1,-71.6,2.67,1.04,1.89,64.9,0.73,1.15,True,-1.3,21.8,2.2,92.0,2026-10-28,False,False,6.0,NEUTRAL,3.68,132.5,9.61,43.3,3.1,0.07,-40.2,2026-07-28T06:28:30.154190
FCNCA,"First Citizens BancShares, Inc.",57.6,⭐ AVERAGE,🟡 Average,55.0,60.0,56.7,65.0,50.0,60.0,53.4,False,up,-7.1,False,0,0.3,True,1,"{'eps_growth_yoy': -7.1, 'positive_quarters': 4, 'earnings_accelerating': False, 'eps_accel_quarters': 0, 'profit_margin_pct': 25.2}","{'revenue_growth_yoy': 0.3, 'revenue_accelerating': True, 'rev_accel_quarters': 1}","{'rs_3m': 4.8, 'rs_6m': -0.9, 'rs_line_percentile': 53.4, 'rs_line_at_new_high': False, 'rs_line_trend': 'up', 'rs_line_score': 60}","{'roe_pct': 10.7, 'operating_margin_pct': 39.0}","{'days_to_earnings': 'N/A', 'recommendation': 'hold', 'analyst_upside_pct': 7.8}",2137.36,24345401344,Financial Services,Banks - Regional,5.7,5.5,False,2237.82,-4.5,7.0,True,2304.58,2475.0,2050.0,12.0,hold,7.8,,,5593.8,161.7,,,0.39,4.4,8.4,0.3,True,-13.59,,12.4,86.0,2026-10-22,False,False,5.0,NEUTRAL,,,0.35,35.3,,,,2026-07-28T06:36:07.733365
DVA,DaVita Inc.,57.2,⭐ AVERAGE,🟡 Average,45.0,50.0,91.0,60.0,40.0,100.0,100.0,True,up,-0.9,False,0,1.1,False,0,"{'eps_growth_yoy': -0.9, 'positive_quarters': 4, 'earnings_accelerating': False, 'eps_accel_quarters': 0, 'profit_margin_pct': 5.6}","{'revenue_growth_yoy': 1.1, 'revenue_accelerating': False, 'rev_accel_quarters': 0}","{'rs_3m': 53.9, 'rs_6m': 112.5, 'rs_line_percentile': 100.0, 'rs_line_at_new_high': True, 'rs_line_trend': 'up', 'rs_line_score': 100}","{'roe_pct': 81.0, 'debt_to_equity': 12.61, 'current_ratio': 1.42, 'operating_margin_pct': 13.9}","{'days_to_earnings': 'N/A', 'recommendation': 'hold', 'analyst_upside_pct': -11.7}",236.31,15167557632,Healthcare,Medical Care Facilities,13.7,5.3,True,239.64,-1.4,8.0,True,208.57,270.0,145.0,7.0,hold,-11.7,660.5,179.5,312.6,32.3,6.59,15.57,,,,,True,-10.86,3.4,17.4,7.0,2026-08-04,True,False,6.0,NEUTRAL,6.52,31.4,0.32,21.5,1.6,0.07,-19.9,2026-07-28T06:34:34.519928
HESAY,Hermes International SA,56.5,⭐ AVERAGE,🟡 Average,60.0,50.0,24.0,95.0,70.0,15.0,5.4,False,flat,,,0,,,0,{'profit_margin_pct': 28.3},{},"{'rs_3m': -8.0, 'rs_6m': -33.3, 'rs_line_percentile': 5.4, 'rs_line_at_new_high': False, 'rs_line_trend': 'flat', 'rs_line_score': 15}","{'roe_pct': 25.2, 'debt_to_equity': 0.12, 'current_ratio': 4.99, 'operating_margin_pct': 41.4}","{'days_to_earnings': 'N/A', 'recommendation': 'strong_buy', 'analyst_upside_pct': 30.1}",185.94,194753200128,Consumer Cyclical,Luxury Goods,,,False,278.72,-33.3,0.0,False,242.0,265.0,215.0,3.0,strong_buy,30.1,56.75,-69.5,49.1,-73.6,2.07,3.86,1.13,31.3,2.11,0.61,,,,1.8,1.0,2026-07-29,True,False,8.0,STRONG,3.69,37.5,17.43,25.2,,,,2026-07-28T06:29:06.712974
LSEG.L,LONDON STOCK EXCHANGE GROUP PLC,56.5,⭐ AVERAGE,🟡 Average,55.0,50.0,50.0,70.0,70.0,,,,,,,0,,,0,{'profit_margin_pct': 13.4},{},"{'rs_3m': nan, 'rs_6m': nan}","{'roe_pct': 6.4, 'debt_to_equity': 0.53, 'current_ratio': 1.0, 'operating_margin_pct': 24.9}","{'days_to_earnings': 'N/A', 'recommendation': 'strong_buy', 'analyst_upside_pct': 35.0}",8948.0,43568701440,Financial Services,Financial Data & Stock Exchanges,,,False,10290.0,-13.0,0.0,False,12076.67,13600.0,10800.0,15.0,strong_buy,35.0,17886.0,99.9,7110.0,-20.5,4.71,4.22,1.71,57.4,1.5,1.27,,,,80.4,2.0,2026-07-30,True,False,7.0,NEUTRAL,4.17,305.7,0.21,25.5,,,,2026-07-28T06:31:01.139567
MSCI,MSCI Inc.,56.2,⭐ AVERAGE,🟡 Average,75.0,50.0,36.0,50.0,65.0,15.0,20.9,False,flat,5.1,False,0,9.3,False,0,"{'eps_growth_yoy': 5.1, 'positive_quarters': 4, 'earnings_accelerating': False, 'eps_accel_quarters': 0, 'profit_margin_pct': 40.7}","{'revenue_growth_yoy': 9.3, 'revenue_accelerating': False, 'rev_accel_quarters': 0}","{'rs_3m': -6.6, 'rs_6m': -10.4, 'rs_line_percentile': 20.9, 'rs_line_at_new_high': False, 'rs_line_trend': 'flat', 'rs_line_score': 15}","{'current_ratio': 0.89, 'operating_margin_pct': 56.3}","{'days_to_earnings': 'N/A', 'recommendation': 'strong_buy', 'analyst_upside_pct': 21.2}",571.03,41513881600,Financial Services,Financial Data & Stock Exchanges,2.0,1.8,False,644.77,-11.4,4.0,False,692.06,760.0,570.0,17.0,strong_buy,21.2,473.77,-17.0,358.48,-37.2,2.88,16.43,1.49,42.1,8.2,1.01,True,-6.54,7.2,19.6,84.0,2026-10-20,False,False,8.0,STRONG,3.69,851.3,1.3,48.3,,,,2026-07-28T06:29:32.423787
ITRK.L,ITRK.L,56.2,⭐ AVERAGE,🟡 Average,55.0,50.0,50.0,75.0,60.0,,,,,,,0,,,0,{'profit_margin_pct': 10.0},{},"{'rs_3m': nan, 'rs_6m': nan}","{'roe_pct': 28.2, 'debt_to_equity': 1.46, 'current_ratio': 1.08, 'operating_margin_pct': 18.5}","{'days_to_earnings': 'N/A', 'recommendation': 'buy', 'analyst_upside_pct': 0.2}",5835.0,0,Industrials,Specialty Business Services,,,False,5840.0,-0.1,0.0,False,5843.85,6200.0,5450.0,13.0,buy,0.2,,,2160.0,-63.0,,,2.84,74.0,1.65,2.64,,,,-4.0,3.0,2026-07-31,True,False,4.0,NEUTRAL,5.25,63.8,,1.8,,,,2026-07-28T06:34:08.548543
TYL,"Tyler Technologies, Inc.",56.0,⭐ AVERAGE,🟡 Average,60.0,60.0,24.0,75.0,70.0,15.0,9.4,False,up,-4.1,True,1,2.9,True,1,"{'eps_growth_yoy': -4.1, 'positive_quarters': 4, 'earnings_accelerating': True, 'eps_accel_quarters': 1, 'profit_margin_pct': 13.3}","{'revenue_growth_yoy': 2.9, 'revenue_accelerating': True, 'rev_accel_quarters': 1}","{'rs_3m': -10.0, 'rs_6m': -35.4, 'rs_line_percentile': 9.4, 'rs_line_at_new_high': False, 'rs_line_trend': 'up', 'rs_line_score': 15}","{'roe_pct': 8.9, 'debt_to_equity': 0.01, 'current_ratio': 1.0, 'operating_margin_pct': 17.0}","{'days_to_earnings': 'N/A', 'recommendation': 'buy', 'analyst_upside_pct': 38.5}",315.88,0,Technology,Software - Application,10.0,4.2,True,621.34,-49.2,1.0,False,437.64,543.0,335.0,22.0,buy,38.5,,,77.1,-75.6,,,,,,,False,,84.4,2.2,1.0,2026-07-29,True,False,8.0,STRONG,3.04,139.0,9.68,51.7,1.6,0.03,-50.1,2026-07-28T06:30:16.737081
NDSN,Nordson Corporation,55.8,⭐ AVERAGE,🟡 Average,50.0,40.0,60.3,85.0,60.0,60.0,67.4,False,up,-6.7,False,0,-0.1,True,1,"{'eps_growth_yoy': -6.7, 'positive_quarters': 4, 'earnings_accelerating': False, 'eps_accel_quarters': 0, 'profit_margin_pct': 18.2}","{'revenue_growth_yoy': -0.1, 'revenue_accelerating': True, 'rev_accel_quarters': 1}","{'rs_3m': 1.6, 'rs_6m': 3.0, 'rs_line_percentile': 67.4, 'rs_line_at_new_high': False, 'rs_line_trend': 'up', 'rs_line_score': 60}","{'roe_pct': 17.1, 'debt_to_equity': 0.62, 'current_ratio': 2.6, 'operating_margin_pct': 23.5}","{'days_to_earnings': 'N/A', 'recommendation': 'buy', 'analyst_upside_pct': 7.3}",297.39,16569961472,Industrials,Specialty Industrial Machinery,3.5,3.8,False,307.74,-3.4,7.0,True,319.12,345.0,260.0,8.0,buy,7.3,173.01,-41.8,93.7,-68.5,3.47,10.31,1.11,34.6,3.28,1.08,True,-1.75,7.7,4.3,22.0,2026-08-19,False,False,7.0,NEUTRAL,3.81,65.0,3.93,19.5,0.8,0.04,-18.7,2026-07-28T06:33:16.185395
EXPN.L,EXPERIAN PLC ORD USD0.10,55.8,⭐ AVERAGE,🟡 Average,55.0,50.0,50.0,65.0,70.0,,,,,,,0,,,0,{'profit_margin_pct': 17.8},{},"{'rs_3m': nan, 'rs_6m': nan}","{'roe_pct': 28.3, 'debt_to_equity': 1.0, 'current_ratio': 0.85, 'operating_margin_pct': 25.0}","{'days_to_earnings': 'N/A', 'recommendation': 'strong_buy', 'analyst_upside_pct': 33.9}",2804.0,24783861760,Industrials,Consulting Services,,,False,4092.468,-31.5,0.0,False,3754.53,4753.4,2384.04,18.0,strong_buy,33.9,3394.0,21.0,2841.0,1.3,3.68,1.03,1.89,39.8,0.52,1.38,,,,23.1,113.0,2026-11-18,False,False,9.0,STRONG,7.14,646.3,0.71,25.4,,,,2026-07-28T06:31:59.461033
CP,Canadian Pacific Kansas City Li,55.6,⭐ AVERAGE,🟡 Average,55.0,50.0,62.0,55.0,60.0,80.0,81.1,False,up,-31.4,False,0,0.1,False,0,"{'eps_growth_yoy': -31.4, 'positive_quarters': 4, 'earnings_accelerating': False, 'eps_accel_quarters': 0, 'profit_margin_pct': 27.2}","{'revenue_growth_yoy': 0.1, 'revenue_accelerating': False, 'rev_accel_quarters': 0}","{'rs_3m': nan, 'rs_6m': nan, 'rs_line_percentile': 81.1, 'rs_line_at_new_high': False, 'rs_line_trend': 'up', 'rs_line_score': 80}","{'roe_pct': 8.4, 'debt_to_equity': 0.51, 'current_ratio': 0.67, 'operating_margin_pct': 37.6}","{'days_to_earnings': 'N/A', 'recommendation': 'buy', 'analyst_upside_pct': 6.3}",91.4,81139105792,Industrials,Railroads,2.2,7.3,False,93.95,-2.7,1.0,False,97.18,106.39,71.77,13.0,buy,6.3,31.55,-65.5,31.4,-65.6,2.35,2.14,0.74,20.4,0.68,0.76,True,-5.27,7.1,-3.1,1.0,2026-07-29,True,False,7.0,NEUTRAL,6.0,11.8,,17.8,,,,2026-07-28T06:33:42.238861
HRI,Herc Holdings Inc.,55.6,⭐ AVERAGE,🟡 Average,50.0,70.0,63.0,30.0,60.0,60.0,63.9,False,up,,False,0,19.5,True,1,"{'positive_quarters': 2, 'earnings_accelerating': False, 'eps_accel_quarters': 0, 'profit_margin_pct': -0.1}","{'revenue_growth_yoy': 19.5, 'revenue_accelerating': True, 'rev_accel_quarters': 1}","{'rs_3m': 25.4, 'rs_6m': -4.9, 'rs_line_percentile': 63.9, 'rs_line_at_new_high': False, 'rs_line_trend': 'up', 'rs_line_score': 60}","{'roe_pct': -0.3, 'debt_to_equity': 5.08, 'current_ratio': 1.46, 'operating_margin_pct': 9.4}","{'days_to_earnings': 'N/A', 'recommendation': 'buy', 'analyst_upside_pct': 9.3}",160.0,5342888448,Industrials,Rental & Leasing Services,8.9,3.7,True,188.35,-15.1,7.0,True,174.83,220.0,115.0,12.0,buy,9.3,474.97,196.9,,,7.0,11.2,1.72,9333.3,2.8,,False,,1.0,,0.0,2026-07-28,True,False,3.0,NEUTRAL,2.79,4.9,0.29,47.7,,,,2026-07-28T06:35:59.714510
NOW,"ServiceNow, Inc.",55.6,⭐ AVERAGE,🟡 Average,50.0,80.0,30.3,50.0,70.0,15.0,12.7,False,up,-40.6,False,0,17.0,True,2,"{'eps_growth_yoy': -40.6, 'positive_quarters': 4, 'earnings_accelerating': False, 'eps_accel_quarters': 0, 'profit_margin_pct': 11.3}","{'revenue_growth_yoy': 17.0, 'revenue_accelerating': True, 'rev_accel_quarters': 2}","{'rs_3m': 13.1, 'rs_6m': -29.8, 'rs_line_percentile': 12.7, 'rs_line_at_new_high': False, 'rs_line_trend': 'up', 'rs_line_score': 15}","{'roe_pct': 14.2, 'debt_to_equity': 0.68, 'current_ratio': 0.7, 'operating_margin_pct': 4.1}","{'days_to_earnings': 'N/A', 'recommendation': 'strong_buy', 'analyst_upside_pct': 32.9}",105.56,109134471168,Technology,Software - Application,5.4,2.5,False,201.15,-47.5,1.0,False,140.25,248.0,72.0,46.0,strong_buy,32.9,73.29,-30.6,17.1,-83.8,4.72,4.98,,,,,True,-3.12,29.3,-21.9,92.0,2026-10-28,False,False,4.0,NEUTRAL,2.02,73.1,,67.1,0.8,0.01,-66.3,2026-07-28T06:31:44.943027
AI.PA,AIR LIQUIDE,55.5,⭐ AVERAGE,🟡 Average,55.0,50.0,50.0,70.0,60.0,,,,,,,0,,,0,{'profit_margin_pct': 13.1},{},"{'rs_3m': nan, 'rs_6m': nan}","{'roe_pct': 13.4, 'debt_to_equity': 0.51, 'current_ratio': 1.17, 'operating_margin_pct': 19.5}","{'days_to_earnings': 'N/A', 'recommendation': 'strong_buy', 'analyst_upside_pct': 9.3}",177.18,112663248896,Basic Materials,Specialty Chemicals,,,False,182.26,-2.8,0.0,False,193.7,216.0,160.0,20.0,strong_buy,9.3,38.88,-78.1,55.3,-68.8,1.35,2.4,1.91,54.3,3.36,1.83,,,,5.3,0.0,2026-07-28,True,False,7.0,NEUTRAL,4.03,18.8,4.64,18.3,,,,2026-07-28T06:28:55.171861
UBER,"Uber Technologies, Inc.",55.0,⭐ AVERAGE,🟡 Average,60.0,50.0,24.0,85.0,70.0,15.0,4.8,False,down,-80.6,True,1,4.4,False,0,"{'eps_growth_yoy': -80.6, 'positive_quarters': 4, 'earnings_accelerating': True, 'eps_accel_quarters': 1, 'profit_margin_pct': 15.9}","{'revenue_growth_yoy': 4.4, 'revenue_accelerating': False, 'rev_accel_quarters': 0}","{'rs_3m': -14.2, 'rs_6m': -24.1, 'rs_line_percentile': 4.8, 'rs_line_at_new_high': False, 'rs_line_trend': 'down', 'rs_line_score': 15}","{'roe_pct': 35.3, 'debt_to_equity': 0.48, 'current_ratio': 1.07, 'operating_margin_pct': 14.6}","{'days_to_earnings': 'N/A', 'recommendation': 'strong_buy', 'analyst_upside_pct': 52.7}",68.18,138787143680,Technology,Software - Application,2.6,2.5,False,101.99,-33.2,0.0,False,104.09,150.0,70.0,48.0,strong_buy,52.7,47.25,-30.7,40.3,-40.9,4.71,3.21,,,,,True,-5.58,12.1,-84.6,8.0,2026-08-05,False,True,6.0,NEUTRAL,4.27,133.2,,40.1,,,,2026-07-28T06:35:34.058684
OXY,Occidental Petroleum Corporatio,54.9,⭐ AVERAGE,🟡 Average,58.0,40.0,52.4,70.0,65.0,35.0,36.0,False,flat,-51.5,True,1,-18.5,True,1,"{'eps_growth_yoy': -51.5, 'positive_quarters': 3, 'earnings_accelerating': True, 'eps_accel_quarters': 1, 'profit_margin_pct': 22.4}","{'revenue_growth_yoy': -18.5, 'revenue_accelerating': True, 'rev_accel_quarters': 1}","{'rs_3m': -7.3, 'rs_6m': 19.0, 'rs_line_percentile': 36.0, 'rs_line_at_new_high': False, 'rs_line_trend': 'flat', 'rs_line_score': 35}","{'roe_pct': 4.1, 'debt_to_equity': 0.42, 'current_ratio': 1.21, 'operating_margin_pct': 17.7}","{'days_to_earnings': 'N/A', 'recommendation': 'buy', 'analyst_upside_pct': 17.0}",54.93,54635282432,Energy,Oil & Gas E&P,0.0,0.0,False,67.45,-18.6,6.0,False,64.26,75.0,55.0,23.0,buy,17.0,129.33,135.4,21.3,-61.2,5.55,3.05,1.82,132.4,1.04,1.14,True,-0.1,2.8,220.9,8.0,2026-08-05,False,True,4.0,NEUTRAL,5.41,6.4,0.04,38.2,0.2,0.01,-38.0,2026-07-28T06:34:19.940987
GVDNY,Givaudan SA,54.8,⭐ AVERAGE,🟡 Average,55.0,50.0,46.7,70.0,60.0,35.0,33.8,False,up,,,0,,,0,{'profit_margin_pct': 12.9},{},"{'rs_3m': 6.2, 'rs_6m': -8.1, 'rs_line_percentile': 33.8, 'rs_line_at_new_high': False, 'rs_line_trend': 'up', 'rs_line_score': 35}","{'roe_pct': 22.3, 'debt_to_equity': 1.11, 'current_ratio': 1.29, 'operating_margin_pct': 18.8}","{'days_to_earnings': 'N/A', 'recommendation': 'buy', 'analyst_upside_pct': 8.7}",78.58,36269846528,Basic Materials,Specialty Chemicals,,,False,90.69,-13.4,4.0,False,85.45,97.8,73.11,2.0,buy,8.7,19.31,-75.4,25.4,-67.7,1.67,1.31,2.34,71.1,1.82,1.88,,,,-10.0,183.0,2027-01-27,False,False,7.0,NEUTRAL,3.47,34.8,,29.5,,,,2026-07-28T06:29:54.499215
LRLCY,L'Oreal Co.,54.7,⭐ AVERAGE,🟡 Average,55.0,50.0,36.0,80.0,65.0,15.0,8.3,False,up,,,0,,,0,{'profit_margin_pct': 13.9},{},"{'rs_3m': -4.3, 'rs_6m': -12.7, 'rs_line_percentile': 8.3, 'rs_line_at_new_high': False, 'rs_line_trend': 'up', 'rs_line_score': 15}","{'roe_pct': 18.0, 'debt_to_equity': 0.34, 'current_ratio': 1.45, 'operating_margin_pct': 19.2}","{'days_to_earnings': 'N/A', 'recommendation': 'strong_buy', 'analyst_upside_pct': 18.8}",84.76,225630781440,Consumer Defensive,Household & Personal Products,,,False,95.48,-11.2,4.0,False,100.67,103.0,98.0,3.0,strong_buy,18.8,32.69,-61.4,26.1,-69.2,2.62,2.22,1.98,60.9,1.68,1.54,,,,0.4,1.0,2026-07-29,True,False,6.0,NEUTRAL,3.89,69.9,60.86,20.0,,,,2026-07-28T06:30:46.537615
SBGSY,Schneider Electric SE,54.5,⭐ AVERAGE,🟡 Average,55.0,50.0,47.6,70.0,55.0,35.0,37.4,False,flat,,,0,,,0,{'profit_margin_pct': 10.4},{},"{'rs_3m': -8.0, 'rs_6m': 5.0, 'rs_line_percentile': 37.4, 'rs_line_at_new_high': False, 'rs_line_trend': 'flat', 'rs_line_score': 35}","{'roe_pct': 15.6, 'debt_to_equity': 0.81, 'current_ratio': 1.19, 'operating_margin_pct': 17.6}","{'days_to_earnings': 'N/A', 'recommendation': 'none', 'analyst_upside_pct': 23.2}",61.03,172011307008,Industrials,Specialty Industrial Machinery,,,False,67.16,-9.1,5.0,False,75.17,76.0,74.0,3.0,none,23.2,20.8,-65.9,18.4,-69.9,2.32,1.41,1.63,48.2,0.98,1.8,,,,-3.1,2.0,2026-07-30,True,False,6.0,NEUTRAL,3.59,74.6,,29.4,,,,2026-07-28T06:32:39.257629
CB,Chubb Limited,54.5,⭐ AVERAGE,🟡 Average,50.0,40.0,65.1,70.0,60.0,60.0,74.7,False,up,-21.8,False,0,-0.4,True,1,"{'eps_growth_yoy': -21.8, 'positive_quarters': 4, 'earnings_accelerating': False, 'eps_accel_quarters': 0, 'profit_margin_pct': 18.2}","{'revenue_growth_yoy': -0.4, 'revenue_accelerating': True, 'rev_accel_quarters': 1}","{'rs_3m': 7.3, 'rs_6m': 11.7, 'rs_line_percentile': 74.7, 'rs_line_at_new_high': False, 'rs_line_trend': 'up', 'rs_line_score': 60}","{'roe_pct': 14.8, 'debt_to_equity': 0.25, 'current_ratio': 0.39, 'operating_margin_pct': 23.5}","{'days_to_earnings': 'N/A', 'recommendation': 'buy', 'analyst_upside_pct': 1.9}",358.91,139206868992,Financial Services,Insurance - Property & Casualty,1.1,2.4,False,365.29,-1.7,8.0,True,365.57,425.0,306.0,23.0,buy,1.9,,,282.0,-21.4,,,1.13,13.9,4.08,1.45,True,-3.0,18.8,-0.5,91.0,2026-10-27,False,False,6.0,NEUTRAL,8.85,,,32.1,0.4,0.01,-31.7,2026-07-28T06:32:46.749001
MKC,"McCormick & Company, Incorporat",54.3,⭐ AVERAGE,🟡 Average,55.0,70.0,24.0,60.0,65.0,15.0,15.6,False,up,-33.4,False,0,12.3,True,1,"{'eps_growth_yoy': -33.4, 'positive_quarters': 4, 'earnings_accelerating': False, 'eps_accel_quarters': 0, 'profit_margin_pct': 21.9}","{'revenue_growth_yoy': 12.3, 'revenue_accelerating': True, 'rev_accel_quarters': 1}","{'rs_3m': -2.3, 'rs_6m': -22.8, 'rs_line_percentile': 15.6, 'rs_line_at_new_high': False, 'rs_line_trend': 'up', 'rs_line_score': 15}","{'roe_pct': 24.7, 'debt_to_equity': 0.65, 'current_ratio': 0.78, 'operating_margin_pct': 17.4}","{'days_to_earnings': 'N/A', 'recommendation': 'buy', 'analyst_upside_pct': 19.8}",50.61,13606577152,Consumer Defensive,Packaged Foods,,0.0,False,73.84,-31.5,1.0,False,60.62,75.0,52.0,13.0,buy,19.8,41.35,-18.3,60.9,20.3,5.25,2.81,3.84,30.9,1.92,2.11,True,-0.2,5.5,-9.9,70.0,2026-10-06,False,False,6.0,NEUTRAL,5.9,66.6,,41.6,,,,2026-07-28T06:33:54.048851
CL,Colgate-Palmolive Company,54.2,⭐ AVERAGE,🟡 Average,53.0,50.0,50.3,65.0,60.0,35.0,45.2,False,up,-13.1,True,1,4.2,False,0,"{'eps_growth_yoy': -13.1, 'positive_quarters': 3, 'earnings_accelerating': True, 'eps_accel_quarters': 1, 'profit_margin_pct': 10.0}","{'revenue_growth_yoy': 4.2, 'revenue_accelerating': False, 'rev_accel_quarters': 0}","{'rs_3m': 6.3, 'rs_6m': 2.0, 'rs_line_percentile': 45.2, 'rs_line_at_new_high': False, 'rs_line_trend': 'up', 'rs_line_score': 35}","{'roe_pct': 363.6, 'debt_to_equity': 16.41, 'current_ratio': 1.02, 'operating_margin_pct': 20.9}","{'days_to_earnings': 'N/A', 'recommendation': 'buy', 'analyst_upside_pct': 6.2}",91.98,0,Consumer Defensive,Household & Personal Products,2.3,3.2,False,99.33,-7.4,6.0,False,97.65,110.0,85.0,20.0,buy,6.2,,,25.8,-72.0,,,2.34,80.6,2.12,2.32,False,,12.4,-4.1,3.0,2026-07-31,True,False,5.0,NEUTRAL,4.13,71.4,,25.8,,,,2026-07-28T06:33:05.153502
DHR,Danaher Corporation,53.9,⭐ AVERAGE,🟡 Average,50.0,60.0,34.7,70.0,65.0,35.0,34.8,False,up,-4.2,False,0,3.5,True,1,"{'eps_growth_yoy': -4.2, 'positive_quarters': 4, 'earnings_accelerating': False, 'eps_accel_quarters': 0, 'profit_margin_pct': 15.9}","{'revenue_growth_yoy': 3.5, 'revenue_accelerating': True, 'rev_accel_quarters': 1}","{'rs_3m': 5.4, 'rs_6m': -23.9, 'rs_line_percentile': 34.8, 'rs_line_at_new_high': False, 'rs_line_trend': 'up', 'rs_line_score': 35}","{'roe_pct': 7.6, 'debt_to_equity': 0.53, 'current_ratio': 1.65, 'operating_margin_pct': 19.8}","{'days_to_earnings': 'N/A', 'recommendation': 'strong_buy', 'analyst_upside_pct': 15.8}",196.5,138136764416,Healthcare,Diagnostics & Research,1.6,2.5,False,242.8,-19.1,3.0,False,227.61,310.0,195.0,23.0,strong_buy,15.8,260.92,32.8,168.3,-14.4,3.13,6.15,0.84,25.7,1.6,0.44,True,-2.1,17.3,59.7,84.0,2026-10-20,False,False,5.0,NEUTRAL,2.78,39.2,0.36,53.1,,,,2026-07-28T06:31:52.243748
ORLY,"O'Reilly Automotive, Inc.",53.5,⭐ AVERAGE,🟡 Average,60.0,60.0,36.0,45.0,65.0,15.0,22.6,False,flat,-9.6,True,1,0.8,True,1,"{'eps_growth_yoy': -9.6, 'positive_quarters': 4, 'earnings_accelerating': True, 'eps_accel_quarters': 1, 'profit_margin_pct': 14.3}","{'revenue_growth_yoy': 0.8, 'revenue_accelerating': True, 'rev_accel_quarters': 1}","{'rs_3m': -5.1, 'rs_6m': -16.9, 'rs_line_percentile': 22.6, 'rs_line_at_new_high': False, 'rs_line_trend': 'flat', 'rs_line_score': 15}","{'current_ratio': 0.76, 'operating_margin_pct': 18.5}","{'days_to_earnings': 'N/A', 'recommendation': 'buy', 'analyst_upside_pct': 20.7}",90.59,75073298432,Consumer Cyclical,Auto Parts,2.8,2.5,False,108.72,-16.7,2.0,False,109.38,120.0,89.0,24.0,buy,20.7,40.42,-55.4,51.2,-43.5,1.77,1.61,,,,,True,-3.28,14.9,16.1,1.0,2026-07-29,True,False,7.0,NEUTRAL,4.16,40.2,1.55,43.7,,,,2026-07-28T06:31:33.668591
DPZ,Domino's Pizza Inc,53.5,⭐ AVERAGE,🟡 Average,60.0,60.0,24.0,65.0,60.0,15.0,22.1,False,up,-2.6,True,1,4.1,True,1,"{'eps_growth_yoy': -2.6, 'positive_quarters': 4, 'earnings_accelerating': True, 'eps_accel_quarters': 1, 'profit_margin_pct': 11.9}","{'revenue_growth_yoy': 4.1, 'revenue_accelerating': True, 'rev_accel_quarters': 1}","{'rs_3m': -0.5, 'rs_6m': -23.3, 'rs_line_percentile': 22.1, 'rs_line_at_new_high': False, 'rs_line_trend': 'up', 'rs_line_score': 15}","{'current_ratio': 1.54, 'operating_margin_pct': 19.1}","{'days_to_earnings': 'N/A', 'recommendation': 'buy', 'analyst_upside_pct': 12.6}",343.53,11364569088,Consumer Cyclical,Restaurants,11.2,3.3,True,486.68,-29.4,1.0,False,386.74,522.0,270.0,27.0,buy,12.6,277.55,-19.2,182.1,-47.0,4.68,16.07,2.39,42.3,7.96,1.25,True,-3.43,4.9,4.8,77.0,2026-10-13,False,False,8.0,STRONG,5.92,107.8,2.42,39.3,,,,2026-07-28T06:35:12.540715
PGR,Progressive Corporation (The),53.1,⭐ AVERAGE,🟡 Average,50.0,50.0,46.7,75.0,50.0,35.0,32.1,False,up,-11.2,False,0,0.8,False,0,"{'eps_growth_yoy': -11.2, 'positive_quarters': 4, 'earnings_accelerating': False, 'eps_accel_quarters': 0, 'profit_margin_pct': 12.8}","{'revenue_growth_yoy': 0.8, 'revenue_accelerating': False, 'rev_accel_quarters': 0}","{'rs_3m': 3.3, 'rs_6m': -3.4, 'rs_line_percentile': 32.1, 'rs_line_at_new_high': False, 'rs_line_trend': 'up', 'rs_line_score': 35}","{'roe_pct': 34.9, 'debt_to_equity': 0.24, 'current_ratio': 0.28, 'operating_margin_pct': 18.2}","{'days_to_earnings': 'N/A', 'recommendation': 'hold', 'analyst_upside_pct': 7.8}",215.76,125442859008,Financial Services,Insurance - Property & Casualty,1.7,2.5,False,254.93,-15.4,4.0,False,232.67,308.0,198.0,21.0,hold,7.8,,,201.1,-6.8,,,6.5,69.7,13.9,1.95,True,-0.47,53.3,2.0,78.0,2026-10-14,False,False,6.0,NEUTRAL,11.0,,2.65,47.0,,,,2026-07-28T06:32:57.422463
KHC,The Kraft Heinz Company,52.7,⭐ AVERAGE,🟡 Average,68.0,30.0,53.9,60.0,50.0,35.0,46.7,False,up,,True,1,-4.8,False,0,"{'positive_quarters': 3, 'earnings_accelerating': True, 'eps_accel_quarters': 1, 'profit_margin_pct': -23.0}","{'revenue_growth_yoy': -4.8, 'revenue_accelerating': False, 'rev_accel_quarters': 0}","{'rs_3m': 18.2, 'rs_6m': 7.9, 'rs_line_percentile': 46.7, 'rs_line_at_new_high': False, 'rs_line_trend': 'up', 'rs_line_score': 35}","{'roe_pct': -12.6, 'debt_to_equity': 0.5, 'current_ratio': 1.2, 'operating_margin_pct': 20.7}","{'days_to_earnings': 'N/A', 'recommendation': 'hold', 'analyst_upside_pct': -7.7}",26.22,31091089408,Consumer Defensive,Packaged Foods,10.8,6.9,True,29.19,-10.2,5.0,False,24.21,40.0,19.0,17.0,hold,-7.7,61.76,135.5,,,10.33,2.71,6.23,73.1,1.6,4.9,True,-0.75,-4.7,5.4,8.0,2026-08-05,False,True,5.0,NEUTRAL,-9.32,-51.9,0.92,32.0,,,,2026-07-28T06:34:38.330753
RELX,RELX PLC PLC,52.2,⭐ AVERAGE,🟡 Average,60.0,50.0,36.0,50.0,70.0,15.0,20.6,False,up,,,0,,,0,{'profit_margin_pct': 23.3},{},"{'rs_3m': -3.7, 'rs_6m': -15.3, 'rs_line_percentile': 20.6, 'rs_line_at_new_high': False, 'rs_line_trend': 'up', 'rs_line_score': 15}","{'roe_pct': 131.9, 'debt_to_equity': 7.1, 'current_ratio': 0.45, 'operating_margin_pct': 32.0}","{'days_to_earnings': 'N/A', 'recommendation': 'strong_buy', 'analyst_upside_pct': 48.8}",35.65,62271139840,Industrials,Specialty Business Services,0.3,1.6,False,52.36,-31.9,1.0,False,53.05,57.0,49.1,2.0,strong_buy,48.8,44.01,23.5,40.58,13.8,3.58,1.28,2.65,53.4,0.91,2.0,,,,12.2,198.0,2027-02-11,False,False,7.0,NEUTRAL,1.17,1901.3,0.69,32.7,,,,2026-07-28T06:27:55.925144
TJX,"TJX Companies, Inc. (The)",52.0,⭐ AVERAGE,🟡 Average,65.0,30.0,44.0,75.0,50.0,35.0,29.6,False,up,7.2,False,0,-0.5,False,0,"{'eps_growth_yoy': 7.2, 'positive_quarters': 4, 'earnings_accelerating': False, 'eps_accel_quarters': 0, 'profit_margin_pct': 9.4}","{'revenue_growth_yoy': -0.5, 'revenue_accelerating': False, 'rev_accel_quarters': 0}","{'rs_3m': -4.0, 'rs_6m': -2.4, 'rs_line_percentile': 29.6, 'rs_line_at_new_high': False, 'rs_line_trend': 'up', 'rs_line_score': 35}","{'roe_pct': 61.3, 'debt_to_equity': 1.36, 'current_ratio': 1.14, 'operating_margin_pct': 11.8}","{'days_to_earnings': 'N/A', 'recommendation': 'none', 'analyst_upside_pct': 13.6}",156.38,172753682432,Consumer Cyclical,Apparel Retail,1.6,3.0,False,170.0,-8.0,5.0,False,177.63,197.0,125.0,19.0,none,13.6,161.5,3.3,152.65,-2.4,2.5,3.91,1.24,33.1,1.92,1.34,True,-1.45,104.7,14.6,22.0,2026-08-19,False,False,7.0,NEUTRAL,4.07,36.2,0.93,20.1,,,,2026-07-28T06:33:38.237210
SXYAY,SIKA AG,52.0,⭐ AVERAGE,🟡 Average,50.0,50.0,42.3,70.0,55.0,15.0,18.6,False,up,,,0,,,0,{'profit_margin_pct': 9.3},{},"{'rs_3m': 2.8, 'rs_6m': 0.4, 'rs_line_percentile': 18.6, 'rs_line_at_new_high': False, 'rs_line_trend': 'up', 'rs_line_score': 15}","{'roe_pct': 15.2, 'debt_to_equity': 0.83, 'current_ratio': 1.25, 'operating_margin_pct': 10.7}","{'days_to_earnings': 'N/A', 'recommendation': 'none', 'analyst_upside_pct': 18.0}",19.7,31606532096,Basic Materials,Specialty Chemicals,,,False,25.77,-23.6,4.0,False,23.25,25.5,21.0,2.0,none,18.0,10.75,-45.4,8.0,-59.4,3.71,0.73,2.44,55.2,0.46,1.36,,,,-23.2,,,False,False,7.0,NEUTRAL,4.16,45.5,,34.4,,,,2026-07-28T06:32:06.653304
ABT,Abbott Laboratories,51.8,⭐ AVERAGE,🟡 Average,50.0,50.0,46.7,60.0,60.0,35.0,31.1,False,up,-39.5,False,0,0.2,False,0,"{'eps_growth_yoy': -39.5, 'positive_quarters': 4, 'earnings_accelerating': False, 'eps_accel_quarters': 0, 'profit_margin_pct': 11.6}","{'revenue_growth_yoy': 0.2, 'revenue_accelerating': False, 'rev_accel_quarters': 0}","{'rs_3m': 9.8, 'rs_6m': -9.9, 'rs_line_percentile': 31.1, 'rs_line_at_new_high': False, 'rs_line_trend': 'up', 'rs_line_score': 35}","{'debt_to_equity': 0.65, 'operating_margin_pct': 14.2}","{'days_to_earnings': 'N/A', 'recommendation': 'buy', 'analyst_upside_pct': 14.0}",104.49,0,Healthcare,Medical Devices,1.6,1.8,False,137.49,-24.0,2.0,False,119.12,135.0,103.0,24.0,buy,14.0,,,31.3,-70.0,,,2.45,79.0,2.52,1.82,False,,15.4,-47.5,78.0,2026-10-14,False,False,6.0,NEUTRAL,4.28,42.0,,45.4,,,,2026-07-28T06:32:28.845878
ECL,Ecolab Inc.,51.8,⭐ AVERAGE,🟡 Average,50.0,50.0,44.0,60.0,65.0,35.0,31.0,False,up,-17.5,False,0,1.0,False,0,"{'eps_growth_yoy': -17.5, 'positive_quarters': 4, 'earnings_accelerating': False, 'eps_accel_quarters': 0, 'profit_margin_pct': 12.8}","{'revenue_growth_yoy': 1.0, 'revenue_accelerating': False, 'rev_accel_quarters': 0}","{'rs_3m': -2.0, 'rs_6m': -11.1, 'rs_line_percentile': 31.0, 'rs_line_at_new_high': False, 'rs_line_trend': 'up', 'rs_line_score': 35}","{'roe_pct': 22.4, 'debt_to_equity': 0.92, 'current_ratio': 0.99, 'operating_margin_pct': 16.9}","{'days_to_earnings': 'N/A', 'recommendation': 'buy', 'analyst_upside_pct': 17.7}",271.38,76376514560,Basic Materials,Specialty Chemicals,1.3,2.1,False,309.27,-12.3,5.0,False,319.43,345.0,275.0,21.0,buy,17.7,101.51,-62.6,73.9,-72.8,2.08,5.64,1.09,37.4,2.92,1.06,True,-1.28,9.3,7.8,0.0,2026-07-28,True,False,6.0,NEUTRAL,3.35,52.2,3.72,21.7,,,,2026-07-28T06:30:42.775497
AWK,"American Water Works Company, I",51.5,⭐ AVERAGE,🟡 Average,65.0,40.0,44.0,55.0,50.0,35.0,31.0,False,up,-32.2,True,1,-5.4,True,1,"{'eps_growth_yoy': -32.2, 'positive_quarters': 4, 'earnings_accelerating': True, 'eps_accel_quarters': 1, 'profit_margin_pct': 21.2}","{'revenue_growth_yoy': -5.4, 'revenue_accelerating': True, 'rev_accel_quarters': 1}","{'rs_3m': -0.9, 'rs_6m': -2.9, 'rs_line_percentile': 31.0, 'rs_line_at_new_high': False, 'rs_line_trend': 'up', 'rs_line_score': 35}","{'roe_pct': 10.2, 'debt_to_equity': 1.42, 'current_ratio': 0.37, 'operating_margin_pct': 33.2}","{'days_to_earnings': 'N/A', 'recommendation': 'hold', 'analyst_upside_pct': 3.6}",134.56,0,Utilities,Utilities - Regulated Water,7.3,4.7,False,147.87,-9.0,3.0,False,139.36,155.0,128.0,11.0,hold,3.6,,,56.4,-58.1,,,2.66,58.7,3.58,1.98,False,,3.2,-1.9,1.0,2026-07-29,True,False,8.0,STRONG,4.87,6.6,,27.6,0.4,0.01,-27.2,2026-07-28T06:33:23.624717
COST,Costco Wholesale Corporation,51.5,⭐ AVERAGE,🟡 Average,65.0,30.0,36.0,75.0,60.0,15.0,20.8,False,down,-16.0,True,2,-18.1,False,0,"{'eps_growth_yoy': -16.0, 'positive_quarters': 4, 'earnings_accelerating': True, 'eps_accel_quarters': 2, 'profit_margin_pct': 3.0}","{'revenue_growth_yoy': -18.1, 'revenue_accelerating': False, 'rev_accel_quarters': 0}","{'rs_3m': -8.0, 'rs_6m': -9.5, 'rs_line_percentile': 20.8, 'rs_line_at_new_high': False, 'rs_line_trend': 'down', 'rs_line_score': 15}","{'roe_pct': 29.2, 'debt_to_equity': 0.6, 'current_ratio': 1.07, 'operating_margin_pct': 3.7}","{'days_to_earnings': 'N/A', 'recommendation': 'buy', 'analyst_upside_pct': 13.2}",951.58,422005571584,Consumer Defensive,Discount Stores,1.6,2.5,False,1096.5,-13.2,3.0,False,1076.91,1315.0,740.0,35.0,buy,13.2,665.02,-30.1,608.1,-36.1,1.65,15.68,0.63,27.0,5.88,0.59,True,-0.21,81.5,31.8,58.0,2026-09-24,False,False,7.0,NEUTRAL,2.61,30.6,0.92,24.7,,,,2026-07-28T06:28:41.687989
AZO,"AutoZone, Inc.",51.5,⭐ AVERAGE,🟡 Average,70.0,50.0,24.0,45.0,65.0,15.0,9.7,False,down,-23.4,True,2,-22.5,True,2,"{'eps_growth_yoy': -23.4, 'positive_quarters': 4, 'earnings_accelerating': True, 'eps_accel_quarters': 2, 'profit_margin_pct': 12.4}","{'revenue_growth_yoy': -22.5, 'revenue_accelerating': True, 'rev_accel_quarters': 2}","{'rs_3m': -17.3, 'rs_6m': -26.0, 'rs_line_percentile': 9.7, 'rs_line_at_new_high': False, 'rs_line_trend': 'down', 'rs_line_score': 15}","{'current_ratio': 0.89, 'operating_margin_pct': 19.1}","{'days_to_earnings': 'N/A', 'recommendation': 'strong_buy', 'analyst_upside_pct': 29.1}",3075.26,0,Consumer Cyclical,Auto Parts,3.4,1.0,False,4388.11,-29.9,0.0,False,3969.38,4800.0,3200.0,24.0,strong_buy,29.1,,,1455.0,-52.7,,,,,,,False,,7.5,7.7,56.0,2026-09-22,False,False,6.0,NEUTRAL,5.75,35.3,2.28,38.4,0.2,0.01,-38.2,2026-07-28T06:31:04.846984
ERIE,Erie Indemnity Company,51.3,⭐ AVERAGE,🟡 Average,60.0,40.0,24.0,90.0,50.0,15.0,12.4,False,up,-13.9,True,1,-4.5,True,1,"{'eps_growth_yoy': -13.9, 'positive_quarters': 4, 'earnings_accelerating': True, 'eps_accel_quarters': 1, 'profit_margin_pct': 14.0}","{'revenue_growth_yoy': -4.5, 'revenue_accelerating': True, 'rev_accel_quarters': 1}","{'rs_3m': -4.3, 'rs_6m': -25.0, 'rs_line_percentile': 12.4, 'rs_line_at_new_high': False, 'rs_line_trend': 'up', 'rs_line_score': 15}","{'roe_pct': 25.9, 'debt_to_equity': 0.02, 'current_ratio': 1.29, 'operating_margin_pct': 16.9}","{'days_to_earnings': 'N/A', 'recommendation': 'none'}",228.26,11935684608,Financial Services,Insurance Brokers,11.8,10.8,True,380.67,-40.0,1.0,False,,,,,none,,181.07,-20.7,111.6,-51.1,3.75,9.69,2.62,51.8,5.85,1.8,False,,,4.3,2.0,2026-07-30,True,False,4.0,NEUTRAL,,,1.87,63.3,0.8,0.01,-62.5,2026-07-28T06:30:35.365213
WMT,Walmart Inc.,51.0,⭐ AVERAGE,🟡 Average,55.0,50.0,36.0,55.0,65.0,15.0,10.4,False,down,-24.1,True,1,0.2,False,0,"{'eps_growth_yoy': -24.1, 'positive_quarters': 4, 'earnings_accelerating': True, 'eps_accel_quarters': 1, 'profit_margin_pct': 3.1}","{'revenue_growth_yoy': 0.2, 'revenue_accelerating': False, 'rev_accel_quarters': 0}","{'rs_3m': -15.9, 'rs_6m': -11.9, 'rs_line_percentile': 10.4, 'rs_line_at_new_high': False, 'rs_line_trend': 'down', 'rs_line_score': 15}","{'roe_pct': 24.1, 'debt_to_equity': 0.75, 'current_ratio': 0.77, 'operating_margin_pct': 4.2}","{'days_to_earnings': 'N/A', 'recommendation': 'buy', 'analyst_upside_pct': 23.7}",111.74,889235701760,Consumer Defensive,Discount Stores,1.7,3.2,False,135.16,-17.3,3.0,False,138.27,155.0,81.0,41.0,buy,23.7,24.67,-77.9,56.07,-49.8,0.77,0.86,0.9,33.5,0.99,1.26,True,-0.63,11.7,19.4,23.0,2026-08-20,False,False,7.0,NEUTRAL,3.36,20.6,1.75,25.5,0.4,0.02,-25.1,2026-07-28T06:30:24.387737
HHH,Howard Hughes Holdings Inc.,50.2,⭐ AVERAGE,🟡 Average,68.0,30.0,24.0,70.0,70.0,15.0,12.2,False,up,,True,1,-9.6,False,0,"{'positive_quarters': 3, 'earnings_accelerating': True, 'eps_accel_quarters': 1, 'profit_margin_pct': 8.0}","{'revenue_growth_yoy': -9.6, 'revenue_accelerating': False, 'rev_accel_quarters': 0}","{'rs_3m': -0.2, 'rs_6m': -25.9, 'rs_line_percentile': 12.2, 'rs_line_at_new_high': False, 'rs_line_trend': 'up', 'rs_line_score': 15}","{'roe_pct': 3.6, 'debt_to_equity': 1.51, 'current_ratio': 2.33, 'operating_margin_pct': 21.5}","{'days_to_earnings': 'N/A', 'recommendation': 'buy', 'analyst_upside_pct': 38.5}",65.95,3932241408,Real Estate,Real Estate - Development,8.6,6.5,True,91.07,-27.6,0.0,False,91.33,100.0,79.0,3.0,buy,38.5,88.3,33.9,21.4,-67.6,9.1,6.0,,,,,False,,1.9,-23.5,8.0,2026-08-05,False,True,6.0,NEUTRAL,4.18,14.6,,25.1,,,,2026-07-28T06:35:37.916808
MMC,MMC,50.0,⭐ AVERAGE,🟡 Average,50.0,50.0,50.0,50.0,50.0,,,,,,,0,,,0,{},{},{},{},{'days_to_earnings': 'N/A'},0.0,0,N/A,N/A,,,False,,,,,,,,,,,,,,,,,,,,,,,,,,,False,False,,,,,,,,,,2026-07-28T06:28:47.976389
SHW,Sherwin-Williams Company (The),50.0,⭐ AVERAGE,🟡 Average,60.0,40.0,44.0,45.0,65.0,35.0,28.9,False,up,-29.2,True,1,-10.3,True,1,"{'eps_growth_yoy': -29.2, 'positive_quarters': 4, 'earnings_accelerating': True, 'eps_accel_quarters': 1, 'profit_margin_pct': 10.9}","{'revenue_growth_yoy': -10.3, 'revenue_accelerating': True, 'rev_accel_quarters': 1}","{'rs_3m': -6.0, 'rs_6m': -12.9, 'rs_line_percentile': 28.9, 'rs_line_at_new_high': False, 'rs_line_trend': 'up', 'rs_line_score': 35}","{'roe_pct': 60.7, 'debt_to_equity': 3.3, 'current_ratio': 0.86, 'operating_margin_pct': 14.2}","{'days_to_earnings': 'N/A', 'recommendation': 'buy', 'analyst_upside_pct': 16.0}",327.27,80716431360,Basic Materials,Specialty Chemicals,2.8,2.5,False,379.65,-13.8,2.0,False,379.6,420.0,330.0,20.0,buy,16.0,154.32,-52.8,104.1,-68.2,2.65,8.68,1.01,30.4,3.2,0.87,True,-2.33,7.8,5.2,0.0,2026-07-28,True,False,6.0,NEUTRAL,4.02,62.0,3.28,28.5,0.8,0.03,-27.7,2026-07-28T06:30:20.195982
WTKWY,Wolters Kluwer N.V.,49.8,⚠️ WEAK,🔴 Weak,60.0,50.0,24.0,50.0,70.0,15.0,11.2,False,up,,,0,,,0,{'profit_margin_pct': 21.4},{},"{'rs_3m': -3.0, 'rs_6m': -28.1, 'rs_line_percentile': 11.2, 'rs_line_at_new_high': False, 'rs_line_trend': 'up', 'rs_line_score': 15}","{'roe_pct': 111.7, 'debt_to_equity': 6.23, 'current_ratio': 0.65, 'operating_margin_pct': 24.2}","{'days_to_earnings': 'N/A', 'recommendation': 'strong_buy', 'analyst_upside_pct': 41.8}",76.57,17062074368,Industrials,Specialty Business Services,,,False,162.78,-53.0,1.0,False,108.6,108.6,108.6,1.0,strong_buy,41.8,187.56,145.0,207.6,171.1,5.78,4.42,4.13,43.5,2.94,1.81,,,,18.4,,,False,False,7.0,NEUTRAL,8.27,668.9,0.29,39.2,,,,2026-07-28T06:27:59.356431
CHTR,"Charter Communications, Inc.",49.5,⚠️ WEAK,🔴 Weak,85.0,30.0,15.0,50.0,60.0,15.0,3.7,False,down,13.6,True,1,-1.1,False,0,"{'eps_growth_yoy': 13.6, 'positive_quarters': 4, 'earnings_accelerating': True, 'eps_accel_quarters': 1, 'profit_margin_pct': 9.1}","{'revenue_growth_yoy': -1.1, 'revenue_accelerating': False, 'rev_accel_quarters': 0}","{'rs_3m': -28.2, 'rs_6m': -39.3, 'rs_line_percentile': 3.7, 'rs_line_at_new_high': False, 'rs_line_trend': 'down', 'rs_line_score': 15}","{'roe_pct': 27.2, 'debt_to_equity': 4.42, 'current_ratio': 0.36, 'operating_margin_pct': 23.5}","{'days_to_earnings': 'N/A', 'recommendation': 'hold', 'analyst_upside_pct': 58.4}",131.61,17738065920,Communication Services,Telecom Services,45.5,5.3,True,309.4,-57.5,0.0,False,208.47,413.0,110.0,17.0,hold,58.4,463.87,252.5,618.88,370.2,12.39,18.43,,,,,True,-26.82,2.5,6.4,94.0,2026-10-30,False,False,7.0,NEUTRAL,10.7,26.9,0.19,51.9,0.4,0.01,-51.5,2026-07-28T06:34:53.335484
MTD,"Mettler-Toledo International, I",48.5,⚠️ WEAK,🔴 Weak,55.0,30.0,44.0,65.0,60.0,35.0,47.5,False,up,-16.3,False,0,-3.7,False,0,"{'eps_growth_yoy': -16.3, 'positive_quarters': 4, 'earnings_accelerating': False, 'eps_accel_quarters': 0, 'profit_margin_pct': 21.4}","{'revenue_growth_yoy': -3.7, 'revenue_accelerating': False, 'rev_accel_quarters': 0}","{'rs_3m': nan, 'rs_6m': nan, 'rs_line_percentile': 47.5, 'rs_line_at_new_high': False, 'rs_line_trend': 'up', 'rs_line_score': 35}","{'current_ratio': 1.2, 'operating_margin_pct': 23.3}","{'days_to_earnings': 'N/A', 'recommendation': 'buy', 'analyst_upside_pct': 0.0}",1336.29,0,Healthcare,Diagnostics & Research,4.5,3.7,False,1525.17,-12.4,0.0,False,1336.5,1550.0,1200.0,12.0,buy,0.0,,,426.0,-68.1,,,,,,,False,,16.3,4.7,2.0,2026-07-30,True,False,6.0,NEUTRAL,3.83,110.6,3.89,28.1,,,,2026-07-28T06:31:18.907219
SYK,Stryker Corporation,48.5,⚠️ WEAK,🔴 Weak,50.0,30.0,44.0,75.0,60.0,35.0,29.4,False,up,-15.7,False,0,-0.0,False,0,"{'eps_growth_yoy': -15.7, 'positive_quarters': 4, 'earnings_accelerating': False, 'eps_accel_quarters': 0, 'profit_margin_pct': 13.2}","{'revenue_growth_yoy': -0.0, 'revenue_accelerating': False, 'rev_accel_quarters': 0}","{'rs_3m': -1.0, 'rs_6m': -12.4, 'rs_line_percentile': 29.4, 'rs_line_at_new_high': False, 'rs_line_trend': 'up', 'rs_line_score': 35}","{'roe_pct': 15.2, 'debt_to_equity': 0.66, 'current_ratio': 2.11, 'operating_margin_pct': 17.8}","{'days_to_earnings': 'N/A', 'recommendation': 'buy', 'analyst_upside_pct': 14.8}",336.74,129092902912,Healthcare,Medical Devices,1.9,2.5,False,404.14,-16.7,2.0,False,386.52,465.0,315.0,25.0,buy,14.8,265.54,-21.1,122.83,-63.5,3.38,11.37,1.07,39.8,3.52,0.99,False,,35.5,14.2,2.0,2026-07-30,True,False,5.0,NEUTRAL,3.62,47.3,1.42,46.7,0.8,0.02,-45.9,2026-07-28T06:29:58.791237
POOL,Pool Corporation,48.0,⚠️ WEAK,🔴 Weak,55.0,40.0,15.0,80.0,65.0,15.0,5.4,False,up,-72.6,True,1,-36.2,True,1,"{'eps_growth_yoy': -72.6, 'positive_quarters': 4, 'earnings_accelerating': True, 'eps_accel_quarters': 1, 'profit_margin_pct': 7.4}","{'revenue_growth_yoy': -36.2, 'revenue_accelerating': True, 'rev_accel_quarters': 1}","{'rs_3m': -21.1, 'rs_6m': -36.9, 'rs_line_percentile': 5.4, 'rs_line_at_new_high': False, 'rs_line_trend': 'up', 'rs_line_score': 15}","{'roe_pct': 31.3, 'debt_to_equity': 1.35, 'current_ratio': 2.67, 'operating_margin_pct': 15.1}","{'days_to_earnings': 'N/A', 'recommendation': 'buy', 'analyst_upside_pct': 21.3}",184.61,6727742976,Industrials,Industrial Distribution,11.3,3.1,True,336.15,-45.1,0.0,False,224.0,300.0,185.0,11.0,buy,21.3,83.65,-54.7,109.5,-40.7,3.08,5.69,2.83,46.4,5.2,1.26,True,-5.27,8.7,,86.0,2026-10-22,False,False,5.0,NEUTRAL,6.97,34.5,2.06,36.6,0.2,0.01,-36.4,2026-07-28T06:35:01.639960
RSG,"Republic Services, Inc.",47.7,⚠️ WEAK,🔴 Weak,50.0,40.0,38.7,60.0,60.0,15.0,23.5,False,up,-4.5,False,0,-2.9,True,1,"{'eps_growth_yoy': -4.5, 'positive_quarters': 4, 'earnings_accelerating': False, 'eps_accel_quarters': 0, 'profit_margin_pct': 13.0}","{'revenue_growth_yoy': -2.9, 'revenue_accelerating': True, 'rev_accel_quarters': 1}","{'rs_3m': 1.9, 'rs_6m': -7.7, 'rs_line_percentile': 23.5, 'rs_line_at_new_high': False, 'rs_line_trend': 'up', 'rs_line_score': 15}","{'roe_pct': 18.3, 'debt_to_equity': 1.18, 'current_ratio': 0.67, 'operating_margin_pct': 20.2}","{'days_to_earnings': 'N/A', 'recommendation': 'buy', 'analyst_upside_pct': 13.1}",216.9,0,Industrials,Waste Management,1.8,2.2,False,246.25,-11.9,4.0,False,245.38,270.0,208.0,24.0,buy,13.1,,,69.6,-67.9,,,1.15,35.2,2.5,1.22,False,,5.4,5.2,9.0,2026-08-06,False,True,6.0,NEUTRAL,3.93,24.7,3.58,25.2,1.6,0.06,-23.6,2026-07-28T06:29:03.298540
MCD,McDonald's Corporation,47.5,⚠️ WEAK,🔴 Weak,55.0,30.0,36.0,65.0,65.0,15.0,10.7,False,flat,-12.0,False,0,-4.8,False,0,"{'eps_growth_yoy': -12.0, 'positive_quarters': 4, 'earnings_accelerating': False, 'eps_accel_quarters': 0, 'profit_margin_pct': 31.6}","{'revenue_growth_yoy': -4.8, 'revenue_accelerating': False, 'rev_accel_quarters': 0}","{'rs_3m': -9.7, 'rs_6m': -19.7, 'rs_line_percentile': 10.7, 'rs_line_at_new_high': False, 'rs_line_trend': 'flat', 'rs_line_score': 15}","{'current_ratio': 1.14, 'operating_margin_pct': 44.3}","{'days_to_earnings': 'N/A', 'recommendation': 'buy', 'analyst_upside_pct': 20.0}",270.67,0,Consumer Cyclical,Restaurants,1.8,2.3,False,341.75,-20.8,1.0,False,324.71,407.0,250.0,31.0,buy,20.0,,,124.0,-54.2,,,2.81,59.9,7.44,2.22,False,,7.9,4.8,7.0,2026-08-04,True,False,6.0,NEUTRAL,5.07,29.1,2.78,26.1,,,,2026-07-28T06:31:15.555417
BR,"Broadridge Financial Solutions,",47.3,⚠️ WEAK,🔴 Weak,50.0,50.0,24.0,60.0,60.0,15.0,10.1,False,up,-26.2,False,0,-5.4,True,2,"{'eps_growth_yoy': -26.2, 'positive_quarters': 4, 'earnings_accelerating': False, 'eps_accel_quarters': 0, 'profit_margin_pct': 15.0}","{'revenue_growth_yoy': -5.4, 'revenue_accelerating': True, 'rev_accel_quarters': 2}","{'rs_3m': -5.2, 'rs_6m': -33.2, 'rs_line_percentile': 10.1, 'rs_line_at_new_high': False, 'rs_line_trend': 'up', 'rs_line_score': 15}","{'roe_pct': 42.3, 'debt_to_equity': 1.21, 'current_ratio': 0.94, 'operating_margin_pct': 18.4}","{'days_to_earnings': 'N/A', 'recommendation': 'none', 'analyst_upside_pct': 35.2}",152.78,0,Technology,Information Technology Services,4.0,2.6,False,271.91,-43.8,1.0,False,206.5,255.0,165.0,8.0,none,35.2,,,144.81,-5.2,,,2.62,40.7,3.9,1.64,False,,13.4,7.5,7.0,2026-08-04,True,False,8.0,STRONG,5.75,344.9,0.97,32.8,1.6,0.05,-31.2,2026-07-28T06:29:13.904936
BN,Brookfield Corporation,47.2,⚠️ WEAK,🔴 Weak,45.0,50.0,36.0,50.0,65.0,15.0,6.5,False,down,-62.5,False,0,2.7,False,0,"{'eps_growth_yoy': -62.5, 'positive_quarters': 4, 'earnings_accelerating': False, 'eps_accel_quarters': 0, 'profit_margin_pct': 1.7}","{'revenue_growth_yoy': 2.7, 'revenue_accelerating': False, 'rev_accel_quarters': 0}","{'rs_3m': -9.6, 'rs_6m': -17.4, 'rs_line_percentile': 6.5, 'rs_line_at_new_high': False, 'rs_line_trend': 'down', 'rs_line_score': 15}","{'roe_pct': 2.5, 'debt_to_equity': 1.61, 'current_ratio': 0.89, 'operating_margin_pct': 28.9}","{'days_to_earnings': 'N/A', 'recommendation': 'buy', 'analyst_upside_pct': 29.0}",42.08,93989707776,Financial Services,Asset Management,,4.3,False,49.57,-15.1,1.0,False,54.3,61.0,31.0,10.0,buy,29.0,,,15.3,-63.6,-2.36,-0.99,0.67,49.0,0.28,0.87,True,-1.12,1.3,158.8,16.0,2026-08-13,False,True,6.0,NEUTRAL,4.57,12.9,0.05,20.9,,,,2026-07-28T06:35:27.097930
CLPBY,Coloplast AS,47.0,⚠️ WEAK,🔴 Weak,38.0,50.0,26.7,75.0,65.0,15.0,14.3,False,up,-206.5,False,0,2.2,False,0,"{'eps_growth_yoy': -206.5, 'positive_quarters': 3, 'earnings_accelerating': False, 'eps_accel_quarters': 0, 'profit_margin_pct': 7.5}","{'revenue_growth_yoy': 2.2, 'revenue_accelerating': False, 'rev_accel_quarters': 0}","{'rs_3m': 0.7, 'rs_6m': -30.5, 'rs_line_percentile': 14.3, 'rs_line_at_new_high': False, 'rs_line_trend': 'up', 'rs_line_score': 15}","{'roe_pct': 14.1, 'debt_to_equity': 1.89, 'current_ratio': 1.75, 'operating_margin_pct': 25.7}","{'days_to_earnings': 'N/A', 'recommendation': 'buy', 'analyst_upside_pct': 28.3}",6.47,14581230592,Healthcare,Medical Instruments & Supplies,,,False,10.03,-35.5,1.0,False,8.3,12.2,6.5,4.0,buy,28.3,29.83,361.1,1.4,-78.4,28.83,2.03,5.81,244.9,0.36,2.72,False,,3.9,,,,False,False,7.0,NEUTRAL,19.06,105.6,0.42,36.0,,,,2026-07-28T06:30:38.971179
LEN,Lennar Corporation,46.8,⚠️ WEAK,🔴 Weak,55.0,40.0,24.0,70.0,50.0,15.0,5.3,False,flat,-48.4,True,1,-9.9,True,1,"{'eps_growth_yoy': -48.4, 'positive_quarters': 4, 'earnings_accelerating': True, 'eps_accel_quarters': 1, 'profit_margin_pct': 4.9}","{'revenue_growth_yoy': -9.9, 'revenue_accelerating': True, 'rev_accel_quarters': 1}","{'rs_3m': -11.9, 'rs_6m': -29.1, 'rs_line_percentile': 5.3, 'rs_line_at_new_high': False, 'rs_line_trend': 'flat', 'rs_line_score': 15}","{'roe_pct': 7.4, 'debt_to_equity': 0.29, 'current_ratio': 8.51, 'operating_margin_pct': 5.3}","{'days_to_earnings': 'N/A', 'recommendation': 'hold', 'analyst_upside_pct': 2.3}",85.04,20485722112,Consumer Cyclical,Residential Construction,0.3,0.2,False,144.24,-41.0,0.0,False,87.0,120.0,67.0,13.0,hold,2.3,75.35,-11.4,64.1,-24.6,5.26,5.12,2.36,31.4,2.0,1.45,True,-6.1,,-12.6,51.0,2026-09-17,False,False,4.0,NEUTRAL,10.99,11.2,,29.0,,,,2026-07-28T06:35:23.386552
ZTS,Zoetis Inc.,46.8,⚠️ WEAK,🔴 Weak,65.0,30.0,15.0,65.0,70.0,15.0,5.7,False,up,-16.3,True,1,-8.0,False,0,"{'eps_growth_yoy': -16.3, 'positive_quarters': 4, 'earnings_accelerating': True, 'eps_accel_quarters': 1, 'profit_margin_pct': 28.0}","{'revenue_growth_yoy': -8.0, 'revenue_accelerating': False, 'rev_accel_quarters': 0}","{'rs_3m': -37.9, 'rs_6m': -44.5, 'rs_line_percentile': 5.7, 'rs_line_at_new_high': False, 'rs_line_trend': 'up', 'rs_line_score': 15}","{'roe_pct': 67.7, 'debt_to_equity': 2.86, 'current_ratio': 3.15, 'operating_margin_pct': 36.6}","{'days_to_earnings': 'N/A', 'recommendation': 'buy', 'analyst_upside_pct': 48.0}",76.92,0,Healthcare,Drug Manufacturers - Specialty & Generic,5.1,2.8,False,160.48,-52.1,1.0,False,113.82,160.0,80.0,17.0,buy,48.0,,,62.3,-19.0,,,2.81,33.3,2.12,0.95,False,,15.4,4.2,9.0,2026-08-06,False,True,6.0,NEUTRAL,9.05,42.1,1.73,27.9,,,,2026-07-28T06:29:21.085648
ESLOY,EssilorLuxottica,46.5,⚠️ WEAK,🔴 Weak,50.0,50.0,24.0,55.0,60.0,15.0,2.2,False,down,,,0,,,0,{'profit_margin_pct': 8.1},{},"{'rs_3m': -14.8, 'rs_6m': -44.0, 'rs_line_percentile': 2.2, 'rs_line_at_new_high': False, 'rs_line_trend': 'down', 'rs_line_score': 15}","{'roe_pct': 6.1, 'debt_to_equity': 0.36, 'current_ratio': 0.99, 'operating_margin_pct': 10.2}","{'days_to_earnings': 'N/A', 'recommendation': 'none', 'analyst_upside_pct': 54.1}",94.43,86798467072,Healthcare,Medical Instruments & Supplies,,,False,186.81,-49.5,0.0,False,145.5,152.0,139.0,2.0,none,54.1,52.48,-44.4,29.0,-69.3,3.78,3.57,2.5,79.8,2.32,1.52,,,,-3.9,,,False,False,4.0,NEUTRAL,3.55,34.6,,29.0,,,,2026-07-28T06:33:34.403538
WM,"Waste Management, Inc.",46.5,⚠️ WEAK,🔴 Weak,50.0,40.0,44.0,45.0,60.0,35.0,48.2,False,up,-0.4,False,0,-3.2,True,1,"{'eps_growth_yoy': -0.4, 'positive_quarters': 4, 'earnings_accelerating': False, 'eps_accel_quarters': 0, 'profit_margin_pct': 11.0}","{'revenue_growth_yoy': -3.2, 'revenue_accelerating': True, 'rev_accel_quarters': 1}","{'rs_3m': nan, 'rs_6m': nan, 'rs_line_percentile': 48.2, 'rs_line_at_new_high': False, 'rs_line_trend': 'up', 'rs_line_score': 35}","{'roe_pct': 29.9, 'debt_to_equity': 2.28, 'current_ratio': 0.93, 'operating_margin_pct': 17.5}","{'days_to_earnings': 'N/A', 'recommendation': 'buy', 'analyst_upside_pct': 8.4}",237.9,95534866432,Industrials,Waste Management,1.6,2.8,False,248.13,-4.1,0.0,False,257.92,285.0,220.0,25.0,buy,8.4,119.86,-49.6,11.44,-95.2,2.24,5.32,1.48,395.9,3.54,1.49,True,-0.36,4.9,13.3,0.0,2026-07-28,True,False,8.0,STRONG,3.67,21.3,1.94,26.2,,,,2026-07-28T06:28:07.243257
LPX,Louisiana-Pacific Corporation,46.2,⚠️ WEAK,🔴 Weak,48.0,40.0,24.0,70.0,65.0,15.0,13.2,False,flat,-50.0,True,1,-24.0,True,1,"{'eps_growth_yoy': -50.0, 'positive_quarters': 3, 'earnings_accelerating': True, 'eps_accel_quarters': 1, 'profit_margin_pct': 3.2}","{'revenue_growth_yoy': -24.0, 'revenue_accelerating': True, 'rev_accel_quarters': 1}","{'rs_3m': -6.2, 'rs_6m': -24.7, 'rs_line_percentile': 13.2, 'rs_line_at_new_high': False, 'rs_line_trend': 'flat', 'rs_line_score': 15}","{'roe_pct': 4.8, 'debt_to_equity': 0.22, 'current_ratio': 3.26, 'operating_margin_pct': 6.6}","{'days_to_earnings': 'N/A', 'recommendation': 'buy', 'analyst_upside_pct': 25.7}",74.23,5186070528,Industrials,Building Products & Equipment,10.1,5.6,True,102.86,-27.8,0.0,False,93.31,107.0,66.0,13.0,buy,25.7,,,11.7,-84.2,-1.27,-0.94,1.61,97.4,1.2,1.27,False,,8.7,-70.3,8.0,2026-08-05,False,True,5.0,NEUTRAL,3.87,9.3,,42.4,1.6,0.04,-40.8,2026-07-28T06:35:19.695436
MSI,"Motorola Solutions, Inc.",45.2,⚠️ WEAK,🔴 Weak,50.0,30.0,36.0,60.0,65.0,15.0,23.3,False,up,-28.7,False,0,-1.8,False,0,"{'eps_growth_yoy': -28.7, 'positive_quarters': 4, 'earnings_accelerating': False, 'eps_accel_quarters': 0, 'profit_margin_pct': 17.6}","{'revenue_growth_yoy': -1.8, 'revenue_accelerating': False, 'rev_accel_quarters': 0}","{'rs_3m': -5.1, 'rs_6m': -1.0, 'rs_line_percentile': 23.3, 'rs_line_at_new_high': False, 'rs_line_trend': 'up', 'rs_line_score': 15}","{'roe_pct': 99.3, 'debt_to_equity': 3.74, 'current_ratio': 1.07, 'operating_margin_pct': 19.8}","{'days_to_earnings': 'N/A', 'recommendation': 'buy', 'analyst_upside_pct': 19.6}",423.8,70348922880,Technology,Communication Equipment,2.4,3.2,False,492.22,-13.9,4.0,False,507.0,530.0,470.0,11.0,buy,19.6,160.9,-62.0,125.9,-70.3,2.58,10.93,1.16,37.1,4.84,1.12,True,-1.23,7.7,-13.8,8.0,2026-08-05,False,True,6.0,NEUTRAL,4.01,161.2,,19.6,,,,2026-07-28T06:28:34.228443
NVR,"NVR, Inc.",45.0,⚠️ WEAK,🔴 Weak,50.0,30.0,24.0,85.0,50.0,15.0,17.2,False,up,-40.6,False,0,-27.6,False,0,"{'eps_growth_yoy': -40.6, 'positive_quarters': 4, 'earnings_accelerating': False, 'eps_accel_quarters': 0, 'profit_margin_pct': 11.8}","{'revenue_growth_yoy': -27.6, 'revenue_accelerating': False, 'rev_accel_quarters': 0}","{'rs_3m': -6.2, 'rs_6m': -24.9, 'rs_line_percentile': 17.2, 'rs_line_at_new_high': False, 'rs_line_trend': 'up', 'rs_line_score': 15}","{'roe_pct': 31.5, 'debt_to_equity': 0.31, 'current_ratio': 5.28, 'operating_margin_pct': 13.9}","{'days_to_earnings': 'N/A', 'recommendation': 'hold', 'analyst_upside_pct': 7.5}",6311.54,16903270400,Consumer Cyclical,Residential Construction,7.7,5.1,False,8618.28,-26.8,0.0,False,6782.0,7446.0,5664.0,5.0,hold,7.5,,,3848.8,-39.0,,,,,,,True,-11.13,55.0,-9.0,85.0,2026-10-21,False,False,5.0,NEUTRAL,10.62,41.3,,32.0,,,,2026-07-28T06:34:57.392683
IT,"Gartner, Inc.",42.2,⚠️ WEAK,🔴 Weak,50.0,30.0,36.0,50.0,50.0,15.0,5.4,False,down,-7.7,False,0,-10.4,False,0,"{'eps_growth_yoy': -7.7, 'positive_quarters': 4, 'earnings_accelerating': False, 'eps_accel_quarters': 0, 'profit_margin_pct': 11.4}","{'revenue_growth_yoy': -10.4, 'revenue_accelerating': False, 'rev_accel_quarters': 0}","{'rs_3m': nan, 'rs_6m': nan, 'rs_line_percentile': 5.4, 'rs_line_at_new_high': False, 'rs_line_trend': 'down', 'rs_line_score': 15}","{'roe_pct': 94.9, 'debt_to_equity': 52.93, 'current_ratio': 0.94, 'operating_margin_pct': 20.5}","{'days_to_earnings': 'N/A', 'recommendation': 'hold', 'analyst_upside_pct': 8.8}",147.45,9872055296,Technology,Information Technology Services,23.7,7.4,True,357.33,-58.7,0.0,False,160.38,203.0,120.0,13.0,hold,8.8,419.26,184.3,183.73,24.6,10.78,15.89,,,,,True,-23.94,8.5,6.9,7.0,2026-08-04,True,False,6.0,NEUTRAL,9.46,255.4,0.56,58.6,,,,2026-07-28T06:32:32.383449
GPK,Graphic Packaging Holding Compa,40.7,⚠️ WEAK,🔴 Weak,38.0,40.0,30.3,55.0,50.0,15.0,9.7,False,up,-141.3,False,0,-2.2,True,1,"{'eps_growth_yoy': -141.3, 'positive_quarters': 3, 'earnings_accelerating': False, 'eps_accel_quarters': 0, 'profit_margin_pct': 3.2}","{'revenue_growth_yoy': -2.2, 'revenue_accelerating': True, 'rev_accel_quarters': 1}","{'rs_3m': 13.7, 'rs_6m': -32.2, 'rs_line_percentile': 9.7, 'rs_line_at_new_high': False, 'rs_line_trend': 'up', 'rs_line_score': 15}","{'roe_pct': 8.6, 'debt_to_equity': 1.78, 'current_ratio': 1.41, 'operating_margin_pct': 4.1}","{'days_to_earnings': 'N/A', 'recommendation': 'hold', 'analyst_upside_pct': 5.8}",11.15,0,Consumer Cyclical,Packaging & Containers,10.9,5.4,True,23.76,-53.1,1.0,False,11.8,18.0,9.0,11.0,hold,5.8,,,9.3,-16.6,,,3.99,47.8,0.44,1.79,False,,2.6,,7.0,2026-08-04,True,False,5.0,NEUTRAL,9.01,12.6,0.23,34.0,,,,2026-07-28T06:35:52.528509
KD,"Kyndryl Holdings, Inc.",40.3,⚠️ WEAK,🔴 Weak,45.0,50.0,24.0,30.0,50.0,15.0,6.2,False,up,-69.6,False,0,0.7,False,0,"{'eps_growth_yoy': -69.6, 'positive_quarters': 4, 'earnings_accelerating': False, 'eps_accel_quarters': 0, 'profit_margin_pct': 1.3}","{'revenue_growth_yoy': 0.7, 'revenue_accelerating': False, 'rev_accel_quarters': 0}","{'rs_3m': -9.7, 'rs_6m': -55.1, 'rs_line_percentile': 6.2, 'rs_line_at_new_high': False, 'rs_line_trend': 'up', 'rs_line_score': 15}","{'roe_pct': 15.1, 'debt_to_equity': 3.84, 'current_ratio': 0.88, 'operating_margin_pct': 4.1}","{'days_to_earnings': 'N/A', 'recommendation': 'hold', 'analyst_upside_pct': 8.9}",12.76,2813799680,Technology,Information Technology Services,14.9,7.2,True,39.98,-68.1,1.0,False,13.9,16.5,13.0,5.0,hold,8.9,186.67,1362.9,8.5,-33.4,99.42,12.69,,,,,True,-14.14,5.7,-29.2,8.0,2026-08-05,False,True,6.0,NEUTRAL,9.57,14.9,,47.9,3.1,0.07,-44.8,2026-07-28T06:36:11.378268
