ticker,company_name,fundamental_score,sin_score_motivo,base_periodos,tier,quality,price_currency,financial_currency,fx_applied,fx_reliable,per_share_reliable,shares_price_ratio,coherence_issues,earnings_quality_score,growth_acceleration_score,relative_strength_score,financial_health_score,catalyst_timing_score,rs_line_score,rs_line_percentile,rs_line_at_new_high,rs_line_trend,eps_growth_yoy,eps_accelerating,eps_accel_quarters,rev_growth_yoy,rev_accelerating,rev_accel_quarters,earnings_details,growth_details,rs_details,health_details,catalyst_details,current_price,market_cap,sector,industry,short_percent_float,short_ratio,short_squeeze_potential,fifty_two_week_high,proximity_to_52w_high,trend_template_score,trend_template_pass,dist_ma50_pct,target_price_analyst,target_price_analyst_high,target_price_analyst_low,analyst_count,analyst_recommendation,analyst_upside_pct,target_price_dcf,target_price_dcf_upside_pct,target_price_pe,target_price_pe_upside_pct,pe_eps_usado,pe_ancla,pe_ancla_n,pe_ancla_dispersion,pe_ancla_fragil,pe_ancla_excluidos,fcf_yield_pct,fcf_per_share,fcf_minoritarios_pct,dividend_yield_pct,payout_ratio_pct,dividend_rate,five_yr_avg_dividend_yield_pct,buyback_active,shares_change_pct,ai_descartados,piotroski_evaluables,piotroski_motivo,interest_coverage,interest_coverage_base,interest_coverage_ebit,analyst_revision_momentum,days_to_earnings,earnings_date,earnings_warning,earnings_fecha_conocida,earnings_catalyst,piotroski_score,piotroski_label,ebit_ev_yield,roic_greenblatt,peg_ratio,hv_30d,atm_iv,iv_ratio,iv_premium_pts,analyzed_at,acciones_efectivas,dcf_no_aplicable,pe_sin_ancla_motivo,pe_eps_motivo,per_share_no_fiable,shares_change_es_gasto
FTNT,"Fortinet, Inc.",86.2,,trimestral,🏆 ELITE,🟢 Elite,USD,USD,False,True,True,1.0,,100.0,80.0,88.3,90.0,50.0,100.0,97.9,True,up,37.8,True,1,25.6,True,1,"{'eps_growth_yoy': 37.8, 'op_growth_yoy': 50.5, 'crecimiento_respaldado': True, 'positive_quarters': 4, 'earnings_accelerating': True, 'eps_accel_quarters': 1, 'profit_margin_pct': 28.2, 'score_bruto_sin_capar': 105.0, 'satura': True}","{'revenue_growth_yoy': 25.6, 'revenue_accelerating': True, 'rev_accel_quarters': 1}","{'rs_3m': 12.0, 'rs_6m': 101.3, 'rs_line_percentile': 97.9, 'rs_line_at_new_high': True, 'rs_line_trend': 'up', 'rs_line_score': 100}","{'roe_pct': 117.4, 'debt_to_equity': 0.36, 'current_ratio': 1.28, 'operating_margin_pct': 33.6}","{'days_to_earnings': 'N/A', 'recommendation': 'hold', 'analyst_upside_pct': -6.8}",176.33,129375731712,Technology,Software - Infrastructure,2.3,3.2,False,181.37,-2.8,8,True,8.9,164.32,220.0,104.0,36.0,hold,-6.8,99.06,-43.8,117.64,-33.3,reportado,múltiplo propio,4.0,0.32,False,,2.34,4.13,,,,,,True,-4.24,,9,,135.7,Operating Income,146.7,17.6,36.0,2026-11-04,False,True,False,6,NEUTRAL,1.66,83.9,1.56,49.3,0.8,0.02,-48.5,2026-09-29T05:48:58.503580,,,,,,
APH,Amphenol Corporation,83.5,,trimestral,🏆 ELITE,🟢 Elite,USD,USD,False,True,True,1.0,,90.0,90.0,74.0,85.0,65.0,80.0,75.8,False,up,26.5,False,0,58.4,True,1,"{'eps_growth_yoy': 26.5, 'op_growth_yoy': 82.3, 'crecimiento_respaldado': True, 'positive_quarters': 4, 'earnings_accelerating': False, 'eps_accel_quarters': 0, 'profit_margin_pct': 17.7, 'score_bruto_sin_capar': 90.0, 'satura': False}","{'revenue_growth_yoy': 58.4, 'revenue_accelerating': True, 'rev_accel_quarters': 1}","{'rs_3m': -6.6, 'rs_6m': 20.7, 'rs_line_percentile': 75.8, 'rs_line_at_new_high': False, 'rs_line_trend': 'up', 'rs_line_score': 80}","{'roe_pct': 38.1, 'debt_to_equity': 1.2, 'current_ratio': 1.89, 'operating_margin_pct': 29.8}","{'days_to_earnings': 'N/A', 'recommendation': 'strong_buy', 'analyst_upside_pct': 17.5}",84.62,208670113792,Technology,Electronic Components,1.5,2.8,False,89.26,-5.2,8,True,5.2,99.39,115.0,85.0,18.0,strong_buy,17.5,41.22,-51.3,33.66,-60.2,reportado,múltiplo propio,4.0,0.48,False,,2.34,1.98,,0.59,22.9,0.5,0.82,False,1.34,,9,,13.7,Operating Income,13.6,59.3,29.0,2026-10-28,False,True,False,6,NEUTRAL,2.69,37.9,0.87,39.1,0.8,0.02,-38.3,2026-09-29T05:47:42.548237,,,,,,
ASML,ASML Holding N.V.,83.2,,trimestral,🏆 ELITE,🟢 Elite,USD,EUR,True,True,True,1.0,,100.0,80.0,62.4,95.0,65.0,60.0,71.2,False,flat,27.4,True,1,21.3,True,1,"{'eps_growth_yoy': 27.4, 'op_growth_yoy': 29.7, 'crecimiento_respaldado': True, 'positive_quarters': 4, 'earnings_accelerating': True, 'eps_accel_quarters': 1, 'profit_margin_pct': 30.1, 'score_bruto_sin_capar': 105.0, 'satura': True}","{'revenue_growth_yoy': 21.3, 'revenue_accelerating': True, 'rev_accel_quarters': 1}","{'rs_3m': -13.6, 'rs_6m': 20.0, 'rs_line_percentile': 71.2, 'rs_line_at_new_high': False, 'rs_line_trend': 'flat', 'rs_line_score': 60}","{'roe_pct': 53.9, 'debt_to_equity': 0.09, 'current_ratio': 1.33, 'operating_margin_pct': 37.1}","{'days_to_earnings': 'N/A', 'recommendation': 'strong_buy', 'analyst_upside_pct': 19.4}",1771.41,680398618624,Technology,Semiconductor Equipment & Materials,0.4,1.2,False,1999.96,-11.4,8,True,3.1,2115.82,2814.18,878.84,16.0,strong_buy,19.4,570.65,-67.8,1097.83,-38.0,reportado,múltiplo propio,4.0,0.2,False,,1.68,29.76,,0.52,29.7,9.08,0.83,False,-0.9,,7,,,,,28.5,15.0,2026-10-14,False,True,True,6,NEUTRAL,0.03,77.5,1.47,40.5,0.4,0.01,-40.1,2026-09-29T05:48:31.764616,,,,,,
MSFT,Microsoft Corporation,82.8,,trimestral,🏆 ELITE,🟢 Elite,USD,USD,False,True,True,1.0,,100.0,70.0,75.0,95.0,60.0,60.0,59.4,False,up,31.3,True,1,17.7,True,1,"{'eps_growth_yoy': 31.3, 'op_growth_yoy': 18.3, 'crecimiento_respaldado': True, 'positive_quarters': 4, 'earnings_accelerating': True, 'eps_accel_quarters': 1, 'profit_margin_pct': 40.3, 'score_bruto_sin_capar': 105.0, 'satura': True}","{'revenue_growth_yoy': 17.7, 'revenue_accelerating': True, 'rev_accel_quarters': 1}","{'rs_3m': 34.0, 'rs_6m': 20.7, 'rs_line_percentile': 59.4, 'rs_line_at_new_high': False, 'rs_line_trend': 'up', 'rs_line_score': 60}","{'roe_pct': 34.0, 'debt_to_equity': 0.29, 'current_ratio': 1.23, 'operating_margin_pct': 45.1}","{'days_to_earnings': 'N/A', 'recommendation': 'strong_buy', 'analyst_upside_pct': 13.4}",509.22,3781236359168,Technology,Software - Infrastructure,0.9,3.2,False,553.72,-8.0,6,False,6.6,577.26,870.0,440.0,52.0,strong_buy,13.4,,,632.13,24.1,reportado,múltiplo propio,4.0,0.47,False,,1.77,9.01,,0.76,19.8,3.92,0.79,False,-0.24,,9,,50.9,Operating Income,55.4,31.7,29.0,2026-10-28,False,True,False,6,NEUTRAL,4.05,41.3,0.94,25.1,0.2,0.01,-24.9,2026-09-29T05:42:38.379228,,"el capex se lleva el 63% del flujo operativo: lo que queda no es lo que gana el dueño, es lo que sobra tras decidir invertir",,,,
AVGO,Broadcom Inc.,82.7,,trimestral,🏆 ELITE,🟢 Elite,USD,USD,False,True,True,1.0,,100.0,100.0,36.0,90.0,70.0,15.0,4.4,False,down,216.1,True,2,85.5,True,2,"{'eps_growth_yoy': 216.1, 'op_growth_yoy': 164.4, 'crecimiento_respaldado': False, 'crecimiento_puntuado': 189.4, 'positive_quarters': 4, 'earnings_accelerating': True, 'eps_accel_quarters': 2, 'profit_margin_pct': 42.9, 'score_bruto_sin_capar': 125.0, 'satura': True}","{'revenue_growth_yoy': 85.5, 'revenue_accelerating': True, 'rev_accel_quarters': 2}","{'rs_3m': -10.1, 'rs_6m': -2.2, 'rs_line_percentile': 4.4, 'rs_line_at_new_high': False, 'rs_line_trend': 'down', 'rs_line_score': 15}","{'roe_pct': 44.2, 'debt_to_equity': 0.6, 'current_ratio': 2.5, 'operating_margin_pct': 54.3}","{'days_to_earnings': 'N/A', 'recommendation': 'strong_buy', 'analyst_upside_pct': 52.1}",349.57,1668717871104,Technology,Semiconductors,1.1,2.0,False,495.0,-29.4,1,False,-6.9,531.85,715.0,215.88,47.0,strong_buy,52.1,151.55,-56.6,,,normalizado,,,,,,2.4,8.39,,0.74,32.4,2.6,1.76,False,0.56,,9,,13.9,Operating Income,14.0,215.3,71.0,2026-12-09,False,True,False,8,STRONG,1.53,167.3,0.88,29.8,0.2,0.01,-29.6,2026-09-29T05:48:35.708224,,,los P/E históricos se separan 2.5x la mediana: el ancla la decidiría un año suelto,tasa fiscal efectiva 5.4% — el beneficio del periodo no es representativo,,
WST,"West Pharmaceutical Services, Inc.",82.2,,trimestral,🏆 ELITE,🟢 Elite,USD,USD,False,True,True,1.0,,100.0,60.0,84.7,95.0,60.0,100.0,99.2,True,up,16.8,True,2,13.8,False,0,"{'eps_growth_yoy': 16.8, 'op_growth_yoy': 20.8, 'crecimiento_respaldado': True, 'positive_quarters': 4, 'earnings_accelerating': True, 'eps_accel_quarters': 2, 'profit_margin_pct': 17.0, 'score_bruto_sin_capar': 100.0, 'satura': False}","{'revenue_growth_yoy': 13.8, 'revenue_accelerating': False, 'rev_accel_quarters': 0}","{'rs_3m': 1.9, 'rs_6m': 31.7, 'rs_line_percentile': 99.2, 'rs_line_at_new_high': True, 'rs_line_trend': 'up', 'rs_line_score': 100}","{'roe_pct': 19.1, 'debt_to_equity': 0.11, 'current_ratio': 2.82, 'operating_margin_pct': 22.5}","{'days_to_earnings': 'N/A', 'recommendation': 'strong_buy', 'analyst_upside_pct': 8.5}",375.65,26436653056,Healthcare,Medical Instruments & Supplies,4.0,4.9,False,386.0,-2.7,8,True,7.1,407.56,459.0,340.0,16.0,strong_buy,8.5,78.12,-79.2,331.38,-11.8,reportado,múltiplo propio,4.0,0.44,False,,1.42,5.33,,0.24,11.1,0.88,0.25,True,-1.66,,9,,160.6,Operating Income,155.1,18.1,23.0,2026-10-22,False,True,False,7,NEUTRAL,2.42,20.1,,22.8,1.6,0.07,-21.2,2026-09-29T05:44:23.885982,,,,,,
CVX,Chevron Corporation,82.0,,trimestral,🏆 ELITE,🟢 Elite,USD,USD,False,True,True,1.0,,100.0,100.0,41.0,85.0,60.0,35.0,48.9,False,up,384.8,True,2,51.4,True,2,"{'eps_growth_yoy': 384.8, 'op_growth_yoy': 251.9, 'crecimiento_respaldado': False, 'crecimiento_puntuado': 276.9, 'positive_quarters': 4, 'earnings_accelerating': True, 'eps_accel_quarters': 2, 'profit_margin_pct': 9.8, 'score_bruto_sin_capar': 115.0, 'satura': True}","{'revenue_growth_yoy': 51.4, 'revenue_accelerating': True, 'rev_accel_quarters': 2}","{'rs_3m': 22.8, 'rs_6m': -22.1, 'rs_line_percentile': 48.9, 'rs_line_at_new_high': False, 'rs_line_trend': 'up', 'rs_line_score': 35}","{'roe_pct': 12.2, 'debt_to_equity': 0.19, 'current_ratio': 1.25, 'operating_margin_pct': 21.9}","{'days_to_earnings': 'N/A', 'recommendation': 'buy', 'analyst_upside_pct': 8.7}",206.37,404816068608,Energy,Oil & Gas Integrated,1.1,2.6,False,217.78,-5.2,7,True,2.8,224.33,250.0,175.0,24.0,buy,8.7,265.27,28.5,132.73,-35.7,reportado,múltiplo propio,4.0,1.09,True,,6.91,14.26,,3.48,67.2,7.12,3.95,True,-2.75,,9,,18.1,Operating Income,22.5,321.9,31.0,2026-10-30,False,True,False,5,NEUTRAL,3.8,7.4,,24.0,0.8,0.03,-23.2,2026-09-29T05:49:46.156452,,,,,,True
AAPL,Apple Inc.,81.6,,trimestral,🏆 ELITE,🟢 Elite,USD,USD,False,True,True,1.0,,100.0,70.0,76.7,85.0,60.0,80.0,78.2,False,flat,27.1,True,1,16.4,True,1,"{'eps_growth_yoy': 27.1, 'op_growth_yoy': 26.6, 'crecimiento_respaldado': True, 'positive_quarters': 4, 'earnings_accelerating': True, 'eps_accel_quarters': 1, 'profit_margin_pct': 27.6, 'score_bruto_sin_capar': 105.0, 'satura': True}","{'revenue_growth_yoy': 16.4, 'revenue_accelerating': True, 'rev_accel_quarters': 1}","{'rs_3m': 14.3, 'rs_6m': 15.7, 'rs_line_percentile': 78.2, 'rs_line_at_new_high': False, 'rs_line_trend': 'flat', 'rs_line_score': 80}","{'roe_pct': 148.8, 'debt_to_equity': 0.78, 'current_ratio': 1.0, 'operating_margin_pct': 32.6}","{'days_to_earnings': 'N/A', 'recommendation': 'buy', 'analyst_upside_pct': -3.0}",338.4,4938670276608,Technology,Consumer Electronics,0.9,3.0,False,345.34,-2.0,8,True,5.1,328.22,405.0,215.0,39.0,buy,-3.0,160.86,-52.5,266.4,-21.3,reportado,múltiplo propio,4.0,0.51,False,,2.71,9.17,,0.32,12.0,1.08,0.5,True,-1.56,,9,,,,,20.1,30.0,2026-10-29,False,True,False,8,STRONG,2.68,267.0,5.13,22.2,,,,2026-09-29T05:49:21.684689,,,,,,
BRK-B,Berkshire Hathaway Inc.,79.2,,trimestral,⭐⭐⭐ EXCELLENT,🟢 Excellent,USD,USD,False,True,True,0.6577,"acciones × precio no cuadra (ratio 0.6577) pero la divisa sí: son clases múltiples. Se usan 2,141 M de acciones efectivas (capitalización ÷ precio) en vez de las 1,408 M declaradas",100.0,90.0,36.0,90.0,60.0,15.0,22.2,False,flat,457.6,True,1,41.5,True,1,"{'eps_growth_yoy': 457.6, 'op_growth_yoy': 421.4, 'crecimiento_respaldado': False, 'crecimiento_puntuado': 446.4, 'positive_quarters': 4, 'earnings_accelerating': True, 'eps_accel_quarters': 1, 'profit_margin_pct': 22.3, 'score_bruto_sin_capar': 115.0, 'satura': True}","{'revenue_growth_yoy': 41.5, 'revenue_accelerating': True, 'rev_accel_quarters': 1}","{'rs_3m': -2.2, 'rs_6m': -15.8, 'rs_line_percentile': 22.2, 'rs_line_at_new_high': False, 'rs_line_trend': 'flat', 'rs_line_score': 15}","{'roe_pct': 12.1, 'debt_to_equity': 0.17, 'current_ratio': 2.89, 'operating_margin_pct': 32.6}","{'days_to_earnings': 'N/A', 'recommendation': 'buy', 'analyst_upside_pct': 8.9}",503.09,1076969668608,Financial Services,Insurance - Diversified,1.0,2.3,False,537.74,-6.4,4,False,-0.7,547.67,604.0,510.0,3.0,buy,8.9,,,434.86,-13.6,reportado,múltiplo propio,3.0,0.74,True,,2.39,12.02,,,,,,False,-0.41,,7,,17.1,EBIT,17.1,75.5,39.0,2026-11-07,False,True,False,4,NEUTRAL,,,0.76,11.4,,,,2026-09-29T05:45:00.892468,2140709751.0,"Insurance - Diversified: el flujo operativo son depósitos, préstamos o primas, no caja libre para el accionista",,,,True
TNE.AX,Technology One Limited,78.8,,anual,⭐⭐⭐ EXCELLENT,🟢 Excellent,AUD,AUD,False,True,True,1.0,,95.0,80.0,50.0,95.0,60.0,,,,,16.6,True,1,18.2,True,2,"{'eps_growth_yoy': 16.6, 'op_growth_yoy': 18.3, 'crecimiento_respaldado': True, 'positive_quarters': 4, 'earnings_accelerating': True, 'eps_accel_quarters': 1, 'profit_margin_pct': 22.4, 'score_bruto_sin_capar': 95.0, 'satura': False}","{'revenue_growth_yoy': 18.2, 'revenue_accelerating': True, 'rev_accel_quarters': 2}","{'rs_3m': -6.4, 'rs_6m': -12.3}","{'roe_pct': 33.5, 'debt_to_equity': 0.12, 'current_ratio': 1.12, 'operating_margin_pct': 27.1}","{'days_to_earnings': 'N/A', 'recommendation': 'buy', 'analyst_upside_pct': 5.3}",29.38,9618087936,Technology,Software - Application,,,False,39.99,-26.5,3,False,-4.6,30.94,34.25,22.0,16.0,buy,5.3,20.38,-30.6,,,reportado,,,,,,2.07,0.61,,0.96,62.2,0.28,0.97,,,,7,,,,,4.4,49.0,2026-11-17,False,True,False,3,NEUTRAL,1.86,152.7,3.23,25.2,,,,2026-09-29T05:46:33.301874,,,múltiplo propio 56x fuera del rango 8-45,,,
TECK,Teck Resources Limited,78.3,,trimestral,⭐⭐⭐ EXCELLENT,🟢 Excellent,USD,CAD,True,True,True,0.9845,"FCF declarado (1,925,000,000) se aparta del derivado de flujo operativo menos capex (1,213,338,353)",100.0,80.0,65.1,75.0,40.0,60.0,74.5,False,up,314.6,False,0,78.2,False,0,"{'eps_growth_yoy': 314.6, 'op_growth_yoy': 425.2, 'crecimiento_respaldado': True, 'positive_quarters': 4, 'earnings_accelerating': False, 'eps_accel_quarters': 0, 'profit_margin_pct': 17.9, 'score_bruto_sin_capar': 100.0, 'satura': False}","{'revenue_growth_yoy': 78.2, 'revenue_accelerating': False, 'rev_accel_quarters': 0}","{'rs_3m': 7.0, 'rs_6m': 13.5, 'rs_line_percentile': 74.5, 'rs_line_at_new_high': False, 'rs_line_trend': 'up', 'rs_line_score': 60}","{'roe_pct': 8.7, 'debt_to_equity': 0.34, 'current_ratio': 3.12, 'operating_margin_pct': 43.1}","{'days_to_earnings': 'N/A', 'recommendation': 'hold', 'analyst_upside_pct': -18.9}",65.16,31967498240,Basic Materials,Copper,,4.5,False,72.56,-10.2,8,True,0.0,52.81,67.52,35.17,4.0,hold,-18.9,,,,,normalizado,,,,,,3.8,2.48,,0.54,9.8,0.36,0.99,True,-1.05,,6,solo 6 de los 9 criterios son calculables con los estados de esta empresa,5.2,Operating Income,6.5,129.8,30.0,2026-10-29,False,True,False,5,,4.2,4.2,0.61,37.4,,,,2026-09-29T05:51:26.264084,,"el capex se lleva el 63% del flujo operativo: lo que queda no es lo que gana el dueño, es lo que sobra tras decidir invertir",sin histórico de múltiplo (beneficio negativo o pocos años),tasa fiscal efectiva 39.3% — el beneficio del periodo no es representativo,,
CBOE,"Cboe Global Markets, Inc.",78.3,,trimestral,⭐⭐⭐ EXCELLENT,🟢 Excellent,USD,USD,False,True,True,1.0,,100.0,90.0,26.7,100.0,55.0,15.0,10.1,False,down,50.2,False,0,22.9,True,2,"{'eps_growth_yoy': 50.2, 'op_growth_yoy': 33.6, 'crecimiento_respaldado': True, 'positive_quarters': 4, 'earnings_accelerating': False, 'eps_accel_quarters': 0, 'profit_margin_pct': 26.7, 'score_bruto_sin_capar': 105.0, 'satura': True}","{'revenue_growth_yoy': 22.9, 'revenue_accelerating': True, 'rev_accel_quarters': 2}","{'rs_3m': 1.9, 'rs_6m': -31.6, 'rs_line_percentile': 10.1, 'rs_line_at_new_high': False, 'rs_line_trend': 'down', 'rs_line_score': 15}","{'roe_pct': 26.3, 'debt_to_equity': 0.28, 'current_ratio': 1.56, 'operating_margin_pct': 34.6}","{'days_to_earnings': 'N/A', 'recommendation': 'hold', 'analyst_upside_pct': 24.6}",253.26,26448197632,Financial Services,Financial Data & Stock Exchanges,3.0,2.9,False,371.18,-31.8,2,False,-12.0,315.64,356.0,258.0,14.0,hold,24.6,496.53,96.1,326.19,28.8,reportado,múltiplo propio,4.0,1.22,True,,7.15,18.11,,1.33,22.4,3.44,1.27,False,-0.19,,9,,33.6,Operating Income,36.6,20.1,31.0,2026-10-30,False,True,False,8,STRONG,5.9,65.7,0.55,32.0,,,,2026-09-29T05:47:04.929991,,,,,,
NUE,Nucor Corporation,78.2,,trimestral,⭐⭐⭐ EXCELLENT,🟢 Excellent,USD,USD,False,True,True,1.0,"FCF declarado (1,211,000,000) se aparta del derivado de flujo operativo menos capex (766,533,165)",95.0,70.0,68.7,80.0,65.0,60.0,74.8,False,up,91.7,False,0,23.0,False,0,"{'eps_growth_yoy': 91.7, 'op_growth_yoy': 77.3, 'crecimiento_respaldado': True, 'positive_quarters': 4, 'earnings_accelerating': False, 'eps_accel_quarters': 0, 'profit_margin_pct': 8.0, 'score_bruto_sin_capar': 95.0, 'satura': False}","{'revenue_growth_yoy': 23.0, 'revenue_accelerating': False, 'rev_accel_quarters': 0}","{'rs_3m': 7.0, 'rs_6m': 27.5, 'rs_line_percentile': 74.8, 'rs_line_at_new_high': False, 'rs_line_trend': 'up', 'rs_line_score': 60}","{'roe_pct': 14.5, 'debt_to_equity': 0.31, 'current_ratio': 2.51, 'operating_margin_pct': 15.7}","{'days_to_earnings': 'N/A', 'recommendation': 'buy', 'analyst_upside_pct': 16.0}",244.49,55468834816,Basic Materials,Steel,2.5,3.1,False,280.11,-12.7,7,True,-4.4,283.62,310.0,231.0,16.0,buy,16.0,,,,,reportado,,,,,,1.38,3.37,23.5,0.91,17.8,2.24,1.41,False,-1.0,,9,,28.7,Operating Income,29.3,93.8,27.0,2026-10-26,False,True,False,6,NEUTRAL,4.36,11.5,,33.8,,,,2026-09-29T05:50:25.652997,,"el capex se lleva el 77% del flujo operativo: lo que queda no es lo que gana el dueño, es lo que sobra tras decidir invertir",los P/E históricos se separan 1.5x la mediana: el ancla la decidiría un año suelto,,,
THC,Tenet Healthcare Corporation,78.1,,trimestral,⭐⭐⭐ EXCELLENT,🟢 Excellent,USD,USD,False,True,True,1.0,,100.0,60.0,79.4,75.0,60.0,80.0,80.0,False,up,186.8,False,0,14.6,False,0,"{'eps_growth_yoy': 186.8, 'op_growth_yoy': 68.7, 'crecimiento_respaldado': False, 'crecimiento_puntuado': 93.7, 'positive_quarters': 4, 'earnings_accelerating': False, 'eps_accel_quarters': 0, 'profit_margin_pct': 10.3, 'score_bruto_sin_capar': 100.0, 'satura': False}","{'revenue_growth_yoy': 14.6, 'revenue_accelerating': False, 'rev_accel_quarters': 0}","{'rs_3m': 35.1, 'rs_6m': 15.4, 'rs_line_percentile': 80.0, 'rs_line_at_new_high': False, 'rs_line_trend': 'up', 'rs_line_score': 80}","{'roe_pct': 37.3, 'debt_to_equity': 1.52, 'current_ratio': 1.41, 'operating_margin_pct': 18.2}","{'days_to_earnings': 'N/A', 'recommendation': 'buy', 'analyst_upside_pct': 10.4}",257.93,20768264192,Healthcare,Medical Care Facilities,2.9,2.8,False,283.05,-8.9,8,True,0.4,284.64,315.0,260.0,22.0,buy,10.4,422.35,63.7,331.28,28.4,reportado,múltiplo propio,4.0,0.72,False,,10.0,25.79,30.9,,,,2.75,True,-8.53,,9,,5.4,Operating Income,5.7,213.4,28.0,2026-10-27,False,True,False,6,NEUTRAL,9.58,31.7,0.41,30.3,0.8,0.03,-29.5,2026-09-29T05:51:18.682823,,,,,,
KYCCF,Keyence Corporation,78.0,,anual,⭐⭐⭐ EXCELLENT,🟢 Excellent,USD,JPY,True,True,True,1.0,,100.0,80.0,66.0,65.0,50.0,60.0,66.4,False,up,11.7,True,2,10.4,True,2,"{'eps_growth_yoy': 11.7, 'op_growth_yoy': 8.4, 'crecimiento_respaldado': True, 'positive_quarters': 4, 'earnings_accelerating': True, 'eps_accel_quarters': 2, 'profit_margin_pct': 39.2, 'score_bruto_sin_capar': 105.0, 'satura': True}","{'revenue_growth_yoy': 10.4, 'revenue_accelerating': True, 'rev_accel_quarters': 2}","{'rs_3m': -7.7, 'rs_6m': 25.5, 'rs_line_percentile': 66.4, 'rs_line_at_new_high': False, 'rs_line_trend': 'up', 'rs_line_score': 60}","{'current_ratio': 11.87, 'operating_margin_pct': 54.0}","{'days_to_earnings': 'N/A', 'recommendation': 'none'}",496.8,120486486016,Technology,Scientific & Technical Instruments,,,False,581.6,-14.6,6,False,-0.9,,,,,none,,35960.66,7138.5,,,reportado,,,,,,333.9,1658.82,,0.67,30.0,3.45,0.5,,,,9,,,,,25.5,30.0,2026-10-29,False,True,False,5,NEUTRAL,,31.6,1.43,35.2,,,,2026-09-29T05:48:39.809395,,,múltiplo propio 0x fuera del rango 8-45,,,
VEEV,Veeva Systems Inc.,77.2,,trimestral,⭐⭐⭐ EXCELLENT,🟢 Excellent,USD,USD,False,True,True,1.0,,95.0,60.0,75.0,85.0,60.0,60.0,62.3,False,up,36.5,False,0,17.6,False,0,"{'eps_growth_yoy': 36.5, 'op_growth_yoy': 40.4, 'crecimiento_respaldado': True, 'positive_quarters': 4, 'earnings_accelerating': False, 'eps_accel_quarters': 0, 'profit_margin_pct': 29.3, 'score_bruto_sin_capar': 95.0, 'satura': False}","{'revenue_growth_yoy': 17.6, 'revenue_accelerating': False, 'rev_accel_quarters': 0}","{'rs_3m': 55.0, 'rs_6m': 37.3, 'rs_line_percentile': 62.3, 'rs_line_at_new_high': False, 'rs_line_trend': 'up', 'rs_line_score': 60}","{'roe_pct': 14.4, 'debt_to_equity': 0.02, 'current_ratio': 5.46, 'operating_margin_pct': 29.6}","{'days_to_earnings': 'N/A', 'recommendation': 'buy', 'analyst_upside_pct': 6.2}",279.96,45327998976,Healthcare,Health Information Services,3.4,2.9,False,310.5,-9.8,6,False,15.0,297.3,350.0,180.0,27.0,buy,6.2,196.05,-30.0,,,reportado,,,,,,2.77,7.75,,,,,,True,-1.57,,9,,,,,39.5,57.0,2026-11-25,False,True,False,7,NEUTRAL,2.4,14.1,1.25,30.5,,,,2026-09-29T05:43:45.279737,,,múltiplo propio 55x fuera del rango 8-45,,,
7741.T,HOYA Corporation,77.2,,anual,⭐⭐⭐ EXCELLENT,🟢 Excellent,JPY,JPY,False,True,True,1.0,,100.0,80.0,30.0,95.0,70.0,,,,,25.2,True,2,12.4,True,2,"{'eps_growth_yoy': 25.2, 'op_growth_yoy': 14.6, 'crecimiento_respaldado': True, 'positive_quarters': 4, 'earnings_accelerating': True, 'eps_accel_quarters': 2, 'profit_margin_pct': 27.2, 'score_bruto_sin_capar': 115.0, 'satura': True}","{'revenue_growth_yoy': 12.4, 'revenue_accelerating': True, 'rev_accel_quarters': 2}","{'rs_3m': -12.6, 'rs_6m': -40.1}","{'roe_pct': 26.5, 'debt_to_equity': 0.04, 'current_ratio': 4.91, 'operating_margin_pct': 32.4}","{'days_to_earnings': 'N/A', 'recommendation': 'strong_buy', 'analyst_upside_pct': 31.0}",23060.0,7691935678464,Healthcare,Medical Instruments & Supplies,,,False,30400.0,-24.1,2,False,-6.0,30200.0,36000.0,23100.0,15.0,strong_buy,31.0,16147.63,-30.0,24465.69,6.1,reportado,múltiplo propio,4.0,0.22,False,,3.05,703.33,,1.25,39.7,295.0,0.77,,,,9,,,,,30.0,31.0,2026-10-30,False,True,False,6,NEUTRAL,7.45,55.3,2.04,22.5,,,,2026-09-29T05:44:42.634152,,,,,,
GOOG,Alphabet Inc.,76.5,,trimestral,⭐⭐⭐ EXCELLENT,🟢 Excellent,USD,USD,False,True,True,0.4519,"acciones × precio no cuadra (ratio 0.4519) pero la divisa sí: son clases múltiples. Se usan 12,230 M de acciones efectivas (capitalización ÷ precio) en vez de las 5,527 M declaradas | FCF declarado (53,273,000,000) se aparta del derivado de flujo operativo menos capex (94,228,005,952)",85.0,80.0,47.6,100.0,65.0,35.0,44.3,False,down,297.9,False,0,24.2,True,1,"{'eps_growth_yoy': 297.9, 'op_growth_yoy': 30.4, 'crecimiento_respaldado': False, 'crecimiento_puntuado': 55.4, 'positive_quarters': 4, 'earnings_accelerating': False, 'eps_accel_quarters': 0, 'profit_margin_pct': 54.8, 'score_bruto_sin_capar': 105.0, 'satura': True}","{'revenue_growth_yoy': 24.2, 'revenue_accelerating': True, 'rev_accel_quarters': 1}","{'rs_3m': -6.7, 'rs_6m': 2.6, 'rs_line_percentile': 44.3, 'rs_line_at_new_high': False, 'rs_line_trend': 'down', 'rs_line_score': 35}","{'roe_pct': 48.7, 'debt_to_equity': 0.19, 'current_ratio': 2.72, 'operating_margin_pct': 34.0}","{'days_to_earnings': 'N/A', 'recommendation': 'strong_buy', 'analyst_upside_pct': 24.5}",339.16,4147904774144,Communication Services,Internet Content & Information,,3.3,False,404.47,-16.1,4,False,-0.7,422.34,475.0,340.0,15.0,strong_buy,24.5,154.22,-54.5,474.16,39.8,reportado,múltiplo propio,4.0,0.41,False,,2.27,7.7,,0.26,4.3,0.88,,False,0.91,,9,,65.6,Operating Income,133.9,294.0,29.0,2026-10-28,False,True,False,6,NEUTRAL,3.19,35.3,0.75,25.4,0.4,0.02,-25.0,2026-09-29T05:48:43.591551,12229935058.0,,,,,
OXY,Occidental Petroleum Corporation,76.2,,trimestral,⭐⭐⭐ EXCELLENT,🟢 Excellent,USD,USD,False,True,True,1.0,,100.0,80.0,38.3,80.0,65.0,35.0,34.1,False,flat,808.8,True,2,53.4,False,0,"{'eps_growth_yoy': 808.8, 'op_growth_yoy': 359.3, 'crecimiento_respaldado': False, 'crecimiento_puntuado': 384.3, 'positive_quarters': 3, 'earnings_accelerating': True, 'eps_accel_quarters': 2, 'profit_margin_pct': 30.3, 'score_bruto_sin_capar': 118.0, 'satura': True}","{'revenue_growth_yoy': 53.4, 'revenue_accelerating': False, 'rev_accel_quarters': 0}","{'rs_3m': 13.3, 'rs_6m': -36.3, 'rs_line_percentile': 34.1, 'rs_line_at_new_high': False, 'rs_line_trend': 'flat', 'rs_line_score': 35}","{'roe_pct': 10.6, 'debt_to_equity': 0.35, 'current_ratio': 1.41, 'operating_margin_pct': 45.4}","{'days_to_earnings': 'N/A', 'recommendation': 'buy', 'analyst_upside_pct': 21.2}",56.1,56079654912,Energy,Oil & Gas E&P,0.0,0.0,False,67.45,-16.8,5,False,-3.6,68.0,82.0,55.0,25.0,buy,21.2,,,44.57,-20.6,reportado,múltiplo propio,4.0,0.97,False,,8.11,4.55,,1.97,29.5,1.12,1.14,False,0.18,,9,,5.7,Operating Income,6.2,675.4,41.0,2026-11-09,False,True,False,4,NEUTRAL,4.93,5.8,,31.8,,,,2026-09-29T05:49:33.861835,,"el capex se lleva el 59% del flujo operativo: lo que queda no es lo que gana el dueño, es lo que sobra tras decidir invertir",,,,
AME,"AMETEK, Inc.",76.1,,trimestral,⭐⭐⭐ EXCELLENT,🟢 Excellent,USD,USD,False,True,True,1.0,,95.0,70.0,56.7,85.0,60.0,60.0,71.1,False,up,13.5,True,1,15.0,True,1,"{'eps_growth_yoy': 13.5, 'op_growth_yoy': 14.4, 'crecimiento_respaldado': True, 'positive_quarters': 4, 'earnings_accelerating': True, 'eps_accel_quarters': 1, 'profit_margin_pct': 20.0, 'score_bruto_sin_capar': 95.0, 'satura': False}","{'revenue_growth_yoy': 15.0, 'revenue_accelerating': True, 'rev_accel_quarters': 1}","{'rs_3m': 1.4, 'rs_6m': -0.6, 'rs_line_percentile': 71.1, 'rs_line_at_new_high': False, 'rs_line_trend': 'up', 'rs_line_score': 60}","{'roe_pct': 14.6, 'debt_to_equity': 0.21, 'current_ratio': 1.21, 'operating_margin_pct': 26.2}","{'days_to_earnings': 'N/A', 'recommendation': 'buy', 'analyst_upside_pct': 10.6}",251.67,57698177024,Industrials,Specialty Industrial Machinery,1.5,2.1,False,261.16,-3.6,8,True,3.7,278.33,316.0,217.0,18.0,buy,10.6,167.97,-33.3,200.83,-20.2,reportado,múltiplo propio,4.0,0.16,False,,3.17,7.98,,0.54,19.0,1.36,0.62,False,-0.7,,9,,21.1,Operating Income,20.8,14.2,30.0,2026-10-29,False,True,False,6,NEUTRAL,3.21,146.3,3.07,24.9,,,,2026-09-29T05:46:20.632925,,,,,,
RACE,Ferrari N.V.,76.1,,trimestral,⭐⭐⭐ EXCELLENT,🟢 Excellent,USD,EUR,True,True,True,1.0,,95.0,70.0,50.3,90.0,65.0,35.0,26.3,False,up,9.0,True,2,8.4,True,2,"{'eps_growth_yoy': 9.0, 'op_growth_yoy': 9.5, 'crecimiento_respaldado': True, 'positive_quarters': 4, 'earnings_accelerating': True, 'eps_accel_quarters': 2, 'profit_margin_pct': 22.2, 'score_bruto_sin_capar': 95.0, 'satura': False}","{'revenue_growth_yoy': 8.4, 'revenue_accelerating': True, 'rev_accel_quarters': 2}","{'rs_3m': 4.1, 'rs_6m': 1.3, 'rs_line_percentile': 26.3, 'rs_line_at_new_high': False, 'rs_line_trend': 'up', 'rs_line_score': 35}","{'roe_pct': 45.4, 'debt_to_equity': 0.86, 'current_ratio': 2.43, 'operating_margin_pct': 31.1}","{'days_to_earnings': 'N/A', 'recommendation': 'strong_buy', 'analyst_upside_pct': 15.8}",398.0,69871304704,Consumer Cyclical,Auto Manufacturers,2.9,9.9,False,504.49,-21.1,5,False,-1.9,460.77,522.61,407.68,14.0,strong_buy,15.8,319.62,-19.7,468.3,17.7,reportado,múltiplo propio,4.0,0.19,False,,2.56,10.19,,1.03,39.0,4.23,0.69,True,-1.12,,9,,63.9,Operating Income,63.9,10.1,35.0,2026-11-03,False,True,False,9,STRONG,2.92,46.7,1.54,23.8,0.8,0.03,-23.0,2026-09-29T05:44:49.838006,,,,,,
NDSN,Nordson Corporation,76.0,,trimestral,⭐⭐⭐ EXCELLENT,🟢 Excellent,USD,USD,False,True,True,1.0,,90.0,60.0,76.3,85.0,60.0,100.0,94.3,True,up,21.5,True,1,10.3,False,0,"{'eps_growth_yoy': 21.5, 'op_growth_yoy': 11.6, 'crecimiento_respaldado': True, 'positive_quarters': 4, 'earnings_accelerating': True, 'eps_accel_quarters': 1, 'profit_margin_pct': 18.6, 'score_bruto_sin_capar': 90.0, 'satura': False}","{'revenue_growth_yoy': 10.3, 'revenue_accelerating': False, 'rev_accel_quarters': 0}","{'rs_3m': 7.4, 'rs_6m': 8.3, 'rs_line_percentile': 94.3, 'rs_line_at_new_high': True, 'rs_line_trend': 'up', 'rs_line_score': 100}","{'roe_pct': 17.8, 'debt_to_equity': 0.56, 'current_ratio': 1.82, 'operating_margin_pct': 27.4}","{'days_to_earnings': 'N/A', 'recommendation': 'buy', 'analyst_upside_pct': 5.6}",331.32,18454315008,Industrials,Specialty Industrial Machinery,3.1,3.5,False,339.12,-2.3,8,True,6.4,349.71,375.0,282.0,7.0,buy,5.6,230.48,-30.4,257.16,-22.4,reportado,múltiplo propio,4.0,0.22,False,,3.88,12.86,,1.15,33.2,3.76,1.08,True,-1.24,,9,,8.8,Operating Income,8.4,16.1,71.0,2026-12-09,False,True,False,7,NEUTRAL,3.59,67.1,,20.1,,,,2026-09-29T05:46:29.066860,,,,,,
4684.T,"OBIC Co.,Ltd.",75.7,,anual,⭐⭐⭐ EXCELLENT,🟢 Excellent,JPY,JPY,False,True,True,1.0,,95.0,70.0,71.0,70.0,50.0,,,,,16.4,True,1,11.5,True,1,"{'eps_growth_yoy': 16.4, 'op_growth_yoy': 13.3, 'crecimiento_respaldado': True, 'positive_quarters': 4, 'earnings_accelerating': True, 'eps_accel_quarters': 1, 'profit_margin_pct': 56.2, 'score_bruto_sin_capar': 95.0, 'satura': False}","{'revenue_growth_yoy': 11.5, 'revenue_accelerating': True, 'rev_accel_quarters': 1}","{'rs_3m': 32.8, 'rs_6m': 9.1}","{'roe_pct': 16.6, 'current_ratio': 7.21, 'operating_margin_pct': 67.7}","{'days_to_earnings': 'N/A', 'recommendation': 'none', 'analyst_upside_pct': 11.4}",4950.0,2125499596800,Technology,Software - Application,,,False,5217.0,-5.1,6,False,6.0,5513.33,6200.0,4500.0,12.0,none,11.4,5105.29,3.1,5275.86,6.6,reportado,múltiplo propio,4.0,0.41,False,,3.4,168.3,,1.88,49.0,94.0,1.31,,,,9,,,,,9.8,28.0,2026-10-27,False,True,False,4,NEUTRAL,4.54,35.7,2.07,30.6,,,,2026-09-29T05:47:54.131971,,,,,,
BLK,"BlackRock, Inc.",75.7,,trimestral,⭐⭐⭐ EXCELLENT,🟢 Excellent,USD,USD,False,True,True,0.9532,,85.0,90.0,38.7,90.0,65.0,15.0,23.6,False,flat,20.2,False,0,30.6,True,1,"{'eps_growth_yoy': 20.2, 'op_growth_yoy': 33.6, 'crecimiento_respaldado': True, 'positive_quarters': 4, 'earnings_accelerating': False, 'eps_accel_quarters': 0, 'profit_margin_pct': 24.1, 'score_bruto_sin_capar': 85.0, 'satura': False}","{'revenue_growth_yoy': 30.6, 'revenue_accelerating': True, 'rev_accel_quarters': 1}","{'rs_3m': 9.2, 'rs_6m': -5.8, 'rs_line_percentile': 23.6, 'rs_line_at_new_high': False, 'rs_line_trend': 'flat', 'rs_line_score': 15}","{'roe_pct': 12.3, 'debt_to_equity': 0.23, 'current_ratio': 2.45, 'operating_margin_pct': 35.1}","{'days_to_earnings': 'N/A', 'recommendation': 'strong_buy', 'analyst_upside_pct': 23.5}",1071.25,174052622336,Financial Services,Asset Management,1.3,3.7,False,1219.94,-12.2,4,False,-3.0,1322.75,1479.0,1190.0,16.0,strong_buy,23.5,,,914.55,-14.6,reportado,múltiplo propio,4.0,0.51,False,,1.72,18.43,15.8,2.11,52.4,22.92,2.35,False,5.31,,9,,16.6,Operating Income,17.9,19.6,15.0,2026-10-14,False,True,True,4,NEUTRAL,4.55,27.4,31.34,24.1,,,,2026-09-29T05:47:35.155991,,"Asset Management: el flujo operativo son depósitos, préstamos o primas, no caja libre para el accionista",,,,
ODFL,"Old Dominion Freight Line, Inc.",75.3,,trimestral,⭐⭐⭐ EXCELLENT,🟢 Excellent,USD,USD,False,True,True,1.0,,100.0,80.0,23.0,95.0,65.0,35.0,25.9,False,down,30.5,True,2,10.4,True,2,"{'eps_growth_yoy': 30.5, 'op_growth_yoy': 30.0, 'crecimiento_respaldado': True, 'positive_quarters': 4, 'earnings_accelerating': True, 'eps_accel_quarters': 2, 'profit_margin_pct': 19.4, 'score_bruto_sin_capar': 110.0, 'satura': True}","{'revenue_growth_yoy': 10.4, 'revenue_accelerating': True, 'rev_accel_quarters': 2}","{'rs_3m': -21.0, 'rs_6m': -28.3, 'rs_line_percentile': 25.9, 'rs_line_at_new_high': False, 'rs_line_trend': 'down', 'rs_line_score': 35}","{'roe_pct': 24.8, 'debt_to_equity': 0.0, 'current_ratio': 1.89, 'operating_margin_pct': 28.8}","{'days_to_earnings': 'N/A', 'recommendation': 'buy', 'analyst_upside_pct': 29.4}",176.85,36779192320,Industrials,Trucking,4.9,5.2,False,252.03,-29.8,3,False,-11.9,228.78,280.0,156.0,23.0,buy,29.4,62.27,-64.8,170.2,-3.8,reportado,múltiplo propio,4.0,0.39,False,,2.66,4.7,,0.67,21.9,1.16,0.47,True,-1.63,,9,,2183.6,Operating Income,2188.9,22.6,29.0,2026-10-28,False,True,False,6,NEUTRAL,3.74,28.9,,30.4,,,,2026-09-29T05:47:38.671942,,,,,,
HHH,Howard Hughes Holdings Inc.,75.1,,trimestral,⭐⭐⭐ EXCELLENT,🟢 Excellent,USD,USD,False,True,True,1.0,,90.0,90.0,46.7,65.0,65.0,35.0,32.2,False,up,,True,2,330.2,True,1,"{'positive_quarters': 4, 'earnings_accelerating': True, 'eps_accel_quarters': 2, 'profit_margin_pct': 12.3, 'score_bruto_sin_capar': 90.0, 'satura': False}","{'revenue_growth_yoy': 330.2, 'revenue_accelerating': True, 'rev_accel_quarters': 1}","{'rs_3m': 0.7, 'rs_6m': -3.3, 'rs_line_percentile': 32.2, 'rs_line_at_new_high': False, 'rs_line_trend': 'up', 'rs_line_score': 35}","{'roe_pct': 7.5, 'debt_to_equity': 1.35, 'current_ratio': 3.48, 'operating_margin_pct': 28.4}","{'days_to_earnings': 'N/A', 'recommendation': 'buy', 'analyst_upside_pct': 21.3}",73.95,4416253952,Real Estate,Real Estate - Development,12.7,8.1,True,91.07,-18.8,3,False,13.1,89.67,100.0,79.0,3.0,buy,21.3,165.74,124.1,108.98,47.4,reportado,múltiplo propio,3.0,0.83,True,,17.74,13.12,,,,,,False,,,9,,2.8,Operating Income,3.2,,41.0,2026-11-09,False,True,False,6,NEUTRAL,4.17,13.3,,51.7,1.6,0.03,-50.1,2026-09-29T05:51:07.085957,,,,,,
SAP,SAP SE,74.8,,trimestral,⭐⭐⭐ EXCELLENT,🟢 Excellent,USD,EUR,True,True,True,1.0,,95.0,60.0,56.6,90.0,65.0,35.0,34.5,False,up,28.5,False,0,9.4,True,1,"{'eps_growth_yoy': 28.5, 'op_growth_yoy': 7.2, 'crecimiento_respaldado': True, 'positive_quarters': 4, 'earnings_accelerating': False, 'eps_accel_quarters': 0, 'profit_margin_pct': 20.4, 'score_bruto_sin_capar': 95.0, 'satura': False}","{'revenue_growth_yoy': 9.4, 'revenue_accelerating': True, 'rev_accel_quarters': 1}","{'rs_3m': 33.0, 'rs_6m': 4.8, 'rs_line_percentile': 34.5, 'rs_line_at_new_high': False, 'rs_line_trend': 'up', 'rs_line_score': 35}","{'roe_pct': 18.3, 'debt_to_equity': 0.22, 'current_ratio': 1.15, 'operating_margin_pct': 27.6}","{'days_to_earnings': 'N/A', 'recommendation': 'buy', 'analyst_upside_pct': 20.2}",209.31,241586503680,Technology,Software - Application,0.4,2.2,False,281.37,-25.6,4,False,3.7,251.5,319.0,177.0,12.0,buy,20.2,230.21,10.0,296.17,41.5,reportado,múltiplo propio,3.0,0.55,True,2024-12-31,4.15,8.69,,1.39,37.5,2.93,1.48,True,-1.45,,9,,18.2,Operating Income,20.7,30.6,22.0,2026-10-21,False,True,False,8,STRONG,0.28,131.1,0.72,31.3,0.4,0.01,-30.9,2026-09-29T05:44:53.841624,,,,,,
TMO,Thermo Fisher Scientific Inc.,74.6,,trimestral,⭐⭐⭐ EXCELLENT,🟢 Excellent,USD,USD,False,True,True,1.0,,80.0,70.0,79.4,75.0,60.0,80.0,86.2,False,up,7.4,True,1,10.5,True,1,"{'eps_growth_yoy': 7.4, 'op_growth_yoy': 14.0, 'crecimiento_respaldado': True, 'positive_quarters': 4, 'earnings_accelerating': True, 'eps_accel_quarters': 1, 'profit_margin_pct': 15.0, 'score_bruto_sin_capar': 80.0, 'satura': False}","{'revenue_growth_yoy': 10.5, 'revenue_accelerating': True, 'rev_accel_quarters': 1}","{'rs_3m': 32.7, 'rs_6m': 19.9, 'rs_line_percentile': 86.2, 'rs_line_at_new_high': False, 'rs_line_trend': 'up', 'rs_line_score': 80}","{'roe_pct': 13.5, 'debt_to_equity': 0.81, 'current_ratio': 1.55, 'operating_margin_pct': 18.8}","{'days_to_earnings': 'N/A', 'recommendation': 'buy', 'analyst_upside_pct': -3.8}",678.6,250910507008,Healthcare,Diagnostics & Research,1.4,2.9,False,682.98,-0.6,7,True,11.8,653.11,780.0,520.0,27.0,buy,-3.8,413.29,-39.1,496.06,-26.9,normalizado,múltiplo propio,4.0,0.1,False,,2.98,20.22,,0.28,9.7,1.88,0.26,True,-1.85,,9,,5.8,Operating Income,6.2,9.4,22.0,2026-10-21,False,True,False,5,NEUTRAL,2.8,33.7,136.26,25.0,0.2,0.01,-24.8,2026-09-29T05:43:18.910700,,,,tasa fiscal efectiva 7.8% — el beneficio del periodo no es representativo,,
DSGX,The Descartes Systems Group Inc.,74.5,,trimestral,⭐⭐⭐ EXCELLENT,🟢 Excellent,USD,USD,False,True,True,1.0,,95.0,70.0,42.3,90.0,65.0,15.0,22.8,False,up,31.6,False,0,11.8,True,1,"{'eps_growth_yoy': 31.6, 'op_growth_yoy': 25.2, 'crecimiento_respaldado': True, 'positive_quarters': 4, 'earnings_accelerating': False, 'eps_accel_quarters': 0, 'profit_margin_pct': 24.3, 'score_bruto_sin_capar': 95.0, 'satura': False}","{'revenue_growth_yoy': 11.8, 'revenue_accelerating': True, 'rev_accel_quarters': 1}","{'rs_3m': 11.1, 'rs_6m': -10.6, 'rs_line_percentile': 22.8, 'rs_line_at_new_high': False, 'rs_line_trend': 'up', 'rs_line_score': 15}","{'roe_pct': 11.9, 'debt_to_equity': 0.0, 'current_ratio': 2.02, 'operating_margin_pct': 33.2}","{'days_to_earnings': 'N/A', 'recommendation': 'buy', 'analyst_upside_pct': 28.4}",78.85,6745503232,Technology,Software - Application,,2.5,False,98.35,-19.8,4,False,2.5,101.23,126.0,82.0,13.0,buy,28.4,116.05,47.2,,,reportado,,,,,,4.45,3.51,,,,,,False,-0.59,,9,,257.0,Operating Income,264.0,32.6,64.0,2026-12-02,False,True,False,6,NEUTRAL,3.47,78.6,1.45,44.0,1.6,0.04,-42.4,2026-09-29T05:44:35.203631,,,múltiplo propio 64x fuera del rango 8-45,,,
CDNS,"Cadence Design Systems, Inc.",74.3,,trimestral,⭐⭐⭐ EXCELLENT,🟢 Excellent,USD,USD,False,True,True,1.0,,85.0,80.0,44.0,90.0,65.0,35.0,34.0,False,down,129.3,True,1,24.2,True,1,"{'eps_growth_yoy': 129.3, 'op_growth_yoy': 21.5, 'crecimiento_respaldado': False, 'crecimiento_puntuado': 46.5, 'positive_quarters': 4, 'earnings_accelerating': True, 'eps_accel_quarters': 1, 'profit_margin_pct': 23.6, 'score_bruto_sin_capar': 105.0, 'satura': True}","{'revenue_growth_yoy': 24.2, 'revenue_accelerating': True, 'rev_accel_quarters': 1}","{'rs_3m': -15.7, 'rs_6m': -1.2, 'rs_line_percentile': 34.0, 'rs_line_at_new_high': False, 'rs_line_trend': 'down', 'rs_line_score': 35}","{'roe_pct': 23.2, 'debt_to_equity': 0.39, 'current_ratio': 1.74, 'operating_margin_pct': 28.6}","{'days_to_earnings': 'N/A', 'recommendation': 'strong_buy', 'analyst_upside_pct': 24.1}",326.7,89970892800,Technology,Software - Application,1.6,1.8,False,416.69,-21.6,3,False,2.6,405.47,470.0,300.0,26.0,strong_buy,24.1,124.59,-61.9,,,reportado,,,,,,1.9,6.21,,,,,,False,1.2,,9,,14.4,Operating Income,15.6,125.4,27.0,2026-10-26,False,True,False,7,NEUTRAL,1.81,44.3,3.58,45.2,0.4,0.01,-44.8,2026-09-29T05:45:23.638699,,,múltiplo propio 74x fuera del rango 8-45,,,
TT,Trane Technologies plc,74.3,,trimestral,⭐⭐⭐ EXCELLENT,🟢 Excellent,USD,USD,False,True,True,1.0,,90.0,80.0,44.0,80.0,65.0,35.0,30.8,False,down,7.3,True,2,10.6,True,2,"{'eps_growth_yoy': 7.3, 'op_growth_yoy': 5.2, 'crecimiento_respaldado': True, 'positive_quarters': 4, 'earnings_accelerating': True, 'eps_accel_quarters': 2, 'profit_margin_pct': 13.3, 'score_bruto_sin_capar': 90.0, 'satura': False}","{'revenue_growth_yoy': 10.6, 'revenue_accelerating': True, 'rev_accel_quarters': 2}","{'rs_3m': -10.5, 'rs_6m': -9.3, 'rs_line_percentile': 30.8, 'rs_line_at_new_high': False, 'rs_line_trend': 'down', 'rs_line_score': 35}","{'roe_pct': 36.6, 'debt_to_equity': 0.53, 'current_ratio': 1.07, 'operating_margin_pct': 19.3}","{'days_to_earnings': 'N/A', 'recommendation': 'buy', 'analyst_upside_pct': 16.7}",452.06,99463684096,Industrials,Building Products & Equipment,1.5,3.4,False,505.87,-10.6,3,False,-0.6,527.4,575.0,422.0,22.0,buy,16.7,307.61,-32.0,381.61,-15.6,reportado,múltiplo propio,4.0,0.38,False,,3.51,15.87,,0.92,29.7,4.2,1.19,True,-1.16,,9,,18.1,Operating Income,18.0,7.1,30.0,2026-10-29,False,True,False,9,STRONG,3.86,103.7,1.28,22.4,,,,2026-09-29T05:45:53.751777,,,,,,
DHR,Danaher Corporation,74.3,,trimestral,⭐⭐⭐ EXCELLENT,🟢 Excellent,USD,USD,False,True,True,1.0,,100.0,60.0,63.9,70.0,60.0,60.0,57.3,False,up,56.8,False,0,5.5,True,1,"{'eps_growth_yoy': 56.8, 'op_growth_yoy': 48.3, 'crecimiento_respaldado': True, 'positive_quarters': 4, 'earnings_accelerating': False, 'eps_accel_quarters': 0, 'profit_margin_pct': 15.9, 'score_bruto_sin_capar': 100.0, 'satura': False}","{'revenue_growth_yoy': 5.5, 'revenue_accelerating': True, 'rev_accel_quarters': 1}","{'rs_3m': 16.6, 'rs_6m': 2.1, 'rs_line_percentile': 57.3, 'rs_line_at_new_high': False, 'rs_line_trend': 'up', 'rs_line_score': 60}","{'roe_pct': 7.6, 'debt_to_equity': 0.53, 'current_ratio': 1.65, 'operating_margin_pct': 19.8}","{'days_to_earnings': 'N/A', 'recommendation': 'strong_buy', 'analyst_upside_pct': 1.5}",227.33,159809814528,Healthcare,Diagnostics & Research,1.3,2.6,False,242.8,-6.4,5,False,10.2,230.83,310.0,195.0,23.0,strong_buy,1.5,130.9,-42.4,220.21,-3.1,reportado,múltiplo propio,4.0,0.55,False,,3.43,7.8,,0.71,25.7,1.6,0.46,True,-1.6,,9,,17.6,Operating Income,17.3,59.7,22.0,2026-10-21,False,True,False,5,NEUTRAL,2.56,40.9,,24.7,,,,2026-09-29T05:45:04.901564,,,,,,
CTAS,Cintas Corporation,73.8,,trimestral,⭐⭐⭐ EXCELLENT,🟢 Excellent,USD,USD,False,True,True,1.0,,100.0,60.0,50.3,85.0,60.0,35.0,47.4,False,down,14.0,True,2,8.9,True,1,"{'eps_growth_yoy': 14.0, 'op_growth_yoy': 15.2, 'crecimiento_respaldado': True, 'positive_quarters': 4, 'earnings_accelerating': True, 'eps_accel_quarters': 2, 'profit_margin_pct': 17.8, 'score_bruto_sin_capar': 100.0, 'satura': False}","{'revenue_growth_yoy': 8.9, 'revenue_accelerating': True, 'rev_accel_quarters': 1}","{'rs_3m': 15.5, 'rs_6m': -2.2, 'rs_line_percentile': 47.4, 'rs_line_at_new_high': False, 'rs_line_trend': 'down', 'rs_line_score': 35}","{'roe_pct': 41.4, 'debt_to_equity': 0.52, 'current_ratio': 1.45, 'operating_margin_pct': 24.1}","{'days_to_earnings': 'N/A', 'recommendation': 'buy', 'analyst_upside_pct': 8.8}",200.58,80135118848,Industrials,Specialty Business Services,3.8,6.3,False,219.17,-8.5,4,False,-0.7,218.25,250.0,180.0,16.0,buy,8.8,120.59,-39.9,200.79,0.1,reportado,múltiplo propio,4.0,0.4,False,,2.54,5.09,,1.04,36.9,2.08,0.88,True,-1.31,,9,,24.7,Operating Income,24.6,9.3,79.0,2026-12-17,False,True,False,8,STRONG,3.17,82.5,2.21,20.5,,,,2026-09-29T05:41:27.740679,,,,,,
NDAQ,"Nasdaq, Inc.",73.3,,trimestral,⭐⭐⭐ EXCELLENT,🟢 Excellent,USD,USD,False,True,True,1.0,,85.0,80.0,50.3,75.0,65.0,35.0,41.3,False,down,12.2,False,0,20.5,True,1,"{'eps_growth_yoy': 12.2, 'op_growth_yoy': 22.4, 'crecimiento_respaldado': True, 'positive_quarters': 4, 'earnings_accelerating': False, 'eps_accel_quarters': 0, 'profit_margin_pct': 35.0, 'score_bruto_sin_capar': 85.0, 'satura': False}","{'revenue_growth_yoy': 20.5, 'revenue_accelerating': True, 'rev_accel_quarters': 1}","{'rs_3m': 15.1, 'rs_6m': -10.1, 'rs_line_percentile': 41.3, 'rs_line_at_new_high': False, 'rs_line_trend': 'down', 'rs_line_score': 35}","{'roe_pct': 16.5, 'debt_to_equity': 0.78, 'current_ratio': 1.01, 'operating_margin_pct': 49.3}","{'days_to_earnings': 'N/A', 'recommendation': 'buy', 'analyst_upside_pct': 18.4}",92.62,51772481536,Financial Services,Financial Data & Stock Exchanges,2.0,2.7,False,101.79,-9.0,4,False,-2.1,109.67,135.0,84.0,15.0,buy,18.4,81.69,-11.8,98.65,6.5,reportado,múltiplo propio,4.0,0.46,False,,3.82,3.54,,1.24,32.7,1.16,1.29,True,-1.93,,9,,7.9,Operating Income,8.3,14.1,23.0,2026-10-22,False,True,False,9,STRONG,4.02,199.9,1.8,25.9,,,,2026-09-29T05:45:45.957119,,,,,,
KO,The Coca-Cola Company,72.3,,trimestral,⭐⭐⭐ EXCELLENT,🟢 Excellent,USD,USD,False,True,True,1.0,,85.0,70.0,56.7,80.0,60.0,60.0,68.7,False,up,16.1,False,0,6.7,True,2,"{'eps_growth_yoy': 16.1, 'op_growth_yoy': 7.9, 'crecimiento_respaldado': True, 'positive_quarters': 4, 'earnings_accelerating': False, 'eps_accel_quarters': 0, 'profit_margin_pct': 28.6, 'score_bruto_sin_capar': 85.0, 'satura': False}","{'revenue_growth_yoy': 6.7, 'revenue_accelerating': True, 'rev_accel_quarters': 2}","{'rs_3m': 5.1, 'rs_6m': -6.0, 'rs_line_percentile': 68.7, 'rs_line_at_new_high': False, 'rs_line_trend': 'up', 'rs_line_score': 60}","{'roe_pct': 42.1, 'debt_to_equity': 1.16, 'current_ratio': 1.3, 'operating_margin_pct': 34.9}","{'days_to_earnings': 'N/A', 'recommendation': 'buy', 'analyst_upside_pct': 8.6}",87.18,375096213504,Consumer Defensive,Beverages - Non-Alcoholic,0.9,2.8,False,92.49,-5.7,7,True,0.0,94.65,104.0,75.0,23.0,buy,8.6,85.95,-1.4,77.71,-10.9,reportado,múltiplo propio,4.0,0.17,False,,3.79,3.3,,2.41,62.5,2.12,2.86,False,-0.05,,9,,10.2,Operating Income,12.0,16.9,21.0,2026-10-20,False,True,True,7,NEUTRAL,3.68,77.0,2.15,12.6,,,,2026-09-29T05:42:42.301910,,,,,,
EQIX,"Equinix, Inc.",72.3,,trimestral,⭐⭐⭐ EXCELLENT,🟢 Excellent,USD,USD,False,True,True,1.0,"FCF declarado (-1,464,000,000) se aparta del derivado de flujo operativo menos capex (-368,999,872)",90.0,70.0,54.0,70.0,65.0,60.0,51.8,False,down,30.2,False,0,16.4,True,1,"{'eps_growth_yoy': 30.2, 'op_growth_yoy': 38.8, 'crecimiento_respaldado': True, 'positive_quarters': 4, 'earnings_accelerating': False, 'eps_accel_quarters': 0, 'profit_margin_pct': 15.5, 'score_bruto_sin_capar': 90.0, 'satura': False}","{'revenue_growth_yoy': 16.4, 'revenue_accelerating': True, 'rev_accel_quarters': 1}","{'rs_3m': -5.3, 'rs_6m': -15.9, 'rs_line_percentile': 51.8, 'rs_line_at_new_high': False, 'rs_line_trend': 'down', 'rs_line_score': 60}","{'roe_pct': 10.7, 'debt_to_equity': 1.62, 'current_ratio': 1.13, 'operating_margin_pct': 27.0}","{'days_to_earnings': 'N/A', 'recommendation': 'strong_buy', 'analyst_upside_pct': 22.0}",1011.07,99763986432,Real Estate,REIT - Specialty,2.0,3.2,False,1128.68,-10.4,5,False,-3.0,1233.48,1380.0,1060.0,31.0,strong_buy,22.0,,,,,normalizado,,,,,,-0.37,-3.74,,2.05,126.8,20.64,1.86,False,,,9,,4.0,Operating Income,4.0,28.8,29.0,2026-10-28,False,True,False,6,NEUTRAL,1.61,7.5,2.53,27.9,,,,2026-09-29T05:46:13.048785,,"el capex se lleva el 109% del flujo operativo: lo que queda no es lo que gana el dueño, es lo que sobra tras decidir invertir",múltiplo propio 74x fuera del rango 8-45,tasa fiscal efectiva 10.3% — el beneficio del periodo no es representativo,,
IDXX,"IDEXX Laboratories, Inc.",72.0,,trimestral,⭐⭐⭐ EXCELLENT,🟢 Excellent,USD,USD,False,True,True,1.0,,100.0,70.0,24.0,85.0,70.0,15.0,6.0,False,down,15.1,True,2,9.7,True,2,"{'eps_growth_yoy': 15.1, 'op_growth_yoy': 14.1, 'crecimiento_respaldado': True, 'positive_quarters': 4, 'earnings_accelerating': True, 'eps_accel_quarters': 2, 'profit_margin_pct': 25.0, 'score_bruto_sin_capar': 105.0, 'satura': True}","{'revenue_growth_yoy': 9.7, 'revenue_accelerating': True, 'rev_accel_quarters': 2}","{'rs_3m': -2.3, 'rs_6m': -26.8, 'rs_line_percentile': 6.0, 'rs_line_at_new_high': False, 'rs_line_trend': 'down', 'rs_line_score': 15}","{'roe_pct': 74.2, 'debt_to_equity': 0.68, 'current_ratio': 1.17, 'operating_margin_pct': 35.0}","{'days_to_earnings': 'N/A', 'recommendation': 'buy', 'analyst_upside_pct': 32.6}",529.06,41679937536,Healthcare,Diagnostics & Research,2.8,3.8,False,769.98,-31.3,0,False,-3.1,701.33,805.0,470.0,12.0,buy,32.6,234.56,-55.7,,,reportado,,,,,,2.96,15.66,,,,,,True,-2.08,,9,,38.6,Operating Income,38.7,12.3,34.0,2026-11-02,False,True,False,8,STRONG,3.19,119.8,1.79,22.1,0.2,0.01,-21.9,2026-09-29T05:43:03.905247,,,múltiplo propio 51x fuera del rango 8-45,,,
HEI,HEICO Corporation,71.7,,trimestral,⭐⭐⭐ EXCELLENT,🟢 Excellent,USD,USD,False,True,True,0.3953,acciones × precio no cuadra (ratio 0.3953) pero la divisa sí: son clases múltiples. Se usan 140 M de acciones efectivas (capitalización ÷ precio) en vez de las 55 M declaradas,90.0,70.0,36.0,90.0,65.0,15.0,19.2,False,down,32.8,False,0,23.1,False,0,"{'eps_growth_yoy': 32.8, 'op_growth_yoy': 34.0, 'crecimiento_respaldado': True, 'positive_quarters': 4, 'earnings_accelerating': False, 'eps_accel_quarters': 0, 'profit_margin_pct': 16.4, 'score_bruto_sin_capar': 90.0, 'satura': False}","{'revenue_growth_yoy': 23.1, 'revenue_accelerating': False, 'rev_accel_quarters': 0}","{'rs_3m': -17.2, 'rs_6m': -6.8, 'rs_line_percentile': 19.2, 'rs_line_at_new_high': False, 'rs_line_trend': 'down', 'rs_line_score': 15}","{'roe_pct': 17.7, 'debt_to_equity': 0.45, 'current_ratio': 2.72, 'operating_margin_pct': 25.1}","{'days_to_earnings': 'N/A', 'recommendation': 'buy', 'analyst_upside_pct': 29.5}",304.61,42571501568,Industrials,Aerospace & Defense,1.3,1.3,False,376.86,-19.2,2,False,-10.0,394.45,491.0,294.0,20.0,buy,29.5,169.89,-44.2,,,reportado,,,,,,2.29,6.98,6.3,0.08,4.2,0.25,0.1,False,,,9,,9.4,Operating Income,9.4,32.5,79.0,2026-12-17,False,True,False,8,STRONG,2.24,52.1,1.73,24.0,,,,2026-09-29T05:45:13.093296,139757400.0,,múltiplo propio 64x fuera del rango 8-45,,,
COF,Capital One Financial Corporation,71.7,,trimestral,⭐⭐⭐ EXCELLENT,🟢 Excellent,USD,USD,False,True,True,1.0,,95.0,80.0,36.0,60.0,70.0,15.0,15.3,False,down,,True,2,26.9,True,1,"{'positive_quarters': 4, 'earnings_accelerating': True, 'eps_accel_quarters': 2, 'profit_margin_pct': 21.9, 'score_bruto_sin_capar': 95.0, 'satura': False}","{'revenue_growth_yoy': 26.9, 'revenue_accelerating': True, 'rev_accel_quarters': 1}","{'rs_3m': -4.5, 'rs_6m': -10.6, 'rs_line_percentile': 15.3, 'rs_line_at_new_high': False, 'rs_line_trend': 'down', 'rs_line_score': 15}","{'roe_pct': 9.0, 'operating_margin_pct': 33.6}","{'days_to_earnings': 'N/A', 'recommendation': 'buy', 'analyst_upside_pct': 31.9}",196.46,120525242368,Financial Services,Credit Services,1.8,3.1,False,259.64,-24.3,2,False,-7.1,259.05,300.0,225.0,21.0,buy,31.9,,,,,reportado,,,,,,24.79,48.7,,1.6,16.5,3.2,1.69,False,22.84,,7,,,,,,21.0,2026-10-20,False,True,True,5,NEUTRAL,,,,23.0,0.8,0.03,-22.2,2026-09-29T05:49:42.135519,,"Credit Services: el 80% de sus ingresos es margen de intereses — presta, no cobra comisiones",los P/E históricos se separan 4.0x la mediana: el ancla la decidiría un año suelto,,,
MA,Mastercard Incorporated,71.6,,trimestral,⭐⭐⭐ EXCELLENT,🟢 Excellent,USD,USD,False,True,True,0.9925,,95.0,70.0,46.7,65.0,65.0,35.0,47.1,False,flat,18.6,True,1,14.1,True,1,"{'eps_growth_yoy': 18.6, 'op_growth_yoy': 16.6, 'crecimiento_respaldado': True, 'positive_quarters': 4, 'earnings_accelerating': True, 'eps_accel_quarters': 1, 'profit_margin_pct': 46.3, 'score_bruto_sin_capar': 95.0, 'satura': False}","{'revenue_growth_yoy': 14.1, 'revenue_accelerating': True, 'rev_accel_quarters': 1}","{'rs_3m': 8.1, 'rs_6m': -6.3, 'rs_line_percentile': 47.1, 'rs_line_at_new_high': False, 'rs_line_trend': 'flat', 'rs_line_score': 35}","{'roe_pct': 241.2, 'debt_to_equity': 4.4, 'current_ratio': 1.06, 'operating_margin_pct': 61.1}","{'days_to_earnings': 'N/A', 'recommendation': 'strong_buy', 'analyst_upside_pct': 17.3}",568.26,497801396224,Financial Services,Credit Services,0.8,2.7,False,601.23,-5.5,4,False,-0.2,666.71,740.0,550.0,37.0,strong_buy,17.3,592.78,4.3,634.16,11.6,reportado,múltiplo propio,4.0,0.12,False,,3.26,18.53,,0.61,17.9,3.48,0.55,True,-3.39,,9,,28.1,Operating Income,28.0,22.1,30.0,2026-10-29,False,True,False,9,STRONG,3.82,629.7,1.42,14.5,,,,2026-09-29T05:42:07.917555,,,,,,
V,Visa Inc.,71.1,,trimestral,⭐⭐⭐ EXCELLENT,🟢 Excellent,USD,USD,False,True,True,0.9077,"acciones × precio no cuadra (ratio 0.9077) pero la divisa sí: son clases múltiples. Se usan 1,877 M de acciones efectivas (capitalización ÷ precio) en vez de las 1,704 M declaradas",75.0,80.0,60.3,70.0,60.0,60.0,57.5,False,flat,6.8,False,0,14.4,True,2,"{'eps_growth_yoy': 6.8, 'op_growth_yoy': 5.0, 'crecimiento_respaldado': True, 'positive_quarters': 4, 'earnings_accelerating': False, 'eps_accel_quarters': 0, 'profit_margin_pct': 50.8, 'score_bruto_sin_capar': 75.0, 'satura': False}","{'revenue_growth_yoy': 14.4, 'revenue_accelerating': True, 'rev_accel_quarters': 2}","{'rs_3m': 4.6, 'rs_6m': 1.5, 'rs_line_percentile': 57.5, 'rs_line_at_new_high': False, 'rs_line_trend': 'flat', 'rs_line_score': 60}","{'roe_pct': 61.2, 'debt_to_equity': 0.68, 'current_ratio': 0.98, 'operating_margin_pct': 66.1}","{'days_to_earnings': 'N/A', 'recommendation': 'strong_buy', 'analyst_upside_pct': 14.0}",367.74,690378637312,Financial Services,Credit Services,1.1,3.0,False,385.57,-4.6,5,False,-0.1,419.36,466.0,330.0,37.0,strong_buy,14.0,325.73,-11.4,385.73,4.9,reportado,múltiplo propio,4.0,0.23,False,,3.06,11.25,,0.73,22.1,2.68,0.71,True,-3.71,,9,,37.6,Operating Income,35.7,10.2,28.0,2026-10-27,False,True,False,6,NEUTRAL,3.87,381.9,1.53,16.6,,,,2026-09-29T05:41:23.853447,1877355298.0,,,,,
META,"Meta Platforms, Inc.",71.0,,trimestral,⭐⭐⭐ EXCELLENT,🟢 Excellent,USD,USD,False,True,True,0.8656,"acciones × precio no cuadra (ratio 0.8656) pero la divisa sí: son clases múltiples. Se usan 2,548 M de acciones efectivas (capitalización ÷ precio) en vez de las 2,205 M declaradas | FCF declarado (40,976,000,000) se aparta del derivado de flujo operativo menos capex (60,610,001,728)",55.0,80.0,71.4,95.0,60.0,60.0,53.8,False,up,-13.6,False,0,28.0,True,1,"{'eps_growth_yoy': -13.6, 'op_growth_yoy': -8.2, 'crecimiento_respaldado': True, 'positive_quarters': 4, 'earnings_accelerating': False, 'eps_accel_quarters': 0, 'profit_margin_pct': 29.8, 'score_bruto_sin_capar': 55.0, 'satura': False}","{'revenue_growth_yoy': 28.0, 'revenue_accelerating': True, 'rev_accel_quarters': 1}","{'rs_3m': 24.4, 'rs_6m': 11.9, 'rs_line_percentile': 53.8, 'rs_line_at_new_high': False, 'rs_line_trend': 'up', 'rs_line_score': 60}","{'roe_pct': 29.8, 'debt_to_equity': 0.43, 'current_ratio': 2.23, 'operating_margin_pct': 34.8}","{'days_to_earnings': 'N/A', 'recommendation': 'strong_buy', 'analyst_upside_pct': 10.9}",715.62,1823046369280,Communication Services,Internet Content & Information,1.4,1.7,False,779.82,-8.2,5,False,16.0,793.91,1000.0,580.0,57.0,strong_buy,10.9,,,605.97,-15.3,reportado,múltiplo propio,4.0,0.59,False,,3.32,23.76,,0.28,7.9,2.1,,False,-0.16,,9,,42.9,Operating Income,44.2,-13.4,29.0,2026-10-28,False,True,False,5,NEUTRAL,4.51,31.6,0.68,55.0,,,,2026-09-29T05:49:29.786315,2547506175.0,"el capex se lleva el 53% del flujo operativo: lo que queda no es lo que gana el dueño, es lo que sobra tras decidir invertir",,,,
MANH,"Manhattan Associates, Inc.",70.8,,trimestral,⭐⭐⭐ EXCELLENT,🟢 Excellent,USD,USD,False,True,True,1.0,,70.0,70.0,75.0,75.0,60.0,60.0,64.0,False,up,-11.3,True,2,9.3,True,2,"{'eps_growth_yoy': -11.3, 'op_growth_yoy': 0.9, 'crecimiento_respaldado': True, 'positive_quarters': 4, 'earnings_accelerating': True, 'eps_accel_quarters': 2, 'profit_margin_pct': 18.7, 'score_bruto_sin_capar': 70.0, 'satura': False}","{'revenue_growth_yoy': 9.3, 'revenue_accelerating': True, 'rev_accel_quarters': 2}","{'rs_3m': 42.2, 'rs_6m': 33.0, 'rs_line_percentile': 64.0, 'rs_line_at_new_high': False, 'rs_line_trend': 'up', 'rs_line_score': 60}","{'roe_pct': 96.4, 'debt_to_equity': 0.34, 'current_ratio': 0.98, 'operating_margin_pct': 25.0}","{'days_to_earnings': 'N/A', 'recommendation': 'buy', 'analyst_upside_pct': 9.3}",201.88,11770607616,Technology,Software - Application,6.6,4.1,False,227.03,-11.1,6,False,1.4,220.7,260.0,180.0,10.0,buy,9.3,169.95,-15.8,,,reportado,,,,,,3.39,6.84,,,,,,True,-3.4,,9,,,,,-8.6,28.0,2026-10-27,False,True,False,6,NEUTRAL,2.43,140.7,1.57,30.8,,,,2026-09-29T05:48:01.326072,,,múltiplo propio 68x fuera del rango 8-45,,,
ALLY,Ally Financial Inc.,70.7,,trimestral,⭐⭐⭐ EXCELLENT,🟢 Excellent,USD,USD,False,True,True,1.0,"FCF declarado (667,000,000) se aparta del derivado de flujo operativo menos capex (291,000,128)",100.0,70.0,36.0,60.0,70.0,15.0,0.0,False,down,16.5,True,2,11.4,True,1,"{'eps_growth_yoy': 16.5, 'positive_quarters': 4, 'earnings_accelerating': True, 'eps_accel_quarters': 2, 'profit_margin_pct': 18.4, 'score_bruto_sin_capar': 100.0, 'satura': False}","{'revenue_growth_yoy': 11.4, 'revenue_accelerating': True, 'rev_accel_quarters': 1}","{'rs_3m': -19.1, 'rs_6m': -19.6, 'rs_line_percentile': 0.0, 'rs_line_at_new_high': False, 'rs_line_trend': 'down', 'rs_line_score': 15}","{'roe_pct': 9.7, 'operating_margin_pct': 25.3}","{'days_to_earnings': 'N/A', 'recommendation': 'strong_buy', 'analyst_upside_pct': 39.4}",38.19,11617385472,Financial Services,Credit Services,4.9,4.8,False,47.29,-19.2,3,False,-10.2,53.23,58.0,45.0,18.0,strong_buy,39.4,,,42.88,12.3,reportado,múltiplo propio,3.0,1.2,True,2024-12-31,2.5,0.95,,3.09,28.2,1.2,3.2,False,-0.45,,7,,,,,13.5,21.0,2026-10-20,False,True,True,5,NEUTRAL,,,,22.3,,,,2026-09-29T05:50:06.161403,,"el capex se lleva el 94% del flujo operativo: lo que queda no es lo que gana el dueño, es lo que sobra tras decidir invertir",,,,
UNH,UnitedHealth Group Incorporated,70.7,,trimestral,⭐⭐⭐ EXCELLENT,🟢 Excellent,USD,USD,False,True,True,1.0,"FCF declarado (16,309,000,000) se aparta del derivado de flujo operativo menos capex (23,395,000,960)",95.0,60.0,66.0,50.0,65.0,60.0,53.1,False,down,61.0,False,0,0.4,True,1,"{'eps_growth_yoy': 61.0, 'op_growth_yoy': 55.2, 'crecimiento_respaldado': True, 'positive_quarters': 4, 'earnings_accelerating': False, 'eps_accel_quarters': 0, 'profit_margin_pct': 3.1, 'score_bruto_sin_capar': 95.0, 'satura': False}","{'revenue_growth_yoy': 0.4, 'revenue_accelerating': True, 'rev_accel_quarters': 1}","{'rs_3m': -11.3, 'rs_6m': 24.3, 'rs_line_percentile': 53.1, 'rs_line_at_new_high': False, 'rs_line_trend': 'down', 'rs_line_score': 60}","{'roe_pct': 14.2, 'debt_to_equity': 0.69, 'current_ratio': 0.78, 'operating_margin_pct': 7.1}","{'days_to_earnings': 'N/A', 'recommendation': 'buy', 'analyst_upside_pct': 27.5}",377.83,339138248704,Healthcare,Healthcare Plans,1.6,2.8,False,461.62,-18.2,6,False,-4.7,481.72,529.0,380.0,25.0,buy,27.5,484.83,28.3,372.06,-1.5,reportado,múltiplo propio,4.0,0.44,False,,6.9,26.07,,2.46,57.5,9.28,1.65,False,-0.44,,9,,5.6,Operating Income,5.5,61.5,14.0,2026-10-13,False,True,True,6,NEUTRAL,4.88,176.2,,18.6,,,,2026-09-29T05:50:02.053079,,,,,,
UNP,Union Pacific Corporation,70.5,,trimestral,⭐⭐⭐ EXCELLENT,🟢 Excellent,USD,USD,False,True,True,1.0,,85.0,80.0,44.0,65.0,65.0,35.0,44.9,False,down,6.2,True,1,11.5,True,2,"{'eps_growth_yoy': 6.2, 'op_growth_yoy': 9.4, 'crecimiento_respaldado': True, 'positive_quarters': 4, 'earnings_accelerating': True, 'eps_accel_quarters': 1, 'profit_margin_pct': 28.8, 'score_bruto_sin_capar': 85.0, 'satura': False}","{'revenue_growth_yoy': 11.5, 'revenue_accelerating': True, 'rev_accel_quarters': 2}","{'rs_3m': -1.5, 'rs_6m': -6.1, 'rs_line_percentile': 44.9, 'rs_line_at_new_high': False, 'rs_line_trend': 'down', 'rs_line_score': 35}","{'roe_pct': 39.7, 'debt_to_equity': 1.51, 'current_ratio': 0.99, 'operating_margin_pct': 41.0}","{'days_to_earnings': 'N/A', 'recommendation': 'buy', 'analyst_upside_pct': 20.2}",274.1,162836103168,Industrials,Railroads,5.1,12.1,False,315.99,-13.3,5,False,-6.0,329.33,375.0,245.0,24.0,buy,20.2,199.57,-27.2,239.87,-12.5,reportado,múltiplo propio,4.0,0.27,False,,3.97,10.88,,2.07,44.7,5.68,2.22,False,-0.13,,9,,7.9,Operating Income,8.4,6.6,23.0,2026-10-22,False,True,False,8,STRONG,5.13,16.2,8.71,19.3,0.4,0.02,-18.9,2026-09-29T05:48:05.302565,,,,,,
AMZN,"Amazon.com, Inc.",70.3,,trimestral,⭐⭐⭐ EXCELLENT,🟢 Excellent,USD,USD,False,True,True,1.0,"FCF declarado (-2,472,000,000) se aparta del derivado de flujo operativo menos capex (29,583,994,688)",85.0,60.0,50.3,85.0,70.0,35.0,31.8,False,down,76.7,True,1,16.6,False,0,"{'eps_growth_yoy': 76.7, 'op_growth_yoy': 29.6, 'crecimiento_respaldado': False, 'crecimiento_puntuado': 54.6, 'positive_quarters': 4, 'earnings_accelerating': True, 'eps_accel_quarters': 1, 'profit_margin_pct': 17.4, 'score_bruto_sin_capar': 110.0, 'satura': True}","{'revenue_growth_yoy': 16.6, 'revenue_accelerating': False, 'rev_accel_quarters': 0}","{'rs_3m': 0.5, 'rs_6m': 0.7, 'rs_line_percentile': 31.8, 'rs_line_at_new_high': False, 'rs_line_trend': 'down', 'rs_line_score': 35}","{'roe_pct': 30.6, 'debt_to_equity': 0.46, 'current_ratio': 1.03, 'operating_margin_pct': 13.7}","{'days_to_earnings': 'N/A', 'recommendation': 'strong_buy', 'analyst_upside_pct': 33.9}",246.15,2655051055104,Consumer Cyclical,Internet Retail,0.8,2.5,False,287.2,-14.3,5,False,-3.9,329.54,405.0,230.0,57.0,strong_buy,33.9,,,486.71,97.7,reportado,múltiplo propio,3.0,0.51,True,,1.11,2.73,,,,,,False,,,9,,33.7,Operating Income,46.6,242.3,30.0,2026-10-29,False,True,False,6,NEUTRAL,2.87,17.6,0.78,27.3,,,,2026-09-29T05:48:47.316621,,"el capex se lleva el 82% del flujo operativo: lo que queda no es lo que gana el dueño, es lo que sobra tras decidir invertir",,,,
FAST,Fastenal Company,69.6,,trimestral,⭐⭐ GOOD,🟡 Good,USD,USD,False,True,True,1.0,,80.0,60.0,56.7,95.0,50.0,60.0,53.6,False,up,15.9,False,0,14.7,False,0,"{'eps_growth_yoy': 15.9, 'op_growth_yoy': 15.1, 'crecimiento_respaldado': True, 'positive_quarters': 4, 'earnings_accelerating': False, 'eps_accel_quarters': 0, 'profit_margin_pct': 15.5, 'score_bruto_sin_capar': 80.0, 'satura': False}","{'revenue_growth_yoy': 14.7, 'revenue_accelerating': False, 'rev_accel_quarters': 0}","{'rs_3m': 2.9, 'rs_6m': -8.6, 'rs_line_percentile': 53.6, 'rs_line_at_new_high': False, 'rs_line_trend': 'up', 'rs_line_score': 60}","{'roe_pct': 34.3, 'debt_to_equity': 0.11, 'current_ratio': 4.18, 'operating_margin_pct': 21.0}","{'days_to_earnings': 'N/A', 'recommendation': 'hold', 'analyst_upside_pct': -3.3}",50.49,57937154048,Industrials,Industrial Distribution,3.5,6.0,False,52.92,-4.6,6,False,2.1,48.84,59.0,39.9,13.0,hold,-3.3,26.9,-46.7,37.94,-24.9,reportado,múltiplo propio,4.0,0.41,False,,1.99,1.0,,1.9,78.6,0.96,2.16,False,0.02,,9,,394.5,Operating Income,395.6,5.8,15.0,2026-10-14,False,True,True,8,STRONG,2.85,39.4,7.15,19.3,,,,2026-09-29T05:46:05.145209,,,,,,
ADSK,"Autodesk, Inc.",69.6,,trimestral,⭐⭐ GOOD,🟡 Good,USD,USD,False,True,True,1.0,,100.0,70.0,26.7,65.0,70.0,15.0,7.5,False,down,57.2,False,0,16.1,True,1,"{'eps_growth_yoy': 57.2, 'op_growth_yoy': 32.9, 'crecimiento_respaldado': True, 'positive_quarters': 4, 'earnings_accelerating': False, 'eps_accel_quarters': 0, 'profit_margin_pct': 21.1, 'score_bruto_sin_capar': 105.0, 'satura': True}","{'revenue_growth_yoy': 16.1, 'revenue_accelerating': True, 'rev_accel_quarters': 1}","{'rs_3m': 3.8, 'rs_6m': -33.8, 'rs_line_percentile': 7.5, 'rs_line_at_new_high': False, 'rs_line_trend': 'down', 'rs_line_score': 15}","{'roe_pct': 53.9, 'debt_to_equity': 1.1, 'current_ratio': 0.85, 'operating_margin_pct': 29.2}","{'days_to_earnings': 'N/A', 'recommendation': 'buy', 'analyst_upside_pct': 48.4}",207.19,43302711296,Technology,Software - Application,4.4,3.7,False,326.2,-36.5,0,False,-11.3,307.54,375.0,215.0,34.0,buy,48.4,248.97,20.2,,,reportado,,,,,,6.51,13.49,,,,,0.48,True,-1.86,,9,,,,,59.6,59.0,2026-11-27,False,True,False,7,NEUTRAL,4.19,645.3,1.27,47.5,1.6,0.03,-45.9,2026-09-29T05:47:31.664127,,,múltiplo propio 59x fuera del rango 8-45,,,
SHW,The Sherwin-Williams Company,69.5,,trimestral,⭐⭐ GOOD,🟡 Good,USD,USD,False,True,True,1.0,,100.0,70.0,44.0,45.0,65.0,35.0,29.8,False,flat,11.8,True,2,7.5,True,2,"{'eps_growth_yoy': 11.8, 'op_growth_yoy': 12.0, 'crecimiento_respaldado': True, 'positive_quarters': 4, 'earnings_accelerating': True, 'eps_accel_quarters': 2, 'profit_margin_pct': 11.0, 'score_bruto_sin_capar': 100.0, 'satura': False}","{'revenue_growth_yoy': 7.5, 'revenue_accelerating': True, 'rev_accel_quarters': 2}","{'rs_3m': -5.9, 'rs_6m': -15.9, 'rs_line_percentile': 29.8, 'rs_line_at_new_high': False, 'rs_line_trend': 'flat', 'rs_line_score': 35}","{'roe_pct': 65.1, 'debt_to_equity': 3.9, 'current_ratio': 0.73, 'operating_margin_pct': 18.1}","{'days_to_earnings': 'N/A', 'recommendation': 'buy', 'analyst_upside_pct': 16.9}",332.79,80787488768,Basic Materials,Specialty Chemicals,2.7,4.1,False,377.77,-11.9,3,False,-1.6,389.09,420.0,340.0,22.0,buy,16.9,223.71,-32.8,345.3,3.8,reportado,múltiplo propio,4.0,0.1,False,,3.82,12.71,,0.97,29.3,3.2,0.87,True,-2.11,,9,,7.7,Operating Income,7.8,10.0,28.0,2026-10-27,False,True,False,6,NEUTRAL,3.99,61.9,2.46,22.5,,,,2026-09-29T05:43:33.682785,,,,,,
JNJ,Johnson & Johnson,69.2,,trimestral,⭐⭐ GOOD,🟡 Good,USD,USD,False,True,True,1.0,,75.0,60.0,64.7,85.0,60.0,80.0,76.7,False,up,-0.1,True,2,6.6,True,1,"{'eps_growth_yoy': -0.1, 'op_growth_yoy': 6.9, 'crecimiento_respaldado': True, 'positive_quarters': 4, 'earnings_accelerating': True, 'eps_accel_quarters': 2, 'profit_margin_pct': 21.5, 'score_bruto_sin_capar': 75.0, 'satura': False}","{'revenue_growth_yoy': 6.6, 'revenue_accelerating': True, 'rev_accel_quarters': 1}","{'rs_3m': 4.8, 'rs_6m': -8.4, 'rs_line_percentile': 76.7, 'rs_line_at_new_high': False, 'rs_line_trend': 'up', 'rs_line_score': 80}","{'roe_pct': 25.7, 'debt_to_equity': 0.58, 'current_ratio': 1.09, 'operating_margin_pct': 29.2}","{'days_to_earnings': 'N/A', 'recommendation': 'buy', 'analyst_upside_pct': 2.2}",271.95,655371927552,Healthcare,Drug Manufacturers - General,1.0,3.4,False,281.07,-3.2,8,True,2.7,277.91,320.0,190.0,22.0,buy,2.2,252.36,-7.2,159.68,-41.3,reportado,múltiplo propio,3.0,0.7,True,2024-12-31,3.42,9.3,,1.98,60.8,5.36,2.75,False,0.87,,9,,25.9,Operating Income,25.9,-0.9,14.0,2026-10-13,False,True,True,4,NEUTRAL,3.74,103.8,1.25,14.9,0.4,0.03,-14.5,2026-09-29T05:47:01.094553,,,,,,
ORCL,Oracle Corporation,69.0,,trimestral,⭐⭐ GOOD,🟡 Good,USD,USD,False,True,True,1.0,"FCF declarado (-45,151,000,000) se aparta del derivado de flujo operativo menos capex (-8,722,999,744)",100.0,70.0,24.0,65.0,70.0,15.0,5.4,False,up,62.6,False,0,29.6,False,0,"{'eps_growth_yoy': 62.6, 'op_growth_yoy': 45.4, 'crecimiento_respaldado': True, 'positive_quarters': 4, 'earnings_accelerating': False, 'eps_accel_quarters': 0, 'profit_margin_pct': 26.4, 'score_bruto_sin_capar': 105.0, 'satura': True}","{'revenue_growth_yoy': 29.6, 'revenue_accelerating': False, 'rev_accel_quarters': 0}","{'rs_3m': -12.0, 'rs_6m': -25.6, 'rs_line_percentile': 5.4, 'rs_line_at_new_high': False, 'rs_line_trend': 'up', 'rs_line_score': 15}","{'roe_pct': 41.2, 'debt_to_equity': 2.52, 'current_ratio': 1.17, 'operating_margin_pct': 35.6}","{'days_to_earnings': 'N/A', 'recommendation': 'buy', 'analyst_upside_pct': 79.5}",132.6,401977049088,Technology,Software - Infrastructure,2.7,1.8,False,322.54,-58.9,0,False,-6.9,237.97,400.0,110.0,41.0,buy,79.5,,,225.75,70.2,reportado,múltiplo propio,4.0,0.21,False,,-2.17,-2.88,,1.46,31.4,2.0,1.28,False,3.13,,9,,4.8,Operating Income,5.3,54.5,72.0,2026-12-10,False,True,False,5,NEUTRAL,4.17,16.7,0.5,50.8,0.4,0.01,-50.4,2026-09-29T05:48:20.193177,,"el capex se lleva el 119% del flujo operativo: lo que queda no es lo que gana el dueño, es lo que sobra tras decidir invertir",,,,
CNI,Canadian National Railway Company,68.8,,trimestral,⭐⭐ GOOD,🟡 Good,USD,CAD,True,True,True,1.0,"FCF declarado (3,410,000,000) se aparta del derivado de flujo operativo menos capex (1,286,013,314)",85.0,70.0,54.0,60.0,60.0,60.0,55.0,False,down,6.6,True,1,11.3,True,1,"{'eps_growth_yoy': 6.6, 'op_growth_yoy': 8.7, 'crecimiento_respaldado': True, 'positive_quarters': 4, 'earnings_accelerating': True, 'eps_accel_quarters': 1, 'profit_margin_pct': 26.9, 'score_bruto_sin_capar': 85.0, 'satura': False}","{'revenue_growth_yoy': 11.3, 'revenue_accelerating': True, 'rev_accel_quarters': 1}","{'rs_3m': -0.6, 'rs_6m': -0.9, 'rs_line_percentile': 55.0, 'rs_line_at_new_high': False, 'rs_line_trend': 'down', 'rs_line_score': 60}","{'roe_pct': 22.0, 'debt_to_equity': 1.04, 'current_ratio': 0.87, 'operating_margin_pct': 40.3}","{'days_to_earnings': 'N/A', 'recommendation': 'buy', 'analyst_upside_pct': 12.8}",121.14,73180667904,Industrials,Railroads,,4.0,False,131.55,-7.9,6,False,-2.6,136.61,149.85,110.69,13.0,buy,12.8,,,76.8,-36.6,reportado,múltiplo propio,4.0,0.14,False,,1.76,2.13,,2.2,46.3,2.66,2.06,True,-3.26,,9,,7.1,Operating Income,7.8,7.1,31.0,2026-10-30,False,True,False,7,NEUTRAL,6.89,13.3,32.37,18.3,,,,2026-09-29T05:44:08.430532,,"el capex se lleva el 74% del flujo operativo: lo que queda no es lo que gana el dueño, es lo que sobra tras decidir invertir",,,,
SYK,Stryker Corporation,68.8,,trimestral,⭐⭐ GOOD,🟡 Good,USD,USD,False,True,True,1.0,,100.0,60.0,24.0,80.0,70.0,15.0,3.4,False,down,44.3,True,1,9.4,True,1,"{'eps_growth_yoy': 44.3, 'op_growth_yoy': 42.1, 'crecimiento_respaldado': True, 'positive_quarters': 4, 'earnings_accelerating': True, 'eps_accel_quarters': 1, 'profit_margin_pct': 14.4, 'score_bruto_sin_capar': 100.0, 'satura': False}","{'revenue_growth_yoy': 9.4, 'revenue_accelerating': True, 'rev_accel_quarters': 1}","{'rs_3m': -15.3, 'rs_6m': -36.9, 'rs_line_percentile': 3.4, 'rs_line_at_new_high': False, 'rs_line_trend': 'down', 'rs_line_score': 15}","{'roe_pct': 16.5, 'debt_to_equity': 0.64, 'current_ratio': 2.16, 'operating_margin_pct': 27.0}","{'days_to_earnings': 'N/A', 'recommendation': 'buy', 'analyst_upside_pct': 34.0}",275.31,105601499136,Healthcare,Medical Devices,2.1,2.7,False,392.55,-29.9,0,False,-12.4,369.0,465.0,298.0,25.0,buy,34.0,356.57,29.5,385.18,39.9,reportado,múltiplo propio,4.0,0.26,False,,4.51,12.42,,1.29,36.1,3.52,0.99,False,,,9,,9.6,Operating Income,9.9,44.1,30.0,2026-10-29,False,True,False,5,NEUTRAL,4.3,46.7,1.52,37.9,1.6,0.04,-36.3,2026-09-29T05:43:11.789782,,,,,,
MTD,Mettler-Toledo International Inc.,68.8,,trimestral,⭐⭐ GOOD,🟡 Good,USD,USD,False,True,True,1.0,,95.0,60.0,63.9,50.0,50.0,60.0,72.7,False,up,15.1,True,1,4.5,True,1,"{'eps_growth_yoy': 15.1, 'op_growth_yoy': 18.3, 'crecimiento_respaldado': True, 'positive_quarters': 4, 'earnings_accelerating': True, 'eps_accel_quarters': 1, 'profit_margin_pct': 21.9, 'score_bruto_sin_capar': 95.0, 'satura': False}","{'revenue_growth_yoy': 4.5, 'revenue_accelerating': True, 'rev_accel_quarters': 1}","{'rs_3m': 18.2, 'rs_6m': 2.1, 'rs_line_percentile': 72.7, 'rs_line_at_new_high': False, 'rs_line_trend': 'up', 'rs_line_score': 60}","{'debt_to_equity': 166.68, 'current_ratio': 1.12, 'operating_margin_pct': 31.2}","{'days_to_earnings': 'N/A', 'recommendation': 'hold', 'analyst_upside_pct': -5.7}",1545.26,30961694720,Healthcare,Diagnostics & Research,4.0,3.9,False,1545.45,-0.0,6,False,11.0,1457.5,1600.0,1200.0,14.0,hold,-5.7,671.45,-56.5,1482.49,-4.1,reportado,múltiplo propio,4.0,0.22,False,,2.8,43.27,,,,,,True,-2.76,,9,,16.9,Operating Income,16.8,7.3,37.0,2026-11-05,False,True,False,6,NEUTRAL,3.38,110.7,9.75,31.6,,,,2026-09-29T05:44:31.423699,,,,,,
GGG,Graco Inc.,68.6,,trimestral,⭐⭐ GOOD,🟡 Good,USD,USD,False,True,True,1.0,,95.0,60.0,26.7,95.0,55.0,15.0,12.0,False,up,13.6,True,1,3.3,True,1,"{'eps_growth_yoy': 13.6, 'op_growth_yoy': 11.2, 'crecimiento_respaldado': True, 'positive_quarters': 4, 'earnings_accelerating': True, 'eps_accel_quarters': 1, 'profit_margin_pct': 23.5, 'score_bruto_sin_capar': 95.0, 'satura': False}","{'revenue_growth_yoy': 3.3, 'revenue_accelerating': True, 'rev_accel_quarters': 1}","{'rs_3m': 1.1, 'rs_6m': -26.7, 'rs_line_percentile': 12.0, 'rs_line_at_new_high': False, 'rs_line_trend': 'up', 'rs_line_score': 15}","{'roe_pct': 21.2, 'debt_to_equity': 0.02, 'current_ratio': 2.99, 'operating_margin_pct': 29.7}","{'days_to_earnings': 'N/A', 'recommendation': 'hold', 'analyst_upside_pct': 16.7}",78.25,12672886784,Industrials,Specialty Industrial Machinery,4.3,2.2,False,95.69,-18.2,1,False,-1.0,91.29,100.0,84.0,7.0,hold,16.7,78.1,-0.2,87.34,11.6,reportado,múltiplo propio,4.0,0.19,False,,4.95,3.87,,1.52,35.8,1.18,1.19,True,-1.68,,9,,194.7,Operating Income,205.3,5.8,22.0,2026-10-21,False,True,False,6,NEUTRAL,5.0,34.2,4.48,15.1,3.1,0.21,-12.0,2026-09-29T05:49:25.486605,,,,,,
MCO,Moody's Corporation,68.5,,trimestral,⭐⭐ GOOD,🟡 Good,USD,USD,False,True,True,1.0,,100.0,60.0,36.0,65.0,65.0,15.0,11.0,False,down,51.9,True,2,15.1,False,0,"{'eps_growth_yoy': 51.9, 'op_growth_yoy': 27.4, 'crecimiento_respaldado': True, 'positive_quarters': 4, 'earnings_accelerating': True, 'eps_accel_quarters': 2, 'profit_margin_pct': 34.3, 'score_bruto_sin_capar': 125.0, 'satura': True}","{'revenue_growth_yoy': 15.1, 'revenue_accelerating': False, 'rev_accel_quarters': 0}","{'rs_3m': -1.0, 'rs_6m': -14.8, 'rs_line_percentile': 11.0, 'rs_line_at_new_high': False, 'rs_line_trend': 'down', 'rs_line_score': 15}","{'roe_pct': 76.9, 'debt_to_equity': 2.41, 'current_ratio': 1.19, 'operating_margin_pct': 49.5}","{'days_to_earnings': 'N/A', 'recommendation': 'buy', 'analyst_upside_pct': 22.1}",460.08,79677112320,Financial Services,Financial Data & Stock Exchanges,1.9,4.2,False,546.88,-15.9,2,False,-4.9,561.9,610.0,496.0,21.0,buy,22.1,318.41,-30.8,611.16,32.8,reportado,múltiplo propio,4.0,0.19,False,,3.76,17.3,,0.88,25.0,4.12,0.81,False,,,9,,14.1,Operating Income,14.5,56.7,22.0,2026-10-21,False,True,False,8,STRONG,4.03,107.9,1.08,24.2,,,,2026-09-29T05:42:49.161959,,,,,,
ETN,Eaton Corporation plc,68.5,,trimestral,⭐⭐ GOOD,🟡 Good,USD,USD,False,True,True,1.0,,60.0,90.0,57.6,70.0,60.0,60.0,71.7,False,up,-16.4,True,1,21.4,True,2,"{'eps_growth_yoy': -16.4, 'op_growth_yoy': 10.8, 'crecimiento_respaldado': True, 'positive_quarters': 4, 'earnings_accelerating': True, 'eps_accel_quarters': 1, 'profit_margin_pct': 12.8, 'score_bruto_sin_capar': 60.0, 'satura': False}","{'revenue_growth_yoy': 21.4, 'revenue_accelerating': True, 'rev_accel_quarters': 2}","{'rs_3m': -1.3, 'rs_6m': 4.5, 'rs_line_percentile': 71.7, 'rs_line_at_new_high': False, 'rs_line_trend': 'up', 'rs_line_score': 60}","{'roe_pct': 19.7, 'debt_to_equity': 1.05, 'current_ratio': 1.24, 'operating_margin_pct': 16.6}","{'days_to_earnings': 'N/A', 'recommendation': 'strong_buy', 'analyst_upside_pct': 11.4}",431.41,167559643136,Industrials,Specialty Industrial Machinery,2.0,4.2,False,478.0,-9.7,8,True,2.9,480.47,534.0,333.0,26.0,strong_buy,11.4,204.1,-52.7,285.06,-33.9,reportado,múltiplo propio,4.0,0.34,False,,2.41,10.4,,1.0,43.6,4.4,1.51,False,-0.49,,9,,12.0,Operating Income,11.9,-15.9,35.0,2026-11-03,False,True,False,7,NEUTRAL,2.77,64.6,1.38,44.2,0.4,0.01,-43.8,2026-09-29T05:45:34.930628,,,,,,
LMT,Lockheed Martin Corporation,67.8,,trimestral,⭐⭐ GOOD,🟡 Good,USD,USD,False,True,True,1.0,,100.0,70.0,24.0,60.0,65.0,15.0,10.1,False,flat,436.8,True,2,10.5,True,1,"{'eps_growth_yoy': 436.8, 'op_growth_yoy': 231.4, 'crecimiento_respaldado': False, 'crecimiento_puntuado': 256.4, 'positive_quarters': 4, 'earnings_accelerating': True, 'eps_accel_quarters': 2, 'profit_margin_pct': 8.2, 'score_bruto_sin_capar': 115.0, 'satura': True}","{'revenue_growth_yoy': 10.5, 'revenue_accelerating': True, 'rev_accel_quarters': 1}","{'rs_3m': -0.5, 'rs_6m': -34.1, 'rs_line_percentile': 10.1, 'rs_line_at_new_high': False, 'rs_line_trend': 'flat', 'rs_line_score': 15}","{'roe_pct': 89.2, 'debt_to_equity': 2.34, 'current_ratio': 1.19, 'operating_margin_pct': 12.0}","{'days_to_earnings': 'N/A', 'recommendation': 'buy', 'analyst_upside_pct': 22.9}",518.1,119572684800,Industrials,Aerospace & Defense,1.2,2.3,False,692.0,-25.1,2,False,-6.7,636.74,756.0,503.0,19.0,buy,22.9,897.8,73.3,555.83,7.3,reportado,múltiplo propio,4.0,0.33,False,,7.32,37.92,,2.66,50.3,13.8,2.63,True,-1.37,,9,,8.2,Operating Income,7.7,310.7,21.0,2026-10-20,False,True,True,6,NEUTRAL,5.67,70.9,,20.1,,,,2026-09-29T05:49:06.778481,,,,,,
PAYX,"Paychex, Inc.",67.7,,trimestral,⭐⭐ GOOD,🟡 Good,USD,USD,False,True,True,1.0,,95.0,60.0,36.0,80.0,50.0,15.0,16.6,False,down,41.5,False,0,12.5,False,0,"{'eps_growth_yoy': 41.5, 'op_growth_yoy': 40.3, 'crecimiento_respaldado': True, 'positive_quarters': 4, 'earnings_accelerating': False, 'eps_accel_quarters': 0, 'profit_margin_pct': 27.4, 'score_bruto_sin_capar': 95.0, 'satura': False}","{'revenue_growth_yoy': 12.5, 'revenue_accelerating': False, 'rev_accel_quarters': 0}","{'rs_3m': -0.7, 'rs_6m': -12.6, 'rs_line_percentile': 16.6, 'rs_line_at_new_high': False, 'rs_line_trend': 'down', 'rs_line_score': 15}","{'roe_pct': 47.1, 'debt_to_equity': 1.25, 'current_ratio': 1.28, 'operating_margin_pct': 38.5}","{'days_to_earnings': 'N/A', 'recommendation': 'hold', 'analyst_upside_pct': 14.7}",99.3,35348860928,Technology,Software - Application,6.2,8.6,False,129.24,-23.2,3,False,-15.8,113.93,150.0,96.0,14.0,hold,14.7,134.93,35.9,112.8,13.6,reportado,múltiplo propio,4.0,0.58,False,,5.71,5.67,,4.7,90.1,4.76,2.83,True,-1.13,,9,,9.3,Operating Income,9.6,5.6,80.0,2026-12-18,False,True,False,7,NEUTRAL,6.43,103.5,3.54,35.9,0.8,0.02,-35.1,2026-09-29T05:42:56.306772,,,,,,
ASAZY,ASSA ABLOY AB (publ),67.5,,trimestral,⭐⭐ GOOD,🟡 Good,USD,SEK,True,True,False,0.9482,"acciones × precio no cuadra con la capitalización (ratio 0.9482) y los estados van en SEK mientras cotiza en USD — puede ser un ADR. Los ratios por acción (EPS, FCF/acción, DCF) no son utilizables",100.0,60.0,36.0,65.0,55.0,15.0,10.7,False,flat,80.4,True,1,3.5,True,1,"{'eps_growth_yoy': 80.4, 'op_growth_yoy': 53.9, 'crecimiento_respaldado': False, 'crecimiento_puntuado': 78.9, 'positive_quarters': 4, 'earnings_accelerating': True, 'eps_accel_quarters': 1, 'profit_margin_pct': 10.8, 'score_bruto_sin_capar': 110.0, 'satura': True}","{'revenue_growth_yoy': 3.5, 'revenue_accelerating': True, 'rev_accel_quarters': 1}","{'rs_3m': -0.9, 'rs_6m': -16.9, 'rs_line_percentile': 10.7, 'rs_line_at_new_high': False, 'rs_line_trend': 'flat', 'rs_line_score': 15}","{'roe_pct': 15.6, 'debt_to_equity': 0.64, 'current_ratio': 1.01}","{'days_to_earnings': 'N/A', 'recommendation': 'none', 'analyst_upside_pct': 20.8}",18.0,39987945472,Industrials,Security & Protection Services,,,False,21.98,-18.1,1,False,-1.4,21.74,21.74,21.74,1.0,none,20.8,,,,,reportado,,,,,,46.61,8.39,,1.84,41.9,0.33,1.7,False,,,9,,,,,8.0,28.0,2026-10-27,False,True,False,8,STRONG,,120.6,5.87,19.4,,,,2026-09-29T05:45:31.468703,,,,,"acciones × precio no cuadra con la capitalización (ratio 0.9482) y los estados van en SEK mientras cotiza en USD — puede ser un ADR. Los ratios por acción (EPS, FCF/acción, DCF) no son utilizables",
HRI,Herc Holdings Inc.,67.1,,trimestral,⭐⭐ GOOD,🟡 Good,USD,USD,False,True,True,1.0,"FCF declarado (-128,000,000) se aparta del derivado de flujo operativo menos capex (10,000,000)",68.0,90.0,52.4,45.0,70.0,35.0,30.2,False,down,,True,1,26.3,True,2,"{'positive_quarters': 3, 'earnings_accelerating': True, 'eps_accel_quarters': 1, 'profit_margin_pct': 1.0, 'score_bruto_sin_capar': 68.0, 'satura': False}","{'revenue_growth_yoy': 26.3, 'revenue_accelerating': True, 'rev_accel_quarters': 2}","{'rs_3m': -8.9, 'rs_6m': 17.9, 'rs_line_percentile': 30.2, 'rs_line_at_new_high': False, 'rs_line_trend': 'down', 'rs_line_score': 35}","{'roe_pct': 2.6, 'debt_to_equity': 5.06, 'current_ratio': 1.1, 'operating_margin_pct': 12.2}","{'days_to_earnings': 'N/A', 'recommendation': 'buy', 'analyst_upside_pct': 41.2}",133.9,4476470272,Industrials,Rental & Leasing Services,9.8,5.0,True,188.35,-28.9,3,False,-11.9,189.08,240.0,135.0,12.0,buy,41.2,,,,,reportado,,,,,,0.22,0.29,,2.07,164.7,2.8,,False,11.67,,9,,1.2,Operating Income,1.1,,28.0,2026-10-27,False,True,False,3,NEUTRAL,4.45,7.3,,48.1,0.8,0.02,-47.3,2026-09-29T05:51:29.912765,,"el capex se lleva el 99% del flujo operativo: lo que queda no es lo que gana el dueño, es lo que sobra tras decidir invertir",los P/E históricos se separan 251.6x la mediana: el ancla la decidiría un año suelto,,,
VLTO,Veralto Corporation,67.1,,trimestral,⭐⭐ GOOD,🟡 Good,USD,USD,False,True,True,1.0,,70.0,70.0,46.7,85.0,65.0,35.0,32.1,False,flat,8.6,False,0,7.5,True,2,"{'eps_growth_yoy': 8.6, 'op_growth_yoy': 0.6, 'crecimiento_respaldado': True, 'positive_quarters': 4, 'earnings_accelerating': False, 'eps_accel_quarters': 0, 'profit_margin_pct': 17.3, 'score_bruto_sin_capar': 70.0, 'satura': False}","{'revenue_growth_yoy': 7.5, 'revenue_accelerating': True, 'rev_accel_quarters': 2}","{'rs_3m': 5.7, 'rs_6m': -9.6, 'rs_line_percentile': 32.1, 'rs_line_at_new_high': False, 'rs_line_trend': 'flat', 'rs_line_score': 35}","{'roe_pct': 34.3, 'debt_to_equity': 1.16, 'current_ratio': 1.77, 'operating_margin_pct': 21.4}","{'days_to_earnings': 'N/A', 'recommendation': 'buy', 'analyst_upside_pct': 19.3}",96.2,23452919808,Industrials,Pollution & Treatment Controls,3.1,4.5,False,107.9,-10.8,3,False,-0.1,114.79,136.0,100.0,14.0,buy,19.3,103.81,7.9,105.16,9.3,reportado,múltiplo propio,3.0,0.24,True,,4.43,4.26,,0.54,12.6,0.52,,True,-1.64,,9,,14.1,Operating Income,14.1,10.1,22.0,2026-10-21,False,True,False,6,NEUTRAL,5.12,76.5,6.47,15.5,,,,2026-09-29T05:43:26.511813,,,,,,
MSI,"Motorola Solutions, Inc.",67.1,,trimestral,⭐⭐ GOOD,🟡 Good,USD,USD,False,True,True,1.0,,80.0,70.0,46.7,65.0,65.0,35.0,36.2,False,up,8.6,True,1,13.3,True,1,"{'eps_growth_yoy': 8.6, 'op_growth_yoy': 19.3, 'crecimiento_respaldado': True, 'positive_quarters': 4, 'earnings_accelerating': True, 'eps_accel_quarters': 1, 'profit_margin_pct': 17.4, 'score_bruto_sin_capar': 80.0, 'satura': False}","{'revenue_growth_yoy': 13.3, 'revenue_accelerating': True, 'rev_accel_quarters': 1}","{'rs_3m': 6.4, 'rs_6m': -15.2, 'rs_line_percentile': 36.2, 'rs_line_at_new_high': False, 'rs_line_trend': 'up', 'rs_line_score': 35}","{'roe_pct': 91.6, 'debt_to_equity': 3.58, 'current_ratio': 1.1, 'operating_margin_pct': 27.4}","{'days_to_earnings': 'N/A', 'recommendation': 'buy', 'analyst_upside_pct': 16.6}",452.08,74816430080,Technology,Communication Equipment,2.2,3.2,False,494.85,-8.6,5,False,-1.1,526.91,550.0,476.0,11.0,buy,16.6,399.58,-11.6,388.4,-14.1,reportado,múltiplo propio,4.0,0.62,False,,3.62,16.37,,1.06,37.2,4.84,1.11,False,-0.95,,9,,7.0,Operating Income,7.3,9.5,37.0,2026-11-05,False,True,False,6,NEUTRAL,3.53,150.4,1.36,16.7,,,,2026-09-29T05:41:47.803547,,,,,,
NYT,The New York Times Company,67.0,,trimestral,⭐⭐ GOOD,🟡 Good,USD,USD,False,True,True,0.9952,,90.0,70.0,24.0,75.0,65.0,15.0,6.3,False,down,12.6,True,1,11.2,True,1,"{'eps_growth_yoy': 12.6, 'op_growth_yoy': 11.5, 'crecimiento_respaldado': True, 'positive_quarters': 4, 'earnings_accelerating': True, 'eps_accel_quarters': 1, 'profit_margin_pct': 13.3, 'score_bruto_sin_capar': 90.0, 'satura': False}","{'revenue_growth_yoy': 11.2, 'revenue_accelerating': True, 'rev_accel_quarters': 1}","{'rs_3m': -10.8, 'rs_6m': -44.2, 'rs_line_percentile': 6.3, 'rs_line_at_new_high': False, 'rs_line_trend': 'down', 'rs_line_score': 15}","{'roe_pct': 19.7, 'current_ratio': 1.58, 'operating_margin_pct': 17.1}","{'days_to_earnings': 'N/A', 'recommendation': 'buy', 'analyst_upside_pct': 22.4}",64.17,10349566976,Communication Services,Publishing,8.6,7.1,True,87.1,-26.3,2,False,-6.3,78.56,90.0,63.0,9.0,buy,22.4,89.0,38.7,75.81,18.1,reportado,múltiplo propio,4.0,0.16,False,,6.03,3.87,,1.44,32.1,0.92,0.95,False,-0.79,,9,,420.4,Operating Income,423.0,14.0,36.0,2026-11-04,False,True,False,8,STRONG,4.65,52.6,0.78,41.6,1.6,0.04,-40.0,2026-09-29T05:50:43.321311,,,,,,
FHN,First Horizon Corporation,67.0,,trimestral,⭐⭐ GOOD,🟡 Good,USD,USD,False,True,True,1.0,"FCF declarado (-189,000,000) se aparta del derivado de flujo operativo menos capex (1,026,000,000)",95.0,60.0,36.0,65.0,65.0,15.0,8.2,False,down,12.0,True,1,6.7,True,1,"{'eps_growth_yoy': 12.0, 'positive_quarters': 4, 'earnings_accelerating': True, 'eps_accel_quarters': 1, 'profit_margin_pct': 30.2, 'score_bruto_sin_capar': 95.0, 'satura': False}","{'revenue_growth_yoy': 6.7, 'revenue_accelerating': True, 'rev_accel_quarters': 1}","{'rs_3m': -11.7, 'rs_6m': -15.1, 'rs_line_percentile': 8.2, 'rs_line_at_new_high': False, 'rs_line_trend': 'down', 'rs_line_score': 15}","{'roe_pct': 11.5, 'operating_margin_pct': 41.3}","{'days_to_earnings': 'N/A', 'recommendation': 'buy', 'analyst_upside_pct': 20.6}",23.19,10986892288,Financial Services,Banks - Regional,0.0,0.0,False,26.56,-12.7,4,False,-6.3,27.98,30.0,25.0,21.0,buy,20.6,,,26.39,13.8,reportado,múltiplo propio,4.0,0.42,False,,9.34,2.17,,2.9,30.8,0.68,3.28,True,-6.61,,7,,,,,14.0,16.0,2026-10-15,False,True,True,5,NEUTRAL,,,1.54,19.4,,,,2026-09-29T05:51:33.370970,,"Banks - Regional: el flujo operativo son depósitos, préstamos o primas, no caja libre para el accionista",,,,
COST,Costco Wholesale Corporation,67.0,,trimestral,⭐⭐ GOOD,🟡 Good,USD,USD,False,True,True,1.0,"FCF declarado (6,370,000,000) se aparta del derivado de flujo operativo menos capex (10,327,000,448)",95.0,60.0,24.0,85.0,60.0,15.0,10.5,False,down,15.2,True,2,11.6,False,0,"{'eps_growth_yoy': 15.2, 'op_growth_yoy': 11.3, 'crecimiento_respaldado': True, 'positive_quarters': 4, 'earnings_accelerating': True, 'eps_accel_quarters': 2, 'profit_margin_pct': 3.0, 'score_bruto_sin_capar': 95.0, 'satura': False}","{'revenue_growth_yoy': 11.6, 'revenue_accelerating': False, 'rev_accel_quarters': 0}","{'rs_3m': -4.0, 'rs_6m': -28.9, 'rs_line_percentile': 10.5, 'rs_line_at_new_high': False, 'rs_line_trend': 'down', 'rs_line_score': 15}","{'roe_pct': 28.4, 'debt_to_equity': 0.24, 'current_ratio': 1.06, 'operating_margin_pct': 4.0}","{'days_to_earnings': 'N/A', 'recommendation': 'buy', 'analyst_upside_pct': 14.5}",922.92,409099042816,Consumer Defensive,Discount Stores,1.7,3.8,False,1096.5,-15.8,3,False,-1.2,1057.09,1315.0,740.0,35.0,buy,14.5,557.51,-39.6,928.49,0.6,reportado,múltiplo propio,4.0,0.36,False,,2.52,23.26,,0.64,26.7,5.88,0.59,False,-0.07,,9,,76.9,Operating Income,81.5,15.0,72.0,2026-12-10,False,True,False,7,NEUTRAL,2.62,28.9,3.21,16.7,0.2,0.01,-16.5,2026-09-29T05:41:55.685671,,,,,,
6383.T,"Daifuku Co., Ltd.",67.0,,anual,⭐⭐ GOOD,🟡 Good,JPY,JPY,False,True,True,1.0,,100.0,60.0,15.0,80.0,70.0,,,,,71.8,True,1,8.1,True,1,"{'eps_growth_yoy': 71.8, 'op_growth_yoy': 63.4, 'crecimiento_respaldado': True, 'positive_quarters': 4, 'earnings_accelerating': True, 'eps_accel_quarters': 1, 'profit_margin_pct': 12.1, 'score_bruto_sin_capar': 110.0, 'satura': True}","{'revenue_growth_yoy': 8.1, 'revenue_accelerating': True, 'rev_accel_quarters': 1}","{'rs_3m': -25.8, 'rs_6m': -24.5}","{'debt_to_equity': 0.09, 'current_ratio': 2.63, 'operating_margin_pct': 16.6}","{'days_to_earnings': 'N/A', 'recommendation': 'buy', 'analyst_upside_pct': 37.6}",5480.0,2037678604288,Industrials,Specialty Industrial Machinery,,,False,7857.0,-30.3,2,False,-7.0,7540.71,9300.0,5400.0,14.0,buy,37.6,6688.85,22.1,5738.96,4.7,reportado,múltiplo propio,4.0,0.3,False,,5.7,312.36,,1.63,38.8,90.0,1.38,,,,9,,,,,13.8,43.0,2026-11-11,False,True,False,8,STRONG,5.55,21.8,1.33,27.8,,,,2026-09-29T05:49:17.984554,,,,,,
DOL.TO,Dollarama Inc.,66.8,,trimestral,⭐⭐ GOOD,🟡 Good,CAD,CAD,False,True,True,1.0,,80.0,70.0,44.0,70.0,60.0,35.0,25.6,False,down,8.7,True,1,17.6,True,1,"{'eps_growth_yoy': 8.7, 'op_growth_yoy': 5.0, 'crecimiento_respaldado': True, 'positive_quarters': 4, 'earnings_accelerating': True, 'eps_accel_quarters': 1, 'profit_margin_pct': 17.3, 'score_bruto_sin_capar': 80.0, 'satura': False}","{'revenue_growth_yoy': 17.6, 'revenue_accelerating': True, 'rev_accel_quarters': 1}","{'rs_3m': -6.0, 'rs_6m': -11.6, 'rs_line_percentile': 25.6, 'rs_line_at_new_high': False, 'rs_line_trend': 'down', 'rs_line_score': 35}","{'roe_pct': 93.1, 'debt_to_equity': 4.0, 'current_ratio': 1.55, 'operating_margin_pct': 23.1}","{'days_to_earnings': 'N/A', 'recommendation': 'buy', 'analyst_upside_pct': 12.2}",184.91,49624207360,Consumer Defensive,Discount Stores,,3.8,False,209.96,-11.9,2,False,1.2,207.47,236.0,148.0,17.0,buy,12.2,204.65,10.7,152.9,-17.3,reportado,múltiplo propio,4.0,0.36,False,,3.47,6.42,,0.25,9.1,0.47,0.26,True,-2.42,,9,,7.9,Operating Income,9.1,11.2,72.0,2026-12-10,False,True,False,5,NEUTRAL,3.17,45.6,1.6,27.9,,,,2026-09-29T05:47:50.276500,,,,,,
DBOEY,Deutsche Börse AG,66.7,,trimestral,⭐⭐ GOOD,🟡 Good,USD,EUR,True,True,True,1.0,,75.0,50.0,68.3,80.0,60.0,80.0,80.2,False,up,8.4,False,0,7.8,False,0,"{'eps_growth_yoy': 8.4, 'op_growth_yoy': 8.2, 'crecimiento_respaldado': True, 'positive_quarters': 4, 'earnings_accelerating': False, 'eps_accel_quarters': 0, 'profit_margin_pct': 27.3, 'score_bruto_sin_capar': 75.0, 'satura': False}","{'revenue_growth_yoy': 7.8, 'revenue_accelerating': False, 'rev_accel_quarters': 0}","{'rs_3m': 17.7, 'rs_6m': -3.2, 'rs_line_percentile': 80.2, 'rs_line_at_new_high': False, 'rs_line_trend': 'up', 'rs_line_score': 80}","{'roe_pct': 20.4, 'debt_to_equity': 0.58, 'current_ratio': 1.01, 'operating_margin_pct': 41.9}","{'days_to_earnings': 'N/A', 'recommendation': 'strong_buy', 'analyst_upside_pct': 5.1}",32.7,58954063872,Financial Services,Financial Data & Stock Exchanges,,,False,33.91,-3.6,8,True,3.2,34.36,34.36,34.36,1.0,strong_buy,5.1,50.08,53.1,27.9,-14.7,reportado,múltiplo propio,4.0,0.2,False,,5.07,1.66,,1.5,36.0,0.49,1.9,,,,9,,,,,6.9,21.0,2026-10-20,False,True,True,5,NEUTRAL,4.67,65.3,2.06,19.4,,,,2026-09-29T05:44:19.747278,,,,,,
ICE,"Intercontinental Exchange, Inc.",66.5,,trimestral,⭐⭐ GOOD,🟡 Good,USD,USD,False,True,True,1.0,,85.0,60.0,41.0,75.0,65.0,35.0,39.9,False,up,12.6,False,0,10.7,False,0,"{'eps_growth_yoy': 12.6, 'op_growth_yoy': 7.3, 'crecimiento_respaldado': True, 'positive_quarters': 4, 'earnings_accelerating': False, 'eps_accel_quarters': 0, 'profit_margin_pct': 38.2, 'score_bruto_sin_capar': 85.0, 'satura': False}","{'revenue_growth_yoy': 10.7, 'revenue_accelerating': False, 'rev_accel_quarters': 0}","{'rs_3m': 21.8, 'rs_6m': -23.6, 'rs_line_percentile': 39.9, 'rs_line_at_new_high': False, 'rs_line_trend': 'up', 'rs_line_score': 35}","{'roe_pct': 14.1, 'debt_to_equity': 0.69, 'current_ratio': 1.01, 'operating_margin_pct': 52.6}","{'days_to_earnings': 'N/A', 'recommendation': 'strong_buy', 'analyst_upside_pct': 22.5}",152.91,85842837504,Financial Services,Financial Data & Stock Exchanges,1.3,2.0,False,176.05,-13.1,2,False,-0.8,187.29,232.0,163.0,14.0,strong_buy,22.5,199.18,30.3,211.05,38.0,reportado,múltiplo propio,4.0,0.34,False,,5.5,8.41,,1.35,28.2,2.08,1.25,True,-1.57,,9,,6.9,Operating Income,7.6,14.2,30.0,2026-10-29,False,True,False,8,STRONG,4.74,114.8,0.58,24.3,1.6,0.06,-22.7,2026-09-29T05:44:12.208175,,,,,,
FERG,Ferguson Enterprises Inc.,66.5,,trimestral,⭐⭐ GOOD,🟡 Good,USD,USD,False,True,True,1.0,,85.0,70.0,36.0,65.0,65.0,15.0,16.4,False,down,62.4,True,1,14.8,True,1,"{'eps_growth_yoy': 62.4, 'op_growth_yoy': 32.4, 'crecimiento_respaldado': False, 'crecimiento_puntuado': 57.4, 'positive_quarters': 4, 'earnings_accelerating': True, 'eps_accel_quarters': 1, 'profit_margin_pct': 6.3, 'score_bruto_sin_capar': 105.0, 'satura': True}","{'revenue_growth_yoy': 14.8, 'revenue_accelerating': True, 'rev_accel_quarters': 1}","{'rs_3m': -6.6, 'rs_6m': -19.4, 'rs_line_percentile': 16.4, 'rs_line_at_new_high': False, 'rs_line_trend': 'down', 'rs_line_score': 15}","{'debt_to_equity': 1.11, 'current_ratio': 1.73, 'operating_margin_pct': 10.2}","{'days_to_earnings': 'N/A', 'recommendation': 'buy', 'analyst_upside_pct': 26.5}",227.3,43971805184,Industrials,Industrial Distribution,3.4,4.4,False,271.64,-16.3,1,False,-2.0,287.48,325.0,235.0,21.0,buy,26.5,121.58,-46.5,243.65,7.2,reportado,múltiplo propio,3.0,0.36,True,,3.07,6.98,,1.6,33.3,3.56,1.82,True,-1.67,,4,solo 4 de los 9 criterios son calculables con los estados de esta empresa,16.6,Operating Income,16.5,6.9,41.0,2026-11-09,False,True,False,3,,,,2.63,24.4,1.6,0.06,-22.8,2026-09-29T05:48:16.222856,,,,,,
GWW,"W.W. Grainger, Inc.",66.0,,trimestral,⭐⭐ GOOD,🟡 Good,USD,USD,False,True,True,1.0,,75.0,60.0,54.0,85.0,50.0,60.0,50.1,False,down,18.3,False,0,10.3,False,0,"{'eps_growth_yoy': 18.3, 'op_growth_yoy': 19.0, 'crecimiento_respaldado': True, 'positive_quarters': 4, 'earnings_accelerating': False, 'eps_accel_quarters': 0, 'profit_margin_pct': 9.9, 'score_bruto_sin_capar': 75.0, 'satura': False}","{'revenue_growth_yoy': 10.3, 'revenue_accelerating': False, 'rev_accel_quarters': 0}","{'rs_3m': -10.3, 'rs_6m': -2.5, 'rs_line_percentile': 50.1, 'rs_line_at_new_high': False, 'rs_line_trend': 'down', 'rs_line_score': 60}","{'roe_pct': 46.1, 'debt_to_equity': 0.62, 'current_ratio': 2.81, 'operating_margin_pct': 16.1}","{'days_to_earnings': 'N/A', 'recommendation': 'hold', 'analyst_upside_pct': 6.0}",1255.69,59144179712,Industrials,Industrial Distribution,2.6,4.7,False,1419.91,-11.6,6,False,-4.1,1331.64,1500.0,1100.0,14.0,hold,6.0,587.98,-53.2,969.15,-22.8,reportado,múltiplo propio,4.0,0.43,False,,2.36,29.63,6.5,0.8,23.6,9.96,1.0,True,-1.87,,9,,33.9,Operating Income,34.1,8.2,36.0,2026-11-04,False,True,False,6,NEUTRAL,4.04,40.5,4.49,19.5,0.4,0.02,-19.1,2026-09-29T05:47:12.568786,,,,,,
ATLKY,Atlas Copco AB (publ),66.0,,trimestral,⭐⭐ GOOD,🟡 Good,USD,SEK,True,True,False,0.6801,"acciones × precio no cuadra con la capitalización (ratio 0.6801) y los estados van en SEK mientras cotiza en USD — puede ser un ADR. Los ratios por acción (EPS, FCF/acción, DCF) no son utilizables",80.0,60.0,47.6,80.0,55.0,35.0,41.8,False,flat,7.0,True,1,5.3,True,1,"{'eps_growth_yoy': 7.0, 'op_growth_yoy': 7.5, 'crecimiento_respaldado': True, 'positive_quarters': 4, 'earnings_accelerating': True, 'eps_accel_quarters': 1, 'profit_margin_pct': 15.7, 'score_bruto_sin_capar': 80.0, 'satura': False}","{'revenue_growth_yoy': 5.3, 'revenue_accelerating': True, 'rev_accel_quarters': 1}","{'rs_3m': -1.2, 'rs_6m': 3.2, 'rs_line_percentile': 41.8, 'rs_line_at_new_high': False, 'rs_line_trend': 'flat', 'rs_line_score': 35}","{'roe_pct': 25.7, 'debt_to_equity': 0.34, 'current_ratio': 1.27}","{'days_to_earnings': 'N/A', 'recommendation': 'none', 'analyst_upside_pct': 25.5}",20.71,101036228608,Industrials,Specialty Industrial Machinery,,,False,22.42,-7.6,6,False,-2.1,26.0,26.0,26.0,1.0,none,25.5,,,,,reportado,,,,,,26.11,5.41,,2.66,73.8,0.56,1.61,False,,,9,,117.7,Operating Income,117.4,4.0,,,False,False,False,6,NEUTRAL,,54.0,6.48,34.9,,,,2026-09-29T05:46:25.123712,,,,,"acciones × precio no cuadra con la capitalización (ratio 0.6801) y los estados van en SEK mientras cotiza en USD — puede ser un ADR. Los ratios por acción (EPS, FCF/acción, DCF) no son utilizables",
BAC,Bank of America Corporation,66.0,,trimestral,⭐⭐ GOOD,🟡 Good,USD,USD,False,True,True,1.0,,95.0,50.0,44.0,65.0,65.0,35.0,34.2,False,down,16.6,True,1,7.2,False,0,"{'eps_growth_yoy': 16.6, 'positive_quarters': 4, 'earnings_accelerating': True, 'eps_accel_quarters': 1, 'profit_margin_pct': 29.5, 'score_bruto_sin_capar': 95.0, 'satura': False}","{'revenue_growth_yoy': 7.2, 'revenue_accelerating': False, 'rev_accel_quarters': 0}","{'rs_3m': -4.9, 'rs_6m': -3.1, 'rs_line_percentile': 34.2, 'rs_line_at_new_high': False, 'rs_line_trend': 'down', 'rs_line_score': 35}","{'roe_pct': 11.2, 'operating_margin_pct': 38.3}","{'days_to_earnings': 'N/A', 'recommendation': 'strong_buy', 'analyst_upside_pct': 23.7}",55.47,387887759360,Financial Services,Banks - Diversified,0.0,0.0,False,65.23,-15.0,5,False,-9.4,68.62,76.0,62.0,21.0,strong_buy,23.7,,,46.94,-15.4,reportado,múltiplo propio,4.0,0.42,False,,3.25,1.8,,2.26,25.9,1.28,2.35,True,-4.67,,7,,,,,34.1,15.0,2026-10-14,False,True,True,5,NEUTRAL,,,1.86,25.7,,,,2026-09-29T05:49:38.114495,,"Banks - Diversified: el flujo operativo son depósitos, préstamos o primas, no caja libre para el accionista",,,,
FICO,Fair Isaac Corporation,65.8,,trimestral,⭐⭐ GOOD,🟡 Good,USD,USD,False,True,True,1.0,,95.0,70.0,15.0,65.0,70.0,15.0,0.0,False,down,30.5,False,0,25.7,False,0,"{'eps_growth_yoy': 30.5, 'op_growth_yoy': 38.1, 'crecimiento_respaldado': True, 'positive_quarters': 4, 'earnings_accelerating': False, 'eps_accel_quarters': 0, 'profit_margin_pct': 34.1, 'score_bruto_sin_capar': 95.0, 'satura': False}","{'revenue_growth_yoy': 25.7, 'revenue_accelerating': False, 'rev_accel_quarters': 0}","{'rs_3m': -32.4, 'rs_6m': -41.5, 'rs_line_percentile': 0.0, 'rs_line_at_new_high': False, 'rs_line_trend': 'down', 'rs_line_score': 15}","{'current_ratio': 1.18, 'operating_margin_pct': 53.8}","{'days_to_earnings': 'N/A', 'recommendation': 'buy', 'analyst_upside_pct': 70.6}",840.89,18161235968,Technology,Software - Application,10.8,5.5,True,1998.01,-57.9,0,False,-21.9,1434.89,1750.0,696.0,19.0,buy,70.6,845.68,0.6,,,reportado,,,,,,5.3,44.57,,,,,0.09,True,-7.62,,9,,6.7,Operating Income,6.7,28.8,36.0,2026-11-04,False,True,False,7,NEUTRAL,3.98,996.3,0.68,66.0,1.6,0.02,-64.4,2026-09-29T05:43:41.708256,,,múltiplo propio 54x fuera del rango 8-45,,,
PSA,Public Storage,65.7,,trimestral,⭐⭐ GOOD,🟡 Good,USD,USD,False,True,True,1.0,,85.0,70.0,36.0,60.0,65.0,15.0,3.7,False,down,39.5,False,0,2.6,True,2,"{'eps_growth_yoy': 39.5, 'op_growth_yoy': -3.0, 'crecimiento_respaldado': False, 'crecimiento_puntuado': 25.0, 'positive_quarters': 4, 'earnings_accelerating': False, 'eps_accel_quarters': 0, 'profit_margin_pct': 41.6, 'score_bruto_sin_capar': 95.0, 'satura': False}","{'revenue_growth_yoy': 2.6, 'revenue_accelerating': True, 'rev_accel_quarters': 2}","{'rs_3m': -12.4, 'rs_6m': -12.2, 'rs_line_percentile': 3.7, 'rs_line_at_new_high': False, 'rs_line_trend': 'down', 'rs_line_score': 15}","{'roe_pct': 21.9, 'debt_to_equity': 1.1, 'current_ratio': 0.22, 'operating_margin_pct': 45.7}","{'days_to_earnings': 'N/A', 'recommendation': 'buy', 'analyst_upside_pct': 18.2}",284.79,53213663232,Real Estate,REIT - Industrial,4.3,8.0,False,335.55,-15.1,4,False,-7.9,336.5,374.0,285.0,18.0,buy,18.2,229.93,-19.3,202.08,-29.0,normalizado,múltiplo propio,4.0,0.65,False,,5.42,15.44,,4.17,114.5,12.0,3.51,False,0.34,,9,,6.9,Operating Income,7.3,18.0,29.0,2026-10-28,False,True,False,5,NEUTRAL,3.51,1163.1,,20.3,,,,2026-09-29T05:48:23.910470,,,,tasa fiscal efectiva -0.4% — el beneficio del periodo no es representativo,,
BRO,"Brown & Brown, Inc.",65.5,,trimestral,⭐⭐ GOOD,🟡 Good,USD,USD,False,True,True,1.0,,80.0,80.0,24.0,75.0,55.0,15.0,7.3,False,down,24.7,False,0,32.4,False,0,"{'eps_growth_yoy': 24.7, 'op_growth_yoy': 23.7, 'crecimiento_respaldado': True, 'positive_quarters': 4, 'earnings_accelerating': False, 'eps_accel_quarters': 0, 'profit_margin_pct': 18.1, 'score_bruto_sin_capar': 80.0, 'satura': False}","{'revenue_growth_yoy': 32.4, 'revenue_accelerating': False, 'rev_accel_quarters': 0}","{'rs_3m': -8.7, 'rs_6m': -29.0, 'rs_line_percentile': 7.3, 'rs_line_at_new_high': False, 'rs_line_trend': 'down', 'rs_line_score': 15}","{'roe_pct': 10.0, 'debt_to_equity': 0.64, 'current_ratio': 1.13, 'operating_margin_pct': 41.8}","{'days_to_earnings': 'N/A', 'recommendation': 'hold', 'analyst_upside_pct': 27.0}",60.24,20156930048,Financial Services,Insurance Brokers,5.4,8.2,False,96.55,-37.6,1,False,-12.8,76.5,90.0,60.0,16.0,hold,27.0,,,72.04,19.6,reportado,múltiplo propio,4.0,0.27,False,,7.2,4.34,,1.09,20.6,0.66,0.65,False,13.99,,9,,4.0,Operating Income,4.7,2.8,27.0,2026-10-26,False,True,False,4,NEUTRAL,5.5,157.1,1.06,28.0,,,,2026-09-29T05:44:39.011349,,"Insurance Brokers: el flujo operativo son depósitos, préstamos o primas, no caja libre para el accionista",,,,
WTKWY,Wolters Kluwer N.V.,65.5,,anual,⭐⭐ GOOD,🟡 Good,USD,EUR,True,True,True,1.0,,100.0,50.0,42.3,50.0,70.0,15.0,13.5,False,up,21.2,True,2,3.5,False,0,"{'eps_growth_yoy': 21.2, 'op_growth_yoy': 5.4, 'crecimiento_respaldado': True, 'positive_quarters': 4, 'earnings_accelerating': True, 'eps_accel_quarters': 2, 'profit_margin_pct': 21.9, 'score_bruto_sin_capar': 105.0, 'satura': True}","{'revenue_growth_yoy': 3.5, 'revenue_accelerating': False, 'rev_accel_quarters': 0}","{'rs_3m': 17.9, 'rs_6m': -11.5, 'rs_line_percentile': 13.5, 'rs_line_at_new_high': False, 'rs_line_trend': 'up', 'rs_line_score': 15}","{'roe_pct': 146.1, 'debt_to_equity': 5.9, 'current_ratio': 0.69, 'operating_margin_pct': 26.9}","{'days_to_earnings': 'N/A', 'recommendation': 'strong_buy', 'analyst_upside_pct': 41.1}",76.99,17125432320,Industrials,Specialty Business Services,,,False,137.56,-44.0,1,False,-1.7,108.6,108.6,108.6,1.0,strong_buy,41.1,190.13,147.0,184.95,140.2,reportado,múltiplo propio,4.0,0.59,False,,9.45,7.28,,3.82,43.1,2.99,1.89,,,,9,,,,,4.5,,,False,False,False,7,NEUTRAL,7.94,639.0,0.89,38.5,,,,2026-09-29T05:41:11.839117,,,,,,
ECL,Ecolab Inc.,65.5,,trimestral,⭐⭐ GOOD,🟡 Good,USD,USD,False,True,True,1.0,,80.0,60.0,44.0,75.0,65.0,35.0,30.1,False,flat,2.0,True,1,9.7,True,1,"{'eps_growth_yoy': 2.0, 'op_growth_yoy': 9.5, 'crecimiento_respaldado': True, 'positive_quarters': 4, 'earnings_accelerating': True, 'eps_accel_quarters': 1, 'profit_margin_pct': 12.6, 'score_bruto_sin_capar': 80.0, 'satura': False}","{'revenue_growth_yoy': 9.7, 'revenue_accelerating': True, 'rev_accel_quarters': 1}","{'rs_3m': -1.9, 'rs_6m': -14.4, 'rs_line_percentile': 30.1, 'rs_line_at_new_high': False, 'rs_line_trend': 'flat', 'rs_line_score': 35}","{'roe_pct': 22.0, 'debt_to_equity': 1.38, 'current_ratio': 1.84, 'operating_margin_pct': 18.5}","{'days_to_earnings': 'N/A', 'recommendation': 'buy', 'analyst_upside_pct': 16.0}",280.23,78556487680,Basic Materials,Specialty Chemicals,2.1,3.6,False,309.27,-9.4,5,False,0.9,324.95,360.0,295.0,21.0,buy,16.0,157.07,-43.9,270.38,-3.5,reportado,múltiplo propio,4.0,0.25,False,,2.56,7.17,,1.04,38.1,2.92,1.06,True,-1.12,,9,,9.4,Operating Income,9.1,3.3,28.0,2026-10-27,False,True,False,6,NEUTRAL,3.31,52.9,1.24,15.8,,,,2026-09-29T05:43:57.540271,,,,,,
ITW,Illinois Tool Works Inc.,65.5,,trimestral,⭐⭐ GOOD,🟡 Good,USD,USD,False,True,True,1.0,,90.0,60.0,44.0,65.0,50.0,35.0,29.8,False,down,7.9,True,2,6.1,True,1,"{'eps_growth_yoy': 7.9, 'op_growth_yoy': 7.4, 'crecimiento_respaldado': True, 'positive_quarters': 4, 'earnings_accelerating': True, 'eps_accel_quarters': 2, 'profit_margin_pct': 19.4, 'score_bruto_sin_capar': 90.0, 'satura': False}","{'revenue_growth_yoy': 6.1, 'revenue_accelerating': True, 'rev_accel_quarters': 1}","{'rs_3m': -1.5, 'rs_6m': -13.5, 'rs_line_percentile': 29.8, 'rs_line_at_new_high': False, 'rs_line_trend': 'down', 'rs_line_score': 35}","{'roe_pct': 104.6, 'debt_to_equity': 3.35, 'current_ratio': 1.11, 'operating_margin_pct': 26.9}","{'days_to_earnings': 'N/A', 'recommendation': 'hold', 'analyst_upside_pct': 10.5}",273.83,77986783232,Industrials,Specialty Industrial Machinery,3.1,8.2,False,303.16,-9.7,5,False,-2.1,302.5,350.0,249.0,14.0,hold,10.5,185.47,-32.3,242.51,-11.4,reportado,múltiplo propio,4.0,0.21,False,,3.73,10.21,,2.51,58.3,6.88,2.26,True,-2.01,,9,,14.5,Operating Income,14.6,4.0,24.0,2026-10-23,False,True,False,5,NEUTRAL,4.85,117.2,9.15,14.9,,,,2026-09-29T05:45:20.177464,,,,,,
CLPBY,Coloplast A/S,65.1,,trimestral,⭐⭐ GOOD,🟡 Good,USD,DKK,True,True,False,0.9201,"acciones × precio no cuadra con la capitalización (ratio 0.9201) y los estados van en DKK mientras cotiza en USD — puede ser un ADR. Los ratios por acción (EPS, FCF/acción, DCF) no son utilizables | FCF declarado (5,463,000,000) se aparta del derivado de flujo operativo menos capex (-179,910,435)",85.0,60.0,30.3,80.0,65.0,15.0,11.7,False,down,60.3,True,1,6.1,True,1,"{'eps_growth_yoy': 60.3, 'op_growth_yoy': 2.0, 'crecimiento_respaldado': False, 'crecimiento_puntuado': 27.0, 'positive_quarters': 3, 'earnings_accelerating': True, 'eps_accel_quarters': 1, 'profit_margin_pct': 9.7, 'score_bruto_sin_capar': 88.0, 'satura': False}","{'revenue_growth_yoy': 6.1, 'revenue_accelerating': True, 'rev_accel_quarters': 1}","{'rs_3m': 10.4, 'rs_6m': -24.2, 'rs_line_percentile': 11.7, 'rs_line_at_new_high': False, 'rs_line_trend': 'down', 'rs_line_score': 15}","{'roe_pct': 18.5, 'debt_to_equity': 1.78, 'current_ratio': 1.56, 'operating_margin_pct': 26.2}","{'days_to_earnings': 'N/A', 'recommendation': 'buy', 'analyst_upside_pct': 29.2}",6.45,14536244224,Healthcare,Medical Instruments & Supplies,,,False,9.7,-33.5,0,False,-4.0,8.33,12.2,6.7,4.0,buy,29.2,,,,,reportado,,,,,,-1.24,-0.08,,5.57,187.0,0.36,2.72,False,,,9,,7.2,Operating Income,4.6,32.7,,,False,False,False,7,NEUTRAL,19.42,107.0,,21.3,,,,2026-09-29T05:43:53.473512,,"el capex se lleva el 115% del flujo operativo: lo que queda no es lo que gana el dueño, es lo que sobra tras decidir invertir",,,"acciones × precio no cuadra con la capitalización (ratio 0.9201) y los estados van en DKK mientras cotiza en USD — puede ser un ADR. Los ratios por acción (EPS, FCF/acción, DCF) no son utilizables; FCF declarado (5,463,000,000) se aparta del derivado de flujo operativo menos capex (-179,910,435)",
TW,Tradeweb Markets Inc.,65.0,,trimestral,⭐⭐ GOOD,🟡 Good,USD,USD,False,True,True,0.5279,acciones × precio no cuadra (ratio 0.5279) pero la divisa sí: son clases múltiples. Se usan 216 M de acciones efectivas (capitalización ÷ precio) en vez de las 114 M declaradas,95.0,50.0,24.0,85.0,65.0,15.0,10.4,False,down,17.9,True,1,9.0,False,0,"{'eps_growth_yoy': 17.9, 'op_growth_yoy': 22.7, 'crecimiento_respaldado': True, 'positive_quarters': 4, 'earnings_accelerating': True, 'eps_accel_quarters': 1, 'profit_margin_pct': 40.7, 'score_bruto_sin_capar': 95.0, 'satura': False}","{'revenue_growth_yoy': 9.0, 'revenue_accelerating': False, 'rev_accel_quarters': 0}","{'rs_3m': -1.5, 'rs_6m': -35.3, 'rs_line_percentile': 10.4, 'rs_line_at_new_high': False, 'rs_line_trend': 'down', 'rs_line_score': 15}","{'roe_pct': 14.5, 'debt_to_equity': 0.02, 'current_ratio': 6.79, 'operating_margin_pct': 43.8}","{'days_to_earnings': 'N/A', 'recommendation': 'buy', 'analyst_upside_pct': 22.7}",100.77,21769166848,Financial Services,Capital Markets,3.0,2.9,False,127.69,-21.1,2,False,-2.5,123.64,178.0,98.0,14.0,buy,22.7,,,,,reportado,,,,,,4.46,4.49,11.2,0.55,12.4,0.56,0.4,True,-1.01,,9,,474.0,Operating Income,633.6,13.8,30.0,2026-10-29,False,True,False,8,STRONG,4.21,41.0,0.73,28.3,,,,2026-09-29T05:43:15.119231,216028251.0,"Capital Markets: el flujo operativo son depósitos, préstamos o primas, no caja libre para el accionista",múltiplo propio 48x fuera del rango 8-45,,,
CSU.TO,Constellation Software Inc.,65.0,,trimestral,⭐⭐ GOOD,🟡 Good,CAD,USD,True,True,True,1.0,"FCF declarado (2,771,000,000) se aparta del derivado de flujo operativo menos capex (3,969,904,971)",85.0,70.0,38.7,55.0,60.0,15.0,16.5,False,flat,389.3,False,0,17.3,True,1,"{'eps_growth_yoy': 389.3, 'op_growth_yoy': 8.9, 'crecimiento_respaldado': False, 'crecimiento_puntuado': 33.9, 'positive_quarters': 4, 'earnings_accelerating': False, 'eps_accel_quarters': 0, 'profit_margin_pct': 7.6, 'score_bruto_sin_capar': 85.0, 'satura': False}","{'revenue_growth_yoy': 17.3, 'revenue_accelerating': True, 'rev_accel_quarters': 1}","{'rs_3m': 0.6, 'rs_6m': -1.9, 'rs_line_percentile': 16.5, 'rs_line_at_new_high': False, 'rs_line_trend': 'flat', 'rs_line_score': 15}","{'roe_pct': 23.3, 'debt_to_equity': 1.2, 'current_ratio': 0.9, 'operating_margin_pct': 15.1}","{'days_to_earnings': 'N/A', 'recommendation': 'none', 'analyst_upside_pct': 41.3}",2859.0,60586586112,Technology,Software - Application,,4.7,False,4110.0,-30.4,3,False,-3.6,4038.36,5606.68,3364.25,12.0,none,41.3,,,,,reportado,,,,,,6.55,187.26,,0.19,8.8,5.6,0.18,False,,,9,,8.4,Operating Income,6.2,194.6,38.0,2026-11-06,False,True,False,6,NEUTRAL,3.28,337.8,0.51,34.4,,,,2026-09-29T05:42:30.214798,,,,,,
RMD,ResMed Inc.,64.7,,trimestral,⭐⭐ GOOD,🟡 Good,USD,USD,False,True,True,1.0,,75.0,60.0,38.3,90.0,60.0,35.0,26.8,False,up,1.0,False,0,8.6,True,1,"{'eps_growth_yoy': 1.0, 'op_growth_yoy': -1.7, 'crecimiento_respaldado': True, 'positive_quarters': 4, 'earnings_accelerating': False, 'eps_accel_quarters': 0, 'profit_margin_pct': 26.9, 'score_bruto_sin_capar': 75.0, 'satura': False}","{'revenue_growth_yoy': 8.6, 'revenue_accelerating': True, 'rev_accel_quarters': 1}","{'rs_3m': 11.5, 'rs_6m': -20.2, 'rs_line_percentile': 26.8, 'rs_line_at_new_high': False, 'rs_line_trend': 'up', 'rs_line_score': 35}","{'roe_pct': 24.3, 'debt_to_equity': 0.13, 'current_ratio': 3.1, 'operating_margin_pct': 30.9}","{'days_to_earnings': 'N/A', 'recommendation': 'buy', 'analyst_upside_pct': 12.7}",222.1,32038436864,Healthcare,Medical Instruments & Supplies,11.4,10.6,True,284.87,-22.0,2,False,0.5,250.22,320.0,175.0,17.0,buy,12.7,320.43,44.3,,,reportado,,,,,,5.08,11.28,,1.19,23.0,2.64,0.88,True,-1.4,,9,,,,,1.7,30.0,2026-10-29,False,True,False,7,NEUTRAL,6.08,52.1,6.99,23.4,,,,2026-09-29T05:49:14.531837,,,sin histórico de múltiplo (beneficio negativo o pocos años),,,
ISRG,"Intuitive Surgical, Inc.",64.6,,trimestral,⭐⭐ GOOD,🟡 Good,USD,USD,False,True,True,1.0,,85.0,70.0,26.7,75.0,50.0,15.0,21.9,False,up,24.3,False,0,18.5,True,1,"{'eps_growth_yoy': 24.3, 'op_growth_yoy': 30.7, 'crecimiento_respaldado': True, 'positive_quarters': 4, 'earnings_accelerating': False, 'eps_accel_quarters': 0, 'profit_margin_pct': 28.4, 'score_bruto_sin_capar': 85.0, 'satura': False}","{'revenue_growth_yoy': 18.5, 'revenue_accelerating': True, 'rev_accel_quarters': 1}","{'rs_3m': 1.5, 'rs_6m': -30.2, 'rs_line_percentile': 21.9, 'rs_line_at_new_high': False, 'rs_line_trend': 'up', 'rs_line_score': 15}","{'roe_pct': 17.4, 'current_ratio': 4.96, 'operating_margin_pct': 33.6}","{'days_to_earnings': 'N/A', 'recommendation': 'none', 'analyst_upside_pct': 14.8}",414.79,148610154496,Healthcare,Medical Instruments & Supplies,2.3,3.6,False,603.88,-31.3,1,False,10.5,476.34,685.0,324.0,29.0,none,14.8,158.95,-61.7,,,reportado,,,,,,2.13,8.84,,,,,,True,-1.87,,6,solo 6 de los 9 criterios son calculables con los estados de esta empresa,,,,13.2,21.0,2026-10-20,False,True,True,4,,2.08,22.5,1.29,27.5,,,,2026-09-29T05:47:20.168270,,,sin histórico de múltiplo (beneficio negativo o pocos años),,,
UBER,"Uber Technologies, Inc.",64.5,,trimestral,⭐⭐ GOOD,🟡 Good,USD,USD,False,True,True,1.0,,85.0,70.0,24.0,65.0,70.0,15.0,0.4,False,down,76.7,True,2,12.2,True,1,"{'eps_growth_yoy': 76.7, 'op_growth_yoy': 30.3, 'crecimiento_respaldado': False, 'crecimiento_puntuado': 55.3, 'positive_quarters': 4, 'earnings_accelerating': True, 'eps_accel_quarters': 2, 'profit_margin_pct': 17.3, 'score_bruto_sin_capar': 120.0, 'satura': True}","{'revenue_growth_yoy': 12.2, 'revenue_accelerating': True, 'rev_accel_quarters': 1}","{'rs_3m': -8.3, 'rs_6m': -24.3, 'rs_line_percentile': 0.4, 'rs_line_at_new_high': False, 'rs_line_trend': 'down', 'rs_line_score': 15}","{'roe_pct': 37.2, 'debt_to_equity': 0.52, 'current_ratio': 0.84, 'operating_margin_pct': 13.3}","{'days_to_earnings': 'N/A', 'recommendation': 'buy', 'analyst_upside_pct': 47.8}",68.16,139220910080,Technology,Software - Application,2.3,2.6,False,101.295,-32.7,0,False,-6.9,100.77,150.0,70.0,47.0,buy,47.8,109.46,60.6,,,normalizado,,,,,,7.25,4.94,,,,,,True,-3.55,,9,,14.5,Operating Income,15.5,85.5,35.0,2026-11-03,False,True,False,6,NEUTRAL,3.72,118.8,0.51,26.8,,,,2026-09-29T05:51:02.379103,,,los P/E históricos se separan 3.2x la mediana: el ancla la decidiría un año suelto,tasa fiscal efectiva -45.7% — el beneficio del periodo no es representativo,,
FCNCA,"First Citizens BancShares, Inc.",64.5,,trimestral,⭐⭐ GOOD,🟡 Good,USD,USD,False,True,True,0.911,acciones × precio no cuadra (ratio 0.9110) pero la divisa sí: son clases múltiples. Se usan 11 M de acciones efectivas (capitalización ÷ precio) en vez de las 10 M declaradas,95.0,50.0,44.0,65.0,50.0,35.0,34.0,False,down,16.9,True,1,2.5,False,0,"{'eps_growth_yoy': 16.9, 'positive_quarters': 4, 'earnings_accelerating': True, 'eps_accel_quarters': 1, 'profit_margin_pct': 25.2, 'score_bruto_sin_capar': 95.0, 'satura': False}","{'revenue_growth_yoy': 2.5, 'revenue_accelerating': False, 'rev_accel_quarters': 0}","{'rs_3m': -1.8, 'rs_6m': -7.9, 'rs_line_percentile': 34.0, 'rs_line_at_new_high': False, 'rs_line_trend': 'down', 'rs_line_score': 35}","{'roe_pct': 10.7, 'operating_margin_pct': 39.0}","{'days_to_earnings': 'N/A', 'recommendation': 'hold', 'analyst_upside_pct': 11.5}",2098.23,23695562752,Financial Services,Banks - Regional,5.3,8.0,False,2296.3,-8.6,4,False,-3.2,2339.38,2525.0,2100.0,13.0,hold,11.5,,,2004.96,-4.4,reportado,múltiplo propio,4.0,1.01,True,,6.83,143.31,,0.4,4.4,8.4,0.31,True,-12.85,,7,,,,,12.4,23.0,2026-10-22,False,True,False,5,NEUTRAL,,,0.35,23.0,,,,2026-09-29T05:51:37.269467,11293120.0,"Banks - Regional: el flujo operativo son depósitos, préstamos o primas, no caja libre para el accionista",,,,
MLM,"Martin Marietta Materials, Inc.",64.3,,trimestral,⭐⭐ GOOD,🟡 Good,USD,USD,False,True,True,1.0,,65.0,90.0,24.0,70.0,70.0,15.0,3.8,False,down,-12.3,True,1,21.0,True,2,"{'eps_growth_yoy': -12.3, 'op_growth_yoy': -6.0, 'crecimiento_respaldado': True, 'positive_quarters': 4, 'earnings_accelerating': True, 'eps_accel_quarters': 1, 'profit_margin_pct': 36.7, 'score_bruto_sin_capar': 65.0, 'satura': False}","{'revenue_growth_yoy': 21.0, 'revenue_accelerating': True, 'rev_accel_quarters': 2}","{'rs_3m': -17.5, 'rs_6m': -35.9, 'rs_line_percentile': 3.8, 'rs_line_at_new_high': False, 'rs_line_trend': 'down', 'rs_line_score': 15}","{'roe_pct': 8.9, 'debt_to_equity': 0.55, 'current_ratio': 1.41, 'operating_margin_pct': 20.2}","{'days_to_earnings': 'N/A', 'recommendation': 'buy', 'analyst_upside_pct': 33.0}",490.77,34854182912,Basic Materials,Building Materials,4.6,4.0,False,710.97,-31.0,0,False,-6.8,652.71,800.0,496.0,24.0,buy,33.0,,,389.69,-20.6,reportado,múltiplo propio,4.0,0.69,False,,2.04,10.01,,0.69,21.6,3.36,0.6,False,-0.33,,9,,6.1,Operating Income,6.0,-23.2,35.0,2026-11-03,False,True,False,8,STRONG,4.07,,2.17,24.5,,,,2026-09-29T05:48:55.175894,,"el capex se lleva el 53% del flujo operativo: lo que queda no es lo que gana el dueño, es lo que sobra tras decidir invertir",,,,
AWK,"American Water Works Company, Inc.",64.0,,trimestral,⭐⭐ GOOD,🟡 Good,USD,USD,False,True,True,1.0,"FCF declarado (-1,223,000,000) se aparta del derivado de flujo operativo menos capex (-966,999,872)",95.0,70.0,24.0,55.0,50.0,15.0,15.4,False,down,9.0,True,2,6.2,True,2,"{'eps_growth_yoy': 9.0, 'op_growth_yoy': 10.8, 'crecimiento_respaldado': True, 'positive_quarters': 4, 'earnings_accelerating': True, 'eps_accel_quarters': 2, 'profit_margin_pct': 21.3, 'score_bruto_sin_capar': 95.0, 'satura': False}","{'revenue_growth_yoy': 6.2, 'revenue_accelerating': True, 'rev_accel_quarters': 2}","{'rs_3m': -4.1, 'rs_6m': -27.6, 'rs_line_percentile': 15.4, 'rs_line_at_new_high': False, 'rs_line_trend': 'down', 'rs_line_score': 15}","{'roe_pct': 10.1, 'debt_to_equity': 1.38, 'current_ratio': 0.52, 'operating_margin_pct': 40.7}","{'days_to_earnings': 'N/A', 'recommendation': 'hold', 'analyst_upside_pct': 9.7}",128.93,25622126592,Utilities,Utilities - Regulated Water,8.5,6.6,True,145.64,-11.5,4,False,-5.1,141.45,162.0,128.0,11.0,hold,9.7,,,135.62,5.2,reportado,múltiplo propio,4.0,0.37,False,,-3.77,-4.86,,2.73,58.5,3.58,2.04,False,,,9,,3.0,Operating Income,3.2,3.4,29.0,2026-10-28,False,True,False,8,STRONG,4.53,6.1,2.41,14.4,0.8,0.05,-13.6,2026-09-29T05:46:37.314225,,"el capex se lleva el 141% del flujo operativo: lo que queda no es lo que gana el dueño, es lo que sobra tras decidir invertir",,,,
HD,"The Home Depot, Inc.",63.8,,trimestral,⭐⭐ GOOD,🟡 Good,USD,USD,False,True,True,1.0,,85.0,70.0,24.0,60.0,70.0,15.0,0.0,False,down,4.7,True,2,5.7,True,2,"{'eps_growth_yoy': 4.7, 'op_growth_yoy': 4.3, 'crecimiento_respaldado': True, 'positive_quarters': 4, 'earnings_accelerating': True, 'eps_accel_quarters': 2, 'profit_margin_pct': 8.4, 'score_bruto_sin_capar': 85.0, 'satura': False}","{'revenue_growth_yoy': 5.7, 'revenue_accelerating': True, 'rev_accel_quarters': 2}","{'rs_3m': -20.0, 'rs_6m': -30.8, 'rs_line_percentile': 0.0, 'rs_line_at_new_high': False, 'rs_line_trend': 'down', 'rs_line_score': 15}","{'roe_pct': 104.3, 'debt_to_equity': 3.8, 'current_ratio': 1.08, 'operating_margin_pct': 12.9}","{'days_to_earnings': 'N/A', 'recommendation': 'buy', 'analyst_upside_pct': 30.1}",289.89,289220263936,Consumer Cyclical,Home Improvement Retail,1.2,2.6,False,410.95,-29.5,0,False,-10.7,377.19,425.0,310.0,32.0,buy,30.1,250.03,-13.8,339.43,17.1,reportado,múltiplo propio,4.0,0.37,False,,5.22,15.13,,3.18,64.8,9.32,2.41,False,0.2,,9,,8.7,Operating Income,8.8,4.6,49.0,2026-11-17,False,True,False,5,NEUTRAL,5.96,53.3,,21.5,,,,2026-09-29T05:48:27.744163,,,,,,
ADP,"Automatic Data Processing, Inc.",63.5,,trimestral,⭐⭐ GOOD,🟡 Good,USD,USD,False,True,True,1.0,,75.0,50.0,53.9,85.0,50.0,35.0,43.1,False,flat,7.5,False,0,6.8,False,0,"{'eps_growth_yoy': 7.5, 'op_growth_yoy': 4.3, 'crecimiento_respaldado': True, 'positive_quarters': 4, 'earnings_accelerating': False, 'eps_accel_quarters': 0, 'profit_margin_pct': 20.1, 'score_bruto_sin_capar': 75.0, 'satura': False}","{'revenue_growth_yoy': 6.8, 'revenue_accelerating': False, 'rev_accel_quarters': 0}","{'rs_3m': 14.9, 'rs_6m': 7.4, 'rs_line_percentile': 43.1, 'rs_line_at_new_high': False, 'rs_line_trend': 'flat', 'rs_line_score': 35}","{'roe_pct': 72.2, 'debt_to_equity': 0.91, 'current_ratio': 1.05, 'operating_margin_pct': 23.5}","{'days_to_earnings': 'N/A', 'recommendation': 'hold', 'analyst_upside_pct': 9.9}",261.8,103738654720,Technology,Software - Application,3.0,5.1,False,294.35,-11.1,5,False,-2.7,287.6,322.0,223.0,15.0,hold,9.9,296.74,13.3,269.73,3.0,reportado,múltiplo propio,3.0,0.2,True,,4.6,12.04,,2.58,60.7,6.8,2.04,True,-1.96,,9,,12.6,Operating Income,13.5,3.9,29.0,2026-10-28,False,True,False,6,NEUTRAL,5.49,162.1,1.99,21.6,0.4,0.02,-21.2,2026-09-29T05:41:39.523647,,,,,,
ORLY,"O'Reilly Automotive, Inc.",63.3,,trimestral,⭐⭐ GOOD,🟡 Good,USD,USD,False,True,True,1.0,,90.0,70.0,24.0,50.0,65.0,15.0,10.3,False,flat,7.0,True,2,8.1,True,2,"{'eps_growth_yoy': 7.0, 'op_growth_yoy': 7.8, 'crecimiento_respaldado': True, 'positive_quarters': 4, 'earnings_accelerating': True, 'eps_accel_quarters': 2, 'profit_margin_pct': 14.3, 'score_bruto_sin_capar': 90.0, 'satura': False}","{'revenue_growth_yoy': 8.1, 'revenue_accelerating': True, 'rev_accel_quarters': 2}","{'rs_3m': -8.8, 'rs_6m': -27.8, 'rs_line_percentile': 10.3, 'rs_line_at_new_high': False, 'rs_line_trend': 'flat', 'rs_line_score': 15}","{'current_ratio': 0.75, 'operating_margin_pct': 20.2}","{'days_to_earnings': 'N/A', 'recommendation': 'buy', 'analyst_upside_pct': 24.7}",86.51,69983199232,Consumer Cyclical,Auto Parts,3.2,5.0,False,108.72,-20.4,1,False,-2.2,107.88,120.0,91.0,25.0,buy,24.7,73.95,-14.5,86.23,-0.3,reportado,múltiplo propio,4.0,0.22,False,,3.03,2.62,,,,,,True,-3.44,,9,,14.4,Operating Income,14.4,10.3,29.0,2026-10-28,False,True,False,7,NEUTRAL,4.36,40.0,2.38,22.5,,,,2026-09-29T05:44:46.316709,,,,,,
ROL,"Rollins, Inc.",63.2,,trimestral,⭐⭐ GOOD,🟡 Good,USD,USD,False,True,True,1.0,,90.0,70.0,15.0,65.0,60.0,15.0,1.8,False,down,1.7,True,2,7.9,True,2,"{'eps_growth_yoy': 1.7, 'op_growth_yoy': 1.5, 'crecimiento_respaldado': True, 'positive_quarters': 4, 'earnings_accelerating': True, 'eps_accel_quarters': 2, 'profit_margin_pct': 13.6, 'score_bruto_sin_capar': 90.0, 'satura': False}","{'revenue_growth_yoy': 7.9, 'revenue_accelerating': True, 'rev_accel_quarters': 2}","{'rs_3m': -29.1, 'rs_6m': -63.6, 'rs_line_percentile': 1.8, 'rs_line_at_new_high': False, 'rs_line_trend': 'down', 'rs_line_score': 15}","{'roe_pct': 37.0, 'debt_to_equity': 0.78, 'current_ratio': 0.63, 'operating_margin_pct': 18.8}","{'days_to_earnings': 'N/A', 'recommendation': 'hold', 'analyst_upside_pct': 43.8}",30.59,14718237696,Consumer Cyclical,Personal Services,6.2,4.0,False,66.14,-53.7,0,False,-15.6,44.0,66.0,32.0,17.0,hold,43.8,39.01,27.5,,,reportado,,,,,,4.2,1.28,,2.43,64.9,0.73,1.15,False,-0.68,,9,,21.8,Operating Income,21.8,1.2,29.0,2026-10-28,False,True,False,6,NEUTRAL,4.62,131.8,1.78,31.5,,,,2026-09-29T05:41:43.627401,,,múltiplo propio 47x fuera del rango 8-45,,,
DVA,DaVita Inc.,63.0,,trimestral,⭐⭐ GOOD,🟡 Good,USD,USD,False,True,True,1.0,,85.0,60.0,35.0,60.0,65.0,35.0,45.1,False,down,33.1,True,1,5.2,True,1,"{'eps_growth_yoy': 33.1, 'op_growth_yoy': 7.6, 'crecimiento_respaldado': False, 'crecimiento_puntuado': 32.6, 'positive_quarters': 4, 'earnings_accelerating': True, 'eps_accel_quarters': 1, 'profit_margin_pct': 6.0, 'score_bruto_sin_capar': 95.0, 'satura': False}","{'revenue_growth_yoy': 5.2, 'revenue_accelerating': True, 'rev_accel_quarters': 1}","{'rs_3m': -22.7, 'rs_6m': -4.9, 'rs_line_percentile': 45.1, 'rs_line_at_new_high': False, 'rs_line_trend': 'down', 'rs_line_score': 35}","{'roe_pct': 88.5, 'debt_to_equity': 12.42, 'current_ratio': 1.47, 'operating_margin_pct': 16.1}","{'days_to_earnings': 'N/A', 'recommendation': 'buy', 'analyst_upside_pct': 23.5}",178.07,11360866304,Healthcare,Medical Care Facilities,13.2,7.2,True,247.49,-28.0,4,False,-8.3,219.86,270.0,165.0,7.0,buy,23.5,477.34,168.1,157.18,-11.7,reportado,múltiplo propio,4.0,0.19,False,,11.21,19.96,21.2,,,,,True,-14.57,,9,,3.5,Operating Income,3.5,39.1,29.0,2026-10-28,False,True,False,6,NEUTRAL,7.76,32.8,0.55,35.9,1.6,0.04,-34.3,2026-09-29T05:49:49.936659,,,,,,
SBGSY,Schneider Electric S.E.,62.8,,anual,⭐⭐ GOOD,🟡 Good,USD,EUR,True,True,True,1.0,,70.0,50.0,57.6,75.0,65.0,60.0,57.7,False,up,1.4,False,0,5.2,False,0,"{'eps_growth_yoy': 1.4, 'op_growth_yoy': 6.7, 'crecimiento_respaldado': True, 'positive_quarters': 4, 'earnings_accelerating': False, 'eps_accel_quarters': 0, 'profit_margin_pct': 11.3, 'score_bruto_sin_capar': 70.0, 'satura': False}","{'revenue_growth_yoy': 5.2, 'revenue_accelerating': False, 'rev_accel_quarters': 0}","{'rs_3m': -0.9, 'rs_6m': 8.9, 'rs_line_percentile': 57.7, 'rs_line_at_new_high': False, 'rs_line_trend': 'up', 'rs_line_score': 60}","{'roe_pct': 18.6, 'debt_to_equity': 0.84, 'current_ratio': 1.09, 'operating_margin_pct': 18.2}","{'days_to_earnings': 'N/A', 'recommendation': 'strong_buy', 'analyst_upside_pct': 19.7}",66.41,187044184064,Industrials,Specialty Industrial Machinery,,,False,71.98,-7.7,6,False,-0.4,79.47,84.0,76.0,3.0,strong_buy,19.7,43.07,-35.1,56.65,-14.7,reportado,múltiplo propio,4.0,0.52,False,,3.57,2.37,,1.47,49.7,0.98,1.78,,,,9,,,,,29.3,149.0,2027-02-25,False,True,False,6,NEUTRAL,3.45,77.8,3.62,35.3,,,,2026-09-29T05:45:50.206817,,,,,,
SPGI,S&P Global Inc.,62.6,,trimestral,⭐⭐ GOOD,🟡 Good,USD,USD,False,True,True,1.0,,85.0,60.0,26.7,65.0,70.0,15.0,3.3,False,down,13.5,False,0,10.4,False,0,"{'eps_growth_yoy': 13.5, 'op_growth_yoy': 17.2, 'crecimiento_respaldado': True, 'positive_quarters': 4, 'earnings_accelerating': False, 'eps_accel_quarters': 0, 'profit_margin_pct': 30.5, 'score_bruto_sin_capar': 85.0, 'satura': False}","{'revenue_growth_yoy': 10.4, 'revenue_accelerating': False, 'rev_accel_quarters': 0}","{'rs_3m': 0.2, 'rs_6m': -21.1, 'rs_line_percentile': 3.3, 'rs_line_at_new_high': False, 'rs_line_trend': 'down', 'rs_line_score': 15}","{'roe_pct': 14.3, 'debt_to_equity': 0.43, 'current_ratio': 0.95, 'operating_margin_pct': 44.8}","{'days_to_earnings': 'N/A', 'recommendation': 'strong_buy', 'analyst_upside_pct': 31.4}",395.92,116717223936,Financial Services,Financial Data & Stock Exchanges,2.2,3.5,False,522.46924,-24.2,1,False,-5.7,520.3,553.0,485.0,20.0,strong_buy,31.4,379.07,-4.3,539.79,36.3,reportado,múltiplo propio,3.0,0.22,True,2023-12-31,4.41,17.46,7.1,0.96,23.5,3.88,0.82,True,-3.46,,9,,21.2,Operating Income,22.7,17.7,30.0,2026-10-29,False,True,False,7,NEUTRAL,4.63,893.9,1.52,27.9,,,,2026-09-29T05:41:51.728281,,,,,,
BSX,Boston Scientific Corporation,62.6,,trimestral,⭐⭐ GOOD,🟡 Good,USD,USD,False,True,True,1.0,"FCF declarado (1,806,000,000) se aparta del derivado de flujo operativo menos capex (3,398,999,936)",80.0,60.0,26.7,75.0,70.0,15.0,1.2,False,down,13.8,False,0,7.5,True,1,"{'eps_growth_yoy': 13.8, 'op_growth_yoy': 32.1, 'crecimiento_respaldado': True, 'positive_quarters': 4, 'earnings_accelerating': False, 'eps_accel_quarters': 0, 'profit_margin_pct': 17.5, 'score_bruto_sin_capar': 80.0, 'satura': False}","{'revenue_growth_yoy': 7.5, 'revenue_accelerating': True, 'rev_accel_quarters': 1}","{'rs_3m': 0.6, 'rs_6m': -51.7, 'rs_line_percentile': 1.2, 'rs_line_at_new_high': False, 'rs_line_trend': 'down', 'rs_line_score': 15}","{'roe_pct': 15.3, 'debt_to_equity': 0.5, 'current_ratio': 1.24, 'operating_margin_pct': 22.9}","{'days_to_earnings': 'N/A', 'recommendation': 'buy', 'analyst_upside_pct': 38.3}",44.11,63925518336,Healthcare,Medical Devices,3.2,2.3,False,105.65,-58.2,0,False,-5.9,61.0,94.0,44.0,29.0,buy,38.3,78.51,78.0,,,normalizado,,,,,,5.32,2.35,,,,,,False,,,9,,12.1,Operating Income,11.6,15.1,29.0,2026-10-28,False,True,False,8,STRONG,5.21,53.7,0.43,38.2,,,,2026-09-29T05:47:24.060943,,,múltiplo propio 62x fuera del rango 8-45,tasa fiscal efectiva 5.0% — el beneficio del periodo no es representativo,,
AXP,American Express Company,62.5,,trimestral,⭐⭐ GOOD,🟡 Good,USD,USD,False,True,True,1.0,,70.0,60.0,36.0,85.0,65.0,15.0,4.0,False,down,7.8,False,0,10.0,True,1,"{'eps_growth_yoy': 7.8, 'positive_quarters': 4, 'earnings_accelerating': False, 'eps_accel_quarters': 0, 'profit_margin_pct': 16.1, 'score_bruto_sin_capar': 70.0, 'satura': False}","{'revenue_growth_yoy': 10.0, 'revenue_accelerating': True, 'rev_accel_quarters': 1}","{'rs_3m': -12.0, 'rs_6m': -18.2, 'rs_line_percentile': 4.0, 'rs_line_at_new_high': False, 'rs_line_trend': 'down', 'rs_line_score': 15}","{'roe_pct': 34.4, 'debt_to_equity': 1.72, 'current_ratio': 1.55, 'operating_margin_pct': 20.3}","{'days_to_earnings': 'N/A', 'recommendation': 'buy', 'analyst_upside_pct': 23.6}",306.33,206867644416,Financial Services,Credit Services,2.1,4.5,False,387.49,-20.9,1,False,-7.5,378.54,450.0,315.0,24.0,buy,23.6,527.13,72.1,298.32,-2.6,reportado,múltiplo propio,4.0,0.52,False,,7.76,23.77,,1.23,21.5,3.8,1.1,True,-2.86,,7,,,,,7.7,24.0,2026-10-23,False,True,False,4,NEUTRAL,,,0.95,21.5,0.4,0.02,-21.1,2026-09-29T05:46:45.233601,,,,,,
TJX,"The TJX Companies, Inc.",62.5,,trimestral,⭐⭐ GOOD,🟡 Good,USD,USD,False,True,True,1.0,,85.0,60.0,24.0,75.0,60.0,15.0,8.1,False,down,22.3,True,1,5.4,True,1,"{'eps_growth_yoy': 22.3, 'op_growth_yoy': 22.7, 'crecimiento_respaldado': True, 'positive_quarters': 4, 'earnings_accelerating': True, 'eps_accel_quarters': 1, 'profit_margin_pct': 9.7, 'score_bruto_sin_capar': 85.0, 'satura': False}","{'revenue_growth_yoy': 5.4, 'revenue_accelerating': True, 'rev_accel_quarters': 1}","{'rs_3m': -16.5, 'rs_6m': -37.6, 'rs_line_percentile': 8.1, 'rs_line_at_new_high': False, 'rs_line_trend': 'down', 'rs_line_score': 15}","{'roe_pct': 62.2, 'debt_to_equity': 1.34, 'current_ratio': 1.15, 'operating_margin_pct': 10.9}","{'days_to_earnings': 'N/A', 'recommendation': 'none', 'analyst_upside_pct': 30.4}",130.25,143271608320,Consumer Cyclical,Apparel Retail,1.7,2.2,False,170.0,-23.4,1,False,-8.6,169.8,198.0,136.0,20.0,none,30.4,153.28,17.7,148.44,14.0,reportado,múltiplo propio,4.0,0.25,False,,4.24,5.52,,1.48,32.5,1.92,1.35,False,-0.98,,9,,105.5,Operating Income,108.3,11.8,50.0,2026-11-18,False,True,False,7,NEUTRAL,4.74,35.2,1.26,21.7,,,,2026-09-29T05:46:53.094483,,,,,,
PGR,The Progressive Corporation,62.5,,trimestral,⭐⭐ GOOD,🟡 Good,USD,USD,False,True,True,1.0,"FCF declarado (10,597,000,000) se aparta del derivado de flujo operativo menos capex (15,991,000,320)",80.0,60.0,36.0,75.0,50.0,15.0,21.0,False,down,4.3,True,1,7.3,True,1,"{'eps_growth_yoy': 4.3, 'op_growth_yoy': 6.1, 'crecimiento_respaldado': True, 'positive_quarters': 4, 'earnings_accelerating': True, 'eps_accel_quarters': 1, 'profit_margin_pct': 12.8, 'score_bruto_sin_capar': 80.0, 'satura': False}","{'revenue_growth_yoy': 7.3, 'revenue_accelerating': True, 'rev_accel_quarters': 1}","{'rs_3m': -6.8, 'rs_6m': -17.6, 'rs_line_percentile': 21.0, 'rs_line_at_new_high': False, 'rs_line_trend': 'down', 'rs_line_score': 15}","{'roe_pct': 34.9, 'debt_to_equity': 0.24, 'current_ratio': 0.29, 'operating_margin_pct': 18.2}","{'days_to_earnings': 'N/A', 'recommendation': 'hold', 'analyst_upside_pct': 10.5}",209.47,121576390656,Financial Services,Insurance - Property & Casualty,1.1,3.0,False,248.17,-15.6,4,False,-2.2,231.38,302.0,198.0,21.0,hold,10.5,,,,,reportado,,,,,,13.15,27.55,,0.19,69.7,0.4,1.99,False,-0.6,,7,,50.8,EBIT,50.8,2.0,15.0,2026-10-14,False,True,True,6,NEUTRAL,11.33,,0.01,21.3,0.4,0.02,-20.9,2026-09-29T05:46:08.725611,,"Insurance - Property & Casualty: el flujo operativo son depósitos, préstamos o primas, no caja libre para el accionista",los P/E históricos se separan 4.6x la mediana: el ancla la decidiría un año suelto,,,
AZO,"AutoZone, Inc.",62.5,,trimestral,⭐⭐ GOOD,🟡 Good,USD,USD,False,True,True,1.0,,90.0,70.0,24.0,45.0,65.0,15.0,6.3,False,down,5.4,True,2,8.4,True,2,"{'eps_growth_yoy': 5.4, 'op_growth_yoy': 6.6, 'crecimiento_respaldado': True, 'positive_quarters': 4, 'earnings_accelerating': True, 'eps_accel_quarters': 2, 'profit_margin_pct': 12.7, 'score_bruto_sin_capar': 90.0, 'satura': False}","{'revenue_growth_yoy': 8.4, 'revenue_accelerating': True, 'rev_accel_quarters': 2}","{'rs_3m': -11.6, 'rs_6m': -34.6, 'rs_line_percentile': 6.3, 'rs_line_at_new_high': False, 'rs_line_trend': 'down', 'rs_line_score': 15}","{'current_ratio': 0.9, 'operating_margin_pct': 20.0}","{'days_to_earnings': 'N/A', 'recommendation': 'strong_buy', 'analyst_upside_pct': 27.3}",2913.28,47116476416,Consumer Cyclical,Auto Parts,3.5,1.6,False,4332.68,-32.8,0,False,-2.1,3708.71,4800.0,3000.0,24.0,strong_buy,27.3,2980.98,2.3,2935.57,0.8,reportado,múltiplo propio,4.0,0.54,False,,3.8,110.7,,,,,,True,-2.06,,9,,7.5,Operating Income,7.5,15.0,70.0,2026-12-08,False,True,False,6,NEUTRAL,6.05,35.2,2.07,25.5,,,,2026-09-29T05:44:15.708234,,,,,,
IT,"Gartner, Inc.",62.4,,trimestral,⭐⭐ GOOD,🟡 Good,USD,USD,False,True,True,1.0,,90.0,40.0,53.0,65.0,50.0,35.0,31.9,False,up,14.4,True,1,-0.6,True,1,"{'eps_growth_yoy': 14.4, 'op_growth_yoy': 15.9, 'crecimiento_respaldado': True, 'positive_quarters': 4, 'earnings_accelerating': True, 'eps_accel_quarters': 1, 'profit_margin_pct': 12.0, 'score_bruto_sin_capar': 90.0, 'satura': False}","{'revenue_growth_yoy': -0.6, 'revenue_accelerating': True, 'rev_accel_quarters': 1}","{'rs_3m': 40.5, 'rs_6m': -5.1, 'rs_line_percentile': 31.9, 'rs_line_at_new_high': False, 'rs_line_trend': 'up', 'rs_line_score': 35}","{'roe_pct': 113.6, 'current_ratio': 0.88, 'operating_margin_pct': 22.6}","{'days_to_earnings': 'N/A', 'recommendation': 'hold', 'analyst_upside_pct': -0.3}",185.73,11728659456,Technology,Information Technology Services,18.6,7.0,True,265.0,-29.9,4,False,4.3,185.15,229.0,150.0,13.0,hold,-0.3,366.72,97.4,352.03,89.5,reportado,múltiplo propio,4.0,0.46,False,,10.81,20.08,,,,,,True,-13.93,,9,,8.8,Operating Income,8.2,13.2,35.0,2026-11-03,False,True,False,6,NEUTRAL,8.66,274.6,,60.0,,,,2026-09-29T05:45:42.434048,,,,,,
NOW,"ServiceNow, Inc.",62.3,,trimestral,⭐⭐ GOOD,🟡 Good,USD,USD,False,True,True,1.0,,50.0,90.0,56.6,50.0,60.0,35.0,31.9,False,up,-22.6,False,0,24.0,True,2,"{'eps_growth_yoy': -22.6, 'op_growth_yoy': -54.7, 'crecimiento_respaldado': True, 'positive_quarters': 4, 'earnings_accelerating': False, 'eps_accel_quarters': 0, 'profit_margin_pct': 11.3, 'score_bruto_sin_capar': 50.0, 'satura': False}","{'revenue_growth_yoy': 24.0, 'revenue_accelerating': True, 'rev_accel_quarters': 2}","{'rs_3m': 29.6, 'rs_6m': 3.5, 'rs_line_percentile': 31.9, 'rs_line_at_new_high': False, 'rs_line_trend': 'up', 'rs_line_score': 35}","{'roe_pct': 14.2, 'debt_to_equity': 0.68, 'current_ratio': 0.7, 'operating_margin_pct': 4.1}","{'days_to_earnings': 'N/A', 'recommendation': 'strong_buy', 'analyst_upside_pct': 10.3}",131.45,135901159424,Technology,Software - Application,2.8,1.7,False,192.966,-31.9,4,False,4.0,144.99,248.0,72.0,46.0,strong_buy,10.3,109.79,-16.5,,,reportado,,,,,,3.24,4.26,,,,,,True,-1.05,,9,,20.2,Operating Income,29.3,-21.9,29.0,2026-10-28,False,True,False,4,NEUTRAL,1.31,58.4,0.88,53.5,,,,2026-09-29T05:44:57.538963,,,los P/E históricos se separan 1.7x la mediana: el ancla la decidiría un año suelto,,,
BN,Brookfield Corporation,62.0,,trimestral,⭐⭐ GOOD,🟡 Good,USD,USD,False,True,True,1.0,"FCF declarado (-9,413,000,000) se aparta del derivado de flujo operativo menos capex (-5,409,000,448)",85.0,60.0,24.0,65.0,70.0,15.0,0.0,False,down,33.8,True,1,7.3,True,1,"{'eps_growth_yoy': 33.8, 'op_growth_yoy': 7.2, 'crecimiento_respaldado': False, 'crecimiento_puntuado': 32.2, 'positive_quarters': 4, 'earnings_accelerating': True, 'eps_accel_quarters': 1, 'profit_margin_pct': 1.8, 'score_bruto_sin_capar': 95.0, 'satura': False}","{'revenue_growth_yoy': 7.3, 'revenue_accelerating': True, 'rev_accel_quarters': 1}","{'rs_3m': -17.5, 'rs_6m': -27.8, 'rs_line_percentile': 0.0, 'rs_line_at_new_high': False, 'rs_line_trend': 'down', 'rs_line_score': 15}","{'roe_pct': 2.3, 'debt_to_equity': 1.61, 'current_ratio': 1.01, 'operating_margin_pct': 25.7}","{'days_to_earnings': 'N/A', 'recommendation': 'buy', 'analyst_upside_pct': 50.0}",36.27,80967393280,Financial Services,Asset Management,,5.2,False,49.57,-26.8,0,False,-11.3,54.4,61.0,31.0,10.0,buy,50.0,,,,,reportado,,,,,,-6.68,-2.42,,0.76,48.2,0.28,0.85,False,-0.27,,9,,1.0,Operating Income,1.3,40.3,44.0,2026-11-12,False,True,False,6,NEUTRAL,3.93,10.9,,21.1,,,,2026-09-29T05:50:54.782168,,"el capex se lleva el 158% del flujo operativo: lo que queda no es lo que gana el dueño, es lo que sobra tras decidir invertir",los P/E históricos se separan 1.8x la mediana: el ancla la decidiría un año suelto,,,
YUM,"Yum! Brands, Inc.",61.8,,trimestral,⭐⭐ GOOD,🟡 Good,USD,USD,False,True,True,1.0,,85.0,70.0,24.0,50.0,65.0,15.0,3.3,False,down,128.1,True,1,12.3,True,1,"{'eps_growth_yoy': 128.1, 'op_growth_yoy': 9.6, 'crecimiento_respaldado': False, 'crecimiento_puntuado': 34.6, 'positive_quarters': 4, 'earnings_accelerating': True, 'eps_accel_quarters': 1, 'profit_margin_pct': 25.4, 'score_bruto_sin_capar': 105.0, 'satura': True}","{'revenue_growth_yoy': 12.3, 'revenue_accelerating': True, 'rev_accel_quarters': 1}","{'rs_3m': -15.8, 'rs_6m': -31.4, 'rs_line_percentile': 3.3, 'rs_line_at_new_high': False, 'rs_line_trend': 'down', 'rs_line_score': 15}","{'current_ratio': 0.59, 'operating_margin_pct': 32.8}","{'days_to_earnings': 'N/A', 'recommendation': 'buy', 'analyst_upside_pct': 25.5}",138.28,37736763392,Consumer Cyclical,Restaurants,4.1,4.3,False,170.14,-18.7,1,False,-5.9,173.56,200.0,147.0,22.0,buy,25.5,173.07,25.2,152.59,10.3,normalizado,múltiplo propio,4.0,0.19,False,,4.54,6.28,,2.16,36.8,3.0,1.81,True,-1.42,,9,,5.2,Operating Income,5.3,92.1,35.0,2026-11-03,False,True,False,5,NEUTRAL,5.01,75.7,2.98,28.1,1.6,0.06,-26.5,2026-09-29T05:47:28.110939,,,,tasa fiscal efectiva -0.9% — el beneficio del periodo no es representativo,,
RSG,"Republic Services, Inc.",61.8,,trimestral,⭐⭐ GOOD,🟡 Good,USD,USD,False,True,True,1.0,,80.0,70.0,24.0,60.0,65.0,15.0,15.0,False,down,2.9,True,1,4.6,True,2,"{'eps_growth_yoy': 2.9, 'op_growth_yoy': 4.0, 'crecimiento_respaldado': True, 'positive_quarters': 4, 'earnings_accelerating': True, 'eps_accel_quarters': 1, 'profit_margin_pct': 12.9, 'score_bruto_sin_capar': 80.0, 'satura': False}","{'revenue_growth_yoy': 4.6, 'revenue_accelerating': True, 'rev_accel_quarters': 2}","{'rs_3m': -2.6, 'rs_6m': -25.2, 'rs_line_percentile': 15.0, 'rs_line_at_new_high': False, 'rs_line_trend': 'down', 'rs_line_score': 15}","{'roe_pct': 18.2, 'debt_to_equity': 1.19, 'current_ratio': 0.64, 'operating_margin_pct': 20.4}","{'days_to_earnings': 'N/A', 'recommendation': 'buy', 'analyst_upside_pct': 15.5}",212.93,65201930240,Industrials,Waste Management,2.5,3.3,False,233.42,-8.8,4,False,-2.1,245.92,272.0,208.0,24.0,buy,15.5,243.62,14.4,210.97,-0.9,reportado,múltiplo propio,4.0,0.14,False,,4.07,8.67,,1.26,35.4,2.68,1.21,True,-1.85,,9,,5.7,Operating Income,5.3,3.6,30.0,2026-10-29,False,True,False,6,NEUTRAL,4.18,25.9,1.96,14.5,,,,2026-09-29T05:42:15.403890,,,,,,
FDS,FactSet Research Systems Inc.,61.7,,trimestral,⭐⭐ GOOD,🟡 Good,USD,USD,False,True,True,1.0,,65.0,60.0,58.7,70.0,50.0,35.0,48.1,False,flat,-14.7,True,1,6.4,True,1,"{'eps_growth_yoy': -14.7, 'op_growth_yoy': -14.3, 'crecimiento_respaldado': True, 'positive_quarters': 4, 'earnings_accelerating': True, 'eps_accel_quarters': 1, 'profit_margin_pct': 23.2, 'score_bruto_sin_capar': 65.0, 'satura': False}","{'revenue_growth_yoy': 6.4, 'revenue_accelerating': True, 'rev_accel_quarters': 1}","{'rs_3m': 14.0, 'rs_6m': 10.2, 'rs_line_percentile': 48.1, 'rs_line_at_new_high': False, 'rs_line_trend': 'flat', 'rs_line_score': 35}","{'roe_pct': 27.0, 'debt_to_equity': 0.77, 'current_ratio': 0.68, 'operating_margin_pct': 30.5}","{'days_to_earnings': 'N/A', 'recommendation': 'hold', 'analyst_upside_pct': 0.9}",267.67,9519830016,Financial Services,Financial Data & Stock Exchanges,12.4,4.2,True,320.48,-16.5,5,False,-4.5,270.0,340.0,210.0,16.0,hold,0.9,581.15,117.1,480.08,79.4,reportado,múltiplo propio,4.0,0.52,False,,7.57,20.26,,1.7,29.4,4.64,1.04,True,-6.44,,9,,13.6,Operating Income,14.1,-3.8,1.0,2026-09-30,True,True,False,6,NEUTRAL,6.94,180.1,0.91,44.6,0.8,0.02,-43.8,2026-09-29T05:46:01.208769,,,,,,True
MSCI,MSCI Inc.,61.7,,trimestral,⭐⭐ GOOD,🟡 Good,USD,USD,False,True,True,1.0,,85.0,60.0,36.0,50.0,65.0,15.0,0.0,False,down,12.6,False,0,12.2,False,0,"{'eps_growth_yoy': 12.6, 'op_growth_yoy': 14.6, 'crecimiento_respaldado': True, 'positive_quarters': 4, 'earnings_accelerating': False, 'eps_accel_quarters': 0, 'profit_margin_pct': 40.7, 'score_bruto_sin_capar': 85.0, 'satura': False}","{'revenue_growth_yoy': 12.2, 'revenue_accelerating': False, 'rev_accel_quarters': 0}","{'rs_3m': -5.5, 'rs_6m': -19.0, 'rs_line_percentile': 0.0, 'rs_line_at_new_high': False, 'rs_line_trend': 'down', 'rs_line_score': 15}","{'current_ratio': 0.89, 'operating_margin_pct': 56.3}","{'days_to_earnings': 'N/A', 'recommendation': 'strong_buy', 'analyst_upside_pct': 27.5}",542.72,39455739904,Financial Services,Financial Data & Stock Exchanges,2.2,2.7,False,644.77,-15.8,3,False,-3.6,692.06,760.0,570.0,17.0,strong_buy,27.5,407.19,-25.0,726.95,33.9,reportado,múltiplo propio,4.0,0.14,False,,3.8,20.62,,1.49,42.1,8.2,1.01,True,-5.93,,9,,7.2,Operating Income,7.2,19.6,21.0,2026-10-20,False,True,True,8,STRONG,3.75,856.0,1.78,22.6,,,,2026-09-29T05:42:45.676571,,,,,,
BR,"Broadridge Financial Solutions, Inc.",61.6,,trimestral,⭐⭐ GOOD,🟡 Good,USD,USD,False,True,True,1.0,,80.0,50.0,30.3,80.0,70.0,15.0,17.9,False,up,6.4,True,1,7.5,False,0,"{'eps_growth_yoy': 6.4, 'op_growth_yoy': 9.5, 'crecimiento_respaldado': True, 'positive_quarters': 4, 'earnings_accelerating': True, 'eps_accel_quarters': 1, 'profit_margin_pct': 15.0, 'score_bruto_sin_capar': 80.0, 'satura': False}","{'revenue_growth_yoy': 7.5, 'revenue_accelerating': False, 'rev_accel_quarters': 0}","{'rs_3m': 16.9, 'rs_6m': -20.8, 'rs_line_percentile': 17.9, 'rs_line_at_new_high': False, 'rs_line_trend': 'up', 'rs_line_score': 15}","{'roe_pct': 40.9, 'debt_to_equity': 1.24, 'current_ratio': 1.24, 'operating_margin_pct': 24.6}","{'days_to_earnings': 'N/A', 'recommendation': 'buy', 'analyst_upside_pct': 31.0}",162.92,18576431104,Technology,Information Technology Services,2.9,2.6,False,238.73,-31.8,0,False,-2.2,213.38,250.0,176.0,8.0,buy,31.0,249.04,52.9,294.66,80.9,reportado,múltiplo propio,4.0,0.62,False,,6.64,10.82,,2.66,40.6,4.36,1.69,True,-2.28,,9,,11.6,Operating Income,13.9,5.9,35.0,2026-11-03,False,True,False,8,STRONG,6.0,176.7,0.64,24.5,1.6,0.06,-22.9,2026-09-29T05:42:26.565594,,,,,,
QSR,Restaurant Brands International Inc.,61.5,,trimestral,⭐⭐ GOOD,🟡 Good,USD,USD,False,True,True,0.7613,acciones × precio no cuadra (ratio 0.7613) pero la divisa sí: son clases múltiples. Se usan 458 M de acciones efectivas (capitalización ÷ precio) en vez de las 349 M declaradas,85.0,60.0,24.0,65.0,65.0,15.0,3.7,False,down,166.8,True,2,4.6,True,1,"{'eps_growth_yoy': 166.8, 'op_growth_yoy': 8.4, 'crecimiento_respaldado': False, 'crecimiento_puntuado': 33.4, 'positive_quarters': 4, 'earnings_accelerating': True, 'eps_accel_quarters': 2, 'profit_margin_pct': 13.1, 'score_bruto_sin_capar': 110.0, 'satura': True}","{'revenue_growth_yoy': 4.6, 'revenue_accelerating': True, 'rev_accel_quarters': 1}","{'rs_3m': -3.4, 'rs_6m': -23.2, 'rs_line_percentile': 3.7, 'rs_line_at_new_high': False, 'rs_line_trend': 'down', 'rs_line_score': 15}","{'roe_pct': 34.8, 'debt_to_equity': 2.9, 'current_ratio': 1.01, 'operating_margin_pct': 27.7}","{'days_to_earnings': 'N/A', 'recommendation': 'buy', 'analyst_upside_pct': 20.7}",71.43,32722866176,Consumer Cyclical,Restaurants,6.3,7.0,False,81.96,-12.8,4,False,-4.8,86.25,104.0,79.0,24.0,buy,20.7,49.61,-30.5,108.2,51.5,reportado,múltiplo propio,4.0,0.49,False,,3.59,2.56,26.2,3.63,63.8,2.6,3.41,False,0.66,,9,,5.2,Operating Income,5.2,151.2,30.0,2026-10-29,False,True,False,6,NEUTRAL,6.08,58.5,,23.6,1.6,0.07,-22.0,2026-09-29T05:50:58.601946,458110964.0,,,,,
MCD,McDonald's Corporation,61.5,,trimestral,⭐⭐ GOOD,🟡 Good,USD,USD,False,True,True,1.0,,85.0,60.0,24.0,65.0,65.0,15.0,0.0,False,down,4.8,True,1,3.8,True,1,"{'eps_growth_yoy': 4.8, 'op_growth_yoy': 1.3, 'crecimiento_respaldado': True, 'positive_quarters': 4, 'earnings_accelerating': True, 'eps_accel_quarters': 1, 'profit_margin_pct': 31.7, 'score_bruto_sin_capar': 85.0, 'satura': False}","{'revenue_growth_yoy': 3.8, 'revenue_accelerating': True, 'rev_accel_quarters': 1}","{'rs_3m': -15.7, 'rs_6m': -45.0, 'rs_line_percentile': 0.0, 'rs_line_at_new_high': False, 'rs_line_trend': 'down', 'rs_line_score': 15}","{'current_ratio': 1.08, 'operating_margin_pct': 46.5}","{'days_to_earnings': 'N/A', 'recommendation': 'buy', 'analyst_upside_pct': 28.1}",233.6,165305073664,Consumer Cyclical,Restaurants,1.9,2.8,False,341.75,-31.6,0,False,-10.4,299.21,390.0,230.0,29.0,buy,28.1,302.62,29.5,301.02,28.9,reportado,múltiplo propio,4.0,0.2,False,,4.83,11.28,,3.26,59.7,7.72,2.24,False,-0.91,,9,,7.8,Operating Income,7.9,4.0,37.0,2026-11-05,False,True,False,6,NEUTRAL,5.66,28.9,1.32,22.1,,,,2026-09-29T05:44:27.635657,,,,,,
VRSN,"VeriSign, Inc.",60.8,,trimestral,⭐⭐ GOOD,🟡 Good,USD,USD,False,True,True,1.0,,75.0,60.0,46.7,50.0,65.0,35.0,49.6,False,flat,4.4,False,0,6.0,True,1,"{'eps_growth_yoy': 4.4, 'op_growth_yoy': 5.6, 'crecimiento_respaldado': True, 'positive_quarters': 4, 'earnings_accelerating': False, 'eps_accel_quarters': 0, 'profit_margin_pct': 49.8, 'score_bruto_sin_capar': 75.0, 'satura': False}","{'revenue_growth_yoy': 6.0, 'revenue_accelerating': True, 'rev_accel_quarters': 1}","{'rs_3m': 9.7, 'rs_6m': -8.2, 'rs_line_percentile': 49.6, 'rs_line_at_new_high': False, 'rs_line_trend': 'flat', 'rs_line_score': 35}","{'current_ratio': 0.59, 'operating_margin_pct': 68.2}","{'days_to_earnings': 'N/A', 'recommendation': 'buy', 'analyst_upside_pct': 15.0}",282.07,25499127808,Technology,Software - Infrastructure,2.2,3.0,False,312.48,-9.7,6,False,-1.9,324.4,355.0,285.0,5.0,buy,15.0,320.71,13.7,244.11,-13.5,reportado,múltiplo propio,4.0,0.26,False,,4.23,11.93,,1.13,34.3,3.24,,True,-3.09,,9,,15.3,Operating Income,15.5,7.7,23.0,2026-10-22,False,True,False,8,STRONG,4.19,501.6,2.1,24.3,,,,2026-09-29T05:42:22.831865,,,,,,
SGSOY,SGS SA,60.5,,anual,⭐⭐ GOOD,🟡 Good,USD,CHF,True,True,True,1.0,"FCF declarado (907,190,303) se aparta del derivado de flujo operativo menos capex (1,284,329,119)",95.0,50.0,36.0,45.0,55.0,15.0,9.2,False,down,15.0,True,2,2.2,False,0,"{'eps_growth_yoy': 15.0, 'op_growth_yoy': 5.5, 'crecimiento_respaldado': True, 'positive_quarters': 4, 'earnings_accelerating': True, 'eps_accel_quarters': 2, 'profit_margin_pct': 9.2, 'score_bruto_sin_capar': 95.0, 'satura': False}","{'revenue_growth_yoy': 2.2, 'revenue_accelerating': False, 'rev_accel_quarters': 0}","{'rs_3m': -4.9, 'rs_6m': -9.2, 'rs_line_percentile': 9.2, 'rs_line_at_new_high': False, 'rs_line_trend': 'down', 'rs_line_score': 15}","{'roe_pct': 76.3, 'debt_to_equity': 4.64, 'current_ratio': 0.95, 'operating_margin_pct': 13.1}","{'days_to_earnings': 'N/A', 'recommendation': 'none', 'analyst_upside_pct': 23.7}",11.32,22368284672,Industrials,Consulting Services,,,False,12.76,-11.3,4,False,-1.9,14.0,14.0,14.0,1.0,none,23.7,16.05,41.8,11.53,1.9,reportado,múltiplo propio,4.0,0.19,False,,5.74,0.65,,3.57,95.7,0.41,3.54,,,,9,,,,,-1.8,,,False,False,False,5,NEUTRAL,3.62,37.7,4.31,13.5,,,,2026-09-29T05:48:12.503936,,,,,,
CME,CME Group Inc.,60.4,,trimestral,⭐⭐ GOOD,🟡 Good,USD,USD,False,True,True,1.0,,75.0,50.0,38.3,85.0,50.0,35.0,27.9,False,up,1.6,False,0,0.8,False,0,"{'eps_growth_yoy': 1.6, 'op_growth_yoy': -2.0, 'crecimiento_respaldado': True, 'positive_quarters': 4, 'earnings_accelerating': False, 'eps_accel_quarters': 0, 'profit_margin_pct': 63.4, 'score_bruto_sin_capar': 75.0, 'satura': False}","{'revenue_growth_yoy': 0.8, 'revenue_accelerating': False, 'rev_accel_quarters': 0}","{'rs_3m': 17.0, 'rs_6m': -32.4, 'rs_line_percentile': 27.9, 'rs_line_at_new_high': False, 'rs_line_trend': 'up', 'rs_line_score': 35}","{'roe_pct': 15.8, 'debt_to_equity': 0.15, 'current_ratio': 1.02, 'operating_margin_pct': 65.0}","{'days_to_earnings': 'N/A', 'recommendation': 'hold', 'analyst_upside_pct': 7.7}",263.24,94655643648,Financial Services,Financial Data & Stock Exchanges,1.8,3.0,False,329.16,-20.0,3,False,-1.9,283.6,330.0,230.0,15.0,hold,7.7,345.64,31.3,256.97,-2.4,reportado,múltiplo propio,4.0,0.18,False,,4.46,11.74,,1.97,95.4,5.2,3.59,False,0.26,,9,,25.2,Operating Income,33.0,1.0,22.0,2026-10-21,False,True,False,6,NEUTRAL,4.39,78.0,1.39,22.7,,,,2026-09-29T05:42:11.648696,,,,,,
WCN,"Waste Connections, Inc.",60.3,,trimestral,⭐⭐ GOOD,🟡 Good,USD,USD,False,True,True,1.0,,80.0,70.0,24.0,50.0,65.0,15.0,9.9,False,down,2.1,True,1,6.4,True,2,"{'eps_growth_yoy': 2.1, 'op_growth_yoy': 7.0, 'crecimiento_respaldado': True, 'positive_quarters': 4, 'earnings_accelerating': True, 'eps_accel_quarters': 1, 'profit_margin_pct': 10.9, 'score_bruto_sin_capar': 80.0, 'satura': False}","{'revenue_growth_yoy': 6.4, 'revenue_accelerating': True, 'rev_accel_quarters': 2}","{'rs_3m': -8.9, 'rs_6m': -24.9, 'rs_line_percentile': 9.9, 'rs_line_at_new_high': False, 'rs_line_trend': 'down', 'rs_line_score': 15}","{'roe_pct': 13.0, 'debt_to_equity': 1.22, 'current_ratio': 0.66, 'operating_margin_pct': 19.7}","{'days_to_earnings': 'N/A', 'recommendation': 'strong_buy', 'analyst_upside_pct': 29.4}",156.16,39285055488,Industrials,Waste Management,1.6,3.6,False,179.74,-13.1,2,False,-4.9,202.04,220.0,162.0,25.0,strong_buy,29.4,153.18,-1.9,172.85,10.7,reportado,múltiplo propio,3.0,0.23,True,2024-12-31,3.36,5.25,,0.9,33.0,1.4,0.69,True,-1.98,,9,,5.4,Operating Income,5.0,4.4,21.0,2026-10-20,False,True,True,6,NEUTRAL,3.72,20.1,2.85,12.9,,,,2026-09-29T05:41:15.805935,,,,,,
TYL,"Tyler Technologies, Inc.",60.1,,trimestral,⭐⭐ GOOD,🟡 Good,USD,USD,False,True,True,1.0,,80.0,50.0,26.7,75.0,70.0,15.0,12.1,False,flat,10.5,False,0,8.2,False,0,"{'eps_growth_yoy': 10.5, 'op_growth_yoy': -0.5, 'crecimiento_respaldado': True, 'positive_quarters': 4, 'earnings_accelerating': False, 'eps_accel_quarters': 0, 'profit_margin_pct': 13.4, 'score_bruto_sin_capar': 80.0, 'satura': False}","{'revenue_growth_yoy': 8.2, 'revenue_accelerating': False, 'rev_accel_quarters': 0}","{'rs_3m': 8.0, 'rs_6m': -26.8, 'rs_line_percentile': 12.1, 'rs_line_at_new_high': False, 'rs_line_trend': 'flat', 'rs_line_score': 15}","{'roe_pct': 9.7, 'debt_to_equity': 0.48, 'current_ratio': 1.55, 'operating_margin_pct': 14.7}","{'days_to_earnings': 'N/A', 'recommendation': 'buy', 'analyst_upside_pct': 31.1}",324.02,13269354496,Technology,Software - Application,9.6,3.5,True,526.48,-38.5,0,False,-3.0,424.77,525.0,335.0,22.0,buy,31.1,429.12,32.4,,,reportado,,,,,,5.26,17.04,,,,,,True,-4.72,,9,,56.4,Operating Income,65.3,15.5,29.0,2026-10-28,False,True,False,8,STRONG,2.6,125.8,0.92,36.7,1.6,0.04,-35.1,2026-09-29T05:43:30.126197,,,múltiplo propio 89x fuera del rango 8-45,,,
DPZ,"Domino's Pizza, Inc.",60.0,,trimestral,⭐⭐ GOOD,🟡 Good,USD,USD,False,True,True,1.0,,80.0,60.0,24.0,65.0,65.0,15.0,1.1,False,down,3.6,True,1,4.3,True,1,"{'eps_growth_yoy': 3.6, 'op_growth_yoy': 3.1, 'crecimiento_respaldado': True, 'positive_quarters': 4, 'earnings_accelerating': True, 'eps_accel_quarters': 1, 'profit_margin_pct': 11.9, 'score_bruto_sin_capar': 80.0, 'satura': False}","{'revenue_growth_yoy': 4.3, 'revenue_accelerating': True, 'rev_accel_quarters': 1}","{'rs_3m': -3.4, 'rs_6m': -37.9, 'rs_line_percentile': 1.1, 'rs_line_at_new_high': False, 'rs_line_trend': 'down', 'rs_line_score': 15}","{'current_ratio': 1.54, 'operating_margin_pct': 19.1}","{'days_to_earnings': 'N/A', 'recommendation': 'buy', 'analyst_upside_pct': 29.3}",292.27,9668798464,Consumer Cyclical,Restaurants,11.2,4.0,True,442.35,-33.9,0,False,-11.8,377.89,450.0,270.0,27.0,buy,29.3,400.8,37.1,444.3,52.0,reportado,múltiplo propio,4.0,0.14,False,,6.8,19.87,,2.72,42.3,7.96,1.25,True,-3.15,,9,,4.9,Operating Income,4.9,4.8,14.0,2026-10-13,False,True,True,8,STRONG,6.49,106.0,1.17,35.6,,,,2026-09-29T05:50:39.891819,,,,,,
CP,Canadian Pacific Kansas City Limited,60.0,,trimestral,⭐⭐ GOOD,🟡 Good,USD,CAD,True,True,True,1.0,"FCF declarado (2,403,000,000) se aparta del derivado de flujo operativo menos capex (735,723,274)",65.0,70.0,44.0,55.0,60.0,35.0,39.0,False,down,-17.0,True,1,12.6,True,1,"{'eps_growth_yoy': -17.0, 'op_growth_yoy': 9.6, 'crecimiento_respaldado': True, 'positive_quarters': 4, 'earnings_accelerating': True, 'eps_accel_quarters': 1, 'profit_margin_pct': 25.0, 'score_bruto_sin_capar': 65.0, 'satura': False}","{'revenue_growth_yoy': 12.6, 'revenue_accelerating': True, 'rev_accel_quarters': 1}","{'rs_3m': -2.7, 'rs_6m': -9.6, 'rs_line_percentile': 39.0, 'rs_line_at_new_high': False, 'rs_line_trend': 'down', 'rs_line_score': 35}","{'roe_pct': 8.2, 'debt_to_equity': 0.53, 'current_ratio': 0.59, 'operating_margin_pct': 39.0}","{'days_to_earnings': 'N/A', 'recommendation': 'buy', 'analyst_upside_pct': 14.1}",86.56,76093095936,Industrials,Railroads,2.3,10.5,False,96.9,-10.7,4,False,-4.7,98.76,108.22,74.14,13.0,buy,14.1,,,55.14,-36.3,reportado,múltiplo propio,4.0,0.17,False,,0.97,0.84,,0.87,22.1,0.76,0.76,True,-4.08,,9,,6.2,Operating Income,6.6,-13.5,29.0,2026-10-28,False,True,False,7,NEUTRAL,5.51,10.4,3.3,20.9,1.6,0.07,-19.3,2026-09-29T05:46:56.786060,,"el capex se lleva el 81% del flujo operativo: lo que queda no es lo que gana el dueño, es lo que sobra tras decidir invertir",,,,
CB,Chubb Limited,60.0,,trimestral,⭐⭐ GOOD,🟡 Good,USD,USD,False,True,True,1.0,,60.0,70.0,44.0,65.0,60.0,35.0,28.6,False,down,-3.8,True,1,7.2,True,2,"{'eps_growth_yoy': -3.8, 'op_growth_yoy': -1.9, 'crecimiento_respaldado': True, 'positive_quarters': 4, 'earnings_accelerating': True, 'eps_accel_quarters': 1, 'profit_margin_pct': 18.1, 'score_bruto_sin_capar': 60.0, 'satura': False}","{'revenue_growth_yoy': 7.2, 'revenue_accelerating': True, 'rev_accel_quarters': 2}","{'rs_3m': -5.2, 'rs_6m': -19.3, 'rs_line_percentile': 28.6, 'rs_line_at_new_high': False, 'rs_line_trend': 'down', 'rs_line_score': 35}","{'roe_pct': 14.8, 'debt_to_equity': 0.31, 'current_ratio': 0.41, 'operating_margin_pct': 23.5}","{'days_to_earnings': 'N/A', 'recommendation': 'buy', 'analyst_upside_pct': 10.4}",331.37,127842500608,Financial Services,Insurance - Property & Casualty,0.9,2.3,False,365.91,-9.4,4,False,-3.6,365.91,425.0,306.0,23.0,buy,10.4,,,338.66,2.2,reportado,múltiplo propio,4.0,0.58,False,,8.2,27.17,,1.22,13.9,4.08,1.43,True,-3.11,,7,,18.9,EBIT,18.9,-0.5,28.0,2026-10-27,False,True,False,6,NEUTRAL,9.18,,0.41,14.2,,,,2026-09-29T05:45:57.329709,,"Insurance - Property & Casualty: el flujo operativo son depósitos, préstamos o primas, no caja libre para el accionista",,,,
CRH,CRH plc,59.6,,trimestral,⭐ AVERAGE,🟡 Average,USD,USD,False,True,True,1.0,,78.0,60.0,15.0,75.0,70.0,15.0,0.0,False,down,12.6,True,1,5.6,True,1,"{'eps_growth_yoy': 12.6, 'op_growth_yoy': 6.3, 'crecimiento_respaldado': True, 'positive_quarters': 3, 'earnings_accelerating': True, 'eps_accel_quarters': 1, 'profit_margin_pct': 9.9, 'score_bruto_sin_capar': 78.0, 'satura': False}","{'revenue_growth_yoy': 5.6, 'revenue_accelerating': True, 'rev_accel_quarters': 1}","{'rs_3m': -24.2, 'rs_6m': -39.0, 'rs_line_percentile': 0.0, 'rs_line_at_new_high': False, 'rs_line_trend': 'down', 'rs_line_score': 15}","{'roe_pct': 15.8, 'debt_to_equity': 0.78, 'current_ratio': 1.58, 'operating_margin_pct': 19.0}","{'days_to_earnings': 'N/A', 'recommendation': 'strong_buy', 'analyst_upside_pct': 59.0}",83.75,55717576704,Basic Materials,Building Materials,2.0,2.7,False,131.55,-36.3,0,False,-10.9,133.17,165.0,105.0,24.0,strong_buy,59.0,,,93.58,11.7,reportado,múltiplo propio,4.0,0.9,False,,4.86,4.07,,1.83,26.9,1.56,2.17,True,-1.31,,9,,6.4,Operating Income,7.0,13.9,30.0,2026-10-29,False,True,False,6,NEUTRAL,7.19,16.2,4.42,27.2,0.4,0.01,-26.8,2026-09-29T05:48:51.363157,,"el capex se lleva el 50% del flujo operativo: lo que queda no es lo que gana el dueño, es lo que sobra tras decidir invertir",,,,
ATO,Atmos Energy Corporation,59.5,,trimestral,⭐ AVERAGE,🟡 Average,USD,USD,False,True,True,1.0,"FCF declarado (-2,020,303,000) se aparta del derivado de flujo operativo menos capex (-1,541,808,984)",95.0,50.0,24.0,55.0,55.0,15.0,1.9,False,down,30.2,False,0,4.8,False,0,"{'eps_growth_yoy': 30.2, 'op_growth_yoy': 27.1, 'crecimiento_respaldado': True, 'positive_quarters': 4, 'earnings_accelerating': False, 'eps_accel_quarters': 0, 'profit_margin_pct': 28.5, 'score_bruto_sin_capar': 95.0, 'satura': False}","{'revenue_growth_yoy': 4.8, 'revenue_accelerating': False, 'rev_accel_quarters': 0}","{'rs_3m': -11.1, 'rs_6m': -35.9, 'rs_line_percentile': 1.9, 'rs_line_at_new_high': False, 'rs_line_trend': 'down', 'rs_line_score': 15}","{'roe_pct': 9.8, 'debt_to_equity': 0.68, 'current_ratio': 0.81, 'operating_margin_pct': 37.2}","{'days_to_earnings': 'N/A', 'recommendation': 'hold', 'analyst_upside_pct': 18.1}",157.05,26539653120,Utilities,Utilities - Regulated Gas,2.9,4.8,False,192.51,-18.4,2,False,-6.4,185.55,206.0,170.0,11.0,hold,18.1,,,150.48,-4.2,reportado,múltiplo propio,4.0,0.35,False,,-5.81,-9.12,,2.54,46.1,4.0,2.39,False,,,9,,12.8,Operating Income,13.3,9.3,36.0,2026-11-04,False,True,False,6,NEUTRAL,4.29,6.1,1.74,10.7,,,,2026-09-29T05:47:46.724446,,"el capex se lleva el 176% del flujo operativo: lo que queda no es lo que gana el dueño, es lo que sobra tras decidir invertir",,,,
WM,"Waste Management, Inc.",59.5,,trimestral,⭐ AVERAGE,🟡 Average,USD,USD,False,True,True,1.0,,80.0,70.0,24.0,45.0,65.0,15.0,2.0,False,down,8.1,True,1,4.0,True,2,"{'eps_growth_yoy': 8.1, 'op_growth_yoy': 6.9, 'crecimiento_respaldado': True, 'positive_quarters': 4, 'earnings_accelerating': True, 'eps_accel_quarters': 1, 'profit_margin_pct': 11.1, 'score_bruto_sin_capar': 80.0, 'satura': False}","{'revenue_growth_yoy': 4.0, 'revenue_accelerating': True, 'rev_accel_quarters': 2}","{'rs_3m': -9.7, 'rs_6m': -31.2, 'rs_line_percentile': 2.0, 'rs_line_at_new_high': False, 'rs_line_trend': 'down', 'rs_line_score': 15}","{'roe_pct': 29.8, 'debt_to_equity': 2.35, 'current_ratio': 0.91, 'operating_margin_pct': 19.0}","{'days_to_earnings': 'N/A', 'recommendation': 'buy', 'analyst_upside_pct': 25.9}",206.44,82517204992,Industrials,Waste Management,1.5,2.7,False,248.13,-16.8,3,False,-6.9,259.92,277.0,220.0,25.0,buy,25.9,233.46,13.1,208.9,1.2,reportado,múltiplo propio,4.0,0.17,False,,3.99,8.24,,1.83,50.1,3.78,1.49,False,-0.47,,9,,5.2,Operating Income,5.0,8.3,28.0,2026-10-27,False,True,False,8,STRONG,4.37,22.6,3.02,14.5,1.6,0.11,-12.9,2026-09-29T05:41:19.703732,,,,,,
STZ,"Constellation Brands, Inc.",59.0,,trimestral,⭐ AVERAGE,🟡 Average,USD,USD,False,True,True,0.9997,,100.0,40.0,15.0,60.0,70.0,15.0,0.2,False,down,26.7,True,1,-3.3,True,1,"{'eps_growth_yoy': 26.7, 'op_growth_yoy': 12.8, 'crecimiento_respaldado': True, 'positive_quarters': 4, 'earnings_accelerating': True, 'eps_accel_quarters': 1, 'profit_margin_pct': 20.1, 'score_bruto_sin_capar': 105.0, 'satura': True}","{'revenue_growth_yoy': -3.3, 'revenue_accelerating': True, 'rev_accel_quarters': 1}","{'rs_3m': -21.0, 'rs_6m': -45.9, 'rs_line_percentile': 0.2, 'rs_line_at_new_high': False, 'rs_line_trend': 'down', 'rs_line_score': 15}","{'roe_pct': 23.7, 'debt_to_equity': 1.23, 'current_ratio': 0.91, 'operating_margin_pct': 35.9}","{'days_to_earnings': 'N/A', 'recommendation': 'buy', 'analyst_upside_pct': 44.7}",112.92,19287226368,Consumer Defensive,Beverages - Brewers,5.7,4.0,False,168.6,-33.0,0,False,-12.0,163.35,209.0,110.0,23.0,buy,44.7,247.06,118.8,,,reportado,,,,,,9.43,10.65,,3.63,39.0,4.12,1.81,True,-3.14,,9,,8.5,Operating Income,8.2,21.5,7.0,2026-10-06,True,True,False,6,NEUTRAL,9.54,30.7,0.31,24.6,1.6,0.06,-23.0,2026-09-29T05:50:21.479002,,,sin histórico de múltiplo (beneficio negativo o pocos años),,,
POOL,Pool Corporation,59.0,,trimestral,⭐ AVERAGE,🟡 Average,USD,USD,False,True,True,1.0,,65.0,70.0,15.0,80.0,70.0,15.0,1.0,False,down,-3.2,True,2,2.2,True,2,"{'eps_growth_yoy': -3.2, 'op_growth_yoy': -1.8, 'crecimiento_respaldado': True, 'positive_quarters': 4, 'earnings_accelerating': True, 'eps_accel_quarters': 2, 'profit_margin_pct': 7.4, 'score_bruto_sin_capar': 65.0, 'satura': False}","{'revenue_growth_yoy': 2.2, 'revenue_accelerating': True, 'rev_accel_quarters': 2}","{'rs_3m': -26.3, 'rs_6m': -39.2, 'rs_line_percentile': 1.0, 'rs_line_at_new_high': False, 'rs_line_trend': 'down', 'rs_line_score': 15}","{'roe_pct': 31.3, 'debt_to_equity': 1.35, 'current_ratio': 2.67, 'operating_margin_pct': 15.1}","{'days_to_earnings': 'N/A', 'recommendation': 'buy', 'analyst_upside_pct': 32.9}",163.31,5934807552,Industrials,Industrial Distribution,10.8,5.1,True,313.75,-47.9,0,False,-11.7,217.0,260.0,185.0,12.0,buy,32.9,115.07,-29.5,263.41,61.3,reportado,múltiplo propio,4.0,0.57,False,,5.23,8.54,,3.15,46.4,5.2,1.26,True,-3.41,,9,,12.4,Operating Income,12.4,,23.0,2026-10-22,False,True,False,5,NEUTRAL,7.64,34.5,,23.8,1.6,0.07,-22.2,2026-09-29T05:50:17.534799,,,,,,
CPRT,"Copart, Inc.",59.0,,trimestral,⭐ AVERAGE,🟡 Average,USD,USD,False,True,True,1.0,"FCF declarado (1,339,233,000) se aparta del derivado de flujo operativo menos capex (1,035,502,032)",65.0,60.0,24.0,85.0,70.0,15.0,0.0,False,down,-1.0,True,1,2.1,True,1,"{'eps_growth_yoy': -1.0, 'op_growth_yoy': 2.8, 'crecimiento_respaldado': True, 'positive_quarters': 4, 'earnings_accelerating': True, 'eps_accel_quarters': 1, 'profit_margin_pct': 31.8, 'score_bruto_sin_capar': 65.0, 'satura': False}","{'revenue_growth_yoy': 2.1, 'revenue_accelerating': True, 'rev_accel_quarters': 1}","{'rs_3m': -6.2, 'rs_6m': -38.3, 'rs_line_percentile': 0.0, 'rs_line_at_new_high': False, 'rs_line_trend': 'down', 'rs_line_score': 15}","{'roe_pct': 16.2, 'debt_to_equity': 0.01, 'current_ratio': 7.91, 'operating_margin_pct': 32.0}","{'days_to_earnings': 'N/A', 'recommendation': 'buy', 'analyst_upside_pct': 43.3}",27.22,25200586752,Industrials,Specialty Business Services,4.6,3.3,False,45.89,-40.7,0,False,-10.7,39.0,55.0,25.0,10.0,buy,43.3,24.62,-9.6,48.24,77.2,reportado,múltiplo propio,4.0,0.29,False,,4.11,1.12,,,,,,True,-4.67,,9,,,,,-10.2,51.0,2026-11-19,False,True,False,6,NEUTRAL,8.14,19.3,1.29,38.2,1.6,0.04,-36.6,2026-09-29T05:41:59.412173,,,,,,
ROP,"Roper Technologies, Inc.",58.8,,trimestral,⭐ AVERAGE,🟡 Average,USD,USD,False,True,True,1.0,,85.0,50.0,26.7,60.0,65.0,15.0,11.0,False,down,208.9,True,2,8.5,False,0,"{'eps_growth_yoy': 208.9, 'op_growth_yoy': 6.6, 'crecimiento_respaldado': False, 'crecimiento_puntuado': 31.6, 'positive_quarters': 4, 'earnings_accelerating': True, 'eps_accel_quarters': 2, 'profit_margin_pct': 30.2, 'score_bruto_sin_capar': 115.0, 'satura': True}","{'revenue_growth_yoy': 8.5, 'revenue_accelerating': False, 'rev_accel_quarters': 0}","{'rs_3m': 2.1, 'rs_6m': -20.7, 'rs_line_percentile': 11.0, 'rs_line_at_new_high': False, 'rs_line_trend': 'down', 'rs_line_score': 15}","{'roe_pct': 13.1, 'debt_to_equity': 0.61, 'current_ratio': 0.55, 'operating_margin_pct': 27.7}","{'days_to_earnings': 'N/A', 'recommendation': 'buy', 'analyst_upside_pct': 24.1}",354.0,35010908160,Technology,Software - Application,6.1,8.1,False,521.28,-32.1,1,False,-9.4,439.43,550.0,335.0,14.0,buy,24.1,463.83,31.0,802.34,126.6,reportado,múltiplo propio,4.0,0.95,False,,7.32,25.91,,1.02,14.5,3.64,0.61,True,-7.2,,9,,5.9,Operating Income,8.6,163.1,23.0,2026-10-22,False,True,False,6,NEUTRAL,4.86,1424.7,,21.8,,,,2026-09-29T05:41:35.455575,,,,,,
HLT,Hilton Worldwide Holdings Inc.,58.8,,trimestral,⭐ AVERAGE,🟡 Average,USD,USD,False,True,True,1.0,,75.0,60.0,44.0,50.0,50.0,35.0,36.2,False,down,9.5,False,0,6.5,True,1,"{'eps_growth_yoy': 9.5, 'op_growth_yoy': 10.3, 'crecimiento_respaldado': True, 'positive_quarters': 4, 'earnings_accelerating': False, 'eps_accel_quarters': 0, 'profit_margin_pct': 31.0, 'score_bruto_sin_capar': 75.0, 'satura': False}","{'revenue_growth_yoy': 6.5, 'revenue_accelerating': True, 'rev_accel_quarters': 1}","{'rs_3m': -5.8, 'rs_6m': -13.4, 'rs_line_percentile': 36.2, 'rs_line_at_new_high': False, 'rs_line_trend': 'down', 'rs_line_score': 35}","{'current_ratio': 0.65, 'operating_margin_pct': 63.0}","{'days_to_earnings': 'N/A', 'recommendation': 'none', 'analyst_upside_pct': 10.2}",320.28,72083791872,Consumer Cyclical,Lodging,2.7,3.1,False,358.0,-10.5,4,False,0.8,353.0,394.0,270.0,26.0,none,10.2,186.67,-41.7,279.1,-12.9,reportado,múltiplo propio,4.0,0.47,False,,2.67,8.55,,0.19,8.8,0.6,0.8,True,-4.18,,9,,4.4,Operating Income,4.3,7.0,29.0,2026-10-28,False,True,False,6,NEUTRAL,3.16,213.6,2.9,18.2,,,,2026-09-29T05:49:02.506954,,,,,,
LIN,Linde plc,58.0,,trimestral,⭐ AVERAGE,🟡 Average,USD,USD,False,True,True,1.0,,75.0,60.0,24.0,65.0,60.0,15.0,21.2,False,down,9.2,False,0,9.3,True,1,"{'eps_growth_yoy': 9.2, 'op_growth_yoy': 8.5, 'crecimiento_respaldado': True, 'positive_quarters': 4, 'earnings_accelerating': False, 'eps_accel_quarters': 0, 'profit_margin_pct': 20.4, 'score_bruto_sin_capar': 75.0, 'satura': False}","{'revenue_growth_yoy': 9.3, 'revenue_accelerating': True, 'rev_accel_quarters': 1}","{'rs_3m': -11.5, 'rs_6m': -26.6, 'rs_line_percentile': 21.2, 'rs_line_at_new_high': False, 'rs_line_trend': 'down', 'rs_line_score': 15}","{'roe_pct': 18.4, 'debt_to_equity': 0.69, 'current_ratio': 0.88, 'operating_margin_pct': 28.1}","{'days_to_earnings': 'N/A', 'recommendation': 'buy', 'analyst_upside_pct': 14.9}",472.04,217601081344,Basic Materials,Specialty Chemicals,1.3,3.0,False,548.2,-13.9,3,False,-2.1,542.6,580.0,400.0,25.0,buy,14.9,,,479.28,1.5,reportado,múltiplo propio,4.0,0.29,False,,2.4,11.33,,1.36,40.0,6.4,1.3,True,-1.91,,9,,20.9,Operating Income,21.3,11.3,31.0,2026-10-30,False,True,False,5,NEUTRAL,3.82,31.5,1.15,13.2,,,,2026-09-29T05:41:31.511716,,"el capex se lleva el 50% del flujo operativo: lo que queda no es lo que gana el dueño, es lo que sobra tras decidir invertir",,,,
KVUE,Kenvue Inc.,57.8,,trimestral,⭐ AVERAGE,🟡 Average,USD,USD,False,True,True,1.0,,70.0,50.0,44.0,70.0,50.0,35.0,48.2,False,down,8.6,False,0,3.0,False,0,"{'eps_growth_yoy': 8.6, 'op_growth_yoy': 0.8, 'crecimiento_respaldado': True, 'positive_quarters': 4, 'earnings_accelerating': False, 'eps_accel_quarters': 0, 'profit_margin_pct': 10.8, 'score_bruto_sin_capar': 70.0, 'satura': False}","{'revenue_growth_yoy': 3.0, 'revenue_accelerating': False, 'rev_accel_quarters': 0}","{'rs_3m': -7.0, 'rs_6m': -14.4, 'rs_line_percentile': 48.2, 'rs_line_at_new_high': False, 'rs_line_trend': 'down', 'rs_line_score': 35}","{'roe_pct': 15.6, 'debt_to_equity': 0.82, 'current_ratio': 1.0, 'operating_margin_pct': 19.4}","{'days_to_earnings': 'N/A', 'recommendation': 'hold', 'analyst_upside_pct': 9.1}",17.88,34343428096,Consumer Defensive,Household & Personal Products,3.5,2.1,False,20.13,-11.2,5,False,-3.3,19.5,23.0,18.0,12.0,hold,9.1,17.92,0.2,18.32,2.5,reportado,múltiplo propio,3.0,0.72,True,,5.39,0.96,,4.72,97.7,0.84,,False,-0.26,,9,,6.9,Operating Income,6.2,3.4,37.0,2026-11-05,False,True,False,7,NEUTRAL,6.49,122.7,,18.8,1.6,0.08,-17.2,2026-09-29T05:51:14.885024,,,,,,
PEP,"PepsiCo, Inc.",57.5,,trimestral,⭐ AVERAGE,🟡 Average,USD,USD,False,True,True,1.0,,85.0,60.0,24.0,45.0,55.0,15.0,1.4,False,down,136.0,True,1,6.4,True,1,"{'eps_growth_yoy': 136.0, 'op_growth_yoy': 10.2, 'crecimiento_respaldado': False, 'crecimiento_puntuado': 35.2, 'positive_quarters': 4, 'earnings_accelerating': True, 'eps_accel_quarters': 1, 'profit_margin_pct': 10.8, 'score_bruto_sin_capar': 100.0, 'satura': False}","{'revenue_growth_yoy': 6.4, 'revenue_accelerating': True, 'rev_accel_quarters': 1}","{'rs_3m': -6.9, 'rs_6m': -38.1, 'rs_line_percentile': 1.4, 'rs_line_at_new_high': False, 'rs_line_trend': 'down', 'rs_line_score': 15}","{'roe_pct': 51.5, 'debt_to_equity': 2.39, 'current_ratio': 0.93, 'operating_margin_pct': 16.8}","{'days_to_earnings': 'N/A', 'recommendation': 'hold', 'analyst_upside_pct': 18.7}",128.5,175530999808,Consumer Defensive,Beverages - Non-Alcoholic,2.1,3.5,False,171.48,-25.1,0,False,-6.0,152.55,180.0,124.0,22.0,hold,18.7,149.42,16.3,177.6,38.2,reportado,múltiplo propio,4.0,0.18,False,,5.15,6.62,,4.6,75.3,5.92,3.03,False,-0.29,,9,,12.9,Operating Income,12.7,54.8,9.0,2026-10-08,False,True,True,5,NEUTRAL,6.19,40.1,,14.4,,,,2026-09-29T05:46:41.556474,,,,,,
OTIS,Otis Worldwide Corporation,57.5,,trimestral,⭐ AVERAGE,🟡 Average,USD,USD,False,True,True,1.0,,80.0,60.0,24.0,45.0,70.0,15.0,2.2,False,down,8.9,True,1,7.3,True,1,"{'eps_growth_yoy': 8.9, 'op_growth_yoy': 5.1, 'crecimiento_respaldado': True, 'positive_quarters': 4, 'earnings_accelerating': True, 'eps_accel_quarters': 1, 'profit_margin_pct': 10.2, 'score_bruto_sin_capar': 80.0, 'satura': False}","{'revenue_growth_yoy': 7.3, 'revenue_accelerating': True, 'rev_accel_quarters': 1}","{'rs_3m': -9.6, 'rs_6m': -33.8, 'rs_line_percentile': 2.2, 'rs_line_at_new_high': False, 'rs_line_trend': 'down', 'rs_line_score': 15}","{'current_ratio': 0.83, 'operating_margin_pct': 15.1}","{'days_to_earnings': 'N/A', 'recommendation': 'buy', 'analyst_upside_pct': 31.7}",66.33,25249798144,Industrials,Specialty Industrial Machinery,4.8,4.5,False,94.565,-29.9,0,False,-6.3,87.38,105.0,75.0,13.0,buy,31.7,94.8,42.9,96.31,45.2,reportado,múltiplo propio,4.0,0.13,False,,6.81,4.52,,2.67,43.7,1.76,1.5,True,-3.11,,9,,,,,9.1,29.0,2026-10-28,False,True,False,6,NEUTRAL,6.61,171.1,2.54,22.7,3.1,0.14,-19.6,2026-09-29T05:45:08.988997,,,,,,
INTU,Intuit Inc.,56.6,,trimestral,⭐ AVERAGE,🟡 Average,USD,USD,False,True,True,1.0,,55.0,60.0,26.7,85.0,70.0,15.0,0.9,False,down,-4.7,False,0,13.7,False,0,"{'eps_growth_yoy': -4.7, 'op_growth_yoy': 125.9, 'crecimiento_respaldado': True, 'positive_quarters': 4, 'earnings_accelerating': False, 'eps_accel_quarters': 0, 'profit_margin_pct': 21.3, 'score_bruto_sin_capar': 55.0, 'satura': False}","{'revenue_growth_yoy': 13.7, 'revenue_accelerating': False, 'rev_accel_quarters': 0}","{'rs_3m': 0.9, 'rs_6m': -58.5, 'rs_line_percentile': 0.9, 'rs_line_at_new_high': False, 'rs_line_trend': 'down', 'rs_line_score': 15}","{'roe_pct': 23.6, 'debt_to_equity': 0.44, 'current_ratio': 1.51, 'operating_margin_pct': 17.6}","{'days_to_earnings': 'N/A', 'recommendation': 'buy', 'analyst_upside_pct': 50.6}",269.4,71993376768,Technology,Software - Application,3.0,1.8,False,702.12,-61.6,0,False,-16.9,405.6,732.0,290.0,31.0,buy,50.6,816.88,203.2,,,reportado,,,,,,11.97,32.25,,2.0,29.2,5.52,0.68,True,-3.55,,9,,24.1,Operating Income,24.5,-1.0,51.0,2026-11-19,False,True,False,8,STRONG,8.44,91.1,0.4,40.9,0.4,0.01,-40.5,2026-09-29T05:42:52.653067,,,múltiplo propio 58x fuera del rango 8-45,,,
RELX,RELX PLC,56.2,,anual,⭐ AVERAGE,🟡 Average,USD,GBP,True,True,True,1.0,,75.0,50.0,38.7,50.0,60.0,15.0,12.5,False,down,6.8,False,0,1.7,False,0,"{'eps_growth_yoy': 6.8, 'op_growth_yoy': 5.9, 'crecimiento_respaldado': True, 'positive_quarters': 4, 'earnings_accelerating': False, 'eps_accel_quarters': 0, 'profit_margin_pct': 23.3, 'score_bruto_sin_capar': 75.0, 'satura': False}","{'revenue_growth_yoy': 1.7, 'revenue_accelerating': False, 'rev_accel_quarters': 0}","{'rs_3m': 2.5, 'rs_6m': -18.0, 'rs_line_percentile': 12.5, 'rs_line_at_new_high': False, 'rs_line_trend': 'down', 'rs_line_score': 15}","{'roe_pct': 131.9, 'debt_to_equity': 7.1, 'current_ratio': 0.45, 'operating_margin_pct': 32.0}","{'days_to_earnings': 'N/A', 'recommendation': 'none', 'analyst_upside_pct': 60.4}",33.07,57468809216,Industrials,Specialty Business Services,0.4,3.2,False,47.97,-31.1,1,False,-5.2,53.05,57.0,49.1,2.0,none,60.4,49.4,49.4,61.11,84.8,reportado,múltiplo propio,4.0,0.32,False,,5.72,1.89,,2.72,53.4,0.91,2.01,,,,9,,,,,12.2,135.0,2027-02-11,False,True,False,7,NEUTRAL,1.24,1876.1,1.54,35.9,6.3,0.17,-29.6,2026-09-29T05:41:08.422208,,,,,,
ERIE,Erie Indemnity Company,56.0,,trimestral,⭐ AVERAGE,🟡 Average,USD,USD,False,True,True,0.8833,acciones × precio no cuadra (ratio 0.8833) pero la divisa sí: son clases múltiples. Se usan 52 M de acciones efectivas (capitalización ÷ precio) en vez de las 46 M declaradas,70.0,50.0,24.0,85.0,50.0,15.0,7.6,False,down,3.2,False,0,1.7,False,0,"{'eps_growth_yoy': 3.2, 'positive_quarters': 4, 'earnings_accelerating': False, 'eps_accel_quarters': 0, 'profit_margin_pct': 14.0, 'score_bruto_sin_capar': 70.0, 'satura': False}","{'revenue_growth_yoy': 1.7, 'revenue_accelerating': False, 'rev_accel_quarters': 0}","{'rs_3m': -9.7, 'rs_6m': -31.2, 'rs_line_percentile': 7.6, 'rs_line_at_new_high': False, 'rs_line_trend': 'down', 'rs_line_score': 15}","{'roe_pct': 24.8, 'debt_to_equity': 0.03, 'current_ratio': 1.25, 'operating_margin_pct': 19.1}","{'days_to_earnings': 'N/A', 'recommendation': 'none'}",221.92,11604167680,Financial Services,Insurance Brokers,9.5,8.2,True,330.54,-32.9,0,False,-9.4,,,,,none,,,,396.84,78.8,reportado,múltiplo propio,4.0,0.4,False,,5.02,11.14,,2.62,64.6,5.85,1.8,False,,,7,,,,,1.6,30.0,2026-10-29,False,True,False,4,NEUTRAL,,,0.68,29.6,3.1,0.11,-26.5,2026-09-29T05:43:49.327639,52289869.0,"Insurance Brokers: el flujo operativo son depósitos, préstamos o primas, no caja libre para el accionista",,,,
AJG,Arthur J. Gallagher & Co.,56.0,,trimestral,⭐ AVERAGE,🟡 Average,USD,USD,False,True,True,1.0,,50.0,70.0,36.0,65.0,65.0,15.0,20.0,False,down,-12.0,False,0,24.2,False,0,"{'eps_growth_yoy': -12.0, 'op_growth_yoy': -6.1, 'crecimiento_respaldado': True, 'positive_quarters': 4, 'earnings_accelerating': False, 'eps_accel_quarters': 0, 'profit_margin_pct': 10.4, 'score_bruto_sin_capar': 50.0, 'satura': False}","{'revenue_growth_yoy': 24.2, 'revenue_accelerating': False, 'rev_accel_quarters': 0}","{'rs_3m': -2.6, 'rs_6m': -14.9, 'rs_line_percentile': 20.0, 'rs_line_at_new_high': False, 'rs_line_trend': 'down', 'rs_line_score': 15}","{'roe_pct': 6.7, 'debt_to_equity': 0.59, 'current_ratio': 1.05, 'operating_margin_pct': 19.2}","{'days_to_earnings': 'N/A', 'recommendation': 'buy', 'analyst_upside_pct': 26.2}",229.46,58820005888,Financial Services,Insurance Brokers,2.5,4.7,False,313.55,-26.8,1,False,-8.5,289.67,388.0,250.0,18.0,buy,26.2,,,262.16,14.3,reportado,múltiplo propio,4.0,0.33,False,,3.92,8.99,,1.21,44.8,2.8,1.01,False,-0.67,,9,,4.2,Operating Income,4.1,-10.7,30.0,2026-10-29,False,True,False,6,NEUTRAL,3.57,79.3,4.5,33.0,0.4,0.01,-32.6,2026-09-29T05:44:04.652605,,"Insurance Brokers: el flujo operativo son depósitos, préstamos o primas, no caja libre para el accionista",,,,
MRSH,"Marsh & McLennan Companies, Inc.",55.8,,trimestral,⭐ AVERAGE,🟡 Average,USD,USD,False,True,True,1.0,,70.0,50.0,24.0,80.0,55.0,15.0,11.5,False,down,4.5,False,0,6.2,False,0,"{'eps_growth_yoy': 4.5, 'op_growth_yoy': 3.8, 'crecimiento_respaldado': True, 'positive_quarters': 4, 'earnings_accelerating': False, 'eps_accel_quarters': 0, 'profit_margin_pct': 14.2, 'score_bruto_sin_capar': 70.0, 'satura': False}","{'revenue_growth_yoy': 6.2, 'revenue_accelerating': False, 'rev_accel_quarters': 0}","{'rs_3m': -0.8, 'rs_6m': -24.0, 'rs_line_percentile': 11.5, 'rs_line_at_new_high': False, 'rs_line_trend': 'down', 'rs_line_score': 15}","{'roe_pct': 25.9, 'debt_to_equity': 1.45, 'current_ratio': 1.14, 'operating_margin_pct': 26.3}","{'days_to_earnings': 'N/A', 'recommendation': 'hold', 'analyst_upside_pct': 22.5}",169.03,80663019520,Financial Services,Insurance Brokers,1.2,2.8,False,207.83,-18.7,2,False,-8.4,207.1,238.0,182.0,21.0,hold,22.5,,,201.62,19.3,reportado,múltiplo propio,4.0,0.17,False,,5.93,10.02,,2.31,44.0,3.96,1.48,True,-2.63,,9,,6.3,Operating Income,6.6,2.9,16.0,2026-10-15,False,True,True,6,NEUTRAL,6.13,140.5,1.26,18.9,0.8,0.04,-18.1,2026-09-29T05:42:03.750211,,"Insurance Brokers: el flujo operativo son depósitos, préstamos o primas, no caja libre para el accionista",,,,
HESAY,Hermès International Société en commandite par actions,55.0,,anual,⭐ AVERAGE,🟡 Average,USD,EUR,True,True,True,1.0,,55.0,50.0,24.0,95.0,70.0,15.0,3.9,False,down,-1.7,False,0,5.5,False,0,"{'eps_growth_yoy': -1.7, 'op_growth_yoy': 7.4, 'crecimiento_respaldado': True, 'positive_quarters': 4, 'earnings_accelerating': False, 'eps_accel_quarters': 0, 'profit_margin_pct': 28.0, 'score_bruto_sin_capar': 55.0, 'satura': False}","{'revenue_growth_yoy': 5.5, 'revenue_accelerating': False, 'rev_accel_quarters': 0}","{'rs_3m': -16.3, 'rs_6m': -35.3, 'rs_line_percentile': 3.9, 'rs_line_at_new_high': False, 'rs_line_trend': 'down', 'rs_line_score': 15}","{'roe_pct': 25.5, 'debt_to_equity': 0.12, 'current_ratio': 4.54, 'operating_margin_pct': 42.2}","{'days_to_earnings': 'N/A', 'recommendation': 'strong_buy', 'analyst_upside_pct': 36.1}",158.2,165701107712,Consumer Cyclical,Luxury Goods,,,False,265.89,-40.5,0,False,-9.9,215.33,230.0,201.0,3.0,strong_buy,36.1,116.47,-26.4,,,reportado,,,,,,3.24,5.13,,1.36,41.8,2.11,0.61,,,,9,,,,,-0.3,135.0,2027-02-11,False,True,False,8,STRONG,4.3,36.8,2.74,26.1,,,,2026-09-29T05:42:19.332032,,,múltiplo propio 52x fuera del rango 8-45,,,
CHD,"Church & Dwight Co., Inc.",55.0,,trimestral,⭐ AVERAGE,🟡 Average,USD,USD,False,True,True,1.0,,60.0,50.0,36.0,75.0,60.0,15.0,17.1,False,down,-1.7,True,1,0.1,False,0,"{'eps_growth_yoy': -1.7, 'op_growth_yoy': -1.5, 'crecimiento_respaldado': True, 'positive_quarters': 4, 'earnings_accelerating': True, 'eps_accel_quarters': 1, 'profit_margin_pct': 12.0, 'score_bruto_sin_capar': 60.0, 'satura': False}","{'revenue_growth_yoy': 0.1, 'revenue_accelerating': False, 'rev_accel_quarters': 0}","{'rs_3m': -3.8, 'rs_6m': -19.3, 'rs_line_percentile': 17.1, 'rs_line_at_new_high': False, 'rs_line_trend': 'down', 'rs_line_score': 15}","{'roe_pct': 17.0, 'debt_to_equity': 0.56, 'current_ratio': 1.15, 'operating_margin_pct': 18.1}","{'days_to_earnings': 'N/A', 'recommendation': 'buy', 'analyst_upside_pct': 9.9}",95.62,22681438208,Consumer Defensive,Household & Personal Products,5.2,5.9,False,106.04,-9.8,4,False,-2.9,105.11,115.0,78.0,19.0,buy,9.9,128.21,34.1,92.94,-2.8,reportado,múltiplo propio,3.0,0.61,True,2024-12-31,5.02,4.8,,1.28,38.6,1.23,1.16,True,-3.33,,9,,11.2,Operating Income,10.9,6.3,31.0,2026-10-30,False,True,False,7,NEUTRAL,4.34,116.9,1.1,13.7,,,,2026-09-29T05:45:27.418289,,,,,,
MKC,"McCormick & Company, Incorporated",54.3,,trimestral,⭐ AVERAGE,🟡 Average,USD,USD,False,True,True,0.945,acciones × precio no cuadra (ratio 0.9450) pero la divisa sí: son clases múltiples. Se usan 269 M de acciones efectivas (capitalización ÷ precio) en vez de las 254 M declaradas,55.0,70.0,24.0,60.0,65.0,15.0,6.4,False,down,-14.2,False,0,16.7,True,1,"{'eps_growth_yoy': -14.2, 'op_growth_yoy': 30.1, 'crecimiento_respaldado': True, 'positive_quarters': 4, 'earnings_accelerating': False, 'eps_accel_quarters': 0, 'profit_margin_pct': 21.9, 'score_bruto_sin_capar': 55.0, 'satura': False}","{'revenue_growth_yoy': 16.7, 'revenue_accelerating': True, 'rev_accel_quarters': 1}","{'rs_3m': -5.8, 'rs_6m': -29.9, 'rs_line_percentile': 6.4, 'rs_line_at_new_high': False, 'rs_line_trend': 'down', 'rs_line_score': 15}","{'roe_pct': 24.7, 'debt_to_equity': 0.65, 'current_ratio': 0.78, 'operating_margin_pct': 17.4}","{'days_to_earnings': 'N/A', 'recommendation': 'buy', 'analyst_upside_pct': 24.0}",48.46,13028545536,Consumer Defensive,Packaged Foods,,0.0,False,72.41,-33.1,0,False,-7.1,60.08,75.0,52.0,13.0,buy,24.0,94.95,95.9,,,reportado,múltiplo propio,4.0,0.34,False,,7.75,3.76,,4.01,30.9,1.92,2.11,False,-0.11,,9,,5.8,Operating Income,5.5,-9.9,2.0,2026-10-01,True,True,False,6,NEUTRAL,6.0,65.6,2.88,18.3,3.1,0.17,-15.2,2026-09-29T05:47:08.746694,268851538.0,,"objetivo 148 sobre un precio de 48 (+206%): el BPA no cuadra con el múltiplo histórico, no se publica",,,
ZTS,Zoetis Inc.,54.0,,trimestral,⭐ AVERAGE,🟡 Average,USD,USD,False,True,True,1.0,,75.0,40.0,24.0,65.0,70.0,15.0,1.3,False,down,-4.8,True,2,-0.2,True,1,"{'eps_growth_yoy': -4.8, 'op_growth_yoy': 0.2, 'crecimiento_respaldado': True, 'positive_quarters': 4, 'earnings_accelerating': True, 'eps_accel_quarters': 2, 'profit_margin_pct': 27.7, 'score_bruto_sin_capar': 75.0, 'satura': False}","{'revenue_growth_yoy': -0.2, 'revenue_accelerating': True, 'rev_accel_quarters': 1}","{'rs_3m': -2.7, 'rs_6m': -59.7, 'rs_line_percentile': 1.3, 'rs_line_at_new_high': False, 'rs_line_trend': 'down', 'rs_line_score': 15}","{'roe_pct': 64.9, 'debt_to_equity': 2.94, 'current_ratio': 3.08, 'operating_margin_pct': 40.7}","{'days_to_earnings': 'N/A', 'recommendation': 'buy', 'analyst_upside_pct': 34.4}",71.43,29516562432,Healthcare,Drug Manufacturers - Specialty & Generic,4.8,3.8,False,148.79,-52.0,0,False,-4.5,96.0,155.0,80.0,14.0,buy,34.4,142.39,99.3,,,reportado,múltiplo propio,4.0,0.56,False,,7.52,5.37,,2.98,33.6,2.12,0.95,True,-6.24,,9,,15.1,Operating Income,14.7,0.8,37.0,2026-11-05,False,True,False,6,NEUTRAL,9.7,42.3,1.07,22.2,,,,2026-09-29T05:42:34.099343,,,"objetivo 184 sobre un precio de 71 (+158%): el BPA no cuadra con el múltiplo histórico, no se publica",,,
GVDNY,Givaudan SA,54.0,,anual,⭐ AVERAGE,🟡 Average,USD,CHF,True,True,True,1.0,"FCF declarado (726,622,126) se aparta del derivado de flujo operativo menos capex (1,432,294,195)",50.0,50.0,47.6,70.0,65.0,35.0,38.0,False,down,-1.7,False,0,0.8,False,0,"{'eps_growth_yoy': -1.7, 'op_growth_yoy': -2.2, 'crecimiento_respaldado': True, 'positive_quarters': 4, 'earnings_accelerating': False, 'eps_accel_quarters': 0, 'profit_margin_pct': 12.9, 'score_bruto_sin_capar': 50.0, 'satura': False}","{'revenue_growth_yoy': 0.8, 'revenue_accelerating': False, 'rev_accel_quarters': 0}","{'rs_3m': -5.1, 'rs_6m': 0.9, 'rs_line_percentile': 38.0, 'rs_line_at_new_high': False, 'rs_line_trend': 'down', 'rs_line_score': 35}","{'roe_pct': 22.3, 'debt_to_equity': 1.11, 'current_ratio': 1.29, 'operating_margin_pct': 18.8}","{'days_to_earnings': 'N/A', 'recommendation': 'strong_buy', 'analyst_upside_pct': 16.4}",82.52,38088413184,Basic Materials,Specialty Chemicals,,,False,90.69,-9.0,4,False,2.0,96.07,96.07,96.07,1.0,strong_buy,16.4,76.86,-6.9,85.2,3.2,reportado,múltiplo propio,4.0,0.29,False,,3.76,3.1,,2.19,71.1,1.82,1.88,,,,9,,,,,-10.0,120.0,2027-01-27,False,True,False,7,NEUTRAL,3.22,33.7,0.07,26.9,,,,2026-09-29T05:43:07.701713,,,,,,
PG,The Procter & Gamble Company,53.7,,trimestral,⭐ AVERAGE,🟡 Average,USD,USD,False,True,True,1.0,,50.0,60.0,36.0,70.0,60.0,15.0,17.7,False,down,-15.8,False,0,1.5,True,1,"{'eps_growth_yoy': -15.8, 'op_growth_yoy': -9.3, 'crecimiento_respaldado': True, 'positive_quarters': 4, 'earnings_accelerating': False, 'eps_accel_quarters': 0, 'profit_margin_pct': 18.4, 'score_bruto_sin_capar': 50.0, 'satura': False}","{'revenue_growth_yoy': 1.5, 'revenue_accelerating': True, 'rev_accel_quarters': 1}","{'rs_3m': -0.4, 'rs_6m': -17.2, 'rs_line_percentile': 17.7, 'rs_line_at_new_high': False, 'rs_line_trend': 'down', 'rs_line_score': 15}","{'roe_pct': 30.3, 'debt_to_equity': 0.64, 'current_ratio': 0.68, 'operating_margin_pct': 22.1}","{'days_to_earnings': 'N/A', 'recommendation': 'buy', 'analyst_upside_pct': 7.8}",149.03,346147848192,Consumer Defensive,Household & Personal Products,1.0,2.6,False,167.25,-10.9,4,False,2.2,160.61,186.0,143.0,23.0,buy,7.8,162.93,9.3,159.43,7.0,reportado,múltiplo propio,4.0,0.16,False,,4.38,6.53,,2.98,64.3,4.35,2.5,True,-1.27,,9,,22.5,Operating Income,24.3,-10.8,23.0,2026-10-22,False,True,False,6,NEUTRAL,5.3,77.9,5.12,15.1,,,,2026-09-29T05:42:59.953100,,,,,,
VRSK,"Verisk Analytics, Inc.",53.0,,trimestral,⭐ AVERAGE,🟡 Average,USD,USD,False,True,True,1.0,,55.0,60.0,24.0,65.0,70.0,15.0,5.7,False,down,-9.8,False,0,4.4,True,1,"{'eps_growth_yoy': -9.8, 'op_growth_yoy': 2.7, 'crecimiento_respaldado': True, 'positive_quarters': 4, 'earnings_accelerating': False, 'eps_accel_quarters': 0, 'profit_margin_pct': 28.2, 'score_bruto_sin_capar': 55.0, 'satura': False}","{'revenue_growth_yoy': 4.4, 'revenue_accelerating': True, 'rev_accel_quarters': 1}","{'rs_3m': -9.1, 'rs_6m': -31.7, 'rs_line_percentile': 5.7, 'rs_line_at_new_high': False, 'rs_line_trend': 'down', 'rs_line_score': 15}","{'current_ratio': 1.0, 'operating_margin_pct': 45.1}","{'days_to_earnings': 'N/A', 'recommendation': 'buy', 'analyst_upside_pct': 39.9}",167.77,21836275712,Industrials,Consulting Services,4.1,4.2,False,253.35,-33.8,0,False,-9.8,234.76,260.0,195.0,17.0,buy,39.9,245.07,46.1,221.1,31.8,reportado,múltiplo propio,3.0,0.35,True,2023-12-31,5.77,9.68,,1.18,29.2,2.0,0.63,True,-6.76,,9,,7.0,Operating Income,6.9,-2.4,29.0,2026-10-28,False,True,False,7,NEUTRAL,5.19,113.2,7.44,37.9,1.6,0.04,-36.3,2026-09-29T05:41:04.351382,,,,,,
JKHY,"Jack Henry & Associates, Inc.",52.8,,trimestral,⭐ AVERAGE,🟡 Average,USD,USD,False,True,True,1.0,,50.0,50.0,26.7,90.0,65.0,15.0,24.0,False,down,-12.8,False,0,4.7,False,0,"{'eps_growth_yoy': -12.8, 'op_growth_yoy': -12.2, 'crecimiento_respaldado': True, 'positive_quarters': 4, 'earnings_accelerating': False, 'eps_accel_quarters': 0, 'profit_margin_pct': 19.8, 'score_bruto_sin_capar': 50.0, 'satura': False}","{'revenue_growth_yoy': 4.7, 'revenue_accelerating': False, 'rev_accel_quarters': 0}","{'rs_3m': 4.9, 'rs_6m': -26.5, 'rs_line_percentile': 24.0, 'rs_line_at_new_high': False, 'rs_line_trend': 'down', 'rs_line_score': 15}","{'roe_pct': 24.0, 'debt_to_equity': 0.04, 'current_ratio': 1.17, 'operating_margin_pct': 22.5}","{'days_to_earnings': 'N/A', 'recommendation': 'buy', 'analyst_upside_pct': 28.8}",147.82,10364046336,Technology,Information Technology Services,7.0,4.2,False,193.39,-23.6,2,False,-6.1,190.39,209.0,170.0,18.0,buy,28.8,202.53,37.0,206.3,39.6,reportado,múltiplo propio,4.0,0.41,False,,4.89,7.23,,1.65,34.1,2.44,1.22,True,-2.92,,9,,117.9,Operating Income,122.2,-10.4,35.0,2026-11-03,False,True,False,7,NEUTRAL,6.09,202.7,1.62,31.5,1.6,0.05,-29.9,2026-09-29T05:47:16.515838,,,,,,
EFX,Equifax Inc.,52.3,,trimestral,⭐ AVERAGE,🟡 Average,USD,USD,False,True,True,1.0,,60.0,60.0,24.0,50.0,70.0,15.0,0.0,False,down,-3.9,True,1,10.6,False,0,"{'eps_growth_yoy': -3.9, 'op_growth_yoy': 1.1, 'crecimiento_respaldado': True, 'positive_quarters': 4, 'earnings_accelerating': True, 'eps_accel_quarters': 1, 'profit_margin_pct': 10.7, 'score_bruto_sin_capar': 60.0, 'satura': False}","{'revenue_growth_yoy': 10.6, 'revenue_accelerating': False, 'rev_accel_quarters': 0}","{'rs_3m': -10.7, 'rs_6m': -39.1, 'rs_line_percentile': 0.0, 'rs_line_at_new_high': False, 'rs_line_trend': 'down', 'rs_line_score': 15}","{'roe_pct': 14.3, 'debt_to_equity': 1.21, 'current_ratio': 0.6, 'operating_margin_pct': 17.3}","{'days_to_earnings': 'N/A', 'recommendation': 'buy', 'analyst_upside_pct': 47.1}",145.78,17126947840,Industrials,Consulting Services,7.6,6.4,False,258.32,-43.6,0,False,-17.0,214.38,245.0,179.0,21.0,buy,47.1,131.58,-9.7,,,reportado,,,,,,6.6,9.62,,1.51,37.3,2.24,0.73,True,-4.64,,9,,5.2,Operating Income,5.2,0.7,21.0,2026-10-20,False,True,True,8,STRONG,4.85,56.7,,33.6,,,,2026-09-29T05:49:10.602162,,,múltiplo propio 46x fuera del rango 8-45,,,
LRLCY,L'Oréal S.A.,51.7,,anual,⭐ AVERAGE,🟡 Average,USD,EUR,True,True,True,1.0,,50.0,50.0,36.0,70.0,65.0,15.0,15.9,False,flat,-4.4,False,0,1.3,False,0,"{'eps_growth_yoy': -4.4, 'op_growth_yoy': 2.4, 'crecimiento_respaldado': True, 'positive_quarters': 4, 'earnings_accelerating': False, 'eps_accel_quarters': 0, 'profit_margin_pct': 13.9, 'score_bruto_sin_capar': 50.0, 'satura': False}","{'revenue_growth_yoy': 1.3, 'revenue_accelerating': False, 'rev_accel_quarters': 0}","{'rs_3m': -2.3, 'rs_6m': -9.7, 'rs_line_percentile': 15.9, 'rs_line_at_new_high': False, 'rs_line_trend': 'flat', 'rs_line_score': 15}","{'roe_pct': 19.4, 'debt_to_equity': 0.49, 'current_ratio': 0.97, 'operating_margin_pct': 21.3}","{'days_to_earnings': 'N/A', 'recommendation': 'strong_buy', 'analyst_upside_pct': 17.1}",88.11,234658889728,Consumer Defensive,Household & Personal Products,,,False,95.48,-7.7,4,False,-0.2,103.17,107.0,100.0,3.0,strong_buy,17.1,68.96,-21.7,91.31,3.6,reportado,múltiplo propio,4.0,0.37,False,,3.72,3.28,,1.92,61.1,1.68,1.57,,,,9,,,,,5.4,133.0,2027-02-09,False,True,False,6,NEUTRAL,3.6,70.0,9.85,23.4,,,,2026-09-29T05:44:00.959201,,,,,,
ESLOY,EssilorLuxottica Société anonyme,51.0,,anual,⭐ AVERAGE,🟡 Average,USD,EUR,True,True,True,1.0,,45.0,70.0,24.0,55.0,70.0,15.0,2.9,False,down,-1.9,False,0,7.5,True,2,"{'eps_growth_yoy': -1.9, 'op_growth_yoy': -2.0, 'crecimiento_respaldado': True, 'positive_quarters': 4, 'earnings_accelerating': False, 'eps_accel_quarters': 0, 'profit_margin_pct': 8.5, 'score_bruto_sin_capar': 45.0, 'satura': False}","{'revenue_growth_yoy': 7.5, 'revenue_accelerating': True, 'rev_accel_quarters': 2}","{'rs_3m': -13.6, 'rs_6m': -45.5, 'rs_line_percentile': 2.9, 'rs_line_at_new_high': False, 'rs_line_trend': 'down', 'rs_line_score': 15}","{'roe_pct': 6.7, 'debt_to_equity': 0.38, 'current_ratio': 0.89, 'operating_margin_pct': 15.4}","{'days_to_earnings': 'N/A', 'recommendation': 'strong_buy', 'analyst_upside_pct': 69.7}",83.69,76781993984,Healthcare,Medical Instruments & Supplies,,,False,186.81,-55.2,0,False,-8.3,142.0,145.0,139.0,2.0,strong_buy,69.7,119.28,42.5,127.58,52.4,reportado,múltiplo propio,4.0,0.66,False,,5.83,4.88,,2.81,74.3,2.32,1.58,,,,9,,,,,6.2,,,False,False,False,4,NEUTRAL,3.71,33.3,18.04,28.4,,,,2026-09-29T05:46:49.139456,,,,,,
AON,Aon plc,51.0,,trimestral,⭐ AVERAGE,🟡 Average,USD,USD,False,True,True,1.0,,55.0,50.0,15.0,80.0,70.0,15.0,0.0,False,down,-4.8,False,0,2.2,False,0,"{'eps_growth_yoy': -4.8, 'op_growth_yoy': 6.1, 'crecimiento_respaldado': True, 'positive_quarters': 4, 'earnings_accelerating': False, 'eps_accel_quarters': 0, 'profit_margin_pct': 22.3, 'score_bruto_sin_capar': 55.0, 'satura': False}","{'revenue_growth_yoy': 2.2, 'revenue_accelerating': False, 'rev_accel_quarters': 0}","{'rs_3m': -20.6, 'rs_6m': -37.4, 'rs_line_percentile': 0.0, 'rs_line_at_new_high': False, 'rs_line_trend': 'down', 'rs_line_score': 15}","{'roe_pct': 44.7, 'debt_to_equity': 1.63, 'current_ratio': 1.03, 'operating_margin_pct': 23.5}","{'days_to_earnings': 'N/A', 'recommendation': 'buy', 'analyst_upside_pct': 41.1}",272.1,57719332864,Financial Services,Insurance Brokers,1.8,2.5,False,382.34,-28.8,1,False,-18.9,383.84,435.0,264.0,19.0,buy,41.1,,,416.57,53.1,reportado,múltiplo propio,4.0,0.33,False,,5.66,15.4,,1.18,16.8,3.28,0.77,True,-1.56,,9,,6.6,Operating Income,7.7,-2.1,31.0,2026-10-30,False,True,False,8,STRONG,6.49,119.9,1.13,40.2,,,,2026-09-29T05:43:22.753106,,"Insurance Brokers: el flujo operativo son depósitos, préstamos o primas, no caja libre para el accionista",,,,
NVR,"NVR, Inc.",50.5,,trimestral,⭐ AVERAGE,🟡 Average,USD,USD,False,True,True,1.0,,60.0,40.0,24.0,85.0,50.0,15.0,13.0,False,down,-29.1,True,1,-10.5,True,1,"{'eps_growth_yoy': -29.1, 'op_growth_yoy': -27.0, 'crecimiento_respaldado': True, 'positive_quarters': 4, 'earnings_accelerating': True, 'eps_accel_quarters': 1, 'profit_margin_pct': 11.8, 'score_bruto_sin_capar': 60.0, 'satura': False}","{'revenue_growth_yoy': -10.5, 'revenue_accelerating': True, 'rev_accel_quarters': 1}","{'rs_3m': -10.8, 'rs_6m': -25.3, 'rs_line_percentile': 13.0, 'rs_line_at_new_high': False, 'rs_line_trend': 'down', 'rs_line_score': 15}","{'roe_pct': 31.5, 'debt_to_equity': 0.32, 'current_ratio': 5.67, 'operating_margin_pct': 13.9}","{'days_to_earnings': 'N/A', 'recommendation': 'hold', 'analyst_upside_pct': 7.2}",6267.89,16786368512,Consumer Cyclical,Residential Construction,7.5,3.8,False,8200.0,-23.6,1,False,-0.5,6717.8,7400.0,5664.0,5.0,hold,7.2,6886.52,9.9,5983.52,-4.5,reportado,múltiplo propio,4.0,0.47,False,,6.21,389.24,,,,,,True,-8.42,,9,,49.8,Operating Income,52.9,-9.0,22.0,2026-10-21,False,True,False,5,NEUTRAL,10.12,38.9,,21.9,,,,2026-09-29T05:50:13.805956,,,,,,
VCISY,Vinci SA,49.8,,anual,⚠️ WEAK,🔴 Weak,USD,EUR,True,True,True,1.0,,65.0,50.0,24.0,50.0,55.0,15.0,2.4,False,down,0.8,False,0,4.0,False,0,"{'eps_growth_yoy': 0.8, 'op_growth_yoy': 5.0, 'crecimiento_respaldado': True, 'positive_quarters': 4, 'earnings_accelerating': False, 'eps_accel_quarters': 0, 'profit_margin_pct': 6.7, 'score_bruto_sin_capar': 65.0, 'satura': False}","{'revenue_growth_yoy': 4.0, 'revenue_accelerating': False, 'rev_accel_quarters': 0}","{'rs_3m': -15.9, 'rs_6m': -31.7, 'rs_line_percentile': 2.4, 'rs_line_at_new_high': False, 'rs_line_trend': 'down', 'rs_line_score': 15}","{'roe_pct': 16.3, 'debt_to_equity': 1.21, 'current_ratio': 0.82, 'operating_margin_pct': 11.2}","{'days_to_earnings': 'N/A', 'recommendation': 'none', 'analyst_upside_pct': 22.6}",31.68,69994831872,Industrials,Engineering & Construction,,,False,42.1,-24.8,2,False,-6.1,38.83,42.0,36.28,3.0,none,22.6,117.84,272.0,32.76,3.4,reportado,múltiplo propio,4.0,0.34,False,,14.19,4.5,,4.58,55.6,1.46,3.67,,,,9,,,,,5.4,129.0,2027-02-05,False,True,False,7,NEUTRAL,9.03,54.0,2.08,19.4,,,,2026-09-29T05:48:09.313429,,,,,,
ABT,Abbott Laboratories,49.8,,trimestral,⚠️ WEAK,🔴 Weak,USD,USD,False,True,True,1.0,,50.0,50.0,26.7,70.0,65.0,15.0,22.9,False,down,-18.7,False,0,7.8,False,0,"{'eps_growth_yoy': -18.7, 'op_growth_yoy': -20.6, 'crecimiento_respaldado': True, 'positive_quarters': 4, 'earnings_accelerating': False, 'eps_accel_quarters': 0, 'profit_margin_pct': 11.6, 'score_bruto_sin_capar': 50.0, 'satura': False}","{'revenue_growth_yoy': 7.8, 'revenue_accelerating': False, 'rev_accel_quarters': 0}","{'rs_3m': 9.3, 'rs_6m': -21.3, 'rs_line_percentile': 22.9, 'rs_line_at_new_high': False, 'rs_line_trend': 'down', 'rs_line_score': 15}","{'roe_pct': 10.6, 'debt_to_equity': 0.63, 'current_ratio': 1.38, 'operating_margin_pct': 14.7}","{'days_to_earnings': 'N/A', 'recommendation': 'buy', 'analyst_upside_pct': 19.1}",100.98,174734114816,Healthcare,Medical Devices,1.3,2.5,False,135.45,-25.4,1,False,-5.6,120.26,135.0,103.0,25.0,buy,19.1,102.17,1.2,79.68,-21.1,reportado,múltiplo propio,3.0,0.73,True,2023-12-31,4.43,4.47,,2.49,79.0,2.52,1.87,False,-0.46,,9,,14.4,Operating Income,16.2,-47.5,15.0,2026-10-14,False,True,True,6,NEUTRAL,3.98,37.8,,18.2,,,,2026-09-29T05:45:38.661296,,,,,,
SXYAY,Sika AG,49.5,,anual,⚠️ WEAK,🔴 Weak,USD,CHF,True,True,True,1.0,"FCF declarado (1,228,778,701) se aparta del derivado de flujo operativo menos capex (1,638,445,477)",45.0,30.0,65.1,70.0,50.0,60.0,57.5,False,up,-16.2,False,0,-4.8,False,0,"{'eps_growth_yoy': -16.2, 'op_growth_yoy': -11.1, 'crecimiento_respaldado': True, 'positive_quarters': 4, 'earnings_accelerating': False, 'eps_accel_quarters': 0, 'profit_margin_pct': 9.4, 'score_bruto_sin_capar': 45.0, 'satura': False}","{'revenue_growth_yoy': -4.8, 'revenue_accelerating': False, 'rev_accel_quarters': 0}","{'rs_3m': 6.2, 'rs_6m': 17.7, 'rs_line_percentile': 57.5, 'rs_line_at_new_high': False, 'rs_line_trend': 'up', 'rs_line_score': 60}","{'roe_pct': 16.0, 'debt_to_equity': 0.89, 'current_ratio': 1.3, 'operating_margin_pct': 14.3}","{'days_to_earnings': 'N/A', 'recommendation': 'none', 'analyst_upside_pct': 14.5}",22.405,35946414080,Basic Materials,Specialty Chemicals,,,False,24.21,-7.5,6,False,-0.7,25.65,26.3,25.0,2.0,none,14.5,13.99,-37.6,23.68,5.7,reportado,múltiplo propio,4.0,0.58,False,,4.56,1.02,,2.08,57.0,0.46,1.36,,,,9,,,,,-0.3,,,False,False,False,7,NEUTRAL,3.68,45.8,,24.3,,,,2026-09-29T05:45:16.745089,,,,,,
WMT,Walmart Inc.,48.0,,trimestral,⚠️ WEAK,🔴 Weak,USD,USD,False,True,True,1.0,,45.0,60.0,24.0,55.0,65.0,15.0,13.6,False,down,-9.4,False,0,5.9,True,1,"{'eps_growth_yoy': -9.4, 'op_growth_yoy': 28.8, 'crecimiento_respaldado': True, 'positive_quarters': 4, 'earnings_accelerating': False, 'eps_accel_quarters': 0, 'profit_margin_pct': 3.0, 'score_bruto_sin_capar': 45.0, 'satura': False}","{'revenue_growth_yoy': 5.9, 'revenue_accelerating': True, 'rev_accel_quarters': 1}","{'rs_3m': -6.5, 'rs_6m': -33.3, 'rs_line_percentile': 13.6, 'rs_line_at_new_high': False, 'rs_line_trend': 'down', 'rs_line_score': 15}","{'roe_pct': 22.3, 'debt_to_equity': 0.72, 'current_ratio': 0.77, 'operating_margin_pct': 3.5}","{'days_to_earnings': 'N/A', 'recommendation': 'buy', 'analyst_upside_pct': 17.2}",108.73,865281966080,Consumer Defensive,Discount Stores,1.8,2.9,False,135.16,-19.6,2,False,-0.4,127.42,155.0,81.0,40.0,buy,17.2,,,99.95,-8.1,reportado,múltiplo propio,4.0,0.42,False,,1.88,2.04,,0.92,35.0,0.99,1.23,False,-0.47,,9,,13.7,Operating Income,13.4,-9.1,51.0,2026-11-19,False,True,False,7,NEUTRAL,3.2,19.0,1.39,19.7,0.4,0.02,-19.3,2026-09-29T05:43:37.915151,,"el capex se lleva el 62% del flujo operativo: lo que queda no es lo que gana el dueño, es lo que sobra tras decidir invertir",,,,
KHC,The Kraft Heinz Company,47.9,,trimestral,⚠️ WEAK,🔴 Weak,USD,USD,False,True,True,1.0,,58.0,40.0,36.0,55.0,50.0,15.0,22.7,False,down,,False,0,-1.4,True,1,"{'positive_quarters': 3, 'earnings_accelerating': False, 'eps_accel_quarters': 0, 'profit_margin_pct': -13.6, 'score_bruto_sin_capar': 58.0, 'satura': False}","{'revenue_growth_yoy': -1.4, 'revenue_accelerating': True, 'rev_accel_quarters': 1}","{'rs_3m': -1.4, 'rs_6m': -12.7, 'rs_line_percentile': 22.7, 'rs_line_at_new_high': False, 'rs_line_trend': 'down', 'rs_line_score': 15}","{'roe_pct': -8.8, 'debt_to_equity': 0.53, 'current_ratio': 1.06, 'operating_margin_pct': 15.5}","{'days_to_earnings': 'N/A', 'recommendation': 'hold', 'analyst_upside_pct': 8.1}",23.56,27938007040,Consumer Defensive,Packaged Foods,11.0,4.2,True,28.09,-16.1,5,False,-5.6,25.47,41.0,19.0,18.0,hold,8.1,55.32,134.8,,,reportado,,,,,,13.67,3.22,,6.77,73.1,1.6,4.9,False,0.08,,9,,4.4,Operating Income,4.6,,29.0,2026-10-28,False,True,False,5,NEUTRAL,10.45,53.5,6.03,20.0,,,,2026-09-29T05:49:53.859820,,,,,,
TEVA,Teva Pharmaceutical Industries Limited,47.7,,trimestral,⚠️ WEAK,🔴 Weak,USD,USD,False,True,True,1.0,,38.0,40.0,82.7,25.0,60.0,95.0,91.1,False,up,-304.3,False,0,-0.8,True,1,"{'eps_growth_yoy': -304.3, 'op_growth_yoy': -83.4, 'crecimiento_respaldado': True, 'positive_quarters': 3, 'earnings_accelerating': False, 'eps_accel_quarters': 0, 'profit_margin_pct': 4.1, 'score_bruto_sin_capar': 38.0, 'satura': False}","{'revenue_growth_yoy': -0.8, 'revenue_accelerating': True, 'rev_accel_quarters': 1}","{'rs_3m': 12.0, 'rs_6m': 15.4, 'rs_line_percentile': 91.1, 'rs_line_at_new_high': False, 'rs_line_trend': 'up', 'rs_line_score': 95}","{'roe_pct': 9.7, 'debt_to_equity': 2.18, 'current_ratio': 0.88, 'operating_margin_pct': 4.0}","{'days_to_earnings': 'N/A', 'recommendation': 'strong_buy', 'analyst_upside_pct': 13.2}",38.88,45345456128,Healthcare,Drug Manufacturers - Specialty & Generic,2.7,57.4,False,40.79,-4.7,8,True,7.3,44.0,50.0,40.0,5.0,strong_buy,13.2,29.29,-24.7,,,normalizado,,,,,,3.08,1.2,,,,,1.05,False,,,9,,3.6,Operating Income,1.8,,35.0,2026-11-03,False,True,False,8,STRONG,6.75,80.4,0.43,34.1,0.4,0.01,-33.7,2026-09-29T05:51:10.995448,,,sin histórico de múltiplo (beneficio negativo o pocos años),tasa fiscal efectiva 1.7% — el beneficio del periodo no es representativo,,
CL,Colgate-Palmolive Company,46.8,,trimestral,⚠️ WEAK,🔴 Weak,USD,USD,False,True,True,1.0,,38.0,50.0,36.0,65.0,60.0,15.0,11.7,False,down,-6.7,False,0,4.9,False,0,"{'eps_growth_yoy': -6.7, 'op_growth_yoy': -5.9, 'crecimiento_respaldado': True, 'positive_quarters': 3, 'earnings_accelerating': False, 'eps_accel_quarters': 0, 'profit_margin_pct': 9.7, 'score_bruto_sin_capar': 38.0, 'satura': False}","{'revenue_growth_yoy': 4.9, 'revenue_accelerating': False, 'rev_accel_quarters': 0}","{'rs_3m': -7.9, 'rs_6m': -19.6, 'rs_line_percentile': 11.7, 'rs_line_at_new_high': False, 'rs_line_trend': 'down', 'rs_line_score': 15}","{'roe_pct': 267.4, 'debt_to_equity': 13.88, 'current_ratio': 1.03, 'operating_margin_pct': 21.0}","{'days_to_earnings': 'N/A', 'recommendation': 'buy', 'analyst_upside_pct': 14.0}",86.52,68971388928,Consumer Defensive,Household & Personal Products,2.6,4.2,False,99.33,-12.9,4,False,-4.0,98.6,110.0,87.0,20.0,buy,14.0,128.68,48.7,72.02,-16.8,reportado,múltiplo propio,4.0,0.32,False,,5.64,4.88,,2.46,82.3,2.12,2.33,True,-1.41,,9,,15.9,Operating Income,12.5,-3.8,31.0,2026-10-30,False,True,False,5,NEUTRAL,5.59,90.8,2.89,13.1,0.8,0.06,-12.3,2026-09-29T05:46:16.796966,,,,,,
LEN,Lennar Corporation,46.8,,trimestral,⚠️ WEAK,🔴 Weak,USD,USD,False,True,True,0.8738,"acciones × precio no cuadra (ratio 0.8738) pero la divisa sí: son clases múltiples. Se usan 241 M de acciones efectivas (capitalización ÷ precio) en vez de las 211 M declaradas | FCF declarado (716,773,000) se aparta del derivado de flujo operativo menos capex (28,183,000)",55.0,40.0,24.0,70.0,50.0,15.0,7.3,False,down,-36.2,True,1,-5.2,True,1,"{'eps_growth_yoy': -36.2, 'op_growth_yoy': -35.4, 'crecimiento_respaldado': True, 'positive_quarters': 4, 'earnings_accelerating': True, 'eps_accel_quarters': 1, 'profit_margin_pct': 4.1, 'score_bruto_sin_capar': 55.0, 'satura': False}","{'revenue_growth_yoy': -5.2, 'revenue_accelerating': True, 'rev_accel_quarters': 1}","{'rs_3m': -11.6, 'rs_6m': -24.0, 'rs_line_percentile': 7.3, 'rs_line_at_new_high': False, 'rs_line_trend': 'down', 'rs_line_score': 15}","{'roe_pct': 6.0, 'debt_to_equity': 0.28, 'current_ratio': 11.39, 'operating_margin_pct': 5.8}","{'days_to_earnings': 'N/A', 'recommendation': 'hold', 'analyst_upside_pct': -2.4}",82.03,19760627712,Consumer Cyclical,Residential Construction,0.2,0.1,False,133.76,-38.7,0,False,-2.1,80.08,120.0,63.0,13.0,hold,-2.4,,,52.31,-36.2,reportado,múltiplo propio,4.0,1.11,True,,0.14,0.11,,2.43,37.9,2.0,1.5,True,-6.98,,9,,,,,-19.2,77.0,2026-12-15,False,True,False,4,NEUTRAL,11.22,11.2,,38.9,,,,2026-09-29T05:50:50.787225,240895132.0,"el capex se lleva el 87% del flujo operativo: lo que queda no es lo que gana el dueño, es lo que sobra tras decidir invertir",,,,
LPX,Louisiana-Pacific Corporation,46.2,,trimestral,⚠️ WEAK,🔴 Weak,USD,USD,False,True,True,1.0,"FCF declarado (-21,000,000) se aparta del derivado de flujo operativo menos capex (-33,000,000)",38.0,50.0,24.0,70.0,70.0,15.0,3.8,False,down,-51.9,False,0,-12.1,True,2,"{'eps_growth_yoy': -51.9, 'op_growth_yoy': -64.4, 'crecimiento_respaldado': True, 'positive_quarters': 3, 'earnings_accelerating': False, 'eps_accel_quarters': 0, 'profit_margin_pct': 2.2, 'score_bruto_sin_capar': 38.0, 'satura': False}","{'revenue_growth_yoy': -12.1, 'revenue_accelerating': True, 'rev_accel_quarters': 2}","{'rs_3m': -18.5, 'rs_6m': -27.0, 'rs_line_percentile': 3.8, 'rs_line_at_new_high': False, 'rs_line_trend': 'down', 'rs_line_score': 15}","{'roe_pct': 3.1, 'debt_to_equity': 0.22, 'current_ratio': 3.22, 'operating_margin_pct': 5.3}","{'days_to_earnings': 'N/A', 'recommendation': 'buy', 'analyst_upside_pct': 39.4}",66.06,4619140096,Industrials,Building Products & Equipment,11.8,7.8,True,100.34,-34.2,0,False,-6.7,92.07,107.0,74.0,14.0,buy,39.4,,,,,reportado,,,,,,-0.71,-0.47,,1.8,150.6,1.2,1.27,False,0.0,,9,,7.4,Operating Income,6.1,-51.8,36.0,2026-11-04,False,True,False,5,NEUTRAL,5.43,11.5,,28.3,6.3,0.22,-22.0,2026-09-29T05:50:46.959637,,"el capex se lleva el 113% del flujo operativo: lo que queda no es lo que gana el dueño, es lo que sobra tras decidir invertir",los P/E históricos se separan 2.0x la mediana: el ancla la decidiría un año suelto,,,
KR,The Kroger Co.,45.7,,trimestral,⚠️ WEAK,🔴 Weak,USD,USD,False,True,True,1.0,,58.0,50.0,26.7,30.0,60.0,15.0,13.1,False,flat,5.3,False,0,2.0,False,0,"{'eps_growth_yoy': 5.3, 'op_growth_yoy': 12.5, 'crecimiento_respaldado': True, 'positive_quarters': 3, 'earnings_accelerating': False, 'eps_accel_quarters': 0, 'profit_margin_pct': 0.7, 'score_bruto_sin_capar': 58.0, 'satura': False}","{'revenue_growth_yoy': 2.0, 'revenue_accelerating': False, 'rev_accel_quarters': 0}","{'rs_3m': 5.5, 'rs_6m': -39.8, 'rs_line_percentile': 13.1, 'rs_line_at_new_high': False, 'rs_line_trend': 'flat', 'rs_line_score': 15}","{'roe_pct': 14.4, 'debt_to_equity': 4.13, 'current_ratio': 0.7, 'operating_margin_pct': 3.0}","{'days_to_earnings': 'N/A', 'recommendation': 'buy', 'analyst_upside_pct': 13.8}",59.69,35252236288,Consumer Defensive,Grocery Stores,5.0,4.4,False,76.58,-22.1,3,False,3.2,67.91,85.0,57.0,22.0,buy,13.8,,,,,reportado,,,,,,8.09,4.83,,2.66,75.7,1.56,2.04,True,-8.57,,9,,3.2,Operating Income,3.0,10.7,65.0,2026-12-03,False,True,False,7,NEUTRAL,3.27,6.1,,27.1,0.8,0.03,-26.3,2026-09-29T05:49:58.042977,,"el capex se lleva el 57% del flujo operativo: lo que queda no es lo que gana el dueño, es lo que sobra tras decidir invertir",los P/E históricos se separan 1.7x la mediana: el ancla la decidiría un año suelto,,,
TLC.AX,The Lottery Corporation Limited,42.8,,anual,⚠️ WEAK,🔴 Weak,AUD,AUD,False,True,True,1.0,"FCF declarado (1,410,349,952) se aparta del derivado de flujo operativo menos capex (317,900,000)",45.0,40.0,30.0,45.0,65.0,,,,,-22.1,False,0,-4.6,True,1,"{'eps_growth_yoy': -22.1, 'op_growth_yoy': -6.8, 'crecimiento_respaldado': True, 'positive_quarters': 4, 'earnings_accelerating': False, 'eps_accel_quarters': 0, 'profit_margin_pct': 7.9, 'score_bruto_sin_capar': 45.0, 'satura': False}","{'revenue_growth_yoy': -4.6, 'revenue_accelerating': True, 'rev_accel_quarters': 1}","{'rs_3m': -13.7, 'rs_6m': -31.4}","{'roe_pct': 97.2, 'debt_to_equity': 9.48, 'current_ratio': 0.36, 'operating_margin_pct': 16.5}","{'days_to_earnings': 'N/A', 'recommendation': 'buy', 'analyst_upside_pct': 17.8}",4.8,10683705344,Consumer Cyclical,Gambling,,,False,5.9,-18.6,2,False,-6.2,5.65,6.4,5.0,15.0,buy,17.8,3.45,-28.1,4.52,-5.8,reportado,múltiplo propio,4.0,0.55,False,,2.98,0.14,,3.56,128.9,0.17,,,,,7,,,,,-28.8,141.0,2027-02-17,False,True,False,3,NEUTRAL,4.59,317.5,11.16,13.8,,,,2026-09-29T05:47:57.841110,,,,,,
GPK,Graphic Packaging Holding Company,41.0,,trimestral,⚠️ WEAK,🔴 Weak,USD,USD,False,True,True,1.0,"FCF declarado (189,000,000) se aparta del derivado de flujo operativo menos capex (-129,000,000)",48.0,30.0,24.0,55.0,60.0,15.0,0.7,False,down,-76.9,True,1,-0.7,False,0,"{'eps_growth_yoy': -76.9, 'op_growth_yoy': -51.0, 'crecimiento_respaldado': True, 'positive_quarters': 3, 'earnings_accelerating': True, 'eps_accel_quarters': 1, 'profit_margin_pct': 2.2, 'score_bruto_sin_capar': 48.0, 'satura': False}","{'revenue_growth_yoy': -0.7, 'revenue_accelerating': False, 'rev_accel_quarters': 0}","{'rs_3m': -14.2, 'rs_6m': -21.3, 'rs_line_percentile': 0.7, 'rs_line_at_new_high': False, 'rs_line_trend': 'down', 'rs_line_score': 15}","{'roe_pct': 6.0, 'debt_to_equity': 1.76, 'current_ratio': 1.38, 'operating_margin_pct': 4.5}","{'days_to_earnings': 'N/A', 'recommendation': 'hold', 'analyst_upside_pct': 34.1}",9.25,2738662144,Consumer Cyclical,Packaging & Containers,9.0,4.5,True,19.71,-53.1,0,False,-13.5,12.4,18.0,10.0,11.0,hold,34.1,,,6.96,-24.8,reportado,múltiplo propio,4.0,0.21,False,,-4.71,-0.44,,4.69,67.7,0.44,1.79,True,-1.62,,9,,2.4,Operating Income,2.0,-30.6,41.0,2026-11-09,False,True,False,5,NEUTRAL,10.26,13.3,,40.8,12.5,0.31,-28.3,2026-09-29T05:51:22.374745,,"el capex se lleva el 116% del flujo operativo: lo que queda no es lo que gana el dueño, es lo que sobra tras decidir invertir",,,,
CHTR,"Charter Communications, Inc.",40.5,,trimestral,⚠️ WEAK,🔴 Weak,USD,USD,False,True,True,0.8807,acciones × precio no cuadra (ratio 0.8807) pero la divisa sí: son clases múltiples. Se usan 130 M de acciones efectivas (capitalización ÷ precio) en vez de las 114 M declaradas,55.0,30.0,15.0,50.0,60.0,15.0,0.0,False,down,-0.7,True,1,-1.7,False,0,"{'eps_growth_yoy': -0.7, 'op_growth_yoy': -7.3, 'crecimiento_respaldado': True, 'positive_quarters': 4, 'earnings_accelerating': True, 'eps_accel_quarters': 1, 'profit_margin_pct': 9.1, 'score_bruto_sin_capar': 55.0, 'satura': False}","{'revenue_growth_yoy': -1.7, 'revenue_accelerating': False, 'rev_accel_quarters': 0}","{'rs_3m': -24.4, 'rs_6m': -71.3, 'rs_line_percentile': 0.0, 'rs_line_at_new_high': False, 'rs_line_trend': 'down', 'rs_line_score': 15}","{'roe_pct': 27.2, 'debt_to_equity': 4.42, 'current_ratio': 0.36, 'operating_margin_pct': 23.5}","{'days_to_earnings': 'N/A', 'recommendation': 'hold', 'analyst_upside_pct': 59.8}",111.4,14477277184,Communication Services,Telecom Services,38.8,5.2,True,285.82,-61.0,0,False,-21.4,178.05,380.0,101.0,19.0,hold,59.8,,,,,reportado,múltiplo propio,4.0,0.69,False,,26.94,30.01,18.9,,,,,True,-14.42,,9,,2.6,Operating Income,2.5,6.4,31.0,2026-10-30,False,True,False,7,NEUTRAL,11.64,28.7,0.47,63.0,,,,2026-09-29T05:50:09.724987,129957605.0,"el capex se lleva el 71% del flujo operativo: lo que queda no es lo que gana el dueño, es lo que sobra tras decidir invertir","objetivo 395 sobre un precio de 111 (+255%): el BPA no cuadra con el múltiplo histórico, no se publica",,,
KD,"Kyndryl Holdings, Inc.",33.0,,trimestral,⚠️ WEAK,🔴 Weak,USD,USD,False,True,True,1.0,,38.0,30.0,24.0,25.0,55.0,15.0,1.2,False,down,-198.2,False,0,-3.3,False,0,"{'eps_growth_yoy': -198.2, 'op_growth_yoy': -28.0, 'crecimiento_respaldado': True, 'positive_quarters': 3, 'earnings_accelerating': False, 'eps_accel_quarters': 0, 'profit_margin_pct': 0.6, 'score_bruto_sin_capar': 38.0, 'satura': False}","{'revenue_growth_yoy': -3.3, 'revenue_accelerating': False, 'rev_accel_quarters': 0}","{'rs_3m': -3.5, 'rs_6m': -32.3, 'rs_line_percentile': 1.2, 'rs_line_at_new_high': False, 'rs_line_trend': 'down', 'rs_line_score': 15}","{'roe_pct': 6.9, 'debt_to_equity': 4.22, 'current_ratio': 0.85, 'operating_margin_pct': 2.9}","{'days_to_earnings': 'N/A', 'recommendation': 'none', 'analyst_upside_pct': 26.4}",11.23,2446098944,Technology,Information Technology Services,14.4,8.8,True,30.99,-63.8,0,False,-13.0,14.2,16.0,13.0,5.0,none,26.4,,,,,normalizado,,,,,,6.3,0.71,,,,,,True,-7.74,,9,,5.7,Operating Income,3.4,,35.0,2026-11-03,False,True,False,6,NEUTRAL,11.83,18.8,0.15,40.5,,,,2026-09-29T05:51:40.914050,,"el capex se lleva el 80% del flujo operativo: lo que queda no es lo que gana el dueño, es lo que sobra tras decidir invertir",sin histórico de múltiplo (beneficio negativo o pocos años),tasa fiscal efectiva 65.2% — el beneficio del periodo no es representativo,,
