ticker,company_name,fundamental_score,sin_score_motivo,base_periodos,tier,quality,price_currency,financial_currency,fx_applied,fx_reliable,per_share_reliable,shares_price_ratio,coherence_issues,earnings_quality_score,growth_acceleration_score,relative_strength_score,financial_health_score,catalyst_timing_score,rs_line_score,rs_line_percentile,rs_line_at_new_high,rs_line_trend,eps_growth_yoy,eps_accelerating,eps_accel_quarters,rev_growth_yoy,rev_accelerating,rev_accel_quarters,earnings_details,growth_details,rs_details,health_details,catalyst_details,current_price,market_cap,sector,industry,short_percent_float,short_ratio,short_squeeze_potential,fifty_two_week_high,proximity_to_52w_high,trend_template_score,trend_template_pass,dist_ma50_pct,target_price_analyst,target_price_analyst_high,target_price_analyst_low,analyst_count,analyst_recommendation,analyst_upside_pct,target_price_dcf,target_price_dcf_upside_pct,target_price_pe,target_price_pe_upside_pct,pe_eps_usado,pe_ancla,pe_ancla_n,pe_ancla_dispersion,pe_ancla_fragil,pe_ancla_excluidos,fcf_yield_pct,fcf_per_share,fcf_minoritarios_pct,dividend_yield_pct,payout_ratio_pct,dividend_rate,five_yr_avg_dividend_yield_pct,buyback_active,shares_change_pct,ai_descartados,piotroski_evaluables,piotroski_motivo,interest_coverage,interest_coverage_base,interest_coverage_ebit,analyst_revision_momentum,days_to_earnings,earnings_date,earnings_warning,earnings_fecha_conocida,earnings_catalyst,piotroski_score,piotroski_label,ebit_ev_yield,roic_greenblatt,peg_ratio,hv_30d,atm_iv,iv_ratio,iv_premium_pts,analyzed_at,pe_sin_ancla_motivo,acciones_efectivas,dcf_no_aplicable,pe_eps_motivo,per_share_no_fiable,shares_change_es_gasto
ASML,ASML Holding N.V.,85.6,,trimestral,🏆 ELITE,🟢 Elite,USD,EUR,True,True,True,1.0,,100.0,80.0,76.7,95.0,60.0,80.0,78.3,False,up,27.4,True,1,21.3,True,1,"{'eps_growth_yoy': 27.4, 'op_growth_yoy': 29.7, 'crecimiento_respaldado': True, 'positive_quarters': 4, 'earnings_accelerating': True, 'eps_accel_quarters': 1, 'profit_margin_pct': 30.1, 'score_bruto_sin_capar': 105.0, 'satura': True}","{'revenue_growth_yoy': 21.3, 'revenue_accelerating': True, 'rev_accel_quarters': 1}","{'rs_3m': 1.1, 'rs_6m': 24.7, 'rs_line_percentile': 78.3, 'rs_line_at_new_high': False, 'rs_line_trend': 'up', 'rs_line_score': 80}","{'roe_pct': 53.9, 'debt_to_equity': 0.09, 'current_ratio': 1.33, 'operating_margin_pct': 37.1}","{'days_to_earnings': 'N/A', 'recommendation': 'strong_buy', 'analyst_upside_pct': 12.5}",1859.86,714372218880,Technology,Semiconductor Equipment & Materials,0.4,1.2,False,1999.96,-7.0,8,True,7.9,2093.17,2845.32,867.31,16.0,strong_buy,12.5,585.37,-68.5,1150.08,-38.2,reportado,múltiplo propio,4.0,0.2,False,,1.57,29.2,,0.49,28.5,9.08,0.76,False,-0.9,,7,,,,,28.5,8.0,2026-10-14,False,True,True,6,NEUTRAL,0.03,77.5,1.56,41.0,,,,2026-10-06T06:24:10.937924,,,,,,
FTNT,"Fortinet, Inc.",85.2,,trimestral,🏆 ELITE,🟢 Elite,USD,USD,False,True,True,1.0,,100.0,80.0,88.3,90.0,40.0,100.0,100.0,True,up,37.8,True,1,25.6,True,1,"{'eps_growth_yoy': 37.8, 'op_growth_yoy': 50.5, 'crecimiento_respaldado': True, 'positive_quarters': 4, 'earnings_accelerating': True, 'eps_accel_quarters': 1, 'profit_margin_pct': 28.2, 'score_bruto_sin_capar': 105.0, 'satura': True}","{'revenue_growth_yoy': 25.6, 'revenue_accelerating': True, 'rev_accel_quarters': 1}","{'rs_3m': 13.3, 'rs_6m': 101.8, 'rs_line_percentile': 100.0, 'rs_line_at_new_high': True, 'rs_line_trend': 'up', 'rs_line_score': 100}","{'roe_pct': 117.4, 'debt_to_equity': 0.36, 'current_ratio': 1.28, 'operating_margin_pct': 33.6}","{'days_to_earnings': 'N/A', 'recommendation': 'hold', 'analyst_upside_pct': -10.8}",184.13,135098703872,Technology,Software - Infrastructure,2.3,3.2,False,184.61,-0.3,8,True,12.1,164.32,220.0,104.0,36.0,hold,-10.8,100.88,-45.2,116.0,-37.0,reportado,múltiplo propio,4.0,0.32,False,,2.24,4.12,,,,,,True,-4.24,,9,,135.7,Operating Income,146.7,17.6,22.0,2026-10-28,False,True,False,6,NEUTRAL,1.58,83.9,1.62,37.7,0.8,0.02,-36.9,2026-10-06T06:24:37.967300,,,,,,
CVX,Chevron Corporation,83.8,,trimestral,🏆 ELITE,🟢 Elite,USD,USD,False,True,True,1.0,,100.0,100.0,50.3,85.0,60.0,35.0,46.2,False,up,384.8,True,2,51.4,True,2,"{'eps_growth_yoy': 384.8, 'op_growth_yoy': 251.9, 'crecimiento_respaldado': False, 'crecimiento_puntuado': 276.9, 'positive_quarters': 4, 'earnings_accelerating': True, 'eps_accel_quarters': 2, 'profit_margin_pct': 9.8, 'score_bruto_sin_capar': 115.0, 'satura': True}","{'revenue_growth_yoy': 51.4, 'revenue_accelerating': True, 'rev_accel_quarters': 2}","{'rs_3m': 14.2, 'rs_6m': -13.8, 'rs_line_percentile': 46.2, 'rs_line_at_new_high': False, 'rs_line_trend': 'up', 'rs_line_score': 35}","{'roe_pct': 12.2, 'debt_to_equity': 0.19, 'current_ratio': 1.25, 'operating_margin_pct': 21.9}","{'days_to_earnings': 'N/A', 'recommendation': 'buy', 'analyst_upside_pct': 8.8}",206.47,405012250624,Energy,Oil & Gas Integrated,1.1,2.6,False,217.78,-5.2,7,True,2.1,224.62,250.0,175.0,24.0,buy,8.8,265.27,28.5,132.73,-35.7,reportado,múltiplo propio,4.0,1.09,True,,6.91,14.27,,3.45,67.2,7.12,3.88,True,-2.75,,9,,18.1,Operating Income,22.5,321.9,24.0,2026-10-30,False,True,False,5,NEUTRAL,3.8,7.4,,21.8,,,,2026-10-06T06:25:22.534694,,,,,,True
APH,Amphenol Corporation,82.9,,trimestral,🏆 ELITE,🟢 Elite,USD,USD,False,True,True,1.0,,90.0,90.0,73.1,85.0,60.0,80.0,81.2,False,up,26.5,False,0,58.4,True,1,"{'eps_growth_yoy': 26.5, 'op_growth_yoy': 82.3, 'crecimiento_respaldado': True, 'positive_quarters': 4, 'earnings_accelerating': False, 'eps_accel_quarters': 0, 'profit_margin_pct': 17.7, 'score_bruto_sin_capar': 90.0, 'satura': False}","{'revenue_growth_yoy': 58.4, 'revenue_accelerating': True, 'rev_accel_quarters': 1}","{'rs_3m': 6.3, 'rs_6m': 18.2, 'rs_line_percentile': 81.2, 'rs_line_at_new_high': False, 'rs_line_trend': 'up', 'rs_line_score': 80}","{'roe_pct': 38.1, 'debt_to_equity': 1.2, 'current_ratio': 1.89, 'operating_margin_pct': 29.8}","{'days_to_earnings': 'N/A', 'recommendation': 'strong_buy', 'analyst_upside_pct': 14.2}",87.27,215204921344,Technology,Electronic Components,1.5,2.8,False,89.26,-2.2,8,True,7.4,99.68,115.0,85.0,19.0,strong_buy,14.2,41.43,-52.5,33.49,-61.6,reportado,múltiplo propio,4.0,0.48,False,,2.27,1.98,,0.57,22.9,0.5,0.76,False,1.34,,9,,13.7,Operating Income,13.6,59.3,22.0,2026-10-28,False,True,False,6,NEUTRAL,2.61,37.9,0.89,35.8,0.2,0.01,-35.6,2026-10-06T06:23:23.404634,,,,,,
MSFT,Microsoft Corporation,82.8,,trimestral,🏆 ELITE,🟢 Elite,USD,USD,False,True,True,1.0,,100.0,70.0,75.0,95.0,60.0,60.0,63.5,False,up,31.3,True,1,17.7,True,1,"{'eps_growth_yoy': 31.3, 'op_growth_yoy': 18.3, 'crecimiento_respaldado': True, 'positive_quarters': 4, 'earnings_accelerating': True, 'eps_accel_quarters': 1, 'profit_margin_pct': 40.3, 'score_bruto_sin_capar': 105.0, 'satura': True}","{'revenue_growth_yoy': 17.7, 'revenue_accelerating': True, 'rev_accel_quarters': 1}","{'rs_3m': 33.1, 'rs_6m': 23.5, 'rs_line_percentile': 63.5, 'rs_line_at_new_high': False, 'rs_line_trend': 'up', 'rs_line_score': 60}","{'roe_pct': 34.0, 'debt_to_equity': 0.29, 'current_ratio': 1.23, 'operating_margin_pct': 45.1}","{'days_to_earnings': 'N/A', 'recommendation': 'strong_buy', 'analyst_upside_pct': 10.9}",525.18,3899747991552,Technology,Software - Infrastructure,0.9,3.2,False,553.72,-5.2,6,False,7.1,582.6,870.0,440.0,53.0,strong_buy,10.9,,,641.29,22.1,reportado,múltiplo propio,4.0,0.47,False,,1.72,9.03,,0.75,19.8,3.92,0.78,False,-0.24,,9,,50.9,Operating Income,55.4,31.7,22.0,2026-10-28,False,True,False,6,NEUTRAL,3.93,41.3,0.97,22.3,,,,2026-10-06T06:18:19.333453,,,"el capex se lleva el 63% del flujo operativo: lo que queda no es lo que gana el dueño, es lo que sobra tras decidir invertir",,,
AVGO,Broadcom Inc.,82.7,,trimestral,🏆 ELITE,🟢 Elite,USD,USD,False,True,True,1.0,,100.0,100.0,36.0,90.0,70.0,15.0,10.4,False,down,216.1,True,2,85.5,True,2,"{'eps_growth_yoy': 216.1, 'op_growth_yoy': 164.4, 'crecimiento_respaldado': False, 'crecimiento_puntuado': 189.4, 'positive_quarters': 4, 'earnings_accelerating': True, 'eps_accel_quarters': 2, 'profit_margin_pct': 42.9, 'score_bruto_sin_capar': 125.0, 'satura': True}","{'revenue_growth_yoy': 85.5, 'revenue_accelerating': True, 'rev_accel_quarters': 2}","{'rs_3m': -10.8, 'rs_6m': -9.2, 'rs_line_percentile': 10.4, 'rs_line_at_new_high': False, 'rs_line_trend': 'down', 'rs_line_score': 15}","{'roe_pct': 44.2, 'debt_to_equity': 0.6, 'current_ratio': 2.5, 'operating_margin_pct': 54.3}","{'days_to_earnings': 'N/A', 'recommendation': 'strong_buy', 'analyst_upside_pct': 46.6}",362.51,1730488696832,Technology,Semiconductors,1.1,2.0,False,495.0,-26.8,1,False,-2.6,531.31,715.0,215.88,47.0,strong_buy,46.6,149.79,-58.7,,,normalizado,,,,,,2.31,8.37,,0.72,32.4,2.6,1.26,False,0.56,,9,,13.9,Operating Income,14.0,215.3,64.0,2026-12-09,False,True,False,8,STRONG,1.48,167.3,0.91,33.1,0.8,0.02,-32.3,2026-10-06T06:24:15.293321,los P/E históricos se separan 2.5x la mediana: el ancla la decidiría un año suelto,,,tasa fiscal efectiva 5.4% — el beneficio del periodo no es representativo,,
WST,"West Pharmaceutical Services, Inc.",82.2,,trimestral,🏆 ELITE,🟢 Elite,USD,USD,False,True,True,1.0,,100.0,60.0,84.7,95.0,60.0,100.0,95.8,True,up,16.8,True,2,13.8,False,0,"{'eps_growth_yoy': 16.8, 'op_growth_yoy': 20.8, 'crecimiento_respaldado': True, 'positive_quarters': 4, 'earnings_accelerating': True, 'eps_accel_quarters': 2, 'profit_margin_pct': 17.0, 'score_bruto_sin_capar': 100.0, 'satura': False}","{'revenue_growth_yoy': 13.8, 'revenue_accelerating': False, 'rev_accel_quarters': 0}","{'rs_3m': 2.4, 'rs_6m': 27.3, 'rs_line_percentile': 95.8, 'rs_line_at_new_high': True, 'rs_line_trend': 'up', 'rs_line_score': 100}","{'roe_pct': 19.1, 'debt_to_equity': 0.11, 'current_ratio': 2.82, 'operating_margin_pct': 22.5}","{'days_to_earnings': 'N/A', 'recommendation': 'strong_buy', 'analyst_upside_pct': 8.4}",376.76,26514771968,Healthcare,Medical Instruments & Supplies,4.0,4.9,False,386.0,-2.4,8,True,6.8,408.5,459.0,340.0,16.0,strong_buy,8.4,78.72,-79.1,330.95,-12.2,reportado,múltiplo propio,4.0,0.44,False,,1.42,5.35,,0.23,11.1,0.88,0.24,True,-1.66,,9,,160.6,Operating Income,155.1,18.1,16.0,2026-10-22,False,True,True,7,NEUTRAL,2.41,20.1,,24.2,0.8,0.03,-23.4,2026-10-06T06:20:06.014116,,,,,,
TECK,Teck Resources Limited,80.6,,trimestral,🏆 ELITE,🟢 Elite,USD,CAD,True,True,True,0.9845,"FCF declarado (1,925,000,000) se aparta del derivado de flujo operativo menos capex (1,193,791,073)",100.0,80.0,76.7,75.0,40.0,80.0,81.6,False,up,314.6,False,0,78.2,False,0,"{'eps_growth_yoy': 314.6, 'op_growth_yoy': 425.2, 'crecimiento_respaldado': True, 'positive_quarters': 4, 'earnings_accelerating': False, 'eps_accel_quarters': 0, 'profit_margin_pct': 17.9, 'score_bruto_sin_capar': 100.0, 'satura': False}","{'revenue_growth_yoy': 78.2, 'revenue_accelerating': False, 'rev_accel_quarters': 0}","{'rs_3m': 16.9, 'rs_6m': 11.4, 'rs_line_percentile': 81.6, 'rs_line_at_new_high': False, 'rs_line_trend': 'up', 'rs_line_score': 80}","{'roe_pct': 8.7, 'debt_to_equity': 0.34, 'current_ratio': 3.12, 'operating_margin_pct': 43.1}","{'days_to_earnings': 'N/A', 'recommendation': 'hold', 'analyst_upside_pct': -22.7}",67.87,33297022976,Basic Materials,Copper,,4.5,False,72.56,-6.5,8,True,2.8,52.5,67.12,34.96,4.0,hold,-22.7,,,,,normalizado,,,,,,3.59,2.44,,0.52,9.8,0.35,0.83,True,-1.05,,6,solo 6 de los 9 criterios son calculables con los estados de esta empresa,5.2,Operating Income,6.5,129.8,23.0,2026-10-29,False,True,False,5,,4.05,4.2,0.63,40.0,0.4,0.01,-39.6,2026-10-06T06:26:49.768217,sin histórico de múltiplo (beneficio negativo o pocos años),,"el capex se lleva el 63% del flujo operativo: lo que queda no es lo que gana el dueño, es lo que sobra tras decidir invertir",tasa fiscal efectiva 39.3% — el beneficio del periodo no es representativo,,
KYCCF,Keyence Corporation,80.1,,anual,🏆 ELITE,🟢 Elite,USD,JPY,True,True,True,1.0,,100.0,80.0,76.7,65.0,50.0,80.0,76.2,False,up,11.7,True,2,10.4,True,2,"{'eps_growth_yoy': 11.7, 'op_growth_yoy': 8.4, 'crecimiento_respaldado': True, 'positive_quarters': 4, 'earnings_accelerating': True, 'eps_accel_quarters': 2, 'profit_margin_pct': 39.2, 'score_bruto_sin_capar': 105.0, 'satura': True}","{'revenue_growth_yoy': 10.4, 'revenue_accelerating': True, 'rev_accel_quarters': 2}","{'rs_3m': 9.0, 'rs_6m': 29.0, 'rs_line_percentile': 76.2, 'rs_line_at_new_high': False, 'rs_line_trend': 'up', 'rs_line_score': 80}","{'current_ratio': 11.87, 'operating_margin_pct': 54.0}","{'days_to_earnings': 'N/A', 'recommendation': 'none'}",520.91,126333763584,Technology,Scientific & Technical Instruments,,,False,581.6,-10.4,8,True,2.4,,,,,none,,35537.23,6722.1,,,reportado,,,,,,318.45,1658.84,,0.67,30.0,3.49,0.42,,,,9,,,,,25.5,23.0,2026-10-29,False,True,False,5,NEUTRAL,,31.6,1.43,34.4,,,,2026-10-06T06:24:19.262437,múltiplo propio 0x fuera del rango 8-45,,,,,
NUE,Nucor Corporation,79.3,,trimestral,⭐⭐⭐ EXCELLENT,🟢 Excellent,USD,USD,False,True,True,1.0,"FCF declarado (1,211,000,000) se aparta del derivado de flujo operativo menos capex (766,533,165)",95.0,70.0,76.7,80.0,60.0,80.0,78.5,False,down,91.7,False,0,23.0,False,0,"{'eps_growth_yoy': 91.7, 'op_growth_yoy': 77.3, 'crecimiento_respaldado': True, 'positive_quarters': 4, 'earnings_accelerating': False, 'eps_accel_quarters': 0, 'profit_margin_pct': 8.0, 'score_bruto_sin_capar': 95.0, 'satura': False}","{'revenue_growth_yoy': 23.0, 'revenue_accelerating': False, 'rev_accel_quarters': 0}","{'rs_3m': 7.0, 'rs_6m': 27.7, 'rs_line_percentile': 78.5, 'rs_line_at_new_high': False, 'rs_line_trend': 'down', 'rs_line_score': 80}","{'roe_pct': 14.5, 'debt_to_equity': 0.31, 'current_ratio': 2.51, 'operating_margin_pct': 15.7}","{'days_to_earnings': 'N/A', 'recommendation': 'buy', 'analyst_upside_pct': 12.9}",251.41,57038815232,Basic Materials,Steel,2.5,3.1,False,280.11,-10.2,7,True,-1.5,283.81,310.0,226.0,16.0,buy,12.9,,,,,reportado,,,,,,1.34,3.37,23.5,0.89,17.8,2.24,1.33,False,-1.0,,9,,28.7,Operating Income,29.3,93.8,20.0,2026-10-26,False,True,True,6,NEUTRAL,4.25,11.5,,36.0,,,,2026-10-06T06:26:00.401987,los P/E históricos se separan 1.5x la mediana: el ancla la decidiría un año suelto,,"el capex se lleva el 77% del flujo operativo: lo que queda no es lo que gana el dueño, es lo que sobra tras decidir invertir",,,
AAPL,Apple Inc.,79.3,,trimestral,⭐⭐⭐ EXCELLENT,🟢 Excellent,USD,USD,False,True,True,1.0,,100.0,70.0,65.1,85.0,60.0,60.0,66.2,False,down,27.1,True,1,16.4,True,1,"{'eps_growth_yoy': 27.1, 'op_growth_yoy': 26.6, 'crecimiento_respaldado': True, 'positive_quarters': 4, 'earnings_accelerating': True, 'eps_accel_quarters': 1, 'profit_margin_pct': 27.6, 'score_bruto_sin_capar': 105.0, 'satura': True}","{'revenue_growth_yoy': 16.4, 'revenue_accelerating': True, 'rev_accel_quarters': 1}","{'rs_3m': 2.1, 'rs_6m': 13.4, 'rs_line_percentile': 66.2, 'rs_line_at_new_high': False, 'rs_line_trend': 'down', 'rs_line_score': 60}","{'roe_pct': 148.8, 'debt_to_equity': 0.78, 'current_ratio': 1.0, 'operating_margin_pct': 32.6}","{'days_to_earnings': 'N/A', 'recommendation': 'buy', 'analyst_upside_pct': -1.4}",332.89,4858257080320,Technology,Consumer Electronics,0.9,3.0,False,345.34,-3.6,7,True,3.3,328.09,405.0,215.0,39.0,buy,-1.4,162.92,-51.1,268.24,-19.4,reportado,múltiplo propio,4.0,0.51,False,,2.76,9.19,,0.32,12.0,1.08,0.47,True,-1.56,,9,,,,,20.1,23.0,2026-10-29,False,True,False,8,STRONG,2.73,267.0,5.04,22.5,0.8,0.03,-21.7,2026-10-06T06:24:59.387951,,,,,,
BRK-B,Berkshire Hathaway Inc.,79.2,,trimestral,⭐⭐⭐ EXCELLENT,🟢 Excellent,USD,USD,False,True,True,0.6577,"acciones × precio no cuadra (ratio 0.6577) pero la divisa sí: son clases múltiples. Se usan 2,141 M de acciones efectivas (capitalización ÷ precio) en vez de las 1,408 M declaradas",100.0,90.0,36.0,90.0,60.0,15.0,18.1,False,down,457.6,True,1,41.5,True,1,"{'eps_growth_yoy': 457.6, 'op_growth_yoy': 421.4, 'crecimiento_respaldado': False, 'crecimiento_puntuado': 446.4, 'positive_quarters': 4, 'earnings_accelerating': True, 'eps_accel_quarters': 1, 'profit_margin_pct': 22.3, 'score_bruto_sin_capar': 115.0, 'satura': True}","{'revenue_growth_yoy': 41.5, 'revenue_accelerating': True, 'rev_accel_quarters': 1}","{'rs_3m': -2.3, 'rs_6m': -12.7, 'rs_line_percentile': 18.1, 'rs_line_at_new_high': False, 'rs_line_trend': 'down', 'rs_line_score': 15}","{'roe_pct': 12.1, 'debt_to_equity': 0.17, 'current_ratio': 2.89, 'operating_margin_pct': 32.6}","{'days_to_earnings': 'N/A', 'recommendation': 'buy', 'analyst_upside_pct': 8.6}",504.26,1079474323456,Financial Services,Insurance - Diversified,1.0,3.2,False,537.74,-6.2,4,False,-0.7,547.67,604.0,510.0,3.0,buy,8.6,,,436.73,-13.4,reportado,múltiplo propio,3.0,0.74,True,,2.38,12.0,,,,,,False,-0.41,,7,,17.1,EBIT,17.1,75.5,32.0,2026-11-07,False,True,False,4,NEUTRAL,,,0.78,11.6,0.2,0.02,-11.4,2026-10-06T06:20:44.272693,,2140709799.0,"Insurance - Diversified: el flujo operativo son depósitos, préstamos o primas, no caja libre para el accionista",,,True
TNE.AX,Technology One Limited,78.8,,anual,⭐⭐⭐ EXCELLENT,🟢 Excellent,AUD,AUD,False,True,True,1.0,,95.0,80.0,50.0,95.0,60.0,,,,,16.6,True,1,18.2,True,2,"{'eps_growth_yoy': 16.6, 'op_growth_yoy': 18.3, 'crecimiento_respaldado': True, 'positive_quarters': 4, 'earnings_accelerating': True, 'eps_accel_quarters': 1, 'profit_margin_pct': 22.4, 'score_bruto_sin_capar': 95.0, 'satura': False}","{'revenue_growth_yoy': 18.2, 'revenue_accelerating': True, 'rev_accel_quarters': 2}","{'rs_3m': -6.3, 'rs_6m': -7.1}","{'roe_pct': 33.5, 'debt_to_equity': 0.12, 'current_ratio': 1.12, 'operating_margin_pct': 27.1}","{'days_to_earnings': 'N/A', 'recommendation': 'buy', 'analyst_upside_pct': 2.7}",30.15,9870161920,Technology,Software - Application,,,False,39.99,-24.6,6,False,-2.5,30.96,34.25,22.0,15.0,buy,2.7,20.38,-32.4,,,reportado,,,,,,2.02,0.61,,0.91,62.0,0.28,0.92,,,,7,,,,,4.4,41.0,2026-11-17,False,True,False,3,NEUTRAL,1.76,152.7,3.32,27.1,,,,2026-10-06T06:22:15.139644,múltiplo propio 56x fuera del rango 8-45,,,,,
4684.T,"OBIC Co.,Ltd.",78.3,,anual,⭐⭐⭐ EXCELLENT,🟢 Excellent,JPY,JPY,False,True,True,1.0,,95.0,70.0,79.0,70.0,60.0,,,,,16.4,True,1,11.5,True,1,"{'eps_growth_yoy': 16.4, 'op_growth_yoy': 13.3, 'crecimiento_respaldado': True, 'positive_quarters': 4, 'earnings_accelerating': True, 'eps_accel_quarters': 1, 'profit_margin_pct': 56.2, 'score_bruto_sin_capar': 95.0, 'satura': False}","{'revenue_growth_yoy': 11.5, 'revenue_accelerating': True, 'rev_accel_quarters': 1}","{'rs_3m': 24.7, 'rs_6m': 12.0}","{'roe_pct': 16.6, 'current_ratio': 7.21, 'operating_margin_pct': 67.7}","{'days_to_earnings': 'N/A', 'recommendation': 'buy', 'analyst_upside_pct': 8.0}",5103.0,2191196815360,Technology,Software - Application,,,False,5217.0,-2.2,6,False,7.3,5513.33,6200.0,4500.0,12.0,buy,8.0,5105.29,0.0,5256.79,3.0,reportado,múltiplo propio,4.0,0.41,False,,3.3,168.4,,1.87,49.1,94.0,1.24,,,,9,,,,,19.5,20.0,2026-10-27,False,True,True,4,NEUTRAL,4.51,35.7,2.14,25.3,,,,2026-10-06T06:23:34.207195,,,,,,
THC,Tenet Healthcare Corporation,78.1,,trimestral,⭐⭐⭐ EXCELLENT,🟢 Excellent,USD,USD,False,True,True,1.0,,100.0,60.0,79.4,75.0,60.0,80.0,78.7,False,flat,186.8,False,0,14.6,False,0,"{'eps_growth_yoy': 186.8, 'op_growth_yoy': 68.7, 'crecimiento_respaldado': False, 'crecimiento_puntuado': 93.7, 'positive_quarters': 4, 'earnings_accelerating': False, 'eps_accel_quarters': 0, 'profit_margin_pct': 10.3, 'score_bruto_sin_capar': 100.0, 'satura': False}","{'revenue_growth_yoy': 14.6, 'revenue_accelerating': False, 'rev_accel_quarters': 0}","{'rs_3m': 21.6, 'rs_6m': 15.2, 'rs_line_percentile': 78.7, 'rs_line_at_new_high': False, 'rs_line_trend': 'flat', 'rs_line_score': 80}","{'roe_pct': 37.3, 'debt_to_equity': 1.52, 'current_ratio': 1.41, 'operating_margin_pct': 18.2}","{'days_to_earnings': 'N/A', 'recommendation': 'buy', 'analyst_upside_pct': 9.7}",259.47,20892264448,Healthcare,Medical Care Facilities,2.9,2.8,False,283.05,-8.3,7,True,-1.1,284.64,315.0,260.0,22.0,buy,9.7,431.86,66.4,334.89,29.1,reportado,múltiplo propio,4.0,0.72,False,,9.94,25.79,30.9,,,,2.21,True,-8.53,,9,,5.4,Operating Income,5.7,213.4,23.0,2026-10-29,False,True,False,6,NEUTRAL,9.55,31.7,0.41,28.9,0.2,0.01,-28.7,2026-10-06T06:26:42.273878,,,,,,
CBOE,"Cboe Global Markets, Inc.",77.8,,trimestral,⭐⭐⭐ EXCELLENT,🟢 Excellent,USD,USD,False,True,True,1.0,,100.0,90.0,26.7,100.0,50.0,15.0,24.9,False,down,50.2,False,0,22.9,True,2,"{'eps_growth_yoy': 50.2, 'op_growth_yoy': 33.6, 'crecimiento_respaldado': True, 'positive_quarters': 4, 'earnings_accelerating': False, 'eps_accel_quarters': 0, 'profit_margin_pct': 26.7, 'score_bruto_sin_capar': 105.0, 'satura': True}","{'revenue_growth_yoy': 22.9, 'revenue_accelerating': True, 'rev_accel_quarters': 2}","{'rs_3m': 0.8, 'rs_6m': -23.8, 'rs_line_percentile': 24.9, 'rs_line_at_new_high': False, 'rs_line_trend': 'down', 'rs_line_score': 15}","{'roe_pct': 26.3, 'debt_to_equity': 0.28, 'current_ratio': 1.56, 'operating_margin_pct': 34.6}","{'days_to_earnings': 'N/A', 'recommendation': 'hold', 'analyst_upside_pct': 13.2}",277.47,28976474112,Financial Services,Financial Data & Stock Exchanges,3.0,2.9,False,371.18,-25.2,2,False,-3.4,314.07,354.0,258.0,15.0,hold,13.2,496.53,78.9,319.07,15.0,reportado,múltiplo propio,4.0,1.22,True,,6.53,18.12,,1.24,22.4,3.44,1.23,False,-0.19,,9,,33.6,Operating Income,36.6,20.1,24.0,2026-10-30,False,True,False,8,STRONG,5.37,65.7,0.61,37.2,,,,2026-10-06T06:22:44.819880,,,,,,
VEEV,Veeva Systems Inc.,77.2,,trimestral,⭐⭐⭐ EXCELLENT,🟢 Excellent,USD,USD,False,True,True,1.0,,95.0,60.0,75.0,85.0,60.0,60.0,62.3,False,up,36.5,False,0,17.6,False,0,"{'eps_growth_yoy': 36.5, 'op_growth_yoy': 40.4, 'crecimiento_respaldado': True, 'positive_quarters': 4, 'earnings_accelerating': False, 'eps_accel_quarters': 0, 'profit_margin_pct': 29.3, 'score_bruto_sin_capar': 95.0, 'satura': False}","{'revenue_growth_yoy': 17.6, 'revenue_accelerating': False, 'rev_accel_quarters': 0}","{'rs_3m': 46.4, 'rs_6m': 46.2, 'rs_line_percentile': 62.3, 'rs_line_at_new_high': False, 'rs_line_trend': 'up', 'rs_line_score': 60}","{'roe_pct': 14.4, 'debt_to_equity': 0.02, 'current_ratio': 5.46, 'operating_margin_pct': 29.6}","{'days_to_earnings': 'N/A', 'recommendation': 'buy', 'analyst_upside_pct': 4.9}",283.45,45893066752,Healthcare,Health Information Services,3.4,2.9,False,310.5,-8.7,6,False,12.2,297.3,350.0,180.0,27.0,buy,4.9,203.18,-28.3,,,reportado,,,,,,2.74,7.77,,,,,,True,-1.57,,9,,,,,39.5,50.0,2026-11-25,False,True,False,7,NEUTRAL,2.36,14.1,1.26,32.4,,,,2026-10-06T06:19:27.830492,múltiplo propio 55x fuera del rango 8-45,,,,,
7741.T,HOYA Corporation,76.8,,anual,⭐⭐⭐ EXCELLENT,🟢 Excellent,JPY,JPY,False,True,True,1.0,,100.0,80.0,30.0,95.0,65.0,,,,,25.2,True,2,12.4,True,2,"{'eps_growth_yoy': 25.2, 'op_growth_yoy': 14.6, 'crecimiento_respaldado': True, 'positive_quarters': 4, 'earnings_accelerating': True, 'eps_accel_quarters': 2, 'profit_margin_pct': 27.2, 'score_bruto_sin_capar': 115.0, 'satura': True}","{'revenue_growth_yoy': 12.4, 'revenue_accelerating': True, 'rev_accel_quarters': 2}","{'rs_3m': -6.6, 'rs_6m': -26.4}","{'roe_pct': 26.5, 'debt_to_equity': 0.04, 'current_ratio': 4.91, 'operating_margin_pct': 32.4}","{'days_to_earnings': 'N/A', 'recommendation': 'strong_buy', 'analyst_upside_pct': 19.3}",25320.0,8445785276416,Healthcare,Medical Instruments & Supplies,,,False,30400.0,-16.7,3,False,3.6,30200.0,36000.0,23100.0,15.0,strong_buy,19.3,16147.63,-36.2,24489.73,-3.3,reportado,múltiplo propio,4.0,0.22,False,,2.78,703.9,,1.2,39.7,295.0,0.72,,,,9,,,,,30.0,23.0,2026-10-30,False,True,False,6,NEUTRAL,7.15,55.3,2.24,27.0,,,,2026-10-06T06:20:25.222313,,,,,,
AME,"AMETEK, Inc.",76.1,,trimestral,⭐⭐⭐ EXCELLENT,🟢 Excellent,USD,USD,False,True,True,1.0,,95.0,70.0,56.7,85.0,60.0,60.0,66.8,False,flat,13.5,True,1,15.0,True,1,"{'eps_growth_yoy': 13.5, 'op_growth_yoy': 14.4, 'crecimiento_respaldado': True, 'positive_quarters': 4, 'earnings_accelerating': True, 'eps_accel_quarters': 1, 'profit_margin_pct': 20.0, 'score_bruto_sin_capar': 95.0, 'satura': False}","{'revenue_growth_yoy': 15.0, 'revenue_accelerating': True, 'rev_accel_quarters': 1}","{'rs_3m': 4.8, 'rs_6m': -2.1, 'rs_line_percentile': 66.8, 'rs_line_at_new_high': False, 'rs_line_trend': 'flat', 'rs_line_score': 60}","{'roe_pct': 14.6, 'debt_to_equity': 0.21, 'current_ratio': 1.21, 'operating_margin_pct': 26.2}","{'days_to_earnings': 'N/A', 'recommendation': 'buy', 'analyst_upside_pct': 11.3}",251.92,57755492352,Industrials,Specialty Industrial Machinery,1.5,2.1,False,261.16,-3.5,7,True,3.3,280.28,318.0,217.0,18.0,buy,11.3,171.96,-31.7,200.53,-20.4,reportado,múltiplo propio,4.0,0.16,False,,3.17,7.99,,0.54,19.0,1.36,0.61,False,-0.7,,9,,21.1,Operating Income,20.8,14.2,23.0,2026-10-29,False,True,False,6,NEUTRAL,3.21,146.3,3.08,21.7,,,,2026-10-06T06:22:03.579209,,,,,,
GOOG,Alphabet Inc.,75.8,,trimestral,⭐⭐⭐ EXCELLENT,🟢 Excellent,USD,USD,False,True,True,0.4519,"acciones × precio no cuadra (ratio 0.4519) pero la divisa sí: son clases múltiples. Se usan 12,230 M de acciones efectivas (capitalización ÷ precio) en vez de las 5,527 M declaradas | FCF declarado (53,273,000,000) se aparta del derivado de flujo operativo menos capex (94,228,005,952)",85.0,80.0,44.0,100.0,65.0,35.0,44.8,False,flat,297.9,False,0,24.2,True,1,"{'eps_growth_yoy': 297.9, 'op_growth_yoy': 30.4, 'crecimiento_respaldado': False, 'crecimiento_puntuado': 55.4, 'positive_quarters': 4, 'earnings_accelerating': False, 'eps_accel_quarters': 0, 'profit_margin_pct': 54.8, 'score_bruto_sin_capar': 105.0, 'satura': True}","{'revenue_growth_yoy': 24.2, 'revenue_accelerating': True, 'rev_accel_quarters': 1}","{'rs_3m': -8.3, 'rs_6m': -4.9, 'rs_line_percentile': 44.8, 'rs_line_at_new_high': False, 'rs_line_trend': 'flat', 'rs_line_score': 35}","{'roe_pct': 48.7, 'debt_to_equity': 0.19, 'current_ratio': 2.72, 'operating_margin_pct': 34.0}","{'days_to_earnings': 'N/A', 'recommendation': 'strong_buy', 'analyst_upside_pct': 22.1}",343.83,4205018349568,Communication Services,Internet Content & Information,,3.3,False,404.47,-15.0,6,False,0.5,419.65,475.0,340.0,14.0,strong_buy,22.1,155.79,-54.7,469.63,36.6,reportado,múltiplo propio,4.0,0.41,False,,2.24,7.7,,0.26,4.3,0.88,,False,0.91,,9,,65.6,Operating Income,133.9,294.0,22.0,2026-10-28,False,True,False,6,NEUTRAL,3.15,35.3,0.76,24.7,0.4,0.02,-24.3,2026-10-06T06:24:22.994545,,12229934414.0,,,,
BLK,"BlackRock, Inc.",75.7,,trimestral,⭐⭐⭐ EXCELLENT,🟢 Excellent,USD,USD,False,True,True,0.9532,,85.0,90.0,38.7,90.0,65.0,15.0,19.1,False,down,20.2,False,0,30.6,True,1,"{'eps_growth_yoy': 20.2, 'op_growth_yoy': 33.6, 'crecimiento_respaldado': True, 'positive_quarters': 4, 'earnings_accelerating': False, 'eps_accel_quarters': 0, 'profit_margin_pct': 24.1, 'score_bruto_sin_capar': 85.0, 'satura': False}","{'revenue_growth_yoy': 30.6, 'revenue_accelerating': True, 'rev_accel_quarters': 1}","{'rs_3m': 4.0, 'rs_6m': -5.7, 'rs_line_percentile': 19.1, 'rs_line_at_new_high': False, 'rs_line_trend': 'down', 'rs_line_score': 15}","{'roe_pct': 12.3, 'debt_to_equity': 0.23, 'current_ratio': 2.45, 'operating_margin_pct': 35.1}","{'days_to_earnings': 'N/A', 'recommendation': 'strong_buy', 'analyst_upside_pct': 23.2}",1066.45,173272727552,Financial Services,Asset Management,1.3,3.7,False,1219.94,-12.6,4,False,-3.6,1313.71,1479.0,1190.0,17.0,strong_buy,23.2,,,928.78,-12.9,reportado,múltiplo propio,4.0,0.51,False,,1.73,18.45,15.8,2.15,52.4,22.92,2.29,False,5.31,,9,,16.6,Operating Income,17.9,19.6,8.0,2026-10-14,False,True,True,4,NEUTRAL,4.57,27.4,31.23,21.6,0.4,0.02,-21.2,2026-10-06T06:23:15.713096,,,"Asset Management: el flujo operativo son depósitos, préstamos o primas, no caja libre para el accionista",,,
NDSN,Nordson Corporation,75.7,,trimestral,⭐⭐⭐ EXCELLENT,🟢 Excellent,USD,USD,False,True,True,1.0,,90.0,60.0,79.9,85.0,50.0,100.0,93.2,True,up,21.5,True,1,10.3,False,0,"{'eps_growth_yoy': 21.5, 'op_growth_yoy': 11.6, 'crecimiento_respaldado': True, 'positive_quarters': 4, 'earnings_accelerating': True, 'eps_accel_quarters': 1, 'profit_margin_pct': 18.6, 'score_bruto_sin_capar': 90.0, 'satura': False}","{'revenue_growth_yoy': 10.3, 'revenue_accelerating': False, 'rev_accel_quarters': 0}","{'rs_3m': 14.0, 'rs_6m': 8.6, 'rs_line_percentile': 93.2, 'rs_line_at_new_high': True, 'rs_line_trend': 'up', 'rs_line_score': 100}","{'roe_pct': 17.8, 'debt_to_equity': 0.56, 'current_ratio': 1.82, 'operating_margin_pct': 27.4}","{'days_to_earnings': 'N/A', 'recommendation': 'none', 'analyst_upside_pct': 4.6}",334.43,18627538944,Industrials,Specialty Industrial Machinery,3.1,3.5,False,339.12,-1.4,8,True,6.0,349.71,375.0,282.0,7.0,none,4.6,226.56,-32.3,253.06,-24.3,reportado,múltiplo propio,4.0,0.22,False,,3.84,12.84,,1.12,33.2,3.76,1.07,True,-1.24,,9,,8.8,Operating Income,8.4,11.5,64.0,2026-12-09,False,True,False,7,NEUTRAL,3.56,67.1,,17.1,,,,2026-10-06T06:22:11.322727,,,,,,
OXY,Occidental Petroleum Corporation,75.4,,trimestral,⭐⭐⭐ EXCELLENT,🟢 Excellent,USD,USD,False,True,True,1.0,,100.0,80.0,34.7,80.0,65.0,35.0,38.3,False,flat,808.8,True,2,53.4,False,0,"{'eps_growth_yoy': 808.8, 'op_growth_yoy': 359.3, 'crecimiento_respaldado': False, 'crecimiento_puntuado': 384.3, 'positive_quarters': 3, 'earnings_accelerating': True, 'eps_accel_quarters': 2, 'profit_margin_pct': 30.3, 'score_bruto_sin_capar': 118.0, 'satura': True}","{'revenue_growth_yoy': 53.4, 'revenue_accelerating': False, 'rev_accel_quarters': 0}","{'rs_3m': 5.1, 'rs_6m': -24.6, 'rs_line_percentile': 38.3, 'rs_line_at_new_high': False, 'rs_line_trend': 'flat', 'rs_line_score': 35}","{'roe_pct': 10.6, 'debt_to_equity': 0.35, 'current_ratio': 1.41, 'operating_margin_pct': 45.4}","{'days_to_earnings': 'N/A', 'recommendation': 'buy', 'analyst_upside_pct': 17.2}",58.31,58288857088,Energy,Oil & Gas E&P,3.0,2.9,False,67.45,-13.6,7,True,0.1,68.36,82.0,55.0,25.0,buy,17.2,,,46.97,-19.4,reportado,múltiplo propio,4.0,0.97,False,,7.8,4.55,,1.92,28.4,1.12,0.6,False,0.18,,9,,5.7,Operating Income,6.2,675.4,34.0,2026-11-09,False,True,False,4,NEUTRAL,4.79,5.8,,35.7,,,,2026-10-06T06:25:10.728856,,,"el capex se lleva el 59% del flujo operativo: lo que queda no es lo que gana el dueño, es lo que sobra tras decidir invertir",,,
ODFL,"Old Dominion Freight Line, Inc.",75.3,,trimestral,⭐⭐⭐ EXCELLENT,🟢 Excellent,USD,USD,False,True,True,1.0,,100.0,80.0,23.0,95.0,65.0,35.0,26.3,False,down,30.5,True,2,10.4,True,2,"{'eps_growth_yoy': 30.5, 'op_growth_yoy': 30.0, 'crecimiento_respaldado': True, 'positive_quarters': 4, 'earnings_accelerating': True, 'eps_accel_quarters': 2, 'profit_margin_pct': 19.4, 'score_bruto_sin_capar': 110.0, 'satura': True}","{'revenue_growth_yoy': 10.4, 'revenue_accelerating': True, 'rev_accel_quarters': 2}","{'rs_3m': -21.9, 'rs_6m': -27.7, 'rs_line_percentile': 26.3, 'rs_line_at_new_high': False, 'rs_line_trend': 'down', 'rs_line_score': 35}","{'roe_pct': 24.8, 'debt_to_equity': 0.0, 'current_ratio': 1.89, 'operating_margin_pct': 28.8}","{'days_to_earnings': 'N/A', 'recommendation': 'buy', 'analyst_upside_pct': 26.6}",179.37,37303271424,Industrials,Trucking,4.9,5.2,False,252.03,-28.8,3,False,-8.2,227.14,263.0,156.0,22.0,buy,26.6,60.58,-66.2,166.68,-7.1,reportado,múltiplo propio,4.0,0.39,False,,2.62,4.7,,0.65,21.9,1.16,0.43,True,-1.63,,9,,2183.6,Operating Income,2188.9,22.6,22.0,2026-10-28,False,True,False,6,NEUTRAL,3.69,28.9,,24.5,0.4,0.02,-24.1,2026-10-06T06:23:19.513745,,,,,,
TMO,Thermo Fisher Scientific Inc.,75.3,,trimestral,⭐⭐⭐ EXCELLENT,🟢 Excellent,USD,USD,False,True,True,1.0,,80.0,70.0,83.0,75.0,60.0,80.0,82.4,False,up,7.4,True,1,10.5,True,1,"{'eps_growth_yoy': 7.4, 'op_growth_yoy': 14.0, 'crecimiento_respaldado': True, 'positive_quarters': 4, 'earnings_accelerating': True, 'eps_accel_quarters': 1, 'profit_margin_pct': 15.0, 'score_bruto_sin_capar': 80.0, 'satura': False}","{'revenue_growth_yoy': 10.5, 'revenue_accelerating': True, 'rev_accel_quarters': 1}","{'rs_3m': 28.6, 'rs_6m': 20.4, 'rs_line_percentile': 82.4, 'rs_line_at_new_high': False, 'rs_line_trend': 'up', 'rs_line_score': 80}","{'roe_pct': 13.5, 'debt_to_equity': 0.81, 'current_ratio': 1.55, 'operating_margin_pct': 18.8}","{'days_to_earnings': 'N/A', 'recommendation': 'buy', 'analyst_upside_pct': -3.1}",676.76,250230177792,Healthcare,Diagnostics & Research,1.4,2.9,False,683.63,-1.0,7,True,9.3,655.73,780.0,520.0,26.0,buy,-3.1,404.31,-40.3,496.06,-26.7,normalizado,múltiplo propio,4.0,0.1,False,,2.99,20.24,,0.28,9.7,1.88,0.25,True,-1.85,,9,,5.8,Operating Income,6.2,9.4,15.0,2026-10-21,False,True,True,5,NEUTRAL,2.81,33.7,135.84,26.8,0.4,0.01,-26.4,2026-10-06T06:19:00.300889,,,,tasa fiscal efectiva 7.8% — el beneficio del periodo no es representativo,,
SAP,SAP SE,74.8,,trimestral,⭐⭐⭐ EXCELLENT,🟢 Excellent,USD,EUR,True,True,True,1.0,,95.0,60.0,56.6,90.0,65.0,35.0,32.0,False,up,28.5,False,0,9.4,True,1,"{'eps_growth_yoy': 28.5, 'op_growth_yoy': 7.2, 'crecimiento_respaldado': True, 'positive_quarters': 4, 'earnings_accelerating': False, 'eps_accel_quarters': 0, 'profit_margin_pct': 20.4, 'score_bruto_sin_capar': 95.0, 'satura': False}","{'revenue_growth_yoy': 9.4, 'revenue_accelerating': True, 'rev_accel_quarters': 1}","{'rs_3m': 27.8, 'rs_6m': 6.6, 'rs_line_percentile': 32.0, 'rs_line_at_new_high': False, 'rs_line_trend': 'up', 'rs_line_score': 35}","{'roe_pct': 18.3, 'debt_to_equity': 0.22, 'current_ratio': 1.15, 'operating_margin_pct': 27.6}","{'days_to_earnings': 'N/A', 'recommendation': 'buy', 'analyst_upside_pct': 21.5}",207.74,239774400512,Technology,Software - Application,0.4,2.2,False,281.37,-26.2,4,False,0.1,252.5,319.0,177.0,12.0,buy,21.5,231.03,11.2,305.18,46.9,reportado,múltiplo propio,3.0,0.55,True,2024-12-31,4.12,8.56,,1.41,37.7,2.93,1.35,True,-1.45,,9,,18.2,Operating Income,20.7,30.6,15.0,2026-10-21,False,True,True,8,STRONG,0.28,131.1,0.71,25.8,1.6,0.06,-24.2,2026-10-06T06:20:36.769890,,,,,,
CDNS,"Cadence Design Systems, Inc.",74.5,,trimestral,⭐⭐⭐ EXCELLENT,🟢 Excellent,USD,USD,False,True,True,1.0,,85.0,80.0,47.6,90.0,60.0,35.0,49.7,False,flat,129.3,True,1,24.2,True,1,"{'eps_growth_yoy': 129.3, 'op_growth_yoy': 21.5, 'crecimiento_respaldado': False, 'crecimiento_puntuado': 46.5, 'positive_quarters': 4, 'earnings_accelerating': True, 'eps_accel_quarters': 1, 'profit_margin_pct': 23.6, 'score_bruto_sin_capar': 105.0, 'satura': True}","{'revenue_growth_yoy': 24.2, 'revenue_accelerating': True, 'rev_accel_quarters': 1}","{'rs_3m': -9.7, 'rs_6m': 8.3, 'rs_line_percentile': 49.7, 'rs_line_at_new_high': False, 'rs_line_trend': 'flat', 'rs_line_score': 35}","{'roe_pct': 23.2, 'debt_to_equity': 0.39, 'current_ratio': 1.74, 'operating_margin_pct': 28.6}","{'days_to_earnings': 'N/A', 'recommendation': 'strong_buy', 'analyst_upside_pct': 14.7}",353.48,97345921024,Technology,Software - Application,1.6,1.8,False,416.69,-15.2,5,False,10.8,405.47,470.0,300.0,26.0,strong_buy,14.7,125.46,-64.5,,,reportado,,,,,,1.76,6.22,,,,,,False,1.2,,9,,14.4,Operating Income,15.6,125.4,20.0,2026-10-26,False,True,True,7,NEUTRAL,1.68,44.3,3.87,40.3,0.4,0.01,-39.9,2026-10-06T06:21:06.510799,múltiplo propio 74x fuera del rango 8-45,,,,,
TT,Trane Technologies plc,73.8,,trimestral,⭐⭐⭐ EXCELLENT,🟢 Excellent,USD,USD,False,True,True,1.0,,90.0,80.0,44.0,80.0,60.0,35.0,42.8,False,down,7.3,True,2,10.6,True,2,"{'eps_growth_yoy': 7.3, 'op_growth_yoy': 5.2, 'crecimiento_respaldado': True, 'positive_quarters': 4, 'earnings_accelerating': True, 'eps_accel_quarters': 2, 'profit_margin_pct': 13.3, 'score_bruto_sin_capar': 90.0, 'satura': False}","{'revenue_growth_yoy': 10.6, 'revenue_accelerating': True, 'rev_accel_quarters': 2}","{'rs_3m': -4.3, 'rs_6m': -8.6, 'rs_line_percentile': 42.8, 'rs_line_at_new_high': False, 'rs_line_trend': 'down', 'rs_line_score': 35}","{'roe_pct': 36.6, 'debt_to_equity': 0.53, 'current_ratio': 1.07, 'operating_margin_pct': 19.3}","{'days_to_earnings': 'N/A', 'recommendation': 'buy', 'analyst_upside_pct': 11.9}",470.76,103578116096,Industrials,Building Products & Equipment,1.5,3.4,False,505.87,-6.9,6,False,3.8,526.67,575.0,422.0,22.0,buy,11.9,316.9,-32.7,381.89,-18.9,reportado,múltiplo propio,4.0,0.38,False,,3.37,15.86,,0.89,29.7,4.2,1.1,True,-1.16,,9,,18.1,Operating Income,18.0,7.1,23.0,2026-10-29,False,True,False,9,STRONG,3.71,103.7,1.32,22.4,,,,2026-10-06T06:21:37.564224,,,,,,
RACE,Ferrari N.V.,73.2,,trimestral,⭐⭐⭐ EXCELLENT,🟢 Excellent,USD,EUR,True,True,True,1.0,,95.0,70.0,36.0,90.0,65.0,15.0,19.6,False,down,9.0,True,2,8.4,True,2,"{'eps_growth_yoy': 9.0, 'op_growth_yoy': 9.5, 'crecimiento_respaldado': True, 'positive_quarters': 4, 'earnings_accelerating': True, 'eps_accel_quarters': 2, 'profit_margin_pct': 22.2, 'score_bruto_sin_capar': 95.0, 'satura': False}","{'revenue_growth_yoy': 8.4, 'revenue_accelerating': True, 'rev_accel_quarters': 2}","{'rs_3m': -2.0, 'rs_6m': -2.2, 'rs_line_percentile': 19.6, 'rs_line_at_new_high': False, 'rs_line_trend': 'down', 'rs_line_score': 15}","{'roe_pct': 45.4, 'debt_to_equity': 0.86, 'current_ratio': 2.43, 'operating_margin_pct': 31.1}","{'days_to_earnings': 'N/A', 'recommendation': 'strong_buy', 'analyst_upside_pct': 18.9}",383.4,67276541952,Consumer Cyclical,Auto Manufacturers,2.9,9.9,False,501.4,-23.5,5,False,-6.1,455.71,515.64,402.24,13.0,strong_buy,18.9,313.2,-18.3,477.16,24.5,reportado,múltiplo propio,4.0,0.19,False,,2.61,10.01,,1.1,39.2,4.23,0.64,True,-1.12,,9,,63.9,Operating Income,63.9,10.1,28.0,2026-11-03,False,True,False,9,STRONG,3.03,46.7,1.49,22.2,,,,2026-10-06T06:20:33.122127,,,,,,
CTAS,Cintas Corporation,73.1,,trimestral,⭐⭐⭐ EXCELLENT,🟢 Excellent,USD,USD,False,True,True,1.0,,100.0,60.0,46.7,85.0,60.0,35.0,38.3,False,down,14.0,True,2,8.9,True,1,"{'eps_growth_yoy': 14.0, 'op_growth_yoy': 15.2, 'crecimiento_respaldado': True, 'positive_quarters': 4, 'earnings_accelerating': True, 'eps_accel_quarters': 2, 'profit_margin_pct': 17.8, 'score_bruto_sin_capar': 100.0, 'satura': False}","{'revenue_growth_yoy': 8.9, 'revenue_accelerating': True, 'rev_accel_quarters': 1}","{'rs_3m': 4.5, 'rs_6m': -2.8, 'rs_line_percentile': 38.3, 'rs_line_at_new_high': False, 'rs_line_trend': 'down', 'rs_line_score': 35}","{'roe_pct': 41.4, 'debt_to_equity': 0.52, 'current_ratio': 1.45, 'operating_margin_pct': 24.1}","{'days_to_earnings': 'N/A', 'recommendation': 'buy', 'analyst_upside_pct': 11.7}",195.4,78065614848,Industrials,Specialty Business Services,3.8,6.3,False,219.17,-10.8,4,False,-2.9,218.31,250.0,181.0,16.0,buy,11.7,120.15,-38.5,202.37,3.6,reportado,múltiplo propio,4.0,0.4,False,,2.61,5.1,,1.06,36.7,2.08,0.86,True,-1.31,,9,,24.7,Operating Income,24.6,9.3,72.0,2026-12-17,False,True,False,8,STRONG,3.26,82.5,2.15,20.9,,,,2026-10-06T06:17:11.675093,,,,,,
HHH,Howard Hughes Holdings Inc.,73.0,,trimestral,⭐⭐⭐ EXCELLENT,🟢 Excellent,USD,USD,False,True,True,1.0,,90.0,90.0,36.0,65.0,65.0,15.0,24.7,False,up,,True,2,330.2,True,1,"{'positive_quarters': 4, 'earnings_accelerating': True, 'eps_accel_quarters': 2, 'profit_margin_pct': 12.3, 'score_bruto_sin_capar': 90.0, 'satura': False}","{'revenue_growth_yoy': 330.2, 'revenue_accelerating': True, 'rev_accel_quarters': 1}","{'rs_3m': -5.0, 'rs_6m': -5.5, 'rs_line_percentile': 24.7, 'rs_line_at_new_high': False, 'rs_line_trend': 'up', 'rs_line_score': 15}","{'roe_pct': 7.5, 'debt_to_equity': 1.35, 'current_ratio': 3.48, 'operating_margin_pct': 28.4}","{'days_to_earnings': 'N/A', 'recommendation': 'buy', 'analyst_upside_pct': 25.1}",71.66,4279496960,Real Estate,Real Estate - Development,12.7,8.1,True,91.07,-21.3,3,False,8.6,89.67,100.0,79.0,3.0,buy,25.1,166.11,131.8,99.4,38.7,reportado,múltiplo propio,3.0,0.83,True,,18.31,13.12,,,,,,False,,,9,,2.8,Operating Income,3.2,,34.0,2026-11-09,False,True,False,6,NEUTRAL,4.25,13.3,,52.7,,,,2026-10-06T06:26:31.255142,,,,,,
DSGX,The Descartes Systems Group Inc.,72.7,,trimestral,⭐⭐⭐ EXCELLENT,🟢 Excellent,USD,USD,False,True,True,1.0,,95.0,70.0,38.7,90.0,55.0,15.0,24.7,False,up,31.6,False,0,11.8,True,1,"{'eps_growth_yoy': 31.6, 'op_growth_yoy': 25.2, 'crecimiento_respaldado': True, 'positive_quarters': 4, 'earnings_accelerating': False, 'eps_accel_quarters': 0, 'profit_margin_pct': 24.3, 'score_bruto_sin_capar': 95.0, 'satura': False}","{'revenue_growth_yoy': 11.8, 'revenue_accelerating': True, 'rev_accel_quarters': 1}","{'rs_3m': 8.8, 'rs_6m': -2.0, 'rs_line_percentile': 24.7, 'rs_line_at_new_high': False, 'rs_line_trend': 'up', 'rs_line_score': 15}","{'roe_pct': 11.9, 'debt_to_equity': 0.0, 'current_ratio': 2.02, 'operating_margin_pct': 33.2}","{'days_to_earnings': 'N/A', 'recommendation': 'none', 'analyst_upside_pct': 25.5}",80.67,6901201408,Technology,Software - Application,,2.5,False,98.35,-18.0,4,False,3.3,101.23,126.0,82.0,13.0,none,25.5,116.05,43.9,,,reportado,,,,,,4.35,3.51,,,,,,False,-0.59,,9,,257.0,Operating Income,264.0,16.3,57.0,2026-12-02,False,True,False,6,NEUTRAL,3.39,78.6,1.48,42.2,,,,2026-10-06T06:20:17.209939,múltiplo propio 64x fuera del rango 8-45,,,,,
NDAQ,"Nasdaq, Inc.",72.6,,trimestral,⭐⭐⭐ EXCELLENT,🟢 Excellent,USD,USD,False,True,True,1.0,,85.0,80.0,46.7,75.0,65.0,35.0,36.5,False,down,12.2,False,0,20.5,True,1,"{'eps_growth_yoy': 12.2, 'op_growth_yoy': 22.4, 'crecimiento_respaldado': True, 'positive_quarters': 4, 'earnings_accelerating': False, 'eps_accel_quarters': 0, 'profit_margin_pct': 35.0, 'score_bruto_sin_capar': 85.0, 'satura': False}","{'revenue_growth_yoy': 20.5, 'revenue_accelerating': True, 'rev_accel_quarters': 1}","{'rs_3m': 5.4, 'rs_6m': -10.7, 'rs_line_percentile': 36.5, 'rs_line_at_new_high': False, 'rs_line_trend': 'down', 'rs_line_score': 35}","{'roe_pct': 16.5, 'debt_to_equity': 0.78, 'current_ratio': 1.01, 'operating_margin_pct': 49.3}","{'days_to_earnings': 'N/A', 'recommendation': 'buy', 'analyst_upside_pct': 18.4}",92.19,51532124160,Financial Services,Financial Data & Stock Exchanges,2.0,2.7,False,101.79,-9.4,4,False,-2.7,109.19,132.0,84.0,16.0,buy,18.4,80.01,-13.2,99.52,8.0,reportado,múltiplo propio,4.0,0.46,False,,3.84,3.54,,1.26,32.7,1.16,1.27,True,-1.93,,9,,7.9,Operating Income,8.3,14.1,16.0,2026-10-22,False,True,True,9,STRONG,4.03,199.9,1.79,24.0,1.6,0.07,-22.4,2026-10-06T06:21:29.961719,,,,,,
EQIX,"Equinix, Inc.",72.3,,trimestral,⭐⭐⭐ EXCELLENT,🟢 Excellent,USD,USD,False,True,True,1.0,"FCF declarado (-1,464,000,000) se aparta del derivado de flujo operativo menos capex (-368,999,872)",90.0,70.0,54.0,70.0,65.0,60.0,51.8,False,down,30.2,False,0,16.4,True,1,"{'eps_growth_yoy': 30.2, 'op_growth_yoy': 38.8, 'crecimiento_respaldado': True, 'positive_quarters': 4, 'earnings_accelerating': False, 'eps_accel_quarters': 0, 'profit_margin_pct': 15.5, 'score_bruto_sin_capar': 90.0, 'satura': False}","{'revenue_growth_yoy': 16.4, 'revenue_accelerating': True, 'rev_accel_quarters': 1}","{'rs_3m': -3.0, 'rs_6m': -15.5, 'rs_line_percentile': 51.8, 'rs_line_at_new_high': False, 'rs_line_trend': 'down', 'rs_line_score': 60}","{'roe_pct': 10.7, 'debt_to_equity': 1.62, 'current_ratio': 1.13, 'operating_margin_pct': 27.0}","{'days_to_earnings': 'N/A', 'recommendation': 'strong_buy', 'analyst_upside_pct': 20.6}",1023.44,100984553472,Real Estate,REIT - Specialty,2.0,3.2,False,1128.68,-9.3,5,False,-1.7,1234.19,1380.0,1060.0,31.0,strong_buy,20.6,,,,,normalizado,,,,,,-0.37,-3.79,,2.02,126.8,20.64,1.87,False,,,9,,4.0,Operating Income,4.0,28.8,22.0,2026-10-28,False,True,False,6,NEUTRAL,1.59,7.5,2.56,24.6,,,,2026-10-06T06:21:55.955376,múltiplo propio 74x fuera del rango 8-45,,"el capex se lleva el 109% del flujo operativo: lo que queda no es lo que gana el dueño, es lo que sobra tras decidir invertir",tasa fiscal efectiva 10.3% — el beneficio del periodo no es representativo,,
KO,The Coca-Cola Company,72.3,,trimestral,⭐⭐⭐ EXCELLENT,🟢 Excellent,USD,USD,False,True,True,1.0,,85.0,70.0,56.7,80.0,60.0,60.0,59.8,False,flat,16.1,False,0,6.7,True,2,"{'eps_growth_yoy': 16.1, 'op_growth_yoy': 7.9, 'crecimiento_respaldado': True, 'positive_quarters': 4, 'earnings_accelerating': False, 'eps_accel_quarters': 0, 'profit_margin_pct': 28.6, 'score_bruto_sin_capar': 85.0, 'satura': False}","{'revenue_growth_yoy': 6.7, 'revenue_accelerating': True, 'rev_accel_quarters': 2}","{'rs_3m': 0.1, 'rs_6m': -2.7, 'rs_line_percentile': 59.8, 'rs_line_at_new_high': False, 'rs_line_trend': 'flat', 'rs_line_score': 60}","{'roe_pct': 42.1, 'debt_to_equity': 1.16, 'current_ratio': 1.3, 'operating_margin_pct': 34.9}","{'days_to_earnings': 'N/A', 'recommendation': 'buy', 'analyst_upside_pct': 9.4}",86.51,372213514240,Consumer Defensive,Beverages - Non-Alcoholic,0.9,2.8,False,92.49,-6.5,6,False,-1.3,94.65,104.0,75.0,23.0,buy,9.4,85.95,-0.6,77.71,-10.2,reportado,múltiplo propio,4.0,0.17,False,,3.82,3.3,,2.45,62.5,2.12,2.84,False,-0.05,,9,,10.2,Operating Income,12.0,16.9,21.0,2026-10-27,False,True,True,7,NEUTRAL,3.71,77.0,2.14,12.3,0.8,0.06,-11.5,2026-10-06T06:18:23.453433,,,,,,
HEI,HEICO Corporation,72.2,,trimestral,⭐⭐⭐ EXCELLENT,🟢 Excellent,USD,USD,False,True,True,0.3953,acciones × precio no cuadra (ratio 0.3953) pero la divisa sí: son clases múltiples. Se usan 140 M de acciones efectivas (capitalización ÷ precio) en vez de las 55 M declaradas,90.0,70.0,36.0,90.0,70.0,15.0,13.6,False,down,32.8,False,0,23.1,False,0,"{'eps_growth_yoy': 32.8, 'op_growth_yoy': 34.0, 'crecimiento_respaldado': True, 'positive_quarters': 4, 'earnings_accelerating': False, 'eps_accel_quarters': 0, 'profit_margin_pct': 16.4, 'score_bruto_sin_capar': 90.0, 'satura': False}","{'revenue_growth_yoy': 23.1, 'revenue_accelerating': False, 'rev_accel_quarters': 0}","{'rs_3m': -17.5, 'rs_6m': -8.6, 'rs_line_percentile': 13.6, 'rs_line_at_new_high': False, 'rs_line_trend': 'down', 'rs_line_score': 15}","{'roe_pct': 17.7, 'debt_to_equity': 0.45, 'current_ratio': 2.72, 'operating_margin_pct': 25.1}","{'days_to_earnings': 'N/A', 'recommendation': 'buy', 'analyst_upside_pct': 30.6}",301.57,42146643968,Industrials,Aerospace & Defense,6.6,6.4,False,376.86,-20.0,2,False,-9.9,393.7,491.0,294.0,20.0,buy,30.6,163.1,-45.9,,,reportado,,,,,,2.31,6.97,6.3,0.08,4.2,0.25,0.09,False,,,9,,9.4,Operating Income,9.4,32.5,72.0,2026-12-17,False,True,False,8,STRONG,2.26,52.1,1.71,24.0,,,,2026-10-06T06:20:55.088996,múltiplo propio 64x fuera del rango 8-45,139757416.0,,,,
IDXX,"IDEXX Laboratories, Inc.",72.0,,trimestral,⭐⭐⭐ EXCELLENT,🟢 Excellent,USD,USD,False,True,True,1.0,,100.0,70.0,24.0,85.0,70.0,15.0,3.8,False,down,15.1,True,2,9.7,True,2,"{'eps_growth_yoy': 15.1, 'op_growth_yoy': 14.1, 'crecimiento_respaldado': True, 'positive_quarters': 4, 'earnings_accelerating': True, 'eps_accel_quarters': 2, 'profit_margin_pct': 25.0, 'score_bruto_sin_capar': 105.0, 'satura': True}","{'revenue_growth_yoy': 9.7, 'revenue_accelerating': True, 'rev_accel_quarters': 2}","{'rs_3m': -9.4, 'rs_6m': -26.4, 'rs_line_percentile': 3.8, 'rs_line_at_new_high': False, 'rs_line_trend': 'down', 'rs_line_score': 15}","{'roe_pct': 74.2, 'debt_to_equity': 0.68, 'current_ratio': 1.17, 'operating_margin_pct': 35.0}","{'days_to_earnings': 'N/A', 'recommendation': 'buy', 'analyst_upside_pct': 33.1}",527.07,41523167232,Healthcare,Diagnostics & Research,2.8,3.8,False,769.98,-31.5,0,False,-3.0,701.33,805.0,470.0,12.0,buy,33.1,233.19,-55.8,,,reportado,,,,,,2.97,15.65,,,,,,True,-2.08,,9,,38.6,Operating Income,38.7,12.3,27.0,2026-11-02,False,True,False,8,STRONG,3.21,119.8,1.78,21.2,0.4,0.02,-20.8,2026-10-06T06:18:45.255184,múltiplo propio 51x fuera del rango 8-45,,,,,
COF,Capital One Financial Corporation,71.7,,trimestral,⭐⭐⭐ EXCELLENT,🟢 Excellent,USD,USD,False,True,True,1.0,,95.0,80.0,36.0,60.0,70.0,15.0,11.8,False,down,,True,2,26.9,True,1,"{'positive_quarters': 4, 'earnings_accelerating': True, 'eps_accel_quarters': 2, 'profit_margin_pct': 21.9, 'score_bruto_sin_capar': 95.0, 'satura': False}","{'revenue_growth_yoy': 26.9, 'revenue_accelerating': True, 'rev_accel_quarters': 1}","{'rs_3m': -2.2, 'rs_6m': -9.6, 'rs_line_percentile': 11.8, 'rs_line_at_new_high': False, 'rs_line_trend': 'down', 'rs_line_score': 15}","{'roe_pct': 9.0, 'operating_margin_pct': 33.6}","{'days_to_earnings': 'N/A', 'recommendation': 'buy', 'analyst_upside_pct': 32.1}",195.14,119715438592,Financial Services,Credit Services,1.8,3.1,False,259.64,-24.8,2,False,-7.4,257.71,300.0,220.0,21.0,buy,32.1,,,,,reportado,,,,,,24.95,48.69,,1.64,19.3,3.2,1.58,False,22.84,,7,,,,,,14.0,2026-10-20,False,True,True,5,NEUTRAL,,,,19.8,,,,2026-10-06T06:25:18.394301,los P/E históricos se separan 4.0x la mediana: el ancla la decidiría un año suelto,,"Credit Services: el 80% de sus ingresos es margen de intereses — presta, no cobra comisiones",,,
DHR,Danaher Corporation,71.6,,trimestral,⭐⭐⭐ EXCELLENT,🟢 Excellent,USD,USD,False,True,True,1.0,,100.0,60.0,50.3,70.0,60.0,35.0,49.2,False,up,56.8,False,0,5.5,True,1,"{'eps_growth_yoy': 56.8, 'op_growth_yoy': 48.3, 'crecimiento_respaldado': True, 'positive_quarters': 4, 'earnings_accelerating': False, 'eps_accel_quarters': 0, 'profit_margin_pct': 15.9, 'score_bruto_sin_capar': 100.0, 'satura': False}","{'revenue_growth_yoy': 5.5, 'revenue_accelerating': True, 'rev_accel_quarters': 1}","{'rs_3m': 12.0, 'rs_6m': -1.9, 'rs_line_percentile': 49.2, 'rs_line_at_new_high': False, 'rs_line_trend': 'up', 'rs_line_score': 35}","{'roe_pct': 7.6, 'debt_to_equity': 0.53, 'current_ratio': 1.65, 'operating_margin_pct': 19.8}","{'days_to_earnings': 'N/A', 'recommendation': 'strong_buy', 'analyst_upside_pct': 7.5}",221.21,155507556352,Healthcare,Diagnostics & Research,1.3,2.6,False,242.8,-8.9,5,False,5.8,237.91,310.0,195.0,22.0,strong_buy,7.5,132.36,-40.2,219.82,-0.6,reportado,múltiplo propio,4.0,0.55,False,,3.52,7.79,,0.72,25.7,1.6,0.43,True,-1.6,,9,,17.6,Operating Income,17.3,59.7,15.0,2026-10-21,False,True,True,5,NEUTRAL,2.62,40.9,,29.8,,,,2026-10-06T06:20:47.806951,,,,,,
MA,Mastercard Incorporated,71.6,,trimestral,⭐⭐⭐ EXCELLENT,🟢 Excellent,USD,USD,False,True,True,0.9925,,95.0,70.0,46.7,65.0,65.0,35.0,41.7,False,down,18.6,True,1,14.1,True,1,"{'eps_growth_yoy': 18.6, 'op_growth_yoy': 16.6, 'crecimiento_respaldado': True, 'positive_quarters': 4, 'earnings_accelerating': True, 'eps_accel_quarters': 1, 'profit_margin_pct': 46.3, 'score_bruto_sin_capar': 95.0, 'satura': False}","{'revenue_growth_yoy': 14.1, 'revenue_accelerating': True, 'rev_accel_quarters': 1}","{'rs_3m': 4.6, 'rs_6m': -4.4, 'rs_line_percentile': 41.7, 'rs_line_at_new_high': False, 'rs_line_trend': 'down', 'rs_line_score': 35}","{'roe_pct': 241.2, 'debt_to_equity': 4.4, 'current_ratio': 1.06, 'operating_margin_pct': 61.1}","{'days_to_earnings': 'N/A', 'recommendation': 'strong_buy', 'analyst_upside_pct': 18.1}",564.59,494586462208,Financial Services,Credit Services,0.8,2.7,False,601.23,-6.1,4,False,-1.2,666.71,740.0,550.0,37.0,strong_buy,18.1,576.85,2.2,649.17,15.0,reportado,múltiplo propio,4.0,0.12,False,,3.28,18.52,,0.62,17.9,3.48,0.55,True,-3.39,,9,,28.1,Operating Income,28.0,22.1,23.0,2026-10-29,False,True,False,9,STRONG,3.84,629.7,1.41,16.8,,,,2026-10-06T06:17:49.341066,,,,,,
ORCL,Oracle Corporation,71.5,,trimestral,⭐⭐⭐ EXCELLENT,🟢 Excellent,USD,USD,False,True,True,1.0,"FCF declarado (-45,151,000,000) se aparta del derivado de flujo operativo menos capex (-8,722,999,744)",100.0,70.0,36.0,65.0,70.0,15.0,8.8,False,up,62.6,False,0,29.6,False,0,"{'eps_growth_yoy': 62.6, 'op_growth_yoy': 45.4, 'crecimiento_respaldado': True, 'positive_quarters': 4, 'earnings_accelerating': False, 'eps_accel_quarters': 0, 'profit_margin_pct': 26.4, 'score_bruto_sin_capar': 105.0, 'satura': True}","{'revenue_growth_yoy': 29.6, 'revenue_accelerating': False, 'rev_accel_quarters': 0}","{'rs_3m': -2.4, 'rs_6m': -17.9, 'rs_line_percentile': 8.8, 'rs_line_at_new_high': False, 'rs_line_trend': 'up', 'rs_line_score': 15}","{'roe_pct': 41.2, 'debt_to_equity': 2.52, 'current_ratio': 1.17, 'operating_margin_pct': 35.6}","{'days_to_earnings': 'N/A', 'recommendation': 'buy', 'analyst_upside_pct': 67.0}",142.48,431928246272,Technology,Software - Infrastructure,2.7,1.8,False,322.54,-55.8,0,False,-1.2,237.97,400.0,110.0,41.0,buy,67.0,,,225.75,58.4,reportado,múltiplo propio,4.0,0.21,False,,-2.02,-2.88,,1.4,31.4,2.0,1.19,False,3.13,,9,,4.8,Operating Income,5.3,54.5,65.0,2026-12-10,False,True,False,5,NEUTRAL,3.95,16.7,0.54,45.4,,,,2026-10-06T06:23:59.187725,,,"el capex se lleva el 119% del flujo operativo: lo que queda no es lo que gana el dueño, es lo que sobra tras decidir invertir",,,
V,Visa Inc.,71.1,,trimestral,⭐⭐⭐ EXCELLENT,🟢 Excellent,USD,USD,False,True,True,0.9077,"acciones × precio no cuadra (ratio 0.9077) pero la divisa sí: son clases múltiples. Se usan 1,877 M de acciones efectivas (capitalización ÷ precio) en vez de las 1,704 M declaradas",75.0,80.0,60.3,70.0,60.0,60.0,54.7,False,down,6.8,False,0,14.4,True,2,"{'eps_growth_yoy': 6.8, 'op_growth_yoy': 5.0, 'crecimiento_respaldado': True, 'positive_quarters': 4, 'earnings_accelerating': False, 'eps_accel_quarters': 0, 'profit_margin_pct': 50.8, 'score_bruto_sin_capar': 75.0, 'satura': False}","{'revenue_growth_yoy': 14.4, 'revenue_accelerating': True, 'rev_accel_quarters': 2}","{'rs_3m': 2.4, 'rs_6m': 4.5, 'rs_line_percentile': 54.7, 'rs_line_at_new_high': False, 'rs_line_trend': 'down', 'rs_line_score': 60}","{'roe_pct': 61.2, 'debt_to_equity': 0.68, 'current_ratio': 0.98, 'operating_margin_pct': 66.1}","{'days_to_earnings': 'N/A', 'recommendation': 'strong_buy', 'analyst_upside_pct': 13.4}",369.71,694077030400,Financial Services,Credit Services,1.1,3.0,False,385.57,-4.1,6,False,0.2,419.36,466.0,330.0,37.0,strong_buy,13.4,322.28,-12.8,385.07,4.2,reportado,múltiplo propio,4.0,0.23,False,,3.04,11.24,,0.72,22.1,2.68,0.71,True,-3.71,,9,,37.6,Operating Income,35.7,10.2,21.0,2026-10-27,False,True,True,6,NEUTRAL,3.85,381.9,1.53,18.1,,,,2026-10-06T06:17:07.654296,,1877355307.0,,,,
MANH,"Manhattan Associates, Inc.",70.8,,trimestral,⭐⭐⭐ EXCELLENT,🟢 Excellent,USD,USD,False,True,True,1.0,,70.0,70.0,75.0,75.0,60.0,60.0,66.2,False,up,-11.3,True,2,9.3,True,2,"{'eps_growth_yoy': -11.3, 'op_growth_yoy': 0.9, 'crecimiento_respaldado': True, 'positive_quarters': 4, 'earnings_accelerating': True, 'eps_accel_quarters': 2, 'profit_margin_pct': 18.7, 'score_bruto_sin_capar': 70.0, 'satura': False}","{'revenue_growth_yoy': 9.3, 'revenue_accelerating': True, 'rev_accel_quarters': 2}","{'rs_3m': 28.5, 'rs_6m': 34.0, 'rs_line_percentile': 66.2, 'rs_line_at_new_high': False, 'rs_line_trend': 'up', 'rs_line_score': 60}","{'roe_pct': 96.4, 'debt_to_equity': 0.34, 'current_ratio': 0.98, 'operating_margin_pct': 25.0}","{'days_to_earnings': 'N/A', 'recommendation': 'buy', 'analyst_upside_pct': 7.4}",205.45,11978756096,Technology,Software - Application,6.6,4.1,False,227.03,-9.5,7,True,0.8,220.7,260.0,180.0,10.0,buy,7.4,169.19,-17.6,,,reportado,,,,,,3.33,6.84,,,,,,True,-3.4,,9,,,,,-8.6,21.0,2026-10-27,False,True,True,6,NEUTRAL,2.39,140.7,1.59,29.7,1.6,0.05,-28.1,2026-10-06T06:23:41.185971,múltiplo propio 68x fuera del rango 8-45,,,,,
UNP,Union Pacific Corporation,70.5,,trimestral,⭐⭐⭐ EXCELLENT,🟢 Excellent,USD,USD,False,True,True,1.0,,85.0,80.0,44.0,65.0,65.0,35.0,44.5,False,down,6.2,True,1,11.5,True,2,"{'eps_growth_yoy': 6.2, 'op_growth_yoy': 9.4, 'crecimiento_respaldado': True, 'positive_quarters': 4, 'earnings_accelerating': True, 'eps_accel_quarters': 1, 'profit_margin_pct': 28.8, 'score_bruto_sin_capar': 85.0, 'satura': False}","{'revenue_growth_yoy': 11.5, 'revenue_accelerating': True, 'rev_accel_quarters': 2}","{'rs_3m': -5.1, 'rs_6m': -4.4, 'rs_line_percentile': 44.5, 'rs_line_at_new_high': False, 'rs_line_trend': 'down', 'rs_line_score': 35}","{'roe_pct': 39.7, 'debt_to_equity': 1.51, 'current_ratio': 0.99, 'operating_margin_pct': 41.0}","{'days_to_earnings': 'N/A', 'recommendation': 'buy', 'analyst_upside_pct': 18.7}",277.06,164594565120,Industrials,Railroads,5.1,12.1,False,315.99,-12.3,5,False,-4.2,328.92,375.0,245.0,24.0,buy,18.7,201.67,-27.2,239.48,-13.6,reportado,múltiplo propio,4.0,0.27,False,,3.93,10.89,,2.05,44.7,5.68,2.19,False,-0.13,,9,,7.9,Operating Income,8.4,6.6,16.0,2026-10-22,False,True,True,8,STRONG,5.08,16.2,8.79,17.9,,,,2026-10-06T06:23:44.903511,,,,,,
6383.T,"Daifuku Co., Ltd.",70.5,,anual,⭐⭐⭐ EXCELLENT,🟢 Excellent,JPY,JPY,False,True,True,1.0,,100.0,60.0,35.0,80.0,65.0,,,,,71.8,True,1,8.1,True,1,"{'eps_growth_yoy': 71.8, 'op_growth_yoy': 63.4, 'crecimiento_respaldado': True, 'positive_quarters': 4, 'earnings_accelerating': True, 'eps_accel_quarters': 1, 'profit_margin_pct': 12.1, 'score_bruto_sin_capar': 110.0, 'satura': True}","{'revenue_growth_yoy': 8.1, 'revenue_accelerating': True, 'rev_accel_quarters': 1}","{'rs_3m': -23.4, 'rs_6m': -17.0}","{'debt_to_equity': 0.09, 'current_ratio': 2.63, 'operating_margin_pct': 16.6}","{'days_to_earnings': 'N/A', 'recommendation': 'buy', 'analyst_upside_pct': 26.6}",5910.0,2197569536000,Industrials,Specialty Industrial Machinery,,,False,7857.0,-24.8,4,False,1.3,7483.57,9300.0,5400.0,14.0,buy,26.6,6536.94,10.6,5745.32,-2.8,reportado,múltiplo propio,4.0,0.3,False,,5.28,312.05,,1.43,36.0,84.0,1.3,,,,9,,,,,13.8,35.0,2026-11-11,False,True,False,8,STRONG,5.17,21.8,1.43,29.1,,,,2026-10-06T06:24:55.810462,,,,,,
META,"Meta Platforms, Inc.",70.5,,trimestral,⭐⭐⭐ EXCELLENT,🟢 Excellent,USD,USD,False,True,True,0.8656,"acciones × precio no cuadra (ratio 0.8656) pero la divisa sí: son clases múltiples. Se usan 2,548 M de acciones efectivas (capitalización ÷ precio) en vez de las 2,205 M declaradas | FCF declarado (40,976,000,000) se aparta del derivado de flujo operativo menos capex (60,610,001,728)",55.0,80.0,68.7,95.0,60.0,60.0,62.5,False,up,-13.6,False,0,28.0,True,1,"{'eps_growth_yoy': -13.6, 'op_growth_yoy': -8.2, 'crecimiento_respaldado': True, 'positive_quarters': 4, 'earnings_accelerating': False, 'eps_accel_quarters': 0, 'profit_margin_pct': 29.8, 'score_bruto_sin_capar': 55.0, 'satura': False}","{'revenue_growth_yoy': 28.0, 'revenue_accelerating': True, 'rev_accel_quarters': 1}","{'rs_3m': 18.9, 'rs_6m': 11.1, 'rs_line_percentile': 62.5, 'rs_line_at_new_high': False, 'rs_line_trend': 'up', 'rs_line_score': 60}","{'roe_pct': 29.8, 'debt_to_equity': 0.43, 'current_ratio': 2.23, 'operating_margin_pct': 34.8}","{'days_to_earnings': 'N/A', 'recommendation': 'strong_buy', 'analyst_upside_pct': 7.2}",741.9,1889994932224,Communication Services,Internet Content & Information,1.4,1.7,False,779.82,-4.9,5,False,18.2,794.96,1000.0,580.0,58.0,strong_buy,7.2,,,636.67,-14.2,reportado,múltiplo propio,4.0,0.59,False,,3.21,23.81,,0.28,7.9,2.1,,False,-0.16,,9,,42.9,Operating Income,44.2,-13.4,22.0,2026-10-28,False,True,False,5,NEUTRAL,4.36,31.6,0.71,55.6,,,,2026-10-06T06:25:06.849340,,2547506311.0,"el capex se lleva el 53% del flujo operativo: lo que queda no es lo que gana el dueño, es lo que sobra tras decidir invertir",,,
ADSK,"Autodesk, Inc.",69.6,,trimestral,⭐⭐ GOOD,🟡 Good,USD,USD,False,True,True,1.0,,100.0,70.0,26.7,65.0,70.0,15.0,14.2,False,down,57.2,False,0,16.1,True,1,"{'eps_growth_yoy': 57.2, 'op_growth_yoy': 32.9, 'crecimiento_respaldado': True, 'positive_quarters': 4, 'earnings_accelerating': False, 'eps_accel_quarters': 0, 'profit_margin_pct': 21.1, 'score_bruto_sin_capar': 105.0, 'satura': True}","{'revenue_growth_yoy': 16.1, 'revenue_accelerating': True, 'rev_accel_quarters': 1}","{'rs_3m': 3.3, 'rs_6m': -23.8, 'rs_line_percentile': 14.2, 'rs_line_at_new_high': False, 'rs_line_trend': 'down', 'rs_line_score': 15}","{'roe_pct': 53.9, 'debt_to_equity': 1.1, 'current_ratio': 0.85, 'operating_margin_pct': 29.2}","{'days_to_earnings': 'N/A', 'recommendation': 'buy', 'analyst_upside_pct': 38.8}",221.56,46306037760,Technology,Software - Application,4.4,3.7,False,326.2,-32.1,0,False,-5.2,307.54,375.0,215.0,34.0,buy,38.8,245.97,11.0,,,reportado,,,,,,6.09,13.49,,,,,0.18,True,-1.86,,9,,,,,59.6,52.0,2026-11-27,False,True,False,7,NEUTRAL,3.91,645.3,1.36,50.4,,,,2026-10-06T06:23:11.938202,múltiplo propio 59x fuera del rango 8-45,,,,,
FAST,Fastenal Company,69.6,,trimestral,⭐⭐ GOOD,🟡 Good,USD,USD,False,True,True,1.0,,80.0,60.0,56.7,95.0,50.0,60.0,53.3,False,flat,15.9,False,0,14.7,False,0,"{'eps_growth_yoy': 15.9, 'op_growth_yoy': 15.1, 'crecimiento_respaldado': True, 'positive_quarters': 4, 'earnings_accelerating': False, 'eps_accel_quarters': 0, 'profit_margin_pct': 15.5, 'score_bruto_sin_capar': 80.0, 'satura': False}","{'revenue_growth_yoy': 14.7, 'revenue_accelerating': False, 'rev_accel_quarters': 0}","{'rs_3m': 5.4, 'rs_6m': -5.9, 'rs_line_percentile': 53.3, 'rs_line_at_new_high': False, 'rs_line_trend': 'flat', 'rs_line_score': 60}","{'roe_pct': 34.3, 'debt_to_equity': 0.11, 'current_ratio': 4.18, 'operating_margin_pct': 21.0}","{'days_to_earnings': 'N/A', 'recommendation': 'hold', 'analyst_upside_pct': -3.7}",50.69,58166652928,Industrials,Industrial Distribution,3.5,6.0,False,52.92,-4.2,7,True,1.5,48.84,59.0,39.9,13.0,hold,-3.7,26.96,-46.8,37.94,-25.2,reportado,múltiplo propio,4.0,0.41,False,,1.98,1.0,,1.89,78.6,0.96,2.12,False,0.02,,9,,394.5,Operating Income,395.6,5.8,8.0,2026-10-14,False,True,True,8,STRONG,2.83,39.4,7.18,13.5,,,,2026-10-06T06:21:48.759677,,,,,,
AMZN,"Amazon.com, Inc.",69.0,,trimestral,⭐⭐ GOOD,🟡 Good,USD,USD,False,True,True,1.0,"FCF declarado (-2,472,000,000) se aparta del derivado de flujo operativo menos capex (29,583,994,688)",85.0,60.0,44.0,85.0,70.0,35.0,35.2,False,up,76.7,True,1,16.6,False,0,"{'eps_growth_yoy': 76.7, 'op_growth_yoy': 29.6, 'crecimiento_respaldado': False, 'crecimiento_puntuado': 54.6, 'positive_quarters': 4, 'earnings_accelerating': True, 'eps_accel_quarters': 1, 'profit_margin_pct': 17.4, 'score_bruto_sin_capar': 110.0, 'satura': True}","{'revenue_growth_yoy': 16.6, 'revenue_accelerating': False, 'rev_accel_quarters': 0}","{'rs_3m': -1.0, 'rs_6m': -0.5, 'rs_line_percentile': 35.2, 'rs_line_at_new_high': False, 'rs_line_trend': 'up', 'rs_line_score': 35}","{'roe_pct': 30.6, 'debt_to_equity': 0.46, 'current_ratio': 1.03, 'operating_margin_pct': 13.7}","{'days_to_earnings': 'N/A', 'recommendation': 'strong_buy', 'analyst_upside_pct': 31.5}",251.4,2711679139840,Consumer Cyclical,Internet Retail,0.8,2.5,False,287.2,-12.5,5,False,-2.2,330.59,405.0,230.0,57.0,strong_buy,31.5,,,493.46,96.3,reportado,múltiplo propio,3.0,0.51,True,,1.09,2.74,,,,,,False,,,9,,33.7,Operating Income,46.6,242.3,23.0,2026-10-29,False,True,False,6,NEUTRAL,2.82,17.6,0.8,20.8,,,,2026-10-06T06:24:26.497276,,,"el capex se lleva el 82% del flujo operativo: lo que queda no es lo que gana el dueño, es lo que sobra tras decidir invertir",,,
UNH,UnitedHealth Group Incorporated,69.0,,trimestral,⭐⭐ GOOD,🟡 Good,USD,USD,False,True,True,1.0,"FCF declarado (16,309,000,000) se aparta del derivado de flujo operativo menos capex (23,395,000,960)",95.0,60.0,57.6,50.0,65.0,60.0,50.6,False,down,61.0,False,0,0.4,True,1,"{'eps_growth_yoy': 61.0, 'op_growth_yoy': 55.2, 'crecimiento_respaldado': True, 'positive_quarters': 4, 'earnings_accelerating': False, 'eps_accel_quarters': 0, 'profit_margin_pct': 3.1, 'score_bruto_sin_capar': 95.0, 'satura': False}","{'revenue_growth_yoy': 0.4, 'revenue_accelerating': True, 'rev_accel_quarters': 1}","{'rs_3m': -14.7, 'rs_6m': 6.4, 'rs_line_percentile': 50.6, 'rs_line_at_new_high': False, 'rs_line_trend': 'down', 'rs_line_score': 60}","{'roe_pct': 14.2, 'debt_to_equity': 0.69, 'current_ratio': 0.78, 'operating_margin_pct': 7.1}","{'days_to_earnings': 'N/A', 'recommendation': 'buy', 'analyst_upside_pct': 27.2}",378.58,339811434496,Healthcare,Healthcare Plans,1.6,2.8,False,461.62,-18.0,6,False,-3.2,481.72,529.0,380.0,25.0,buy,27.2,484.83,28.1,370.86,-2.0,reportado,múltiplo propio,4.0,0.44,False,,6.88,26.05,,2.45,57.6,9.28,1.54,False,-0.44,,9,,5.6,Operating Income,5.5,61.5,7.0,2026-10-13,True,True,False,6,NEUTRAL,4.87,176.2,,20.6,0.4,0.02,-20.2,2026-10-06T06:25:37.458810,,,,,,
MTD,Mettler-Toledo International Inc.,68.8,,trimestral,⭐⭐ GOOD,🟡 Good,USD,USD,False,True,True,1.0,,95.0,60.0,63.9,50.0,50.0,60.0,69.4,False,up,15.1,True,1,4.5,True,1,"{'eps_growth_yoy': 15.1, 'op_growth_yoy': 18.3, 'crecimiento_respaldado': True, 'positive_quarters': 4, 'earnings_accelerating': True, 'eps_accel_quarters': 1, 'profit_margin_pct': 21.9, 'score_bruto_sin_capar': 95.0, 'satura': False}","{'revenue_growth_yoy': 4.5, 'revenue_accelerating': True, 'rev_accel_quarters': 1}","{'rs_3m': 19.2, 'rs_6m': 3.3, 'rs_line_percentile': 69.4, 'rs_line_at_new_high': False, 'rs_line_trend': 'up', 'rs_line_score': 60}","{'debt_to_equity': 166.68, 'current_ratio': 1.12, 'operating_margin_pct': 31.2}","{'days_to_earnings': 'N/A', 'recommendation': 'hold', 'analyst_upside_pct': -5.2}",1541.63,30888962048,Healthcare,Diagnostics & Research,4.0,3.9,False,1554.83,-0.8,5,False,9.1,1461.92,1600.0,1200.0,13.0,hold,-5.2,687.63,-55.4,1485.17,-3.7,reportado,múltiplo propio,4.0,0.22,False,,2.81,43.32,,,,,,True,-2.76,,9,,16.9,Operating Income,16.8,7.3,30.0,2026-11-05,False,True,False,6,NEUTRAL,3.39,110.7,9.72,33.7,,,,2026-10-06T06:20:13.962063,,,,,,
GGG,Graco Inc.,68.6,,trimestral,⭐⭐ GOOD,🟡 Good,USD,USD,False,True,True,1.0,,95.0,60.0,26.7,95.0,55.0,15.0,10.8,False,down,13.6,True,1,3.3,True,1,"{'eps_growth_yoy': 13.6, 'op_growth_yoy': 11.2, 'crecimiento_respaldado': True, 'positive_quarters': 4, 'earnings_accelerating': True, 'eps_accel_quarters': 1, 'profit_margin_pct': 23.5, 'score_bruto_sin_capar': 95.0, 'satura': False}","{'revenue_growth_yoy': 3.3, 'revenue_accelerating': True, 'rev_accel_quarters': 1}","{'rs_3m': 3.9, 'rs_6m': -24.7, 'rs_line_percentile': 10.8, 'rs_line_at_new_high': False, 'rs_line_trend': 'down', 'rs_line_score': 15}","{'roe_pct': 21.2, 'debt_to_equity': 0.02, 'current_ratio': 2.99, 'operating_margin_pct': 29.7}","{'days_to_earnings': 'N/A', 'recommendation': 'hold', 'analyst_upside_pct': 15.8}",78.83,12766820352,Industrials,Specialty Industrial Machinery,4.3,2.2,False,95.69,-17.6,1,False,-0.6,91.29,100.0,84.0,7.0,hold,15.8,80.16,1.7,87.06,10.4,reportado,múltiplo propio,4.0,0.19,False,,4.92,3.88,,1.5,35.8,1.18,1.21,True,-1.68,,9,,194.7,Operating Income,205.3,5.8,15.0,2026-10-21,False,True,True,6,NEUTRAL,4.96,34.2,4.52,14.1,1.6,0.11,-12.5,2026-10-06T06:25:03.032635,,,,,,
MCO,Moody's Corporation,68.5,,trimestral,⭐⭐ GOOD,🟡 Good,USD,USD,False,True,True,1.0,,100.0,60.0,36.0,65.0,65.0,15.0,2.4,False,down,51.9,True,2,15.1,False,0,"{'eps_growth_yoy': 51.9, 'op_growth_yoy': 27.4, 'crecimiento_respaldado': True, 'positive_quarters': 4, 'earnings_accelerating': True, 'eps_accel_quarters': 2, 'profit_margin_pct': 34.3, 'score_bruto_sin_capar': 125.0, 'satura': True}","{'revenue_growth_yoy': 15.1, 'revenue_accelerating': False, 'rev_accel_quarters': 0}","{'rs_3m': -11.6, 'rs_6m': -15.4, 'rs_line_percentile': 2.4, 'rs_line_at_new_high': False, 'rs_line_trend': 'down', 'rs_line_score': 15}","{'roe_pct': 76.9, 'debt_to_equity': 2.41, 'current_ratio': 1.19, 'operating_margin_pct': 49.5}","{'days_to_earnings': 'N/A', 'recommendation': 'buy', 'analyst_upside_pct': 25.4}",448.15,77611057152,Financial Services,Financial Data & Stock Exchanges,1.9,4.2,False,546.88,-18.1,2,False,-6.7,561.9,610.0,505.0,21.0,buy,25.4,315.88,-29.5,619.01,38.1,reportado,múltiplo propio,4.0,0.19,False,,3.86,17.3,,0.92,25.0,4.12,0.8,False,,,9,,14.1,Operating Income,14.5,56.7,15.0,2026-10-21,False,True,True,8,STRONG,4.13,107.9,1.05,20.6,0.4,0.02,-20.2,2026-10-06T06:18:30.567990,,,,,,
ETN,Eaton Corporation plc,68.3,,trimestral,⭐⭐ GOOD,🟡 Good,USD,USD,False,True,True,1.0,,60.0,90.0,56.7,70.0,60.0,60.0,68.0,False,up,-16.4,True,1,21.4,True,2,"{'eps_growth_yoy': -16.4, 'op_growth_yoy': 10.8, 'crecimiento_respaldado': True, 'positive_quarters': 4, 'earnings_accelerating': True, 'eps_accel_quarters': 1, 'profit_margin_pct': 12.8, 'score_bruto_sin_capar': 60.0, 'satura': False}","{'revenue_growth_yoy': 21.4, 'revenue_accelerating': True, 'rev_accel_quarters': 2}","{'rs_3m': 4.3, 'rs_6m': -0.2, 'rs_line_percentile': 68.0, 'rs_line_at_new_high': False, 'rs_line_trend': 'up', 'rs_line_score': 60}","{'roe_pct': 19.7, 'debt_to_equity': 1.05, 'current_ratio': 1.24, 'operating_margin_pct': 16.6}","{'days_to_earnings': 'N/A', 'recommendation': 'buy', 'analyst_upside_pct': 11.2}",432.6,168021835776,Industrials,Specialty Industrial Machinery,2.0,4.2,False,478.0,-9.5,7,True,2.4,481.16,534.0,333.0,26.0,buy,11.2,210.39,-51.4,291.28,-32.7,reportado,múltiplo propio,4.0,0.34,False,,2.4,10.38,,1.02,43.5,4.4,1.39,False,-0.49,,9,,12.0,Operating Income,11.9,-15.9,28.0,2026-11-03,False,True,False,7,NEUTRAL,2.76,64.6,1.38,41.4,0.8,0.02,-40.6,2026-10-06T06:21:18.521134,,,,,,
ALLY,Ally Financial Inc.,68.3,,trimestral,⭐⭐ GOOD,🟡 Good,USD,USD,False,True,True,1.0,"FCF declarado (667,000,000) se aparta del derivado de flujo operativo menos capex (291,000,128)",100.0,70.0,24.0,60.0,70.0,15.0,0.0,False,down,16.5,True,2,11.4,True,1,"{'eps_growth_yoy': 16.5, 'positive_quarters': 4, 'earnings_accelerating': True, 'eps_accel_quarters': 2, 'profit_margin_pct': 18.4, 'score_bruto_sin_capar': 100.0, 'satura': False}","{'revenue_growth_yoy': 11.4, 'revenue_accelerating': True, 'rev_accel_quarters': 1}","{'rs_3m': -19.0, 'rs_6m': -23.4, 'rs_line_percentile': 0.0, 'rs_line_at_new_high': False, 'rs_line_trend': 'down', 'rs_line_score': 15}","{'roe_pct': 9.7, 'operating_margin_pct': 25.3}","{'days_to_earnings': 'N/A', 'recommendation': 'buy', 'analyst_upside_pct': 35.8}",37.63,11447033856,Financial Services,Credit Services,4.9,4.8,False,47.29,-20.4,1,False,-10.2,51.12,58.0,42.0,18.0,buy,35.8,,,43.5,15.6,reportado,múltiplo propio,3.0,1.2,True,2024-12-31,2.54,0.96,,3.19,28.2,1.2,3.09,False,-0.45,,7,,,,,13.5,14.0,2026-10-20,False,True,True,5,NEUTRAL,,,,18.3,0.8,0.04,-17.5,2026-10-06T06:25:41.443181,,,"el capex se lleva el 94% del flujo operativo: lo que queda no es lo que gana el dueño, es lo que sobra tras decidir invertir",,,
SYK,Stryker Corporation,68.3,,trimestral,⭐⭐ GOOD,🟡 Good,USD,USD,False,True,True,1.0,,100.0,60.0,24.0,80.0,65.0,15.0,7.6,False,down,44.3,True,1,9.4,True,1,"{'eps_growth_yoy': 44.3, 'op_growth_yoy': 42.1, 'crecimiento_respaldado': True, 'positive_quarters': 4, 'earnings_accelerating': True, 'eps_accel_quarters': 1, 'profit_margin_pct': 14.4, 'score_bruto_sin_capar': 100.0, 'satura': False}","{'revenue_growth_yoy': 9.4, 'revenue_accelerating': True, 'rev_accel_quarters': 1}","{'rs_3m': -16.7, 'rs_6m': -31.7, 'rs_line_percentile': 7.6, 'rs_line_at_new_high': False, 'rs_line_trend': 'down', 'rs_line_score': 15}","{'roe_pct': 16.5, 'debt_to_equity': 0.64, 'current_ratio': 2.16, 'operating_margin_pct': 27.0}","{'days_to_earnings': 'N/A', 'recommendation': 'buy', 'analyst_upside_pct': 28.7}",285.22,109402710016,Healthcare,Medical Devices,2.1,2.7,False,392.55,-27.3,0,False,-7.8,367.0,465.0,298.0,25.0,buy,28.7,351.71,23.3,384.36,34.8,reportado,múltiplo propio,4.0,0.26,False,,4.35,12.41,,1.23,36.1,3.52,0.99,False,,,9,,9.6,Operating Income,9.9,44.1,23.0,2026-10-29,False,True,False,5,NEUTRAL,4.17,46.7,1.58,38.8,1.6,0.04,-37.2,2026-10-06T06:18:53.011957,,,,,,
SHW,The Sherwin-Williams Company,68.0,,trimestral,⭐⭐ GOOD,🟡 Good,USD,USD,False,True,True,1.0,,100.0,70.0,36.0,45.0,65.0,15.0,15.1,False,down,11.8,True,2,7.5,True,2,"{'eps_growth_yoy': 11.8, 'op_growth_yoy': 12.0, 'crecimiento_respaldado': True, 'positive_quarters': 4, 'earnings_accelerating': True, 'eps_accel_quarters': 2, 'profit_margin_pct': 11.0, 'score_bruto_sin_capar': 100.0, 'satura': False}","{'revenue_growth_yoy': 7.5, 'revenue_accelerating': True, 'rev_accel_quarters': 2}","{'rs_3m': -7.6, 'rs_6m': -16.2, 'rs_line_percentile': 15.1, 'rs_line_at_new_high': False, 'rs_line_trend': 'down', 'rs_line_score': 15}","{'roe_pct': 65.1, 'debt_to_equity': 3.9, 'current_ratio': 0.73, 'operating_margin_pct': 18.1}","{'days_to_earnings': 'N/A', 'recommendation': 'buy', 'analyst_upside_pct': 21.6}",318.46,77308755968,Basic Materials,Specialty Chemicals,2.7,4.1,False,377.77,-15.7,2,False,-6.0,387.18,420.0,340.0,22.0,buy,21.6,224.77,-29.4,342.14,7.4,reportado,múltiplo propio,4.0,0.1,False,,4.0,12.74,,1.0,29.3,3.2,0.87,True,-2.11,,9,,7.7,Operating Income,7.8,10.0,21.0,2026-10-27,False,True,True,6,NEUTRAL,4.15,61.9,2.36,21.2,0.4,0.02,-20.8,2026-10-06T06:19:15.221276,,,,,,
LMT,Lockheed Martin Corporation,67.8,,trimestral,⭐⭐ GOOD,🟡 Good,USD,USD,False,True,True,1.0,,100.0,70.0,24.0,60.0,65.0,15.0,3.6,False,down,436.8,True,2,10.5,True,1,"{'eps_growth_yoy': 436.8, 'op_growth_yoy': 231.4, 'crecimiento_respaldado': False, 'crecimiento_puntuado': 256.4, 'positive_quarters': 4, 'earnings_accelerating': True, 'eps_accel_quarters': 2, 'profit_margin_pct': 8.2, 'score_bruto_sin_capar': 115.0, 'satura': True}","{'revenue_growth_yoy': 10.5, 'revenue_accelerating': True, 'rev_accel_quarters': 1}","{'rs_3m': -7.7, 'rs_6m': -36.4, 'rs_line_percentile': 3.6, 'rs_line_at_new_high': False, 'rs_line_trend': 'down', 'rs_line_score': 15}","{'roe_pct': 89.2, 'debt_to_equity': 2.34, 'current_ratio': 1.19, 'operating_margin_pct': 12.0}","{'days_to_earnings': 'N/A', 'recommendation': 'buy', 'analyst_upside_pct': 25.7}",506.63,116925521920,Industrials,Aerospace & Defense,1.2,2.3,False,692.0,-26.8,1,False,-8.3,636.74,756.0,503.0,19.0,buy,25.7,678.28,33.9,557.68,10.1,reportado,múltiplo propio,4.0,0.33,False,,7.49,37.95,,2.72,50.3,13.8,2.59,True,-1.37,,9,,8.2,Operating Income,7.7,310.7,16.0,2026-10-22,False,True,True,6,NEUTRAL,5.78,70.9,,17.6,,,,2026-10-06T06:24:45.392208,,,,,,
HRI,Herc Holdings Inc.,67.8,,trimestral,⭐⭐ GOOD,🟡 Good,USD,USD,False,True,True,1.0,"FCF declarado (-128,000,000) se aparta del derivado de flujo operativo menos capex (10,000,000)",68.0,90.0,56.0,45.0,70.0,35.0,30.2,False,down,,True,1,26.3,True,2,"{'positive_quarters': 3, 'earnings_accelerating': True, 'eps_accel_quarters': 1, 'profit_margin_pct': 1.0, 'score_bruto_sin_capar': 68.0, 'satura': False}","{'revenue_growth_yoy': 26.3, 'revenue_accelerating': True, 'rev_accel_quarters': 2}","{'rs_3m': -7.0, 'rs_6m': 27.2, 'rs_line_percentile': 30.2, 'rs_line_at_new_high': False, 'rs_line_trend': 'down', 'rs_line_score': 35}","{'roe_pct': 2.6, 'debt_to_equity': 5.06, 'current_ratio': 1.1, 'operating_margin_pct': 12.2}","{'days_to_earnings': 'N/A', 'recommendation': 'buy', 'analyst_upside_pct': 39.5}",135.51,4530294784,Industrials,Rental & Leasing Services,9.8,5.0,True,188.35,-28.1,3,False,-9.5,189.08,240.0,135.0,12.0,buy,39.5,,,,,reportado,,,,,,0.22,0.3,,2.07,183.0,2.8,1.27,False,,,9,,1.2,Operating Income,1.1,,21.0,2026-10-27,False,True,True,3,NEUTRAL,4.43,7.3,,51.6,,,,2026-10-06T06:26:53.499397,los P/E históricos se separan 251.6x la mediana: el ancla la decidiría un año suelto,,"el capex se lleva el 99% del flujo operativo: lo que queda no es lo que gana el dueño, es lo que sobra tras decidir invertir",,,
PAYX,"Paychex, Inc.",67.7,,trimestral,⭐⭐ GOOD,🟡 Good,USD,USD,False,True,True,1.0,,95.0,60.0,36.0,80.0,50.0,15.0,15.3,False,down,41.5,False,0,12.5,False,0,"{'eps_growth_yoy': 41.5, 'op_growth_yoy': 40.3, 'crecimiento_respaldado': True, 'positive_quarters': 4, 'earnings_accelerating': False, 'eps_accel_quarters': 0, 'profit_margin_pct': 27.4, 'score_bruto_sin_capar': 95.0, 'satura': False}","{'revenue_growth_yoy': 12.5, 'revenue_accelerating': False, 'rev_accel_quarters': 0}","{'rs_3m': -9.6, 'rs_6m': -6.7, 'rs_line_percentile': 15.3, 'rs_line_at_new_high': False, 'rs_line_trend': 'down', 'rs_line_score': 15}","{'roe_pct': 47.1, 'debt_to_equity': 1.25, 'current_ratio': 1.28, 'operating_margin_pct': 38.5}","{'days_to_earnings': 'N/A', 'recommendation': 'hold', 'analyst_upside_pct': 14.2}",99.78,35519733760,Technology,Software - Application,6.2,8.6,False,129.24,-22.8,4,False,-14.5,113.93,150.0,96.0,14.0,hold,14.2,129.66,29.9,115.09,15.3,reportado,múltiplo propio,4.0,0.58,False,,5.68,5.67,,4.77,90.1,4.76,2.81,True,-1.13,,9,,9.3,Operating Income,9.6,5.6,73.0,2026-12-18,False,True,False,7,NEUTRAL,6.4,103.5,3.56,37.5,0.2,0.01,-37.3,2026-10-06T06:18:37.741936,,,,,,
VLTO,Veralto Corporation,67.1,,trimestral,⭐⭐ GOOD,🟡 Good,USD,USD,False,True,True,1.0,,70.0,70.0,46.7,85.0,65.0,35.0,31.7,False,down,8.6,False,0,7.5,True,2,"{'eps_growth_yoy': 8.6, 'op_growth_yoy': 0.6, 'crecimiento_respaldado': True, 'positive_quarters': 4, 'earnings_accelerating': False, 'eps_accel_quarters': 0, 'profit_margin_pct': 17.3, 'score_bruto_sin_capar': 70.0, 'satura': False}","{'revenue_growth_yoy': 7.5, 'revenue_accelerating': True, 'rev_accel_quarters': 2}","{'rs_3m': 1.2, 'rs_6m': -9.1, 'rs_line_percentile': 31.7, 'rs_line_at_new_high': False, 'rs_line_trend': 'down', 'rs_line_score': 35}","{'roe_pct': 34.3, 'debt_to_equity': 1.16, 'current_ratio': 1.77, 'operating_margin_pct': 21.4}","{'days_to_earnings': 'N/A', 'recommendation': 'buy', 'analyst_upside_pct': 18.3}",96.57,23543123968,Industrials,Pollution & Treatment Controls,3.1,4.5,False,106.55,-9.4,4,False,0.0,114.2,136.0,100.0,15.0,buy,18.3,102.06,5.7,105.02,8.8,reportado,múltiplo propio,3.0,0.24,True,,4.42,4.27,,0.54,12.6,0.52,,True,-1.64,,9,,14.1,Operating Income,14.1,10.1,15.0,2026-10-21,False,True,True,6,NEUTRAL,5.1,76.5,6.47,18.0,3.1,0.17,-14.9,2026-10-06T06:19:07.434711,,,,,,
NYT,The New York Times Company,67.0,,trimestral,⭐⭐ GOOD,🟡 Good,USD,USD,False,True,True,0.9952,,90.0,70.0,24.0,75.0,65.0,15.0,3.9,False,down,12.6,True,1,11.2,True,1,"{'eps_growth_yoy': 12.6, 'op_growth_yoy': 11.5, 'crecimiento_respaldado': True, 'positive_quarters': 4, 'earnings_accelerating': True, 'eps_accel_quarters': 1, 'profit_margin_pct': 13.3, 'score_bruto_sin_capar': 90.0, 'satura': False}","{'revenue_growth_yoy': 11.2, 'revenue_accelerating': True, 'rev_accel_quarters': 1}","{'rs_3m': -16.7, 'rs_6m': -43.4, 'rs_line_percentile': 3.9, 'rs_line_at_new_high': False, 'rs_line_trend': 'down', 'rs_line_score': 15}","{'roe_pct': 19.7, 'current_ratio': 1.58, 'operating_margin_pct': 17.1}","{'days_to_earnings': 'N/A', 'recommendation': 'buy', 'analyst_upside_pct': 22.7}",64.0,10322149376,Communication Services,Publishing,8.6,7.1,True,87.1,-26.5,2,False,-5.2,78.56,90.0,63.0,9.0,buy,22.7,87.95,37.4,75.5,18.0,reportado,múltiplo propio,4.0,0.16,False,,6.05,3.87,,1.44,32.1,0.92,0.93,False,-0.79,,9,,420.4,Operating Income,423.0,14.0,29.0,2026-11-04,False,True,False,8,STRONG,4.67,52.6,0.78,44.2,1.6,0.04,-42.6,2026-10-06T06:26:08.391447,,,,,,
FHN,First Horizon Corporation,67.0,,trimestral,⭐⭐ GOOD,🟡 Good,USD,USD,False,True,True,1.0,"FCF declarado (-189,000,000) se aparta del derivado de flujo operativo menos capex (1,026,000,000)",95.0,60.0,36.0,65.0,65.0,15.0,6.4,False,down,12.0,True,1,6.7,True,1,"{'eps_growth_yoy': 12.0, 'positive_quarters': 4, 'earnings_accelerating': True, 'eps_accel_quarters': 1, 'profit_margin_pct': 30.2, 'score_bruto_sin_capar': 95.0, 'satura': False}","{'revenue_growth_yoy': 6.7, 'revenue_accelerating': True, 'rev_accel_quarters': 1}","{'rs_3m': -11.1, 'rs_6m': -16.0, 'rs_line_percentile': 6.4, 'rs_line_at_new_high': False, 'rs_line_trend': 'down', 'rs_line_score': 15}","{'roe_pct': 11.5, 'operating_margin_pct': 41.3}","{'days_to_earnings': 'N/A', 'recommendation': 'buy', 'analyst_upside_pct': 17.5}",23.36,11067435008,Financial Services,Banks - Regional,3.9,3.2,False,26.56,-12.0,4,False,-4.8,27.45,30.0,25.0,21.0,buy,17.5,,,26.64,14.0,reportado,múltiplo propio,4.0,0.42,False,,9.27,2.17,,2.91,30.8,0.68,3.12,True,-6.61,,7,,,,,14.0,9.0,2026-10-15,False,True,True,5,NEUTRAL,,,1.55,16.1,,,,2026-10-06T06:26:57.429412,,,"Banks - Regional: el flujo operativo son depósitos, préstamos o primas, no caja libre para el accionista",,,
JNJ,Johnson & Johnson,67.0,,trimestral,⭐⭐ GOOD,🟡 Good,USD,USD,False,True,True,1.0,,75.0,60.0,54.0,85.0,60.0,60.0,51.3,False,down,-0.1,True,2,6.6,True,1,"{'eps_growth_yoy': -0.1, 'op_growth_yoy': 6.9, 'crecimiento_respaldado': True, 'positive_quarters': 4, 'earnings_accelerating': True, 'eps_accel_quarters': 2, 'profit_margin_pct': 21.5, 'score_bruto_sin_capar': 75.0, 'satura': False}","{'revenue_growth_yoy': 6.6, 'revenue_accelerating': True, 'rev_accel_quarters': 1}","{'rs_3m': -7.7, 'rs_6m': -10.9, 'rs_line_percentile': 51.3, 'rs_line_at_new_high': False, 'rs_line_trend': 'down', 'rs_line_score': 60}","{'roe_pct': 25.7, 'debt_to_equity': 0.58, 'current_ratio': 1.09, 'operating_margin_pct': 29.2}","{'days_to_earnings': 'N/A', 'recommendation': 'buy', 'analyst_upside_pct': 10.5}",252.93,609535590400,Healthcare,Drug Manufacturers - General,1.0,3.4,False,281.07,-10.0,6,False,-4.6,279.5,320.0,190.0,22.0,buy,10.5,252.36,-0.2,159.31,-37.0,reportado,múltiplo propio,3.0,0.7,True,2024-12-31,3.67,9.28,,2.12,60.7,5.36,2.68,False,0.87,,9,,25.9,Operating Income,25.9,-0.9,7.0,2026-10-13,True,True,False,4,NEUTRAL,4.01,103.8,1.17,14.2,0.8,0.06,-13.4,2026-10-06T06:22:41.375603,,,,,,
COST,Costco Wholesale Corporation,67.0,,trimestral,⭐⭐ GOOD,🟡 Good,USD,USD,False,True,True,1.0,"FCF declarado (6,370,000,000) se aparta del derivado de flujo operativo menos capex (10,327,000,448)",95.0,60.0,24.0,85.0,60.0,15.0,7.2,False,down,15.2,True,2,11.6,False,0,"{'eps_growth_yoy': 15.2, 'op_growth_yoy': 11.3, 'crecimiento_respaldado': True, 'positive_quarters': 4, 'earnings_accelerating': True, 'eps_accel_quarters': 2, 'profit_margin_pct': 3.0, 'score_bruto_sin_capar': 95.0, 'satura': False}","{'revenue_growth_yoy': 11.6, 'revenue_accelerating': False, 'rev_accel_quarters': 0}","{'rs_3m': -7.2, 'rs_6m': -26.7, 'rs_line_percentile': 7.2, 'rs_line_at_new_high': False, 'rs_line_trend': 'down', 'rs_line_score': 15}","{'roe_pct': 28.4, 'debt_to_equity': 0.24, 'current_ratio': 1.06, 'operating_margin_pct': 4.0}","{'days_to_earnings': 'N/A', 'recommendation': 'buy', 'analyst_upside_pct': 14.6}",923.52,409365020672,Consumer Defensive,Discount Stores,1.7,3.8,False,1096.5,-15.8,3,False,-1.0,1057.94,1315.0,770.0,35.0,buy,14.6,549.51,-40.5,928.05,0.5,reportado,múltiplo propio,4.0,0.36,False,,2.52,23.27,,0.64,27.0,5.88,0.57,False,-0.07,,9,,76.9,Operating Income,81.5,15.0,65.0,2026-12-10,False,True,False,7,NEUTRAL,2.62,28.9,3.21,16.7,0.2,0.01,-16.5,2026-10-06T06:17:38.210028,,,,,,
CNI,Canadian National Railway Company,66.8,,trimestral,⭐⭐ GOOD,🟡 Good,USD,CAD,True,True,True,1.0,"FCF declarado (3,410,000,000) se aparta del derivado de flujo operativo menos capex (1,256,507,351)",85.0,70.0,44.0,60.0,60.0,35.0,45.1,False,down,6.6,True,1,11.3,True,1,"{'eps_growth_yoy': 6.6, 'op_growth_yoy': 8.7, 'crecimiento_respaldado': True, 'positive_quarters': 4, 'earnings_accelerating': True, 'eps_accel_quarters': 1, 'profit_margin_pct': 26.9, 'score_bruto_sin_capar': 85.0, 'satura': False}","{'revenue_growth_yoy': 11.3, 'revenue_accelerating': True, 'rev_accel_quarters': 1}","{'rs_3m': -6.4, 'rs_6m': -4.2, 'rs_line_percentile': 45.1, 'rs_line_at_new_high': False, 'rs_line_trend': 'down', 'rs_line_score': 35}","{'roe_pct': 22.0, 'debt_to_equity': 1.04, 'current_ratio': 0.87, 'operating_margin_pct': 40.3}","{'days_to_earnings': 'N/A', 'recommendation': 'buy', 'analyst_upside_pct': 13.5}",119.32,72081211392,Industrials,Railroads,,4.0,False,131.55,-9.3,6,False,-3.4,135.45,148.96,110.03,13.0,buy,13.5,,,78.61,-34.1,reportado,múltiplo propio,4.0,0.14,False,,1.74,2.08,,2.16,46.3,2.58,2.02,True,-3.26,,9,,7.1,Operating Income,7.8,7.1,24.0,2026-10-30,False,True,False,7,NEUTRAL,6.97,13.3,32.15,16.0,0.4,0.02,-15.6,2026-10-06T06:19:51.181662,,,"el capex se lleva el 74% del flujo operativo: lo que queda no es lo que gana el dueño, es lo que sobra tras decidir invertir",,,
ATLKY,Atlas Copco AB (publ),66.6,,trimestral,⭐⭐ GOOD,🟡 Good,USD,SEK,True,True,False,0.6801,"acciones × precio no cuadra con la capitalización (ratio 0.6801) y los estados van en SEK mientras cotiza en USD — puede ser un ADR. Los ratios por acción (EPS, FCF/acción, DCF) no son utilizables",80.0,60.0,50.3,80.0,55.0,35.0,41.5,False,down,7.0,True,1,5.3,True,1,"{'eps_growth_yoy': 7.0, 'op_growth_yoy': 7.5, 'crecimiento_respaldado': True, 'positive_quarters': 4, 'earnings_accelerating': True, 'eps_accel_quarters': 1, 'profit_margin_pct': 15.7, 'score_bruto_sin_capar': 80.0, 'satura': False}","{'revenue_growth_yoy': 5.3, 'revenue_accelerating': True, 'rev_accel_quarters': 1}","{'rs_3m': 3.8, 'rs_6m': 1.3, 'rs_line_percentile': 41.5, 'rs_line_at_new_high': False, 'rs_line_trend': 'down', 'rs_line_score': 35}","{'roe_pct': 25.7, 'debt_to_equity': 0.34, 'current_ratio': 1.27}","{'days_to_earnings': 'N/A', 'recommendation': 'none', 'analyst_upside_pct': 24.2}",20.94,102158319616,Industrials,Specialty Industrial Machinery,,,False,22.42,-6.6,5,False,-1.1,26.0,26.0,26.0,1.0,none,24.2,,,,,reportado,,,,,,25.82,5.41,,2.67,76.1,0.56,1.56,False,,,9,,117.7,Operating Income,117.4,4.0,,,False,False,False,6,NEUTRAL,,54.0,6.55,33.9,,,,2026-10-06T06:22:07.404405,,,,,"acciones × precio no cuadra con la capitalización (ratio 0.6801) y los estados van en SEK mientras cotiza en USD — puede ser un ADR. Los ratios por acción (EPS, FCF/acción, DCF) no son utilizables",
RMD,ResMed Inc.,66.3,,trimestral,⭐⭐ GOOD,🟡 Good,USD,USD,False,True,True,1.0,,75.0,60.0,46.7,90.0,60.0,35.0,25.5,False,up,1.0,False,0,8.6,True,1,"{'eps_growth_yoy': 1.0, 'op_growth_yoy': -1.7, 'crecimiento_respaldado': True, 'positive_quarters': 4, 'earnings_accelerating': False, 'eps_accel_quarters': 0, 'profit_margin_pct': 26.9, 'score_bruto_sin_capar': 75.0, 'satura': False}","{'revenue_growth_yoy': 8.6, 'revenue_accelerating': True, 'rev_accel_quarters': 1}","{'rs_3m': 4.4, 'rs_6m': -19.0, 'rs_line_percentile': 25.5, 'rs_line_at_new_high': False, 'rs_line_trend': 'up', 'rs_line_score': 35}","{'roe_pct': 24.3, 'debt_to_equity': 0.13, 'current_ratio': 3.1, 'operating_margin_pct': 30.9}","{'days_to_earnings': 'N/A', 'recommendation': 'buy', 'analyst_upside_pct': 12.3}",222.86,31342862336,Healthcare,Medical Instruments & Supplies,11.4,10.6,True,284.87,-21.8,1,False,-0.3,250.22,320.0,175.0,17.0,buy,12.3,334.37,50.0,,,reportado,,,,,,5.2,11.59,,1.18,23.0,2.64,0.86,True,-1.4,,9,,,,,1.7,23.0,2026-10-29,False,True,False,7,NEUTRAL,6.06,52.1,7.02,20.2,,,,2026-10-06T06:24:52.663809,sin histórico de múltiplo (beneficio negativo o pocos años),,,,,
MSI,"Motorola Solutions, Inc.",66.1,,trimestral,⭐⭐ GOOD,🟡 Good,USD,USD,False,True,True,1.0,,80.0,70.0,46.7,65.0,55.0,35.0,34.8,False,up,8.6,True,1,13.3,True,1,"{'eps_growth_yoy': 8.6, 'op_growth_yoy': 19.3, 'crecimiento_respaldado': True, 'positive_quarters': 4, 'earnings_accelerating': True, 'eps_accel_quarters': 1, 'profit_margin_pct': 17.4, 'score_bruto_sin_capar': 80.0, 'satura': False}","{'revenue_growth_yoy': 13.3, 'revenue_accelerating': True, 'rev_accel_quarters': 1}","{'rs_3m': 4.4, 'rs_6m': -14.6, 'rs_line_percentile': 34.8, 'rs_line_at_new_high': False, 'rs_line_trend': 'up', 'rs_line_score': 35}","{'roe_pct': 91.6, 'debt_to_equity': 3.58, 'current_ratio': 1.1, 'operating_margin_pct': 27.4}","{'days_to_earnings': 'N/A', 'recommendation': 'none', 'analyst_upside_pct': 15.7}",455.37,75360903168,Technology,Communication Equipment,2.2,3.2,False,494.85,-8.0,5,False,-1.2,526.91,550.0,476.0,11.0,none,15.7,397.69,-12.7,392.41,-13.8,reportado,múltiplo propio,4.0,0.62,False,,3.59,16.35,,1.06,37.2,4.84,1.09,False,-0.95,,9,,7.0,Operating Income,7.3,4.8,30.0,2026-11-05,False,True,False,6,NEUTRAL,3.51,150.4,1.37,15.6,0.8,0.05,-14.8,2026-10-06T06:17:31.082671,,,,,,
GWW,"W.W. Grainger, Inc.",66.0,,trimestral,⭐⭐ GOOD,🟡 Good,USD,USD,False,True,True,1.0,,75.0,60.0,54.0,85.0,50.0,60.0,54.2,False,down,18.3,False,0,10.3,False,0,"{'eps_growth_yoy': 18.3, 'op_growth_yoy': 19.0, 'crecimiento_respaldado': True, 'positive_quarters': 4, 'earnings_accelerating': False, 'eps_accel_quarters': 0, 'profit_margin_pct': 9.9, 'score_bruto_sin_capar': 75.0, 'satura': False}","{'revenue_growth_yoy': 10.3, 'revenue_accelerating': False, 'rev_accel_quarters': 0}","{'rs_3m': -8.7, 'rs_6m': -1.5, 'rs_line_percentile': 54.2, 'rs_line_at_new_high': False, 'rs_line_trend': 'down', 'rs_line_score': 60}","{'roe_pct': 46.1, 'debt_to_equity': 0.62, 'current_ratio': 2.81, 'operating_margin_pct': 16.1}","{'days_to_earnings': 'N/A', 'recommendation': 'hold', 'analyst_upside_pct': 3.5}",1286.84,60611379200,Industrials,Industrial Distribution,2.6,4.7,False,1419.91,-9.4,6,False,-1.0,1331.64,1500.0,1100.0,14.0,hold,3.5,598.37,-53.5,957.67,-25.6,reportado,múltiplo propio,4.0,0.43,False,,2.3,29.6,6.5,0.77,23.6,9.96,0.91,True,-1.87,,9,,33.9,Operating Income,34.1,8.2,29.0,2026-11-04,False,True,False,6,NEUTRAL,3.95,40.5,4.59,19.6,0.2,0.01,-19.4,2026-10-06T06:22:52.252199,,,,,,
FICO,Fair Isaac Corporation,65.8,,trimestral,⭐⭐ GOOD,🟡 Good,USD,USD,False,True,True,1.0,,95.0,70.0,15.0,65.0,70.0,15.0,5.5,False,down,30.5,False,0,25.7,False,0,"{'eps_growth_yoy': 30.5, 'op_growth_yoy': 38.1, 'crecimiento_respaldado': True, 'positive_quarters': 4, 'earnings_accelerating': False, 'eps_accel_quarters': 0, 'profit_margin_pct': 34.1, 'score_bruto_sin_capar': 95.0, 'satura': False}","{'revenue_growth_yoy': 25.7, 'revenue_accelerating': False, 'rev_accel_quarters': 0}","{'rs_3m': -49.7, 'rs_6m': -54.4, 'rs_line_percentile': 5.5, 'rs_line_at_new_high': False, 'rs_line_trend': 'down', 'rs_line_score': 15}","{'current_ratio': 1.18, 'operating_margin_pct': 53.8}","{'days_to_earnings': 'N/A', 'recommendation': 'buy', 'analyst_upside_pct': 73.2}",689.61,14893945856,Technology,Software - Application,10.8,5.5,True,1886.28,-63.4,0,False,-32.2,1194.42,1750.0,490.0,19.0,buy,73.2,832.72,20.8,,,reportado,,,,,,6.46,44.55,,,,,,True,-7.62,,9,,6.7,Operating Income,6.7,28.8,29.0,2026-11-04,False,True,False,7,NEUTRAL,4.62,996.3,0.58,121.1,,,,2026-10-06T06:19:23.318852,múltiplo propio 54x fuera del rango 8-45,,,,,
PSA,Public Storage,65.7,,trimestral,⭐⭐ GOOD,🟡 Good,USD,USD,False,True,True,1.0,,85.0,70.0,36.0,60.0,65.0,15.0,0.0,False,down,39.5,False,0,2.6,True,2,"{'eps_growth_yoy': 39.5, 'op_growth_yoy': -3.0, 'crecimiento_respaldado': False, 'crecimiento_puntuado': 25.0, 'positive_quarters': 4, 'earnings_accelerating': False, 'eps_accel_quarters': 0, 'profit_margin_pct': 41.6, 'score_bruto_sin_capar': 95.0, 'satura': False}","{'revenue_growth_yoy': 2.6, 'revenue_accelerating': True, 'rev_accel_quarters': 2}","{'rs_3m': -15.5, 'rs_6m': -15.3, 'rs_line_percentile': 0.0, 'rs_line_at_new_high': False, 'rs_line_trend': 'down', 'rs_line_score': 15}","{'roe_pct': 21.9, 'debt_to_equity': 1.1, 'current_ratio': 0.22, 'operating_margin_pct': 45.7}","{'days_to_earnings': 'N/A', 'recommendation': 'buy', 'analyst_upside_pct': 19.0}",281.66,52628815872,Real Estate,REIT - Industrial,4.3,8.0,False,335.55,-16.1,4,False,-8.1,335.06,374.0,285.0,18.0,buy,19.0,231.16,-17.9,202.08,-28.3,normalizado,múltiplo propio,4.0,0.65,False,,5.48,15.43,,4.26,114.6,12.0,3.34,False,0.34,,9,,6.9,Operating Income,7.3,18.0,20.0,2026-10-26,False,True,True,5,NEUTRAL,3.54,1163.1,,18.0,,,,2026-10-06T06:24:02.967808,,,,tasa fiscal efectiva -0.4% — el beneficio del periodo no es representativo,,
CSU.TO,Constellation Software Inc.,65.7,,trimestral,⭐⭐ GOOD,🟡 Good,CAD,USD,True,True,True,1.0,"FCF declarado (2,771,000,000) se aparta del derivado de flujo operativo menos capex (3,995,092,011)",85.0,70.0,42.3,55.0,60.0,15.0,20.8,False,up,389.3,False,0,17.3,True,1,"{'eps_growth_yoy': 389.3, 'op_growth_yoy': 8.9, 'crecimiento_respaldado': False, 'crecimiento_puntuado': 33.9, 'positive_quarters': 4, 'earnings_accelerating': False, 'eps_accel_quarters': 0, 'profit_margin_pct': 7.6, 'score_bruto_sin_capar': 85.0, 'satura': False}","{'revenue_growth_yoy': 17.3, 'revenue_accelerating': True, 'rev_accel_quarters': 1}","{'rs_3m': 0.7, 'rs_6m': 7.6, 'rs_line_percentile': 20.8, 'rs_line_at_new_high': False, 'rs_line_trend': 'up', 'rs_line_score': 15}","{'roe_pct': 23.3, 'debt_to_equity': 1.2, 'current_ratio': 0.9, 'operating_margin_pct': 15.1}","{'days_to_earnings': 'N/A', 'recommendation': 'none', 'analyst_upside_pct': 36.0}",2986.49,63288291328,Technology,Software - Application,,4.7,False,4110.0,-27.3,3,False,-0.1,4062.95,5640.82,3384.73,12.0,none,36.0,,,,,reportado,,,,,,6.31,188.45,,0.19,8.8,5.7,0.17,False,,,9,,8.4,Operating Income,6.2,194.6,31.0,2026-11-06,False,True,False,6,NEUTRAL,3.15,337.8,0.53,34.7,,,,2026-10-06T06:18:11.698571,,,,,,
TW,Tradeweb Markets Inc.,65.6,,trimestral,⭐⭐ GOOD,🟡 Good,USD,USD,False,True,True,0.5279,acciones × precio no cuadra (ratio 0.5279) pero la divisa sí: son clases múltiples. Se usan 216 M de acciones efectivas (capitalización ÷ precio) en vez de las 114 M declaradas,95.0,50.0,26.7,85.0,65.0,15.0,20.0,False,flat,17.9,True,1,9.0,False,0,"{'eps_growth_yoy': 17.9, 'op_growth_yoy': 22.7, 'crecimiento_respaldado': True, 'positive_quarters': 4, 'earnings_accelerating': True, 'eps_accel_quarters': 1, 'profit_margin_pct': 40.7, 'score_bruto_sin_capar': 95.0, 'satura': False}","{'revenue_growth_yoy': 9.0, 'revenue_accelerating': False, 'rev_accel_quarters': 0}","{'rs_3m': 3.2, 'rs_6m': -32.1, 'rs_line_percentile': 20.0, 'rs_line_at_new_high': False, 'rs_line_trend': 'flat', 'rs_line_score': 15}","{'roe_pct': 14.5, 'debt_to_equity': 0.02, 'current_ratio': 6.79, 'operating_margin_pct': 43.8}","{'days_to_earnings': 'N/A', 'recommendation': 'buy', 'analyst_upside_pct': 15.5}",107.11,23138787328,Financial Services,Capital Markets,3.0,2.9,False,127.69,-16.1,2,False,3.3,123.73,183.0,98.0,15.0,buy,15.5,,,,,reportado,,,,,,4.2,4.5,11.2,0.52,12.4,0.56,0.39,True,-1.01,,9,,474.0,Operating Income,633.6,13.8,23.0,2026-10-29,False,True,False,8,STRONG,3.95,41.0,0.77,31.9,,,,2026-10-06T06:18:56.424324,múltiplo propio 48x fuera del rango 8-45,216028264.0,"Capital Markets: el flujo operativo son depósitos, préstamos o primas, no caja libre para el accionista",,,
ISRG,"Intuitive Surgical, Inc.",65.5,,trimestral,⭐⭐ GOOD,🟡 Good,USD,USD,False,True,True,1.0,,85.0,70.0,24.0,75.0,65.0,15.0,17.7,False,up,24.3,False,0,18.5,True,1,"{'eps_growth_yoy': 24.3, 'op_growth_yoy': 30.7, 'crecimiento_respaldado': True, 'positive_quarters': 4, 'earnings_accelerating': False, 'eps_accel_quarters': 0, 'profit_margin_pct': 28.4, 'score_bruto_sin_capar': 85.0, 'satura': False}","{'revenue_growth_yoy': 18.5, 'revenue_accelerating': True, 'rev_accel_quarters': 1}","{'rs_3m': -6.3, 'rs_6m': -28.4, 'rs_line_percentile': 17.7, 'rs_line_at_new_high': False, 'rs_line_trend': 'up', 'rs_line_score': 15}","{'roe_pct': 17.4, 'current_ratio': 4.96, 'operating_margin_pct': 33.6}","{'days_to_earnings': 'N/A', 'recommendation': 'buy', 'analyst_upside_pct': 17.4}",406.48,143600467968,Healthcare,Medical Instruments & Supplies,2.3,3.6,False,603.88,-32.7,1,False,6.6,477.21,685.0,324.0,29.0,buy,17.4,161.39,-60.3,,,reportado,,,,,,2.21,8.98,,,,,,True,-1.87,,6,solo 6 de los 9 criterios son calculables con los estados de esta empresa,,,,26.5,14.0,2026-10-20,False,True,True,4,,2.13,22.5,1.27,31.3,,,,2026-10-06T06:23:00.104956,sin histórico de múltiplo (beneficio negativo o pocos años),,,,,
WTKWY,Wolters Kluwer N.V.,65.5,,anual,⭐⭐ GOOD,🟡 Good,USD,EUR,True,True,True,1.0,,100.0,50.0,42.3,50.0,70.0,15.0,13.0,False,down,21.2,True,2,3.5,False,0,"{'eps_growth_yoy': 21.2, 'op_growth_yoy': 5.4, 'crecimiento_respaldado': True, 'positive_quarters': 4, 'earnings_accelerating': True, 'eps_accel_quarters': 2, 'profit_margin_pct': 21.9, 'score_bruto_sin_capar': 105.0, 'satura': True}","{'revenue_growth_yoy': 3.5, 'revenue_accelerating': False, 'rev_accel_quarters': 0}","{'rs_3m': 11.1, 'rs_6m': -11.7, 'rs_line_percentile': 13.0, 'rs_line_at_new_high': False, 'rs_line_trend': 'down', 'rs_line_score': 15}","{'roe_pct': 146.1, 'debt_to_equity': 5.9, 'current_ratio': 0.69, 'operating_margin_pct': 26.9}","{'days_to_earnings': 'N/A', 'recommendation': 'strong_buy', 'analyst_upside_pct': 41.6}",76.67,17054252032,Industrials,Specialty Business Services,,,False,134.25,-42.9,1,False,-3.1,108.6,108.6,108.6,1.0,strong_buy,41.6,187.09,144.0,,,reportado,múltiplo propio,4.0,0.59,False,,9.33,7.15,,3.9,43.3,2.99,1.7,,,,9,,,,,4.5,,,False,False,False,7,NEUTRAL,7.97,639.0,0.89,34.1,,,,2026-10-06T06:16:56.071479,"objetivo 193 sobre un precio de 77 (+151%): el BPA no cuadra con el múltiplo histórico, no se publica",,,,,
BRO,"Brown & Brown, Inc.",65.5,,trimestral,⭐⭐ GOOD,🟡 Good,USD,USD,False,True,True,1.0,,80.0,80.0,24.0,75.0,55.0,15.0,7.2,False,down,24.7,False,0,32.4,False,0,"{'eps_growth_yoy': 24.7, 'op_growth_yoy': 23.7, 'crecimiento_respaldado': True, 'positive_quarters': 4, 'earnings_accelerating': False, 'eps_accel_quarters': 0, 'profit_margin_pct': 18.1, 'score_bruto_sin_capar': 80.0, 'satura': False}","{'revenue_growth_yoy': 32.4, 'revenue_accelerating': False, 'rev_accel_quarters': 0}","{'rs_3m': -14.9, 'rs_6m': -25.8, 'rs_line_percentile': 7.2, 'rs_line_at_new_high': False, 'rs_line_trend': 'down', 'rs_line_score': 15}","{'roe_pct': 10.0, 'debt_to_equity': 0.64, 'current_ratio': 1.13, 'operating_margin_pct': 41.8}","{'days_to_earnings': 'N/A', 'recommendation': 'hold', 'analyst_upside_pct': 23.7}",60.93,20387809280,Financial Services,Insurance Brokers,5.4,8.2,False,96.55,-36.9,1,False,-11.0,75.38,90.0,55.0,16.0,hold,23.7,,,73.67,20.9,reportado,múltiplo propio,4.0,0.27,False,,7.12,4.34,,1.08,20.3,0.66,0.64,False,13.99,,9,,4.0,Operating Income,4.7,2.8,20.0,2026-10-26,False,True,True,4,NEUTRAL,5.45,157.1,1.08,28.8,,,,2026-10-06T06:20:21.516609,,,"Insurance Brokers: el flujo operativo son depósitos, préstamos o primas, no caja libre para el accionista",,,
ICE,"Intercontinental Exchange, Inc.",65.2,,trimestral,⭐⭐ GOOD,🟡 Good,USD,USD,False,True,True,1.0,,85.0,60.0,34.7,75.0,65.0,35.0,36.1,False,down,12.6,False,0,10.7,False,0,"{'eps_growth_yoy': 12.6, 'op_growth_yoy': 7.3, 'crecimiento_respaldado': True, 'positive_quarters': 4, 'earnings_accelerating': False, 'eps_accel_quarters': 0, 'profit_margin_pct': 38.2, 'score_bruto_sin_capar': 85.0, 'satura': False}","{'revenue_growth_yoy': 10.7, 'revenue_accelerating': False, 'rev_accel_quarters': 0}","{'rs_3m': 7.1, 'rs_6m': -26.0, 'rs_line_percentile': 36.1, 'rs_line_at_new_high': False, 'rs_line_trend': 'down', 'rs_line_score': 35}","{'roe_pct': 14.1, 'debt_to_equity': 0.69, 'current_ratio': 1.01, 'operating_margin_pct': 52.6}","{'days_to_earnings': 'N/A', 'recommendation': 'buy', 'analyst_upside_pct': 21.6}",152.15,85416165376,Financial Services,Financial Data & Stock Exchanges,1.3,2.0,False,176.05,-13.6,2,False,-1.9,185.0,236.0,159.0,15.0,buy,21.6,197.39,29.7,213.15,40.1,reportado,múltiplo propio,4.0,0.34,False,,5.53,8.41,,1.37,28.2,2.08,1.23,True,-1.57,,9,,6.9,Operating Income,7.6,14.2,23.0,2026-10-29,False,True,False,8,STRONG,4.76,114.8,0.58,18.4,0.4,0.02,-18.0,2026-10-06T06:19:54.727929,,,,,,
DOL.TO,Dollarama Inc.,65.2,,trimestral,⭐⭐ GOOD,🟡 Good,CAD,CAD,False,True,True,1.0,,80.0,70.0,36.0,70.0,60.0,15.0,19.7,False,down,8.7,True,1,17.6,True,1,"{'eps_growth_yoy': 8.7, 'op_growth_yoy': 5.0, 'crecimiento_respaldado': True, 'positive_quarters': 4, 'earnings_accelerating': True, 'eps_accel_quarters': 1, 'profit_margin_pct': 17.3, 'score_bruto_sin_capar': 80.0, 'satura': False}","{'revenue_growth_yoy': 17.6, 'revenue_accelerating': True, 'rev_accel_quarters': 1}","{'rs_3m': -5.6, 'rs_6m': -13.0, 'rs_line_percentile': 19.7, 'rs_line_at_new_high': False, 'rs_line_trend': 'down', 'rs_line_score': 15}","{'roe_pct': 93.1, 'debt_to_equity': 4.0, 'current_ratio': 1.55, 'operating_margin_pct': 23.1}","{'days_to_earnings': 'N/A', 'recommendation': 'buy', 'analyst_upside_pct': 13.3}",183.13,49146507264,Consumer Defensive,Discount Stores,,3.8,False,209.96,-12.8,2,False,0.4,207.47,236.0,148.0,17.0,buy,13.3,204.65,11.8,153.82,-16.0,reportado,múltiplo propio,4.0,0.36,False,,3.5,6.41,,0.25,9.1,0.45,0.26,True,-2.42,,9,,7.9,Operating Income,9.1,11.2,65.0,2026-12-10,False,True,False,5,NEUTRAL,3.2,45.6,1.58,28.0,,,,2026-10-06T06:23:30.626843,,,,,,
ASAZY,ASSA ABLOY AB (publ),65.0,,trimestral,⭐⭐ GOOD,🟡 Good,USD,SEK,True,True,False,0.9482,"acciones × precio no cuadra con la capitalización (ratio 0.9482) y los estados van en SEK mientras cotiza en USD — puede ser un ADR. Los ratios por acción (EPS, FCF/acción, DCF) no son utilizables",100.0,60.0,24.0,65.0,55.0,15.0,1.1,False,down,80.4,True,1,3.5,True,1,"{'eps_growth_yoy': 80.4, 'op_growth_yoy': 53.9, 'crecimiento_respaldado': False, 'crecimiento_puntuado': 78.9, 'positive_quarters': 4, 'earnings_accelerating': True, 'eps_accel_quarters': 1, 'profit_margin_pct': 10.8, 'score_bruto_sin_capar': 110.0, 'satura': True}","{'revenue_growth_yoy': 3.5, 'revenue_accelerating': True, 'rev_accel_quarters': 1}","{'rs_3m': -2.6, 'rs_6m': -21.6, 'rs_line_percentile': 1.1, 'rs_line_at_new_high': False, 'rs_line_trend': 'down', 'rs_line_score': 15}","{'roe_pct': 15.6, 'debt_to_equity': 0.64, 'current_ratio': 1.01}","{'days_to_earnings': 'N/A', 'recommendation': 'none', 'analyst_upside_pct': 24.0}",17.53,38943817728,Industrials,Security & Protection Services,,,False,21.98,-20.2,1,False,-3.9,21.74,21.74,21.74,1.0,none,24.0,,,,,reportado,,,,,,47.86,8.39,,1.88,43.1,0.33,1.71,False,,,9,,,,,8.0,21.0,2026-10-27,False,True,True,8,STRONG,,120.6,5.71,20.0,,,,2026-10-06T06:21:14.607757,,,,,"acciones × precio no cuadra con la capitalización (ratio 0.9482) y los estados van en SEK mientras cotiza en USD — puede ser un ADR. Los ratios por acción (EPS, FCF/acción, DCF) no son utilizables",
UBER,"Uber Technologies, Inc.",64.5,,trimestral,⭐⭐ GOOD,🟡 Good,USD,USD,False,True,True,1.0,,85.0,70.0,24.0,65.0,70.0,15.0,1.9,False,down,76.7,True,2,12.2,True,1,"{'eps_growth_yoy': 76.7, 'op_growth_yoy': 30.3, 'crecimiento_respaldado': False, 'crecimiento_puntuado': 55.3, 'positive_quarters': 4, 'earnings_accelerating': True, 'eps_accel_quarters': 2, 'profit_margin_pct': 17.3, 'score_bruto_sin_capar': 120.0, 'satura': True}","{'revenue_growth_yoy': 12.2, 'revenue_accelerating': True, 'rev_accel_quarters': 1}","{'rs_3m': -9.8, 'rs_6m': -21.3, 'rs_line_percentile': 1.9, 'rs_line_at_new_high': False, 'rs_line_trend': 'down', 'rs_line_score': 15}","{'roe_pct': 37.2, 'debt_to_equity': 0.52, 'current_ratio': 0.84, 'operating_margin_pct': 13.3}","{'days_to_earnings': 'N/A', 'recommendation': 'buy', 'analyst_upside_pct': 45.2}",69.48,141917077504,Technology,Software - Application,2.3,2.6,False,100.69,-31.0,0,False,-5.0,100.86,150.0,70.0,46.0,buy,45.2,101.32,45.8,,,normalizado,,,,,,7.11,4.94,,,,,,True,-3.55,,9,,14.5,Operating Income,15.5,85.5,29.0,2026-11-04,False,True,False,6,NEUTRAL,3.65,118.8,0.52,23.6,,,,2026-10-06T06:26:27.557481,los P/E históricos se separan 3.2x la mediana: el ancla la decidiría un año suelto,,,tasa fiscal efectiva -45.7% — el beneficio del periodo no es representativo,,
FCNCA,"First Citizens BancShares, Inc.",64.5,,trimestral,⭐⭐ GOOD,🟡 Good,USD,USD,False,True,True,0.911,acciones × precio no cuadra (ratio 0.9110) pero la divisa sí: son clases múltiples. Se usan 11 M de acciones efectivas (capitalización ÷ precio) en vez de las 10 M declaradas,95.0,50.0,44.0,65.0,50.0,35.0,28.2,False,down,16.9,True,1,2.5,False,0,"{'eps_growth_yoy': 16.9, 'positive_quarters': 4, 'earnings_accelerating': True, 'eps_accel_quarters': 1, 'profit_margin_pct': 25.2, 'score_bruto_sin_capar': 95.0, 'satura': False}","{'revenue_growth_yoy': 2.5, 'revenue_accelerating': False, 'rev_accel_quarters': 0}","{'rs_3m': -1.8, 'rs_6m': -9.1, 'rs_line_percentile': 28.2, 'rs_line_at_new_high': False, 'rs_line_trend': 'down', 'rs_line_score': 35}","{'roe_pct': 10.7, 'operating_margin_pct': 39.0}","{'days_to_earnings': 'N/A', 'recommendation': 'hold', 'analyst_upside_pct': 11.7}",2091.07,23614705664,Financial Services,Banks - Regional,5.3,8.0,False,2296.3,-8.9,4,False,-3.3,2336.54,2525.0,2100.0,13.0,hold,11.7,,,2019.21,-3.4,reportado,múltiplo propio,4.0,1.01,True,,6.86,143.45,,0.4,4.4,8.4,0.29,True,-12.85,,7,,,,,12.4,17.0,2026-10-23,False,True,True,5,NEUTRAL,,,0.34,20.8,59.5,2.86,38.7,2026-10-06T06:27:01.057943,,11293121.0,"Banks - Regional: el flujo operativo son depósitos, préstamos o primas, no caja libre para el accionista",,,
BAC,Bank of America Corporation,64.5,,trimestral,⭐⭐ GOOD,🟡 Good,USD,USD,False,True,True,1.0,,95.0,50.0,36.0,65.0,65.0,15.0,18.9,False,down,16.6,True,1,7.2,False,0,"{'eps_growth_yoy': 16.6, 'positive_quarters': 4, 'earnings_accelerating': True, 'eps_accel_quarters': 1, 'profit_margin_pct': 29.5, 'score_bruto_sin_capar': 95.0, 'satura': False}","{'revenue_growth_yoy': 7.2, 'revenue_accelerating': False, 'rev_accel_quarters': 0}","{'rs_3m': -11.1, 'rs_6m': -9.6, 'rs_line_percentile': 18.9, 'rs_line_at_new_high': False, 'rs_line_trend': 'down', 'rs_line_score': 15}","{'roe_pct': 11.2, 'operating_margin_pct': 38.3}","{'days_to_earnings': 'N/A', 'recommendation': 'strong_buy', 'analyst_upside_pct': 24.7}",54.0,377608404992,Financial Services,Banks - Diversified,1.2,2.5,False,65.23,-17.2,4,False,-10.8,67.33,75.0,62.0,21.0,strong_buy,24.7,,,47.93,-11.2,reportado,múltiplo propio,4.0,0.42,False,,3.34,1.8,,2.37,25.9,1.28,2.29,True,-4.67,,7,,,,,34.1,8.0,2026-10-14,False,True,True,5,NEUTRAL,,,1.83,23.6,,,,2026-10-06T06:25:14.730516,,,"Banks - Diversified: el flujo operativo son depósitos, préstamos o primas, no caja libre para el accionista",,,
CLPBY,Coloplast A/S,64.3,,trimestral,⭐⭐ GOOD,🟡 Good,USD,DKK,True,True,False,0.9201,"acciones × precio no cuadra con la capitalización (ratio 0.9201) y los estados van en DKK mientras cotiza en USD — puede ser un ADR. Los ratios por acción (EPS, FCF/acción, DCF) no son utilizables | FCF declarado (5,463,000,000) se aparta del derivado de flujo operativo menos capex (-195,264,755)",85.0,60.0,24.0,80.0,70.0,15.0,5.9,False,down,60.3,True,1,6.1,True,1,"{'eps_growth_yoy': 60.3, 'op_growth_yoy': 2.0, 'crecimiento_respaldado': False, 'crecimiento_puntuado': 27.0, 'positive_quarters': 3, 'earnings_accelerating': True, 'eps_accel_quarters': 1, 'profit_margin_pct': 9.7, 'score_bruto_sin_capar': 88.0, 'satura': False}","{'revenue_growth_yoy': 6.1, 'revenue_accelerating': True, 'rev_accel_quarters': 1}","{'rs_3m': -1.6, 'rs_6m': -21.6, 'rs_line_percentile': 5.9, 'rs_line_at_new_high': False, 'rs_line_trend': 'down', 'rs_line_score': 15}","{'roe_pct': 18.5, 'debt_to_equity': 1.78, 'current_ratio': 1.56, 'operating_margin_pct': 26.2}","{'days_to_earnings': 'N/A', 'recommendation': 'buy', 'analyst_upside_pct': 33.7}",6.23,14040435712,Healthcare,Medical Instruments & Supplies,,,False,9.7,-35.8,0,False,-7.4,8.33,12.2,6.7,4.0,buy,33.7,,,,,reportado,,,,,,-1.39,-0.09,,5.78,192.9,0.36,2.67,False,,,9,,7.2,Operating Income,4.6,32.7,,,False,False,False,7,NEUTRAL,19.68,107.0,0.51,18.1,,,,2026-10-06T06:19:35.918769,,,"el capex se lleva el 117% del flujo operativo: lo que queda no es lo que gana el dueño, es lo que sobra tras decidir invertir",,"acciones × precio no cuadra con la capitalización (ratio 0.9201) y los estados van en DKK mientras cotiza en USD — puede ser un ADR. Los ratios por acción (EPS, FCF/acción, DCF) no son utilizables; FCF declarado (5,463,000,000) se aparta del derivado de flujo operativo menos capex (-195,264,755)",
MLM,"Martin Marietta Materials, Inc.",64.3,,trimestral,⭐⭐ GOOD,🟡 Good,USD,USD,False,True,True,1.0,,65.0,90.0,24.0,70.0,70.0,15.0,0.2,False,down,-12.3,True,1,21.0,True,2,"{'eps_growth_yoy': -12.3, 'op_growth_yoy': -6.0, 'crecimiento_respaldado': True, 'positive_quarters': 4, 'earnings_accelerating': True, 'eps_accel_quarters': 1, 'profit_margin_pct': 36.7, 'score_bruto_sin_capar': 65.0, 'satura': False}","{'revenue_growth_yoy': 21.0, 'revenue_accelerating': True, 'rev_accel_quarters': 2}","{'rs_3m': -18.9, 'rs_6m': -36.2, 'rs_line_percentile': 0.2, 'rs_line_at_new_high': False, 'rs_line_trend': 'down', 'rs_line_score': 15}","{'roe_pct': 8.9, 'debt_to_equity': 0.55, 'current_ratio': 1.41, 'operating_margin_pct': 20.2}","{'days_to_earnings': 'N/A', 'recommendation': 'buy', 'analyst_upside_pct': 33.0}",485.5,34479910912,Basic Materials,Building Materials,4.6,4.0,False,710.97,-31.7,0,False,-6.6,645.79,800.0,496.0,24.0,buy,33.0,,,383.94,-20.9,reportado,múltiplo propio,4.0,0.69,False,,2.06,10.0,,0.69,21.6,3.36,0.59,False,-0.33,,9,,6.1,Operating Income,6.0,-23.2,28.0,2026-11-03,False,True,False,8,STRONG,4.11,,2.08,21.1,0.8,0.04,-20.3,2026-10-06T06:24:33.915479,,,"el capex se lleva el 53% del flujo operativo: lo que queda no es lo que gana el dueño, es lo que sobra tras decidir invertir",,,
FERG,Ferguson Enterprises Inc.,64.0,,trimestral,⭐⭐ GOOD,🟡 Good,USD,USD,False,True,True,1.0,,85.0,70.0,24.0,65.0,65.0,15.0,7.8,False,down,62.4,True,1,14.8,True,1,"{'eps_growth_yoy': 62.4, 'op_growth_yoy': 32.4, 'crecimiento_respaldado': False, 'crecimiento_puntuado': 57.4, 'positive_quarters': 4, 'earnings_accelerating': True, 'eps_accel_quarters': 1, 'profit_margin_pct': 6.3, 'score_bruto_sin_capar': 105.0, 'satura': True}","{'revenue_growth_yoy': 14.8, 'revenue_accelerating': True, 'rev_accel_quarters': 1}","{'rs_3m': -3.2, 'rs_6m': -22.9, 'rs_line_percentile': 7.8, 'rs_line_at_new_high': False, 'rs_line_trend': 'down', 'rs_line_score': 15}","{'debt_to_equity': 1.11, 'current_ratio': 1.73, 'operating_margin_pct': 10.2}","{'days_to_earnings': 'N/A', 'recommendation': 'buy', 'analyst_upside_pct': 29.0}",222.93,43126415360,Industrials,Industrial Distribution,3.4,4.4,False,271.64,-17.9,1,False,-3.7,287.48,325.0,235.0,21.0,buy,29.0,120.74,-45.8,238.95,7.2,reportado,múltiplo propio,3.0,0.36,True,,3.13,6.98,,1.6,25.2,3.56,1.74,True,-1.67,,4,solo 4 de los 9 criterios son calculables con los estados de esta empresa,16.6,Operating Income,16.5,6.9,34.0,2026-11-09,False,True,False,3,,,,2.58,21.2,,,,2026-10-06T06:23:55.540589,,,,,,
ECL,Ecolab Inc.,64.0,,trimestral,⭐⭐ GOOD,🟡 Good,USD,USD,False,True,True,1.0,,80.0,60.0,36.0,75.0,65.0,15.0,23.1,False,down,2.0,True,1,9.7,True,1,"{'eps_growth_yoy': 2.0, 'op_growth_yoy': 9.5, 'crecimiento_respaldado': True, 'positive_quarters': 4, 'earnings_accelerating': True, 'eps_accel_quarters': 1, 'profit_margin_pct': 12.6, 'score_bruto_sin_capar': 80.0, 'satura': False}","{'revenue_growth_yoy': 9.7, 'revenue_accelerating': True, 'rev_accel_quarters': 1}","{'rs_3m': -2.9, 'rs_6m': -11.9, 'rs_line_percentile': 23.1, 'rs_line_at_new_high': False, 'rs_line_trend': 'down', 'rs_line_score': 15}","{'roe_pct': 22.0, 'debt_to_equity': 1.38, 'current_ratio': 1.84, 'operating_margin_pct': 18.5}","{'days_to_earnings': 'N/A', 'recommendation': 'buy', 'analyst_upside_pct': 17.3}",277.07,77670645760,Basic Materials,Specialty Chemicals,2.1,3.6,False,309.27,-10.4,4,False,-0.5,325.05,360.0,295.0,21.0,buy,17.3,158.71,-42.7,270.02,-2.5,reportado,múltiplo propio,4.0,0.25,False,,2.59,7.18,,1.05,38.1,2.92,1.04,True,-1.12,,9,,9.4,Operating Income,9.1,3.3,21.0,2026-10-27,False,True,True,6,NEUTRAL,3.34,52.9,1.22,17.0,0.8,0.05,-16.2,2026-10-06T06:19:40.008242,,,,,,
AWK,"American Water Works Company, Inc.",64.0,,trimestral,⭐⭐ GOOD,🟡 Good,USD,USD,False,True,True,1.0,"FCF declarado (-1,223,000,000) se aparta del derivado de flujo operativo menos capex (-966,999,872)",95.0,70.0,24.0,55.0,50.0,15.0,9.5,False,down,9.0,True,2,6.2,True,2,"{'eps_growth_yoy': 9.0, 'op_growth_yoy': 10.8, 'crecimiento_respaldado': True, 'positive_quarters': 4, 'earnings_accelerating': True, 'eps_accel_quarters': 2, 'profit_margin_pct': 21.3, 'score_bruto_sin_capar': 95.0, 'satura': False}","{'revenue_growth_yoy': 6.2, 'revenue_accelerating': True, 'rev_accel_quarters': 2}","{'rs_3m': -6.6, 'rs_6m': -22.4, 'rs_line_percentile': 9.5, 'rs_line_at_new_high': False, 'rs_line_trend': 'down', 'rs_line_score': 15}","{'roe_pct': 10.1, 'debt_to_equity': 1.38, 'current_ratio': 0.52, 'operating_margin_pct': 40.7}","{'days_to_earnings': 'N/A', 'recommendation': 'hold', 'analyst_upside_pct': 10.6}",127.84,25405513728,Utilities,Utilities - Regulated Water,8.5,6.6,True,145.64,-12.2,4,False,-5.6,141.45,162.0,128.0,11.0,hold,10.6,,,137.52,7.6,reportado,múltiplo propio,4.0,0.37,False,,-3.81,-4.87,,2.8,58.5,3.58,1.99,False,,,9,,3.0,Operating Income,3.2,3.4,22.0,2026-10-28,False,True,False,8,STRONG,4.56,6.1,2.39,14.9,1.6,0.1,-13.3,2026-10-06T06:22:18.822959,,,"el capex se lleva el 141% del flujo operativo: lo que queda no es lo que gana el dueño, es lo que sobra tras decidir invertir",,,
ITW,Illinois Tool Works Inc.,64.0,,trimestral,⭐⭐ GOOD,🟡 Good,USD,USD,False,True,True,1.0,,90.0,60.0,36.0,65.0,50.0,15.0,17.1,False,down,7.9,True,2,6.1,True,1,"{'eps_growth_yoy': 7.9, 'op_growth_yoy': 7.4, 'crecimiento_respaldado': True, 'positive_quarters': 4, 'earnings_accelerating': True, 'eps_accel_quarters': 2, 'profit_margin_pct': 19.4, 'score_bruto_sin_capar': 90.0, 'satura': False}","{'revenue_growth_yoy': 6.1, 'revenue_accelerating': True, 'rev_accel_quarters': 1}","{'rs_3m': -3.9, 'rs_6m': -14.9, 'rs_line_percentile': 17.1, 'rs_line_at_new_high': False, 'rs_line_trend': 'down', 'rs_line_score': 15}","{'roe_pct': 104.6, 'debt_to_equity': 3.35, 'current_ratio': 1.11, 'operating_margin_pct': 26.9}","{'days_to_earnings': 'N/A', 'recommendation': 'hold', 'analyst_upside_pct': 13.5}",264.19,75241316352,Industrials,Specialty Industrial Machinery,3.1,8.2,False,303.16,-12.9,4,False,-4.5,299.86,350.0,249.0,14.0,hold,13.5,188.99,-28.5,241.39,-8.6,reportado,múltiplo propio,4.0,0.21,False,,3.87,10.22,,2.6,58.4,6.88,2.26,True,-2.01,,9,,14.5,Operating Income,14.6,4.0,17.0,2026-10-23,False,True,True,5,NEUTRAL,5.01,117.2,8.84,18.7,,,,2026-10-06T06:21:02.753304,,,,,,
HD,"The Home Depot, Inc.",63.8,,trimestral,⭐⭐ GOOD,🟡 Good,USD,USD,False,True,True,1.0,,85.0,70.0,24.0,60.0,70.0,15.0,0.0,False,down,4.7,True,2,5.7,True,2,"{'eps_growth_yoy': 4.7, 'op_growth_yoy': 4.3, 'crecimiento_respaldado': True, 'positive_quarters': 4, 'earnings_accelerating': True, 'eps_accel_quarters': 2, 'profit_margin_pct': 8.4, 'score_bruto_sin_capar': 85.0, 'satura': False}","{'revenue_growth_yoy': 5.7, 'revenue_accelerating': True, 'rev_accel_quarters': 2}","{'rs_3m': -20.0, 'rs_6m': -28.6, 'rs_line_percentile': 0.0, 'rs_line_at_new_high': False, 'rs_line_trend': 'down', 'rs_line_score': 15}","{'roe_pct': 104.3, 'debt_to_equity': 3.8, 'current_ratio': 1.08, 'operating_margin_pct': 12.9}","{'days_to_earnings': 'N/A', 'recommendation': 'buy', 'analyst_upside_pct': 34.2}",281.15,280500436992,Consumer Cyclical,Home Improvement Retail,1.2,2.6,False,397.63,-29.3,0,False,-12.2,377.19,425.0,310.0,32.0,buy,34.2,240.77,-14.4,339.67,20.8,reportado,múltiplo propio,4.0,0.37,False,,5.38,15.13,,3.32,64.8,9.32,2.39,False,0.2,,9,,8.7,Operating Income,8.8,4.6,42.0,2026-11-17,False,True,False,5,NEUTRAL,6.12,53.3,,20.0,,,,2026-10-06T06:24:06.825807,,,,,,
ADP,"Automatic Data Processing, Inc.",63.8,,trimestral,⭐⭐ GOOD,🟡 Good,USD,USD,False,True,True,1.0,,75.0,50.0,55.1,85.0,50.0,35.0,40.1,False,down,7.5,False,0,6.8,False,0,"{'eps_growth_yoy': 7.5, 'op_growth_yoy': 4.3, 'crecimiento_respaldado': True, 'positive_quarters': 4, 'earnings_accelerating': False, 'eps_accel_quarters': 0, 'profit_margin_pct': 20.1, 'score_bruto_sin_capar': 75.0, 'satura': False}","{'revenue_growth_yoy': 6.8, 'revenue_accelerating': False, 'rev_accel_quarters': 0}","{'rs_3m': 4.3, 'rs_6m': 11.5, 'rs_line_percentile': 40.1, 'rs_line_at_new_high': False, 'rs_line_trend': 'down', 'rs_line_score': 35}","{'roe_pct': 72.2, 'debt_to_equity': 0.91, 'current_ratio': 1.05, 'operating_margin_pct': 23.5}","{'days_to_earnings': 'N/A', 'recommendation': 'hold', 'analyst_upside_pct': 10.0}",260.26,103128432640,Technology,Software - Application,3.0,5.1,False,293.51,-11.3,5,False,-3.8,286.4,322.0,225.0,15.0,hold,10.0,293.52,12.8,271.72,4.4,reportado,múltiplo propio,3.0,0.2,True,,4.63,12.05,,2.61,60.7,6.8,2.04,True,-1.96,,9,,12.6,Operating Income,13.5,3.9,22.0,2026-10-28,False,True,False,6,NEUTRAL,5.52,162.1,1.98,24.4,,,,2026-10-06T06:17:23.371858,,,,,,
DVA,DaVita Inc.,63.7,,trimestral,⭐⭐ GOOD,🟡 Good,USD,USD,False,True,True,1.0,,85.0,60.0,38.6,60.0,65.0,35.0,44.0,False,down,33.1,True,1,5.2,True,1,"{'eps_growth_yoy': 33.1, 'op_growth_yoy': 7.6, 'crecimiento_respaldado': False, 'crecimiento_puntuado': 32.6, 'positive_quarters': 4, 'earnings_accelerating': True, 'eps_accel_quarters': 1, 'profit_margin_pct': 6.0, 'score_bruto_sin_capar': 95.0, 'satura': False}","{'revenue_growth_yoy': 5.2, 'revenue_accelerating': True, 'rev_accel_quarters': 1}","{'rs_3m': -26.7, 'rs_6m': 1.3, 'rs_line_percentile': 44.0, 'rs_line_at_new_high': False, 'rs_line_trend': 'down', 'rs_line_score': 35}","{'roe_pct': 88.5, 'debt_to_equity': 12.42, 'current_ratio': 1.47, 'operating_margin_pct': 16.1}","{'days_to_earnings': 'N/A', 'recommendation': 'buy', 'analyst_upside_pct': 23.0}",178.72,11402336256,Healthcare,Medical Care Facilities,13.2,7.2,True,247.49,-27.8,4,False,-5.1,219.86,270.0,165.0,7.0,buy,23.0,494.55,176.7,158.11,-11.5,reportado,múltiplo propio,4.0,0.19,False,,11.17,19.96,21.2,,,,,True,-14.57,,9,,3.5,Operating Income,3.5,39.1,22.0,2026-10-28,False,True,False,6,NEUTRAL,7.74,32.8,0.55,34.6,0.8,0.02,-33.8,2026-10-06T06:25:26.175257,,,,,,
ORLY,"O'Reilly Automotive, Inc.",63.3,,trimestral,⭐⭐ GOOD,🟡 Good,USD,USD,False,True,True,1.0,,90.0,70.0,24.0,50.0,65.0,15.0,2.2,False,down,7.0,True,2,8.1,True,2,"{'eps_growth_yoy': 7.0, 'op_growth_yoy': 7.8, 'crecimiento_respaldado': True, 'positive_quarters': 4, 'earnings_accelerating': True, 'eps_accel_quarters': 2, 'profit_margin_pct': 14.3, 'score_bruto_sin_capar': 90.0, 'satura': False}","{'revenue_growth_yoy': 8.1, 'revenue_accelerating': True, 'rev_accel_quarters': 2}","{'rs_3m': -5.5, 'rs_6m': -26.3, 'rs_line_percentile': 2.2, 'rs_line_at_new_high': False, 'rs_line_trend': 'down', 'rs_line_score': 15}","{'current_ratio': 0.75, 'operating_margin_pct': 20.2}","{'days_to_earnings': 'N/A', 'recommendation': 'buy', 'analyst_upside_pct': 27.9}",83.9,67871809536,Consumer Cyclical,Auto Parts,3.2,5.0,False,105.23,-20.3,1,False,-5.0,107.35,120.0,91.0,26.0,buy,27.9,73.95,-11.9,85.69,2.1,reportado,múltiplo propio,4.0,0.22,False,,3.12,2.62,,,,,,True,-3.44,,9,,14.4,Operating Income,14.4,10.3,22.0,2026-10-28,False,True,False,7,NEUTRAL,4.48,40.0,2.3,22.1,0.8,0.04,-21.3,2026-10-06T06:20:29.295146,,,,,,
NOW,"ServiceNow, Inc.",63.3,,trimestral,⭐⭐ GOOD,🟡 Good,USD,USD,False,True,True,1.0,,50.0,90.0,61.4,50.0,60.0,35.0,34.9,False,up,-22.6,False,0,24.0,True,2,"{'eps_growth_yoy': -22.6, 'op_growth_yoy': -54.7, 'crecimiento_respaldado': True, 'positive_quarters': 4, 'earnings_accelerating': False, 'eps_accel_quarters': 0, 'profit_margin_pct': 11.3, 'score_bruto_sin_capar': 50.0, 'satura': False}","{'revenue_growth_yoy': 24.0, 'revenue_accelerating': True, 'rev_accel_quarters': 2}","{'rs_3m': 22.1, 'rs_6m': 17.2, 'rs_line_percentile': 34.9, 'rs_line_at_new_high': False, 'rs_line_trend': 'up', 'rs_line_score': 35}","{'roe_pct': 14.2, 'debt_to_equity': 0.68, 'current_ratio': 0.7, 'operating_margin_pct': 4.1}","{'days_to_earnings': 'N/A', 'recommendation': 'strong_buy', 'analyst_upside_pct': 6.5}",136.08,140687949824,Technology,Software - Application,2.8,1.7,False,192.966,-29.5,4,False,4.7,144.99,248.0,72.0,46.0,strong_buy,6.5,108.07,-20.6,,,reportado,,,,,,3.13,4.26,,,,,,True,-1.05,,9,,20.2,Operating Income,29.3,-21.9,22.0,2026-10-28,False,True,False,4,NEUTRAL,1.26,58.4,0.91,44.2,,,,2026-10-06T06:20:40.738797,los P/E históricos se separan 1.7x la mediana: el ancla la decidiría un año suelto,,,,,
DBOEY,Deutsche Börse AG,63.3,,trimestral,⭐⭐ GOOD,🟡 Good,USD,EUR,True,True,True,1.0,,75.0,50.0,56.7,80.0,50.0,60.0,72.6,False,up,8.4,False,0,7.8,False,0,"{'eps_growth_yoy': 8.4, 'op_growth_yoy': 8.2, 'crecimiento_respaldado': True, 'positive_quarters': 4, 'earnings_accelerating': False, 'eps_accel_quarters': 0, 'profit_margin_pct': 27.3, 'score_bruto_sin_capar': 75.0, 'satura': False}","{'revenue_growth_yoy': 7.8, 'revenue_accelerating': False, 'rev_accel_quarters': 0}","{'rs_3m': 7.5, 'rs_6m': -7.4, 'rs_line_percentile': 72.6, 'rs_line_at_new_high': False, 'rs_line_trend': 'up', 'rs_line_score': 60}","{'roe_pct': 20.4, 'debt_to_equity': 0.58, 'current_ratio': 1.01, 'operating_margin_pct': 41.9}","{'days_to_earnings': 'N/A', 'recommendation': 'none', 'analyst_upside_pct': 4.3}",32.49,58575462400,Financial Services,Financial Data & Stock Exchanges,,,False,33.91,-4.2,8,True,1.4,33.9,33.9,33.9,1.0,none,4.3,49.32,51.8,28.32,-12.8,reportado,múltiplo propio,4.0,0.2,False,,5.03,1.63,,1.5,36.0,0.49,1.83,,,,9,,,,,6.9,14.0,2026-10-20,False,True,True,5,NEUTRAL,4.7,65.3,2.07,15.7,,,,2026-10-06T06:20:02.192883,,,,,,
BR,"Broadridge Financial Solutions, Inc.",63.2,,trimestral,⭐⭐ GOOD,🟡 Good,USD,USD,False,True,True,1.0,,80.0,50.0,38.7,80.0,70.0,15.0,13.6,False,flat,6.4,True,1,7.5,False,0,"{'eps_growth_yoy': 6.4, 'op_growth_yoy': 9.5, 'crecimiento_respaldado': True, 'positive_quarters': 4, 'earnings_accelerating': True, 'eps_accel_quarters': 1, 'profit_margin_pct': 15.0, 'score_bruto_sin_capar': 80.0, 'satura': False}","{'revenue_growth_yoy': 7.5, 'revenue_accelerating': False, 'rev_accel_quarters': 0}","{'rs_3m': 4.6, 'rs_6m': -17.4, 'rs_line_percentile': 13.6, 'rs_line_at_new_high': False, 'rs_line_trend': 'flat', 'rs_line_score': 15}","{'roe_pct': 40.9, 'debt_to_equity': 1.24, 'current_ratio': 1.24, 'operating_margin_pct': 24.6}","{'days_to_earnings': 'N/A', 'recommendation': 'buy', 'analyst_upside_pct': 34.1}",159.08,17960136704,Technology,Information Technology Services,2.9,2.6,False,238.73,-33.4,0,False,-5.4,213.38,250.0,176.0,8.0,buy,34.1,246.52,55.0,296.2,86.2,reportado,múltiplo propio,4.0,0.62,False,,6.87,10.93,,2.74,40.6,4.36,1.66,True,-2.28,,9,,11.6,Operating Income,13.9,5.9,28.0,2026-11-03,False,True,False,8,STRONG,6.12,176.7,0.63,25.7,3.1,0.12,-22.6,2026-10-06T06:18:08.268950,,,,,,
ROL,"Rollins, Inc.",63.2,,trimestral,⭐⭐ GOOD,🟡 Good,USD,USD,False,True,True,1.0,,90.0,70.0,15.0,65.0,60.0,15.0,0.0,False,down,1.7,True,2,7.9,True,2,"{'eps_growth_yoy': 1.7, 'op_growth_yoy': 1.5, 'crecimiento_respaldado': True, 'positive_quarters': 4, 'earnings_accelerating': True, 'eps_accel_quarters': 2, 'profit_margin_pct': 13.6, 'score_bruto_sin_capar': 90.0, 'satura': False}","{'revenue_growth_yoy': 7.9, 'revenue_accelerating': True, 'rev_accel_quarters': 2}","{'rs_3m': -37.8, 'rs_6m': -62.4, 'rs_line_percentile': 0.0, 'rs_line_at_new_high': False, 'rs_line_trend': 'down', 'rs_line_score': 15}","{'roe_pct': 37.0, 'debt_to_equity': 0.78, 'current_ratio': 0.63, 'operating_margin_pct': 18.8}","{'days_to_earnings': 'N/A', 'recommendation': 'hold', 'analyst_upside_pct': 42.8}",29.69,14285207552,Consumer Cyclical,Personal Services,6.2,4.0,False,66.14,-55.1,0,False,-15.3,42.41,66.0,27.0,17.0,hold,42.8,39.22,32.1,,,reportado,,,,,,4.33,1.29,,2.46,64.9,0.73,1.19,False,-0.68,,9,,21.8,Operating Income,21.8,1.2,22.0,2026-10-28,False,True,False,6,NEUTRAL,4.75,131.8,1.73,31.5,0.8,0.02,-30.7,2026-10-06T06:17:27.196037,múltiplo propio 47x fuera del rango 8-45,,,,,
IT,"Gartner, Inc.",63.1,,trimestral,⭐⭐ GOOD,🟡 Good,USD,USD,False,True,True,1.0,,90.0,40.0,56.6,65.0,50.0,35.0,33.3,False,up,14.4,True,1,-0.6,True,1,"{'eps_growth_yoy': 14.4, 'op_growth_yoy': 15.9, 'crecimiento_respaldado': True, 'positive_quarters': 4, 'earnings_accelerating': True, 'eps_accel_quarters': 1, 'profit_margin_pct': 12.0, 'score_bruto_sin_capar': 90.0, 'satura': False}","{'revenue_growth_yoy': -0.6, 'revenue_accelerating': True, 'rev_accel_quarters': 1}","{'rs_3m': 35.2, 'rs_6m': 8.2, 'rs_line_percentile': 33.3, 'rs_line_at_new_high': False, 'rs_line_trend': 'up', 'rs_line_score': 35}","{'roe_pct': 113.6, 'current_ratio': 0.88, 'operating_margin_pct': 22.6}","{'days_to_earnings': 'N/A', 'recommendation': 'hold', 'analyst_upside_pct': -0.9}",187.76,11856850944,Technology,Information Technology Services,18.6,7.0,True,261.1,-28.1,4,False,2.5,186.08,229.0,150.0,13.0,hold,-0.9,358.83,91.1,353.95,88.5,reportado,múltiplo propio,4.0,0.46,False,,10.69,20.07,,,,,,True,-13.93,,9,,8.8,Operating Income,8.2,13.2,28.0,2026-11-03,False,True,False,6,NEUTRAL,8.58,274.6,,58.9,0.8,0.01,-58.1,2026-10-06T06:21:26.212852,,,,,,
AZO,"AutoZone, Inc.",63.0,,trimestral,⭐⭐ GOOD,🟡 Good,USD,USD,False,True,True,1.0,,90.0,70.0,24.0,45.0,70.0,15.0,0.0,False,down,5.4,True,2,8.4,True,2,"{'eps_growth_yoy': 5.4, 'op_growth_yoy': 6.6, 'crecimiento_respaldado': True, 'positive_quarters': 4, 'earnings_accelerating': True, 'eps_accel_quarters': 2, 'profit_margin_pct': 12.7, 'score_bruto_sin_capar': 90.0, 'satura': False}","{'revenue_growth_yoy': 8.4, 'revenue_accelerating': True, 'rev_accel_quarters': 2}","{'rs_3m': -12.8, 'rs_6m': -35.2, 'rs_line_percentile': 0.0, 'rs_line_at_new_high': False, 'rs_line_trend': 'down', 'rs_line_score': 15}","{'current_ratio': 0.9, 'operating_margin_pct': 20.0}","{'days_to_earnings': 'N/A', 'recommendation': 'strong_buy', 'analyst_upside_pct': 32.1}",2807.73,45409415168,Consumer Cyclical,Auto Parts,3.5,1.6,False,4170.0,-32.7,0,False,-5.2,3708.71,4800.0,3000.0,24.0,strong_buy,32.1,2980.98,6.2,3081.41,9.7,reportado,múltiplo propio,4.0,0.54,False,,3.94,110.62,,,,,,True,-2.06,,9,,7.5,Operating Income,7.5,15.0,63.0,2026-12-08,False,True,False,6,NEUTRAL,6.23,35.2,1.99,25.3,,,,2026-10-06T06:19:58.127889,,,,,,
PGR,The Progressive Corporation,62.5,,trimestral,⭐⭐ GOOD,🟡 Good,USD,USD,False,True,True,1.0,"FCF declarado (10,597,000,000) se aparta del derivado de flujo operativo menos capex (15,991,000,320)",80.0,60.0,36.0,75.0,50.0,15.0,22.6,False,down,4.3,True,1,7.3,True,1,"{'eps_growth_yoy': 4.3, 'op_growth_yoy': 6.1, 'crecimiento_respaldado': True, 'positive_quarters': 4, 'earnings_accelerating': True, 'eps_accel_quarters': 1, 'profit_margin_pct': 12.8, 'score_bruto_sin_capar': 80.0, 'satura': False}","{'revenue_growth_yoy': 7.3, 'revenue_accelerating': True, 'rev_accel_quarters': 1}","{'rs_3m': -12.9, 'rs_6m': -10.0, 'rs_line_percentile': 22.6, 'rs_line_at_new_high': False, 'rs_line_trend': 'down', 'rs_line_score': 15}","{'roe_pct': 34.9, 'debt_to_equity': 0.24, 'current_ratio': 0.29, 'operating_margin_pct': 18.2}","{'days_to_earnings': 'N/A', 'recommendation': 'hold', 'analyst_upside_pct': 9.3}",212.62,123404648448,Financial Services,Insurance - Property & Casualty,1.1,3.0,False,245.64,-13.4,4,False,-0.8,232.48,314.0,198.0,21.0,hold,9.3,,,,,reportado,,,,,,12.96,27.56,,0.19,69.7,0.4,0.67,False,-0.6,,7,,50.8,EBIT,50.8,2.0,8.0,2026-10-14,False,True,True,6,NEUTRAL,11.17,,0.43,22.3,1.6,0.07,-20.7,2026-10-06T06:21:52.135464,los P/E históricos se separan 4.6x la mediana: el ancla la decidiría un año suelto,,"Insurance - Property & Casualty: el flujo operativo son depósitos, préstamos o primas, no caja libre para el accionista",,,
AXP,American Express Company,62.5,,trimestral,⭐⭐ GOOD,🟡 Good,USD,USD,False,True,True,1.0,,70.0,60.0,36.0,85.0,65.0,15.0,0.0,False,down,7.8,False,0,10.0,True,1,"{'eps_growth_yoy': 7.8, 'positive_quarters': 4, 'earnings_accelerating': False, 'eps_accel_quarters': 0, 'profit_margin_pct': 16.1, 'score_bruto_sin_capar': 70.0, 'satura': False}","{'revenue_growth_yoy': 10.0, 'revenue_accelerating': True, 'rev_accel_quarters': 1}","{'rs_3m': -13.8, 'rs_6m': -18.8, 'rs_line_percentile': 0.0, 'rs_line_at_new_high': False, 'rs_line_trend': 'down', 'rs_line_score': 15}","{'roe_pct': 34.4, 'debt_to_equity': 1.72, 'current_ratio': 1.55, 'operating_margin_pct': 20.3}","{'days_to_earnings': 'N/A', 'recommendation': 'buy', 'analyst_upside_pct': 22.5}",304.02,205307691008,Financial Services,Credit Services,2.1,4.5,False,387.49,-21.5,1,False,-7.0,372.33,450.0,315.0,24.0,buy,22.5,511.56,68.3,300.51,-1.2,reportado,múltiplo propio,4.0,0.52,False,,7.82,23.77,,1.25,21.5,3.8,1.09,True,-2.86,,7,,,,,7.7,17.0,2026-10-23,False,True,True,4,NEUTRAL,,,0.95,19.6,0.4,0.02,-19.2,2026-10-06T06:22:26.438541,,,,,,
VRSN,"VeriSign, Inc.",62.3,,trimestral,⭐⭐ GOOD,🟡 Good,USD,USD,False,True,True,1.0,,75.0,60.0,56.7,50.0,60.0,60.0,63.0,False,flat,4.4,False,0,6.0,True,1,"{'eps_growth_yoy': 4.4, 'op_growth_yoy': 5.6, 'crecimiento_respaldado': True, 'positive_quarters': 4, 'earnings_accelerating': False, 'eps_accel_quarters': 0, 'profit_margin_pct': 49.8, 'score_bruto_sin_capar': 75.0, 'satura': False}","{'revenue_growth_yoy': 6.0, 'revenue_accelerating': True, 'rev_accel_quarters': 1}","{'rs_3m': 5.3, 'rs_6m': -11.2, 'rs_line_percentile': 63.0, 'rs_line_at_new_high': False, 'rs_line_trend': 'flat', 'rs_line_score': 60}","{'current_ratio': 0.59, 'operating_margin_pct': 68.2}","{'days_to_earnings': 'N/A', 'recommendation': 'buy', 'analyst_upside_pct': 11.0}",292.26,26420303872,Technology,Software - Infrastructure,2.2,3.0,False,312.48,-6.5,7,True,1.0,324.4,355.0,285.0,5.0,buy,11.0,320.71,9.7,243.84,-16.6,reportado,múltiplo propio,4.0,0.26,False,,4.08,11.92,,1.11,34.3,3.24,,True,-3.09,,9,,15.3,Operating Income,15.5,7.7,16.0,2026-10-22,False,True,True,8,STRONG,4.05,501.6,2.17,25.1,,,,2026-10-06T06:18:04.134664,,,,,,
FDS,FactSet Research Systems Inc.,62.1,,trimestral,⭐⭐ GOOD,🟡 Good,USD,USD,False,True,True,1.0,,65.0,60.0,60.3,70.0,50.0,60.0,52.2,False,flat,-14.7,True,1,6.4,True,1,"{'eps_growth_yoy': -14.7, 'op_growth_yoy': -14.3, 'crecimiento_respaldado': True, 'positive_quarters': 4, 'earnings_accelerating': True, 'eps_accel_quarters': 1, 'profit_margin_pct': 21.5, 'score_bruto_sin_capar': 65.0, 'satura': False}","{'revenue_growth_yoy': 6.4, 'revenue_accelerating': True, 'rev_accel_quarters': 1}","{'rs_3m': 7.8, 'rs_6m': 4.4, 'rs_line_percentile': 52.2, 'rs_line_at_new_high': False, 'rs_line_trend': 'flat', 'rs_line_score': 60}","{'roe_pct': 25.5, 'debt_to_equity': 0.77, 'current_ratio': 0.6, 'operating_margin_pct': 24.7}","{'days_to_earnings': 'N/A', 'recommendation': 'hold', 'analyst_upside_pct': 0.4}",276.44,9831739392,Financial Services,Financial Data & Stock Exchanges,12.4,4.2,True,320.48,-13.7,4,False,-2.2,277.56,340.0,212.0,16.0,hold,0.4,541.62,95.9,470.08,70.0,reportado,múltiplo propio,4.0,0.52,False,,7.26,20.07,,1.68,29.4,4.64,0.96,True,-6.23,,9,,13.6,Operating Income,14.1,-6.1,72.0,2026-12-17,False,True,False,6,NEUTRAL,6.76,180.1,0.85,50.8,0.8,0.02,-50.0,2026-10-06T06:21:44.883104,,,,,,True
TJX,"The TJX Companies, Inc.",62.0,,trimestral,⭐⭐ GOOD,🟡 Good,USD,USD,False,True,True,1.0,,85.0,60.0,24.0,75.0,55.0,15.0,12.1,False,down,22.3,True,1,5.4,True,1,"{'eps_growth_yoy': 22.3, 'op_growth_yoy': 22.7, 'crecimiento_respaldado': True, 'positive_quarters': 4, 'earnings_accelerating': True, 'eps_accel_quarters': 1, 'profit_margin_pct': 9.7, 'score_bruto_sin_capar': 85.0, 'satura': False}","{'revenue_growth_yoy': 5.4, 'revenue_accelerating': True, 'rev_accel_quarters': 1}","{'rs_3m': -16.0, 'rs_6m': -32.3, 'rs_line_percentile': 12.1, 'rs_line_at_new_high': False, 'rs_line_trend': 'down', 'rs_line_score': 15}","{'roe_pct': 62.2, 'debt_to_equity': 1.34, 'current_ratio': 1.15, 'operating_margin_pct': 10.9}","{'days_to_earnings': 'N/A', 'recommendation': 'none', 'analyst_upside_pct': 26.3}",134.41,147847512064,Consumer Cyclical,Apparel Retail,1.7,2.2,False,170.0,-20.9,1,False,-4.3,169.8,198.0,136.0,20.0,none,26.3,153.28,14.0,148.17,10.2,reportado,múltiplo propio,4.0,0.25,False,,4.11,5.52,,1.43,32.5,1.92,1.32,False,-0.98,,9,,105.5,Operating Income,108.3,11.8,43.0,2026-11-18,False,True,False,7,NEUTRAL,4.6,35.2,1.3,23.9,0.8,0.03,-23.1,2026-10-06T06:22:33.776619,,,,,,
BSX,Boston Scientific Corporation,62.0,,trimestral,⭐⭐ GOOD,🟡 Good,USD,USD,False,True,True,1.0,"FCF declarado (1,806,000,000) se aparta del derivado de flujo operativo menos capex (3,398,999,936)",80.0,60.0,24.0,75.0,70.0,15.0,0.0,False,down,13.8,False,0,7.5,True,1,"{'eps_growth_yoy': 13.8, 'op_growth_yoy': 32.1, 'crecimiento_respaldado': True, 'positive_quarters': 4, 'earnings_accelerating': False, 'eps_accel_quarters': 0, 'profit_margin_pct': 17.5, 'score_bruto_sin_capar': 80.0, 'satura': False}","{'revenue_growth_yoy': 7.5, 'revenue_accelerating': True, 'rev_accel_quarters': 1}","{'rs_3m': -9.6, 'rs_6m': -49.6, 'rs_line_percentile': 0.0, 'rs_line_at_new_high': False, 'rs_line_trend': 'down', 'rs_line_score': 15}","{'roe_pct': 15.3, 'debt_to_equity': 0.5, 'current_ratio': 1.24, 'operating_margin_pct': 22.9}","{'days_to_earnings': 'N/A', 'recommendation': 'buy', 'analyst_upside_pct': 43.0}",42.4,61447335936,Healthcare,Medical Devices,3.2,2.3,False,105.65,-59.9,0,False,-9.5,60.62,94.0,44.0,29.0,buy,43.0,78.51,85.2,,,normalizado,,,,,,5.53,2.34,,,,,,False,,,9,,12.1,Operating Income,11.6,15.1,22.0,2026-10-28,False,True,False,8,STRONG,5.38,53.7,0.42,35.0,,,,2026-10-06T06:23:03.988233,múltiplo propio 62x fuera del rango 8-45,,,tasa fiscal efectiva 5.0% — el beneficio del periodo no es representativo,,
TYL,"Tyler Technologies, Inc.",62.0,,trimestral,⭐⭐ GOOD,🟡 Good,USD,USD,False,True,True,1.0,,80.0,50.0,38.7,75.0,65.0,15.0,12.9,False,flat,10.5,False,0,8.2,False,0,"{'eps_growth_yoy': 10.5, 'op_growth_yoy': -0.5, 'crecimiento_respaldado': True, 'positive_quarters': 4, 'earnings_accelerating': False, 'eps_accel_quarters': 0, 'profit_margin_pct': 13.4, 'score_bruto_sin_capar': 80.0, 'satura': False}","{'revenue_growth_yoy': 8.2, 'revenue_accelerating': False, 'rev_accel_quarters': 0}","{'rs_3m': 0.3, 'rs_6m': -19.7, 'rs_line_percentile': 12.9, 'rs_line_at_new_high': False, 'rs_line_trend': 'flat', 'rs_line_score': 15}","{'roe_pct': 9.7, 'debt_to_equity': 0.48, 'current_ratio': 1.55, 'operating_margin_pct': 14.7}","{'days_to_earnings': 'N/A', 'recommendation': 'buy', 'analyst_upside_pct': 29.4}",328.32,13445450752,Technology,Software - Application,9.6,3.5,True,524.43,-37.4,0,False,-2.5,424.77,525.0,335.0,22.0,buy,29.4,423.24,28.9,,,reportado,,,,,,5.19,17.04,,,,,,True,-4.72,,9,,56.4,Operating Income,65.3,15.5,22.0,2026-10-28,False,True,False,8,STRONG,2.57,125.8,0.93,39.4,0.4,0.01,-39.0,2026-10-06T06:19:11.211024,múltiplo propio 89x fuera del rango 8-45,,,,,
BN,Brookfield Corporation,62.0,,trimestral,⭐⭐ GOOD,🟡 Good,USD,USD,False,True,True,1.0,"FCF declarado (-9,413,000,000) se aparta del derivado de flujo operativo menos capex (-5,409,000,448)",85.0,60.0,24.0,65.0,70.0,15.0,0.7,False,down,33.8,True,1,7.3,True,1,"{'eps_growth_yoy': 33.8, 'op_growth_yoy': 7.2, 'crecimiento_respaldado': False, 'crecimiento_puntuado': 32.2, 'positive_quarters': 4, 'earnings_accelerating': True, 'eps_accel_quarters': 1, 'profit_margin_pct': 1.8, 'score_bruto_sin_capar': 95.0, 'satura': False}","{'revenue_growth_yoy': 7.3, 'revenue_accelerating': True, 'rev_accel_quarters': 1}","{'rs_3m': -18.3, 'rs_6m': -27.5, 'rs_line_percentile': 0.7, 'rs_line_at_new_high': False, 'rs_line_trend': 'down', 'rs_line_score': 15}","{'roe_pct': 2.3, 'debt_to_equity': 1.61, 'current_ratio': 1.01, 'operating_margin_pct': 25.7}","{'days_to_earnings': 'N/A', 'recommendation': 'buy', 'analyst_upside_pct': 47.3}",36.83,82217508864,Financial Services,Asset Management,,5.2,False,49.57,-25.7,0,False,-8.7,54.25,61.0,31.0,10.0,buy,47.3,,,,,reportado,,,,,,-6.58,-2.42,,0.76,48.2,0.28,0.75,False,-0.27,,9,,1.0,Operating Income,1.3,40.3,37.0,2026-11-12,False,True,False,6,NEUTRAL,3.92,10.9,,17.7,0.4,0.02,-17.3,2026-10-06T06:26:19.805040,los P/E históricos se separan 1.8x la mediana: el ancla la decidiría un año suelto,,"el capex se lleva el 158% del flujo operativo: lo que queda no es lo que gana el dueño, es lo que sobra tras decidir invertir",,,
SPGI,S&P Global Inc.,62.0,,trimestral,⭐⭐ GOOD,🟡 Good,USD,USD,False,True,True,1.0,,85.0,60.0,24.0,65.0,70.0,15.0,1.1,False,down,13.5,False,0,10.4,False,0,"{'eps_growth_yoy': 13.5, 'op_growth_yoy': 17.2, 'crecimiento_respaldado': True, 'positive_quarters': 4, 'earnings_accelerating': False, 'eps_accel_quarters': 0, 'profit_margin_pct': 30.5, 'score_bruto_sin_capar': 85.0, 'satura': False}","{'revenue_growth_yoy': 10.4, 'revenue_accelerating': False, 'rev_accel_quarters': 0}","{'rs_3m': -13.3, 'rs_6m': -21.6, 'rs_line_percentile': 1.1, 'rs_line_at_new_high': False, 'rs_line_trend': 'down', 'rs_line_score': 15}","{'roe_pct': 14.3, 'debt_to_equity': 0.43, 'current_ratio': 0.95, 'operating_margin_pct': 44.8}","{'days_to_earnings': 'N/A', 'recommendation': 'strong_buy', 'analyst_upside_pct': 33.1}",390.92,115243220992,Financial Services,Financial Data & Stock Exchanges,2.2,3.5,False,522.46924,-25.2,0,False,-6.0,520.3,553.0,485.0,20.0,strong_buy,33.1,373.66,-4.4,550.51,40.8,reportado,múltiplo propio,3.0,0.22,True,2023-12-31,4.46,17.44,7.1,0.99,23.5,3.88,0.82,True,-3.46,,9,,21.2,Operating Income,22.7,17.7,21.0,2026-10-27,False,True,True,7,NEUTRAL,4.68,893.9,1.51,20.2,,,,2026-10-06T06:17:34.661864,,,,,,
RSG,"Republic Services, Inc.",61.8,,trimestral,⭐⭐ GOOD,🟡 Good,USD,USD,False,True,True,1.0,,80.0,70.0,24.0,60.0,65.0,15.0,12.0,False,down,2.9,True,1,4.6,True,2,"{'eps_growth_yoy': 2.9, 'op_growth_yoy': 4.0, 'crecimiento_respaldado': True, 'positive_quarters': 4, 'earnings_accelerating': True, 'eps_accel_quarters': 1, 'profit_margin_pct': 12.9, 'score_bruto_sin_capar': 80.0, 'satura': False}","{'revenue_growth_yoy': 4.6, 'revenue_accelerating': True, 'rev_accel_quarters': 2}","{'rs_3m': -7.4, 'rs_6m': -21.0, 'rs_line_percentile': 12.0, 'rs_line_at_new_high': False, 'rs_line_trend': 'down', 'rs_line_score': 15}","{'roe_pct': 18.2, 'debt_to_equity': 1.19, 'current_ratio': 0.64, 'operating_margin_pct': 20.4}","{'days_to_earnings': 'N/A', 'recommendation': 'buy', 'analyst_upside_pct': 15.4}",212.83,65171312640,Industrials,Waste Management,2.5,3.3,False,233.42,-8.8,3,False,-1.5,245.5,272.0,208.0,24.0,buy,15.4,243.62,14.5,209.99,-1.3,reportado,múltiplo propio,4.0,0.14,False,,4.07,8.66,,1.26,35.5,2.68,1.18,True,-1.85,,9,,5.7,Operating Income,5.3,3.6,23.0,2026-10-29,False,True,False,6,NEUTRAL,4.19,25.9,1.96,15.5,,,,2026-10-06T06:17:56.957641,,,,,,
MSCI,MSCI Inc.,61.7,,trimestral,⭐⭐ GOOD,🟡 Good,USD,USD,False,True,True,1.0,,85.0,60.0,36.0,50.0,65.0,15.0,8.3,False,down,12.6,False,0,12.2,False,0,"{'eps_growth_yoy': 12.6, 'op_growth_yoy': 14.6, 'crecimiento_respaldado': True, 'positive_quarters': 4, 'earnings_accelerating': False, 'eps_accel_quarters': 0, 'profit_margin_pct': 40.7, 'score_bruto_sin_capar': 85.0, 'satura': False}","{'revenue_growth_yoy': 12.2, 'revenue_accelerating': False, 'rev_accel_quarters': 0}","{'rs_3m': -12.5, 'rs_6m': -16.5, 'rs_line_percentile': 8.3, 'rs_line_at_new_high': False, 'rs_line_trend': 'down', 'rs_line_score': 15}","{'current_ratio': 0.89, 'operating_margin_pct': 56.3}","{'days_to_earnings': 'N/A', 'recommendation': 'strong_buy', 'analyst_upside_pct': 24.6}",552.35,40155844608,Financial Services,Financial Data & Stock Exchanges,2.2,2.7,False,644.77,-14.3,3,False,-1.4,688.35,760.0,570.0,17.0,strong_buy,24.6,401.96,-27.2,726.55,31.5,reportado,múltiplo propio,4.0,0.14,False,,3.73,20.6,,1.48,42.1,8.2,1.02,True,-5.93,,9,,7.2,Operating Income,7.2,19.6,14.0,2026-10-20,False,True,True,8,STRONG,3.7,856.0,1.82,24.3,,,,2026-10-06T06:18:26.928264,,,,,,
QSR,Restaurant Brands International Inc.,61.5,,trimestral,⭐⭐ GOOD,🟡 Good,USD,USD,False,True,True,0.7613,acciones × precio no cuadra (ratio 0.7613) pero la divisa sí: son clases múltiples. Se usan 458 M de acciones efectivas (capitalización ÷ precio) en vez de las 349 M declaradas,85.0,60.0,24.0,65.0,65.0,15.0,0.0,False,down,166.8,True,2,4.6,True,1,"{'eps_growth_yoy': 166.8, 'op_growth_yoy': 8.4, 'crecimiento_respaldado': False, 'crecimiento_puntuado': 33.4, 'positive_quarters': 4, 'earnings_accelerating': True, 'eps_accel_quarters': 2, 'profit_margin_pct': 13.1, 'score_bruto_sin_capar': 110.0, 'satura': True}","{'revenue_growth_yoy': 4.6, 'revenue_accelerating': True, 'rev_accel_quarters': 1}","{'rs_3m': -9.5, 'rs_6m': -25.2, 'rs_line_percentile': 0.0, 'rs_line_at_new_high': False, 'rs_line_trend': 'down', 'rs_line_score': 15}","{'roe_pct': 34.8, 'debt_to_equity': 2.9, 'current_ratio': 1.01, 'operating_margin_pct': 27.7}","{'days_to_earnings': 'N/A', 'recommendation': 'buy', 'analyst_upside_pct': 23.0}",69.87,32008214528,Consumer Cyclical,Restaurants,6.3,7.0,False,81.96,-14.8,4,False,-6.7,85.96,104.0,78.0,24.0,buy,23.0,49.61,-29.0,108.2,54.9,reportado,múltiplo propio,4.0,0.49,False,,3.67,2.56,26.2,3.72,63.8,2.6,3.38,False,0.66,,9,,5.2,Operating Income,5.2,151.2,23.0,2026-10-29,False,True,False,6,NEUTRAL,6.16,58.5,,22.1,0.2,0.01,-21.9,2026-10-06T06:26:23.965939,,458110985.0,,,,
MCD,McDonald's Corporation,61.5,,trimestral,⭐⭐ GOOD,🟡 Good,USD,USD,False,True,True,1.0,,85.0,60.0,24.0,65.0,65.0,15.0,0.0,False,down,4.8,True,1,3.8,True,1,"{'eps_growth_yoy': 4.8, 'op_growth_yoy': 1.3, 'crecimiento_respaldado': True, 'positive_quarters': 4, 'earnings_accelerating': True, 'eps_accel_quarters': 1, 'profit_margin_pct': 31.7, 'score_bruto_sin_capar': 85.0, 'satura': False}","{'revenue_growth_yoy': 3.8, 'revenue_accelerating': True, 'rev_accel_quarters': 1}","{'rs_3m': -19.9, 'rs_6m': -40.6, 'rs_line_percentile': 0.0, 'rs_line_at_new_high': False, 'rs_line_trend': 'down', 'rs_line_score': 15}","{'current_ratio': 1.08, 'operating_margin_pct': 46.5}","{'days_to_earnings': 'N/A', 'recommendation': 'buy', 'analyst_upside_pct': 26.4}",233.04,164908777472,Consumer Cyclical,Restaurants,1.9,2.8,False,341.75,-31.8,0,False,-9.5,294.62,390.0,230.0,29.0,buy,26.4,302.62,29.9,304.48,30.7,reportado,múltiplo propio,4.0,0.2,False,,4.84,11.28,,3.31,59.7,7.72,2.24,False,-0.91,,9,,7.8,Operating Income,7.9,4.0,30.0,2026-11-05,False,True,False,6,NEUTRAL,5.67,28.9,1.32,21.3,0.8,0.04,-20.5,2026-10-06T06:20:10.170938,,,,,,
WCN,"Waste Connections, Inc.",60.8,,trimestral,⭐⭐ GOOD,🟡 Good,USD,USD,False,True,True,1.0,,80.0,70.0,24.0,50.0,70.0,15.0,3.2,False,down,2.1,True,1,6.4,True,2,"{'eps_growth_yoy': 2.1, 'op_growth_yoy': 7.0, 'crecimiento_respaldado': True, 'positive_quarters': 4, 'earnings_accelerating': True, 'eps_accel_quarters': 1, 'profit_margin_pct': 10.9, 'score_bruto_sin_capar': 80.0, 'satura': False}","{'revenue_growth_yoy': 6.4, 'revenue_accelerating': True, 'rev_accel_quarters': 2}","{'rs_3m': -14.1, 'rs_6m': -23.6, 'rs_line_percentile': 3.2, 'rs_line_at_new_high': False, 'rs_line_trend': 'down', 'rs_line_score': 15}","{'roe_pct': 13.0, 'debt_to_equity': 1.22, 'current_ratio': 0.66, 'operating_margin_pct': 19.7}","{'days_to_earnings': 'N/A', 'recommendation': 'strong_buy', 'analyst_upside_pct': 30.2}",154.3,38817136640,Industrials,Waste Management,1.6,3.6,False,179.74,-14.2,1,False,-5.1,200.84,220.0,162.0,25.0,strong_buy,30.2,153.18,-0.7,172.85,12.0,reportado,múltiplo propio,3.0,0.23,True,2024-12-31,3.4,5.25,,0.91,33.0,1.4,0.69,True,-1.98,,9,,5.4,Operating Income,5.0,4.4,15.0,2026-10-21,False,True,True,6,NEUTRAL,3.76,20.1,2.82,15.3,0.4,0.03,-14.9,2026-10-06T06:17:00.075737,,,,,,
STZ,"Constellation Brands, Inc.",60.8,,trimestral,⭐⭐ GOOD,🟡 Good,USD,USD,False,True,True,0.9998,,100.0,40.0,24.0,60.0,70.0,15.0,0.0,False,down,26.7,True,1,-3.3,True,1,"{'eps_growth_yoy': 26.7, 'op_growth_yoy': 12.8, 'crecimiento_respaldado': True, 'positive_quarters': 4, 'earnings_accelerating': True, 'eps_accel_quarters': 1, 'profit_margin_pct': 20.1, 'score_bruto_sin_capar': 105.0, 'satura': True}","{'revenue_growth_yoy': -3.3, 'revenue_accelerating': True, 'rev_accel_quarters': 1}","{'rs_3m': -16.6, 'rs_6m': -43.4, 'rs_line_percentile': 0.0, 'rs_line_at_new_high': False, 'rs_line_trend': 'down', 'rs_line_score': 15}","{'roe_pct': 23.7, 'debt_to_equity': 1.23, 'current_ratio': 0.91, 'operating_margin_pct': 35.9}","{'days_to_earnings': 'N/A', 'recommendation': 'buy', 'analyst_upside_pct': 43.0}",113.31,19350902784,Consumer Defensive,Beverages - Brewers,5.7,4.0,False,168.6,-32.8,0,False,-10.5,162.04,209.0,110.0,23.0,buy,43.0,247.06,118.0,,,reportado,,,,,,9.4,10.65,,3.64,39.0,4.12,1.65,True,-3.14,,9,,8.5,Operating Income,8.2,21.5,0.0,2026-10-06,True,True,False,6,NEUTRAL,9.52,30.7,0.31,25.0,0.8,0.03,-24.2,2026-10-06T06:25:56.485510,sin histórico de múltiplo (beneficio negativo o pocos años),,,,,
CME,CME Group Inc.,60.7,,trimestral,⭐⭐ GOOD,🟡 Good,USD,USD,False,True,True,1.0,,75.0,50.0,34.7,85.0,60.0,35.0,30.6,False,flat,1.6,False,0,0.8,False,0,"{'eps_growth_yoy': 1.6, 'op_growth_yoy': -2.0, 'crecimiento_respaldado': True, 'positive_quarters': 4, 'earnings_accelerating': False, 'eps_accel_quarters': 0, 'profit_margin_pct': 63.4, 'score_bruto_sin_capar': 75.0, 'satura': False}","{'revenue_growth_yoy': 0.8, 'revenue_accelerating': False, 'rev_accel_quarters': 0}","{'rs_3m': 7.4, 'rs_6m': -30.3, 'rs_line_percentile': 30.6, 'rs_line_at_new_high': False, 'rs_line_trend': 'flat', 'rs_line_score': 35}","{'roe_pct': 15.8, 'debt_to_equity': 0.15, 'current_ratio': 1.02, 'operating_margin_pct': 65.0}","{'days_to_earnings': 'N/A', 'recommendation': 'buy', 'analyst_upside_pct': 5.4}",270.03,97097187328,Financial Services,Financial Data & Stock Exchanges,1.8,3.0,False,329.16,-18.0,3,False,0.0,284.5,330.0,217.0,16.0,buy,5.4,345.64,28.0,258.07,-4.4,reportado,múltiplo propio,4.0,0.18,False,,4.35,11.75,,1.93,95.4,5.2,2.9,False,0.26,,9,,25.2,Operating Income,33.0,1.8,15.0,2026-10-21,False,True,True,6,NEUTRAL,4.29,78.0,1.42,21.4,,,,2026-10-06T06:17:53.091614,,,,,,
ROP,"Roper Technologies, Inc.",60.7,,trimestral,⭐⭐ GOOD,🟡 Good,USD,USD,False,True,True,1.0,,85.0,50.0,36.0,60.0,65.0,15.0,13.1,False,down,208.9,True,2,8.5,False,0,"{'eps_growth_yoy': 208.9, 'op_growth_yoy': 6.6, 'crecimiento_respaldado': False, 'crecimiento_puntuado': 31.6, 'positive_quarters': 4, 'earnings_accelerating': True, 'eps_accel_quarters': 2, 'profit_margin_pct': 30.2, 'score_bruto_sin_capar': 115.0, 'satura': True}","{'revenue_growth_yoy': 8.5, 'revenue_accelerating': False, 'rev_accel_quarters': 0}","{'rs_3m': -1.6, 'rs_6m': -16.4, 'rs_line_percentile': 13.1, 'rs_line_at_new_high': False, 'rs_line_trend': 'down', 'rs_line_score': 15}","{'roe_pct': 13.1, 'debt_to_equity': 0.61, 'current_ratio': 0.55, 'operating_margin_pct': 27.7}","{'days_to_earnings': 'N/A', 'recommendation': 'buy', 'analyst_upside_pct': 20.9}",363.38,35938598912,Technology,Software - Application,6.1,8.1,False,521.28,-30.3,1,False,-6.8,439.43,550.0,335.0,14.0,buy,20.9,461.86,27.1,800.66,120.3,reportado,múltiplo propio,4.0,0.95,False,,7.14,25.95,,1.0,14.5,3.64,0.59,True,-7.2,,9,,5.9,Operating Income,8.6,163.1,16.0,2026-10-22,False,True,True,6,NEUTRAL,4.77,1424.7,,28.2,,,,2026-10-06T06:17:19.593984,,,,,,
LIN,Linde plc,60.5,,trimestral,⭐⭐ GOOD,🟡 Good,USD,USD,False,True,True,1.0,,75.0,60.0,36.0,65.0,60.0,15.0,24.0,False,down,9.2,False,0,9.3,True,1,"{'eps_growth_yoy': 9.2, 'op_growth_yoy': 8.5, 'crecimiento_respaldado': True, 'positive_quarters': 4, 'earnings_accelerating': False, 'eps_accel_quarters': 0, 'profit_margin_pct': 20.4, 'score_bruto_sin_capar': 75.0, 'satura': False}","{'revenue_growth_yoy': 9.3, 'revenue_accelerating': True, 'rev_accel_quarters': 1}","{'rs_3m': -12.5, 'rs_6m': -20.0, 'rs_line_percentile': 24.0, 'rs_line_at_new_high': False, 'rs_line_trend': 'down', 'rs_line_score': 15}","{'roe_pct': 18.4, 'debt_to_equity': 0.69, 'current_ratio': 0.88, 'operating_margin_pct': 28.1}","{'days_to_earnings': 'N/A', 'recommendation': 'buy', 'analyst_upside_pct': 12.7}",482.38,222367612928,Basic Materials,Specialty Chemicals,1.3,3.0,False,548.2,-12.0,4,False,0.7,543.81,580.0,400.0,26.0,buy,12.7,,,479.28,-0.6,reportado,múltiplo propio,4.0,0.29,False,,2.35,11.34,,1.33,40.0,6.4,1.29,True,-1.91,,9,,20.9,Operating Income,21.3,11.3,23.0,2026-10-29,False,True,False,5,NEUTRAL,3.75,31.5,1.17,15.4,,,,2026-10-06T06:17:15.617163,,,"el capex se lleva el 50% del flujo operativo: lo que queda no es lo que gana el dueño, es lo que sobra tras decidir invertir",,,
SGSOY,SGS SA,60.5,,anual,⭐⭐ GOOD,🟡 Good,USD,CHF,True,True,True,1.0,"FCF declarado (908,825,932) se aparta del derivado de flujo operativo menos capex (1,287,104,468)",95.0,50.0,36.0,45.0,55.0,15.0,3.1,False,down,15.0,True,2,2.2,False,0,"{'eps_growth_yoy': 15.0, 'op_growth_yoy': 5.5, 'crecimiento_respaldado': True, 'positive_quarters': 4, 'earnings_accelerating': True, 'eps_accel_quarters': 2, 'profit_margin_pct': 9.2, 'score_bruto_sin_capar': 95.0, 'satura': False}","{'revenue_growth_yoy': 2.2, 'revenue_accelerating': False, 'rev_accel_quarters': 0}","{'rs_3m': -6.7, 'rs_6m': -9.2, 'rs_line_percentile': 3.1, 'rs_line_at_new_high': False, 'rs_line_trend': 'down', 'rs_line_score': 15}","{'roe_pct': 76.3, 'debt_to_equity': 4.64, 'current_ratio': 0.95, 'operating_margin_pct': 13.1}","{'days_to_earnings': 'N/A', 'recommendation': 'none', 'analyst_upside_pct': 23.9}",11.3,22328766464,Industrials,Consulting Services,,,False,12.76,-11.4,4,False,-1.9,14.0,14.0,14.0,1.0,none,23.9,16.08,42.3,12.1,7.1,reportado,múltiplo propio,4.0,0.19,False,,5.76,0.65,,3.6,95.6,0.41,3.55,,,,9,,,,,-1.8,,,False,False,False,5,NEUTRAL,3.63,37.7,4.31,13.8,,,,2026-10-06T06:23:52.210986,,,,,,
DPZ,"Domino's Pizza, Inc.",60.0,,trimestral,⭐⭐ GOOD,🟡 Good,USD,USD,False,True,True,1.0,,80.0,60.0,24.0,65.0,65.0,15.0,1.8,False,down,3.6,True,1,4.3,True,1,"{'eps_growth_yoy': 3.6, 'op_growth_yoy': 3.1, 'crecimiento_respaldado': True, 'positive_quarters': 4, 'earnings_accelerating': True, 'eps_accel_quarters': 1, 'profit_margin_pct': 11.9, 'score_bruto_sin_capar': 80.0, 'satura': False}","{'revenue_growth_yoy': 4.3, 'revenue_accelerating': True, 'rev_accel_quarters': 1}","{'rs_3m': -5.3, 'rs_6m': -36.4, 'rs_line_percentile': 1.8, 'rs_line_at_new_high': False, 'rs_line_trend': 'down', 'rs_line_score': 15}","{'current_ratio': 1.54, 'operating_margin_pct': 19.1}","{'days_to_earnings': 'N/A', 'recommendation': 'buy', 'analyst_upside_pct': 26.3}",297.27,9834207232,Consumer Cyclical,Restaurants,11.2,4.0,True,442.35,-32.8,0,False,-9.6,375.48,450.0,260.0,27.0,buy,26.3,399.02,34.2,443.54,49.2,reportado,múltiplo propio,4.0,0.14,False,,6.68,19.86,,2.68,42.3,7.96,1.26,True,-3.15,,9,,4.9,Operating Income,4.9,4.8,7.0,2026-10-13,True,True,False,8,STRONG,6.42,106.0,1.19,30.4,0.8,0.03,-29.6,2026-10-06T06:26:04.346933,,,,,,
CP,Canadian Pacific Kansas City Limited,60.0,,trimestral,⭐⭐ GOOD,🟡 Good,USD,CAD,True,True,True,1.0,"FCF declarado (2,403,000,000) se aparta del derivado de flujo operativo menos capex (712,592,886)",65.0,70.0,44.0,55.0,60.0,35.0,30.8,False,down,-17.0,True,1,12.6,True,1,"{'eps_growth_yoy': -17.0, 'op_growth_yoy': 9.6, 'crecimiento_respaldado': True, 'positive_quarters': 4, 'earnings_accelerating': True, 'eps_accel_quarters': 1, 'profit_margin_pct': 25.0, 'score_bruto_sin_capar': 65.0, 'satura': False}","{'revenue_growth_yoy': 12.6, 'revenue_accelerating': True, 'rev_accel_quarters': 1}","{'rs_3m': -8.0, 'rs_6m': -10.5, 'rs_line_percentile': 30.8, 'rs_line_at_new_high': False, 'rs_line_trend': 'down', 'rs_line_score': 35}","{'roe_pct': 8.2, 'debt_to_equity': 0.53, 'current_ratio': 0.59, 'operating_margin_pct': 39.0}","{'days_to_earnings': 'N/A', 'recommendation': 'buy', 'analyst_upside_pct': 14.3}",85.8,75424997376,Industrials,Railroads,2.3,10.5,False,96.9,-11.5,4,False,-4.9,98.06,107.58,73.7,13.0,buy,14.3,,,56.6,-34.0,reportado,múltiplo propio,4.0,0.17,False,,0.94,0.81,,0.88,22.1,0.75,0.75,True,-4.08,,9,,6.2,Operating Income,6.6,-13.5,22.0,2026-10-28,False,True,False,7,NEUTRAL,5.54,10.4,3.29,15.6,,,,2026-10-06T06:22:37.596853,,,"el capex se lleva el 82% del flujo operativo: lo que queda no es lo que gana el dueño, es lo que sobra tras decidir invertir",,,
YUM,"Yum! Brands, Inc.",60.0,,trimestral,⭐⭐ GOOD,🟡 Good,USD,USD,False,True,True,1.0,,85.0,70.0,15.0,50.0,65.0,15.0,0.0,False,down,128.1,True,1,12.3,True,1,"{'eps_growth_yoy': 128.1, 'op_growth_yoy': 9.6, 'crecimiento_respaldado': False, 'crecimiento_puntuado': 34.6, 'positive_quarters': 4, 'earnings_accelerating': True, 'eps_accel_quarters': 1, 'profit_margin_pct': 25.4, 'score_bruto_sin_capar': 105.0, 'satura': True}","{'revenue_growth_yoy': 12.3, 'revenue_accelerating': True, 'rev_accel_quarters': 1}","{'rs_3m': -20.9, 'rs_6m': -30.0, 'rs_line_percentile': 0.0, 'rs_line_at_new_high': False, 'rs_line_trend': 'down', 'rs_line_score': 15}","{'current_ratio': 0.59, 'operating_margin_pct': 32.8}","{'days_to_earnings': 'N/A', 'recommendation': 'buy', 'analyst_upside_pct': 25.8}",136.97,37379260416,Consumer Cyclical,Restaurants,4.1,4.3,False,170.14,-19.5,1,False,-6.2,172.34,200.0,147.0,22.0,buy,25.8,173.07,26.4,152.59,11.4,normalizado,múltiplo propio,4.0,0.19,False,,4.58,6.27,,2.19,36.8,3.0,1.83,True,-1.42,,9,,5.2,Operating Income,5.3,92.1,28.0,2026-11-03,False,True,False,5,NEUTRAL,5.05,75.7,2.93,26.8,,,,2026-10-06T06:23:08.162251,,,,tasa fiscal efectiva -0.9% — el beneficio del periodo no es representativo,,
HLT,Hilton Worldwide Holdings Inc.,59.8,,trimestral,⭐ AVERAGE,🟡 Average,USD,USD,False,True,True,1.0,,75.0,60.0,44.0,50.0,60.0,35.0,26.4,False,down,9.5,False,0,6.5,True,1,"{'eps_growth_yoy': 9.5, 'op_growth_yoy': 10.3, 'crecimiento_respaldado': True, 'positive_quarters': 4, 'earnings_accelerating': False, 'eps_accel_quarters': 0, 'profit_margin_pct': 31.0, 'score_bruto_sin_capar': 75.0, 'satura': False}","{'revenue_growth_yoy': 6.5, 'revenue_accelerating': True, 'rev_accel_quarters': 1}","{'rs_3m': -9.3, 'rs_6m': -13.4, 'rs_line_percentile': 26.4, 'rs_line_at_new_high': False, 'rs_line_trend': 'down', 'rs_line_score': 35}","{'current_ratio': 0.65, 'operating_margin_pct': 63.0}","{'days_to_earnings': 'N/A', 'recommendation': 'buy', 'analyst_upside_pct': 11.7}",316.12,71147520000,Consumer Cyclical,Lodging,2.7,3.1,False,358.0,-11.7,3,False,-0.4,353.0,394.0,270.0,26.0,buy,11.7,179.49,-43.2,279.51,-11.6,reportado,múltiplo propio,4.0,0.47,False,,2.7,8.54,,0.19,8.8,0.6,0.24,True,-4.18,,9,,4.4,Operating Income,4.3,14.1,21.0,2026-10-27,False,True,True,6,NEUTRAL,3.2,213.6,2.87,18.2,,,,2026-10-06T06:24:41.668536,,,,,,
CRH,CRH plc,59.6,,trimestral,⭐ AVERAGE,🟡 Average,USD,USD,False,True,True,1.0,,78.0,60.0,15.0,75.0,70.0,15.0,0.2,False,down,12.6,True,1,5.6,True,1,"{'eps_growth_yoy': 12.6, 'op_growth_yoy': 6.3, 'crecimiento_respaldado': True, 'positive_quarters': 3, 'earnings_accelerating': True, 'eps_accel_quarters': 1, 'profit_margin_pct': 9.9, 'score_bruto_sin_capar': 78.0, 'satura': False}","{'revenue_growth_yoy': 5.6, 'revenue_accelerating': True, 'rev_accel_quarters': 1}","{'rs_3m': -23.6, 'rs_6m': -39.5, 'rs_line_percentile': 0.2, 'rs_line_at_new_high': False, 'rs_line_trend': 'down', 'rs_line_score': 15}","{'roe_pct': 15.8, 'debt_to_equity': 0.78, 'current_ratio': 1.58, 'operating_margin_pct': 19.0}","{'days_to_earnings': 'N/A', 'recommendation': 'strong_buy', 'analyst_upside_pct': 58.5}",82.65,54985764864,Basic Materials,Building Materials,2.0,2.7,False,131.55,-37.2,0,False,-10.5,131.0,165.0,105.0,24.0,strong_buy,58.5,,,94.92,14.8,reportado,múltiplo propio,4.0,0.9,False,,4.92,4.07,,1.89,26.9,1.56,1.95,True,-1.31,,9,,6.4,Operating Income,7.0,13.9,23.0,2026-10-29,False,True,False,6,NEUTRAL,7.26,16.2,4.42,25.7,0.8,0.03,-24.9,2026-10-06T06:24:30.281128,,,"el capex se lleva el 50% del flujo operativo: lo que queda no es lo que gana el dueño, es lo que sobra tras decidir invertir",,,
WM,"Waste Management, Inc.",59.5,,trimestral,⭐ AVERAGE,🟡 Average,USD,USD,False,True,True,1.0,,80.0,70.0,24.0,45.0,65.0,15.0,2.4,False,down,8.1,True,1,4.0,True,2,"{'eps_growth_yoy': 8.1, 'op_growth_yoy': 6.9, 'crecimiento_respaldado': True, 'positive_quarters': 4, 'earnings_accelerating': True, 'eps_accel_quarters': 1, 'profit_margin_pct': 11.1, 'score_bruto_sin_capar': 80.0, 'satura': False}","{'revenue_growth_yoy': 4.0, 'revenue_accelerating': True, 'rev_accel_quarters': 2}","{'rs_3m': -15.5, 'rs_6m': -28.8, 'rs_line_percentile': 2.4, 'rs_line_at_new_high': False, 'rs_line_trend': 'down', 'rs_line_score': 15}","{'roe_pct': 29.8, 'debt_to_equity': 2.35, 'current_ratio': 0.91, 'operating_margin_pct': 19.0}","{'days_to_earnings': 'N/A', 'recommendation': 'buy', 'analyst_upside_pct': 25.1}",206.66,82605146112,Industrials,Waste Management,1.5,2.7,False,248.13,-16.7,2,False,-5.4,258.56,277.0,220.0,25.0,buy,25.1,233.46,13.0,208.9,1.1,reportado,múltiplo propio,4.0,0.17,False,,3.98,8.23,,1.83,50.1,3.78,1.49,False,-0.47,,9,,5.2,Operating Income,5.0,8.3,21.0,2026-10-27,False,True,True,8,STRONG,4.37,22.6,3.02,15.6,1.6,0.1,-14.0,2026-10-06T06:17:03.519212,,,,,,
ATO,Atmos Energy Corporation,59.5,,trimestral,⭐ AVERAGE,🟡 Average,USD,USD,False,True,True,1.0,"FCF declarado (-2,020,303,000) se aparta del derivado de flujo operativo menos capex (-1,541,808,984)",95.0,50.0,24.0,55.0,55.0,15.0,0.6,False,down,30.2,False,0,4.8,False,0,"{'eps_growth_yoy': 30.2, 'op_growth_yoy': 27.1, 'crecimiento_respaldado': True, 'positive_quarters': 4, 'earnings_accelerating': False, 'eps_accel_quarters': 0, 'profit_margin_pct': 28.5, 'score_bruto_sin_capar': 95.0, 'satura': False}","{'revenue_growth_yoy': 4.8, 'revenue_accelerating': False, 'rev_accel_quarters': 0}","{'rs_3m': -14.4, 'rs_6m': -33.4, 'rs_line_percentile': 0.6, 'rs_line_at_new_high': False, 'rs_line_trend': 'down', 'rs_line_score': 15}","{'roe_pct': 9.8, 'debt_to_equity': 0.68, 'current_ratio': 0.81, 'operating_margin_pct': 37.2}","{'days_to_earnings': 'N/A', 'recommendation': 'hold', 'analyst_upside_pct': 17.1}",158.05,26708641792,Utilities,Utilities - Regulated Gas,2.9,4.8,False,192.51,-17.9,2,False,-4.7,185.0,206.0,167.0,11.0,hold,17.1,,,150.48,-4.8,reportado,múltiplo propio,4.0,0.35,False,,-5.77,-9.12,,2.53,46.1,4.0,2.36,False,,,9,,12.8,Operating Income,13.3,9.3,29.0,2026-11-04,False,True,False,6,NEUTRAL,4.27,6.1,1.75,10.1,0.8,0.08,-9.3,2026-10-06T06:23:27.207808,,,"el capex se lleva el 176% del flujo operativo: lo que queda no es lo que gana el dueño, es lo que sobra tras decidir invertir",,,
CPRT,"Copart, Inc.",59.0,,trimestral,⭐ AVERAGE,🟡 Average,USD,USD,False,True,True,1.0,"FCF declarado (1,339,233,000) se aparta del derivado de flujo operativo menos capex (1,035,502,032)",65.0,60.0,24.0,85.0,70.0,15.0,0.9,False,down,-1.0,True,1,2.1,True,1,"{'eps_growth_yoy': -1.0, 'op_growth_yoy': 2.8, 'crecimiento_respaldado': True, 'positive_quarters': 4, 'earnings_accelerating': True, 'eps_accel_quarters': 1, 'profit_margin_pct': 31.8, 'score_bruto_sin_capar': 65.0, 'satura': False}","{'revenue_growth_yoy': 2.1, 'revenue_accelerating': True, 'rev_accel_quarters': 1}","{'rs_3m': -7.5, 'rs_6m': -34.6, 'rs_line_percentile': 0.9, 'rs_line_at_new_high': False, 'rs_line_trend': 'down', 'rs_line_score': 15}","{'roe_pct': 16.2, 'debt_to_equity': 0.01, 'current_ratio': 7.91, 'operating_margin_pct': 32.0}","{'days_to_earnings': 'N/A', 'recommendation': 'buy', 'analyst_upside_pct': 41.0}",27.65,25613035520,Industrials,Specialty Business Services,4.6,3.3,False,45.89,-39.7,0,False,-9.3,39.0,55.0,25.0,10.0,buy,41.0,24.02,-13.1,48.87,76.7,reportado,múltiplo propio,4.0,0.29,False,,4.04,1.12,,,,,,True,-4.67,,9,,,,,-10.5,44.0,2026-11-19,False,True,False,6,NEUTRAL,7.99,19.3,1.32,34.4,,,,2026-10-06T06:17:41.936043,,,,,,
POOL,Pool Corporation,59.0,,trimestral,⭐ AVERAGE,🟡 Average,USD,USD,False,True,True,1.0,,65.0,70.0,15.0,80.0,70.0,15.0,0.0,False,down,-3.2,True,2,2.2,True,2,"{'eps_growth_yoy': -3.2, 'op_growth_yoy': -1.8, 'crecimiento_respaldado': True, 'positive_quarters': 4, 'earnings_accelerating': True, 'eps_accel_quarters': 2, 'profit_margin_pct': 7.4, 'score_bruto_sin_capar': 65.0, 'satura': False}","{'revenue_growth_yoy': 2.2, 'revenue_accelerating': True, 'rev_accel_quarters': 2}","{'rs_3m': -25.7, 'rs_6m': -37.9, 'rs_line_percentile': 0.0, 'rs_line_at_new_high': False, 'rs_line_trend': 'down', 'rs_line_score': 15}","{'roe_pct': 31.3, 'debt_to_equity': 1.35, 'current_ratio': 2.67, 'operating_margin_pct': 15.1}","{'days_to_earnings': 'N/A', 'recommendation': 'buy', 'analyst_upside_pct': 36.2}",159.345,5790716416,Industrials,Industrial Distribution,10.8,5.1,True,306.89,-48.1,0,False,-12.4,217.0,260.0,185.0,12.0,buy,36.2,116.18,-27.1,266.1,67.0,reportado,múltiplo propio,4.0,0.57,False,,5.36,8.54,,3.26,46.4,5.2,1.19,True,-3.41,,9,,12.4,Operating Income,12.4,,16.0,2026-10-22,False,True,True,5,NEUTRAL,7.79,34.5,,22.4,0.4,0.02,-22.0,2026-10-06T06:25:52.517032,,,,,,
SBGSY,Schneider Electric S.E.,58.5,,anual,⭐ AVERAGE,🟡 Average,USD,EUR,True,True,True,1.0,,70.0,50.0,36.0,75.0,65.0,15.0,16.0,False,down,1.4,False,0,5.2,False,0,"{'eps_growth_yoy': 1.4, 'op_growth_yoy': 6.7, 'crecimiento_respaldado': True, 'positive_quarters': 4, 'earnings_accelerating': False, 'eps_accel_quarters': 0, 'profit_margin_pct': 11.3, 'score_bruto_sin_capar': 70.0, 'satura': False}","{'revenue_growth_yoy': 5.2, 'revenue_accelerating': False, 'rev_accel_quarters': 0}","{'rs_3m': -3.3, 'rs_6m': -5.0, 'rs_line_percentile': 16.0, 'rs_line_at_new_high': False, 'rs_line_trend': 'down', 'rs_line_score': 15}","{'roe_pct': 18.6, 'debt_to_equity': 0.84, 'current_ratio': 1.09, 'operating_margin_pct': 18.2}","{'days_to_earnings': 'N/A', 'recommendation': 'strong_buy', 'analyst_upside_pct': 30.0}",61.4,172933480448,Industrials,Specialty Industrial Machinery,,,False,71.98,-14.7,4,False,-8.6,79.8,84.0,77.0,3.0,strong_buy,30.0,42.84,-30.2,56.94,-7.3,reportado,múltiplo propio,4.0,0.52,False,,3.8,2.33,,1.6,50.6,0.98,1.73,,,,9,,,,,29.3,142.0,2027-02-25,False,True,False,6,NEUTRAL,3.71,77.8,3.42,51.2,,,,2026-10-06T06:21:33.708861,,,,,,
CB,Chubb Limited,58.5,,trimestral,⭐ AVERAGE,🟡 Average,USD,USD,False,True,True,1.0,,60.0,70.0,36.0,65.0,60.0,15.0,23.1,False,down,-3.8,True,1,7.2,True,2,"{'eps_growth_yoy': -3.8, 'op_growth_yoy': -1.9, 'crecimiento_respaldado': True, 'positive_quarters': 4, 'earnings_accelerating': True, 'eps_accel_quarters': 1, 'profit_margin_pct': 18.1, 'score_bruto_sin_capar': 60.0, 'satura': False}","{'revenue_growth_yoy': 7.2, 'revenue_accelerating': True, 'rev_accel_quarters': 2}","{'rs_3m': -10.9, 'rs_6m': -16.6, 'rs_line_percentile': 23.1, 'rs_line_at_new_high': False, 'rs_line_trend': 'down', 'rs_line_score': 15}","{'roe_pct': 14.8, 'debt_to_equity': 0.31, 'current_ratio': 0.41, 'operating_margin_pct': 23.5}","{'days_to_earnings': 'N/A', 'recommendation': 'buy', 'analyst_upside_pct': 10.6}",330.49,127502999552,Financial Services,Insurance - Property & Casualty,0.9,2.3,False,365.91,-9.7,4,False,-3.2,365.39,425.0,306.0,23.0,buy,10.6,,,340.59,3.1,reportado,múltiplo propio,4.0,0.58,False,,8.23,27.2,,1.23,13.9,4.08,1.4,True,-3.11,,7,,18.9,EBIT,18.9,-0.5,14.0,2026-10-20,False,True,True,6,NEUTRAL,9.2,,0.41,14.1,,,,2026-10-06T06:21:41.283859,,,"Insurance - Property & Casualty: el flujo operativo son depósitos, préstamos o primas, no caja libre para el accionista",,,
MRSH,"Marsh & McLennan Companies, Inc.",58.2,,trimestral,⭐ AVERAGE,🟡 Average,USD,USD,False,True,True,1.0,,70.0,50.0,36.0,80.0,55.0,15.0,12.0,False,down,4.5,False,0,6.2,False,0,"{'eps_growth_yoy': 4.5, 'op_growth_yoy': 3.8, 'crecimiento_respaldado': True, 'positive_quarters': 4, 'earnings_accelerating': False, 'eps_accel_quarters': 0, 'profit_margin_pct': 14.2, 'score_bruto_sin_capar': 70.0, 'satura': False}","{'revenue_growth_yoy': 6.2, 'revenue_accelerating': False, 'rev_accel_quarters': 0}","{'rs_3m': -7.9, 'rs_6m': -17.8, 'rs_line_percentile': 12.0, 'rs_line_at_new_high': False, 'rs_line_trend': 'down', 'rs_line_score': 15}","{'roe_pct': 25.9, 'debt_to_equity': 1.45, 'current_ratio': 1.14, 'operating_margin_pct': 26.3}","{'days_to_earnings': 'N/A', 'recommendation': 'hold', 'analyst_upside_pct': 20.1}",170.43,81331109888,Financial Services,Insurance Brokers,1.2,2.8,False,207.83,-18.0,2,False,-6.7,204.62,238.0,179.0,21.0,hold,20.1,,,199.96,17.3,reportado,múltiplo propio,4.0,0.17,False,,5.89,10.04,,2.32,44.0,3.96,1.45,True,-2.63,,9,,6.3,Operating Income,6.6,2.9,9.0,2026-10-15,False,True,True,6,NEUTRAL,6.09,140.5,1.27,18.9,,,,2026-10-06T06:17:45.635449,,,"Insurance Brokers: el flujo operativo son depósitos, préstamos o primas, no caja libre para el accionista",,,
KVUE,Kenvue Inc.,57.8,,trimestral,⭐ AVERAGE,🟡 Average,USD,USD,False,True,True,1.0,,70.0,50.0,44.0,70.0,50.0,35.0,35.7,False,down,8.6,False,0,3.0,False,0,"{'eps_growth_yoy': 8.6, 'op_growth_yoy': 0.8, 'crecimiento_respaldado': True, 'positive_quarters': 4, 'earnings_accelerating': False, 'eps_accel_quarters': 0, 'profit_margin_pct': 10.8, 'score_bruto_sin_capar': 70.0, 'satura': False}","{'revenue_growth_yoy': 3.0, 'revenue_accelerating': False, 'rev_accel_quarters': 0}","{'rs_3m': -12.0, 'rs_6m': -10.5, 'rs_line_percentile': 35.7, 'rs_line_at_new_high': False, 'rs_line_trend': 'down', 'rs_line_score': 35}","{'roe_pct': 15.6, 'debt_to_equity': 0.82, 'current_ratio': 1.0, 'operating_margin_pct': 19.4}","{'days_to_earnings': 'N/A', 'recommendation': 'none', 'analyst_upside_pct': 12.1}",17.39,33402249216,Consumer Defensive,Household & Personal Products,3.5,2.1,False,20.13,-13.6,4,False,-5.4,19.5,23.0,18.0,12.0,none,12.1,17.92,3.0,18.54,6.6,reportado,múltiplo propio,3.0,0.72,True,,5.54,0.96,,4.83,96.5,0.84,,False,-0.26,,9,,6.9,Operating Income,6.2,4.2,30.0,2026-11-05,False,True,False,7,NEUTRAL,6.64,122.7,,19.0,1.6,0.08,-17.4,2026-10-06T06:26:38.611259,,,,,,
PEP,"PepsiCo, Inc.",57.5,,trimestral,⭐ AVERAGE,🟡 Average,USD,USD,False,True,True,1.0,,85.0,60.0,24.0,45.0,55.0,15.0,0.0,False,down,136.0,True,1,6.4,True,1,"{'eps_growth_yoy': 136.0, 'op_growth_yoy': 10.2, 'crecimiento_respaldado': False, 'crecimiento_puntuado': 35.2, 'positive_quarters': 4, 'earnings_accelerating': True, 'eps_accel_quarters': 1, 'profit_margin_pct': 10.8, 'score_bruto_sin_capar': 100.0, 'satura': False}","{'revenue_growth_yoy': 6.4, 'revenue_accelerating': True, 'rev_accel_quarters': 1}","{'rs_3m': -15.1, 'rs_6m': -34.4, 'rs_line_percentile': 0.0, 'rs_line_at_new_high': False, 'rs_line_trend': 'down', 'rs_line_score': 15}","{'roe_pct': 51.5, 'debt_to_equity': 2.39, 'current_ratio': 0.93, 'operating_margin_pct': 16.8}","{'days_to_earnings': 'N/A', 'recommendation': 'hold', 'analyst_upside_pct': 18.7}",125.65,171637899264,Consumer Defensive,Beverages - Non-Alcoholic,2.1,3.5,False,171.48,-26.7,0,False,-7.5,149.14,180.0,124.0,22.0,hold,18.7,149.42,18.9,177.83,41.5,reportado,múltiplo propio,4.0,0.18,False,,5.27,6.62,,4.71,75.3,5.92,3.03,False,-0.29,,9,,12.9,Operating Income,12.7,54.8,2.0,2026-10-08,True,True,False,5,NEUTRAL,6.3,40.1,,14.2,0.4,0.03,-13.8,2026-10-06T06:22:22.719130,,,,,,
OTIS,Otis Worldwide Corporation,57.5,,trimestral,⭐ AVERAGE,🟡 Average,USD,USD,False,True,True,1.0,,80.0,60.0,24.0,45.0,70.0,15.0,3.4,False,down,8.9,True,1,7.3,True,1,"{'eps_growth_yoy': 8.9, 'op_growth_yoy': 5.1, 'crecimiento_respaldado': True, 'positive_quarters': 4, 'earnings_accelerating': True, 'eps_accel_quarters': 1, 'profit_margin_pct': 10.2, 'score_bruto_sin_capar': 80.0, 'satura': False}","{'revenue_growth_yoy': 7.3, 'revenue_accelerating': True, 'rev_accel_quarters': 1}","{'rs_3m': -12.2, 'rs_6m': -32.5, 'rs_line_percentile': 3.4, 'rs_line_at_new_high': False, 'rs_line_trend': 'down', 'rs_line_score': 15}","{'current_ratio': 0.83, 'operating_margin_pct': 15.1}","{'days_to_earnings': 'N/A', 'recommendation': 'buy', 'analyst_upside_pct': 31.4}",65.88,25078495232,Industrials,Specialty Industrial Machinery,4.8,4.5,False,94.565,-30.3,0,False,-6.1,86.54,105.0,73.0,13.0,buy,31.4,96.26,46.1,95.82,45.4,reportado,múltiplo propio,4.0,0.13,False,,6.85,4.51,,2.67,43.7,1.76,1.52,True,-3.11,,9,,,,,9.1,22.0,2026-10-28,False,True,False,6,NEUTRAL,6.64,171.1,2.52,25.5,,,,2026-10-06T06:20:51.629096,,,,,,
RELX,RELX PLC,57.2,,anual,⭐ AVERAGE,🟡 Average,USD,GBP,True,True,True,1.0,,75.0,50.0,38.7,50.0,70.0,15.0,14.7,False,down,6.8,False,0,1.7,False,0,"{'eps_growth_yoy': 6.8, 'op_growth_yoy': 5.9, 'crecimiento_respaldado': True, 'positive_quarters': 4, 'earnings_accelerating': False, 'eps_accel_quarters': 0, 'profit_margin_pct': 23.3, 'score_bruto_sin_capar': 75.0, 'satura': False}","{'revenue_growth_yoy': 1.7, 'revenue_accelerating': False, 'rev_accel_quarters': 0}","{'rs_3m': 2.1, 'rs_6m': -14.0, 'rs_line_percentile': 14.7, 'rs_line_at_new_high': False, 'rs_line_trend': 'down', 'rs_line_score': 15}","{'roe_pct': 131.9, 'debt_to_equity': 7.1, 'current_ratio': 0.45, 'operating_margin_pct': 32.0}","{'days_to_earnings': 'N/A', 'recommendation': 'strong_buy', 'analyst_upside_pct': 57.7}",33.82,58786824192,Industrials,Specialty Business Services,0.4,3.2,False,47.22,-28.4,1,False,-3.2,53.35,57.0,49.7,2.0,strong_buy,57.7,49.26,45.7,62.61,85.1,reportado,múltiplo propio,4.0,0.32,False,,5.58,1.89,,2.7,53.6,0.91,1.97,,,,9,,,,,12.2,128.0,2027-02-11,False,True,False,7,NEUTRAL,1.22,1876.1,1.58,31.9,3.1,0.1,-28.8,2026-10-06T06:16:52.757216,,,,,,
INTU,Intuit Inc.,56.6,,trimestral,⭐ AVERAGE,🟡 Average,USD,USD,False,True,True,1.0,,55.0,60.0,26.7,85.0,70.0,15.0,3.3,False,down,-4.7,False,0,13.7,False,0,"{'eps_growth_yoy': -4.7, 'op_growth_yoy': 125.9, 'crecimiento_respaldado': True, 'positive_quarters': 4, 'earnings_accelerating': False, 'eps_accel_quarters': 0, 'profit_margin_pct': 21.3, 'score_bruto_sin_capar': 55.0, 'satura': False}","{'revenue_growth_yoy': 13.7, 'revenue_accelerating': False, 'rev_accel_quarters': 0}","{'rs_3m': 0.9, 'rs_6m': -48.2, 'rs_line_percentile': 3.3, 'rs_line_at_new_high': False, 'rs_line_trend': 'down', 'rs_line_score': 15}","{'roe_pct': 23.6, 'debt_to_equity': 0.44, 'current_ratio': 1.51, 'operating_margin_pct': 17.6}","{'days_to_earnings': 'N/A', 'recommendation': 'buy', 'analyst_upside_pct': 42.5}",284.68,76076744704,Technology,Software - Application,3.0,1.8,False,689.17,-58.7,0,False,-11.9,405.6,732.0,290.0,31.0,buy,42.5,793.93,178.9,,,reportado,,,,,,11.33,32.25,,1.94,29.2,5.52,0.64,True,-3.55,,9,,24.1,Operating Income,24.5,-1.0,44.0,2026-11-19,False,True,False,8,STRONG,7.99,91.1,0.42,41.7,0.2,0.0,-41.5,2026-10-06T06:18:34.000540,múltiplo propio 58x fuera del rango 8-45,,,,,
ERIE,Erie Indemnity Company,56.0,,trimestral,⭐ AVERAGE,🟡 Average,USD,USD,False,True,True,0.8833,acciones × precio no cuadra (ratio 0.8833) pero la divisa sí: son clases múltiples. Se usan 52 M de acciones efectivas (capitalización ÷ precio) en vez de las 46 M declaradas,70.0,50.0,24.0,85.0,50.0,15.0,6.6,False,down,3.2,False,0,1.7,False,0,"{'eps_growth_yoy': 3.2, 'positive_quarters': 4, 'earnings_accelerating': False, 'eps_accel_quarters': 0, 'profit_margin_pct': 14.0, 'score_bruto_sin_capar': 70.0, 'satura': False}","{'revenue_growth_yoy': 1.7, 'revenue_accelerating': False, 'rev_accel_quarters': 0}","{'rs_3m': -15.5, 'rs_6m': -27.9, 'rs_line_percentile': 6.6, 'rs_line_at_new_high': False, 'rs_line_trend': 'down', 'rs_line_score': 15}","{'roe_pct': 24.8, 'debt_to_equity': 0.03, 'current_ratio': 1.25, 'operating_margin_pct': 19.1}","{'days_to_earnings': 'N/A', 'recommendation': 'none'}",221.46,11580114944,Financial Services,Insurance Brokers,9.5,8.2,True,330.54,-33.0,0,False,-9.2,,,,,none,,,,396.37,79.0,reportado,múltiplo propio,4.0,0.4,False,,5.03,11.14,,2.64,52.1,5.85,1.68,False,,,7,,,,,1.6,23.0,2026-10-29,False,True,False,4,NEUTRAL,,,0.68,30.0,3.1,0.1,-26.9,2026-10-06T06:19:31.670825,,52289872.0,"Insurance Brokers: el flujo operativo son depósitos, préstamos o primas, no caja libre para el accionista",,,
AJG,Arthur J. Gallagher & Co.,56.0,,trimestral,⭐ AVERAGE,🟡 Average,USD,USD,False,True,True,1.0,,50.0,70.0,36.0,65.0,65.0,15.0,17.1,False,down,-12.0,False,0,24.2,False,0,"{'eps_growth_yoy': -12.0, 'op_growth_yoy': -6.1, 'crecimiento_respaldado': True, 'positive_quarters': 4, 'earnings_accelerating': False, 'eps_accel_quarters': 0, 'profit_margin_pct': 10.4, 'score_bruto_sin_capar': 50.0, 'satura': False}","{'revenue_growth_yoy': 24.2, 'revenue_accelerating': False, 'rev_accel_quarters': 0}","{'rs_3m': -15.4, 'rs_6m': -13.1, 'rs_line_percentile': 17.1, 'rs_line_at_new_high': False, 'rs_line_trend': 'down', 'rs_line_score': 15}","{'roe_pct': 6.7, 'debt_to_equity': 0.59, 'current_ratio': 1.05, 'operating_margin_pct': 19.2}","{'days_to_earnings': 'N/A', 'recommendation': 'buy', 'analyst_upside_pct': 26.3}",227.24,58250928128,Financial Services,Insurance Brokers,2.5,4.7,False,313.09,-27.4,1,False,-8.7,287.0,388.0,250.0,18.0,buy,26.3,,,263.91,16.1,reportado,múltiplo propio,4.0,0.33,False,,3.96,9.0,,1.23,44.8,2.8,0.97,False,-0.67,,9,,4.2,Operating Income,4.1,-10.7,23.0,2026-10-29,False,True,False,6,NEUTRAL,3.6,79.3,4.46,31.3,0.8,0.02,-30.5,2026-10-06T06:19:47.301875,,,"Insurance Brokers: el flujo operativo son depósitos, préstamos o primas, no caja libre para el accionista",,,
CHD,"Church & Dwight Co., Inc.",55.0,,trimestral,⭐ AVERAGE,🟡 Average,USD,USD,False,True,True,1.0,,60.0,50.0,36.0,75.0,60.0,15.0,13.0,False,down,-1.7,True,1,0.1,False,0,"{'eps_growth_yoy': -1.7, 'op_growth_yoy': -1.5, 'crecimiento_respaldado': True, 'positive_quarters': 4, 'earnings_accelerating': True, 'eps_accel_quarters': 1, 'profit_margin_pct': 12.0, 'score_bruto_sin_capar': 60.0, 'satura': False}","{'revenue_growth_yoy': 0.1, 'revenue_accelerating': False, 'rev_accel_quarters': 0}","{'rs_3m': -4.4, 'rs_6m': -14.1, 'rs_line_percentile': 13.0, 'rs_line_at_new_high': False, 'rs_line_trend': 'down', 'rs_line_score': 15}","{'roe_pct': 17.0, 'debt_to_equity': 0.56, 'current_ratio': 1.15, 'operating_margin_pct': 18.1}","{'days_to_earnings': 'N/A', 'recommendation': 'buy', 'analyst_upside_pct': 9.6}",95.66,22690926592,Consumer Defensive,Household & Personal Products,5.2,5.9,False,106.04,-9.8,4,False,-2.7,104.84,115.0,78.0,19.0,buy,9.6,128.21,34.0,93.54,-2.2,reportado,múltiplo propio,3.0,0.61,True,2024-12-31,5.02,4.8,,1.29,38.6,1.23,1.16,True,-3.33,,9,,11.2,Operating Income,10.9,6.3,24.0,2026-10-30,False,True,False,7,NEUTRAL,4.33,116.9,1.1,14.1,,,,2026-10-06T06:21:10.361550,,,,,,
ZTS,Zoetis Inc.,54.0,,trimestral,⭐ AVERAGE,🟡 Average,USD,USD,False,True,True,1.0,,75.0,40.0,24.0,65.0,70.0,15.0,1.3,False,down,-4.8,True,2,-0.2,True,1,"{'eps_growth_yoy': -4.8, 'op_growth_yoy': 0.2, 'crecimiento_respaldado': True, 'positive_quarters': 4, 'earnings_accelerating': True, 'eps_accel_quarters': 2, 'profit_margin_pct': 27.7, 'score_bruto_sin_capar': 75.0, 'satura': False}","{'revenue_growth_yoy': -0.2, 'revenue_accelerating': True, 'rev_accel_quarters': 1}","{'rs_3m': -8.5, 'rs_6m': -56.3, 'rs_line_percentile': 1.3, 'rs_line_at_new_high': False, 'rs_line_trend': 'down', 'rs_line_score': 15}","{'roe_pct': 64.9, 'debt_to_equity': 2.94, 'current_ratio': 3.08, 'operating_margin_pct': 40.7}","{'days_to_earnings': 'N/A', 'recommendation': 'buy', 'analyst_upside_pct': 34.4}",71.41,29508300800,Healthcare,Drug Manufacturers - Specialty & Generic,4.8,3.8,False,148.3,-51.8,0,False,-3.9,96.0,155.0,80.0,14.0,buy,34.4,140.68,97.0,,,reportado,múltiplo propio,4.0,0.56,False,,7.52,5.37,,2.97,33.9,2.12,0.91,True,-6.24,,9,,15.1,Operating Income,14.7,0.8,30.0,2026-11-05,False,True,False,6,NEUTRAL,9.7,42.3,1.06,21.7,,,,2026-10-06T06:18:15.359147,"objetivo 183 sobre un precio de 71 (+156%): el BPA no cuadra con el múltiplo histórico, no se publica",,,,,
GVDNY,Givaudan SA,54.0,,anual,⭐ AVERAGE,🟡 Average,USD,CHF,True,True,True,1.0,"FCF declarado (727,932,197) se aparta del derivado de flujo operativo menos capex (1,435,426,468)",50.0,50.0,47.6,70.0,65.0,35.0,32.7,False,flat,-1.7,False,0,0.8,False,0,"{'eps_growth_yoy': -1.7, 'op_growth_yoy': -2.2, 'crecimiento_respaldado': True, 'positive_quarters': 4, 'earnings_accelerating': False, 'eps_accel_quarters': 0, 'profit_margin_pct': 12.9, 'score_bruto_sin_capar': 50.0, 'satura': False}","{'revenue_growth_yoy': 0.8, 'revenue_accelerating': False, 'rev_accel_quarters': 0}","{'rs_3m': -7.5, 'rs_6m': 1.8, 'rs_line_percentile': 32.7, 'rs_line_at_new_high': False, 'rs_line_trend': 'flat', 'rs_line_score': 35}","{'roe_pct': 22.3, 'debt_to_equity': 1.11, 'current_ratio': 1.29, 'operating_margin_pct': 18.8}","{'days_to_earnings': 'N/A', 'recommendation': 'strong_buy', 'analyst_upside_pct': 17.6}",81.81,37760700416,Basic Materials,Specialty Chemicals,,,False,90.69,-9.8,5,False,1.1,96.24,96.24,96.24,1.0,strong_buy,17.6,77.03,-5.8,89.67,9.6,reportado,múltiplo propio,4.0,0.29,False,,3.8,3.11,,2.23,71.3,1.82,1.87,,,,9,,,,,-10.0,113.0,2027-01-27,False,True,False,7,NEUTRAL,3.24,33.7,0.07,23.9,,,,2026-10-06T06:18:48.630378,,,,,,
PG,The Procter & Gamble Company,53.7,,trimestral,⭐ AVERAGE,🟡 Average,USD,USD,False,True,True,1.0,,50.0,60.0,36.0,70.0,60.0,15.0,6.7,False,down,-15.8,False,0,1.5,True,1,"{'eps_growth_yoy': -15.8, 'op_growth_yoy': -9.3, 'crecimiento_respaldado': True, 'positive_quarters': 4, 'earnings_accelerating': False, 'eps_accel_quarters': 0, 'profit_margin_pct': 18.4, 'score_bruto_sin_capar': 50.0, 'satura': False}","{'revenue_growth_yoy': 1.5, 'revenue_accelerating': True, 'rev_accel_quarters': 1}","{'rs_3m': -5.1, 'rs_6m': -13.3, 'rs_line_percentile': 6.7, 'rs_line_at_new_high': False, 'rs_line_trend': 'down', 'rs_line_score': 15}","{'roe_pct': 30.3, 'debt_to_equity': 0.64, 'current_ratio': 0.68, 'operating_margin_pct': 22.1}","{'days_to_earnings': 'N/A', 'recommendation': 'buy', 'analyst_upside_pct': 10.1}",145.94,338970804224,Consumer Defensive,Household & Personal Products,1.0,2.6,False,167.25,-12.7,3,False,0.2,160.61,186.0,143.0,23.0,buy,10.1,162.93,11.6,156.36,7.1,reportado,múltiplo propio,4.0,0.16,False,,4.47,6.52,,2.98,64.3,4.35,2.49,True,-1.27,,9,,22.5,Operating Income,24.3,-10.8,16.0,2026-10-22,False,True,True,6,NEUTRAL,5.41,77.9,5.01,16.8,,,,2026-10-06T06:18:41.704147,,,,,,
HESAY,Hermès International Société en commandite par actions,53.2,,anual,⭐ AVERAGE,🟡 Average,USD,EUR,True,True,True,1.0,,55.0,50.0,15.0,95.0,70.0,15.0,0.0,False,down,-1.7,False,0,5.5,False,0,"{'eps_growth_yoy': -1.7, 'op_growth_yoy': 7.4, 'crecimiento_respaldado': True, 'positive_quarters': 4, 'earnings_accelerating': False, 'eps_accel_quarters': 0, 'profit_margin_pct': 28.0, 'score_bruto_sin_capar': 55.0, 'satura': False}","{'revenue_growth_yoy': 5.5, 'revenue_accelerating': False, 'rev_accel_quarters': 0}","{'rs_3m': -24.7, 'rs_6m': -42.7, 'rs_line_percentile': 0.0, 'rs_line_at_new_high': False, 'rs_line_trend': 'down', 'rs_line_score': 15}","{'roe_pct': 25.5, 'debt_to_equity': 0.12, 'current_ratio': 4.54, 'operating_margin_pct': 42.2}","{'days_to_earnings': 'N/A', 'recommendation': 'strong_buy', 'analyst_upside_pct': 49.2}",144.37,151215357952,Consumer Cyclical,Luxury Goods,,,False,265.89,-45.7,0,False,-15.8,215.33,230.0,201.0,3.0,strong_buy,49.2,111.05,-23.1,,,reportado,,,,,,3.49,5.04,,1.46,42.1,2.11,0.61,,,,9,,,,,-0.3,128.0,2027-02-11,False,True,False,8,STRONG,4.74,36.8,2.5,26.7,,,,2026-10-06T06:18:00.530397,múltiplo propio 52x fuera del rango 8-45,,,,,
VRSK,"Verisk Analytics, Inc.",53.0,,trimestral,⭐ AVERAGE,🟡 Average,USD,USD,False,True,True,1.0,,55.0,60.0,24.0,65.0,70.0,15.0,0.7,False,down,-9.8,False,0,4.4,True,1,"{'eps_growth_yoy': -9.8, 'op_growth_yoy': 2.7, 'crecimiento_respaldado': True, 'positive_quarters': 4, 'earnings_accelerating': False, 'eps_accel_quarters': 0, 'profit_margin_pct': 28.2, 'score_bruto_sin_capar': 55.0, 'satura': False}","{'revenue_growth_yoy': 4.4, 'revenue_accelerating': True, 'rev_accel_quarters': 1}","{'rs_3m': -17.9, 'rs_6m': -27.4, 'rs_line_percentile': 0.7, 'rs_line_at_new_high': False, 'rs_line_trend': 'down', 'rs_line_score': 15}","{'current_ratio': 1.0, 'operating_margin_pct': 45.1}","{'days_to_earnings': 'N/A', 'recommendation': 'buy', 'analyst_upside_pct': 43.8}",163.28,21251874816,Industrials,Consulting Services,4.1,4.2,False,248.22,-34.2,0,False,-10.8,234.76,260.0,195.0,17.0,buy,43.8,245.07,50.1,222.81,36.5,reportado,múltiplo propio,3.0,0.35,True,2023-12-31,5.92,9.67,,1.22,29.2,2.0,0.63,True,-6.76,,9,,7.0,Operating Income,6.9,-2.4,30.0,2026-11-05,False,True,False,7,NEUTRAL,5.31,113.2,7.24,36.8,3.1,0.08,-33.7,2026-10-06T06:16:49.026623,,,,,,
JKHY,"Jack Henry & Associates, Inc.",52.8,,trimestral,⭐ AVERAGE,🟡 Average,USD,USD,False,True,True,1.0,,50.0,50.0,24.0,90.0,70.0,15.0,19.0,False,down,-12.8,False,0,4.7,False,0,"{'eps_growth_yoy': -12.8, 'op_growth_yoy': -12.2, 'crecimiento_respaldado': True, 'positive_quarters': 4, 'earnings_accelerating': False, 'eps_accel_quarters': 0, 'profit_margin_pct': 19.8, 'score_bruto_sin_capar': 50.0, 'satura': False}","{'revenue_growth_yoy': 4.7, 'revenue_accelerating': False, 'rev_accel_quarters': 0}","{'rs_3m': -5.4, 'rs_6m': -25.7, 'rs_line_percentile': 19.0, 'rs_line_at_new_high': False, 'rs_line_trend': 'down', 'rs_line_score': 15}","{'roe_pct': 24.0, 'debt_to_equity': 0.04, 'current_ratio': 1.17, 'operating_margin_pct': 22.5}","{'days_to_earnings': 'N/A', 'recommendation': 'buy', 'analyst_upside_pct': 30.7}",145.12,10174653440,Technology,Information Technology Services,7.0,4.2,False,193.39,-25.0,2,False,-7.5,189.72,209.0,158.0,18.0,buy,30.7,202.53,39.6,206.3,42.2,reportado,múltiplo propio,4.0,0.41,False,,4.98,7.23,,1.68,34.1,2.44,1.23,True,-2.92,,9,,117.9,Operating Income,122.2,-10.4,28.0,2026-11-03,False,True,False,7,NEUTRAL,6.2,202.7,1.58,32.7,3.1,0.1,-29.6,2026-10-06T06:22:56.064886,,,,,,
MKC,"McCormick & Company, Incorporated",52.8,,trimestral,⭐ AVERAGE,🟡 Average,USD,USD,False,True,True,0.946,acciones × precio no cuadra (ratio 0.9460) pero la divisa sí: son clases múltiples. Se usan 269 M de acciones efectivas (capitalización ÷ precio) en vez de las 255 M declaradas,50.0,70.0,24.0,60.0,65.0,15.0,2.2,False,down,-14.2,False,0,16.7,True,1,"{'eps_growth_yoy': -14.2, 'op_growth_yoy': 30.1, 'crecimiento_respaldado': True, 'positive_quarters': 4, 'earnings_accelerating': False, 'eps_accel_quarters': 0, 'profit_margin_pct': 19.4, 'score_bruto_sin_capar': 50.0, 'satura': False}","{'revenue_growth_yoy': 16.7, 'revenue_accelerating': True, 'rev_accel_quarters': 1}","{'rs_3m': -15.9, 'rs_6m': -27.3, 'rs_line_percentile': 2.2, 'rs_line_at_new_high': False, 'rs_line_trend': 'down', 'rs_line_score': 15}","{'roe_pct': 22.6, 'debt_to_equity': 0.66, 'current_ratio': 0.66, 'operating_margin_pct': 17.8}","{'days_to_earnings': 'N/A', 'recommendation': 'buy', 'analyst_upside_pct': 20.4}",45.54,12253196288,Consumer Defensive,Packaged Foods,,5.9,False,72.41,-37.1,0,False,-11.7,54.85,65.0,47.0,13.0,buy,20.4,86.35,89.6,,,reportado,múltiplo propio,4.0,0.34,False,,7.5,3.42,,4.22,30.9,1.92,2.1,False,-0.11,,9,,5.8,Operating Income,5.5,-40.0,107.0,2027-01-21,False,True,False,6,NEUTRAL,6.23,65.6,2.78,27.0,,,,2026-10-06T06:22:48.394028,"objetivo 148 sobre un precio de 46 (+226%): el BPA no cuadra con el múltiplo histórico, no se publica",269064477.0,,,,
EFX,Equifax Inc.,52.3,,trimestral,⭐ AVERAGE,🟡 Average,USD,USD,False,True,True,1.0,,60.0,60.0,24.0,50.0,70.0,15.0,2.3,False,down,-3.9,True,1,10.6,False,0,"{'eps_growth_yoy': -3.9, 'op_growth_yoy': 1.1, 'crecimiento_respaldado': True, 'positive_quarters': 4, 'earnings_accelerating': True, 'eps_accel_quarters': 1, 'profit_margin_pct': 10.7, 'score_bruto_sin_capar': 60.0, 'satura': False}","{'revenue_growth_yoy': 10.6, 'revenue_accelerating': False, 'rev_accel_quarters': 0}","{'rs_3m': -18.6, 'rs_6m': -39.2, 'rs_line_percentile': 2.3, 'rs_line_at_new_high': False, 'rs_line_trend': 'down', 'rs_line_score': 15}","{'roe_pct': 14.3, 'debt_to_equity': 1.21, 'current_ratio': 0.6, 'operating_margin_pct': 17.3}","{'days_to_earnings': 'N/A', 'recommendation': 'buy', 'analyst_upside_pct': 44.7}",142.6,16753346560,Industrials,Consulting Services,7.6,6.4,False,244.37,-41.6,0,False,-17.3,206.33,245.0,148.0,21.0,buy,44.7,128.48,-9.9,,,reportado,,,,,,6.75,9.63,,1.57,37.3,2.24,0.73,True,-4.64,,9,,5.2,Operating Income,5.2,0.7,14.0,2026-10-20,False,True,True,8,STRONG,4.94,56.7,,34.3,1.6,0.05,-32.7,2026-10-06T06:24:49.124968,múltiplo propio 46x fuera del rango 8-45,,,,,
ABT,Abbott Laboratories,52.2,,trimestral,⭐ AVERAGE,🟡 Average,USD,USD,False,True,True,1.0,,50.0,50.0,38.7,70.0,65.0,15.0,19.9,False,down,-18.7,False,0,7.8,False,0,"{'eps_growth_yoy': -18.7, 'op_growth_yoy': -20.6, 'crecimiento_respaldado': True, 'positive_quarters': 4, 'earnings_accelerating': False, 'eps_accel_quarters': 0, 'profit_margin_pct': 11.6, 'score_bruto_sin_capar': 50.0, 'satura': False}","{'revenue_growth_yoy': 7.8, 'revenue_accelerating': False, 'rev_accel_quarters': 0}","{'rs_3m': 1.7, 'rs_6m': -18.5, 'rs_line_percentile': 19.9, 'rs_line_at_new_high': False, 'rs_line_trend': 'down', 'rs_line_score': 15}","{'roe_pct': 10.6, 'debt_to_equity': 0.63, 'current_ratio': 1.38, 'operating_margin_pct': 14.7}","{'days_to_earnings': 'N/A', 'recommendation': 'strong_buy', 'analyst_upside_pct': 20.6}",100.1,173211369472,Healthcare,Medical Devices,1.3,2.5,False,135.24,-26.0,1,False,-6.3,120.74,135.0,103.0,25.0,strong_buy,20.6,102.17,2.1,80.2,-19.9,reportado,múltiplo propio,3.0,0.73,True,2023-12-31,4.47,4.47,,2.52,78.7,2.52,1.84,False,-0.46,,9,,14.4,Operating Income,16.2,-47.5,15.0,2026-10-21,False,True,True,6,NEUTRAL,4.01,37.8,,20.9,,,,2026-10-06T06:21:22.478720,,,,,,
LRLCY,L'Oréal S.A.,51.7,,anual,⭐ AVERAGE,🟡 Average,USD,EUR,True,True,True,1.0,,50.0,50.0,36.0,70.0,65.0,15.0,0.0,False,down,-4.4,False,0,1.3,False,0,"{'eps_growth_yoy': -4.4, 'op_growth_yoy': 2.4, 'crecimiento_respaldado': True, 'positive_quarters': 4, 'earnings_accelerating': False, 'eps_accel_quarters': 0, 'profit_margin_pct': 13.9, 'score_bruto_sin_capar': 50.0, 'satura': False}","{'revenue_growth_yoy': 1.3, 'revenue_accelerating': False, 'rev_accel_quarters': 0}","{'rs_3m': -7.9, 'rs_6m': -13.7, 'rs_line_percentile': 0.0, 'rs_line_at_new_high': False, 'rs_line_trend': 'down', 'rs_line_score': 15}","{'roe_pct': 19.4, 'debt_to_equity': 0.49, 'current_ratio': 0.97, 'operating_margin_pct': 21.3}","{'days_to_earnings': 'N/A', 'recommendation': 'strong_buy', 'analyst_upside_pct': 22.7}",84.08,223925993472,Consumer Defensive,Household & Personal Products,,,False,95.48,-11.9,3,False,-4.6,103.17,107.0,100.0,3.0,strong_buy,22.7,69.7,-17.1,93.69,11.4,reportado,múltiplo propio,4.0,0.37,False,,3.83,3.22,,2.0,61.2,1.68,1.53,,,,9,,,,,5.4,126.0,2027-02-09,False,True,False,6,NEUTRAL,3.76,70.0,9.4,23.7,,,,2026-10-06T06:19:43.776089,,,,,,
AON,Aon plc,51.0,,trimestral,⭐ AVERAGE,🟡 Average,USD,USD,False,True,True,1.0,,55.0,50.0,15.0,80.0,70.0,15.0,0.5,False,down,-4.8,False,0,2.2,False,0,"{'eps_growth_yoy': -4.8, 'op_growth_yoy': 6.1, 'crecimiento_respaldado': True, 'positive_quarters': 4, 'earnings_accelerating': False, 'eps_accel_quarters': 0, 'profit_margin_pct': 22.3, 'score_bruto_sin_capar': 55.0, 'satura': False}","{'revenue_growth_yoy': 2.2, 'revenue_accelerating': False, 'rev_accel_quarters': 0}","{'rs_3m': -27.9, 'rs_6m': -33.4, 'rs_line_percentile': 0.5, 'rs_line_at_new_high': False, 'rs_line_trend': 'down', 'rs_line_score': 15}","{'roe_pct': 44.7, 'debt_to_equity': 1.63, 'current_ratio': 1.03, 'operating_margin_pct': 23.5}","{'days_to_earnings': 'N/A', 'recommendation': 'buy', 'analyst_upside_pct': 37.5}",272.05,57708724224,Financial Services,Insurance Brokers,1.8,2.5,False,382.34,-28.8,0,False,-16.9,373.95,435.0,264.0,19.0,buy,37.5,,,425.25,56.3,reportado,múltiplo propio,4.0,0.33,False,,5.66,15.4,,1.21,16.8,3.28,0.76,True,-1.56,,9,,6.6,Operating Income,7.7,-2.1,24.0,2026-10-30,False,True,False,8,STRONG,6.49,119.9,1.13,25.0,,,,2026-10-06T06:19:03.866327,,,"Insurance Brokers: el flujo operativo son depósitos, préstamos o primas, no caja libre para el accionista",,,
NVR,"NVR, Inc.",50.5,,trimestral,⭐ AVERAGE,🟡 Average,USD,USD,False,True,True,1.0,,60.0,40.0,24.0,85.0,50.0,15.0,3.1,False,down,-29.1,True,1,-10.5,True,1,"{'eps_growth_yoy': -29.1, 'op_growth_yoy': -27.0, 'crecimiento_respaldado': True, 'positive_quarters': 4, 'earnings_accelerating': True, 'eps_accel_quarters': 1, 'profit_margin_pct': 11.8, 'score_bruto_sin_capar': 60.0, 'satura': False}","{'revenue_growth_yoy': -10.5, 'revenue_accelerating': True, 'rev_accel_quarters': 1}","{'rs_3m': -11.3, 'rs_6m': -26.2, 'rs_line_percentile': 3.1, 'rs_line_at_new_high': False, 'rs_line_trend': 'down', 'rs_line_score': 15}","{'roe_pct': 31.5, 'debt_to_equity': 0.32, 'current_ratio': 5.67, 'operating_margin_pct': 13.9}","{'days_to_earnings': 'N/A', 'recommendation': 'hold', 'analyst_upside_pct': 7.9}",5970.21,15989135360,Consumer Cyclical,Residential Construction,7.5,3.8,False,8200.0,-27.2,0,False,-4.9,6441.17,7400.0,5058.0,6.0,hold,7.9,6956.13,16.5,6014.14,0.7,reportado,múltiplo propio,4.0,0.47,False,,6.52,389.26,,,,,,True,-8.42,,9,,49.8,Operating Income,52.9,-9.0,16.0,2026-10-22,False,True,True,5,NEUTRAL,10.62,38.9,,22.4,,,,2026-10-06T06:25:48.593967,,,,,,
VCISY,Vinci SA,49.8,,anual,⚠️ WEAK,🔴 Weak,USD,EUR,True,True,True,1.0,,65.0,50.0,24.0,50.0,55.0,15.0,0.0,False,down,0.8,False,0,4.0,False,0,"{'eps_growth_yoy': 0.8, 'op_growth_yoy': 5.0, 'crecimiento_respaldado': True, 'positive_quarters': 4, 'earnings_accelerating': False, 'eps_accel_quarters': 0, 'profit_margin_pct': 6.7, 'score_bruto_sin_capar': 65.0, 'satura': False}","{'revenue_growth_yoy': 4.0, 'revenue_accelerating': False, 'rev_accel_quarters': 0}","{'rs_3m': -16.1, 'rs_6m': -37.8, 'rs_line_percentile': 0.0, 'rs_line_at_new_high': False, 'rs_line_trend': 'down', 'rs_line_score': 15}","{'roe_pct': 16.3, 'debt_to_equity': 1.21, 'current_ratio': 0.82, 'operating_margin_pct': 11.2}","{'days_to_earnings': 'N/A', 'recommendation': 'none', 'analyst_upside_pct': 30.0}",29.87,65995759616,Industrials,Engineering & Construction,,,False,42.1,-29.0,0,False,-10.6,38.83,42.0,36.28,3.0,none,30.0,113.88,281.3,33.66,12.7,reportado,múltiplo propio,4.0,0.34,False,,14.76,4.41,,4.89,55.6,1.46,3.58,,,,9,,,,,5.4,122.0,2027-02-05,False,True,False,7,NEUTRAL,9.41,54.0,1.96,21.7,,,,2026-10-06T06:23:48.581618,,,,,,
ESLOY,EssilorLuxottica Société anonyme,49.2,,anual,⚠️ WEAK,🔴 Weak,USD,EUR,True,True,True,1.0,,45.0,70.0,15.0,55.0,70.0,15.0,0.4,False,down,-1.9,False,0,7.5,True,2,"{'eps_growth_yoy': -1.9, 'op_growth_yoy': -2.0, 'crecimiento_respaldado': True, 'positive_quarters': 4, 'earnings_accelerating': False, 'eps_accel_quarters': 0, 'profit_margin_pct': 8.5, 'score_bruto_sin_capar': 45.0, 'satura': False}","{'revenue_growth_yoy': 7.5, 'revenue_accelerating': True, 'rev_accel_quarters': 2}","{'rs_3m': -20.6, 'rs_6m': -43.3, 'rs_line_percentile': 0.4, 'rs_line_at_new_high': False, 'rs_line_trend': 'down', 'rs_line_score': 15}","{'roe_pct': 6.7, 'debt_to_equity': 0.38, 'current_ratio': 0.89, 'operating_margin_pct': 15.4}","{'days_to_earnings': 'N/A', 'recommendation': 'strong_buy', 'analyst_upside_pct': 74.4}",81.44,74717716480,Healthcare,Medical Instruments & Supplies,,,False,186.81,-56.4,0,False,-9.5,142.0,145.0,139.0,2.0,strong_buy,74.4,117.13,43.8,128.82,58.2,reportado,múltiplo propio,4.0,0.66,False,,5.89,4.8,,2.85,74.2,2.32,1.41,,,,9,,,,,6.2,,,False,False,False,4,NEUTRAL,3.8,33.3,17.55,26.2,,,,2026-10-06T06:22:30.032080,,,,,,
SXYAY,Sika AG,49.0,,anual,⚠️ WEAK,🔴 Weak,USD,CHF,True,True,True,1.0,"FCF declarado (1,230,994,141) se aparta del derivado de flujo operativo menos capex (1,642,076,361)",45.0,30.0,55.1,70.0,65.0,35.0,38.4,False,up,-16.2,False,0,-4.8,False,0,"{'eps_growth_yoy': -16.2, 'op_growth_yoy': -11.1, 'crecimiento_respaldado': True, 'positive_quarters': 4, 'earnings_accelerating': False, 'eps_accel_quarters': 0, 'profit_margin_pct': 9.4, 'score_bruto_sin_capar': 45.0, 'satura': False}","{'revenue_growth_yoy': -4.8, 'revenue_accelerating': False, 'rev_accel_quarters': 0}","{'rs_3m': 0.5, 'rs_6m': 12.2, 'rs_line_percentile': 38.4, 'rs_line_at_new_high': False, 'rs_line_trend': 'up', 'rs_line_score': 35}","{'roe_pct': 16.0, 'debt_to_equity': 0.89, 'current_ratio': 1.3, 'operating_margin_pct': 14.3}","{'days_to_earnings': 'N/A', 'recommendation': 'buy', 'analyst_upside_pct': 21.2}",21.17,33964988416,Basic Materials,Specialty Chemicals,,,False,24.21,-12.6,6,False,-7.3,25.65,26.3,25.0,2.0,buy,21.2,14.23,-32.8,25.77,21.7,reportado,múltiplo propio,4.0,0.58,False,,4.83,1.02,,2.18,57.2,0.46,1.3,,,,9,,,,,-0.3,,,False,False,False,7,NEUTRAL,3.87,45.8,,29.6,,,,2026-10-06T06:20:58.873171,,,,,,
WMT,Walmart Inc.,48.0,,trimestral,⚠️ WEAK,🔴 Weak,USD,USD,False,True,True,1.0,,45.0,60.0,24.0,55.0,65.0,15.0,3.4,False,down,-9.4,False,0,5.9,True,1,"{'eps_growth_yoy': -9.4, 'op_growth_yoy': 28.8, 'crecimiento_respaldado': True, 'positive_quarters': 4, 'earnings_accelerating': False, 'eps_accel_quarters': 0, 'profit_margin_pct': 3.0, 'score_bruto_sin_capar': 45.0, 'satura': False}","{'revenue_growth_yoy': 5.9, 'revenue_accelerating': True, 'rev_accel_quarters': 1}","{'rs_3m': -11.1, 'rs_6m': -32.0, 'rs_line_percentile': 3.4, 'rs_line_at_new_high': False, 'rs_line_trend': 'down', 'rs_line_score': 15}","{'roe_pct': 22.3, 'debt_to_equity': 0.72, 'current_ratio': 0.77, 'operating_margin_pct': 3.5}","{'days_to_earnings': 'N/A', 'recommendation': 'buy', 'analyst_upside_pct': 20.7}",105.07,836155342848,Consumer Defensive,Discount Stores,1.8,2.9,False,135.16,-22.3,1,False,-3.3,126.78,155.0,81.0,40.0,buy,20.7,,,99.95,-4.9,reportado,múltiplo propio,4.0,0.42,False,,1.95,2.05,,0.94,35.0,0.99,1.14,False,-0.47,,9,,13.7,Operating Income,13.4,-9.1,44.0,2026-11-19,False,True,False,7,NEUTRAL,3.3,19.0,1.35,20.8,,,,2026-10-06T06:19:19.287504,,,"el capex se lleva el 62% del flujo operativo: lo que queda no es lo que gana el dueño, es lo que sobra tras decidir invertir",,,
TEVA,Teva Pharmaceutical Industries Limited,47.7,,trimestral,⚠️ WEAK,🔴 Weak,USD,USD,False,True,True,1.0,,38.0,40.0,82.7,25.0,60.0,95.0,92.7,False,up,-304.3,False,0,-0.8,True,1,"{'eps_growth_yoy': -304.3, 'op_growth_yoy': -83.4, 'crecimiento_respaldado': True, 'positive_quarters': 3, 'earnings_accelerating': False, 'eps_accel_quarters': 0, 'profit_margin_pct': 4.1, 'score_bruto_sin_capar': 38.0, 'satura': False}","{'revenue_growth_yoy': -0.8, 'revenue_accelerating': True, 'rev_accel_quarters': 1}","{'rs_3m': 15.1, 'rs_6m': 17.1, 'rs_line_percentile': 92.7, 'rs_line_at_new_high': False, 'rs_line_trend': 'up', 'rs_line_score': 95}","{'roe_pct': 9.7, 'debt_to_equity': 2.18, 'current_ratio': 0.88, 'operating_margin_pct': 4.0}","{'days_to_earnings': 'N/A', 'recommendation': 'buy', 'analyst_upside_pct': 14.7}",39.66,46255165440,Healthcare,Drug Manufacturers - Specialty & Generic,2.7,57.4,False,40.79,-2.8,8,True,6.9,45.5,55.0,40.0,8.0,buy,14.7,28.64,-27.8,,,normalizado,,,,,,3.02,1.2,,,,,1.79,False,,,9,,3.6,Operating Income,1.8,,28.0,2026-11-03,False,True,False,8,STRONG,6.65,80.4,0.43,29.1,1.6,0.05,-27.5,2026-10-06T06:26:34.980528,sin histórico de múltiplo (beneficio negativo o pocos años),,,tasa fiscal efectiva 1.7% — el beneficio del periodo no es representativo,,
CL,Colgate-Palmolive Company,46.8,,trimestral,⚠️ WEAK,🔴 Weak,USD,USD,False,True,True,1.0,,38.0,50.0,36.0,65.0,60.0,15.0,6.6,False,down,-6.7,False,0,4.9,False,0,"{'eps_growth_yoy': -6.7, 'op_growth_yoy': -5.9, 'crecimiento_respaldado': True, 'positive_quarters': 3, 'earnings_accelerating': False, 'eps_accel_quarters': 0, 'profit_margin_pct': 9.7, 'score_bruto_sin_capar': 38.0, 'satura': False}","{'revenue_growth_yoy': 4.9, 'revenue_accelerating': False, 'rev_accel_quarters': 0}","{'rs_3m': -11.0, 'rs_6m': -13.2, 'rs_line_percentile': 6.6, 'rs_line_at_new_high': False, 'rs_line_trend': 'down', 'rs_line_score': 15}","{'roe_pct': 267.4, 'debt_to_equity': 13.88, 'current_ratio': 1.03, 'operating_margin_pct': 21.0}","{'days_to_earnings': 'N/A', 'recommendation': 'buy', 'analyst_upside_pct': 14.1}",86.19,68708327424,Consumer Defensive,Household & Personal Products,2.6,4.2,False,99.33,-13.2,4,False,-3.7,98.35,110.0,87.0,20.0,buy,14.1,128.68,49.3,71.74,-16.8,reportado,múltiplo propio,4.0,0.32,False,,5.66,4.88,,2.46,82.3,2.12,2.32,True,-1.41,,9,,15.9,Operating Income,12.5,-3.8,24.0,2026-10-30,False,True,False,5,NEUTRAL,5.61,90.8,2.88,16.1,,,,2026-10-06T06:21:59.850118,,,,,,
LEN,Lennar Corporation,46.8,,trimestral,⚠️ WEAK,🔴 Weak,USD,USD,False,True,True,0.8738,acciones × precio no cuadra (ratio 0.8738) pero la divisa sí: son clases múltiples. Se usan 241 M de acciones efectivas (capitalización ÷ precio) en vez de las 211 M declaradas,55.0,40.0,24.0,70.0,50.0,15.0,0.0,False,down,-36.2,True,1,-5.2,True,1,"{'eps_growth_yoy': -36.2, 'op_growth_yoy': -35.4, 'crecimiento_respaldado': True, 'positive_quarters': 4, 'earnings_accelerating': True, 'eps_accel_quarters': 1, 'profit_margin_pct': 4.1, 'score_bruto_sin_capar': 55.0, 'satura': False}","{'revenue_growth_yoy': -5.2, 'revenue_accelerating': True, 'rev_accel_quarters': 1}","{'rs_3m': -14.6, 'rs_6m': -30.2, 'rs_line_percentile': 0.0, 'rs_line_at_new_high': False, 'rs_line_trend': 'down', 'rs_line_score': 15}","{'roe_pct': 6.0, 'debt_to_equity': 0.28, 'current_ratio': 10.13, 'operating_margin_pct': 5.7}","{'days_to_earnings': 'N/A', 'recommendation': 'hold', 'analyst_upside_pct': 6.1}",74.44,17932234752,Consumer Cyclical,Residential Construction,10.1,6.1,True,133.76,-44.3,0,False,-10.9,79.0,120.0,63.0,14.0,hold,6.1,33.37,-55.2,50.83,-31.7,reportado,múltiplo propio,4.0,1.11,True,,4.18,3.11,,2.69,31.4,2.0,1.41,True,-6.98,,9,,,,,-9.6,70.0,2026-12-15,False,True,False,4,NEUTRAL,12.08,11.2,,44.7,0.8,0.02,-43.9,2026-10-06T06:26:16.303845,,240895147.0,,,,
LPX,Louisiana-Pacific Corporation,46.2,,trimestral,⚠️ WEAK,🔴 Weak,USD,USD,False,True,True,1.0,"FCF declarado (-21,000,000) se aparta del derivado de flujo operativo menos capex (-33,000,000)",38.0,50.0,24.0,70.0,70.0,15.0,0.3,False,down,-51.9,False,0,-12.1,True,2,"{'eps_growth_yoy': -51.9, 'op_growth_yoy': -64.4, 'crecimiento_respaldado': True, 'positive_quarters': 3, 'earnings_accelerating': False, 'eps_accel_quarters': 0, 'profit_margin_pct': 2.2, 'score_bruto_sin_capar': 38.0, 'satura': False}","{'revenue_growth_yoy': -12.1, 'revenue_accelerating': True, 'rev_accel_quarters': 2}","{'rs_3m': -13.3, 'rs_6m': -23.9, 'rs_line_percentile': 0.3, 'rs_line_at_new_high': False, 'rs_line_trend': 'down', 'rs_line_score': 15}","{'roe_pct': 3.1, 'debt_to_equity': 0.22, 'current_ratio': 3.22, 'operating_margin_pct': 5.3}","{'days_to_earnings': 'N/A', 'recommendation': 'buy', 'analyst_upside_pct': 41.0}",65.29,4565299200,Industrials,Building Products & Equipment,11.8,7.8,True,100.34,-34.9,0,False,-6.9,92.07,107.0,74.0,14.0,buy,41.0,,,,,reportado,,,,,,-0.72,-0.47,,1.84,150.6,1.2,1.26,False,0.0,,9,,7.4,Operating Income,6.1,-51.8,29.0,2026-11-04,False,True,False,5,NEUTRAL,5.49,11.5,,27.7,,,,2026-10-06T06:26:12.427626,los P/E históricos se separan 2.0x la mediana: el ancla la decidiría un año suelto,,"el capex se lleva el 113% del flujo operativo: lo que queda no es lo que gana el dueño, es lo que sobra tras decidir invertir",,,
KHC,The Kraft Heinz Company,46.0,,trimestral,⚠️ WEAK,🔴 Weak,USD,USD,False,True,True,1.0,,58.0,40.0,24.0,55.0,55.0,15.0,0.0,False,down,,False,0,-1.4,True,1,"{'positive_quarters': 3, 'earnings_accelerating': False, 'eps_accel_quarters': 0, 'profit_margin_pct': -13.6, 'score_bruto_sin_capar': 58.0, 'satura': False}","{'revenue_growth_yoy': -1.4, 'revenue_accelerating': True, 'rev_accel_quarters': 1}","{'rs_3m': -15.2, 'rs_6m': -20.7, 'rs_line_percentile': 0.0, 'rs_line_at_new_high': False, 'rs_line_trend': 'down', 'rs_line_score': 15}","{'roe_pct': -8.8, 'debt_to_equity': 0.53, 'current_ratio': 1.06, 'operating_margin_pct': 15.5}","{'days_to_earnings': 'N/A', 'recommendation': 'hold', 'analyst_upside_pct': 15.6}",21.84,25898391552,Consumer Defensive,Packaged Foods,11.0,4.2,True,28.09,-22.2,4,False,-11.5,25.25,41.0,19.0,18.0,hold,15.6,73.19,235.1,,,reportado,,,,,,14.75,3.22,,7.33,73.1,1.6,4.89,False,0.08,,9,,4.4,Operating Income,4.6,,22.0,2026-10-28,False,True,False,5,NEUTRAL,10.95,53.5,5.17,16.3,1.6,0.1,-14.7,2026-10-06T06:25:29.861123,,,,,,
KR,The Kroger Co.,45.7,,trimestral,⚠️ WEAK,🔴 Weak,USD,USD,False,True,True,1.0,,58.0,50.0,24.0,30.0,65.0,15.0,8.3,False,down,5.3,False,0,2.0,False,0,"{'eps_growth_yoy': 5.3, 'op_growth_yoy': 12.5, 'crecimiento_respaldado': True, 'positive_quarters': 3, 'earnings_accelerating': False, 'eps_accel_quarters': 0, 'profit_margin_pct': 0.7, 'score_bruto_sin_capar': 58.0, 'satura': False}","{'revenue_growth_yoy': 2.0, 'revenue_accelerating': False, 'rev_accel_quarters': 0}","{'rs_3m': -4.4, 'rs_6m': -36.3, 'rs_line_percentile': 8.3, 'rs_line_at_new_high': False, 'rs_line_trend': 'down', 'rs_line_score': 15}","{'roe_pct': 14.4, 'debt_to_equity': 4.13, 'current_ratio': 0.7, 'operating_margin_pct': 3.0}","{'days_to_earnings': 'N/A', 'recommendation': 'buy', 'analyst_upside_pct': 15.9}",58.78,34714800128,Consumer Defensive,Grocery Stores,5.0,4.4,False,76.58,-23.2,2,False,1.2,68.14,85.0,57.0,22.0,buy,15.9,,,,,reportado,,,,,,8.22,4.83,,2.65,77.8,1.56,2.0,True,-8.57,,9,,3.2,Operating Income,3.0,10.7,58.0,2026-12-03,False,True,False,7,NEUTRAL,3.3,6.1,,30.9,0.8,0.03,-30.1,2026-10-06T06:25:33.922746,los P/E históricos se separan 1.7x la mediana: el ancla la decidiría un año suelto,,"el capex se lleva el 57% del flujo operativo: lo que queda no es lo que gana el dueño, es lo que sobra tras decidir invertir",,,
TLC.AX,The Lottery Corporation Limited,42.8,,anual,⚠️ WEAK,🔴 Weak,AUD,AUD,False,True,True,1.0,"FCF declarado (1,410,349,952) se aparta del derivado de flujo operativo menos capex (317,900,000)",45.0,40.0,30.0,45.0,65.0,,,,,-22.1,False,0,-4.6,True,1,"{'eps_growth_yoy': -22.1, 'op_growth_yoy': -6.8, 'crecimiento_respaldado': True, 'positive_quarters': 4, 'earnings_accelerating': False, 'eps_accel_quarters': 0, 'profit_margin_pct': 7.9, 'score_bruto_sin_capar': 45.0, 'satura': False}","{'revenue_growth_yoy': -4.6, 'revenue_accelerating': True, 'rev_accel_quarters': 1}","{'rs_3m': -16.6, 'rs_6m': -31.7}","{'roe_pct': 97.2, 'debt_to_equity': 9.48, 'current_ratio': 0.36, 'operating_margin_pct': 16.5}","{'days_to_earnings': 'N/A', 'recommendation': 'buy', 'analyst_upside_pct': 19.8}",4.72,10505641984,Consumer Cyclical,Gambling,,,False,5.8,-18.6,2,False,-6.6,5.65,6.4,5.0,15.0,buy,19.8,3.45,-26.9,4.52,-4.2,reportado,múltiplo propio,4.0,0.55,False,,3.03,0.14,,3.56,128.9,0.17,,,,,7,,,,,-28.8,133.0,2027-02-17,False,True,False,3,NEUTRAL,4.6,317.5,10.97,16.6,,,,2026-10-06T06:23:37.225146,,,,,,
GPK,Graphic Packaging Holding Company,41.0,,trimestral,⚠️ WEAK,🔴 Weak,USD,USD,False,True,True,1.0,"FCF declarado (189,000,000) se aparta del derivado de flujo operativo menos capex (-129,000,000)",48.0,30.0,24.0,55.0,60.0,15.0,0.0,False,down,-76.9,True,1,-0.7,False,0,"{'eps_growth_yoy': -76.9, 'op_growth_yoy': -51.0, 'crecimiento_respaldado': True, 'positive_quarters': 3, 'earnings_accelerating': True, 'eps_accel_quarters': 1, 'profit_margin_pct': 2.2, 'score_bruto_sin_capar': 48.0, 'satura': False}","{'revenue_growth_yoy': -0.7, 'revenue_accelerating': False, 'rev_accel_quarters': 0}","{'rs_3m': -18.2, 'rs_6m': -25.7, 'rs_line_percentile': 0.0, 'rs_line_at_new_high': False, 'rs_line_trend': 'down', 'rs_line_score': 15}","{'roe_pct': 6.0, 'debt_to_equity': 1.76, 'current_ratio': 1.38, 'operating_margin_pct': 4.5}","{'days_to_earnings': 'N/A', 'recommendation': 'hold', 'analyst_upside_pct': 36.1}",8.61,2549176320,Consumer Cyclical,Packaging & Containers,9.0,4.5,True,19.38,-55.6,0,False,-18.0,11.72,18.0,9.0,11.0,hold,36.1,,,7.18,-16.6,reportado,múltiplo propio,4.0,0.21,False,,-5.06,-0.44,,5.11,66.7,0.44,1.71,True,-1.62,,9,,2.4,Operating Income,2.0,-30.6,28.0,2026-11-03,False,True,False,5,NEUTRAL,10.5,13.3,,37.2,12.5,0.34,-24.7,2026-10-06T06:26:45.895528,,,"el capex se lleva el 116% del flujo operativo: lo que queda no es lo que gana el dueño, es lo que sobra tras decidir invertir",,,
CHTR,"Charter Communications, Inc.",40.5,,trimestral,⚠️ WEAK,🔴 Weak,USD,USD,False,True,True,0.8807,acciones × precio no cuadra (ratio 0.8807) pero la divisa sí: son clases múltiples. Se usan 130 M de acciones efectivas (capitalización ÷ precio) en vez de las 114 M declaradas,55.0,30.0,15.0,50.0,60.0,15.0,0.0,False,down,-0.7,True,1,-1.7,False,0,"{'eps_growth_yoy': -0.7, 'op_growth_yoy': -7.3, 'crecimiento_respaldado': True, 'positive_quarters': 4, 'earnings_accelerating': True, 'eps_accel_quarters': 1, 'profit_margin_pct': 9.1, 'score_bruto_sin_capar': 55.0, 'satura': False}","{'revenue_growth_yoy': -1.7, 'revenue_accelerating': False, 'rev_accel_quarters': 0}","{'rs_3m': -23.5, 'rs_6m': -70.0, 'rs_line_percentile': 0.0, 'rs_line_at_new_high': False, 'rs_line_trend': 'down', 'rs_line_score': 15}","{'roe_pct': 27.2, 'debt_to_equity': 4.42, 'current_ratio': 0.36, 'operating_margin_pct': 23.5}","{'days_to_earnings': 'N/A', 'recommendation': 'hold', 'analyst_upside_pct': 62.5}",107.77,14005530624,Communication Services,Telecom Services,38.8,5.2,True,284.6,-62.1,0,False,-23.0,175.11,380.0,68.0,19.0,hold,62.5,,,,,reportado,múltiplo propio,4.0,0.69,False,,27.85,30.01,18.9,,,,,True,-14.42,,9,,2.6,Operating Income,2.5,6.4,24.0,2026-10-30,False,True,False,7,NEUTRAL,11.69,28.7,0.41,46.9,,,,2026-10-06T06:25:45.424530,"objetivo 400 sobre un precio de 108 (+271%): el BPA no cuadra con el múltiplo histórico, no se publica",129957601.0,"el capex se lleva el 71% del flujo operativo: lo que queda no es lo que gana el dueño, es lo que sobra tras decidir invertir",,,
KD,"Kyndryl Holdings, Inc.",33.0,,trimestral,⚠️ WEAK,🔴 Weak,USD,USD,False,True,True,1.0,,38.0,30.0,24.0,25.0,55.0,15.0,2.1,False,down,-198.2,False,0,-3.3,False,0,"{'eps_growth_yoy': -198.2, 'op_growth_yoy': -28.0, 'crecimiento_respaldado': True, 'positive_quarters': 3, 'earnings_accelerating': False, 'eps_accel_quarters': 0, 'profit_margin_pct': 0.6, 'score_bruto_sin_capar': 38.0, 'satura': False}","{'revenue_growth_yoy': -3.3, 'revenue_accelerating': False, 'rev_accel_quarters': 0}","{'rs_3m': -7.2, 'rs_6m': -28.8, 'rs_line_percentile': 2.1, 'rs_line_at_new_high': False, 'rs_line_trend': 'down', 'rs_line_score': 15}","{'roe_pct': 6.9, 'debt_to_equity': 4.22, 'current_ratio': 0.85, 'operating_margin_pct': 2.9}","{'days_to_earnings': 'N/A', 'recommendation': 'none', 'analyst_upside_pct': 22.3}",11.61,2528869888,Technology,Information Technology Services,14.4,8.8,True,30.99,-62.5,0,False,-9.8,14.2,16.0,13.0,5.0,none,22.3,,,,,normalizado,,,,,,6.09,0.71,,,,,,True,-7.74,,9,,5.7,Operating Income,3.4,,29.0,2026-11-04,False,True,False,6,NEUTRAL,11.65,18.8,0.16,50.3,3.1,0.06,-47.2,2026-10-06T06:27:04.379659,sin histórico de múltiplo (beneficio negativo o pocos años),,"el capex se lleva el 80% del flujo operativo: lo que queda no es lo que gana el dueño, es lo que sobra tras decidir invertir",tasa fiscal efectiva 65.2% — el beneficio del periodo no es representativo,,
