ticker,company_name,fundamental_score,tier,quality,price_currency,financial_currency,fx_applied,fx_reliable,per_share_reliable,shares_price_ratio,coherence_issues,earnings_quality_score,growth_acceleration_score,relative_strength_score,financial_health_score,catalyst_timing_score,rs_line_score,rs_line_percentile,rs_line_at_new_high,rs_line_trend,eps_growth_yoy,eps_accelerating,eps_accel_quarters,rev_growth_yoy,rev_accelerating,rev_accel_quarters,earnings_details,growth_details,rs_details,health_details,catalyst_details,current_price,market_cap,sector,industry,short_percent_float,short_ratio,short_squeeze_potential,fifty_two_week_high,proximity_to_52w_high,trend_template_score,trend_template_pass,target_price_analyst,target_price_analyst_high,target_price_analyst_low,analyst_count,analyst_recommendation,analyst_upside_pct,target_price_dcf,target_price_dcf_upside_pct,target_price_pe,target_price_pe_upside_pct,fcf_yield_pct,fcf_per_share,dividend_yield_pct,payout_ratio_pct,dividend_rate,five_yr_avg_dividend_yield_pct,buyback_active,shares_change_pct,interest_coverage,analyst_revision_momentum,days_to_earnings,earnings_date,earnings_warning,earnings_catalyst,piotroski_score,piotroski_label,ebit_ev_yield,roic_greenblatt,peg_ratio,hv_30d,atm_iv,iv_ratio,iv_premium_pts,analyzed_at
CVX,Chevron Corporation,85.8,🏆 ELITE,🟢 Elite,USD,USD,False,True,True,1.0,,100.0,100.0,60.3,85.0,60.0,60.0,57.4,False,up,384.8,True,2,51.4,True,2,"{'eps_growth_yoy': 384.8, 'positive_quarters': 4, 'earnings_accelerating': True, 'eps_accel_quarters': 2, 'profit_margin_pct': 9.8}","{'revenue_growth_yoy': 51.4, 'revenue_accelerating': True, 'rev_accel_quarters': 2}","{'rs_3m': 17.6, 'rs_6m': -4.6, 'rs_line_percentile': 57.4, 'rs_line_at_new_high': False, 'rs_line_trend': 'up', 'rs_line_score': 60}","{'roe_pct': 12.2, 'debt_to_equity': 0.19, 'current_ratio': 1.25, 'operating_margin_pct': 21.9}","{'days_to_earnings': 'N/A', 'recommendation': 'buy', 'analyst_upside_pct': 4.3}",212.17,416193380352,Energy,Oil & Gas Integrated,1.1,2.5,False,217.65,-2.5,7,True,221.21,243.0,175.0,24.0,buy,4.3,474.19,123.5,311.4,46.8,5.27,11.18,3.33,67.2,7.12,3.95,True,-2.68,22.5,321.9,45.0,2026-10-30,False,False,5,NEUTRAL,4.65,9.3,0.05,17.9,,,,2026-09-15T04:58:11.158196
MSFT,Microsoft Corporation,82.0,🏆 ELITE,🟢 Elite,USD,USD,False,True,True,1.0,"FCF declarado (16,545,500,160) se aparta del derivado de flujo operativo menos capex (66,986,994,944)",100.0,70.0,71.4,95.0,60.0,60.0,59.7,False,up,31.3,True,1,17.7,True,1,"{'eps_growth_yoy': 31.3, 'positive_quarters': 4, 'earnings_accelerating': True, 'eps_accel_quarters': 1, 'profit_margin_pct': 40.3}","{'revenue_growth_yoy': 17.7, 'revenue_accelerating': True, 'rev_accel_quarters': 1}","{'rs_3m': 25.6, 'rs_6m': 12.5, 'rs_line_percentile': 59.7, 'rs_line_at_new_high': False, 'rs_line_trend': 'up', 'rs_line_score': 60}","{'roe_pct': 34.0, 'debt_to_equity': 0.29, 'current_ratio': 1.23, 'operating_margin_pct': 45.1}","{'days_to_earnings': 'N/A', 'recommendation': 'strong_buy', 'analyst_upside_pct': 13.4}",505.41,3752944992256,Technology,Software - Infrastructure,1.0,2.5,False,553.72,-8.7,5,False,572.92,870.0,400.0,52.0,strong_buy,13.4,94.49,-81.3,538.2,6.5,0.44,2.23,0.73,19.8,3.64,0.79,True,-0.59,55.4,31.7,43.0,2026-10-28,False,False,6,NEUTRAL,4.44,44.9,0.68,22.2,,,,2026-09-15T04:53:25.060401
CBOE,"Cboe Global Markets, Inc.",81.3,🏆 ELITE,🟢 Elite,USD,USD,False,True,True,1.0,"FCF declarado (678,249,984) se aparta del derivado de flujo operativo menos capex (1,891,800,000)",100.0,90.0,44.0,100.0,50.0,35.0,34.0,False,up,50.2,False,0,22.9,True,2,"{'eps_growth_yoy': 50.2, 'positive_quarters': 4, 'earnings_accelerating': False, 'eps_accel_quarters': 0, 'profit_margin_pct': 26.7}","{'revenue_growth_yoy': 22.9, 'revenue_accelerating': True, 'rev_accel_quarters': 2}","{'rs_3m': -3.7, 'rs_6m': -16.4, 'rs_line_percentile': 34.0, 'rs_line_at_new_high': False, 'rs_line_trend': 'up', 'rs_line_score': 35}","{'roe_pct': 26.3, 'debt_to_equity': 0.28, 'current_ratio': 1.56, 'operating_margin_pct': 34.6}","{'days_to_earnings': 'N/A', 'recommendation': 'hold', 'analyst_upside_pct': 10.9}",284.5,29710624768,Financial Services,Financial Data & Stock Exchanges,3.0,2.9,False,371.18,-23.4,3,False,315.64,356.0,258.0,14.0,hold,10.9,275.43,-3.2,385.2,35.4,2.28,6.49,1.22,22.4,3.44,1.29,True,-0.25,36.6,20.1,45.0,2026-10-30,False,False,8,STRONG,5.59,70.3,0.37,35.6,0.2,0.01,-35.4,2026-09-15T04:57:42.424637
WST,"West Pharmaceutical Services, Inc.",80.6,🏆 ELITE,🟢 Elite,USD,USD,False,True,True,1.0,"FCF declarado (277,937,504) se aparta del derivado de flujo operativo menos capex (376,300,000)",100.0,60.0,76.7,95.0,60.0,80.0,84.6,False,flat,16.8,True,2,13.8,False,0,"{'eps_growth_yoy': 16.8, 'positive_quarters': 4, 'earnings_accelerating': True, 'eps_accel_quarters': 2, 'profit_margin_pct': 17.0}","{'revenue_growth_yoy': 13.8, 'revenue_accelerating': False, 'rev_accel_quarters': 0}","{'rs_3m': 6.2, 'rs_6m': 33.7, 'rs_line_percentile': 84.6, 'rs_line_at_new_high': False, 'rs_line_trend': 'flat', 'rs_line_score': 80}","{'roe_pct': 19.1, 'debt_to_equity': 0.11, 'current_ratio': 2.82, 'operating_margin_pct': 22.5}","{'days_to_earnings': 'N/A', 'recommendation': 'strong_buy', 'analyst_upside_pct': 14.1}",355.2,24997470208,Healthcare,Medical Instruments & Supplies,3.6,4.3,False,386.0,-8.0,8,True,405.38,459.0,340.0,16.0,strong_buy,14.1,107.46,-69.7,141.54,-60.2,1.11,3.95,0.25,11.1,0.88,0.25,True,-1.83,155.1,18.1,37.0,2026-10-22,False,False,7,NEUTRAL,2.42,19.0,1.97,19.4,1.6,0.08,-17.8,2026-09-15T04:55:08.957070
BRK-B,Berkshire Hathaway Inc.,80.3,🏆 ELITE,🟢 Elite,USD,USD,False,True,False,0.6577,"acciones × precio no cuadra con la capitalización (ratio 0.6577): el dato por acción y el precio no están en la misma unidad — típico de ADR. Los ratios por acción (EPS, FCF/acción, DCF) no son utilizables | FCF declarado (71,975,247,872) se aparta del derivado de flujo operativo menos capex (25,707",100.0,90.0,46.7,90.0,50.0,35.0,36.1,False,flat,457.6,True,1,41.5,True,1,"{'eps_growth_yoy': 457.6, 'positive_quarters': 4, 'earnings_accelerating': True, 'eps_accel_quarters': 1, 'profit_margin_pct': 22.3}","{'revenue_growth_yoy': 41.5, 'revenue_accelerating': True, 'rev_accel_quarters': 1}","{'rs_3m': 2.9, 'rs_6m': -9.7, 'rs_line_percentile': 36.1, 'rs_line_at_new_high': False, 'rs_line_trend': 'flat', 'rs_line_score': 35}","{'roe_pct': 12.1, 'debt_to_equity': 0.17, 'current_ratio': 2.89, 'operating_margin_pct': 32.6}","{'days_to_earnings': 'N/A', 'recommendation': 'none', 'analyst_upside_pct': 6.4}",514.95,1102358511616,Financial Services,Insurance - Diversified,1.0,2.3,False,537.74,-4.2,5,False,547.67,604.0,510.0,3.0,none,6.4,,,,,6.53,51.12,,,,,True,-0.4,18.5,53.9,53.0,2026-11-07,False,False,4,NEUTRAL,,,0.22,10.4,,,,2026-09-15T04:55:45.727168
OXY,Occidental Petroleum Corporation,80.1,🏆 ELITE,🟢 Elite,USD,USD,False,True,True,1.0,,100.0,80.0,60.3,80.0,60.0,60.0,51.3,False,up,808.8,True,2,53.4,False,0,"{'eps_growth_yoy': 808.8, 'positive_quarters': 3, 'earnings_accelerating': True, 'eps_accel_quarters': 2, 'profit_margin_pct': 30.3}","{'revenue_growth_yoy': 53.4, 'revenue_accelerating': False, 'rev_accel_quarters': 0}","{'rs_3m': 12.9, 'rs_6m': -5.4, 'rs_line_percentile': 51.3, 'rs_line_at_new_high': False, 'rs_line_trend': 'up', 'rs_line_score': 60}","{'roe_pct': 10.6, 'debt_to_equity': 0.35, 'current_ratio': 1.41, 'operating_margin_pct': 45.4}","{'days_to_earnings': 'N/A', 'recommendation': 'buy', 'analyst_upside_pct': 9.4}",61.78,61757595648,Energy,Oil & Gas E&P,0.0,0.0,False,67.45,-8.4,7,True,67.56,79.0,55.0,25.0,buy,9.4,160.71,160.1,101.7,64.6,6.13,3.79,1.82,29.5,1.12,1.14,True,-0.19,6.2,675.4,55.0,2026-11-09,False,False,4,NEUTRAL,5.09,6.4,0.02,19.2,0.8,0.04,-18.4,2026-09-15T04:58:00.250745
TECK,Teck Resources Limited,79.3,⭐⭐⭐ EXCELLENT,🟢 Excellent,USD,CAD,True,True,True,0.9845,,100.0,80.0,70.4,75.0,40.0,80.0,80.6,False,up,314.6,False,0,78.2,False,0,"{'eps_growth_yoy': 314.6, 'positive_quarters': 4, 'earnings_accelerating': False, 'eps_accel_quarters': 0, 'profit_margin_pct': 17.9}","{'revenue_growth_yoy': 78.2, 'revenue_accelerating': False, 'rev_accel_quarters': 0}","{'rs_3m': -0.9, 'rs_6m': 18.1, 'rs_line_percentile': 80.6, 'rs_line_at_new_high': False, 'rs_line_trend': 'up', 'rs_line_score': 80}","{'roe_pct': 8.7, 'debt_to_equity': 0.34, 'current_ratio': 3.12, 'operating_margin_pct': 44.1}","{'days_to_earnings': 'N/A', 'recommendation': 'hold', 'analyst_upside_pct': -18.7}",66.25,32502249472,Basic Materials,Copper,,2.5,False,72.56,-8.7,8,True,53.87,68.87,35.87,4.0,hold,-18.7,109.63,65.5,110.7,67.1,3.84,2.59,0.53,9.8,0.35,0.99,True,-0.44,6.5,129.8,37.0,2026-10-22,False,False,5,NEUTRAL,6.4,6.5,0.06,39.6,,,,2026-09-15T04:59:35.003550
NUE,Nucor Corporation,78.8,⭐⭐⭐ EXCELLENT,🟢 Excellent,USD,USD,False,True,True,1.0,"FCF declarado (683,374,976) se aparta del derivado de flujo operativo menos capex (1,002,000,000)",95.0,70.0,74.0,80.0,60.0,80.0,84.8,False,up,91.7,False,0,23.0,False,0,"{'eps_growth_yoy': 91.7, 'positive_quarters': 4, 'earnings_accelerating': False, 'eps_accel_quarters': 0, 'profit_margin_pct': 8.0}","{'revenue_growth_yoy': 23.0, 'revenue_accelerating': False, 'rev_accel_quarters': 0}","{'rs_3m': -2.6, 'rs_6m': 43.1, 'rs_line_percentile': 84.8, 'rs_line_at_new_high': False, 'rs_line_trend': 'up', 'rs_line_score': 80}","{'roe_pct': 14.5, 'debt_to_equity': 0.31, 'current_ratio': 2.51, 'operating_margin_pct': 15.7}","{'days_to_earnings': 'N/A', 'recommendation': 'buy', 'analyst_upside_pct': 11.4}",254.63,57769357312,Basic Materials,Steel,2.4,2.8,False,280.11,-9.1,8,True,283.75,308.0,231.0,16.0,buy,11.4,127.74,-49.8,375.9,47.6,1.18,3.01,0.86,17.8,2.24,1.41,True,-1.17,29.3,93.8,41.0,2026-10-26,False,False,6,NEUTRAL,4.32,11.9,0.14,35.4,,,,2026-09-15T04:58:46.440109
VEEV,Veeva Systems Inc.,77.2,⭐⭐⭐ EXCELLENT,🟢 Excellent,USD,USD,False,True,True,1.0,,95.0,60.0,75.0,85.0,60.0,60.0,56.2,False,up,36.5,False,0,17.6,False,0,"{'eps_growth_yoy': 36.5, 'positive_quarters': 4, 'earnings_accelerating': False, 'eps_accel_quarters': 0, 'profit_margin_pct': 29.3}","{'revenue_growth_yoy': 17.6, 'revenue_accelerating': False, 'rev_accel_quarters': 0}","{'rs_3m': 62.8, 'rs_6m': 29.1, 'rs_line_percentile': 56.2, 'rs_line_at_new_high': False, 'rs_line_trend': 'up', 'rs_line_score': 60}","{'roe_pct': 14.4, 'debt_to_equity': 0.02, 'current_ratio': 5.46, 'operating_margin_pct': 29.6}","{'days_to_earnings': 'N/A', 'recommendation': 'buy', 'analyst_upside_pct': 11.9}",265.67,43014324224,Healthcare,Health Information Services,3.3,2.3,False,310.5,-14.4,5,False,297.3,350.0,180.0,27.0,buy,11.9,329.43,24.0,182.7,-31.2,2.92,7.77,,,,,True,-1.1,,27.6,71.0,2026-11-25,False,False,7,NEUTRAL,2.55,14.1,0.66,62.9,1.6,0.02,-61.3,2026-09-15T04:54:32.261072
THC,Tenet Healthcare Corporation,76.2,⭐⭐⭐ EXCELLENT,🟢 Excellent,USD,USD,False,True,True,1.0,"FCF declarado (2,247,875,072) se aparta del derivado de flujo operativo menos capex (3,005,000,064)",100.0,60.0,74.6,75.0,50.0,80.0,87.6,False,up,186.8,False,0,14.6,False,0,"{'eps_growth_yoy': 186.8, 'positive_quarters': 4, 'earnings_accelerating': False, 'eps_accel_quarters': 0, 'profit_margin_pct': 10.3}","{'revenue_growth_yoy': 14.6, 'revenue_accelerating': False, 'rev_accel_quarters': 0}","{'rs_3m': 46.6, 'rs_6m': 6.3, 'rs_line_percentile': 87.6, 'rs_line_at_new_high': False, 'rs_line_trend': 'up', 'rs_line_score': 80}","{'roe_pct': 37.3, 'debt_to_equity': 1.52, 'current_ratio': 1.41, 'operating_margin_pct': 18.2}","{'days_to_earnings': 'N/A', 'recommendation': 'none', 'analyst_upside_pct': 7.8}",264.51,21298081792,Healthcare,Medical Care Facilities,2.8,2.4,False,283.05,-6.6,8,True,285.1,315.0,260.0,21.0,none,7.8,1183.92,347.6,776.1,193.4,10.55,27.92,,,,2.75,True,-7.75,5.7,106.7,42.0,2026-10-27,False,False,6,NEUTRAL,9.94,33.4,0.06,29.0,,,,2026-09-15T04:59:27.676541
CDNS,"Cadence Design Systems, Inc.",75.9,⭐⭐⭐ EXCELLENT,🟢 Excellent,USD,USD,False,True,True,1.0,,100.0,80.0,27.0,90.0,70.0,15.0,0.0,False,down,129.3,True,1,24.2,True,1,"{'eps_growth_yoy': 129.3, 'positive_quarters': 4, 'earnings_accelerating': True, 'eps_accel_quarters': 1, 'profit_margin_pct': 23.6}","{'revenue_growth_yoy': 24.2, 'revenue_accelerating': True, 'rev_accel_quarters': 1}","{'rs_3m': -30.3, 'rs_6m': -19.0, 'rs_line_percentile': 0.0, 'rs_line_at_new_high': False, 'rs_line_trend': 'down', 'rs_line_score': 15}","{'roe_pct': 23.2, 'debt_to_equity': 0.39, 'current_ratio': 1.74, 'operating_margin_pct': 28.6}","{'days_to_earnings': 'N/A', 'recommendation': 'strong_buy', 'analyst_upside_pct': 44.1}",279.06,76969213952,Technology,Software - Application,2.1,2.9,False,416.69,-33.0,2,False,402.12,470.0,300.0,28.0,strong_buy,44.1,247.5,-11.3,151.2,-45.8,2.09,5.84,,,,,True,-1.32,15.6,125.4,41.0,2026-10-26,False,False,7,NEUTRAL,2.1,44.0,0.23,43.1,3.1,0.07,-40.0,2026-09-15T04:56:07.202962
CTAS,Cintas Corporation,75.8,⭐⭐⭐ EXCELLENT,🟢 Excellent,USD,USD,False,True,True,1.0,,100.0,60.0,60.3,85.0,60.0,60.0,50.0,False,up,14.0,True,2,8.9,True,1,"{'eps_growth_yoy': 14.0, 'positive_quarters': 4, 'earnings_accelerating': True, 'eps_accel_quarters': 2, 'profit_margin_pct': 17.8}","{'revenue_growth_yoy': 8.9, 'revenue_accelerating': True, 'rev_accel_quarters': 1}","{'rs_3m': 14.2, 'rs_6m': -9.6, 'rs_line_percentile': 50.0, 'rs_line_at_new_high': False, 'rs_line_trend': 'up', 'rs_line_score': 60}","{'roe_pct': 40.7, 'debt_to_equity': 0.53, 'current_ratio': 1.43, 'operating_margin_pct': 23.7}","{'days_to_earnings': 'N/A', 'recommendation': 'buy', 'analyst_upside_pct': 7.7}",200.82,80362053632,Industrials,Specialty Business Services,3.9,6.4,False,219.17,-8.4,5,False,216.31,250.0,175.0,16.0,buy,7.7,90.31,-55.0,76.75,-61.8,1.82,3.66,1.03,36.7,2.08,0.88,True,-1.18,24.6,10.9,8.0,2026-09-23,False,True,8,STRONG,3.15,82.2,2.1,15.6,,,,2026-09-15T04:52:18.924576
RACE,Ferrari N.V.,75.6,⭐⭐⭐ EXCELLENT,🟢 Excellent,USD,EUR,True,True,True,1.0,"FCF declarado (1,156,355,198) se aparta del derivado de flujo operativo menos capex (1,834,857,807)",95.0,70.0,50.3,90.0,60.0,35.0,32.4,False,up,9.0,True,2,8.4,True,2,"{'eps_growth_yoy': 9.0, 'positive_quarters': 4, 'earnings_accelerating': True, 'eps_accel_quarters': 2, 'profit_margin_pct': 22.2}","{'revenue_growth_yoy': 8.4, 'revenue_accelerating': True, 'rev_accel_quarters': 2}","{'rs_3m': 9.8, 'rs_6m': 9.4, 'rs_line_percentile': 32.4, 'rs_line_at_new_high': False, 'rs_line_trend': 'up', 'rs_line_score': 35}","{'roe_pct': 45.4, 'debt_to_equity': 0.86, 'current_ratio': 2.43, 'operating_margin_pct': 31.1}","{'days_to_earnings': 'N/A', 'recommendation': 'strong_buy', 'analyst_upside_pct': 13.6}",409.08,71855898624,Consumer Cyclical,Auto Manufacturers,2.9,7.8,False,504.49,-18.9,7,True,464.75,530.87,414.13,14.0,strong_buy,13.6,130.31,-68.1,109.08,-73.3,1.61,6.58,1.02,39.0,4.23,0.69,True,-1.11,63.9,10.1,49.0,2026-11-03,False,False,9,STRONG,2.86,46.9,3.18,25.7,0.4,0.02,-25.3,2026-09-15T04:55:34.843849
KO,The Coca-Cola Company,74.7,⭐⭐⭐ EXCELLENT,🟢 Excellent,USD,USD,False,True,True,1.0,"FCF declarado (5,218,749,952) se aparta del derivado de flujo operativo menos capex (14,229,999,616)",85.0,70.0,68.3,80.0,60.0,80.0,81.3,False,up,16.1,False,0,6.7,True,2,"{'eps_growth_yoy': 16.1, 'positive_quarters': 4, 'earnings_accelerating': False, 'eps_accel_quarters': 0, 'profit_margin_pct': 28.6}","{'revenue_growth_yoy': 6.7, 'revenue_accelerating': True, 'rev_accel_quarters': 2}","{'rs_3m': 9.4, 'rs_6m': 1.2, 'rs_line_percentile': 81.3, 'rs_line_at_new_high': False, 'rs_line_trend': 'up', 'rs_line_score': 80}","{'roe_pct': 42.1, 'debt_to_equity': 1.16, 'current_ratio': 1.3, 'operating_margin_pct': 34.9}","{'days_to_earnings': 'N/A', 'recommendation': 'buy', 'analyst_upside_pct': 6.0}",89.35,384432734208,Consumer Defensive,Beverages - Non-Alcoholic,0.9,2.7,False,92.49,-3.4,8,True,94.7,104.0,75.0,23.0,buy,6.0,31.5,-64.7,56.28,-37.0,1.36,1.21,2.4,62.5,2.12,2.86,True,-0.24,12.0,16.9,35.0,2026-10-20,False,False,7,NEUTRAL,4.26,91.1,1.5,15.9,,,,2026-09-15T04:53:28.953245
AME,"AMETEK, Inc.",74.6,⭐⭐⭐ EXCELLENT,🟢 Excellent,USD,USD,False,True,True,1.0,,95.0,70.0,46.7,85.0,65.0,35.0,45.6,False,down,13.5,True,1,15.0,True,1,"{'eps_growth_yoy': 13.5, 'positive_quarters': 4, 'earnings_accelerating': True, 'eps_accel_quarters': 1, 'profit_margin_pct': 20.0}","{'revenue_growth_yoy': 15.0, 'revenue_accelerating': True, 'rev_accel_quarters': 1}","{'rs_3m': 0.3, 'rs_6m': -5.2, 'rs_line_percentile': 45.6, 'rs_line_at_new_high': False, 'rs_line_trend': 'down', 'rs_line_score': 35}","{'roe_pct': 14.6, 'debt_to_equity': 0.21, 'current_ratio': 1.21, 'operating_margin_pct': 26.2}","{'days_to_earnings': 'N/A', 'recommendation': 'buy', 'analyst_upside_pct': 19.1}",233.65,53553283072,Industrials,Specialty Industrial Machinery,1.3,1.9,False,261.16,-10.5,6,False,278.33,316.0,217.0,18.0,buy,19.1,152.01,-34.9,97.13,-58.4,2.79,6.51,0.56,19.0,1.36,0.62,True,-0.83,20.8,14.2,44.0,2026-10-29,False,False,6,NEUTRAL,3.39,144.0,1.72,25.6,,,,2026-09-15T04:57:02.242124
SAP,SAP SE,74.3,⭐⭐⭐ EXCELLENT,🟢 Excellent,USD,EUR,True,True,True,1.0,,95.0,60.0,56.6,90.0,60.0,35.0,41.1,False,up,28.5,False,0,9.4,True,1,"{'eps_growth_yoy': 28.5, 'positive_quarters': 4, 'earnings_accelerating': False, 'eps_accel_quarters': 0, 'profit_margin_pct': 20.4}","{'revenue_growth_yoy': 9.4, 'revenue_accelerating': True, 'rev_accel_quarters': 1}","{'rs_3m': 31.8, 'rs_6m': 1.6, 'rs_line_percentile': 41.1, 'rs_line_at_new_high': False, 'rs_line_trend': 'up', 'rs_line_score': 35}","{'roe_pct': 18.3, 'debt_to_equity': 0.22, 'current_ratio': 1.15, 'operating_margin_pct': 27.6}","{'days_to_earnings': 'N/A', 'recommendation': 'buy', 'analyst_upside_pct': 13.3}",218.28,251939717120,Technology,Software - Application,0.4,2.0,False,281.37,-22.4,4,False,247.25,319.0,177.0,12.0,buy,13.3,385.47,76.6,233.4,6.9,4.16,9.09,1.42,37.5,2.93,1.48,True,-1.15,20.7,30.6,36.0,2026-10-21,False,False,8,STRONG,0.3,146.7,0.74,36.3,0.8,0.02,-35.5,2026-09-15T04:55:38.449941
COF,Capital One Financial Corporation,74.1,⭐⭐⭐ EXCELLENT,🟢 Excellent,USD,USD,False,True,True,1.0,,95.0,80.0,50.3,60.0,65.0,35.0,26.9,False,flat,,True,2,26.9,True,1,"{'positive_quarters': 4, 'earnings_accelerating': True, 'eps_accel_quarters': 2, 'profit_margin_pct': 21.9}","{'revenue_growth_yoy': 26.9, 'revenue_accelerating': True, 'rev_accel_quarters': 1}","{'rs_3m': 5.5, 'rs_6m': 0.9, 'rs_line_percentile': 26.9, 'rs_line_at_new_high': False, 'rs_line_trend': 'flat', 'rs_line_score': 35}","{'roe_pct': 9.0, 'operating_margin_pct': 33.6}","{'days_to_earnings': 'N/A', 'recommendation': 'buy', 'analyst_upside_pct': 25.0}",206.68,126798184448,Financial Services,Credit Services,2.0,3.6,False,259.64,-20.4,4,False,258.27,300.0,214.0,22.0,buy,25.0,1806.93,774.3,544.2,163.3,20.62,42.61,1.54,16.5,3.2,1.69,True,-7.17,,,35.0,2026-10-20,False,False,5,NEUTRAL,,,0.47,25.5,,,,2026-09-15T04:58:07.400913
DSGX,The Descartes Systems Group Inc.,73.7,⭐⭐⭐ EXCELLENT,🟢 Excellent,USD,USD,False,True,True,1.0,,95.0,70.0,38.7,90.0,65.0,15.0,23.8,False,up,31.6,False,0,11.8,True,1,"{'eps_growth_yoy': 31.6, 'positive_quarters': 4, 'earnings_accelerating': False, 'eps_accel_quarters': 0, 'profit_margin_pct': 24.3}","{'revenue_growth_yoy': 11.8, 'revenue_accelerating': True, 'rev_accel_quarters': 1}","{'rs_3m': 9.3, 'rs_6m': -3.4, 'rs_line_percentile': 23.8, 'rs_line_at_new_high': False, 'rs_line_trend': 'up', 'rs_line_score': 15}","{'roe_pct': 11.9, 'debt_to_equity': 0.0, 'current_ratio': 2.02, 'operating_margin_pct': 33.2}","{'days_to_earnings': 'N/A', 'recommendation': 'buy', 'analyst_upside_pct': 26.5}",80.02,6845594624,Technology,Software - Application,,7.5,False,105.24,-24.0,4,False,101.23,126.0,82.0,13.0,buy,26.5,149.64,87.0,64.5,-19.4,4.41,3.53,,,,,True,-0.66,264.0,32.6,78.0,2026-12-02,False,False,6,NEUTRAL,3.38,77.7,0.75,45.7,,,,2026-09-15T04:55:19.991485
TMO,Thermo Fisher Scientific Inc.,73.0,⭐⭐⭐ EXCELLENT,🟢 Excellent,USD,USD,False,True,True,1.0,,80.0,70.0,71.4,75.0,60.0,60.0,63.0,False,up,7.4,True,1,10.5,True,1,"{'eps_growth_yoy': 7.4, 'positive_quarters': 4, 'earnings_accelerating': True, 'eps_accel_quarters': 1, 'profit_margin_pct': 15.0}","{'revenue_growth_yoy': 10.5, 'revenue_accelerating': True, 'rev_accel_quarters': 1}","{'rs_3m': 28.5, 'rs_6m': 16.4, 'rs_line_percentile': 63.0, 'rs_line_at_new_high': False, 'rs_line_trend': 'up', 'rs_line_score': 60}","{'roe_pct': 13.5, 'debt_to_equity': 0.81, 'current_ratio': 1.55, 'operating_margin_pct': 18.8}","{'days_to_earnings': 'N/A', 'recommendation': 'buy', 'analyst_upside_pct': 5.1}",613.62,226884337664,Healthcare,Diagnostics & Research,1.5,3.4,False,647.0,-5.2,6,False,645.15,750.0,520.0,27.0,buy,5.1,324.49,-47.1,186.0,-69.7,2.75,16.87,0.31,9.7,1.88,0.26,True,-2.2,6.2,9.4,36.0,2026-10-21,False,False,5,NEUTRAL,3.29,36.2,2.37,23.8,1.6,0.07,-22.2,2026-09-15T04:54:06.427532
NDSN,Nordson Corporation,72.8,⭐⭐⭐ EXCELLENT,🟢 Excellent,USD,USD,False,True,True,1.0,,90.0,60.0,60.3,85.0,60.0,60.0,68.5,False,up,21.5,True,1,10.3,False,0,"{'eps_growth_yoy': 21.5, 'positive_quarters': 4, 'earnings_accelerating': True, 'eps_accel_quarters': 1, 'profit_margin_pct': 18.6}","{'revenue_growth_yoy': 10.3, 'revenue_accelerating': False, 'rev_accel_quarters': 0}","{'rs_3m': 5.1, 'rs_6m': 1.4, 'rs_line_percentile': 68.5, 'rs_line_at_new_high': False, 'rs_line_trend': 'up', 'rs_line_score': 60}","{'roe_pct': 17.8, 'debt_to_equity': 0.56, 'current_ratio': 1.82, 'operating_margin_pct': 27.4}","{'days_to_earnings': 'N/A', 'recommendation': 'buy', 'analyst_upside_pct': 13.4}",308.31,17178400768,Industrials,Specialty Industrial Machinery,3.3,3.9,False,339.12,-9.1,7,True,349.71,375.0,282.0,7.0,buy,13.4,361.33,17.2,227.01,-26.4,3.57,11.02,1.2,33.2,3.76,1.08,True,-1.44,8.4,16.1,85.0,2026-12-09,False,False,7,NEUTRAL,3.72,65.0,1.04,34.9,0.4,0.01,-34.5,2026-09-15T04:57:09.163570
TT,Trane Technologies plc,72.7,⭐⭐⭐ EXCELLENT,🟢 Excellent,USD,USD,False,True,True,1.0,,90.0,80.0,36.0,80.0,65.0,15.0,10.5,False,down,7.3,True,2,10.6,True,2,"{'eps_growth_yoy': 7.3, 'positive_quarters': 4, 'earnings_accelerating': True, 'eps_accel_quarters': 2, 'profit_margin_pct': 13.3}","{'revenue_growth_yoy': 10.6, 'revenue_accelerating': True, 'rev_accel_quarters': 2}","{'rs_3m': -10.7, 'rs_6m': -12.8, 'rs_line_percentile': 10.5, 'rs_line_at_new_high': False, 'rs_line_trend': 'down', 'rs_line_score': 15}","{'roe_pct': 36.6, 'debt_to_equity': 0.53, 'current_ratio': 1.07, 'operating_margin_pct': 19.3}","{'days_to_earnings': 'N/A', 'recommendation': 'buy', 'analyst_upside_pct': 23.7}",426.01,93732077568,Industrials,Building Products & Equipment,1.4,3.0,False,505.87,-15.8,4,False,526.99,575.0,422.0,21.0,buy,23.7,248.18,-41.7,134.1,-68.5,3.33,14.19,0.95,29.7,4.2,1.19,True,-1.45,18.0,5.0,44.0,2026-10-29,False,False,9,STRONG,4.02,102.0,3.42,21.0,0.8,0.04,-20.2,2026-09-15T04:56:36.470988
HHH,Howard Hughes Holdings Inc.,72.5,⭐⭐⭐ EXCELLENT,🟢 Excellent,USD,USD,False,True,True,1.0,"FCF declarado (-1,133,985,280) se aparta del derivado de flujo operativo menos capex (783,653,000)",90.0,90.0,36.0,65.0,60.0,15.0,0.0,False,down,,True,2,330.2,True,1,"{'positive_quarters': 4, 'earnings_accelerating': True, 'eps_accel_quarters': 2, 'profit_margin_pct': 12.3}","{'revenue_growth_yoy': 330.2, 'revenue_accelerating': True, 'rev_accel_quarters': 1}","{'rs_3m': -10.2, 'rs_6m': -18.2, 'rs_line_percentile': 0.0, 'rs_line_at_new_high': False, 'rs_line_trend': 'down', 'rs_line_score': 15}","{'roe_pct': 7.5, 'debt_to_equity': 1.35, 'current_ratio': 3.48, 'operating_margin_pct': 28.4}","{'days_to_earnings': 'N/A', 'recommendation': 'none', 'analyst_upside_pct': 47.1}",60.94,3639399936,Real Estate,Real Estate - Development,11.3,8.1,True,91.07,-33.1,0,False,89.67,100.0,79.0,3.0,none,47.1,,,151.8,149.1,-31.16,-18.99,,,,,False,,3.2,,55.0,2026-11-09,False,False,6,NEUTRAL,5.13,14.6,,21.4,,,,2026-09-15T04:59:16.446788
EQIX,"Equinix, Inc.",72.3,⭐⭐⭐ EXCELLENT,🟢 Excellent,USD,USD,False,True,True,1.0,"FCF declarado (3,776,000,000) se aparta del derivado de flujo operativo menos capex (-368,999,872)",90.0,70.0,54.0,70.0,65.0,60.0,50.8,False,flat,30.2,False,0,16.4,True,1,"{'eps_growth_yoy': 30.2, 'positive_quarters': 4, 'earnings_accelerating': False, 'eps_accel_quarters': 0, 'profit_margin_pct': 15.5}","{'revenue_growth_yoy': 16.4, 'revenue_accelerating': True, 'rev_accel_quarters': 1}","{'rs_3m': -6.8, 'rs_6m': -11.9, 'rs_line_percentile': 50.8, 'rs_line_at_new_high': False, 'rs_line_trend': 'flat', 'rs_line_score': 60}","{'roe_pct': 10.7, 'debt_to_equity': 1.62, 'current_ratio': 1.13, 'operating_margin_pct': 27.0}","{'days_to_earnings': 'N/A', 'recommendation': 'buy', 'analyst_upside_pct': 23.5}",998.72,98545385472,Real Estate,REIT - Specialty,1.9,2.8,False,1128.68,-11.5,5,False,1233.23,1400.0,1060.0,30.0,buy,23.5,1554.22,55.6,448.42,-55.1,3.83,38.27,1.99,126.8,20.64,1.86,False,,4.0,28.8,43.0,2026-10-28,False,False,6,NEUTRAL,1.68,7.8,1.86,25.3,,,,2026-09-15T04:56:54.400837
MA,Mastercard Incorporated,72.3,⭐⭐⭐ EXCELLENT,🟢 Excellent,USD,USD,False,True,True,0.9925,,95.0,70.0,50.3,65.0,65.0,35.0,45.0,False,up,18.6,True,1,14.1,True,1,"{'eps_growth_yoy': 18.6, 'positive_quarters': 4, 'earnings_accelerating': True, 'eps_accel_quarters': 1, 'profit_margin_pct': 46.3}","{'revenue_growth_yoy': 14.1, 'revenue_accelerating': True, 'rev_accel_quarters': 1}","{'rs_3m': 16.2, 'rs_6m': -1.0, 'rs_line_percentile': 45.0, 'rs_line_at_new_high': False, 'rs_line_trend': 'up', 'rs_line_score': 35}","{'roe_pct': 241.2, 'debt_to_equity': 4.4, 'current_ratio': 1.06, 'operating_margin_pct': 61.1}","{'days_to_earnings': 'N/A', 'recommendation': 'strong_buy', 'analyst_upside_pct': 16.1}",574.42,503197597696,Financial Services,Credit Services,0.9,2.6,False,601.62,-4.5,5,False,666.71,740.0,550.0,37.0,strong_buy,16.1,618.54,7.7,401.34,-30.1,3.37,19.51,0.61,17.9,3.48,0.55,True,-3.14,28.0,22.1,44.0,2026-10-29,False,False,9,STRONG,3.74,622.8,1.13,19.4,0.2,0.01,-19.2,2026-09-15T04:52:55.323915
HEI,HEICO Corporation,72.2,⭐⭐⭐ EXCELLENT,🟢 Excellent,USD,USD,False,True,False,0.3953,"acciones × precio no cuadra con la capitalización (ratio 0.3953): el dato por acción y el precio no están en la misma unidad — típico de ADR. Los ratios por acción (EPS, FCF/acción, DCF) no son utilizables",90.0,70.0,36.0,90.0,70.0,15.0,20.8,False,down,32.8,False,0,23.1,False,0,"{'eps_growth_yoy': 32.8, 'positive_quarters': 4, 'earnings_accelerating': False, 'eps_accel_quarters': 0, 'profit_margin_pct': 16.4}","{'revenue_growth_yoy': 23.1, 'revenue_accelerating': False, 'rev_accel_quarters': 0}","{'rs_3m': -10.7, 'rs_6m': -10.1, 'rs_line_percentile': 20.8, 'rs_line_at_new_high': False, 'rs_line_trend': 'down', 'rs_line_score': 15}","{'roe_pct': 17.7, 'debt_to_equity': 0.45, 'current_ratio': 2.72, 'operating_margin_pct': 25.1}","{'days_to_earnings': 'N/A', 'recommendation': 'buy', 'analyst_upside_pct': 30.6}",303.75,42451312640,Industrials,Aerospace & Defense,1.4,1.4,False,376.86,-19.4,3,False,396.55,491.0,294.0,20.0,buy,30.6,,,,,1.99,15.3,0.08,4.2,0.25,0.1,False,,9.4,32.5,93.0,2026-12-17,False,False,8,STRONG,2.25,52.3,1.3,23.0,3.1,0.14,-19.9,2026-09-15T04:55:56.927714
NDAQ,"Nasdaq, Inc.",72.0,⭐⭐⭐ EXCELLENT,🟢 Excellent,USD,USD,False,True,True,1.0,,85.0,80.0,44.0,75.0,65.0,35.0,40.5,False,up,12.2,False,0,20.5,True,1,"{'eps_growth_yoy': 12.2, 'positive_quarters': 4, 'earnings_accelerating': False, 'eps_accel_quarters': 0, 'profit_margin_pct': 35.0}","{'revenue_growth_yoy': 20.5, 'revenue_accelerating': True, 'rev_accel_quarters': 1}","{'rs_3m': -0.1, 'rs_6m': -6.9, 'rs_line_percentile': 40.5, 'rs_line_at_new_high': False, 'rs_line_trend': 'up', 'rs_line_score': 35}","{'roe_pct': 16.5, 'debt_to_equity': 0.78, 'current_ratio': 1.01, 'operating_margin_pct': 49.3}","{'days_to_earnings': 'N/A', 'recommendation': 'buy', 'analyst_upside_pct': 19.8}",91.57,51185553408,Financial Services,Financial Data & Stock Exchanges,1.6,2.2,False,101.79,-10.0,4,False,109.67,135.0,84.0,15.0,buy,19.8,70.38,-23.1,48.36,-47.2,3.3,3.03,1.27,32.7,1.16,1.29,True,-2.55,8.3,14.1,37.0,2026-10-22,False,False,9,STRONG,4.17,205.3,1.39,19.6,0.8,0.04,-18.8,2026-09-15T04:56:29.086526
IDXX,"IDEXX Laboratories, Inc.",72.0,⭐⭐⭐ EXCELLENT,🟢 Excellent,USD,USD,False,True,True,1.0,"FCF declarado (909,368,384) se aparta del derivado de flujo operativo menos capex (1,233,284,016)",100.0,70.0,24.0,85.0,70.0,15.0,1.9,False,down,15.1,True,2,9.7,True,2,"{'eps_growth_yoy': 15.1, 'positive_quarters': 4, 'earnings_accelerating': True, 'eps_accel_quarters': 2, 'profit_margin_pct': 25.0}","{'revenue_growth_yoy': 9.7, 'revenue_accelerating': True, 'rev_accel_quarters': 2}","{'rs_3m': -11.7, 'rs_6m': -27.4, 'rs_line_percentile': 1.9, 'rs_line_at_new_high': False, 'rs_line_trend': 'down', 'rs_line_score': 15}","{'roe_pct': 74.2, 'debt_to_equity': 0.68, 'current_ratio': 1.17, 'operating_margin_pct': 35.0}","{'days_to_earnings': 'N/A', 'recommendation': 'buy', 'analyst_upside_pct': 37.2}",509.56,40195620864,Healthcare,Diagnostics & Research,3.0,3.4,False,769.98,-33.8,0,False,698.92,805.0,470.0,13.0,buy,37.2,307.65,-39.6,250.45,-50.8,2.26,11.53,,,,,True,-2.93,38.7,12.3,48.0,2026-11-02,False,False,8,STRONG,3.32,120.0,1.73,25.7,,,,2026-09-15T04:53:51.641018
V,Visa Inc.,71.8,⭐⭐⭐ EXCELLENT,🟢 Excellent,USD,USD,False,True,False,0.9127,"acciones × precio no cuadra con la capitalización (ratio 0.9127): el dato por acción y el precio no están en la misma unidad — típico de ADR. Los ratios por acción (EPS, FCF/acción, DCF) no son utilizables",75.0,80.0,63.9,70.0,60.0,60.0,70.1,False,up,6.8,False,0,14.4,True,2,"{'eps_growth_yoy': 6.8, 'positive_quarters': 4, 'earnings_accelerating': False, 'eps_accel_quarters': 0, 'profit_margin_pct': 50.8}","{'revenue_growth_yoy': 14.4, 'revenue_accelerating': True, 'rev_accel_quarters': 2}","{'rs_3m': 15.0, 'rs_6m': 7.2, 'rs_line_percentile': 70.1, 'rs_line_at_new_high': False, 'rs_line_trend': 'up', 'rs_line_score': 60}","{'roe_pct': 61.2, 'debt_to_equity': 0.68, 'current_ratio': 0.98, 'operating_margin_pct': 66.1}","{'days_to_earnings': 'N/A', 'recommendation': 'strong_buy', 'analyst_upside_pct': 11.7}",375.28,700665495552,Financial Services,Credit Services,1.2,3.0,False,385.57,-2.7,6,False,419.36,466.0,330.0,37.0,strong_buy,11.7,,,,,2.91,11.97,0.72,22.1,2.68,0.71,True,-3.05,35.7,10.2,42.0,2026-10-27,False,False,6,NEUTRAL,3.79,381.9,2.45,19.4,,,,2026-09-15T04:52:14.973878
DHR,Danaher Corporation,71.6,⭐⭐⭐ EXCELLENT,🟢 Excellent,USD,USD,False,True,True,1.0,,100.0,60.0,50.3,70.0,60.0,35.0,35.7,False,up,56.8,False,0,5.5,True,1,"{'eps_growth_yoy': 56.8, 'positive_quarters': 4, 'earnings_accelerating': False, 'eps_accel_quarters': 0, 'profit_margin_pct': 15.9}","{'revenue_growth_yoy': 5.5, 'revenue_accelerating': True, 'rev_accel_quarters': 1}","{'rs_3m': 11.4, 'rs_6m': -7.7, 'rs_line_percentile': 35.7, 'rs_line_at_new_high': False, 'rs_line_trend': 'up', 'rs_line_score': 35}","{'roe_pct': 7.6, 'debt_to_equity': 0.53, 'current_ratio': 1.65, 'operating_margin_pct': 19.8}","{'days_to_earnings': 'N/A', 'recommendation': 'strong_buy', 'analyst_upside_pct': 12.7}",203.25,142881914880,Healthcare,Diagnostics & Research,1.5,2.8,False,242.8,-16.3,4,False,229.09,310.0,195.0,23.0,strong_buy,12.7,260.92,28.4,168.0,-17.3,3.03,6.15,0.8,25.7,1.6,0.44,True,-2.03,17.3,59.7,35.0,2026-10-20,False,False,5,NEUTRAL,2.7,39.2,0.37,30.1,0.8,0.03,-29.3,2026-09-15T04:55:49.447167
UBER,"Uber Technologies, Inc.",71.5,⭐⭐⭐ EXCELLENT,🟢 Excellent,USD,USD,False,True,True,1.0,"FCF declarado (7,244,749,824) se aparta del derivado de flujo operativo menos capex (10,088,000,512)",100.0,70.0,36.0,65.0,70.0,15.0,11.0,False,flat,76.7,True,2,12.2,True,1,"{'eps_growth_yoy': 76.7, 'positive_quarters': 4, 'earnings_accelerating': True, 'eps_accel_quarters': 2, 'profit_margin_pct': 17.3}","{'revenue_growth_yoy': 12.2, 'revenue_accelerating': True, 'rev_accel_quarters': 1}","{'rs_3m': -1.4, 'rs_6m': -17.1, 'rs_line_percentile': 11.0, 'rs_line_at_new_high': False, 'rs_line_trend': 'flat', 'rs_line_score': 15}","{'roe_pct': 37.2, 'debt_to_equity': 0.52, 'current_ratio': 0.84, 'operating_margin_pct': 13.3}","{'days_to_earnings': 'N/A', 'recommendation': 'buy', 'analyst_upside_pct': 39.4}",72.63,148351139840,Technology,Software - Application,2.3,2.4,False,101.99,-28.8,0,False,101.21,150.0,70.0,47.0,buy,39.4,150.42,107.1,136.8,88.4,4.88,3.55,,,,,True,-4.65,15.5,85.5,49.0,2026-11-03,False,False,6,NEUTRAL,3.98,133.2,0.19,33.0,0.8,0.02,-32.2,2026-09-15T04:59:12.833966
ALLY,Ally Financial Inc.,70.9,⭐⭐⭐ EXCELLENT,🟢 Excellent,USD,USD,False,True,True,1.0,"FCF declarado (-546,000,000) se aparta del derivado de flujo operativo menos capex (291,000,128)",100.0,70.0,39.6,60.0,65.0,15.0,13.3,False,down,16.5,True,2,11.4,True,1,"{'eps_growth_yoy': 16.5, 'positive_quarters': 4, 'earnings_accelerating': True, 'eps_accel_quarters': 2, 'profit_margin_pct': 18.4}","{'revenue_growth_yoy': 11.4, 'revenue_accelerating': True, 'rev_accel_quarters': 1}","{'rs_3m': -8.1, 'rs_6m': 3.9, 'rs_line_percentile': 13.3, 'rs_line_at_new_high': False, 'rs_line_trend': 'down', 'rs_line_score': 15}","{'roe_pct': 9.7, 'operating_margin_pct': 25.3}","{'days_to_earnings': 'N/A', 'recommendation': 'buy', 'analyst_upside_pct': 28.2}",41.94,12758133760,Financial Services,Credit Services,4.6,5.0,False,47.29,-11.3,3,False,53.77,58.0,45.0,18.0,buy,28.2,,,57.38,36.8,-4.28,-1.79,2.85,28.2,1.2,3.2,True,-13.08,,13.5,31.0,2026-10-16,False,False,5,NEUTRAL,,,0.48,22.5,0.2,0.01,-22.3,2026-09-15T04:58:28.895048
UNH,UnitedHealth Group Incorporated,70.7,⭐⭐⭐ EXCELLENT,🟢 Excellent,USD,USD,False,True,True,1.0,,95.0,60.0,66.0,50.0,65.0,60.0,59.2,False,down,61.0,False,0,0.4,True,1,"{'eps_growth_yoy': 61.0, 'positive_quarters': 4, 'earnings_accelerating': False, 'eps_accel_quarters': 0, 'profit_margin_pct': 3.1}","{'revenue_growth_yoy': 0.4, 'revenue_accelerating': True, 'rev_accel_quarters': 1}","{'rs_3m': -7.2, 'rs_6m': 21.6, 'rs_line_percentile': 59.2, 'rs_line_at_new_high': False, 'rs_line_trend': 'down', 'rs_line_score': 60}","{'roe_pct': 14.2, 'debt_to_equity': 0.69, 'current_ratio': 0.78, 'operating_margin_pct': 7.1}","{'days_to_earnings': 'N/A', 'recommendation': 'buy', 'analyst_upside_pct': 23.9}",383.55,344272470016,Healthcare,Healthcare Plans,1.9,3.7,False,461.62,-16.9,6,False,475.23,529.0,313.0,26.0,buy,23.9,1146.78,199.0,466.2,21.5,7.05,27.04,2.45,57.5,9.28,1.65,True,-0.48,5.5,61.5,42.0,2026-10-27,False,False,6,NEUTRAL,4.75,173.8,0.28,21.5,0.4,0.02,-21.1,2026-09-15T04:58:25.295677
MCO,Moody's Corporation,70.6,⭐⭐⭐ EXCELLENT,🟢 Excellent,USD,USD,False,True,True,1.0,,100.0,60.0,46.7,65.0,65.0,35.0,25.3,False,down,51.9,True,2,15.1,False,0,"{'eps_growth_yoy': 51.9, 'positive_quarters': 4, 'earnings_accelerating': True, 'eps_accel_quarters': 2, 'profit_margin_pct': 34.3}","{'revenue_growth_yoy': 15.1, 'revenue_accelerating': False, 'rev_accel_quarters': 0}","{'rs_3m': 4.4, 'rs_6m': -3.4, 'rs_line_percentile': 25.3, 'rs_line_at_new_high': False, 'rs_line_trend': 'down', 'rs_line_score': 35}","{'roe_pct': 76.9, 'debt_to_equity': 2.41, 'current_ratio': 1.19, 'operating_margin_pct': 49.5}","{'days_to_earnings': 'N/A', 'recommendation': 'buy', 'analyst_upside_pct': 17.6}",477.93,82768388096,Financial Services,Financial Data & Stock Exchanges,1.7,3.6,False,546.88,-12.6,4,False,561.9,610.0,505.0,21.0,buy,17.6,631.57,32.1,473.1,-1.0,3.12,14.89,0.87,25.0,4.12,0.81,False,,14.5,56.7,36.0,2026-10-21,False,False,8,STRONG,3.83,106.3,0.45,25.8,,,,2026-09-15T04:53:36.383834
BAC,Bank of America Corporation,70.3,⭐⭐⭐ EXCELLENT,🟢 Excellent,USD,USD,False,True,True,1.0,,95.0,50.0,65.1,65.0,65.0,60.0,67.0,False,flat,16.6,True,1,7.2,False,0,"{'eps_growth_yoy': 16.6, 'positive_quarters': 4, 'earnings_accelerating': True, 'eps_accel_quarters': 1, 'profit_margin_pct': 29.5}","{'revenue_growth_yoy': 7.2, 'revenue_accelerating': False, 'rev_accel_quarters': 0}","{'rs_3m': 5.9, 'rs_6m': 13.3, 'rs_line_percentile': 67.0, 'rs_line_at_new_high': False, 'rs_line_trend': 'flat', 'rs_line_score': 60}","{'roe_pct': 11.2, 'operating_margin_pct': 38.3}","{'days_to_earnings': 'N/A', 'recommendation': 'buy', 'analyst_upside_pct': 16.0}",59.47,415858753536,Financial Services,Banks - Diversified,0.0,0.0,False,65.23,-8.8,5,False,69.0,79.0,62.0,21.0,buy,16.0,76.49,28.6,129.9,118.4,3.03,1.8,2.04,25.9,1.28,2.35,True,-6.05,,34.1,29.0,2026-10-14,False,False,5,NEUTRAL,,,0.33,23.2,,,,2026-09-15T04:58:03.783051
SHW,The Sherwin-Williams Company,70.1,⭐⭐⭐ EXCELLENT,🟢 Excellent,USD,USD,False,True,True,1.0,,100.0,70.0,46.7,45.0,65.0,35.0,25.4,False,down,11.8,True,2,7.5,True,2,"{'eps_growth_yoy': 11.8, 'positive_quarters': 4, 'earnings_accelerating': True, 'eps_accel_quarters': 2, 'profit_margin_pct': 11.0}","{'revenue_growth_yoy': 7.5, 'revenue_accelerating': True, 'rev_accel_quarters': 2}","{'rs_3m': 0.5, 'rs_6m': -13.3, 'rs_line_percentile': 25.4, 'rs_line_at_new_high': False, 'rs_line_trend': 'down', 'rs_line_score': 35}","{'roe_pct': 65.1, 'debt_to_equity': 3.9, 'current_ratio': 0.73, 'operating_margin_pct': 18.1}","{'days_to_earnings': 'N/A', 'recommendation': 'buy', 'analyst_upside_pct': 20.5}",324.5,78775017472,Basic Materials,Specialty Chemicals,2.9,4.2,False,377.77,-14.1,3,False,391.0,420.0,340.0,22.0,buy,20.5,242.0,-25.4,154.87,-52.3,3.18,10.32,0.99,29.3,3.2,0.87,True,-3.33,7.8,10.0,42.0,2026-10-27,False,False,6,NEUTRAL,4.09,62.0,1.67,22.0,,,,2026-09-15T04:54:21.390444
QSR,Restaurant Brands International Inc.,70.1,⭐⭐⭐ EXCELLENT,🟢 Excellent,USD,USD,False,True,False,0.7613,"acciones × precio no cuadra con la capitalización (ratio 0.7613): el dato por acción y el precio no están en la misma unidad — típico de ADR. Los ratios por acción (EPS, FCF/acción, DCF) no son utilizables",100.0,60.0,46.7,65.0,60.0,35.0,46.4,False,up,166.8,True,2,4.6,True,1,"{'eps_growth_yoy': 166.8, 'positive_quarters': 4, 'earnings_accelerating': True, 'eps_accel_quarters': 2, 'profit_margin_pct': 13.1}","{'revenue_growth_yoy': 4.6, 'revenue_accelerating': True, 'rev_accel_quarters': 1}","{'rs_3m': 4.2, 'rs_6m': -6.6, 'rs_line_percentile': 46.4, 'rs_line_at_new_high': False, 'rs_line_trend': 'up', 'rs_line_score': 35}","{'roe_pct': 34.8, 'debt_to_equity': 2.9, 'current_ratio': 1.01, 'operating_margin_pct': 27.7}","{'days_to_earnings': 'N/A', 'recommendation': 'buy', 'analyst_upside_pct': 8.9}",78.89,36140376064,Consumer Cyclical,Restaurants,6.3,7.9,False,81.96,-3.7,6,False,85.92,104.0,79.0,24.0,buy,8.9,,,,,4.74,4.91,3.38,63.8,2.6,3.41,True,-0.47,5.2,151.2,44.0,2026-10-29,False,False,6,NEUTRAL,5.06,51.7,0.12,24.2,1.6,0.06,-22.6,2026-09-15T04:59:09.332796
CNI,Canadian National Railway Company,70.1,⭐⭐⭐ EXCELLENT,🟢 Excellent,USD,CAD,True,True,True,1.0,"FCF declarado (2,175,397,604) se aparta del derivado de flujo operativo menos capex (1,384,983,348)",85.0,70.0,60.3,60.0,60.0,60.0,61.2,False,flat,6.6,True,1,11.3,True,1,"{'eps_growth_yoy': 6.6, 'positive_quarters': 4, 'earnings_accelerating': True, 'eps_accel_quarters': 1, 'profit_margin_pct': 26.9}","{'revenue_growth_yoy': 11.3, 'revenue_accelerating': True, 'rev_accel_quarters': 1}","{'rs_3m': 3.4, 'rs_6m': 1.9, 'rs_line_percentile': 61.2, 'rs_line_at_new_high': False, 'rs_line_trend': 'flat', 'rs_line_score': 60}","{'roe_pct': 22.0, 'debt_to_equity': 1.04, 'current_ratio': 0.87, 'operating_margin_pct': 40.3}","{'days_to_earnings': 'N/A', 'recommendation': 'buy', 'analyst_upside_pct': 14.2}",122.09,73852231680,Industrials,Railroads,,5.7,False,131.55,-7.2,6,False,139.46,152.85,112.91,13.0,buy,14.2,71.48,-41.5,57.63,-52.8,2.95,3.6,2.17,46.3,2.66,2.04,True,-4.07,7.8,7.1,45.0,2026-10-30,False,False,7,NEUTRAL,7.46,14.5,1.84,17.5,,,,2026-09-15T04:54:54.583730
PAYX,"Paychex, Inc.",70.0,⭐⭐ GOOD,🟡 Good,USD,USD,False,True,True,1.0,"FCF declarado (2,321,800,000) se aparta del derivado de flujo operativo menos capex (944,300,000)",95.0,60.0,58.7,65.0,50.0,35.0,49.4,False,up,41.5,False,0,12.5,False,0,"{'eps_growth_yoy': 41.5, 'positive_quarters': 4, 'earnings_accelerating': False, 'eps_accel_quarters': 0, 'profit_margin_pct': 26.6}","{'revenue_growth_yoy': 12.5, 'revenue_accelerating': False, 'rev_accel_quarters': 0}","{'rs_3m': 17.6, 'rs_6m': 15.9, 'rs_line_percentile': 49.4, 'rs_line_at_new_high': False, 'rs_line_trend': 'up', 'rs_line_score': 35}","{'debt_to_equity': 1.24, 'current_ratio': 1.15, 'operating_margin_pct': 38.3}","{'days_to_earnings': 'N/A', 'recommendation': 'hold', 'analyst_upside_pct': 0.6}",118.51,42187247616,Technology,Software - Application,6.4,8.9,False,134.14,-11.7,6,False,119.27,150.0,95.0,15.0,hold,0.6,276.6,133.4,146.7,23.8,5.5,6.52,4.11,90.6,4.76,2.83,True,-1.45,9.6,17.4,8.0,2026-09-23,False,True,7,NEUTRAL,5.65,106.4,0.43,28.0,1.6,0.06,-26.4,2026-09-15T04:53:43.682985
JNJ,Johnson & Johnson,69.9,⭐⭐ GOOD,🟡 Good,USD,USD,False,True,True,1.0,,75.0,60.0,68.3,85.0,60.0,80.0,75.1,False,flat,-0.1,True,2,6.6,True,1,"{'eps_growth_yoy': -0.1, 'positive_quarters': 4, 'earnings_accelerating': True, 'eps_accel_quarters': 2, 'profit_margin_pct': 21.5}","{'revenue_growth_yoy': 6.6, 'revenue_accelerating': True, 'rev_accel_quarters': 1}","{'rs_3m': 12.5, 'rs_6m': -3.6, 'rs_line_percentile': 75.1, 'rs_line_at_new_high': False, 'rs_line_trend': 'flat', 'rs_line_score': 80}","{'roe_pct': 25.7, 'debt_to_equity': 0.58, 'current_ratio': 1.09, 'operating_margin_pct': 29.2}","{'days_to_earnings': 'N/A', 'recommendation': 'buy', 'analyst_upside_pct': 4.4}",266.32,641804206080,Healthcare,Drug Manufacturers - General,1.0,3.3,False,281.07,-5.2,8,True,277.91,320.0,190.0,22.0,buy,4.4,103.1,-61.3,86.3,-67.6,2.63,7.01,2.02,60.8,5.36,2.75,True,-1.26,25.9,-0.9,28.0,2026-10-13,False,False,4,NEUTRAL,5.01,136.0,,22.4,,,,2026-09-15T04:57:38.893610
CSU.TO,Constellation Software Inc.,69.7,⭐⭐ GOOD,🟡 Good,CAD,USD,True,True,True,1.0,,95.0,70.0,42.3,55.0,70.0,15.0,18.2,False,up,389.3,False,0,17.3,True,1,"{'eps_growth_yoy': 389.3, 'positive_quarters': 4, 'earnings_accelerating': False, 'eps_accel_quarters': 0, 'profit_margin_pct': 7.6}","{'revenue_growth_yoy': 17.3, 'revenue_accelerating': True, 'rev_accel_quarters': 1}","{'rs_3m': 0.9, 'rs_6m': 1.3, 'rs_line_percentile': 18.2, 'rs_line_at_new_high': False, 'rs_line_trend': 'up', 'rs_line_score': 15}","{'roe_pct': 23.3, 'debt_to_equity': 1.2, 'current_ratio': 0.9, 'operating_margin_pct': 15.1}","{'days_to_earnings': 'N/A', 'recommendation': 'strong_buy', 'analyst_upside_pct': 33.7}",2959.87,62724177920,Technology,Software - Application,,4.9,False,4500.0,-34.2,4,False,3958.36,5495.61,3297.6,12.0,strong_buy,33.7,7781.47,162.9,1875.0,-36.7,6.2,183.49,0.2,8.8,5.57,0.18,False,,6.2,389.3,52.0,2026-11-06,False,False,6,NEUTRAL,1.8,191.5,0.04,37.4,,,,2026-09-15T04:53:17.378468
SYK,Stryker Corporation,68.8,⭐⭐ GOOD,🟡 Good,USD,USD,False,True,True,1.0,,100.0,60.0,24.0,80.0,70.0,15.0,6.3,False,down,44.3,True,1,9.4,True,1,"{'eps_growth_yoy': 44.3, 'positive_quarters': 4, 'earnings_accelerating': True, 'eps_accel_quarters': 1, 'profit_margin_pct': 14.4}","{'revenue_growth_yoy': 9.4, 'revenue_accelerating': True, 'rev_accel_quarters': 1}","{'rs_3m': -9.3, 'rs_6m': -33.3, 'rs_line_percentile': 6.3, 'rs_line_at_new_high': False, 'rs_line_trend': 'down', 'rs_line_score': 15}","{'roe_pct': 16.5, 'debt_to_equity': 0.64, 'current_ratio': 2.16, 'operating_margin_pct': 27.0}","{'days_to_earnings': 'N/A', 'recommendation': 'buy', 'analyst_upside_pct': 33.5}",281.87,108117737472,Healthcare,Medical Devices,2.1,3.3,False,392.55,-28.2,0,False,376.28,465.0,315.0,25.0,buy,33.5,454.14,61.1,289.2,2.6,3.8,10.71,1.28,36.1,3.52,0.99,False,,20.0,44.1,44.0,2026-10-29,False,False,5,NEUTRAL,4.26,47.3,0.38,40.3,,,,2026-09-15T04:53:59.279807
BRO,"Brown & Brown, Inc.",68.7,⭐⭐ GOOD,🟡 Good,USD,USD,False,True,True,1.0,,80.0,80.0,42.3,75.0,50.0,15.0,22.7,False,flat,24.7,False,0,32.4,False,0,"{'eps_growth_yoy': 24.7, 'positive_quarters': 4, 'earnings_accelerating': False, 'eps_accel_quarters': 0, 'profit_margin_pct': 18.1}","{'revenue_growth_yoy': 32.4, 'revenue_accelerating': False, 'rev_accel_quarters': 0}","{'rs_3m': 14.5, 'rs_6m': -15.1, 'rs_line_percentile': 22.7, 'rs_line_at_new_high': False, 'rs_line_trend': 'flat', 'rs_line_score': 15}","{'roe_pct': 10.0, 'debt_to_equity': 0.64, 'current_ratio': 1.13, 'operating_margin_pct': 41.8}","{'days_to_earnings': 'N/A', 'recommendation': 'hold', 'analyst_upside_pct': 12.2}",68.33,22863927296,Financial Services,Insurance Brokers,5.5,7.6,False,96.55,-29.2,1,False,76.69,90.0,60.0,16.0,hold,12.2,85.88,25.7,31.3,-54.2,7.18,4.91,1.0,20.6,0.66,0.65,True,-2.75,4.7,2.8,41.0,2026-10-26,False,False,4,NEUTRAL,5.58,175.4,1.99,32.0,3.1,0.1,-28.9,2026-09-15T04:55:23.473968
AWK,"American Water Works Company, Inc.",68.6,⭐⭐ GOOD,🟡 Good,USD,USD,False,True,True,1.0,"FCF declarado (-1,785,374,976) se aparta del derivado de flujo operativo menos capex (-966,999,872)",95.0,70.0,46.7,55.0,50.0,35.0,40.5,False,up,9.0,True,2,6.2,True,2,"{'eps_growth_yoy': 9.0, 'positive_quarters': 4, 'earnings_accelerating': True, 'eps_accel_quarters': 2, 'profit_margin_pct': 21.3}","{'revenue_growth_yoy': 6.2, 'revenue_accelerating': True, 'rev_accel_quarters': 2}","{'rs_3m': 9.2, 'rs_6m': -13.1, 'rs_line_percentile': 40.5, 'rs_line_at_new_high': False, 'rs_line_trend': 'up', 'rs_line_score': 35}","{'roe_pct': 10.1, 'debt_to_equity': 1.38, 'current_ratio': 0.52, 'operating_margin_pct': 40.7}","{'days_to_earnings': 'N/A', 'recommendation': 'hold', 'analyst_upside_pct': 1.8}",138.92,27607431168,Utilities,Utilities - Regulated Water,7.5,5.2,False,145.64,-4.6,6,False,141.45,162.0,128.0,11.0,hold,1.8,,,57.7,-58.5,-6.47,-8.98,2.6,58.5,3.58,2.04,False,,3.2,3.4,43.0,2026-10-28,False,False,8,STRONG,4.69,6.6,2.46,20.2,0.8,0.04,-19.4,2026-09-15T04:57:16.496399
FHN,First Horizon Corporation,68.5,⭐⭐ GOOD,🟡 Good,USD,USD,False,True,True,1.0,"FCF declarado (595,000,000) se aparta del derivado de flujo operativo menos capex (1,026,000,000)",95.0,60.0,44.0,65.0,65.0,35.0,30.2,False,down,12.0,True,1,6.7,True,1,"{'eps_growth_yoy': 12.0, 'positive_quarters': 4, 'earnings_accelerating': True, 'eps_accel_quarters': 1, 'profit_margin_pct': 30.2}","{'revenue_growth_yoy': 6.7, 'revenue_accelerating': True, 'rev_accel_quarters': 1}","{'rs_3m': -2.0, 'rs_6m': -1.6, 'rs_line_percentile': 30.2, 'rs_line_at_new_high': False, 'rs_line_trend': 'down', 'rs_line_score': 35}","{'roe_pct': 11.5, 'operating_margin_pct': 41.3}","{'days_to_earnings': 'N/A', 'recommendation': 'buy', 'analyst_upside_pct': 16.0}",24.32,11522259968,Financial Services,Banks - Regional,0.0,0.0,False,26.56,-8.4,5,False,28.2,31.0,25.0,20.0,buy,16.0,36.77,51.2,41.6,71.1,5.16,1.26,2.78,30.8,0.68,3.28,True,-8.14,,14.0,29.0,2026-10-14,False,False,5,NEUTRAL,,,0.53,19.3,,,,2026-09-15T04:59:43.003624
ICE,"Intercontinental Exchange, Inc.",68.3,⭐⭐ GOOD,🟡 Good,USD,USD,False,True,True,1.0,,85.0,60.0,50.3,75.0,65.0,35.0,43.9,False,up,12.6,False,0,10.7,False,0,"{'eps_growth_yoy': 12.6, 'positive_quarters': 4, 'earnings_accelerating': False, 'eps_accel_quarters': 0, 'profit_margin_pct': 38.2}","{'revenue_growth_yoy': 10.7, 'revenue_accelerating': False, 'rev_accel_quarters': 0}","{'rs_3m': 11.5, 'rs_6m': -16.0, 'rs_line_percentile': 43.9, 'rs_line_at_new_high': False, 'rs_line_trend': 'up', 'rs_line_score': 35}","{'roe_pct': 14.1, 'debt_to_equity': 0.69, 'current_ratio': 1.01, 'operating_margin_pct': 52.6}","{'days_to_earnings': 'N/A', 'recommendation': 'strong_buy', 'analyst_upside_pct': 18.7}",157.75,88559984640,Financial Services,Financial Data & Stock Exchanges,1.1,1.5,False,176.05,-10.4,4,False,187.29,232.0,163.0,14.0,strong_buy,18.7,151.13,-4.2,100.54,-36.3,4.1,6.47,1.32,28.2,2.08,1.25,True,-2.37,7.6,14.2,44.0,2026-10-29,False,False,8,STRONG,4.76,118.3,1.26,22.3,,,,2026-09-15T04:54:57.912896
CLPBY,Coloplast A/S,68.2,⭐⭐ GOOD,🟡 Good,USD,DKK,True,True,False,0.9201,"acciones × precio no cuadra con la capitalización (ratio 0.9201): el dato por acción y el precio no están en la misma unidad — típico de ADR. Los ratios por acción (EPS, FCF/acción, DCF) no son utilizables | FCF declarado (720,492,751) se aparta del derivado de flujo operativo menos capex (-161,539,",98.0,60.0,26.7,80.0,65.0,15.0,14.4,False,up,60.3,True,1,6.1,True,1,"{'eps_growth_yoy': 60.3, 'positive_quarters': 3, 'earnings_accelerating': True, 'eps_accel_quarters': 1, 'profit_margin_pct': 9.7}","{'revenue_growth_yoy': 6.1, 'revenue_accelerating': True, 'rev_accel_quarters': 1}","{'rs_3m': 9.6, 'rs_6m': -20.0, 'rs_line_percentile': 14.4, 'rs_line_at_new_high': False, 'rs_line_trend': 'up', 'rs_line_score': 15}","{'roe_pct': 18.5, 'debt_to_equity': 1.78, 'current_ratio': 1.56, 'operating_margin_pct': 26.2}","{'days_to_earnings': 'N/A', 'recommendation': 'buy', 'analyst_upside_pct': 27.2}",6.55,14761613312,Healthcare,Medical Instruments & Supplies,,,False,9.71,-32.5,0,False,8.33,12.2,6.7,4.0,buy,27.2,,,,,4.88,0.35,5.48,187.0,0.36,2.72,False,,4.6,32.7,,,False,False,7,NEUTRAL,19.05,105.6,0.2,34.8,,,,2026-09-15T04:54:39.695185
FCNCA,"First Citizens BancShares, Inc.",67.8,⭐⭐ GOOD,🟡 Good,USD,USD,False,True,False,0.911,"acciones × precio no cuadra con la capitalización (ratio 0.9110): el dato por acción y el precio no están en la misma unidad — típico de ADR. Los ratios por acción (EPS, FCF/acción, DCF) no son utilizables",95.0,50.0,60.3,65.0,50.0,60.0,51.3,False,flat,16.9,True,1,2.5,False,0,"{'eps_growth_yoy': 16.9, 'positive_quarters': 4, 'earnings_accelerating': True, 'eps_accel_quarters': 1, 'profit_margin_pct': 25.2}","{'revenue_growth_yoy': 2.5, 'revenue_accelerating': False, 'rev_accel_quarters': 0}","{'rs_3m': 4.1, 'rs_6m': 9.0, 'rs_line_percentile': 51.3, 'rs_line_at_new_high': False, 'rs_line_trend': 'flat', 'rs_line_score': 60}","{'roe_pct': 10.7, 'operating_margin_pct': 39.0}","{'days_to_earnings': 'N/A', 'recommendation': 'hold', 'analyst_upside_pct': 7.8}",2173.88,24549885952,Financial Services,Banks - Regional,5.1,8.5,False,2296.3,-5.3,6,False,2342.67,2525.0,2100.0,12.0,hold,7.8,,,,,5.54,132.29,0.39,4.4,8.4,0.31,True,-13.45,,12.4,37.0,2026-10-22,False,False,5,NEUTRAL,,,0.36,21.3,,,,2026-09-15T04:59:46.403611
VLTO,Veralto Corporation,67.8,⭐⭐ GOOD,🟡 Good,USD,USD,False,True,True,1.0,,70.0,70.0,50.3,85.0,65.0,35.0,32.4,False,up,8.6,False,0,7.5,True,2,"{'eps_growth_yoy': 8.6, 'positive_quarters': 4, 'earnings_accelerating': False, 'eps_accel_quarters': 0, 'profit_margin_pct': 17.3}","{'revenue_growth_yoy': 7.5, 'revenue_accelerating': True, 'rev_accel_quarters': 2}","{'rs_3m': 15.6, 'rs_6m': -8.4, 'rs_line_percentile': 32.4, 'rs_line_at_new_high': False, 'rs_line_trend': 'up', 'rs_line_score': 35}","{'roe_pct': 34.3, 'debt_to_equity': 1.16, 'current_ratio': 1.77, 'operating_margin_pct': 21.4}","{'days_to_earnings': 'N/A', 'recommendation': 'buy', 'analyst_upside_pct': 18.4}",96.3,23477299200,Industrials,Pollution & Treatment Controls,2.7,4.0,False,108.59,-11.3,4,False,114.0,136.0,100.0,14.0,buy,18.4,65.53,-32.0,40.1,-58.4,3.44,3.31,0.55,12.6,0.52,,True,-1.85,14.1,10.1,36.0,2026-10-21,False,False,6,NEUTRAL,5.09,76.0,2.0,21.1,,,,2026-09-15T04:54:13.891835
ROP,"Roper Technologies, Inc.",67.6,⭐⭐ GOOD,🟡 Good,USD,USD,False,True,True,1.0,,100.0,50.0,50.3,60.0,60.0,35.0,27.0,False,up,208.9,True,2,8.5,False,0,"{'eps_growth_yoy': 208.9, 'positive_quarters': 4, 'earnings_accelerating': True, 'eps_accel_quarters': 2, 'profit_margin_pct': 30.2}","{'revenue_growth_yoy': 8.5, 'revenue_accelerating': False, 'rev_accel_quarters': 0}","{'rs_3m': 17.9, 'rs_6m': -1.7, 'rs_line_percentile': 27.0, 'rs_line_at_new_high': False, 'rs_line_trend': 'up', 'rs_line_score': 35}","{'roe_pct': 13.1, 'debt_to_equity': 0.61, 'current_ratio': 0.55, 'operating_margin_pct': 27.7}","{'days_to_earnings': 'N/A', 'recommendation': 'buy', 'analyst_upside_pct': 12.8}",394.61,39027269632,Technology,Software - Application,6.5,7.9,False,521.28,-24.3,4,False,445.2,550.0,335.0,15.0,buy,12.8,971.52,146.2,720.3,82.5,5.81,22.91,0.94,14.5,3.64,0.61,True,-6.99,8.6,163.1,37.0,2026-10-22,False,False,6,NEUTRAL,4.52,1441.1,0.07,26.7,,,,2026-09-15T04:52:25.857110
FAST,Fastenal Company,67.6,⭐⭐ GOOD,🟡 Good,USD,USD,False,True,True,1.0,,80.0,60.0,46.7,95.0,50.0,35.0,48.2,False,flat,15.9,False,0,14.7,False,0,"{'eps_growth_yoy': 15.9, 'positive_quarters': 4, 'earnings_accelerating': False, 'eps_accel_quarters': 0, 'profit_margin_pct': 15.5}","{'revenue_growth_yoy': 14.7, 'revenue_accelerating': False, 'rev_accel_quarters': 0}","{'rs_3m': 6.8, 'rs_6m': -4.9, 'rs_line_percentile': 48.2, 'rs_line_at_new_high': False, 'rs_line_trend': 'flat', 'rs_line_score': 35}","{'roe_pct': 34.3, 'debt_to_equity': 0.11, 'current_ratio': 4.18, 'operating_margin_pct': 21.0}","{'days_to_earnings': 'N/A', 'recommendation': 'hold', 'analyst_upside_pct': -1.8}",49.44,56732278784,Industrials,Industrial Distribution,3.5,5.0,False,52.92,-6.6,6,False,48.53,59.0,39.9,13.0,hold,-1.8,18.94,-61.7,17.08,-65.5,1.61,0.8,1.95,78.6,0.96,2.16,True,-0.09,395.6,5.8,29.0,2026-10-14,False,False,8,STRONG,2.92,39.6,2.42,20.2,1.6,0.08,-18.6,2026-09-15T04:56:47.175241
ASAZY,ASSA ABLOY AB (publ),67.5,⭐⭐ GOOD,🟡 Good,USD,SEK,True,True,False,0.9482,"acciones × precio no cuadra con la capitalización (ratio 0.9482): el dato por acción y el precio no están en la misma unidad — típico de ADR. Los ratios por acción (EPS, FCF/acción, DCF) no son utilizables | FCF declarado (1,881,571,299) se aparta del derivado de flujo operativo menos capex (18,638,",100.0,60.0,36.0,65.0,55.0,15.0,5.7,False,down,80.4,True,1,3.5,True,1,"{'eps_growth_yoy': 80.4, 'positive_quarters': 4, 'earnings_accelerating': True, 'eps_accel_quarters': 1, 'profit_margin_pct': 10.8}","{'revenue_growth_yoy': 3.5, 'revenue_accelerating': True, 'rev_accel_quarters': 1}","{'rs_3m': -3.5, 'rs_6m': -18.4, 'rs_line_percentile': 5.7, 'rs_line_at_new_high': False, 'rs_line_trend': 'down', 'rs_line_score': 15}","{'roe_pct': 15.6, 'debt_to_equity': 0.64, 'current_ratio': 1.01}","{'days_to_earnings': 'N/A', 'recommendation': 'none', 'analyst_upside_pct': 24.3}",17.49,38854955008,Industrials,Security & Protection Services,,,False,21.98,-20.4,1,False,21.74,21.74,21.74,1.0,none,24.3,,,,,4.84,0.89,1.88,41.9,0.33,1.7,False,,,8.0,42.0,2026-10-27,False,False,8,STRONG,,118.2,1.23,18.8,,,,2026-09-15T04:56:14.551430
FICO,Fair Isaac Corporation,67.5,⭐⭐ GOOD,🟡 Good,USD,USD,False,True,True,1.0,,95.0,70.0,24.0,65.0,70.0,15.0,6.5,False,down,30.5,False,0,25.7,False,0,"{'eps_growth_yoy': 30.5, 'positive_quarters': 4, 'earnings_accelerating': False, 'eps_accel_quarters': 0, 'profit_margin_pct': 34.1}","{'revenue_growth_yoy': 25.7, 'revenue_accelerating': False, 'rev_accel_quarters': 0}","{'rs_3m': -16.3, 'rs_6m': -28.1, 'rs_line_percentile': 6.5, 'rs_line_at_new_high': False, 'rs_line_trend': 'down', 'rs_line_score': 15}","{'current_ratio': 1.18, 'operating_margin_pct': 53.8}","{'days_to_earnings': 'N/A', 'recommendation': 'buy', 'analyst_upside_pct': 44.3}",1001.5,21630031872,Technology,Software - Application,10.0,5.4,True,1998.01,-49.9,0,False,1445.42,1750.0,696.0,19.0,buy,44.3,1520.61,51.8,1037.7,3.6,3.58,35.86,,,,0.09,True,-16.62,6.7,28.8,50.0,2026-11-04,False,False,7,NEUTRAL,3.47,996.8,0.46,73.0,,,,2026-09-15T04:54:28.527124
BN,Brookfield Corporation,67.5,⭐⭐ GOOD,🟡 Good,USD,USD,False,True,True,1.0,"FCF declarado (-1,981,124,992) se aparta del derivado de flujo operativo menos capex (-5,409,000,448)",95.0,60.0,36.0,65.0,70.0,15.0,0.0,False,down,33.8,True,1,7.3,True,1,"{'eps_growth_yoy': 33.8, 'positive_quarters': 4, 'earnings_accelerating': True, 'eps_accel_quarters': 1, 'profit_margin_pct': 1.8}","{'revenue_growth_yoy': 7.3, 'revenue_accelerating': True, 'rev_accel_quarters': 1}","{'rs_3m': -18.6, 'rs_6m': -17.7, 'rs_line_percentile': 0.0, 'rs_line_at_new_high': False, 'rs_line_trend': 'down', 'rs_line_score': 15}","{'roe_pct': 2.3, 'debt_to_equity': 1.61, 'current_ratio': 1.01, 'operating_margin_pct': 25.7}","{'days_to_earnings': 'N/A', 'recommendation': 'buy', 'analyst_upside_pct': 44.6}",37.61,83958743040,Financial Services,Asset Management,,5.2,False,49.57,-24.1,1,False,54.4,61.0,31.0,10.0,buy,44.6,,,16.2,-56.9,-2.36,-0.89,0.73,48.2,0.28,0.87,True,-1.04,1.3,40.3,58.0,2026-11-12,False,False,6,NEUTRAL,4.65,12.9,0.16,21.8,1.6,0.07,-20.2,2026-09-15T04:59:05.927272
HRI,Herc Holdings Inc.,67.1,⭐⭐ GOOD,🟡 Good,USD,USD,False,True,True,1.0,"FCF declarado (502,875,008) se aparta del derivado de flujo operativo menos capex (10,000,000)",68.0,90.0,52.4,45.0,70.0,35.0,38.5,False,up,,True,1,26.3,True,2,"{'positive_quarters': 3, 'earnings_accelerating': True, 'eps_accel_quarters': 1, 'profit_margin_pct': 1.0}","{'revenue_growth_yoy': 26.3, 'revenue_accelerating': True, 'rev_accel_quarters': 2}","{'rs_3m': -7.9, 'rs_6m': 15.2, 'rs_line_percentile': 38.5, 'rs_line_at_new_high': False, 'rs_line_trend': 'up', 'rs_line_score': 35}","{'roe_pct': 2.6, 'debt_to_equity': 5.06, 'current_ratio': 1.1, 'operating_margin_pct': 12.2}","{'days_to_earnings': 'N/A', 'recommendation': 'buy', 'analyst_upside_pct': 33.5}",140.42,4694443520,Industrials,Rental & Leasing Services,8.7,5.9,True,188.35,-25.4,3,False,187.42,240.0,115.0,12.0,buy,33.5,443.73,216.0,34.54,-75.4,10.71,15.04,1.99,164.7,2.8,,False,,1.1,,42.0,2026-10-27,False,False,3,NEUTRAL,2.93,4.9,0.34,39.2,,,,2026-09-15T04:59:39.108414
ADP,"Automatic Data Processing, Inc.",67.0,⭐⭐ GOOD,🟡 Good,USD,USD,False,True,True,1.0,,75.0,50.0,71.4,85.0,50.0,60.0,57.0,False,up,7.5,False,0,6.8,False,0,"{'eps_growth_yoy': 7.5, 'positive_quarters': 4, 'earnings_accelerating': False, 'eps_accel_quarters': 0, 'profit_margin_pct': 20.1}","{'revenue_growth_yoy': 6.8, 'revenue_accelerating': False, 'rev_accel_quarters': 0}","{'rs_3m': 23.7, 'rs_6m': 19.8, 'rs_line_percentile': 57.0, 'rs_line_at_new_high': False, 'rs_line_trend': 'up', 'rs_line_score': 60}","{'roe_pct': 72.2, 'debt_to_equity': 0.91, 'current_ratio': 1.05, 'operating_margin_pct': 23.5}","{'days_to_earnings': 'N/A', 'recommendation': 'hold', 'analyst_upside_pct': 4.0}",276.63,109894795264,Technology,Software - Application,3.0,5.0,False,294.93,-6.2,6,False,287.6,322.0,225.0,15.0,hold,4.0,258.07,-6.7,109.5,-60.4,4.77,13.2,2.53,60.7,6.8,2.04,True,-1.9,13.5,3.9,43.0,2026-10-28,False,False,6,NEUTRAL,5.57,173.6,2.11,25.9,,,,2026-09-15T04:52:29.590204
GWW,"W.W. Grainger, Inc.",66.8,⭐⭐ GOOD,🟡 Good,USD,USD,False,True,True,1.0,,75.0,60.0,57.6,85.0,50.0,60.0,58.6,False,down,18.3,False,0,10.3,False,0,"{'eps_growth_yoy': 18.3, 'positive_quarters': 4, 'earnings_accelerating': False, 'eps_accel_quarters': 0, 'profit_margin_pct': 9.9}","{'revenue_growth_yoy': 10.3, 'revenue_accelerating': False, 'rev_accel_quarters': 0}","{'rs_3m': -3.6, 'rs_6m': 6.6, 'rs_line_percentile': 58.6, 'rs_line_at_new_high': False, 'rs_line_trend': 'down', 'rs_line_score': 60}","{'roe_pct': 46.1, 'debt_to_equity': 0.62, 'current_ratio': 2.81, 'operating_margin_pct': 16.1}","{'days_to_earnings': 'N/A', 'recommendation': 'hold', 'analyst_upside_pct': 4.3}",1277.51,60315234304,Industrials,Industrial Distribution,2.6,4.0,False,1419.91,-10.0,6,False,1332.57,1500.0,1100.0,14.0,hold,4.3,788.6,-38.3,802.99,-37.1,2.07,26.43,0.78,23.6,9.96,1.0,True,-1.66,34.1,8.2,50.0,2026-11-04,False,False,6,NEUTRAL,4.0,40.8,1.22,19.7,0.2,0.01,-19.5,2026-09-15T04:57:49.876827
NYT,The New York Times Company,66.5,⭐⭐ GOOD,🟡 Good,USD,USD,False,True,True,0.9952,"FCF declarado (459,932,128) se aparta del derivado de flujo operativo menos capex (624,278,976)",90.0,70.0,24.0,75.0,60.0,15.0,21.9,False,down,12.6,True,1,11.2,True,1,"{'eps_growth_yoy': 12.6, 'positive_quarters': 4, 'earnings_accelerating': True, 'eps_accel_quarters': 1, 'profit_margin_pct': 13.3}","{'revenue_growth_yoy': 11.2, 'revenue_accelerating': True, 'rev_accel_quarters': 1}","{'rs_3m': -5.5, 'rs_6m': -25.6, 'rs_line_percentile': 21.9, 'rs_line_at_new_high': False, 'rs_line_trend': 'down', 'rs_line_score': 15}","{'roe_pct': 19.7, 'current_ratio': 1.58, 'operating_margin_pct': 17.1}","{'days_to_earnings': 'N/A', 'recommendation': 'buy', 'analyst_upside_pct': 10.4}",70.34,11344687104,Communication Services,Publishing,8.0,5.4,True,87.1,-19.2,5,False,77.67,90.0,63.0,9.0,buy,10.4,66.38,-5.6,33.6,-52.2,4.05,2.87,1.38,32.1,0.92,0.95,True,-1.54,857.1,14.0,50.0,2026-11-04,False,False,8,STRONG,4.23,52.8,1.61,24.2,,,,2026-09-15T04:58:54.053831
DBOEY,Deutsche Börse AG,66.4,⭐⭐ GOOD,🟡 Good,USD,EUR,True,True,True,1.0,,75.0,50.0,71.9,80.0,50.0,80.0,80.7,False,up,8.4,False,0,7.8,False,0,"{'eps_growth_yoy': 8.4, 'positive_quarters': 4, 'earnings_accelerating': False, 'eps_accel_quarters': 0, 'profit_margin_pct': 27.3}","{'revenue_growth_yoy': 7.8, 'revenue_accelerating': False, 'rev_accel_quarters': 0}","{'rs_3m': 12.4, 'rs_6m': 1.5, 'rs_line_percentile': 80.7, 'rs_line_at_new_high': False, 'rs_line_trend': 'up', 'rs_line_score': 80}","{'roe_pct': 20.4, 'debt_to_equity': 0.58, 'current_ratio': 1.01, 'operating_margin_pct': 41.9}","{'days_to_earnings': 'N/A', 'recommendation': 'none', 'analyst_upside_pct': 5.8}",32.46,58521370624,Financial Services,Financial Data & Stock Exchanges,,,False,33.91,-4.3,8,True,34.36,34.36,34.36,1.0,none,5.8,31.96,-1.5,18.5,-43.0,4.3,1.4,1.52,36.0,0.49,1.9,,,,6.9,35.0,2026-10-20,False,False,5,NEUTRAL,4.82,66.8,1.51,20.5,,,,2026-09-15T04:55:05.413494
MSI,"Motorola Solutions, Inc.",66.3,⭐⭐ GOOD,🟡 Good,USD,USD,False,True,True,1.0,"FCF declarado (1,979,000,064) se aparta del derivado de flujo operativo menos capex (2,709,000,128)",80.0,70.0,50.3,65.0,50.0,35.0,48.7,False,up,8.6,True,1,13.3,True,1,"{'eps_growth_yoy': 8.6, 'positive_quarters': 4, 'earnings_accelerating': True, 'eps_accel_quarters': 1, 'profit_margin_pct': 17.4}","{'revenue_growth_yoy': 13.3, 'revenue_accelerating': True, 'rev_accel_quarters': 1}","{'rs_3m': 14.4, 'rs_6m': -13.1, 'rs_line_percentile': 48.7, 'rs_line_at_new_high': False, 'rs_line_trend': 'up', 'rs_line_score': 35}","{'roe_pct': 91.6, 'debt_to_equity': 3.58, 'current_ratio': 1.1, 'operating_margin_pct': 27.4}","{'days_to_earnings': 'N/A', 'recommendation': 'none', 'analyst_upside_pct': 11.1}",474.13,78465572864,Technology,Communication Equipment,2.3,3.3,False,494.85,-4.2,7,True,526.82,550.0,476.0,11.0,none,11.1,230.97,-51.3,126.8,-73.3,2.52,11.96,1.04,37.2,4.84,1.11,True,-1.32,7.3,4.8,51.0,2026-11-05,False,False,6,NEUTRAL,3.63,161.2,2.61,22.0,,,,2026-09-15T04:52:36.925749
MTD,Mettler-Toledo International Inc.,66.1,⭐⭐ GOOD,🟡 Good,USD,USD,False,True,True,1.0,,95.0,60.0,50.3,50.0,50.0,35.0,35.2,False,down,15.1,True,1,4.5,True,1,"{'eps_growth_yoy': 15.1, 'positive_quarters': 4, 'earnings_accelerating': True, 'eps_accel_quarters': 1, 'profit_margin_pct': 21.9}","{'revenue_growth_yoy': 4.5, 'revenue_accelerating': True, 'rev_accel_quarters': 1}","{'rs_3m': 10.3, 'rs_6m': -7.1, 'rs_line_percentile': 35.2, 'rs_line_at_new_high': False, 'rs_line_trend': 'down', 'rs_line_score': 35}","{'debt_to_equity': 166.68, 'current_ratio': 1.12, 'operating_margin_pct': 31.2}","{'days_to_earnings': 'N/A', 'recommendation': 'hold', 'analyst_upside_pct': 13.0}",1285.75,25762007040,Healthcare,Diagnostics & Research,3.6,3.6,False,1525.17,-15.7,2,False,1452.5,1600.0,1200.0,14.0,hold,13.0,949.22,-26.2,811.97,-36.8,2.69,34.62,,,,,True,-3.01,16.8,7.3,51.0,2026-11-05,False,False,6,NEUTRAL,4.01,110.6,1.36,17.3,94.6,5.47,77.3,2026-09-15T04:55:16.501489
ECL,Ecolab Inc.,66.1,⭐⭐ GOOD,🟡 Good,USD,USD,False,True,True,1.0,"FCF declarado (1,474,824,960) se aparta del derivado de flujo operativo menos capex (2,008,500,000)",80.0,60.0,46.7,75.0,65.0,35.0,26.8,False,down,2.0,True,1,9.7,True,1,"{'eps_growth_yoy': 2.0, 'positive_quarters': 4, 'earnings_accelerating': True, 'eps_accel_quarters': 1, 'profit_margin_pct': 12.6}","{'revenue_growth_yoy': 9.7, 'revenue_accelerating': True, 'rev_accel_quarters': 1}","{'rs_3m': 1.8, 'rs_6m': -12.9, 'rs_line_percentile': 26.8, 'rs_line_at_new_high': False, 'rs_line_trend': 'down', 'rs_line_score': 35}","{'roe_pct': 22.0, 'debt_to_equity': 1.38, 'current_ratio': 1.84, 'operating_margin_pct': 18.5}","{'days_to_earnings': 'N/A', 'recommendation': 'buy', 'analyst_upside_pct': 17.9}",275.51,77233340416,Basic Materials,Specialty Chemicals,1.9,3.3,False,309.27,-10.9,5,False,324.95,360.0,295.0,21.0,buy,17.9,78.41,-71.5,74.6,-72.9,1.91,5.26,1.06,38.1,2.92,1.06,True,-1.62,9.1,3.3,42.0,2026-10-27,False,False,6,NEUTRAL,3.32,52.2,8.86,18.1,1.6,0.09,-16.5,2026-09-15T04:54:43.485387
ITW,Illinois Tool Works Inc.,66.1,⭐⭐ GOOD,🟡 Good,USD,USD,False,True,True,1.0,,90.0,60.0,46.7,65.0,50.0,35.0,27.0,False,down,7.9,True,2,6.1,True,1,"{'eps_growth_yoy': 7.9, 'positive_quarters': 4, 'earnings_accelerating': True, 'eps_accel_quarters': 2, 'profit_margin_pct': 19.4}","{'revenue_growth_yoy': 6.1, 'revenue_accelerating': True, 'rev_accel_quarters': 1}","{'rs_3m': 2.0, 'rs_6m': -12.9, 'rs_line_percentile': 27.0, 'rs_line_at_new_high': False, 'rs_line_trend': 'down', 'rs_line_score': 35}","{'roe_pct': 104.6, 'debt_to_equity': 3.35, 'current_ratio': 1.11, 'operating_margin_pct': 26.9}","{'days_to_earnings': 'N/A', 'recommendation': 'hold', 'analyst_upside_pct': 12.2}",269.04,76622594048,Industrials,Specialty Industrial Machinery,3.1,8.8,False,303.16,-11.3,4,False,301.86,350.0,249.0,14.0,hold,12.2,169.1,-37.1,111.61,-58.5,3.18,8.54,2.57,58.3,6.88,2.26,True,-2.45,14.6,4.0,38.0,2026-10-23,False,False,5,NEUTRAL,4.98,118.3,2.15,15.0,0.4,0.03,-14.6,2026-09-15T04:56:03.776764
COST,Costco Wholesale Corporation,66.0,⭐⭐ GOOD,🟡 Good,USD,USD,False,True,True,1.0,"FCF declarado (6,954,375,168) se aparta del derivado de flujo operativo menos capex (9,502,000,512)",95.0,60.0,24.0,75.0,65.0,15.0,6.1,False,down,15.2,True,2,11.6,False,0,"{'eps_growth_yoy': 15.2, 'positive_quarters': 4, 'earnings_accelerating': True, 'eps_accel_quarters': 2, 'profit_margin_pct': 3.0}","{'revenue_growth_yoy': 11.6, 'revenue_accelerating': False, 'rev_accel_quarters': 0}","{'rs_3m': -7.1, 'rs_6m': -22.3, 'rs_line_percentile': 6.1, 'rs_line_at_new_high': False, 'rs_line_trend': 'down', 'rs_line_score': 15}","{'roe_pct': 29.2, 'debt_to_equity': 0.6, 'current_ratio': 1.07, 'operating_margin_pct': 3.7}","{'days_to_earnings': 'N/A', 'recommendation': 'buy', 'analyst_upside_pct': 16.7}",918.91,407517102080,Consumer Defensive,Discount Stores,1.7,4.3,False,1096.5,-16.2,3,False,1072.2,1315.0,740.0,35.0,buy,16.7,665.02,-27.6,597.0,-35.0,1.71,15.68,0.65,27.0,5.88,0.59,True,-0.22,81.5,45.5,9.0,2026-09-24,False,True,7,NEUTRAL,2.7,30.6,0.89,19.3,0.2,0.01,-19.1,2026-09-15T04:52:44.555529
RSG,"Republic Services, Inc.",65.8,⭐⭐ GOOD,🟡 Good,USD,USD,False,True,True,1.0,"FCF declarado (1,942,625,024) se aparta del derivado de flujo operativo menos capex (2,655,000,128)",80.0,70.0,46.7,60.0,60.0,35.0,37.8,False,up,2.9,True,1,4.6,True,2,"{'eps_growth_yoy': 2.9, 'positive_quarters': 4, 'earnings_accelerating': True, 'eps_accel_quarters': 1, 'profit_margin_pct': 12.9}","{'revenue_growth_yoy': 4.6, 'revenue_accelerating': True, 'rev_accel_quarters': 2}","{'rs_3m': 7.8, 'rs_6m': -13.0, 'rs_line_percentile': 37.8, 'rs_line_at_new_high': False, 'rs_line_trend': 'up', 'rs_line_score': 35}","{'roe_pct': 18.2, 'debt_to_equity': 1.19, 'current_ratio': 0.64, 'operating_margin_pct': 20.4}","{'days_to_earnings': 'N/A', 'recommendation': 'buy', 'analyst_upside_pct': 8.9}",225.85,69158207488,Industrials,Waste Management,2.2,3.0,False,233.42,-3.2,6,False,245.92,272.0,208.0,24.0,buy,8.9,102.05,-54.8,70.6,-68.7,2.81,6.34,1.2,35.4,2.68,1.21,True,-2.12,5.3,3.6,44.0,2026-10-29,False,False,6,NEUTRAL,3.8,24.7,5.5,14.7,1.6,0.11,-13.1,2026-09-15T04:53:02.647319
ATLKY,Atlas Copco AB (publ),65.8,⭐⭐ GOOD,🟡 Good,USD,SEK,True,True,False,0.6801,"acciones × precio no cuadra con la capitalización (ratio 0.6801): el dato por acción y el precio no están en la misma unidad — típico de ADR. Los ratios por acción (EPS, FCF/acción, DCF) no son utilizables | FCF declarado (2,656,582,612) se aparta del derivado de flujo operativo menos capex (26,379,",80.0,60.0,44.0,80.0,60.0,35.0,31.5,False,down,7.0,True,1,5.3,True,1,"{'eps_growth_yoy': 7.0, 'positive_quarters': 4, 'earnings_accelerating': True, 'eps_accel_quarters': 1, 'profit_margin_pct': 15.7}","{'revenue_growth_yoy': 5.3, 'revenue_accelerating': True, 'rev_accel_quarters': 1}","{'rs_3m': -1.4, 'rs_6m': -2.9, 'rs_line_percentile': 31.5, 'rs_line_at_new_high': False, 'rs_line_trend': 'down', 'rs_line_score': 35}","{'roe_pct': 25.7, 'debt_to_equity': 0.34, 'current_ratio': 1.27}","{'days_to_earnings': 'N/A', 'recommendation': 'none', 'analyst_upside_pct': 30.4}",19.94,97279696896,Industrials,Specialty Industrial Machinery,,,False,22.42,-11.1,5,False,26.0,26.0,26.0,1.0,none,30.4,,,,,2.73,0.8,2.67,73.8,0.56,1.57,False,,126.5,4.0,,,False,False,6,NEUTRAL,,53.6,3.15,30.4,,,,2026-09-15T04:57:05.654328
ORLY,"O'Reilly Automotive, Inc.",65.7,⭐⭐ GOOD,🟡 Good,USD,USD,False,True,True,1.0,"FCF declarado (1,570,733,824) se aparta del derivado de flujo operativo menos capex (2,120,623,976)",90.0,70.0,36.0,50.0,65.0,15.0,9.3,False,up,7.0,True,2,8.1,True,2,"{'eps_growth_yoy': 7.0, 'positive_quarters': 4, 'earnings_accelerating': True, 'eps_accel_quarters': 2, 'profit_margin_pct': 14.3}","{'revenue_growth_yoy': 8.1, 'revenue_accelerating': True, 'rev_accel_quarters': 2}","{'rs_3m': -4.4, 'rs_6m': -17.9, 'rs_line_percentile': 9.3, 'rs_line_at_new_high': False, 'rs_line_trend': 'up', 'rs_line_score': 15}","{'current_ratio': 0.75, 'operating_margin_pct': 20.2}","{'days_to_earnings': 'N/A', 'recommendation': 'buy', 'analyst_upside_pct': 23.6}",87.22,70557556736,Consumer Cyclical,Auto Parts,3.3,5.6,False,108.72,-19.8,1,False,107.8,120.0,89.0,25.0,buy,23.6,38.75,-55.6,32.44,-62.8,2.23,1.94,,,,,True,-4.75,14.4,10.3,43.0,2026-10-28,False,False,7,NEUTRAL,4.35,40.2,2.32,18.6,,,,2026-09-15T04:55:31.005217
TW,Tradeweb Markets Inc.,65.6,⭐⭐ GOOD,🟡 Good,USD,USD,False,True,False,0.5322,"acciones × precio no cuadra con la capitalización (ratio 0.5322): el dato por acción y el precio no están en la misma unidad — típico de ADR. Los ratios por acción (EPS, FCF/acción, DCF) no son utilizables",95.0,50.0,26.7,85.0,65.0,15.0,18.6,False,flat,17.9,True,1,9.0,False,0,"{'eps_growth_yoy': 17.9, 'positive_quarters': 4, 'earnings_accelerating': True, 'eps_accel_quarters': 1, 'profit_margin_pct': 40.7}","{'revenue_growth_yoy': 9.0, 'revenue_accelerating': False, 'rev_accel_quarters': 0}","{'rs_3m': 1.5, 'rs_6m': -30.1, 'rs_line_percentile': 18.6, 'rs_line_at_new_high': False, 'rs_line_trend': 'flat', 'rs_line_score': 15}","{'roe_pct': 14.5, 'debt_to_equity': 0.02, 'current_ratio': 6.79, 'operating_margin_pct': 43.8}","{'days_to_earnings': 'N/A', 'recommendation': 'buy', 'analyst_upside_pct': 18.7}",104.2,22718310400,Financial Services,Capital Markets,3.4,2.9,False,127.69,-18.4,3,False,123.64,178.0,98.0,14.0,buy,18.7,,,,,4.69,9.17,0.55,12.4,0.56,0.4,True,-1.51,633.6,13.8,44.0,2026-10-29,False,False,8,STRONG,5.66,57.1,1.15,25.0,0.8,0.03,-24.2,2026-09-15T04:54:02.800151
ISRG,"Intuitive Surgical, Inc.",65.5,⭐⭐ GOOD,🟡 Good,USD,USD,False,True,True,1.0,,85.0,70.0,24.0,75.0,65.0,15.0,11.3,False,down,24.3,False,0,18.5,True,1,"{'eps_growth_yoy': 24.3, 'positive_quarters': 4, 'earnings_accelerating': False, 'eps_accel_quarters': 0, 'profit_margin_pct': 28.4}","{'revenue_growth_yoy': 18.5, 'revenue_accelerating': True, 'rev_accel_quarters': 1}","{'rs_3m': -10.3, 'rs_6m': -36.2, 'rs_line_percentile': 11.3, 'rs_line_at_new_high': False, 'rs_line_trend': 'down', 'rs_line_score': 15}","{'roe_pct': 17.4, 'current_ratio': 4.96, 'operating_margin_pct': 33.6}","{'days_to_earnings': 'N/A', 'recommendation': 'buy', 'analyst_upside_pct': 26.0}",377.94,135407607808,Healthcare,Medical Instruments & Supplies,2.2,3.0,False,603.88,-37.4,1,False,476.34,685.0,324.0,29.0,buy,26.0,272.63,-27.9,230.82,-38.9,1.93,7.3,,,,,True,-2.63,,26.5,35.0,2026-10-20,False,False,4,NEUTRAL,2.29,22.5,1.18,33.7,0.8,0.02,-32.9,2026-09-15T04:57:56.801319
PGR,The Progressive Corporation,64.6,⭐⭐ GOOD,🟡 Good,USD,USD,False,True,True,1.0,,80.0,60.0,46.7,75.0,50.0,35.0,38.0,False,down,4.3,True,1,7.3,True,1,"{'eps_growth_yoy': 4.3, 'positive_quarters': 4, 'earnings_accelerating': True, 'eps_accel_quarters': 1, 'profit_margin_pct': 12.8}","{'revenue_growth_yoy': 7.3, 'revenue_accelerating': True, 'rev_accel_quarters': 1}","{'rs_3m': 7.6, 'rs_6m': -6.3, 'rs_line_percentile': 38.0, 'rs_line_at_new_high': False, 'rs_line_trend': 'down', 'rs_line_score': 35}","{'roe_pct': 34.9, 'debt_to_equity': 0.24, 'current_ratio': 0.29, 'operating_margin_pct': 18.2}","{'days_to_earnings': 'N/A', 'recommendation': 'hold', 'analyst_upside_pct': 5.0}",221.02,128434733056,Financial Services,Insurance - Property & Casualty,1.0,2.7,False,249.14,-11.3,5,False,232.0,309.0,198.0,21.0,hold,5.0,416.65,88.5,199.3,-9.8,11.77,26.01,0.18,69.7,0.4,1.99,True,-0.93,50.8,2.0,29.0,2026-10-14,False,False,6,NEUTRAL,10.76,,2.71,27.2,,,,2026-09-15T04:56:50.535490
SPGI,S&P Global Inc.,64.5,⭐⭐ GOOD,🟡 Good,USD,USD,False,True,True,1.0,,85.0,60.0,38.7,65.0,65.0,15.0,15.3,False,down,13.5,False,0,10.4,False,0,"{'eps_growth_yoy': 13.5, 'positive_quarters': 4, 'earnings_accelerating': False, 'eps_accel_quarters': 0, 'profit_margin_pct': 30.5}","{'revenue_growth_yoy': 10.4, 'revenue_accelerating': False, 'rev_accel_quarters': 0}","{'rs_3m': 3.5, 'rs_6m': -10.2, 'rs_line_percentile': 15.3, 'rs_line_at_new_high': False, 'rs_line_trend': 'down', 'rs_line_score': 15}","{'roe_pct': 14.3, 'debt_to_equity': 0.43, 'current_ratio': 0.95, 'operating_margin_pct': 44.8}","{'days_to_earnings': 'N/A', 'recommendation': 'strong_buy', 'analyst_upside_pct': 24.3}",418.54,123385593856,Financial Services,Financial Data & Stock Exchanges,2.4,3.9,False,522.46924,-19.9,2,False,520.3,553.0,485.0,20.0,strong_buy,24.3,495.13,18.3,290.81,-30.5,4.42,18.48,0.94,23.5,3.88,0.82,True,-4.21,22.7,17.7,44.0,2026-10-29,False,False,7,NEUTRAL,4.65,942.7,1.17,30.2,0.4,0.01,-29.8,2026-09-15T04:52:40.934167
VRSN,"VeriSign, Inc.",64.0,⭐⭐ GOOD,🟡 Good,USD,USD,False,True,True,1.0,,75.0,60.0,65.1,50.0,60.0,60.0,65.6,False,up,4.4,False,0,6.0,True,1,"{'eps_growth_yoy': 4.4, 'positive_quarters': 4, 'earnings_accelerating': False, 'eps_accel_quarters': 0, 'profit_margin_pct': 49.8}","{'revenue_growth_yoy': 6.0, 'revenue_accelerating': True, 'rev_accel_quarters': 1}","{'rs_3m': 8.7, 'rs_6m': 10.1, 'rs_line_percentile': 65.6, 'rs_line_at_new_high': False, 'rs_line_trend': 'up', 'rs_line_score': 60}","{'current_ratio': 0.59, 'operating_margin_pct': 68.2}","{'days_to_earnings': 'N/A', 'recommendation': 'buy', 'analyst_upside_pct': 7.6}",298.6,26993440768,Technology,Software - Infrastructure,1.8,2.2,False,312.48,-4.4,7,True,321.4,355.0,270.0,5.0,buy,7.6,165.22,-44.7,92.2,-69.1,3.09,9.21,1.11,34.3,3.24,,True,-3.33,15.5,5.4,37.0,2026-10-22,False,False,8,STRONG,4.05,512.5,3.53,27.8,0.4,0.01,-27.4,2026-09-15T04:53:09.808371
WCN,"Waste Connections, Inc.",63.2,⭐⭐ GOOD,🟡 Good,USD,USD,False,True,True,1.0,,80.0,70.0,38.7,50.0,65.0,15.0,21.4,False,down,2.1,True,1,6.4,True,2,"{'eps_growth_yoy': 2.1, 'positive_quarters': 4, 'earnings_accelerating': True, 'eps_accel_quarters': 1, 'profit_margin_pct': 10.9}","{'revenue_growth_yoy': 6.4, 'revenue_accelerating': True, 'rev_accel_quarters': 2}","{'rs_3m': 3.1, 'rs_6m': -17.6, 'rs_line_percentile': 21.4, 'rs_line_at_new_high': False, 'rs_line_trend': 'down', 'rs_line_score': 15}","{'roe_pct': 13.0, 'debt_to_equity': 1.22, 'current_ratio': 0.66, 'operating_margin_pct': 19.7}","{'days_to_earnings': 'N/A', 'recommendation': 'strong_buy', 'analyst_upside_pct': 24.6}",161.03,40510193664,Industrials,Waste Management,1.8,3.5,False,179.74,-10.4,2,False,200.6,220.0,162.0,25.0,strong_buy,24.6,65.1,-59.6,41.4,-74.3,2.59,4.17,0.88,33.0,1.4,0.69,True,-2.76,5.0,4.4,35.0,2026-10-20,False,False,6,NEUTRAL,3.5,19.4,5.9,15.1,39.1,2.59,24.0,2026-09-15T04:52:07.880044
BR,"Broadridge Financial Solutions, Inc.",63.0,⭐⭐ GOOD,🟡 Good,USD,USD,False,True,True,1.0,,80.0,50.0,45.0,80.0,55.0,15.0,24.8,False,up,6.4,True,1,7.5,False,0,"{'eps_growth_yoy': 6.4, 'positive_quarters': 4, 'earnings_accelerating': True, 'eps_accel_quarters': 1, 'profit_margin_pct': 15.0}","{'revenue_growth_yoy': 7.5, 'revenue_accelerating': False, 'rev_accel_quarters': 0}","{'rs_3m': 21.8, 'rs_6m': -15.4, 'rs_line_percentile': 24.8, 'rs_line_at_new_high': False, 'rs_line_trend': 'up', 'rs_line_score': 15}","{'roe_pct': 40.9, 'debt_to_equity': 1.24, 'current_ratio': 1.24, 'operating_margin_pct': 24.6}","{'days_to_earnings': 'N/A', 'recommendation': 'none', 'analyst_upside_pct': 22.4}",174.39,20169650176,Technology,Information Technology Services,2.9,2.2,False,253.36,-31.2,3,False,213.38,250.0,176.0,8.0,none,22.4,190.66,9.3,95.9,-45.0,5.92,10.33,2.6,40.6,4.36,1.69,True,-2.99,13.9,4.2,49.0,2026-11-03,False,False,8,STRONG,6.77,211.6,1.79,29.6,0.4,0.01,-29.2,2026-09-15T04:53:13.805021
AZO,"AutoZone, Inc.",63.0,⭐⭐ GOOD,🟡 Good,USD,USD,False,True,True,1.0,"FCF declarado (903,784,256) se aparta del derivado de flujo operativo menos capex (1,745,085,016)",90.0,70.0,24.0,45.0,70.0,15.0,4.9,False,flat,5.4,True,2,8.4,True,2,"{'eps_growth_yoy': 5.4, 'positive_quarters': 4, 'earnings_accelerating': True, 'eps_accel_quarters': 2, 'profit_margin_pct': 12.4}","{'revenue_growth_yoy': 8.4, 'revenue_accelerating': True, 'rev_accel_quarters': 2}","{'rs_3m': -5.6, 'rs_6m': -29.3, 'rs_line_percentile': 4.9, 'rs_line_at_new_high': False, 'rs_line_trend': 'flat', 'rs_line_score': 15}","{'current_ratio': 0.89, 'operating_margin_pct': 19.1}","{'days_to_earnings': 'N/A', 'recommendation': 'strong_buy', 'analyst_upside_pct': 32.0}",2965.52,48413167616,Consumer Cyclical,Auto Parts,3.0,1.9,False,4332.68,-31.6,0,False,3913.57,4800.0,3200.0,23.0,strong_buy,32.0,992.84,-66.5,1452.8,-51.0,1.87,55.36,,,,,True,-3.65,7.5,7.7,7.0,2026-09-22,True,False,6,NEUTRAL,5.91,35.3,2.2,23.9,,,,2026-09-15T04:55:01.634504
ROL,"Rollins, Inc.",62.8,⭐⭐ GOOD,🟡 Good,USD,USD,False,True,True,1.0,,90.0,70.0,15.0,65.0,55.0,15.0,2.2,False,down,1.7,True,2,7.9,True,2,"{'eps_growth_yoy': 1.7, 'positive_quarters': 4, 'earnings_accelerating': True, 'eps_accel_quarters': 2, 'profit_margin_pct': 13.6}","{'revenue_growth_yoy': 7.9, 'revenue_accelerating': True, 'rev_accel_quarters': 2}","{'rs_3m': -25.4, 'rs_6m': -49.6, 'rs_line_percentile': 2.2, 'rs_line_at_new_high': False, 'rs_line_trend': 'down', 'rs_line_score': 15}","{'roe_pct': 37.0, 'debt_to_equity': 0.78, 'current_ratio': 0.63, 'operating_margin_pct': 18.8}","{'days_to_earnings': 'N/A', 'recommendation': 'hold', 'analyst_upside_pct': 29.1}",35.31,16989245440,Consumer Cyclical,Personal Services,5.2,3.3,False,66.14,-46.6,0,False,45.59,66.0,32.0,17.0,hold,29.1,15.41,-56.4,11.0,-68.8,2.95,1.04,2.1,64.9,0.73,1.15,True,-1.44,21.8,1.2,43.0,2026-10-28,False,False,6,NEUTRAL,4.05,132.5,8.76,19.4,,,,2026-09-15T04:52:33.207657
FDS,FactSet Research Systems Inc.,62.5,⭐⭐ GOOD,🟡 Good,USD,USD,False,True,True,1.0,,65.0,60.0,62.3,70.0,50.0,35.0,38.8,False,up,-14.7,True,1,6.4,True,1,"{'eps_growth_yoy': -14.7, 'positive_quarters': 4, 'earnings_accelerating': True, 'eps_accel_quarters': 1, 'profit_margin_pct': 23.2}","{'revenue_growth_yoy': 6.4, 'revenue_accelerating': True, 'rev_accel_quarters': 1}","{'rs_3m': 16.8, 'rs_6m': 20.3, 'rs_line_percentile': 38.8, 'rs_line_at_new_high': False, 'rs_line_trend': 'up', 'rs_line_score': 35}","{'roe_pct': 27.0, 'debt_to_equity': 0.77, 'current_ratio': 0.68, 'operating_margin_pct': 30.5}","{'days_to_earnings': 'N/A', 'recommendation': 'hold', 'analyst_upside_pct': -4.1}",276.93,9849165824,Financial Services,Financial Data & Stock Exchanges,14.5,5.6,True,364.83,-24.1,6,False,265.56,340.0,210.0,16.0,hold,-4.1,256.99,-7.2,151.7,-45.2,6.31,17.47,1.79,29.4,4.64,1.04,True,-6.22,14.1,-3.8,15.0,2026-09-30,False,True,6,NEUTRAL,6.99,187.1,,49.9,0.8,0.02,-49.1,2026-09-15T04:56:43.448208
NOW,"ServiceNow, Inc.",62.3,⭐⭐ GOOD,🟡 Good,USD,USD,False,True,True,1.0,,50.0,90.0,56.6,50.0,60.0,35.0,39.8,False,up,-22.6,False,0,24.0,True,2,"{'eps_growth_yoy': -22.6, 'positive_quarters': 4, 'earnings_accelerating': False, 'eps_accel_quarters': 0, 'profit_margin_pct': 11.3}","{'revenue_growth_yoy': 24.0, 'revenue_accelerating': True, 'rev_accel_quarters': 2}","{'rs_3m': 35.6, 'rs_6m': 9.6, 'rs_line_percentile': 39.8, 'rs_line_at_new_high': False, 'rs_line_trend': 'up', 'rs_line_score': 35}","{'roe_pct': 14.2, 'debt_to_equity': 0.68, 'current_ratio': 0.7, 'operating_margin_pct': 4.1}","{'days_to_earnings': 'N/A', 'recommendation': 'strong_buy', 'analyst_upside_pct': 1.0}",142.35,147170263040,Technology,Software - Application,2.9,1.6,False,194.726,-26.9,4,False,143.84,248.0,72.0,46.0,strong_buy,1.0,73.29,-48.5,16.0,-88.8,3.5,4.98,,,,,True,-2.31,29.3,-21.9,43.0,2026-10-28,False,False,4,NEUTRAL,1.51,73.1,,68.2,,,,2026-09-15T04:55:42.112551
TYL,"Tyler Technologies, Inc.",62.2,⭐⭐ GOOD,🟡 Good,USD,USD,False,True,True,1.0,,80.0,50.0,45.0,75.0,55.0,15.0,22.6,False,up,10.5,False,0,8.2,False,0,"{'eps_growth_yoy': 10.5, 'positive_quarters': 4, 'earnings_accelerating': False, 'eps_accel_quarters': 0, 'profit_margin_pct': 13.4}","{'revenue_growth_yoy': 8.2, 'revenue_accelerating': False, 'rev_accel_quarters': 0}","{'rs_3m': 23.0, 'rs_6m': -11.2, 'rs_line_percentile': 22.6, 'rs_line_at_new_high': False, 'rs_line_trend': 'up', 'rs_line_score': 15}","{'roe_pct': 9.7, 'debt_to_equity': 0.48, 'current_ratio': 1.55, 'operating_margin_pct': 14.7}","{'days_to_earnings': 'N/A', 'recommendation': 'none', 'analyst_upside_pct': 18.7}",359.54,14723980288,Technology,Software - Application,10.9,4.0,True,547.93,-34.4,3,False,426.64,525.0,335.0,22.0,none,18.7,356.81,-0.8,117.95,-67.2,4.04,14.52,,,,,True,-6.3,65.3,7.8,43.0,2026-10-28,False,False,8,STRONG,2.6,139.0,1.51,45.3,,,,2026-09-15T04:54:17.613011
DVA,DaVita Inc.,62.0,⭐⭐ GOOD,🟡 Good,USD,USD,False,True,True,1.0,"FCF declarado (1,042,460,032) se aparta del derivado de flujo operativo menos capex (1,617,291,072)",75.0,50.0,62.4,60.0,55.0,60.0,54.5,False,down,21.2,False,0,6.0,False,0,"{'eps_growth_yoy': 21.2, 'positive_quarters': 4, 'earnings_accelerating': False, 'eps_accel_quarters': 0, 'profit_margin_pct': 6.0}","{'revenue_growth_yoy': 6.0, 'revenue_accelerating': False, 'rev_accel_quarters': 0}","{'rs_3m': -10.8, 'rs_6m': 13.4, 'rs_line_percentile': 54.5, 'rs_line_at_new_high': False, 'rs_line_trend': 'down', 'rs_line_score': 60}","{'roe_pct': 88.5, 'debt_to_equity': 12.42, 'current_ratio': 1.47, 'operating_margin_pct': 16.1}","{'days_to_earnings': 'N/A', 'recommendation': 'none', 'analyst_upside_pct': 15.4}",189.32,12151504896,Healthcare,Medical Care Facilities,14.4,4.7,True,247.49,-23.5,6,False,218.43,270.0,165.0,7.0,none,15.4,688.77,263.8,354.0,87.0,8.58,16.24,,,,,True,-13.56,3.3,27.9,43.0,2026-10-28,False,False,6,NEUTRAL,7.23,31.4,0.2,25.2,0.4,0.02,-24.8,2026-09-15T04:58:14.633422
CP,Canadian Pacific Kansas City Limited,62.0,⭐⭐ GOOD,🟡 Good,USD,CAD,True,True,True,1.0,"FCF declarado (1,567,935,815) se aparta del derivado de flujo operativo menos capex (813,308,111)",65.0,70.0,54.0,55.0,60.0,60.0,56.4,False,flat,-17.0,True,1,12.6,True,1,"{'eps_growth_yoy': -17.0, 'positive_quarters': 4, 'earnings_accelerating': True, 'eps_accel_quarters': 1, 'profit_margin_pct': 25.0}","{'revenue_growth_yoy': 12.6, 'revenue_accelerating': True, 'rev_accel_quarters': 1}","{'rs_3m': -0.3, 'rs_6m': -4.3, 'rs_line_percentile': 56.4, 'rs_line_at_new_high': False, 'rs_line_trend': 'flat', 'rs_line_score': 60}","{'roe_pct': 8.2, 'debt_to_equity': 0.53, 'current_ratio': 0.59, 'operating_margin_pct': 39.0}","{'days_to_earnings': 'N/A', 'recommendation': 'buy', 'analyst_upside_pct': 12.2}",89.77,78914936832,Industrials,Railroads,2.3,8.1,False,96.9,-7.4,6,False,100.69,110.42,75.64,13.0,buy,12.2,26.24,-70.8,31.1,-65.4,1.99,1.78,0.85,22.1,0.76,0.76,True,-5.28,6.6,-13.5,43.0,2026-10-28,False,False,7,NEUTRAL,6.07,11.8,,21.5,0.4,0.02,-21.1,2026-09-15T04:57:34.787754
AXP,American Express Company,62.0,⭐⭐ GOOD,🟡 Good,USD,USD,False,True,True,1.0,,70.0,60.0,36.0,85.0,60.0,15.0,19.8,False,down,7.8,False,0,10.0,True,1,"{'eps_growth_yoy': 7.8, 'positive_quarters': 4, 'earnings_accelerating': False, 'eps_accel_quarters': 0, 'profit_margin_pct': 16.1}","{'revenue_growth_yoy': 10.0, 'revenue_accelerating': True, 'rev_accel_quarters': 1}","{'rs_3m': -3.1, 'rs_6m': -3.8, 'rs_line_percentile': 19.8, 'rs_line_at_new_high': False, 'rs_line_trend': 'down', 'rs_line_score': 15}","{'roe_pct': 34.4, 'debt_to_equity': 1.72, 'current_ratio': 1.55, 'operating_margin_pct': 20.3}","{'days_to_earnings': 'N/A', 'recommendation': 'buy', 'analyst_upside_pct': 14.7}",327.78,221353050112,Financial Services,Credit Services,2.0,4.5,False,387.49,-15.4,2,False,375.96,450.0,315.0,25.0,buy,14.7,486.59,48.5,181.39,-44.7,7.23,23.7,1.17,21.5,3.8,1.1,True,-3.37,,7.7,38.0,2026-10-23,False,False,4,NEUTRAL,,,1.48,17.9,0.8,0.04,-17.1,2026-09-15T04:57:24.091203
TJX,"The TJX Companies, Inc.",61.8,⭐⭐ GOOD,🟡 Good,USD,USD,False,True,True,1.0,"FCF declarado (4,398,125,056) se aparta del derivado de flujo operativo menos capex (6,076,999,872)",85.0,60.0,15.0,75.0,70.0,15.0,0.9,False,down,22.3,True,1,5.4,True,1,"{'eps_growth_yoy': 22.3, 'positive_quarters': 4, 'earnings_accelerating': True, 'eps_accel_quarters': 1, 'profit_margin_pct': 9.7}","{'revenue_growth_yoy': 5.4, 'revenue_accelerating': True, 'rev_accel_quarters': 1}","{'rs_3m': -25.5, 'rs_6m': -33.1, 'rs_line_percentile': 0.9, 'rs_line_at_new_high': False, 'rs_line_trend': 'down', 'rs_line_score': 15}","{'roe_pct': 62.2, 'debt_to_equity': 1.34, 'current_ratio': 1.15, 'operating_margin_pct': 10.9}","{'days_to_earnings': 'N/A', 'recommendation': 'buy', 'analyst_upside_pct': 34.8}",125.99,139181703168,Consumer Cyclical,Apparel Retail,2.0,3.1,False,170.0,-25.9,1,False,169.8,198.0,136.0,20.0,buy,34.8,133.55,6.0,127.68,1.3,3.16,3.98,1.52,32.5,1.92,1.35,True,-2.01,108.3,23.6,64.0,2026-11-18,False,False,7,NEUTRAL,5.02,36.2,0.92,19.7,,,,2026-09-15T04:57:30.798061
MSCI,MSCI Inc.,61.7,⭐⭐ GOOD,🟡 Good,USD,USD,False,True,True,1.0,,85.0,60.0,36.0,50.0,65.0,15.0,8.3,False,down,12.6,False,0,12.2,False,0,"{'eps_growth_yoy': 12.6, 'positive_quarters': 4, 'earnings_accelerating': False, 'eps_accel_quarters': 0, 'profit_margin_pct': 40.7}","{'revenue_growth_yoy': 12.2, 'revenue_accelerating': False, 'rev_accel_quarters': 0}","{'rs_3m': -10.1, 'rs_6m': -12.9, 'rs_line_percentile': 8.3, 'rs_line_at_new_high': False, 'rs_line_trend': 'down', 'rs_line_score': 15}","{'current_ratio': 0.89, 'operating_margin_pct': 56.3}","{'days_to_earnings': 'N/A', 'recommendation': 'strong_buy', 'analyst_upside_pct': 25.0}",553.65,40250355712,Financial Services,Financial Data & Stock Exchanges,1.9,2.0,False,644.77,-14.1,3,False,692.06,760.0,570.0,17.0,strong_buy,25.0,473.77,-14.4,358.68,-35.2,2.97,16.43,1.48,42.1,8.2,1.01,True,-6.75,7.2,19.6,35.0,2026-10-20,False,False,8,STRONG,3.67,851.3,1.26,24.4,,,,2026-09-15T04:53:32.756474
PEP,"PepsiCo, Inc.",61.5,⭐⭐ GOOD,🟡 Good,USD,USD,False,True,True,1.0,,100.0,60.0,24.0,45.0,50.0,15.0,4.3,False,down,136.0,True,1,6.4,True,1,"{'eps_growth_yoy': 136.0, 'positive_quarters': 4, 'earnings_accelerating': True, 'eps_accel_quarters': 1, 'profit_margin_pct': 10.8}","{'revenue_growth_yoy': 6.4, 'revenue_accelerating': True, 'rev_accel_quarters': 1}","{'rs_3m': -6.8, 'rs_6m': -26.0, 'rs_line_percentile': 4.3, 'rs_line_at_new_high': False, 'rs_line_trend': 'down', 'rs_line_score': 15}","{'roe_pct': 51.5, 'debt_to_equity': 2.39, 'current_ratio': 0.93, 'operating_margin_pct': 16.8}","{'days_to_earnings': 'N/A', 'recommendation': 'hold', 'analyst_upside_pct': 13.7}",136.34,186240434176,Consumer Defensive,Beverages - Non-Alcoholic,1.7,3.2,False,171.48,-20.5,2,False,155.0,183.0,124.0,22.0,hold,13.7,243.14,78.3,228.9,67.9,4.21,5.73,4.34,75.3,5.92,3.03,True,-0.53,12.7,54.8,23.0,2026-10-08,False,False,5,NEUTRAL,4.97,33.8,0.11,15.8,,,,2026-09-15T04:57:19.973057
MCD,McDonald's Corporation,61.5,⭐⭐ GOOD,🟡 Good,USD,USD,False,True,True,1.0,,85.0,60.0,24.0,65.0,65.0,15.0,5.0,False,down,4.8,True,1,3.8,True,1,"{'eps_growth_yoy': 4.8, 'positive_quarters': 4, 'earnings_accelerating': True, 'eps_accel_quarters': 1, 'profit_margin_pct': 31.7}","{'revenue_growth_yoy': 3.8, 'revenue_accelerating': True, 'rev_accel_quarters': 1}","{'rs_3m': -10.4, 'rs_6m': -34.4, 'rs_line_percentile': 5.0, 'rs_line_at_new_high': False, 'rs_line_trend': 'down', 'rs_line_score': 15}","{'current_ratio': 1.08, 'operating_margin_pct': 46.5}","{'days_to_earnings': 'N/A', 'recommendation': 'buy', 'analyst_upside_pct': 22.3}",257.49,182210609152,Consumer Cyclical,Restaurants,1.9,2.7,False,341.75,-24.7,1,False,314.81,407.0,250.0,31.0,buy,22.3,146.0,-43.3,123.0,-52.2,3.44,8.85,2.95,59.7,7.44,2.24,True,-1.28,7.9,4.0,51.0,2026-11-05,False,False,6,NEUTRAL,5.29,29.1,3.23,18.9,,,,2026-09-15T04:55:12.725689
ERIE,Erie Indemnity Company,61.3,⭐⭐ GOOD,🟡 Good,USD,USD,False,True,False,0.8833,"acciones × precio no cuadra con la capitalización (ratio 0.8833): el dato por acción y el precio no están en la misma unidad — típico de ADR. Los ratios por acción (EPS, FCF/acción, DCF) no son utilizables",70.0,50.0,50.3,85.0,50.0,35.0,27.8,False,flat,3.2,False,0,1.7,False,0,"{'eps_growth_yoy': 3.2, 'positive_quarters': 4, 'earnings_accelerating': False, 'eps_accel_quarters': 0, 'profit_margin_pct': 14.0}","{'revenue_growth_yoy': 1.7, 'revenue_accelerating': False, 'rev_accel_quarters': 0}","{'rs_3m': 12.9, 'rs_6m': -10.5, 'rs_line_percentile': 27.8, 'rs_line_at_new_high': False, 'rs_line_trend': 'flat', 'rs_line_score': 35}","{'roe_pct': 24.8, 'debt_to_equity': 0.03, 'current_ratio': 1.25, 'operating_margin_pct': 19.1}","{'days_to_earnings': 'N/A', 'recommendation': 'none'}",253.88,13275352064,Financial Services,Insurance Brokers,10.5,7.8,True,330.54,-23.2,3,False,,,,,none,,,,,,3.62,10.42,2.39,64.6,5.85,1.8,False,,,1.6,44.0,2026-10-29,False,False,4,NEUTRAL,,,5.66,36.5,,,,2026-09-15T04:54:35.697103
STZ,"Constellation Brands, Inc.",60.8,⭐⭐ GOOD,🟡 Good,USD,USD,False,True,True,0.9997,,100.0,40.0,24.0,60.0,70.0,15.0,7.5,False,down,26.7,True,1,-3.3,True,1,"{'eps_growth_yoy': 26.7, 'positive_quarters': 4, 'earnings_accelerating': True, 'eps_accel_quarters': 1, 'profit_margin_pct': 20.1}","{'revenue_growth_yoy': -3.3, 'revenue_accelerating': True, 'rev_accel_quarters': 1}","{'rs_3m': -16.0, 'rs_6m': -30.4, 'rs_line_percentile': 7.5, 'rs_line_at_new_high': False, 'rs_line_trend': 'down', 'rs_line_score': 15}","{'roe_pct': 23.7, 'debt_to_equity': 1.23, 'current_ratio': 0.91, 'operating_margin_pct': 35.9}","{'days_to_earnings': 'N/A', 'recommendation': 'buy', 'analyst_upside_pct': 36.2}",125.0,21350543360,Consumer Defensive,Beverages - Brewers,5.5,4.8,False,168.6,-25.9,1,False,170.22,209.0,115.0,23.0,buy,36.2,549.0,339.2,314.7,151.8,10.35,12.95,3.36,39.0,4.12,1.81,True,-3.94,8.2,21.5,21.0,2026-10-06,False,True,6,NEUTRAL,8.54,29.4,0.33,35.2,,,,2026-09-15T04:58:42.803430
TNE.AX,Technology One Limited,60.8,⭐⭐ GOOD,🟡 Good,AUD,AUD,False,True,True,1.0,,60.0,50.0,50.0,95.0,60.0,,,,,,,0,,,0,{'profit_margin_pct': 22.4},{},"{'rs_3m': -5.8, 'rs_6m': -3.2}","{'roe_pct': 33.5, 'debt_to_equity': 0.12, 'current_ratio': 1.12, 'operating_margin_pct': 27.1}","{'days_to_earnings': 'N/A', 'recommendation': 'buy', 'analyst_upside_pct': 9.2}",28.54,9343098880,Technology,Software - Application,,,False,39.99,-28.6,3,False,31.16,34.25,22.0,16.0,buy,9.2,7.85,-72.5,4.3,-84.9,1.63,0.46,0.99,62.2,0.28,0.97,,,,4.4,63.0,2026-11-17,False,False,3,NEUTRAL,2.05,162.9,7.47,27.8,,,,2026-09-15T04:57:12.467371
ETN,Eaton Corporation plc,60.8,⭐⭐ GOOD,🟡 Good,USD,USD,False,True,True,1.0,,50.0,80.0,44.0,70.0,65.0,35.0,38.7,False,down,-10.2,False,0,16.8,True,2,"{'eps_growth_yoy': -10.2, 'positive_quarters': 4, 'earnings_accelerating': False, 'eps_accel_quarters': 0, 'profit_margin_pct': 12.8}","{'revenue_growth_yoy': 16.8, 'revenue_accelerating': True, 'rev_accel_quarters': 2}","{'rs_3m': -4.2, 'rs_6m': -4.9, 'rs_line_percentile': 38.7, 'rs_line_at_new_high': False, 'rs_line_trend': 'down', 'rs_line_score': 35}","{'roe_pct': 19.7, 'debt_to_equity': 1.05, 'current_ratio': 1.24, 'operating_margin_pct': 16.6}","{'days_to_earnings': 'N/A', 'recommendation': 'buy', 'analyst_upside_pct': 21.6}",393.16,152664031232,Industrials,Specialty Industrial Machinery,1.9,3.6,False,478.0,-17.7,4,False,478.17,534.0,333.0,25.0,buy,21.6,117.7,-70.1,98.3,-75.0,2.03,8.0,1.03,43.6,4.4,1.55,True,-0.82,16.1,-15.9,49.0,2026-11-03,False,False,7,NEUTRAL,2.98,64.1,,44.8,0.8,0.02,-44.0,2026-09-15T04:56:18.535722
DPZ,"Domino's Pizza, Inc.",60.6,⭐⭐ GOOD,🟡 Good,USD,USD,False,True,True,1.0,,80.0,60.0,26.7,65.0,65.0,15.0,13.6,False,up,3.6,True,1,4.3,True,1,"{'eps_growth_yoy': 3.6, 'positive_quarters': 4, 'earnings_accelerating': True, 'eps_accel_quarters': 1, 'profit_margin_pct': 11.9}","{'revenue_growth_yoy': 4.3, 'revenue_accelerating': True, 'rev_accel_quarters': 1}","{'rs_3m': 1.2, 'rs_6m': -31.3, 'rs_line_percentile': 13.6, 'rs_line_at_new_high': False, 'rs_line_trend': 'up', 'rs_line_score': 15}","{'current_ratio': 1.54, 'operating_margin_pct': 19.1}","{'days_to_earnings': 'N/A', 'recommendation': 'buy', 'analyst_upside_pct': 17.7}",323.77,10710873088,Consumer Cyclical,Restaurants,10.0,3.5,True,450.03,-28.1,0,False,381.0,450.0,270.0,28.0,buy,17.7,277.55,-14.3,176.4,-45.5,4.96,16.07,2.55,42.3,7.96,1.25,True,-3.63,4.9,4.8,28.0,2026-10-13,False,False,8,STRONG,6.17,107.8,2.28,38.2,,,,2026-09-15T04:58:50.350839
POOL,Pool Corporation,60.3,⭐⭐ GOOD,🟡 Good,USD,USD,False,True,True,1.0,"FCF declarado (212,930,256) se aparta del derivado de flujo operativo menos capex (310,312,016)",65.0,70.0,24.0,80.0,65.0,15.0,0.0,False,down,-3.2,True,2,2.2,True,2,"{'eps_growth_yoy': -3.2, 'positive_quarters': 4, 'earnings_accelerating': True, 'eps_accel_quarters': 2, 'profit_margin_pct': 7.4}","{'revenue_growth_yoy': 2.2, 'revenue_accelerating': True, 'rev_accel_quarters': 2}","{'rs_3m': -10.6, 'rs_6m': -30.9, 'rs_line_percentile': 0.0, 'rs_line_at_new_high': False, 'rs_line_trend': 'down', 'rs_line_score': 15}","{'roe_pct': 31.3, 'debt_to_equity': 1.35, 'current_ratio': 2.67, 'operating_margin_pct': 15.1}","{'days_to_earnings': 'N/A', 'recommendation': 'buy', 'analyst_upside_pct': 27.8}",171.76,6241886720,Industrials,Industrial Distribution,11.3,5.8,True,336.15,-48.9,0,False,219.5,260.0,185.0,12.0,buy,27.8,86.21,-49.8,108.8,-36.7,3.41,5.86,3.01,46.4,5.2,1.26,True,-4.41,16.2,,37.0,2026-10-22,False,False,5,NEUTRAL,7.34,34.5,1.95,29.3,,,,2026-09-15T04:58:39.250284
MRSH,"Marsh & McLennan Companies, Inc.",59.8,⭐ AVERAGE,🟡 Average,USD,USD,False,True,True,1.0,,70.0,50.0,46.7,80.0,50.0,35.0,27.4,False,up,4.5,False,0,6.2,False,0,"{'eps_growth_yoy': 4.5, 'positive_quarters': 4, 'earnings_accelerating': False, 'eps_accel_quarters': 0, 'profit_margin_pct': 14.2}","{'revenue_growth_yoy': 6.2, 'revenue_accelerating': False, 'rev_accel_quarters': 0}","{'rs_3m': 8.1, 'rs_6m': -9.4, 'rs_line_percentile': 27.4, 'rs_line_at_new_high': False, 'rs_line_trend': 'up', 'rs_line_score': 35}","{'roe_pct': 25.9, 'debt_to_equity': 1.45, 'current_ratio': 1.14, 'operating_margin_pct': 26.3}","{'days_to_earnings': 'N/A', 'recommendation': 'none', 'analyst_upside_pct': 14.8}",180.43,86103228416,Financial Services,Insurance Brokers,1.4,3.4,False,207.83,-13.2,4,False,207.1,238.0,182.0,21.0,none,14.8,176.87,-2.0,81.9,-54.6,5.56,10.03,2.24,44.0,3.96,1.48,True,-3.37,6.6,3.6,30.0,2026-10-15,False,False,6,NEUTRAL,6.07,146.7,2.17,21.6,,,,2026-09-15T04:52:51.716199
CME,CME Group Inc.,59.7,⭐ AVERAGE,🟡 Average,USD,USD,False,True,True,1.0,"FCF declarado (2,909,012,480) se aparta del derivado de flujo operativo menos capex (4,225,500,192)",75.0,50.0,34.7,85.0,50.0,35.0,42.4,False,up,1.6,False,0,0.8,False,0,"{'eps_growth_yoy': 1.6, 'positive_quarters': 4, 'earnings_accelerating': False, 'eps_accel_quarters': 0, 'profit_margin_pct': 63.4}","{'revenue_growth_yoy': 0.8, 'revenue_accelerating': False, 'rev_accel_quarters': 0}","{'rs_3m': 4.8, 'rs_6m': -24.1, 'rs_line_percentile': 42.4, 'rs_line_at_new_high': False, 'rs_line_trend': 'up', 'rs_line_score': 35}","{'roe_pct': 15.8, 'debt_to_equity': 0.15, 'current_ratio': 1.02, 'operating_margin_pct': 65.0}","{'days_to_earnings': 'N/A', 'recommendation': 'hold', 'analyst_upside_pct': 1.1}",280.46,100847599616,Financial Services,Financial Data & Stock Exchanges,1.8,2.9,False,329.16,-14.8,5,False,283.6,330.0,230.0,15.0,hold,1.1,119.04,-57.6,117.9,-58.0,2.88,8.09,1.89,95.4,5.2,3.59,True,-1.48,33.0,1.0,36.0,2026-10-21,False,False,6,NEUTRAL,5.37,101.4,8.68,20.6,,,,2026-09-15T04:52:58.927559
CB,Chubb Limited,59.6,⭐ AVERAGE,🟡 Average,USD,USD,False,True,True,1.0,,60.0,70.0,46.7,65.0,50.0,35.0,44.0,False,down,-3.8,True,1,7.2,True,2,"{'eps_growth_yoy': -3.8, 'positive_quarters': 4, 'earnings_accelerating': True, 'eps_accel_quarters': 1, 'profit_margin_pct': 18.1}","{'revenue_growth_yoy': 7.2, 'revenue_accelerating': True, 'rev_accel_quarters': 2}","{'rs_3m': 3.8, 'rs_6m': -10.1, 'rs_line_percentile': 44.0, 'rs_line_at_new_high': False, 'rs_line_trend': 'down', 'rs_line_score': 35}","{'roe_pct': 14.8, 'debt_to_equity': 0.31, 'current_ratio': 0.41, 'operating_margin_pct': 23.5}","{'days_to_earnings': 'N/A', 'recommendation': 'none', 'analyst_upside_pct': 7.1}",341.85,131885686784,Financial Services,Insurance - Property & Casualty,0.9,2.0,False,365.91,-6.6,5,False,366.13,425.0,306.0,23.0,none,7.1,400.01,17.0,282.1,-17.5,7.95,27.19,1.21,13.9,4.08,1.43,True,-3.41,18.9,-0.4,42.0,2026-10-27,False,False,6,NEUTRAL,8.94,,,17.4,,,,2026-09-15T04:56:39.930638
AJG,Arthur J. Gallagher & Co.,59.5,⭐ AVERAGE,🟡 Average,USD,USD,False,True,True,1.0,,50.0,70.0,53.9,65.0,65.0,35.0,36.5,False,flat,-12.0,False,0,24.2,False,0,"{'eps_growth_yoy': -12.0, 'positive_quarters': 4, 'earnings_accelerating': False, 'eps_accel_quarters': 0, 'profit_margin_pct': 10.4}","{'revenue_growth_yoy': 24.2, 'revenue_accelerating': False, 'rev_accel_quarters': 0}","{'rs_3m': 16.7, 'rs_6m': 6.0, 'rs_line_percentile': 36.5, 'rs_line_at_new_high': False, 'rs_line_trend': 'flat', 'rs_line_score': 35}","{'roe_pct': 6.7, 'debt_to_equity': 0.59, 'current_ratio': 1.05, 'operating_margin_pct': 19.2}","{'days_to_earnings': 'N/A', 'recommendation': 'buy', 'analyst_upside_pct': 15.2}",253.3,64931172352,Financial Services,Insurance Brokers,2.6,5.1,False,313.55,-19.2,5,False,291.72,388.0,253.0,18.0,buy,15.2,119.53,-52.8,60.3,-76.2,3.21,8.12,1.17,44.8,2.8,1.01,True,-0.74,4.1,-10.7,44.0,2026-10-29,False,False,6,NEUTRAL,3.23,77.9,,36.7,,,,2026-09-15T04:54:50.500178
WM,"Waste Management, Inc.",59.5,⭐ AVERAGE,🟡 Average,USD,USD,False,True,True,1.0,"FCF declarado (2,348,375,040) se aparta del derivado de flujo operativo menos capex (3,290,000,192)",80.0,70.0,24.0,45.0,65.0,15.0,10.9,False,down,8.1,True,1,4.0,True,2,"{'eps_growth_yoy': 8.1, 'positive_quarters': 4, 'earnings_accelerating': True, 'eps_accel_quarters': 1, 'profit_margin_pct': 11.1}","{'revenue_growth_yoy': 4.0, 'revenue_accelerating': True, 'rev_accel_quarters': 2}","{'rs_3m': -0.1, 'rs_6m': -21.5, 'rs_line_percentile': 10.9, 'rs_line_at_new_high': False, 'rs_line_trend': 'down', 'rs_line_score': 15}","{'roe_pct': 29.8, 'debt_to_equity': 2.35, 'current_ratio': 0.91, 'operating_margin_pct': 19.0}","{'days_to_earnings': 'N/A', 'recommendation': 'buy', 'analyst_upside_pct': 19.2}",218.09,87173890048,Industrials,Waste Management,1.5,2.8,False,248.13,-12.1,4,False,259.92,277.0,220.0,25.0,buy,19.2,108.01,-50.5,70.7,-67.6,2.69,5.88,1.77,50.1,3.78,1.49,True,-1.15,5.0,8.3,41.0,2026-10-26,False,False,8,STRONG,3.94,21.3,2.88,15.1,0.8,0.05,-14.3,2026-09-15T04:52:11.483710
CPRT,"Copart, Inc.",59.1,⭐ AVERAGE,🟡 Average,USD,USD,False,True,True,1.0,,65.0,60.0,26.7,85.0,65.0,15.0,15.2,False,up,-1.0,True,1,2.1,True,1,"{'eps_growth_yoy': -1.0, 'positive_quarters': 4, 'earnings_accelerating': True, 'eps_accel_quarters': 1, 'profit_margin_pct': 31.8}","{'revenue_growth_yoy': 2.1, 'revenue_accelerating': True, 'rev_accel_quarters': 1}","{'rs_3m': 3.7, 'rs_6m': -20.7, 'rs_line_percentile': 15.2, 'rs_line_at_new_high': False, 'rs_line_trend': 'up', 'rs_line_score': 15}","{'roe_pct': 16.2, 'debt_to_equity': 0.01, 'current_ratio': 7.91, 'operating_margin_pct': 32.0}","{'days_to_earnings': 'N/A', 'recommendation': 'buy', 'analyst_upside_pct': 26.1}",31.73,30565775360,Industrials,Specialty Business Services,5.1,3.7,False,48.77,-34.9,1,False,40.0,55.0,25.0,10.0,buy,26.1,13.52,-57.4,15.5,-51.2,2.9,0.92,,,,,True,-4.63,,-10.2,65.0,2026-11-19,False,False,6,NEUTRAL,6.78,19.3,,52.1,3.1,0.06,-49.0,2026-09-15T04:52:47.873664
LIN,Linde plc,58.5,⭐ AVERAGE,🟡 Average,USD,USD,False,True,True,1.0,,75.0,60.0,24.0,65.0,65.0,15.0,19.1,False,down,9.2,False,0,9.3,True,1,"{'eps_growth_yoy': 9.2, 'positive_quarters': 4, 'earnings_accelerating': False, 'eps_accel_quarters': 0, 'profit_margin_pct': 20.4}","{'revenue_growth_yoy': 9.3, 'revenue_accelerating': True, 'rev_accel_quarters': 1}","{'rs_3m': -11.7, 'rs_6m': -20.4, 'rs_line_percentile': 19.1, 'rs_line_at_new_high': False, 'rs_line_trend': 'down', 'rs_line_score': 15}","{'roe_pct': 18.4, 'debt_to_equity': 0.69, 'current_ratio': 0.88, 'operating_margin_pct': 28.1}","{'days_to_earnings': 'N/A', 'recommendation': 'buy', 'analyst_upside_pct': 17.2}",464.41,214083796992,Basic Materials,Specialty Chemicals,1.2,2.5,False,548.2,-15.3,3,False,544.4,580.0,400.0,25.0,buy,17.2,187.6,-59.6,174.92,-62.3,1.94,9.03,1.37,40.0,6.4,1.3,True,-1.9,21.3,11.3,45.0,2026-10-30,False,False,5,NEUTRAL,3.92,31.9,2.1,14.7,,,,2026-09-15T04:52:22.171001
SXYAY,Sika AG,58.2,⭐ AVERAGE,🟡 Average,USD,CHF,True,True,True,1.0,"FCF declarado (1,251,833,384) se aparta del derivado de flujo operativo menos capex (1,676,229,799)",50.0,50.0,68.7,70.0,65.0,60.0,51.0,False,up,,,0,,,0,{'profit_margin_pct': 9.4},{},"{'rs_3m': 10.8, 'rs_6m': 19.8, 'rs_line_percentile': 51.0, 'rs_line_at_new_high': False, 'rs_line_trend': 'up', 'rs_line_score': 60}","{'roe_pct': 16.0, 'debt_to_equity': 0.89, 'current_ratio': 1.3, 'operating_margin_pct': 14.3}","{'days_to_earnings': 'N/A', 'recommendation': 'buy', 'analyst_upside_pct': 15.5}",22.2,35617513472,Basic Materials,Specialty Chemicals,,,False,24.21,-8.3,7,True,25.65,26.3,25.0,2.0,buy,15.5,11.48,-48.3,8.0,-64.0,3.51,0.78,2.04,57.0,0.46,1.36,,,,-0.3,,,False,False,7,NEUTRAL,3.69,45.5,,21.9,,,,2026-09-15T04:56:00.467230
JKHY,"Jack Henry & Associates, Inc.",58.1,⭐ AVERAGE,🟡 Average,USD,USD,False,True,True,1.0,"FCF declarado (352,223,744) se aparta del derivado de flujo operativo menos capex (506,506,000)",50.0,50.0,53.0,90.0,65.0,35.0,44.8,False,up,-12.8,False,0,4.7,False,0,"{'eps_growth_yoy': -12.8, 'positive_quarters': 4, 'earnings_accelerating': False, 'eps_accel_quarters': 0, 'profit_margin_pct': 19.8}","{'revenue_growth_yoy': 4.7, 'revenue_accelerating': False, 'rev_accel_quarters': 0}","{'rs_3m': 25.6, 'rs_6m': -15.2, 'rs_line_percentile': 44.8, 'rs_line_at_new_high': False, 'rs_line_trend': 'up', 'rs_line_score': 35}","{'roe_pct': 24.0, 'debt_to_equity': 0.04, 'current_ratio': 1.17, 'operating_margin_pct': 22.5}","{'days_to_earnings': 'N/A', 'recommendation': 'buy', 'analyst_upside_pct': 15.6}",164.55,11537030144,Technology,Information Technology Services,7.1,4.5,False,193.39,-14.9,5,False,190.25,215.0,170.0,16.0,buy,15.6,73.92,-55.1,69.8,-57.6,3.05,5.02,1.51,34.1,2.44,1.22,True,-3.88,122.2,-10.4,49.0,2026-11-03,False,False,7,NEUTRAL,5.67,210.1,,34.2,0.4,0.01,-33.8,2026-09-15T04:57:53.235396
KVUE,Kenvue Inc.,57.8,⭐ AVERAGE,🟡 Average,USD,USD,False,True,True,1.0,,70.0,50.0,44.0,70.0,50.0,35.0,47.7,False,down,8.6,False,0,3.0,False,0,"{'eps_growth_yoy': 8.6, 'positive_quarters': 4, 'earnings_accelerating': False, 'eps_accel_quarters': 0, 'profit_margin_pct': 10.8}","{'revenue_growth_yoy': 3.0, 'revenue_accelerating': False, 'rev_accel_quarters': 0}","{'rs_3m': -1.8, 'rs_6m': -10.8, 'rs_line_percentile': 47.7, 'rs_line_at_new_high': False, 'rs_line_trend': 'down', 'rs_line_score': 35}","{'roe_pct': 15.6, 'debt_to_equity': 0.82, 'current_ratio': 1.0, 'operating_margin_pct': 19.4}","{'days_to_earnings': 'N/A', 'recommendation': 'hold', 'analyst_upside_pct': 8.9}",17.91,34401054720,Consumer Defensive,Household & Personal Products,4.3,3.4,False,20.13,-11.0,4,False,19.5,23.0,18.0,12.0,hold,8.9,18.41,2.8,8.5,-52.5,5.54,0.99,4.72,97.7,0.84,,True,-0.2,6.2,3.4,51.0,2026-11-05,False,False,7,NEUTRAL,5.8,109.8,1.7,21.5,,,,2026-09-15T04:59:23.871141
OTIS,Otis Worldwide Corporation,57.0,⭐ AVERAGE,🟡 Average,USD,USD,False,True,True,1.0,,80.0,60.0,24.0,45.0,65.0,15.0,5.6,False,down,8.9,True,1,7.3,True,1,"{'eps_growth_yoy': 8.9, 'positive_quarters': 4, 'earnings_accelerating': True, 'eps_accel_quarters': 1, 'profit_margin_pct': 10.2}","{'revenue_growth_yoy': 7.3, 'revenue_accelerating': True, 'rev_accel_quarters': 1}","{'rs_3m': -2.7, 'rs_6m': -29.4, 'rs_line_percentile': 5.6, 'rs_line_at_new_high': False, 'rs_line_trend': 'down', 'rs_line_score': 15}","{'current_ratio': 0.83, 'operating_margin_pct': 15.1}","{'days_to_earnings': 'N/A', 'recommendation': 'buy', 'analyst_upside_pct': 25.7}",70.18,26715375616,Industrials,Specialty Industrial Machinery,4.6,4.8,False,94.565,-25.8,0,False,88.25,105.0,75.0,12.0,buy,25.7,83.98,19.7,50.57,-27.9,5.38,3.77,2.55,43.7,1.76,1.5,True,-3.95,,9.1,43.0,2026-10-28,False,False,6,NEUTRAL,6.33,171.1,1.19,20.8,,,,2026-09-15T04:55:53.293881
INTU,Intuit Inc.,56.8,⭐ AVERAGE,🟡 Average,USD,USD,False,True,True,1.0,"FCF declarado (6,353,625,088) se aparta del derivado de flujo operativo menos capex (8,616,999,616)",55.0,60.0,30.3,85.0,65.0,15.0,14.3,False,up,-4.7,False,0,13.7,False,0,"{'eps_growth_yoy': -4.7, 'positive_quarters': 4, 'earnings_accelerating': False, 'eps_accel_quarters': 0, 'profit_margin_pct': 21.3}","{'revenue_growth_yoy': 13.7, 'revenue_accelerating': False, 'rev_accel_quarters': 0}","{'rs_3m': 19.8, 'rs_6m': -38.8, 'rs_line_percentile': 14.3, 'rs_line_at_new_high': False, 'rs_line_trend': 'up', 'rs_line_score': 15}","{'roe_pct': 23.6, 'debt_to_equity': 0.44, 'current_ratio': 1.51, 'operating_margin_pct': 17.6}","{'days_to_earnings': 'N/A', 'recommendation': 'buy', 'analyst_upside_pct': 19.6}",339.15,90633084928,Technology,Software - Application,3.4,2.0,False,705.08,-51.9,2,False,405.6,732.0,290.0,31.0,buy,19.6,349.84,3.2,164.6,-51.5,7.01,23.78,1.72,29.2,5.52,0.68,True,-5.97,24.5,-1.0,65.0,2026-11-19,False,False,8,STRONG,6.83,92.5,,46.3,0.4,0.01,-45.9,2026-09-15T04:53:39.923728
HESAY,Hermès International Société en commandite par actions,56.5,⭐ AVERAGE,🟡 Average,USD,EUR,True,True,True,1.0,,60.0,50.0,24.0,95.0,70.0,15.0,2.0,False,down,,,0,,,0,{'profit_margin_pct': 28.0},{},"{'rs_3m': -18.7, 'rs_6m': -38.1, 'rs_line_percentile': 2.0, 'rs_line_at_new_high': False, 'rs_line_trend': 'down', 'rs_line_score': 15}","{'roe_pct': 25.5, 'debt_to_equity': 0.12, 'current_ratio': 4.54, 'operating_margin_pct': 42.2}","{'days_to_earnings': 'N/A', 'recommendation': 'strong_buy', 'analyst_upside_pct': 39.0}",163.75,171514511360,Consumer Cyclical,Luxury Goods,,,False,265.89,-38.4,0,False,227.67,238.0,215.0,3.0,strong_buy,39.0,79.68,-51.3,50.0,-69.5,3.31,5.42,1.3,41.8,2.11,0.61,,,,-0.3,149.0,2027-02-11,False,False,8,STRONG,4.23,37.5,,24.1,,,,2026-09-15T04:53:06.193231
SBGSY,Schneider Electric S.E.,55.5,⭐ AVERAGE,🟡 Average,USD,EUR,True,True,True,1.0,,55.0,50.0,44.0,75.0,65.0,35.0,37.0,False,flat,,,0,,,0,{'profit_margin_pct': 11.3},{},"{'rs_3m': -0.3, 'rs_6m': -3.0, 'rs_line_percentile': 37.0, 'rs_line_at_new_high': False, 'rs_line_trend': 'flat', 'rs_line_score': 35}","{'roe_pct': 18.6, 'debt_to_equity': 0.84, 'current_ratio': 1.09, 'operating_margin_pct': 18.2}","{'days_to_earnings': 'N/A', 'recommendation': 'strong_buy', 'analyst_upside_pct': 26.1}",63.01,177485119488,Industrials,Specialty Industrial Machinery,,,False,71.98,-12.5,5,False,79.47,84.0,76.0,3.0,strong_buy,26.1,91.07,44.5,57.72,-8.4,3.49,2.2,1.46,49.7,0.98,1.78,,,,29.3,163.0,2027-02-25,False,False,6,NEUTRAL,3.47,74.6,0.75,34.7,,,,2026-09-15T04:56:32.758625
7741.T,HOYA Corporation,54.8,⭐ AVERAGE,🟡 Average,JPY,JPY,False,True,True,1.0,,60.0,50.0,15.0,95.0,70.0,,,,,,,0,,,0,{'profit_margin_pct': 27.2},{},"{'rs_3m': -20.3, 'rs_6m': -33.4}","{'roe_pct': 26.5, 'debt_to_equity': 0.04, 'current_ratio': 4.91, 'operating_margin_pct': 32.4}","{'days_to_earnings': 'N/A', 'recommendation': 'strong_buy', 'analyst_upside_pct': 37.1}",22320.0,7466497081344,Healthcare,Medical Instruments & Supplies,,,False,30400.0,-26.6,2,False,30600.0,36000.0,23100.0,15.0,strong_buy,37.1,22662.71,1.5,22340.4,0.1,2.39,534.39,1.32,39.7,295.0,0.77,,,,30.0,45.0,2026-10-30,False,False,6,NEUTRAL,4.7,33.1,1.09,19.2,,,,2026-09-15T04:55:27.251386
MKC,"McCormick & Company, Incorporated",54.8,⭐ AVERAGE,🟡 Average,USD,USD,False,True,False,0.945,"acciones × precio no cuadra con la capitalización (ratio 0.9450): el dato por acción y el precio no están en la misma unidad — típico de ADR. Los ratios por acción (EPS, FCF/acción, DCF) no son utilizables | FCF declarado (714,025,024) se aparta del derivado de flujo operativo menos capex (1,009,700",55.0,70.0,26.7,60.0,65.0,15.0,13.5,False,down,-14.2,False,0,16.7,True,1,"{'eps_growth_yoy': -14.2, 'positive_quarters': 4, 'earnings_accelerating': False, 'eps_accel_quarters': 0, 'profit_margin_pct': 21.9}","{'revenue_growth_yoy': 16.7, 'revenue_accelerating': True, 'rev_accel_quarters': 1}","{'rs_3m': 5.2, 'rs_6m': -25.4, 'rs_line_percentile': 13.5, 'rs_line_at_new_high': False, 'rs_line_trend': 'down', 'rs_line_score': 15}","{'roe_pct': 24.7, 'debt_to_equity': 0.65, 'current_ratio': 0.78, 'operating_margin_pct': 17.4}","{'days_to_earnings': 'N/A', 'recommendation': 'buy', 'analyst_upside_pct': 20.3}",50.39,13547429888,Consumer Defensive,Packaged Foods,,0.0,False,72.41,-30.4,0,False,60.62,75.0,52.0,13.0,buy,20.3,,,,,5.27,2.81,3.74,30.9,1.92,2.11,True,-0.2,5.5,-9.9,16.0,2026-10-01,False,True,6,NEUTRAL,5.92,66.6,,24.2,,,,2026-09-15T04:57:46.068000
AON,Aon plc,54.7,⭐ AVERAGE,🟡 Average,USD,USD,False,True,True,1.0,,55.0,50.0,36.0,80.0,65.0,15.0,8.5,False,down,-4.8,False,0,2.2,False,0,"{'eps_growth_yoy': -4.8, 'positive_quarters': 4, 'earnings_accelerating': False, 'eps_accel_quarters': 0, 'profit_margin_pct': 22.3}","{'revenue_growth_yoy': 2.2, 'revenue_accelerating': False, 'rev_accel_quarters': 0}","{'rs_3m': -6.3, 'rs_6m': -18.5, 'rs_line_percentile': 8.5, 'rs_line_at_new_high': False, 'rs_line_trend': 'down', 'rs_line_score': 15}","{'roe_pct': 44.7, 'debt_to_equity': 1.63, 'current_ratio': 1.03, 'operating_margin_pct': 23.5}","{'days_to_earnings': 'N/A', 'recommendation': 'buy', 'analyst_upside_pct': 22.8}",311.54,66085560320,Financial Services,Insurance Brokers,1.8,4.2,False,382.34,-18.5,2,False,382.67,433.0,266.0,18.0,buy,22.8,221.34,-29.0,181.3,-41.8,4.83,15.04,1.08,16.8,3.28,0.77,True,-2.42,7.7,-2.1,45.0,2026-10-30,False,False,8,STRONG,6.88,141.9,,41.7,,,,2026-09-15T04:54:10.432626
ABT,Abbott Laboratories,54.6,⭐ AVERAGE,🟡 Average,USD,USD,False,True,True,1.0,,50.0,50.0,50.3,70.0,65.0,35.0,26.8,False,up,-18.7,False,0,7.8,False,0,"{'eps_growth_yoy': -18.7, 'positive_quarters': 4, 'earnings_accelerating': False, 'eps_accel_quarters': 0, 'profit_margin_pct': 11.6}","{'revenue_growth_yoy': 7.8, 'revenue_accelerating': False, 'rev_accel_quarters': 0}","{'rs_3m': 16.0, 'rs_6m': -19.3, 'rs_line_percentile': 26.8, 'rs_line_at_new_high': False, 'rs_line_trend': 'up', 'rs_line_score': 35}","{'roe_pct': 10.6, 'debt_to_equity': 0.63, 'current_ratio': 1.38, 'operating_margin_pct': 14.7}","{'days_to_earnings': 'N/A', 'recommendation': 'buy', 'analyst_upside_pct': 16.7}",103.09,179563511808,Healthcare,Medical Devices,1.4,2.8,False,137.49,-25.0,1,False,120.26,135.0,103.0,25.0,buy,16.7,60.9,-40.9,30.9,-70.0,4.01,4.14,2.47,79.0,2.52,1.82,True,-0.44,15.4,-47.5,29.0,2026-10-14,False,False,6,NEUTRAL,4.35,42.0,,22.8,,,,2026-09-15T04:56:22.076078
IT,"Gartner, Inc.",54.6,⭐ AVERAGE,🟡 Average,USD,USD,False,True,True,1.0,,70.0,30.0,56.6,65.0,50.0,35.0,38.6,False,up,5.4,False,0,-1.5,False,0,"{'eps_growth_yoy': 5.4, 'positive_quarters': 4, 'earnings_accelerating': False, 'eps_accel_quarters': 0, 'profit_margin_pct': 12.0}","{'revenue_growth_yoy': -1.5, 'revenue_accelerating': False, 'rev_accel_quarters': 0}","{'rs_3m': 37.0, 'rs_6m': 8.6, 'rs_line_percentile': 38.6, 'rs_line_at_new_high': False, 'rs_line_trend': 'up', 'rs_line_score': 35}","{'roe_pct': 113.6, 'current_ratio': 0.88, 'operating_margin_pct': 22.6}","{'days_to_earnings': 'N/A', 'recommendation': 'hold', 'analyst_upside_pct': -6.0}",197.07,12444769280,Technology,Information Technology Services,17.9,5.3,True,265.85,-25.9,3,False,185.15,229.0,150.0,13.0,hold,-6.0,706.85,258.7,333.6,69.3,8.46,16.67,,,,,True,-18.99,6.6,13.2,49.0,2026-11-03,False,False,6,NEUTRAL,7.65,255.4,0.36,62.7,,,,2026-09-15T04:56:25.457910
CHD,"Church & Dwight Co., Inc.",54.0,⭐ AVERAGE,🟡 Average,USD,USD,False,True,True,1.0,,60.0,50.0,36.0,75.0,50.0,15.0,16.3,False,down,-1.7,True,1,0.1,False,0,"{'eps_growth_yoy': -1.7, 'positive_quarters': 4, 'earnings_accelerating': True, 'eps_accel_quarters': 1, 'profit_margin_pct': 12.0}","{'revenue_growth_yoy': 0.1, 'revenue_accelerating': False, 'rev_accel_quarters': 0}","{'rs_3m': -4.6, 'rs_6m': -17.4, 'rs_line_percentile': 16.3, 'rs_line_at_new_high': False, 'rs_line_trend': 'down', 'rs_line_score': 15}","{'roe_pct': 17.0, 'debt_to_equity': 0.56, 'current_ratio': 1.15, 'operating_margin_pct': 18.1}","{'days_to_earnings': 'N/A', 'recommendation': 'none', 'analyst_upside_pct': 11.4}",94.58,22434746368,Consumer Defensive,Household & Personal Products,5.7,6.6,False,106.04,-10.8,4,False,105.37,115.0,78.0,19.0,none,11.4,74.93,-20.8,31.2,-67.0,4.19,3.96,1.31,38.6,1.23,1.16,True,-2.67,10.6,4.5,45.0,2026-10-30,False,False,7,NEUTRAL,4.28,114.1,2.6,22.9,0.4,0.02,-22.5,2026-09-15T04:56:10.799203
ZTS,Zoetis Inc.,54.0,⭐ AVERAGE,🟡 Average,USD,USD,False,True,True,1.0,,75.0,40.0,24.0,65.0,70.0,15.0,2.2,False,down,-4.8,True,2,-0.2,True,1,"{'eps_growth_yoy': -4.8, 'positive_quarters': 4, 'earnings_accelerating': True, 'eps_accel_quarters': 2, 'profit_margin_pct': 27.7}","{'revenue_growth_yoy': -0.2, 'revenue_accelerating': True, 'rev_accel_quarters': 1}","{'rs_3m': -8.3, 'rs_6m': -51.3, 'rs_line_percentile': 2.2, 'rs_line_at_new_high': False, 'rs_line_trend': 'down', 'rs_line_score': 15}","{'roe_pct': 64.9, 'debt_to_equity': 2.94, 'current_ratio': 3.08, 'operating_margin_pct': 40.7}","{'days_to_earnings': 'N/A', 'recommendation': 'buy', 'analyst_upside_pct': 30.3}",73.67,30442182656,Healthcare,Drug Manufacturers - Specialty & Generic,5.3,3.0,False,149.75,-50.8,0,False,96.0,155.0,80.0,15.0,buy,30.3,71.82,-2.5,61.3,-16.8,6.63,4.88,2.91,33.6,2.12,0.95,True,-11.97,14.7,0.8,49.0,2026-11-03,False,False,6,NEUTRAL,9.42,42.1,9.4,30.7,1.6,0.05,-29.1,2026-09-15T04:53:21.228164
PG,The Procter & Gamble Company,53.7,⭐ AVERAGE,🟡 Average,USD,USD,False,True,True,1.0,,50.0,60.0,36.0,70.0,60.0,15.0,14.0,False,down,-15.8,False,0,1.5,True,1,"{'eps_growth_yoy': -15.8, 'positive_quarters': 4, 'earnings_accelerating': False, 'eps_accel_quarters': 0, 'profit_margin_pct': 18.4}","{'revenue_growth_yoy': 1.5, 'revenue_accelerating': True, 'rev_accel_quarters': 1}","{'rs_3m': -3.2, 'rs_6m': -16.8, 'rs_line_percentile': 14.0, 'rs_line_at_new_high': False, 'rs_line_trend': 'down', 'rs_line_score': 15}","{'roe_pct': 30.3, 'debt_to_equity': 0.64, 'current_ratio': 0.68, 'operating_margin_pct': 22.1}","{'days_to_earnings': 'N/A', 'recommendation': 'buy', 'analyst_upside_pct': 9.9}",146.13,339669417984,Consumer Defensive,Household & Personal Products,1.2,3.1,False,167.25,-12.6,4,False,160.61,186.0,143.0,23.0,buy,9.9,84.07,-42.5,66.2,-54.7,3.91,5.71,3.0,64.3,4.35,2.5,True,-1.48,24.3,-10.8,37.0,2026-10-22,False,False,6,NEUTRAL,5.81,83.8,,15.2,,,,2026-09-15T04:53:47.808665
GVDNY,Givaudan SA,53.3,⭐ AVERAGE,🟡 Average,USD,CHF,True,True,True,1.0,"FCF declarado (740,255,210) se aparta del derivado de flujo operativo menos capex (1,464,889,786)",55.0,50.0,44.0,70.0,50.0,35.0,26.7,False,down,,,0,,,0,{'profit_margin_pct': 12.9},{},"{'rs_3m': -3.4, 'rs_6m': -2.2, 'rs_line_percentile': 26.7, 'rs_line_at_new_high': False, 'rs_line_trend': 'down', 'rs_line_score': 35}","{'roe_pct': 22.3, 'debt_to_equity': 1.11, 'current_ratio': 1.29, 'operating_margin_pct': 18.8}","{'days_to_earnings': 'N/A', 'recommendation': 'none', 'analyst_upside_pct': 9.3}",78.26,36122144768,Basic Materials,Specialty Chemicals,,,False,90.69,-13.7,3,False,85.51,97.87,73.16,2.0,none,9.3,23.6,-69.8,25.3,-67.7,2.05,1.6,2.36,71.1,1.82,1.88,,,,-10.0,134.0,2027-01-27,False,False,7,NEUTRAL,3.48,34.8,,25.2,,,,2026-09-15T04:53:55.373222
LRLCY,L'Oréal S.A.,53.2,⭐ AVERAGE,🟡 Average,USD,EUR,True,True,True,1.0,,55.0,50.0,36.0,70.0,65.0,15.0,23.2,False,flat,,,0,,,0,{'profit_margin_pct': 13.9},{},"{'rs_3m': -1.7, 'rs_6m': -2.7, 'rs_line_percentile': 23.2, 'rs_line_at_new_high': False, 'rs_line_trend': 'flat', 'rs_line_score': 15}","{'roe_pct': 19.4, 'debt_to_equity': 0.49, 'current_ratio': 0.97, 'operating_margin_pct': 21.3}","{'days_to_earnings': 'N/A', 'recommendation': 'strong_buy', 'analyst_upside_pct': 16.0}",88.87,236565970944,Consumer Defensive,Household & Personal Products,,,False,95.48,-6.9,5,False,103.07,107.0,100.0,3.0,strong_buy,16.0,45.19,-49.2,27.4,-69.2,3.12,2.77,1.91,61.1,1.68,1.57,,,,5.4,147.0,2027-02-09,False,False,6,NEUTRAL,3.56,69.9,4.68,23.5,,,,2026-09-15T04:54:47.044331
VRSK,"Verisk Analytics, Inc.",53.1,⭐ AVERAGE,🟡 Average,USD,USD,False,True,True,1.0,,55.0,60.0,26.7,65.0,65.0,15.0,20.4,False,flat,-9.8,False,0,4.4,True,1,"{'eps_growth_yoy': -9.8, 'positive_quarters': 4, 'earnings_accelerating': False, 'eps_accel_quarters': 0, 'profit_margin_pct': 28.2}","{'revenue_growth_yoy': 4.4, 'revenue_accelerating': True, 'rev_accel_quarters': 1}","{'rs_3m': 2.6, 'rs_6m': -22.7, 'rs_line_percentile': 20.4, 'rs_line_at_new_high': False, 'rs_line_trend': 'flat', 'rs_line_score': 15}","{'current_ratio': 1.0, 'operating_margin_pct': 45.1}","{'days_to_earnings': 'N/A', 'recommendation': 'buy', 'analyst_upside_pct': 25.5}",187.03,24505014272,Industrials,Consulting Services,3.0,2.6,False,263.67,-29.1,0,False,234.76,260.0,195.0,17.0,buy,25.5,118.54,-36.6,65.0,-65.2,4.31,8.06,1.13,29.2,2.0,0.63,True,-8.78,6.9,-2.4,43.0,2026-10-28,False,False,7,NEUTRAL,4.72,113.1,,41.1,,,,2026-09-15T04:51:56.926240
NVR,"NVR, Inc.",53.0,⭐ AVERAGE,🟡 Average,USD,USD,False,True,True,1.0,,60.0,40.0,36.0,85.0,50.0,15.0,14.3,False,down,-29.1,True,1,-10.5,True,1,"{'eps_growth_yoy': -29.1, 'positive_quarters': 4, 'earnings_accelerating': True, 'eps_accel_quarters': 1, 'profit_margin_pct': 11.8}","{'revenue_growth_yoy': -10.5, 'revenue_accelerating': True, 'rev_accel_quarters': 1}","{'rs_3m': -1.6, 'rs_6m': -18.4, 'rs_line_percentile': 14.3, 'rs_line_at_new_high': False, 'rs_line_trend': 'down', 'rs_line_score': 15}","{'roe_pct': 31.5, 'debt_to_equity': 0.32, 'current_ratio': 5.67, 'operating_margin_pct': 13.9}","{'days_to_earnings': 'N/A', 'recommendation': 'hold', 'analyst_upside_pct': 7.7}",6299.56,16787445760,Consumer Cyclical,Residential Construction,6.2,3.3,False,8489.85,-25.8,0,False,6782.0,7446.0,5664.0,5.0,hold,7.7,5070.56,-19.5,3844.3,-39.0,5.47,344.6,,,,,True,-10.63,52.9,-9.0,36.0,2026-10-21,False,False,5,NEUTRAL,10.67,41.3,,22.1,,,,2026-09-15T04:58:35.605925
WTKWY,Wolters Kluwer N.V.,52.5,⭐ AVERAGE,🟡 Average,USD,EUR,True,True,True,1.0,,60.0,50.0,42.3,50.0,60.0,15.0,19.6,False,up,,,0,,,0,{'profit_margin_pct': 21.9},{},"{'rs_3m': 17.6, 'rs_6m': -3.7, 'rs_line_percentile': 19.6, 'rs_line_at_new_high': False, 'rs_line_trend': 'up', 'rs_line_score': 15}","{'roe_pct': 146.1, 'debt_to_equity': 5.9, 'current_ratio': 0.69, 'operating_margin_pct': 26.9}","{'days_to_earnings': 'N/A', 'recommendation': 'none', 'analyst_upside_pct': 32.5}",81.94,18238808064,Industrials,Specialty Business Services,,,False,138.76,-40.9,2,False,108.6,108.6,108.6,1.0,none,32.5,121.93,48.8,68.1,-16.9,7.9,6.47,3.91,43.1,3.01,1.89,,,,4.5,,,False,False,7,NEUTRAL,7.9,668.9,1.28,37.8,,,,2026-09-15T04:52:03.712504
RELX,RELX PLC,51.7,⭐ AVERAGE,🟡 Average,USD,GBP,True,True,True,1.0,,60.0,50.0,38.7,50.0,60.0,15.0,24.5,False,up,,,0,,,0,{'profit_margin_pct': 23.3},{},"{'rs_3m': 8.6, 'rs_6m': -7.8, 'rs_line_percentile': 24.5, 'rs_line_at_new_high': False, 'rs_line_trend': 'up', 'rs_line_score': 15}","{'roe_pct': 131.9, 'debt_to_equity': 7.1, 'current_ratio': 0.45, 'operating_margin_pct': 32.0}","{'days_to_earnings': 'N/A', 'recommendation': 'none', 'analyst_upside_pct': 48.5}",35.72,62173048832,Industrials,Specialty Business Services,0.3,2.8,False,48.4,-26.2,3,False,53.05,57.0,49.1,2.0,none,48.5,59.55,66.7,41.07,15.0,4.84,1.73,2.7,53.4,0.91,2.01,,,,12.2,149.0,2027-02-11,False,False,7,NEUTRAL,1.17,1901.3,0.68,37.1,,,,2026-09-15T04:52:00.373120
KR,The Kroger Co.,50.2,⭐ AVERAGE,🟡 Average,USD,USD,False,True,True,1.0,,58.0,70.0,24.0,30.0,60.0,15.0,18.3,False,up,4.3,False,0,2.2,True,2,"{'eps_growth_yoy': 4.3, 'positive_quarters': 3, 'earnings_accelerating': False, 'eps_accel_quarters': 0, 'profit_margin_pct': 0.7}","{'revenue_growth_yoy': 2.2, 'revenue_accelerating': True, 'rev_accel_quarters': 2}","{'rs_3m': -5.3, 'rs_6m': -31.6, 'rs_line_percentile': 18.3, 'rs_line_at_new_high': False, 'rs_line_trend': 'up', 'rs_line_score': 15}","{'roe_pct': 14.4, 'debt_to_equity': 4.13, 'current_ratio': 0.7, 'operating_margin_pct': 3.0}","{'days_to_earnings': 'N/A', 'recommendation': 'buy', 'analyst_upside_pct': 12.4}",60.91,36302360576,Consumer Defensive,Grocery Stores,4.7,4.8,False,76.58,-20.5,3,False,68.48,85.0,57.0,21.0,buy,12.4,96.99,59.2,25.16,-58.7,6.98,4.25,2.46,75.7,1.44,2.04,True,-7.52,2.0,9.5,79.0,2026-12-03,False,False,7,NEUTRAL,2.59,5.9,0.81,26.4,0.4,0.01,-26.0,2026-09-15T04:58:21.758753
KHC,The Kraft Heinz Company,50.0,⚠️ WEAK,🔴 Weak,USD,USD,False,True,True,1.0,,58.0,40.0,46.7,55.0,50.0,35.0,36.4,False,down,,False,0,-1.4,True,1,"{'positive_quarters': 3, 'earnings_accelerating': False, 'eps_accel_quarters': 0, 'profit_margin_pct': -13.6}","{'revenue_growth_yoy': -1.4, 'revenue_accelerating': True, 'rev_accel_quarters': 1}","{'rs_3m': 1.4, 'rs_6m': -1.6, 'rs_line_percentile': 36.4, 'rs_line_at_new_high': False, 'rs_line_trend': 'down', 'rs_line_score': 35}","{'roe_pct': -8.8, 'debt_to_equity': 0.53, 'current_ratio': 1.06, 'operating_margin_pct': 15.5}","{'days_to_earnings': 'N/A', 'recommendation': 'hold', 'analyst_upside_pct': 2.2}",24.6,29171265536,Consumer Defensive,Packaged Foods,11.5,6.5,True,28.09,-12.4,5,False,25.15,41.0,19.0,17.0,hold,2.2,40.33,63.9,,,11.14,2.74,6.5,73.1,1.6,4.9,True,-0.1,6.1,,43.0,2026-10-28,False,False,5,NEUTRAL,-9.95,-51.9,6.05,28.2,,,,2026-09-15T04:58:18.221219
WMT,Walmart Inc.,48.0,⚠️ WEAK,🔴 Weak,USD,USD,False,True,True,1.0,"FCF declarado (7,127,625,216) se aparta del derivado de flujo operativo menos capex (16,280,999,808)",45.0,60.0,24.0,55.0,65.0,15.0,16.3,False,down,-9.4,False,0,5.9,True,1,"{'eps_growth_yoy': -9.4, 'positive_quarters': 4, 'earnings_accelerating': False, 'eps_accel_quarters': 0, 'profit_margin_pct': 3.0}","{'revenue_growth_yoy': 5.9, 'revenue_accelerating': True, 'rev_accel_quarters': 1}","{'rs_3m': -10.6, 'rs_6m': -27.2, 'rs_line_percentile': 16.3, 'rs_line_at_new_high': False, 'rs_line_trend': 'down', 'rs_line_score': 15}","{'roe_pct': 22.3, 'debt_to_equity': 0.72, 'current_ratio': 0.77, 'operating_margin_pct': 3.5}","{'days_to_earnings': 'N/A', 'recommendation': 'buy', 'analyst_upside_pct': 16.8}",109.08,865413038080,Consumer Defensive,Discount Stores,1.9,3.1,False,135.16,-19.3,3,False,127.42,155.0,81.0,40.0,buy,16.8,13.22,-87.9,27.6,-74.7,0.82,0.9,0.92,35.0,0.99,1.26,True,-0.81,13.4,-9.1,65.0,2026-11-19,False,False,7,NEUTRAL,3.45,20.6,,37.7,,,,2026-09-15T04:54:25.140964
TEVA,Teva Pharmaceutical Industries Limited,47.7,⚠️ WEAK,🔴 Weak,USD,USD,False,True,True,1.0,"FCF declarado (2,219,875,072) se aparta del derivado de flujo operativo menos capex (1,397,000,000)",38.0,40.0,82.7,25.0,60.0,95.0,92.1,False,up,-304.3,False,0,-0.8,True,1,"{'eps_growth_yoy': -304.3, 'positive_quarters': 3, 'earnings_accelerating': False, 'eps_accel_quarters': 0, 'profit_margin_pct': 4.1}","{'revenue_growth_yoy': -0.8, 'revenue_accelerating': True, 'rev_accel_quarters': 1}","{'rs_3m': 13.9, 'rs_6m': 17.1, 'rs_line_percentile': 92.1, 'rs_line_at_new_high': False, 'rs_line_trend': 'up', 'rs_line_score': 95}","{'roe_pct': 9.7, 'debt_to_equity': 2.18, 'current_ratio': 0.88, 'operating_margin_pct': 4.0}","{'days_to_earnings': 'N/A', 'recommendation': 'strong_buy', 'analyst_upside_pct': 8.2}",38.72,45120266240,Healthcare,Drug Manufacturers - Specialty & Generic,3.2,7.4,False,39.205,-1.2,8,True,41.91,50.0,33.0,11.0,strong_buy,8.2,28.03,-27.6,6.0,-84.5,4.92,1.9,,,,2.95,False,,1.8,,50.0,2026-11-04,False,False,8,STRONG,3.79,43.5,0.29,31.6,1.6,0.05,-30.0,2026-09-15T04:59:20.046949
LEN,Lennar Corporation,46.8,⚠️ WEAK,🔴 Weak,USD,USD,False,True,False,0.8738,"acciones × precio no cuadra con la capitalización (ratio 0.8738): el dato por acción y el precio no están en la misma unidad — típico de ADR. Los ratios por acción (EPS, FCF/acción, DCF) no son utilizables | FCF declarado (1,077,926,016) se aparta del derivado de flujo operativo menos capex (694,361",55.0,40.0,24.0,70.0,50.0,15.0,2.4,False,down,-36.2,True,1,-5.2,True,1,"{'eps_growth_yoy': -36.2, 'positive_quarters': 4, 'earnings_accelerating': True, 'eps_accel_quarters': 1, 'profit_margin_pct': 4.9}","{'revenue_growth_yoy': -5.2, 'revenue_accelerating': True, 'rev_accel_quarters': 1}","{'rs_3m': -11.4, 'rs_6m': -30.0, 'rs_line_percentile': 2.4, 'rs_line_at_new_high': False, 'rs_line_trend': 'down', 'rs_line_score': 15}","{'roe_pct': 7.4, 'debt_to_equity': 0.29, 'current_ratio': 8.51, 'operating_margin_pct': 5.3}","{'days_to_earnings': 'N/A', 'recommendation': 'hold', 'analyst_upside_pct': 7.8}",79.99,19269201920,Consumer Cyclical,Residential Construction,0.2,0.2,False,139.44,-42.6,0,False,86.23,120.0,67.0,13.0,hold,7.8,,,,,5.59,5.12,2.51,31.4,2.0,1.5,True,-6.48,,-12.6,1.0,2026-09-16,True,False,4,NEUTRAL,11.55,11.2,,30.0,,,,2026-09-15T04:59:01.753161
CL,Colgate-Palmolive Company,46.8,⚠️ WEAK,🔴 Weak,USD,USD,False,True,True,1.0,,38.0,50.0,36.0,65.0,60.0,15.0,19.6,False,down,-6.7,False,0,4.9,False,0,"{'eps_growth_yoy': -6.7, 'positive_quarters': 3, 'earnings_accelerating': False, 'eps_accel_quarters': 0, 'profit_margin_pct': 9.7}","{'revenue_growth_yoy': 4.9, 'revenue_accelerating': False, 'rev_accel_quarters': 0}","{'rs_3m': -3.5, 'rs_6m': -15.8, 'rs_line_percentile': 19.6, 'rs_line_at_new_high': False, 'rs_line_trend': 'down', 'rs_line_score': 15}","{'roe_pct': 267.4, 'debt_to_equity': 13.88, 'current_ratio': 1.03, 'operating_margin_pct': 21.0}","{'days_to_earnings': 'N/A', 'recommendation': 'buy', 'analyst_upside_pct': 12.6}",87.89,70063513600,Consumer Defensive,Household & Personal Products,2.4,4.0,False,99.33,-11.5,4,False,98.95,110.0,87.0,20.0,buy,12.6,63.83,-27.4,25.4,-71.1,4.94,4.34,2.44,82.3,2.12,2.32,True,-1.84,12.5,-3.8,45.0,2026-10-30,False,False,5,NEUTRAL,4.33,71.4,,17.1,0.2,0.01,-16.9,2026-09-15T04:56:58.588900
LPX,Louisiana-Pacific Corporation,46.2,⚠️ WEAK,🔴 Weak,USD,USD,False,True,True,1.0,"FCF declarado (-96,000,000) se aparta del derivado de flujo operativo menos capex (-33,000,000)",38.0,50.0,24.0,70.0,70.0,15.0,1.9,False,down,-51.9,False,0,-12.1,True,2,"{'eps_growth_yoy': -51.9, 'positive_quarters': 3, 'earnings_accelerating': False, 'eps_accel_quarters': 0, 'profit_margin_pct': 2.2}","{'revenue_growth_yoy': -12.1, 'revenue_accelerating': True, 'rev_accel_quarters': 2}","{'rs_3m': -14.2, 'rs_6m': -25.4, 'rs_line_percentile': 1.9, 'rs_line_at_new_high': False, 'rs_line_trend': 'down', 'rs_line_score': 15}","{'roe_pct': 3.1, 'debt_to_equity': 0.22, 'current_ratio': 3.22, 'operating_margin_pct': 5.3}","{'days_to_earnings': 'N/A', 'recommendation': 'buy', 'analyst_upside_pct': 38.1}",66.79,4670184448,Industrials,Building Products & Equipment,10.9,6.4,True,100.34,-33.4,0,False,92.23,107.0,74.0,13.0,buy,38.1,,,7.7,-88.5,-2.06,-1.37,1.78,150.6,1.2,1.27,False,,6.1,-51.8,50.0,2026-11-04,False,False,5,NEUTRAL,4.34,9.3,,32.8,3.1,0.1,-29.7,2026-09-15T04:58:57.902190
ESLOY,EssilorLuxottica Société anonyme,44.8,⚠️ WEAK,🔴 Weak,USD,EUR,True,True,True,1.0,,50.0,50.0,15.0,55.0,60.0,15.0,0.8,False,down,,,0,,,0,{'profit_margin_pct': 8.5},{},"{'rs_3m': -20.7, 'rs_6m': -40.0, 'rs_line_percentile': 0.8, 'rs_line_at_new_high': False, 'rs_line_trend': 'down', 'rs_line_score': 15}","{'roe_pct': 6.7, 'debt_to_equity': 0.38, 'current_ratio': 0.89, 'operating_margin_pct': 15.4}","{'days_to_earnings': 'N/A', 'recommendation': 'none', 'analyst_upside_pct': 67.7}",85.55,78488469504,Healthcare,Medical Instruments & Supplies,,,False,186.81,-54.2,0,False,143.5,148.0,139.0,2.0,none,67.7,89.44,4.5,38.25,-55.3,4.83,4.13,2.73,74.3,2.32,1.58,,,,6.2,,,False,False,4,NEUTRAL,3.78,34.6,1.56,22.4,,,,2026-09-15T04:57:27.405776
GPK,Graphic Packaging Holding Company,43.3,⚠️ WEAK,🔴 Weak,USD,USD,False,True,True,1.0,"FCF declarado (237,875,008) se aparta del derivado de flujo operativo menos capex (-129,000,000)",48.0,30.0,36.0,55.0,60.0,15.0,0.7,False,down,-76.9,True,1,-0.7,False,0,"{'eps_growth_yoy': -76.9, 'positive_quarters': 3, 'earnings_accelerating': True, 'eps_accel_quarters': 1, 'profit_margin_pct': 2.2}","{'revenue_growth_yoy': -0.7, 'revenue_accelerating': False, 'rev_accel_quarters': 0}","{'rs_3m': -14.3, 'rs_6m': -17.2, 'rs_line_percentile': 0.7, 'rs_line_at_new_high': False, 'rs_line_trend': 'down', 'rs_line_score': 15}","{'roe_pct': 6.0, 'debt_to_equity': 1.76, 'current_ratio': 1.38, 'operating_margin_pct': 4.5}","{'days_to_earnings': 'N/A', 'recommendation': 'hold', 'analyst_upside_pct': 31.2}",9.52,2816848128,Consumer Cyclical,Packaging & Containers,8.8,5.1,True,20.44,-53.4,0,False,12.49,18.0,10.0,11.0,hold,31.2,11.83,24.3,6.5,-31.7,8.44,0.8,4.63,67.7,0.44,1.79,True,-2.63,2.0,-30.6,55.0,2026-11-09,False,False,5,NEUTRAL,9.65,12.6,,41.2,6.3,0.15,-34.9,2026-09-15T04:59:31.421818
CHTR,"Charter Communications, Inc.",41.8,⚠️ WEAK,🔴 Weak,USD,USD,False,True,False,0.885,"acciones × precio no cuadra con la capitalización (ratio 0.8850): el dato por acción y el precio no están en la misma unidad — típico de ADR. Los ratios por acción (EPS, FCF/acción, DCF) no son utilizables | FCF declarado (2,198,374,912) se aparta del derivado de flujo operativo menos capex (4,810,9",55.0,30.0,24.0,50.0,55.0,15.0,8.4,False,up,-0.7,True,1,-1.7,False,0,"{'eps_growth_yoy': -0.7, 'positive_quarters': 4, 'earnings_accelerating': True, 'eps_accel_quarters': 1, 'profit_margin_pct': 9.1}","{'revenue_growth_yoy': -1.7, 'revenue_accelerating': False, 'rev_accel_quarters': 0}","{'rs_3m': -1.3, 'rs_6m': -48.5, 'rs_line_percentile': 8.4, 'rs_line_at_new_high': False, 'rs_line_trend': 'up', 'rs_line_score': 15}","{'roe_pct': 27.2, 'debt_to_equity': 4.42, 'current_ratio': 0.36, 'operating_margin_pct': 23.5}","{'days_to_earnings': 'N/A', 'recommendation': 'hold', 'analyst_upside_pct': 28.6}",143.35,19320352768,Communication Services,Telecom Services,33.6,5.8,True,285.82,-49.8,0,False,184.41,380.0,101.0,17.0,hold,28.6,,,,,11.38,18.43,,,,,True,-24.62,2.5,6.4,45.0,2026-10-30,False,False,7,NEUTRAL,10.57,26.9,0.21,66.4,,,,2026-09-15T04:58:32.204116
KD,"Kyndryl Holdings, Inc.",36.1,⚠️ WEAK,🔴 Weak,USD,USD,False,True,True,1.0,"FCF declarado (2,652,624,896) se aparta del derivado de flujo operativo menos capex (154,000,000)",38.0,30.0,42.3,25.0,50.0,15.0,10.3,False,up,-198.2,False,0,-3.3,False,0,"{'eps_growth_yoy': -198.2, 'positive_quarters': 3, 'earnings_accelerating': False, 'eps_accel_quarters': 0, 'profit_margin_pct': 0.6}","{'revenue_growth_yoy': -3.3, 'revenue_accelerating': False, 'rev_accel_quarters': 0}","{'rs_3m': 16.2, 'rs_6m': -4.1, 'rs_line_percentile': 10.3, 'rs_line_at_new_high': False, 'rs_line_trend': 'up', 'rs_line_score': 15}","{'roe_pct': 6.9, 'debt_to_equity': 4.22, 'current_ratio': 0.85, 'operating_margin_pct': 2.9}","{'days_to_earnings': 'N/A', 'recommendation': 'none', 'analyst_upside_pct': 4.6}",13.57,2955793664,Technology,Information Technology Services,14.1,7.2,True,32.53,-58.3,2,False,14.2,16.0,13.0,5.0,none,4.6,179.19,1220.5,3.7,-72.7,89.74,12.18,,,,,True,-11.71,3.4,,49.0,2026-11-03,False,False,6,NEUTRAL,8.56,14.9,0.16,42.9,3.1,0.07,-39.8,2026-09-15T04:59:49.830166
