ticker,company_name,fundamental_score,sin_score_motivo,base_periodos,tier,quality,price_currency,financial_currency,fx_applied,fx_reliable,per_share_reliable,shares_price_ratio,coherence_issues,earnings_quality_score,growth_acceleration_score,relative_strength_score,financial_health_score,catalyst_timing_score,rs_line_score,rs_line_percentile,rs_line_at_new_high,rs_line_trend,eps_growth_yoy,eps_accelerating,eps_accel_quarters,rev_growth_yoy,rev_accelerating,rev_accel_quarters,earnings_details,growth_details,rs_details,health_details,catalyst_details,current_price,market_cap,sector,industry,short_percent_float,short_ratio,short_squeeze_potential,fifty_two_week_high,proximity_to_52w_high,trend_template_score,trend_template_pass,dist_ma50_pct,target_price_analyst,target_price_analyst_high,target_price_analyst_low,analyst_count,analyst_recommendation,analyst_upside_pct,target_price_dcf,target_price_dcf_upside_pct,target_price_pe,target_price_pe_upside_pct,pe_eps_usado,pe_ancla,pe_ancla_n,pe_ancla_dispersion,pe_ancla_fragil,pe_ancla_excluidos,fcf_yield_pct,fcf_per_share,fcf_minoritarios_pct,dividend_yield_pct,payout_ratio_pct,dividend_rate,five_yr_avg_dividend_yield_pct,buyback_active,shares_change_pct,ai_descartados,piotroski_evaluables,piotroski_motivo,interest_coverage,interest_coverage_base,interest_coverage_ebit,analyst_revision_momentum,days_to_earnings,earnings_date,earnings_warning,earnings_fecha_conocida,earnings_catalyst,piotroski_score,piotroski_label,ebit_ev_yield,roic_greenblatt,peg_ratio,hv_30d,atm_iv,iv_ratio,iv_premium_pts,analyzed_at,acciones_efectivas,dcf_no_aplicable,pe_sin_ancla_motivo,pe_eps_motivo,per_share_no_fiable,shares_change_es_gasto
CVX,Chevron Corporation,85.8,,trimestral,🏆 ELITE,🟢 Elite,USD,USD,False,True,True,1.0,,100.0,100.0,60.3,85.0,60.0,60.0,52.1,False,up,384.8,True,2,51.4,True,2,"{'eps_growth_yoy': 384.8, 'op_growth_yoy': 251.9, 'crecimiento_respaldado': False, 'crecimiento_puntuado': 276.9, 'positive_quarters': 4, 'earnings_accelerating': True, 'eps_accel_quarters': 2, 'profit_margin_pct': 9.8, 'score_bruto_sin_capar': 115.0, 'satura': True}","{'revenue_growth_yoy': 51.4, 'revenue_accelerating': True, 'rev_accel_quarters': 2}","{'rs_3m': 13.6, 'rs_6m': -0.3, 'rs_line_percentile': 52.1, 'rs_line_at_new_high': False, 'rs_line_trend': 'up', 'rs_line_score': 60}","{'roe_pct': 12.2, 'debt_to_equity': 0.19, 'current_ratio': 1.25, 'operating_margin_pct': 21.9}","{'days_to_earnings': 'N/A', 'recommendation': 'buy', 'analyst_upside_pct': 6.5}",211.55,414977196032,Energy,Oil & Gas Integrated,1.1,2.6,False,217.78,-2.9,7,True,4.0,225.25,250.0,175.0,24.0,buy,6.5,265.27,25.4,132.73,-37.3,reportado,múltiplo propio,4.0,1.09,True,,6.74,14.26,,3.47,67.2,7.12,3.87,False,14.54,,9,,18.1,Operating Income,22.5,321.9,21.0,2026-10-30,False,True,True,5,NEUTRAL,3.82,7.4,,23.4,,,,2026-10-09T06:14:09.373153,,,,,,
FTNT,"Fortinet, Inc.",85.2,,trimestral,🏆 ELITE,🟢 Elite,USD,USD,False,True,True,1.0,,100.0,80.0,88.3,90.0,40.0,100.0,99.1,True,up,37.8,True,1,25.6,True,1,"{'eps_growth_yoy': 37.8, 'op_growth_yoy': 50.5, 'crecimiento_respaldado': True, 'positive_quarters': 4, 'earnings_accelerating': True, 'eps_accel_quarters': 1, 'profit_margin_pct': 28.2, 'score_bruto_sin_capar': 105.0, 'satura': True}","{'revenue_growth_yoy': 25.6, 'revenue_accelerating': True, 'rev_accel_quarters': 1}","{'rs_3m': 14.2, 'rs_6m': 132.1, 'rs_line_percentile': 99.1, 'rs_line_at_new_high': True, 'rs_line_trend': 'up', 'rs_line_score': 100}","{'roe_pct': 117.4, 'debt_to_equity': 0.36, 'current_ratio': 1.28, 'operating_margin_pct': 33.6}","{'days_to_earnings': 'N/A', 'recommendation': 'hold', 'analyst_upside_pct': -13.1}",189.1,138745266176,Technology,Software - Infrastructure,2.3,3.2,False,192.41,-1.7,8,True,13.5,164.32,220.0,104.0,36.0,hold,-13.1,100.88,-46.7,116.0,-38.7,reportado,múltiplo propio,4.0,0.32,False,,2.18,4.12,,,,,,True,-4.24,,9,,135.7,Operating Income,146.7,17.6,19.0,2026-10-28,False,True,True,6,NEUTRAL,1.54,83.9,1.67,39.6,0.8,0.02,-38.8,2026-10-09T06:13:21.508588,,,,,,
MSFT,Microsoft Corporation,82.8,,trimestral,🏆 ELITE,🟢 Elite,USD,USD,False,True,True,1.0,,100.0,70.0,75.0,95.0,60.0,60.0,62.7,False,up,31.3,True,1,17.7,True,1,"{'eps_growth_yoy': 31.3, 'op_growth_yoy': 18.3, 'crecimiento_respaldado': True, 'positive_quarters': 4, 'earnings_accelerating': True, 'eps_accel_quarters': 1, 'profit_margin_pct': 40.3, 'score_bruto_sin_capar': 105.0, 'satura': True}","{'revenue_growth_yoy': 17.7, 'revenue_accelerating': True, 'rev_accel_quarters': 1}","{'rs_3m': 30.4, 'rs_6m': 27.0, 'rs_line_percentile': 62.7, 'rs_line_at_new_high': False, 'rs_line_trend': 'up', 'rs_line_score': 60}","{'roe_pct': 34.0, 'debt_to_equity': 0.29, 'current_ratio': 1.23, 'operating_margin_pct': 45.1}","{'days_to_earnings': 'N/A', 'recommendation': 'strong_buy', 'analyst_upside_pct': 12.4}",522.61,3880664432640,Technology,Software - Infrastructure,0.9,3.2,False,553.72,-5.6,6,False,4.8,587.63,870.0,440.0,53.0,strong_buy,12.4,,,631.78,20.9,reportado,múltiplo propio,4.0,0.47,False,,1.73,9.04,,0.75,19.8,3.92,0.78,False,-0.24,,9,,50.9,Operating Income,55.4,31.7,19.0,2026-10-28,False,True,True,6,NEUTRAL,3.89,41.3,0.97,21.0,0.4,0.02,-20.6,2026-10-09T06:06:45.235589,,"el capex se lleva el 63% del flujo operativo: lo que queda no es lo que gana el dueño, es lo que sobra tras decidir invertir",,,,
AVGO,Broadcom Inc.,82.7,,trimestral,🏆 ELITE,🟢 Elite,USD,USD,False,True,True,1.0,,100.0,100.0,36.0,90.0,70.0,15.0,9.1,False,down,216.1,True,2,85.5,True,2,"{'eps_growth_yoy': 216.1, 'op_growth_yoy': 164.4, 'crecimiento_respaldado': False, 'crecimiento_puntuado': 189.4, 'positive_quarters': 4, 'earnings_accelerating': True, 'eps_accel_quarters': 2, 'profit_margin_pct': 42.9, 'score_bruto_sin_capar': 125.0, 'satura': True}","{'revenue_growth_yoy': 85.5, 'revenue_accelerating': True, 'rev_accel_quarters': 2}","{'rs_3m': -9.6, 'rs_6m': -17.2, 'rs_line_percentile': 9.1, 'rs_line_at_new_high': False, 'rs_line_trend': 'down', 'rs_line_score': 15}","{'roe_pct': 44.2, 'debt_to_equity': 0.6, 'current_ratio': 2.5, 'operating_margin_pct': 54.3}","{'days_to_earnings': 'N/A', 'recommendation': 'strong_buy', 'analyst_upside_pct': 47.5}",360.14,1719175217152,Technology,Semiconductors,1.1,2.0,False,495.0,-27.2,1,False,-3.2,531.31,715.0,215.88,47.0,strong_buy,47.5,149.79,-58.4,,,normalizado,,,,,,2.33,8.39,,0.69,32.4,2.6,1.26,False,0.56,,9,,13.9,Operating Income,14.0,215.3,61.0,2026-12-09,False,True,False,8,STRONG,1.42,167.3,0.9,37.1,,,,2026-10-09T06:12:57.966448,,,los P/E históricos se separan 2.5x la mediana: el ancla la decidiría un año suelto,tasa fiscal efectiva 5.4% — el beneficio del periodo no es representativo,,
APH,Amphenol Corporation,82.4,,trimestral,🏆 ELITE,🟢 Elite,USD,USD,False,True,True,1.0,,90.0,90.0,68.3,85.0,65.0,80.0,75.0,False,up,26.5,False,0,58.4,True,1,"{'eps_growth_yoy': 26.5, 'op_growth_yoy': 82.3, 'crecimiento_respaldado': True, 'positive_quarters': 4, 'earnings_accelerating': False, 'eps_accel_quarters': 0, 'profit_margin_pct': 17.7, 'score_bruto_sin_capar': 90.0, 'satura': False}","{'revenue_growth_yoy': 58.4, 'revenue_accelerating': True, 'rev_accel_quarters': 1}","{'rs_3m': 6.0, 'rs_6m': 7.1, 'rs_line_percentile': 75.0, 'rs_line_at_new_high': False, 'rs_line_trend': 'up', 'rs_line_score': 80}","{'roe_pct': 38.1, 'debt_to_equity': 1.2, 'current_ratio': 1.89, 'operating_margin_pct': 29.8}","{'days_to_earnings': 'N/A', 'recommendation': 'strong_buy', 'analyst_upside_pct': 18.7}",85.32,210396282880,Technology,Electronic Components,1.5,2.8,False,89.93,-5.1,8,True,4.0,101.29,116.0,85.0,19.0,strong_buy,18.7,41.43,-51.4,33.49,-60.7,reportado,múltiplo propio,4.0,0.48,False,,2.32,1.98,,0.59,22.9,0.5,0.76,False,1.34,,9,,13.7,Operating Income,13.6,59.3,19.0,2026-10-28,False,True,True,6,NEUTRAL,2.6,37.9,0.86,37.3,,,,2026-10-09T06:12:02.107582,,,,,,
ASML,ASML Holding N.V.,82.3,,trimestral,🏆 ELITE,🟢 Elite,USD,EUR,True,True,True,1.0,,100.0,80.0,57.6,95.0,65.0,60.0,69.0,False,up,27.4,True,1,21.3,True,1,"{'eps_growth_yoy': 27.4, 'op_growth_yoy': 29.7, 'crecimiento_respaldado': True, 'positive_quarters': 4, 'earnings_accelerating': True, 'eps_accel_quarters': 1, 'profit_margin_pct': 30.1, 'score_bruto_sin_capar': 105.0, 'satura': True}","{'revenue_growth_yoy': 21.3, 'revenue_accelerating': True, 'rev_accel_quarters': 1}","{'rs_3m': -0.9, 'rs_6m': 5.7, 'rs_line_percentile': 69.0, 'rs_line_at_new_high': False, 'rs_line_trend': 'up', 'rs_line_score': 60}","{'roe_pct': 53.9, 'debt_to_equity': 0.09, 'current_ratio': 1.33, 'operating_margin_pct': 37.1}","{'days_to_earnings': 'N/A', 'recommendation': 'strong_buy', 'analyst_upside_pct': 19.3}",1769.79,679776354304,Technology,Semiconductor Equipment & Materials,0.4,1.2,False,1999.96,-11.5,7,True,1.9,2110.55,2920.24,868.77,16.0,strong_buy,19.3,576.26,-67.4,1150.08,-35.0,reportado,múltiplo propio,4.0,0.2,False,,1.63,28.85,,0.51,28.5,9.08,0.76,False,-0.9,,7,,,,,28.5,5.0,2026-10-14,True,True,False,6,NEUTRAL,0.03,77.5,1.49,38.8,,,,2026-10-09T06:12:53.815770,,,,,,
CBOE,"Cboe Global Markets, Inc.",81.8,,trimestral,🏆 ELITE,🟢 Elite,USD,USD,False,True,True,1.0,,100.0,90.0,46.7,100.0,50.0,35.0,36.8,False,down,50.2,False,0,22.9,True,2,"{'eps_growth_yoy': 50.2, 'op_growth_yoy': 33.6, 'crecimiento_respaldado': True, 'positive_quarters': 4, 'earnings_accelerating': False, 'eps_accel_quarters': 0, 'profit_margin_pct': 26.7, 'score_bruto_sin_capar': 105.0, 'satura': True}","{'revenue_growth_yoy': 22.9, 'revenue_accelerating': True, 'rev_accel_quarters': 2}","{'rs_3m': 2.8, 'rs_6m': -14.6, 'rs_line_percentile': 36.8, 'rs_line_at_new_high': False, 'rs_line_trend': 'down', 'rs_line_score': 35}","{'roe_pct': 26.3, 'debt_to_equity': 0.28, 'current_ratio': 1.56, 'operating_margin_pct': 34.6}","{'days_to_earnings': 'N/A', 'recommendation': 'hold', 'analyst_upside_pct': 6.7}",294.08,30711072768,Financial Services,Financial Data & Stock Exchanges,3.0,2.9,False,371.18,-20.8,5,False,2.7,313.8,348.0,258.0,15.0,hold,6.7,496.53,68.8,312.45,6.2,reportado,múltiplo propio,4.0,1.22,True,,6.16,18.12,,1.22,22.4,3.44,1.23,False,-0.19,,9,,33.6,Operating Income,36.6,20.1,21.0,2026-10-30,False,True,True,8,STRONG,5.29,65.7,0.65,40.5,0.4,0.01,-40.1,2026-10-09T06:11:22.627925,,,,,,
AAPL,Apple Inc.,80.9,,trimestral,🏆 ELITE,🟢 Elite,USD,USD,False,True,True,1.0,,100.0,70.0,73.1,85.0,60.0,80.0,76.1,False,down,27.1,True,1,16.4,True,1,"{'eps_growth_yoy': 27.1, 'op_growth_yoy': 26.6, 'crecimiento_respaldado': True, 'positive_quarters': 4, 'earnings_accelerating': True, 'eps_accel_quarters': 1, 'profit_margin_pct': 27.6, 'score_bruto_sin_capar': 105.0, 'satura': True}","{'revenue_growth_yoy': 16.4, 'revenue_accelerating': True, 'rev_accel_quarters': 1}","{'rs_3m': 3.8, 'rs_6m': 16.4, 'rs_line_percentile': 76.1, 'rs_line_at_new_high': False, 'rs_line_trend': 'down', 'rs_line_score': 80}","{'roe_pct': 148.8, 'debt_to_equity': 0.78, 'current_ratio': 1.0, 'operating_margin_pct': 32.6}","{'days_to_earnings': 'N/A', 'recommendation': 'buy', 'analyst_upside_pct': -3.6}",340.42,4968150990848,Technology,Consumer Electronics,0.9,3.0,False,345.34,-1.4,8,True,5.6,328.09,405.0,215.0,39.0,buy,-3.6,162.92,-52.1,268.24,-21.2,reportado,múltiplo propio,4.0,0.51,False,,2.7,9.19,,0.32,12.0,1.08,0.47,True,-1.56,,9,,,,,20.1,24.0,2026-11-02,False,True,False,8,STRONG,2.7,267.0,5.16,20.0,,,,2026-10-09T06:13:44.293285,,,,,,
WST,"West Pharmaceutical Services, Inc.",80.0,,trimestral,🏆 ELITE,🟢 Elite,USD,USD,False,True,True,1.0,,100.0,60.0,74.0,95.0,60.0,80.0,85.0,False,up,16.8,True,2,13.8,False,0,"{'eps_growth_yoy': 16.8, 'op_growth_yoy': 20.8, 'crecimiento_respaldado': True, 'positive_quarters': 4, 'earnings_accelerating': True, 'eps_accel_quarters': 2, 'profit_margin_pct': 17.0, 'score_bruto_sin_capar': 100.0, 'satura': False}","{'revenue_growth_yoy': 13.8, 'revenue_accelerating': False, 'rev_accel_quarters': 0}","{'rs_3m': -2.5, 'rs_6m': 27.3, 'rs_line_percentile': 85.0, 'rs_line_at_new_high': False, 'rs_line_trend': 'up', 'rs_line_score': 80}","{'roe_pct': 19.1, 'debt_to_equity': 0.11, 'current_ratio': 2.82, 'operating_margin_pct': 22.5}","{'days_to_earnings': 'N/A', 'recommendation': 'strong_buy', 'analyst_upside_pct': 13.5}",363.27,25565401088,Healthcare,Medical Instruments & Supplies,4.0,4.9,False,386.0,-5.9,8,True,2.4,412.25,459.0,340.0,16.0,strong_buy,13.5,78.72,-78.3,330.95,-8.9,reportado,múltiplo propio,4.0,0.44,False,,1.47,5.34,,0.24,11.1,0.88,0.24,True,-1.66,,9,,160.6,Operating Income,155.1,18.1,20.0,2026-10-29,False,True,True,7,NEUTRAL,2.48,20.1,,25.5,,,,2026-10-09T06:08:37.093682,,,,,,
TNE.AX,Technology One Limited,79.7,,anual,⭐⭐⭐ EXCELLENT,🟢 Excellent,AUD,AUD,False,True,True,1.0,,95.0,80.0,54.5,95.0,60.0,,,,,16.6,True,1,18.2,True,2,"{'eps_growth_yoy': 16.6, 'op_growth_yoy': 18.3, 'crecimiento_respaldado': True, 'positive_quarters': 4, 'earnings_accelerating': True, 'eps_accel_quarters': 1, 'profit_margin_pct': 22.4, 'score_bruto_sin_capar': 95.0, 'satura': False}","{'revenue_growth_yoy': 18.2, 'revenue_accelerating': True, 'rev_accel_quarters': 2}","{'rs_3m': 2.6, 'rs_6m': -12.0}","{'roe_pct': 33.5, 'debt_to_equity': 0.12, 'current_ratio': 1.12, 'operating_margin_pct': 27.1}","{'days_to_earnings': 'N/A', 'recommendation': 'buy', 'analyst_upside_pct': -1.0}",31.27,10236814336,Technology,Software - Application,,,False,39.99,-21.8,7,True,1.1,30.96,34.25,22.0,15.0,buy,-1.0,20.38,-34.8,,,reportado,,,,,,1.95,0.61,,0.92,62.0,0.28,0.92,,,,7,,,,,4.4,38.0,2026-11-17,False,True,False,3,NEUTRAL,1.77,152.7,3.44,27.6,,,,2026-10-09T06:10:50.633025,,,múltiplo propio 56x fuera del rango 8-45,,,
BRK-B,Berkshire Hathaway Inc.,79.2,,trimestral,⭐⭐⭐ EXCELLENT,🟢 Excellent,USD,USD,False,True,True,0.6577,"acciones × precio no cuadra (ratio 0.6577) pero la divisa sí: son clases múltiples. Se usan 2,141 M de acciones efectivas (capitalización ÷ precio) en vez de las 1,408 M declaradas",100.0,90.0,36.0,90.0,60.0,15.0,24.3,False,down,457.6,True,1,41.5,True,1,"{'eps_growth_yoy': 457.6, 'op_growth_yoy': 421.4, 'crecimiento_respaldado': False, 'crecimiento_puntuado': 446.4, 'positive_quarters': 4, 'earnings_accelerating': True, 'eps_accel_quarters': 1, 'profit_margin_pct': 22.3, 'score_bruto_sin_capar': 115.0, 'satura': True}","{'revenue_growth_yoy': 41.5, 'revenue_accelerating': True, 'rev_accel_quarters': 1}","{'rs_3m': -0.7, 'rs_6m': -8.0, 'rs_line_percentile': 24.3, 'rs_line_at_new_high': False, 'rs_line_trend': 'down', 'rs_line_score': 15}","{'roe_pct': 12.1, 'debt_to_equity': 0.17, 'current_ratio': 2.89, 'operating_margin_pct': 32.6}","{'days_to_earnings': 'N/A', 'recommendation': 'buy', 'analyst_upside_pct': 7.2}",511.05,1094009683968,Financial Services,Insurance - Diversified,1.0,3.2,False,537.74,-5.0,5,False,0.7,547.67,604.0,510.0,3.0,buy,7.2,,,436.73,-14.5,reportado,múltiplo propio,3.0,0.74,True,,2.35,12.01,,,,,,False,-0.41,,7,,17.1,EBIT,17.1,75.5,29.0,2026-11-07,False,True,False,4,NEUTRAL,,,0.79,12.0,,,,2026-10-09T06:09:14.960956,2140709684.0,"Insurance - Diversified: el flujo operativo son depósitos, préstamos o primas, no caja libre para el accionista",,,,True
4684.T,"OBIC Co.,Ltd.",78.3,,anual,⭐⭐⭐ EXCELLENT,🟢 Excellent,JPY,JPY,False,True,True,1.0,,95.0,70.0,79.0,70.0,60.0,,,,,16.4,True,1,11.5,True,1,"{'eps_growth_yoy': 16.4, 'op_growth_yoy': 13.3, 'crecimiento_respaldado': True, 'positive_quarters': 4, 'earnings_accelerating': True, 'eps_accel_quarters': 1, 'profit_margin_pct': 56.2, 'score_bruto_sin_capar': 95.0, 'satura': False}","{'revenue_growth_yoy': 11.5, 'revenue_accelerating': True, 'rev_accel_quarters': 1}","{'rs_3m': 26.0, 'rs_6m': 19.9}","{'roe_pct': 16.6, 'current_ratio': 7.21, 'operating_margin_pct': 67.7}","{'days_to_earnings': 'N/A', 'recommendation': 'buy', 'analyst_upside_pct': 4.2}",5289.0,2271064096768,Technology,Software - Application,,,False,5337.0,-0.9,6,False,9.9,5513.33,6200.0,4500.0,12.0,buy,4.2,5105.29,-3.5,5522.81,4.4,reportado,múltiplo propio,4.0,0.41,False,,3.18,168.19,,1.82,49.1,94.0,1.24,,,,9,,,,,19.5,17.0,2026-10-27,False,True,True,4,NEUTRAL,4.42,35.7,2.21,20.5,,,,2026-10-09T06:12:14.010196,,,,,,
THC,Tenet Healthcare Corporation,78.1,,trimestral,⭐⭐⭐ EXCELLENT,🟢 Excellent,USD,USD,False,True,True,1.0,,100.0,60.0,79.4,75.0,60.0,80.0,79.9,False,flat,186.8,False,0,14.6,False,0,"{'eps_growth_yoy': 186.8, 'op_growth_yoy': 68.7, 'crecimiento_respaldado': False, 'crecimiento_puntuado': 93.7, 'positive_quarters': 4, 'earnings_accelerating': False, 'eps_accel_quarters': 0, 'profit_margin_pct': 10.3, 'score_bruto_sin_capar': 100.0, 'satura': False}","{'revenue_growth_yoy': 14.6, 'revenue_accelerating': False, 'rev_accel_quarters': 0}","{'rs_3m': 30.2, 'rs_6m': 19.0, 'rs_line_percentile': 79.9, 'rs_line_at_new_high': False, 'rs_line_trend': 'flat', 'rs_line_score': 80}","{'roe_pct': 37.3, 'debt_to_equity': 1.52, 'current_ratio': 1.41, 'operating_margin_pct': 18.2}","{'days_to_earnings': 'N/A', 'recommendation': 'buy', 'analyst_upside_pct': 9.5}",260.57,20980836352,Healthcare,Medical Care Facilities,2.9,2.8,False,283.05,-7.9,7,True,-0.8,285.32,315.0,260.0,22.0,buy,9.5,431.86,65.7,332.44,27.6,reportado,múltiplo propio,4.0,0.72,False,,9.9,25.8,30.9,,,,2.21,True,-8.53,,9,,5.4,Operating Income,5.7,213.4,20.0,2026-10-29,False,True,True,6,NEUTRAL,9.54,31.7,0.41,24.0,,,,2026-10-09T06:15:31.298063,,,,,,
KYCCF,Keyence Corporation,77.8,,anual,⭐⭐⭐ EXCELLENT,🟢 Excellent,USD,JPY,True,True,True,1.0,,100.0,80.0,65.1,65.0,50.0,60.0,67.6,False,down,11.7,True,2,10.4,True,2,"{'eps_growth_yoy': 11.7, 'op_growth_yoy': 8.4, 'crecimiento_respaldado': True, 'positive_quarters': 4, 'earnings_accelerating': True, 'eps_accel_quarters': 2, 'profit_margin_pct': 39.2, 'score_bruto_sin_capar': 105.0, 'satura': True}","{'revenue_growth_yoy': 10.4, 'revenue_accelerating': True, 'rev_accel_quarters': 2}","{'rs_3m': 5.3, 'rs_6m': 14.0, 'rs_line_percentile': 67.6, 'rs_line_at_new_high': False, 'rs_line_trend': 'down', 'rs_line_score': 60}","{'current_ratio': 11.87, 'operating_margin_pct': 54.0}","{'days_to_earnings': 'N/A', 'recommendation': 'none'}",504.32,122310279168,Technology,Scientific & Technical Instruments,,,False,581.6,-13.3,6,False,-1.5,,,,,none,,224.66,-55.5,,,reportado,,,,,,2.08,10.49,,0.68,30.0,3.47,0.43,,,,9,,,,,25.5,20.0,2026-10-29,False,True,True,5,NEUTRAL,,31.6,1.38,33.2,,,,2026-10-09T06:13:02.318514,,,múltiplo propio 0x fuera del rango 8-45,,,
7741.T,HOYA Corporation,77.7,,anual,⭐⭐⭐ EXCELLENT,🟢 Excellent,JPY,JPY,False,True,True,1.0,,100.0,80.0,34.5,95.0,65.0,,,,,25.2,True,2,12.4,True,2,"{'eps_growth_yoy': 25.2, 'op_growth_yoy': 14.6, 'crecimiento_respaldado': True, 'positive_quarters': 4, 'earnings_accelerating': True, 'eps_accel_quarters': 2, 'profit_margin_pct': 27.2, 'score_bruto_sin_capar': 115.0, 'satura': True}","{'revenue_growth_yoy': 12.4, 'revenue_accelerating': True, 'rev_accel_quarters': 2}","{'rs_3m': 0.9, 'rs_6m': -25.2}","{'roe_pct': 26.5, 'debt_to_equity': 0.04, 'current_ratio': 4.91, 'operating_margin_pct': 32.4}","{'days_to_earnings': 'N/A', 'recommendation': 'strong_buy', 'analyst_upside_pct': 20.9}",24970.0,8329038921728,Healthcare,Medical Instruments & Supplies,,,False,30400.0,-17.9,4,False,2.0,30200.0,36000.0,23100.0,15.0,strong_buy,20.9,16147.63,-35.3,25983.5,4.1,reportado,múltiplo propio,4.0,0.22,False,,2.82,704.15,,1.18,39.7,295.0,0.73,,,,9,,,,,30.0,20.0,2026-10-30,False,True,True,6,NEUTRAL,6.96,55.3,2.2,26.6,,,,2026-10-09T06:08:56.286492,,,,,,
NUE,Nucor Corporation,77.5,,trimestral,⭐⭐⭐ EXCELLENT,🟢 Excellent,USD,USD,False,True,True,1.0,"FCF declarado (1,211,000,000) se aparta del derivado de flujo operativo menos capex (766,533,165)",95.0,70.0,65.1,80.0,65.0,60.0,74.5,False,down,91.7,False,0,23.0,False,0,"{'eps_growth_yoy': 91.7, 'op_growth_yoy': 77.3, 'crecimiento_respaldado': True, 'positive_quarters': 4, 'earnings_accelerating': False, 'eps_accel_quarters': 0, 'profit_margin_pct': 8.0, 'score_bruto_sin_capar': 95.0, 'satura': False}","{'revenue_growth_yoy': 23.0, 'revenue_accelerating': False, 'rev_accel_quarters': 0}","{'rs_3m': 2.3, 'rs_6m': 18.4, 'rs_line_percentile': 74.5, 'rs_line_at_new_high': False, 'rs_line_trend': 'down', 'rs_line_score': 60}","{'roe_pct': 14.5, 'debt_to_equity': 0.31, 'current_ratio': 2.51, 'operating_margin_pct': 15.7}","{'days_to_earnings': 'N/A', 'recommendation': 'buy', 'analyst_upside_pct': 15.3}",246.14,55843180544,Basic Materials,Steel,2.5,3.1,False,280.11,-12.1,7,True,-3.4,283.81,310.0,226.0,16.0,buy,15.3,,,,,reportado,,,,,,1.37,3.37,23.5,0.91,17.8,2.24,1.33,False,-1.0,,9,,28.7,Operating Income,29.3,93.8,17.0,2026-10-26,False,True,True,6,NEUTRAL,4.33,11.5,,35.9,1.6,0.04,-34.3,2026-10-09T06:14:48.669993,,"el capex se lleva el 77% del flujo operativo: lo que queda no es lo que gana el dueño, es lo que sobra tras decidir invertir",los P/E históricos se separan 1.5x la mediana: el ancla la decidiría un año suelto,,,
OXY,Occidental Petroleum Corporation,77.3,,trimestral,⭐⭐⭐ EXCELLENT,🟢 Excellent,USD,USD,False,True,True,1.0,,100.0,80.0,46.7,80.0,60.0,35.0,43.9,False,up,808.8,True,2,53.4,False,0,"{'eps_growth_yoy': 808.8, 'op_growth_yoy': 359.3, 'crecimiento_respaldado': False, 'crecimiento_puntuado': 384.3, 'positive_quarters': 3, 'earnings_accelerating': True, 'eps_accel_quarters': 2, 'profit_margin_pct': 30.3, 'score_bruto_sin_capar': 118.0, 'satura': True}","{'revenue_growth_yoy': 53.4, 'revenue_accelerating': False, 'rev_accel_quarters': 0}","{'rs_3m': 6.9, 'rs_6m': -9.5, 'rs_line_percentile': 43.9, 'rs_line_at_new_high': False, 'rs_line_trend': 'up', 'rs_line_score': 35}","{'roe_pct': 10.6, 'debt_to_equity': 0.35, 'current_ratio': 1.41, 'operating_margin_pct': 45.4}","{'days_to_earnings': 'N/A', 'recommendation': 'buy', 'analyst_upside_pct': 13.4}",60.28,60258140160,Energy,Oil & Gas E&P,3.0,2.9,False,67.45,-10.6,7,True,3.1,68.36,82.0,55.0,25.0,buy,13.4,,,46.97,-22.1,reportado,múltiplo propio,4.0,0.97,False,,7.55,4.55,,1.92,28.4,1.12,0.6,False,0.18,,9,,5.7,Operating Income,6.2,675.4,31.0,2026-11-09,False,True,False,4,NEUTRAL,4.8,5.8,,37.5,,,,2026-10-09T06:13:56.954119,,"el capex se lleva el 59% del flujo operativo: lo que queda no es lo que gana el dueño, es lo que sobra tras decidir invertir",,,,
TECK,Teck Resources Limited,77.3,,trimestral,⭐⭐⭐ EXCELLENT,🟢 Excellent,USD,CAD,True,True,True,0.9845,"FCF declarado (1,354,260,510) se aparta del derivado de flujo operativo menos capex (1,819,281,911)",100.0,80.0,60.3,75.0,40.0,60.0,70.6,False,flat,314.6,False,0,78.2,False,0,"{'eps_growth_yoy': 314.6, 'op_growth_yoy': 425.2, 'crecimiento_respaldado': True, 'positive_quarters': 4, 'earnings_accelerating': False, 'eps_accel_quarters': 0, 'profit_margin_pct': 17.9, 'score_bruto_sin_capar': 100.0, 'satura': False}","{'revenue_growth_yoy': 78.2, 'revenue_accelerating': False, 'rev_accel_quarters': 0}","{'rs_3m': 7.4, 'rs_6m': 0.5, 'rs_line_percentile': 70.6, 'rs_line_at_new_high': False, 'rs_line_trend': 'flat', 'rs_line_score': 60}","{'roe_pct': 8.7, 'debt_to_equity': 0.34, 'current_ratio': 3.12, 'operating_margin_pct': 43.1}","{'days_to_earnings': 'N/A', 'recommendation': 'hold', 'analyst_upside_pct': -14.8}",64.82,31800692736,Basic Materials,Copper,,4.5,False,72.56,-10.7,7,True,-2.5,55.24,77.03,35.11,4.0,hold,-14.8,34.48,-46.8,,,normalizado,,,,,,5.72,3.71,,0.54,9.8,0.35,0.83,True,-1.05,,6,solo 6 de los 9 criterios son calculables con los estados de esta empresa,5.2,Operating Income,6.5,129.8,20.0,2026-10-29,False,True,True,5,,4.18,4.2,0.58,37.3,0.4,0.01,-36.9,2026-10-09T06:15:38.695503,,,sin histórico de múltiplo (beneficio negativo o pocos años),tasa fiscal efectiva 39.3% — el beneficio del periodo no es representativo,,
VEEV,Veeva Systems Inc.,77.2,,trimestral,⭐⭐⭐ EXCELLENT,🟢 Excellent,USD,USD,False,True,True,1.0,,95.0,60.0,75.0,85.0,60.0,60.0,66.6,False,up,36.5,False,0,17.6,False,0,"{'eps_growth_yoy': 36.5, 'op_growth_yoy': 40.4, 'crecimiento_respaldado': True, 'positive_quarters': 4, 'earnings_accelerating': False, 'eps_accel_quarters': 0, 'profit_margin_pct': 29.3, 'score_bruto_sin_capar': 95.0, 'satura': False}","{'revenue_growth_yoy': 17.6, 'revenue_accelerating': False, 'rev_accel_quarters': 0}","{'rs_3m': 41.2, 'rs_6m': 73.6, 'rs_line_percentile': 66.6, 'rs_line_at_new_high': False, 'rs_line_trend': 'up', 'rs_line_score': 60}","{'roe_pct': 14.4, 'debt_to_equity': 0.02, 'current_ratio': 5.46, 'operating_margin_pct': 29.6}","{'days_to_earnings': 'N/A', 'recommendation': 'buy', 'analyst_upside_pct': 3.7}",284.84,46118117376,Healthcare,Health Information Services,3.4,2.9,False,302.17,-5.7,6,False,10.6,295.27,340.0,180.0,26.0,buy,3.7,203.18,-28.7,,,reportado,,,,,,2.73,7.78,,,,,,True,-1.57,,9,,,,,39.5,47.0,2026-11-25,False,True,False,7,NEUTRAL,2.37,14.1,1.27,25.9,,,,2026-10-09T06:07:56.473659,,,múltiplo propio 55x fuera del rango 8-45,,,
DSGX,The Descartes Systems Group Inc.,77.0,,trimestral,⭐⭐⭐ EXCELLENT,🟢 Excellent,USD,USD,False,True,True,1.0,,95.0,70.0,55.1,90.0,65.0,35.0,26.4,False,up,31.6,False,0,11.8,True,1,"{'eps_growth_yoy': 31.6, 'op_growth_yoy': 25.2, 'crecimiento_respaldado': True, 'positive_quarters': 4, 'earnings_accelerating': False, 'eps_accel_quarters': 0, 'profit_margin_pct': 24.3, 'score_bruto_sin_capar': 95.0, 'satura': False}","{'revenue_growth_yoy': 11.8, 'revenue_accelerating': True, 'rev_accel_quarters': 1}","{'rs_3m': 8.2, 'rs_6m': 14.5, 'rs_line_percentile': 26.4, 'rs_line_at_new_high': False, 'rs_line_trend': 'up', 'rs_line_score': 35}","{'roe_pct': 11.9, 'debt_to_equity': 0.0, 'current_ratio': 2.02, 'operating_margin_pct': 33.2}","{'days_to_earnings': 'N/A', 'recommendation': 'buy', 'analyst_upside_pct': 25.4}",81.35,6959374336,Technology,Software - Application,,2.5,False,98.35,-17.3,5,False,3.8,102.0,126.0,82.0,13.0,buy,25.4,116.05,42.7,,,reportado,,,,,,4.31,3.51,,,,,,False,-0.59,,9,,257.0,Operating Income,264.0,32.6,54.0,2026-12-02,False,True,False,6,NEUTRAL,3.41,78.6,1.45,38.4,,,,2026-10-09T06:08:48.505116,,,múltiplo propio 64x fuera del rango 8-45,,,
AME,"AMETEK, Inc.",76.1,,trimestral,⭐⭐⭐ EXCELLENT,🟢 Excellent,USD,USD,False,True,True,1.0,,95.0,70.0,56.7,85.0,60.0,60.0,60.5,False,flat,13.5,True,1,15.0,True,1,"{'eps_growth_yoy': 13.5, 'op_growth_yoy': 14.4, 'crecimiento_respaldado': True, 'positive_quarters': 4, 'earnings_accelerating': True, 'eps_accel_quarters': 1, 'profit_margin_pct': 20.0, 'score_bruto_sin_capar': 95.0, 'satura': False}","{'revenue_growth_yoy': 15.0, 'revenue_accelerating': True, 'rev_accel_quarters': 1}","{'rs_3m': 3.2, 'rs_6m': -8.8, 'rs_line_percentile': 60.5, 'rs_line_at_new_high': False, 'rs_line_trend': 'flat', 'rs_line_score': 60}","{'roe_pct': 14.6, 'debt_to_equity': 0.21, 'current_ratio': 1.21, 'operating_margin_pct': 26.2}","{'days_to_earnings': 'N/A', 'recommendation': 'buy', 'analyst_upside_pct': 13.2}",247.52,56732327936,Industrials,Specialty Industrial Machinery,1.5,2.1,False,261.16,-5.2,7,True,1.3,280.28,318.0,217.0,18.0,buy,13.2,172.01,-30.5,200.53,-19.0,reportado,múltiplo propio,4.0,0.16,False,,3.23,7.99,,0.55,19.0,1.36,0.61,False,-0.7,,9,,21.1,Operating Income,20.8,14.2,20.0,2026-10-29,False,True,True,6,NEUTRAL,3.25,146.3,3.05,22.7,0.8,0.03,-21.9,2026-10-09T06:10:38.451856,,,,,,
CDNS,"Cadence Design Systems, Inc.",76.0,,trimestral,⭐⭐⭐ EXCELLENT,🟢 Excellent,USD,USD,False,True,True,1.0,,85.0,80.0,52.4,90.0,65.0,35.0,46.8,False,flat,129.3,True,1,24.2,True,1,"{'eps_growth_yoy': 129.3, 'op_growth_yoy': 21.5, 'crecimiento_respaldado': False, 'crecimiento_puntuado': 46.5, 'positive_quarters': 4, 'earnings_accelerating': True, 'eps_accel_quarters': 1, 'profit_margin_pct': 23.6, 'score_bruto_sin_capar': 105.0, 'satura': True}","{'revenue_growth_yoy': 24.2, 'revenue_accelerating': True, 'rev_accel_quarters': 1}","{'rs_3m': -11.3, 'rs_6m': 16.8, 'rs_line_percentile': 46.8, 'rs_line_at_new_high': False, 'rs_line_trend': 'flat', 'rs_line_score': 35}","{'roe_pct': 23.2, 'debt_to_equity': 0.39, 'current_ratio': 1.74, 'operating_margin_pct': 28.6}","{'days_to_earnings': 'N/A', 'recommendation': 'strong_buy', 'analyst_upside_pct': 16.5}",348.84,96215654400,Technology,Software - Application,1.6,1.8,False,416.69,-16.3,5,False,9.0,406.24,470.0,300.0,26.0,strong_buy,16.5,125.26,-64.1,,,reportado,,,,,,1.78,6.21,,,,,,False,1.2,,9,,14.4,Operating Income,15.6,125.4,17.0,2026-10-26,False,True,True,7,NEUTRAL,1.66,44.3,3.82,36.0,0.4,0.01,-35.6,2026-10-09T06:09:38.448150,,,múltiplo propio 74x fuera del rango 8-45,,,
SAP,SAP SE,75.8,,trimestral,⭐⭐⭐ EXCELLENT,🟢 Excellent,USD,EUR,True,True,True,1.0,,95.0,60.0,61.4,90.0,65.0,35.0,35.0,False,up,28.5,False,0,9.4,True,1,"{'eps_growth_yoy': 28.5, 'op_growth_yoy': 7.2, 'crecimiento_respaldado': True, 'positive_quarters': 4, 'earnings_accelerating': False, 'eps_accel_quarters': 0, 'profit_margin_pct': 20.4, 'score_bruto_sin_capar': 95.0, 'satura': False}","{'revenue_growth_yoy': 9.4, 'revenue_accelerating': True, 'rev_accel_quarters': 1}","{'rs_3m': 29.2, 'rs_6m': 18.0, 'rs_line_percentile': 35.0, 'rs_line_at_new_high': False, 'rs_line_trend': 'up', 'rs_line_score': 35}","{'roe_pct': 18.3, 'debt_to_equity': 0.22, 'current_ratio': 1.15, 'operating_margin_pct': 27.6}","{'days_to_earnings': 'N/A', 'recommendation': 'buy', 'analyst_upside_pct': 18.9}",212.4,245152989184,Technology,Software - Application,0.4,2.2,False,281.37,-24.5,5,False,1.4,252.5,319.0,177.0,12.0,buy,18.9,229.4,8.0,305.18,43.7,reportado,múltiplo propio,3.0,0.55,True,2024-12-31,4.0,8.5,,1.38,37.7,2.93,1.35,True,-1.45,,9,,18.2,Operating Income,20.7,30.6,12.0,2026-10-21,False,True,True,8,STRONG,0.28,131.1,0.73,25.5,,,,2026-10-09T06:09:07.402880,,,,,,
GOOG,Alphabet Inc.,75.8,,trimestral,⭐⭐⭐ EXCELLENT,🟢 Excellent,USD,USD,False,True,True,0.4519,"acciones × precio no cuadra (ratio 0.4519) pero la divisa sí: son clases múltiples. Se usan 12,230 M de acciones efectivas (capitalización ÷ precio) en vez de las 5,527 M declaradas | FCF declarado (53,273,000,000) se aparta del derivado de flujo operativo menos capex (94,228,005,952)",85.0,80.0,44.0,100.0,65.0,35.0,45.8,False,flat,297.9,False,0,24.2,True,1,"{'eps_growth_yoy': 297.9, 'op_growth_yoy': 30.4, 'crecimiento_respaldado': False, 'crecimiento_puntuado': 55.4, 'positive_quarters': 4, 'earnings_accelerating': False, 'eps_accel_quarters': 0, 'profit_margin_pct': 54.8, 'score_bruto_sin_capar': 105.0, 'satura': True}","{'revenue_growth_yoy': 24.2, 'revenue_accelerating': True, 'rev_accel_quarters': 1}","{'rs_3m': -5.2, 'rs_6m': -5.1, 'rs_line_percentile': 45.8, 'rs_line_at_new_high': False, 'rs_line_trend': 'flat', 'rs_line_score': 35}","{'roe_pct': 48.7, 'debt_to_equity': 0.19, 'current_ratio': 2.72, 'operating_margin_pct': 34.0}","{'days_to_earnings': 'N/A', 'recommendation': 'strong_buy', 'analyst_upside_pct': 21.7}",344.86,4217615155200,Communication Services,Internet Content & Information,,3.3,False,404.47,-14.7,6,False,0.5,419.65,475.0,340.0,14.0,strong_buy,21.7,155.79,-54.8,474.4,37.6,reportado,múltiplo propio,4.0,0.41,False,,2.23,7.69,,0.26,4.3,0.88,,False,0.91,,9,,65.6,Operating Income,133.9,294.0,19.0,2026-10-28,False,True,True,6,NEUTRAL,3.11,35.3,0.76,23.3,,,,2026-10-09T06:13:06.241239,12229934336.0,,,,,
BLK,"BlackRock, Inc.",75.7,,trimestral,⭐⭐⭐ EXCELLENT,🟢 Excellent,USD,USD,False,True,True,0.9532,,85.0,90.0,38.7,90.0,65.0,15.0,19.1,False,down,20.2,False,0,30.6,True,1,"{'eps_growth_yoy': 20.2, 'op_growth_yoy': 33.6, 'crecimiento_respaldado': True, 'positive_quarters': 4, 'earnings_accelerating': False, 'eps_accel_quarters': 0, 'profit_margin_pct': 24.1, 'score_bruto_sin_capar': 85.0, 'satura': False}","{'revenue_growth_yoy': 30.6, 'revenue_accelerating': True, 'rev_accel_quarters': 1}","{'rs_3m': 0.2, 'rs_6m': -6.7, 'rs_line_percentile': 19.1, 'rs_line_at_new_high': False, 'rs_line_trend': 'down', 'rs_line_score': 15}","{'roe_pct': 12.3, 'debt_to_equity': 0.23, 'current_ratio': 2.45, 'operating_margin_pct': 35.1}","{'days_to_earnings': 'N/A', 'recommendation': 'strong_buy', 'analyst_upside_pct': 23.5}",1065.35,173094010880,Financial Services,Asset Management,1.3,3.7,False,1219.94,-12.7,4,False,-3.7,1315.82,1479.0,1190.0,17.0,strong_buy,23.5,,,925.0,-13.2,reportado,múltiplo propio,4.0,0.51,False,,1.73,18.43,15.8,2.14,52.4,22.92,2.29,False,5.31,,9,,16.6,Operating Income,17.9,19.6,5.0,2026-10-14,True,True,False,4,NEUTRAL,4.55,27.4,31.25,20.1,,,,2026-10-09T06:11:53.857067,,"Asset Management: el flujo operativo son depósitos, préstamos o primas, no caja libre para el accionista",,,,
ODFL,"Old Dominion Freight Line, Inc.",75.3,,trimestral,⭐⭐⭐ EXCELLENT,🟢 Excellent,USD,USD,False,True,True,1.0,,100.0,80.0,23.0,95.0,65.0,35.0,28.5,False,down,30.5,True,2,10.4,True,2,"{'eps_growth_yoy': 30.5, 'op_growth_yoy': 30.0, 'crecimiento_respaldado': True, 'positive_quarters': 4, 'earnings_accelerating': True, 'eps_accel_quarters': 2, 'profit_margin_pct': 19.4, 'score_bruto_sin_capar': 110.0, 'satura': True}","{'revenue_growth_yoy': 10.4, 'revenue_accelerating': True, 'rev_accel_quarters': 2}","{'rs_3m': -25.4, 'rs_6m': -27.0, 'rs_line_percentile': 28.5, 'rs_line_at_new_high': False, 'rs_line_trend': 'down', 'rs_line_score': 35}","{'roe_pct': 24.8, 'debt_to_equity': 0.0, 'current_ratio': 1.89, 'operating_margin_pct': 28.8}","{'days_to_earnings': 'N/A', 'recommendation': 'buy', 'analyst_upside_pct': 24.7}",181.65,37666328576,Industrials,Trucking,4.9,5.2,False,252.03,-27.9,3,False,-5.7,226.48,263.0,156.0,21.0,buy,24.7,60.76,-66.6,166.68,-8.2,reportado,múltiplo propio,4.0,0.39,False,,2.6,4.72,,0.66,21.9,1.16,0.43,True,-1.63,,9,,2183.6,Operating Income,2188.9,22.6,19.0,2026-10-28,False,True,True,6,NEUTRAL,3.76,28.9,,26.3,,,,2026-10-09T06:11:57.861202,,,,,,
RACE,Ferrari N.V.,75.3,,trimestral,⭐⭐⭐ EXCELLENT,🟢 Excellent,USD,EUR,True,True,True,1.0,,95.0,70.0,46.7,90.0,65.0,35.0,35.2,False,down,9.0,True,2,8.4,True,2,"{'eps_growth_yoy': 9.0, 'op_growth_yoy': 9.5, 'crecimiento_respaldado': True, 'positive_quarters': 4, 'earnings_accelerating': True, 'eps_accel_quarters': 2, 'profit_margin_pct': 22.2, 'score_bruto_sin_capar': 95.0, 'satura': False}","{'revenue_growth_yoy': 8.4, 'revenue_accelerating': True, 'rev_accel_quarters': 2}","{'rs_3m': 0.5, 'rs_6m': -2.9, 'rs_line_percentile': 35.2, 'rs_line_at_new_high': False, 'rs_line_trend': 'down', 'rs_line_score': 35}","{'roe_pct': 45.4, 'debt_to_equity': 0.86, 'current_ratio': 2.43, 'operating_margin_pct': 31.1}","{'days_to_earnings': 'N/A', 'recommendation': 'strong_buy', 'analyst_upside_pct': 17.1}",388.28,68104298496,Consumer Cyclical,Auto Manufacturers,2.9,9.9,False,437.15,-11.2,5,False,-4.9,454.66,516.68,403.06,12.0,strong_buy,17.1,293.56,-24.4,477.16,22.9,reportado,múltiplo propio,4.0,0.19,False,,2.41,9.36,,1.09,39.2,4.23,0.64,True,-1.12,,9,,63.9,Operating Income,63.9,10.1,25.0,2026-11-03,False,True,False,9,STRONG,3.01,46.7,1.51,21.7,,,,2026-10-09T06:09:03.684148,,,,,,
HHH,Howard Hughes Holdings Inc.,74.5,,trimestral,⭐⭐⭐ EXCELLENT,🟢 Excellent,USD,USD,False,True,True,1.0,,90.0,90.0,44.0,65.0,65.0,35.0,25.5,False,up,,True,2,330.2,True,1,"{'positive_quarters': 4, 'earnings_accelerating': True, 'eps_accel_quarters': 2, 'profit_margin_pct': 12.3, 'score_bruto_sin_capar': 90.0, 'satura': False}","{'revenue_growth_yoy': 330.2, 'revenue_accelerating': True, 'rev_accel_quarters': 1}","{'rs_3m': -3.2, 'rs_6m': -1.1, 'rs_line_percentile': 25.5, 'rs_line_at_new_high': False, 'rs_line_trend': 'up', 'rs_line_score': 35}","{'roe_pct': 7.5, 'debt_to_equity': 1.35, 'current_ratio': 3.48, 'operating_margin_pct': 28.4}","{'days_to_earnings': 'N/A', 'recommendation': 'buy', 'analyst_upside_pct': 24.7}",71.93,4295621120,Real Estate,Real Estate - Development,12.7,8.1,True,91.07,-21.0,3,False,8.4,89.67,100.0,79.0,3.0,buy,24.7,166.11,130.9,98.6,37.1,reportado,múltiplo propio,3.0,0.83,True,,18.24,13.12,,,,,,False,,,9,,2.8,Operating Income,3.2,,31.0,2026-11-09,False,True,False,6,NEUTRAL,4.24,13.3,,52.9,,,,2026-10-09T06:15:19.822101,,,,,,
NDSN,Nordson Corporation,74.1,,trimestral,⭐⭐⭐ EXCELLENT,🟢 Excellent,USD,USD,False,True,True,1.0,,90.0,60.0,71.9,85.0,50.0,80.0,84.2,False,up,21.5,True,1,10.3,False,0,"{'eps_growth_yoy': 21.5, 'op_growth_yoy': 11.6, 'crecimiento_respaldado': True, 'positive_quarters': 4, 'earnings_accelerating': True, 'eps_accel_quarters': 1, 'profit_margin_pct': 18.6, 'score_bruto_sin_capar': 90.0, 'satura': False}","{'revenue_growth_yoy': 10.3, 'revenue_accelerating': False, 'rev_accel_quarters': 0}","{'rs_3m': 10.8, 'rs_6m': 5.0, 'rs_line_percentile': 84.2, 'rs_line_at_new_high': False, 'rs_line_trend': 'up', 'rs_line_score': 80}","{'roe_pct': 17.8, 'debt_to_equity': 0.56, 'current_ratio': 1.82, 'operating_margin_pct': 27.4}","{'days_to_earnings': 'N/A', 'recommendation': 'none', 'analyst_upside_pct': 7.0}",326.87,18212526080,Industrials,Specialty Industrial Machinery,3.1,3.5,False,339.12,-3.6,8,True,2.9,349.71,375.0,282.0,7.0,none,7.0,226.49,-30.7,253.06,-22.6,reportado,múltiplo propio,4.0,0.22,False,,3.93,12.85,,1.15,33.2,3.76,1.07,True,-1.24,,9,,8.8,Operating Income,8.4,11.5,61.0,2026-12-09,False,True,False,7,NEUTRAL,3.63,67.1,,18.2,0.8,0.04,-17.4,2026-10-09T06:10:46.830455,,,,,,
CTAS,Cintas Corporation,73.8,,trimestral,⭐⭐⭐ EXCELLENT,🟢 Excellent,USD,USD,False,True,True,1.0,,100.0,60.0,50.3,85.0,60.0,35.0,47.5,False,down,14.0,True,2,8.9,True,1,"{'eps_growth_yoy': 14.0, 'op_growth_yoy': 15.2, 'crecimiento_respaldado': True, 'positive_quarters': 4, 'earnings_accelerating': True, 'eps_accel_quarters': 2, 'profit_margin_pct': 17.8, 'score_bruto_sin_capar': 100.0, 'satura': False}","{'revenue_growth_yoy': 8.9, 'revenue_accelerating': True, 'rev_accel_quarters': 1}","{'rs_3m': 6.2, 'rs_6m': 1.1, 'rs_line_percentile': 47.5, 'rs_line_at_new_high': False, 'rs_line_trend': 'down', 'rs_line_score': 35}","{'roe_pct': 41.4, 'debt_to_equity': 0.52, 'current_ratio': 1.45, 'operating_margin_pct': 24.1}","{'days_to_earnings': 'N/A', 'recommendation': 'buy', 'analyst_upside_pct': 8.5}",201.12,80350855168,Industrials,Specialty Business Services,3.8,6.3,False,219.17,-8.2,5,False,0.4,218.31,250.0,181.0,16.0,buy,8.5,120.15,-40.3,200.0,-0.6,reportado,múltiplo propio,4.0,0.4,False,,2.54,5.11,,1.03,36.7,2.08,0.85,True,-1.31,,9,,24.7,Operating Income,24.6,9.3,69.0,2026-12-17,False,True,False,8,STRONG,3.23,82.5,2.22,22.3,,,,2026-10-09T06:05:34.936256,,,,,,
TT,Trane Technologies plc,73.8,,trimestral,⭐⭐⭐ EXCELLENT,🟢 Excellent,USD,USD,False,True,True,1.0,,90.0,80.0,44.0,80.0,60.0,35.0,42.5,False,up,7.3,True,2,10.6,True,2,"{'eps_growth_yoy': 7.3, 'op_growth_yoy': 5.2, 'crecimiento_respaldado': True, 'positive_quarters': 4, 'earnings_accelerating': True, 'eps_accel_quarters': 2, 'profit_margin_pct': 13.3, 'score_bruto_sin_capar': 90.0, 'satura': False}","{'revenue_growth_yoy': 10.6, 'revenue_accelerating': True, 'rev_accel_quarters': 2}","{'rs_3m': -5.4, 'rs_6m': -13.1, 'rs_line_percentile': 42.5, 'rs_line_at_new_high': False, 'rs_line_trend': 'up', 'rs_line_score': 35}","{'roe_pct': 36.6, 'debt_to_equity': 0.53, 'current_ratio': 1.07, 'operating_margin_pct': 19.3}","{'days_to_earnings': 'N/A', 'recommendation': 'buy', 'analyst_upside_pct': 12.1}",469.94,103397695488,Industrials,Building Products & Equipment,1.5,3.4,False,505.87,-7.1,6,False,3.5,526.67,575.0,422.0,22.0,buy,12.1,316.9,-32.6,381.89,-18.7,reportado,múltiplo propio,4.0,0.38,False,,3.38,15.88,,0.89,29.7,4.2,1.1,True,-1.16,,9,,18.1,Operating Income,18.0,7.1,20.0,2026-10-29,False,True,True,9,STRONG,3.74,103.7,1.32,23.6,,,,2026-10-09T06:10:10.673861,,,,,,
6383.T,"Daifuku Co., Ltd.",73.5,,anual,⭐⭐⭐ EXCELLENT,🟢 Excellent,JPY,JPY,False,True,True,1.0,,100.0,60.0,50.0,80.0,65.0,,,,,71.8,True,1,8.1,True,1,"{'eps_growth_yoy': 71.8, 'op_growth_yoy': 63.4, 'crecimiento_respaldado': True, 'positive_quarters': 4, 'earnings_accelerating': True, 'eps_accel_quarters': 1, 'profit_margin_pct': 12.1, 'score_bruto_sin_capar': 110.0, 'satura': True}","{'revenue_growth_yoy': 8.1, 'revenue_accelerating': True, 'rev_accel_quarters': 1}","{'rs_3m': -17.2, 'rs_6m': -16.9}","{'debt_to_equity': 0.09, 'current_ratio': 2.63, 'operating_margin_pct': 16.6}","{'days_to_earnings': 'N/A', 'recommendation': 'buy', 'analyst_upside_pct': 29.9}",5761.0,2142165401600,Industrials,Specialty Industrial Machinery,,,False,7857.0,-26.7,2,False,-0.7,7483.57,9300.0,5400.0,14.0,buy,29.9,6536.94,13.5,5745.32,-0.3,reportado,múltiplo propio,4.0,0.3,False,,5.42,312.25,,1.47,36.0,84.0,1.3,,,,9,,,,,13.8,32.0,2026-11-11,False,True,False,8,STRONG,5.17,21.8,1.4,29.4,,,,2026-10-09T06:13:40.401389,,,,,,
KO,The Coca-Cola Company,73.1,,trimestral,⭐⭐⭐ EXCELLENT,🟢 Excellent,USD,USD,False,True,True,1.0,,85.0,70.0,60.3,80.0,60.0,60.0,66.7,False,down,16.1,False,0,6.7,True,2,"{'eps_growth_yoy': 16.1, 'op_growth_yoy': 7.9, 'crecimiento_respaldado': True, 'positive_quarters': 4, 'earnings_accelerating': False, 'eps_accel_quarters': 0, 'profit_margin_pct': 28.6, 'score_bruto_sin_capar': 85.0, 'satura': False}","{'revenue_growth_yoy': 6.7, 'revenue_accelerating': True, 'rev_accel_quarters': 2}","{'rs_3m': 1.2, 'rs_6m': 0.2, 'rs_line_percentile': 66.7, 'rs_line_at_new_high': False, 'rs_line_trend': 'down', 'rs_line_score': 60}","{'roe_pct': 42.1, 'debt_to_equity': 1.16, 'current_ratio': 1.3, 'operating_margin_pct': 34.9}","{'days_to_earnings': 'N/A', 'recommendation': 'buy', 'analyst_upside_pct': 7.6}",87.77,377634717696,Consumer Defensive,Beverages - Non-Alcoholic,0.9,2.8,False,92.49,-5.1,7,True,0.1,94.43,104.0,75.0,23.0,buy,7.6,85.95,-2.1,77.71,-11.5,reportado,múltiplo propio,4.0,0.17,False,,3.77,3.31,,2.47,62.5,2.12,2.84,False,-0.05,,9,,10.2,Operating Income,12.0,16.9,18.0,2026-10-27,False,True,True,7,NEUTRAL,3.73,77.0,2.17,14.2,0.4,0.03,-13.8,2026-10-09T06:06:49.276726,,,,,,
NDAQ,"Nasdaq, Inc.",72.6,,trimestral,⭐⭐⭐ EXCELLENT,🟢 Excellent,USD,USD,False,True,True,1.0,,85.0,80.0,46.7,75.0,65.0,35.0,37.4,False,down,12.2,False,0,20.5,True,1,"{'eps_growth_yoy': 12.2, 'op_growth_yoy': 22.4, 'crecimiento_respaldado': True, 'positive_quarters': 4, 'earnings_accelerating': False, 'eps_accel_quarters': 0, 'profit_margin_pct': 35.0, 'score_bruto_sin_capar': 85.0, 'satura': False}","{'revenue_growth_yoy': 20.5, 'revenue_accelerating': True, 'rev_accel_quarters': 1}","{'rs_3m': 0.3, 'rs_6m': -2.6, 'rs_line_percentile': 37.4, 'rs_line_at_new_high': False, 'rs_line_trend': 'down', 'rs_line_score': 35}","{'roe_pct': 16.5, 'debt_to_equity': 0.78, 'current_ratio': 1.01, 'operating_margin_pct': 49.3}","{'days_to_earnings': 'N/A', 'recommendation': 'buy', 'analyst_upside_pct': 18.1}",92.37,51632738304,Financial Services,Financial Data & Stock Exchanges,2.0,2.7,False,101.79,-9.3,4,False,-2.3,109.06,132.0,84.0,16.0,buy,18.1,80.01,-13.4,99.52,7.7,reportado,múltiplo propio,4.0,0.46,False,,3.83,3.54,,1.26,32.7,1.16,1.27,True,-1.93,,9,,7.9,Operating Income,8.3,14.1,13.0,2026-10-22,False,True,True,9,STRONG,4.04,199.9,1.8,22.5,,,,2026-10-09T06:10:03.001426,,,,,,
TMO,Thermo Fisher Scientific Inc.,72.5,,trimestral,⭐⭐⭐ EXCELLENT,🟢 Excellent,USD,USD,False,True,True,1.0,,80.0,70.0,68.7,75.0,60.0,60.0,73.2,False,up,7.4,True,1,10.5,True,1,"{'eps_growth_yoy': 7.4, 'op_growth_yoy': 14.0, 'crecimiento_respaldado': True, 'positive_quarters': 4, 'earnings_accelerating': True, 'eps_accel_quarters': 1, 'profit_margin_pct': 15.0, 'score_bruto_sin_capar': 80.0, 'satura': False}","{'revenue_growth_yoy': 10.5, 'revenue_accelerating': True, 'rev_accel_quarters': 1}","{'rs_3m': 19.9, 'rs_6m': 17.2, 'rs_line_percentile': 73.2, 'rs_line_at_new_high': False, 'rs_line_trend': 'up', 'rs_line_score': 60}","{'roe_pct': 13.5, 'debt_to_equity': 0.81, 'current_ratio': 1.55, 'operating_margin_pct': 18.8}","{'days_to_earnings': 'N/A', 'recommendation': 'strong_buy', 'analyst_upside_pct': 2.5}",651.98,241067835392,Healthcare,Diagnostics & Research,1.4,2.9,False,694.33,-6.1,7,True,4.4,667.96,800.0,560.0,25.0,strong_buy,2.5,404.31,-38.0,496.06,-23.9,normalizado,múltiplo propio,4.0,0.1,False,,3.11,20.28,,0.29,9.7,1.88,0.25,True,-1.85,,9,,5.8,Operating Income,6.2,9.4,12.0,2026-10-21,False,True,True,5,NEUTRAL,2.86,33.7,130.76,28.9,,,,2026-10-09T06:07:28.969663,,,,tasa fiscal efectiva 7.8% — el beneficio del periodo no es representativo,,
MA,Mastercard Incorporated,72.3,,trimestral,⭐⭐⭐ EXCELLENT,🟢 Excellent,USD,USD,False,True,True,0.9925,,95.0,70.0,50.3,65.0,65.0,35.0,49.0,False,down,18.6,True,1,14.1,True,1,"{'eps_growth_yoy': 18.6, 'op_growth_yoy': 16.6, 'crecimiento_respaldado': True, 'positive_quarters': 4, 'earnings_accelerating': True, 'eps_accel_quarters': 1, 'profit_margin_pct': 46.3, 'score_bruto_sin_capar': 95.0, 'satura': False}","{'revenue_growth_yoy': 14.1, 'revenue_accelerating': True, 'rev_accel_quarters': 1}","{'rs_3m': 3.3, 'rs_6m': 1.0, 'rs_line_percentile': 49.0, 'rs_line_at_new_high': False, 'rs_line_trend': 'down', 'rs_line_score': 35}","{'roe_pct': 241.2, 'debt_to_equity': 4.4, 'current_ratio': 1.06, 'operating_margin_pct': 61.1}","{'days_to_earnings': 'N/A', 'recommendation': 'strong_buy', 'analyst_upside_pct': 16.0}",574.76,503495458816,Financial Services,Credit Services,0.8,2.7,False,601.23,-4.4,5,False,0.5,666.71,740.0,550.0,37.0,strong_buy,16.0,576.85,0.4,634.86,10.5,reportado,múltiplo propio,4.0,0.12,False,,3.22,18.51,,0.61,17.9,3.48,0.55,True,-3.39,,9,,28.1,Operating Income,28.0,22.1,20.0,2026-10-29,False,True,True,9,STRONG,3.81,629.7,1.44,16.1,,,,2026-10-09T06:06:14.408303,,,,,,
HEI,HEICO Corporation,72.2,,trimestral,⭐⭐⭐ EXCELLENT,🟢 Excellent,USD,USD,False,True,True,0.3953,acciones × precio no cuadra (ratio 0.3953) pero la divisa sí: son clases múltiples. Se usan 140 M de acciones efectivas (capitalización ÷ precio) en vez de las 55 M declaradas,90.0,70.0,36.0,90.0,70.0,15.0,9.1,False,down,32.8,False,0,23.1,False,0,"{'eps_growth_yoy': 32.8, 'op_growth_yoy': 34.0, 'crecimiento_respaldado': True, 'positive_quarters': 4, 'earnings_accelerating': False, 'eps_accel_quarters': 0, 'profit_margin_pct': 16.4, 'score_bruto_sin_capar': 90.0, 'satura': False}","{'revenue_growth_yoy': 23.1, 'revenue_accelerating': False, 'rev_accel_quarters': 0}","{'rs_3m': -17.6, 'rs_6m': -12.1, 'rs_line_percentile': 9.1, 'rs_line_at_new_high': False, 'rs_line_trend': 'down', 'rs_line_score': 15}","{'roe_pct': 17.7, 'debt_to_equity': 0.45, 'current_ratio': 2.72, 'operating_margin_pct': 25.1}","{'days_to_earnings': 'N/A', 'recommendation': 'buy', 'analyst_upside_pct': 32.7}",295.91,41355616256,Industrials,Aerospace & Defense,6.6,6.4,False,376.86,-21.5,2,False,-10.6,392.7,491.0,294.0,20.0,buy,32.7,163.1,-44.9,,,reportado,,,,,,2.35,6.95,6.3,0.08,4.2,0.25,0.09,False,,,9,,9.4,Operating Income,9.4,32.5,69.0,2026-12-17,False,True,False,8,STRONG,2.3,52.1,1.68,23.5,0.8,0.03,-22.7,2026-10-09T06:09:26.793933,139757414.0,,múltiplo propio 64x fuera del rango 8-45,,,
IDXX,"IDEXX Laboratories, Inc.",72.0,,trimestral,⭐⭐⭐ EXCELLENT,🟢 Excellent,USD,USD,False,True,True,1.0,,100.0,70.0,24.0,85.0,70.0,15.0,2.2,False,down,15.1,True,2,9.7,True,2,"{'eps_growth_yoy': 15.1, 'op_growth_yoy': 14.1, 'crecimiento_respaldado': True, 'positive_quarters': 4, 'earnings_accelerating': True, 'eps_accel_quarters': 2, 'profit_margin_pct': 25.0, 'score_bruto_sin_capar': 105.0, 'satura': True}","{'revenue_growth_yoy': 9.7, 'revenue_accelerating': True, 'rev_accel_quarters': 2}","{'rs_3m': -12.6, 'rs_6m': -23.3, 'rs_line_percentile': 2.2, 'rs_line_at_new_high': False, 'rs_line_trend': 'down', 'rs_line_score': 15}","{'roe_pct': 74.2, 'debt_to_equity': 0.68, 'current_ratio': 1.17, 'operating_margin_pct': 35.0}","{'days_to_earnings': 'N/A', 'recommendation': 'buy', 'analyst_upside_pct': 36.7}",513.14,40478023680,Healthcare,Diagnostics & Research,2.8,3.8,False,769.98,-33.4,0,False,-5.0,701.33,805.0,470.0,12.0,buy,36.7,232.89,-54.6,,,reportado,,,,,,3.05,15.65,,,,,,True,-2.08,,9,,38.6,Operating Income,38.7,12.3,24.0,2026-11-02,False,True,False,8,STRONG,3.33,119.8,1.74,21.0,,,,2026-10-09T06:07:13.370385,,,múltiplo propio 51x fuera del rango 8-45,,,
ADSK,"Autodesk, Inc.",72.0,,trimestral,⭐⭐⭐ EXCELLENT,🟢 Excellent,USD,USD,False,True,True,1.0,,100.0,70.0,38.7,65.0,70.0,15.0,22.6,False,down,57.2,False,0,16.1,True,1,"{'eps_growth_yoy': 57.2, 'op_growth_yoy': 32.9, 'crecimiento_respaldado': True, 'positive_quarters': 4, 'earnings_accelerating': False, 'eps_accel_quarters': 0, 'profit_margin_pct': 21.1, 'score_bruto_sin_capar': 105.0, 'satura': True}","{'revenue_growth_yoy': 16.1, 'revenue_accelerating': True, 'rev_accel_quarters': 1}","{'rs_3m': 6.5, 'rs_6m': -7.5, 'rs_line_percentile': 22.6, 'rs_line_at_new_high': False, 'rs_line_trend': 'down', 'rs_line_score': 15}","{'roe_pct': 53.9, 'debt_to_equity': 1.1, 'current_ratio': 0.85, 'operating_margin_pct': 29.2}","{'days_to_earnings': 'N/A', 'recommendation': 'buy', 'analyst_upside_pct': 31.7}",233.6,48822403072,Technology,Software - Application,4.4,3.7,False,320.0,-27.0,1,False,0.1,307.54,375.0,215.0,34.0,buy,31.7,245.97,5.3,,,reportado,,,,,,5.78,13.5,,,,,0.18,True,-1.86,,9,,,,,59.6,49.0,2026-11-27,False,True,False,7,NEUTRAL,3.69,645.3,1.44,41.3,0.8,0.02,-40.5,2026-10-09T06:11:49.695606,,,múltiplo propio 59x fuera del rango 8-45,,,
DHR,Danaher Corporation,71.6,,trimestral,⭐⭐⭐ EXCELLENT,🟢 Excellent,USD,USD,False,True,True,1.0,,100.0,60.0,50.3,70.0,60.0,35.0,45.9,False,up,56.8,False,0,5.5,True,1,"{'eps_growth_yoy': 56.8, 'op_growth_yoy': 48.3, 'crecimiento_respaldado': True, 'positive_quarters': 4, 'earnings_accelerating': False, 'eps_accel_quarters': 0, 'profit_margin_pct': 15.9, 'score_bruto_sin_capar': 100.0, 'satura': False}","{'revenue_growth_yoy': 5.5, 'revenue_accelerating': True, 'rev_accel_quarters': 1}","{'rs_3m': 5.3, 'rs_6m': 0.6, 'rs_line_percentile': 45.9, 'rs_line_at_new_high': False, 'rs_line_trend': 'up', 'rs_line_score': 35}","{'roe_pct': 7.6, 'debt_to_equity': 0.53, 'current_ratio': 1.65, 'operating_margin_pct': 19.8}","{'days_to_earnings': 'N/A', 'recommendation': 'strong_buy', 'analyst_upside_pct': 10.1}",217.46,152871354368,Healthcare,Diagnostics & Research,1.3,2.6,False,242.8,-10.4,5,False,3.4,239.5,310.0,195.0,22.0,strong_buy,10.1,132.36,-39.1,219.82,1.1,reportado,múltiplo propio,4.0,0.55,False,,3.58,7.79,,0.74,25.7,1.6,0.43,True,-1.6,,9,,17.6,Operating Income,17.3,59.7,12.0,2026-10-21,False,True,True,5,NEUTRAL,2.65,40.9,,30.6,,,,2026-10-09T06:09:18.825433,,,,,,
ORCL,Oracle Corporation,71.5,,trimestral,⭐⭐⭐ EXCELLENT,🟢 Excellent,USD,USD,False,True,True,1.0,"FCF declarado (-45,151,000,000) se aparta del derivado de flujo operativo menos capex (-8,722,999,744)",100.0,70.0,36.0,65.0,70.0,15.0,6.1,False,flat,62.6,False,0,29.6,False,0,"{'eps_growth_yoy': 62.6, 'op_growth_yoy': 45.4, 'crecimiento_respaldado': True, 'positive_quarters': 4, 'earnings_accelerating': False, 'eps_accel_quarters': 0, 'profit_margin_pct': 26.4, 'score_bruto_sin_capar': 105.0, 'satura': True}","{'revenue_growth_yoy': 29.6, 'revenue_accelerating': False, 'rev_accel_quarters': 0}","{'rs_3m': -0.4, 'rs_6m': -15.9, 'rs_line_percentile': 6.1, 'rs_line_at_new_high': False, 'rs_line_trend': 'flat', 'rs_line_score': 15}","{'roe_pct': 41.2, 'debt_to_equity': 2.52, 'current_ratio': 1.17, 'operating_margin_pct': 35.6}","{'days_to_earnings': 'N/A', 'recommendation': 'buy', 'analyst_upside_pct': 75.4}",135.69,411344371712,Technology,Software - Infrastructure,2.7,1.8,False,322.54,-57.9,0,False,-6.7,237.97,400.0,110.0,41.0,buy,75.4,,,225.75,66.4,reportado,múltiplo propio,4.0,0.21,False,,-2.12,-2.88,,1.47,31.4,2.0,1.19,False,3.13,,9,,4.8,Operating Income,5.3,54.5,62.0,2026-12-10,False,True,False,5,NEUTRAL,3.93,16.7,0.51,46.4,0.4,0.01,-46.0,2026-10-09T06:12:41.665382,,"el capex se lleva el 119% del flujo operativo: lo que queda no es lo que gana el dueño, es lo que sobra tras decidir invertir",,,,
COF,Capital One Financial Corporation,71.2,,trimestral,⭐⭐⭐ EXCELLENT,🟢 Excellent,USD,USD,False,True,True,1.0,,95.0,80.0,36.0,60.0,65.0,15.0,16.1,False,down,,True,2,26.9,True,1,"{'positive_quarters': 4, 'earnings_accelerating': True, 'eps_accel_quarters': 2, 'profit_margin_pct': 21.9, 'score_bruto_sin_capar': 95.0, 'satura': False}","{'revenue_growth_yoy': 26.9, 'revenue_accelerating': True, 'rev_accel_quarters': 1}","{'rs_3m': -5.0, 'rs_6m': -10.4, 'rs_line_percentile': 16.1, 'rs_line_at_new_high': False, 'rs_line_trend': 'down', 'rs_line_score': 15}","{'roe_pct': 9.0, 'operating_margin_pct': 33.6}","{'days_to_earnings': 'N/A', 'recommendation': 'buy', 'analyst_upside_pct': 28.6}",199.4,122331906048,Financial Services,Credit Services,1.8,3.1,False,259.64,-23.2,2,False,-5.1,256.48,290.0,220.0,21.0,buy,28.6,,,,,reportado,,,,,,24.42,48.69,,1.63,19.3,3.2,1.58,False,22.84,,7,,,,,,11.0,2026-10-20,False,True,True,5,NEUTRAL,,,,19.7,0.4,0.02,-19.3,2026-10-09T06:14:05.307831,,"Credit Services: el 80% de sus ingresos es margen de intereses — presta, no cobra comisiones",los P/E históricos se separan 4.0x la mediana: el ancla la decidiría un año suelto,,,
V,Visa Inc.,71.1,,trimestral,⭐⭐⭐ EXCELLENT,🟢 Excellent,USD,USD,False,True,True,0.9077,"acciones × precio no cuadra (ratio 0.9077) pero la divisa sí: son clases múltiples. Se usan 1,877 M de acciones efectivas (capitalización ÷ precio) en vez de las 1,704 M declaradas",75.0,80.0,60.3,70.0,60.0,60.0,61.6,False,flat,6.8,False,0,14.4,True,2,"{'eps_growth_yoy': 6.8, 'op_growth_yoy': 5.0, 'crecimiento_respaldado': True, 'positive_quarters': 4, 'earnings_accelerating': False, 'eps_accel_quarters': 0, 'profit_margin_pct': 50.8, 'score_bruto_sin_capar': 75.0, 'satura': False}","{'revenue_growth_yoy': 14.4, 'revenue_accelerating': True, 'rev_accel_quarters': 2}","{'rs_3m': 1.5, 'rs_6m': 9.2, 'rs_line_percentile': 61.6, 'rs_line_at_new_high': False, 'rs_line_trend': 'flat', 'rs_line_score': 60}","{'roe_pct': 61.2, 'debt_to_equity': 0.68, 'current_ratio': 0.98, 'operating_margin_pct': 66.1}","{'days_to_earnings': 'N/A', 'recommendation': 'strong_buy', 'analyst_upside_pct': 11.8}",375.1,704195985408,Financial Services,Credit Services,1.1,3.0,False,385.57,-2.7,6,False,1.6,419.36,466.0,330.0,37.0,strong_buy,11.8,322.28,-14.1,385.07,2.7,reportado,múltiplo propio,4.0,0.23,False,,3.0,11.25,,0.71,22.1,2.68,0.71,True,-3.71,,9,,37.6,Operating Income,35.7,10.2,18.0,2026-10-27,False,True,True,6,NEUTRAL,3.82,381.9,1.56,17.0,,,,2026-10-09T06:05:31.077450,1877355333.0,,,,,
MANH,"Manhattan Associates, Inc.",70.8,,trimestral,⭐⭐⭐ EXCELLENT,🟢 Excellent,USD,USD,False,True,True,1.0,,70.0,70.0,75.0,75.0,60.0,60.0,70.3,False,up,-11.3,True,2,9.3,True,2,"{'eps_growth_yoy': -11.3, 'op_growth_yoy': 0.9, 'crecimiento_respaldado': True, 'positive_quarters': 4, 'earnings_accelerating': True, 'eps_accel_quarters': 2, 'profit_margin_pct': 18.7, 'score_bruto_sin_capar': 70.0, 'satura': False}","{'revenue_growth_yoy': 9.3, 'revenue_accelerating': True, 'rev_accel_quarters': 2}","{'rs_3m': 27.1, 'rs_6m': 56.6, 'rs_line_percentile': 70.3, 'rs_line_at_new_high': False, 'rs_line_trend': 'up', 'rs_line_score': 60}","{'roe_pct': 96.4, 'debt_to_equity': 0.34, 'current_ratio': 0.98, 'operating_margin_pct': 25.0}","{'days_to_earnings': 'N/A', 'recommendation': 'buy', 'analyst_upside_pct': 6.7}",206.78,12056301568,Technology,Software - Application,6.6,4.1,False,227.03,-8.9,8,True,0.7,220.7,260.0,180.0,10.0,buy,6.7,169.19,-18.2,,,reportado,,,,,,3.31,6.84,,,,,,True,-3.4,,9,,,,,-8.6,18.0,2026-10-27,False,True,True,6,NEUTRAL,2.43,140.7,1.6,26.7,1.6,0.06,-25.1,2026-10-09T06:12:21.743421,,,múltiplo propio 68x fuera del rango 8-45,,,
UNP,Union Pacific Corporation,70.5,,trimestral,⭐⭐⭐ EXCELLENT,🟢 Excellent,USD,USD,False,True,True,1.0,,85.0,80.0,44.0,65.0,65.0,35.0,46.3,False,down,6.2,True,1,11.5,True,2,"{'eps_growth_yoy': 6.2, 'op_growth_yoy': 9.4, 'crecimiento_respaldado': True, 'positive_quarters': 4, 'earnings_accelerating': True, 'eps_accel_quarters': 1, 'profit_margin_pct': 28.8, 'score_bruto_sin_capar': 85.0, 'satura': False}","{'revenue_growth_yoy': 11.5, 'revenue_accelerating': True, 'rev_accel_quarters': 2}","{'rs_3m': -6.9, 'rs_6m': -2.3, 'rs_line_percentile': 46.3, 'rs_line_at_new_high': False, 'rs_line_trend': 'down', 'rs_line_score': 35}","{'roe_pct': 39.7, 'debt_to_equity': 1.51, 'current_ratio': 0.99, 'operating_margin_pct': 41.0}","{'days_to_earnings': 'N/A', 'recommendation': 'buy', 'analyst_upside_pct': 18.0}",278.2,165271814144,Industrials,Railroads,5.1,12.1,False,315.99,-12.0,5,False,-3.5,328.17,375.0,245.0,24.0,buy,18.0,201.67,-27.5,239.48,-13.9,reportado,múltiplo propio,4.0,0.27,False,,3.92,10.91,,2.07,44.7,5.68,2.19,False,-0.13,,9,,7.9,Operating Income,8.4,6.6,13.0,2026-10-22,False,True,True,8,STRONG,5.12,16.2,8.81,18.2,0.8,0.04,-17.4,2026-10-09T06:12:25.361714,,,,,,
EQIX,"Equinix, Inc.",70.3,,trimestral,⭐⭐⭐ EXCELLENT,🟢 Excellent,USD,USD,False,True,True,1.0,"FCF declarado (-1,464,000,000) se aparta del derivado de flujo operativo menos capex (-368,999,872)",90.0,70.0,44.0,70.0,65.0,35.0,49.0,False,down,30.2,False,0,16.4,True,1,"{'eps_growth_yoy': 30.2, 'op_growth_yoy': 38.8, 'crecimiento_respaldado': True, 'positive_quarters': 4, 'earnings_accelerating': False, 'eps_accel_quarters': 0, 'profit_margin_pct': 15.5, 'score_bruto_sin_capar': 90.0, 'satura': False}","{'revenue_growth_yoy': 16.4, 'revenue_accelerating': True, 'rev_accel_quarters': 1}","{'rs_3m': -5.8, 'rs_6m': -15.4, 'rs_line_percentile': 49.0, 'rs_line_at_new_high': False, 'rs_line_trend': 'down', 'rs_line_score': 35}","{'roe_pct': 10.7, 'debt_to_equity': 1.62, 'current_ratio': 1.13, 'operating_margin_pct': 27.0}","{'days_to_earnings': 'N/A', 'recommendation': 'strong_buy', 'analyst_upside_pct': 22.1}",1011.16,99772858368,Real Estate,REIT - Specialty,2.0,3.2,False,1128.68,-10.4,5,False,-2.9,1234.19,1380.0,1060.0,31.0,strong_buy,22.1,,,,,normalizado,,,,,,-0.37,-3.74,,2.0,126.8,20.64,1.87,False,,,9,,4.0,Operating Income,4.0,28.8,19.0,2026-10-28,False,True,True,6,NEUTRAL,1.58,7.5,2.54,27.2,,,,2026-10-09T06:10:30.440825,,"el capex se lleva el 109% del flujo operativo: lo que queda no es lo que gana el dueño, es lo que sobra tras decidir invertir",múltiplo propio 74x fuera del rango 8-45,tasa fiscal efectiva 10.3% — el beneficio del periodo no es representativo,,
FAST,Fastenal Company,69.6,,trimestral,⭐⭐ GOOD,🟡 Good,USD,USD,False,True,True,1.0,,80.0,60.0,56.7,95.0,50.0,60.0,52.0,False,up,15.9,False,0,14.7,False,0,"{'eps_growth_yoy': 15.9, 'op_growth_yoy': 15.1, 'crecimiento_respaldado': True, 'positive_quarters': 4, 'earnings_accelerating': False, 'eps_accel_quarters': 0, 'profit_margin_pct': 15.5, 'score_bruto_sin_capar': 80.0, 'satura': False}","{'revenue_growth_yoy': 14.7, 'revenue_accelerating': False, 'rev_accel_quarters': 0}","{'rs_3m': 4.3, 'rs_6m': -10.7, 'rs_line_percentile': 52.0, 'rs_line_at_new_high': False, 'rs_line_trend': 'up', 'rs_line_score': 60}","{'roe_pct': 34.3, 'debt_to_equity': 0.11, 'current_ratio': 4.18, 'operating_margin_pct': 21.0}","{'days_to_earnings': 'N/A', 'recommendation': 'hold', 'analyst_upside_pct': -3.3}",50.49,57937154048,Industrials,Industrial Distribution,3.5,6.0,False,52.92,-4.6,6,False,0.8,48.84,59.0,39.9,13.0,hold,-3.3,26.96,-46.6,37.94,-24.9,reportado,múltiplo propio,4.0,0.41,False,,1.99,1.0,,1.9,78.6,0.96,2.12,False,0.02,,9,,394.5,Operating Income,395.6,5.8,5.0,2026-10-14,True,True,False,8,STRONG,2.88,39.4,7.17,14.9,,,,2026-10-09T06:10:22.757110,,,,,,
COST,Costco Wholesale Corporation,69.5,,trimestral,⭐⭐ GOOD,🟡 Good,USD,USD,False,True,True,1.0,"FCF declarado (6,370,000,000) se aparta del derivado de flujo operativo menos capex (10,327,000,448)",95.0,60.0,36.0,85.0,60.0,15.0,15.1,False,down,15.2,True,2,11.6,False,0,"{'eps_growth_yoy': 15.2, 'op_growth_yoy': 11.3, 'crecimiento_respaldado': True, 'positive_quarters': 4, 'earnings_accelerating': True, 'eps_accel_quarters': 2, 'profit_margin_pct': 3.0, 'score_bruto_sin_capar': 95.0, 'satura': False}","{'revenue_growth_yoy': 11.6, 'revenue_accelerating': False, 'rev_accel_quarters': 0}","{'rs_3m': -1.1, 'rs_6m': -19.3, 'rs_line_percentile': 15.1, 'rs_line_at_new_high': False, 'rs_line_trend': 'down', 'rs_line_score': 15}","{'roe_pct': 28.4, 'debt_to_equity': 0.24, 'current_ratio': 1.06, 'operating_margin_pct': 4.0}","{'days_to_earnings': 'N/A', 'recommendation': 'buy', 'analyst_upside_pct': 11.6}",947.92,420051156992,Consumer Defensive,Discount Stores,1.7,3.8,False,1096.5,-13.6,4,False,1.8,1057.94,1315.0,770.0,35.0,buy,11.6,549.67,-42.0,928.05,-2.1,reportado,múltiplo propio,4.0,0.36,False,,2.46,23.32,,0.62,27.0,5.88,0.57,False,-0.07,,9,,76.9,Operating Income,81.5,15.0,62.0,2026-12-10,False,True,False,7,NEUTRAL,2.56,28.9,3.31,16.4,0.2,0.01,-16.2,2026-10-09T06:06:02.806670,,,,,,
PAYX,"Paychex, Inc.",69.4,,trimestral,⭐⭐ GOOD,🟡 Good,USD,USD,False,True,True,1.0,,95.0,60.0,44.4,80.0,50.0,15.0,24.1,False,down,41.5,False,0,12.5,False,0,"{'eps_growth_yoy': 41.5, 'op_growth_yoy': 40.3, 'crecimiento_respaldado': True, 'positive_quarters': 4, 'earnings_accelerating': False, 'eps_accel_quarters': 0, 'profit_margin_pct': 27.4, 'score_bruto_sin_capar': 95.0, 'satura': False}","{'revenue_growth_yoy': 12.5, 'revenue_accelerating': False, 'rev_accel_quarters': 0}","{'rs_3m': -8.3, 'rs_6m': 10.5, 'rs_line_percentile': 24.1, 'rs_line_at_new_high': False, 'rs_line_trend': 'down', 'rs_line_score': 15}","{'roe_pct': 47.1, 'debt_to_equity': 1.25, 'current_ratio': 1.28, 'operating_margin_pct': 38.5}","{'days_to_earnings': 'N/A', 'recommendation': 'hold', 'analyst_upside_pct': 9.1}",104.46,37185720320,Technology,Software - Application,6.2,8.6,False,129.24,-19.2,4,False,-9.8,113.93,150.0,96.0,14.0,hold,9.1,129.66,24.1,115.09,10.2,reportado,múltiplo propio,4.0,0.58,False,,5.42,5.66,,4.56,90.1,4.76,2.81,True,-1.13,,9,,9.3,Operating Income,9.6,5.6,70.0,2026-12-18,False,True,False,7,NEUTRAL,6.3,103.5,3.73,38.0,0.4,0.01,-37.6,2026-10-09T06:07:05.352083,,,,,,
AMZN,"Amazon.com, Inc.",69.0,,trimestral,⭐⭐ GOOD,🟡 Good,USD,USD,False,True,True,1.0,"FCF declarado (-2,472,000,000) se aparta del derivado de flujo operativo menos capex (29,583,994,688)",85.0,60.0,44.0,85.0,70.0,35.0,39.6,False,up,76.7,True,1,16.6,False,0,"{'eps_growth_yoy': 76.7, 'op_growth_yoy': 29.6, 'crecimiento_respaldado': False, 'crecimiento_puntuado': 54.6, 'positive_quarters': 4, 'earnings_accelerating': True, 'eps_accel_quarters': 1, 'profit_margin_pct': 17.4, 'score_bruto_sin_capar': 110.0, 'satura': True}","{'revenue_growth_yoy': 16.6, 'revenue_accelerating': False, 'rev_accel_quarters': 0}","{'rs_3m': -0.8, 'rs_6m': -7.9, 'rs_line_percentile': 39.6, 'rs_line_at_new_high': False, 'rs_line_trend': 'up', 'rs_line_score': 35}","{'roe_pct': 30.6, 'debt_to_equity': 0.46, 'current_ratio': 1.03, 'operating_margin_pct': 13.7}","{'days_to_earnings': 'N/A', 'recommendation': 'strong_buy', 'analyst_upside_pct': 30.5}",254.06,2740370800640,Consumer Cyclical,Internet Retail,0.8,2.5,False,287.2,-11.5,5,False,-1.7,331.53,405.0,230.0,58.0,strong_buy,30.5,,,493.46,94.2,reportado,múltiplo propio,3.0,0.51,True,,1.08,2.74,,,,,,False,,,9,,33.7,Operating Income,46.6,242.3,20.0,2026-10-29,False,True,True,6,NEUTRAL,2.73,17.6,0.81,23.0,0.4,0.02,-22.6,2026-10-09T06:13:09.850174,,"el capex se lleva el 82% del flujo operativo: lo que queda no es lo que gana el dueño, es lo que sobra tras decidir invertir",,,,
META,"Meta Platforms, Inc.",68.8,,trimestral,⭐⭐ GOOD,🟡 Good,USD,USD,False,True,True,0.8656,"acciones × precio no cuadra (ratio 0.8656) pero la divisa sí: son clases múltiples. Se usan 2,548 M de acciones efectivas (capitalización ÷ precio) en vez de las 2,205 M declaradas | FCF declarado (40,976,000,000) se aparta del derivado de flujo operativo menos capex (60,610,001,728)",55.0,80.0,60.3,95.0,60.0,60.0,55.9,False,up,-13.6,False,0,28.0,True,1,"{'eps_growth_yoy': -13.6, 'op_growth_yoy': -8.2, 'crecimiento_respaldado': True, 'positive_quarters': 4, 'earnings_accelerating': False, 'eps_accel_quarters': 0, 'profit_margin_pct': 29.8, 'score_bruto_sin_capar': 55.0, 'satura': False}","{'revenue_growth_yoy': 28.0, 'revenue_accelerating': True, 'rev_accel_quarters': 1}","{'rs_3m': 6.3, 'rs_6m': 0.2, 'rs_line_percentile': 55.9, 'rs_line_at_new_high': False, 'rs_line_trend': 'up', 'rs_line_score': 60}","{'roe_pct': 29.8, 'debt_to_equity': 0.43, 'current_ratio': 2.23, 'operating_margin_pct': 34.8}","{'days_to_earnings': 'N/A', 'recommendation': 'strong_buy', 'analyst_upside_pct': 10.9}",720.89,1836471812096,Communication Services,Internet Content & Information,1.4,1.7,False,779.82,-7.6,6,False,13.4,799.34,1050.0,580.0,58.0,strong_buy,10.9,,,636.19,-11.7,reportado,múltiplo propio,4.0,0.59,False,,3.3,23.79,,0.29,7.9,2.1,,False,-0.16,,9,,42.9,Operating Income,44.2,-13.4,19.0,2026-10-28,False,True,True,5,NEUTRAL,4.48,31.6,0.7,52.9,,,,2026-10-09T06:13:53.048771,2547506294.0,"el capex se lleva el 53% del flujo operativo: lo que queda no es lo que gana el dueño, es lo que sobra tras decidir invertir",,,,
MTD,Mettler-Toledo International Inc.,68.8,,trimestral,⭐⭐ GOOD,🟡 Good,USD,USD,False,True,True,1.0,,95.0,60.0,63.9,50.0,50.0,60.0,67.8,False,up,15.1,True,1,4.5,True,1,"{'eps_growth_yoy': 15.1, 'op_growth_yoy': 18.3, 'crecimiento_respaldado': True, 'positive_quarters': 4, 'earnings_accelerating': True, 'eps_accel_quarters': 1, 'profit_margin_pct': 21.9, 'score_bruto_sin_capar': 95.0, 'satura': False}","{'revenue_growth_yoy': 4.5, 'revenue_accelerating': True, 'rev_accel_quarters': 1}","{'rs_3m': 14.1, 'rs_6m': 0.9, 'rs_line_percentile': 67.8, 'rs_line_at_new_high': False, 'rs_line_trend': 'up', 'rs_line_score': 60}","{'debt_to_equity': 166.68, 'current_ratio': 1.12, 'operating_margin_pct': 31.2}","{'days_to_earnings': 'N/A', 'recommendation': 'hold', 'analyst_upside_pct': -3.1}",1529.46,30645116928,Healthcare,Diagnostics & Research,4.0,3.9,False,1585.72,-3.5,6,False,7.5,1482.69,1700.0,1200.0,13.0,hold,-3.1,687.63,-55.0,1485.17,-2.9,reportado,múltiplo propio,4.0,0.22,False,,2.83,43.28,,,,,,True,-2.76,,9,,16.9,Operating Income,16.8,7.3,27.0,2026-11-05,False,True,False,6,NEUTRAL,3.41,110.7,9.64,30.7,,,,2026-10-09T06:08:44.938807,,,,,,
SYK,Stryker Corporation,68.8,,trimestral,⭐⭐ GOOD,🟡 Good,USD,USD,False,True,True,1.0,,100.0,60.0,24.0,80.0,70.0,15.0,3.2,False,down,44.3,True,1,9.4,True,1,"{'eps_growth_yoy': 44.3, 'op_growth_yoy': 42.1, 'crecimiento_respaldado': True, 'positive_quarters': 4, 'earnings_accelerating': True, 'eps_accel_quarters': 1, 'profit_margin_pct': 14.4, 'score_bruto_sin_capar': 100.0, 'satura': False}","{'revenue_growth_yoy': 9.4, 'revenue_accelerating': True, 'rev_accel_quarters': 1}","{'rs_3m': -19.7, 'rs_6m': -32.3, 'rs_line_percentile': 3.2, 'rs_line_at_new_high': False, 'rs_line_trend': 'down', 'rs_line_score': 15}","{'roe_pct': 16.5, 'debt_to_equity': 0.64, 'current_ratio': 2.16, 'operating_margin_pct': 27.0}","{'days_to_earnings': 'N/A', 'recommendation': 'buy', 'analyst_upside_pct': 32.2}",276.97,106238230528,Healthcare,Medical Devices,2.1,2.7,False,392.55,-29.4,0,False,-9.3,366.15,465.0,298.0,26.0,buy,32.2,351.71,27.0,384.36,38.8,reportado,múltiplo propio,4.0,0.26,False,,4.48,12.41,,1.27,36.1,3.52,0.99,False,,,9,,9.6,Operating Income,9.9,44.1,20.0,2026-10-29,False,True,True,5,NEUTRAL,4.3,46.7,1.53,24.8,0.8,0.03,-24.0,2026-10-09T06:07:20.900593,,,,,,
GGG,Graco Inc.,68.6,,trimestral,⭐⭐ GOOD,🟡 Good,USD,USD,False,True,True,1.0,,95.0,60.0,26.7,95.0,55.0,15.0,9.7,False,down,13.6,True,1,3.3,True,1,"{'eps_growth_yoy': 13.6, 'op_growth_yoy': 11.2, 'crecimiento_respaldado': True, 'positive_quarters': 4, 'earnings_accelerating': True, 'eps_accel_quarters': 1, 'profit_margin_pct': 23.5, 'score_bruto_sin_capar': 95.0, 'satura': False}","{'revenue_growth_yoy': 3.3, 'revenue_accelerating': True, 'rev_accel_quarters': 1}","{'rs_3m': 2.9, 'rs_6m': -24.4, 'rs_line_percentile': 9.7, 'rs_line_at_new_high': False, 'rs_line_trend': 'down', 'rs_line_score': 15}","{'roe_pct': 21.2, 'debt_to_equity': 0.02, 'current_ratio': 2.99, 'operating_margin_pct': 29.7}","{'days_to_earnings': 'N/A', 'recommendation': 'hold', 'analyst_upside_pct': 16.5}",78.37,12692321280,Industrials,Specialty Industrial Machinery,4.3,2.2,False,95.69,-18.1,1,False,-0.9,91.29,100.0,84.0,7.0,hold,16.5,80.16,2.3,87.06,11.1,reportado,múltiplo propio,4.0,0.19,False,,4.95,3.88,,1.51,35.8,1.18,1.21,True,-1.68,,9,,194.7,Operating Income,205.3,5.8,12.0,2026-10-21,False,True,True,6,NEUTRAL,5.05,34.2,4.48,15.3,1.6,0.1,-13.7,2026-10-09T06:13:48.437978,,,,,,
MCO,Moody's Corporation,68.5,,trimestral,⭐⭐ GOOD,🟡 Good,USD,USD,False,True,True,1.0,,100.0,60.0,36.0,65.0,65.0,15.0,9.3,False,down,51.9,True,2,15.1,False,0,"{'eps_growth_yoy': 51.9, 'op_growth_yoy': 27.4, 'crecimiento_respaldado': True, 'positive_quarters': 4, 'earnings_accelerating': True, 'eps_accel_quarters': 2, 'profit_margin_pct': 34.3, 'score_bruto_sin_capar': 125.0, 'satura': True}","{'revenue_growth_yoy': 15.1, 'revenue_accelerating': False, 'rev_accel_quarters': 0}","{'rs_3m': -10.8, 'rs_6m': -6.7, 'rs_line_percentile': 9.3, 'rs_line_at_new_high': False, 'rs_line_trend': 'down', 'rs_line_score': 15}","{'roe_pct': 76.9, 'debt_to_equity': 2.41, 'current_ratio': 1.19, 'operating_margin_pct': 49.5}","{'days_to_earnings': 'N/A', 'recommendation': 'buy', 'analyst_upside_pct': 22.1}",458.69,79436390400,Financial Services,Financial Data & Stock Exchanges,1.9,4.2,False,546.88,-16.1,2,False,-4.1,559.9,610.0,470.0,21.0,buy,22.1,315.88,-31.1,619.01,35.0,reportado,múltiplo propio,4.0,0.19,False,,3.77,17.29,,0.9,25.0,4.12,0.8,False,,,9,,14.1,Operating Income,14.5,56.7,12.0,2026-10-21,False,True,True,8,STRONG,4.11,107.9,1.08,20.2,0.2,0.01,-20.0,2026-10-09T06:06:56.987127,,,,,,
ALLY,Ally Financial Inc.,68.3,,trimestral,⭐⭐ GOOD,🟡 Good,USD,USD,False,True,True,1.0,"FCF declarado (667,000,000) se aparta del derivado de flujo operativo menos capex (291,000,128)",100.0,70.0,24.0,60.0,70.0,15.0,4.2,False,down,16.5,True,2,11.4,True,1,"{'eps_growth_yoy': 16.5, 'positive_quarters': 4, 'earnings_accelerating': True, 'eps_accel_quarters': 2, 'profit_margin_pct': 18.4, 'score_bruto_sin_capar': 100.0, 'satura': False}","{'revenue_growth_yoy': 11.4, 'revenue_accelerating': True, 'rev_accel_quarters': 1}","{'rs_3m': -19.1, 'rs_6m': -21.6, 'rs_line_percentile': 4.2, 'rs_line_at_new_high': False, 'rs_line_trend': 'down', 'rs_line_score': 15}","{'roe_pct': 9.7, 'operating_margin_pct': 25.3}","{'days_to_earnings': 'N/A', 'recommendation': 'buy', 'analyst_upside_pct': 32.2}",37.83,11507874816,Financial Services,Credit Services,4.9,4.8,False,47.29,-20.0,1,False,-9.0,50.01,58.0,40.0,18.0,buy,32.2,,,43.5,15.0,reportado,múltiplo propio,3.0,1.2,True,2024-12-31,2.53,0.96,,3.21,28.2,1.2,3.09,False,-0.45,,7,,,,,13.5,11.0,2026-10-20,False,True,True,5,NEUTRAL,,,,16.5,0.4,0.02,-16.1,2026-10-09T06:14:29.073180,,"el capex se lleva el 94% del flujo operativo: lo que queda no es lo que gana el dueño, es lo que sobra tras decidir invertir",,,,
SHW,The Sherwin-Williams Company,68.0,,trimestral,⭐⭐ GOOD,🟡 Good,USD,USD,False,True,True,1.0,,100.0,70.0,36.0,45.0,65.0,15.0,17.4,False,down,11.8,True,2,7.5,True,2,"{'eps_growth_yoy': 11.8, 'op_growth_yoy': 12.0, 'crecimiento_respaldado': True, 'positive_quarters': 4, 'earnings_accelerating': True, 'eps_accel_quarters': 2, 'profit_margin_pct': 11.0, 'score_bruto_sin_capar': 100.0, 'satura': False}","{'revenue_growth_yoy': 7.5, 'revenue_accelerating': True, 'rev_accel_quarters': 2}","{'rs_3m': -5.7, 'rs_6m': -18.5, 'rs_line_percentile': 17.4, 'rs_line_at_new_high': False, 'rs_line_trend': 'down', 'rs_line_score': 15}","{'roe_pct': 65.1, 'debt_to_equity': 3.9, 'current_ratio': 0.73, 'operating_margin_pct': 18.1}","{'days_to_earnings': 'N/A', 'recommendation': 'buy', 'analyst_upside_pct': 20.3}",321.03,77932650496,Basic Materials,Specialty Chemicals,2.7,4.1,False,377.77,-15.0,2,False,-4.9,386.3,420.0,340.0,23.0,buy,20.3,224.77,-30.0,342.14,6.6,reportado,múltiplo propio,4.0,0.1,False,,3.96,12.71,,1.0,29.3,3.2,0.87,True,-2.11,,9,,7.7,Operating Income,7.8,10.0,18.0,2026-10-27,False,True,True,6,NEUTRAL,4.18,61.9,2.38,21.4,,,,2026-10-09T06:07:44.720673,,,,,,
BRO,"Brown & Brown, Inc.",68.0,,trimestral,⭐⭐ GOOD,🟡 Good,USD,USD,False,True,True,1.0,,80.0,80.0,36.0,75.0,55.0,15.0,12.3,False,down,24.7,False,0,32.4,False,0,"{'eps_growth_yoy': 24.7, 'op_growth_yoy': 23.7, 'crecimiento_respaldado': True, 'positive_quarters': 4, 'earnings_accelerating': False, 'eps_accel_quarters': 0, 'profit_margin_pct': 18.1, 'score_bruto_sin_capar': 80.0, 'satura': False}","{'revenue_growth_yoy': 32.4, 'revenue_accelerating': False, 'rev_accel_quarters': 0}","{'rs_3m': -11.2, 'rs_6m': -16.0, 'rs_line_percentile': 12.3, 'rs_line_at_new_high': False, 'rs_line_trend': 'down', 'rs_line_score': 15}","{'roe_pct': 10.0, 'debt_to_equity': 0.64, 'current_ratio': 1.13, 'operating_margin_pct': 41.8}","{'days_to_earnings': 'N/A', 'recommendation': 'hold', 'analyst_upside_pct': 17.1}",63.75,21331410944,Financial Services,Insurance Brokers,5.4,8.2,False,96.13,-33.7,1,False,-6.0,74.65,90.0,55.0,17.0,hold,17.1,,,73.67,15.6,reportado,múltiplo propio,4.0,0.27,False,,6.81,4.34,,1.04,20.3,0.66,0.64,False,13.99,,9,,4.0,Operating Income,4.7,2.8,17.0,2026-10-26,False,True,True,4,NEUTRAL,5.4,157.1,1.12,28.0,1.6,0.06,-26.4,2026-10-09T06:08:52.301620,,"Insurance Brokers: el flujo operativo son depósitos, préstamos o primas, no caja libre para el accionista",,,,
LMT,Lockheed Martin Corporation,67.8,,trimestral,⭐⭐ GOOD,🟡 Good,USD,USD,False,True,True,1.0,,100.0,70.0,24.0,60.0,65.0,15.0,4.3,False,down,436.8,True,2,10.5,True,1,"{'eps_growth_yoy': 436.8, 'op_growth_yoy': 231.4, 'crecimiento_respaldado': False, 'crecimiento_puntuado': 256.4, 'positive_quarters': 4, 'earnings_accelerating': True, 'eps_accel_quarters': 2, 'profit_margin_pct': 8.2, 'score_bruto_sin_capar': 115.0, 'satura': True}","{'revenue_growth_yoy': 10.5, 'revenue_accelerating': True, 'rev_accel_quarters': 1}","{'rs_3m': -5.4, 'rs_6m': -30.7, 'rs_line_percentile': 4.3, 'rs_line_at_new_high': False, 'rs_line_trend': 'down', 'rs_line_score': 15}","{'roe_pct': 89.2, 'debt_to_equity': 2.34, 'current_ratio': 1.19, 'operating_margin_pct': 12.0}","{'days_to_earnings': 'N/A', 'recommendation': 'buy', 'analyst_upside_pct': 24.2}",507.89,117216321536,Industrials,Aerospace & Defense,1.2,2.3,False,692.0,-26.6,1,False,-7.4,630.85,756.0,503.0,20.0,buy,24.2,678.28,33.5,567.34,11.7,reportado,múltiplo propio,4.0,0.33,False,,7.47,37.94,,2.76,50.3,13.8,2.59,True,-1.37,,9,,8.2,Operating Income,7.7,310.7,13.0,2026-10-22,False,True,True,6,NEUTRAL,5.86,70.9,,16.7,0.4,0.02,-16.3,2026-10-09T06:13:29.129509,,,,,,
CSU.TO,Constellation Software Inc.,67.7,,trimestral,⭐⭐ GOOD,🟡 Good,CAD,USD,True,True,True,1.0,,85.0,70.0,47.1,55.0,70.0,15.0,17.5,False,down,389.3,False,0,17.3,True,1,"{'eps_growth_yoy': 389.3, 'op_growth_yoy': 8.9, 'crecimiento_respaldado': False, 'crecimiento_puntuado': 33.9, 'positive_quarters': 4, 'earnings_accelerating': False, 'eps_accel_quarters': 0, 'profit_margin_pct': 7.6, 'score_bruto_sin_capar': 85.0, 'satura': False}","{'revenue_growth_yoy': 17.3, 'revenue_accelerating': True, 'rev_accel_quarters': 1}","{'rs_3m': 0.4, 'rs_6m': 12.5, 'rs_line_percentile': 17.5, 'rs_line_at_new_high': False, 'rs_line_trend': 'down', 'rs_line_score': 15}","{'roe_pct': 23.3, 'debt_to_equity': 1.2, 'current_ratio': 0.9, 'operating_margin_pct': 15.1}","{'days_to_earnings': 'N/A', 'recommendation': 'strong_buy', 'analyst_upside_pct': 38.6}",2912.0,61709733888,Technology,Software - Application,,4.7,False,4081.71,-28.7,4,False,-2.8,4037.0,5616.6,3370.2,12.0,strong_buy,38.6,,,,,reportado,,,,,,6.4,186.37,,0.2,8.8,5.69,0.17,False,,,9,,8.4,Operating Income,6.2,389.3,28.0,2026-11-06,False,True,False,6,NEUTRAL,3.23,337.8,0.52,28.3,,,,2026-10-09T06:06:37.078533,,,,,,
ICE,"Intercontinental Exchange, Inc.",67.6,,trimestral,⭐⭐ GOOD,🟡 Good,USD,USD,False,True,True,1.0,,85.0,60.0,46.7,75.0,65.0,35.0,41.1,False,down,12.6,False,0,10.7,False,0,"{'eps_growth_yoy': 12.6, 'op_growth_yoy': 7.3, 'crecimiento_respaldado': True, 'positive_quarters': 4, 'earnings_accelerating': False, 'eps_accel_quarters': 0, 'profit_margin_pct': 38.2, 'score_bruto_sin_capar': 85.0, 'satura': False}","{'revenue_growth_yoy': 10.7, 'revenue_accelerating': False, 'rev_accel_quarters': 0}","{'rs_3m': 9.7, 'rs_6m': -17.1, 'rs_line_percentile': 41.1, 'rs_line_at_new_high': False, 'rs_line_trend': 'down', 'rs_line_score': 35}","{'roe_pct': 14.1, 'debt_to_equity': 0.69, 'current_ratio': 1.01, 'operating_margin_pct': 52.6}","{'days_to_earnings': 'N/A', 'recommendation': 'buy', 'analyst_upside_pct': 19.2}",155.35,87212638208,Financial Services,Financial Data & Stock Exchanges,1.3,2.0,False,176.05,-11.8,4,False,0.1,185.2,236.0,159.0,15.0,buy,19.2,197.39,27.1,217.06,39.7,reportado,múltiplo propio,4.0,0.34,False,,5.42,8.42,,1.34,28.2,2.08,1.23,True,-1.57,,9,,6.9,Operating Income,7.6,14.2,20.0,2026-10-29,False,True,True,8,STRONG,4.75,114.8,0.59,17.6,,,,2026-10-09T06:08:25.250178,,,,,,
CNI,Canadian National Railway Company,67.3,,trimestral,⭐⭐ GOOD,🟡 Good,USD,CAD,True,True,True,1.0,,85.0,70.0,44.0,60.0,65.0,35.0,38.1,False,down,6.6,True,1,11.3,True,1,"{'eps_growth_yoy': 6.6, 'op_growth_yoy': 8.7, 'crecimiento_respaldado': True, 'positive_quarters': 4, 'earnings_accelerating': True, 'eps_accel_quarters': 1, 'profit_margin_pct': 26.9, 'score_bruto_sin_capar': 85.0, 'satura': False}","{'revenue_growth_yoy': 11.3, 'revenue_accelerating': True, 'rev_accel_quarters': 1}","{'rs_3m': -9.8, 'rs_6m': -7.2, 'rs_line_percentile': 38.1, 'rs_line_at_new_high': False, 'rs_line_trend': 'down', 'rs_line_score': 35}","{'roe_pct': 22.0, 'debt_to_equity': 1.04, 'current_ratio': 0.87, 'operating_margin_pct': 40.3}","{'days_to_earnings': 'N/A', 'recommendation': 'buy', 'analyst_upside_pct': 15.4}",116.84,70583042048,Industrials,Railroads,,4.0,False,131.55,-11.2,5,False,-4.9,134.84,150.06,110.51,13.0,buy,15.4,,,78.61,-32.7,reportado,múltiplo propio,4.0,0.14,False,,3.35,3.91,,2.23,46.3,2.58,2.02,True,-3.26,,9,,7.1,Operating Income,7.8,7.1,21.0,2026-10-30,False,True,True,7,NEUTRAL,7.13,13.3,31.52,18.0,,,,2026-10-09T06:08:21.361657,,"el capex se lleva el 52% del flujo operativo: lo que queda no es lo que gana el dueño, es lo que sobra tras decidir invertir",,,,
VLTO,Veralto Corporation,67.1,,trimestral,⭐⭐ GOOD,🟡 Good,USD,USD,False,True,True,1.0,,70.0,70.0,46.7,85.0,65.0,35.0,33.0,False,down,8.6,False,0,7.5,True,2,"{'eps_growth_yoy': 8.6, 'op_growth_yoy': 0.6, 'crecimiento_respaldado': True, 'positive_quarters': 4, 'earnings_accelerating': False, 'eps_accel_quarters': 0, 'profit_margin_pct': 17.3, 'score_bruto_sin_capar': 70.0, 'satura': False}","{'revenue_growth_yoy': 7.5, 'revenue_accelerating': True, 'rev_accel_quarters': 2}","{'rs_3m': 0.4, 'rs_6m': -6.4, 'rs_line_percentile': 33.0, 'rs_line_at_new_high': False, 'rs_line_trend': 'down', 'rs_line_score': 35}","{'roe_pct': 34.3, 'debt_to_equity': 1.16, 'current_ratio': 1.77, 'operating_margin_pct': 21.4}","{'days_to_earnings': 'N/A', 'recommendation': 'buy', 'analyst_upside_pct': 18.2}",96.48,23521181696,Industrials,Pollution & Treatment Controls,3.1,4.5,False,105.75,-8.8,4,False,0.0,114.0,133.0,100.0,15.0,buy,18.2,102.06,5.8,105.02,8.9,reportado,múltiplo propio,3.0,0.24,True,,4.42,4.26,,0.54,12.6,0.52,,True,-1.64,,9,,14.1,Operating Income,14.1,10.1,12.0,2026-10-21,False,True,True,6,NEUTRAL,5.15,76.5,6.48,17.0,3.1,0.18,-13.9,2026-10-09T06:07:36.647454,,,,,,
RMD,ResMed Inc.,67.1,,trimestral,⭐⭐ GOOD,🟡 Good,USD,USD,False,True,True,1.0,,75.0,60.0,50.3,90.0,60.0,35.0,29.5,False,up,1.0,False,0,8.6,True,1,"{'eps_growth_yoy': 1.0, 'op_growth_yoy': -1.7, 'crecimiento_respaldado': True, 'positive_quarters': 4, 'earnings_accelerating': False, 'eps_accel_quarters': 0, 'profit_margin_pct': 26.9, 'score_bruto_sin_capar': 75.0, 'satura': False}","{'revenue_growth_yoy': 8.6, 'revenue_accelerating': True, 'rev_accel_quarters': 1}","{'rs_3m': 11.0, 'rs_6m': -14.8, 'rs_line_percentile': 29.5, 'rs_line_at_new_high': False, 'rs_line_trend': 'up', 'rs_line_score': 35}","{'roe_pct': 24.3, 'debt_to_equity': 0.13, 'current_ratio': 3.1, 'operating_margin_pct': 30.9}","{'days_to_earnings': 'N/A', 'recommendation': 'buy', 'analyst_upside_pct': 10.4}",226.73,31887136768,Healthcare,Medical Instruments & Supplies,11.4,10.6,True,277.85,-18.4,4,False,1.0,250.22,320.0,175.0,17.0,buy,10.4,334.37,47.5,,,reportado,,,,,,5.11,11.59,,1.17,23.0,2.64,0.86,True,-1.4,,9,,,,,1.7,20.0,2026-10-29,False,True,True,7,NEUTRAL,5.97,52.1,7.14,18.9,0.8,0.04,-18.1,2026-10-09T06:13:36.503837,,,sin histórico de múltiplo (beneficio negativo o pocos años),,,
JNJ,Johnson & Johnson,67.0,,trimestral,⭐⭐ GOOD,🟡 Good,USD,USD,False,True,True,1.0,,75.0,60.0,54.0,85.0,60.0,60.0,55.7,False,down,-0.1,True,2,6.6,True,1,"{'eps_growth_yoy': -0.1, 'op_growth_yoy': 6.9, 'crecimiento_respaldado': True, 'positive_quarters': 4, 'earnings_accelerating': True, 'eps_accel_quarters': 2, 'profit_margin_pct': 21.5, 'score_bruto_sin_capar': 75.0, 'satura': False}","{'revenue_growth_yoy': 6.6, 'revenue_accelerating': True, 'rev_accel_quarters': 1}","{'rs_3m': -3.6, 'rs_6m': -5.8, 'rs_line_percentile': 55.7, 'rs_line_at_new_high': False, 'rs_line_trend': 'down', 'rs_line_score': 60}","{'roe_pct': 25.7, 'debt_to_equity': 0.58, 'current_ratio': 1.09, 'operating_margin_pct': 29.2}","{'days_to_earnings': 'N/A', 'recommendation': 'buy', 'analyst_upside_pct': 9.0}",256.48,618090790912,Healthcare,Drug Manufacturers - General,1.0,3.4,False,281.07,-8.7,6,False,-3.1,279.64,320.0,190.0,22.0,buy,9.0,252.36,-1.6,159.31,-37.9,reportado,múltiplo propio,3.0,0.7,True,2024-12-31,3.62,9.28,,2.07,60.7,5.36,2.68,False,0.87,,9,,25.9,Operating Income,25.9,-0.9,4.0,2026-10-13,True,True,False,4,NEUTRAL,3.93,103.8,1.18,14.2,,,,2026-10-09T06:11:18.475677,,,,,,
FHN,First Horizon Corporation,67.0,,trimestral,⭐⭐ GOOD,🟡 Good,USD,USD,False,True,True,1.0,"FCF declarado (-189,000,000) se aparta del derivado de flujo operativo menos capex (1,026,000,000)",95.0,60.0,36.0,65.0,65.0,15.0,6.7,False,down,12.0,True,1,6.7,True,1,"{'eps_growth_yoy': 12.0, 'positive_quarters': 4, 'earnings_accelerating': True, 'eps_accel_quarters': 1, 'profit_margin_pct': 30.2, 'score_bruto_sin_capar': 95.0, 'satura': False}","{'revenue_growth_yoy': 6.7, 'revenue_accelerating': True, 'rev_accel_quarters': 1}","{'rs_3m': -12.7, 'rs_6m': -16.2, 'rs_line_percentile': 6.7, 'rs_line_at_new_high': False, 'rs_line_trend': 'down', 'rs_line_score': 15}","{'roe_pct': 11.5, 'operating_margin_pct': 41.3}","{'days_to_earnings': 'N/A', 'recommendation': 'buy', 'analyst_upside_pct': 17.0}",23.31,11043744768,Financial Services,Banks - Regional,3.9,3.2,False,26.56,-12.2,4,False,-4.5,27.26,30.0,25.0,21.0,buy,17.0,,,26.64,14.3,reportado,múltiplo propio,4.0,0.42,False,,9.29,2.17,,2.92,30.8,0.68,3.11,True,-6.61,,7,,,,,14.0,6.0,2026-10-15,True,True,False,5,NEUTRAL,,,1.54,17.4,,,,2026-10-09T06:15:46.135916,,"Banks - Regional: el flujo operativo son depósitos, préstamos o primas, no caja libre para el accionista",,,,
NYT,The New York Times Company,67.0,,trimestral,⭐⭐ GOOD,🟡 Good,USD,USD,False,True,True,0.9952,,90.0,70.0,24.0,75.0,65.0,15.0,11.3,False,down,12.6,True,1,11.2,True,1,"{'eps_growth_yoy': 12.6, 'op_growth_yoy': 11.5, 'crecimiento_respaldado': True, 'positive_quarters': 4, 'earnings_accelerating': True, 'eps_accel_quarters': 1, 'profit_margin_pct': 13.3, 'score_bruto_sin_capar': 90.0, 'satura': False}","{'revenue_growth_yoy': 11.2, 'revenue_accelerating': True, 'rev_accel_quarters': 1}","{'rs_3m': -14.5, 'rs_6m': -29.6, 'rs_line_percentile': 11.3, 'rs_line_at_new_high': False, 'rs_line_trend': 'down', 'rs_line_score': 15}","{'roe_pct': 19.7, 'current_ratio': 1.58, 'operating_margin_pct': 17.1}","{'days_to_earnings': 'N/A', 'recommendation': 'buy', 'analyst_upside_pct': 18.0}",66.6,10741486592,Communication Services,Publishing,8.6,7.1,True,87.1,-23.5,3,False,-0.1,78.56,90.0,63.0,9.0,buy,18.0,87.95,32.1,75.23,13.0,reportado,múltiplo propio,4.0,0.16,False,,5.81,3.87,,1.38,32.1,0.92,0.93,False,-0.79,,9,,420.4,Operating Income,423.0,14.0,26.0,2026-11-04,False,True,False,8,STRONG,4.6,52.6,0.81,44.9,1.6,0.03,-43.3,2026-10-09T06:14:56.489504,,,,,,
UNH,UnitedHealth Group Incorporated,67.0,,trimestral,⭐⭐ GOOD,🟡 Good,USD,USD,False,True,True,1.0,"FCF declarado (16,309,000,000) se aparta del derivado de flujo operativo menos capex (23,395,000,960)",95.0,60.0,47.6,50.0,65.0,35.0,45.8,False,down,61.0,False,0,0.4,True,1,"{'eps_growth_yoy': 61.0, 'op_growth_yoy': 55.2, 'crecimiento_respaldado': True, 'positive_quarters': 4, 'earnings_accelerating': False, 'eps_accel_quarters': 0, 'profit_margin_pct': 3.1, 'score_bruto_sin_capar': 95.0, 'satura': False}","{'revenue_growth_yoy': 0.4, 'revenue_accelerating': True, 'rev_accel_quarters': 1}","{'rs_3m': -16.6, 'rs_6m': 8.9, 'rs_line_percentile': 45.8, 'rs_line_at_new_high': False, 'rs_line_trend': 'down', 'rs_line_score': 35}","{'roe_pct': 14.2, 'debt_to_equity': 0.69, 'current_ratio': 0.78, 'operating_margin_pct': 7.1}","{'days_to_earnings': 'N/A', 'recommendation': 'buy', 'analyst_upside_pct': 29.9}",370.95,332962824192,Healthcare,Healthcare Plans,1.6,2.8,False,461.62,-19.6,6,False,-4.5,481.72,529.0,380.0,25.0,buy,29.9,484.83,30.7,370.86,-0.0,reportado,múltiplo propio,4.0,0.44,False,,7.03,26.08,,2.5,57.6,9.28,1.54,False,-0.44,,9,,5.6,Operating Income,5.5,61.5,4.0,2026-10-13,True,True,False,6,NEUTRAL,4.9,176.2,,19.5,,,,2026-10-09T06:14:25.293578,,,,,,
UBER,"Uber Technologies, Inc.",67.0,,trimestral,⭐⭐ GOOD,🟡 Good,USD,USD,False,True,True,1.0,,85.0,70.0,36.0,65.0,70.0,15.0,4.5,False,down,76.7,True,2,12.2,True,1,"{'eps_growth_yoy': 76.7, 'op_growth_yoy': 30.3, 'crecimiento_respaldado': False, 'crecimiento_puntuado': 55.3, 'positive_quarters': 4, 'earnings_accelerating': True, 'eps_accel_quarters': 2, 'profit_margin_pct': 17.3, 'score_bruto_sin_capar': 120.0, 'satura': True}","{'revenue_growth_yoy': 12.2, 'revenue_accelerating': True, 'rev_accel_quarters': 1}","{'rs_3m': -9.0, 'rs_6m': -14.8, 'rs_line_percentile': 4.5, 'rs_line_at_new_high': False, 'rs_line_trend': 'down', 'rs_line_score': 15}","{'roe_pct': 37.2, 'debt_to_equity': 0.52, 'current_ratio': 0.84, 'operating_margin_pct': 13.3}","{'days_to_earnings': 'N/A', 'recommendation': 'buy', 'analyst_upside_pct': 43.6}",70.24,143469412352,Technology,Software - Application,2.3,2.6,False,100.35,-30.0,0,False,-3.9,100.86,150.0,70.0,46.0,buy,43.6,101.32,44.2,,,normalizado,,,,,,7.03,4.94,,,,,,True,-3.55,,9,,14.5,Operating Income,15.5,85.5,26.0,2026-11-04,False,True,False,6,NEUTRAL,3.7,118.8,0.53,21.3,,,,2026-10-09T06:15:16.091596,,,los P/E históricos se separan 3.2x la mediana: el ancla la decidiría un año suelto,tasa fiscal efectiva -45.7% — el beneficio del periodo no es representativo,,
ATLKY,Atlas Copco AB (publ),66.8,,trimestral,⭐⭐ GOOD,🟡 Good,USD,SEK,True,True,False,0.6801,"acciones × precio no cuadra con la capitalización (ratio 0.6801) y los estados van en SEK mientras cotiza en USD — puede ser un ADR. Los ratios por acción (EPS, FCF/acción, DCF) no son utilizables",80.0,60.0,46.7,80.0,65.0,35.0,40.0,False,down,7.0,True,1,5.3,True,1,"{'eps_growth_yoy': 7.0, 'op_growth_yoy': 7.5, 'crecimiento_respaldado': True, 'positive_quarters': 4, 'earnings_accelerating': True, 'eps_accel_quarters': 1, 'profit_margin_pct': 15.7, 'score_bruto_sin_capar': 80.0, 'satura': False}","{'revenue_growth_yoy': 5.3, 'revenue_accelerating': True, 'rev_accel_quarters': 1}","{'rs_3m': 3.8, 'rs_6m': -5.2, 'rs_line_percentile': 40.0, 'rs_line_at_new_high': False, 'rs_line_trend': 'down', 'rs_line_score': 35}","{'roe_pct': 25.7, 'debt_to_equity': 0.34, 'current_ratio': 1.27}","{'days_to_earnings': 'N/A', 'recommendation': 'strong_buy', 'analyst_upside_pct': 24.8}",20.83,101621669888,Industrials,Specialty Industrial Machinery,,,False,22.42,-7.1,5,False,-1.8,26.0,26.0,26.0,1.0,strong_buy,24.8,,,,,reportado,,,,,,2.61,0.54,,2.69,76.1,0.56,1.56,False,,,9,,117.7,Operating Income,117.4,4.0,,,False,False,False,6,NEUTRAL,,54.0,6.38,33.7,,,,2026-10-09T06:10:42.903103,,,,,"acciones × precio no cuadra con la capitalización (ratio 0.6801) y los estados van en SEK mientras cotiza en USD — puede ser un ADR. Los ratios por acción (EPS, FCF/acción, DCF) no son utilizables",
DOL.TO,Dollarama Inc.,66.8,,trimestral,⭐⭐ GOOD,🟡 Good,CAD,CAD,False,True,True,1.0,,80.0,70.0,44.0,70.0,60.0,35.0,28.3,False,down,8.7,True,1,17.6,True,1,"{'eps_growth_yoy': 8.7, 'op_growth_yoy': 5.0, 'crecimiento_respaldado': True, 'positive_quarters': 4, 'earnings_accelerating': True, 'eps_accel_quarters': 1, 'profit_margin_pct': 17.3, 'score_bruto_sin_capar': 80.0, 'satura': False}","{'revenue_growth_yoy': 17.6, 'revenue_accelerating': True, 'rev_accel_quarters': 1}","{'rs_3m': -1.7, 'rs_6m': -7.6, 'rs_line_percentile': 28.3, 'rs_line_at_new_high': False, 'rs_line_trend': 'down', 'rs_line_score': 35}","{'roe_pct': 93.1, 'debt_to_equity': 4.0, 'current_ratio': 1.55, 'operating_margin_pct': 23.1}","{'days_to_earnings': 'N/A', 'recommendation': 'buy', 'analyst_upside_pct': 9.9}",188.74,50652061696,Consumer Defensive,Discount Stores,,3.8,False,209.96,-10.1,3,False,3.5,207.47,236.0,148.0,17.0,buy,9.9,204.65,8.4,150.44,-20.3,reportado,múltiplo propio,4.0,0.36,False,,3.4,6.42,,0.24,9.1,0.45,0.26,True,-2.42,,9,,7.9,Operating Income,9.1,11.2,62.0,2026-12-10,False,True,False,5,NEUTRAL,3.17,45.6,1.63,27.4,,,,2026-10-09T06:12:09.861975,,,,,,
CLPBY,Coloplast A/S,66.7,,trimestral,⭐⭐ GOOD,🟡 Good,USD,DKK,True,True,False,0.9201,"acciones × precio no cuadra con la capitalización (ratio 0.9201) y los estados van en DKK mientras cotiza en USD — puede ser un ADR. Los ratios por acción (EPS, FCF/acción, DCF) no son utilizables",85.0,60.0,38.7,80.0,65.0,15.0,10.5,False,down,60.3,True,1,6.1,True,1,"{'eps_growth_yoy': 60.3, 'op_growth_yoy': 2.0, 'crecimiento_respaldado': False, 'crecimiento_puntuado': 27.0, 'positive_quarters': 3, 'earnings_accelerating': True, 'eps_accel_quarters': 1, 'profit_margin_pct': 9.7, 'score_bruto_sin_capar': 88.0, 'satura': False}","{'revenue_growth_yoy': 6.1, 'revenue_accelerating': True, 'rev_accel_quarters': 1}","{'rs_3m': 0.6, 'rs_6m': -16.6, 'rs_line_percentile': 10.5, 'rs_line_at_new_high': False, 'rs_line_trend': 'down', 'rs_line_score': 15}","{'roe_pct': 18.5, 'debt_to_equity': 1.78, 'current_ratio': 1.56, 'operating_margin_pct': 26.2}","{'days_to_earnings': 'N/A', 'recommendation': 'buy', 'analyst_upside_pct': 29.0}",6.46,14558782464,Healthcare,Medical Instruments & Supplies,,,False,9.7,-33.4,0,False,-3.8,8.33,12.2,6.7,4.0,buy,29.0,,,,,reportado,,,,,,6.53,0.42,,5.57,192.9,0.36,2.67,False,,,9,,7.2,Operating Income,4.6,32.7,,,False,False,False,7,NEUTRAL,19.47,107.0,0.53,16.3,,,,2026-10-09T06:08:04.457553,,,,,"acciones × precio no cuadra con la capitalización (ratio 0.9201) y los estados van en DKK mientras cotiza en USD — puede ser un ADR. Los ratios por acción (EPS, FCF/acción, DCF) no son utilizables",
TW,Tradeweb Markets Inc.,66.7,,trimestral,⭐⭐ GOOD,🟡 Good,USD,USD,False,True,True,0.5322,acciones × precio no cuadra (ratio 0.5322) pero la divisa sí: son clases múltiples. Se usan 218 M de acciones efectivas (capitalización ÷ precio) en vez de las 116 M declaradas,95.0,50.0,34.7,85.0,60.0,35.0,25.1,False,up,17.9,True,1,9.0,False,0,"{'eps_growth_yoy': 17.9, 'op_growth_yoy': 22.7, 'crecimiento_respaldado': True, 'positive_quarters': 4, 'earnings_accelerating': True, 'eps_accel_quarters': 1, 'profit_margin_pct': 40.7, 'score_bruto_sin_capar': 95.0, 'satura': False}","{'revenue_growth_yoy': 9.0, 'revenue_accelerating': False, 'rev_accel_quarters': 0}","{'rs_3m': 6.6, 'rs_6m': -23.9, 'rs_line_percentile': 25.1, 'rs_line_at_new_high': False, 'rs_line_trend': 'up', 'rs_line_score': 35}","{'roe_pct': 14.5, 'debt_to_equity': 0.02, 'current_ratio': 6.79, 'operating_margin_pct': 43.8}","{'days_to_earnings': 'N/A', 'recommendation': 'buy', 'analyst_upside_pct': 12.6}",109.68,23913093120,Financial Services,Capital Markets,3.0,2.9,False,127.69,-14.1,3,False,5.5,123.53,183.0,98.0,15.0,buy,12.6,,,,,reportado,,,,,,4.06,4.45,11.2,0.51,12.4,0.56,0.39,True,-1.01,,9,,474.0,Operating Income,633.6,13.8,20.0,2026-10-29,False,True,True,8,STRONG,3.94,41.0,0.79,30.5,0.4,0.01,-30.1,2026-10-09T06:07:24.774013,218026013.0,"Capital Markets: el flujo operativo son depósitos, préstamos o primas, no caja libre para el accionista",múltiplo propio 48x fuera del rango 8-45,,,
AWK,"American Water Works Company, Inc.",66.5,,trimestral,⭐⭐ GOOD,🟡 Good,USD,USD,False,True,True,1.0,"FCF declarado (-1,223,000,000) se aparta del derivado de flujo operativo menos capex (-966,999,872)",95.0,70.0,36.0,55.0,50.0,15.0,10.6,False,down,9.0,True,2,6.2,True,2,"{'eps_growth_yoy': 9.0, 'op_growth_yoy': 10.8, 'crecimiento_respaldado': True, 'positive_quarters': 4, 'earnings_accelerating': True, 'eps_accel_quarters': 2, 'profit_margin_pct': 21.3, 'score_bruto_sin_capar': 95.0, 'satura': False}","{'revenue_growth_yoy': 6.2, 'revenue_accelerating': True, 'rev_accel_quarters': 2}","{'rs_3m': -5.5, 'rs_6m': -19.8, 'rs_line_percentile': 10.6, 'rs_line_at_new_high': False, 'rs_line_trend': 'down', 'rs_line_score': 15}","{'roe_pct': 10.1, 'debt_to_equity': 1.38, 'current_ratio': 0.52, 'operating_margin_pct': 40.7}","{'days_to_earnings': 'N/A', 'recommendation': 'hold', 'analyst_upside_pct': 10.4}",128.18,25473081344,Utilities,Utilities - Regulated Water,8.5,6.6,True,145.64,-12.0,4,False,-5.0,141.45,162.0,128.0,11.0,hold,10.4,,,137.52,7.3,reportado,múltiplo propio,4.0,0.37,False,,-3.8,-4.87,,2.81,58.5,3.58,1.99,False,,,9,,3.0,Operating Income,3.2,3.4,19.0,2026-10-28,False,True,True,8,STRONG,4.57,6.1,2.4,15.4,1.6,0.1,-13.8,2026-10-09T06:10:54.309592,,"el capex se lleva el 141% del flujo operativo: lo que queda no es lo que gana el dueño, es lo que sobra tras decidir invertir",,,,
WTKWY,Wolters Kluwer N.V.,66.2,,anual,⭐⭐ GOOD,🟡 Good,USD,EUR,True,True,True,1.0,,100.0,50.0,45.9,50.0,70.0,15.0,19.3,False,flat,21.2,True,2,3.5,False,0,"{'eps_growth_yoy': 21.2, 'op_growth_yoy': 5.4, 'crecimiento_respaldado': True, 'positive_quarters': 4, 'earnings_accelerating': True, 'eps_accel_quarters': 2, 'profit_margin_pct': 21.9, 'score_bruto_sin_capar': 105.0, 'satura': True}","{'revenue_growth_yoy': 3.5, 'revenue_accelerating': False, 'rev_accel_quarters': 0}","{'rs_3m': 12.5, 'rs_6m': 0.9, 'rs_line_percentile': 19.3, 'rs_line_at_new_high': False, 'rs_line_trend': 'flat', 'rs_line_score': 15}","{'roe_pct': 146.1, 'debt_to_equity': 5.9, 'current_ratio': 0.69, 'operating_margin_pct': 26.9}","{'days_to_earnings': 'N/A', 'recommendation': 'strong_buy', 'analyst_upside_pct': 33.3}",81.47,18121951232,Industrials,Specialty Business Services,,,False,134.25,-39.3,3,False,2.9,108.6,108.6,108.6,1.0,strong_buy,33.3,183.13,124.8,187.49,130.1,reportado,múltiplo propio,4.0,0.59,False,,8.6,7.01,,3.77,43.3,2.99,1.7,,,,9,,,,,4.5,,,False,False,False,7,NEUTRAL,7.75,639.0,0.96,33.7,,,,2026-10-09T06:05:19.490015,,,,,,
ECL,Ecolab Inc.,66.1,,trimestral,⭐⭐ GOOD,🟡 Good,USD,USD,False,True,True,1.0,,80.0,60.0,46.7,75.0,65.0,35.0,28.4,False,down,2.0,True,1,9.7,True,1,"{'eps_growth_yoy': 2.0, 'op_growth_yoy': 9.5, 'crecimiento_respaldado': True, 'positive_quarters': 4, 'earnings_accelerating': True, 'eps_accel_quarters': 1, 'profit_margin_pct': 12.6, 'score_bruto_sin_capar': 80.0, 'satura': False}","{'revenue_growth_yoy': 9.7, 'revenue_accelerating': True, 'rev_accel_quarters': 1}","{'rs_3m': 0.3, 'rs_6m': -10.9, 'rs_line_percentile': 28.4, 'rs_line_at_new_high': False, 'rs_line_trend': 'down', 'rs_line_score': 35}","{'roe_pct': 22.0, 'debt_to_equity': 1.38, 'current_ratio': 1.84, 'operating_margin_pct': 18.5}","{'days_to_earnings': 'N/A', 'recommendation': 'buy', 'analyst_upside_pct': 15.4}",281.69,78965768192,Basic Materials,Specialty Chemicals,2.1,3.6,False,309.27,-8.9,5,False,1.1,325.05,360.0,295.0,21.0,buy,15.4,158.71,-43.7,270.02,-4.1,reportado,múltiplo propio,4.0,0.25,False,,2.54,7.15,,1.05,38.1,2.92,1.05,True,-1.12,,9,,9.4,Operating Income,9.1,3.3,18.0,2026-10-27,False,True,True,6,NEUTRAL,3.33,52.9,1.24,16.7,,,,2026-10-09T06:08:08.496164,,,,,,
MSI,"Motorola Solutions, Inc.",66.1,,trimestral,⭐⭐ GOOD,🟡 Good,USD,USD,False,True,True,1.0,,80.0,70.0,46.7,65.0,55.0,35.0,29.6,False,flat,8.6,True,1,13.3,True,1,"{'eps_growth_yoy': 8.6, 'op_growth_yoy': 19.3, 'crecimiento_respaldado': True, 'positive_quarters': 4, 'earnings_accelerating': True, 'eps_accel_quarters': 1, 'profit_margin_pct': 17.4, 'score_bruto_sin_capar': 80.0, 'satura': False}","{'revenue_growth_yoy': 13.3, 'revenue_accelerating': True, 'rev_accel_quarters': 1}","{'rs_3m': 3.7, 'rs_6m': -10.8, 'rs_line_percentile': 29.6, 'rs_line_at_new_high': False, 'rs_line_trend': 'flat', 'rs_line_score': 35}","{'roe_pct': 91.6, 'debt_to_equity': 3.58, 'current_ratio': 1.1, 'operating_margin_pct': 27.4}","{'days_to_earnings': 'N/A', 'recommendation': 'none', 'analyst_upside_pct': 17.8}",447.12,73995583488,Technology,Communication Equipment,2.2,3.2,False,494.85,-9.6,5,False,-3.3,526.91,550.0,476.0,11.0,none,17.8,397.69,-11.1,392.41,-12.2,reportado,múltiplo propio,4.0,0.62,False,,3.66,16.36,,1.08,37.2,4.84,1.09,False,-0.95,,9,,7.0,Operating Income,7.3,4.8,27.0,2026-11-05,False,True,False,6,NEUTRAL,3.56,150.4,1.34,16.0,0.4,0.02,-15.6,2026-10-09T06:05:55.090666,,,,,,
GWW,"W.W. Grainger, Inc.",66.0,,trimestral,⭐⭐ GOOD,🟡 Good,USD,USD,False,True,True,1.0,,75.0,60.0,54.0,85.0,50.0,60.0,50.0,False,down,18.3,False,0,10.3,False,0,"{'eps_growth_yoy': 18.3, 'op_growth_yoy': 19.0, 'crecimiento_respaldado': True, 'positive_quarters': 4, 'earnings_accelerating': False, 'eps_accel_quarters': 0, 'profit_margin_pct': 9.9, 'score_bruto_sin_capar': 75.0, 'satura': False}","{'revenue_growth_yoy': 10.3, 'revenue_accelerating': False, 'rev_accel_quarters': 0}","{'rs_3m': -12.2, 'rs_6m': -5.8, 'rs_line_percentile': 50.0, 'rs_line_at_new_high': False, 'rs_line_trend': 'down', 'rs_line_score': 60}","{'roe_pct': 46.1, 'debt_to_equity': 0.62, 'current_ratio': 2.81, 'operating_margin_pct': 16.1}","{'days_to_earnings': 'N/A', 'recommendation': 'hold', 'analyst_upside_pct': 5.0}",1268.67,59897872384,Industrials,Industrial Distribution,2.6,4.7,False,1419.91,-10.7,6,False,-1.9,1331.64,1500.0,1100.0,14.0,hold,5.0,596.95,-52.9,957.67,-24.5,reportado,múltiplo propio,4.0,0.43,False,,2.33,29.56,6.5,0.79,23.6,9.96,0.91,True,-1.87,,9,,33.9,Operating Income,34.1,8.2,26.0,2026-11-04,False,True,False,6,NEUTRAL,4.02,40.5,4.53,17.4,,,,2026-10-09T06:11:30.516205,,,,,,
FICO,Fair Isaac Corporation,65.8,,trimestral,⭐⭐ GOOD,🟡 Good,USD,USD,False,True,True,1.0,,95.0,70.0,15.0,65.0,70.0,15.0,7.0,False,down,30.5,False,0,25.7,False,0,"{'eps_growth_yoy': 30.5, 'op_growth_yoy': 38.1, 'crecimiento_respaldado': True, 'positive_quarters': 4, 'earnings_accelerating': False, 'eps_accel_quarters': 0, 'profit_margin_pct': 34.1, 'score_bruto_sin_capar': 95.0, 'satura': False}","{'revenue_growth_yoy': 25.7, 'revenue_accelerating': False, 'rev_accel_quarters': 0}","{'rs_3m': -48.2, 'rs_6m': -37.8, 'rs_line_percentile': 7.0, 'rs_line_at_new_high': False, 'rs_line_trend': 'down', 'rs_line_score': 15}","{'current_ratio': 1.18, 'operating_margin_pct': 53.8}","{'days_to_earnings': 'N/A', 'recommendation': 'buy', 'analyst_upside_pct': 57.4}",707.43,15278815232,Technology,Software - Application,10.8,5.5,True,1858.91,-61.9,0,False,-27.8,1113.47,1750.0,490.0,19.0,buy,57.4,832.72,17.7,,,reportado,,,,,,6.3,44.57,,,,,,True,-7.62,,9,,6.7,Operating Income,6.7,28.8,26.0,2026-11-04,False,True,False,7,NEUTRAL,4.66,996.3,0.61,107.8,0.2,0.0,-107.6,2026-10-09T06:07:52.515365,,,múltiplo propio 54x fuera del rango 8-45,,,
PSA,Public Storage,65.7,,trimestral,⭐⭐ GOOD,🟡 Good,USD,USD,False,True,True,1.0,,85.0,70.0,36.0,60.0,65.0,15.0,6.9,False,down,39.5,False,0,2.6,True,2,"{'eps_growth_yoy': 39.5, 'op_growth_yoy': -3.0, 'crecimiento_respaldado': False, 'crecimiento_puntuado': 25.0, 'positive_quarters': 4, 'earnings_accelerating': False, 'eps_accel_quarters': 0, 'profit_margin_pct': 41.6, 'score_bruto_sin_capar': 95.0, 'satura': False}","{'revenue_growth_yoy': 2.6, 'revenue_accelerating': True, 'rev_accel_quarters': 2}","{'rs_3m': -13.9, 'rs_6m': -15.8, 'rs_line_percentile': 6.9, 'rs_line_at_new_high': False, 'rs_line_trend': 'down', 'rs_line_score': 15}","{'roe_pct': 21.9, 'debt_to_equity': 1.1, 'current_ratio': 0.22, 'operating_margin_pct': 45.7}","{'days_to_earnings': 'N/A', 'recommendation': 'buy', 'analyst_upside_pct': 17.3}",285.52,53350064128,Real Estate,REIT - Industrial,4.3,8.0,False,335.55,-14.9,4,False,-6.1,335.06,374.0,285.0,18.0,buy,17.3,231.16,-19.0,202.08,-29.2,normalizado,múltiplo propio,4.0,0.65,False,,5.4,15.42,,4.26,114.6,12.0,3.34,False,0.34,,9,,6.9,Operating Income,7.3,18.0,17.0,2026-10-26,False,True,True,5,NEUTRAL,3.54,1163.1,,18.3,1.6,0.09,-16.7,2026-10-09T06:12:45.666014,,,,tasa fiscal efectiva -0.4% — el beneficio del periodo no es representativo,,
ASAZY,ASSA ABLOY AB (publ),65.0,,trimestral,⭐⭐ GOOD,🟡 Good,USD,SEK,True,True,False,0.9482,"acciones × precio no cuadra con la capitalización (ratio 0.9482) y los estados van en SEK mientras cotiza en USD — puede ser un ADR. Los ratios por acción (EPS, FCF/acción, DCF) no son utilizables",100.0,60.0,24.0,65.0,55.0,15.0,2.4,False,down,80.4,True,1,3.5,True,1,"{'eps_growth_yoy': 80.4, 'op_growth_yoy': 53.9, 'crecimiento_respaldado': False, 'crecimiento_puntuado': 78.9, 'positive_quarters': 4, 'earnings_accelerating': True, 'eps_accel_quarters': 1, 'profit_margin_pct': 10.8, 'score_bruto_sin_capar': 110.0, 'satura': True}","{'revenue_growth_yoy': 3.5, 'revenue_accelerating': True, 'rev_accel_quarters': 1}","{'rs_3m': -2.8, 'rs_6m': -26.6, 'rs_line_percentile': 2.4, 'rs_line_at_new_high': False, 'rs_line_trend': 'down', 'rs_line_score': 15}","{'roe_pct': 15.6, 'debt_to_equity': 0.64, 'current_ratio': 1.01}","{'days_to_earnings': 'N/A', 'recommendation': 'none', 'analyst_upside_pct': 27.3}",17.08,37944119296,Industrials,Security & Protection Services,,,False,21.98,-22.3,1,False,-6.1,21.74,21.74,21.74,1.0,none,27.3,,,,,reportado,,,,,,4.93,0.84,,1.94,43.1,0.33,1.71,False,,,9,,,,,8.0,18.0,2026-10-27,False,True,True,8,STRONG,,120.6,5.57,20.7,,,,2026-10-09T06:09:46.453174,,,,,"acciones × precio no cuadra con la capitalización (ratio 0.9482) y los estados van en SEK mientras cotiza en USD — puede ser un ADR. Los ratios por acción (EPS, FCF/acción, DCF) no son utilizables",
ISRG,"Intuitive Surgical, Inc.",65.0,,trimestral,⭐⭐ GOOD,🟡 Good,USD,USD,False,True,True,1.0,,85.0,70.0,24.0,75.0,60.0,15.0,20.6,False,up,24.3,False,0,18.5,True,1,"{'eps_growth_yoy': 24.3, 'op_growth_yoy': 30.7, 'crecimiento_respaldado': True, 'positive_quarters': 4, 'earnings_accelerating': False, 'eps_accel_quarters': 0, 'profit_margin_pct': 28.4, 'score_bruto_sin_capar': 85.0, 'satura': False}","{'revenue_growth_yoy': 18.5, 'revenue_accelerating': True, 'rev_accel_quarters': 1}","{'rs_3m': -1.5, 'rs_6m': -22.3, 'rs_line_percentile': 20.6, 'rs_line_at_new_high': False, 'rs_line_trend': 'up', 'rs_line_score': 15}","{'roe_pct': 17.4, 'current_ratio': 4.96, 'operating_margin_pct': 33.6}","{'days_to_earnings': 'N/A', 'recommendation': 'buy', 'analyst_upside_pct': 14.9}",415.41,146755239936,Healthcare,Medical Instruments & Supplies,2.3,3.6,False,603.88,-31.2,1,False,8.0,477.47,685.0,324.0,30.0,buy,14.9,161.39,-61.1,,,reportado,,,,,,2.16,8.97,,,,,,True,-1.87,,6,solo 6 de los 9 criterios son calculables con los estados de esta empresa,,,,26.5,11.0,2026-10-20,False,True,True,4,,2.08,22.5,1.29,25.9,,,,2026-10-09T06:11:38.071920,,,sin histórico de múltiplo (beneficio negativo o pocos años),,,
DBOEY,Deutsche Börse AG,64.9,,trimestral,⭐⭐ GOOD,🟡 Good,USD,EUR,True,True,True,1.0,,75.0,50.0,64.7,80.0,50.0,80.0,79.7,False,up,8.4,False,0,7.8,False,0,"{'eps_growth_yoy': 8.4, 'op_growth_yoy': 8.2, 'crecimiento_respaldado': True, 'positive_quarters': 4, 'earnings_accelerating': False, 'eps_accel_quarters': 0, 'profit_margin_pct': 27.3, 'score_bruto_sin_capar': 75.0, 'satura': False}","{'revenue_growth_yoy': 7.8, 'revenue_accelerating': False, 'rev_accel_quarters': 0}","{'rs_3m': 9.9, 'rs_6m': -0.8, 'rs_line_percentile': 79.7, 'rs_line_at_new_high': False, 'rs_line_trend': 'up', 'rs_line_score': 80}","{'roe_pct': 20.4, 'debt_to_equity': 0.58, 'current_ratio': 1.01, 'operating_margin_pct': 41.9}","{'days_to_earnings': 'N/A', 'recommendation': 'none', 'analyst_upside_pct': 4.3}",33.02,59530985472,Financial Services,Financial Data & Stock Exchanges,,,False,33.91,-2.6,8,True,2.6,34.46,34.46,34.46,1.0,none,4.3,48.65,47.3,28.32,-14.2,reportado,múltiplo propio,4.0,0.2,False,,4.88,1.61,,1.47,36.0,0.49,1.83,,,,9,,,,,6.9,11.0,2026-10-20,False,True,True,5,NEUTRAL,4.67,65.3,2.11,16.4,,,,2026-10-09T06:08:33.182507,,,,,,
HRI,Herc Holdings Inc.,64.6,,trimestral,⭐⭐ GOOD,🟡 Good,USD,USD,False,True,True,1.0,"FCF declarado (-128,000,000) se aparta del derivado de flujo operativo menos capex (10,000,000)",68.0,90.0,39.6,45.0,70.0,15.0,18.0,False,down,,True,1,26.3,True,2,"{'positive_quarters': 3, 'earnings_accelerating': True, 'eps_accel_quarters': 1, 'profit_margin_pct': 1.0, 'score_bruto_sin_capar': 68.0, 'satura': False}","{'revenue_growth_yoy': 26.3, 'revenue_accelerating': True, 'rev_accel_quarters': 2}","{'rs_3m': -19.3, 'rs_6m': 7.0, 'rs_line_percentile': 18.0, 'rs_line_at_new_high': False, 'rs_line_trend': 'down', 'rs_line_score': 15}","{'roe_pct': 2.6, 'debt_to_equity': 5.06, 'current_ratio': 1.1, 'operating_margin_pct': 12.2}","{'days_to_earnings': 'N/A', 'recommendation': 'buy', 'analyst_upside_pct': 52.7}",123.86,4140818688,Industrials,Rental & Leasing Services,9.8,5.0,True,188.35,-34.2,2,False,-16.5,189.08,240.0,135.0,12.0,buy,52.7,,,,,reportado,,,,,,0.24,0.3,,2.26,183.0,2.8,1.28,False,,,9,,1.2,Operating Income,1.1,,18.0,2026-10-27,False,True,True,3,NEUTRAL,4.55,7.3,,55.4,3.1,0.06,-52.3,2026-10-09T06:15:42.623340,,"el capex se lleva el 99% del flujo operativo: lo que queda no es lo que gana el dueño, es lo que sobra tras decidir invertir",los P/E históricos se separan 251.6x la mediana: el ancla la decidiría un año suelto,,,
ADP,"Automatic Data Processing, Inc.",64.5,,trimestral,⭐⭐ GOOD,🟡 Good,USD,USD,False,True,True,1.0,,75.0,50.0,58.7,85.0,50.0,35.0,49.3,False,flat,7.5,False,0,6.8,False,0,"{'eps_growth_yoy': 7.5, 'op_growth_yoy': 4.3, 'crecimiento_respaldado': True, 'positive_quarters': 4, 'earnings_accelerating': False, 'eps_accel_quarters': 0, 'profit_margin_pct': 20.1, 'score_bruto_sin_capar': 75.0, 'satura': False}","{'revenue_growth_yoy': 6.8, 'revenue_accelerating': False, 'rev_accel_quarters': 0}","{'rs_3m': 5.0, 'rs_6m': 30.9, 'rs_line_percentile': 49.3, 'rs_line_at_new_high': False, 'rs_line_trend': 'flat', 'rs_line_score': 35}","{'roe_pct': 72.2, 'debt_to_equity': 0.91, 'current_ratio': 1.05, 'operating_margin_pct': 23.5}","{'days_to_earnings': 'N/A', 'recommendation': 'hold', 'analyst_upside_pct': 5.8}",270.73,107277189120,Technology,Software - Application,3.0,5.1,False,291.34,-7.1,6,False,0.1,286.4,322.0,225.0,15.0,hold,5.8,293.52,8.4,271.72,0.4,reportado,múltiplo propio,3.0,0.2,True,,4.45,12.05,,2.51,60.7,6.8,2.04,True,-1.96,,9,,12.6,Operating Income,13.5,3.9,19.0,2026-10-28,False,True,True,6,NEUTRAL,5.44,162.1,2.06,22.4,,,,2026-10-09T06:05:46.969067,,,,,,
FERG,Ferguson Enterprises Inc.,64.5,,trimestral,⭐⭐ GOOD,🟡 Good,USD,USD,False,True,True,1.0,,85.0,70.0,24.0,65.0,70.0,15.0,3.1,False,down,62.4,True,1,14.8,True,1,"{'eps_growth_yoy': 62.4, 'op_growth_yoy': 32.4, 'crecimiento_respaldado': False, 'crecimiento_puntuado': 57.4, 'positive_quarters': 4, 'earnings_accelerating': True, 'eps_accel_quarters': 1, 'profit_margin_pct': 6.3, 'score_bruto_sin_capar': 105.0, 'satura': True}","{'revenue_growth_yoy': 14.8, 'revenue_accelerating': True, 'rev_accel_quarters': 1}","{'rs_3m': -10.3, 'rs_6m': -29.4, 'rs_line_percentile': 3.1, 'rs_line_at_new_high': False, 'rs_line_trend': 'down', 'rs_line_score': 15}","{'debt_to_equity': 1.11, 'current_ratio': 1.73, 'operating_margin_pct': 10.2}","{'days_to_earnings': 'N/A', 'recommendation': 'buy', 'analyst_upside_pct': 31.9}",216.73,41927008256,Industrials,Industrial Distribution,3.4,4.4,False,271.64,-20.2,1,False,-6.1,285.86,325.0,235.0,22.0,buy,31.9,120.74,-44.3,238.95,10.3,reportado,múltiplo propio,3.0,0.36,True,,3.22,6.98,,1.64,33.6,3.56,1.74,True,-1.67,,4,solo 4 de los 9 criterios son calculables con los estados de esta empresa,16.6,Operating Income,16.5,6.9,31.0,2026-11-09,False,True,False,3,,,,2.47,22.9,1.6,0.07,-21.3,2026-10-09T06:12:37.369358,,,,,,
BAC,Bank of America Corporation,64.5,,trimestral,⭐⭐ GOOD,🟡 Good,USD,USD,False,True,True,1.0,,95.0,50.0,36.0,65.0,65.0,15.0,16.6,False,down,16.6,True,1,7.2,False,0,"{'eps_growth_yoy': 16.6, 'positive_quarters': 4, 'earnings_accelerating': True, 'eps_accel_quarters': 1, 'profit_margin_pct': 29.5, 'score_bruto_sin_capar': 95.0, 'satura': False}","{'revenue_growth_yoy': 7.2, 'revenue_accelerating': False, 'rev_accel_quarters': 0}","{'rs_3m': -13.0, 'rs_6m': -11.4, 'rs_line_percentile': 16.6, 'rs_line_at_new_high': False, 'rs_line_trend': 'down', 'rs_line_score': 15}","{'roe_pct': 11.2, 'operating_margin_pct': 38.3}","{'days_to_earnings': 'N/A', 'recommendation': 'buy', 'analyst_upside_pct': 25.0}",53.61,374881255424,Financial Services,Banks - Diversified,1.2,2.5,False,65.23,-17.8,4,False,-10.7,67.0,75.0,60.0,22.0,buy,25.0,,,47.93,-10.6,reportado,múltiplo propio,4.0,0.42,False,,3.36,1.8,,2.39,25.9,1.28,2.29,True,-4.67,,7,,,,,34.1,5.0,2026-10-14,True,True,False,5,NEUTRAL,,,1.82,23.5,0.8,0.03,-22.7,2026-10-09T06:14:01.080449,,"Banks - Diversified: el flujo operativo son depósitos, préstamos o primas, no caja libre para el accionista",,,,
MLM,"Martin Marietta Materials, Inc.",64.3,,trimestral,⭐⭐ GOOD,🟡 Good,USD,USD,False,True,True,1.0,,65.0,90.0,24.0,70.0,70.0,15.0,1.4,False,down,-12.3,True,1,21.0,True,2,"{'eps_growth_yoy': -12.3, 'op_growth_yoy': -6.0, 'crecimiento_respaldado': True, 'positive_quarters': 4, 'earnings_accelerating': True, 'eps_accel_quarters': 1, 'profit_margin_pct': 36.7, 'score_bruto_sin_capar': 65.0, 'satura': False}","{'revenue_growth_yoy': 21.0, 'revenue_accelerating': True, 'rev_accel_quarters': 2}","{'rs_3m': -18.8, 'rs_6m': -38.0, 'rs_line_percentile': 1.4, 'rs_line_at_new_high': False, 'rs_line_trend': 'down', 'rs_line_score': 15}","{'roe_pct': 8.9, 'debt_to_equity': 0.55, 'current_ratio': 1.41, 'operating_margin_pct': 20.2}","{'days_to_earnings': 'N/A', 'recommendation': 'buy', 'analyst_upside_pct': 33.1}",481.57,34200805376,Basic Materials,Building Materials,4.6,4.0,False,710.97,-32.3,0,False,-6.4,641.12,800.0,496.0,24.0,buy,33.1,,,383.94,-20.3,reportado,múltiplo propio,4.0,0.69,False,,2.08,10.02,,0.7,21.6,3.36,0.59,False,-0.33,,9,,6.1,Operating Income,6.0,-23.2,25.0,2026-11-03,False,True,False,8,STRONG,4.16,11.2,2.06,21.2,1.6,0.07,-19.6,2026-10-09T06:13:17.823880,,"el capex se lleva el 53% del flujo operativo: lo que queda no es lo que gana el dueño, es lo que sobra tras decidir invertir",,,,
SPGI,S&P Global Inc.,64.0,,trimestral,⭐⭐ GOOD,🟡 Good,USD,USD,False,True,True,1.0,,85.0,60.0,36.0,65.0,65.0,15.0,7.5,False,down,13.5,False,0,10.4,False,0,"{'eps_growth_yoy': 13.5, 'op_growth_yoy': 17.2, 'crecimiento_respaldado': True, 'positive_quarters': 4, 'earnings_accelerating': False, 'eps_accel_quarters': 0, 'profit_margin_pct': 30.5, 'score_bruto_sin_capar': 85.0, 'satura': False}","{'revenue_growth_yoy': 10.4, 'revenue_accelerating': False, 'rev_accel_quarters': 0}","{'rs_3m': -11.4, 'rs_6m': -11.5, 'rs_line_percentile': 7.5, 'rs_line_at_new_high': False, 'rs_line_trend': 'down', 'rs_line_score': 15}","{'roe_pct': 14.3, 'debt_to_equity': 0.43, 'current_ratio': 0.95, 'operating_margin_pct': 44.8}","{'days_to_earnings': 'N/A', 'recommendation': 'strong_buy', 'analyst_upside_pct': 28.8}",402.73,118724804608,Financial Services,Financial Data & Stock Exchanges,2.2,3.5,False,522.46924,-22.9,1,False,-2.8,518.52,553.0,477.0,21.0,strong_buy,28.8,373.66,-7.2,550.51,36.7,reportado,múltiplo propio,3.0,0.22,True,2023-12-31,4.33,17.44,7.1,0.96,23.5,3.88,0.82,True,-3.46,,9,,21.2,Operating Income,22.7,17.7,18.0,2026-10-27,False,True,True,7,NEUTRAL,4.64,893.9,1.55,18.5,0.8,0.04,-17.7,2026-10-09T06:05:58.932617,,,,,,
PGR,The Progressive Corporation,64.0,,trimestral,⭐⭐ GOOD,🟡 Good,USD,USD,False,True,True,1.0,"FCF declarado (10,597,000,000) se aparta del derivado de flujo operativo menos capex (15,991,000,320)",80.0,60.0,44.0,75.0,50.0,35.0,31.1,False,flat,4.3,True,1,7.3,True,1,"{'eps_growth_yoy': 4.3, 'op_growth_yoy': 6.1, 'crecimiento_respaldado': True, 'positive_quarters': 4, 'earnings_accelerating': True, 'eps_accel_quarters': 1, 'profit_margin_pct': 12.8, 'score_bruto_sin_capar': 80.0, 'satura': False}","{'revenue_growth_yoy': 7.3, 'revenue_accelerating': True, 'rev_accel_quarters': 1}","{'rs_3m': -10.2, 'rs_6m': -1.7, 'rs_line_percentile': 31.1, 'rs_line_at_new_high': False, 'rs_line_trend': 'flat', 'rs_line_score': 35}","{'roe_pct': 34.9, 'debt_to_equity': 0.24, 'current_ratio': 0.29, 'operating_margin_pct': 18.2}","{'days_to_earnings': 'N/A', 'recommendation': 'hold', 'analyst_upside_pct': 6.4}",218.73,126950891520,Financial Services,Insurance - Property & Casualty,1.1,3.0,False,243.81,-10.3,5,False,2.2,232.81,314.0,198.0,21.0,hold,6.4,,,,,reportado,,,,,,12.6,27.56,,0.18,69.7,0.4,0.67,False,-0.6,,7,,50.8,EBIT,50.8,2.0,5.0,2026-10-14,True,True,False,6,NEUTRAL,11.09,,0.45,21.9,0.8,0.04,-21.1,2026-10-09T06:10:26.485185,,"Insurance - Property & Casualty: el flujo operativo son depósitos, préstamos o primas, no caja libre para el accionista",los P/E históricos se separan 4.6x la mediana: el ancla la decidiría un año suelto,,,
ITW,Illinois Tool Works Inc.,64.0,,trimestral,⭐⭐ GOOD,🟡 Good,USD,USD,False,True,True,1.0,,90.0,60.0,36.0,65.0,50.0,15.0,18.0,False,down,7.9,True,2,6.1,True,1,"{'eps_growth_yoy': 7.9, 'op_growth_yoy': 7.4, 'crecimiento_respaldado': True, 'positive_quarters': 4, 'earnings_accelerating': True, 'eps_accel_quarters': 2, 'profit_margin_pct': 19.4, 'score_bruto_sin_capar': 90.0, 'satura': False}","{'revenue_growth_yoy': 6.1, 'revenue_accelerating': True, 'rev_accel_quarters': 1}","{'rs_3m': -5.4, 'rs_6m': -15.4, 'rs_line_percentile': 18.0, 'rs_line_at_new_high': False, 'rs_line_trend': 'down', 'rs_line_score': 15}","{'roe_pct': 104.6, 'debt_to_equity': 3.35, 'current_ratio': 1.11, 'operating_margin_pct': 26.9}","{'days_to_earnings': 'N/A', 'recommendation': 'hold', 'analyst_upside_pct': 13.3}",264.71,75389403136,Industrials,Specialty Industrial Machinery,3.1,8.2,False,303.16,-12.7,3,False,-3.8,299.79,350.0,249.0,14.0,hold,13.3,188.99,-28.6,244.67,-7.6,reportado,múltiplo propio,4.0,0.21,False,,3.86,10.22,,2.6,58.4,6.88,2.26,True,-2.01,,9,,14.5,Operating Income,14.6,4.0,14.0,2026-10-23,False,True,True,5,NEUTRAL,5.07,117.2,8.86,20.2,,,,2026-10-09T06:09:34.793639,,,,,,
NOW,"ServiceNow, Inc.",64.0,,trimestral,⭐⭐ GOOD,🟡 Good,USD,USD,False,True,True,1.0,,50.0,90.0,65.0,50.0,60.0,35.0,37.9,False,up,-22.6,False,0,24.0,True,2,"{'eps_growth_yoy': -22.6, 'op_growth_yoy': -54.7, 'crecimiento_respaldado': True, 'positive_quarters': 4, 'earnings_accelerating': False, 'eps_accel_quarters': 0, 'profit_margin_pct': 11.3, 'score_bruto_sin_capar': 50.0, 'satura': False}","{'revenue_growth_yoy': 24.0, 'revenue_accelerating': True, 'rev_accel_quarters': 2}","{'rs_3m': 22.0, 'rs_6m': 53.9, 'rs_line_percentile': 37.9, 'rs_line_at_new_high': False, 'rs_line_trend': 'up', 'rs_line_score': 35}","{'roe_pct': 14.2, 'debt_to_equity': 0.68, 'current_ratio': 0.7, 'operating_margin_pct': 4.1}","{'days_to_earnings': 'N/A', 'recommendation': 'strong_buy', 'analyst_upside_pct': 5.0}",139.75,144482222080,Technology,Software - Application,2.8,1.7,False,192.966,-27.6,4,False,6.2,146.73,248.0,72.0,46.0,strong_buy,5.0,108.07,-22.7,,,reportado,,,,,,3.04,4.25,,,,,,True,-1.05,,9,,20.2,Operating Income,29.3,-21.9,19.0,2026-10-28,False,True,True,4,NEUTRAL,1.25,58.4,0.93,38.7,0.2,0.01,-38.5,2026-10-09T06:09:11.125169,,,los P/E históricos se separan 1.7x la mediana: el ancla la decidiría un año suelto,,,
RSG,"Republic Services, Inc.",63.7,,trimestral,⭐⭐ GOOD,🟡 Good,USD,USD,False,True,True,1.0,,80.0,70.0,36.0,60.0,60.0,15.0,18.5,False,flat,2.9,True,1,4.6,True,2,"{'eps_growth_yoy': 2.9, 'op_growth_yoy': 4.0, 'crecimiento_respaldado': True, 'positive_quarters': 4, 'earnings_accelerating': True, 'eps_accel_quarters': 1, 'profit_margin_pct': 12.9, 'score_bruto_sin_capar': 80.0, 'satura': False}","{'revenue_growth_yoy': 4.6, 'revenue_accelerating': True, 'rev_accel_quarters': 2}","{'rs_3m': -6.2, 'rs_6m': -12.8, 'rs_line_percentile': 18.5, 'rs_line_at_new_high': False, 'rs_line_trend': 'flat', 'rs_line_score': 15}","{'roe_pct': 18.2, 'debt_to_equity': 1.19, 'current_ratio': 0.64, 'operating_margin_pct': 20.4}","{'days_to_earnings': 'N/A', 'recommendation': 'buy', 'analyst_upside_pct': 13.0}",216.84,66399223808,Industrials,Waste Management,2.5,3.3,False,233.42,-7.1,5,False,0.4,245.12,272.0,208.0,24.0,buy,13.0,243.62,12.4,209.99,-3.2,reportado,múltiplo propio,4.0,0.14,False,,4.0,8.67,,1.24,35.5,2.68,1.18,True,-1.85,,9,,5.7,Operating Income,5.3,3.6,20.0,2026-10-29,False,True,True,6,NEUTRAL,4.13,25.9,2.0,15.9,0.8,0.05,-15.1,2026-10-09T06:06:22.199204,,,,,,
FDS,FactSet Research Systems Inc.,63.7,,trimestral,⭐⭐ GOOD,🟡 Good,USD,USD,False,True,True,1.0,,65.0,60.0,68.7,70.0,50.0,60.0,59.9,False,up,-14.7,True,1,6.4,True,1,"{'eps_growth_yoy': -14.7, 'op_growth_yoy': -14.3, 'crecimiento_respaldado': True, 'positive_quarters': 4, 'earnings_accelerating': True, 'eps_accel_quarters': 1, 'profit_margin_pct': 21.5, 'score_bruto_sin_capar': 65.0, 'satura': False}","{'revenue_growth_yoy': 6.4, 'revenue_accelerating': True, 'rev_accel_quarters': 1}","{'rs_3m': 5.7, 'rs_6m': 22.1, 'rs_line_percentile': 59.9, 'rs_line_at_new_high': False, 'rs_line_trend': 'up', 'rs_line_score': 60}","{'roe_pct': 25.5, 'debt_to_equity': 0.77, 'current_ratio': 0.6, 'operating_margin_pct': 24.7}","{'days_to_earnings': 'N/A', 'recommendation': 'hold', 'analyst_upside_pct': -3.1}",286.52,10190239744,Financial Services,Financial Data & Stock Exchanges,12.4,4.2,True,320.48,-10.6,5,False,1.4,277.56,340.0,212.0,16.0,hold,-3.1,541.62,89.0,470.08,64.1,reportado,múltiplo propio,4.0,0.52,False,,7.0,20.06,,1.62,29.4,4.64,0.96,True,-6.01,,9,,13.6,Operating Income,14.1,-6.1,69.0,2026-12-17,False,True,False,6,NEUTRAL,6.84,180.1,0.88,49.7,0.8,0.02,-48.9,2026-10-09T06:10:18.787538,,,,,,True
BSX,Boston Scientific Corporation,63.5,,trimestral,⭐⭐ GOOD,🟡 Good,USD,USD,False,True,True,1.0,,85.0,60.0,24.0,75.0,70.0,15.0,0.8,False,down,99.0,True,1,11.6,False,0,"{'eps_growth_yoy': 99.0, 'op_growth_yoy': 14.4, 'crecimiento_respaldado': False, 'crecimiento_puntuado': 39.4, 'positive_quarters': 4, 'earnings_accelerating': True, 'eps_accel_quarters': 1, 'profit_margin_pct': 17.5, 'score_bruto_sin_capar': 100.0, 'satura': False}","{'revenue_growth_yoy': 11.6, 'revenue_accelerating': False, 'rev_accel_quarters': 0}","{'rs_3m': -9.4, 'rs_6m': -46.4, 'rs_line_percentile': 0.8, 'rs_line_at_new_high': False, 'rs_line_trend': 'down', 'rs_line_score': 15}","{'roe_pct': 15.3, 'debt_to_equity': 0.5, 'current_ratio': 1.24, 'operating_margin_pct': 22.9}","{'days_to_earnings': 'N/A', 'recommendation': 'buy', 'analyst_upside_pct': 42.5}",42.04,60925612032,Healthcare,Medical Devices,3.2,2.3,False,105.65,-60.2,0,False,-9.8,59.9,94.0,44.0,29.0,buy,42.5,78.51,86.8,,,normalizado,,,,,,5.58,2.35,,,,,,False,,,9,,11.5,Operating Income,11.5,15.1,19.0,2026-10-28,False,True,True,8,STRONG,5.47,53.7,0.41,28.7,,,,2026-10-09T06:11:42.130238,,,múltiplo propio 62x fuera del rango 8-45,tasa fiscal efectiva 4.9% — el beneficio del periodo no es representativo,,
ORLY,"O'Reilly Automotive, Inc.",63.3,,trimestral,⭐⭐ GOOD,🟡 Good,USD,USD,False,True,True,1.0,,90.0,70.0,24.0,50.0,65.0,15.0,7.8,False,down,7.0,True,2,8.1,True,2,"{'eps_growth_yoy': 7.0, 'op_growth_yoy': 7.8, 'crecimiento_respaldado': True, 'positive_quarters': 4, 'earnings_accelerating': True, 'eps_accel_quarters': 2, 'profit_margin_pct': 14.3, 'score_bruto_sin_capar': 90.0, 'satura': False}","{'revenue_growth_yoy': 8.1, 'revenue_accelerating': True, 'rev_accel_quarters': 2}","{'rs_3m': -5.0, 'rs_6m': -22.0, 'rs_line_percentile': 7.8, 'rs_line_at_new_high': False, 'rs_line_trend': 'down', 'rs_line_score': 15}","{'current_ratio': 0.75, 'operating_margin_pct': 20.2}","{'days_to_earnings': 'N/A', 'recommendation': 'buy', 'analyst_upside_pct': 24.8}",86.01,69578719232,Consumer Cyclical,Auto Parts,3.2,5.0,False,104.06,-17.3,1,False,-2.2,107.35,120.0,91.0,26.0,buy,24.8,73.95,-14.0,85.69,-0.4,reportado,múltiplo propio,4.0,0.22,False,,3.05,2.62,,,,,,True,-3.44,,9,,14.4,Operating Income,14.4,10.3,19.0,2026-10-28,False,True,True,7,NEUTRAL,4.45,40.0,2.36,22.3,,,,2026-10-09T06:09:00.064878,,,,,,
HD,"The Home Depot, Inc.",63.3,,trimestral,⭐⭐ GOOD,🟡 Good,USD,USD,False,True,True,1.0,,85.0,70.0,24.0,60.0,65.0,15.0,8.7,False,down,4.7,True,2,5.7,True,2,"{'eps_growth_yoy': 4.7, 'op_growth_yoy': 4.3, 'crecimiento_respaldado': True, 'positive_quarters': 4, 'earnings_accelerating': True, 'eps_accel_quarters': 2, 'profit_margin_pct': 8.4, 'score_bruto_sin_capar': 85.0, 'satura': False}","{'revenue_growth_yoy': 5.7, 'revenue_accelerating': True, 'rev_accel_quarters': 2}","{'rs_3m': -15.3, 'rs_6m': -25.6, 'rs_line_percentile': 8.7, 'rs_line_at_new_high': False, 'rs_line_trend': 'down', 'rs_line_score': 15}","{'roe_pct': 104.3, 'debt_to_equity': 3.8, 'current_ratio': 1.08, 'operating_margin_pct': 12.9}","{'days_to_earnings': 'N/A', 'recommendation': 'buy', 'analyst_upside_pct': 28.0}",295.47,294787350528,Consumer Cyclical,Home Improvement Retail,1.2,2.6,False,397.63,-25.7,0,False,-6.9,378.34,425.0,310.0,32.0,buy,28.0,240.77,-18.5,339.67,15.0,reportado,múltiplo propio,4.0,0.37,False,,5.12,15.13,,3.26,64.8,9.32,2.39,False,0.2,,9,,8.7,Operating Income,8.8,4.6,39.0,2026-11-17,False,True,False,5,NEUTRAL,6.03,53.3,,24.0,,,,2026-10-09T06:12:49.923106,,,,,,
ROL,"Rollins, Inc.",63.2,,trimestral,⭐⭐ GOOD,🟡 Good,USD,USD,False,True,True,1.0,,90.0,70.0,15.0,65.0,60.0,15.0,6.0,False,down,1.7,True,2,7.9,True,2,"{'eps_growth_yoy': 1.7, 'op_growth_yoy': 1.5, 'crecimiento_respaldado': True, 'positive_quarters': 4, 'earnings_accelerating': True, 'eps_accel_quarters': 2, 'profit_margin_pct': 13.6, 'score_bruto_sin_capar': 90.0, 'satura': False}","{'revenue_growth_yoy': 7.9, 'revenue_accelerating': True, 'rev_accel_quarters': 2}","{'rs_3m': -31.4, 'rs_6m': -54.5, 'rs_line_percentile': 6.0, 'rs_line_at_new_high': False, 'rs_line_trend': 'down', 'rs_line_score': 15}","{'roe_pct': 37.0, 'debt_to_equity': 0.78, 'current_ratio': 0.63, 'operating_margin_pct': 18.8}","{'days_to_earnings': 'N/A', 'recommendation': 'hold', 'analyst_upside_pct': 31.5}",32.26,15521750016,Consumer Cyclical,Personal Services,6.2,4.0,False,66.14,-51.2,0,False,-6.8,42.41,66.0,27.0,17.0,hold,31.5,39.22,21.6,,,reportado,,,,,,3.99,1.29,,2.26,64.9,0.73,1.2,False,-0.68,,9,,21.8,Operating Income,21.8,1.2,12.0,2026-10-21,False,True,True,6,NEUTRAL,4.58,131.8,1.89,37.7,0.8,0.02,-36.9,2026-10-09T06:05:51.018441,,,múltiplo propio 47x fuera del rango 8-45,,,
VRSN,"VeriSign, Inc.",63.1,,trimestral,⭐⭐ GOOD,🟡 Good,USD,USD,False,True,True,1.0,,75.0,60.0,60.3,50.0,60.0,60.0,70.1,False,flat,4.4,False,0,6.0,True,1,"{'eps_growth_yoy': 4.4, 'op_growth_yoy': 5.6, 'crecimiento_respaldado': True, 'positive_quarters': 4, 'earnings_accelerating': False, 'eps_accel_quarters': 0, 'profit_margin_pct': 49.8, 'score_bruto_sin_capar': 75.0, 'satura': False}","{'revenue_growth_yoy': 6.0, 'revenue_accelerating': True, 'rev_accel_quarters': 1}","{'rs_3m': 6.9, 'rs_6m': 0.8, 'rs_line_percentile': 70.1, 'rs_line_at_new_high': False, 'rs_line_trend': 'flat', 'rs_line_score': 60}","{'current_ratio': 0.59, 'operating_margin_pct': 68.2}","{'days_to_earnings': 'N/A', 'recommendation': 'buy', 'analyst_upside_pct': 8.9}",297.79,26920216576,Technology,Software - Infrastructure,2.2,3.0,False,312.48,-4.7,8,True,2.7,324.4,355.0,285.0,5.0,buy,8.9,320.71,7.7,243.84,-18.1,reportado,múltiplo propio,4.0,0.26,False,,4.01,11.94,,1.09,34.3,3.24,,True,-3.09,,9,,15.3,Operating Income,15.5,7.7,13.0,2026-10-22,False,True,True,8,STRONG,4.02,501.6,2.21,21.5,0.8,0.04,-20.7,2026-10-09T06:06:29.555733,,,,,,
CME,CME Group Inc.,63.1,,trimestral,⭐⭐ GOOD,🟡 Good,USD,USD,False,True,True,1.0,,75.0,50.0,46.7,85.0,60.0,35.0,35.5,False,flat,1.6,False,0,0.8,False,0,"{'eps_growth_yoy': 1.6, 'op_growth_yoy': -2.0, 'crecimiento_respaldado': True, 'positive_quarters': 4, 'earnings_accelerating': False, 'eps_accel_quarters': 0, 'profit_margin_pct': 63.4, 'score_bruto_sin_capar': 75.0, 'satura': False}","{'revenue_growth_yoy': 0.8, 'revenue_accelerating': False, 'rev_accel_quarters': 0}","{'rs_3m': 9.8, 'rs_6m': -19.9, 'rs_line_percentile': 35.5, 'rs_line_at_new_high': False, 'rs_line_trend': 'flat', 'rs_line_score': 35}","{'roe_pct': 15.8, 'debt_to_equity': 0.15, 'current_ratio': 1.02, 'operating_margin_pct': 65.0}","{'days_to_earnings': 'N/A', 'recommendation': 'buy', 'analyst_upside_pct': 4.1}",276.44,99402096640,Financial Services,Financial Data & Stock Exchanges,1.8,3.0,False,329.16,-16.0,4,False,2.1,287.81,330.0,217.0,16.0,buy,4.1,345.64,25.0,258.07,-6.6,reportado,múltiplo propio,4.0,0.18,False,,4.25,11.75,,1.92,95.4,5.2,2.9,False,0.26,,9,,25.2,Operating Income,33.0,1.8,12.0,2026-10-21,False,True,True,6,NEUTRAL,4.28,78.0,1.45,22.5,,,,2026-10-09T06:06:18.152488,,,,,,
FCNCA,"First Citizens BancShares, Inc.",63.0,,trimestral,⭐⭐ GOOD,🟡 Good,USD,USD,False,True,True,0.911,acciones × precio no cuadra (ratio 0.9110) pero la divisa sí: son clases múltiples. Se usan 11 M de acciones efectivas (capitalización ÷ precio) en vez de las 10 M declaradas,95.0,50.0,36.0,65.0,50.0,15.0,24.1,False,down,16.9,True,1,2.5,False,0,"{'eps_growth_yoy': 16.9, 'positive_quarters': 4, 'earnings_accelerating': True, 'eps_accel_quarters': 1, 'profit_margin_pct': 25.2, 'score_bruto_sin_capar': 95.0, 'satura': False}","{'revenue_growth_yoy': 2.5, 'revenue_accelerating': False, 'rev_accel_quarters': 0}","{'rs_3m': -5.4, 'rs_6m': -10.4, 'rs_line_percentile': 24.1, 'rs_line_at_new_high': False, 'rs_line_trend': 'down', 'rs_line_score': 15}","{'roe_pct': 10.7, 'operating_margin_pct': 39.0}","{'days_to_earnings': 'N/A', 'recommendation': 'hold', 'analyst_upside_pct': 13.1}",2065.89,23330342912,Financial Services,Banks - Regional,5.3,8.0,False,2296.3,-10.0,4,False,-4.2,2336.54,2525.0,2100.0,13.0,hold,13.1,,,1998.64,-3.3,reportado,múltiplo propio,4.0,1.01,True,,6.94,143.37,,0.41,4.4,8.4,0.29,True,-12.85,,7,,,,,12.4,14.0,2026-10-23,False,True,True,5,NEUTRAL,,,0.34,18.8,,,,2026-10-09T06:15:50.458027,11293120.0,"Banks - Regional: el flujo operativo son depósitos, préstamos o primas, no caja libre para el accionista",,,,
ETN,Eaton Corporation plc,62.8,,trimestral,⭐⭐ GOOD,🟡 Good,USD,USD,False,True,True,1.0,,50.0,80.0,56.7,70.0,60.0,60.0,60.9,False,up,-10.2,False,0,16.8,True,2,"{'eps_growth_yoy': -10.2, 'op_growth_yoy': -2.4, 'crecimiento_respaldado': True, 'positive_quarters': 4, 'earnings_accelerating': False, 'eps_accel_quarters': 0, 'profit_margin_pct': 12.8, 'score_bruto_sin_capar': 50.0, 'satura': False}","{'revenue_growth_yoy': 16.8, 'revenue_accelerating': True, 'rev_accel_quarters': 2}","{'rs_3m': 2.1, 'rs_6m': -8.6, 'rs_line_percentile': 60.9, 'rs_line_at_new_high': False, 'rs_line_trend': 'up', 'rs_line_score': 60}","{'roe_pct': 19.7, 'debt_to_equity': 1.05, 'current_ratio': 1.24, 'operating_margin_pct': 16.6}","{'days_to_earnings': 'N/A', 'recommendation': 'buy', 'analyst_upside_pct': 13.8}",424.51,164837244928,Industrials,Specialty Industrial Machinery,2.0,4.2,False,478.0,-11.2,6,False,-0.2,482.89,534.0,333.0,26.0,buy,13.8,210.45,-50.4,291.28,-31.4,reportado,múltiplo propio,4.0,0.34,False,,2.45,10.4,,1.04,43.5,4.4,1.39,False,-0.49,,9,,16.5,Operating Income,16.5,-15.9,25.0,2026-11-03,False,True,False,7,NEUTRAL,2.77,64.6,1.35,41.7,0.2,0.0,-41.5,2026-10-09T06:09:50.844340,,,,,,
BR,"Broadridge Financial Solutions, Inc.",62.7,,trimestral,⭐⭐ GOOD,🟡 Good,USD,USD,False,True,True,1.0,,80.0,50.0,38.7,80.0,65.0,15.0,18.4,False,up,6.4,True,1,7.5,False,0,"{'eps_growth_yoy': 6.4, 'op_growth_yoy': 9.5, 'crecimiento_respaldado': True, 'positive_quarters': 4, 'earnings_accelerating': True, 'eps_accel_quarters': 1, 'profit_margin_pct': 15.0, 'score_bruto_sin_capar': 80.0, 'satura': False}","{'revenue_growth_yoy': 7.5, 'revenue_accelerating': False, 'rev_accel_quarters': 0}","{'rs_3m': 6.5, 'rs_6m': -3.7, 'rs_line_percentile': 18.4, 'rs_line_at_new_high': False, 'rs_line_trend': 'up', 'rs_line_score': 15}","{'roe_pct': 40.9, 'debt_to_equity': 1.24, 'current_ratio': 1.24, 'operating_margin_pct': 24.6}","{'days_to_earnings': 'N/A', 'recommendation': 'buy', 'analyst_upside_pct': 29.2}",165.21,18652215296,Technology,Information Technology Services,2.9,2.6,False,237.39,-30.4,1,False,-1.9,213.38,250.0,176.0,8.0,buy,29.2,246.52,49.2,296.2,79.3,reportado,múltiplo propio,4.0,0.62,False,,6.61,10.92,,2.64,40.6,4.36,1.66,True,-2.28,,9,,11.6,Operating Income,13.9,5.9,25.0,2026-11-03,False,True,False,8,STRONG,6.08,176.7,0.65,25.6,,,,2026-10-09T06:06:33.069547,,,,,,
WCN,"Waste Connections, Inc.",62.7,,trimestral,⭐⭐ GOOD,🟡 Good,USD,USD,False,True,True,1.0,,80.0,70.0,36.0,50.0,65.0,15.0,4.2,False,down,2.1,True,1,6.4,True,2,"{'eps_growth_yoy': 2.1, 'op_growth_yoy': 7.0, 'crecimiento_respaldado': True, 'positive_quarters': 4, 'earnings_accelerating': True, 'eps_accel_quarters': 1, 'profit_margin_pct': 10.9, 'score_bruto_sin_capar': 80.0, 'satura': False}","{'revenue_growth_yoy': 6.4, 'revenue_accelerating': True, 'rev_accel_quarters': 2}","{'rs_3m': -13.0, 'rs_6m': -18.3, 'rs_line_percentile': 4.2, 'rs_line_at_new_high': False, 'rs_line_trend': 'down', 'rs_line_score': 15}","{'roe_pct': 13.0, 'debt_to_equity': 1.22, 'current_ratio': 0.66, 'operating_margin_pct': 19.7}","{'days_to_earnings': 'N/A', 'recommendation': 'strong_buy', 'analyst_upside_pct': 29.6}",154.69,38915248128,Industrials,Waste Management,1.6,3.6,False,179.74,-13.9,1,False,-4.4,200.44,220.0,162.0,25.0,strong_buy,29.6,153.18,-1.0,172.85,11.7,reportado,múltiplo propio,3.0,0.23,True,2024-12-31,3.39,5.24,,0.91,33.0,1.4,0.69,True,-1.98,,9,,5.4,Operating Income,5.0,4.4,12.0,2026-10-21,False,True,True,6,NEUTRAL,3.74,20.1,2.83,14.7,0.2,0.01,-14.5,2026-10-09T06:05:23.390408,,,,,,
AXP,American Express Company,62.5,,trimestral,⭐⭐ GOOD,🟡 Good,USD,USD,False,True,True,1.0,,70.0,60.0,36.0,85.0,65.0,15.0,4.2,False,down,7.8,False,0,10.0,True,1,"{'eps_growth_yoy': 7.8, 'positive_quarters': 4, 'earnings_accelerating': False, 'eps_accel_quarters': 0, 'profit_margin_pct': 16.1, 'score_bruto_sin_capar': 70.0, 'satura': False}","{'revenue_growth_yoy': 10.0, 'revenue_accelerating': True, 'rev_accel_quarters': 1}","{'rs_3m': -16.6, 'rs_6m': -15.9, 'rs_line_percentile': 4.2, 'rs_line_at_new_high': False, 'rs_line_trend': 'down', 'rs_line_score': 15}","{'roe_pct': 34.4, 'debt_to_equity': 1.72, 'current_ratio': 1.55, 'operating_margin_pct': 20.3}","{'days_to_earnings': 'N/A', 'recommendation': 'buy', 'analyst_upside_pct': 20.5}",308.1,208062955520,Financial Services,Credit Services,2.1,4.5,False,387.49,-20.5,1,False,-5.3,371.37,450.0,315.0,24.0,buy,20.5,511.56,66.0,300.51,-2.5,reportado,múltiplo propio,4.0,0.52,False,,7.71,23.75,,1.25,21.5,3.8,1.09,True,-2.86,,7,,,,,7.7,14.0,2026-10-23,False,True,True,4,NEUTRAL,,,0.96,19.9,0.8,0.04,-19.1,2026-10-09T06:11:02.180626,,,,,,
AZO,"AutoZone, Inc.",62.5,,trimestral,⭐⭐ GOOD,🟡 Good,USD,USD,False,True,True,1.0,,90.0,70.0,24.0,45.0,65.0,15.0,5.1,False,down,5.4,True,2,8.4,True,2,"{'eps_growth_yoy': 5.4, 'op_growth_yoy': 6.6, 'crecimiento_respaldado': True, 'positive_quarters': 4, 'earnings_accelerating': True, 'eps_accel_quarters': 2, 'profit_margin_pct': 12.7, 'score_bruto_sin_capar': 90.0, 'satura': False}","{'revenue_growth_yoy': 8.4, 'revenue_accelerating': True, 'rev_accel_quarters': 2}","{'rs_3m': -9.0, 'rs_6m': -29.6, 'rs_line_percentile': 5.1, 'rs_line_at_new_high': False, 'rs_line_trend': 'down', 'rs_line_score': 15}","{'current_ratio': 0.9, 'operating_margin_pct': 20.0}","{'days_to_earnings': 'N/A', 'recommendation': 'strong_buy', 'analyst_upside_pct': 27.8}",2910.54,47072165888,Consumer Cyclical,Auto Parts,3.5,1.6,False,4146.42,-29.8,0,False,-1.2,3719.96,4800.0,3000.0,23.0,strong_buy,27.8,2980.98,2.4,3081.41,5.9,reportado,múltiplo propio,4.0,0.54,False,,3.8,110.6,,,,,,True,-2.06,,9,,7.5,Operating Income,7.5,15.0,60.0,2026-12-08,False,True,False,6,NEUTRAL,6.16,35.2,2.07,29.2,,,,2026-10-09T06:08:29.412148,,,,,,
TJX,"The TJX Companies, Inc.",62.0,,trimestral,⭐⭐ GOOD,🟡 Good,USD,USD,False,True,True,1.0,,85.0,60.0,24.0,75.0,55.0,15.0,19.1,False,down,22.3,True,1,5.4,True,1,"{'eps_growth_yoy': 22.3, 'op_growth_yoy': 22.7, 'crecimiento_respaldado': True, 'positive_quarters': 4, 'earnings_accelerating': True, 'eps_accel_quarters': 1, 'profit_margin_pct': 9.7, 'score_bruto_sin_capar': 85.0, 'satura': False}","{'revenue_growth_yoy': 5.4, 'revenue_accelerating': True, 'rev_accel_quarters': 1}","{'rs_3m': -11.1, 'rs_6m': -28.1, 'rs_line_percentile': 19.1, 'rs_line_at_new_high': False, 'rs_line_trend': 'down', 'rs_line_score': 15}","{'roe_pct': 62.2, 'debt_to_equity': 1.34, 'current_ratio': 1.15, 'operating_margin_pct': 10.9}","{'days_to_earnings': 'N/A', 'recommendation': 'none', 'analyst_upside_pct': 22.4}",138.75,153277726720,Consumer Cyclical,Apparel Retail,1.7,2.2,False,170.0,-18.4,1,False,-0.3,169.8,198.0,136.0,20.0,none,22.4,152.63,10.0,148.17,6.8,reportado,múltiplo propio,4.0,0.25,False,,3.96,5.49,,1.38,32.5,1.92,1.32,False,-0.98,,9,,105.5,Operating Income,108.3,11.8,40.0,2026-11-18,False,True,False,7,NEUTRAL,4.46,35.2,1.34,21.3,0.8,0.04,-20.5,2026-10-09T06:11:10.601737,,,,,,
BN,Brookfield Corporation,62.0,,trimestral,⭐⭐ GOOD,🟡 Good,USD,USD,False,True,True,1.0,"FCF declarado (-9,413,000,000) se aparta del derivado de flujo operativo menos capex (-5,409,000,448)",85.0,60.0,24.0,65.0,70.0,15.0,0.6,False,down,33.8,True,1,7.3,True,1,"{'eps_growth_yoy': 33.8, 'op_growth_yoy': 7.2, 'crecimiento_respaldado': False, 'crecimiento_puntuado': 32.2, 'positive_quarters': 4, 'earnings_accelerating': True, 'eps_accel_quarters': 1, 'profit_margin_pct': 1.8, 'score_bruto_sin_capar': 95.0, 'satura': False}","{'revenue_growth_yoy': 7.3, 'revenue_accelerating': True, 'rev_accel_quarters': 1}","{'rs_3m': -18.6, 'rs_6m': -26.9, 'rs_line_percentile': 0.6, 'rs_line_at_new_high': False, 'rs_line_trend': 'down', 'rs_line_score': 15}","{'roe_pct': 2.3, 'debt_to_equity': 1.61, 'current_ratio': 1.01, 'operating_margin_pct': 25.7}","{'days_to_earnings': 'N/A', 'recommendation': 'buy', 'analyst_upside_pct': 47.5}",36.77,82083561472,Financial Services,Asset Management,,5.2,False,49.57,-25.8,0,False,-8.2,54.25,61.0,31.0,10.0,buy,47.5,,,,,reportado,,,,,,-6.59,-2.42,,0.76,48.2,0.28,0.75,False,-0.27,,9,,1.0,Operating Income,1.3,40.3,19.0,2026-10-28,False,True,True,6,NEUTRAL,3.92,10.9,,15.8,0.8,0.05,-15.0,2026-10-09T06:15:08.042447,,"el capex se lleva el 158% del flujo operativo: lo que queda no es lo que gana el dueño, es lo que sobra tras decidir invertir",los P/E históricos se separan 1.8x la mediana: el ancla la decidiría un año suelto,,,
TYL,"Tyler Technologies, Inc.",62.0,,trimestral,⭐⭐ GOOD,🟡 Good,USD,USD,False,True,True,1.0,,80.0,50.0,38.7,75.0,65.0,15.0,13.9,False,down,10.5,False,0,8.2,False,0,"{'eps_growth_yoy': 10.5, 'op_growth_yoy': -0.5, 'crecimiento_respaldado': True, 'positive_quarters': 4, 'earnings_accelerating': False, 'eps_accel_quarters': 0, 'profit_margin_pct': 13.4, 'score_bruto_sin_capar': 80.0, 'satura': False}","{'revenue_growth_yoy': 8.2, 'revenue_accelerating': False, 'rev_accel_quarters': 0}","{'rs_3m': 1.8, 'rs_6m': -10.1, 'rs_line_percentile': 13.9, 'rs_line_at_new_high': False, 'rs_line_trend': 'down', 'rs_line_score': 15}","{'roe_pct': 9.7, 'debt_to_equity': 0.48, 'current_ratio': 1.55, 'operating_margin_pct': 14.7}","{'days_to_earnings': 'N/A', 'recommendation': 'buy', 'analyst_upside_pct': 28.3}",331.15,13561345024,Technology,Software - Application,9.6,3.5,True,524.43,-36.9,0,False,-1.7,424.77,525.0,335.0,22.0,buy,28.3,423.24,27.8,,,reportado,,,,,,5.15,17.05,,,,,,True,-4.72,,9,,56.4,Operating Income,65.3,15.5,19.0,2026-10-28,False,True,True,8,STRONG,2.54,125.8,0.94,34.5,,,,2026-10-09T06:07:40.427251,,,múltiplo propio 89x fuera del rango 8-45,,,
YUM,"Yum! Brands, Inc.",61.8,,trimestral,⭐⭐ GOOD,🟡 Good,USD,USD,False,True,True,1.0,,85.0,70.0,24.0,50.0,65.0,15.0,11.8,False,down,128.1,True,1,12.3,True,1,"{'eps_growth_yoy': 128.1, 'op_growth_yoy': 9.6, 'crecimiento_respaldado': False, 'crecimiento_puntuado': 34.6, 'positive_quarters': 4, 'earnings_accelerating': True, 'eps_accel_quarters': 1, 'profit_margin_pct': 25.4, 'score_bruto_sin_capar': 105.0, 'satura': True}","{'revenue_growth_yoy': 12.3, 'revenue_accelerating': True, 'rev_accel_quarters': 1}","{'rs_3m': -14.7, 'rs_6m': -25.2, 'rs_line_percentile': 11.8, 'rs_line_at_new_high': False, 'rs_line_trend': 'down', 'rs_line_score': 15}","{'current_ratio': 0.59, 'operating_margin_pct': 32.8}","{'days_to_earnings': 'N/A', 'recommendation': 'buy', 'analyst_upside_pct': 19.6}",143.0,39024857088,Consumer Cyclical,Restaurants,4.1,4.3,False,170.14,-16.0,1,False,-1.7,171.06,200.0,147.0,22.0,buy,19.6,173.07,21.0,152.59,6.7,normalizado,múltiplo propio,4.0,0.19,False,,4.39,6.28,,2.14,36.8,3.0,1.83,True,-1.42,,9,,5.2,Operating Income,5.3,92.1,25.0,2026-11-03,False,True,False,5,NEUTRAL,4.96,75.7,3.07,27.9,0.8,0.03,-27.1,2026-10-09T06:11:45.921306,,,,tasa fiscal efectiva -0.9% — el beneficio del periodo no es representativo,,
MSCI,MSCI Inc.,61.7,,trimestral,⭐⭐ GOOD,🟡 Good,USD,USD,False,True,True,1.0,,85.0,60.0,36.0,50.0,65.0,15.0,14.8,False,down,12.6,False,0,12.2,False,0,"{'eps_growth_yoy': 12.6, 'op_growth_yoy': 14.6, 'crecimiento_respaldado': True, 'positive_quarters': 4, 'earnings_accelerating': False, 'eps_accel_quarters': 0, 'profit_margin_pct': 40.7, 'score_bruto_sin_capar': 85.0, 'satura': False}","{'revenue_growth_yoy': 12.2, 'revenue_accelerating': False, 'rev_accel_quarters': 0}","{'rs_3m': -12.7, 'rs_6m': -9.0, 'rs_line_percentile': 14.8, 'rs_line_at_new_high': False, 'rs_line_trend': 'down', 'rs_line_score': 15}","{'current_ratio': 0.89, 'operating_margin_pct': 56.3}","{'days_to_earnings': 'N/A', 'recommendation': 'strong_buy', 'analyst_upside_pct': 22.6}",561.67,40833409024,Financial Services,Financial Data & Stock Exchanges,2.2,2.7,False,644.77,-12.9,4,False,0.5,688.41,760.0,570.0,17.0,strong_buy,22.6,401.96,-28.4,726.55,29.4,reportado,múltiplo propio,4.0,0.14,False,,3.67,20.61,,1.46,42.1,8.2,1.02,True,-5.93,,9,,7.2,Operating Income,7.2,19.6,11.0,2026-10-20,False,True,True,8,STRONG,3.68,856.0,1.84,20.8,,,,2026-10-09T06:06:52.954436,,,,,,
QSR,Restaurant Brands International Inc.,61.5,,trimestral,⭐⭐ GOOD,🟡 Good,USD,USD,False,True,True,0.7613,acciones × precio no cuadra (ratio 0.7613) pero la divisa sí: son clases múltiples. Se usan 458 M de acciones efectivas (capitalización ÷ precio) en vez de las 349 M declaradas,85.0,60.0,24.0,65.0,65.0,15.0,7.5,False,down,166.8,True,2,4.6,True,1,"{'eps_growth_yoy': 166.8, 'op_growth_yoy': 8.4, 'crecimiento_respaldado': False, 'crecimiento_puntuado': 33.4, 'positive_quarters': 4, 'earnings_accelerating': True, 'eps_accel_quarters': 2, 'profit_margin_pct': 13.1, 'score_bruto_sin_capar': 110.0, 'satura': True}","{'revenue_growth_yoy': 4.6, 'revenue_accelerating': True, 'rev_accel_quarters': 1}","{'rs_3m': -9.2, 'rs_6m': -20.3, 'rs_line_percentile': 7.5, 'rs_line_at_new_high': False, 'rs_line_trend': 'down', 'rs_line_score': 15}","{'roe_pct': 34.8, 'debt_to_equity': 2.9, 'current_ratio': 1.01, 'operating_margin_pct': 27.7}","{'days_to_earnings': 'N/A', 'recommendation': 'buy', 'analyst_upside_pct': 21.5}",70.66,32370122752,Consumer Cyclical,Restaurants,6.3,7.0,False,81.96,-13.8,4,False,-5.3,85.88,104.0,78.0,24.0,buy,21.5,49.61,-29.8,108.2,53.1,reportado,múltiplo propio,4.0,0.49,False,,3.63,2.56,26.2,3.68,63.8,2.6,3.38,False,0.66,,9,,5.2,Operating Income,5.2,151.2,20.0,2026-10-29,False,True,True,6,NEUTRAL,6.18,58.5,,22.6,,,,2026-10-09T06:15:12.087814,458110993.0,,,,,
MCD,McDonald's Corporation,61.5,,trimestral,⭐⭐ GOOD,🟡 Good,USD,USD,False,True,True,1.0,,85.0,60.0,24.0,65.0,65.0,15.0,4.7,False,down,4.8,True,1,3.8,True,1,"{'eps_growth_yoy': 4.8, 'op_growth_yoy': 1.3, 'crecimiento_respaldado': True, 'positive_quarters': 4, 'earnings_accelerating': True, 'eps_accel_quarters': 1, 'profit_margin_pct': 31.7, 'score_bruto_sin_capar': 85.0, 'satura': False}","{'revenue_growth_yoy': 3.8, 'revenue_accelerating': True, 'rev_accel_quarters': 1}","{'rs_3m': -16.0, 'rs_6m': -35.9, 'rs_line_percentile': 4.7, 'rs_line_at_new_high': False, 'rs_line_trend': 'down', 'rs_line_score': 15}","{'current_ratio': 1.08, 'operating_margin_pct': 46.5}","{'days_to_earnings': 'N/A', 'recommendation': 'buy', 'analyst_upside_pct': 24.0}",236.9,167640268800,Consumer Cyclical,Restaurants,1.9,2.8,False,341.75,-30.7,0,False,-7.3,293.76,390.0,230.0,29.0,buy,24.0,302.62,27.7,304.48,28.5,reportado,múltiplo propio,4.0,0.2,False,,4.76,11.28,,3.26,59.7,7.72,2.24,False,-0.91,,9,,7.8,Operating Income,7.9,4.0,26.0,2026-11-04,False,True,False,6,NEUTRAL,5.71,28.9,1.35,23.4,,,,2026-10-09T06:08:41.194832,,,,,,
ROP,"Roper Technologies, Inc.",60.7,,trimestral,⭐⭐ GOOD,🟡 Good,USD,USD,False,True,True,1.0,,85.0,50.0,36.0,60.0,65.0,15.0,13.6,False,down,208.9,True,2,8.5,False,0,"{'eps_growth_yoy': 208.9, 'op_growth_yoy': 6.6, 'crecimiento_respaldado': False, 'crecimiento_puntuado': 31.6, 'positive_quarters': 4, 'earnings_accelerating': True, 'eps_accel_quarters': 2, 'profit_margin_pct': 30.2, 'score_bruto_sin_capar': 115.0, 'satura': True}","{'revenue_growth_yoy': 8.5, 'revenue_accelerating': False, 'rev_accel_quarters': 0}","{'rs_3m': -2.3, 'rs_6m': -7.8, 'rs_line_percentile': 13.6, 'rs_line_at_new_high': False, 'rs_line_trend': 'down', 'rs_line_score': 15}","{'roe_pct': 13.1, 'debt_to_equity': 0.61, 'current_ratio': 0.55, 'operating_margin_pct': 27.7}","{'days_to_earnings': 'N/A', 'recommendation': 'buy', 'analyst_upside_pct': 20.6}",364.23,36022665216,Technology,Software - Application,6.1,8.1,False,520.85,-30.1,1,False,-6.2,439.43,550.0,335.0,14.0,buy,20.6,461.86,26.8,800.66,119.8,reportado,múltiplo propio,4.0,0.95,False,,7.12,25.93,,1.0,14.5,3.64,0.59,True,-7.2,,9,,5.9,Operating Income,8.6,163.1,13.0,2026-10-22,False,True,True,6,NEUTRAL,4.82,1424.7,,25.6,,,,2026-10-09T06:05:42.700046,,,,,,
LIN,Linde plc,60.5,,trimestral,⭐⭐ GOOD,🟡 Good,USD,USD,False,True,True,1.0,,75.0,60.0,36.0,65.0,60.0,15.0,23.9,False,down,9.2,False,0,9.3,True,1,"{'eps_growth_yoy': 9.2, 'op_growth_yoy': 8.5, 'crecimiento_respaldado': True, 'positive_quarters': 4, 'earnings_accelerating': False, 'eps_accel_quarters': 0, 'profit_margin_pct': 20.4, 'score_bruto_sin_capar': 75.0, 'satura': False}","{'revenue_growth_yoy': 9.3, 'revenue_accelerating': True, 'rev_accel_quarters': 1}","{'rs_3m': -11.3, 'rs_6m': -18.1, 'rs_line_percentile': 23.9, 'rs_line_at_new_high': False, 'rs_line_trend': 'down', 'rs_line_score': 15}","{'roe_pct': 18.4, 'debt_to_equity': 0.69, 'current_ratio': 0.88, 'operating_margin_pct': 28.1}","{'days_to_earnings': 'N/A', 'recommendation': 'buy', 'analyst_upside_pct': 12.7}",481.7,222054154240,Basic Materials,Specialty Chemicals,1.3,3.0,False,548.2,-12.1,4,False,0.8,543.04,580.0,400.0,26.0,buy,12.7,,,476.51,-1.1,reportado,múltiplo propio,4.0,0.29,False,,2.35,11.32,,1.33,40.0,6.4,1.29,True,-1.91,,9,,20.9,Operating Income,21.3,11.3,20.0,2026-10-29,False,True,True,5,NEUTRAL,3.73,31.5,1.17,14.9,,,,2026-10-09T06:05:38.898250,,"el capex se lleva el 50% del flujo operativo: lo que queda no es lo que gana el dueño, es lo que sobra tras decidir invertir",,,,
SGSOY,SGS SA,60.5,,anual,⭐⭐ GOOD,🟡 Good,USD,CHF,True,True,True,1.0,"FCF declarado (909,963,372) se aparta del derivado de flujo operativo menos capex (1,237,153,136)",95.0,50.0,36.0,45.0,55.0,15.0,7.8,False,down,15.0,True,2,2.2,False,0,"{'eps_growth_yoy': 15.0, 'op_growth_yoy': 5.5, 'crecimiento_respaldado': True, 'positive_quarters': 4, 'earnings_accelerating': True, 'eps_accel_quarters': 2, 'profit_margin_pct': 9.2, 'score_bruto_sin_capar': 95.0, 'satura': False}","{'revenue_growth_yoy': 2.2, 'revenue_accelerating': False, 'rev_accel_quarters': 0}","{'rs_3m': -6.1, 'rs_6m': -7.8, 'rs_line_percentile': 7.8, 'rs_line_at_new_high': False, 'rs_line_trend': 'down', 'rs_line_score': 15}","{'roe_pct': 76.3, 'debt_to_equity': 4.64, 'current_ratio': 0.95, 'operating_margin_pct': 13.1}","{'days_to_earnings': 'N/A', 'recommendation': 'none', 'analyst_upside_pct': 23.5}",11.34,22428837888,Industrials,Consulting Services,,,False,12.76,-11.1,4,False,-1.3,14.0,14.0,14.0,1.0,none,23.5,15.44,36.2,12.1,6.7,reportado,múltiplo propio,4.0,0.19,False,,5.52,0.63,,3.59,95.6,0.41,3.55,,,,9,,,,,-1.8,,,False,False,False,5,NEUTRAL,3.65,37.7,4.32,12.7,,,,2026-10-09T06:12:33.318388,,,,,,
STZ,"Constellation Brands, Inc.",60.3,,trimestral,⭐⭐ GOOD,🟡 Good,USD,USD,False,True,True,0.9998,,100.0,40.0,24.0,60.0,65.0,15.0,14.0,False,down,26.7,True,1,-3.3,True,1,"{'eps_growth_yoy': 26.7, 'op_growth_yoy': 12.8, 'crecimiento_respaldado': True, 'positive_quarters': 4, 'earnings_accelerating': True, 'eps_accel_quarters': 1, 'profit_margin_pct': 20.9, 'score_bruto_sin_capar': 105.0, 'satura': True}","{'revenue_growth_yoy': -3.3, 'revenue_accelerating': True, 'rev_accel_quarters': 1}","{'rs_3m': -10.9, 'rs_6m': -39.0, 'rs_line_percentile': 14.0, 'rs_line_at_new_high': False, 'rs_line_trend': 'down', 'rs_line_score': 15}","{'roe_pct': 24.0, 'debt_to_equity': 1.16, 'current_ratio': 1.0, 'operating_margin_pct': 32.5}","{'days_to_earnings': 'N/A', 'recommendation': 'buy', 'analyst_upside_pct': 24.5}",123.63,21113337856,Consumer Defensive,Beverages - Brewers,5.7,4.0,False,168.6,-26.7,0,False,-1.9,153.91,209.0,99.0,23.0,buy,24.5,183.07,48.1,,,reportado,,,,,,8.45,10.45,,3.33,39.0,4.12,1.65,True,-3.14,,9,,8.5,Operating Income,8.2,17.7,90.0,2027-01-07,False,True,False,6,NEUTRAL,9.33,30.7,0.4,26.2,0.4,0.01,-25.8,2026-10-09T06:14:44.715096,,,sin histórico de múltiplo (beneficio negativo o pocos años),,,
CB,Chubb Limited,60.0,,trimestral,⭐⭐ GOOD,🟡 Good,USD,USD,False,True,True,1.0,,60.0,70.0,44.0,65.0,60.0,35.0,38.6,False,down,-3.8,True,1,7.2,True,2,"{'eps_growth_yoy': -3.8, 'op_growth_yoy': -1.9, 'crecimiento_respaldado': True, 'positive_quarters': 4, 'earnings_accelerating': True, 'eps_accel_quarters': 1, 'profit_margin_pct': 18.1, 'score_bruto_sin_capar': 60.0, 'satura': False}","{'revenue_growth_yoy': 7.2, 'revenue_accelerating': True, 'rev_accel_quarters': 2}","{'rs_3m': -6.4, 'rs_6m': -9.0, 'rs_line_percentile': 38.6, 'rs_line_at_new_high': False, 'rs_line_trend': 'down', 'rs_line_score': 35}","{'roe_pct': 14.8, 'debt_to_equity': 0.31, 'current_ratio': 0.41, 'operating_margin_pct': 23.5}","{'days_to_earnings': 'N/A', 'recommendation': 'buy', 'analyst_upside_pct': 6.6}",343.78,132630282240,Financial Services,Insurance - Property & Casualty,0.9,2.3,False,365.91,-6.0,6,False,1.1,366.61,425.0,307.0,23.0,buy,6.6,,,340.59,-0.9,reportado,múltiplo propio,4.0,0.58,False,,7.91,27.19,,1.22,13.9,4.08,1.4,True,-3.11,,7,,18.9,EBIT,18.9,-0.5,11.0,2026-10-20,False,True,True,6,NEUTRAL,9.11,,0.43,15.6,0.4,0.03,-15.2,2026-10-09T06:10:14.655767,,"Insurance - Property & Casualty: el flujo operativo son depósitos, préstamos o primas, no caja libre para el accionista",,,,
DPZ,"Domino's Pizza, Inc.",60.0,,trimestral,⭐⭐ GOOD,🟡 Good,USD,USD,False,True,True,1.0,,80.0,60.0,24.0,65.0,65.0,15.0,7.4,False,down,3.6,True,1,4.3,True,1,"{'eps_growth_yoy': 3.6, 'op_growth_yoy': 3.1, 'crecimiento_respaldado': True, 'positive_quarters': 4, 'earnings_accelerating': True, 'eps_accel_quarters': 1, 'profit_margin_pct': 11.9, 'score_bruto_sin_capar': 80.0, 'satura': False}","{'revenue_growth_yoy': 4.3, 'revenue_accelerating': True, 'rev_accel_quarters': 1}","{'rs_3m': -3.3, 'rs_6m': -29.1, 'rs_line_percentile': 7.4, 'rs_line_at_new_high': False, 'rs_line_trend': 'down', 'rs_line_score': 15}","{'current_ratio': 1.54, 'operating_margin_pct': 19.1}","{'days_to_earnings': 'N/A', 'recommendation': 'buy', 'analyst_upside_pct': 21.0}",308.65,10210677760,Consumer Cyclical,Restaurants,11.2,4.0,True,442.35,-30.2,0,False,-5.4,373.44,450.0,260.0,27.0,buy,21.0,399.02,29.3,444.05,43.9,reportado,múltiplo propio,4.0,0.14,False,,6.44,19.88,,2.58,42.3,7.96,1.26,True,-3.15,,9,,4.9,Operating Income,4.9,4.8,4.0,2026-10-13,True,True,False,8,STRONG,6.34,106.0,1.24,29.0,0.4,0.01,-28.6,2026-10-09T06:14:52.364879,,,,,,
HLT,Hilton Worldwide Holdings Inc.,59.8,,trimestral,⭐ AVERAGE,🟡 Average,USD,USD,False,True,True,1.0,,75.0,60.0,44.0,50.0,60.0,35.0,35.6,False,down,9.5,False,0,6.5,True,1,"{'eps_growth_yoy': 9.5, 'op_growth_yoy': 10.3, 'crecimiento_respaldado': True, 'positive_quarters': 4, 'earnings_accelerating': False, 'eps_accel_quarters': 0, 'profit_margin_pct': 31.0, 'score_bruto_sin_capar': 75.0, 'satura': False}","{'revenue_growth_yoy': 6.5, 'revenue_accelerating': True, 'rev_accel_quarters': 1}","{'rs_3m': -3.3, 'rs_6m': -14.4, 'rs_line_percentile': 35.6, 'rs_line_at_new_high': False, 'rs_line_trend': 'down', 'rs_line_score': 35}","{'current_ratio': 0.65, 'operating_margin_pct': 63.0}","{'days_to_earnings': 'N/A', 'recommendation': 'buy', 'analyst_upside_pct': 9.2}",323.29,72761237504,Consumer Cyclical,Lodging,2.7,3.1,False,358.0,-9.7,5,False,1.9,353.0,394.0,270.0,26.0,buy,9.2,179.49,-44.5,279.51,-13.5,reportado,múltiplo propio,4.0,0.47,False,,2.64,8.53,,0.19,8.8,0.6,0.24,True,-4.18,,9,,4.4,Operating Income,4.3,14.1,18.0,2026-10-27,False,True,True,6,NEUTRAL,3.16,213.6,2.93,17.4,0.8,0.04,-16.6,2026-10-09T06:13:25.082858,,,,,,
CRH,CRH plc,59.6,,trimestral,⭐ AVERAGE,🟡 Average,USD,USD,False,True,True,1.0,,78.0,60.0,15.0,75.0,70.0,15.0,1.2,False,down,12.6,True,1,5.6,True,1,"{'eps_growth_yoy': 12.6, 'op_growth_yoy': 6.3, 'crecimiento_respaldado': True, 'positive_quarters': 3, 'earnings_accelerating': True, 'eps_accel_quarters': 1, 'profit_margin_pct': 9.9, 'score_bruto_sin_capar': 78.0, 'satura': False}","{'revenue_growth_yoy': 5.6, 'revenue_accelerating': True, 'rev_accel_quarters': 1}","{'rs_3m': -23.5, 'rs_6m': -44.5, 'rs_line_percentile': 1.2, 'rs_line_at_new_high': False, 'rs_line_trend': 'down', 'rs_line_score': 15}","{'roe_pct': 15.8, 'debt_to_equity': 0.78, 'current_ratio': 1.58, 'operating_margin_pct': 19.0}","{'days_to_earnings': 'N/A', 'recommendation': 'strong_buy', 'analyst_upside_pct': 58.3}",81.88,54473490432,Basic Materials,Building Materials,2.0,2.7,False,131.55,-37.8,0,False,-10.2,129.63,165.0,96.0,24.0,strong_buy,58.3,,,94.92,15.9,reportado,múltiplo propio,4.0,0.9,False,,4.97,4.07,,1.91,26.9,1.56,1.95,True,-1.31,,9,,6.4,Operating Income,7.0,13.9,20.0,2026-10-29,False,True,True,6,NEUTRAL,7.34,16.2,4.34,22.4,,,,2026-10-09T06:13:13.903279,,"el capex se lleva el 50% del flujo operativo: lo que queda no es lo que gana el dueño, es lo que sobra tras decidir invertir",,,,
ATO,Atmos Energy Corporation,59.5,,trimestral,⭐ AVERAGE,🟡 Average,USD,USD,False,True,True,1.0,"FCF declarado (-2,020,303,000) se aparta del derivado de flujo operativo menos capex (-1,541,808,984)",95.0,50.0,24.0,55.0,55.0,15.0,4.7,False,down,30.2,False,0,4.8,False,0,"{'eps_growth_yoy': 30.2, 'op_growth_yoy': 27.1, 'crecimiento_respaldado': True, 'positive_quarters': 4, 'earnings_accelerating': False, 'eps_accel_quarters': 0, 'profit_margin_pct': 28.5, 'score_bruto_sin_capar': 95.0, 'satura': False}","{'revenue_growth_yoy': 4.8, 'revenue_accelerating': False, 'rev_accel_quarters': 0}","{'rs_3m': -13.5, 'rs_6m': -29.1, 'rs_line_percentile': 4.7, 'rs_line_at_new_high': False, 'rs_line_trend': 'down', 'rs_line_score': 15}","{'roe_pct': 9.8, 'debt_to_equity': 0.68, 'current_ratio': 0.81, 'operating_margin_pct': 37.2}","{'days_to_earnings': 'N/A', 'recommendation': 'hold', 'analyst_upside_pct': 15.2}",160.66,27149703168,Utilities,Utilities - Regulated Gas,2.9,4.8,False,192.51,-16.5,2,False,-2.5,185.0,206.0,167.0,11.0,hold,15.2,,,150.48,-6.3,reportado,múltiplo propio,4.0,0.35,False,,-5.68,-9.13,,2.51,46.1,4.0,2.36,False,,,9,,12.8,Operating Income,13.3,9.3,26.0,2026-11-04,False,True,False,6,NEUTRAL,4.25,6.1,1.78,11.2,,,,2026-10-09T06:12:06.241467,,"el capex se lleva el 176% del flujo operativo: lo que queda no es lo que gana el dueño, es lo que sobra tras decidir invertir",,,,
WM,"Waste Management, Inc.",59.5,,trimestral,⭐ AVERAGE,🟡 Average,USD,USD,False,True,True,1.0,,80.0,70.0,24.0,45.0,65.0,15.0,7.2,False,down,8.1,True,1,4.0,True,2,"{'eps_growth_yoy': 8.1, 'op_growth_yoy': 6.9, 'crecimiento_respaldado': True, 'positive_quarters': 4, 'earnings_accelerating': True, 'eps_accel_quarters': 1, 'profit_margin_pct': 11.1, 'score_bruto_sin_capar': 80.0, 'satura': False}","{'revenue_growth_yoy': 4.0, 'revenue_accelerating': True, 'rev_accel_quarters': 2}","{'rs_3m': -14.4, 'rs_6m': -22.1, 'rs_line_percentile': 7.2, 'rs_line_at_new_high': False, 'rs_line_trend': 'down', 'rs_line_score': 15}","{'roe_pct': 29.8, 'debt_to_equity': 2.35, 'current_ratio': 0.91, 'operating_margin_pct': 19.0}","{'days_to_earnings': 'N/A', 'recommendation': 'buy', 'analyst_upside_pct': 22.6}",210.1,83980165120,Industrials,Waste Management,1.5,2.7,False,248.13,-15.3,1,False,-3.1,257.56,277.0,220.0,25.0,buy,22.6,233.46,11.1,208.9,-0.6,reportado,múltiplo propio,4.0,0.17,False,,3.92,8.24,,1.81,50.1,3.78,1.49,False,-0.47,,9,,5.2,Operating Income,5.0,8.3,18.0,2026-10-27,False,True,True,8,STRONG,4.33,22.6,3.08,15.8,,,,2026-10-09T06:05:27.156981,,,,,,
CP,Canadian Pacific Kansas City Limited,59.0,,trimestral,⭐ AVERAGE,🟡 Average,USD,CAD,True,True,True,1.0,,65.0,70.0,36.0,55.0,65.0,15.0,24.7,False,down,-17.0,True,1,12.6,True,1,"{'eps_growth_yoy': -17.0, 'op_growth_yoy': 9.6, 'crecimiento_respaldado': True, 'positive_quarters': 4, 'earnings_accelerating': True, 'eps_accel_quarters': 1, 'profit_margin_pct': 25.0, 'score_bruto_sin_capar': 65.0, 'satura': False}","{'revenue_growth_yoy': 12.6, 'revenue_accelerating': True, 'rev_accel_quarters': 1}","{'rs_3m': -11.0, 'rs_6m': -9.5, 'rs_line_percentile': 24.7, 'rs_line_at_new_high': False, 'rs_line_trend': 'down', 'rs_line_score': 15}","{'roe_pct': 8.2, 'debt_to_equity': 0.53, 'current_ratio': 0.59, 'operating_margin_pct': 39.0}","{'days_to_earnings': 'N/A', 'recommendation': 'buy', 'analyst_upside_pct': 16.0}",84.35,74150330368,Industrials,Railroads,2.3,10.5,False,96.9,-13.0,4,False,-6.1,97.83,105.04,74.02,13.0,buy,16.0,,,56.6,-32.9,reportado,múltiplo propio,4.0,0.17,False,,2.24,1.89,,0.89,22.1,0.75,0.75,True,-4.08,,9,,6.2,Operating Income,6.6,-13.5,19.0,2026-10-28,False,True,True,7,NEUTRAL,5.65,10.4,3.24,17.0,0.8,0.05,-16.2,2026-10-09T06:11:14.561419,,"el capex se lleva el 57% del flujo operativo: lo que queda no es lo que gana el dueño, es lo que sobra tras decidir invertir",,,,
CPRT,"Copart, Inc.",59.0,,trimestral,⭐ AVERAGE,🟡 Average,USD,USD,False,True,True,1.0,"FCF declarado (1,339,233,000) se aparta del derivado de flujo operativo menos capex (1,035,502,032)",65.0,60.0,24.0,85.0,70.0,15.0,3.6,False,down,-1.0,True,1,2.1,True,1,"{'eps_growth_yoy': -1.0, 'op_growth_yoy': 2.8, 'crecimiento_respaldado': True, 'positive_quarters': 4, 'earnings_accelerating': True, 'eps_accel_quarters': 1, 'profit_margin_pct': 31.8, 'score_bruto_sin_capar': 65.0, 'satura': False}","{'revenue_growth_yoy': 2.1, 'revenue_accelerating': True, 'rev_accel_quarters': 1}","{'rs_3m': -3.5, 'rs_6m': -30.6, 'rs_line_percentile': 3.6, 'rs_line_at_new_high': False, 'rs_line_trend': 'down', 'rs_line_score': 15}","{'roe_pct': 16.2, 'debt_to_equity': 0.01, 'current_ratio': 7.91, 'operating_margin_pct': 32.0}","{'days_to_earnings': 'N/A', 'recommendation': 'buy', 'analyst_upside_pct': 41.9}",27.48,25455560704,Industrials,Specialty Business Services,4.6,3.3,False,45.89,-40.1,0,False,-9.2,39.0,55.0,25.0,10.0,buy,41.9,24.02,-12.6,48.87,77.8,reportado,múltiplo propio,4.0,0.29,False,,4.07,1.12,,,,,,True,-4.67,,9,,,,,-10.5,41.0,2026-11-19,False,True,False,6,NEUTRAL,8.37,19.3,1.31,36.6,,,,2026-10-09T06:06:06.952780,,,,,,
POOL,Pool Corporation,59.0,,trimestral,⭐ AVERAGE,🟡 Average,USD,USD,False,True,True,1.0,,65.0,70.0,15.0,80.0,70.0,15.0,2.4,False,down,-3.2,True,2,2.2,True,2,"{'eps_growth_yoy': -3.2, 'op_growth_yoy': -1.8, 'crecimiento_respaldado': True, 'positive_quarters': 4, 'earnings_accelerating': True, 'eps_accel_quarters': 2, 'profit_margin_pct': 7.4, 'score_bruto_sin_capar': 65.0, 'satura': False}","{'revenue_growth_yoy': 2.2, 'revenue_accelerating': True, 'rev_accel_quarters': 2}","{'rs_3m': -28.1, 'rs_6m': -39.9, 'rs_line_percentile': 2.4, 'rs_line_at_new_high': False, 'rs_line_trend': 'down', 'rs_line_score': 15}","{'roe_pct': 31.3, 'debt_to_equity': 1.35, 'current_ratio': 2.67, 'operating_margin_pct': 15.1}","{'days_to_earnings': 'N/A', 'recommendation': 'buy', 'analyst_upside_pct': 37.2}",158.14,5746926080,Industrials,Industrial Distribution,10.8,5.1,True,305.63,-48.3,0,False,-12.1,217.0,260.0,185.0,12.0,buy,37.2,116.18,-26.5,266.1,68.3,reportado,múltiplo propio,4.0,0.57,False,,5.4,8.54,,3.29,46.4,5.2,1.19,True,-3.41,,9,,12.4,Operating Income,12.4,,13.0,2026-10-22,False,True,True,5,NEUTRAL,7.99,34.5,,22.0,0.8,0.04,-21.2,2026-10-09T06:14:40.756808,,,,,,
SBGSY,Schneider Electric S.E.,59.0,,anual,⭐ AVERAGE,🟡 Average,USD,EUR,True,True,True,1.0,,70.0,50.0,36.0,75.0,70.0,15.0,10.1,False,down,1.4,False,0,5.2,False,0,"{'eps_growth_yoy': 1.4, 'op_growth_yoy': 6.7, 'crecimiento_respaldado': True, 'positive_quarters': 4, 'earnings_accelerating': False, 'eps_accel_quarters': 0, 'profit_margin_pct': 11.3, 'score_bruto_sin_capar': 70.0, 'satura': False}","{'revenue_growth_yoy': 5.2, 'revenue_accelerating': False, 'rev_accel_quarters': 0}","{'rs_3m': -7.0, 'rs_6m': -17.1, 'rs_line_percentile': 10.1, 'rs_line_at_new_high': False, 'rs_line_trend': 'down', 'rs_line_score': 15}","{'roe_pct': 18.6, 'debt_to_equity': 0.84, 'current_ratio': 1.09, 'operating_margin_pct': 18.2}","{'days_to_earnings': 'N/A', 'recommendation': 'strong_buy', 'analyst_upside_pct': 36.6}",58.41,164512120832,Industrials,Specialty Industrial Machinery,,,False,71.98,-18.9,4,False,-12.9,79.8,84.0,77.0,3.0,strong_buy,36.6,41.71,-28.6,56.94,-2.5,reportado,múltiplo propio,4.0,0.52,False,,3.89,2.27,,1.68,50.6,0.98,1.73,,,,9,,,,,29.3,139.0,2027-02-25,False,True,False,6,NEUTRAL,3.96,77.8,3.27,52.9,,,,2026-10-09T06:10:06.955265,,,,,,
DVA,DaVita Inc.,58.2,,trimestral,⭐ AVERAGE,🟡 Average,USD,USD,False,True,True,1.0,,75.0,50.0,38.6,60.0,65.0,35.0,42.9,False,down,21.2,False,0,6.0,False,0,"{'eps_growth_yoy': 21.2, 'op_growth_yoy': 9.3, 'crecimiento_respaldado': True, 'positive_quarters': 4, 'earnings_accelerating': False, 'eps_accel_quarters': 0, 'profit_margin_pct': 6.0, 'score_bruto_sin_capar': 75.0, 'satura': False}","{'revenue_growth_yoy': 6.0, 'revenue_accelerating': False, 'rev_accel_quarters': 0}","{'rs_3m': -28.4, 'rs_6m': 3.5, 'rs_line_percentile': 42.9, 'rs_line_at_new_high': False, 'rs_line_trend': 'down', 'rs_line_score': 35}","{'roe_pct': 88.5, 'debt_to_equity': 12.42, 'current_ratio': 1.47, 'operating_margin_pct': 16.1}","{'days_to_earnings': 'N/A', 'recommendation': 'buy', 'analyst_upside_pct': 24.2}",177.02,11362028544,Healthcare,Medical Care Facilities,13.2,7.2,True,247.49,-28.5,3,False,-4.1,219.86,270.0,165.0,7.0,buy,24.2,481.99,172.3,158.11,-10.7,reportado,múltiplo propio,4.0,0.19,False,,10.99,19.45,22.8,,,,,True,-14.57,,9,,3.5,Operating Income,3.4,39.1,19.0,2026-10-28,False,True,True,6,NEUTRAL,7.78,32.8,0.54,33.8,,,,2026-10-09T06:14:13.280624,,,,,,
MRSH,"Marsh & McLennan Companies, Inc.",58.2,,trimestral,⭐ AVERAGE,🟡 Average,USD,USD,False,True,True,1.0,,70.0,50.0,36.0,80.0,55.0,15.0,19.8,False,down,4.5,False,0,6.2,False,0,"{'eps_growth_yoy': 4.5, 'op_growth_yoy': 3.8, 'crecimiento_respaldado': True, 'positive_quarters': 4, 'earnings_accelerating': False, 'eps_accel_quarters': 0, 'profit_margin_pct': 14.2, 'score_bruto_sin_capar': 70.0, 'satura': False}","{'revenue_growth_yoy': 6.2, 'revenue_accelerating': False, 'rev_accel_quarters': 0}","{'rs_3m': -5.1, 'rs_6m': -8.2, 'rs_line_percentile': 19.8, 'rs_line_at_new_high': False, 'rs_line_trend': 'down', 'rs_line_score': 15}","{'roe_pct': 25.9, 'debt_to_equity': 1.45, 'current_ratio': 1.14, 'operating_margin_pct': 26.3}","{'days_to_earnings': 'N/A', 'recommendation': 'hold', 'analyst_upside_pct': 15.7}",176.67,84308910080,Financial Services,Insurance Brokers,1.2,2.8,False,207.83,-15.0,3,False,-2.8,204.38,238.0,179.0,21.0,hold,15.7,,,199.96,13.2,reportado,múltiplo propio,4.0,0.17,False,,5.68,10.03,,2.24,44.0,3.96,1.45,True,-2.63,,9,,6.3,Operating Income,6.6,2.9,6.0,2026-10-15,True,True,False,6,NEUTRAL,5.99,140.5,1.32,17.0,,,,2026-10-09T06:06:10.669363,,"Insurance Brokers: el flujo operativo son depósitos, préstamos o primas, no caja libre para el accionista",,,,
KVUE,Kenvue Inc.,57.8,,trimestral,⭐ AVERAGE,🟡 Average,USD,USD,False,True,True,1.0,,70.0,50.0,44.0,70.0,50.0,35.0,42.1,False,down,8.6,False,0,3.0,False,0,"{'eps_growth_yoy': 8.6, 'op_growth_yoy': 0.8, 'crecimiento_respaldado': True, 'positive_quarters': 4, 'earnings_accelerating': False, 'eps_accel_quarters': 0, 'profit_margin_pct': 10.8, 'score_bruto_sin_capar': 70.0, 'satura': False}","{'revenue_growth_yoy': 3.0, 'revenue_accelerating': False, 'rev_accel_quarters': 0}","{'rs_3m': -9.2, 'rs_6m': -8.7, 'rs_line_percentile': 42.1, 'rs_line_at_new_high': False, 'rs_line_trend': 'down', 'rs_line_score': 35}","{'roe_pct': 15.6, 'debt_to_equity': 0.82, 'current_ratio': 1.0, 'operating_margin_pct': 19.4}","{'days_to_earnings': 'N/A', 'recommendation': 'none', 'analyst_upside_pct': 10.0}",17.73,34055313408,Consumer Defensive,Household & Personal Products,3.5,2.1,False,20.13,-11.9,5,False,-3.0,19.5,23.0,18.0,12.0,none,10.0,17.92,1.1,18.54,4.6,reportado,múltiplo propio,3.0,0.72,True,,5.43,0.96,,4.74,96.5,0.84,,False,-0.26,,9,,6.9,Operating Income,6.2,4.2,27.0,2026-11-05,False,True,False,7,NEUTRAL,6.59,122.7,,14.6,,,,2026-10-09T06:15:27.804408,,,,,,
OTIS,Otis Worldwide Corporation,57.5,,trimestral,⭐ AVERAGE,🟡 Average,USD,USD,False,True,True,1.0,,80.0,60.0,24.0,45.0,70.0,15.0,4.1,False,down,8.9,True,1,7.3,True,1,"{'eps_growth_yoy': 8.9, 'op_growth_yoy': 5.1, 'crecimiento_respaldado': True, 'positive_quarters': 4, 'earnings_accelerating': True, 'eps_accel_quarters': 1, 'profit_margin_pct': 10.2, 'score_bruto_sin_capar': 80.0, 'satura': False}","{'revenue_growth_yoy': 7.3, 'revenue_accelerating': True, 'rev_accel_quarters': 1}","{'rs_3m': -13.0, 'rs_6m': -30.8, 'rs_line_percentile': 4.1, 'rs_line_at_new_high': False, 'rs_line_trend': 'down', 'rs_line_score': 15}","{'current_ratio': 0.83, 'operating_margin_pct': 15.1}","{'days_to_earnings': 'N/A', 'recommendation': 'buy', 'analyst_upside_pct': 30.9}",66.11,25166051328,Industrials,Specialty Industrial Machinery,4.8,4.5,False,94.565,-30.1,0,False,-5.2,86.54,105.0,73.0,13.0,buy,30.9,96.26,45.6,95.82,44.9,reportado,múltiplo propio,4.0,0.13,False,,6.83,4.52,,2.66,43.7,1.76,1.52,True,-3.11,,9,,,,,9.1,19.0,2026-10-28,False,True,True,6,NEUTRAL,6.65,171.1,2.53,25.6,,,,2026-10-09T06:09:22.700301,,,,,,
PEP,"PepsiCo, Inc.",57.5,,trimestral,⭐ AVERAGE,🟡 Average,USD,USD,False,True,True,1.0,,85.0,60.0,24.0,45.0,55.0,15.0,7.8,False,down,136.0,True,1,6.4,True,1,"{'eps_growth_yoy': 136.0, 'op_growth_yoy': 10.2, 'crecimiento_respaldado': False, 'crecimiento_puntuado': 35.2, 'positive_quarters': 4, 'earnings_accelerating': True, 'eps_accel_quarters': 1, 'profit_margin_pct': 10.8, 'score_bruto_sin_capar': 100.0, 'satura': False}","{'revenue_growth_yoy': 6.4, 'revenue_accelerating': True, 'rev_accel_quarters': 1}","{'rs_3m': -9.9, 'rs_6m': -31.0, 'rs_line_percentile': 7.8, 'rs_line_at_new_high': False, 'rs_line_trend': 'down', 'rs_line_score': 15}","{'roe_pct': 51.5, 'debt_to_equity': 2.39, 'current_ratio': 0.93, 'operating_margin_pct': 16.8}","{'days_to_earnings': 'N/A', 'recommendation': 'hold', 'analyst_upside_pct': 15.8}",128.34,175312437248,Consumer Defensive,Beverages - Non-Alcoholic,2.1,3.5,False,171.48,-25.2,0,False,-5.0,148.64,180.0,124.0,22.0,hold,15.8,149.42,16.4,184.36,43.6,reportado,múltiplo propio,4.0,0.18,False,,5.16,6.62,,4.78,75.3,5.92,3.03,False,-0.29,,9,,12.9,Operating Income,12.7,54.8,,,False,False,False,5,NEUTRAL,6.38,40.1,,20.2,,,,2026-10-09T06:10:58.362508,,,,,,
RELX,RELX PLC,57.2,,anual,⭐ AVERAGE,🟡 Average,USD,GBP,True,True,True,1.0,,75.0,50.0,38.7,50.0,70.0,15.0,21.0,False,down,6.8,False,0,1.7,False,0,"{'eps_growth_yoy': 6.8, 'op_growth_yoy': 5.9, 'crecimiento_respaldado': True, 'positive_quarters': 4, 'earnings_accelerating': False, 'eps_accel_quarters': 0, 'profit_margin_pct': 23.3, 'score_bruto_sin_capar': 75.0, 'satura': False}","{'revenue_growth_yoy': 1.7, 'revenue_accelerating': False, 'rev_accel_quarters': 0}","{'rs_3m': 2.7, 'rs_6m': -5.7, 'rs_line_percentile': 21.0, 'rs_line_at_new_high': False, 'rs_line_trend': 'down', 'rs_line_score': 15}","{'roe_pct': 131.9, 'debt_to_equity': 7.1, 'current_ratio': 0.45, 'operating_margin_pct': 32.0}","{'days_to_earnings': 'N/A', 'recommendation': 'strong_buy', 'analyst_upside_pct': 51.4}",35.24,61234360320,Industrials,Specialty Business Services,0.4,3.2,False,47.22,-25.4,3,False,1.3,53.35,57.0,49.7,2.0,strong_buy,51.4,46.87,33.0,62.61,77.7,reportado,múltiplo propio,4.0,0.32,False,,5.09,1.79,,2.59,53.6,0.91,1.97,,,,9,,,,,12.2,125.0,2027-02-11,False,True,False,7,NEUTRAL,1.19,1876.1,1.64,30.4,,,,2026-10-09T06:05:15.765092,,,,,,
INTU,Intuit Inc.,56.6,,trimestral,⭐ AVERAGE,🟡 Average,USD,USD,False,True,True,1.0,,55.0,60.0,26.7,85.0,70.0,15.0,7.4,False,down,-4.7,False,0,13.7,False,0,"{'eps_growth_yoy': -4.7, 'op_growth_yoy': 125.9, 'crecimiento_respaldado': True, 'positive_quarters': 4, 'earnings_accelerating': False, 'eps_accel_quarters': 0, 'profit_margin_pct': 21.3, 'score_bruto_sin_capar': 55.0, 'satura': False}","{'revenue_growth_yoy': 13.7, 'revenue_accelerating': False, 'rev_accel_quarters': 0}","{'rs_3m': 1.8, 'rs_6m': -27.1, 'rs_line_percentile': 7.4, 'rs_line_at_new_high': False, 'rs_line_trend': 'down', 'rs_line_score': 15}","{'roe_pct': 23.6, 'debt_to_equity': 0.44, 'current_ratio': 1.51, 'operating_margin_pct': 17.6}","{'days_to_earnings': 'N/A', 'recommendation': 'buy', 'analyst_upside_pct': 33.5}",303.88,81207681024,Technology,Software - Application,3.0,1.8,False,689.17,-55.9,0,False,-5.2,405.6,732.0,290.0,31.0,buy,33.5,793.93,161.3,,,reportado,,,,,,10.61,32.24,,1.82,29.2,5.52,0.64,True,-3.55,,9,,24.1,Operating Income,24.5,-1.0,41.0,2026-11-19,False,True,False,8,STRONG,7.66,91.1,0.45,42.0,0.4,0.01,-41.6,2026-10-09T06:07:01.462341,,,múltiplo propio 58x fuera del rango 8-45,,,
IT,"Gartner, Inc.",56.2,,trimestral,⭐ AVERAGE,🟡 Average,USD,USD,False,True,True,1.0,,70.0,30.0,65.0,65.0,50.0,35.0,37.9,False,up,5.4,False,0,-1.5,False,0,"{'eps_growth_yoy': 5.4, 'op_growth_yoy': 11.5, 'crecimiento_respaldado': True, 'positive_quarters': 4, 'earnings_accelerating': False, 'eps_accel_quarters': 0, 'profit_margin_pct': 12.0, 'score_bruto_sin_capar': 70.0, 'satura': False}","{'revenue_growth_yoy': -1.5, 'revenue_accelerating': False, 'rev_accel_quarters': 0}","{'rs_3m': 34.7, 'rs_6m': 21.5, 'rs_line_percentile': 37.9, 'rs_line_at_new_high': False, 'rs_line_trend': 'up', 'rs_line_score': 35}","{'roe_pct': 113.6, 'current_ratio': 0.88, 'operating_margin_pct': 22.6}","{'days_to_earnings': 'N/A', 'recommendation': 'hold', 'analyst_upside_pct': -4.8}",195.41,12339941376,Technology,Information Technology Services,18.6,7.0,True,261.1,-25.2,4,False,5.5,186.08,229.0,150.0,13.0,hold,-4.8,358.83,83.6,353.95,81.1,reportado,múltiplo propio,4.0,0.46,False,,10.27,20.07,,,,,,True,-13.93,,9,,9.1,Operating Income,8.5,13.2,25.0,2026-11-03,False,True,False,6,NEUTRAL,8.66,274.6,,52.0,,,,2026-10-09T06:09:58.610964,,,,,,
AJG,Arthur J. Gallagher & Co.,56.0,,trimestral,⭐ AVERAGE,🟡 Average,USD,USD,False,True,True,1.0,,50.0,70.0,36.0,65.0,65.0,15.0,21.7,False,down,-12.0,False,0,24.2,False,0,"{'eps_growth_yoy': -12.0, 'op_growth_yoy': -6.1, 'crecimiento_respaldado': True, 'positive_quarters': 4, 'earnings_accelerating': False, 'eps_accel_quarters': 0, 'profit_margin_pct': 10.4, 'score_bruto_sin_capar': 50.0, 'satura': False}","{'revenue_growth_yoy': 24.2, 'revenue_accelerating': False, 'rev_accel_quarters': 0}","{'rs_3m': -13.7, 'rs_6m': -4.2, 'rs_line_percentile': 21.7, 'rs_line_at_new_high': False, 'rs_line_trend': 'down', 'rs_line_score': 15}","{'roe_pct': 6.7, 'debt_to_equity': 0.59, 'current_ratio': 1.05, 'operating_margin_pct': 19.2}","{'days_to_earnings': 'N/A', 'recommendation': 'buy', 'analyst_upside_pct': 21.7}",234.05,59996610560,Financial Services,Insurance Brokers,2.5,4.7,False,305.74,-23.4,3,False,-5.2,284.72,388.0,250.0,18.0,buy,21.7,,,263.91,12.8,reportado,múltiplo propio,4.0,0.33,False,,3.84,8.99,,1.23,44.8,2.8,0.97,False,-0.67,,9,,4.2,Operating Income,4.1,-10.7,20.0,2026-10-29,False,True,True,6,NEUTRAL,3.6,79.3,4.61,30.5,,,,2026-10-09T06:08:17.153981,,"Insurance Brokers: el flujo operativo son depósitos, préstamos o primas, no caja libre para el accionista",,,,
ERIE,Erie Indemnity Company,56.0,,trimestral,⭐ AVERAGE,🟡 Average,USD,USD,False,True,True,0.8833,acciones × precio no cuadra (ratio 0.8833) pero la divisa sí: son clases múltiples. Se usan 52 M de acciones efectivas (capitalización ÷ precio) en vez de las 46 M declaradas,70.0,50.0,24.0,85.0,50.0,15.0,9.8,False,down,3.2,False,0,1.7,False,0,"{'eps_growth_yoy': 3.2, 'positive_quarters': 4, 'earnings_accelerating': False, 'eps_accel_quarters': 0, 'profit_margin_pct': 14.0, 'score_bruto_sin_capar': 70.0, 'satura': False}","{'revenue_growth_yoy': 1.7, 'revenue_accelerating': False, 'rev_accel_quarters': 0}","{'rs_3m': -11.3, 'rs_6m': -24.1, 'rs_line_percentile': 9.8, 'rs_line_at_new_high': False, 'rs_line_trend': 'down', 'rs_line_score': 15}","{'roe_pct': 24.8, 'debt_to_equity': 0.03, 'current_ratio': 1.25, 'operating_margin_pct': 19.1}","{'days_to_earnings': 'N/A', 'recommendation': 'none'}",226.54,11845746688,Financial Services,Insurance Brokers,9.5,8.2,True,330.54,-31.5,0,False,-6.7,,,,,none,,,,396.37,75.0,reportado,múltiplo propio,4.0,0.4,False,,4.91,11.12,,2.58,52.1,5.85,1.68,False,,,7,,,,,1.6,20.0,2026-10-29,False,True,True,4,NEUTRAL,,,0.69,32.4,1.6,0.05,-30.8,2026-10-09T06:08:00.284749,52289868.0,"Insurance Brokers: el flujo operativo son depósitos, préstamos o primas, no caja libre para el accionista",,,,
VRSK,"Verisk Analytics, Inc.",55.5,,trimestral,⭐ AVERAGE,🟡 Average,USD,USD,False,True,True,1.0,,55.0,60.0,36.0,65.0,70.0,15.0,10.6,False,down,-9.8,False,0,4.4,True,1,"{'eps_growth_yoy': -9.8, 'op_growth_yoy': 2.7, 'crecimiento_respaldado': True, 'positive_quarters': 4, 'earnings_accelerating': False, 'eps_accel_quarters': 0, 'profit_margin_pct': 28.2, 'score_bruto_sin_capar': 55.0, 'satura': False}","{'revenue_growth_yoy': 4.4, 'revenue_accelerating': True, 'rev_accel_quarters': 1}","{'rs_3m': -12.7, 'rs_6m': -7.1, 'rs_line_percentile': 10.6, 'rs_line_at_new_high': False, 'rs_line_trend': 'down', 'rs_line_score': 15}","{'current_ratio': 1.0, 'operating_margin_pct': 45.1}","{'days_to_earnings': 'N/A', 'recommendation': 'buy', 'analyst_upside_pct': 33.8}",175.49,22993022976,Industrials,Consulting Services,4.1,4.2,False,248.22,-29.3,0,False,-2.8,234.76,260.0,195.0,17.0,buy,33.8,243.45,38.7,222.81,27.0,reportado,múltiplo propio,3.0,0.35,True,2023-12-31,5.48,9.62,,1.14,29.2,2.0,0.63,True,-6.76,,9,,7.0,Operating Income,6.9,-2.4,27.0,2026-11-05,False,True,False,7,NEUTRAL,5.16,113.2,7.78,35.6,,,,2026-10-09T06:05:11.536189,,,,,,
CHD,"Church & Dwight Co., Inc.",55.0,,trimestral,⭐ AVERAGE,🟡 Average,USD,USD,False,True,True,1.0,,60.0,50.0,36.0,75.0,60.0,15.0,20.9,False,down,-1.7,True,1,0.1,False,0,"{'eps_growth_yoy': -1.7, 'op_growth_yoy': -1.5, 'crecimiento_respaldado': True, 'positive_quarters': 4, 'earnings_accelerating': True, 'eps_accel_quarters': 1, 'profit_margin_pct': 12.0, 'score_bruto_sin_capar': 60.0, 'satura': False}","{'revenue_growth_yoy': 0.1, 'revenue_accelerating': False, 'rev_accel_quarters': 0}","{'rs_3m': -2.7, 'rs_6m': -11.4, 'rs_line_percentile': 20.9, 'rs_line_at_new_high': False, 'rs_line_trend': 'down', 'rs_line_score': 15}","{'roe_pct': 17.0, 'debt_to_equity': 0.56, 'current_ratio': 1.15, 'operating_margin_pct': 18.1}","{'days_to_earnings': 'N/A', 'recommendation': 'buy', 'analyst_upside_pct': 7.3}",97.73,23181938688,Consumer Defensive,Household & Personal Products,5.2,5.9,False,106.04,-7.8,5,False,-0.5,104.84,115.0,78.0,19.0,buy,7.3,128.21,31.2,93.54,-4.3,reportado,múltiplo propio,3.0,0.61,True,2024-12-31,4.91,4.8,,1.26,38.6,1.23,1.16,True,-3.33,,9,,11.2,Operating Income,10.9,6.3,21.0,2026-10-30,False,True,True,7,NEUTRAL,4.29,116.9,1.13,12.1,1.6,0.13,-10.5,2026-10-09T06:09:42.461912,,,,,,
JKHY,"Jack Henry & Associates, Inc.",54.7,,trimestral,⭐ AVERAGE,🟡 Average,USD,USD,False,True,True,1.0,,50.0,50.0,36.0,90.0,65.0,15.0,23.6,False,down,-12.8,False,0,4.7,False,0,"{'eps_growth_yoy': -12.8, 'op_growth_yoy': -12.2, 'crecimiento_respaldado': True, 'positive_quarters': 4, 'earnings_accelerating': False, 'eps_accel_quarters': 0, 'profit_margin_pct': 19.8, 'score_bruto_sin_capar': 50.0, 'satura': False}","{'revenue_growth_yoy': 4.7, 'revenue_accelerating': False, 'rev_accel_quarters': 0}","{'rs_3m': -4.3, 'rs_6m': -12.4, 'rs_line_percentile': 23.6, 'rs_line_at_new_high': False, 'rs_line_trend': 'down', 'rs_line_score': 15}","{'roe_pct': 24.0, 'debt_to_equity': 0.04, 'current_ratio': 1.17, 'operating_margin_pct': 22.5}","{'days_to_earnings': 'N/A', 'recommendation': 'buy', 'analyst_upside_pct': 27.3}",149.05,10450193408,Technology,Information Technology Services,7.0,4.2,False,193.39,-22.9,2,False,-4.7,189.72,209.0,158.0,18.0,buy,27.3,202.53,35.9,206.3,38.4,reportado,múltiplo propio,4.0,0.41,False,,4.85,7.23,,1.67,34.1,2.44,1.24,True,-2.92,,9,,117.9,Operating Income,122.2,-10.4,25.0,2026-11-03,False,True,False,7,NEUTRAL,6.18,202.7,1.62,32.6,0.4,0.01,-32.2,2026-10-09T06:11:34.332608,,,,,,
ZTS,Zoetis Inc.,54.0,,trimestral,⭐ AVERAGE,🟡 Average,USD,USD,False,True,True,1.0,,75.0,40.0,24.0,65.0,70.0,15.0,3.1,False,down,-4.8,True,2,-0.2,True,1,"{'eps_growth_yoy': -4.8, 'op_growth_yoy': 0.2, 'crecimiento_respaldado': True, 'positive_quarters': 4, 'earnings_accelerating': True, 'eps_accel_quarters': 2, 'profit_margin_pct': 27.7, 'score_bruto_sin_capar': 75.0, 'satura': False}","{'revenue_growth_yoy': -0.2, 'revenue_accelerating': True, 'rev_accel_quarters': 1}","{'rs_3m': -5.9, 'rs_6m': -51.8, 'rs_line_percentile': 3.1, 'rs_line_at_new_high': False, 'rs_line_trend': 'down', 'rs_line_score': 15}","{'roe_pct': 64.9, 'debt_to_equity': 2.94, 'current_ratio': 3.08, 'operating_margin_pct': 40.7}","{'days_to_earnings': 'N/A', 'recommendation': 'buy', 'analyst_upside_pct': 31.4}",73.08,30198382592,Healthcare,Drug Manufacturers - Specialty & Generic,4.8,3.8,False,148.3,-50.7,0,False,-1.2,96.0,155.0,80.0,14.0,buy,31.4,140.68,92.5,182.56,149.8,reportado,múltiplo propio,4.0,0.56,False,,7.35,5.37,,2.9,33.9,2.12,0.91,True,-6.24,,9,,15.1,Operating Income,14.7,0.8,27.0,2026-11-05,False,True,False,6,NEUTRAL,9.68,42.3,1.09,20.9,1.6,0.07,-19.3,2026-10-09T06:06:40.876304,,,,,,
GVDNY,Givaudan SA,54.0,,anual,⭐ AVERAGE,🟡 Average,USD,CHF,True,True,True,1.0,"FCF declarado (728,843,240) se aparta del derivado de flujo operativo menos capex (1,375,550,531)",50.0,50.0,47.6,70.0,65.0,35.0,35.0,False,down,-1.7,False,0,0.8,False,0,"{'eps_growth_yoy': -1.7, 'op_growth_yoy': -2.2, 'crecimiento_respaldado': True, 'positive_quarters': 4, 'earnings_accelerating': False, 'eps_accel_quarters': 0, 'profit_margin_pct': 12.9, 'score_bruto_sin_capar': 50.0, 'satura': False}","{'revenue_growth_yoy': 0.8, 'revenue_accelerating': False, 'rev_accel_quarters': 0}","{'rs_3m': -4.9, 'rs_6m': 1.4, 'rs_line_percentile': 35.0, 'rs_line_at_new_high': False, 'rs_line_trend': 'down', 'rs_line_score': 35}","{'roe_pct': 22.3, 'debt_to_equity': 1.11, 'current_ratio': 1.29, 'operating_margin_pct': 18.8}","{'days_to_earnings': 'N/A', 'recommendation': 'strong_buy', 'analyst_upside_pct': 16.9}",82.45,38056103936,Basic Materials,Specialty Chemicals,,,False,90.69,-9.1,5,False,1.7,96.36,96.36,96.36,1.0,strong_buy,16.9,73.82,-10.5,91.66,11.2,reportado,múltiplo propio,3.0,0.28,True,,3.61,2.98,,2.23,71.3,1.82,1.88,,,,9,,,,,-10.0,110.0,2027-01-27,False,True,False,7,NEUTRAL,3.24,33.7,,22.4,,,,2026-10-09T06:07:17.099851,,,,,,
PG,The Procter & Gamble Company,53.7,,trimestral,⭐ AVERAGE,🟡 Average,USD,USD,False,True,True,1.0,,50.0,60.0,36.0,70.0,60.0,15.0,17.5,False,flat,-15.8,False,0,1.5,True,1,"{'eps_growth_yoy': -15.8, 'op_growth_yoy': -9.3, 'crecimiento_respaldado': True, 'positive_quarters': 4, 'earnings_accelerating': False, 'eps_accel_quarters': 0, 'profit_margin_pct': 18.4, 'score_bruto_sin_capar': 50.0, 'satura': False}","{'revenue_growth_yoy': 1.5, 'revenue_accelerating': True, 'rev_accel_quarters': 1}","{'rs_3m': -1.3, 'rs_6m': -9.2, 'rs_line_percentile': 17.5, 'rs_line_at_new_high': False, 'rs_line_trend': 'flat', 'rs_line_score': 15}","{'roe_pct': 30.3, 'debt_to_equity': 0.64, 'current_ratio': 0.68, 'operating_margin_pct': 22.1}","{'days_to_earnings': 'N/A', 'recommendation': 'buy', 'analyst_upside_pct': 6.8}",150.59,350036393984,Consumer Defensive,Household & Personal Products,1.0,2.6,False,167.25,-10.0,4,False,3.3,160.78,186.0,143.0,23.0,buy,6.8,162.81,8.1,156.36,3.8,reportado,múltiplo propio,4.0,0.16,False,,4.33,6.52,,2.89,64.3,4.35,2.49,True,-1.27,,9,,22.5,Operating Income,24.3,-10.8,13.0,2026-10-22,False,True,True,6,NEUTRAL,5.34,77.9,5.17,17.0,,,,2026-10-09T06:07:09.736649,,,,,,
HESAY,Hermès International Société en commandite par actions,53.2,,anual,⭐ AVERAGE,🟡 Average,USD,EUR,True,True,True,1.0,,55.0,50.0,15.0,95.0,70.0,15.0,0.2,False,down,-1.7,False,0,5.5,False,0,"{'eps_growth_yoy': -1.7, 'op_growth_yoy': 7.4, 'crecimiento_respaldado': True, 'positive_quarters': 4, 'earnings_accelerating': False, 'eps_accel_quarters': 0, 'profit_margin_pct': 28.0, 'score_bruto_sin_capar': 55.0, 'satura': False}","{'revenue_growth_yoy': 5.5, 'revenue_accelerating': False, 'rev_accel_quarters': 0}","{'rs_3m': -27.4, 'rs_6m': -44.5, 'rs_line_percentile': 0.2, 'rs_line_at_new_high': False, 'rs_line_trend': 'down', 'rs_line_score': 15}","{'roe_pct': 25.5, 'debt_to_equity': 0.12, 'current_ratio': 4.54, 'operating_margin_pct': 42.2}","{'days_to_earnings': 'N/A', 'recommendation': 'strong_buy', 'analyst_upside_pct': 51.0}",142.58,149340487680,Consumer Cyclical,Luxury Goods,,,False,265.89,-46.4,0,False,-15.6,215.33,230.0,201.0,3.0,strong_buy,51.0,108.32,-24.0,,,reportado,,,,,,3.45,4.92,,1.48,42.1,2.11,0.61,,,,9,,,,,-0.3,125.0,2027-02-11,False,True,False,8,STRONG,4.78,36.8,2.47,26.3,,,,2026-10-09T06:06:25.908086,,,múltiplo propio 52x fuera del rango 8-45,,,
MKC,"McCormick & Company, Incorporated",52.8,,trimestral,⭐ AVERAGE,🟡 Average,USD,USD,False,True,True,0.946,acciones × precio no cuadra (ratio 0.9460) pero la divisa sí: son clases múltiples. Se usan 269 M de acciones efectivas (capitalización ÷ precio) en vez de las 255 M declaradas,50.0,70.0,24.0,60.0,65.0,15.0,3.4,False,down,-14.2,False,0,16.7,True,1,"{'eps_growth_yoy': -14.2, 'op_growth_yoy': 30.1, 'crecimiento_respaldado': True, 'positive_quarters': 4, 'earnings_accelerating': False, 'eps_accel_quarters': 0, 'profit_margin_pct': 19.4, 'score_bruto_sin_capar': 50.0, 'satura': False}","{'revenue_growth_yoy': 16.7, 'revenue_accelerating': True, 'rev_accel_quarters': 1}","{'rs_3m': -18.1, 'rs_6m': -27.4, 'rs_line_percentile': 3.4, 'rs_line_at_new_high': False, 'rs_line_trend': 'down', 'rs_line_score': 15}","{'roe_pct': 22.6, 'debt_to_equity': 0.66, 'current_ratio': 0.66, 'operating_margin_pct': 17.8}","{'days_to_earnings': 'N/A', 'recommendation': 'buy', 'analyst_upside_pct': 19.4}",45.94,12360821760,Consumer Defensive,Packaged Foods,,5.9,False,72.41,-36.6,0,False,-10.3,54.85,65.0,47.0,13.0,buy,19.4,86.35,88.0,,,reportado,múltiplo propio,4.0,0.34,False,,7.43,3.41,,4.18,34.2,1.92,2.1,False,-0.11,,9,,5.8,Operating Income,5.5,-40.0,104.0,2027-01-21,False,True,False,6,NEUTRAL,6.26,65.6,2.8,28.0,,,,2026-10-09T06:11:26.482026,269064470.0,,"objetivo 148 sobre un precio de 46 (+223%): el BPA no cuadra con el múltiplo histórico, no se publica",,,
EFX,Equifax Inc.,52.3,,trimestral,⭐ AVERAGE,🟡 Average,USD,USD,False,True,True,1.0,,60.0,60.0,24.0,50.0,70.0,15.0,4.7,False,down,-3.9,True,1,10.6,False,0,"{'eps_growth_yoy': -3.9, 'op_growth_yoy': 1.1, 'crecimiento_respaldado': True, 'positive_quarters': 4, 'earnings_accelerating': True, 'eps_accel_quarters': 1, 'profit_margin_pct': 10.7, 'score_bruto_sin_capar': 60.0, 'satura': False}","{'revenue_growth_yoy': 10.6, 'revenue_accelerating': False, 'rev_accel_quarters': 0}","{'rs_3m': -19.0, 'rs_6m': -32.2, 'rs_line_percentile': 4.7, 'rs_line_at_new_high': False, 'rs_line_trend': 'down', 'rs_line_score': 15}","{'roe_pct': 14.3, 'debt_to_equity': 1.21, 'current_ratio': 0.6, 'operating_margin_pct': 17.3}","{'days_to_earnings': 'N/A', 'recommendation': 'buy', 'analyst_upside_pct': 39.5}",145.54,17098750976,Industrials,Consulting Services,7.6,6.4,False,238.94,-39.1,0,False,-14.4,203.1,245.0,148.0,21.0,buy,39.5,128.48,-11.7,,,reportado,,,,,,6.61,9.62,,1.54,37.3,2.24,0.73,True,-4.64,,9,,5.2,Operating Income,5.2,0.7,11.0,2026-10-20,False,True,True,8,STRONG,4.94,56.7,,29.8,,,,2026-10-09T06:13:32.781957,,,múltiplo propio 46x fuera del rango 8-45,,,
ABT,Abbott Laboratories,52.2,,trimestral,⭐ AVERAGE,🟡 Average,USD,USD,False,True,True,1.0,,50.0,50.0,38.7,70.0,65.0,15.0,17.7,False,down,-18.7,False,0,7.8,False,0,"{'eps_growth_yoy': -18.7, 'op_growth_yoy': -20.6, 'crecimiento_respaldado': True, 'positive_quarters': 4, 'earnings_accelerating': False, 'eps_accel_quarters': 0, 'profit_margin_pct': 11.6, 'score_bruto_sin_capar': 50.0, 'satura': False}","{'revenue_growth_yoy': 7.8, 'revenue_accelerating': False, 'rev_accel_quarters': 0}","{'rs_3m': 4.1, 'rs_6m': -15.0, 'rs_line_percentile': 17.7, 'rs_line_at_new_high': False, 'rs_line_trend': 'down', 'rs_line_score': 15}","{'roe_pct': 10.6, 'debt_to_equity': 0.63, 'current_ratio': 1.38, 'operating_margin_pct': 14.7}","{'days_to_earnings': 'N/A', 'recommendation': 'strong_buy', 'analyst_upside_pct': 22.6}",98.49,171551162368,Healthcare,Medical Devices,1.3,2.5,False,134.5,-26.8,1,False,-7.3,120.72,135.0,103.0,26.0,strong_buy,22.6,101.5,3.1,79.94,-18.8,reportado,múltiplo propio,3.0,0.73,True,2023-12-31,4.51,4.44,,2.56,78.7,2.52,1.84,False,-0.46,,9,,14.4,Operating Income,16.2,-47.5,12.0,2026-10-21,False,True,True,6,NEUTRAL,4.05,37.8,,20.4,,,,2026-10-09T06:09:54.949134,,,,,,
LRLCY,L'Oréal S.A.,51.7,,anual,⭐ AVERAGE,🟡 Average,USD,EUR,True,True,True,1.0,,50.0,50.0,36.0,70.0,65.0,15.0,6.3,False,down,-4.4,False,0,1.3,False,0,"{'eps_growth_yoy': -4.4, 'op_growth_yoy': 2.4, 'crecimiento_respaldado': True, 'positive_quarters': 4, 'earnings_accelerating': False, 'eps_accel_quarters': 0, 'profit_margin_pct': 13.9, 'score_bruto_sin_capar': 50.0, 'satura': False}","{'revenue_growth_yoy': 1.3, 'revenue_accelerating': False, 'rev_accel_quarters': 0}","{'rs_3m': -5.9, 'rs_6m': -12.1, 'rs_line_percentile': 6.3, 'rs_line_at_new_high': False, 'rs_line_trend': 'down', 'rs_line_score': 15}","{'roe_pct': 19.4, 'debt_to_equity': 0.49, 'current_ratio': 0.97, 'operating_margin_pct': 21.3}","{'days_to_earnings': 'N/A', 'recommendation': 'strong_buy', 'analyst_upside_pct': 21.9}",84.6,225199505408,Consumer Defensive,Household & Personal Products,,,False,95.48,-11.4,3,False,-3.9,103.17,107.0,100.0,3.0,strong_buy,21.9,68.4,-19.1,93.69,10.7,reportado,múltiplo propio,4.0,0.37,False,,3.74,3.16,,2.01,61.2,1.68,1.53,,,,9,,,,,5.4,123.0,2027-02-09,False,True,False,6,NEUTRAL,3.78,70.0,9.46,23.2,,,,2026-10-09T06:08:12.583055,,,,,,
ESLOY,EssilorLuxottica Société anonyme,51.0,,anual,⭐ AVERAGE,🟡 Average,USD,EUR,True,True,True,1.0,,45.0,70.0,24.0,55.0,70.0,15.0,0.0,False,down,-1.9,False,0,7.5,True,2,"{'eps_growth_yoy': -1.9, 'op_growth_yoy': -2.0, 'crecimiento_respaldado': True, 'positive_quarters': 4, 'earnings_accelerating': False, 'eps_accel_quarters': 0, 'profit_margin_pct': 8.5, 'score_bruto_sin_capar': 45.0, 'satura': False}","{'revenue_growth_yoy': 7.5, 'revenue_accelerating': True, 'rev_accel_quarters': 2}","{'rs_3m': -19.2, 'rs_6m': -43.3, 'rs_line_percentile': 0.0, 'rs_line_at_new_high': False, 'rs_line_trend': 'down', 'rs_line_score': 15}","{'roe_pct': 6.7, 'debt_to_equity': 0.38, 'current_ratio': 0.89, 'operating_margin_pct': 15.4}","{'days_to_earnings': 'N/A', 'recommendation': 'strong_buy', 'analyst_upside_pct': 75.6}",80.87,74194763776,Healthcare,Medical Instruments & Supplies,,,False,186.81,-56.7,0,False,-9.4,142.0,145.0,139.0,2.0,strong_buy,75.6,112.44,39.0,128.82,59.3,reportado,múltiplo propio,4.0,0.66,False,,5.69,4.6,,2.87,74.2,2.32,1.42,,,,9,,,,,6.2,,,False,False,False,4,NEUTRAL,3.77,33.3,17.43,25.7,,,,2026-10-09T06:11:06.605328,,,,,,
AON,Aon plc,51.0,,trimestral,⭐ AVERAGE,🟡 Average,USD,USD,False,True,True,1.0,,55.0,50.0,15.0,80.0,70.0,15.0,4.9,False,down,-4.8,False,0,2.2,False,0,"{'eps_growth_yoy': -4.8, 'op_growth_yoy': 6.1, 'crecimiento_respaldado': True, 'positive_quarters': 4, 'earnings_accelerating': False, 'eps_accel_quarters': 0, 'profit_margin_pct': 22.3, 'score_bruto_sin_capar': 55.0, 'satura': False}","{'revenue_growth_yoy': 2.2, 'revenue_accelerating': False, 'rev_accel_quarters': 0}","{'rs_3m': -28.0, 'rs_6m': -25.4, 'rs_line_percentile': 4.9, 'rs_line_at_new_high': False, 'rs_line_trend': 'down', 'rs_line_score': 15}","{'roe_pct': 44.7, 'debt_to_equity': 1.63, 'current_ratio': 1.03, 'operating_margin_pct': 23.5}","{'days_to_earnings': 'N/A', 'recommendation': 'buy', 'analyst_upside_pct': 31.6}",277.12,58784202752,Financial Services,Insurance Brokers,1.8,2.5,False,382.34,-27.5,0,False,-13.7,364.74,435.0,229.0,19.0,buy,31.6,,,425.25,53.5,reportado,múltiplo propio,4.0,0.33,False,,5.56,15.41,,1.18,16.8,3.28,0.76,True,-1.56,,9,,6.6,Operating Income,7.7,-2.1,21.0,2026-10-30,False,True,True,8,STRONG,6.52,119.9,1.15,25.2,0.8,0.03,-24.4,2026-10-09T06:07:32.804365,,"Insurance Brokers: el flujo operativo son depósitos, préstamos o primas, no caja libre para el accionista",,,,
NVR,"NVR, Inc.",50.5,,trimestral,⭐ AVERAGE,🟡 Average,USD,USD,False,True,True,1.0,,60.0,40.0,24.0,85.0,50.0,15.0,4.3,False,down,-29.1,True,1,-10.5,True,1,"{'eps_growth_yoy': -29.1, 'op_growth_yoy': -27.0, 'crecimiento_respaldado': True, 'positive_quarters': 4, 'earnings_accelerating': True, 'eps_accel_quarters': 1, 'profit_margin_pct': 11.8, 'score_bruto_sin_capar': 60.0, 'satura': False}","{'revenue_growth_yoy': -10.5, 'revenue_accelerating': True, 'rev_accel_quarters': 1}","{'rs_3m': -10.3, 'rs_6m': -25.6, 'rs_line_percentile': 4.3, 'rs_line_at_new_high': False, 'rs_line_trend': 'down', 'rs_line_score': 15}","{'roe_pct': 31.5, 'debt_to_equity': 0.32, 'current_ratio': 5.67, 'operating_margin_pct': 13.9}","{'days_to_earnings': 'N/A', 'recommendation': 'hold', 'analyst_upside_pct': 6.5}",6002.55,15995955200,Consumer Cyclical,Residential Construction,7.5,3.8,False,8200.0,-26.8,0,False,-4.0,6395.33,7400.0,5058.0,6.0,hold,6.5,6990.83,16.5,6014.14,0.2,reportado,múltiplo propio,4.0,0.47,False,,6.51,390.77,,,,,,True,-8.42,,9,,49.8,Operating Income,52.9,-9.0,13.0,2026-10-22,False,True,True,5,NEUTRAL,10.69,38.9,,21.6,,,,2026-10-09T06:14:36.787524,,,,,,
VCISY,Vinci SA,49.8,,anual,⚠️ WEAK,🔴 Weak,USD,EUR,True,True,True,1.0,,65.0,50.0,24.0,50.0,55.0,15.0,2.6,False,down,0.8,False,0,4.0,False,0,"{'eps_growth_yoy': 0.8, 'op_growth_yoy': 5.0, 'crecimiento_respaldado': True, 'positive_quarters': 4, 'earnings_accelerating': False, 'eps_accel_quarters': 0, 'profit_margin_pct': 6.7, 'score_bruto_sin_capar': 65.0, 'satura': False}","{'revenue_growth_yoy': 4.0, 'revenue_accelerating': False, 'rev_accel_quarters': 0}","{'rs_3m': -13.9, 'rs_6m': -36.5, 'rs_line_percentile': 2.6, 'rs_line_at_new_high': False, 'rs_line_trend': 'down', 'rs_line_score': 15}","{'roe_pct': 16.3, 'debt_to_equity': 1.21, 'current_ratio': 0.82, 'operating_margin_pct': 11.2}","{'days_to_earnings': 'N/A', 'recommendation': 'none', 'analyst_upside_pct': 28.3}",30.26,66857439232,Industrials,Engineering & Construction,,,False,42.1,-28.1,0,False,-8.8,38.83,42.0,36.28,3.0,none,28.3,108.62,259.0,33.66,11.2,reportado,múltiplo propio,4.0,0.34,False,,13.9,4.21,,4.82,55.6,1.46,3.58,,,,9,,,,,5.4,119.0,2027-02-05,False,True,False,7,NEUTRAL,9.33,54.0,1.99,23.5,,,,2026-10-09T06:12:29.727048,,,,,,
TEVA,Teva Pharmaceutical Industries Limited,48.2,,trimestral,⚠️ WEAK,🔴 Weak,USD,USD,False,True,True,1.0,,38.0,40.0,82.7,25.0,65.0,95.0,90.8,False,up,-304.3,False,0,-0.8,True,1,"{'eps_growth_yoy': -304.3, 'op_growth_yoy': -83.4, 'crecimiento_respaldado': True, 'positive_quarters': 3, 'earnings_accelerating': False, 'eps_accel_quarters': 0, 'profit_margin_pct': 4.1, 'score_bruto_sin_capar': 38.0, 'satura': False}","{'revenue_growth_yoy': -0.8, 'revenue_accelerating': True, 'rev_accel_quarters': 1}","{'rs_3m': 18.4, 'rs_6m': 12.9, 'rs_line_percentile': 90.8, 'rs_line_at_new_high': False, 'rs_line_trend': 'up', 'rs_line_score': 95}","{'roe_pct': 9.7, 'debt_to_equity': 2.18, 'current_ratio': 0.88, 'operating_margin_pct': 4.0}","{'days_to_earnings': 'N/A', 'recommendation': 'buy', 'analyst_upside_pct': 15.4}",39.25,45776986112,Healthcare,Drug Manufacturers - Specialty & Generic,2.7,57.4,False,40.79,-3.8,8,True,4.6,45.3,55.0,40.0,10.0,buy,15.4,28.64,-27.0,,,normalizado,,,,,,3.05,1.2,,,,,1.79,False,,,9,,3.6,Operating Income,1.8,,25.0,2026-11-03,False,True,False,8,STRONG,6.71,80.4,0.42,29.4,,,,2026-10-09T06:15:23.703793,,,sin histórico de múltiplo (beneficio negativo o pocos años),tasa fiscal efectiva 1.7% — el beneficio del periodo no es representativo,,
SXYAY,Sika AG,48.1,,anual,⚠️ WEAK,🔴 Weak,USD,CHF,True,True,True,1.0,,45.0,30.0,50.3,70.0,65.0,35.0,32.8,False,down,-16.2,False,0,-4.8,False,0,"{'eps_growth_yoy': -16.2, 'op_growth_yoy': -11.1, 'crecimiento_respaldado': True, 'positive_quarters': 4, 'earnings_accelerating': False, 'eps_accel_quarters': 0, 'profit_margin_pct': 9.4, 'score_bruto_sin_capar': 45.0, 'satura': False}","{'revenue_growth_yoy': -4.8, 'revenue_accelerating': False, 'rev_accel_quarters': 0}","{'rs_3m': 2.4, 'rs_6m': 3.6, 'rs_line_percentile': 32.8, 'rs_line_at_new_high': False, 'rs_line_trend': 'down', 'rs_line_score': 35}","{'roe_pct': 16.0, 'debt_to_equity': 0.89, 'current_ratio': 1.3, 'operating_margin_pct': 14.3}","{'days_to_earnings': 'N/A', 'recommendation': 'buy', 'analyst_upside_pct': 26.0}",20.67,33162792960,Basic Materials,Specialty Chemicals,,,False,24.21,-14.6,6,False,-9.4,26.05,27.1,25.0,2.0,buy,26.0,13.59,-34.3,24.58,18.9,reportado,múltiplo propio,4.0,0.58,False,,4.73,0.98,,2.23,57.2,0.46,1.31,,,,9,,,,,-0.3,,,False,False,False,7,NEUTRAL,3.92,45.8,,28.3,,,,2026-10-09T06:09:30.603891,,,,,,
KHC,The Kraft Heinz Company,47.9,,trimestral,⚠️ WEAK,🔴 Weak,USD,USD,False,True,True,1.0,,58.0,40.0,36.0,55.0,50.0,15.0,9.4,False,down,,False,0,-1.4,True,1,"{'positive_quarters': 3, 'earnings_accelerating': False, 'eps_accel_quarters': 0, 'profit_margin_pct': -13.6, 'score_bruto_sin_capar': 58.0, 'satura': False}","{'revenue_growth_yoy': -1.4, 'revenue_accelerating': True, 'rev_accel_quarters': 1}","{'rs_3m': -13.0, 'rs_6m': -13.6, 'rs_line_percentile': 9.4, 'rs_line_at_new_high': False, 'rs_line_trend': 'down', 'rs_line_score': 15}","{'roe_pct': -8.8, 'debt_to_equity': 0.53, 'current_ratio': 1.06, 'operating_margin_pct': 15.5}","{'days_to_earnings': 'N/A', 'recommendation': 'hold', 'analyst_upside_pct': 12.3}",22.48,26657316864,Consumer Defensive,Packaged Foods,11.0,4.2,True,28.09,-20.0,3,False,-7.9,25.25,41.0,19.0,18.0,hold,12.3,73.19,225.6,,,reportado,,,,,,14.33,3.22,,7.28,73.1,1.6,4.89,False,0.08,,9,,4.4,Operating Income,4.6,,19.0,2026-10-28,False,True,True,5,NEUTRAL,10.91,53.5,6.25,19.4,0.2,0.01,-19.2,2026-10-09T06:14:17.214545,,,,,,
WMT,Walmart Inc.,47.5,,trimestral,⚠️ WEAK,🔴 Weak,USD,USD,False,True,True,1.0,,45.0,60.0,24.0,55.0,60.0,15.0,14.9,False,down,-9.4,False,0,5.9,True,1,"{'eps_growth_yoy': -9.4, 'op_growth_yoy': 28.8, 'crecimiento_respaldado': True, 'positive_quarters': 4, 'earnings_accelerating': False, 'eps_accel_quarters': 0, 'profit_margin_pct': 3.0, 'score_bruto_sin_capar': 45.0, 'satura': False}","{'revenue_growth_yoy': 5.9, 'revenue_accelerating': True, 'rev_accel_quarters': 1}","{'rs_3m': -7.0, 'rs_6m': -26.9, 'rs_line_percentile': 14.9, 'rs_line_at_new_high': False, 'rs_line_trend': 'down', 'rs_line_score': 15}","{'roe_pct': 22.3, 'debt_to_equity': 0.72, 'current_ratio': 0.77, 'operating_margin_pct': 3.5}","{'days_to_earnings': 'N/A', 'recommendation': 'buy', 'analyst_upside_pct': 14.7}",110.56,877154926592,Consumer Defensive,Discount Stores,1.8,2.9,False,135.16,-18.2,2,False,2.0,126.78,155.0,81.0,40.0,buy,14.7,,,99.95,-9.6,reportado,múltiplo propio,4.0,0.42,False,,1.86,2.06,,0.92,35.0,0.99,1.13,False,-0.47,,9,,13.7,Operating Income,13.4,-9.1,41.0,2026-11-19,False,True,False,7,NEUTRAL,3.21,19.0,1.42,22.8,0.4,0.02,-22.4,2026-10-09T06:07:48.365707,,"el capex se lleva el 62% del flujo operativo: lo que queda no es lo que gana el dueño, es lo que sobra tras decidir invertir",,,,
CL,Colgate-Palmolive Company,46.8,,trimestral,⚠️ WEAK,🔴 Weak,USD,USD,False,True,True,1.0,,38.0,50.0,36.0,65.0,60.0,15.0,14.0,False,down,-6.7,False,0,4.9,False,0,"{'eps_growth_yoy': -6.7, 'op_growth_yoy': -5.9, 'crecimiento_respaldado': True, 'positive_quarters': 3, 'earnings_accelerating': False, 'eps_accel_quarters': 0, 'profit_margin_pct': 9.7, 'score_bruto_sin_capar': 38.0, 'satura': False}","{'revenue_growth_yoy': 4.9, 'revenue_accelerating': False, 'rev_accel_quarters': 0}","{'rs_3m': -8.5, 'rs_6m': -8.8, 'rs_line_percentile': 14.0, 'rs_line_at_new_high': False, 'rs_line_trend': 'down', 'rs_line_score': 15}","{'roe_pct': 267.4, 'debt_to_equity': 13.88, 'current_ratio': 1.03, 'operating_margin_pct': 21.0}","{'days_to_earnings': 'N/A', 'recommendation': 'buy', 'analyst_upside_pct': 11.6}",88.1,70230925312,Consumer Defensive,Household & Personal Products,2.6,4.2,False,99.33,-11.3,4,False,-1.3,98.35,110.0,87.0,20.0,buy,11.6,128.68,46.1,72.59,-17.6,reportado,múltiplo propio,4.0,0.32,False,,5.54,4.88,,2.41,82.3,2.12,2.32,True,-1.41,,9,,15.9,Operating Income,12.5,-3.8,21.0,2026-10-30,False,True,True,5,NEUTRAL,5.55,90.8,2.95,16.4,,,,2026-10-09T06:10:34.757029,,,,,,
LEN,Lennar Corporation,46.8,,trimestral,⚠️ WEAK,🔴 Weak,USD,USD,False,True,True,0.8738,acciones × precio no cuadra (ratio 0.8738) pero la divisa sí: son clases múltiples. Se usan 238 M de acciones efectivas (capitalización ÷ precio) en vez de las 208 M declaradas,55.0,40.0,24.0,70.0,50.0,15.0,5.0,False,down,-36.2,True,1,-5.2,True,1,"{'eps_growth_yoy': -36.2, 'op_growth_yoy': -35.4, 'crecimiento_respaldado': True, 'positive_quarters': 4, 'earnings_accelerating': True, 'eps_accel_quarters': 1, 'profit_margin_pct': 4.1, 'score_bruto_sin_capar': 55.0, 'satura': False}","{'revenue_growth_yoy': -5.2, 'revenue_accelerating': True, 'rev_accel_quarters': 1}","{'rs_3m': -9.3, 'rs_6m': -25.7, 'rs_line_percentile': 5.0, 'rs_line_at_new_high': False, 'rs_line_trend': 'down', 'rs_line_score': 15}","{'roe_pct': 6.0, 'debt_to_equity': 0.28, 'current_ratio': 10.13, 'operating_margin_pct': 5.7}","{'days_to_earnings': 'N/A', 'recommendation': 'underperform', 'analyst_upside_pct': 0.8}",77.6,18461059072,Consumer Cyclical,Residential Construction,10.2,6.1,True,133.76,-42.0,0,False,-5.9,78.2,120.0,63.0,15.0,underperform,0.8,33.79,-56.5,50.5,-34.9,reportado,múltiplo propio,4.0,1.11,True,,4.06,3.15,,2.58,37.9,2.0,1.41,True,-6.98,,9,,,,,-9.6,67.0,2026-12-15,False,True,False,4,NEUTRAL,11.87,11.2,,46.2,0.8,0.02,-45.4,2026-10-09T06:15:04.220160,237900246.0,,,,,
LPX,Louisiana-Pacific Corporation,46.2,,trimestral,⚠️ WEAK,🔴 Weak,USD,USD,False,True,True,1.0,"FCF declarado (-21,000,000) se aparta del derivado de flujo operativo menos capex (-33,000,000)",38.0,50.0,24.0,70.0,70.0,15.0,1.3,False,down,-51.9,False,0,-12.1,True,2,"{'eps_growth_yoy': -51.9, 'op_growth_yoy': -64.4, 'crecimiento_respaldado': True, 'positive_quarters': 3, 'earnings_accelerating': False, 'eps_accel_quarters': 0, 'profit_margin_pct': 2.2, 'score_bruto_sin_capar': 38.0, 'satura': False}","{'revenue_growth_yoy': -12.1, 'revenue_accelerating': True, 'rev_accel_quarters': 2}","{'rs_3m': -13.1, 'rs_6m': -26.8, 'rs_line_percentile': 1.3, 'rs_line_at_new_high': False, 'rs_line_trend': 'down', 'rs_line_score': 15}","{'roe_pct': 3.1, 'debt_to_equity': 0.22, 'current_ratio': 3.22, 'operating_margin_pct': 5.3}","{'days_to_earnings': 'N/A', 'recommendation': 'buy', 'analyst_upside_pct': 41.1}",65.06,4549216768,Industrials,Building Products & Equipment,11.8,7.8,True,100.34,-35.2,0,False,-6.5,91.79,107.0,74.0,14.0,buy,41.1,,,,,reportado,,,,,,-0.73,-0.47,,1.85,150.6,1.2,1.26,False,0.0,,9,,7.4,Operating Income,6.1,-51.8,25.0,2026-11-03,False,True,False,5,NEUTRAL,5.54,11.5,,30.5,,,,2026-10-09T06:15:00.203485,,"el capex se lleva el 113% del flujo operativo: lo que queda no es lo que gana el dueño, es lo que sobra tras decidir invertir",los P/E históricos se separan 2.0x la mediana: el ancla la decidiría un año suelto,,,
KR,The Kroger Co.,45.7,,trimestral,⚠️ WEAK,🔴 Weak,USD,USD,False,True,True,1.0,,58.0,50.0,26.7,30.0,60.0,15.0,16.3,False,up,5.3,False,0,2.0,False,0,"{'eps_growth_yoy': 5.3, 'op_growth_yoy': 12.5, 'crecimiento_respaldado': True, 'positive_quarters': 3, 'earnings_accelerating': False, 'eps_accel_quarters': 0, 'profit_margin_pct': 0.7, 'score_bruto_sin_capar': 58.0, 'satura': False}","{'revenue_growth_yoy': 2.0, 'revenue_accelerating': False, 'rev_accel_quarters': 0}","{'rs_3m': 0.7, 'rs_6m': -23.1, 'rs_line_percentile': 16.3, 'rs_line_at_new_high': False, 'rs_line_trend': 'up', 'rs_line_score': 15}","{'roe_pct': 14.4, 'debt_to_equity': 4.13, 'current_ratio': 0.7, 'operating_margin_pct': 3.0}","{'days_to_earnings': 'N/A', 'recommendation': 'buy', 'analyst_upside_pct': 11.2}",61.41,36268048384,Consumer Defensive,Grocery Stores,5.0,4.4,False,76.58,-19.8,2,False,5.6,68.32,85.0,57.0,22.0,buy,11.2,,,,,reportado,,,,,,7.87,4.83,,2.63,77.8,1.56,2.0,True,-8.57,,9,,3.2,Operating Income,3.0,15.3,55.0,2026-12-03,False,True,False,7,NEUTRAL,3.29,6.1,,31.8,,,,2026-10-09T06:14:21.432016,,"el capex se lleva el 57% del flujo operativo: lo que queda no es lo que gana el dueño, es lo que sobra tras decidir invertir",los P/E históricos se separan 1.7x la mediana: el ancla la decidiría un año suelto,,,
TLC.AX,The Lottery Corporation Limited,42.2,,anual,⚠️ WEAK,🔴 Weak,AUD,AUD,False,True,True,1.0,"FCF declarado (1,410,349,952) se aparta del derivado de flujo operativo menos capex (317,900,000)",45.0,40.0,30.0,45.0,60.0,,,,,-22.1,False,0,-4.6,True,1,"{'eps_growth_yoy': -22.1, 'op_growth_yoy': -6.8, 'crecimiento_respaldado': True, 'positive_quarters': 4, 'earnings_accelerating': False, 'eps_accel_quarters': 0, 'profit_margin_pct': 7.9, 'score_bruto_sin_capar': 45.0, 'satura': False}","{'revenue_growth_yoy': -4.6, 'revenue_accelerating': True, 'rev_accel_quarters': 1}","{'rs_3m': -8.3, 'rs_6m': -20.2}","{'roe_pct': 97.2, 'debt_to_equity': 9.48, 'current_ratio': 0.36, 'operating_margin_pct': 16.5}","{'days_to_earnings': 'N/A', 'recommendation': 'buy', 'analyst_upside_pct': 9.0}",5.19,11551755264,Consumer Cyclical,Gambling,,,False,5.8,-10.5,3,False,3.3,5.65,6.4,5.0,15.0,buy,9.0,3.45,-33.5,4.52,-12.9,reportado,múltiplo propio,4.0,0.55,False,,2.75,0.14,,3.43,128.9,0.17,,,,,7,,,,,-28.8,130.0,2027-02-17,False,True,False,3,NEUTRAL,4.59,317.5,12.11,26.0,,,,2026-10-09T06:12:17.820205,,,,,,
GPK,Graphic Packaging Holding Company,41.0,,trimestral,⚠️ WEAK,🔴 Weak,USD,USD,False,True,True,1.0,"FCF declarado (189,000,000) se aparta del derivado de flujo operativo menos capex (-129,000,000)",48.0,30.0,24.0,55.0,60.0,15.0,0.8,False,down,-76.9,True,1,-0.7,False,0,"{'eps_growth_yoy': -76.9, 'op_growth_yoy': -51.0, 'crecimiento_respaldado': True, 'positive_quarters': 3, 'earnings_accelerating': True, 'eps_accel_quarters': 1, 'profit_margin_pct': 2.2, 'score_bruto_sin_capar': 48.0, 'satura': False}","{'revenue_growth_yoy': -0.7, 'revenue_accelerating': False, 'rev_accel_quarters': 0}","{'rs_3m': -19.9, 'rs_6m': -23.8, 'rs_line_percentile': 0.8, 'rs_line_at_new_high': False, 'rs_line_trend': 'down', 'rs_line_score': 15}","{'roe_pct': 6.0, 'debt_to_equity': 1.76, 'current_ratio': 1.38, 'operating_margin_pct': 4.5}","{'days_to_earnings': 'N/A', 'recommendation': 'hold', 'analyst_upside_pct': 36.6}",8.58,2538713856,Consumer Cyclical,Packaging & Containers,9.0,4.5,True,18.25,-53.0,0,False,-17.0,11.72,18.0,9.0,11.0,hold,36.6,,,7.18,-16.3,reportado,múltiplo propio,4.0,0.21,False,,-5.08,-0.44,,5.16,66.7,0.44,1.71,True,-1.62,,9,,2.4,Operating Income,2.0,-30.6,25.0,2026-11-03,False,True,False,5,NEUTRAL,10.54,13.3,,31.5,12.5,0.4,-19.0,2026-10-09T06:15:34.903634,,"el capex se lleva el 116% del flujo operativo: lo que queda no es lo que gana el dueño, es lo que sobra tras decidir invertir",,,,
CHTR,"Charter Communications, Inc.",40.5,,trimestral,⚠️ WEAK,🔴 Weak,USD,USD,False,True,True,0.8807,acciones × precio no cuadra (ratio 0.8807) pero la divisa sí: son clases múltiples. Se usan 130 M de acciones efectivas (capitalización ÷ precio) en vez de las 114 M declaradas,55.0,30.0,15.0,50.0,60.0,15.0,1.5,False,down,-0.7,True,1,-1.7,False,0,"{'eps_growth_yoy': -0.7, 'op_growth_yoy': -7.3, 'crecimiento_respaldado': True, 'positive_quarters': 4, 'earnings_accelerating': True, 'eps_accel_quarters': 1, 'profit_margin_pct': 9.1, 'score_bruto_sin_capar': 55.0, 'satura': False}","{'revenue_growth_yoy': -1.7, 'revenue_accelerating': False, 'rev_accel_quarters': 0}","{'rs_3m': -20.1, 'rs_6m': -64.4, 'rs_line_percentile': 1.5, 'rs_line_at_new_high': False, 'rs_line_trend': 'down', 'rs_line_score': 15}","{'roe_pct': 27.2, 'debt_to_equity': 4.42, 'current_ratio': 0.36, 'operating_margin_pct': 23.5}","{'days_to_earnings': 'N/A', 'recommendation': 'hold', 'analyst_upside_pct': 59.7}",109.67,14252449792,Communication Services,Telecom Services,38.8,5.2,True,269.68,-59.3,0,False,-20.6,175.11,380.0,68.0,19.0,hold,59.7,,,,,reportado,múltiplo propio,4.0,0.69,False,,27.37,30.02,18.9,,,,,True,-14.42,,9,,2.6,Operating Income,2.5,6.4,28.0,2026-11-06,False,True,False,7,NEUTRAL,11.7,28.7,0.42,41.1,0.4,0.01,-40.7,2026-10-09T06:14:33.073889,129957598.0,"el capex se lleva el 71% del flujo operativo: lo que queda no es lo que gana el dueño, es lo que sobra tras decidir invertir","objetivo 400 sobre un precio de 110 (+265%): el BPA no cuadra con el múltiplo histórico, no se publica",,,
KD,"Kyndryl Holdings, Inc.",35.3,,trimestral,⚠️ WEAK,🔴 Weak,USD,USD,False,True,True,1.0,,38.0,30.0,36.0,25.0,55.0,15.0,3.4,False,down,-198.2,False,0,-3.3,False,0,"{'eps_growth_yoy': -198.2, 'op_growth_yoy': -28.0, 'crecimiento_respaldado': True, 'positive_quarters': 3, 'earnings_accelerating': False, 'eps_accel_quarters': 0, 'profit_margin_pct': 0.6, 'score_bruto_sin_capar': 38.0, 'satura': False}","{'revenue_growth_yoy': -3.3, 'revenue_accelerating': False, 'rev_accel_quarters': 0}","{'rs_3m': -7.1, 'rs_6m': -17.3, 'rs_line_percentile': 3.4, 'rs_line_at_new_high': False, 'rs_line_trend': 'down', 'rs_line_score': 15}","{'roe_pct': 6.9, 'debt_to_equity': 4.22, 'current_ratio': 0.85, 'operating_margin_pct': 2.9}","{'days_to_earnings': 'N/A', 'recommendation': 'none', 'analyst_upside_pct': 19.5}",11.88,2587681024,Technology,Information Technology Services,14.4,8.8,True,29.87,-60.2,0,False,-6.9,14.2,16.0,13.0,5.0,none,19.5,,,,,normalizado,,,,,,5.95,0.71,,,,,,True,-7.74,,9,,5.7,Operating Income,3.4,,26.0,2026-11-04,False,True,False,6,NEUTRAL,11.72,18.8,0.16,51.3,1.6,0.03,-49.7,2026-10-09T06:15:54.307789,,"el capex se lleva el 80% del flujo operativo: lo que queda no es lo que gana el dueño, es lo que sobra tras decidir invertir",sin histórico de múltiplo (beneficio negativo o pocos años),tasa fiscal efectiva 65.2% — el beneficio del periodo no es representativo,,
