ticker,company_name,fundamental_score,tier,quality,price_currency,financial_currency,fx_applied,fx_reliable,per_share_reliable,shares_price_ratio,coherence_issues,earnings_quality_score,growth_acceleration_score,relative_strength_score,financial_health_score,catalyst_timing_score,rs_line_score,rs_line_percentile,rs_line_at_new_high,rs_line_trend,eps_growth_yoy,eps_accelerating,eps_accel_quarters,rev_growth_yoy,rev_accelerating,rev_accel_quarters,earnings_details,growth_details,rs_details,health_details,catalyst_details,current_price,market_cap,sector,industry,short_percent_float,short_ratio,short_squeeze_potential,fifty_two_week_high,proximity_to_52w_high,trend_template_score,trend_template_pass,target_price_analyst,target_price_analyst_high,target_price_analyst_low,analyst_count,analyst_recommendation,analyst_upside_pct,target_price_dcf,target_price_dcf_upside_pct,target_price_pe,target_price_pe_upside_pct,fcf_yield_pct,fcf_per_share,dividend_yield_pct,payout_ratio_pct,dividend_rate,five_yr_avg_dividend_yield_pct,buyback_active,shares_change_pct,interest_coverage,analyst_revision_momentum,days_to_earnings,earnings_date,earnings_warning,earnings_catalyst,piotroski_score,piotroski_label,ebit_ev_yield,roic_greenblatt,peg_ratio,hv_30d,atm_iv,iv_ratio,iv_premium_pts,analyzed_at
VEEV,Veeva Systems Inc.,83.8,🏆 ELITE,🟢 Elite,USD,USD,False,True,True,1.0,,100.0,80.0,75.0,85.0,60.0,60.0,65.3,False,up,30.3,True,1,11.9,True,2,"{'eps_growth_yoy': 30.3, 'positive_quarters': 4, 'earnings_accelerating': True, 'eps_accel_quarters': 1, 'profit_margin_pct': 29.3}","{'revenue_growth_yoy': 11.9, 'revenue_accelerating': True, 'rev_accel_quarters': 2}","{'rs_3m': 50.2, 'rs_6m': 44.1, 'rs_line_percentile': 65.3, 'rs_line_at_new_high': False, 'rs_line_trend': 'up', 'rs_line_score': 60}","{'roe_pct': 14.4, 'debt_to_equity': 0.02, 'current_ratio': 5.46, 'operating_margin_pct': 29.6}","{'days_to_earnings': 'N/A', 'recommendation': 'buy', 'analyst_upside_pct': 2.9}",285.69,46255738880,Healthcare,Health Information Services,3.9,3.5,False,310.5,-8.0,5.0,False,294.07,350.0,180.0,27.0,buy,2.9,329.43,15.3,182.7,-36.0,2.72,7.77,,,,,True,-0.49,,27.6,85.0,2026-11-25,False,False,7,NEUTRAL,2.34,14.1,0.71,59.6,1.6,0.03,-58.0,2026-09-01T09:17:13.204754
CVX,Chevron Corporation,83.1,🏆 ELITE,🟢 Elite,USD,USD,False,True,True,1.0,,100.0,100.0,46.7,85.0,60.0,35.0,48.7,False,up,241.1,True,2,39.5,True,2,"{'eps_growth_yoy': 241.1, 'positive_quarters': 4, 'earnings_accelerating': True, 'eps_accel_quarters': 2, 'profit_margin_pct': 9.8}","{'revenue_growth_yoy': 39.5, 'revenue_accelerating': True, 'rev_accel_quarters': 2}","{'rs_3m': 9.6, 'rs_6m': -2.2, 'rs_line_percentile': 48.7, 'rs_line_at_new_high': False, 'rs_line_trend': 'up', 'rs_line_score': 35}","{'roe_pct': 12.2, 'debt_to_equity': 0.19, 'current_ratio': 1.25, 'operating_margin_pct': 21.9}","{'days_to_earnings': 'N/A', 'recommendation': 'buy', 'analyst_upside_pct': 5.9}",206.14,404364918784,Energy,Oil & Gas Integrated,0.8,2.0,False,214.71,-4.0,7.0,True,218.29,241.0,175.0,24.0,buy,5.9,474.19,130.0,318.6,54.6,5.42,11.18,3.53,67.2,7.12,3.99,True,-2.75,22.5,321.9,59.0,2026-10-30,False,False,5,NEUTRAL,4.78,9.3,0.05,24.9,,,,2026-09-01T09:21:34.033347
MSFT,Microsoft Corporation,81.5,🏆 ELITE,🟢 Elite,USD,USD,False,True,True,1.0,"FCF declarado (16,545,500,160) se aparta del derivado de flujo operativo menos capex (66,986,994,944)",100.0,70.0,68.7,95.0,60.0,60.0,58.3,False,up,28.9,True,1,15.9,True,1,"{'eps_growth_yoy': 28.9, 'positive_quarters': 4, 'earnings_accelerating': True, 'eps_accel_quarters': 1, 'profit_margin_pct': 40.3}","{'revenue_growth_yoy': 15.9, 'revenue_accelerating': True, 'rev_accel_quarters': 1}","{'rs_3m': 13.9, 'rs_6m': 12.8, 'rs_line_percentile': 58.3, 'rs_line_at_new_high': False, 'rs_line_trend': 'up', 'rs_line_score': 60}","{'roe_pct': 34.0, 'debt_to_equity': 0.29, 'current_ratio': 1.23, 'operating_margin_pct': 45.1}","{'days_to_earnings': 'N/A', 'recommendation': 'strong_buy', 'analyst_upside_pct': 12.3}",507.29,3766905208832,Technology,Software - Infrastructure,0.9,1.9,False,553.72,-8.4,5.0,False,569.45,870.0,400.0,52.0,strong_buy,12.3,94.49,-81.4,532.8,5.0,0.44,2.23,0.71,19.8,3.64,0.79,True,-0.59,55.4,31.7,57.0,2026-10-28,False,False,6,NEUTRAL,4.42,44.9,0.68,26.7,,,,2026-09-01T09:16:00.629586
INTU,Intuit Inc.,79.6,⭐⭐⭐ EXCELLENT,🟢 Excellent,USD,USD,False,True,True,1.0,"FCF declarado (6,438,624,768) se aparta del derivado de flujo operativo menos capex (8,713,999,616)",100.0,100.0,26.7,85.0,65.0,15.0,17.5,False,up,704.2,True,2,123.4,True,2,"{'eps_growth_yoy': 704.2, 'positive_quarters': 4, 'earnings_accelerating': True, 'eps_accel_quarters': 2, 'profit_margin_pct': 21.3}","{'revenue_growth_yoy': 123.4, 'revenue_accelerating': True, 'rev_accel_quarters': 2}","{'rs_3m': 0.8, 'rs_6m': -27.0, 'rs_line_percentile': 17.5, 'rs_line_at_new_high': False, 'rs_line_trend': 'up', 'rs_line_score': 15}","{'roe_pct': 23.6, 'debt_to_equity': 0.44, 'current_ratio': 1.51, 'operating_margin_pct': 17.6}","{'days_to_earnings': 'N/A', 'recommendation': 'buy', 'analyst_upside_pct': 17.9}",359.3,98281840640,Technology,Software - Application,3.8,2.4,False,705.08,-49.0,2.0,False,423.46,921.0,290.0,32.0,buy,17.9,346.35,-3.6,165.3,-54.0,6.55,23.54,1.54,29.2,5.52,0.67,True,-4.16,24.8,-0.6,79.0,2026-11-19,False,False,9,STRONG,5.14,97.0,,42.9,0.2,0.0,-42.7,2026-09-01T09:16:16.960757
BR,"Broadridge Financial Solutions, Inc.",78.6,⭐⭐⭐ EXCELLENT,🟢 Excellent,USD,USD,False,True,True,1.0,,100.0,80.0,50.3,80.0,65.0,35.0,26.6,False,up,140.7,True,1,39.7,False,0,"{'eps_growth_yoy': 140.7, 'positive_quarters': 4, 'earnings_accelerating': True, 'eps_accel_quarters': 1, 'profit_margin_pct': 15.0}","{'revenue_growth_yoy': 39.7, 'revenue_accelerating': False, 'rev_accel_quarters': 0}","{'rs_3m': 13.5, 'rs_6m': -14.4, 'rs_line_percentile': 26.6, 'rs_line_at_new_high': False, 'rs_line_trend': 'up', 'rs_line_score': 35}","{'roe_pct': 40.9, 'debt_to_equity': 1.24, 'current_ratio': 1.24, 'operating_margin_pct': 24.6}","{'days_to_earnings': 'N/A', 'recommendation': 'buy', 'analyst_upside_pct': 16.9}",182.38,20795295744,Technology,Information Technology Services,3.3,2.9,False,256.67,-28.9,3.0,False,213.25,250.0,176.0,8.0,buy,16.9,193.4,6.0,95.4,-47.7,5.74,10.48,2.37,40.6,4.36,1.68,True,-2.9,13.9,5.9,63.0,2026-11-03,False,False,8,STRONG,6.51,211.6,1.88,36.7,,,,2026-09-01T09:15:48.406419
RACE,Ferrari N.V.,77.8,⭐⭐⭐ EXCELLENT,🟢 Excellent,USD,EUR,True,True,True,1.0,"FCF declarado (1,162,257,002) se aparta del derivado de flujo operativo menos capex (1,849,036,382)",100.0,70.0,53.9,90.0,60.0,35.0,34.7,False,up,21.2,True,2,9.7,True,2,"{'eps_growth_yoy': 21.2, 'positive_quarters': 4, 'earnings_accelerating': True, 'eps_accel_quarters': 2, 'profit_margin_pct': 22.2}","{'revenue_growth_yoy': 9.7, 'revenue_accelerating': True, 'rev_accel_quarters': 2}","{'rs_3m': 19.8, 'rs_6m': 4.5, 'rs_line_percentile': 34.7, 'rs_line_at_new_high': False, 'rs_line_trend': 'up', 'rs_line_score': 35}","{'roe_pct': 45.4, 'debt_to_equity': 0.86, 'current_ratio': 2.43, 'operating_margin_pct': 31.1}","{'days_to_earnings': 'N/A', 'recommendation': 'strong_buy', 'analyst_upside_pct': 9.3}",422.6,74278215680,Consumer Cyclical,Auto Manufacturers,2.7,6.8,False,504.49,-16.2,6.0,False,462.11,533.58,400.46,14.0,strong_buy,9.3,130.9,-69.0,109.69,-74.0,1.56,6.61,1.0,39.0,4.23,0.68,True,-1.07,63.9,10.1,63.0,2026-11-03,False,False,9,STRONG,2.77,46.9,3.3,23.1,,,,2026-09-01T09:18:24.816703
CBOE,"Cboe Global Markets, Inc.",76.8,⭐⭐⭐ EXCELLENT,🟢 Excellent,USD,USD,False,True,True,1.0,"FCF declarado (678,249,984) se aparta del derivado de flujo operativo menos capex (1,891,800,000)",85.0,90.0,44.0,100.0,50.0,35.0,43.0,False,up,17.4,False,0,26.4,True,2,"{'eps_growth_yoy': 17.4, 'positive_quarters': 4, 'earnings_accelerating': False, 'eps_accel_quarters': 0, 'profit_margin_pct': 26.7}","{'revenue_growth_yoy': 26.4, 'revenue_accelerating': True, 'rev_accel_quarters': 2}","{'rs_3m': -1.5, 'rs_6m': -12.2, 'rs_line_percentile': 43.0, 'rs_line_at_new_high': False, 'rs_line_trend': 'up', 'rs_line_score': 35}","{'roe_pct': 26.3, 'debt_to_equity': 0.28, 'current_ratio': 1.56, 'operating_margin_pct': 34.6}","{'days_to_earnings': 'N/A', 'recommendation': 'hold', 'analyst_upside_pct': 5.0}",300.2,31350192128,Financial Services,Financial Data & Stock Exchanges,3.0,2.9,False,371.18,-19.1,6.0,False,315.14,356.0,258.0,14.0,hold,5.0,275.43,-8.3,384.6,28.1,2.16,6.49,1.11,22.4,3.44,1.29,True,-0.24,36.6,20.1,59.0,2026-10-30,False,False,8,STRONG,5.29,70.3,0.39,40.8,,,,2026-09-01T09:20:49.738354
THC,Tenet Healthcare Corporation,76.5,⭐⭐⭐ EXCELLENT,🟢 Excellent,USD,USD,False,True,True,1.0,"FCF declarado (2,247,875,072) se aparta del derivado de flujo operativo menos capex (3,005,000,064)",100.0,60.0,71.0,75.0,60.0,80.0,86.9,False,up,141.5,False,0,14.2,False,0,"{'eps_growth_yoy': 141.5, 'positive_quarters': 4, 'earnings_accelerating': False, 'eps_accel_quarters': 0, 'profit_margin_pct': 10.3}","{'revenue_growth_yoy': 14.2, 'revenue_accelerating': False, 'rev_accel_quarters': 0}","{'rs_3m': 55.1, 'rs_6m': -0.3, 'rs_line_percentile': 86.9, 'rs_line_at_new_high': False, 'rs_line_trend': 'up', 'rs_line_score': 80}","{'roe_pct': 37.3, 'debt_to_equity': 1.52, 'current_ratio': 1.41, 'operating_margin_pct': 18.2}","{'days_to_earnings': 'N/A', 'recommendation': 'strong_buy', 'analyst_upside_pct': 7.2}",265.91,21410807808,Healthcare,Medical Care Facilities,3.7,1.9,False,283.05,-6.1,8.0,True,285.1,315.0,260.0,21.0,strong_buy,7.2,1183.92,345.2,773.7,191.0,10.5,27.92,,,,2.75,True,-7.71,5.7,213.4,56.0,2026-10-27,False,False,6,NEUTRAL,9.91,33.4,0.06,28.3,1.6,0.06,-26.7,2026-09-01T09:23:00.276888
POOL,Pool Corporation,76.3,⭐⭐⭐ EXCELLENT,🟢 Excellent,USD,USD,False,True,True,1.0,"FCF declarado (212,930,256) se aparta del derivado de flujo operativo menos capex (310,312,016)",100.0,90.0,26.7,80.0,65.0,15.0,3.6,False,down,48.1,True,2,25.6,True,2,"{'eps_growth_yoy': 48.1, 'positive_quarters': 4, 'earnings_accelerating': True, 'eps_accel_quarters': 2, 'profit_margin_pct': 7.4}","{'revenue_growth_yoy': 25.6, 'revenue_accelerating': True, 'rev_accel_quarters': 2}","{'rs_3m': 1.9, 'rs_6m': -27.6, 'rs_line_percentile': 3.6, 'rs_line_at_new_high': False, 'rs_line_trend': 'down', 'rs_line_score': 15}","{'roe_pct': 31.3, 'debt_to_equity': 1.35, 'current_ratio': 2.67, 'operating_margin_pct': 15.1}","{'days_to_earnings': 'N/A', 'recommendation': 'buy', 'analyst_upside_pct': 17.7}",186.52,6778276352,Industrials,Industrial Distribution,11.4,4.1,True,336.15,-44.5,0.0,False,219.5,260.0,185.0,12.0,buy,17.7,86.21,-53.8,108.0,-42.1,3.14,5.86,2.76,46.4,5.2,1.26,True,-4.06,16.2,,51.0,2026-10-22,False,False,5,NEUTRAL,6.88,34.5,2.12,40.5,,,,2026-09-01T09:22:06.247707
HEI,HEICO Corporation,76.3,⭐⭐⭐ EXCELLENT,🟢 Excellent,USD,USD,False,True,False,0.3953,"acciones × precio no cuadra con la capitalización (ratio 0.3953): el dato por acción y el precio no están en la misma unidad — típico de ADR. Los ratios por acción (EPS, FCF/acción, DCF) no son utilizables",100.0,70.0,44.0,90.0,65.0,35.0,42.1,False,down,31.8,True,1,19.9,True,1,"{'eps_growth_yoy': 31.8, 'positive_quarters': 4, 'earnings_accelerating': True, 'eps_accel_quarters': 1, 'profit_margin_pct': 16.4}","{'revenue_growth_yoy': 19.9, 'revenue_accelerating': True, 'rev_accel_quarters': 1}","{'rs_3m': -1.8, 'rs_6m': -12.7, 'rs_line_percentile': 42.1, 'rs_line_at_new_high': False, 'rs_line_trend': 'down', 'rs_line_score': 35}","{'roe_pct': 17.7, 'debt_to_equity': 0.45, 'current_ratio': 2.72, 'operating_margin_pct': 25.1}","{'days_to_earnings': 'N/A', 'recommendation': 'buy', 'analyst_upside_pct': 19.3}",331.15,46280663040,Industrials,Aerospace & Defense,1.4,1.7,False,376.86,-12.1,4.0,False,395.0,472.0,294.0,19.0,buy,19.3,,,,,1.83,15.3,0.07,4.2,0.25,0.1,False,,9.0,32.5,107.0,2026-12-17,False,False,8,STRONG,2.08,52.3,1.43,22.8,,,,2026-09-01T09:18:52.754140
CDNS,"Cadence Design Systems, Inc.",76.3,⭐⭐⭐ EXCELLENT,🟢 Excellent,USD,USD,False,True,True,1.0,,100.0,70.0,44.0,90.0,65.0,35.0,28.6,False,down,27.8,True,1,18.3,True,1,"{'eps_growth_yoy': 27.8, 'positive_quarters': 4, 'earnings_accelerating': True, 'eps_accel_quarters': 1, 'profit_margin_pct': 23.6}","{'revenue_growth_yoy': 18.3, 'revenue_accelerating': True, 'rev_accel_quarters': 1}","{'rs_3m': -19.4, 'rs_6m': -1.7, 'rs_line_percentile': 28.6, 'rs_line_at_new_high': False, 'rs_line_trend': 'down', 'rs_line_score': 35}","{'roe_pct': 23.2, 'debt_to_equity': 0.39, 'current_ratio': 1.74, 'operating_margin_pct': 28.6}","{'days_to_earnings': 'N/A', 'recommendation': 'strong_buy', 'analyst_upside_pct': 19.0}",338.78,93297639424,Technology,Software - Application,1.6,1.9,False,416.69,-18.7,4.0,False,403.12,470.0,300.0,27.0,strong_buy,19.0,247.88,-26.8,150.3,-55.6,1.73,5.85,,,,,True,-1.09,15.6,125.4,55.0,2026-10-26,False,False,7,NEUTRAL,1.74,44.0,0.28,30.5,0.4,0.01,-30.1,2026-09-01T09:19:04.235233
WST,"West Pharmaceutical Services, Inc.",76.0,⭐⭐⭐ EXCELLENT,🟢 Excellent,USD,USD,False,True,True,1.0,"FCF declarado (277,937,504) se aparta del derivado de flujo operativo menos capex (376,300,000)",100.0,50.0,68.7,95.0,55.0,60.0,70.4,False,flat,10.0,True,2,8.4,False,0,"{'eps_growth_yoy': 10.0, 'positive_quarters': 4, 'earnings_accelerating': True, 'eps_accel_quarters': 2, 'profit_margin_pct': 17.0}","{'revenue_growth_yoy': 8.4, 'revenue_accelerating': False, 'rev_accel_quarters': 0}","{'rs_3m': 6.7, 'rs_6m': 22.6, 'rs_line_percentile': 70.4, 'rs_line_at_new_high': False, 'rs_line_trend': 'flat', 'rs_line_score': 60}","{'roe_pct': 19.1, 'debt_to_equity': 0.11, 'current_ratio': 2.82, 'operating_margin_pct': 22.5}","{'days_to_earnings': 'N/A', 'recommendation': 'none', 'analyst_upside_pct': 18.7}",341.11,24005873664,Healthcare,Medical Instruments & Supplies,3.5,2.8,False,386.0,-11.6,7.0,True,404.73,459.0,340.0,15.0,none,18.7,107.46,-68.5,142.63,-58.2,1.16,3.95,0.26,11.1,0.88,0.25,True,-1.9,155.1,9.0,51.0,2026-10-22,False,False,7,NEUTRAL,2.52,19.0,1.89,16.4,,,,2026-09-01T09:17:56.414361
NUE,Nucor Corporation,75.8,⭐⭐⭐ EXCELLENT,🟢 Excellent,USD,USD,False,True,True,1.0,"FCF declarado (683,374,976) se aparta del derivado de flujo operativo menos capex (1,002,000,000)",85.0,70.0,74.0,80.0,60.0,80.0,79.1,False,flat,23.2,True,1,12.3,True,1,"{'eps_growth_yoy': 23.2, 'positive_quarters': 4, 'earnings_accelerating': True, 'eps_accel_quarters': 1, 'profit_margin_pct': 8.0}","{'revenue_growth_yoy': 12.3, 'revenue_accelerating': True, 'rev_accel_quarters': 1}","{'rs_3m': -1.7, 'rs_6m': 25.7, 'rs_line_percentile': 79.1, 'rs_line_at_new_high': False, 'rs_line_trend': 'flat', 'rs_line_score': 80}","{'roe_pct': 14.5, 'debt_to_equity': 0.31, 'current_ratio': 2.51, 'operating_margin_pct': 15.7}","{'days_to_earnings': 'N/A', 'recommendation': 'buy', 'analyst_upside_pct': 13.3}",249.64,56637243392,Basic Materials,Steel,2.1,2.6,False,280.11,-10.9,8.0,True,282.81,305.0,231.0,16.0,buy,13.3,127.74,-48.8,374.4,50.0,1.21,3.01,0.89,17.8,2.24,1.41,True,-0.93,23.8,93.8,55.0,2026-10-26,False,False,6,NEUTRAL,4.4,11.9,0.14,34.8,0.2,0.01,-34.6,2026-09-01T09:22:13.912186
G24.DE,Scout24 SE,75.2,⭐⭐⭐ EXCELLENT,🟢 Excellent,EUR,EUR,False,True,True,1.0,,100.0,70.0,54.5,65.0,70.0,,,,,61.9,True,1,20.0,True,1,"{'eps_growth_yoy': 61.9, 'positive_quarters': 4, 'earnings_accelerating': True, 'eps_accel_quarters': 1, 'profit_margin_pct': 40.2}","{'revenue_growth_yoy': 20.0, 'revenue_accelerating': True, 'rev_accel_quarters': 1}","{'rs_3m': 4.4, 'rs_6m': -2.7}","{'roe_pct': 22.8, 'debt_to_equity': 0.59, 'current_ratio': 0.23, 'operating_margin_pct': 44.9}","{'days_to_earnings': 'N/A', 'recommendation': 'buy', 'analyst_upside_pct': 34.7}",78.6,5473722368,Communication Services,Internet Content & Information,,,False,113.9,-31.0,3.0,False,105.91,140.0,80.0,18.0,buy,34.7,159.71,103.2,119.1,51.5,4.79,3.77,1.86,37.8,1.5,1.52,,,28.2,66.7,64.0,2026-11-04,False,False,6,NEUTRAL,4.58,635.9,0.25,36.3,,,,2026-09-01T09:21:14.061947
OXY,Occidental Petroleum Corporation,74.8,⭐⭐⭐ EXCELLENT,🟢 Excellent,USD,USD,False,True,True,1.0,,100.0,70.0,46.7,80.0,60.0,35.0,44.8,False,up,259.2,True,2,21.8,False,0,"{'eps_growth_yoy': 259.2, 'positive_quarters': 3, 'earnings_accelerating': True, 'eps_accel_quarters': 2, 'profit_margin_pct': 30.3}","{'revenue_growth_yoy': 21.8, 'revenue_accelerating': False, 'rev_accel_quarters': 0}","{'rs_3m': 1.4, 'rs_6m': -1.3, 'rs_line_percentile': 44.8, 'rs_line_at_new_high': False, 'rs_line_trend': 'up', 'rs_line_score': 35}","{'roe_pct': 10.6, 'debt_to_equity': 0.35, 'current_ratio': 1.41, 'operating_margin_pct': 45.4}","{'days_to_earnings': 'N/A', 'recommendation': 'buy', 'analyst_upside_pct': 11.0}",60.18,60158177280,Energy,Oil & Gas E&P,0.0,0.0,False,67.45,-10.8,7.0,True,66.83,79.0,55.0,23.0,buy,11.0,160.71,167.0,101.7,69.0,6.3,3.79,1.9,29.5,1.12,1.14,True,-0.19,6.2,675.4,69.0,2026-11-09,False,False,4,NEUTRAL,5.19,6.4,0.02,32.8,,,,2026-09-01T09:21:21.947349
BRK-B,Berkshire Hathaway Inc.,74.7,⭐⭐⭐ EXCELLENT,🟢 Excellent,USD,USD,False,True,False,0.6577,"acciones × precio no cuadra con la capitalización (ratio 0.6577): el dato por acción y el precio no están en la misma unidad — típico de ADR. Los ratios por acción (EPS, FCF/acción, DCF) no son utilizables | FCF declarado (71,975,247,872) se aparta del derivado de flujo operativo menos capex (25,707",100.0,70.0,38.7,90.0,60.0,15.0,20.9,False,flat,107.5,True,1,19.2,True,1,"{'eps_growth_yoy': 107.5, 'positive_quarters': 4, 'earnings_accelerating': True, 'eps_accel_quarters': 1, 'profit_margin_pct': 22.3}","{'revenue_growth_yoy': 19.2, 'revenue_accelerating': True, 'rev_accel_quarters': 1}","{'rs_3m': 5.9, 'rs_6m': -8.4, 'rs_line_percentile': 20.9, 'rs_line_at_new_high': False, 'rs_line_trend': 'flat', 'rs_line_score': 15}","{'roe_pct': 12.1, 'debt_to_equity': 0.17, 'current_ratio': 2.89, 'operating_margin_pct': 32.6}","{'days_to_earnings': 'N/A', 'recommendation': 'buy', 'analyst_upside_pct': 8.7}",504.03,1078981951488,Financial Services,Insurance - Diversified,1.0,2.3,False,537.74,-6.3,5.0,False,547.67,604.0,510.0,3.0,buy,8.7,,,,,6.67,51.12,,,,,True,-0.41,18.5,75.5,67.0,2026-11-07,False,False,4,NEUTRAL,,,0.21,15.4,0.2,0.01,-15.2,2026-09-01T09:18:36.559583
JNJ,Johnson & Johnson,74.3,⭐⭐⭐ EXCELLENT,🟢 Excellent,USD,USD,False,True,True,1.0,,95.0,60.0,60.3,85.0,60.0,60.0,72.3,False,up,7.4,True,2,5.5,True,1,"{'eps_growth_yoy': 7.4, 'positive_quarters': 4, 'earnings_accelerating': True, 'eps_accel_quarters': 2, 'profit_margin_pct': 21.5}","{'revenue_growth_yoy': 5.5, 'revenue_accelerating': True, 'rev_accel_quarters': 1}","{'rs_3m': 18.3, 'rs_6m': -5.2, 'rs_line_percentile': 72.3, 'rs_line_at_new_high': False, 'rs_line_trend': 'up', 'rs_line_score': 60}","{'roe_pct': 25.7, 'debt_to_equity': 0.58, 'current_ratio': 1.09, 'operating_margin_pct': 29.2}","{'days_to_earnings': 'N/A', 'recommendation': 'buy', 'analyst_upside_pct': 2.5}",265.85,640671547392,Healthcare,Drug Manufacturers - General,1.0,2.8,False,276.47,-3.8,8.0,True,272.5,305.0,190.0,22.0,buy,2.5,103.1,-61.2,85.6,-67.8,2.64,7.01,2.0,60.8,5.36,2.77,True,-1.26,25.9,-0.9,42.0,2026-10-13,False,False,4,NEUTRAL,5.02,136.0,,18.6,,,,2026-09-01T09:20:46.005554
NDAQ,"Nasdaq, Inc.",74.1,⭐⭐⭐ EXCELLENT,🟢 Excellent,USD,USD,False,True,True,1.0,,85.0,80.0,56.7,75.0,60.0,60.0,58.5,False,up,19.9,False,0,29.3,True,1,"{'eps_growth_yoy': 19.9, 'positive_quarters': 4, 'earnings_accelerating': False, 'eps_accel_quarters': 0, 'profit_margin_pct': 35.0}","{'revenue_growth_yoy': 29.3, 'revenue_accelerating': True, 'rev_accel_quarters': 1}","{'rs_3m': 5.4, 'rs_6m': -0.6, 'rs_line_percentile': 58.5, 'rs_line_at_new_high': False, 'rs_line_trend': 'up', 'rs_line_score': 60}","{'roe_pct': 16.5, 'debt_to_equity': 0.78, 'current_ratio': 1.01, 'operating_margin_pct': 49.3}","{'days_to_earnings': 'N/A', 'recommendation': 'buy', 'analyst_upside_pct': 11.3}",98.61,55120756736,Financial Services,Financial Data & Stock Exchanges,2.4,2.6,False,101.79,-3.1,5.0,False,109.8,135.0,84.0,15.0,buy,11.3,70.38,-28.6,47.94,-51.4,3.07,3.03,1.17,32.7,1.16,1.28,True,-2.37,8.3,14.1,51.0,2026-10-22,False,False,9,STRONG,3.91,205.3,1.5,12.3,0.8,0.06,-11.5,2026-09-01T09:19:29.155225
IDXX,"IDEXX Laboratories, Inc.",74.0,⭐⭐⭐ EXCELLENT,🟢 Excellent,USD,USD,False,True,True,1.0,"FCF declarado (909,368,384) se aparta del derivado de flujo operativo menos capex (1,233,284,016)",100.0,80.0,24.0,85.0,65.0,15.0,4.7,False,down,23.2,True,2,10.1,True,2,"{'eps_growth_yoy': 23.2, 'positive_quarters': 4, 'earnings_accelerating': True, 'eps_accel_quarters': 2, 'profit_margin_pct': 25.0}","{'revenue_growth_yoy': 10.1, 'revenue_accelerating': True, 'rev_accel_quarters': 2}","{'rs_3m': -3.0, 'rs_6m': -25.9, 'rs_line_percentile': 4.7, 'rs_line_at_new_high': False, 'rs_line_trend': 'down', 'rs_line_score': 15}","{'roe_pct': 74.2, 'debt_to_equity': 0.68, 'current_ratio': 1.17, 'operating_margin_pct': 35.0}","{'days_to_earnings': 'N/A', 'recommendation': 'buy', 'analyst_upside_pct': 25.5}",556.69,43856662528,Healthcare,Diagnostics & Research,2.8,3.1,False,769.98,-27.7,0.0,False,698.92,805.0,470.0,13.0,buy,25.5,308.05,-44.7,250.8,-54.9,2.07,11.54,,,,,True,-2.68,38.7,12.3,62.0,2026-11-02,False,False,8,STRONG,3.05,120.0,1.89,28.7,0.8,0.03,-27.9,2026-09-01T09:16:29.119589
DBOEY,Deutsche Börse AG,73.8,⭐⭐⭐ EXCELLENT,🟢 Excellent,USD,EUR,True,True,True,1.0,,85.0,60.0,76.7,80.0,60.0,80.0,89.4,False,up,11.9,False,0,11.7,False,0,"{'eps_growth_yoy': 11.9, 'positive_quarters': 4, 'earnings_accelerating': False, 'eps_accel_quarters': 0, 'profit_margin_pct': 27.3}","{'revenue_growth_yoy': 11.7, 'revenue_accelerating': False, 'rev_accel_quarters': 0}","{'rs_3m': 14.6, 'rs_6m': 11.4, 'rs_line_percentile': 89.4, 'rs_line_at_new_high': False, 'rs_line_trend': 'up', 'rs_line_score': 80}","{'roe_pct': 20.4, 'debt_to_equity': 0.58, 'current_ratio': 1.01, 'operating_margin_pct': 41.9}","{'days_to_earnings': 'N/A', 'recommendation': 'strong_buy', 'analyst_upside_pct': 3.4}",33.4,60216078336,Financial Services,Financial Data & Stock Exchanges,,,False,33.91,-1.5,8.0,True,34.53,34.53,34.53,1.0,strong_buy,3.4,32.12,-3.8,18.36,-45.0,4.2,1.4,1.44,36.0,0.49,1.9,,,,6.9,49.0,2026-10-20,False,False,5,NEUTRAL,4.69,66.8,1.55,15.7,,,,2026-09-01T09:17:52.812658
BAC,Bank of America Corporation,73.6,⭐⭐⭐ EXCELLENT,🟢 Excellent,USD,USD,False,True,True,1.0,,95.0,60.0,76.7,65.0,50.0,80.0,79.1,False,up,20.6,True,1,14.4,False,0,"{'eps_growth_yoy': 20.6, 'positive_quarters': 4, 'earnings_accelerating': True, 'eps_accel_quarters': 1, 'profit_margin_pct': 29.5}","{'revenue_growth_yoy': 14.4, 'revenue_accelerating': False, 'rev_accel_quarters': 0}","{'rs_3m': 19.6, 'rs_6m': 12.4, 'rs_line_percentile': 79.1, 'rs_line_at_new_high': False, 'rs_line_trend': 'up', 'rs_line_score': 80}","{'roe_pct': 11.2, 'operating_margin_pct': 38.3}","{'days_to_earnings': 'N/A', 'recommendation': 'none', 'analyst_upside_pct': 11.0}",61.94,433130831872,Financial Services,Banks - Diversified,0.0,0.0,False,65.23,-5.0,8.0,True,68.77,75.0,62.0,22.0,none,11.0,76.49,23.5,129.9,109.7,2.91,1.8,2.05,25.9,1.28,2.35,True,-5.81,,17.1,43.0,2026-10-14,False,False,5,NEUTRAL,,,0.34,16.0,0.2,0.01,-15.8,2026-09-01T09:21:25.984952
HHH,Howard Hughes Holdings Inc.,73.6,⭐⭐⭐ EXCELLENT,🟢 Excellent,USD,USD,False,True,True,1.0,"FCF declarado (-1,133,985,280) se aparta del derivado de flujo operativo menos capex (783,653,000)",100.0,90.0,26.7,65.0,60.0,15.0,1.0,False,down,32.5,True,2,187.6,True,1,"{'eps_growth_yoy': 32.5, 'positive_quarters': 4, 'earnings_accelerating': True, 'eps_accel_quarters': 2, 'profit_margin_pct': 12.3}","{'revenue_growth_yoy': 187.6, 'revenue_accelerating': True, 'rev_accel_quarters': 1}","{'rs_3m': 0.7, 'rs_6m': -25.1, 'rs_line_percentile': 1.0, 'rs_line_at_new_high': False, 'rs_line_trend': 'down', 'rs_line_score': 15}","{'roe_pct': 7.5, 'debt_to_equity': 1.35, 'current_ratio': 3.48, 'operating_margin_pct': 28.4}","{'days_to_earnings': 'N/A', 'recommendation': 'none', 'analyst_upside_pct': 39.8}",64.13,3829909760,Real Estate,Real Estate - Development,9.8,7.7,True,91.07,-29.6,0.0,False,89.67,100.0,79.0,3.0,none,39.8,,,150.3,134.4,-29.61,-18.99,,,,,False,,3.2,,69.0,2026-11-09,False,False,6,NEUTRAL,4.98,14.6,,28.8,1.6,0.05,-27.2,2026-09-01T09:22:47.908577
KO,The Coca-Cola Company,73.1,⭐⭐⭐ EXCELLENT,🟢 Excellent,USD,USD,False,True,True,1.0,"FCF declarado (5,218,749,952) se aparta del derivado de flujo operativo menos capex (14,229,999,616)",85.0,70.0,60.3,80.0,60.0,60.0,74.0,False,up,19.7,False,0,7.4,True,2,"{'eps_growth_yoy': 19.7, 'positive_quarters': 4, 'earnings_accelerating': False, 'eps_accel_quarters': 0, 'profit_margin_pct': 28.6}","{'revenue_growth_yoy': 7.4, 'revenue_accelerating': True, 'rev_accel_quarters': 2}","{'rs_3m': 12.2, 'rs_6m': -1.3, 'rs_line_percentile': 74.0, 'rs_line_at_new_high': False, 'rs_line_trend': 'up', 'rs_line_score': 60}","{'roe_pct': 42.1, 'debt_to_equity': 1.16, 'current_ratio': 1.3, 'operating_margin_pct': 34.9}","{'days_to_earnings': 'N/A', 'recommendation': 'buy', 'analyst_upside_pct': 6.8}",88.67,381507010560,Consumer Defensive,Beverages - Non-Alcoholic,0.9,2.4,False,92.49,-4.1,8.0,True,94.7,104.0,75.0,23.0,buy,6.8,31.5,-64.5,55.6,-37.3,1.37,1.21,2.36,62.5,2.12,2.87,True,-0.25,12.0,16.9,49.0,2026-10-20,False,False,7,NEUTRAL,4.29,91.1,1.49,14.7,0.8,0.05,-13.9,2026-09-01T09:16:04.616215
TT,Trane Technologies plc,72.7,⭐⭐⭐ EXCELLENT,🟢 Excellent,USD,USD,False,True,True,1.0,,90.0,80.0,36.0,80.0,65.0,15.0,23.1,False,down,9.1,True,2,10.6,True,2,"{'eps_growth_yoy': 9.1, 'positive_quarters': 4, 'earnings_accelerating': True, 'eps_accel_quarters': 2, 'profit_margin_pct': 13.3}","{'revenue_growth_yoy': 10.6, 'revenue_accelerating': True, 'rev_accel_quarters': 2}","{'rs_3m': -1.9, 'rs_6m': -17.6, 'rs_line_percentile': 23.1, 'rs_line_at_new_high': False, 'rs_line_trend': 'down', 'rs_line_score': 15}","{'roe_pct': 36.6, 'debt_to_equity': 0.53, 'current_ratio': 1.07, 'operating_margin_pct': 19.3}","{'days_to_earnings': 'N/A', 'recommendation': 'buy', 'analyst_upside_pct': 18.6}",444.4,97778302976,Industrials,Building Products & Equipment,1.3,2.2,False,505.87,-12.2,4.0,False,526.99,575.0,422.0,21.0,buy,18.6,248.18,-44.2,134.2,-69.8,3.19,14.19,0.94,29.7,4.2,1.19,True,-1.39,18.0,5.0,58.0,2026-10-29,False,False,9,STRONG,3.86,102.0,3.58,26.2,,,,2026-09-01T09:19:37.347455
V,Visa Inc.,72.3,⭐⭐⭐ EXCELLENT,🟢 Excellent,USD,USD,False,True,False,0.9127,"acciones × precio no cuadra con la capitalización (ratio 0.9127): el dato por acción y el precio no están en la misma unidad — típico de ADR. Los ratios por acción (EPS, FCF/acción, DCF) no son utilizables",85.0,70.0,63.9,70.0,60.0,60.0,59.8,False,up,10.6,False,0,8.5,True,2,"{'eps_growth_yoy': 10.6, 'positive_quarters': 4, 'earnings_accelerating': False, 'eps_accel_quarters': 0, 'profit_margin_pct': 50.8}","{'revenue_growth_yoy': 8.5, 'revenue_accelerating': True, 'rev_accel_quarters': 2}","{'rs_3m': 16.5, 'rs_6m': 5.5, 'rs_line_percentile': 59.8, 'rs_line_at_new_high': False, 'rs_line_trend': 'up', 'rs_line_score': 60}","{'roe_pct': 61.2, 'debt_to_equity': 0.68, 'current_ratio': 0.98, 'operating_margin_pct': 66.1}","{'days_to_earnings': 'N/A', 'recommendation': 'strong_buy', 'analyst_upside_pct': 10.2}",379.37,708301750272,Financial Services,Credit Services,1.3,3.2,False,385.57,-1.6,5.0,False,417.9,460.0,330.0,37.0,strong_buy,10.2,,,,,2.88,11.97,0.7,22.1,2.68,0.7,True,-3.02,35.7,10.2,56.0,2026-10-27,False,False,6,NEUTRAL,3.75,381.9,2.48,18.5,0.2,0.01,-18.3,2026-09-01T09:14:38.471113
EQIX,"Equinix, Inc.",72.3,⭐⭐⭐ EXCELLENT,🟢 Excellent,USD,USD,False,True,True,1.0,"FCF declarado (3,776,000,000) se aparta del derivado de flujo operativo menos capex (-368,999,872)",90.0,70.0,54.0,70.0,65.0,60.0,61.0,False,down,28.1,False,0,13.3,True,1,"{'eps_growth_yoy': 28.1, 'positive_quarters': 4, 'earnings_accelerating': False, 'eps_accel_quarters': 0, 'profit_margin_pct': 15.5}","{'revenue_growth_yoy': 13.3, 'revenue_accelerating': True, 'rev_accel_quarters': 1}","{'rs_3m': -1.2, 'rs_6m': -3.9, 'rs_line_percentile': 61.0, 'rs_line_at_new_high': False, 'rs_line_trend': 'down', 'rs_line_score': 60}","{'roe_pct': 10.7, 'debt_to_equity': 1.62, 'current_ratio': 1.13, 'operating_margin_pct': 27.0}","{'days_to_earnings': 'N/A', 'recommendation': 'buy', 'analyst_upside_pct': 17.9}",1046.72,103281623040,Real Estate,REIT - Specialty,1.9,2.8,False,1128.68,-7.3,6.0,False,1234.55,1400.0,1060.0,29.0,buy,17.9,1554.22,48.5,449.28,-57.1,3.66,38.27,1.98,126.8,20.64,1.86,False,,4.0,28.8,57.0,2026-10-28,False,False,6,NEUTRAL,1.62,7.8,1.94,25.3,0.4,0.02,-24.9,2026-09-01T09:19:57.534845
MRSH,"Marsh & McLennan Companies, Inc.",72.1,⭐⭐⭐ EXCELLENT,🟢 Excellent,USD,USD,False,True,True,1.0,,100.0,60.0,50.3,80.0,50.0,35.0,35.9,False,up,69.5,False,0,16.6,False,0,"{'eps_growth_yoy': 69.5, 'positive_quarters': 4, 'earnings_accelerating': False, 'eps_accel_quarters': 0, 'profit_margin_pct': 14.2}","{'revenue_growth_yoy': 16.6, 'revenue_accelerating': False, 'rev_accel_quarters': 0}","{'rs_3m': 16.2, 'rs_6m': -10.4, 'rs_line_percentile': 35.9, 'rs_line_at_new_high': False, 'rs_line_trend': 'up', 'rs_line_score': 35}","{'roe_pct': 25.9, 'debt_to_equity': 1.45, 'current_ratio': 1.14, 'operating_margin_pct': 26.3}","{'days_to_earnings': 'N/A', 'recommendation': 'hold', 'analyst_upside_pct': 9.1}",189.8,90574700544,Financial Services,Insurance Brokers,1.6,3.0,False,207.83,-8.7,5.0,False,207.1,238.0,182.0,21.0,hold,9.1,176.87,-6.8,80.7,-57.5,5.28,10.03,2.06,44.0,3.96,1.46,True,-3.21,6.6,2.9,44.0,2026-10-15,False,False,6,NEUTRAL,5.83,146.7,2.28,16.5,0.2,0.01,-16.3,2026-09-01T09:15:19.585973
CP,Canadian Pacific Kansas City Limited,71.6,⭐⭐⭐ EXCELLENT,🟢 Excellent,USD,CAD,True,True,True,1.0,"FCF declarado (1,572,864,876) se aparta del derivado de flujo operativo menos capex (825,735,978)",95.0,70.0,56.7,55.0,60.0,60.0,66.5,False,up,11.3,True,1,13.7,True,1,"{'eps_growth_yoy': 11.3, 'positive_quarters': 4, 'earnings_accelerating': True, 'eps_accel_quarters': 1, 'profit_margin_pct': 25.0}","{'revenue_growth_yoy': 13.7, 'revenue_accelerating': True, 'rev_accel_quarters': 1}","{'rs_3m': 3.5, 'rs_6m': -9.2, 'rs_line_percentile': 66.5, 'rs_line_at_new_high': False, 'rs_line_trend': 'up', 'rs_line_score': 60}","{'roe_pct': 8.2, 'debt_to_equity': 0.53, 'current_ratio': 0.59, 'operating_margin_pct': 39.0}","{'days_to_earnings': 'N/A', 'recommendation': 'buy', 'analyst_upside_pct': 8.9}",92.69,81481859072,Industrials,Railroads,2.1,6.6,False,96.9,-4.3,7.0,True,100.99,110.73,75.86,13.0,buy,8.9,26.33,-71.6,30.5,-67.1,1.93,1.79,0.81,22.1,0.76,0.76,True,-5.11,6.6,-13.5,57.0,2026-10-28,False,False,7,NEUTRAL,5.93,11.8,,18.3,,,,2026-09-01T09:20:42.152018
PGR,The Progressive Corporation,71.3,⭐⭐⭐ EXCELLENT,🟢 Excellent,USD,USD,False,True,True,1.0,,100.0,60.0,50.3,75.0,50.0,35.0,28.6,False,up,26.6,True,1,4.9,True,1,"{'eps_growth_yoy': 26.6, 'positive_quarters': 4, 'earnings_accelerating': True, 'eps_accel_quarters': 1, 'profit_margin_pct': 12.8}","{'revenue_growth_yoy': 4.9, 'revenue_accelerating': True, 'rev_accel_quarters': 1}","{'rs_3m': 12.0, 'rs_6m': -11.1, 'rs_line_percentile': 28.6, 'rs_line_at_new_high': False, 'rs_line_trend': 'up', 'rs_line_score': 35}","{'roe_pct': 34.9, 'debt_to_equity': 0.24, 'current_ratio': 0.29, 'operating_margin_pct': 18.2}","{'days_to_earnings': 'N/A', 'recommendation': 'hold', 'analyst_upside_pct': 6.4}",218.08,126726299648,Financial Services,Insurance - Property & Casualty,1.0,2.1,False,249.83,-12.7,5.0,False,232.0,309.0,198.0,21.0,hold,6.4,416.65,91.1,198.9,-8.8,11.93,26.01,0.18,69.7,0.4,1.97,True,-0.94,50.8,2.0,43.0,2026-10-14,False,False,6,NEUTRAL,10.9,,2.68,26.6,,,,2026-09-01T09:19:53.410292
FICO,Fair Isaac Corporation,71.0,⭐⭐⭐ EXCELLENT,🟢 Excellent,USD,USD,False,True,True,1.0,,100.0,80.0,24.0,65.0,65.0,15.0,10.3,False,flat,53.0,False,0,30.7,False,0,"{'eps_growth_yoy': 53.0, 'positive_quarters': 4, 'earnings_accelerating': False, 'eps_accel_quarters': 0, 'profit_margin_pct': 34.1}","{'revenue_growth_yoy': 30.7, 'revenue_accelerating': False, 'rev_accel_quarters': 0}","{'rs_3m': -12.0, 'rs_6m': -31.8, 'rs_line_percentile': 10.3, 'rs_line_at_new_high': False, 'rs_line_trend': 'flat', 'rs_line_score': 15}","{'current_ratio': 1.18, 'operating_margin_pct': 53.8}","{'days_to_earnings': 'N/A', 'recommendation': 'buy', 'analyst_upside_pct': 27.5}",1147.21,24777023488,Technology,Software - Application,10.0,4.9,True,1998.01,-42.6,1.0,False,1462.68,1750.0,707.0,19.0,buy,27.5,1520.61,32.5,1029.0,-10.3,3.13,35.86,,,,0.09,True,-14.51,6.7,28.8,64.0,2026-11-04,False,False,7,NEUTRAL,3.11,996.8,0.52,53.6,0.4,0.01,-53.2,2026-09-01T09:17:09.377836
TECK,Teck Resources Limited,70.9,⭐⭐⭐ EXCELLENT,🟢 Excellent,USD,CAD,True,True,True,0.9845,,100.0,50.0,65.6,75.0,40.0,80.0,89.0,False,up,203.9,False,0,6.5,False,0,"{'eps_growth_yoy': 203.9, 'positive_quarters': 4, 'earnings_accelerating': False, 'eps_accel_quarters': 0, 'profit_margin_pct': 17.9}","{'revenue_growth_yoy': 6.5, 'revenue_accelerating': False, 'rev_accel_quarters': 0}","{'rs_3m': -0.7, 'rs_6m': 6.1, 'rs_line_percentile': 89.0, 'rs_line_at_new_high': False, 'rs_line_trend': 'up', 'rs_line_score': 80}","{'roe_pct': 8.7, 'debt_to_equity': 0.34, 'current_ratio': 3.12, 'operating_margin_pct': 44.1}","{'days_to_earnings': 'N/A', 'recommendation': 'hold', 'analyst_upside_pct': -20.4}",68.12,33419673600,Basic Materials,Copper,,4.0,False,71.93,-5.3,8.0,True,54.2,69.1,36.58,4.0,hold,-20.4,109.98,61.5,110.1,61.6,3.75,2.59,0.51,9.8,0.35,0.99,True,-0.43,6.5,129.8,51.0,2026-10-22,False,False,5,NEUTRAL,6.25,6.5,0.06,42.0,,,,2026-09-01T09:23:08.883803
ICE,"Intercontinental Exchange, Inc.",70.8,⭐⭐⭐ EXCELLENT,🟢 Excellent,USD,USD,False,True,True,1.0,,85.0,70.0,50.3,75.0,65.0,35.0,41.3,False,up,17.4,False,0,20.1,False,0,"{'eps_growth_yoy': 17.4, 'positive_quarters': 4, 'earnings_accelerating': False, 'eps_accel_quarters': 0, 'profit_margin_pct': 38.2}","{'revenue_growth_yoy': 20.1, 'revenue_accelerating': False, 'rev_accel_quarters': 0}","{'rs_3m': 10.0, 'rs_6m': -15.1, 'rs_line_percentile': 41.3, 'rs_line_at_new_high': False, 'rs_line_trend': 'up', 'rs_line_score': 35}","{'roe_pct': 14.1, 'debt_to_equity': 0.69, 'current_ratio': 1.01, 'operating_margin_pct': 52.6}","{'days_to_earnings': 'N/A', 'recommendation': 'strong_buy', 'analyst_upside_pct': 15.3}",160.7,90216095744,Financial Services,Financial Data & Stock Exchanges,1.5,1.9,False,177.0,-9.2,5.0,False,185.36,232.0,163.0,14.0,strong_buy,15.3,151.13,-6.0,99.68,-38.0,4.03,6.47,1.28,28.2,2.08,1.25,True,-2.33,7.6,14.2,58.0,2026-10-29,False,False,8,STRONG,4.69,118.3,1.29,17.2,,,,2026-09-01T09:17:41.316530
IT,"Gartner, Inc.",70.8,⭐⭐⭐ EXCELLENT,🟢 Excellent,USD,USD,False,True,True,1.0,,100.0,60.0,55.1,65.0,50.0,35.0,38.3,False,up,679.2,True,1,10.0,True,1,"{'eps_growth_yoy': 679.2, 'positive_quarters': 4, 'earnings_accelerating': True, 'eps_accel_quarters': 1, 'profit_margin_pct': 12.0}","{'revenue_growth_yoy': 10.0, 'revenue_accelerating': True, 'rev_accel_quarters': 1}","{'rs_3m': 9.1, 'rs_6m': 11.0, 'rs_line_percentile': 38.3, 'rs_line_at_new_high': False, 'rs_line_trend': 'up', 'rs_line_score': 35}","{'roe_pct': 113.6, 'current_ratio': 0.88, 'operating_margin_pct': 22.6}","{'days_to_earnings': 'N/A', 'recommendation': 'hold', 'analyst_upside_pct': -6.5}",198.11,12510443520,Technology,Information Technology Services,16.4,4.8,True,265.85,-25.5,3.0,False,185.15,229.0,150.0,13.0,hold,-6.5,706.85,256.8,333.3,68.2,8.41,16.67,,,,,True,-21.07,8.2,13.2,63.0,2026-11-03,False,False,6,NEUTRAL,7.62,255.4,0.36,86.5,1.6,0.02,-84.9,2026-09-01T09:19:24.882650
CTAS,Cintas Corporation,70.8,⭐⭐⭐ EXCELLENT,🟢 Excellent,USD,USD,False,True,True,1.0,,90.0,60.0,50.3,85.0,60.0,35.0,42.7,False,up,4.0,True,2,6.9,True,1,"{'eps_growth_yoy': 4.0, 'positive_quarters': 4, 'earnings_accelerating': True, 'eps_accel_quarters': 2, 'profit_margin_pct': 17.8}","{'revenue_growth_yoy': 6.9, 'revenue_accelerating': True, 'rev_accel_quarters': 1}","{'rs_3m': 15.8, 'rs_6m': -12.7, 'rs_line_percentile': 42.7, 'rs_line_at_new_high': False, 'rs_line_trend': 'up', 'rs_line_score': 35}","{'roe_pct': 40.7, 'debt_to_equity': 0.53, 'current_ratio': 1.43, 'operating_margin_pct': 23.7}","{'days_to_earnings': 'N/A', 'recommendation': 'buy', 'analyst_upside_pct': 7.2}",201.79,80750215168,Industrials,Specialty Business Services,3.5,4.2,False,219.17,-7.9,5.0,False,216.31,250.0,175.0,16.0,buy,7.2,90.31,-55.2,76.44,-62.1,1.81,3.66,1.02,36.7,2.08,0.89,True,-1.18,24.6,10.9,22.0,2026-09-23,False,False,8,STRONG,3.14,82.2,2.12,15.4,,,,2026-09-01T09:14:42.360026
GWW,"W.W. Grainger, Inc.",70.8,⭐⭐⭐ EXCELLENT,🟢 Excellent,USD,USD,False,True,True,1.0,,95.0,50.0,60.3,85.0,50.0,60.0,64.1,False,down,93.9,False,0,7.8,False,0,"{'eps_growth_yoy': 93.9, 'positive_quarters': 4, 'earnings_accelerating': False, 'eps_accel_quarters': 0, 'profit_margin_pct': 9.9}","{'revenue_growth_yoy': 7.8, 'revenue_accelerating': False, 'rev_accel_quarters': 0}","{'rs_3m': 4.3, 'rs_6m': 0.8, 'rs_line_percentile': 64.1, 'rs_line_at_new_high': False, 'rs_line_trend': 'down', 'rs_line_score': 60}","{'roe_pct': 46.1, 'debt_to_equity': 0.62, 'current_ratio': 2.81, 'operating_margin_pct': 16.1}","{'days_to_earnings': 'N/A', 'recommendation': 'hold', 'analyst_upside_pct': 1.8}",1309.49,61678215168,Industrials,Industrial Distribution,2.4,3.2,False,1419.91,-7.8,6.0,False,1332.57,1500.0,1100.0,14.0,hold,1.8,790.48,-39.6,805.24,-38.5,2.02,26.49,0.76,23.6,9.96,1.0,True,-1.62,34.1,8.2,64.0,2026-11-04,False,False,6,NEUTRAL,3.91,40.8,1.25,25.2,,,,2026-09-01T09:20:58.441723
DSGX,The Descartes Systems Group Inc.,70.4,⭐⭐⭐ EXCELLENT,🟢 Excellent,USD,USD,False,True,True,1.0,,100.0,50.0,39.6,90.0,65.0,15.0,20.3,False,up,27.5,True,1,7.7,False,0,"{'eps_growth_yoy': 27.5, 'positive_quarters': 4, 'earnings_accelerating': True, 'eps_accel_quarters': 1, 'profit_margin_pct': 23.3}","{'revenue_growth_yoy': 7.7, 'revenue_accelerating': False, 'rev_accel_quarters': 0}","{'rs_3m': -0.3, 'rs_6m': 6.4, 'rs_line_percentile': 20.3, 'rs_line_at_new_high': False, 'rs_line_trend': 'up', 'rs_line_score': 15}","{'roe_pct': 11.4, 'debt_to_equity': 0.0, 'current_ratio': 2.05, 'operating_margin_pct': 32.9}","{'days_to_earnings': 'N/A', 'recommendation': 'buy', 'analyst_upside_pct': 24.3}",80.64,6910108160,Technology,Software - Application,,5.7,False,109.0,-26.0,2.0,False,100.23,126.0,82.0,13.0,buy,24.3,132.77,64.6,60.3,-25.2,3.88,3.13,,,,,True,-0.3,243.4,34.1,9.0,2026-09-10,False,True,6,NEUTRAL,3.33,77.7,0.74,26.0,,,,2026-09-01T09:18:09.428649
UNH,UnitedHealth Group Incorporated,70.2,⭐⭐⭐ EXCELLENT,🟢 Excellent,USD,USD,False,True,True,1.0,,100.0,50.0,68.7,50.0,65.0,60.0,59.4,False,down,84.4,True,1,0.1,False,0,"{'eps_growth_yoy': 84.4, 'positive_quarters': 4, 'earnings_accelerating': True, 'eps_accel_quarters': 1, 'profit_margin_pct': 3.1}","{'revenue_growth_yoy': 0.1, 'revenue_accelerating': False, 'rev_accel_quarters': 0}","{'rs_3m': 1.9, 'rs_6m': 20.5, 'rs_line_percentile': 59.4, 'rs_line_at_new_high': False, 'rs_line_trend': 'down', 'rs_line_score': 60}","{'roe_pct': 14.2, 'debt_to_equity': 0.69, 'current_ratio': 0.78, 'operating_margin_pct': 7.1}","{'days_to_earnings': 'N/A', 'recommendation': 'buy', 'analyst_upside_pct': 22.0}",389.41,349532389376,Healthcare,Healthcare Plans,1.9,3.0,False,461.62,-15.6,6.0,False,475.23,529.0,313.0,26.0,buy,22.0,1146.78,194.5,466.8,19.9,6.94,27.04,2.36,57.5,9.28,1.65,True,-0.73,4.7,61.5,56.0,2026-10-27,False,False,6,NEUTRAL,4.69,173.8,0.28,20.9,0.2,0.01,-20.7,2026-09-01T09:21:50.323507
QSR,Restaurant Brands International Inc.,70.1,⭐⭐⭐ EXCELLENT,🟢 Excellent,USD,USD,False,True,False,0.7613,"acciones × precio no cuadra con la capitalización (ratio 0.7613): el dato por acción y el precio no están en la misma unidad — típico de ADR. Los ratios por acción (EPS, FCF/acción, DCF) no son utilizables",100.0,60.0,46.7,65.0,60.0,35.0,37.6,False,up,58.9,True,2,2.9,True,1,"{'eps_growth_yoy': 58.9, 'positive_quarters': 4, 'earnings_accelerating': True, 'eps_accel_quarters': 2, 'profit_margin_pct': 13.1}","{'revenue_growth_yoy': 2.9, 'revenue_accelerating': True, 'rev_accel_quarters': 1}","{'rs_3m': 6.6, 'rs_6m': -3.2, 'rs_line_percentile': 37.6, 'rs_line_at_new_high': False, 'rs_line_trend': 'up', 'rs_line_score': 35}","{'roe_pct': 34.8, 'debt_to_equity': 2.9, 'current_ratio': 1.01, 'operating_margin_pct': 27.7}","{'days_to_earnings': 'N/A', 'recommendation': 'buy', 'analyst_upside_pct': 10.2}",77.88,35677679616,Consumer Cyclical,Restaurants,6.0,7.6,False,81.96,-5.0,6.0,False,85.83,104.0,78.0,24.0,buy,10.2,,,,,4.8,4.91,3.32,63.8,2.6,3.41,True,-0.48,5.2,151.2,58.0,2026-10-29,False,False,6,NEUTRAL,5.1,51.7,0.12,24.8,,,,2026-09-01T09:22:39.344158
MA,Mastercard Incorporated,70.0,⭐⭐⭐ EXCELLENT,🟢 Excellent,USD,USD,False,True,True,0.9925,,95.0,60.0,53.9,65.0,60.0,35.0,47.0,False,up,11.7,True,1,7.8,True,1,"{'eps_growth_yoy': 11.7, 'positive_quarters': 4, 'earnings_accelerating': True, 'eps_accel_quarters': 1, 'profit_margin_pct': 46.3}","{'revenue_growth_yoy': 7.8, 'revenue_accelerating': True, 'rev_accel_quarters': 1}","{'rs_3m': 17.9, 'rs_6m': 0.1, 'rs_line_percentile': 47.0, 'rs_line_at_new_high': False, 'rs_line_trend': 'up', 'rs_line_score': 35}","{'roe_pct': 241.2, 'debt_to_equity': 4.4, 'current_ratio': 1.06, 'operating_margin_pct': 61.1}","{'days_to_earnings': 'N/A', 'recommendation': 'strong_buy', 'analyst_upside_pct': 13.6}",589.31,516241391616,Financial Services,Credit Services,0.8,2.4,False,601.62,-2.0,5.0,False,669.46,740.0,550.0,37.0,strong_buy,13.6,618.54,5.0,397.14,-32.6,3.29,19.51,0.58,17.9,3.48,0.54,True,-3.06,28.0,22.1,58.0,2026-10-29,False,False,9,STRONG,3.65,622.8,1.16,18.9,0.2,0.01,-18.7,2026-09-01T09:15:23.410803
DVA,DaVita Inc.,70.0,⭐⭐⭐ EXCELLENT,🟢 Excellent,USD,USD,False,True,True,1.0,"FCF declarado (1,042,460,032) se aparta del derivado de flujo operativo menos capex (1,617,291,072)",100.0,60.0,47.6,60.0,65.0,35.0,43.7,False,down,76.5,True,1,3.9,True,1,"{'eps_growth_yoy': 76.5, 'positive_quarters': 4, 'earnings_accelerating': True, 'eps_accel_quarters': 1, 'profit_margin_pct': 6.0}","{'revenue_growth_yoy': 3.9, 'revenue_accelerating': True, 'rev_accel_quarters': 1}","{'rs_3m': -8.5, 'rs_6m': 1.0, 'rs_line_percentile': 43.7, 'rs_line_at_new_high': False, 'rs_line_trend': 'down', 'rs_line_score': 35}","{'roe_pct': 88.5, 'debt_to_equity': 12.42, 'current_ratio': 1.47, 'operating_margin_pct': 16.1}","{'days_to_earnings': 'N/A', 'recommendation': 'buy', 'analyst_upside_pct': 24.1}",176.01,11229437952,Healthcare,Medical Care Facilities,12.3,4.1,True,247.49,-28.9,4.0,False,218.43,270.0,165.0,7.0,buy,24.1,692.93,293.7,344.7,95.8,9.28,16.34,,,,,True,-13.89,3.5,39.1,57.0,2026-10-28,False,False,6,NEUTRAL,7.47,31.4,0.18,63.5,,,,2026-09-01T09:21:37.786051
TMO,Thermo Fisher Scientific Inc.,69.6,⭐⭐ GOOD,🟡 Good,USD,USD,False,True,True,1.0,,80.0,60.0,66.6,75.0,60.0,60.0,62.4,False,up,7.4,True,1,7.8,True,1,"{'eps_growth_yoy': 7.4, 'positive_quarters': 4, 'earnings_accelerating': True, 'eps_accel_quarters': 1, 'profit_margin_pct': 15.0}","{'revenue_growth_yoy': 7.8, 'revenue_accelerating': True, 'rev_accel_quarters': 1}","{'rs_3m': 23.8, 'rs_6m': 8.2, 'rs_line_percentile': 62.4, 'rs_line_at_new_high': False, 'rs_line_trend': 'up', 'rs_line_score': 60}","{'roe_pct': 13.5, 'debt_to_equity': 0.81, 'current_ratio': 1.55, 'operating_margin_pct': 18.8}","{'days_to_earnings': 'N/A', 'recommendation': 'buy', 'analyst_upside_pct': 2.3}",617.1,228171055104,Healthcare,Diagnostics & Research,1.3,2.2,False,647.0,-4.6,6.0,False,631.42,750.0,520.0,26.0,buy,2.3,324.49,-47.4,184.5,-70.1,2.73,16.87,0.3,9.7,1.88,0.26,True,-2.19,6.2,9.4,50.0,2026-10-21,False,False,5,NEUTRAL,3.27,36.2,2.39,23.9,,,,2026-09-01T09:16:44.838108
CNI,Canadian National Railway Company,69.3,⭐⭐ GOOD,🟡 Good,USD,CAD,True,True,True,1.0,"FCF declarado (2,182,236,320) se aparta del derivado de flujo operativo menos capex (1,400,836,786)",85.0,70.0,56.7,60.0,60.0,60.0,64.2,False,up,9.7,True,1,14.1,True,1,"{'eps_growth_yoy': 9.7, 'positive_quarters': 4, 'earnings_accelerating': True, 'eps_accel_quarters': 1, 'profit_margin_pct': 26.9}","{'revenue_growth_yoy': 14.1, 'revenue_accelerating': True, 'rev_accel_quarters': 1}","{'rs_3m': 3.8, 'rs_6m': -1.7, 'rs_line_percentile': 64.2, 'rs_line_at_new_high': False, 'rs_line_trend': 'up', 'rs_line_score': 60}","{'roe_pct': 22.0, 'debt_to_equity': 1.04, 'current_ratio': 0.87, 'operating_margin_pct': 40.3}","{'days_to_earnings': 'N/A', 'recommendation': 'buy', 'analyst_upside_pct': 12.3}",124.75,75461271552,Industrials,Railroads,,3.0,False,131.55,-5.2,6.0,False,140.04,153.36,114.77,13.0,buy,12.3,71.7,-42.5,56.71,-54.5,2.89,3.61,2.06,46.3,2.6,2.04,True,-3.98,7.8,7.1,59.0,2026-10-30,False,False,7,NEUTRAL,7.34,14.5,1.89,14.2,0.4,0.03,-13.8,2026-09-01T09:17:37.199380
AME,"AMETEK, Inc.",69.1,⭐⭐ GOOD,🟡 Good,USD,USD,False,True,True,1.0,,85.0,60.0,46.7,85.0,65.0,35.0,45.0,False,down,9.6,True,1,8.0,True,1,"{'eps_growth_yoy': 9.6, 'positive_quarters': 4, 'earnings_accelerating': True, 'eps_accel_quarters': 1, 'profit_margin_pct': 20.0}","{'revenue_growth_yoy': 8.0, 'revenue_accelerating': True, 'rev_accel_quarters': 1}","{'rs_3m': 4.2, 'rs_6m': -15.7, 'rs_line_percentile': 45.0, 'rs_line_at_new_high': False, 'rs_line_trend': 'down', 'rs_line_score': 35}","{'roe_pct': 14.6, 'debt_to_equity': 0.21, 'current_ratio': 1.21, 'operating_margin_pct': 26.2}","{'days_to_earnings': 'N/A', 'recommendation': 'buy', 'analyst_upside_pct': 18.0}",235.17,53915365376,Industrials,Specialty Industrial Machinery,1.5,2.5,False,261.16,-10.0,6.0,False,277.5,316.0,217.0,18.0,buy,18.0,151.97,-35.4,96.84,-58.8,2.77,6.51,0.58,19.0,1.36,0.62,True,-0.82,20.8,14.2,58.0,2026-10-29,False,False,6,NEUTRAL,3.37,144.0,1.72,26.2,3.1,0.12,-23.1,2026-09-01T09:20:05.546603
SYK,Stryker Corporation,68.8,⭐⭐ GOOD,🟡 Good,USD,USD,False,True,True,1.0,,100.0,60.0,26.7,80.0,65.0,15.0,17.6,False,up,48.5,True,1,8.8,True,1,"{'eps_growth_yoy': 48.5, 'positive_quarters': 4, 'earnings_accelerating': True, 'eps_accel_quarters': 1, 'profit_margin_pct': 14.4}","{'revenue_growth_yoy': 8.8, 'revenue_accelerating': True, 'rev_accel_quarters': 1}","{'rs_3m': 7.2, 'rs_6m': -29.2, 'rs_line_percentile': 17.6, 'rs_line_at_new_high': False, 'rs_line_trend': 'up', 'rs_line_score': 15}","{'roe_pct': 16.5, 'debt_to_equity': 0.64, 'current_ratio': 2.16, 'operating_margin_pct': 27.0}","{'days_to_earnings': 'N/A', 'recommendation': 'buy', 'analyst_upside_pct': 18.2}",323.8,124200951808,Healthcare,Medical Devices,1.9,2.9,False,396.86,-18.4,1.0,False,382.72,465.0,315.0,25.0,buy,18.2,454.14,40.3,283.5,-12.4,3.31,10.71,1.06,36.1,3.52,0.99,False,,20.0,44.1,58.0,2026-10-29,False,False,5,NEUTRAL,3.76,47.3,0.44,36.2,,,,2026-09-01T09:16:37.102074
ROP,"Roper Technologies, Inc.",68.8,⭐⭐ GOOD,🟡 Good,USD,USD,False,True,True,1.0,,100.0,50.0,56.6,60.0,60.0,35.0,33.4,False,up,193.2,True,2,4.5,False,0,"{'eps_growth_yoy': 193.2, 'positive_quarters': 4, 'earnings_accelerating': True, 'eps_accel_quarters': 2, 'profit_margin_pct': 30.2}","{'revenue_growth_yoy': 4.5, 'revenue_accelerating': False, 'rev_accel_quarters': 0}","{'rs_3m': 22.4, 'rs_6m': 7.2, 'rs_line_percentile': 33.4, 'rs_line_at_new_high': False, 'rs_line_trend': 'up', 'rs_line_score': 35}","{'roe_pct': 13.1, 'debt_to_equity': 0.61, 'current_ratio': 0.55, 'operating_margin_pct': 27.7}","{'days_to_earnings': 'N/A', 'recommendation': 'buy', 'analyst_upside_pct': 4.8}",424.64,41997266944,Technology,Software - Application,6.0,6.0,False,530.0,-19.9,4.0,False,445.2,550.0,335.0,15.0,buy,4.8,971.52,128.8,717.3,68.9,5.39,22.91,0.85,14.5,3.64,0.6,True,-6.49,8.6,163.1,51.0,2026-10-22,False,False,6,NEUTRAL,4.27,1441.1,0.08,18.6,,,,2026-09-01T09:14:50.414218
ATLKY,Atlas Copco AB (publ),68.6,⭐⭐ GOOD,🟡 Good,USD,SEK,True,True,False,0.6801,"acciones × precio no cuadra con la capitalización (ratio 0.6801): el dato por acción y el precio no están en la misma unidad — típico de ADR. Los ratios por acción (EPS, FCF/acción, DCF) no son utilizables | FCF declarado (2,707,094,383) se aparta del derivado de flujo operativo menos capex (26,379,",80.0,60.0,60.3,80.0,55.0,60.0,55.8,False,flat,8.2,True,1,9.1,True,1,"{'eps_growth_yoy': 8.2, 'positive_quarters': 4, 'earnings_accelerating': True, 'eps_accel_quarters': 1, 'profit_margin_pct': 15.7}","{'revenue_growth_yoy': 9.1, 'revenue_accelerating': True, 'rev_accel_quarters': 1}","{'rs_3m': 13.5, 'rs_6m': -7.7, 'rs_line_percentile': 55.8, 'rs_line_at_new_high': False, 'rs_line_trend': 'flat', 'rs_line_score': 60}","{'roe_pct': 25.7, 'debt_to_equity': 0.34, 'current_ratio': 1.27}","{'days_to_earnings': 'N/A', 'recommendation': 'none', 'analyst_upside_pct': 20.9}",21.5,104890343424,Industrials,Specialty Industrial Machinery,,,False,22.42,-4.1,7.0,True,26.0,26.0,26.0,1.0,none,20.9,,,,,2.58,0.82,2.58,73.8,0.56,1.57,False,,126.5,4.0,,,False,False,6,NEUTRAL,,53.6,3.39,21.8,,,,2026-09-01T09:20:09.464348
FAST,Fastenal Company,68.3,⭐⭐ GOOD,🟡 Good,USD,USD,False,True,True,1.0,,80.0,60.0,50.3,95.0,50.0,35.0,34.3,False,up,14.1,False,0,11.9,False,0,"{'eps_growth_yoy': 14.1, 'positive_quarters': 4, 'earnings_accelerating': False, 'eps_accel_quarters': 0, 'profit_margin_pct': 15.5}","{'revenue_growth_yoy': 11.9, 'revenue_accelerating': False, 'rev_accel_quarters': 0}","{'rs_3m': 11.5, 'rs_6m': -5.8, 'rs_line_percentile': 34.3, 'rs_line_at_new_high': False, 'rs_line_trend': 'up', 'rs_line_score': 35}","{'roe_pct': 34.3, 'debt_to_equity': 0.11, 'current_ratio': 4.18, 'operating_margin_pct': 21.0}","{'days_to_earnings': 'N/A', 'recommendation': 'hold', 'analyst_upside_pct': -1.6}",49.31,56583106560,Industrials,Industrial Distribution,3.1,3.5,False,52.92,-6.8,6.0,False,48.53,59.0,39.9,13.0,hold,-1.6,18.94,-61.6,17.08,-65.4,1.62,0.8,1.95,78.6,0.96,2.16,True,-0.09,395.6,5.8,43.0,2026-10-14,False,False,8,STRONG,2.92,39.6,2.41,24.9,1.6,0.06,-23.3,2026-09-01T09:19:48.984026
CSU.TO,Constellation Software Inc.,68.2,⭐⭐ GOOD,🟡 Good,CAD,USD,True,True,True,1.0,,100.0,60.0,42.3,55.0,65.0,15.0,20.9,False,up,555.4,True,1,11.9,False,0,"{'eps_growth_yoy': 555.4, 'positive_quarters': 4, 'earnings_accelerating': True, 'eps_accel_quarters': 1, 'profit_margin_pct': 7.6}","{'revenue_growth_yoy': 11.9, 'revenue_accelerating': False, 'rev_accel_quarters': 0}","{'rs_3m': 5.9, 'rs_6m': 9.1, 'rs_line_percentile': 20.9, 'rs_line_at_new_high': False, 'rs_line_trend': 'up', 'rs_line_score': 15}","{'roe_pct': 23.3, 'debt_to_equity': 1.2, 'current_ratio': 0.9, 'operating_margin_pct': 15.1}","{'days_to_earnings': 'N/A', 'recommendation': 'buy', 'analyst_upside_pct': 25.6}",3138.72,66514280448,Technology,Software - Application,,5.3,False,4634.98,-32.3,4.0,False,3941.86,5479.85,3289.99,12.0,buy,25.6,7757.14,147.1,1888.5,-39.8,5.83,182.92,0.18,8.8,5.57,0.19,False,,5.5,389.3,66.0,2026-11-06,False,False,6,NEUTRAL,1.7,191.5,0.04,44.1,,,,2026-09-01T09:15:52.134802
SHW,The Sherwin-Williams Company,67.8,⭐⭐ GOOD,🟡 Good,USD,USD,False,True,True,1.0,,90.0,70.0,50.3,45.0,65.0,35.0,28.9,False,up,1.3,True,2,6.8,True,2,"{'eps_growth_yoy': 1.3, 'positive_quarters': 4, 'earnings_accelerating': True, 'eps_accel_quarters': 2, 'profit_margin_pct': 11.0}","{'revenue_growth_yoy': 6.8, 'revenue_accelerating': True, 'rev_accel_quarters': 2}","{'rs_3m': 13.9, 'rs_6m': -17.7, 'rs_line_percentile': 28.9, 'rs_line_at_new_high': False, 'rs_line_trend': 'up', 'rs_line_score': 35}","{'roe_pct': 65.1, 'debt_to_equity': 3.9, 'current_ratio': 0.73, 'operating_margin_pct': 18.1}","{'days_to_earnings': 'N/A', 'recommendation': 'buy', 'analyst_upside_pct': 15.4}",338.81,82248884224,Basic Materials,Specialty Chemicals,2.6,3.2,False,377.77,-10.3,4.0,False,391.0,420.0,340.0,22.0,buy,15.4,242.0,-28.6,152.15,-55.1,3.05,10.32,0.93,29.3,3.2,0.87,True,-3.19,7.8,14.3,56.0,2026-10-27,False,False,6,NEUTRAL,3.94,62.0,1.74,27.8,0.4,0.01,-27.4,2026-09-01T09:17:00.773224
SAP,SAP SE,67.8,⭐⭐ GOOD,🟡 Good,USD,EUR,True,True,True,1.0,,75.0,60.0,53.9,90.0,60.0,35.0,40.8,False,up,8.8,False,0,8.8,True,1,"{'eps_growth_yoy': 8.8, 'positive_quarters': 4, 'earnings_accelerating': False, 'eps_accel_quarters': 0, 'profit_margin_pct': 20.4}","{'revenue_growth_yoy': 8.8, 'revenue_accelerating': True, 'rev_accel_quarters': 1}","{'rs_3m': 11.4, 'rs_6m': 1.3, 'rs_line_percentile': 40.8, 'rs_line_at_new_high': False, 'rs_line_trend': 'up', 'rs_line_score': 35}","{'roe_pct': 18.3, 'debt_to_equity': 0.22, 'current_ratio': 1.15, 'operating_margin_pct': 27.6}","{'days_to_earnings': 'N/A', 'recommendation': 'buy', 'analyst_upside_pct': 11.9}",220.89,254952177664,Technology,Software - Application,0.7,2.3,False,281.37,-21.5,4.0,False,247.25,319.0,177.0,12.0,buy,11.9,387.44,75.4,233.4,5.7,4.14,9.14,1.32,37.5,2.93,1.48,True,-1.14,20.7,30.6,50.0,2026-10-21,False,False,8,STRONG,0.3,146.7,0.75,29.0,,,,2026-09-01T09:18:28.761963
MCO,Moody's Corporation,67.6,⭐⭐ GOOD,🟡 Good,USD,USD,False,True,True,1.0,,100.0,50.0,46.7,65.0,60.0,35.0,37.8,False,up,35.9,True,2,8.9,False,0,"{'eps_growth_yoy': 35.9, 'positive_quarters': 4, 'earnings_accelerating': True, 'eps_accel_quarters': 2, 'profit_margin_pct': 34.3}","{'revenue_growth_yoy': 8.9, 'revenue_accelerating': False, 'rev_accel_quarters': 0}","{'rs_3m': 7.7, 'rs_6m': -4.6, 'rs_line_percentile': 37.8, 'rs_line_at_new_high': False, 'rs_line_trend': 'up', 'rs_line_score': 35}","{'roe_pct': 76.9, 'debt_to_equity': 2.41, 'current_ratio': 1.19, 'operating_margin_pct': 49.5}","{'days_to_earnings': 'N/A', 'recommendation': 'buy', 'analyst_upside_pct': 11.1}",504.64,87394058240,Financial Services,Financial Data & Stock Exchanges,1.7,3.0,False,546.88,-7.7,5.0,False,560.48,610.0,505.0,21.0,buy,11.1,631.57,25.2,463.2,-8.2,2.95,14.89,0.8,25.0,4.12,0.81,False,,14.5,56.7,50.0,2026-10-21,False,False,8,STRONG,3.64,106.3,0.47,19.0,,,,2026-09-01T09:16:13.498767
VLTO,Veralto Corporation,67.3,⭐⭐ GOOD,🟡 Good,USD,USD,False,True,True,1.0,,70.0,70.0,50.3,85.0,60.0,35.0,34.1,False,up,0.8,False,0,5.0,True,2,"{'eps_growth_yoy': 0.8, 'positive_quarters': 4, 'earnings_accelerating': False, 'eps_accel_quarters': 0, 'profit_margin_pct': 17.3}","{'revenue_growth_yoy': 5.0, 'revenue_accelerating': True, 'rev_accel_quarters': 2}","{'rs_3m': 16.8, 'rs_6m': -11.7, 'rs_line_percentile': 34.1, 'rs_line_at_new_high': False, 'rs_line_trend': 'up', 'rs_line_score': 35}","{'roe_pct': 34.3, 'debt_to_equity': 1.16, 'current_ratio': 1.77, 'operating_margin_pct': 21.4}","{'days_to_earnings': 'N/A', 'recommendation': 'buy', 'analyst_upside_pct': 15.0}",98.57,24030709760,Industrials,Pollution & Treatment Controls,2.9,3.9,False,109.86,-10.3,4.0,False,113.33,136.0,100.0,15.0,buy,15.0,65.53,-33.5,40.1,-59.3,3.36,3.31,0.53,12.6,0.52,,True,-1.81,14.1,10.1,50.0,2026-10-21,False,False,6,NEUTRAL,4.98,76.0,2.04,19.5,1.6,0.08,-17.9,2026-09-01T09:16:52.421865
BRO,"Brown & Brown, Inc.",66.3,⭐⭐ GOOD,🟡 Good,USD,USD,False,True,True,1.0,,90.0,50.0,53.0,75.0,50.0,35.0,27.5,False,up,26.9,False,0,6.7,False,0,"{'eps_growth_yoy': 26.9, 'positive_quarters': 4, 'earnings_accelerating': False, 'eps_accel_quarters': 0, 'profit_margin_pct': 18.1}","{'revenue_growth_yoy': 6.7, 'revenue_accelerating': False, 'rev_accel_quarters': 0}","{'rs_3m': 25.7, 'rs_6m': -13.1, 'rs_line_percentile': 27.5, 'rs_line_at_new_high': False, 'rs_line_trend': 'up', 'rs_line_score': 35}","{'roe_pct': 10.0, 'debt_to_equity': 0.64, 'current_ratio': 1.13, 'operating_margin_pct': 41.8}","{'days_to_earnings': 'N/A', 'recommendation': 'hold', 'analyst_upside_pct': 6.3}",72.17,24148830208,Financial Services,Insurance Brokers,5.6,5.2,False,97.15,-25.7,3.0,False,76.69,90.0,60.0,16.0,hold,6.3,85.88,19.0,31.3,-56.6,6.8,4.91,0.9,20.6,0.66,0.65,True,-2.6,4.7,2.8,55.0,2026-10-26,False,False,4,NEUTRAL,5.35,175.4,2.11,22.3,,,,2026-09-01T09:18:12.971662
ETN,Eaton Corporation plc,66.3,⭐⭐ GOOD,🟡 Good,USD,USD,False,True,True,1.0,,60.0,90.0,44.0,70.0,65.0,35.0,44.0,False,down,-18.7,True,1,22.1,True,2,"{'eps_growth_yoy': -18.7, 'positive_quarters': 4, 'earnings_accelerating': True, 'eps_accel_quarters': 1, 'profit_margin_pct': 12.8}","{'revenue_growth_yoy': 22.1, 'revenue_accelerating': True, 'rev_accel_quarters': 2}","{'rs_3m': -0.5, 'rs_6m': -6.0, 'rs_line_percentile': 44.0, 'rs_line_at_new_high': False, 'rs_line_trend': 'down', 'rs_line_score': 35}","{'roe_pct': 19.7, 'debt_to_equity': 1.05, 'current_ratio': 1.24, 'operating_margin_pct': 16.6}","{'days_to_earnings': 'N/A', 'recommendation': 'buy', 'analyst_upside_pct': 18.3}",401.88,156090187776,Industrials,Specialty Industrial Machinery,1.7,2.7,False,478.0,-15.9,5.0,False,475.57,534.0,333.0,25.0,buy,18.3,117.67,-70.7,98.3,-75.5,1.99,8.0,1.09,43.6,4.4,1.55,True,-0.36,11.9,-15.9,63.0,2026-11-03,False,False,7,NEUTRAL,2.93,64.1,,45.0,,,,2026-09-01T09:19:16.853195
AJG,Arthur J. Gallagher & Co.,66.1,⭐⭐ GOOD,🟡 Good,USD,USD,False,True,True,1.0,,80.0,60.0,56.6,65.0,60.0,35.0,38.9,False,up,18.8,False,0,18.9,False,0,"{'eps_growth_yoy': 18.8, 'positive_quarters': 4, 'earnings_accelerating': False, 'eps_accel_quarters': 0, 'profit_margin_pct': 10.4}","{'revenue_growth_yoy': 18.9, 'revenue_accelerating': False, 'rev_accel_quarters': 0}","{'rs_3m': 26.4, 'rs_6m': 1.7, 'rs_line_percentile': 38.9, 'rs_line_at_new_high': False, 'rs_line_trend': 'up', 'rs_line_score': 35}","{'roe_pct': 6.7, 'debt_to_equity': 0.59, 'current_ratio': 1.05, 'operating_margin_pct': 19.2}","{'days_to_earnings': 'N/A', 'recommendation': 'buy', 'analyst_upside_pct': 11.2}",262.15,67199791104,Financial Services,Insurance Brokers,2.3,4.3,False,313.55,-16.4,5.0,False,291.56,388.0,250.0,18.0,buy,11.2,119.53,-54.4,59.0,-77.5,3.1,8.12,1.05,44.8,2.8,1.01,True,-0.71,4.1,-10.7,58.0,2026-10-29,False,False,6,NEUTRAL,3.14,77.9,,25.5,,,,2026-09-01T09:17:33.096748
WM,"Waste Management, Inc.",66.1,⭐⭐ GOOD,🟡 Good,USD,USD,False,True,True,1.0,"FCF declarado (2,348,375,040) se aparta del derivado de flujo operativo menos capex (3,290,000,192)",100.0,70.0,26.7,45.0,65.0,15.0,8.0,False,flat,30.2,True,1,3.7,True,2,"{'eps_growth_yoy': 30.2, 'positive_quarters': 4, 'earnings_accelerating': True, 'eps_accel_quarters': 1, 'profit_margin_pct': 11.1}","{'revenue_growth_yoy': 3.7, 'revenue_accelerating': True, 'rev_accel_quarters': 2}","{'rs_3m': 2.2, 'rs_6m': -22.5, 'rs_line_percentile': 8.0, 'rs_line_at_new_high': False, 'rs_line_trend': 'flat', 'rs_line_score': 15}","{'roe_pct': 29.8, 'debt_to_equity': 2.35, 'current_ratio': 0.91, 'operating_margin_pct': 19.0}","{'days_to_earnings': 'N/A', 'recommendation': 'buy', 'analyst_upside_pct': 18.7}",218.92,87505649664,Industrials,Waste Management,1.5,3.2,False,248.13,-11.8,4.0,False,259.92,277.0,220.0,25.0,buy,18.7,108.01,-50.7,70.7,-67.7,2.68,5.88,1.72,50.1,3.78,1.49,True,-1.15,5.0,8.3,55.0,2026-10-26,False,False,8,STRONG,3.93,21.3,2.89,13.4,0.8,0.06,-12.6,2026-09-01T09:14:34.390080
CME,CME Group Inc.,65.9,⭐⭐ GOOD,🟡 Good,USD,USD,False,True,True,1.0,"FCF declarado (2,909,012,480) se aparta del derivado de flujo operativo menos capex (4,225,500,192)",85.0,60.0,38.3,85.0,50.0,35.0,43.5,False,up,14.7,False,0,11.0,False,0,"{'eps_growth_yoy': 14.7, 'positive_quarters': 4, 'earnings_accelerating': False, 'eps_accel_quarters': 0, 'profit_margin_pct': 63.4}","{'revenue_growth_yoy': 11.0, 'revenue_accelerating': False, 'rev_accel_quarters': 0}","{'rs_3m': 10.1, 'rs_6m': -23.3, 'rs_line_percentile': 43.5, 'rs_line_at_new_high': False, 'rs_line_trend': 'up', 'rs_line_score': 35}","{'roe_pct': 15.8, 'debt_to_equity': 0.15, 'current_ratio': 1.02, 'operating_margin_pct': 65.0}","{'days_to_earnings': 'N/A', 'recommendation': 'hold', 'analyst_upside_pct': -0.9}",285.5,102659883008,Financial Services,Financial Data & Stock Exchanges,1.6,2.3,False,329.16,-13.3,6.0,False,283.07,330.0,230.0,15.0,hold,-0.9,119.04,-58.3,117.9,-58.7,2.83,8.09,1.82,95.4,5.2,3.57,True,-1.46,33.0,1.0,50.0,2026-10-21,False,False,6,NEUTRAL,5.28,101.4,8.83,18.2,,,,2026-09-01T09:15:31.591463
CPRT,"Copart, Inc.",65.8,⭐⭐ GOOD,🟡 Good,USD,USD,False,True,True,1.0,,85.0,60.0,26.7,90.0,65.0,15.0,16.5,False,up,1.5,True,1,10.0,True,1,"{'eps_growth_yoy': 1.5, 'positive_quarters': 4, 'earnings_accelerating': True, 'eps_accel_quarters': 1, 'profit_margin_pct': 33.5}","{'revenue_growth_yoy': 10.0, 'revenue_accelerating': True, 'rev_accel_quarters': 1}","{'rs_3m': 0.8, 'rs_6m': -27.2, 'rs_line_percentile': 16.5, 'rs_line_at_new_high': False, 'rs_line_trend': 'up', 'rs_line_score': 15}","{'roe_pct': 17.6, 'debt_to_equity': 0.01, 'current_ratio': 7.61, 'operating_margin_pct': 37.5}","{'days_to_earnings': 'N/A', 'recommendation': 'buy', 'analyst_upside_pct': 21.9}",32.99,30542522368,Industrials,Specialty Business Services,6.1,4.0,False,50.11,-34.2,1.0,False,40.2,55.0,25.0,10.0,buy,21.9,15.89,-51.8,16.1,-51.2,3.27,1.08,,,,,True,-4.63,,1.6,2.0,2026-09-03,True,False,6,NEUTRAL,6.41,19.3,8.56,40.9,,,,2026-09-01T09:15:15.204169
ISRG,"Intuitive Surgical, Inc.",65.5,⭐⭐ GOOD,🟡 Good,USD,USD,False,True,True,1.0,,85.0,70.0,24.0,75.0,65.0,15.0,10.0,False,down,16.1,False,0,15.5,True,1,"{'eps_growth_yoy': 16.1, 'positive_quarters': 4, 'earnings_accelerating': False, 'eps_accel_quarters': 0, 'profit_margin_pct': 28.4}","{'revenue_growth_yoy': 15.5, 'revenue_accelerating': True, 'rev_accel_quarters': 1}","{'rs_3m': -9.8, 'rs_6m': -37.4, 'rs_line_percentile': 10.0, 'rs_line_at_new_high': False, 'rs_line_trend': 'down', 'rs_line_score': 15}","{'roe_pct': 17.4, 'current_ratio': 4.96, 'operating_margin_pct': 33.6}","{'days_to_earnings': 'N/A', 'recommendation': 'buy', 'analyst_upside_pct': 26.8}",376.86,135020658688,Healthcare,Medical Instruments & Supplies,2.0,1.7,False,603.88,-37.6,0.0,False,478.01,685.0,324.0,30.0,buy,26.8,272.63,-27.7,233.73,-38.0,1.94,7.3,,,,,True,-2.64,,26.5,49.0,2026-10-20,False,False,4,NEUTRAL,2.3,22.5,1.18,38.4,0.2,0.01,-38.2,2026-09-01T09:21:17.917877
LPX,Louisiana-Pacific Corporation,65.2,⭐⭐ GOOD,🟡 Good,USD,USD,False,True,True,1.0,"FCF declarado (-96,000,000) se aparta del derivado de flujo operativo menos capex (-33,000,000)",88.0,70.0,24.0,70.0,60.0,15.0,1.2,False,down,188.9,False,0,0.2,True,2,"{'eps_growth_yoy': 188.9, 'positive_quarters': 3, 'earnings_accelerating': False, 'eps_accel_quarters': 0, 'profit_margin_pct': 2.2}","{'revenue_growth_yoy': 0.2, 'revenue_accelerating': True, 'rev_accel_quarters': 2}","{'rs_3m': -6.3, 'rs_6m': -28.3, 'rs_line_percentile': 1.2, 'rs_line_at_new_high': False, 'rs_line_trend': 'down', 'rs_line_score': 15}","{'roe_pct': 3.1, 'debt_to_equity': 0.22, 'current_ratio': 3.22, 'operating_margin_pct': 5.3}","{'days_to_earnings': 'N/A', 'recommendation': 'none', 'analyst_upside_pct': 30.8}",70.51,4930299392,Industrials,Building Products & Equipment,10.0,5.6,True,101.28,-30.4,0.0,False,92.23,107.0,74.0,13.0,none,30.8,,,7.6,-89.2,-1.95,-1.37,1.68,150.6,1.2,1.27,False,,6.1,-25.9,64.0,2026-11-04,False,False,5,NEUTRAL,4.11,9.3,,41.6,,,,2026-09-01T09:22:26.010315
ALLY,Ally Financial Inc.,64.7,⭐⭐ GOOD,🟡 Good,USD,USD,False,True,True,1.0,"FCF declarado (-546,000,000) se aparta del derivado de flujo operativo menos capex (291,000,128)",90.0,60.0,36.0,60.0,65.0,15.0,12.6,False,down,3.0,True,2,7.3,True,1,"{'eps_growth_yoy': 3.0, 'positive_quarters': 4, 'earnings_accelerating': True, 'eps_accel_quarters': 2, 'profit_margin_pct': 18.4}","{'revenue_growth_yoy': 7.3, 'revenue_accelerating': True, 'rev_accel_quarters': 1}","{'rs_3m': -0.2, 'rs_6m': -5.7, 'rs_line_percentile': 12.6, 'rs_line_at_new_high': False, 'rs_line_trend': 'down', 'rs_line_score': 15}","{'roe_pct': 9.7, 'operating_margin_pct': 25.3}","{'days_to_earnings': 'N/A', 'recommendation': 'buy', 'analyst_upside_pct': 27.2}",42.21,12840267776,Financial Services,Credit Services,4.3,4.0,False,47.29,-10.7,4.0,False,53.7,58.0,45.0,17.0,buy,27.2,,,57.38,35.9,-4.25,-1.79,2.84,28.2,1.2,3.2,True,-13.0,,13.5,45.0,2026-10-16,False,False,5,NEUTRAL,,,0.49,19.8,,,,2026-09-01T09:21:54.490240
NYT,The New York Times Company,64.5,⭐⭐ GOOD,🟡 Good,USD,USD,False,True,True,0.9952,"FCF declarado (459,932,128) se aparta del derivado de flujo operativo menos capex (624,278,976)",90.0,60.0,24.0,75.0,65.0,15.0,12.3,False,down,14.4,True,1,8.8,True,1,"{'eps_growth_yoy': 14.4, 'positive_quarters': 4, 'earnings_accelerating': True, 'eps_accel_quarters': 1, 'profit_margin_pct': 13.3}","{'revenue_growth_yoy': 8.8, 'revenue_accelerating': True, 'rev_accel_quarters': 1}","{'rs_3m': -12.7, 'rs_6m': -29.2, 'rs_line_percentile': 12.3, 'rs_line_at_new_high': False, 'rs_line_trend': 'down', 'rs_line_score': 15}","{'roe_pct': 19.7, 'current_ratio': 1.58, 'operating_margin_pct': 17.1}","{'days_to_earnings': 'N/A', 'recommendation': 'buy', 'analyst_upside_pct': 15.5}",67.27,10849546240,Communication Services,Publishing,7.3,5.3,False,87.1,-22.8,3.0,False,77.67,90.0,63.0,9.0,buy,15.5,66.38,-1.3,33.18,-50.7,4.24,2.87,1.35,32.1,0.92,0.93,True,-1.61,857.1,14.0,64.0,2026-11-04,False,False,8,STRONG,4.44,52.8,1.54,50.8,0.4,0.01,-50.4,2026-09-01T09:22:21.770004
KR,The Kroger Co.,64.2,⭐⭐ GOOD,🟡 Good,USD,USD,False,True,True,1.0,,78.0,100.0,24.0,30.0,65.0,15.0,6.8,False,flat,48.3,False,0,35.9,True,2,"{'eps_growth_yoy': 48.3, 'positive_quarters': 3, 'earnings_accelerating': False, 'eps_accel_quarters': 0, 'profit_margin_pct': 0.7}","{'revenue_growth_yoy': 35.9, 'revenue_accelerating': True, 'rev_accel_quarters': 2}","{'rs_3m': -7.1, 'rs_6m': -29.0, 'rs_line_percentile': 6.8, 'rs_line_at_new_high': False, 'rs_line_trend': 'flat', 'rs_line_score': 15}","{'roe_pct': 13.8, 'debt_to_equity': 3.73, 'current_ratio': 0.79, 'operating_margin_pct': 3.2}","{'days_to_earnings': 'N/A', 'recommendation': 'buy', 'analyst_upside_pct': 22.4}",57.54,35251724288,Consumer Defensive,Grocery Stores,4.5,4.3,False,76.58,-24.9,3.0,False,70.45,86.0,58.0,22.0,buy,22.4,109.66,90.6,22.44,-61.0,8.49,4.89,2.49,80.1,1.44,2.02,True,-7.75,3.0,9.2,10.0,2026-09-11,False,True,7,NEUTRAL,2.74,5.9,0.78,21.1,,,,2026-09-01T09:21:46.562660
PAYX,"Paychex, Inc.",63.8,⭐⭐ GOOD,🟡 Good,USD,USD,False,True,True,1.0,"FCF declarado (2,321,800,000) se aparta del derivado de flujo operativo menos capex (944,300,000)",75.0,50.0,75.0,65.0,40.0,60.0,54.9,False,up,9.6,False,0,4.3,False,0,"{'eps_growth_yoy': 9.6, 'positive_quarters': 4, 'earnings_accelerating': False, 'eps_accel_quarters': 0, 'profit_margin_pct': 26.6}","{'revenue_growth_yoy': 4.3, 'revenue_accelerating': False, 'rev_accel_quarters': 0}","{'rs_3m': 24.4, 'rs_6m': 24.9, 'rs_line_percentile': 54.9, 'rs_line_at_new_high': False, 'rs_line_trend': 'up', 'rs_line_score': 60}","{'debt_to_equity': 1.24, 'current_ratio': 1.15, 'operating_margin_pct': 38.3}","{'days_to_earnings': 'N/A', 'recommendation': 'hold', 'analyst_upside_pct': -12.6}",127.34,45292654592,Technology,Software - Application,6.1,6.4,False,139.06,-8.4,6.0,False,111.36,150.0,95.0,14.0,hold,-12.6,276.83,117.4,147.0,15.4,5.13,6.53,3.75,90.6,4.76,2.83,True,-1.35,9.6,17.4,28.0,2026-09-29,False,False,7,NEUTRAL,5.29,106.4,0.46,24.1,,,,2026-09-01T09:16:20.991459
AON,Aon plc,63.7,⭐⭐ GOOD,🟡 Good,USD,USD,False,True,True,1.0,,85.0,50.0,36.0,80.0,65.0,15.0,0.7,False,flat,20.3,False,0,6.2,False,0,"{'eps_growth_yoy': 20.3, 'positive_quarters': 4, 'earnings_accelerating': False, 'eps_accel_quarters': 0, 'profit_margin_pct': 22.3}","{'revenue_growth_yoy': 6.2, 'revenue_accelerating': False, 'rev_accel_quarters': 0}","{'rs_3m': -0.7, 'rs_6m': -17.7, 'rs_line_percentile': 0.7, 'rs_line_at_new_high': False, 'rs_line_trend': 'flat', 'rs_line_score': 15}","{'roe_pct': 44.7, 'debt_to_equity': 1.63, 'current_ratio': 1.03, 'operating_margin_pct': 23.5}","{'days_to_earnings': 'N/A', 'recommendation': 'buy', 'analyst_upside_pct': 25.7}",321.52,68202569728,Financial Services,Insurance Brokers,1.6,2.6,False,382.34,-15.9,3.0,False,404.05,445.0,339.0,19.0,buy,25.7,221.34,-31.2,164.0,-49.0,4.68,15.04,0.92,16.8,3.28,0.76,True,-2.35,7.7,-2.1,59.0,2026-10-30,False,False,8,STRONG,6.71,141.9,,31.9,3.1,0.1,-28.8,2026-09-01T09:16:48.682691
VRSN,"VeriSign, Inc.",63.5,⭐⭐ GOOD,🟡 Good,USD,USD,False,True,True,1.0,,75.0,60.0,62.4,50.0,60.0,60.0,51.1,False,up,1.7,False,0,3.7,True,1,"{'eps_growth_yoy': 1.7, 'positive_quarters': 4, 'earnings_accelerating': False, 'eps_accel_quarters': 0, 'profit_margin_pct': 49.8}","{'revenue_growth_yoy': 3.7, 'revenue_accelerating': True, 'rev_accel_quarters': 1}","{'rs_3m': -3.8, 'rs_6m': 13.8, 'rs_line_percentile': 51.1, 'rs_line_at_new_high': False, 'rs_line_trend': 'up', 'rs_line_score': 60}","{'current_ratio': 0.59, 'operating_margin_pct': 68.2}","{'days_to_earnings': 'N/A', 'recommendation': 'buy', 'analyst_upside_pct': 10.3}",288.28,26060511232,Technology,Software - Infrastructure,1.7,1.7,False,312.48,-7.7,7.0,True,318.0,355.0,270.0,5.0,buy,10.3,165.22,-42.7,90.8,-68.5,3.2,9.21,1.11,34.3,3.24,,True,-3.45,15.5,5.4,51.0,2026-10-22,False,False,8,STRONG,4.19,512.5,3.41,28.8,0.8,0.03,-28.0,2026-09-01T09:15:44.102684
WCN,"Waste Connections, Inc.",63.2,⭐⭐ GOOD,🟡 Good,USD,USD,False,True,True,1.0,,80.0,70.0,38.7,50.0,65.0,15.0,21.2,False,up,3.5,True,1,4.2,True,2,"{'eps_growth_yoy': 3.5, 'positive_quarters': 4, 'earnings_accelerating': True, 'eps_accel_quarters': 1, 'profit_margin_pct': 10.9}","{'revenue_growth_yoy': 4.2, 'revenue_accelerating': True, 'rev_accel_quarters': 2}","{'rs_3m': 9.6, 'rs_6m': -17.5, 'rs_line_percentile': 21.2, 'rs_line_at_new_high': False, 'rs_line_trend': 'up', 'rs_line_score': 15}","{'roe_pct': 13.0, 'debt_to_equity': 1.22, 'current_ratio': 0.66, 'operating_margin_pct': 19.7}","{'days_to_earnings': 'N/A', 'recommendation': 'strong_buy', 'analyst_upside_pct': 21.3}",165.32,41589428224,Industrials,Waste Management,1.7,2.8,False,185.12,-10.7,3.0,False,200.6,220.0,162.0,25.0,strong_buy,21.3,65.1,-60.6,41.3,-75.0,2.52,4.17,0.84,33.0,1.4,0.69,True,-2.69,5.0,4.4,49.0,2026-10-20,False,False,6,NEUTRAL,3.42,19.4,6.05,14.6,,,,2026-09-01T09:14:29.890059
RSG,"Republic Services, Inc.",63.2,⭐⭐ GOOD,🟡 Good,USD,USD,False,True,True,1.0,"FCF declarado (1,942,625,024) se aparta del derivado de flujo operativo menos capex (2,655,000,128)",80.0,70.0,38.7,60.0,50.0,15.0,23.5,False,up,2.9,True,1,5.2,True,2,"{'eps_growth_yoy': 2.9, 'positive_quarters': 4, 'earnings_accelerating': True, 'eps_accel_quarters': 1, 'profit_margin_pct': 12.9}","{'revenue_growth_yoy': 5.2, 'revenue_accelerating': True, 'rev_accel_quarters': 2}","{'rs_3m': 9.1, 'rs_6m': -16.9, 'rs_line_percentile': 23.5, 'rs_line_at_new_high': False, 'rs_line_trend': 'up', 'rs_line_score': 15}","{'roe_pct': 18.2, 'debt_to_equity': 1.19, 'current_ratio': 0.64, 'operating_margin_pct': 20.4}","{'days_to_earnings': 'N/A', 'recommendation': 'none', 'analyst_upside_pct': 11.3}",220.92,67648573440,Industrials,Waste Management,2.1,3.0,False,235.18,-6.1,6.0,False,245.92,272.0,208.0,24.0,none,11.3,102.05,-53.8,70.3,-68.2,2.87,6.34,1.21,35.4,2.68,1.21,True,-2.17,5.3,2.5,58.0,2026-10-29,False,False,6,NEUTRAL,3.87,24.7,5.38,14.9,,,,2026-09-01T09:15:35.600801
COF,Capital One Financial Corporation,63.1,⭐⭐ GOOD,🟡 Good,USD,USD,False,True,True,1.0,,75.0,60.0,50.3,60.0,65.0,35.0,32.8,False,up,-5.4,True,2,2.5,True,1,"{'eps_growth_yoy': -5.4, 'positive_quarters': 4, 'earnings_accelerating': True, 'eps_accel_quarters': 2, 'profit_margin_pct': 21.9}","{'revenue_growth_yoy': 2.5, 'revenue_accelerating': True, 'rev_accel_quarters': 1}","{'rs_3m': 15.4, 'rs_6m': -2.1, 'rs_line_percentile': 32.8, 'rs_line_at_new_high': False, 'rs_line_trend': 'up', 'rs_line_score': 35}","{'roe_pct': 9.0, 'operating_margin_pct': 33.6}","{'days_to_earnings': 'N/A', 'recommendation': 'buy', 'analyst_upside_pct': 20.4}",214.51,131598630912,Financial Services,Credit Services,2.0,2.7,False,259.64,-17.4,5.0,False,258.27,300.0,214.0,22.0,buy,20.4,1806.97,742.4,541.8,152.6,19.86,42.61,1.48,16.5,3.2,1.68,True,-6.91,,,49.0,2026-10-20,False,False,5,NEUTRAL,,,0.5,26.4,,,,2026-09-01T09:21:30.156565
ASAZY,ASSA ABLOY AB (publ),62.6,⭐⭐ GOOD,🟡 Good,USD,SEK,True,True,False,0.9482,"acciones × precio no cuadra con la capitalización (ratio 0.9482): el dato por acción y el precio no están en la misma unidad — típico de ADR. Los ratios por acción (EPS, FCF/acción, DCF) no son utilizables | FCF declarado (1,917,347,149) se aparta del derivado de flujo operativo menos capex (18,638,",90.0,60.0,26.7,65.0,55.0,15.0,19.1,False,flat,15.9,True,1,3.3,True,1,"{'eps_growth_yoy': 15.9, 'positive_quarters': 4, 'earnings_accelerating': True, 'eps_accel_quarters': 1, 'profit_margin_pct': 10.8}","{'revenue_growth_yoy': 3.3, 'revenue_accelerating': True, 'rev_accel_quarters': 1}","{'rs_3m': 4.3, 'rs_6m': -23.7, 'rs_line_percentile': 19.1, 'rs_line_at_new_high': False, 'rs_line_trend': 'flat', 'rs_line_score': 15}","{'roe_pct': 15.6, 'debt_to_equity': 0.64, 'current_ratio': 1.01}","{'days_to_earnings': 'N/A', 'recommendation': 'none', 'analyst_upside_pct': 17.0}",18.58,41276448768,Industrials,Security & Protection Services,,,False,21.98,-15.5,3.0,False,21.74,21.74,21.74,1.0,none,17.0,,,,,4.65,0.91,1.78,41.9,0.33,1.7,False,,,8.0,56.0,2026-10-27,False,False,8,STRONG,,118.2,1.3,16.7,,,,2026-09-01T09:19:13.027896
JKHY,"Jack Henry & Associates, Inc.",62.6,⭐⭐ GOOD,🟡 Good,USD,USD,False,True,True,1.0,"FCF declarado (352,223,744) se aparta del derivado de flujo operativo menos capex (530,794,000)",60.0,60.0,50.3,90.0,60.0,35.0,46.4,False,up,-3.7,True,1,3.4,True,1,"{'eps_growth_yoy': -3.7, 'positive_quarters': 4, 'earnings_accelerating': True, 'eps_accel_quarters': 1, 'profit_margin_pct': 19.8}","{'revenue_growth_yoy': 3.4, 'revenue_accelerating': True, 'rev_accel_quarters': 1}","{'rs_3m': 18.5, 'rs_6m': -10.3, 'rs_line_percentile': 46.4, 'rs_line_at_new_high': False, 'rs_line_trend': 'up', 'rs_line_score': 35}","{'roe_pct': 24.0, 'debt_to_equity': 0.04, 'current_ratio': 1.17, 'operating_margin_pct': 22.5}","{'days_to_earnings': 'N/A', 'recommendation': 'buy', 'analyst_upside_pct': 14.1}",167.91,11772608512,Technology,Information Technology Services,7.0,4.7,False,193.39,-13.2,5.0,False,191.53,215.0,170.0,15.0,buy,14.1,73.92,-56.0,69.9,-58.4,2.99,5.02,1.45,34.1,2.44,1.22,True,-2.42,123.3,-10.4,63.0,2026-11-03,False,False,9,STRONG,5.04,162.7,,32.2,1.6,0.05,-30.6,2026-09-01T09:21:02.904992
AXP,American Express Company,62.5,⭐⭐ GOOD,🟡 Good,USD,USD,False,True,True,1.0,,70.0,60.0,38.7,85.0,60.0,15.0,19.6,False,down,7.2,False,0,6.6,True,1,"{'eps_growth_yoy': 7.2, 'positive_quarters': 4, 'earnings_accelerating': False, 'eps_accel_quarters': 0, 'profit_margin_pct': 16.1}","{'revenue_growth_yoy': 6.6, 'revenue_accelerating': True, 'rev_accel_quarters': 1}","{'rs_3m': 4.3, 'rs_6m': -5.3, 'rs_line_percentile': 19.6, 'rs_line_at_new_high': False, 'rs_line_trend': 'down', 'rs_line_score': 15}","{'roe_pct': 34.4, 'debt_to_equity': 1.72, 'current_ratio': 1.55, 'operating_margin_pct': 20.3}","{'days_to_earnings': 'N/A', 'recommendation': 'buy', 'analyst_upside_pct': 13.9}",330.17,222967054336,Financial Services,Credit Services,2.1,3.9,False,387.49,-14.8,2.0,False,375.96,450.0,315.0,25.0,buy,13.9,486.59,47.4,179.74,-45.6,7.18,23.7,1.14,21.5,3.8,1.1,True,-3.35,,7.7,52.0,2026-10-23,False,False,4,NEUTRAL,,,1.49,18.5,,,,2026-09-01T09:20:29.745608
TYL,"Tyler Technologies, Inc.",62.2,⭐⭐ GOOD,🟡 Good,USD,USD,False,True,True,1.0,,80.0,50.0,42.3,75.0,60.0,15.0,22.5,False,up,10.8,False,0,8.3,False,0,"{'eps_growth_yoy': 10.8, 'positive_quarters': 4, 'earnings_accelerating': False, 'eps_accel_quarters': 0, 'profit_margin_pct': 13.4}","{'revenue_growth_yoy': 8.3, 'revenue_accelerating': False, 'rev_accel_quarters': 0}","{'rs_3m': 11.6, 'rs_6m': -8.4, 'rs_line_percentile': 22.5, 'rs_line_at_new_high': False, 'rs_line_trend': 'up', 'rs_line_score': 15}","{'roe_pct': 9.7, 'debt_to_equity': 0.48, 'current_ratio': 1.55, 'operating_margin_pct': 14.7}","{'days_to_earnings': 'N/A', 'recommendation': 'buy', 'analyst_upside_pct': 14.6}",372.22,15243254784,Technology,Software - Application,10.6,4.5,True,566.58,-34.3,3.0,False,426.64,525.0,335.0,22.0,buy,14.6,356.81,-4.1,115.94,-68.9,3.9,14.52,,,,,True,-6.09,65.3,15.5,57.0,2026-10-28,False,False,8,STRONG,2.51,139.0,1.56,38.0,,,,2026-09-01T09:16:56.369290
ADP,"Automatic Data Processing, Inc.",61.8,⭐⭐ GOOD,🟡 Good,USD,USD,False,True,True,1.0,,55.0,50.0,75.0,85.0,50.0,60.0,53.1,False,up,-3.4,False,0,5.8,False,0,"{'eps_growth_yoy': -3.4, 'positive_quarters': 4, 'earnings_accelerating': False, 'eps_accel_quarters': 0, 'profit_margin_pct': 20.1}","{'revenue_growth_yoy': 5.8, 'revenue_accelerating': False, 'rev_accel_quarters': 0}","{'rs_3m': 22.1, 'rs_6m': 21.9, 'rs_line_percentile': 53.1, 'rs_line_at_new_high': False, 'rs_line_trend': 'up', 'rs_line_score': 60}","{'roe_pct': 72.2, 'debt_to_equity': 0.91, 'current_ratio': 1.05, 'operating_margin_pct': 23.5}","{'days_to_earnings': 'N/A', 'recommendation': 'hold', 'analyst_upside_pct': 0.4}",286.16,113680711680,Technology,Software - Application,3.1,4.6,False,302.68,-5.5,6.0,False,287.27,322.0,225.0,15.0,hold,0.4,258.07,-9.8,109.5,-61.7,4.61,13.2,2.37,60.7,6.8,2.04,True,-1.83,13.5,3.9,57.0,2026-10-28,False,False,6,NEUTRAL,5.38,173.6,2.18,19.9,,,,2026-09-01T09:14:54.687620
CB,Chubb Limited,61.6,⭐⭐ GOOD,🟡 Good,USD,USD,False,True,True,1.0,,80.0,50.0,46.7,65.0,60.0,35.0,35.9,False,flat,1.9,True,1,-1.5,True,2,"{'eps_growth_yoy': 1.9, 'positive_quarters': 4, 'earnings_accelerating': True, 'eps_accel_quarters': 1, 'profit_margin_pct': 18.1}","{'revenue_growth_yoy': -1.5, 'revenue_accelerating': True, 'rev_accel_quarters': 2}","{'rs_3m': 8.4, 'rs_6m': -14.0, 'rs_line_percentile': 35.9, 'rs_line_at_new_high': False, 'rs_line_trend': 'flat', 'rs_line_score': 35}","{'roe_pct': 14.8, 'debt_to_equity': 0.31, 'current_ratio': 0.41, 'operating_margin_pct': 23.5}","{'days_to_earnings': 'N/A', 'recommendation': 'buy', 'analyst_upside_pct': 8.1}",338.6,130631835648,Financial Services,Insurance - Property & Casualty,1.0,2.0,False,365.91,-7.5,5.0,False,366.13,425.0,306.0,23.0,buy,8.1,400.01,18.1,281.0,-17.0,8.03,27.19,1.2,13.9,4.08,1.44,True,-3.44,18.9,-0.5,56.0,2026-10-27,False,False,6,NEUTRAL,9.02,,,13.4,0.4,0.03,-13.0,2026-09-01T09:19:41.661216
MCD,McDonald's Corporation,61.5,⭐⭐ GOOD,🟡 Good,USD,USD,False,True,True,1.0,,85.0,60.0,24.0,65.0,65.0,15.0,4.0,False,down,3.7,True,1,0.3,True,1,"{'eps_growth_yoy': 3.7, 'positive_quarters': 4, 'earnings_accelerating': True, 'eps_accel_quarters': 1, 'profit_margin_pct': 31.7}","{'revenue_growth_yoy': 0.3, 'revenue_accelerating': True, 'rev_accel_quarters': 1}","{'rs_3m': -5.2, 'rs_6m': -33.7, 'rs_line_percentile': 4.0, 'rs_line_at_new_high': False, 'rs_line_trend': 'down', 'rs_line_score': 15}","{'current_ratio': 1.08, 'operating_margin_pct': 46.5}","{'days_to_earnings': 'N/A', 'recommendation': 'buy', 'analyst_upside_pct': 19.7}",263.54,186491863040,Consumer Cyclical,Restaurants,1.7,2.4,False,341.75,-22.9,1.0,False,315.39,407.0,250.0,31.0,buy,19.7,146.0,-44.6,123.2,-53.3,3.36,8.85,2.81,59.7,7.44,2.23,True,-1.25,7.9,4.0,65.0,2026-11-05,False,False,6,NEUTRAL,5.19,29.1,3.31,20.5,,,,2026-09-01T09:18:01.041192
FDS,FactSet Research Systems Inc.,61.5,⭐⭐ GOOD,🟡 Good,USD,USD,False,True,True,1.0,,65.0,60.0,62.3,70.0,40.0,35.0,45.9,False,up,-17.5,True,1,4.4,True,1,"{'eps_growth_yoy': -17.5, 'positive_quarters': 4, 'earnings_accelerating': True, 'eps_accel_quarters': 1, 'profit_margin_pct': 23.2}","{'revenue_growth_yoy': 4.4, 'revenue_accelerating': True, 'rev_accel_quarters': 1}","{'rs_3m': 14.5, 'rs_6m': 29.9, 'rs_line_percentile': 45.9, 'rs_line_at_new_high': False, 'rs_line_trend': 'up', 'rs_line_score': 35}","{'roe_pct': 27.0, 'debt_to_equity': 0.77, 'current_ratio': 0.68, 'operating_margin_pct': 30.5}","{'days_to_earnings': 'N/A', 'recommendation': 'hold', 'analyst_upside_pct': -17.4}",313.55,11151576064,Financial Services,Financial Data & Stock Exchanges,11.6,4.1,True,377.07,-16.8,6.0,False,259.06,340.0,210.0,16.0,hold,-17.4,256.99,-18.0,154.0,-50.9,5.57,17.47,1.5,29.4,4.64,1.03,True,-5.49,14.1,-3.8,16.0,2026-09-17,False,True,6,NEUTRAL,6.26,187.1,,34.6,,,,2026-09-01T09:19:45.123467
KVUE,Kenvue Inc.,61.3,⭐⭐ GOOD,🟡 Good,USD,USD,False,True,True,1.0,,80.0,50.0,46.7,70.0,50.0,35.0,40.7,False,up,14.6,False,0,5.1,False,0,"{'eps_growth_yoy': 14.6, 'positive_quarters': 4, 'earnings_accelerating': False, 'eps_accel_quarters': 0, 'profit_margin_pct': 10.8}","{'revenue_growth_yoy': 5.1, 'revenue_accelerating': False, 'rev_accel_quarters': 0}","{'rs_3m': 8.8, 'rs_6m': -11.1, 'rs_line_percentile': 40.7, 'rs_line_at_new_high': False, 'rs_line_trend': 'up', 'rs_line_score': 35}","{'roe_pct': 15.6, 'debt_to_equity': 0.82, 'current_ratio': 1.0, 'operating_margin_pct': 19.4}","{'days_to_earnings': 'N/A', 'recommendation': 'hold', 'analyst_upside_pct': 3.3}",18.88,36264202240,Consumer Defensive,Household & Personal Products,3.2,2.7,False,20.82,-9.3,6.0,False,19.5,23.0,18.0,12.0,hold,3.3,18.41,-2.5,8.4,-55.5,5.26,0.99,4.38,97.7,0.84,,True,-0.19,6.2,3.4,65.0,2026-11-05,False,False,7,NEUTRAL,5.55,109.8,1.79,21.2,1.6,0.07,-19.6,2026-09-01T09:22:56.207495
CHD,"Church & Dwight Co., Inc.",61.1,⭐⭐ GOOD,🟡 Good,USD,USD,False,True,True,1.0,,90.0,30.0,46.7,75.0,60.0,35.0,32.5,False,flat,13.2,True,1,-2.5,False,0,"{'eps_growth_yoy': 13.2, 'positive_quarters': 4, 'earnings_accelerating': True, 'eps_accel_quarters': 1, 'profit_margin_pct': 12.0}","{'revenue_growth_yoy': -2.5, 'revenue_accelerating': False, 'rev_accel_quarters': 0}","{'rs_3m': 3.8, 'rs_6m': -16.8, 'rs_line_percentile': 32.5, 'rs_line_at_new_high': False, 'rs_line_trend': 'flat', 'rs_line_score': 35}","{'roe_pct': 17.0, 'debt_to_equity': 0.56, 'current_ratio': 1.15, 'operating_margin_pct': 18.1}","{'days_to_earnings': 'N/A', 'recommendation': 'buy', 'analyst_upside_pct': 5.6}",99.78,23668205568,Consumer Defensive,Household & Personal Products,5.2,5.9,False,106.04,-5.9,6.0,False,105.37,115.0,78.0,19.0,buy,5.6,74.93,-24.9,30.7,-69.2,3.97,3.96,1.21,38.6,1.23,1.16,True,-2.54,10.6,6.3,59.0,2026-10-30,False,False,7,NEUTRAL,4.07,114.1,2.74,25.7,0.4,0.02,-25.3,2026-09-01T09:19:08.592565
TNE.AX,Technology One Limited,61.0,⭐⭐ GOOD,🟡 Good,AUD,AUD,False,True,True,1.0,,60.0,50.0,56.0,95.0,50.0,,,,,,,0,,,0,{'profit_margin_pct': 22.4},{},"{'rs_3m': -1.8, 'rs_6m': 9.4}","{'roe_pct': 33.5, 'debt_to_equity': 0.12, 'current_ratio': 1.12, 'operating_margin_pct': 27.1}","{'days_to_earnings': 'N/A', 'recommendation': 'none', 'analyst_upside_pct': -3.2}",32.19,10537993216,Technology,Software - Application,,,False,39.99,-19.5,6.0,False,31.16,34.25,22.0,16.0,none,-3.2,7.85,-75.6,4.3,-86.6,1.44,0.46,0.86,62.2,0.28,0.97,,,,3.1,76.0,2026-11-17,False,False,3,NEUTRAL,1.77,162.9,8.43,28.9,,,,2026-09-01T09:20:17.499168
ITW,Illinois Tool Works Inc.,60.8,⭐⭐ GOOD,🟡 Good,USD,USD,False,True,True,1.0,,70.0,60.0,50.3,65.0,50.0,35.0,31.8,False,up,-0.7,True,2,6.0,True,1,"{'eps_growth_yoy': -0.7, 'positive_quarters': 4, 'earnings_accelerating': True, 'eps_accel_quarters': 2, 'profit_margin_pct': 19.4}","{'revenue_growth_yoy': 6.0, 'revenue_accelerating': True, 'rev_accel_quarters': 1}","{'rs_3m': 11.5, 'rs_6m': -17.6, 'rs_line_percentile': 31.8, 'rs_line_at_new_high': False, 'rs_line_trend': 'up', 'rs_line_score': 35}","{'roe_pct': 104.6, 'debt_to_equity': 3.35, 'current_ratio': 1.11, 'operating_margin_pct': 26.9}","{'days_to_earnings': 'N/A', 'recommendation': 'hold', 'analyst_upside_pct': 9.6}",275.37,78425374720,Industrials,Specialty Industrial Machinery,3.1,6.2,False,303.16,-9.2,5.0,False,301.86,350.0,249.0,14.0,hold,9.6,169.1,-38.6,109.59,-60.2,3.1,8.54,2.46,58.3,6.88,2.26,True,-2.39,14.6,4.0,52.0,2026-10-23,False,False,5,NEUTRAL,4.88,118.3,2.2,16.5,1.6,0.09,-14.9,2026-09-01T09:19:00.127256
STZ,"Constellation Brands, Inc.",60.8,⭐⭐ GOOD,🟡 Good,USD,USD,False,True,True,0.9997,,100.0,40.0,24.0,60.0,70.0,15.0,1.8,False,down,40.3,True,1,-1.9,True,1,"{'eps_growth_yoy': 40.3, 'positive_quarters': 4, 'earnings_accelerating': True, 'eps_accel_quarters': 1, 'profit_margin_pct': 20.1}","{'revenue_growth_yoy': -1.9, 'revenue_accelerating': True, 'rev_accel_quarters': 1}","{'rs_3m': -4.6, 'rs_6m': -28.7, 'rs_line_percentile': 1.8, 'rs_line_at_new_high': False, 'rs_line_trend': 'down', 'rs_line_score': 15}","{'roe_pct': 23.7, 'debt_to_equity': 1.23, 'current_ratio': 0.91, 'operating_margin_pct': 35.9}","{'days_to_earnings': 'N/A', 'recommendation': 'buy', 'analyst_upside_pct': 30.8}",130.62,22310463488,Consumer Defensive,Beverages - Brewers,4.9,4.1,False,168.6,-22.5,3.0,False,170.83,209.0,115.0,23.0,buy,30.8,549.0,320.3,314.7,140.9,9.91,12.95,3.15,39.0,4.12,1.78,True,-3.77,8.2,21.5,34.0,2026-10-05,False,False,6,NEUTRAL,8.29,29.4,0.34,30.7,0.4,0.01,-30.3,2026-09-01T09:22:10.056037
FCNCA,"First Citizens BancShares, Inc.",60.8,⭐⭐ GOOD,🟡 Good,USD,USD,False,True,False,0.911,"acciones × precio no cuadra con la capitalización (ratio 0.9110): el dato por acción y el precio no están en la misma unidad — típico de ADR. Los ratios por acción (EPS, FCF/acción, DCF) no son utilizables",95.0,30.0,50.3,65.0,50.0,35.0,45.9,False,flat,18.3,True,1,-0.2,False,0,"{'eps_growth_yoy': 18.3, 'positive_quarters': 4, 'earnings_accelerating': True, 'eps_accel_quarters': 1, 'profit_margin_pct': 25.2}","{'revenue_growth_yoy': -0.2, 'revenue_accelerating': False, 'rev_accel_quarters': 0}","{'rs_3m': 10.3, 'rs_6m': -2.2, 'rs_line_percentile': 45.9, 'rs_line_at_new_high': False, 'rs_line_trend': 'flat', 'rs_line_score': 35}","{'roe_pct': 10.7, 'operating_margin_pct': 39.0}","{'days_to_earnings': 'N/A', 'recommendation': 'hold', 'analyst_upside_pct': 8.2}",2164.4,24442828800,Financial Services,Banks - Regional,4.8,5.9,False,2296.3,-5.7,7.0,True,2342.67,2525.0,2100.0,12.0,hold,8.2,,,,,5.57,132.29,0.38,4.4,8.4,0.31,True,-13.5,,12.4,51.0,2026-10-22,False,False,5,NEUTRAL,,,0.35,18.4,,,,2026-09-01T09:23:21.450280
OTIS,Otis Worldwide Corporation,60.6,⭐⭐ GOOD,🟡 Good,USD,USD,False,True,True,1.0,,90.0,60.0,26.7,45.0,65.0,15.0,3.6,False,down,14.4,True,1,4.6,True,1,"{'eps_growth_yoy': 14.4, 'positive_quarters': 4, 'earnings_accelerating': True, 'eps_accel_quarters': 1, 'profit_margin_pct': 10.2}","{'revenue_growth_yoy': 4.6, 'revenue_accelerating': True, 'rev_accel_quarters': 1}","{'rs_3m': 2.0, 'rs_6m': -36.4, 'rs_line_percentile': 3.6, 'rs_line_at_new_high': False, 'rs_line_trend': 'down', 'rs_line_score': 15}","{'current_ratio': 0.83, 'operating_margin_pct': 15.1}","{'days_to_earnings': 'N/A', 'recommendation': 'buy', 'analyst_upside_pct': 24.9}",71.13,27077009408,Industrials,Specialty Industrial Machinery,4.5,3.9,False,94.565,-24.8,1.0,False,88.83,105.0,75.0,12.0,buy,24.9,83.98,18.1,50.18,-29.5,5.3,3.77,2.45,43.7,1.76,1.5,True,-3.9,,9.1,57.0,2026-10-28,False,False,6,NEUTRAL,6.27,171.1,1.2,19.5,,,,2026-09-01T09:18:44.149760
UBER,"Uber Technologies, Inc.",60.5,⭐⭐ GOOD,🟡 Good,USD,USD,False,True,True,1.0,"FCF declarado (7,244,749,824) se aparta del derivado de flujo operativo menos capex (10,088,000,512)",70.0,60.0,38.7,65.0,70.0,15.0,16.0,False,up,-63.9,True,2,5.4,True,1,"{'eps_growth_yoy': -63.9, 'positive_quarters': 4, 'earnings_accelerating': True, 'eps_accel_quarters': 2, 'profit_margin_pct': 17.3}","{'revenue_growth_yoy': 5.4, 'revenue_accelerating': True, 'rev_accel_quarters': 1}","{'rs_3m': 1.3, 'rs_6m': -13.7, 'rs_line_percentile': 16.0, 'rs_line_at_new_high': False, 'rs_line_trend': 'up', 'rs_line_score': 15}","{'roe_pct': 37.2, 'debt_to_equity': 0.52, 'current_ratio': 0.84, 'operating_margin_pct': 13.3}","{'days_to_earnings': 'N/A', 'recommendation': 'buy', 'analyst_upside_pct': 34.6}",75.65,154519683072,Technology,Software - Application,2.4,2.3,False,101.99,-25.8,1.0,False,101.85,150.0,70.0,46.0,buy,34.6,150.42,98.8,136.8,80.8,4.69,3.55,,,,,True,-4.47,15.5,85.5,63.0,2026-11-03,False,False,6,NEUTRAL,3.78,133.2,0.2,43.7,0.8,0.02,-42.9,2026-09-01T09:22:43.434064
ECL,Ecolab Inc.,60.3,⭐⭐ GOOD,🟡 Good,USD,USD,False,True,True,1.0,"FCF declarado (1,474,824,960) se aparta del derivado de flujo operativo menos capex (2,008,500,000)",60.0,60.0,50.3,75.0,60.0,35.0,32.7,False,up,-8.6,True,1,6.0,True,1,"{'eps_growth_yoy': -8.6, 'positive_quarters': 4, 'earnings_accelerating': True, 'eps_accel_quarters': 1, 'profit_margin_pct': 12.6}","{'revenue_growth_yoy': 6.0, 'revenue_accelerating': True, 'rev_accel_quarters': 1}","{'rs_3m': 12.1, 'rs_6m': -19.5, 'rs_line_percentile': 32.7, 'rs_line_at_new_high': False, 'rs_line_trend': 'up', 'rs_line_score': 35}","{'roe_pct': 22.0, 'debt_to_equity': 1.38, 'current_ratio': 1.84, 'operating_margin_pct': 18.5}","{'days_to_earnings': 'N/A', 'recommendation': 'buy', 'analyst_upside_pct': 14.7}",283.2,79389065216,Basic Materials,Specialty Chemicals,1.4,2.9,False,309.27,-8.4,6.0,False,324.95,360.0,295.0,21.0,buy,14.7,78.41,-72.3,73.6,-74.0,1.86,5.26,1.02,38.1,2.92,1.06,True,-1.58,9.1,3.3,56.0,2026-10-27,False,False,6,NEUTRAL,3.24,52.2,9.11,18.1,,,,2026-09-01T09:17:25.199639
ORLY,"O'Reilly Automotive, Inc.",60.2,⭐⭐ GOOD,🟡 Good,USD,USD,False,True,True,1.0,"FCF declarado (1,570,733,824) se aparta del derivado de flujo operativo menos capex (2,120,623,976)",70.0,70.0,38.7,50.0,65.0,15.0,10.9,False,flat,-1.5,True,2,4.0,True,2,"{'eps_growth_yoy': -1.5, 'positive_quarters': 4, 'earnings_accelerating': True, 'eps_accel_quarters': 2, 'profit_margin_pct': 14.3}","{'revenue_growth_yoy': 4.0, 'revenue_accelerating': True, 'rev_accel_quarters': 2}","{'rs_3m': 1.2, 'rs_6m': -19.9, 'rs_line_percentile': 10.9, 'rs_line_at_new_high': False, 'rs_line_trend': 'flat', 'rs_line_score': 15}","{'current_ratio': 0.75, 'operating_margin_pct': 20.2}","{'days_to_earnings': 'N/A', 'recommendation': 'buy', 'analyst_upside_pct': 21.4}",88.8,71835721728,Consumer Cyclical,Auto Parts,3.0,3.5,False,108.72,-18.3,1.0,False,107.8,120.0,89.0,25.0,buy,21.4,38.75,-56.4,32.44,-63.5,2.19,1.94,,,,,True,-4.67,14.4,10.3,57.0,2026-10-28,False,False,7,NEUTRAL,4.28,40.2,2.36,20.9,0.8,0.04,-20.1,2026-09-01T09:18:20.745948
NOW,"ServiceNow, Inc.",60.2,⭐⭐ GOOD,🟡 Good,USD,USD,False,True,True,1.0,,50.0,80.0,58.7,50.0,60.0,35.0,43.0,False,up,-40.6,False,0,17.0,True,2,"{'eps_growth_yoy': -40.6, 'positive_quarters': 4, 'earnings_accelerating': False, 'eps_accel_quarters': 0, 'profit_margin_pct': 11.3}","{'revenue_growth_yoy': 17.0, 'revenue_accelerating': True, 'rev_accel_quarters': 2}","{'rs_3m': 14.7, 'rs_6m': 17.4, 'rs_line_percentile': 43.0, 'rs_line_at_new_high': False, 'rs_line_trend': 'up', 'rs_line_score': 35}","{'roe_pct': 14.2, 'debt_to_equity': 0.68, 'current_ratio': 0.7, 'operating_margin_pct': 4.1}","{'days_to_earnings': 'N/A', 'recommendation': 'strong_buy', 'analyst_upside_pct': -3.9}",147.99,153001246720,Technology,Software - Application,2.8,1.2,False,194.726,-24.0,4.0,False,142.23,248.0,72.0,46.0,strong_buy,-3.9,73.29,-50.5,16.4,-88.9,3.37,4.98,,,,,True,-2.23,29.3,-21.9,57.0,2026-10-28,False,False,4,NEUTRAL,1.46,73.1,,54.9,,,,2026-09-01T09:18:32.333546
MTD,Mettler-Toledo International Inc.,60.1,⭐⭐ GOOD,🟡 Good,USD,USD,False,True,True,1.0,,85.0,40.0,60.3,50.0,50.0,60.0,51.7,False,up,7.1,True,1,-0.2,True,1,"{'eps_growth_yoy': 7.1, 'positive_quarters': 4, 'earnings_accelerating': True, 'eps_accel_quarters': 1, 'profit_margin_pct': 21.9}","{'revenue_growth_yoy': -0.2, 'revenue_accelerating': True, 'rev_accel_quarters': 1}","{'rs_3m': 17.5, 'rs_6m': -7.3, 'rs_line_percentile': 51.7, 'rs_line_at_new_high': False, 'rs_line_trend': 'up', 'rs_line_score': 60}","{'debt_to_equity': 166.68, 'current_ratio': 1.12, 'operating_margin_pct': 31.2}","{'days_to_earnings': 'N/A', 'recommendation': 'none', 'analyst_upside_pct': 4.5}",1405.14,28154171392,Healthcare,Diagnostics & Research,4.1,4.3,False,1525.17,-7.9,6.0,False,1468.91,1600.0,1200.0,11.0,none,4.5,949.22,-32.4,815.08,-42.0,2.46,34.62,,,,,True,-2.75,16.8,9.2,65.0,2026-11-05,False,False,6,NEUTRAL,3.7,110.6,1.49,17.5,,,,2026-09-01T09:18:04.952305
AUTO.L,Autotrader Group plc,59.9,⭐ AVERAGE,🟡 Average,GBp,GBP,True,True,False,100.0,"acciones × precio no cuadra con la capitalización (ratio 100.0000): el dato por acción y el precio no están en la misma unidad — típico de ADR. Los ratios por acción (EPS, FCF/acción, DCF) no son utilizables",60.0,50.0,54.5,90.0,50.0,,,,,,,0,,,0,{'profit_margin_pct': 47.1},{},"{'rs_3m': 9.7, 'rs_6m': -5.8}","{'roe_pct': 60.2, 'debt_to_equity': 0.52, 'current_ratio': 1.73, 'operating_margin_pct': 62.2}","{'days_to_earnings': 'N/A', 'recommendation': 'hold', 'analyst_upside_pct': 10.2}",510.0,3964031488,Communication Services,Internet Content & Information,,,False,828.8,-38.5,0.0,False,562.06,800.0,410.0,18.0,hold,10.2,,,,,6.15,0.31,2.2,32.0,12.0,1.35,,,,2.0,65.0,2026-11-05,False,False,5,NEUTRAL,8.8,332.4,2.29,29.6,,,,2026-09-01T09:21:06.631785
ITRK.L,Intertek Group plc,59.6,⭐ AVERAGE,🟡 Average,GBp,GBP,True,True,True,,,50.0,50.0,74.5,75.0,60.0,,,,,,,0,,,0,{'profit_margin_pct': 9.1},{},"{'rs_3m': 7.1, 'rs_6m': 37.1}","{'roe_pct': 29.9, 'debt_to_equity': 1.73, 'current_ratio': 1.1, 'operating_margin_pct': 16.6}","{'days_to_earnings': 'N/A', 'recommendation': 'buy', 'analyst_upside_pct': 1.0}",5840.0,0,Industrials,Specialty Business Services,,,False,5860.0,-0.3,7.0,True,5897.25,6000.0,5450.0,12.0,buy,1.0,,,205000.0,3410.3,,,2.82,80.5,165.0,2.66,,,,-7.8,182.0,2027-03-02,False,False,4,NEUTRAL,5.18,63.8,,1.3,,,,2026-09-01T09:21:10.329330
VRSK,"Verisk Analytics, Inc.",59.1,⭐ AVERAGE,🟡 Average,USD,USD,False,True,True,1.0,,75.0,60.0,26.7,65.0,65.0,15.0,20.3,False,up,1.4,False,0,4.9,True,1,"{'eps_growth_yoy': 1.4, 'positive_quarters': 4, 'earnings_accelerating': False, 'eps_accel_quarters': 0, 'profit_margin_pct': 28.2}","{'revenue_growth_yoy': 4.9, 'revenue_accelerating': True, 'rev_accel_quarters': 1}","{'rs_3m': 4.4, 'rs_6m': -22.7, 'rs_line_percentile': 20.3, 'rs_line_at_new_high': False, 'rs_line_trend': 'up', 'rs_line_score': 15}","{'current_ratio': 1.0, 'operating_margin_pct': 45.1}","{'days_to_earnings': 'N/A', 'recommendation': 'buy', 'analyst_upside_pct': 22.7}",193.78,25221632000,Industrials,Consulting Services,2.9,2.0,False,273.83,-29.2,1.0,False,237.71,275.0,195.0,17.0,buy,22.7,119.33,-38.4,65.1,-66.4,4.19,8.11,1.03,29.2,2.0,0.63,True,-8.53,6.9,-2.4,57.0,2026-10-28,False,False,7,NEUTRAL,4.58,113.1,,35.3,0.8,0.02,-34.5,2026-09-01T09:14:17.851747
SPGI,S&P Global Inc.,59.0,⭐ AVERAGE,🟡 Average,USD,USD,False,True,True,1.0,,75.0,50.0,38.7,65.0,65.0,15.0,20.7,False,up,3.5,False,0,6.6,False,0,"{'eps_growth_yoy': 3.5, 'positive_quarters': 4, 'earnings_accelerating': False, 'eps_accel_quarters': 0, 'profit_margin_pct': 30.5}","{'revenue_growth_yoy': 6.6, 'revenue_accelerating': False, 'rev_accel_quarters': 0}","{'rs_3m': 6.5, 'rs_6m': -8.9, 'rs_line_percentile': 20.7, 'rs_line_at_new_high': False, 'rs_line_trend': 'up', 'rs_line_score': 15}","{'roe_pct': 14.3, 'debt_to_equity': 0.43, 'current_ratio': 0.95, 'operating_margin_pct': 44.8}","{'days_to_earnings': 'N/A', 'recommendation': 'strong_buy', 'analyst_upside_pct': 19.1}",435.84,128485629952,Financial Services,Financial Data & Stock Exchanges,2.6,3.8,False,522.46924,-16.6,3.0,False,519.3,553.0,485.0,20.0,strong_buy,19.1,495.13,13.6,286.21,-34.3,4.24,18.48,0.88,23.5,3.88,0.82,True,-4.05,22.7,17.7,58.0,2026-10-29,False,False,7,NEUTRAL,4.49,942.7,1.22,19.5,,,,2026-09-01T09:15:07.038510
MSI,"Motorola Solutions, Inc.",58.8,⭐ AVERAGE,🟡 Average,USD,USD,False,True,True,1.0,"FCF declarado (1,979,000,064) se aparta del derivado de flujo operativo menos capex (2,709,000,128)",60.0,60.0,50.3,65.0,60.0,35.0,49.3,False,up,-0.9,True,1,4.1,True,1,"{'eps_growth_yoy': -0.9, 'positive_quarters': 4, 'earnings_accelerating': True, 'eps_accel_quarters': 1, 'profit_margin_pct': 17.4}","{'revenue_growth_yoy': 4.1, 'revenue_accelerating': True, 'rev_accel_quarters': 1}","{'rs_3m': 17.0, 'rs_6m': -12.9, 'rs_line_percentile': 49.3, 'rs_line_at_new_high': False, 'rs_line_trend': 'up', 'rs_line_score': 35}","{'roe_pct': 91.6, 'debt_to_equity': 3.58, 'current_ratio': 1.1, 'operating_margin_pct': 27.4}","{'days_to_earnings': 'N/A', 'recommendation': 'buy', 'analyst_upside_pct': 8.6}",485.3,80314138624,Technology,Communication Equipment,2.2,3.4,False,493.57,-1.7,7.0,True,526.82,550.0,476.0,11.0,buy,8.6,230.97,-52.4,126.7,-73.9,2.46,11.96,1.0,37.2,4.84,1.11,True,-1.28,7.3,9.5,65.0,2026-11-05,False,False,6,NEUTRAL,3.55,161.2,2.67,34.2,0.8,0.02,-33.4,2026-09-01T09:15:02.540529
PEP,"PepsiCo, Inc.",58.5,⭐ AVERAGE,🟡 Average,USD,USD,False,True,True,1.0,,90.0,60.0,24.0,45.0,50.0,15.0,7.0,False,down,14.5,True,1,1.0,True,1,"{'eps_growth_yoy': 14.5, 'positive_quarters': 4, 'earnings_accelerating': True, 'eps_accel_quarters': 1, 'profit_margin_pct': 10.8}","{'revenue_growth_yoy': 1.0, 'revenue_accelerating': True, 'rev_accel_quarters': 1}","{'rs_3m': -1.0, 'rs_6m': -27.8, 'rs_line_percentile': 7.0, 'rs_line_at_new_high': False, 'rs_line_trend': 'down', 'rs_line_score': 15}","{'roe_pct': 51.5, 'debt_to_equity': 2.39, 'current_ratio': 0.93, 'operating_margin_pct': 16.8}","{'days_to_earnings': 'N/A', 'recommendation': 'hold', 'analyst_upside_pct': 10.4}",140.34,191704432640,Consumer Defensive,Beverages - Non-Alcoholic,1.9,3.2,False,171.48,-18.2,3.0,False,155.0,183.0,124.0,22.0,hold,10.4,243.14,73.3,228.9,63.1,4.09,5.73,4.2,75.3,5.92,3.03,True,-0.51,12.7,54.8,37.0,2026-10-08,False,False,5,NEUTRAL,4.85,33.8,0.11,15.7,,,,2026-09-01T09:20:25.941215
ZTS,Zoetis Inc.,58.5,⭐ AVERAGE,🟡 Average,USD,USD,False,True,True,1.0,,75.0,60.0,24.0,65.0,65.0,15.0,4.6,False,down,-4.2,True,2,2.8,True,1,"{'eps_growth_yoy': -4.2, 'positive_quarters': 4, 'earnings_accelerating': True, 'eps_accel_quarters': 2, 'profit_margin_pct': 27.7}","{'revenue_growth_yoy': 2.8, 'revenue_accelerating': True, 'rev_accel_quarters': 1}","{'rs_3m': -1.1, 'rs_6m': -52.9, 'rs_line_percentile': 4.6, 'rs_line_at_new_high': False, 'rs_line_trend': 'down', 'rs_line_score': 15}","{'roe_pct': 64.9, 'debt_to_equity': 2.94, 'current_ratio': 3.08, 'operating_margin_pct': 40.7}","{'days_to_earnings': 'N/A', 'recommendation': 'buy', 'analyst_upside_pct': 24.5}",77.1,31859539968,Healthcare,Drug Manufacturers - Specialty & Generic,4.6,2.5,False,155.38,-50.4,1.0,False,96.0,155.0,80.0,15.0,buy,24.5,71.82,-6.8,61.1,-20.8,6.33,4.88,2.74,33.6,2.12,0.95,True,-11.44,14.7,0.8,63.0,2026-11-03,False,False,6,NEUTRAL,9.08,42.1,9.84,42.8,,,,2026-09-01T09:15:56.450053
FHN,First Horizon Corporation,58.5,⭐ AVERAGE,🟡 Average,USD,USD,False,True,True,1.0,"FCF declarado (595,000,000) se aparta del derivado de flujo operativo menos capex (1,026,000,000)",85.0,40.0,38.7,65.0,55.0,15.0,24.2,False,down,3.1,True,1,-0.5,True,1,"{'eps_growth_yoy': 3.1, 'positive_quarters': 4, 'earnings_accelerating': True, 'eps_accel_quarters': 1, 'profit_margin_pct': 30.2}","{'revenue_growth_yoy': -0.5, 'revenue_accelerating': True, 'rev_accel_quarters': 1}","{'rs_3m': 2.4, 'rs_6m': -11.2, 'rs_line_percentile': 24.2, 'rs_line_at_new_high': False, 'rs_line_trend': 'down', 'rs_line_score': 15}","{'roe_pct': 11.5, 'operating_margin_pct': 41.3}","{'days_to_earnings': 'N/A', 'recommendation': 'none', 'analyst_upside_pct': 15.6}",24.32,11522259968,Financial Services,Banks - Regional,0.0,0.0,False,26.56,-8.4,4.0,False,28.11,31.0,25.0,19.0,none,15.6,36.77,51.2,41.6,71.1,5.16,1.26,2.76,30.8,0.68,3.3,True,-8.14,,10.0,43.0,2026-10-14,False,False,5,NEUTRAL,,,0.53,19.5,,,,2026-09-01T09:23:17.350909
AWK,"American Water Works Company, Inc.",58.3,⭐ AVERAGE,🟡 Average,USD,USD,False,True,True,1.0,"FCF declarado (-1,785,374,976) se aparta del derivado de flujo operativo menos capex (-966,999,872)",75.0,50.0,50.3,55.0,50.0,35.0,35.7,False,up,-16.9,True,2,-6.6,True,2,"{'eps_growth_yoy': -16.9, 'positive_quarters': 4, 'earnings_accelerating': True, 'eps_accel_quarters': 2, 'profit_margin_pct': 21.3}","{'revenue_growth_yoy': -6.6, 'revenue_accelerating': True, 'rev_accel_quarters': 2}","{'rs_3m': 13.6, 'rs_6m': -9.9, 'rs_line_percentile': 35.7, 'rs_line_at_new_high': False, 'rs_line_trend': 'up', 'rs_line_score': 35}","{'roe_pct': 10.1, 'debt_to_equity': 1.38, 'current_ratio': 0.52, 'operating_margin_pct': 40.7}","{'days_to_earnings': 'N/A', 'recommendation': 'hold', 'analyst_upside_pct': 1.5}",138.23,27470307328,Utilities,Utilities - Regulated Water,6.9,4.6,False,145.64,-5.1,6.0,False,140.36,155.0,128.0,11.0,hold,1.5,,,57.6,-58.3,-6.5,-8.98,2.59,58.5,3.58,2.02,False,,3.2,3.4,57.0,2026-10-28,False,False,8,STRONG,4.7,6.6,2.45,22.9,1.6,0.07,-21.3,2026-09-01T09:20:21.581849
NDSN,Nordson Corporation,57.4,⭐ AVERAGE,🟡 Average,USD,USD,False,True,True,1.0,,50.0,40.0,68.3,85.0,60.0,80.0,81.1,False,up,-6.7,False,0,-0.1,True,1,"{'eps_growth_yoy': -6.7, 'positive_quarters': 4, 'earnings_accelerating': False, 'eps_accel_quarters': 0, 'profit_margin_pct': 18.6}","{'revenue_growth_yoy': -0.1, 'revenue_accelerating': True, 'rev_accel_quarters': 1}","{'rs_3m': 13.4, 'rs_6m': -2.6, 'rs_line_percentile': 81.1, 'rs_line_at_new_high': False, 'rs_line_trend': 'up', 'rs_line_score': 80}","{'roe_pct': 17.8, 'debt_to_equity': 0.56, 'current_ratio': 1.82, 'operating_margin_pct': 27.4}","{'days_to_earnings': 'N/A', 'recommendation': 'buy', 'analyst_upside_pct': 8.7}",321.72,17919600640,Industrials,Specialty Industrial Machinery,3.0,4.6,False,339.12,-5.1,8.0,True,349.71,375.0,282.0,7.0,buy,8.7,361.45,12.3,224.94,-30.1,3.43,11.02,1.16,33.2,3.76,1.08,True,-1.62,7.7,16.1,99.0,2026-12-09,False,False,7,NEUTRAL,3.58,65.0,1.08,33.2,,,,2026-09-01T09:20:13.433002
EXPN.L,Experian plc,57.4,⭐ AVERAGE,🟡 Average,GBp,USD,True,True,False,100.0,"acciones × precio no cuadra con la capitalización (ratio 100.0000): el dato por acción y el precio no están en la misma unidad — típico de ADR. Los ratios por acción (EPS, FCF/acción, DCF) no son utilizables | FCF declarado (672,803,207) se aparta del derivado de flujo operativo menos capex (927,120",55.0,50.0,60.5,65.0,65.0,,,,,,,0,,,0,{'profit_margin_pct': 17.8},{},"{'rs_3m': 16.6, 'rs_6m': -4.4}","{'roe_pct': 28.3, 'debt_to_equity': 1.0, 'current_ratio': 0.85, 'operating_margin_pct': 25.0}","{'days_to_earnings': 'N/A', 'recommendation': 'strong_buy', 'analyst_upside_pct': 24.8}",2969.4,26245707776,Industrials,Consulting Services,,,False,3987.0,-25.5,3.0,False,3704.37,4666.13,2465.53,18.0,strong_buy,24.8,,,,,2.56,0.76,1.7,39.8,52.0,1.4,,,,23.1,78.0,2026-11-18,False,False,9,STRONG,6.67,646.3,0.76,27.3,,,,2026-09-01T09:18:48.284558
7741.T,HOYA Corporation,57.2,⭐ AVERAGE,🟡 Average,JPY,JPY,False,True,True,1.0,,60.0,50.0,30.0,95.0,65.0,,,,,,,0,,,0,{'profit_margin_pct': 27.2},{},"{'rs_3m': -10.7, 'rs_6m': -24.7}","{'roe_pct': 26.5, 'debt_to_equity': 0.04, 'current_ratio': 4.91, 'operating_margin_pct': 32.4}","{'days_to_earnings': 'N/A', 'recommendation': 'strong_buy', 'analyst_upside_pct': 23.2}",24890.0,8326214582272,Healthcare,Medical Instruments & Supplies,,,False,30400.0,-18.1,3.0,False,30666.67,36000.0,23100.0,15.0,strong_buy,23.2,22662.71,-8.9,22330.5,-10.3,2.15,534.39,1.2,39.7,295.0,0.77,,,,30.0,58.0,2026-10-30,False,False,6,NEUTRAL,4.26,33.1,1.21,24.4,,,,2026-09-01T09:18:16.689379
ROL,"Rollins, Inc.",56.8,⭐ AVERAGE,🟡 Average,USD,USD,False,True,True,1.0,,70.0,70.0,15.0,65.0,55.0,15.0,1.0,False,down,-12.0,True,2,5.1,True,2,"{'eps_growth_yoy': -12.0, 'positive_quarters': 4, 'earnings_accelerating': True, 'eps_accel_quarters': 2, 'profit_margin_pct': 13.6}","{'revenue_growth_yoy': 5.1, 'revenue_accelerating': True, 'rev_accel_quarters': 2}","{'rs_3m': -23.0, 'rs_6m': -53.6, 'rs_line_percentile': 1.0, 'rs_line_at_new_high': False, 'rs_line_trend': 'down', 'rs_line_score': 15}","{'roe_pct': 37.0, 'debt_to_equity': 0.78, 'current_ratio': 0.63, 'operating_margin_pct': 18.8}","{'days_to_earnings': 'N/A', 'recommendation': 'hold', 'analyst_upside_pct': 26.4}",36.07,17354913792,Consumer Cyclical,Personal Services,4.5,2.1,False,66.14,-45.5,0.0,False,45.59,66.0,32.0,17.0,hold,26.4,15.41,-57.3,10.9,-69.8,2.89,1.04,2.01,64.9,0.73,1.15,True,-1.41,21.8,1.2,57.0,2026-10-28,False,False,6,NEUTRAL,3.97,132.5,8.95,19.5,,,,2026-09-01T09:14:58.160937
DHR,Danaher Corporation,56.6,⭐ AVERAGE,🟡 Average,USD,USD,False,True,True,1.0,,50.0,60.0,50.3,70.0,60.0,35.0,44.1,False,up,-4.2,False,0,3.5,True,1,"{'eps_growth_yoy': -4.2, 'positive_quarters': 4, 'earnings_accelerating': False, 'eps_accel_quarters': 0, 'profit_margin_pct': 15.9}","{'revenue_growth_yoy': 3.5, 'revenue_accelerating': True, 'rev_accel_quarters': 1}","{'rs_3m': 17.7, 'rs_6m': -9.2, 'rs_line_percentile': 44.1, 'rs_line_at_new_high': False, 'rs_line_trend': 'up', 'rs_line_score': 35}","{'roe_pct': 7.6, 'debt_to_equity': 0.53, 'current_ratio': 1.65, 'operating_margin_pct': 19.8}","{'days_to_earnings': 'N/A', 'recommendation': 'strong_buy', 'analyst_upside_pct': 6.7}",213.56,150129704960,Healthcare,Diagnostics & Research,1.4,1.4,False,242.8,-12.0,4.0,False,227.96,310.0,195.0,23.0,strong_buy,6.7,260.92,22.2,168.6,-21.1,2.88,6.15,0.74,25.7,1.6,0.44,True,-1.93,17.3,59.7,49.0,2026-10-20,False,False,5,NEUTRAL,2.59,39.2,0.38,29.4,0.8,0.03,-28.6,2026-09-01T09:18:40.128408
SBGSY,Schneider Electric S.E.,56.6,⭐ AVERAGE,🟡 Average,USD,EUR,True,True,True,1.0,,55.0,50.0,56.7,75.0,50.0,60.0,72.3,False,flat,,,0,,,0,{'profit_margin_pct': 11.3},{},"{'rs_3m': 4.8, 'rs_6m': -2.6, 'rs_line_percentile': 72.3, 'rs_line_at_new_high': False, 'rs_line_trend': 'flat', 'rs_line_score': 60}","{'roe_pct': 18.6, 'debt_to_equity': 0.84, 'current_ratio': 1.09, 'operating_margin_pct': 18.2}","{'days_to_earnings': 'N/A', 'recommendation': 'none', 'analyst_upside_pct': 13.8}",68.38,192176521216,Industrials,Specialty Industrial Machinery,,,False,71.98,-5.0,8.0,True,77.8,79.0,76.0,3.0,none,13.8,91.74,34.2,56.84,-16.9,3.24,2.22,1.41,49.7,0.98,1.79,,,,14.6,177.0,2027-02-25,False,False,6,NEUTRAL,3.22,74.6,0.81,25.1,,,,2026-09-01T09:19:33.269945
LSEG.L,London Stock Exchange Group plc,56.5,⭐ AVERAGE,🟡 Average,GBp,GBP,True,True,False,100.0,"acciones × precio no cuadra con la capitalización (ratio 100.0000): el dato por acción y el precio no están en la misma unidad — típico de ADR. Los ratios por acción (EPS, FCF/acción, DCF) no son utilizables",55.0,50.0,50.0,70.0,70.0,,,,,,,0,,,0,{'profit_margin_pct': 14.6},{},"{'rs_3m': -5.3, 'rs_6m': -10.6}","{'roe_pct': 7.7, 'debt_to_equity': 0.64, 'current_ratio': 1.0, 'operating_margin_pct': 29.0}","{'days_to_earnings': 'N/A', 'recommendation': 'strong_buy', 'analyst_upside_pct': 35.5}",8788.0,42554621952,Financial Services,Financial Data & Stock Exchanges,,,False,10140.0,-13.3,4.0,False,11910.67,13630.0,10400.0,15.0,strong_buy,35.5,,,,,4.04,3.55,1.76,53.9,158.0,1.28,,,,33.7,177.0,2027-02-25,False,False,7,NEUTRAL,4.07,305.7,0.48,23.0,,,,2026-09-01T09:17:45.148746
SXYAY,Sika AG,56.3,⭐ AVERAGE,🟡 Average,USD,CHF,True,True,True,1.0,"FCF declarado (1,264,679,173) se aparta del derivado de flujo operativo menos capex (1,697,282,762)",50.0,50.0,66.6,70.0,50.0,60.0,60.0,False,up,,,0,,,0,{'profit_margin_pct': 9.4},{},"{'rs_3m': 23.2, 'rs_6m': 7.0, 'rs_line_percentile': 60.0, 'rs_line_at_new_high': False, 'rs_line_trend': 'up', 'rs_line_score': 60}","{'roe_pct': 16.0, 'debt_to_equity': 0.89, 'current_ratio': 1.3, 'operating_margin_pct': 14.3}","{'days_to_earnings': 'N/A', 'recommendation': 'none', 'analyst_upside_pct': 4.1}",23.675,37983989760,Basic Materials,Specialty Chemicals,,,False,24.21,-2.2,7.0,True,24.65,26.3,23.0,2.0,none,4.1,11.6,-51.0,8.1,-65.8,3.33,0.79,1.94,57.0,0.46,1.36,,,,-0.3,,,False,False,7,NEUTRAL,3.49,45.5,,24.5,,,,2026-09-01T09:18:56.065574
MSCI,MSCI Inc.,56.2,⭐ AVERAGE,🟡 Average,USD,USD,False,True,True,1.0,,75.0,50.0,36.0,50.0,65.0,15.0,17.3,False,down,5.1,False,0,9.3,False,0,"{'eps_growth_yoy': 5.1, 'positive_quarters': 4, 'earnings_accelerating': False, 'eps_accel_quarters': 0, 'profit_margin_pct': 40.7}","{'revenue_growth_yoy': 9.3, 'revenue_accelerating': False, 'rev_accel_quarters': 0}","{'rs_3m': -12.3, 'rs_6m': -13.2, 'rs_line_percentile': 17.3, 'rs_line_at_new_high': False, 'rs_line_trend': 'down', 'rs_line_score': 15}","{'current_ratio': 0.89, 'operating_margin_pct': 56.3}","{'days_to_earnings': 'N/A', 'recommendation': 'strong_buy', 'analyst_upside_pct': 21.3}",570.64,41485529088,Financial Services,Financial Data & Stock Exchanges,1.8,1.4,False,644.77,-11.5,4.0,False,692.06,760.0,570.0,17.0,strong_buy,21.3,473.77,-17.0,357.9,-37.3,2.88,16.43,1.44,42.1,8.2,1.01,True,-6.55,7.2,19.6,49.0,2026-10-20,False,False,8,STRONG,3.57,851.3,1.29,18.9,,,,2026-09-01T09:16:08.804909
TW,Tradeweb Markets Inc.,56.1,⭐ AVERAGE,🟡 Average,USD,USD,False,True,False,0.5279,"acciones × precio no cuadra con la capitalización (ratio 0.5279): el dato por acción y el precio no están en la misma unidad — típico de ADR. Los ratios por acción (EPS, FCF/acción, DCF) no son utilizables",65.0,50.0,26.7,85.0,60.0,15.0,21.7,False,up,-2.3,True,1,9.9,False,0,"{'eps_growth_yoy': -2.3, 'positive_quarters': 4, 'earnings_accelerating': True, 'eps_accel_quarters': 1, 'profit_margin_pct': 40.7}","{'revenue_growth_yoy': 9.9, 'revenue_accelerating': False, 'rev_accel_quarters': 0}","{'rs_3m': 6.3, 'rs_6m': -25.7, 'rs_line_percentile': 21.7, 'rs_line_at_new_high': False, 'rs_line_trend': 'up', 'rs_line_score': 15}","{'roe_pct': 14.5, 'debt_to_equity': 0.02, 'current_ratio': 6.79, 'operating_margin_pct': 43.8}","{'days_to_earnings': 'N/A', 'recommendation': 'buy', 'analyst_upside_pct': 14.9}",107.7,23266242560,Financial Services,Capital Markets,3.2,2.3,False,127.69,-15.7,3.0,False,123.71,178.0,98.0,14.0,buy,14.9,,,,,4.58,9.34,0.51,12.4,0.56,0.4,True,-1.48,633.6,13.8,58.0,2026-10-29,False,False,8,STRONG,5.47,57.1,1.19,19.1,3.1,0.16,-16.0,2026-09-01T09:16:40.702733
AI.PA,L'Air Liquide S.A.,56.1,⭐ AVERAGE,🟡 Average,EUR,EUR,False,True,True,1.0,"FCF declarado (243,312,496) se aparta del derivado de flujo operativo menos capex (1,652,500,160)",55.0,50.0,60.5,60.0,60.0,,,,,,,0,,,0,{'profit_margin_pct': 13.1},{},"{'rs_3m': 3.3, 'rs_6m': 1.6}","{'roe_pct': 14.0, 'debt_to_equity': 0.63, 'current_ratio': 0.88, 'operating_margin_pct': 20.1}","{'days_to_earnings': 'N/A', 'recommendation': 'strong_buy', 'analyst_upside_pct': 13.3}",174.26,110911258624,Basic Materials,Specialty Chemicals,,,False,182.26,-4.4,6.0,False,197.5,216.0,160.0,19.0,strong_buy,13.3,5.63,-96.8,55.5,-68.2,0.22,0.38,1.98,60.5,3.36,1.83,,,,0.7,170.0,2027-02-18,False,False,7,NEUTRAL,4.01,18.8,34.72,14.7,,,,2026-09-01T09:15:27.700739
HESAY,Hermès International Société en commandite par actions,56.0,⭐ AVERAGE,🟡 Average,USD,EUR,True,True,True,1.0,,60.0,50.0,24.0,95.0,65.0,15.0,4.9,False,down,,,0,,,0,{'profit_margin_pct': 28.0},{},"{'rs_3m': -3.8, 'rs_6m': -33.4, 'rs_line_percentile': 4.9, 'rs_line_at_new_high': False, 'rs_line_trend': 'down', 'rs_line_score': 15}","{'roe_pct': 25.5, 'debt_to_equity': 0.12, 'current_ratio': 4.54, 'operating_margin_pct': 42.2}","{'days_to_earnings': 'N/A', 'recommendation': 'strong_buy', 'analyst_upside_pct': 25.8}",183.12,191802982400,Consumer Cyclical,Luxury Goods,,,False,265.89,-31.1,0.0,False,230.33,246.0,215.0,3.0,strong_buy,25.8,80.09,-56.3,49.6,-72.9,2.97,5.44,1.14,41.8,2.11,0.61,,,,-0.3,163.0,2027-02-11,False,False,8,STRONG,3.76,37.5,,27.7,,,,2026-09-01T09:15:40.371328
LIN,Linde plc,56.0,⭐ AVERAGE,🟡 Average,USD,USD,False,True,True,1.0,,55.0,60.0,44.0,65.0,60.0,35.0,30.9,False,down,-0.1,False,0,7.8,True,1,"{'eps_growth_yoy': -0.1, 'positive_quarters': 4, 'earnings_accelerating': False, 'eps_accel_quarters': 0, 'profit_margin_pct': 20.4}","{'revenue_growth_yoy': 7.8, 'revenue_accelerating': True, 'rev_accel_quarters': 1}","{'rs_3m': -2.5, 'rs_6m': -16.6, 'rs_line_percentile': 30.9, 'rs_line_at_new_high': False, 'rs_line_trend': 'down', 'rs_line_score': 35}","{'roe_pct': 18.4, 'debt_to_equity': 0.69, 'current_ratio': 0.88, 'operating_margin_pct': 28.1}","{'days_to_earnings': 'N/A', 'recommendation': 'buy', 'analyst_upside_pct': 11.8}",489.58,225686667264,Basic Materials,Specialty Chemicals,1.1,2.3,False,548.2,-10.7,4.0,False,547.24,612.0,400.0,25.0,buy,11.8,187.6,-61.7,175.38,-64.2,1.84,9.03,1.31,40.0,6.4,1.3,True,-1.8,21.3,11.3,59.0,2026-10-30,False,False,5,NEUTRAL,3.74,31.9,2.21,25.8,,,,2026-09-01T09:14:46.463181
MKC,"McCormick & Company, Incorporated",55.1,⭐ AVERAGE,🟡 Average,USD,USD,False,True,False,0.945,"acciones × precio no cuadra con la capitalización (ratio 0.9450): el dato por acción y el precio no están en la misma unidad — típico de ADR. Los ratios por acción (EPS, FCF/acción, DCF) no son utilizables | FCF declarado (714,025,024) se aparta del derivado de flujo operativo menos capex (1,009,700",55.0,70.0,30.3,60.0,60.0,15.0,22.0,False,up,-33.4,False,0,12.3,True,1,"{'eps_growth_yoy': -33.4, 'positive_quarters': 4, 'earnings_accelerating': False, 'eps_accel_quarters': 0, 'profit_margin_pct': 21.9}","{'revenue_growth_yoy': 12.3, 'revenue_accelerating': True, 'rev_accel_quarters': 1}","{'rs_3m': 16.2, 'rs_6m': -34.4, 'rs_line_percentile': 22.0, 'rs_line_at_new_high': False, 'rs_line_trend': 'up', 'rs_line_score': 15}","{'roe_pct': 24.7, 'debt_to_equity': 0.65, 'current_ratio': 0.78, 'operating_margin_pct': 17.4}","{'days_to_earnings': 'N/A', 'recommendation': 'buy', 'analyst_upside_pct': 11.8}",54.22,14577131520,Consumer Defensive,Packaged Foods,,0.0,False,72.41,-25.1,1.0,False,60.62,75.0,52.0,13.0,buy,11.8,,,,,4.9,2.81,3.47,30.9,1.92,2.11,True,-0.19,5.5,-9.9,30.0,2026-10-01,False,False,6,NEUTRAL,5.61,66.6,,23.4,1.6,0.07,-21.8,2026-09-01T09:20:54.119570
ABT,Abbott Laboratories,54.6,⭐ AVERAGE,🟡 Average,USD,USD,False,True,True,1.0,,50.0,50.0,53.0,70.0,60.0,35.0,35.6,False,up,-39.5,False,0,0.2,False,0,"{'eps_growth_yoy': -39.5, 'positive_quarters': 4, 'earnings_accelerating': False, 'eps_accel_quarters': 0, 'profit_margin_pct': 11.6}","{'revenue_growth_yoy': 0.2, 'revenue_accelerating': False, 'rev_accel_quarters': 0}","{'rs_3m': 25.4, 'rs_6m': -15.3, 'rs_line_percentile': 35.6, 'rs_line_at_new_high': False, 'rs_line_trend': 'up', 'rs_line_score': 35}","{'roe_pct': 10.6, 'debt_to_equity': 0.63, 'current_ratio': 1.38, 'operating_margin_pct': 14.7}","{'days_to_earnings': 'N/A', 'recommendation': 'buy', 'analyst_upside_pct': 8.9}",110.36,190965104640,Healthcare,Medical Devices,1.3,1.9,False,137.49,-19.7,4.0,False,120.2,135.0,103.0,25.0,buy,8.9,61.3,-44.5,30.3,-72.5,3.78,4.17,2.24,79.0,2.52,1.82,True,-0.42,15.4,-47.5,43.0,2026-10-14,False,False,6,NEUTRAL,4.1,42.0,,20.2,,,,2026-09-01T09:19:20.907597
GVDNY,Givaudan SA,54.6,⭐ AVERAGE,🟡 Average,USD,CHF,True,True,True,1.0,"FCF declarado (747,851,398) se aparta del derivado de flujo operativo menos capex (1,483,051,651)",55.0,50.0,50.3,70.0,50.0,35.0,33.0,False,flat,,,0,,,0,{'profit_margin_pct': 12.9},{},"{'rs_3m': 10.6, 'rs_6m': -7.1, 'rs_line_percentile': 33.0, 'rs_line_at_new_high': False, 'rs_line_trend': 'flat', 'rs_line_score': 35}","{'roe_pct': 22.3, 'debt_to_equity': 1.11, 'current_ratio': 1.29, 'operating_margin_pct': 18.8}","{'days_to_earnings': 'N/A', 'recommendation': 'none', 'analyst_upside_pct': 6.5}",81.12,37442224128,Basic Materials,Specialty Chemicals,,,False,90.69,-10.6,3.0,False,86.39,98.88,73.91,2.0,none,6.5,23.84,-70.6,25.2,-68.9,2.0,1.62,2.23,71.1,1.82,1.88,,,,-10.0,148.0,2027-01-27,False,False,7,NEUTRAL,3.37,34.8,,25.3,,,,2026-09-01T09:16:32.780642
ERIE,Erie Indemnity Company,54.2,⭐ AVERAGE,🟡 Average,USD,USD,False,True,False,0.8833,"acciones × precio no cuadra con la capitalización (ratio 0.8833): el dato por acción y el precio no están en la misma unidad — típico de ADR. Los ratios por acción (EPS, FCF/acción, DCF) no son utilizables",50.0,50.0,45.0,85.0,50.0,15.0,24.3,False,up,-1.4,False,0,0.8,False,0,"{'eps_growth_yoy': -1.4, 'positive_quarters': 4, 'earnings_accelerating': False, 'eps_accel_quarters': 0, 'profit_margin_pct': 14.0}","{'revenue_growth_yoy': 0.8, 'revenue_accelerating': False, 'rev_accel_quarters': 0}","{'rs_3m': 20.2, 'rs_6m': -16.4, 'rs_line_percentile': 24.3, 'rs_line_at_new_high': False, 'rs_line_trend': 'up', 'rs_line_score': 15}","{'roe_pct': 24.8, 'debt_to_equity': 0.03, 'current_ratio': 1.25, 'operating_margin_pct': 19.1}","{'days_to_earnings': 'N/A', 'recommendation': 'none'}",255.56,13363198976,Financial Services,Insurance Brokers,10.7,8.9,True,355.11,-28.0,2.0,False,,,,,none,,,,,,3.6,10.42,2.29,64.6,5.85,1.8,False,,,1.6,58.0,2026-10-29,False,False,4,NEUTRAL,,,5.7,35.9,1.6,0.04,-34.3,2026-09-01T09:17:17.217111
DPZ,"Domino's Pizza, Inc.",54.1,⭐ AVERAGE,🟡 Average,USD,USD,False,True,True,1.0,,60.0,60.0,26.7,65.0,60.0,15.0,17.8,False,up,-2.6,True,1,4.1,True,1,"{'eps_growth_yoy': -2.6, 'positive_quarters': 4, 'earnings_accelerating': True, 'eps_accel_quarters': 1, 'profit_margin_pct': 11.9}","{'revenue_growth_yoy': 4.1, 'revenue_accelerating': True, 'rev_accel_quarters': 1}","{'rs_3m': 8.5, 'rs_6m': -27.2, 'rs_line_percentile': 17.8, 'rs_line_at_new_high': False, 'rs_line_trend': 'up', 'rs_line_score': 15}","{'current_ratio': 1.54, 'operating_margin_pct': 19.1}","{'days_to_earnings': 'N/A', 'recommendation': 'buy', 'analyst_upside_pct': 11.2}",342.06,11315938304,Consumer Cyclical,Restaurants,10.0,3.1,True,469.0,-27.1,1.0,False,380.29,450.0,270.0,28.0,buy,11.2,277.55,-18.9,172.4,-49.6,4.7,16.07,2.27,42.3,7.96,1.25,True,-3.44,4.9,4.8,42.0,2026-10-13,False,False,8,STRONG,5.94,107.8,2.41,34.0,,,,2026-09-01T09:22:17.458119
RELX,RELX PLC,53.3,⭐ AVERAGE,🟡 Average,USD,GBP,True,True,True,1.0,,60.0,50.0,46.7,50.0,60.0,35.0,25.5,False,up,,,0,,,0,{'profit_margin_pct': 23.3},{},"{'rs_3m': 4.9, 'rs_6m': -5.4, 'rs_line_percentile': 25.5, 'rs_line_at_new_high': False, 'rs_line_trend': 'up', 'rs_line_score': 35}","{'roe_pct': 131.9, 'debt_to_equity': 7.1, 'current_ratio': 0.45, 'operating_margin_pct': 32.0}","{'days_to_earnings': 'N/A', 'recommendation': 'none', 'analyst_upside_pct': 45.6}",36.43,63448911872,Industrials,Specialty Business Services,0.3,2.2,False,48.4,-24.7,4.0,False,53.05,57.0,49.1,2.0,none,45.6,59.77,64.1,41.31,13.4,4.77,1.74,2.5,53.4,0.91,2.01,,,,12.2,163.0,2027-02-11,False,False,7,NEUTRAL,1.15,1901.3,0.69,28.4,,,,2026-09-01T09:14:22.125521
LRLCY,L'Oréal S.A.,52.7,⭐ AVERAGE,🟡 Average,USD,EUR,True,True,True,1.0,,55.0,50.0,36.0,70.0,60.0,15.0,16.5,False,down,,,0,,,0,{'profit_margin_pct': 13.9},{},"{'rs_3m': -0.4, 'rs_6m': -11.0, 'rs_line_percentile': 16.5, 'rs_line_at_new_high': False, 'rs_line_trend': 'down', 'rs_line_score': 15}","{'roe_pct': 19.4, 'debt_to_equity': 0.49, 'current_ratio': 0.97, 'operating_margin_pct': 21.3}","{'days_to_earnings': 'N/A', 'recommendation': 'strong_buy', 'analyst_upside_pct': 13.7}",89.17,237481918464,Consumer Defensive,Household & Personal Products,,,False,95.48,-6.6,6.0,False,101.4,102.2,100.0,3.0,strong_buy,13.7,45.4,-49.1,27.5,-69.2,3.13,2.79,1.87,61.1,1.68,1.55,,,,5.4,161.0,2027-02-09,False,False,6,NEUTRAL,3.55,69.9,4.69,18.9,,,,2026-09-01T09:17:29.713431
AZO,"AutoZone, Inc.",52.0,⭐ AVERAGE,🟡 Average,USD,USD,False,True,True,,"FCF declarado (903,784,256) se aparta del derivado de flujo operativo menos capex (1,745,085,016)",70.0,50.0,24.0,45.0,70.0,15.0,3.3,False,down,-23.4,True,2,-22.5,True,2,"{'eps_growth_yoy': -23.4, 'positive_quarters': 4, 'earnings_accelerating': True, 'eps_accel_quarters': 2, 'profit_margin_pct': 12.4}","{'revenue_growth_yoy': -22.5, 'revenue_accelerating': True, 'rev_accel_quarters': 2}","{'rs_3m': -2.2, 'rs_6m': -36.3, 'rs_line_percentile': 3.3, 'rs_line_at_new_high': False, 'rs_line_trend': 'down', 'rs_line_score': 15}","{'current_ratio': 0.89, 'operating_margin_pct': 19.1}","{'days_to_earnings': 'N/A', 'recommendation': 'strong_buy', 'analyst_upside_pct': 32.1}",2991.24,0,Consumer Cyclical,Auto Parts,2.8,2.6,False,4388.11,-31.8,0.0,False,3950.52,4800.0,3200.0,23.0,strong_buy,32.1,,,1468.7,-50.9,,,,,,,False,,7.5,7.7,21.0,2026-09-22,False,True,6,NEUTRAL,5.87,35.3,2.22,23.2,0.4,0.02,-22.8,2026-09-01T09:17:48.934786
LEN,Lennar Corporation,52.0,⭐ AVERAGE,🟡 Average,USD,USD,False,True,False,0.8738,"acciones × precio no cuadra con la capitalización (ratio 0.8738): el dato por acción y el precio no están en la misma unidad — típico de ADR. Los ratios por acción (EPS, FCF/acción, DCF) no son utilizables | FCF declarado (1,077,926,016) se aparta del derivado de flujo operativo menos capex (694,361",55.0,40.0,50.0,70.0,50.0,,,,,-48.4,True,1,-9.9,True,1,"{'eps_growth_yoy': -48.4, 'positive_quarters': 4, 'earnings_accelerating': True, 'eps_accel_quarters': 1, 'profit_margin_pct': 4.9}","{'revenue_growth_yoy': -9.9, 'revenue_accelerating': True, 'rev_accel_quarters': 1}",{},"{'roe_pct': 7.4, 'debt_to_equity': 0.29, 'current_ratio': 8.51, 'operating_margin_pct': 5.3}","{'days_to_earnings': 'N/A', 'recommendation': 'hold', 'analyst_upside_pct': 2.5}",84.11,20261689344,Consumer Cyclical,Residential Construction,0.3,0.2,False,144.24,-41.7,,,86.23,120.0,67.0,13.0,hold,2.5,,,,,5.32,5.12,2.32,31.4,2.0,1.48,True,-6.17,,-12.6,16.0,2026-09-17,False,True,4,NEUTRAL,11.09,11.2,,,,,,2026-09-01T09:22:30.408236
WTKWY,Wolters Kluwer N.V.,51.7,⭐ AVERAGE,🟡 Average,USD,EUR,True,True,True,1.0,,60.0,50.0,38.7,50.0,60.0,15.0,18.3,False,up,,,0,,,0,{'profit_margin_pct': 21.9},{},"{'rs_3m': 10.0, 'rs_6m': -6.1, 'rs_line_percentile': 18.3, 'rs_line_at_new_high': False, 'rs_line_trend': 'up', 'rs_line_score': 15}","{'roe_pct': 146.1, 'debt_to_equity': 5.9, 'current_ratio': 0.69, 'operating_margin_pct': 26.9}","{'days_to_earnings': 'N/A', 'recommendation': 'none', 'analyst_upside_pct': 31.4}",82.62,18399881216,Industrials,Specialty Business Services,,,False,138.76,-40.5,3.0,False,108.6,108.6,108.6,1.0,none,31.4,122.48,48.2,68.2,-17.5,7.87,6.5,3.68,43.1,3.01,1.85,,,,4.5,,,False,False,7,NEUTRAL,7.92,668.9,1.29,26.8,,,,2026-09-01T09:14:25.847349
COST,Costco Wholesale Corporation,51.5,⭐ AVERAGE,🟡 Average,USD,USD,False,True,True,1.0,"FCF declarado (6,954,375,168) se aparta del derivado de flujo operativo menos capex (9,502,000,512)",65.0,30.0,36.0,75.0,60.0,15.0,5.2,False,down,-16.0,True,2,-18.1,False,0,"{'eps_growth_yoy': -16.0, 'positive_quarters': 4, 'earnings_accelerating': True, 'eps_accel_quarters': 2, 'profit_margin_pct': 3.0}","{'revenue_growth_yoy': -18.1, 'revenue_accelerating': False, 'rev_accel_quarters': 0}","{'rs_3m': -1.3, 'rs_6m': -18.9, 'rs_line_percentile': 5.2, 'rs_line_at_new_high': False, 'rs_line_trend': 'down', 'rs_line_score': 15}","{'roe_pct': 29.2, 'debt_to_equity': 0.6, 'current_ratio': 1.07, 'operating_margin_pct': 3.7}","{'days_to_earnings': 'N/A', 'recommendation': 'buy', 'analyst_upside_pct': 14.1}",943.89,418595241984,Consumer Defensive,Discount Stores,1.7,3.8,False,1096.5,-13.9,3.0,False,1077.31,1315.0,740.0,35.0,buy,14.1,665.02,-29.5,594.6,-37.0,1.66,15.68,0.62,27.0,5.88,0.59,True,-0.21,81.5,31.8,23.0,2026-09-24,False,False,7,NEUTRAL,2.63,30.6,0.92,18.8,0.2,0.01,-18.6,2026-09-01T09:15:11.175271
CHTR,"Charter Communications, Inc.",51.3,⭐ AVERAGE,🟡 Average,USD,USD,False,True,False,0.885,"acciones × precio no cuadra con la capitalización (ratio 0.8850): el dato por acción y el precio no están en la misma unidad — típico de ADR. Los ratios por acción (EPS, FCF/acción, DCF) no son utilizables | FCF declarado (2,198,374,912) se aparta del derivado de flujo operativo menos capex (4,810,9",85.0,30.0,26.7,50.0,55.0,15.0,12.4,False,up,13.6,True,1,-1.1,False,0,"{'eps_growth_yoy': 13.6, 'positive_quarters': 4, 'earnings_accelerating': True, 'eps_accel_quarters': 1, 'profit_margin_pct': 9.1}","{'revenue_growth_yoy': -1.1, 'revenue_accelerating': False, 'rev_accel_quarters': 0}","{'rs_3m': 5.7, 'rs_6m': -47.9, 'rs_line_percentile': 12.4, 'rs_line_at_new_high': False, 'rs_line_trend': 'up', 'rs_line_score': 15}","{'roe_pct': 27.2, 'debt_to_equity': 4.42, 'current_ratio': 0.36, 'operating_margin_pct': 23.5}","{'days_to_earnings': 'N/A', 'recommendation': 'hold', 'analyst_upside_pct': 21.0}",152.44,20545480704,Communication Services,Telecom Services,51.6,8.1,True,285.82,-46.7,2.0,False,184.41,380.0,101.0,17.0,hold,21.0,,,,,10.7,18.43,,,,,True,-23.15,2.5,6.4,59.0,2026-10-30,False,False,7,NEUTRAL,10.47,26.9,0.21,51.7,,,,2026-09-01T09:21:58.282952
NVR,"NVR, Inc.",51.1,⭐ AVERAGE,🟡 Average,USD,USD,False,True,True,1.0,,60.0,40.0,26.7,85.0,50.0,15.0,11.9,False,down,-31.0,True,1,-10.9,True,1,"{'eps_growth_yoy': -31.0, 'positive_quarters': 4, 'earnings_accelerating': True, 'eps_accel_quarters': 1, 'profit_margin_pct': 11.8}","{'revenue_growth_yoy': -10.9, 'revenue_accelerating': True, 'rev_accel_quarters': 1}","{'rs_3m': 1.9, 'rs_6m': -28.2, 'rs_line_percentile': 11.9, 'rs_line_at_new_high': False, 'rs_line_trend': 'down', 'rs_line_score': 15}","{'roe_pct': 31.5, 'debt_to_equity': 0.32, 'current_ratio': 5.67, 'operating_margin_pct': 13.9}","{'days_to_earnings': 'N/A', 'recommendation': 'hold', 'analyst_upside_pct': 7.4}",6315.23,16913152000,Consumer Cyclical,Residential Construction,6.2,3.1,False,8618.28,-26.7,0.0,False,6782.0,7446.0,5664.0,5.0,hold,7.4,5045.39,-20.1,3795.5,-39.9,5.43,342.89,,,,,True,-10.55,52.9,-9.0,50.0,2026-10-21,False,False,5,NEUTRAL,10.64,41.3,,22.8,,,,2026-09-01T09:22:02.274215
CLPBY,Coloplast A/S,50.9,⭐ AVERAGE,🟡 Average,USD,DKK,True,True,False,0.9201,"acciones × precio no cuadra con la capitalización (ratio 0.9201): el dato por acción y el precio no están en la misma unidad — típico de ADR. Los ratios por acción (EPS, FCF/acción, DCF) no son utilizables | FCF declarado (724,289,192) se aparta del derivado de flujo operativo menos capex (-155,298,",38.0,50.0,42.3,80.0,65.0,15.0,21.8,False,up,-206.5,False,0,2.2,False,0,"{'eps_growth_yoy': -206.5, 'positive_quarters': 3, 'earnings_accelerating': False, 'eps_accel_quarters': 0, 'profit_margin_pct': 9.7}","{'revenue_growth_yoy': 2.2, 'revenue_accelerating': False, 'rev_accel_quarters': 0}","{'rs_3m': 17.6, 'rs_6m': -18.1, 'rs_line_percentile': 21.8, 'rs_line_at_new_high': False, 'rs_line_trend': 'up', 'rs_line_score': 15}","{'roe_pct': 18.5, 'debt_to_equity': 1.78, 'current_ratio': 1.56, 'operating_margin_pct': 26.2}","{'days_to_earnings': 'N/A', 'recommendation': 'buy', 'analyst_upside_pct': 16.5}",7.14,16091284480,Healthcare,Medical Instruments & Supplies,,,False,10.03,-28.8,1.0,False,8.32,12.2,6.7,4.0,buy,16.5,,,,,4.5,0.35,5.02,187.0,0.36,2.72,False,,3.9,32.7,,,False,False,7,NEUTRAL,18.41,105.6,0.21,33.9,,,,2026-09-01T09:17:21.056048
HRI,Herc Holdings Inc.,50.2,⭐ AVERAGE,🟡 Average,USD,USD,False,True,True,1.0,"FCF declarado (502,875,008) se aparta del derivado de flujo operativo menos capex (10,000,000)",48.0,50.0,50.3,45.0,65.0,35.0,49.3,False,down,-36.7,True,1,-7.7,True,2,"{'eps_growth_yoy': -36.7, 'positive_quarters': 3, 'earnings_accelerating': True, 'eps_accel_quarters': 1, 'profit_margin_pct': 1.0}","{'revenue_growth_yoy': -7.7, 'revenue_accelerating': True, 'rev_accel_quarters': 2}","{'rs_3m': 16.2, 'rs_6m': -4.7, 'rs_line_percentile': 49.3, 'rs_line_at_new_high': False, 'rs_line_trend': 'down', 'rs_line_score': 35}","{'roe_pct': 2.6, 'debt_to_equity': 5.06, 'current_ratio': 1.1, 'operating_margin_pct': 12.2}","{'days_to_earnings': 'N/A', 'recommendation': 'buy', 'analyst_upside_pct': 22.5}",152.34,5092945920,Industrials,Rental & Leasing Services,8.2,4.0,True,188.35,-19.1,5.0,False,186.58,240.0,115.0,12.0,buy,22.5,443.73,191.3,34.74,-77.2,9.87,15.04,1.86,164.7,2.8,,False,,1.1,,56.0,2026-10-27,False,False,3,NEUTRAL,2.85,4.9,0.42,45.3,,,,2026-09-01T09:23:13.128216
BN,Brookfield Corporation,50.0,⚠️ WEAK,🔴 Weak,USD,USD,False,True,True,1.0,"FCF declarado (-1,981,124,992) se aparta del derivado de flujo operativo menos capex (-5,409,000,448)",45.0,50.0,36.0,65.0,70.0,15.0,0.1,False,down,-62.5,False,0,2.7,False,0,"{'eps_growth_yoy': -62.5, 'positive_quarters': 4, 'earnings_accelerating': False, 'eps_accel_quarters': 0, 'profit_margin_pct': 1.8}","{'revenue_growth_yoy': 2.7, 'revenue_accelerating': False, 'rev_accel_quarters': 0}","{'rs_3m': -10.2, 'rs_6m': -19.3, 'rs_line_percentile': 0.1, 'rs_line_at_new_high': False, 'rs_line_trend': 'down', 'rs_line_score': 15}","{'roe_pct': 2.3, 'debt_to_equity': 1.61, 'current_ratio': 1.01, 'operating_margin_pct': 25.7}","{'days_to_earnings': 'N/A', 'recommendation': 'buy', 'analyst_upside_pct': 32.0}",41.22,92017532928,Financial Services,Asset Management,,4.6,False,49.57,-16.8,1.0,False,54.4,61.0,31.0,10.0,buy,32.0,,,16.2,-60.7,-2.15,-0.89,0.68,48.2,0.28,0.87,True,-1.15,1.3,40.3,72.0,2026-11-12,False,False,6,NEUTRAL,4.57,12.9,0.17,22.4,,,,2026-09-01T09:22:34.876856
TJX,"The TJX Companies, Inc.",49.5,⚠️ WEAK,🔴 Weak,USD,USD,False,True,True,1.0,"FCF declarado (4,398,125,056) se aparta del derivado de flujo operativo menos capex (6,076,999,872)",65.0,30.0,24.0,75.0,65.0,15.0,0.7,False,down,7.2,False,0,-0.5,False,0,"{'eps_growth_yoy': 7.2, 'positive_quarters': 4, 'earnings_accelerating': False, 'eps_accel_quarters': 0, 'profit_margin_pct': 9.7}","{'revenue_growth_yoy': -0.5, 'revenue_accelerating': False, 'rev_accel_quarters': 0}","{'rs_3m': -13.3, 'rs_6m': -29.1, 'rs_line_percentile': 0.7, 'rs_line_at_new_high': False, 'rs_line_trend': 'down', 'rs_line_score': 15}","{'roe_pct': 62.2, 'debt_to_equity': 1.34, 'current_ratio': 1.15, 'operating_margin_pct': 10.9}","{'days_to_earnings': 'N/A', 'recommendation': 'buy', 'analyst_upside_pct': 27.2}",133.91,147297517568,Consumer Cyclical,Apparel Retail,1.8,4.0,False,170.0,-21.2,3.0,False,170.4,198.0,125.0,20.0,buy,27.2,134.13,0.2,127.44,-4.8,2.99,4.0,1.43,32.5,1.92,1.35,True,-1.71,104.7,23.6,78.0,2026-11-18,False,False,7,NEUTRAL,4.74,36.2,0.99,22.0,,,,2026-09-01T09:20:37.564392
KHC,The Kraft Heinz Company,49.0,⚠️ WEAK,🔴 Weak,USD,USD,False,True,True,1.0,,38.0,60.0,46.7,55.0,50.0,35.0,37.5,False,up,-987.8,False,0,0.4,True,1,"{'eps_growth_yoy': -987.8, 'positive_quarters': 3, 'earnings_accelerating': False, 'eps_accel_quarters': 0, 'profit_margin_pct': -13.6}","{'revenue_growth_yoy': 0.4, 'revenue_accelerating': True, 'rev_accel_quarters': 1}","{'rs_3m': 9.4, 'rs_6m': -4.9, 'rs_line_percentile': 37.5, 'rs_line_at_new_high': False, 'rs_line_trend': 'up', 'rs_line_score': 35}","{'roe_pct': -8.8, 'debt_to_equity': 0.53, 'current_ratio': 1.06, 'operating_margin_pct': 15.5}","{'days_to_earnings': 'N/A', 'recommendation': 'hold', 'analyst_upside_pct': -2.3}",25.67,30440095744,Consumer Defensive,Packaged Foods,10.0,5.8,True,28.09,-8.6,6.0,False,25.09,40.0,19.0,17.0,hold,-2.3,40.33,57.1,,,10.68,2.74,6.23,73.1,1.6,4.9,True,-0.09,6.1,,57.0,2026-10-28,False,False,5,NEUTRAL,-9.59,-51.9,6.34,32.2,,,,2026-09-01T09:21:42.312178
WMT,Walmart Inc.,48.5,⚠️ WEAK,🔴 Weak,USD,USD,False,True,True,1.0,"FCF declarado (7,127,625,216) se aparta del derivado de flujo operativo menos capex (16,280,999,808)",55.0,50.0,24.0,55.0,65.0,15.0,5.7,False,down,-24.1,True,1,0.2,False,0,"{'eps_growth_yoy': -24.1, 'positive_quarters': 4, 'earnings_accelerating': True, 'eps_accel_quarters': 1, 'profit_margin_pct': 3.0}","{'revenue_growth_yoy': 0.2, 'revenue_accelerating': False, 'rev_accel_quarters': 0}","{'rs_3m': -8.3, 'rs_6m': -30.8, 'rs_line_percentile': 5.7, 'rs_line_at_new_high': False, 'rs_line_trend': 'down', 'rs_line_score': 15}","{'roe_pct': 22.3, 'debt_to_equity': 0.72, 'current_ratio': 0.77, 'operating_margin_pct': 3.5}","{'days_to_earnings': 'N/A', 'recommendation': 'buy', 'analyst_upside_pct': 21.8}",104.87,832011960320,Consumer Defensive,Discount Stores,1.4,3.0,False,135.16,-22.4,3.0,False,127.72,155.0,81.0,40.0,buy,21.8,13.22,-87.4,27.6,-73.7,0.86,0.9,0.94,35.0,0.99,1.26,True,-0.67,11.7,-9.1,79.0,2026-11-19,False,False,7,NEUTRAL,3.58,20.6,,36.9,0.2,0.01,-36.7,2026-09-01T09:17:05.069281
CL,Colgate-Palmolive Company,47.4,⚠️ WEAK,🔴 Weak,USD,USD,False,True,True,1.0,,38.0,50.0,38.7,65.0,60.0,15.0,24.2,False,flat,-5.7,False,0,4.5,False,0,"{'eps_growth_yoy': -5.7, 'positive_quarters': 3, 'earnings_accelerating': False, 'eps_accel_quarters': 0, 'profit_margin_pct': 9.7}","{'revenue_growth_yoy': 4.5, 'revenue_accelerating': False, 'rev_accel_quarters': 0}","{'rs_3m': 0.9, 'rs_6m': -19.9, 'rs_line_percentile': 24.2, 'rs_line_at_new_high': False, 'rs_line_trend': 'flat', 'rs_line_score': 15}","{'roe_pct': 267.4, 'debt_to_equity': 13.88, 'current_ratio': 1.03, 'operating_margin_pct': 21.0}","{'days_to_earnings': 'N/A', 'recommendation': 'buy', 'analyst_upside_pct': 10.2}",89.82,71602061312,Consumer Defensive,Household & Personal Products,2.5,4.0,False,99.33,-9.6,5.0,False,98.95,110.0,87.0,20.0,buy,10.2,63.83,-28.9,25.1,-72.1,4.83,4.34,2.34,82.3,2.12,2.32,True,-1.8,12.5,-3.8,59.0,2026-10-30,False,False,5,NEUTRAL,4.25,71.4,,20.1,0.4,0.02,-19.7,2026-09-01T09:20:02.101704
PG,The Procter & Gamble Company,46.8,⚠️ WEAK,🔴 Weak,USD,USD,False,True,True,1.0,,50.0,40.0,26.7,70.0,60.0,15.0,8.8,False,down,-35.9,False,0,-5.3,True,1,"{'eps_growth_yoy': -35.9, 'positive_quarters': 4, 'earnings_accelerating': False, 'eps_accel_quarters': 0, 'profit_margin_pct': 18.4}","{'revenue_growth_yoy': -5.3, 'revenue_accelerating': True, 'rev_accel_quarters': 1}","{'rs_3m': 3.0, 'rs_6m': -23.3, 'rs_line_percentile': 8.8, 'rs_line_at_new_high': False, 'rs_line_trend': 'down', 'rs_line_score': 15}","{'roe_pct': 30.3, 'debt_to_equity': 0.64, 'current_ratio': 0.68, 'operating_margin_pct': 22.1}","{'days_to_earnings': 'N/A', 'recommendation': 'buy', 'analyst_upside_pct': 10.7}",145.12,337066196992,Consumer Defensive,Household & Personal Products,1.1,3.0,False,167.25,-13.2,2.0,False,160.61,186.0,143.0,23.0,buy,10.7,84.14,-42.0,66.1,-54.5,3.94,5.72,3.0,64.3,4.35,2.5,True,-1.49,24.3,-10.8,51.0,2026-10-22,False,False,6,NEUTRAL,5.85,83.8,,14.8,,,,2026-09-01T09:16:25.207159
ESLOY,EssilorLuxottica Société anonyme,46.5,⚠️ WEAK,🔴 Weak,USD,EUR,True,True,True,1.0,,50.0,50.0,24.0,55.0,60.0,15.0,1.5,False,down,,,0,,,0,{'profit_margin_pct': 8.5},{},"{'rs_3m': -8.8, 'rs_6m': -39.3, 'rs_line_percentile': 1.5, 'rs_line_at_new_high': False, 'rs_line_trend': 'down', 'rs_line_score': 15}","{'roe_pct': 6.7, 'debt_to_equity': 0.38, 'current_ratio': 0.89, 'operating_margin_pct': 15.4}","{'days_to_earnings': 'N/A', 'recommendation': 'none', 'analyst_upside_pct': 54.6}",92.84,85255577600,Healthcare,Medical Instruments & Supplies,,,False,186.81,-50.3,0.0,False,143.5,148.0,139.0,2.0,none,54.6,89.82,-3.3,38.13,-58.9,4.47,4.15,2.5,74.3,2.32,1.58,,,,6.2,,,False,False,4,NEUTRAL,3.53,34.6,1.69,25.1,,,,2026-09-01T09:20:33.416964
TEVA,Teva Pharmaceutical Industries Limited,44.1,⚠️ WEAK,🔴 Weak,USD,USD,False,True,True,1.0,"FCF declarado (2,219,875,072) se aparta del derivado de flujo operativo menos capex (1,397,000,000)",38.0,40.0,64.7,25.0,60.0,80.0,76.6,False,up,-233.0,False,0,-7.5,True,1,"{'eps_growth_yoy': -233.0, 'positive_quarters': 3, 'earnings_accelerating': False, 'eps_accel_quarters': 0, 'profit_margin_pct': 4.1}","{'revenue_growth_yoy': -7.5, 'revenue_accelerating': True, 'rev_accel_quarters': 1}","{'rs_3m': 2.8, 'rs_6m': -6.6, 'rs_line_percentile': 76.6, 'rs_line_at_new_high': False, 'rs_line_trend': 'up', 'rs_line_score': 80}","{'roe_pct': 9.7, 'debt_to_equity': 2.18, 'current_ratio': 0.88, 'operating_margin_pct': 4.0}","{'days_to_earnings': 'N/A', 'recommendation': 'strong_buy', 'analyst_upside_pct': 14.8}",36.05,42008924160,Healthcare,Drug Manufacturers - Specialty & Generic,3.1,6.4,False,38.37,-6.0,8.0,True,41.4,50.0,33.0,10.0,strong_buy,14.8,28.03,-22.2,5.9,-83.6,5.28,1.9,,,,2.95,False,,1.8,,64.0,2026-11-04,False,False,8,STRONG,3.87,43.5,0.27,26.4,,,,2026-09-01T09:22:52.151835
GPK,Graphic Packaging Holding Company,42.3,⚠️ WEAK,🔴 Weak,USD,USD,False,True,True,1.0,"FCF declarado (237,875,008) se aparta del derivado de flujo operativo menos capex (-129,000,000)",48.0,30.0,36.0,55.0,50.0,15.0,8.2,False,flat,-83.1,True,1,-0.1,False,0,"{'eps_growth_yoy': -83.1, 'positive_quarters': 3, 'earnings_accelerating': True, 'eps_accel_quarters': 1, 'profit_margin_pct': 2.2}","{'revenue_growth_yoy': -0.1, 'revenue_accelerating': False, 'rev_accel_quarters': 0}","{'rs_3m': -0.3, 'rs_6m': -16.1, 'rs_line_percentile': 8.2, 'rs_line_at_new_high': False, 'rs_line_trend': 'flat', 'rs_line_score': 15}","{'roe_pct': 6.0, 'debt_to_equity': 1.76, 'current_ratio': 1.38, 'operating_margin_pct': 4.5}","{'days_to_earnings': 'N/A', 'recommendation': 'none', 'analyst_upside_pct': 12.3}",11.2,3316001792,Consumer Cyclical,Packaging & Containers,7.6,4.0,False,22.17,-49.5,1.0,False,12.58,18.0,10.0,11.0,none,12.3,11.82,5.5,6.3,-43.8,7.17,0.8,3.81,67.7,0.44,1.79,True,-2.23,2.0,-38.2,69.0,2026-11-09,False,False,5,NEUTRAL,9.1,12.6,,43.1,,,,2026-09-01T09:23:04.773538
KD,"Kyndryl Holdings, Inc.",35.4,⚠️ WEAK,🔴 Weak,USD,USD,False,True,True,1.0,"FCF declarado (2,652,624,896) se aparta del derivado de flujo operativo menos capex (154,000,000)",38.0,30.0,38.7,25.0,50.0,15.0,8.7,False,up,-180.9,False,0,-2.8,False,0,"{'eps_growth_yoy': -180.9, 'positive_quarters': 3, 'earnings_accelerating': False, 'eps_accel_quarters': 0, 'profit_margin_pct': 0.6}","{'revenue_growth_yoy': -2.8, 'revenue_accelerating': False, 'rev_accel_quarters': 0}","{'rs_3m': 3.1, 'rs_6m': -8.5, 'rs_line_percentile': 8.7, 'rs_line_at_new_high': False, 'rs_line_trend': 'up', 'rs_line_score': 15}","{'roe_pct': 6.9, 'debt_to_equity': 4.22, 'current_ratio': 0.85, 'operating_margin_pct': 2.9}","{'days_to_earnings': 'N/A', 'recommendation': 'none', 'analyst_upside_pct': 5.6}",13.45,2929655552,Technology,Information Technology Services,13.6,6.5,True,33.9,-60.3,2.0,False,14.2,16.0,13.0,5.0,none,5.6,179.19,1232.3,3.8,-71.7,90.54,12.18,,,,,True,-11.81,3.4,,63.0,2026-11-03,False,False,6,NEUTRAL,8.59,14.9,0.16,52.5,,,,2026-09-01T09:23:25.504975
