ticker,vcp_score,vcp_quality,stage,consolidation_quality,ml_score,company_name,fundamental_score,sector,industry,earnings_quality_score,growth_acceleration_score,relative_strength_score,financial_health_score,catalyst_timing_score,current_price,market_cap,rs_line_score,rs_line_percentile,rs_line_at_new_high,rs_line_trend,eps_growth_yoy,eps_accelerating,eps_accel_quarters,rev_growth_yoy,rev_accelerating,rev_accel_quarters,short_percent_float,short_ratio,short_squeeze_potential,fifty_two_week_high,proximity_to_52w_high,trend_template_score,trend_template_pass,health_details,earnings_details,target_price_analyst,target_price_analyst_high,target_price_analyst_low,analyst_count,analyst_recommendation,analyst_upside_pct,target_price_dcf,target_price_dcf_upside_pct,target_price_pe,target_price_pe_upside_pct,fcf_yield_pct,fcf_per_share,dividend_yield_pct,payout_ratio_pct,five_yr_avg_dividend_yield_pct,buyback_active,shares_change_pct,interest_coverage,analyst_revision_momentum,days_to_earnings,earnings_date,earnings_warning,earnings_catalyst,piotroski_score,piotroski_label,ebit_ev_yield,roic_greenblatt,peg_ratio,sentiment,put_call_ratio,flow_score,unusual_calls,unusual_puts,super_score_ultimate,vcp_contribution,ml_contribution,fundamental_contribution,score_timestamp,data_as_of_date,market_regime,market_recommendation,ma_filter_pass,ma_filter_score,ma_filter_reason,ad_signal,ad_score,ad_reason,float_category,shares_outstanding_millions,filter_penalty,super_score_before_filters,rs_line_score_fund,rs_line_at_new_high_fund,rs_line_trend_fund,rs_line_percentile_fund,rs_line_bonus,eps_accelerating_fund2,eps_accel_quarters_fund2,rev_accelerating_fund2,rev_accel_quarters_fund2,canslim_a_bonus,industry_group_rank,industry_group_total,industry_group_percentile,industry_group_label,industry_group_rs,industry_bonus,short_bonus,proximity_bonus,trend_bonus,options_bonus,institutional_bonus,insider_bonus,profitability_penalty,negative_roe,filters_passed,value_score,sector_bonus,mr_bonus,fcf_bonus,dividend_bonus,buyback_bonus,revision_bonus,target_change_7d_pct,target_change_30d_pct,upgrade_days_14d,downgrade_days_14d,target_revision_bonus,upside_triangulated_pct,upside_divergence_pts,upside_divergence,risk_reward_ratio,rr_bonus,piotroski_bonus,magic_formula_rank,hedge_fund_count,hedge_fund_names,oe_ai_adjustment,oe_ai_verdict,cerebro_signal,cerebro_score_adj,days_in_list,ml_win_probability,ml_win_label,momentum_score,tier,quality,validation_status,validation_score,validation_reason,price_vs_ath,recent_news_sentiment,analyst_consensus,valuation_concern,why_cheap,why_cheap_resumen,why_cheap_fuentes,is_stage2,ma_score,atr_ratio,volume_dryup,pct_from_52w_high,pct_from_52w_low,relative_strength_6m,trend_direction,tech_stage,entry_readiness,entry_readiness_reason
BR,0.0,,,,51.1,"Broadridge Financial Solutions, Inc.",78.6,Technology,Information Technology Services,100.0,80.0,50.3,80.0,65.0,182.38,20795295744.0,35.0,26.6,False,up,140.7,True,1.0,39.7,False,0.0,3.3,2.9,False,256.67,-28.9,3.0,False,"{'roe_pct': 40.9, 'debt_to_equity': 1.24, 'current_ratio': 1.24, 'operating_margin_pct': 24.6}","{'eps_growth_yoy': 140.7, 'positive_quarters': 4, 'earnings_accelerating': True, 'eps_accel_quarters': 1, 'profit_margin_pct': 15.0}",213.25,250.0,176.0,8.0,buy,16.9,193.4,6.0,95.4,-47.7,5.74,10.48,2.37,40.6,1.68,True,-2.9,13.9,5.9,63.0,2026-11-03,False,False,8.0,STRONG,6.51,211.6,1.88,,,,,,22.9,0.0,15.3,23.6,2026-09-01 09:24:48,2026-09-01,CONFIRMED_UPTREND,TRADE,False,33,150 MA below 200 MA - not in Stage 2,STRONG_ACCUMULATION,85,"Strong institutional buying (2.1x ratio, 64% up volume)",HIGH_FLOAT,113.5,20.0,38.9,35.0,False,up,26.6,2.0,True,1.0,False,0.0,2.0,19.0,29.0,37.9,Bajo 50%,30.0,0.0,0.0,0.0,0.0,0.0,0.0,0.0,0.0,False,2/3,77.795,0.0,0.0,6.0,3.0,3.0,3.0,0.0,3.27,1.0,0.0,0.0,6.0,37.8,MEDIA,2.11,2.0,10.0,5.0,0,,0,MIXED/INSUFFICIENT (0),BEST,8.0,32,0.511,MEDIA,7.859999999999999,⭐⭐ STRONG,🟢 Elite,,,,,,,,SIN_DATOS,"BR ha superado estimados de ingresos y EPS en trimestres recientes (Q3 FY2026 incluido), pero cayó por compresión de márgenes operativos ajustados, ventas cerradas más débiles, recortes de precio objetivo y venta interna que deterioraron el sentimiento entre 2025-2026.",https://www.sec.gov/Archives/edgar/data/1383312/000138331225000004/ex991earningsrelease2q2025.htm | https://www.sec.gov/Archives/edgar/data/1383312/000138331225000024/ex991earningsrelease4q2025.htm | https://pitchbook.com/profiles/company/42085-99 | https://www.investing.com/news/company-news/broadridge-financial-solutions-stock-hits-52week-low-at-13975-usd-93CH-4748139,False,1,0.893,False,-27.5,36.28,-14.35,sideways,stage1,VIGILAR,Construyendo base (lateral) — espera la reconquista de las medias
MCO,0.0,,,,51.1,Moody's Corporation,67.6,Financial Services,Financial Data & Stock Exchanges,100.0,50.0,46.7,65.0,60.0,504.64,87394058240.0,35.0,37.8,False,up,35.9,True,2.0,8.9,False,0.0,1.7,3.0,False,546.88,-7.7,5.0,False,"{'roe_pct': 76.9, 'debt_to_equity': 2.41, 'current_ratio': 1.19, 'operating_margin_pct': 49.5}","{'eps_growth_yoy': 35.9, 'positive_quarters': 4, 'earnings_accelerating': True, 'eps_accel_quarters': 2, 'profit_margin_pct': 34.3}",560.48,610.0,505.0,21.0,buy,11.1,631.57,25.2,463.2,-8.2,2.95,14.89,0.8,25.0,0.81,False,,14.5,56.7,50.0,2026-10-21,False,False,8.0,STRONG,3.64,106.3,0.47,,,,,,31.6,0.0,15.3,20.3,2026-09-01 09:24:48,2026-09-01,CONFIRMED_UPTREND,TRADE,False,50,150 MA below 200 MA - not in Stage 2,ACCUMULATION,60,"Moderate accumulation (1.2x ratio, 53% up volume)",HIGH_FLOAT,158.5,20.0,35.6,35.0,False,up,37.8,2.0,True,2.0,False,0.0,5.0,6.0,29.0,82.8,Top 25%,44.7,3.0,0.0,3.0,3.0,0.0,0.0,0.0,0.0,False,2/3,74.595,0.0,0.0,0.0,0.0,0.0,5.0,0.0,0.3,0.0,0.0,0.0,11.1,2.6,,1.39,2.0,10.0,66.0,1,Berkshire Hathaway (Buffett),0,MIXED/INSUFFICIENT (0),CONFIRM,8.0,46,0.511,MEDIA,20.26,⭐⭐ STRONG,🟢 Excellent,,,,,,,,,,,False,2,0.912,False,-7.11,26.28,-4.59,uptrend,stage2,VIGILAR,Sobre MA200 pero las medias aún no están apiladas (50>150>200) — falta confirmación
AXP,0.0,,,,47.6,American Express Company,62.5,Financial Services,Credit Services,70.0,60.0,38.7,85.0,60.0,330.17,222967054336.0,15.0,19.6,False,down,7.2,False,0.0,6.6,True,1.0,2.1,3.9,False,387.49,-14.8,2.0,False,"{'roe_pct': 34.4, 'debt_to_equity': 1.72, 'current_ratio': 1.55, 'operating_margin_pct': 20.3}","{'eps_growth_yoy': 7.2, 'positive_quarters': 4, 'earnings_accelerating': False, 'eps_accel_quarters': 0, 'profit_margin_pct': 16.1}",375.96,450.0,315.0,25.0,buy,13.9,486.59,47.4,179.74,-45.6,7.18,23.7,1.14,21.5,1.1,True,-3.35,,7.7,52.0,2026-10-23,False,False,4.0,NEUTRAL,,,1.49,,,,,,8.0,0.0,14.3,18.8,2026-09-01 09:24:48,2026-09-01,CONFIRMED_UPTREND,TRADE,False,16,Price below 150/200 MA - weak trend,NEUTRAL,40,"No clear pattern (0.9x ratio, 47% up volume)",MEGA_FLOAT,522.2,25.0,33.0,15.0,False,down,19.6,0.0,False,0.0,True,1.0,2.0,14.0,29.0,55.2,Medio,34.4,0.0,0.0,3.0,-5.0,0.0,0.0,0.0,0.0,False,1/3,71.38,0.0,0.0,6.0,0.0,3.0,3.0,0.0,0.38,0.0,0.0,0.0,13.9,13.0,,1.74,2.0,0.0,,1,Berkshire Hathaway (Buffett),0,MIXED/INSUFFICIENT (0),CONFIRM,13.0,46,0.4765,MEDIA,7.75,⭐⭐ STRONG,🟢 Excellent,,,,,,,,SENTIMIENTO,"Amex ha reportado beats de EPS y guidance sostenida (8-10% ingresos, EPS $15-15.50) con métricas de crédito estables/mejorando en 2025, pero las acciones han caído por decepción en expectativas de ingresos/guidance y valoraciones ya exigentes, no por deterioro del negocio.",https://www.fool.com/earnings/call-transcripts/2026/04/22/american-express-axp-q1-2025-earnings-transcript/ | https://finance.yahoo.com/markets/stocks/articles/american-express-shares-slip-despite-124057960.html | https://www.benzinga.com/money/american-express-co-axp-stock-price-prediction | https://simplywall.st/stocks/us/diversified-financials/nyse-axp/american-express,False,1,0.748,False,-14.1,14.14,-5.31,sideways,stage1,VIGILAR,Construyendo base (lateral) — espera la reconquista de las medias
HEI,0.0,,,,51.4,HEICO Corporation,76.3,Industrials,Aerospace & Defense,100.0,70.0,44.0,90.0,65.0,331.15,46280663040.0,35.0,42.1,False,down,31.8,True,1.0,19.9,True,1.0,1.4,1.7,False,376.86,-12.1,4.0,False,"{'roe_pct': 17.7, 'debt_to_equity': 0.45, 'current_ratio': 2.72, 'operating_margin_pct': 25.1}","{'eps_growth_yoy': 31.8, 'positive_quarters': 4, 'earnings_accelerating': True, 'eps_accel_quarters': 1, 'profit_margin_pct': 16.4}",395.0,472.0,294.0,19.0,buy,19.3,,,,,1.83,15.3,0.07,4.2,0.1,False,,9.0,32.5,107.0,2026-12-17,False,False,8.0,STRONG,2.08,52.3,1.43,,,,,,24.3,0.0,15.4,22.9,2026-09-01 09:24:48,2026-09-01,CONFIRMED_UPTREND,TRADE,False,50,150 MA below 200 MA - not in Stage 2,NEUTRAL,45,"No clear pattern (0.9x ratio, 45% up volume)",HIGH_FLOAT,124.0,22.0,38.3,35.0,False,down,42.1,0.0,True,1.0,True,1.0,5.0,,29.0,,Sin datos suficientes,42.1,0.0,0.0,3.0,0.0,0.0,0.0,0.0,0.0,False,1/3,68.49,5.0,0.0,0.0,0.0,0.0,5.0,1.47,2.19,2.0,0.0,1.5,,,,2.41,2.0,10.0,111.0,0,,0,UNRELIABLE/INSUFFICIENT (0),REVISION_UP,8.0,46,0.5136,MEDIA,16.63,⭐ GOOD,🟢 Excellent,,,,,,,,EVENTO,"Las acciones cayeron un 12.2% tras los resultados del cuarto trimestre fiscal 2025 (reportados a finales de 2025/inicio de 2026): aunque las ventas crecieron 14.4% y superaron estimaciones, el beneficio por acción GAAP solo batió expectativas gracias a un beneficio fiscal puntual, y el EBITDA ajusta",https://www.sec.gov/Archives/edgar/data/46619/000004661925000042/a04302025ex991earningsrele.htm | https://www.sec.gov/Archives/edgar/data/46619/000004661925000076/a10312025ex991earningsrele.htm | https://www.sec.gov/Archives/edgar/data/46619/000004661925000046/hei-20250430.htm | https://simplywall.st/stocks/us/capital-goods/nyse-hei/heico,False,1,1.099,False,-12.13,29.35,-12.73,sideways,stage2,VIGILAR,Sobre MA200 pero las medias aún no están apiladas (50>150>200) — falta confirmación
OXY,0.0,,,,48.3,Occidental Petroleum Corporation,74.8,Energy,Oil & Gas E&P,100.0,70.0,46.7,80.0,60.0,60.18,60158177280.0,35.0,44.8,False,up,259.2,True,2.0,21.8,False,0.0,0.0,0.0,False,67.45,-10.8,7.0,True,"{'roe_pct': 10.6, 'debt_to_equity': 0.35, 'current_ratio': 1.41, 'operating_margin_pct': 45.4}","{'eps_growth_yoy': 259.2, 'positive_quarters': 3, 'earnings_accelerating': True, 'eps_accel_quarters': 2, 'profit_margin_pct': 30.3}",66.83,79.0,55.0,23.0,buy,11.0,160.71,167.0,101.7,69.0,6.3,3.79,1.9,29.5,1.14,True,-0.19,6.2,675.4,69.0,2026-11-09,False,False,4.0,NEUTRAL,5.19,6.4,0.02,,,,,,50.9,0.0,14.5,22.4,2026-09-01 09:24:48,2026-09-01,CONFIRMED_UPTREND,TRADE,True,100,Passes Minervini Template (6/6 criteria),ACCUMULATION,60,"Moderate accumulation (1.2x ratio, 53% up volume)",MEGA_FLOAT,995.6,3.0,36.9,35.0,False,up,44.8,2.0,True,2.0,False,0.0,5.0,,29.0,,Sin datos suficientes,44.8,0.0,0.0,3.0,7.0,0.0,0.0,0.0,0.0,False,3/3,65.33500000000001,8.0,0.0,6.0,3.0,3.0,5.0,0.39,3.57,0.0,0.0,0.0,69.0,-107.0,,1.38,2.0,0.0,92.0,1,Berkshire Hathaway (Buffett),0,MIXED/INSUFFICIENT (0),,0.0,40,0.4827,MEDIA,26.98,⭐ GOOD,🟢 Excellent,HOLD,55.0,Close to ATH (-10.8% from high) - wait for pullback,-10.8,NEUTRAL,BUY,False,,,,True,3,0.864,False,-10.37,56.56,-1.29,uptrend,stage2,ENTRADA,Stage 2: sobre MA200 ascendente sin sobreextensión — suelo confirmado
EXPN.L,0.0,,,,32.4,Experian plc,57.4,Industrials,Consulting Services,55.0,50.0,60.5,65.0,65.0,2969.4,26245707776.0,,,,,,,0.0,,,0.0,,,False,3987.0,-25.5,3.0,False,"{'roe_pct': 28.3, 'debt_to_equity': 1.0, 'current_ratio': 0.85, 'operating_margin_pct': 25.0}",{'profit_margin_pct': 17.8},3704.37,4666.13,2465.53,18.0,strong_buy,24.8,,,,,2.56,0.76,1.7,39.8,1.4,,,,23.1,78.0,2026-11-18,False,False,9.0,STRONG,6.67,646.3,0.76,,,,,,3.899999999999999,0.0,9.7,17.2,2026-09-01 09:24:48,2026-09-01,CONFIRMED_UPTREND,TRADE,False,33,150 MA below 200 MA - not in Stage 2,ACCUMULATION,60,"Moderate accumulation (1.3x ratio, 55% up volume)",MEGA_FLOAT,896.8,23.0,26.9,,,,,0.0,,0.0,,0.0,0.0,11.0,29.0,65.5,Medio,40.4,0.0,0.0,0.0,0.0,0.0,0.0,0.0,0.0,False,2/3,65.07999999999998,5.0,0.0,0.0,3.0,0.0,5.0,0.61,-0.1,0.0,1.0,0.0,,,,3.1,0.0,10.0,3.0,0,,0,UNRELIABLE/INSUFFICIENT (0),WATCH,0.0,33,0.3242,BAJA,5.739999999999999,⭐ GOOD,🟢 Excellent,,,,,,,,SENTIMIENTO,"Experian cayó pese a resultados anuales récord (beneficio +26%, ingresos +12%) y un nuevo buyback de $1.000M, castigada por una guía de crecimiento orgánico FY26 del 6-8% ligeramente por debajo del consenso del mercado (8%), en una reacción de tipo 'sell the news'.",https://www.proactiveinvestors.co.uk/companies/news/1092591/experian-slips-to-foot-of-the-ftse-despite-record-results-and-new-share-buyback-1092591.html | https://www.experianplc.com/investors/shareholders/share-price | https://www.experianplc.com/investors/shareholders/share-price/historical-lookup | https://www.google.com/finance/beta/quote/EXPN:LON,False,2,0.848,False,-25.52,34.79,3.14,sideways,stage1,VIGILAR,Construyendo base (lateral) — espera la reconquista de las medias
QSR,0.0,,,,14.3,Restaurant Brands International Inc.,70.1,Consumer Cyclical,Restaurants,100.0,60.0,46.7,65.0,60.0,77.88,35677679616.0,35.0,37.6,False,up,58.9,True,2.0,2.9,True,1.0,6.0,7.6,False,81.96,-5.0,6.0,False,"{'roe_pct': 34.8, 'debt_to_equity': 2.9, 'current_ratio': 1.01, 'operating_margin_pct': 27.7}","{'eps_growth_yoy': 58.9, 'positive_quarters': 4, 'earnings_accelerating': True, 'eps_accel_quarters': 2, 'profit_margin_pct': 13.1}",85.83,104.0,78.0,24.0,buy,10.2,,,,,4.8,4.91,3.32,63.8,3.41,True,-0.48,5.2,151.2,58.0,2026-10-29,False,False,6.0,NEUTRAL,5.1,51.7,0.12,,,,,,39.3,0.0,4.3,21.0,2026-09-01 09:24:48,2026-09-01,CONFIRMED_UPTREND,TRADE,True,100,Passes Minervini Template (6/6 criteria),ACCUMULATION,60,"Moderate accumulation (1.3x ratio, 54% up volume)",MEGA_FLOAT,317.7,3.0,25.3,35.0,False,up,37.6,2.0,True,2.0,True,1.0,8.0,25.0,29.0,17.2,Bottom 25%,19.8,-3.0,0.0,5.0,5.0,0.0,0.0,0.0,0.0,False,3/3,59.755,0.0,0.0,3.0,5.0,3.0,5.0,0.21,0.93,0.0,0.0,0.0,,,,1.27,2.0,2.0,50.0,1,Pershing Square (Ackman),0,MIXED/INSUFFICIENT (0),,0.0,46,0.1429,BAJA,29.51,🔵 DECENT,🟡 Good,,,,,,,,,,,True,3,0.996,False,-4.89,31.69,-3.15,uptrend,stage3,VIGILAR,Extendida cerca de máximos — espera un pullback
AUTO.L,0.0,,,,2.4,Autotrader Group plc,59.9,Communication Services,Internet Content & Information,60.0,50.0,54.5,90.0,50.0,510.0,3964031488.0,,,,,,,0.0,,,0.0,,,False,828.8,-38.5,0.0,False,"{'roe_pct': 60.2, 'debt_to_equity': 0.52, 'current_ratio': 1.73, 'operating_margin_pct': 62.2}",{'profit_margin_pct': 47.1},562.06,800.0,410.0,18.0,hold,10.2,,,,,6.15,0.31,2.2,32.0,1.35,,,,2.0,65.0,2026-11-05,False,False,5.0,NEUTRAL,8.8,332.4,2.29,,,,,,0.0,0.0,0.7,18.0,2026-09-01 09:24:48,2026-09-01,CONFIRMED_UPTREND,TRADE,False,0,Price below 150/200 MA - weak trend,ACCUMULATION,65,"Moderate accumulation (1.3x ratio, 55% up volume)",MEGA_FLOAT,803.0,23.0,18.7,,,,,0.0,,0.0,,0.0,0.0,4.0,29.0,89.7,Top 25%,54.5,3.0,0.0,0.0,-5.0,0.0,0.0,0.0,0.0,False,2/3,59.08,5.0,0.0,6.0,3.0,0.0,1.0,0.0,-0.05,0.0,0.0,0.0,,,,1.27,2.0,0.0,2.0,0,,0,MIXED/INSUFFICIENT (0),BEST,5.0,34,0.0243,BAJA,0.0,🔵 DECENT,🟡 Good,,,,,,,,SENTIMIENTO,"Auto Trader sigue creciendo en ingresos y beneficio (ingresos +4% y beneficio operativo +4% en el año hasta marzo 2026), pero la acción cayó tras advertencias de JPMorgan sobre un 'weak run-rate' y el riesgo de que la IA y la posible entrada de Amazon Autos erosionen su negocio a futuro. Los directi",https://simplywall.st/stocks/gb/media/lse-auto/autotrader-group-shares | https://finance.yahoo.com/news/auto-trader-group-full-2025-133815695.html | https://plc.autotrader.co.uk/investors/results-centre/ | https://walletinvestor.com/lse-stock-forecast/auto-stock-prediction,False,1,1.084,False,-38.84,21.09,1.08,downtrend,stage4,ESPERAR,En caída (bajo MA200 descendente) — espera a que haga suelo
KO,0.0,,,,0.2,The Coca-Cola Company,73.1,Consumer Defensive,Beverages - Non-Alcoholic,85.0,70.0,60.3,80.0,60.0,88.67,381507010560.0,60.0,74.0,False,up,19.7,False,0.0,7.4,True,2.0,0.9,2.4,False,92.49,-4.1,8.0,True,"{'roe_pct': 42.1, 'debt_to_equity': 1.16, 'current_ratio': 1.3, 'operating_margin_pct': 34.9}","{'eps_growth_yoy': 19.7, 'positive_quarters': 4, 'earnings_accelerating': False, 'eps_accel_quarters': 0, 'profit_margin_pct': 28.6}",94.7,104.0,75.0,23.0,buy,6.8,31.5,-64.5,55.6,-37.3,1.37,1.21,2.36,62.5,2.87,True,-0.25,12.0,16.9,49.0,2026-10-20,False,False,7.0,NEUTRAL,4.29,91.1,1.49,BULLISH,0.0,50.0,1.0,0.0,43.0,0.0,0.1,21.9,2026-09-01 09:24:48,2026-09-01,CONFIRMED_UPTREND,TRADE,True,100,Passes Minervini Template (6/6 criteria),ACCUMULATION,60,"Moderate accumulation (1.4x ratio, 55% up volume)",MEGA_FLOAT,3874.0,3.0,22.0,60.0,False,up,74.0,2.0,False,0.0,True,2.0,2.0,10.0,29.0,69.0,Medio,40.5,0.0,0.0,5.0,10.0,5.0,0.0,0.0,0.0,False,3/3,58.25,0.0,0.0,0.0,3.0,3.0,5.0,0.0,0.0,0.0,0.0,0.0,-37.3,57.7,ALTA,0.85,-3.0,5.0,48.0,1,Berkshire Hathaway (Buffett),0,MIXED/INSUFFICIENT (0),CONFIRM,8.0,46,0.0025,BAJA,37.31,🔵 DECENT,🟡 Good,,,,,,,,,,,True,3,0.852,False,-4.13,38.47,-1.33,uptrend,stage3,VIGILAR,Extendida cerca de máximos — espera un pullback
SPGI,85.52272727272728,Excellent,Stage 2 Strong,30.89905070107177,50.8,S&P Global Inc.,59.0,Financial Services,Financial Data & Stock Exchanges,75.0,50.0,38.7,65.0,65.0,435.84,128485629952.0,15.0,20.7,False,up,3.5,False,0.0,6.6,False,0.0,2.6,3.8,False,522.46924,-16.6,3.0,False,"{'roe_pct': 14.3, 'debt_to_equity': 0.43, 'current_ratio': 0.95, 'operating_margin_pct': 44.8}","{'eps_growth_yoy': 3.5, 'positive_quarters': 4, 'earnings_accelerating': False, 'eps_accel_quarters': 0, 'profit_margin_pct': 30.5}",519.3,553.0,485.0,20.0,strong_buy,19.1,495.13,13.6,286.21,-34.3,4.24,18.48,0.88,23.5,0.82,True,-4.05,22.7,17.7,58.0,2026-10-29,False,False,7.0,NEUTRAL,4.49,942.7,1.22,,,,,,49.1,34.2,15.2,17.7,2026-09-01 09:24:48,2026-09-01,CONFIRMED_UPTREND,TRADE,False,33,150 MA below 200 MA - not in Stage 2,ACCUMULATION,60,"Moderate accumulation (1.0x ratio, 49% up volume)",MEGA_FLOAT,294.1,23.0,67.1,15.0,False,up,20.7,2.0,False,0.0,False,0.0,0.0,6.0,29.0,82.8,Top 25%,44.7,3.0,0.0,0.0,0.0,0.0,0.0,0.0,0.0,False,2/3,58.14,0.0,0.0,3.0,0.0,3.0,5.0,0.0,0.13,0.0,0.0,0.0,13.6,29.4,MEDIA,2.39,2.0,5.0,13.0,0,,0,MIXED/INSUFFICIENT (0),WATCH,3.0,46,0.5078,MEDIA,48.66136363636364,🔵 DECENT,🟡 Good,BUY,100.0,Good pullback (-16.6% from high) - valid VCP setup | Strong upside (+19.1%) - analyst support,-16.6,NEUTRAL,STRONG_BUY,False,SENTIMIENTO,"En febrero de 2026 SPGI cayó ~10% tras publicar resultados del Q4 2025 con un BPA ajustado apenas por debajo del consenso, mientras los ingresos superaron expectativas (+9% interanual) y la guía de BPA ajustado 2026 quedó por encima del consenso de mercado. El resto de la caída desde máximos respond",https://www.kavout.com/market-lens/has-s-p-global-spgi-stock-underperformed-and-why | https://finance.yahoo.com/news/why-p-global-spgi-stock-203049359.html | https://seekingalpha.com/article/4939587-s-and-p-global-investors-await-clarification-in-a-higher-rate-environment | https://www.fool.com/investing/2026/02/10/why-sp-global-stock-tumbled-by-nearly-10-on-tuesda/,False,2,0.807,False,-16.0,21.56,-8.9,sideways,stage1,VIGILAR,Construyendo base (lateral) — espera la reconquista de las medias
BAC,0.0,,,,37.5,Bank of America Corporation,73.6,Financial Services,Banks - Diversified,95.0,60.0,76.7,65.0,50.0,61.94,433130831872.0,80.0,79.1,False,up,20.6,True,1.0,14.4,False,0.0,0.0,0.0,False,65.23,-5.0,8.0,True,"{'roe_pct': 11.2, 'operating_margin_pct': 38.3}","{'eps_growth_yoy': 20.6, 'positive_quarters': 4, 'earnings_accelerating': True, 'eps_accel_quarters': 1, 'profit_margin_pct': 29.5}",68.77,75.0,62.0,22.0,none,11.0,76.49,23.5,129.9,109.7,2.91,1.8,2.05,25.9,2.35,True,-5.81,,17.1,43.0,2026-10-14,False,False,5.0,NEUTRAL,,,0.34,,,,,,52.3,0.0,11.2,22.1,2026-09-01 09:24:48,2026-09-01,CONFIRMED_UPTREND,TRADE,True,100,Passes Minervini Template (6/6 criteria),ACCUMULATION,65,"Moderate accumulation (1.4x ratio, 55% up volume)",MEGA_FLOAT,6965.3,3.0,33.3,80.0,False,up,79.1,5.0,True,1.0,False,0.0,2.0,,29.0,,Sin datos suficientes,79.1,0.0,0.0,5.0,10.0,0.0,0.0,0.0,0.0,False,3/3,54.315,0.0,0.0,0.0,3.0,3.0,5.0,0.0,0.13,0.0,0.0,0.0,23.5,-55.6,,1.38,2.0,0.0,,1,Berkshire Hathaway (Buffett),0,UNRELIABLE/INSUFFICIENT (0),,0.0,46,0.3748,BAJA,37.36,🔵 DECENT,🟡 Average,HOLD,50.0,Close to ATH (-5.0% from high) - wait for pullback,-5.0,NEUTRAL,NONE,False,,,,True,3,0.99,False,-5.04,35.0,12.36,uptrend,stage2,ENTRADA,Stage 2: sobre MA200 ascendente sin sobreextensión — suelo confirmado
MSFT,0.0,,,,31.7,Microsoft Corporation,81.5,Technology,Software - Infrastructure,100.0,70.0,68.7,95.0,60.0,507.29,3766905208832.0,60.0,58.3,False,up,28.9,True,1.0,15.9,True,1.0,0.9,1.9,False,553.72,-8.4,5.0,False,"{'roe_pct': 34.0, 'debt_to_equity': 0.29, 'current_ratio': 1.23, 'operating_margin_pct': 45.1}","{'eps_growth_yoy': 28.9, 'positive_quarters': 4, 'earnings_accelerating': True, 'eps_accel_quarters': 1, 'profit_margin_pct': 40.3}",569.45,870.0,400.0,52.0,strong_buy,12.3,94.49,-81.4,532.8,5.0,0.44,2.23,0.71,19.8,0.79,True,-0.59,55.4,31.7,57.0,2026-10-28,False,False,6.0,NEUTRAL,4.42,44.9,0.68,BULLISH,0.47,80.0,7.0,4.0,34.0,0.0,9.5,24.4,2026-09-01 09:24:48,2026-09-01,CONFIRMED_UPTREND,TRADE,False,50,150 MA below 200 MA - not in Stage 2,STRONG_ACCUMULATION,95,"Strong institutional buying (2.1x ratio, 66% up volume)",MEGA_FLOAT,7414.5,23.0,34.0,60.0,False,up,58.3,2.0,True,1.0,True,1.0,5.0,3.0,29.0,93.1,Top 10%,54.7,5.0,0.0,3.0,3.0,5.0,0.0,0.0,0.0,False,2/3,53.185,0.0,0.0,0.0,0.0,3.0,5.0,0.0,1.14,0.0,0.0,0.0,5.0,50.5,ALTA,1.54,2.0,2.0,67.0,1,Pershing Square (Ackman),0,MIXED/INSUFFICIENT (0),CAUTION,-9.0,29,0.3174,BAJA,21.65,🔵 DECENT,🟡 Average,,,,,,,,,,,False,2,0.728,False,-7.63,45.55,12.75,uptrend,stage1,VIGILAR,Construyendo base (lateral) — espera la reconquista de las medias
FICO,0.0,,,,33.0,Fair Isaac Corporation,71.0,Technology,Software - Application,100.0,80.0,24.0,65.0,65.0,1147.21,24777023488.0,15.0,10.3,False,flat,53.0,False,0.0,30.7,False,0.0,10.0,4.9,True,1998.01,-42.6,1.0,False,"{'current_ratio': 1.18, 'operating_margin_pct': 53.8}","{'eps_growth_yoy': 53.0, 'positive_quarters': 4, 'earnings_accelerating': False, 'eps_accel_quarters': 0, 'profit_margin_pct': 34.1}",1462.68,1750.0,707.0,19.0,buy,27.5,1520.61,32.5,1029.0,-10.3,3.13,35.86,,,0.09,True,-14.51,6.7,28.8,64.0,2026-11-04,False,False,7.0,NEUTRAL,3.11,996.8,0.52,BULLISH,0.0,40.0,1.0,0.0,11.2,0.0,9.9,21.3,2026-09-01 09:24:48,2026-09-01,CONFIRMED_UPTREND,TRADE,False,16,Price below 150/200 MA - weak trend,ACCUMULATION,60,"Moderate accumulation (1.1x ratio, 50% up volume)",LOW_FLOAT,20.9,20.0,31.2,15.0,False,flat,10.3,0.0,False,0.0,False,0.0,0.0,17.0,29.0,44.8,Bajo 50%,32.1,0.0,0.0,0.0,-5.0,5.0,0.0,0.0,0.0,False,2/3,52.94999999999999,0.0,0.0,3.0,0.0,3.0,5.0,-0.92,-2.8,0.0,1.0,0.0,27.5,16.4,,3.44,0.0,5.0,44.0,0,,0,MIXED/INSUFFICIENT (0),WATCH,6.0,43,0.3303,BAJA,0.0,🔵 DECENT,🟡 Average,,,,,,,,EVENTO,"La caída se origina en decisiones regulatorias de FHFA/HUD (jul-nov 2025) que permiten VantageScore 4.0 y FICO 10T como alternativas a Classic FICO en hipotecas GSE/FHA, rompiendo el monopolio de pricing de FICO. Los resultados financieros siguen creciendo con fuerza (ingresos y EPS al alza en los ú",https://www.sec.gov/Archives/edgar/data/814547/000081454725000015/exhibit991erq22025.htm | https://www.sec.gov/Archives/edgar/data/814547/000081454725000007/exhibit991erq12025.htm | https://finance.yahoo.com/markets/stocks/articles/fair-isaac-corporation-fico-stock-022055924.html | https://finance.yahoo.com/markets/stocks/articles/fair-isaac-50-drop-credit-182744992.html,False,0,0.764,False,-42.58,31.86,-31.84,downtrend,stage4,ESPERAR,En caída (bajo MA200 descendente) — espera a que haga suelo
TT,0.0,,,,55.3,Trane Technologies plc,72.7,Industrials,Building Products & Equipment,90.0,80.0,36.0,80.0,65.0,444.4,97778302976.0,15.0,23.1,False,down,9.1,True,2.0,10.6,True,2.0,1.3,2.2,False,505.87,-12.2,4.0,False,"{'roe_pct': 36.6, 'debt_to_equity': 0.53, 'current_ratio': 1.07, 'operating_margin_pct': 19.3}","{'eps_growth_yoy': 9.1, 'positive_quarters': 4, 'earnings_accelerating': True, 'eps_accel_quarters': 2, 'profit_margin_pct': 13.3}",526.99,575.0,422.0,21.0,buy,18.6,248.18,-44.2,134.2,-69.8,3.19,14.19,0.94,29.7,1.19,True,-1.39,18.0,5.0,58.0,2026-10-29,False,False,9.0,STRONG,3.86,102.0,3.58,,,,,,16.4,0.0,16.6,21.8,2026-09-01 09:24:48,2026-09-01,CONFIRMED_UPTREND,TRADE,False,66,Price below 150/200 MA - weak trend,DISTRIBUTION,35,"Moderate distribution (0.8x ratio, 44% up volume)",MEGA_FLOAT,219.4,30.0,38.4,15.0,False,down,23.1,0.0,True,2.0,True,2.0,8.0,27.0,29.0,10.3,Bottom 25%,12.2,-3.0,0.0,3.0,0.0,0.0,0.0,0.0,0.0,False,1/3,52.845,5.0,0.0,3.0,0.0,3.0,1.0,0.0,0.33,0.0,0.0,0.0,-44.2,75.6,ALTA,2.33,2.0,10.0,61.0,0,,0,UNRELIABLE/INSUFFICIENT (0),WATCH,3.0,46,0.5533,ALTA,16.27,🔵 DECENT,🟡 Average,,,,,,,,SENTIMIENTO,"La caída responde a rotaciones de sentimiento sectorial (comentarios de Nvidia sobre menor necesidad de refrigeración líquida en chips y el shock de DeepSeek) que cuestionaron la narrativa de crecimiento por data centers y la valoración premium del sector HVAC, no a un deterioro del negocio de Trane",https://www.sec.gov/Archives/edgar/data/1466258/000162828025047261/exhibit991-q32025earningsr.htm | https://www.sec.gov/Archives/edgar/data/1466258/000146625825000121/exhibit991-q12025earningsr.htm | https://finimize.com/content/tt-asset-snapshot | https://simplywall.st/stocks/us/capital-goods/nyse-tt/trane-technologies/future,False,2,0.686,False,-12.15,28.28,-17.57,sideways,stage2,VIGILAR,Sobre MA200 pero las medias aún no están apiladas (50>150>200) — falta confirmación
IDXX,0.0,,,,55.3,"IDEXX Laboratories, Inc.",74.0,Healthcare,Diagnostics & Research,100.0,80.0,24.0,85.0,65.0,556.69,43856662528.0,15.0,4.7,False,down,23.2,True,2.0,10.1,True,2.0,2.8,3.1,False,769.98,-27.7,0.0,False,"{'roe_pct': 74.2, 'debt_to_equity': 0.68, 'current_ratio': 1.17, 'operating_margin_pct': 35.0}","{'eps_growth_yoy': 23.2, 'positive_quarters': 4, 'earnings_accelerating': True, 'eps_accel_quarters': 2, 'profit_margin_pct': 25.0}",698.92,805.0,470.0,13.0,buy,25.5,308.05,-44.7,250.8,-54.9,2.07,11.54,,,,True,-2.68,38.7,12.3,62.0,2026-11-02,False,False,8.0,STRONG,3.05,120.0,1.89,,,,,,24.8,0.0,16.6,22.2,2026-09-01 09:24:48,2026-09-01,CONFIRMED_UPTREND,TRADE,False,0,Price below 150/200 MA - weak trend,ACCUMULATION,60,"Moderate accumulation (1.2x ratio, 53% up volume)",HIGH_FLOAT,78.5,20.0,38.8,15.0,False,down,4.7,0.0,True,2.0,True,2.0,8.0,8.0,29.0,75.9,Top 25%,40.7,3.0,0.0,0.0,-5.0,0.0,0.0,0.0,0.0,False,2/3,47.66499999999999,8.0,0.0,0.0,0.0,3.0,3.0,0.0,-1.14,0.0,0.0,0.0,-44.7,75.3,ALTA,3.19,0.0,10.0,72.0,0,,-5,MIXED/AVOID (-5),WATCH,0.0,46,0.5533,ALTA,0.0,🔵 DECENT,🟡 Average,,,,,,,,CICLICO,"IDXX ha crecido con fuerza en ingresos y EPS (doble dígito) durante 2025-2026, pero la acción cae por temores del mercado a una desaceleración cíclica en visitas veterinarias discrecionales en EE.UU. señalada en la guía reciente. No hay evidencia de deterioro estructural: márgenes y crecimiento se m",https://www.marketscreener.com/news/idexx-laboratories-q3-earnings-revenue-rise-raises-2025-guidance-ce7d5cd9dd88f020 | https://finance.yahoo.com/news/why-idexx-laboratories-idxx-13-002641434.html | https://www.theglobeandmail.com/investing/markets/stocks/IDXX/pressreleases/35937962/idexx-laboratories-reports-strong-q3-earnings-and-raises-guidance/ | https://www.idexx.com/files/2025-q3-transcript.,False,0,0.808,False,-27.7,7.36,-25.91,downtrend,stage1,ESPERAR,En caída (bajo MA200 descendente) — espera a que haga suelo
TW,0.0,,,,32.9,Tradeweb Markets Inc.,56.1,Financial Services,Capital Markets,65.0,50.0,26.7,85.0,60.0,107.7,23266242560.0,15.0,21.7,False,up,-2.3,True,1.0,9.9,False,0.0,3.2,2.3,False,127.69,-15.7,3.0,False,"{'roe_pct': 14.5, 'debt_to_equity': 0.02, 'current_ratio': 6.79, 'operating_margin_pct': 43.8}","{'eps_growth_yoy': -2.3, 'positive_quarters': 4, 'earnings_accelerating': True, 'eps_accel_quarters': 1, 'profit_margin_pct': 40.7}",123.71,178.0,98.0,14.0,buy,14.9,,,,,4.58,9.34,0.51,12.4,0.4,True,-1.48,633.6,13.8,58.0,2026-10-29,False,False,8.0,STRONG,5.47,57.1,1.19,,,,,,10.7,0.0,9.9,16.8,2026-09-01 09:24:48,2026-09-01,CONFIRMED_UPTREND,TRADE,False,33,Price below 150/200 MA - weak trend,ACCUMULATION,60,"Moderate accumulation (1.2x ratio, 54% up volume)",HIGH_FLOAT,113.8,20.0,26.7,15.0,False,up,21.7,2.0,True,1.0,False,0.0,2.0,,29.0,,Sin datos suficientes,21.7,0.0,0.0,0.0,0.0,0.0,0.0,0.0,0.0,False,2/3,52.485,0.0,0.0,3.0,0.0,3.0,3.0,0.0,-1.81,0.0,0.0,0.0,,,,1.86,2.0,10.0,38.0,0,,0,MIXED/INSUFFICIENT (0),WATCH,3.0,46,0.329,BAJA,5.61,🔵 DECENT,🟡 Average,,,,,,,,SENTIMIENTO,"La caída responde a una rebaja de valoración por parte de analistas tras la fuerte subida previa y a preocupación por compresión de comisiones (mix de producto), no a deterioro del negocio, que mantiene márgenes en expansión y balance sólido (rebaja TD Cowen ~abril 2026).",https://finance.yahoo.com/markets/stocks/articles/why-tradeweb-markets-tw-shares-010902308.html | https://simplywall.st/stocks/us/diversified-financials/nasdaq-tw/tradeweb-markets/future | https://simplywall.st/stocks/us/diversified-financials/nasdaq-tw/tradeweb-markets | https://finance.yahoo.com/markets/stocks/articles/look-tradeweb-markets-tw-valuation-221618134.html,False,2,0.72,False,-15.54,17.81,-25.65,sideways,stage4,ESPERAR,En caída (bajo MA200 descendente) — espera a que haga suelo
FHN,0.0,,,,36.9,First Horizon Corporation,58.5,Financial Services,Banks - Regional,85.0,40.0,38.7,65.0,55.0,24.32,11522259968.0,15.0,24.2,False,down,3.1,True,1.0,-0.5,True,1.0,0.0,0.0,False,26.56,-8.4,4.0,False,"{'roe_pct': 11.5, 'operating_margin_pct': 41.3}","{'eps_growth_yoy': 3.1, 'positive_quarters': 4, 'earnings_accelerating': True, 'eps_accel_quarters': 1, 'profit_margin_pct': 30.2}",28.11,31.0,25.0,19.0,none,15.6,36.77,51.2,41.6,71.1,5.16,1.26,2.76,30.8,3.3,True,-8.14,,10.0,43.0,2026-10-14,False,False,5.0,NEUTRAL,,,0.53,,,,,,13.6,0.0,11.1,17.6,2026-09-01 09:24:48,2026-09-01,CONFIRMED_UPTREND,TRADE,False,66,Price below 150/200 MA - weak trend,ACCUMULATION,60,"Moderate accumulation (1.3x ratio, 53% up volume)",MEGA_FLOAT,468.3,23.0,28.6,15.0,False,down,24.2,0.0,True,1.0,True,1.0,5.0,13.0,29.0,58.6,Medio,35.0,0.0,0.0,3.0,0.0,0.0,0.0,0.0,0.0,False,2/3,52.245000000000005,0.0,0.0,6.0,3.0,3.0,3.0,0.0,0.56,0.0,0.0,0.0,51.2,-45.6,,1.95,2.0,0.0,,1,Appaloosa (Tepper),0,UNRELIABLE/INSUFFICIENT (0),,0.0,46,0.3688,BAJA,14.85,🔵 DECENT,🟡 Average,,,,,,,,,,,False,2,0.898,False,-7.98,25.41,-11.21,sideways,stage2,VIGILAR,Sobre MA200 pero las medias aún no están apiladas (50>150>200) — falta confirmación
SYK,0.0,,,,52.9,Stryker Corporation,68.8,Healthcare,Medical Devices,100.0,60.0,26.7,80.0,65.0,323.8,124200951808.0,15.0,17.6,False,up,48.5,True,1.0,8.8,True,1.0,1.9,2.9,False,396.86,-18.4,1.0,False,"{'roe_pct': 16.5, 'debt_to_equity': 0.64, 'current_ratio': 2.16, 'operating_margin_pct': 27.0}","{'eps_growth_yoy': 48.5, 'positive_quarters': 4, 'earnings_accelerating': True, 'eps_accel_quarters': 1, 'profit_margin_pct': 14.4}",382.72,465.0,315.0,25.0,buy,18.2,454.14,40.3,283.5,-12.4,3.31,10.71,1.06,36.1,0.99,False,,20.0,44.1,58.0,2026-10-29,False,False,5.0,NEUTRAL,3.76,47.3,0.44,,,,,,15.5,0.0,15.9,20.6,2026-09-01 09:24:48,2026-09-01,CONFIRMED_UPTREND,TRADE,False,16,Price below 150/200 MA - weak trend,ACCUMULATION,60,"Moderate accumulation (1.1x ratio, 51% up volume)",MEGA_FLOAT,348.1,23.0,36.5,15.0,False,up,17.6,2.0,True,1.0,True,1.0,5.0,22.0,29.0,27.6,Bajo 50%,26.6,0.0,0.0,0.0,-5.0,0.0,0.0,0.0,0.0,False,2/3,52.16499999999999,8.0,0.0,3.0,0.0,0.0,5.0,0.0,-0.26,0.0,0.0,0.0,18.2,4.2,,2.28,2.0,0.0,84.0,0,,0,MIXED/INSUFFICIENT (0),,0.0,46,0.5288,MEDIA,0.0,🔵 DECENT,🟡 Average,,,,,,,,EVENTO,"La acción cayó tras un ciberataque disruptivo (wiper) atribuido a un grupo iraní que afectó producción, envíos y procesamiento de pedidos, sumado a una corrección de valoración pese a resultados sólidos (crecimiento orgánico de doble dígito, guidance elevado varias veces en 2025). Los fundamentales ",https://www.bamsec.com/companies/310764/stryker-corporation/transcripts | https://quartr.com/companies/stryker-corporation_4857 | https://www.tipranks.com/stocks/syk/earnings-calendar | https://it.tradingview.com/news/tradingview%3A681cbbb6a1dbf%3A0-stryker-corporation-reports-strong-q2-2025-results,False,0,0.893,False,-17.58,15.54,-29.23,downtrend,stage4,ESPERAR,En caída (bajo MA200 descendente) — espera a que haga suelo
OTIS,0.0,,,,51.1,Otis Worldwide Corporation,60.6,Industrials,Specialty Industrial Machinery,90.0,60.0,26.7,45.0,65.0,71.13,27077009408.0,15.0,3.6,False,down,14.4,True,1.0,4.6,True,1.0,4.5,3.9,False,94.565,-24.8,1.0,False,"{'current_ratio': 0.83, 'operating_margin_pct': 15.1}","{'eps_growth_yoy': 14.4, 'positive_quarters': 4, 'earnings_accelerating': True, 'eps_accel_quarters': 1, 'profit_margin_pct': 10.2}",88.83,105.0,75.0,12.0,buy,24.9,83.98,18.1,50.18,-29.5,5.3,3.77,2.45,43.7,1.5,True,-3.9,,9.1,57.0,2026-10-28,False,False,6.0,NEUTRAL,6.27,171.1,1.2,,,,,,6.5,0.0,15.3,18.2,2026-09-01 09:24:48,2026-09-01,CONFIRMED_UPTREND,TRADE,False,16,Price below 150/200 MA - weak trend,DISTRIBUTION,35,"Moderate distribution (0.8x ratio, 42% up volume)",MEGA_FLOAT,379.9,30.0,33.5,15.0,False,down,3.6,0.0,True,1.0,True,1.0,5.0,5.0,29.0,86.2,Top 25%,47.7,3.0,0.0,0.0,-5.0,0.0,0.0,0.0,0.0,False,1/3,51.995000000000005,5.0,0.0,6.0,3.0,3.0,3.0,0.0,-1.84,0.0,1.0,0.0,18.1,30.6,MEDIA,3.11,0.0,2.0,7.0,0,,0,MIXED/INSUFFICIENT (0),BEST,5.0,34,0.511,MEDIA,0.0,🔵 DECENT,🟡 Average,,,,,,,,CICLICO,"La caída se debe a la debilidad cíclica del negocio de Nuevos Equipos en China (mercado que cayó ~13% en 2025), que ha forzado varios recortes de guidance entre 2025 y 2026 pese a que el segmento de Servicio (recurrente y de mayor margen) sigue creciendo con fuerza.",https://s203.q4cdn.com/227649559/files/doc_financials/2025/q3/3Q25-Otis-Earnings-Webcast_Final.pdf | https://fintool.com/app/research/companies/OTIS/earnings/Q3%202025 | https://www.webull.com/news/13651612955575296 | https://finance.yahoo.com/quote/OTIS/earnings/OTIS-Q3-2025-earnings_call-366124.html,False,0,0.852,False,-23.87,3.47,-36.44,downtrend,stage1,ESPERAR,En caída (bajo MA200 descendente) — espera a que haga suelo
AON,0.0,,,,41.7,Aon plc,63.7,Financial Services,Insurance Brokers,85.0,50.0,36.0,80.0,65.0,321.52,68202569728.0,15.0,0.7,False,flat,20.3,False,0.0,6.2,False,0.0,1.6,2.6,False,382.34,-15.9,3.0,False,"{'roe_pct': 44.7, 'debt_to_equity': 1.63, 'current_ratio': 1.03, 'operating_margin_pct': 23.5}","{'eps_growth_yoy': 20.3, 'positive_quarters': 4, 'earnings_accelerating': False, 'eps_accel_quarters': 0, 'profit_margin_pct': 22.3}",404.05,445.0,339.0,19.0,buy,25.7,221.34,-31.2,164.0,-49.0,4.68,15.04,0.92,16.8,0.76,True,-2.35,7.7,-2.1,59.0,2026-10-30,False,False,8.0,STRONG,6.71,141.9,,,,,,,0.0,0.0,12.5,19.1,2026-09-01 09:24:48,2026-09-01,CONFIRMED_UPTREND,TRADE,False,33,Price below 150/200 MA - weak trend,DISTRIBUTION,35,"Moderate distribution (0.8x ratio, 44% up volume)",MEGA_FLOAT,209.5,30.0,31.6,15.0,False,flat,0.7,0.0,False,0.0,False,0.0,0.0,23.0,29.0,24.1,Bottom 25%,25.5,-3.0,0.0,0.0,0.0,0.0,0.0,0.0,0.0,False,1/3,51.465,0.0,0.0,3.0,0.0,3.0,0.0,0.0,0.6,0.0,0.0,0.0,-31.2,65.8,ALTA,3.21,0.0,10.0,9.0,0,,0,MIXED/INSUFFICIENT (0),WATCH,3.0,46,0.4169,BAJA,6.37,🔵 DECENT,🟡 Average,,,,,,,,EVENTO,"Aon reportó resultados sólidos en Q2 y Q3 de 2025 (crecimiento orgánico de 6-7%, expansión de márgenes, EPS +12%), sin deterioro del negocio; la caída coincide con el anuncio de la gran adquisición de USI Insurance Services, un evento corporativo puntual que genera dudas sobre financiación/dilución ",https://www.investing.com/news/transcripts/earnings-call-transcript-aon-plc-q3-2025-beats-eps-expectations-stock-rises-93CH-4324366 | https://finance.yahoo.com/quote/AON/earnings/AON-Q3-2025-earnings_call-367282.html | https://aon.mediaroom.com/2025-10-31-Aon-Reports-Third-Quarter-2025-Results | https://www.theglobeandmail.com/investing/markets/stocks/AON/pressreleases/35830370/aon-q3-2025-earning,False,1,1.035,False,-15.72,6.08,-17.7,sideways,stage1,VIGILAR,Construyendo base (lateral) — espera la reconquista de las medias
ZTS,0.0,,,,48.9,Zoetis Inc.,58.5,Healthcare,Drug Manufacturers - Specialty & Generic,75.0,60.0,24.0,65.0,65.0,77.1,31859539968.0,15.0,4.6,False,down,-4.2,True,2.0,2.8,True,1.0,4.6,2.5,False,155.38,-50.4,1.0,False,"{'roe_pct': 64.9, 'debt_to_equity': 2.94, 'current_ratio': 3.08, 'operating_margin_pct': 40.7}","{'eps_growth_yoy': -4.2, 'positive_quarters': 4, 'earnings_accelerating': True, 'eps_accel_quarters': 2, 'profit_margin_pct': 27.7}",96.0,155.0,80.0,15.0,buy,24.5,71.82,-6.8,61.1,-20.8,6.33,4.88,2.74,33.6,0.95,True,-11.44,14.7,0.8,63.0,2026-11-03,False,False,6.0,NEUTRAL,9.08,42.1,9.84,BEARISH,999.0,60.0,0.0,1.0,4.200000000000003,0.0,14.7,17.6,2026-09-01 09:24:48,2026-09-01,CONFIRMED_UPTREND,TRADE,False,0,Price below 150/200 MA - weak trend,ACCUMULATION,60,"Moderate accumulation (1.0x ratio, 48% up volume)",MEGA_FLOAT,412.4,23.0,32.2,15.0,False,down,4.6,0.0,True,2.0,True,1.0,8.0,9.0,29.0,72.4,Medio,40.6,0.0,0.0,0.0,-5.0,-8.0,0.0,0.0,0.0,False,2/3,50.345,8.0,0.0,6.0,3.0,3.0,1.0,-4.6,-14.24,0.0,1.0,-3.0,-6.8,38.3,MEDIA,3.06,0.0,2.0,28.0,0,,0,MIXED/INSUFFICIENT (0),BEST,11.0,8,0.4891,MEDIA,0.0,🔵 DECENT,🟡 Average,,,,,,,,CICLICO,"En 2025 Zoetis recortó su guidance de ingresos a $9.4-9.475B (desde $9.45-9.6B) tras caídas interanuales de Librela y Solensia en Q2 y Q3 por mayor competencia y menor gasto de dueños de mascotas en EE.UU.; pese a ello, el negocio sigue creciendo (Q3: ingresos +4% orgánico, beneficio neto ajustado +",https://finance.yahoo.com/news/zoetis-stock-plummets-24-8-144700688.html | https://www.tradingview.com/news/zacks:c838081a4094b:0-zoetis-stock-plummets-24-8-ytd-here-s-what-you-need-to-know/ | https://www.tikr.com/blog/zoetis-stock-drops-21-after-q1-earnings-heres-what-the-numbers-actually-show | https://simplywall.st/stocks/us/pharmaceuticals-biotech/nyse-zts/zoetis,False,1,0.919,False,-49.43,8.63,-52.88,sideways,stage1,VIGILAR,Construyendo base (lateral) — espera la reconquista de las medias
NDSN,0.0,,,,4.9,Nordson Corporation,57.4,Industrials,Specialty Industrial Machinery,50.0,40.0,68.3,85.0,60.0,321.72,17919600640.0,80.0,81.1,False,up,-6.7,False,0.0,-0.1,True,1.0,3.0,4.6,False,339.12,-5.1,8.0,True,"{'roe_pct': 17.8, 'debt_to_equity': 0.56, 'current_ratio': 1.82, 'operating_margin_pct': 27.4}","{'eps_growth_yoy': -6.7, 'positive_quarters': 4, 'earnings_accelerating': False, 'eps_accel_quarters': 0, 'profit_margin_pct': 18.6}",349.71,375.0,282.0,7.0,buy,8.7,361.45,12.3,224.94,-30.1,3.43,11.02,1.16,33.2,1.08,True,-1.62,7.7,16.1,99.0,2026-12-09,False,False,7.0,NEUTRAL,3.58,65.0,1.08,,,,,,41.7,0.0,1.5,17.2,2026-09-01 09:24:48,2026-09-01,CONFIRMED_UPTREND,TRADE,True,100,Passes Minervini Template (6/6 criteria),ACCUMULATION,60,"Moderate accumulation (1.1x ratio, 49% up volume)",MEDIUM_FLOAT,49.6,0.0,18.7,80.0,False,up,81.1,5.0,False,0.0,True,1.0,2.0,5.0,29.0,86.2,Top 25%,47.7,3.0,0.0,3.0,10.0,0.0,0.0,0.0,0.0,False,3/3,49.905,5.0,0.0,3.0,0.0,3.0,5.0,0.0,10.37,2.0,0.0,0.0,8.7,17.6,,1.09,0.0,5.0,80.0,0,,0,MIXED/INSUFFICIENT (0),BEST,8.0,46,0.0493,BAJA,29.74,⚪ WEAK,🟡 Average,,,,,,,,,,,True,3,1.293,False,-5.13,48.12,-2.58,uptrend,stage2,ENTRADA,Stage 2: sobre MA200 ascendente sin sobreextensión — suelo confirmado
VRSN,0.0,,,,29.0,"VeriSign, Inc.",63.5,Technology,Software - Infrastructure,75.0,60.0,62.4,50.0,60.0,288.28,26060511232.0,60.0,51.1,False,up,1.7,False,0.0,3.7,True,1.0,1.7,1.7,False,312.48,-7.7,7.0,True,"{'current_ratio': 0.59, 'operating_margin_pct': 68.2}","{'eps_growth_yoy': 1.7, 'positive_quarters': 4, 'earnings_accelerating': False, 'eps_accel_quarters': 0, 'profit_margin_pct': 49.8}",318.0,355.0,270.0,5.0,buy,10.3,165.22,-42.7,90.8,-68.5,3.2,9.21,1.11,34.3,,True,-3.45,15.5,5.4,51.0,2026-10-22,False,False,8.0,STRONG,4.19,512.5,3.41,,,,,,46.8,0.0,8.7,19.1,2026-09-01 09:24:48,2026-09-01,CONFIRMED_UPTREND,TRADE,True,100,Passes Minervini Template (6/6 criteria),ACCUMULATION,60,"Moderate accumulation (1.1x ratio, 50% up volume)",HIGH_FLOAT,84.9,0.0,27.8,60.0,False,up,51.1,2.0,False,0.0,True,1.0,2.0,3.0,29.0,93.1,Top 10%,54.7,5.0,0.0,3.0,7.0,0.0,0.0,0.0,0.0,False,3/3,49.35,0.0,0.0,3.0,0.0,3.0,3.0,0.0,0.0,0.0,0.0,0.0,-42.7,65.9,ALTA,1.29,2.0,10.0,21.0,1,Berkshire Hathaway (Buffett),0,MIXED/INSUFFICIENT (0),CAUTION,5.0,46,0.2902,BAJA,25.85,⚪ WEAK,🟡 Average,HOLD,55.0,Close to ATH (-7.7% from high) - wait for pullback,-7.7,NEUTRAL,BUY,False,,,,True,3,0.918,False,-7.47,39.32,13.77,uptrend,stage2,ENTRADA,Stage 2: sobre MA200 ascendente sin sobreextensión — suelo confirmado
CNI,0.0,,,,25.4,Canadian National Railway Company,69.3,Industrials,Railroads,85.0,70.0,56.7,60.0,60.0,124.75,75461271552.0,60.0,64.2,False,up,9.7,True,1.0,14.1,True,1.0,,3.0,False,131.55,-5.2,6.0,False,"{'roe_pct': 22.0, 'debt_to_equity': 1.04, 'current_ratio': 0.87, 'operating_margin_pct': 40.3}","{'eps_growth_yoy': 9.7, 'positive_quarters': 4, 'earnings_accelerating': True, 'eps_accel_quarters': 1, 'profit_margin_pct': 26.9}",140.04,153.36,114.77,13.0,buy,12.3,71.7,-42.5,56.71,-54.5,2.89,3.61,2.06,46.3,2.04,True,-3.98,7.8,7.1,59.0,2026-10-30,False,False,7.0,NEUTRAL,7.34,14.5,1.89,,,,,,45.4,0.0,7.6,20.8,2026-09-01 09:24:48,2026-09-01,CONFIRMED_UPTREND,TRADE,True,100,Passes Minervini Template (6/6 criteria),STRONG_ACCUMULATION,75,"Strong institutional buying (1.6x ratio, 61% up volume)",MEGA_FLOAT,603.2,3.0,28.4,60.0,False,up,64.2,2.0,True,1.0,True,1.0,5.0,1.0,29.0,100.0,Top 10%,65.4,5.0,0.0,3.0,5.0,0.0,0.0,0.0,0.0,False,3/3,49.29,5.0,0.0,0.0,3.0,3.0,3.0,-0.02,0.98,1.0,0.0,0.0,-42.5,60.8,ALTA,1.54,2.0,5.0,63.0,0,,0,MIXED/INSUFFICIENT (0),WATCH,3.0,46,0.2544,BAJA,23.43,⚪ WEAK,🟡 Average,HOLD,55.0,Close to ATH (-5.2% from high) - wait for pullback,-5.2,NEUTRAL,BUY,False,,,,False,2,0.959,False,-5.17,39.1,-1.66,sideways,stage2,VIGILAR,Sobre MA200 pero las medias aún no están apiladas (50>150>200) — falta confirmación
CLPBY,0.0,,,,43.7,Coloplast A/S,50.9,Healthcare,Medical Instruments & Supplies,38.0,50.0,42.3,80.0,65.0,7.14,16091284480.0,15.0,21.8,False,up,-206.5,False,0.0,2.2,False,0.0,,,False,10.03,-28.8,1.0,False,"{'roe_pct': 18.5, 'debt_to_equity': 1.78, 'current_ratio': 1.56, 'operating_margin_pct': 26.2}","{'eps_growth_yoy': -206.5, 'positive_quarters': 3, 'earnings_accelerating': False, 'eps_accel_quarters': 0, 'profit_margin_pct': 9.7}",8.32,12.2,6.7,4.0,buy,16.5,,,,,4.5,0.35,5.02,187.0,2.72,False,,3.9,32.7,,,False,False,7.0,NEUTRAL,18.41,105.6,0.21,,,,,,2.3999999999999986,0.0,13.1,15.3,2026-09-01 09:24:48,2026-09-01,CONFIRMED_UPTREND,TRADE,False,0,Price below 150/200 MA - weak trend,ACCUMULATION,60,"Moderate accumulation (1.0x ratio, 48% up volume)",MEGA_FLOAT,1445.7,23.0,28.4,15.0,False,up,21.8,2.0,False,0.0,False,0.0,0.0,21.0,29.0,31.0,Bajo 50%,26.7,0.0,0.0,0.0,-5.0,0.0,0.0,0.0,0.0,False,2/3,48.945,8.0,0.0,3.0,-2.0,0.0,5.0,0.0,0.24,1.0,0.0,0.0,,,,2.06,2.0,5.0,8.0,0,,0,UNRELIABLE/INSUFFICIENT (0),CAUTION,2.0,42,0.4368,BAJA,0.0,⚪ WEAK,🟡 Average,,,,,,,,,,,False,1,1.186,True,-27.95,26.6,-18.14,sideways,stage4,ESPERAR,En caída (bajo MA200 descendente) — espera a que haga suelo
CVX,0.0,,,,1.1,Chevron Corporation,83.1,Energy,Oil & Gas Integrated,100.0,100.0,46.7,85.0,60.0,206.14,404364918784.0,35.0,48.7,False,up,241.1,True,2.0,39.5,True,2.0,0.8,2.0,False,214.71,-4.0,7.0,True,"{'roe_pct': 12.2, 'debt_to_equity': 0.19, 'current_ratio': 1.25, 'operating_margin_pct': 21.9}","{'eps_growth_yoy': 241.1, 'positive_quarters': 4, 'earnings_accelerating': True, 'eps_accel_quarters': 2, 'profit_margin_pct': 9.8}",218.29,241.0,175.0,24.0,buy,5.9,474.19,130.0,318.6,54.6,5.42,11.18,3.53,67.2,3.99,True,-2.75,22.5,321.9,59.0,2026-10-30,False,False,5.0,NEUTRAL,4.78,9.3,0.05,,,,,,44.3,0.0,0.3,24.9,2026-09-01 09:24:48,2026-09-01,CONFIRMED_UPTREND,TRADE,True,100,Passes Minervini Template (6/6 criteria),ACCUMULATION,60,"Moderate accumulation (1.3x ratio, 55% up volume)",MEGA_FLOAT,1868.5,3.0,25.3,35.0,False,up,48.7,2.0,True,2.0,True,2.0,8.0,,29.0,,Sin datos suficientes,48.7,0.0,0.0,5.0,7.0,0.0,0.0,0.0,0.0,False,3/3,48.295,8.0,0.0,6.0,5.0,3.0,5.0,0.1,1.53,0.0,0.0,0.0,54.6,-86.4,,0.74,-3.0,0.0,93.0,1,Berkshire Hathaway (Buffett),0,MIXED/INSUFFICIENT (0),,0.0,25,0.0109,BAJA,33.81,⚪ WEAK,🟡 Average,AVOID,35.0,Near ATH (-4.0% from high) - poor entry point,-4.0,NEUTRAL,BUY,False,,,,True,3,0.904,False,-2.27,44.65,-2.18,uptrend,stage3,VIGILAR,Extendida cerca de máximos — espera un pullback
INTU,0.0,,,,29.0,Intuit Inc.,79.6,Technology,Software - Application,100.0,100.0,26.7,85.0,65.0,359.3,98281840640.0,15.0,17.5,False,up,704.2,True,2.0,123.4,True,2.0,3.8,2.4,False,705.08,-49.0,2.0,False,"{'roe_pct': 23.6, 'debt_to_equity': 0.44, 'current_ratio': 1.51, 'operating_margin_pct': 17.6}","{'eps_growth_yoy': 704.2, 'positive_quarters': 4, 'earnings_accelerating': True, 'eps_accel_quarters': 2, 'profit_margin_pct': 21.3}",423.46,921.0,290.0,32.0,buy,17.9,346.35,-3.6,165.3,-54.0,6.55,23.54,1.54,29.2,0.67,True,-4.16,24.8,-0.6,79.0,2026-11-19,False,False,9.0,STRONG,5.14,97.0,,,,,,,14.6,0.0,8.7,23.9,2026-09-01 09:24:48,2026-09-01,CONFIRMED_UPTREND,TRADE,False,16,Price below 150/200 MA - weak trend,ACCUMULATION,65,"Moderate accumulation (1.4x ratio, 56% up volume)",MEGA_FLOAT,265.7,23.0,32.6,15.0,False,up,17.5,2.0,True,2.0,True,2.0,8.0,17.0,29.0,44.8,Bajo 50%,32.1,0.0,0.0,0.0,-5.0,0.0,0.0,0.0,0.0,False,2/3,48.29,0.0,0.0,6.0,3.0,3.0,0.0,-4.73,-7.23,0.0,4.0,-3.0,-3.6,46.7,ALTA,2.24,2.0,10.0,30.0,0,,0,MIXED/INSUFFICIENT (0),CAUTION,2.0,18,0.2902,BAJA,0.4599999999999991,⚪ WEAK,🟡 Average,,,,,,,,,,,False,1,1.149,False,-48.47,42.74,-26.96,sideways,stage4,ESPERAR,En caída (bajo MA200 descendente) — espera a que haga suelo
WM,0.0,,,,32.9,"Waste Management, Inc.",66.1,Industrials,Waste Management,100.0,70.0,26.7,45.0,65.0,218.92,87505649664.0,15.0,8.0,False,flat,30.2,True,1.0,3.7,True,2.0,1.5,3.2,False,248.13,-11.8,4.0,False,"{'roe_pct': 29.8, 'debt_to_equity': 2.35, 'current_ratio': 0.91, 'operating_margin_pct': 19.0}","{'eps_growth_yoy': 30.2, 'positive_quarters': 4, 'earnings_accelerating': True, 'eps_accel_quarters': 1, 'profit_margin_pct': 11.1}",259.92,277.0,220.0,25.0,buy,18.7,108.01,-50.7,70.7,-67.7,2.68,5.88,1.72,50.1,1.49,True,-1.15,5.0,8.3,55.0,2026-10-26,False,False,8.0,STRONG,3.93,21.3,2.89,,,,,,5.0,0.0,9.9,19.8,2026-09-01 09:24:48,2026-09-01,CONFIRMED_UPTREND,TRADE,False,66,Price below 150/200 MA - weak trend,DISTRIBUTION,35,"Moderate distribution (0.8x ratio, 42% up volume)",MEGA_FLOAT,398.5,30.0,29.7,15.0,False,flat,8.0,0.0,True,1.0,True,2.0,5.0,26.0,29.0,13.8,Bottom 25%,17.6,-3.0,0.0,3.0,0.0,0.0,0.0,0.0,0.0,False,1/3,48.085,5.0,0.0,0.0,3.0,3.0,3.0,0.0,-0.28,0.0,0.0,0.0,-50.7,77.9,ALTA,2.34,2.0,10.0,101.0,0,,0,MIXED/INSUFFICIENT (0),WATCH,3.0,46,0.329,BAJA,15.61,⚪ WEAK,🟡 Average,,,,,,,,,,,False,2,0.764,False,-11.42,14.16,-22.53,sideways,stage1,VIGILAR,Construyendo base (lateral) — espera la reconquista de las medias
SAP,0.0,,,,32.6,SAP SE,67.8,Technology,Software - Application,75.0,60.0,53.9,90.0,60.0,220.89,254952177664.0,35.0,40.8,False,up,8.8,False,0.0,8.8,True,1.0,0.7,2.3,False,281.37,-21.5,4.0,False,"{'roe_pct': 18.3, 'debt_to_equity': 0.22, 'current_ratio': 1.15, 'operating_margin_pct': 27.6}","{'eps_growth_yoy': 8.8, 'positive_quarters': 4, 'earnings_accelerating': False, 'eps_accel_quarters': 0, 'profit_margin_pct': 20.4}",247.25,319.0,177.0,12.0,buy,11.9,387.44,75.4,233.4,5.7,4.14,9.14,1.32,37.5,1.48,True,-1.14,20.7,30.6,50.0,2026-10-21,False,False,8.0,STRONG,0.3,146.7,0.75,,,,,,11.1,0.0,9.8,20.3,2026-09-01 09:24:48,2026-09-01,CONFIRMED_UPTREND,TRADE,False,50,150 MA below 200 MA - not in Stage 2,ACCUMULATION,65,"Moderate accumulation (1.3x ratio, 56% up volume)",MEGA_FLOAT,14500.7,23.0,30.1,35.0,False,up,40.8,2.0,False,0.0,True,1.0,2.0,17.0,29.0,44.8,Bajo 50%,32.1,0.0,0.0,0.0,0.0,0.0,0.0,0.0,0.0,False,2/3,46.95,0.0,0.0,3.0,0.0,3.0,5.0,0.78,1.78,2.0,0.0,0.0,11.9,-28.7,,1.49,2.0,10.0,80.0,0,,0,UNRELIABLE/INSUFFICIENT (0),CAUTION,-11.0,28,0.3262,BAJA,6.779999999999999,⚪ WEAK,🟡 Average,,,,,,,,,,,False,1,0.86,False,-20.13,52.37,1.31,sideways,stage1,VIGILAR,Construyendo base (lateral) — espera la reconquista de las medias
VEEV,0.0,,,,8.5,Veeva Systems Inc.,83.8,Healthcare,Health Information Services,100.0,80.0,75.0,85.0,60.0,285.69,46255738880.0,60.0,65.3,False,up,30.3,True,1.0,11.9,True,2.0,3.9,3.5,False,310.5,-8.0,5.0,False,"{'roe_pct': 14.4, 'debt_to_equity': 0.02, 'current_ratio': 5.46, 'operating_margin_pct': 29.6}","{'eps_growth_yoy': 30.3, 'positive_quarters': 4, 'earnings_accelerating': True, 'eps_accel_quarters': 1, 'profit_margin_pct': 29.3}",294.07,350.0,180.0,27.0,buy,2.9,329.43,15.3,182.7,-36.0,2.72,7.77,,,,True,-0.49,,27.6,85.0,2026-11-25,False,False,7.0,NEUTRAL,2.34,14.1,0.71,,,,,,20.7,0.0,2.5,25.1,2026-09-01 09:24:48,2026-09-01,CONFIRMED_UPTREND,TRADE,False,50,150 MA below 200 MA - not in Stage 2,STRONG_ACCUMULATION,95,"Strong institutional buying (3.1x ratio, 72% up volume)",HIGH_FLOAT,148.3,20.0,27.7,60.0,False,up,65.3,2.0,True,1.0,True,2.0,5.0,,29.0,,Sin datos suficientes,65.3,0.0,0.0,3.0,3.0,0.0,0.0,0.0,0.0,False,2/3,46.94499999999999,8.0,0.0,0.0,0.0,3.0,5.0,15.97,20.45,5.0,0.0,3.0,2.9,13.2,,0.36,-3.0,5.0,123.0,0,,0,MIXED/INSUFFICIENT (0),CAUTION,1.0,46,0.0849,BAJA,21.88,⚪ WEAK,🟡 Average,,,,,,,,,,,False,2,1.441,False,-7.99,92.97,44.1,uptrend,stage1,VIGILAR,Construyendo base (lateral) — espera la reconquista de las medias
V,0.0,,,,50.0,Visa Inc.,72.3,Financial Services,Credit Services,85.0,70.0,63.9,70.0,60.0,379.37,708301750272.0,60.0,59.8,False,up,10.6,False,0.0,8.5,True,2.0,1.3,3.2,False,385.57,-1.6,5.0,False,"{'roe_pct': 61.2, 'debt_to_equity': 0.68, 'current_ratio': 0.98, 'operating_margin_pct': 66.1}","{'eps_growth_yoy': 10.6, 'positive_quarters': 4, 'earnings_accelerating': False, 'eps_accel_quarters': 0, 'profit_margin_pct': 50.8}",417.9,460.0,330.0,37.0,strong_buy,10.2,,,,,2.88,11.97,0.7,22.1,0.7,True,-3.02,35.7,10.2,56.0,2026-10-27,False,False,6.0,NEUTRAL,3.75,381.9,2.48,,,,,,20.0,0.0,,21.7,2026-09-01 09:24:48,2026-09-01,CONFIRMED_UPTREND,TRADE,False,50,150 MA below 200 MA - not in Stage 2,ACCUMULATION,60,"Moderate accumulation (1.2x ratio, 53% up volume)",MEGA_FLOAT,1703.4,23.0,31.0,60.0,False,up,59.8,2.0,False,0.0,True,2.0,2.0,14.0,29.0,55.2,Medio,34.4,0.0,0.0,5.0,3.0,0.0,0.0,0.0,0.0,False,2/3,46.92,0.0,0.0,0.0,0.0,3.0,3.0,-0.08,1.08,0.0,0.0,0.0,,,,1.27,2.0,2.0,35.0,0,,0,MIXED/INSUFFICIENT (0),CAUTION,-8.0,46,,,26.73,⚪ WEAK,🟡 Average,,,,,,,,,,,False,2,0.839,False,-1.61,29.59,5.48,uptrend,stage3,VIGILAR,Extendida cerca de máximos — espera un pullback
MKC,0.0,,,,11.5,"McCormick & Company, Incorporated",55.1,Consumer Defensive,Packaged Foods,55.0,70.0,30.3,60.0,60.0,54.22,14577131520.0,15.0,22.0,False,up,-33.4,False,0.0,12.3,True,1.0,,0.0,False,72.41,-25.1,1.0,False,"{'roe_pct': 24.7, 'debt_to_equity': 0.65, 'current_ratio': 0.78, 'operating_margin_pct': 17.4}","{'eps_growth_yoy': -33.4, 'positive_quarters': 4, 'earnings_accelerating': False, 'eps_accel_quarters': 0, 'profit_margin_pct': 21.9}",60.62,75.0,52.0,13.0,buy,11.8,,,,,4.9,2.81,3.47,30.9,2.11,True,-0.19,5.5,-9.9,30.0,2026-10-01,False,False,6.0,NEUTRAL,5.61,66.6,,,,,,,0.0,0.0,3.4,16.5,2026-09-01 09:24:48,2026-09-01,CONFIRMED_UPTREND,TRADE,False,16,Price below 150/200 MA - weak trend,STRONG_ACCUMULATION,75,"Strong institutional buying (1.8x ratio, 59% up volume)",MEGA_FLOAT,265.5,23.0,20.0,15.0,False,up,22.0,2.0,False,0.0,True,1.0,2.0,20.0,29.0,34.5,Bajo 50%,29.8,0.0,0.0,0.0,-5.0,0.0,0.0,0.0,0.0,False,2/3,46.915000000000006,0.0,0.0,3.0,5.0,3.0,0.0,0.0,0.0,0.0,0.0,0.0,,,,1.48,2.0,2.0,31.0,0,,0,MIXED/INSUFFICIENT (0),,0.0,46,0.115,BAJA,0.0,⚪ WEAK,🟡 Average,,,,,,,,,,,False,1,0.973,False,-23.77,22.07,-34.38,sideways,stage4,ESPERAR,En caída (bajo MA200 descendente) — espera a que haga suelo
NYT,0.0,,,,23.9,The New York Times Company,64.5,Communication Services,Publishing,90.0,60.0,24.0,75.0,65.0,67.27,10849546240.0,15.0,12.3,False,down,14.4,True,1.0,8.8,True,1.0,7.3,5.3,False,87.1,-22.8,3.0,False,"{'roe_pct': 19.7, 'current_ratio': 1.58, 'operating_margin_pct': 17.1}","{'eps_growth_yoy': 14.4, 'positive_quarters': 4, 'earnings_accelerating': True, 'eps_accel_quarters': 1, 'profit_margin_pct': 13.3}",77.67,90.0,63.0,9.0,buy,15.5,66.38,-1.3,33.18,-50.7,4.24,2.87,1.35,32.1,0.93,True,-1.61,857.1,14.0,64.0,2026-11-04,False,False,8.0,STRONG,4.44,52.8,1.54,,,,,,9.5,0.0,7.2,19.3,2026-09-01 09:24:48,2026-09-01,CONFIRMED_UPTREND,TRADE,False,50,Price below 150/200 MA - weak trend,NEUTRAL,40,"No clear pattern (0.9x ratio, 46% up volume)",HIGH_FLOAT,133.7,22.0,26.5,15.0,False,down,12.3,0.0,True,1.0,True,1.0,5.0,,29.0,,Sin datos suficientes,12.3,0.0,0.0,0.0,0.0,0.0,0.0,0.0,0.0,False,1/3,46.895,5.0,0.0,3.0,0.0,3.0,3.0,0.0,-6.92,0.0,1.0,0.0,-1.3,41.5,ALTA,1.94,2.0,10.0,63.0,1,Berkshire Hathaway (Buffett),0,UNRELIABLE/INSUFFICIENT (0),,0.0,46,0.2389,BAJA,6.45,⚪ WEAK,🟡 Average,,,,,,,,,,,False,1,0.659,False,-22.53,25.4,-29.2,downtrend,stage4,ESPERAR,En caída (bajo MA200 descendente) — espera a que haga suelo
PGR,0.0,,,,32.9,The Progressive Corporation,71.3,Financial Services,Insurance - Property & Casualty,100.0,60.0,50.3,75.0,50.0,218.08,126726299648.0,35.0,28.6,False,up,26.6,True,1.0,4.9,True,1.0,1.0,2.1,False,249.83,-12.7,5.0,False,"{'roe_pct': 34.9, 'debt_to_equity': 0.24, 'current_ratio': 0.29, 'operating_margin_pct': 18.2}","{'eps_growth_yoy': 26.6, 'positive_quarters': 4, 'earnings_accelerating': True, 'eps_accel_quarters': 1, 'profit_margin_pct': 12.8}",232.0,309.0,198.0,21.0,hold,6.4,416.65,91.1,198.9,-8.8,11.93,26.01,0.18,69.7,1.97,True,-0.94,50.8,2.0,43.0,2026-10-14,False,False,6.0,NEUTRAL,10.9,,2.68,,,,,,21.3,0.0,9.9,21.4,2026-09-01 09:24:48,2026-09-01,CONFIRMED_UPTREND,TRADE,False,50,150 MA below 200 MA - not in Stage 2,STRONG_ACCUMULATION,75,"Strong institutional buying (1.6x ratio, 57% up volume)",MEGA_FLOAT,579.1,23.0,31.3,35.0,False,up,28.6,2.0,True,1.0,True,1.0,5.0,16.0,29.0,48.3,Bajo 50%,32.2,0.0,0.0,3.0,3.0,0.0,0.0,0.0,0.0,False,2/3,46.165,0.0,0.0,8.0,0.0,3.0,1.0,0.52,0.77,1.0,0.0,0.0,6.4,-34.8,,0.8,-3.0,2.0,,0,,0,UNRELIABLE/INSUFFICIENT (0),BEST,5.0,46,0.329,BAJA,20.63,⚪ WEAK,🟡 Average,,,,,,,,,,,False,2,0.909,False,-8.9,16.14,-11.06,uptrend,stage2,VIGILAR,Sobre MA200 pero las medias aún no están apiladas (50>150>200) — falta confirmación
ASAZY,0.0,,,,50.0,ASSA ABLOY AB (publ),62.6,Industrials,Security & Protection Services,90.0,60.0,26.7,65.0,55.0,18.58,41276448768.0,15.0,19.1,False,flat,15.9,True,1.0,3.3,True,1.0,,,False,21.98,-15.5,3.0,False,"{'roe_pct': 15.6, 'debt_to_equity': 0.64, 'current_ratio': 1.01}","{'eps_growth_yoy': 15.9, 'positive_quarters': 4, 'earnings_accelerating': True, 'eps_accel_quarters': 1, 'profit_margin_pct': 10.8}",21.74,21.74,21.74,1.0,none,17.0,,,,,4.65,0.91,1.78,41.9,1.7,False,,,8.0,56.0,2026-10-27,False,False,8.0,STRONG,,118.2,1.3,,,,,,6.800000000000001,0.0,,18.8,2026-09-01 09:24:48,2026-09-01,CONFIRMED_UPTREND,TRADE,False,33,Price below 150/200 MA - weak trend,NEUTRAL,40,"No clear pattern (0.9x ratio, 47% up volume)",MEGA_FLOAT,2035.8,25.0,26.8,15.0,False,flat,19.1,0.0,True,1.0,True,1.0,5.0,,29.0,,Sin datos suficientes,19.1,0.0,0.0,0.0,0.0,0.0,0.0,0.0,0.0,False,1/3,45.03999999999999,5.0,0.0,3.0,3.0,0.0,3.0,0.0,0.0,0.0,0.0,0.0,,,,2.12,2.0,10.0,,0,,0,MIXED/INSUFFICIENT (0),CAUTION,-8.0,46,,,6.26,⚪ WEAK,🟡 Average,,,,,,,,,,,False,1,0.788,True,-14.71,12.19,-23.74,sideways,stage1,VIGILAR,Construyendo base (lateral) — espera la reconquista de las medias
CSU.TO,0.0,,,,50.9,Constellation Software Inc.,68.2,Technology,Software - Application,100.0,60.0,42.3,55.0,65.0,3138.72,66514280448.0,15.0,20.9,False,up,555.4,True,1.0,11.9,False,0.0,,5.3,False,4634.98,-32.3,4.0,False,"{'roe_pct': 23.3, 'debt_to_equity': 1.2, 'current_ratio': 0.9, 'operating_margin_pct': 15.1}","{'eps_growth_yoy': 555.4, 'positive_quarters': 4, 'earnings_accelerating': True, 'eps_accel_quarters': 1, 'profit_margin_pct': 7.6}",3941.86,5479.85,3289.99,12.0,buy,25.6,7757.14,147.1,1888.5,-39.8,5.83,182.92,0.18,8.8,0.19,False,,5.5,389.3,66.0,2026-11-06,False,False,6.0,NEUTRAL,1.7,191.5,0.04,,,,,,19.700000000000003,0.0,15.3,20.5,2026-09-01 09:24:48,2026-09-01,CONFIRMED_UPTREND,TRADE,False,33,150 MA below 200 MA - not in Stage 2,ACCUMULATION,60,"Moderate accumulation (1.1x ratio, 51% up volume)",LOW_FLOAT,20.3,20.0,35.7,15.0,False,up,20.9,2.0,True,1.0,False,0.0,2.0,17.0,29.0,44.8,Bajo 50%,32.1,0.0,0.0,0.0,0.0,0.0,0.0,0.0,0.0,False,2/3,45.025000000000006,0.0,0.0,6.0,0.0,0.0,5.0,0.1,0.05,1.0,1.0,0.0,25.6,-28.0,,3.2,0.0,2.0,70.0,0,,0,UNRELIABLE/INSUFFICIENT (0),BEST,5.0,32,0.5088,MEDIA,6.82,⚪ WEAK,🟡 Average,,,,,,,,,,,False,2,0.75,False,-32.16,43.09,9.08,uptrend,stage1,VIGILAR,Construyendo base (lateral) — espera la reconquista de las medias
TYL,0.0,,,,27.2,"Tyler Technologies, Inc.",62.2,Technology,Software - Application,80.0,50.0,42.3,75.0,60.0,372.22,15243254784.0,15.0,22.5,False,up,10.8,False,0.0,8.3,False,0.0,10.6,4.5,True,566.58,-34.3,3.0,False,"{'roe_pct': 9.7, 'debt_to_equity': 0.48, 'current_ratio': 1.55, 'operating_margin_pct': 14.7}","{'eps_growth_yoy': 10.8, 'positive_quarters': 4, 'earnings_accelerating': False, 'eps_accel_quarters': 0, 'profit_margin_pct': 13.4}",426.64,525.0,335.0,22.0,buy,14.6,356.81,-4.1,115.94,-68.9,3.9,14.52,,,,True,-6.09,65.3,15.5,57.0,2026-10-28,False,False,8.0,STRONG,2.51,139.0,1.56,,,,,,3.8000000000000007,0.0,8.2,18.7,2026-09-01 09:24:48,2026-09-01,CONFIRMED_UPTREND,TRADE,False,33,150 MA below 200 MA - not in Stage 2,STRONG_ACCUMULATION,80,"Strong institutional buying (1.9x ratio, 63% up volume)",MEDIUM_FLOAT,38.0,20.0,26.8,15.0,False,up,22.5,2.0,False,0.0,False,0.0,0.0,17.0,29.0,44.8,Bajo 50%,32.1,0.0,0.0,0.0,0.0,0.0,0.0,0.0,5.0,False,2/3,44.24,0.0,0.0,3.0,0.0,3.0,5.0,0.0,0.0,0.0,0.0,0.0,-4.1,51.1,ALTA,1.82,2.0,10.0,76.0,0,,0,MIXED/INSUFFICIENT (0),WATCH,9.0,18,0.2723,BAJA,6.22,⚪ WEAK,🔴 Weak,,,,,,,,,,,False,1,1.024,False,-34.3,37.5,-8.38,sideways,stage1,VIGILAR,Construyendo base (lateral) — espera la reconquista de las medias
KR,0.0,,,,29.2,The Kroger Co.,64.2,Consumer Defensive,Grocery Stores,78.0,100.0,24.0,30.0,65.0,57.54,35251724288.0,15.0,6.8,False,flat,48.3,False,0.0,35.9,True,2.0,4.5,4.3,False,76.58,-24.9,3.0,False,"{'roe_pct': 13.8, 'debt_to_equity': 3.73, 'current_ratio': 0.79, 'operating_margin_pct': 3.2}","{'eps_growth_yoy': 48.3, 'positive_quarters': 3, 'earnings_accelerating': False, 'eps_accel_quarters': 0, 'profit_margin_pct': 0.7}",70.45,86.0,58.0,22.0,buy,22.4,109.66,90.6,22.44,-61.0,8.49,4.89,2.49,80.1,2.02,True,-7.75,3.0,9.2,10.0,2026-09-11,False,True,7.0,NEUTRAL,2.74,5.9,0.78,,,,,,7.0,0.0,8.8,19.3,2026-09-01 09:24:48,2026-09-01,CONFIRMED_UPTREND,TRADE,False,33,Price below 150/200 MA - weak trend,ACCUMULATION,60,"Moderate accumulation (1.1x ratio, 48% up volume)",MEGA_FLOAT,793.6,23.0,28.0,15.0,False,flat,6.8,0.0,False,0.0,True,2.0,2.0,,29.0,,Sin datos suficientes,6.8,0.0,0.0,0.0,0.0,0.0,0.0,0.0,0.0,False,2/3,44.14,0.0,0.0,8.0,0.0,3.0,3.0,-0.06,-0.26,0.0,0.0,0.0,22.4,7.6,,2.8,2.0,5.0,125.0,1,Berkshire Hathaway (Buffett),0,MIXED/INSUFFICIENT (0),,0.0,46,0.2921,BAJA,6.42,⚪ WEAK,🔴 Weak,,,,,,,,,,,False,2,0.811,False,-23.95,6.99,-29.0,sideways,stage1,VIGILAR,Construyendo base (lateral) — espera la reconquista de las medias
CDNS,0.0,,,,32.4,"Cadence Design Systems, Inc.",76.3,Technology,Software - Application,100.0,70.0,44.0,90.0,65.0,338.78,93297639424.0,35.0,28.6,False,down,27.8,True,1.0,18.3,True,1.0,1.6,1.9,False,416.69,-18.7,4.0,False,"{'roe_pct': 23.2, 'debt_to_equity': 0.39, 'current_ratio': 1.74, 'operating_margin_pct': 28.6}","{'eps_growth_yoy': 27.8, 'positive_quarters': 4, 'earnings_accelerating': True, 'eps_accel_quarters': 1, 'profit_margin_pct': 23.6}",403.12,470.0,300.0,27.0,strong_buy,19.0,247.88,-26.8,150.3,-55.6,1.73,5.85,,,,True,-1.09,15.6,125.4,55.0,2026-10-26,False,False,7.0,NEUTRAL,1.74,44.0,0.28,,,,,,7.600000000000001,0.0,9.7,22.9,2026-09-01 09:24:48,2026-09-01,CONFIRMED_UPTREND,TRADE,False,66,200 MA declining - structural weakness,DISTRIBUTION,35,"Moderate distribution (0.9x ratio, 45% up volume)",MEGA_FLOAT,274.2,30.0,32.6,35.0,False,down,28.6,0.0,True,1.0,True,1.0,5.0,17.0,29.0,44.8,Bajo 50%,32.1,0.0,0.0,0.0,0.0,0.0,0.0,0.0,0.0,False,1/3,44.13999999999999,0.0,0.0,0.0,0.0,3.0,5.0,-0.2,-0.14,0.0,0.0,0.0,-26.8,60.2,ALTA,2.38,2.0,5.0,115.0,0,,0,UNRELIABLE/INSUFFICIENT (0),WATCH,0.0,46,0.3242,BAJA,7.63,⚪ WEAK,🔴 Weak,,,,,,,,,,,False,2,0.754,False,-18.7,28.94,-1.67,sideways,stage1,VIGILAR,Construyendo base (lateral) — espera la reconquista de las medias
DSGX,0.0,,,,32.4,The Descartes Systems Group Inc.,70.4,Technology,Software - Application,100.0,50.0,39.6,90.0,65.0,80.64,6910108160.0,15.0,20.3,False,up,27.5,True,1.0,7.7,False,0.0,,5.7,False,109.0,-26.0,2.0,False,"{'roe_pct': 11.4, 'debt_to_equity': 0.0, 'current_ratio': 2.05, 'operating_margin_pct': 32.9}","{'eps_growth_yoy': 27.5, 'positive_quarters': 4, 'earnings_accelerating': True, 'eps_accel_quarters': 1, 'profit_margin_pct': 23.3}",100.23,126.0,82.0,13.0,buy,24.3,132.77,64.6,60.3,-25.2,3.88,3.13,,,,True,-0.3,243.4,34.1,9.0,2026-09-10,False,True,6.0,NEUTRAL,3.33,77.7,0.74,,,,,,9.8,0.0,9.7,21.1,2026-09-01 09:24:48,2026-09-01,CONFIRMED_UPTREND,TRADE,False,16,150 MA below 200 MA - not in Stage 2,ACCUMULATION,60,"Moderate accumulation (1.1x ratio, 50% up volume)",HIGH_FLOAT,85.5,20.0,30.8,15.0,False,up,20.3,2.0,True,1.0,False,0.0,2.0,17.0,29.0,44.8,Bajo 50%,32.1,0.0,0.0,0.0,-5.0,0.0,0.0,0.0,0.0,False,2/3,44.08,0.0,0.0,3.0,0.0,3.0,5.0,0.0,0.45,0.0,0.0,0.0,24.3,4.6,,3.04,0.0,2.0,83.0,0,,0,UNRELIABLE/INSUFFICIENT (0),,0.0,32,0.3242,BAJA,0.0,⚪ WEAK,🔴 Weak,,,,,,,,,,,False,2,0.841,False,-26.02,28.9,6.4,sideways,stage1,VIGILAR,Construyendo base (lateral) — espera la reconquista de las medias
CHTR,0.0,,,,19.2,"Charter Communications, Inc.",51.3,Communication Services,Telecom Services,85.0,30.0,26.7,50.0,55.0,152.44,20545480704.0,15.0,12.4,False,up,13.6,True,1.0,-1.1,False,0.0,51.6,8.1,True,285.82,-46.7,2.0,False,"{'roe_pct': 27.2, 'debt_to_equity': 4.42, 'current_ratio': 0.36, 'operating_margin_pct': 23.5}","{'eps_growth_yoy': 13.6, 'positive_quarters': 4, 'earnings_accelerating': True, 'eps_accel_quarters': 1, 'profit_margin_pct': 9.1}",184.41,380.0,101.0,17.0,hold,21.0,,,,,10.7,18.43,,,,True,-23.15,2.5,6.4,59.0,2026-10-30,False,False,7.0,NEUTRAL,10.47,26.9,0.21,,,,,,0.1000000000000014,0.0,5.8,15.4,2026-09-01 09:24:48,2026-09-01,CONFIRMED_UPTREND,TRADE,False,16,Price below 150/200 MA - weak trend,ACCUMULATION,60,"Moderate accumulation (1.2x ratio, 48% up volume)",HIGH_FLOAT,115.2,20.0,21.1,15.0,False,up,12.4,2.0,True,1.0,False,0.0,2.0,,29.0,,Sin datos suficientes,12.4,0.0,0.0,0.0,-5.0,0.0,0.0,0.0,0.0,False,2/3,43.48,5.0,0.0,8.0,0.0,3.0,3.0,0.0,0.0,0.0,0.0,0.0,,,,2.62,2.0,5.0,42.0,0,,0,MIXED/INSUFFICIENT (0),,0.0,14,0.1925,BAJA,0.0,⚪ WEAK,🔴 Weak,,,,,,,,,,,False,1,1.057,False,-46.67,36.66,-47.86,sideways,stage4,ESPERAR,En caída (bajo MA200 descendente) — espera a que haga suelo
NUE,0.0,,,,36.7,Nucor Corporation,75.8,Basic Materials,Steel,85.0,70.0,74.0,80.0,60.0,249.64,56637243392.0,80.0,79.1,False,flat,23.2,True,1.0,12.3,True,1.0,2.1,2.6,False,280.11,-10.9,8.0,True,"{'roe_pct': 14.5, 'debt_to_equity': 0.31, 'current_ratio': 2.51, 'operating_margin_pct': 15.7}","{'eps_growth_yoy': 23.2, 'positive_quarters': 4, 'earnings_accelerating': True, 'eps_accel_quarters': 1, 'profit_margin_pct': 8.0}",282.81,305.0,231.0,16.0,buy,13.3,127.74,-48.8,374.4,50.0,1.21,3.01,0.89,17.8,1.41,True,-0.93,23.8,93.8,55.0,2026-10-26,False,False,6.0,NEUTRAL,4.4,11.9,0.14,,,,,,51.8,0.0,11.0,22.7,2026-09-01 09:24:48,2026-09-01,CONFIRMED_UPTREND,TRADE,True,100,Passes Minervini Template (6/6 criteria),ACCUMULATION,60,"Moderate accumulation (1.3x ratio, 53% up volume)",MEGA_FLOAT,223.4,3.0,33.8,80.0,False,flat,79.1,3.0,True,1.0,True,1.0,5.0,,29.0,,Sin datos suficientes,79.1,0.0,0.0,3.0,10.0,0.0,0.0,0.0,0.0,False,3/3,42.755,0.0,0.0,0.0,0.0,3.0,5.0,0.0,0.89,0.0,0.0,0.0,13.3,12.7,,1.66,2.0,2.0,100.0,1,Berkshire Hathaway (Buffett),0,MIXED/INSUFFICIENT (0),,0.0,46,0.367,BAJA,31.58,⚪ WEAK,🔴 Weak,HOLD,55.0,Close to ATH (-10.9% from high) - wait for pullback,-10.9,NEUTRAL,BUY,False,,,,True,3,1.265,False,-10.88,91.87,25.72,uptrend,stage2,ENTRADA,Stage 2: sobre MA200 ascendente sin sobreextensión — suelo confirmado
JKHY,89.38888888888889,Excellent,Stage 2 Strong,16.110778817881748,23.6,"Jack Henry & Associates, Inc.",62.6,Technology,Information Technology Services,60.0,60.0,50.3,90.0,60.0,167.91,11772608512.0,35.0,46.4,False,up,-3.7,True,1.0,3.4,True,1.0,7.0,4.7,False,193.39,-13.2,5.0,False,"{'roe_pct': 24.0, 'debt_to_equity': 0.04, 'current_ratio': 1.17, 'operating_margin_pct': 22.5}","{'eps_growth_yoy': -3.7, 'positive_quarters': 4, 'earnings_accelerating': True, 'eps_accel_quarters': 1, 'profit_margin_pct': 19.8}",191.53,215.0,170.0,15.0,buy,14.1,73.92,-56.0,69.9,-58.4,2.99,5.02,1.45,34.1,1.22,True,-2.42,123.3,-10.4,63.0,2026-11-03,False,False,9.0,STRONG,5.04,162.7,,,,,,,54.6,35.8,7.1,18.8,2026-09-01 09:24:48,2026-09-01,CONFIRMED_UPTREND,TRADE,False,66,150 MA below 200 MA - not in Stage 2,STRONG_ACCUMULATION,85,"Strong institutional buying (2.2x ratio, 62% up volume)",HIGH_FLOAT,69.6,20.0,61.6,35.0,False,up,46.4,2.0,True,1.0,True,1.0,5.0,19.0,29.0,37.9,Bajo 50%,30.0,0.0,0.0,3.0,3.0,0.0,0.0,0.0,0.0,False,2/3,42.72,0.0,0.0,0.0,0.0,3.0,-3.0,0.52,3.13,3.0,0.0,0.0,-56.0,71.3,ALTA,1.76,2.0,10.0,16.0,0,,0,MIXED/INSUFFICIENT (0),WATCH,3.0,46,0.2359,BAJA,64.45444444444445,⚪ WEAK,🔴 Weak,HOLD,55.0,Close to ATH (-13.2% from high) - wait for pullback,-13.2,NEUTRAL,BUY,False,,,,False,1,1.193,False,-12.47,38.72,-10.25,sideways,stage2,VIGILAR,Sobre MA200 pero las medias aún no están apiladas (50>150>200) — falta confirmación
RACE,0.0,,,,55.3,Ferrari N.V.,77.8,Consumer Cyclical,Auto Manufacturers,100.0,70.0,53.9,90.0,60.0,422.6,74278215680.0,35.0,34.7,False,up,21.2,True,2.0,9.7,True,2.0,2.7,6.8,False,504.49,-16.2,6.0,False,"{'roe_pct': 45.4, 'debt_to_equity': 0.86, 'current_ratio': 2.43, 'operating_margin_pct': 31.1}","{'eps_growth_yoy': 21.2, 'positive_quarters': 4, 'earnings_accelerating': True, 'eps_accel_quarters': 2, 'profit_margin_pct': 22.2}",462.11,533.58,400.46,14.0,strong_buy,9.3,130.9,-69.0,109.69,-74.0,1.56,6.61,1.0,39.0,0.68,True,-1.07,63.9,10.1,63.0,2026-11-03,False,False,9.0,STRONG,2.77,46.9,3.3,,,,,,34.9,0.0,16.6,23.3,2026-09-01 09:24:48,2026-09-01,CONFIRMED_UPTREND,TRADE,False,66,150 MA below 200 MA - not in Stage 2,STRONG_ACCUMULATION,75,"Strong institutional buying (1.9x ratio, 61% up volume)",HIGH_FLOAT,173.5,20.0,39.9,35.0,False,up,34.7,2.0,True,2.0,True,2.0,8.0,,29.0,,Sin datos suficientes,34.7,0.0,0.0,0.0,5.0,0.0,0.0,0.0,0.0,False,2/3,42.385000000000005,0.0,0.0,0.0,0.0,3.0,3.0,-0.51,2.16,2.0,0.0,0.0,-69.0,80.8,ALTA,1.16,0.0,10.0,106.0,0,,0,UNRELIABLE/INSUFFICIENT (0),WATCH,0.0,46,0.5533,ALTA,15.28,⚪ WEAK,🔴 Weak,,,,,,,,,,,False,2,0.88,False,-15.27,36.79,4.5,uptrend,stage2,VIGILAR,Sobre MA200 pero las medias aún no están apiladas (50>150>200) — falta confirmación
WST,0.0,,,,32.9,"West Pharmaceutical Services, Inc.",76.0,Healthcare,Medical Instruments & Supplies,100.0,50.0,68.7,95.0,55.0,341.11,24005873664.0,60.0,70.4,False,flat,10.0,True,2.0,8.4,False,0.0,3.5,2.8,False,386.0,-11.6,7.0,True,"{'roe_pct': 19.1, 'debt_to_equity': 0.11, 'current_ratio': 2.82, 'operating_margin_pct': 22.5}","{'eps_growth_yoy': 10.0, 'positive_quarters': 4, 'earnings_accelerating': True, 'eps_accel_quarters': 2, 'profit_margin_pct': 17.0}",404.73,459.0,340.0,15.0,none,18.7,107.46,-68.5,142.63,-58.2,1.16,3.95,0.26,11.1,0.25,True,-1.9,155.1,9.0,51.0,2026-10-22,False,False,7.0,NEUTRAL,2.52,19.0,1.89,,,,,,47.7,0.0,9.9,22.8,2026-09-01 09:24:48,2026-09-01,CONFIRMED_UPTREND,TRADE,True,100,Passes Minervini Template (6/6 criteria),STRONG_ACCUMULATION,75,"Strong institutional buying (1.6x ratio, 58% up volume)",HIGH_FLOAT,69.9,0.0,32.7,60.0,False,flat,70.4,0.0,True,2.0,False,0.0,5.0,21.0,29.0,31.0,Bajo 50%,26.7,0.0,0.0,3.0,7.0,0.0,0.0,0.0,0.0,False,3/3,42.045,8.0,0.0,0.0,0.0,3.0,3.0,0.0,0.0,0.0,0.0,0.0,-58.2,82.0,ALTA,2.34,2.0,5.0,121.0,0,,0,MIXED/INSUFFICIENT (0),WATCH,0.0,46,0.329,BAJA,27.1,⚪ WEAK,🔴 Weak,HOLD,50.0,Close to ATH (-11.6% from high) - wait for pullback | Elevated P/E (43.3) - watch valuation | Strong upside (+18.7%) - analyst support,-11.6,NEUTRAL,NONE,True,,,,False,2,0.883,False,-11.57,52.61,22.61,sideways,stage2,VIGILAR,Sobre MA200 pero las medias aún no están apiladas (50>150>200) — falta confirmación
SBGSY,0.0,,,,43.7,Schneider Electric S.E.,56.6,Industrials,Specialty Industrial Machinery,55.0,50.0,56.7,75.0,50.0,68.38,192176521216.0,60.0,72.3,False,flat,,,0.0,,,0.0,,,False,71.98,-5.0,8.0,True,"{'roe_pct': 18.6, 'debt_to_equity': 0.84, 'current_ratio': 1.09, 'operating_margin_pct': 18.2}",{'profit_margin_pct': 11.3},77.8,79.0,76.0,3.0,none,13.8,91.74,34.2,56.84,-16.9,3.24,2.22,1.41,49.7,1.79,,,,14.6,177.0,2027-02-25,False,False,6.0,NEUTRAL,3.22,74.6,0.81,,,,,,38.1,0.0,13.1,17.0,2026-09-01 09:24:48,2026-09-01,CONFIRMED_UPTREND,TRADE,True,100,Passes Minervini Template (6/6 criteria),DISTRIBUTION,35,"Moderate distribution (0.8x ratio, 44% up volume)",MEGA_FLOAT,2752.5,10.0,30.1,60.0,False,flat,72.3,0.0,,0.0,,0.0,0.0,5.0,29.0,86.2,Top 25%,47.7,3.0,0.0,5.0,10.0,0.0,0.0,0.0,0.0,False,2/3,41.825,5.0,0.0,3.0,0.0,0.0,3.0,0.0,1.26,0.0,0.0,0.0,13.8,5.1,,1.72,2.0,2.0,89.0,0,,0,MIXED/INSUFFICIENT (0),,0.0,46,0.4368,BAJA,35.66,⚪ WEAK,🔴 Weak,,,,,,,,,,,True,3,0.736,False,-5.0,41.86,-2.62,uptrend,stage2,ENTRADA,Stage 2: sobre MA200 ascendente sin sobreextensión — suelo confirmado
CBOE,66.8,Good,Stage 2 Strong,27.11734820988981,50.0,"Cboe Global Markets, Inc.",76.8,Financial Services,Financial Data & Stock Exchanges,85.0,90.0,44.0,100.0,50.0,300.2,31350192128.0,35.0,43.0,False,up,17.4,False,0.0,26.4,True,2.0,3.0,2.9,False,371.18,-19.1,6.0,False,"{'roe_pct': 26.3, 'debt_to_equity': 0.28, 'current_ratio': 1.56, 'operating_margin_pct': 34.6}","{'eps_growth_yoy': 17.4, 'positive_quarters': 4, 'earnings_accelerating': False, 'eps_accel_quarters': 0, 'profit_margin_pct': 26.7}",315.14,356.0,258.0,14.0,hold,5.0,275.43,-8.3,384.6,28.1,2.16,6.49,1.11,22.4,1.29,True,-0.24,36.6,20.1,59.0,2026-10-30,False,False,8.0,STRONG,5.29,70.3,0.39,,,,,,83.1,26.7,,23.0,2026-09-01 09:24:48,2026-09-01,CONFIRMED_UPTREND,TRADE,True,83,Passes Minervini Template (5/6 criteria),ACCUMULATION,65,"Moderate accumulation (1.4x ratio, 56% up volume)",HIGH_FLOAT,104.0,0.0,71.1,35.0,False,up,43.0,2.0,False,0.0,True,2.0,2.0,6.0,29.0,82.8,Top 25%,44.7,3.0,0.0,0.0,5.0,0.0,0.0,0.0,0.0,False,3/3,40.72,0.0,0.0,0.0,0.0,3.0,5.0,0.0,0.36,0.0,1.0,0.0,5.0,-4.9,,0.62,-3.0,10.0,33.0,0,,0,MIXED/INSUFFICIENT (0),CAUTION,-8.0,46,,,48.58,⚪ WEAK,🔴 Weak,BUY,85.0,Good pullback (-19.1% from high) - valid VCP setup,-19.1,NEUTRAL,HOLD,False,,,,False,2,0.964,False,-18.95,32.16,-12.22,sideways,stage2,VIGILAR,Sobre MA200 pero las medias aún no están apiladas (50>150>200) — falta confirmación
JNJ,0.0,,,,9.0,Johnson & Johnson,74.3,Healthcare,Drug Manufacturers - General,95.0,60.0,60.3,85.0,60.0,265.85,640671547392.0,60.0,72.3,False,up,7.4,True,2.0,5.5,True,1.0,1.0,2.8,False,276.47,-3.8,8.0,True,"{'roe_pct': 25.7, 'debt_to_equity': 0.58, 'current_ratio': 1.09, 'operating_margin_pct': 29.2}","{'eps_growth_yoy': 7.4, 'positive_quarters': 4, 'earnings_accelerating': True, 'eps_accel_quarters': 2, 'profit_margin_pct': 21.5}",272.5,305.0,190.0,22.0,buy,2.5,103.1,-61.2,85.6,-67.8,2.64,7.01,2.0,60.8,2.77,True,-1.26,25.9,-0.9,42.0,2026-10-13,False,False,4.0,NEUTRAL,5.02,136.0,,,,,,,47.0,0.0,2.7,22.3,2026-09-01 09:24:48,2026-09-01,CONFIRMED_UPTREND,TRADE,True,100,Passes Minervini Template (6/6 criteria),STRONG_ACCUMULATION,85,"Strong institutional buying (2.1x ratio, 64% up volume)",MEGA_FLOAT,2406.0,3.0,25.0,60.0,False,up,72.3,2.0,True,2.0,True,1.0,8.0,,29.0,,Sin datos suficientes,72.3,0.0,0.0,5.0,10.0,0.0,0.0,0.0,0.0,False,3/3,40.17,8.0,0.0,0.0,3.0,3.0,0.0,0.0,0.54,0.0,0.0,0.0,-61.2,67.0,ALTA,0.31,-3.0,0.0,20.0,0,,0,MIXED/INSUFFICIENT (0),,0.0,46,0.09,BAJA,37.43,⚪ WEAK,🔴 Weak,AVOID,35.0,Near ATH (-3.8% from high) - poor entry point,-3.8,NEUTRAL,BUY,False,,,,True,3,0.928,False,-3.37,56.83,-5.24,uptrend,stage3,VIGILAR,Extendida cerca de máximos — espera un pullback
BRK-B,0.0,,,,19.2,Berkshire Hathaway Inc.,74.7,Financial Services,Insurance - Diversified,100.0,70.0,38.7,90.0,60.0,504.03,1078981951488.0,15.0,20.9,False,flat,107.5,True,1.0,19.2,True,1.0,1.0,2.3,False,537.74,-6.3,5.0,False,"{'roe_pct': 12.1, 'debt_to_equity': 0.17, 'current_ratio': 2.89, 'operating_margin_pct': 32.6}","{'eps_growth_yoy': 107.5, 'positive_quarters': 4, 'earnings_accelerating': True, 'eps_accel_quarters': 1, 'profit_margin_pct': 22.3}",547.67,604.0,510.0,3.0,buy,8.7,,,,,6.67,51.12,,,,True,-0.41,18.5,75.5,67.0,2026-11-07,False,False,4.0,NEUTRAL,,,0.21,,,,,,17.2,0.0,5.8,22.4,2026-09-01 09:24:48,2026-09-01,CONFIRMED_UPTREND,TRADE,False,50,150 MA below 200 MA - not in Stage 2,NEUTRAL,40,"No clear pattern (0.9x ratio, 46% up volume)",MICRO_FLOAT,1.2,22.0,28.2,15.0,False,flat,20.9,0.0,True,1.0,True,1.0,5.0,,29.0,,Sin datos suficientes,20.9,0.0,0.0,3.0,3.0,0.0,0.0,0.0,0.0,False,1/3,40.13999999999999,0.0,0.0,6.0,0.0,3.0,5.0,0.0,4.25,1.0,0.0,0.0,,,,1.09,0.0,0.0,,0,,0,UNRELIABLE/INSUFFICIENT (0),,0.0,46,0.1925,BAJA,20.97,⚪ WEAK,🔴 Weak,,,,,,,,,,,False,2,0.766,False,-6.27,8.62,-8.38,uptrend,stage2,VIGILAR,Sobre MA200 pero las medias aún no están apiladas (50>150>200) — falta confirmación
FCNCA,0.0,,,,24.3,"First Citizens BancShares, Inc.",60.8,Financial Services,Banks - Regional,95.0,30.0,50.3,65.0,50.0,2164.4,24442828800.0,35.0,45.9,False,flat,18.3,True,1.0,-0.2,False,0.0,4.8,5.9,False,2296.3,-5.7,7.0,True,"{'roe_pct': 10.7, 'operating_margin_pct': 39.0}","{'eps_growth_yoy': 18.3, 'positive_quarters': 4, 'earnings_accelerating': True, 'eps_accel_quarters': 1, 'profit_margin_pct': 25.2}",2342.67,2525.0,2100.0,12.0,hold,8.2,,,,,5.57,132.29,0.38,4.4,0.31,True,-13.5,,12.4,51.0,2026-10-22,False,False,5.0,NEUTRAL,,,0.35,,,,,,37.5,0.0,7.3,18.2,2026-09-01 09:24:48,2026-09-01,CONFIRMED_UPTREND,TRADE,True,100,Passes Minervini Template (6/6 criteria),ACCUMULATION,60,"Moderate accumulation (1.3x ratio, 53% up volume)",MICRO_FLOAT,8.1,0.0,25.5,35.0,False,flat,45.9,0.0,True,1.0,False,0.0,2.0,13.0,29.0,58.6,Medio,35.0,0.0,0.0,3.0,7.0,0.0,0.0,0.0,0.0,False,3/3,39.535,0.0,0.0,6.0,0.0,3.0,3.0,0.0,0.18,0.0,0.0,0.0,,,,1.02,0.0,0.0,,1,Appaloosa (Tepper),0,UNRELIABLE/INSUFFICIENT (0),,0.0,36,0.2434,BAJA,25.58,⚪ WEAK,🔴 Weak,,,,,,,,,,,True,3,0.887,False,-5.74,33.72,-2.23,uptrend,stage2,ENTRADA,Stage 2: sobre MA200 ascendente sin sobreextensión — suelo confirmado
ROP,0.0,,,,8.2,"Roper Technologies, Inc.",68.8,Technology,Software - Application,100.0,50.0,56.6,60.0,60.0,424.64,41997266944.0,35.0,33.4,False,up,193.2,True,2.0,4.5,False,0.0,6.0,6.0,False,530.0,-19.9,4.0,False,"{'roe_pct': 13.1, 'debt_to_equity': 0.61, 'current_ratio': 0.55, 'operating_margin_pct': 27.7}","{'eps_growth_yoy': 193.2, 'positive_quarters': 4, 'earnings_accelerating': True, 'eps_accel_quarters': 2, 'profit_margin_pct': 30.2}",445.2,550.0,335.0,15.0,buy,4.8,971.52,128.8,717.3,68.9,5.39,22.91,0.85,14.5,0.6,True,-6.49,8.6,163.1,51.0,2026-10-22,False,False,6.0,NEUTRAL,4.27,1441.1,0.08,,,,,,10.1,0.0,2.5,20.6,2026-09-01 09:24:48,2026-09-01,CONFIRMED_UPTREND,TRADE,False,50,150 MA below 200 MA - not in Stage 2,STRONG_ACCUMULATION,85,"Strong institutional buying (2.1x ratio, 63% up volume)",HIGH_FLOAT,98.4,20.0,23.1,35.0,False,up,33.4,2.0,True,2.0,False,0.0,5.0,17.0,29.0,44.8,Bajo 50%,32.1,0.0,0.0,0.0,0.0,0.0,0.0,0.0,0.0,False,2/3,39.42999999999999,0.0,0.0,6.0,0.0,3.0,5.0,0.0,1.12,1.0,0.0,0.0,68.9,-94.1,,0.6,-3.0,2.0,15.0,0,,0,MIXED/INSUFFICIENT (0),,0.0,46,0.0816,BAJA,6.879999999999999,⚪ WEAK,🔴 Weak,,,,,,,,,,,False,2,0.85,False,-19.17,39.14,7.24,sideways,stage1,VIGILAR,Construyendo base (lateral) — espera la reconquista de las medias
VRSK,0.0,,,,13.9,"Verisk Analytics, Inc.",59.1,Industrials,Consulting Services,75.0,60.0,26.7,65.0,65.0,193.78,25221632000.0,15.0,20.3,False,up,1.4,False,0.0,4.9,True,1.0,2.9,2.0,False,273.83,-29.2,1.0,False,"{'current_ratio': 1.0, 'operating_margin_pct': 45.1}","{'eps_growth_yoy': 1.4, 'positive_quarters': 4, 'earnings_accelerating': False, 'eps_accel_quarters': 0, 'profit_margin_pct': 28.2}",237.71,275.0,195.0,17.0,buy,22.7,119.33,-38.4,65.1,-66.4,4.19,8.11,1.03,29.2,0.63,True,-8.53,6.9,-2.4,57.0,2026-10-28,False,False,7.0,NEUTRAL,4.58,113.1,,,,,,,0.8999999999999986,0.0,4.2,17.7,2026-09-01 09:24:48,2026-09-01,CONFIRMED_UPTREND,TRADE,False,0,Price below 150/200 MA - weak trend,ACCUMULATION,60,"Moderate accumulation (1.2x ratio, 46% up volume)",HIGH_FLOAT,129.8,20.0,21.9,15.0,False,up,20.3,2.0,False,0.0,True,1.0,2.0,11.0,29.0,65.5,Medio,40.4,0.0,0.0,0.0,-5.0,0.0,0.0,0.0,0.0,False,2/3,39.035,5.0,0.0,3.0,0.0,3.0,0.0,0.0,0.25,0.0,0.0,0.0,-38.4,75.1,ALTA,2.84,2.0,5.0,34.0,0,,0,MIXED/INSUFFICIENT (0),BEST,8.0,46,0.1388,BAJA,0.0,⚪ WEAK,🔴 Weak,,,,,,,,,,,False,2,0.877,False,-28.59,24.6,-22.65,sideways,stage4,ESPERAR,En caída (bajo MA200 descendente) — espera a que haga suelo
BRO,89.52272727272728,Excellent,Stage 2 Strong,22.06823784271061,2.9,"Brown & Brown, Inc.",66.3,Financial Services,Insurance Brokers,90.0,50.0,53.0,75.0,50.0,72.17,24148830208.0,35.0,27.5,False,up,26.9,False,0.0,6.7,False,0.0,5.6,5.2,False,97.15,-25.7,3.0,False,"{'roe_pct': 10.0, 'debt_to_equity': 0.64, 'current_ratio': 1.13, 'operating_margin_pct': 41.8}","{'eps_growth_yoy': 26.9, 'positive_quarters': 4, 'earnings_accelerating': False, 'eps_accel_quarters': 0, 'profit_margin_pct': 18.1}",76.69,90.0,60.0,16.0,hold,6.3,85.88,19.0,31.3,-56.6,6.8,4.91,0.9,20.6,0.65,True,-2.6,4.7,2.8,55.0,2026-10-26,False,False,4.0,NEUTRAL,5.35,175.4,2.11,,,,,,32.6,35.8,0.9,19.9,2026-09-01 09:24:48,2026-09-01,CONFIRMED_UPTREND,TRADE,False,50,150 MA below 200 MA - not in Stage 2,ACCUMULATION,60,"Moderate accumulation (1.1x ratio, 51% up volume)",MEGA_FLOAT,287.6,23.0,56.6,35.0,False,up,27.5,2.0,False,0.0,False,0.0,0.0,23.0,29.0,24.1,Bottom 25%,25.5,-3.0,0.0,0.0,0.0,0.0,0.0,0.0,0.0,False,2/3,38.665,0.0,0.0,6.0,0.0,3.0,1.0,0.0,1.32,0.0,0.0,0.0,6.3,25.1,MEDIA,0.79,-3.0,0.0,10.0,0,,0,MIXED/INSUFFICIENT (0),BEST,5.0,46,0.0293,BAJA,51.39136363636364,⚪ WEAK,🔴 Weak,,,,,,,,,,,False,2,0.859,False,-24.99,34.43,-13.08,sideways,stage1,VIGILAR,Construyendo base (lateral) — espera la reconquista de las medias
EQIX,0.0,,,,4.9,"Equinix, Inc.",72.3,Real Estate,REIT - Specialty,90.0,70.0,54.0,70.0,65.0,1046.72,103281623040.0,60.0,61.0,False,down,28.1,False,0.0,13.3,True,1.0,1.9,2.8,False,1128.68,-7.3,6.0,False,"{'roe_pct': 10.7, 'debt_to_equity': 1.62, 'current_ratio': 1.13, 'operating_margin_pct': 27.0}","{'eps_growth_yoy': 28.1, 'positive_quarters': 4, 'earnings_accelerating': False, 'eps_accel_quarters': 0, 'profit_margin_pct': 15.5}",1234.55,1400.0,1060.0,29.0,buy,17.9,1554.22,48.5,449.28,-57.1,3.66,38.27,1.98,126.8,1.86,False,,4.0,28.8,57.0,2026-10-28,False,False,6.0,NEUTRAL,1.62,7.8,1.94,,,,,,26.2,0.0,1.5,21.7,2026-09-01 09:24:48,2026-09-01,CONFIRMED_UPTREND,TRADE,True,100,Passes Minervini Template (6/6 criteria),DISTRIBUTION,25,"Moderate distribution (0.7x ratio, 39% up volume)",HIGH_FLOAT,98.3,7.0,23.2,60.0,False,down,61.0,0.0,False,0.0,True,1.0,2.0,,29.0,,Sin datos suficientes,61.0,0.0,0.0,3.0,5.0,0.0,0.0,0.0,0.0,False,2/3,38.165,5.0,0.0,3.0,-2.0,0.0,5.0,0.0,1.18,1.0,0.0,0.0,17.9,22.2,MEDIA,2.24,2.0,2.0,126.0,0,,0,MIXED/INSUFFICIENT (0),,0.0,46,0.0493,BAJA,23.73,⚪ WEAK,🔴 Weak,,,,,,,,,,,False,2,1.157,False,-6.43,47.47,-3.94,sideways,stage2,VIGILAR,Sobre MA200 pero las medias aún no están apiladas (50>150>200) — falta confirmación
SHW,0.0,,,,6.4,The Sherwin-Williams Company,67.8,Basic Materials,Specialty Chemicals,90.0,70.0,50.3,45.0,65.0,338.81,82248884224.0,35.0,28.9,False,up,1.3,True,2.0,6.8,True,2.0,2.6,3.2,False,377.77,-10.3,4.0,False,"{'roe_pct': 65.1, 'debt_to_equity': 3.9, 'current_ratio': 0.73, 'operating_margin_pct': 18.1}","{'eps_growth_yoy': 1.3, 'positive_quarters': 4, 'earnings_accelerating': True, 'eps_accel_quarters': 2, 'profit_margin_pct': 11.0}",391.0,420.0,340.0,22.0,buy,15.4,242.0,-28.6,152.15,-55.1,3.05,10.32,0.93,29.3,0.87,True,-3.19,7.8,14.3,56.0,2026-10-27,False,False,6.0,NEUTRAL,3.94,62.0,1.74,,,,,,16.0,0.0,1.9,20.3,2026-09-01 09:24:48,2026-09-01,CONFIRMED_UPTREND,TRADE,False,50,150 MA below 200 MA - not in Stage 2,STRONG_ACCUMULATION,75,"Strong institutional buying (1.6x ratio, 59% up volume)",MEGA_FLOAT,224.7,23.0,22.3,35.0,False,up,28.9,2.0,True,2.0,True,2.0,8.0,7.0,29.0,79.3,Top 25%,41.0,3.0,0.0,3.0,0.0,0.0,0.0,0.0,0.0,False,2/3,37.44,0.0,0.0,3.0,0.0,3.0,3.0,0.11,0.36,0.0,0.0,0.0,-28.6,57.2,ALTA,1.92,2.0,2.0,71.0,0,,0,MIXED/INSUFFICIENT (0),,0.0,32,0.0637,BAJA,15.78,⚪ WEAK,🔴 Weak,,,,,,,,,,,False,1,0.851,False,-9.67,17.16,-17.73,sideways,stage2,VIGILAR,Sobre MA200 pero las medias aún no están apiladas (50>150>200) — falta confirmación
POOL,0.0,,,,13.8,Pool Corporation,76.3,Industrials,Industrial Distribution,100.0,90.0,26.7,80.0,65.0,186.52,6778276352.0,15.0,3.6,False,down,48.1,True,2.0,25.6,True,2.0,11.4,4.1,True,336.15,-44.5,0.0,False,"{'roe_pct': 31.3, 'debt_to_equity': 1.35, 'current_ratio': 2.67, 'operating_margin_pct': 15.1}","{'eps_growth_yoy': 48.1, 'positive_quarters': 4, 'earnings_accelerating': True, 'eps_accel_quarters': 2, 'profit_margin_pct': 7.4}",219.5,260.0,185.0,12.0,buy,17.7,86.21,-53.8,108.0,-42.1,3.14,5.86,2.76,46.4,1.26,True,-4.06,16.2,,51.0,2026-10-22,False,False,5.0,NEUTRAL,6.88,34.5,2.12,,,,,,3.0,0.0,4.1,22.9,2026-09-01 09:24:48,2026-09-01,CONFIRMED_UPTREND,TRADE,False,0,Price below 150/200 MA - weak trend,DISTRIBUTION,35,"Moderate distribution (1.0x ratio, 40% up volume)",MEDIUM_FLOAT,35.1,27.0,27.0,15.0,False,down,3.6,0.0,True,2.0,True,2.0,8.0,15.0,29.0,51.7,Medio,34.0,0.0,0.0,0.0,-5.0,0.0,0.0,0.0,0.0,False,1/3,36.41,5.0,0.0,3.0,3.0,3.0,0.0,-0.39,-0.39,0.0,0.0,0.0,-42.1,65.6,ALTA,2.21,2.0,0.0,44.0,0,,0,MIXED/INSUFFICIENT (0),,0.0,46,0.1378,BAJA,0.1299999999999999,⚪ WEAK,🔴 Weak,,,,,,,,,,,False,0,0.716,False,-43.12,8.72,-27.64,downtrend,stage1,ESPERAR,En caída (bajo MA200 descendente) — espera a que haga suelo
ICE,0.0,,,,11.0,"Intercontinental Exchange, Inc.",70.8,Financial Services,Financial Data & Stock Exchanges,85.0,70.0,50.3,75.0,65.0,160.7,90216095744.0,35.0,41.3,False,up,17.4,False,0.0,20.1,False,0.0,1.5,1.9,False,177.0,-9.2,5.0,False,"{'roe_pct': 14.1, 'debt_to_equity': 0.69, 'current_ratio': 1.01, 'operating_margin_pct': 52.6}","{'eps_growth_yoy': 17.4, 'positive_quarters': 4, 'earnings_accelerating': False, 'eps_accel_quarters': 0, 'profit_margin_pct': 38.2}",185.36,232.0,163.0,14.0,strong_buy,15.3,151.13,-6.0,99.68,-38.0,4.03,6.47,1.28,28.2,1.25,True,-2.33,7.6,14.2,58.0,2026-10-29,False,False,8.0,STRONG,4.69,118.3,1.29,,,,,,12.5,0.0,3.3,21.2,2026-09-01 09:24:48,2026-09-01,CONFIRMED_UPTREND,TRADE,False,66,150 MA below 200 MA - not in Stage 2,STRONG_ACCUMULATION,75,"Strong institutional buying (1.7x ratio, 61% up volume)",MEGA_FLOAT,557.5,23.0,24.5,35.0,False,up,41.3,2.0,False,0.0,False,0.0,0.0,6.0,29.0,82.8,Top 25%,44.7,3.0,0.0,3.0,3.0,0.0,0.0,0.0,0.0,False,2/3,36.37,0.0,0.0,3.0,0.0,3.0,3.0,0.0,1.72,0.0,0.0,0.0,-6.0,37.3,MEDIA,1.91,2.0,10.0,29.0,0,,0,MIXED/INSUFFICIENT (0),CAUTION,-11.0,43,0.1099,BAJA,20.58,⚪ WEAK,🔴 Weak,,,,,,,,,,,False,1,0.873,False,-8.08,31.95,-15.14,sideways,stage2,VIGILAR,Sobre MA200 pero las medias aún no están apiladas (50>150>200) — falta confirmación
ITW,69.5,Excellent,Stage 1-2 Transition,15.51325761964703,50.0,Illinois Tool Works Inc.,60.8,Industrials,Specialty Industrial Machinery,70.0,60.0,50.3,65.0,50.0,275.37,78425374720.0,35.0,31.8,False,up,-0.7,True,2.0,6.0,True,1.0,3.1,6.2,False,303.16,-9.2,5.0,False,"{'roe_pct': 104.6, 'debt_to_equity': 3.35, 'current_ratio': 1.11, 'operating_margin_pct': 26.9}","{'eps_growth_yoy': -0.7, 'positive_quarters': 4, 'earnings_accelerating': True, 'eps_accel_quarters': 2, 'profit_margin_pct': 19.4}",301.86,350.0,249.0,14.0,hold,9.6,169.1,-38.6,109.59,-60.2,3.1,8.54,2.46,58.3,2.26,True,-2.39,14.6,4.0,52.0,2026-10-23,False,False,5.0,NEUTRAL,4.88,118.3,2.2,,,,,,81.8,27.8,,18.2,2026-09-01 09:24:48,2026-09-01,CONFIRMED_UPTREND,TRADE,True,83,Passes Minervini Template (5/6 criteria),ACCUMULATION,60,"Moderate accumulation (1.1x ratio, 51% up volume)",MEGA_FLOAT,257.7,3.0,65.8,35.0,False,up,31.8,2.0,True,2.0,True,1.0,8.0,5.0,29.0,86.2,Top 25%,47.7,3.0,0.0,3.0,3.0,0.0,0.0,0.0,0.0,False,3/3,36.32,5.0,0.0,3.0,3.0,3.0,1.0,0.0,1.13,0.0,0.0,0.0,-38.6,59.0,ALTA,1.2,0.0,0.0,24.0,0,,0,MIXED/INSUFFICIENT (0),,0.0,46,,,54.33,⚪ WEAK,🔴 Weak,HOLD,50.0,Close to ATH (-9.2% from high) - wait for pullback,-9.2,NEUTRAL,HOLD,False,,,,False,2,0.828,False,-8.79,17.49,-17.6,sideways,stage2,VIGILAR,Sobre MA200 pero las medias aún no están apiladas (50>150>200) — falta confirmación
NDAQ,90.0,Excellent,Stage 2 Strong,24.05674961825009,23.5,"Nasdaq, Inc.",74.1,Financial Services,Financial Data & Stock Exchanges,85.0,80.0,56.7,75.0,60.0,98.61,55120756736.0,60.0,58.5,False,up,19.9,False,0.0,29.3,True,1.0,2.4,2.6,False,101.79,-3.1,5.0,False,"{'roe_pct': 16.5, 'debt_to_equity': 0.78, 'current_ratio': 1.01, 'operating_margin_pct': 49.3}","{'eps_growth_yoy': 19.9, 'positive_quarters': 4, 'earnings_accelerating': False, 'eps_accel_quarters': 0, 'profit_margin_pct': 35.0}",109.8,135.0,84.0,15.0,buy,11.3,70.38,-28.6,47.94,-51.4,3.07,3.03,1.17,32.7,1.28,True,-2.37,8.3,14.1,51.0,2026-10-22,False,False,9.0,STRONG,3.91,205.3,1.5,,,,,,57.3,36.0,7.0,22.2,2026-09-01 09:24:48,2026-09-01,CONFIRMED_UPTREND,TRADE,False,50,150 MA below 200 MA - not in Stage 2,ACCUMULATION,60,"Moderate accumulation (1.3x ratio, 54% up volume)",MEGA_FLOAT,496.5,23.0,65.3,60.0,False,up,58.5,2.0,False,0.0,True,1.0,2.0,6.0,29.0,82.8,Top 25%,44.7,3.0,0.0,5.0,3.0,0.0,0.0,0.0,0.0,False,2/3,36.315,0.0,0.0,3.0,0.0,3.0,3.0,0.0,-0.24,0.0,0.0,0.0,-28.6,51.3,ALTA,1.41,2.0,10.0,32.0,0,,0,MIXED/INSUFFICIENT (0),CAUTION,-12.0,46,0.2348,BAJA,71.91,⚪ WEAK,🔴 Weak,AVOID,35.0,Near ATH (-3.1% from high) - poor entry point,-3.1,NEUTRAL,BUY,False,,,,False,2,0.774,False,-2.47,28.82,-0.65,uptrend,stage3,VIGILAR,Extendida cerca de máximos — espera un pullback
HRI,0.0,,,,50.0,Herc Holdings Inc.,50.2,Industrials,Rental & Leasing Services,48.0,50.0,50.3,45.0,65.0,152.34,5092945920.0,35.0,49.3,False,down,-36.7,True,1.0,-7.7,True,2.0,8.2,4.0,True,188.35,-19.1,5.0,False,"{'roe_pct': 2.6, 'debt_to_equity': 5.06, 'current_ratio': 1.1, 'operating_margin_pct': 12.2}","{'eps_growth_yoy': -36.7, 'positive_quarters': 3, 'earnings_accelerating': True, 'eps_accel_quarters': 1, 'profit_margin_pct': 1.0}",186.58,240.0,115.0,12.0,buy,22.5,443.73,191.3,34.74,-77.2,9.87,15.04,1.86,164.7,,False,,1.1,,56.0,2026-10-27,False,False,3.0,NEUTRAL,2.85,4.9,0.42,,,,,,3.0,0.0,,15.1,2026-09-01 09:24:48,2026-09-01,CONFIRMED_UPTREND,TRADE,False,66,150 MA below 200 MA - not in Stage 2,DISTRIBUTION,25,"Moderate distribution (0.6x ratio, 38% up volume)",MEDIUM_FLOAT,30.6,27.0,21.5,35.0,False,down,49.3,0.0,True,1.0,True,2.0,5.0,,29.0,,Sin datos suficientes,49.3,0.0,0.0,0.0,3.0,0.0,0.0,0.0,5.0,False,1/3,36.28,5.0,10.0,8.0,-2.0,0.0,0.0,0.0,3.8,2.0,0.0,0.0,22.5,-34.6,,2.81,2.0,0.0,124.0,1,Appaloosa (Tepper),0,MIXED/INSUFFICIENT (0),,0.0,11,,,9.52,⚪ WEAK,🔴 Weak,,,,,,,,,,,False,1,0.871,False,-18.32,73.12,-4.68,sideways,stage2,VIGILAR,Sobre MA200 pero las medias aún no están apiladas (50>150>200) — falta confirmación
MRSH,0.0,,,,9.0,"Marsh & McLennan Companies, Inc.",72.1,Financial Services,Insurance Brokers,100.0,60.0,50.3,80.0,50.0,189.8,90574700544.0,35.0,35.9,False,up,69.5,False,0.0,16.6,False,0.0,1.6,3.0,False,207.83,-8.7,5.0,False,"{'roe_pct': 25.9, 'debt_to_equity': 1.45, 'current_ratio': 1.14, 'operating_margin_pct': 26.3}","{'eps_growth_yoy': 69.5, 'positive_quarters': 4, 'earnings_accelerating': False, 'eps_accel_quarters': 0, 'profit_margin_pct': 14.2}",207.1,238.0,182.0,21.0,hold,9.1,176.87,-6.8,80.7,-57.5,5.28,10.03,2.06,44.0,1.46,True,-3.21,6.6,2.9,44.0,2026-10-15,False,False,6.0,NEUTRAL,5.83,146.7,2.28,,,,,,6.300000000000001,0.0,2.7,21.6,2026-09-01 09:24:48,2026-09-01,CONFIRMED_UPTREND,TRADE,False,50,150 MA below 200 MA - not in Stage 2,ACCUMULATION,60,"Moderate accumulation (1.1x ratio, 50% up volume)",MEGA_FLOAT,476.3,23.0,24.3,35.0,False,up,35.9,2.0,False,0.0,False,0.0,0.0,23.0,29.0,24.1,Bottom 25%,25.5,-3.0,0.0,3.0,3.0,0.0,0.0,0.0,0.0,False,2/3,35.290000000000006,0.0,0.0,6.0,3.0,3.0,1.0,0.3,0.76,0.0,0.0,0.0,-6.8,41.2,ALTA,1.14,0.0,2.0,12.0,0,,0,MIXED/INSUFFICIENT (0),CAUTION,-6.0,22,0.09,BAJA,20.71,⚪ WEAK,🔴 Weak,,,,,,,,,,,False,2,0.874,False,-7.22,21.89,-10.44,uptrend,stage2,VIGILAR,Sobre MA200 pero las medias aún no están apiladas (50>150>200) — falta confirmación
DPZ,0.0,,,,12.0,"Domino's Pizza, Inc.",54.1,Consumer Cyclical,Restaurants,60.0,60.0,26.7,65.0,60.0,342.06,11315938304.0,15.0,17.8,False,up,-2.6,True,1.0,4.1,True,1.0,10.0,3.1,True,469.0,-27.1,1.0,False,"{'current_ratio': 1.54, 'operating_margin_pct': 19.1}","{'eps_growth_yoy': -2.6, 'positive_quarters': 4, 'earnings_accelerating': True, 'eps_accel_quarters': 1, 'profit_margin_pct': 11.9}",380.29,450.0,270.0,28.0,buy,11.2,277.55,-18.9,172.4,-49.6,4.7,16.07,2.27,42.3,1.25,True,-3.44,4.9,4.8,42.0,2026-10-13,False,False,8.0,STRONG,5.94,107.8,2.41,,,,,,0.0,0.0,3.6,16.2,2026-09-01 09:24:48,2026-09-01,CONFIRMED_UPTREND,TRADE,False,0,Price below 150/200 MA - weak trend,ACCUMULATION,60,"Moderate accumulation (1.3x ratio, 52% up volume)",MEDIUM_FLOAT,30.2,20.0,19.8,15.0,False,up,17.8,2.0,True,1.0,True,1.0,5.0,25.0,29.0,17.2,Bottom 25%,19.8,-3.0,0.0,0.0,-5.0,0.0,0.0,0.0,0.0,False,2/3,35.24,0.0,0.0,3.0,3.0,3.0,1.0,0.0,-1.67,0.0,0.0,0.0,-18.9,45.4,ALTA,1.4,2.0,10.0,16.0,0,,0,MIXED/INSUFFICIENT (0),,0.0,41,0.1201,BAJA,0.0,⚪ WEAK,🔴 Weak,,,,,,,,,,,False,1,1.014,False,-25.66,21.3,-27.16,sideways,stage4,ESPERAR,En caída (bajo MA200 descendente) — espera a que haga suelo
ATLKY,0.0,,,,16.0,Atlas Copco AB (publ),68.6,Industrials,Specialty Industrial Machinery,80.0,60.0,60.3,80.0,55.0,21.5,104890343424.0,60.0,55.8,False,flat,8.2,True,1.0,9.1,True,1.0,,,False,22.42,-4.1,7.0,True,"{'roe_pct': 25.7, 'debt_to_equity': 0.34, 'current_ratio': 1.27}","{'eps_growth_yoy': 8.2, 'positive_quarters': 4, 'earnings_accelerating': True, 'eps_accel_quarters': 1, 'profit_margin_pct': 15.7}",26.0,26.0,26.0,1.0,none,20.9,,,,,2.58,0.82,2.58,73.8,1.57,False,,126.5,4.0,,,False,False,6.0,NEUTRAL,,53.6,3.39,,,,,,42.4,0.0,4.8,20.6,2026-09-01 09:24:48,2026-09-01,CONFIRMED_UPTREND,TRADE,True,100,Passes Minervini Template (6/6 criteria),ACCUMULATION,60,"Moderate accumulation (1.1x ratio, 52% up volume)",MEGA_FLOAT,3947.5,3.0,25.4,60.0,False,flat,55.8,0.0,True,1.0,True,1.0,5.0,5.0,29.0,86.2,Top 25%,47.7,3.0,0.0,5.0,7.0,0.0,0.0,0.0,0.0,False,3/3,35.239999999999995,5.0,0.0,0.0,3.0,0.0,1.0,0.0,0.0,0.0,0.0,0.0,,,,2.61,2.0,2.0,,0,,0,MIXED/INSUFFICIENT (0),CAUTION,-14.0,40,0.1599,BAJA,32.36,⚪ WEAK,🔴 Weak,,,,,,,,,,,True,3,0.739,False,-4.1,40.89,-7.71,uptrend,stage3,VIGILAR,Extendida cerca de máximos — espera un pullback
CB,0.0,,,,22.0,Chubb Limited,61.6,Financial Services,Insurance - Property & Casualty,80.0,50.0,46.7,65.0,60.0,338.6,130631835648.0,35.0,35.9,False,flat,1.9,True,1.0,-1.5,True,2.0,1.0,2.0,False,365.91,-7.5,5.0,False,"{'roe_pct': 14.8, 'debt_to_equity': 0.31, 'current_ratio': 0.41, 'operating_margin_pct': 23.5}","{'eps_growth_yoy': 1.9, 'positive_quarters': 4, 'earnings_accelerating': True, 'eps_accel_quarters': 1, 'profit_margin_pct': 18.1}",366.13,425.0,306.0,23.0,buy,8.1,400.01,18.1,281.0,-17.0,8.03,27.19,1.2,13.9,1.44,True,-3.44,18.9,-0.5,56.0,2026-10-27,False,False,6.0,NEUTRAL,9.02,,,,,,,,33.1,0.0,6.6,18.5,2026-09-01 09:24:48,2026-09-01,CONFIRMED_UPTREND,TRADE,True,83,Passes Minervini Template (5/6 criteria),ACCUMULATION,65,"Moderate accumulation (1.3x ratio, 55% up volume)",MEGA_FLOAT,349.9,3.0,25.1,35.0,False,flat,35.9,0.0,True,1.0,True,2.0,5.0,16.0,29.0,48.3,Bajo 50%,32.2,0.0,0.0,3.0,3.0,0.0,0.0,0.0,0.0,False,3/3,34.74,0.0,0.0,8.0,0.0,3.0,0.0,0.0,0.24,0.0,0.0,0.0,8.1,7.5,,1.01,0.0,2.0,,0,,0,MIXED/INSUFFICIENT (0),CAUTION,-1.0,46,0.2204,BAJA,19.66,⚪ WEAK,🔴 Weak,,,,,,,,,,,False,2,0.775,False,-7.46,28.41,-13.96,sideways,stage2,VIGILAR,Sobre MA200 pero las medias aún no están apiladas (50>150>200) — falta confirmación
ADP,0.0,,,,50.0,"Automatic Data Processing, Inc.",61.8,Technology,Software - Application,55.0,50.0,75.0,85.0,50.0,286.16,113680711680.0,60.0,53.1,False,up,-3.4,False,0.0,5.8,False,0.0,3.1,4.6,False,302.68,-5.5,6.0,False,"{'roe_pct': 72.2, 'debt_to_equity': 0.91, 'current_ratio': 1.05, 'operating_margin_pct': 23.5}","{'eps_growth_yoy': -3.4, 'positive_quarters': 4, 'earnings_accelerating': False, 'eps_accel_quarters': 0, 'profit_margin_pct': 20.1}",287.27,322.0,225.0,15.0,hold,0.4,258.07,-9.8,109.5,-61.7,4.61,13.2,2.37,60.7,2.04,True,-1.83,13.5,3.9,57.0,2026-10-28,False,False,6.0,NEUTRAL,5.38,173.6,2.18,,,,,,13.5,0.0,,18.5,2026-09-01 09:24:48,2026-09-01,CONFIRMED_UPTREND,TRADE,False,66,150 MA below 200 MA - not in Stage 2,ACCUMULATION,65,"Moderate accumulation (1.4x ratio, 55% up volume)",MEGA_FLOAT,396.2,23.0,26.5,60.0,False,up,53.1,2.0,False,0.0,False,0.0,0.0,17.0,29.0,44.8,Bajo 50%,32.1,0.0,0.0,3.0,5.0,0.0,0.0,0.0,0.0,False,2/3,34.72,0.0,0.0,3.0,3.0,3.0,1.0,0.0,0.21,0.0,0.0,0.0,-9.8,36.2,MEDIA,0.05,-3.0,2.0,11.0,0,,0,MIXED/INSUFFICIENT (0),,0.0,46,,,22.68,⚪ WEAK,🔴 Weak,,,,,,,,,,,False,2,0.828,False,-2.83,53.24,21.89,uptrend,stage3,VIGILAR,Extendida cerca de máximos — espera un pullback
KVUE,73.70454545454545,Excellent,Stage 1-2 Transition,20.33985738902897,2.0,Kenvue Inc.,61.3,Consumer Defensive,Household & Personal Products,80.0,50.0,46.7,70.0,50.0,18.88,36264202240.0,35.0,40.7,False,up,14.6,False,0.0,5.1,False,0.0,3.2,2.7,False,20.82,-9.3,6.0,False,"{'roe_pct': 15.6, 'debt_to_equity': 0.82, 'current_ratio': 1.0, 'operating_margin_pct': 19.4}","{'eps_growth_yoy': 14.6, 'positive_quarters': 4, 'earnings_accelerating': False, 'eps_accel_quarters': 0, 'profit_margin_pct': 10.8}",19.5,23.0,18.0,12.0,hold,3.3,18.41,-2.5,8.4,-55.5,5.26,0.99,4.38,97.7,,True,-0.19,6.2,3.4,65.0,2026-11-05,False,False,7.0,NEUTRAL,5.55,109.8,1.79,,,,,,52.5,29.5,0.6,18.4,2026-09-01 09:24:48,2026-09-01,CONFIRMED_UPTREND,TRADE,True,100,Passes Minervini Template (6/6 criteria),ACCUMULATION,60,"Moderate accumulation (1.1x ratio, 49% up volume)",MEGA_FLOAT,1918.1,3.0,48.5,35.0,False,up,40.7,2.0,False,0.0,False,0.0,0.0,24.0,29.0,20.7,Bottom 25%,24.5,-3.0,0.0,3.0,5.0,0.0,0.0,0.0,0.0,False,3/3,33.62,0.0,0.0,6.0,-2.0,3.0,1.0,0.0,-1.68,0.0,0.0,0.0,-2.5,32.3,MEDIA,0.41,-3.0,5.0,18.0,1,Appaloosa (Tepper),0,UNRELIABLE/INSUFFICIENT (0),,0.0,46,0.0204,BAJA,59.48227272727273,⚪ WEAK,🔴 Weak,HOLD,50.0,Close to ATH (-9.3% from high) - wait for pullback,-9.3,NEUTRAL,HOLD,False,,,,False,2,0.815,False,-5.16,41.15,-11.07,sideways,stage2,VIGILAR,Sobre MA200 pero las medias aún no están apiladas (50>150>200) — falta confirmación
MTD,0.0,,,,5.9,Mettler-Toledo International Inc.,60.1,Healthcare,Diagnostics & Research,85.0,40.0,60.3,50.0,50.0,1405.14,28154171392.0,60.0,51.7,False,up,7.1,True,1.0,-0.2,True,1.0,4.1,4.3,False,1525.17,-7.9,6.0,False,"{'debt_to_equity': 166.68, 'current_ratio': 1.12, 'operating_margin_pct': 31.2}","{'eps_growth_yoy': 7.1, 'positive_quarters': 4, 'earnings_accelerating': True, 'eps_accel_quarters': 1, 'profit_margin_pct': 21.9}",1468.91,1600.0,1200.0,11.0,none,4.5,949.22,-32.4,815.08,-42.0,2.46,34.62,,,,True,-2.75,16.8,9.2,65.0,2026-11-05,False,False,6.0,NEUTRAL,3.7,110.6,1.49,,,,,,18.0,0.0,1.8,18.0,2026-09-01 09:24:48,2026-09-01,CONFIRMED_UPTREND,TRADE,False,66,150 MA below 200 MA - not in Stage 2,ACCUMULATION,65,"Moderate accumulation (1.5x ratio, 58% up volume)",LOW_FLOAT,19.9,20.0,19.8,60.0,False,up,51.7,2.0,True,1.0,True,1.0,5.0,8.0,29.0,75.9,Top 25%,40.7,3.0,0.0,3.0,5.0,0.0,0.0,0.0,0.0,False,2/3,33.335,8.0,0.0,0.0,0.0,3.0,3.0,0.0,3.86,0.0,0.0,0.0,-32.4,41.7,ALTA,0.56,-3.0,2.0,61.0,0,,0,UNRELIABLE/INSUFFICIENT (0),,0.0,6,0.0589,BAJA,22.51,⚪ WEAK,🔴 Weak,,,,,,,,,,,False,2,0.982,False,-7.87,37.35,-7.3,uptrend,stage2,VIGILAR,Sobre MA200 pero las medias aún no están apiladas (50>150>200) — falta confirmación
PG,0.0,,,,11.6,The Procter & Gamble Company,46.8,Consumer Defensive,Household & Personal Products,50.0,40.0,26.7,70.0,60.0,145.12,337066196992.0,15.0,8.8,False,down,-35.9,False,0.0,-5.3,True,1.0,1.1,3.0,False,167.25,-13.2,2.0,False,"{'roe_pct': 30.3, 'debt_to_equity': 0.64, 'current_ratio': 0.68, 'operating_margin_pct': 22.1}","{'eps_growth_yoy': -35.9, 'positive_quarters': 4, 'earnings_accelerating': False, 'eps_accel_quarters': 0, 'profit_margin_pct': 18.4}",160.61,186.0,143.0,23.0,buy,10.7,84.14,-42.0,66.1,-54.5,3.94,5.72,3.0,64.3,2.5,True,-1.49,24.3,-10.8,51.0,2026-10-22,False,False,6.0,NEUTRAL,5.85,83.8,,,,,,,0.0,0.0,3.5,14.0,2026-09-01 09:24:48,2026-09-01,CONFIRMED_UPTREND,TRADE,False,33,Price below 150/200 MA - weak trend,ACCUMULATION,60,"Moderate accumulation (1.1x ratio, 50% up volume)",MEGA_FLOAT,2320.1,23.0,17.5,15.0,False,down,8.8,0.0,False,0.0,True,1.0,2.0,24.0,29.0,20.7,Bottom 25%,24.5,-3.0,0.0,3.0,-5.0,0.0,0.0,0.0,0.0,False,2/3,33.3,0.0,0.0,3.0,5.0,3.0,-3.0,0.0,-0.05,0.0,0.0,0.0,-42.0,59.0,ALTA,1.34,2.0,2.0,22.0,0,,0,MIXED/INSUFFICIENT (0),,0.0,42,0.1163,BAJA,6.18,⚪ WEAK,🔴 Weak,,,,,,,,,,,False,1,0.751,False,-11.93,7.8,-23.26,sideways,stage1,VIGILAR,Construyendo base (lateral) — espera la reconquista de las medias
VLTO,0.0,,,,11.1,Veralto Corporation,67.3,Industrials,Pollution & Treatment Controls,70.0,70.0,50.3,85.0,60.0,98.57,24030709760.0,35.0,34.1,False,up,0.8,False,0.0,5.0,True,2.0,2.9,3.9,False,109.86,-10.3,4.0,False,"{'roe_pct': 34.3, 'debt_to_equity': 1.16, 'current_ratio': 1.77, 'operating_margin_pct': 21.4}","{'eps_growth_yoy': 0.8, 'positive_quarters': 4, 'earnings_accelerating': False, 'eps_accel_quarters': 0, 'profit_margin_pct': 17.3}",113.33,136.0,100.0,15.0,buy,15.0,65.53,-33.5,40.1,-59.3,3.36,3.31,0.53,12.6,,True,-1.81,14.1,10.1,50.0,2026-10-21,False,False,6.0,NEUTRAL,4.98,76.0,2.04,,,,,,7.5,0.0,3.3,20.2,2026-09-01 09:24:48,2026-09-01,CONFIRMED_UPTREND,TRADE,False,33,150 MA below 200 MA - not in Stage 2,STRONG_ACCUMULATION,75,"Strong institutional buying (1.7x ratio, 59% up volume)",MEGA_FLOAT,243.2,23.0,23.5,35.0,False,up,34.1,2.0,False,0.0,True,2.0,2.0,,29.0,,Sin datos suficientes,34.1,0.0,0.0,3.0,0.0,0.0,0.0,0.0,0.0,False,2/3,32.975,5.0,0.0,3.0,0.0,3.0,3.0,0.0,0.5,0.0,0.0,0.0,-33.5,61.4,ALTA,1.88,2.0,2.0,40.0,0,,0,MIXED/INSUFFICIENT (0),CAUTION,-9.0,46,0.1112,BAJA,15.73,⚪ WEAK,🔴 Weak,,,,,,,,,,,False,0,,False,,,,sideways,unknown,,
TJX,0.0,,,,11.1,"The TJX Companies, Inc.",49.5,Consumer Cyclical,Apparel Retail,65.0,30.0,24.0,75.0,65.0,133.91,147297517568.0,15.0,0.7,False,down,7.2,False,0.0,-0.5,False,0.0,1.8,4.0,False,170.0,-21.2,3.0,False,"{'roe_pct': 62.2, 'debt_to_equity': 1.34, 'current_ratio': 1.15, 'operating_margin_pct': 10.9}","{'eps_growth_yoy': 7.2, 'positive_quarters': 4, 'earnings_accelerating': False, 'eps_accel_quarters': 0, 'profit_margin_pct': 9.7}",170.4,198.0,125.0,20.0,buy,27.2,134.13,0.2,127.44,-4.8,2.99,4.0,1.43,32.5,1.35,True,-1.71,104.7,23.6,78.0,2026-11-18,False,False,7.0,NEUTRAL,4.74,36.2,0.99,,,,,,0.0,0.0,3.3,14.8,2026-09-01 09:24:48,2026-09-01,CONFIRMED_UPTREND,TRADE,False,50,Price below 150/200 MA - weak trend,DISTRIBUTION,35,"Moderate distribution (0.7x ratio, 41% up volume)",MEGA_FLOAT,1097.4,30.0,18.2,15.0,False,down,0.7,0.0,False,0.0,False,0.0,0.0,,29.0,,Sin datos suficientes,0.7,0.0,0.0,0.0,0.0,0.0,0.0,0.0,0.0,False,1/3,32.855000000000004,0.0,0.0,0.0,0.0,3.0,5.0,-1.39,-3.84,0.0,3.0,-1.5,0.2,29.5,MEDIA,3.4,0.0,5.0,68.0,0,,0,MIXED/INSUFFICIENT (0),WATCH,3.0,46,0.1112,BAJA,4.95,⚪ WEAK,🔴 Weak,,,,,,,,,,,False,1,0.997,False,-20.98,0.62,-29.08,downtrend,stage1,ESPERAR,En caída (bajo MA200 descendente) — espera a que haga suelo
CTAS,0.0,,,,14.8,Cintas Corporation,70.8,Industrials,Specialty Business Services,90.0,60.0,50.3,85.0,60.0,201.79,80750215168.0,35.0,42.7,False,up,4.0,True,2.0,6.9,True,1.0,3.5,4.2,False,219.17,-7.9,5.0,False,"{'roe_pct': 40.7, 'debt_to_equity': 0.53, 'current_ratio': 1.43, 'operating_margin_pct': 23.7}","{'eps_growth_yoy': 4.0, 'positive_quarters': 4, 'earnings_accelerating': True, 'eps_accel_quarters': 2, 'profit_margin_pct': 17.8}",216.31,250.0,175.0,16.0,buy,7.2,90.31,-55.2,76.44,-62.1,1.81,3.66,1.02,36.7,0.89,True,-1.18,24.6,10.9,22.0,2026-09-23,False,False,8.0,STRONG,3.14,82.2,2.12,,,,,,18.7,0.0,4.4,21.2,2026-09-01 09:24:48,2026-09-01,CONFIRMED_UPTREND,TRADE,False,50,150 MA below 200 MA - not in Stage 2,ACCUMULATION,60,"Moderate accumulation (1.3x ratio, 54% up volume)",MEGA_FLOAT,342.1,23.0,25.7,35.0,False,up,42.7,2.0,True,2.0,True,1.0,8.0,12.0,29.0,62.1,Medio,35.5,0.0,0.0,3.0,3.0,0.0,0.0,0.0,0.0,False,2/3,32.660000000000004,5.0,0.0,0.0,0.0,3.0,3.0,0.0,0.44,0.0,0.0,0.0,-55.2,65.9,ALTA,0.9,-3.0,10.0,84.0,0,,0,MIXED/INSUFFICIENT (0),CAUTION,-8.0,46,0.1485,BAJA,20.58,⚪ WEAK,🔴 Weak,,,,,,,,,,,False,2,0.709,False,-7.69,25.88,-12.72,uptrend,stage2,VIGILAR,Sobre MA200 pero las medias aún no están apiladas (50>150>200) — falta confirmación
GWW,0.0,,,,50.0,"W.W. Grainger, Inc.",70.8,Industrials,Industrial Distribution,95.0,50.0,60.3,85.0,50.0,1309.49,61678215168.0,60.0,64.1,False,down,93.9,False,0.0,7.8,False,0.0,2.4,3.2,False,1419.91,-7.8,6.0,False,"{'roe_pct': 46.1, 'debt_to_equity': 0.62, 'current_ratio': 2.81, 'operating_margin_pct': 16.1}","{'eps_growth_yoy': 93.9, 'positive_quarters': 4, 'earnings_accelerating': False, 'eps_accel_quarters': 0, 'profit_margin_pct': 9.9}",1332.57,1500.0,1100.0,14.0,hold,1.8,790.48,-39.6,805.24,-38.5,2.02,26.49,0.76,23.6,1.0,True,-1.62,34.1,8.2,64.0,2026-11-04,False,False,6.0,NEUTRAL,3.91,40.8,1.25,,,,,,31.3,0.0,,21.2,2026-09-01 09:24:48,2026-09-01,CONFIRMED_UPTREND,TRADE,True,100,Passes Minervini Template (6/6 criteria),DISTRIBUTION,25,"Moderate distribution (0.7x ratio, 39% up volume)",MEDIUM_FLOAT,43.1,7.0,30.3,60.0,False,down,64.1,0.0,False,0.0,False,0.0,0.0,15.0,29.0,51.7,Medio,34.0,0.0,0.0,3.0,5.0,0.0,0.0,0.0,0.0,False,2/3,32.32,5.0,0.0,0.0,0.0,3.0,3.0,0.0,3.12,2.0,0.0,0.0,-38.5,40.8,ALTA,0.22,-3.0,2.0,90.0,0,,0,UNRELIABLE/INSUFFICIENT (0),,0.0,13,,,23.58,⚪ WEAK,🔴 Weak,,,,,,,,,,,False,2,0.776,False,-7.6,45.3,0.75,sideways,stage2,VIGILAR,Sobre MA200 pero las medias aún no están apiladas (50>150>200) — falta confirmación
AME,0.0,,,,12.1,"AMETEK, Inc.",69.1,Industrials,Specialty Industrial Machinery,85.0,60.0,46.7,85.0,65.0,235.17,53915365376.0,35.0,45.0,False,down,9.6,True,1.0,8.0,True,1.0,1.5,2.5,False,261.16,-10.0,6.0,False,"{'roe_pct': 14.6, 'debt_to_equity': 0.21, 'current_ratio': 1.21, 'operating_margin_pct': 26.2}","{'eps_growth_yoy': 9.6, 'positive_quarters': 4, 'earnings_accelerating': True, 'eps_accel_quarters': 1, 'profit_margin_pct': 20.0}",277.5,316.0,217.0,18.0,buy,18.0,151.97,-35.4,96.84,-58.8,2.77,6.51,0.58,19.0,0.62,True,-0.82,20.8,14.2,58.0,2026-10-29,False,False,6.0,NEUTRAL,3.37,144.0,1.72,,,,,,35.4,0.0,3.6,20.7,2026-09-01 09:24:48,2026-09-01,CONFIRMED_UPTREND,TRADE,True,100,Passes Minervini Template (6/6 criteria),NEUTRAL,40,"No clear pattern (1.0x ratio, 48% up volume)",MEGA_FLOAT,227.8,5.0,24.4,35.0,False,down,45.0,0.0,True,1.0,True,1.0,5.0,5.0,29.0,86.2,Top 25%,47.7,3.0,0.0,3.0,5.0,0.0,0.0,0.0,0.0,False,2/3,32.044999999999995,5.0,0.0,0.0,0.0,3.0,3.0,0.0,5.36,0.0,0.0,0.0,-35.4,65.1,ALTA,2.25,2.0,2.0,60.0,0,,0,MIXED/INSUFFICIENT (0),,0.0,46,0.1206,BAJA,23.41,⚪ WEAK,🔴 Weak,,,,,,,,,,,False,2,1.019,False,-9.95,31.81,-15.65,sideways,stage2,VIGILAR,Sobre MA200 pero las medias aún no están apiladas (50>150>200) — falta confirmación
CHD,0.0,,,,8.2,"Church & Dwight Co., Inc.",61.1,Consumer Defensive,Household & Personal Products,90.0,30.0,46.7,75.0,60.0,99.78,23668205568.0,35.0,32.5,False,flat,13.2,True,1.0,-2.5,False,0.0,5.2,5.9,False,106.04,-5.9,6.0,False,"{'roe_pct': 17.0, 'debt_to_equity': 0.56, 'current_ratio': 1.15, 'operating_margin_pct': 18.1}","{'eps_growth_yoy': 13.2, 'positive_quarters': 4, 'earnings_accelerating': True, 'eps_accel_quarters': 1, 'profit_margin_pct': 12.0}",105.37,115.0,78.0,19.0,buy,5.6,74.93,-24.9,30.7,-69.2,3.97,3.96,1.21,38.6,1.16,True,-2.54,10.6,6.3,59.0,2026-10-30,False,False,7.0,NEUTRAL,4.07,114.1,2.74,,,,,,24.8,0.0,2.5,18.3,2026-09-01 09:24:48,2026-09-01,CONFIRMED_UPTREND,TRADE,True,83,Passes Minervini Template (5/6 criteria),ACCUMULATION,60,"Moderate accumulation (1.0x ratio, 48% up volume)",MEGA_FLOAT,236.5,3.0,20.8,35.0,False,flat,32.5,0.0,True,1.0,False,0.0,2.0,24.0,29.0,20.7,Bottom 25%,24.5,-3.0,0.0,3.0,5.0,0.0,0.0,0.0,0.0,False,3/3,31.75,0.0,0.0,3.0,0.0,3.0,3.0,0.0,0.96,0.0,0.0,0.0,-24.9,52.6,ALTA,0.7,-3.0,5.0,46.0,0,,0,UNRELIABLE/INSUFFICIENT (0),WATCH,3.0,14,0.0816,BAJA,22.61,⚪ WEAK,🔴 Weak,,,,,,,,,,,True,3,1.015,False,-5.31,24.27,-16.75,uptrend,stage2,ENTRADA,Stage 2: sobre MA200 ascendente sin sobreextensión — suelo confirmado
WCN,0.0,,,,11.1,"Waste Connections, Inc.",63.2,Industrials,Waste Management,80.0,70.0,38.7,50.0,65.0,165.32,41589428224.0,15.0,21.2,False,up,3.5,True,1.0,4.2,True,2.0,1.7,2.8,False,185.12,-10.7,3.0,False,"{'roe_pct': 13.0, 'debt_to_equity': 1.22, 'current_ratio': 0.66, 'operating_margin_pct': 19.7}","{'eps_growth_yoy': 3.5, 'positive_quarters': 4, 'earnings_accelerating': True, 'eps_accel_quarters': 1, 'profit_margin_pct': 10.9}",200.6,220.0,162.0,25.0,strong_buy,21.3,65.1,-60.6,41.3,-75.0,2.52,4.17,0.84,33.0,0.69,True,-2.69,5.0,4.4,49.0,2026-10-20,False,False,6.0,NEUTRAL,3.42,19.4,6.05,,,,,,7.0,0.0,3.3,19.0,2026-09-01 09:24:48,2026-09-01,CONFIRMED_UPTREND,TRADE,False,33,150 MA below 200 MA - not in Stage 2,NEUTRAL,40,"No clear pattern (0.9x ratio, 46% up volume)",MEGA_FLOAT,251.2,25.0,22.3,15.0,False,up,21.2,2.0,True,1.0,True,2.0,5.0,26.0,29.0,13.8,Bottom 25%,17.6,-3.0,0.0,3.0,0.0,0.0,0.0,0.0,0.0,False,1/3,30.835,5.0,0.0,0.0,0.0,3.0,1.0,0.0,-0.08,0.0,0.0,0.0,-60.6,89.1,ALTA,2.66,2.0,2.0,118.0,0,,0,MIXED/INSUFFICIENT (0),WATCH,-3.0,11,0.1112,BAJA,15.32,⚪ WEAK,🔴 Weak,,,,,,,,,,,False,1,0.751,False,-10.12,12.79,-17.46,sideways,stage1,VIGILAR,Construyendo base (lateral) — espera la reconquista de las medias
