ticker,company_name,fundamental_score,tier,quality,earnings_quality_score,growth_acceleration_score,relative_strength_score,financial_health_score,catalyst_timing_score,rs_line_score,rs_line_percentile,rs_line_at_new_high,rs_line_trend,eps_growth_yoy,eps_accelerating,eps_accel_quarters,rev_growth_yoy,rev_accelerating,rev_accel_quarters,earnings_details,growth_details,rs_details,health_details,catalyst_details,current_price,market_cap,sector,industry,short_percent_float,short_ratio,short_squeeze_potential,fifty_two_week_high,proximity_to_52w_high,trend_template_score,trend_template_pass,target_price_analyst,target_price_analyst_high,target_price_analyst_low,analyst_count,analyst_recommendation,analyst_upside_pct,target_price_dcf,target_price_dcf_upside_pct,target_price_pe,target_price_pe_upside_pct,fcf_yield_pct,fcf_per_share,dividend_yield_pct,payout_ratio_pct,dividend_rate,five_yr_avg_dividend_yield_pct,buyback_active,shares_change_pct,interest_coverage,analyst_revision_momentum,days_to_earnings,earnings_date,earnings_warning,earnings_catalyst,piotroski_score,piotroski_label,ebit_ev_yield,roic_greenblatt,peg_ratio,hv_30d,atm_iv,iv_ratio,iv_premium_pts,analyzed_at
AON,Aon plc,83.3,🏆 ELITE,🟢 Elite,100.0,90.0,63.9,80.0,60.0,60.0,54.2,False,up,109.3,False,0,21.2,True,2,"{'eps_growth_yoy': 109.3, 'positive_quarters': 4, 'earnings_accelerating': False, 'eps_accel_quarters': 0, 'profit_margin_pct': 22.5}","{'revenue_growth_yoy': 21.2, 'revenue_accelerating': True, 'rev_accel_quarters': 2}","{'rs_3m': 14.5, 'rs_6m': 8.5, 'rs_line_percentile': 54.2, 'rs_line_at_new_high': False, 'rs_line_trend': 'up', 'rs_line_score': 60}","{'roe_pct': 46.4, 'debt_to_equity': 1.55, 'current_ratio': 1.07, 'operating_margin_pct': 35.8}","{'days_to_earnings': 'N/A', 'recommendation': 'buy', 'analyst_upside_pct': 3.1}",381.26,81428348928,Financial Services,Insurance Brokers,2.1,2.7,False,382.34,-0.3,5.0,False,393.11,445.0,327.0,19.0,buy,3.1,597.35,56.7,512.46,34.4,4.1,15.65,0.89,16.4,3.28,0.76,True,-1.54,7.4,19.0,0.0,2026-07-29,True,False,8.0,STRONG,5.82,141.9,0.66,31.3,,,,2026-07-29T06:34:18.894557
THC,Tenet Healthcare Corporation,83.0,🏆 ELITE,🟢 Elite,100.0,70.0,91.0,75.0,60.0,100.0,96.8,True,up,143.8,True,1,9.7,True,2,"{'eps_growth_yoy': 143.8, 'positive_quarters': 4, 'earnings_accelerating': True, 'eps_accel_quarters': 1, 'profit_margin_pct': 10.3}","{'revenue_growth_yoy': 9.7, 'revenue_accelerating': True, 'rev_accel_quarters': 2}","{'rs_3m': 43.6, 'rs_6m': 31.8, 'rs_line_percentile': 96.8, 'rs_line_at_new_high': True, 'rs_line_trend': 'up', 'rs_line_score': 100}","{'roe_pct': 37.3, 'debt_to_equity': 1.52, 'current_ratio': 1.41, 'operating_margin_pct': 18.2}","{'days_to_earnings': 'N/A', 'recommendation': 'strong_buy', 'analyst_upside_pct': 5.7}",262.63,22622160896,Healthcare,Medical Care Facilities,4.0,2.2,False,262.68,-0.0,6.0,False,277.48,309.0,231.0,21.0,strong_buy,5.7,1098.71,318.3,837.6,218.9,9.86,25.91,,,,2.75,True,-5.99,5.1,213.4,90.0,2026-10-27,False,False,6.0,NEUTRAL,9.77,33.4,0.06,77.0,,,,2026-07-29T06:40:28.936299
AJG,Arthur J. Gallagher & Co.,82.8,🏆 ELITE,🟢 Elite,100.0,100.0,56.6,70.0,60.0,35.0,44.9,False,up,124.7,True,1,47.7,True,2,"{'eps_growth_yoy': 124.7, 'positive_quarters': 4, 'earnings_accelerating': True, 'eps_accel_quarters': 1, 'profit_margin_pct': 11.4}","{'revenue_growth_yoy': 47.7, 'revenue_accelerating': True, 'rev_accel_quarters': 2}","{'rs_3m': 20.4, 'rs_6m': 3.1, 'rs_line_percentile': 44.9, 'rs_line_at_new_high': False, 'rs_line_trend': 'up', 'rs_line_score': 35}","{'roe_pct': 7.0, 'debt_to_equity': 0.56, 'current_ratio': 1.06, 'operating_margin_pct': 28.4}","{'days_to_earnings': 'N/A', 'recommendation': 'buy', 'analyst_upside_pct': 6.1}",265.31,68169281536,Financial Services,Insurance Brokers,3.1,4.2,False,313.55,-15.4,4.0,False,281.39,388.0,225.0,18.0,buy,6.1,106.23,-60.0,104.81,-60.5,1.58,4.2,1.11,42.9,2.8,1.01,True,-0.45,4.2,16.2,1.0,2026-07-30,True,False,6.0,NEUTRAL,3.13,77.9,1.1,39.0,1.6,0.04,-37.4,2026-07-29T06:35:02.688605
HEI,Heico Corporation,80.3,🏆 ELITE,🟢 Elite,100.0,70.0,66.6,90.0,60.0,60.0,71.2,False,up,31.8,True,1,19.9,True,1,"{'eps_growth_yoy': 31.8, 'positive_quarters': 4, 'earnings_accelerating': True, 'eps_accel_quarters': 1, 'profit_margin_pct': 16.1}","{'revenue_growth_yoy': 19.9, 'revenue_accelerating': True, 'rev_accel_quarters': 1}","{'rs_3m': 33.4, 'rs_6m': 0.3, 'rs_line_percentile': 71.2, 'rs_line_at_new_high': False, 'rs_line_trend': 'up', 'rs_line_score': 60}","{'roe_pct': 17.2, 'debt_to_equity': 0.48, 'current_ratio': 2.92, 'operating_margin_pct': 25.5}","{'days_to_earnings': 'N/A', 'recommendation': 'buy', 'analyst_upside_pct': 6.4}",363.44,50786275328,Industrials,Aerospace & Defense,1.5,1.7,False,369.48,-1.6,8.0,True,386.53,472.0,290.0,19.0,buy,6.4,543.7,49.6,171.3,-52.9,1.39,12.82,0.07,4.3,0.25,0.1,False,,9.0,48.2,27.0,2026-08-25,False,False,8.0,STRONG,1.9,52.3,1.09,25.5,,,,2026-07-29T06:36:22.264747
VEEV,Veeva Systems Inc.,79.8,⭐⭐⭐ EXCELLENT,🟢 Excellent,100.0,80.0,53.0,85.0,65.0,35.0,25.9,False,up,30.3,True,1,11.9,True,2,"{'eps_growth_yoy': 30.3, 'positive_quarters': 4, 'earnings_accelerating': True, 'eps_accel_quarters': 1, 'profit_margin_pct': 28.4}","{'revenue_growth_yoy': 11.9, 'revenue_accelerating': True, 'rev_accel_quarters': 2}","{'rs_3m': 22.6, 'rs_6m': -14.7, 'rs_line_percentile': 25.9, 'rs_line_at_new_high': False, 'rs_line_trend': 'up', 'rs_line_score': 35}","{'roe_pct': 13.9, 'debt_to_equity': 0.01, 'current_ratio': 4.74, 'operating_margin_pct': 30.9}","{'days_to_earnings': 'N/A', 'recommendation': 'buy', 'analyst_upside_pct': 21.3}",201.2,32683591680,Healthcare,Health Information Services,5.3,3.2,False,310.5,-35.2,2.0,False,244.14,350.0,165.0,28.0,buy,21.3,183.94,-8.6,85.12,-57.7,3.85,7.75,,,,,True,-0.69,,14.6,35.0,2026-09-02,False,False,7.0,NEUTRAL,3.6,14.1,1.37,41.1,,,,2026-07-29T06:34:42.405360
WST,"West Pharmaceutical Services, I",79.3,⭐⭐⭐ EXCELLENT,🟢 Excellent,100.0,50.0,80.3,95.0,65.0,80.0,76.7,False,up,10.0,True,2,8.4,False,0,"{'eps_growth_yoy': 10.0, 'positive_quarters': 4, 'earnings_accelerating': True, 'eps_accel_quarters': 2, 'profit_margin_pct': 17.0}","{'revenue_growth_yoy': 8.4, 'revenue_accelerating': False, 'rev_accel_quarters': 0}","{'rs_3m': 11.1, 'rs_6m': 33.3, 'rs_line_percentile': 76.7, 'rs_line_at_new_high': False, 'rs_line_trend': 'up', 'rs_line_score': 80}","{'roe_pct': 19.1, 'debt_to_equity': 0.11, 'current_ratio': 2.82, 'operating_margin_pct': 22.5}","{'days_to_earnings': 'N/A', 'recommendation': 'strong_buy', 'analyst_upside_pct': 19.9}",337.0,23716630528,Healthcare,Medical Instruments & Supplies,3.9,2.9,False,386.0,-12.7,8.0,True,403.93,459.0,340.0,15.0,strong_buy,19.9,107.46,-68.1,143.89,-57.3,1.17,3.95,0.27,11.1,0.88,0.25,True,-1.93,155.1,18.1,85.0,2026-10-22,False,False,7.0,NEUTRAL,2.55,19.0,1.87,33.4,0.8,0.02,-32.6,2026-07-29T06:35:26.250960
NUE,Nucor Corporation,78.7,⭐⭐⭐ EXCELLENT,🟢 Excellent,85.0,70.0,88.3,80.0,60.0,100.0,99.6,True,up,23.2,True,1,12.3,True,1,"{'eps_growth_yoy': 23.2, 'positive_quarters': 4, 'earnings_accelerating': True, 'eps_accel_quarters': 1, 'profit_margin_pct': 8.0}","{'revenue_growth_yoy': 12.3, 'revenue_accelerating': True, 'rev_accel_quarters': 1}","{'rs_3m': 13.9, 'rs_6m': 46.8, 'rs_line_percentile': 99.6, 'rs_line_at_new_high': True, 'rs_line_trend': 'up', 'rs_line_score': 100}","{'roe_pct': 14.5, 'debt_to_equity': 0.31, 'current_ratio': 2.51, 'operating_margin_pct': 15.7}","{'days_to_earnings': 'N/A', 'recommendation': 'buy', 'analyst_upside_pct': 1.3}",265.62,60492550144,Basic Materials,Steel,2.3,2.2,False,270.9,-1.9,8.0,True,269.12,285.0,231.0,16.0,buy,1.3,122.16,-54.0,324.3,22.1,1.08,2.88,0.9,22.0,2.24,1.41,True,-0.87,22.4,93.8,89.0,2026-10-26,False,False,6.0,NEUTRAL,4.14,11.9,0.16,38.6,1.6,0.04,-37.0,2026-07-29T06:39:44.201706
ADP,"Automatic Data Processing, Inc.",78.3,⭐⭐⭐ EXCELLENT,🟢 Excellent,100.0,80.0,53.0,85.0,50.0,35.0,39.7,False,up,49.3,True,1,15.8,True,2,"{'eps_growth_yoy': 49.3, 'positive_quarters': 4, 'earnings_accelerating': True, 'eps_accel_quarters': 1, 'profit_margin_pct': 20.1}","{'revenue_growth_yoy': 15.8, 'revenue_accelerating': True, 'rev_accel_quarters': 2}","{'rs_3m': 29.3, 'rs_6m': -1.6, 'rs_line_percentile': 39.7, 'rs_line_at_new_high': False, 'rs_line_trend': 'up', 'rs_line_score': 35}","{'roe_pct': 71.2, 'debt_to_equity': 0.69, 'current_ratio': 1.04, 'operating_margin_pct': 30.2}","{'days_to_earnings': 'N/A', 'recommendation': 'hold', 'analyst_upside_pct': -2.8}",264.17,105597804544,Technology,Software - Application,4.0,5.0,False,315.98,-16.4,4.0,False,256.87,305.0,190.0,15.0,hold,-2.8,239.06,-9.5,116.55,-55.9,4.5,11.88,2.67,60.5,6.8,2.04,True,-1.69,13.5,4.2,0.0,2026-07-29,True,False,8.0,STRONG,5.4,192.0,2.06,36.2,0.4,0.01,-35.8,2026-07-29T06:32:26.279364
INTU,Intuit Inc.,77.8,⭐⭐⭐ EXCELLENT,🟢 Excellent,100.0,100.0,15.0,85.0,70.0,15.0,8.4,False,down,704.2,True,2,123.4,True,2,"{'eps_growth_yoy': 704.2, 'positive_quarters': 4, 'earnings_accelerating': True, 'eps_accel_quarters': 2, 'profit_margin_pct': 21.9}","{'revenue_growth_yoy': 123.4, 'revenue_accelerating': True, 'rev_accel_quarters': 2}","{'rs_3m': -25.8, 'rs_6m': -49.3, 'rs_line_percentile': 8.4, 'rs_line_at_new_high': False, 'rs_line_trend': 'down', 'rs_line_score': 15}","{'roe_pct': 22.5, 'debt_to_equity': 0.33, 'current_ratio': 1.45, 'operating_margin_pct': 47.0}","{'days_to_earnings': 'N/A', 'recommendation': 'buy', 'analyst_upside_pct': 45.8}",312.99,85614338048,Technology,Software - Application,6.6,2.9,False,813.7,-61.5,1.0,False,456.47,921.0,250.0,33.0,buy,45.8,387.99,24.0,180.51,-42.3,6.11,19.13,1.58,28.3,4.8,0.65,True,-4.77,24.8,10.7,22.0,2026-08-20,False,False,9.0,STRONG,5.93,97.0,1.07,43.1,0.8,0.02,-42.3,2026-07-29T06:33:46.851150
JNJ,Johnson & Johnson,77.6,⭐⭐⭐ EXCELLENT,🟢 Excellent,95.0,60.0,76.7,85.0,60.0,80.0,82.1,False,up,7.4,True,2,5.5,True,1,"{'eps_growth_yoy': 7.4, 'positive_quarters': 4, 'earnings_accelerating': True, 'eps_accel_quarters': 2, 'profit_margin_pct': 21.5}","{'revenue_growth_yoy': 5.5, 'revenue_accelerating': True, 'rev_accel_quarters': 1}","{'rs_3m': 13.4, 'rs_6m': 13.1, 'rs_line_percentile': 82.1, 'rs_line_at_new_high': False, 'rs_line_trend': 'up', 'rs_line_score': 80}","{'roe_pct': 25.7, 'debt_to_equity': 0.58, 'current_ratio': 1.09, 'operating_margin_pct': 29.2}","{'days_to_earnings': 'N/A', 'recommendation': 'buy', 'analyst_upside_pct': 1.4}",266.73,642792226816,Healthcare,Drug Manufacturers - General,1.3,3.0,False,274.9,-3.0,8.0,True,270.59,305.0,190.0,22.0,buy,1.4,103.1,-61.3,86.4,-67.6,2.63,7.01,2.02,60.8,5.36,2.77,True,-1.26,25.9,-0.9,76.0,2026-10-13,False,False,4.0,NEUTRAL,5.0,136.0,,27.3,,,,2026-07-29T06:38:15.072616
TW,Tradeweb Markets Inc.,77.5,⭐⭐⭐ EXCELLENT,🟢 Excellent,95.0,90.0,36.0,85.0,65.0,15.0,15.3,False,down,33.5,False,0,20.4,True,2,"{'eps_growth_yoy': 33.5, 'positive_quarters': 4, 'earnings_accelerating': False, 'eps_accel_quarters': 0, 'profit_margin_pct': 40.3}","{'revenue_growth_yoy': 20.4, 'revenue_accelerating': True, 'rev_accel_quarters': 2}","{'rs_3m': -11.4, 'rs_6m': -6.4, 'rs_line_percentile': 15.3, 'rs_line_at_new_high': False, 'rs_line_trend': 'down', 'rs_line_score': 15}","{'roe_pct': 14.2, 'debt_to_equity': 0.02, 'current_ratio': 5.93, 'operating_margin_pct': 46.4}","{'days_to_earnings': 'N/A', 'recommendation': 'buy', 'analyst_upside_pct': 23.2}",104.27,22733572096,Financial Services,Capital Markets,3.6,2.5,False,147.49,-29.3,2.0,False,128.5,201.0,105.0,14.0,buy,23.2,,,124.2,19.1,,,0.55,12.4,0.56,0.4,True,-0.69,636.1,27.4,1.0,2026-07-30,True,False,8.0,STRONG,5.58,57.1,0.58,38.0,0.8,0.02,-37.2,2026-07-29T06:34:10.897955
FICO,Fair Isaac Corporation,77.2,⭐⭐⭐ EXCELLENT,🟢 Excellent,100.0,90.0,41.0,70.0,60.0,35.0,30.1,False,up,45.5,True,2,28.9,True,2,"{'eps_growth_yoy': 45.5, 'positive_quarters': 4, 'earnings_accelerating': True, 'eps_accel_quarters': 2, 'profit_margin_pct': 33.7}","{'revenue_growth_yoy': 28.9, 'revenue_accelerating': True, 'rev_accel_quarters': 2}","{'rs_3m': 27.9, 'rs_6m': -20.6, 'rs_line_percentile': 30.1, 'rs_line_at_new_high': False, 'rs_line_trend': 'up', 'rs_line_score': 35}","{'current_ratio': 2.22, 'operating_margin_pct': 58.2}","{'days_to_earnings': 'N/A', 'recommendation': 'buy', 'analyst_upside_pct': 14.8}",1336.22,30988150784,Technology,Software - Application,11.4,7.5,True,1998.01,-33.1,2.0,False,1534.55,2400.0,707.0,20.0,buy,14.8,1335.91,-0.0,986.1,-26.2,2.36,31.5,,,,0.09,True,-5.85,7.2,69.0,0.0,2026-07-29,True,False,7.0,NEUTRAL,2.72,996.8,0.36,40.6,0.2,0.0,-40.4,2026-07-29T06:34:38.261798
ICE,Intercontinental Exchange Inc.,76.5,⭐⭐⭐ EXCELLENT,🟢 Excellent,100.0,80.0,44.0,75.0,65.0,35.0,31.0,False,flat,66.0,True,2,12.4,True,2,"{'eps_growth_yoy': 66.0, 'positive_quarters': 4, 'earnings_accelerating': True, 'eps_accel_quarters': 2, 'profit_margin_pct': 37.7}","{'revenue_growth_yoy': 12.4, 'revenue_accelerating': True, 'rev_accel_quarters': 2}","{'rs_3m': -6.3, 'rs_6m': -18.3, 'rs_line_percentile': 31.0, 'rs_line_at_new_high': False, 'rs_line_trend': 'flat', 'rs_line_score': 35}","{'roe_pct': 13.9, 'debt_to_equity': 0.71, 'current_ratio': 1.01, 'operating_margin_pct': 57.3}","{'days_to_earnings': 'N/A', 'recommendation': 'strong_buy', 'analyst_upside_pct': 19.1}",152.72,86365069312,Financial Services,Financial Data & Stock Exchanges,1.8,1.8,False,189.35,-19.3,3.0,False,181.93,240.0,159.0,15.0,strong_buy,19.1,280.7,83.8,211.8,38.7,4.33,6.62,1.4,28.5,2.08,1.23,True,-1.98,7.5,79.7,1.0,2026-07-30,True,False,8.0,STRONG,4.83,118.3,0.22,26.7,,,,2026-07-29T06:35:10.136391
CBOE,"Cboe Global Markets, Inc.",76.3,⭐⭐⭐ EXCELLENT,🟢 Excellent,100.0,70.0,47.6,95.0,50.0,35.0,48.4,False,down,64.1,True,1,8.5,True,2,"{'eps_growth_yoy': 64.1, 'positive_quarters': 4, 'earnings_accelerating': True, 'eps_accel_quarters': 1, 'profit_margin_pct': 25.8}","{'revenue_growth_yoy': 8.5, 'revenue_accelerating': True, 'rev_accel_quarters': 2}","{'rs_3m': -6.2, 'rs_6m': 4.4, 'rs_line_percentile': 48.4, 'rs_line_at_new_high': False, 'rs_line_trend': 'down', 'rs_line_score': 35}","{'roe_pct': 25.1, 'debt_to_equity': 0.29, 'current_ratio': 1.39, 'operating_margin_pct': 39.7}","{'days_to_earnings': 'N/A', 'recommendation': 'hold', 'analyst_upside_pct': 5.1}",297.39,31122991104,Financial Services,Financial Data & Stock Exchanges,3.0,2.9,False,371.18,-19.9,7.0,True,312.43,375.0,258.0,14.0,hold,5.1,406.47,36.7,361.2,21.5,3.22,9.58,1.0,23.8,2.88,1.29,True,-0.25,33.8,21.8,2.0,2026-07-31,True,False,8.0,STRONG,5.3,70.3,0.36,36.5,,,,2026-07-29T06:38:19.376865
BAC,Bank of America Corporation,76.2,⭐⭐⭐ EXCELLENT,🟢 Excellent,95.0,60.0,84.7,65.0,60.0,100.0,100.0,True,up,20.6,True,1,14.4,False,0,"{'eps_growth_yoy': 20.6, 'positive_quarters': 4, 'earnings_accelerating': True, 'eps_accel_quarters': 1, 'profit_margin_pct': 29.5}","{'revenue_growth_yoy': 14.4, 'revenue_accelerating': False, 'rev_accel_quarters': 0}","{'rs_3m': 15.2, 'rs_6m': 14.2, 'rs_line_percentile': 100.0, 'rs_line_at_new_high': True, 'rs_line_trend': 'up', 'rs_line_score': 100}","{'roe_pct': 11.2, 'operating_margin_pct': 38.3}","{'days_to_earnings': 'N/A', 'recommendation': 'buy', 'analyst_upside_pct': 9.3}",62.62,444388507648,Financial Services,Banks - Diversified,0.0,0.0,False,62.99,-0.6,8.0,True,68.43,75.0,62.0,22.0,buy,9.3,,,130.8,108.9,,,2.06,25.9,1.28,2.35,True,-5.66,,36.0,77.0,2026-10-14,False,False,5.0,NEUTRAL,,,0.33,20.2,0.8,0.04,-19.4,2026-07-29T06:38:55.170737
CNI,Canadian National Railway Compa,74.9,⭐⭐⭐ EXCELLENT,🟢 Excellent,85.0,70.0,84.7,60.0,60.0,100.0,95.0,True,up,9.7,True,1,14.1,True,1,"{'eps_growth_yoy': 9.7, 'positive_quarters': 4, 'earnings_accelerating': True, 'eps_accel_quarters': 1, 'profit_margin_pct': 26.9}","{'revenue_growth_yoy': 14.1, 'revenue_accelerating': True, 'rev_accel_quarters': 1}","{'rs_3m': 9.0, 'rs_6m': 23.3, 'rs_line_percentile': 95.0, 'rs_line_at_new_high': True, 'rs_line_trend': 'up', 'rs_line_score': 100}","{'roe_pct': 22.0, 'debt_to_equity': 1.04, 'current_ratio': 0.87, 'operating_margin_pct': 40.3}","{'days_to_earnings': 'N/A', 'recommendation': 'buy', 'analyst_upside_pct': 6.2}",129.52,78346649600,Industrials,Railroads,,2.0,False,131.55,-1.5,8.0,True,137.54,150.89,112.92,13.0,buy,6.2,99.45,-23.2,56.71,-56.2,3.86,5.0,2.02,46.3,2.6,2.04,True,-3.84,7.8,7.1,93.0,2026-10-30,False,False,7.0,NEUTRAL,7.13,14.5,1.99,18.0,0.4,0.02,-17.6,2026-07-29T06:35:06.355041
V,Visa Inc.,74.5,⭐⭐⭐ EXCELLENT,🟢 Excellent,85.0,70.0,63.9,85.0,60.0,60.0,57.0,False,up,14.2,False,0,10.4,True,1,"{'eps_growth_yoy': 14.2, 'positive_quarters': 4, 'earnings_accelerating': False, 'eps_accel_quarters': 0, 'profit_margin_pct': 51.7}","{'revenue_growth_yoy': 10.4, 'revenue_accelerating': True, 'rev_accel_quarters': 1}","{'rs_3m': 14.4, 'rs_6m': 6.1, 'rs_line_percentile': 57.0, 'rs_line_at_new_high': False, 'rs_line_trend': 'up', 'rs_line_score': 60}","{'roe_pct': 60.3, 'debt_to_equity': 0.67, 'current_ratio': 1.09, 'operating_margin_pct': 67.3}","{'days_to_earnings': 'N/A', 'recommendation': 'strong_buy', 'analyst_upside_pct': 9.7}",366.59,697160237056,Financial Services,Credit Services,1.4,2.4,False,371.16,-1.2,5.0,False,402.01,450.0,330.0,38.0,strong_buy,9.7,532.49,45.3,347.4,-5.2,2.99,12.56,0.74,22.0,2.68,0.7,True,-3.06,43.6,35.5,,,False,False,6.0,NEUTRAL,3.79,381.9,0.69,24.3,,,,2026-07-29T06:32:09.823194
CDNS,"Cadence Design Systems, Inc.",74.3,⭐⭐⭐ EXCELLENT,🟢 Excellent,100.0,60.0,50.3,85.0,65.0,35.0,37.0,False,flat,109.7,False,0,15.6,False,0,"{'eps_growth_yoy': 109.7, 'positive_quarters': 4, 'earnings_accelerating': False, 'eps_accel_quarters': 0, 'profit_margin_pct': 21.2}","{'revenue_growth_yoy': 15.6, 'revenue_accelerating': False, 'rev_accel_quarters': 0}","{'rs_3m': 1.6, 'rs_6m': 1.2, 'rs_line_percentile': 37.0, 'rs_line_at_new_high': False, 'rs_line_trend': 'flat', 'rs_line_score': 35}","{'roe_pct': 20.7, 'debt_to_equity': 0.47, 'current_ratio': 1.47, 'operating_margin_pct': 29.7}","{'days_to_earnings': 'N/A', 'recommendation': 'strong_buy', 'analyst_upside_pct': 17.1}",344.72,95079292928,Technology,Software - Application,2.2,2.8,False,416.69,-17.3,6.0,False,403.67,470.0,300.0,26.0,strong_buy,17.1,178.28,-48.3,100.74,-70.8,1.58,5.44,,,,,True,-1.05,14.4,23.0,89.0,2026-10-26,False,False,7.0,NEUTRAL,1.73,44.0,1.57,44.8,,,,2026-07-29T06:36:33.305010
NDAQ,"Nasdaq, Inc.",74.1,⭐⭐⭐ EXCELLENT,🟢 Excellent,85.0,80.0,56.7,75.0,60.0,60.0,52.1,False,up,19.9,False,0,29.3,True,1,"{'eps_growth_yoy': 19.9, 'positive_quarters': 4, 'earnings_accelerating': False, 'eps_accel_quarters': 0, 'profit_margin_pct': 35.0}","{'revenue_growth_yoy': 29.3, 'revenue_accelerating': True, 'rev_accel_quarters': 1}","{'rs_3m': 1.1, 'rs_6m': -9.0, 'rs_line_percentile': 52.1, 'rs_line_at_new_high': False, 'rs_line_trend': 'up', 'rs_line_score': 60}","{'roe_pct': 16.5, 'debt_to_equity': 0.78, 'current_ratio': 1.01, 'operating_margin_pct': 49.3}","{'days_to_earnings': 'N/A', 'recommendation': 'buy', 'analyst_upside_pct': 14.7}",95.96,53639467008,Financial Services,Financial Data & Stock Exchanges,2.4,1.7,False,101.79,-5.7,5.0,False,110.07,135.0,84.0,15.0,buy,14.7,70.38,-26.7,49.35,-48.6,3.15,3.03,1.23,32.7,1.16,1.28,True,-2.43,8.3,14.1,85.0,2026-10-22,False,False,9.0,STRONG,4.0,205.3,1.46,35.2,,,,2026-07-29T06:36:57.848966
UNH,UnitedHealth Group Incorporated,73.7,⭐⭐⭐ EXCELLENT,🟢 Excellent,100.0,50.0,88.3,50.0,60.0,100.0,96.1,True,up,84.4,True,1,0.1,False,0,"{'eps_growth_yoy': 84.4, 'positive_quarters': 4, 'earnings_accelerating': True, 'eps_accel_quarters': 1, 'profit_margin_pct': 3.1}","{'revenue_growth_yoy': 0.1, 'revenue_accelerating': False, 'rev_accel_quarters': 0}","{'rs_3m': 13.2, 'rs_6m': 46.6, 'rs_line_percentile': 96.1, 'rs_line_at_new_high': True, 'rs_line_trend': 'up', 'rs_line_score': 100}","{'roe_pct': 14.2, 'debt_to_equity': 0.69, 'current_ratio': 0.78, 'operating_margin_pct': 7.1}","{'days_to_earnings': 'N/A', 'recommendation': 'buy', 'analyst_upside_pct': 10.8}",428.79,389403246592,Healthcare,Healthcare Plans,2.1,2.9,False,461.62,-7.1,8.0,True,475.23,529.0,313.0,26.0,buy,10.8,1062.83,147.9,409.2,-4.6,5.84,25.06,2.22,66.6,9.28,1.65,True,-0.65,4.7,61.5,90.0,2026-10-27,False,False,6.0,NEUTRAL,4.33,173.8,0.31,27.0,0.4,0.01,-26.6,2026-07-29T06:39:19.729210
GWW,"W.W. Grainger, Inc.",72.9,⭐⭐⭐ EXCELLENT,🟢 Excellent,75.0,60.0,88.3,85.0,50.0,100.0,99.1,True,up,15.1,False,0,4.1,True,1,"{'eps_growth_yoy': 15.1, 'positive_quarters': 4, 'earnings_accelerating': False, 'eps_accel_quarters': 0, 'profit_margin_pct': 9.7}","{'revenue_growth_yoy': 4.1, 'revenue_accelerating': True, 'rev_accel_quarters': 1}","{'rs_3m': 16.5, 'rs_6m': 25.7, 'rs_line_percentile': 99.1, 'rs_line_at_new_high': True, 'rs_line_trend': 'up', 'rs_line_score': 100}","{'roe_pct': 46.1, 'debt_to_equity': 0.64, 'current_ratio': 2.69, 'operating_margin_pct': 16.7}","{'days_to_earnings': 'N/A', 'recommendation': 'hold', 'analyst_upside_pct': -7.6}",1398.9,66046435328,Industrials,Industrial Distribution,2.9,3.2,False,1419.91,-1.5,8.0,True,1292.29,1460.0,930.0,14.0,hold,-7.6,666.57,-52.4,677.22,-51.6,1.74,24.4,0.66,24.3,9.27,1.0,True,-1.52,32.5,7.3,6.0,2026-08-04,True,False,6.0,NEUTRAL,3.66,40.8,1.52,18.0,,,,2026-07-29T06:38:27.810093
BRK-B,Berkshire Hathaway Inc. New,72.8,⭐⭐⭐ EXCELLENT,🟢 Excellent,100.0,60.0,50.3,85.0,50.0,35.0,41.2,False,up,119.6,False,0,10.5,False,0,"{'eps_growth_yoy': 119.6, 'positive_quarters': 4, 'earnings_accelerating': False, 'eps_accel_quarters': 0, 'profit_margin_pct': 19.3}","{'revenue_growth_yoy': 10.5, 'revenue_accelerating': False, 'rev_accel_quarters': 0}","{'rs_3m': 2.8, 'rs_6m': 0.9, 'rs_line_percentile': 41.2, 'rs_line_at_new_high': False, 'rs_line_trend': 'up', 'rs_line_score': 35}","{'roe_pct': 10.5, 'debt_to_equity': 0.18, 'current_ratio': 2.88, 'operating_margin_pct': 14.4}","{'days_to_earnings': 'N/A', 'recommendation': 'none', 'analyst_upside_pct': 2.5}",512.37,1105107091456,Financial Services,Insurance - Diversified,1.0,2.3,False,516.85,-0.9,4.0,False,525.33,585.0,481.0,3.0,none,2.5,1856.94,262.4,1039.2,102.8,5.54,43.79,,,,,True,-0.02,14.4,59.8,10.0,2026-08-08,False,True,4.0,NEUTRAL,,,0.2,16.2,,,,2026-07-29T06:36:05.972333
G24.DE,Scout24 SE                    N,71.8,⭐⭐⭐ EXCELLENT,🟢 Excellent,95.0,60.0,50.0,75.0,70.0,,,,,37.0,False,0,14.0,False,0,"{'eps_growth_yoy': 37.0, 'positive_quarters': 4, 'earnings_accelerating': False, 'eps_accel_quarters': 0, 'profit_margin_pct': 37.4}","{'revenue_growth_yoy': 14.0, 'revenue_accelerating': False, 'rev_accel_quarters': 0}","{'rs_3m': nan, 'rs_6m': nan}","{'roe_pct': 17.7, 'debt_to_equity': 0.25, 'current_ratio': 0.22, 'operating_margin_pct': 55.2}","{'days_to_earnings': 'N/A', 'recommendation': 'strong_buy', 'analyst_upside_pct': 39.2}",75.2,5317804032,Communication Services,Internet Content & Information,,,False,121.6,-38.2,0.0,False,104.67,140.0,80.0,18.0,strong_buy,39.2,,,108.3,44.0,,,2.09,36.6,1.5,1.51,,,44.1,40.6,8.0,2026-08-06,False,True,6.0,NEUTRAL,5.04,635.9,0.39,32.4,,,,2026-07-29T06:38:43.076109
CTAS,Cintas Corporation,71.0,⭐⭐⭐ EXCELLENT,🟢 Excellent,90.0,50.0,63.9,85.0,60.0,60.0,51.0,False,up,12.1,True,1,6.5,False,0,"{'eps_growth_yoy': 12.1, 'positive_quarters': 4, 'earnings_accelerating': True, 'eps_accel_quarters': 1, 'profit_margin_pct': 17.8}","{'revenue_growth_yoy': 6.5, 'revenue_accelerating': False, 'rev_accel_quarters': 0}","{'rs_3m': 19.3, 'rs_6m': 5.9, 'rs_line_percentile': 51.0, 'rs_line_at_new_high': False, 'rs_line_trend': 'up', 'rs_line_score': 60}","{'roe_pct': 40.7, 'debt_to_equity': 0.53, 'current_ratio': 1.43, 'operating_margin_pct': 23.6}","{'days_to_earnings': 'N/A', 'recommendation': 'buy', 'analyst_upside_pct': 0.2}",214.9,85991587840,Industrials,Specialty Business Services,4.1,5.4,False,226.75,-5.2,4.0,False,215.38,250.0,160.0,16.0,buy,0.2,90.28,-58.0,78.16,-63.6,1.7,3.66,0.85,36.7,1.8,0.9,True,-1.38,24.1,10.9,56.0,2026-09-23,False,False,3.0,NEUTRAL,,,2.26,36.1,,,,2026-07-29T06:32:13.893792
DBOEY,Deutsche Boerse AG,71.0,⭐⭐⭐ EXCELLENT,🟢 Excellent,85.0,60.0,62.4,80.0,60.0,60.0,50.0,False,up,11.9,False,0,11.7,False,0,"{'eps_growth_yoy': 11.9, 'positive_quarters': 4, 'earnings_accelerating': False, 'eps_accel_quarters': 0, 'profit_margin_pct': 27.3}","{'revenue_growth_yoy': 11.7, 'revenue_accelerating': False, 'rev_accel_quarters': 0}","{'rs_3m': -5.8, 'rs_6m': 16.5, 'rs_line_percentile': 50.0, 'rs_line_at_new_high': False, 'rs_line_trend': 'up', 'rs_line_score': 60}","{'roe_pct': 20.4, 'debt_to_equity': 0.58, 'current_ratio': 1.01, 'operating_margin_pct': 41.9}","{'days_to_earnings': 'N/A', 'recommendation': 'strong_buy', 'analyst_upside_pct': 14.5}",30.31,54645186560,Financial Services,Financial Data & Stock Exchanges,,,False,31.44,-3.6,7.0,True,34.72,34.72,34.72,1.0,strong_buy,14.5,27.69,-8.6,18.22,-39.9,3.99,1.21,1.63,36.0,0.49,1.9,,,,6.9,83.0,2026-10-20,False,False,5.0,NEUTRAL,5.13,66.8,1.44,26.1,,,,2026-07-29T06:35:22.050303
DSGX,The Descartes Systems Group Inc,70.7,⭐⭐⭐ EXCELLENT,🟢 Excellent,100.0,50.0,38.7,90.0,70.0,15.0,15.4,False,up,27.5,True,1,7.7,False,0,"{'eps_growth_yoy': 27.5, 'positive_quarters': 4, 'earnings_accelerating': True, 'eps_accel_quarters': 1, 'profit_margin_pct': 23.3}","{'revenue_growth_yoy': 7.7, 'revenue_accelerating': False, 'rev_accel_quarters': 0}","{'rs_3m': 2.2, 'rs_6m': -14.4, 'rs_line_percentile': 15.4, 'rs_line_at_new_high': False, 'rs_line_trend': 'up', 'rs_line_score': 15}","{'roe_pct': 11.4, 'debt_to_equity': 0.0, 'current_ratio': 2.05, 'operating_margin_pct': 32.9}","{'days_to_earnings': 'N/A', 'recommendation': 'buy', 'analyst_upside_pct': 32.0}",75.59,6477368832,Technology,Software - Application,,4.7,False,109.0,-30.7,1.0,False,99.79,126.0,82.0,14.0,buy,32.0,132.77,75.6,64.2,-15.1,4.14,3.13,,,,,True,-0.32,243.4,34.1,35.0,2026-09-02,False,False,6.0,NEUTRAL,3.56,77.7,0.68,47.6,,,,2026-07-29T06:35:38.251814
KO,Coca-Cola Company (The),69.7,⭐⭐ GOOD,🟡 Good,85.0,40.0,81.1,80.0,60.0,100.0,95.4,True,up,3.0,True,1,-0.5,True,1,"{'eps_growth_yoy': 3.0, 'positive_quarters': 4, 'earnings_accelerating': True, 'eps_accel_quarters': 1, 'profit_margin_pct': 27.8}","{'revenue_growth_yoy': -0.5, 'revenue_accelerating': True, 'rev_accel_quarters': 1}","{'rs_3m': 9.0, 'rs_6m': 14.5, 'rs_line_percentile': 95.4, 'rs_line_at_new_high': True, 'rs_line_trend': 'up', 'rs_line_score': 100}","{'roe_pct': 43.4, 'debt_to_equity': 1.25, 'current_ratio': 1.36, 'operating_margin_pct': 35.1}","{'days_to_earnings': 'N/A', 'recommendation': 'buy', 'analyst_upside_pct': 0.0}",88.27,379825815552,Consumer Defensive,Beverages - Non-Alcoholic,1.1,2.4,False,90.22,-2.2,8.0,True,88.3,98.0,75.0,23.0,buy,0.0,19.83,-77.5,60.79,-31.1,0.82,0.73,2.52,64.8,2.12,2.88,True,-0.22,11.1,18.2,,,False,False,7.0,NEUTRAL,4.47,91.1,1.39,31.9,,,,2026-07-29T06:33:33.976845
EQIX,"Equinix, Inc.",69.7,⭐⭐ GOOD,🟡 Good,90.0,50.0,66.0,70.0,65.0,60.0,66.1,False,down,12.8,True,1,8.3,False,0,"{'eps_growth_yoy': 12.8, 'positive_quarters': 4, 'earnings_accelerating': True, 'eps_accel_quarters': 1, 'profit_margin_pct': 14.9}","{'revenue_growth_yoy': 8.3, 'revenue_accelerating': False, 'rev_accel_quarters': 0}","{'rs_3m': -7.8, 'rs_6m': 22.1, 'rs_line_percentile': 66.1, 'rs_line_at_new_high': False, 'rs_line_trend': 'down', 'rs_line_score': 60}","{'roe_pct': 10.1, 'debt_to_equity': 1.63, 'current_ratio': 1.18, 'operating_margin_pct': 24.3}","{'days_to_earnings': 'N/A', 'recommendation': 'buy', 'analyst_upside_pct': 15.9}",1034.86,102062284800,Real Estate,REIT - Specialty,2.2,2.8,False,1128.68,-8.3,6.0,False,1199.66,1350.0,950.0,29.0,buy,15.9,808.91,-21.8,285.6,-72.4,2.67,27.63,1.88,133.0,19.7,1.86,False,,3.9,20.0,0.0,2026-07-29,True,False,6.0,NEUTRAL,1.64,7.8,2.68,32.0,,,,2026-07-29T06:37:26.280023
RACE,Ferrari N.V.,69.6,⭐⭐ GOOD,🟡 Good,75.0,70.0,50.3,90.0,60.0,35.0,25.3,False,up,-2.7,True,2,3.4,True,2,"{'eps_growth_yoy': -2.7, 'positive_quarters': 4, 'earnings_accelerating': True, 'eps_accel_quarters': 2, 'profit_margin_pct': 22.2}","{'revenue_growth_yoy': 3.4, 'revenue_accelerating': True, 'rev_accel_quarters': 2}","{'rs_3m': 9.5, 'rs_6m': 9.9, 'rs_line_percentile': 25.3, 'rs_line_at_new_high': False, 'rs_line_trend': 'up', 'rs_line_score': 35}","{'roe_pct': 42.0, 'debt_to_equity': 0.72, 'current_ratio': 2.57, 'operating_margin_pct': 29.5}","{'days_to_earnings': 'N/A', 'recommendation': 'strong_buy', 'analyst_upside_pct': 14.1}",390.14,68598607872,Consumer Cyclical,Auto Manufacturers,2.9,6.7,False,509.82,-23.5,3.0,False,445.32,524.28,391.73,14.0,strong_buy,14.1,82.5,-78.9,104.9,-73.1,1.44,5.61,1.11,33.2,4.23,0.67,True,-0.86,55.0,1.3,1.0,2026-07-30,True,False,9.0,STRONG,3.01,46.9,24.44,32.4,,,,2026-07-29T06:35:54.442447
TECK,Teck Resources Ltd,69.5,⭐⭐ GOOD,🟡 Good,100.0,50.0,54.0,75.0,50.0,60.0,68.3,False,down,203.9,False,0,6.5,False,0,"{'eps_growth_yoy': 203.9, 'positive_quarters': 4, 'earnings_accelerating': False, 'eps_accel_quarters': 0, 'profit_margin_pct': 17.9}","{'revenue_growth_yoy': 6.5, 'revenue_accelerating': False, 'rev_accel_quarters': 0}","{'rs_3m': -2.8, 'rs_6m': -2.9, 'rs_line_percentile': 68.3, 'rs_line_at_new_high': False, 'rs_line_trend': 'down', 'rs_line_score': 60}","{'roe_pct': 8.7, 'debt_to_equity': 0.34, 'current_ratio': 3.12, 'operating_margin_pct': 44.1}","{'days_to_earnings': 'N/A', 'recommendation': 'hold', 'analyst_upside_pct': -9.0}",58.63,28763879424,Basic Materials,Copper,,3.5,False,71.25,-17.7,6.0,False,53.35,68.0,36.0,4.0,hold,-9.0,152.52,160.1,106.2,81.1,6.04,3.6,0.59,9.8,0.35,0.99,True,-0.5,6.5,129.8,85.0,2026-10-22,False,False,5.0,NEUTRAL,7.11,6.5,0.05,46.2,0.8,0.02,-45.4,2026-07-29T06:40:37.119036
CSU.TO,CONSTELLATION SOFTWARE INC.,69.4,⭐⭐ GOOD,🟡 Good,100.0,60.0,45.9,55.0,70.0,15.0,18.2,False,up,555.4,True,1,11.9,False,0,"{'eps_growth_yoy': 555.4, 'positive_quarters': 4, 'earnings_accelerating': True, 'eps_accel_quarters': 1, 'profit_margin_pct': 6.1}","{'revenue_growth_yoy': 11.9, 'revenue_accelerating': False, 'rev_accel_quarters': 0}","{'rs_3m': 19.3, 'rs_6m': 7.4, 'rs_line_percentile': 18.2, 'rs_line_at_new_high': False, 'rs_line_trend': 'up', 'rs_line_score': 15}","{'roe_pct': 19.7, 'debt_to_equity': 1.21, 'current_ratio': 0.91, 'operating_margin_pct': 13.8}","{'days_to_earnings': 'N/A', 'recommendation': 'strong_buy', 'analyst_upside_pct': 30.9}",3020.3,64004780032,Technology,Software - Application,,5.7,False,4922.93,-38.6,3.0,False,3953.88,5712.66,3248.37,12.0,strong_buy,30.9,5506.27,82.3,1481.1,-51.0,4.3,129.84,0.2,11.4,5.68,0.19,False,,5.5,169.9,13.0,2026-08-11,False,True,6.0,NEUTRAL,1.78,191.5,0.09,55.4,,,,2026-07-29T06:33:21.302854
AME,"AMETEK, Inc.",68.8,⭐⭐ GOOD,🟡 Good,85.0,50.0,60.3,85.0,60.0,60.0,68.1,False,up,11.4,False,0,8.5,False,0,"{'eps_growth_yoy': 11.4, 'positive_quarters': 4, 'earnings_accelerating': False, 'eps_accel_quarters': 0, 'profit_margin_pct': 20.1}","{'revenue_growth_yoy': 8.5, 'revenue_accelerating': False, 'rev_accel_quarters': 0}","{'rs_3m': 1.2, 'rs_6m': 2.7, 'rs_line_percentile': 68.1, 'rs_line_at_new_high': False, 'rs_line_trend': 'up', 'rs_line_score': 60}","{'roe_pct': 14.6, 'debt_to_equity': 0.22, 'current_ratio': 1.14, 'operating_margin_pct': 26.3}","{'days_to_earnings': 'N/A', 'recommendation': 'buy', 'analyst_upside_pct': 9.1}",241.43,55336480768,Industrials,Specialty Industrial Machinery,1.6,2.8,False,244.71,-1.3,7.0,True,263.39,303.0,217.0,18.0,buy,9.1,142.82,-40.8,95.26,-60.5,2.5,6.04,0.56,19.2,1.36,0.62,True,-0.8,23.3,14.5,6.0,2026-08-04,True,False,6.0,NEUTRAL,3.28,144.0,1.89,17.7,,,,2026-07-29T06:37:34.679175
ATLKY,Atlas Copco AB,68.8,⭐⭐ GOOD,🟡 Good,80.0,60.0,56.7,80.0,65.0,60.0,52.8,False,up,8.2,True,1,9.1,True,1,"{'eps_growth_yoy': 8.2, 'positive_quarters': 4, 'earnings_accelerating': True, 'eps_accel_quarters': 1, 'profit_margin_pct': 15.7}","{'revenue_growth_yoy': 9.1, 'revenue_accelerating': True, 'rev_accel_quarters': 1}","{'rs_3m': 5.2, 'rs_6m': -8.7, 'rs_line_percentile': 52.8, 'rs_line_at_new_high': False, 'rs_line_trend': 'up', 'rs_line_score': 60}","{'roe_pct': 25.7, 'debt_to_equity': 0.34, 'current_ratio': 1.27}","{'days_to_earnings': 'N/A', 'recommendation': 'strong_buy', 'analyst_upside_pct': 27.7}",20.36,99328720896,Industrials,Specialty Industrial Machinery,,,False,22.05,-7.7,7.0,True,26.0,26.0,26.0,1.0,strong_buy,27.7,142.15,598.2,5.5,-73.0,26.15,7.83,2.67,73.8,0.56,1.57,False,,126.5,4.0,,,False,False,6.0,NEUTRAL,,53.6,3.25,29.6,,,,2026-07-29T06:37:38.883401
KVUE,Kenvue Inc.,68.6,⭐⭐ GOOD,🟡 Good,90.0,70.0,50.3,60.0,50.0,35.0,46.8,False,up,12.9,True,1,1.8,True,2,"{'eps_growth_yoy': 12.9, 'positive_quarters': 4, 'earnings_accelerating': True, 'eps_accel_quarters': 1, 'profit_margin_pct': 10.6}","{'revenue_growth_yoy': 1.8, 'revenue_accelerating': True, 'rev_accel_quarters': 2}","{'rs_3m': 9.6, 'rs_6m': 8.4, 'rs_line_percentile': 46.8, 'rs_line_at_new_high': False, 'rs_line_trend': 'up', 'rs_line_score': 35}","{'roe_pct': 15.7, 'debt_to_equity': 0.83, 'current_ratio': 0.98, 'operating_margin_pct': 21.6}","{'days_to_earnings': 'N/A', 'recommendation': 'hold', 'analyst_upside_pct': 0.4}",19.75,37920169984,Consumer Defensive,Household & Personal Products,3.7,2.9,False,22.44,-12.0,7.0,True,19.83,23.0,18.0,12.0,hold,0.4,41.04,107.8,25.5,29.1,4.9,0.97,4.26,98.5,0.83,,True,-0.35,6.2,18.8,8.0,2026-08-06,False,True,7.0,NEUTRAL,5.32,109.8,0.34,22.2,,,,2026-07-29T06:40:25.152220
SPGI,S&P Global Inc.,68.5,⭐⭐ GOOD,🟡 Good,100.0,70.0,24.0,65.0,65.0,15.0,18.7,False,up,30.1,True,1,11.1,True,1,"{'eps_growth_yoy': 30.1, 'positive_quarters': 4, 'earnings_accelerating': True, 'eps_accel_quarters': 1, 'profit_margin_pct': 30.4}","{'revenue_growth_yoy': 11.1, 'revenue_accelerating': True, 'rev_accel_quarters': 1}","{'rs_3m': -0.6, 'rs_6m': -21.5, 'rs_line_percentile': 18.7, 'rs_line_at_new_high': False, 'rs_line_trend': 'up', 'rs_line_score': 15}","{'roe_pct': 13.9, 'debt_to_equity': 0.38, 'current_ratio': 0.68, 'operating_margin_pct': 44.3}","{'days_to_earnings': 'N/A', 'recommendation': 'strong_buy', 'analyst_upside_pct': 22.2}",424.36,125101326336,Financial Services,Financial Data & Stock Exchanges,1.7,2.0,False,547.82404,-22.5,2.0,False,518.53,555.0,444.0,19.0,strong_buy,22.2,762.27,79.6,456.9,7.7,4.24,17.97,0.88,24.4,3.88,0.82,True,-4.28,22.7,32.5,,,False,False,7.0,NEUTRAL,4.42,942.7,0.64,45.2,,,,2026-07-29T06:32:38.543672
FAST,Fastenal Company,68.3,⭐⭐ GOOD,🟡 Good,80.0,60.0,50.3,95.0,50.0,35.0,36.2,False,up,14.1,False,0,11.9,False,0,"{'eps_growth_yoy': 14.1, 'positive_quarters': 4, 'earnings_accelerating': False, 'eps_accel_quarters': 0, 'profit_margin_pct': 15.5}","{'revenue_growth_yoy': 11.9, 'revenue_accelerating': False, 'rev_accel_quarters': 0}","{'rs_3m': 3.9, 'rs_6m': 4.2, 'rs_line_percentile': 36.2, 'rs_line_at_new_high': False, 'rs_line_trend': 'up', 'rs_line_score': 35}","{'roe_pct': 34.3, 'debt_to_equity': 0.11, 'current_ratio': 4.18, 'operating_margin_pct': 21.0}","{'days_to_earnings': 'N/A', 'recommendation': 'hold', 'analyst_upside_pct': -0.5}",48.1,55194632192,Industrials,Industrial Distribution,3.1,3.6,False,50.63,-5.0,5.0,False,47.84,55.0,39.9,13.0,hold,-0.5,18.94,-60.6,17.23,-64.2,1.66,0.8,2.02,78.6,0.96,2.16,True,-0.09,395.6,5.8,77.0,2026-10-14,False,False,8.0,STRONG,3.0,39.6,2.36,25.7,,,,2026-07-29T06:37:18.054223
MCO,Moody's Corporation,68.1,⭐⭐ GOOD,🟡 Good,100.0,50.0,46.7,65.0,65.0,35.0,30.4,False,up,35.9,True,2,8.9,False,0,"{'eps_growth_yoy': 35.9, 'positive_quarters': 4, 'earnings_accelerating': True, 'eps_accel_quarters': 2, 'profit_margin_pct': 34.3}","{'revenue_growth_yoy': 8.9, 'revenue_accelerating': False, 'rev_accel_quarters': 0}","{'rs_3m': 1.6, 'rs_6m': -13.3, 'rs_line_percentile': 30.4, 'rs_line_at_new_high': False, 'rs_line_trend': 'up', 'rs_line_score': 35}","{'roe_pct': 76.9, 'debt_to_equity': 2.41, 'current_ratio': 1.19, 'operating_margin_pct': 49.5}","{'days_to_earnings': 'N/A', 'recommendation': 'buy', 'analyst_upside_pct': 15.1}",484.2,83854237696,Financial Services,Financial Data & Stock Exchanges,2.1,3.1,False,546.88,-11.5,4.0,False,557.14,610.0,500.0,21.0,buy,15.1,631.57,30.4,470.7,-2.8,3.08,14.89,0.85,25.0,4.12,0.8,False,,14.5,56.7,84.0,2026-10-21,False,False,8.0,STRONG,3.78,106.3,0.45,34.3,,,,2026-07-29T06:33:42.849085
CME,CME Group Inc.,68.0,⭐⭐ GOOD,🟡 Good,85.0,60.0,44.0,85.0,60.0,35.0,31.5,False,down,14.7,False,0,11.0,False,0,"{'eps_growth_yoy': 14.7, 'positive_quarters': 4, 'earnings_accelerating': False, 'eps_accel_quarters': 0, 'profit_margin_pct': 63.4}","{'revenue_growth_yoy': 11.0, 'revenue_accelerating': False, 'rev_accel_quarters': 0}","{'rs_3m': -12.5, 'rs_6m': -13.0, 'rs_line_percentile': 31.5, 'rs_line_at_new_high': False, 'rs_line_trend': 'down', 'rs_line_score': 35}","{'roe_pct': 15.8, 'debt_to_equity': 0.15, 'current_ratio': 1.02, 'operating_margin_pct': 65.0}","{'days_to_earnings': 'N/A', 'recommendation': 'buy', 'analyst_upside_pct': 9.2}",260.0,93490610176,Financial Services,Financial Data & Stock Exchanges,1.8,1.5,False,329.16,-21.0,3.0,False,283.93,330.0,230.0,15.0,buy,9.2,119.04,-54.2,120.1,-53.8,3.11,8.09,2.04,95.4,5.2,3.54,True,-1.6,33.0,1.8,84.0,2026-10-21,False,False,6.0,NEUTRAL,5.79,101.4,8.04,30.5,,,,2026-07-29T06:33:01.218507
VLTO,Veralto Corp,67.8,⭐⭐ GOOD,🟡 Good,80.0,60.0,50.3,85.0,60.0,35.0,38.5,False,up,14.4,False,0,3.7,True,1,"{'eps_growth_yoy': 14.4, 'positive_quarters': 4, 'earnings_accelerating': False, 'eps_accel_quarters': 0, 'profit_margin_pct': 17.3}","{'revenue_growth_yoy': 3.7, 'revenue_accelerating': True, 'rev_accel_quarters': 1}","{'rs_3m': 10.8, 'rs_6m': -8.9, 'rs_line_percentile': 38.5, 'rs_line_at_new_high': False, 'rs_line_trend': 'up', 'rs_line_score': 35}","{'roe_pct': 36.5, 'debt_to_equity': 0.96, 'current_ratio': 1.48, 'operating_margin_pct': 23.8}","{'days_to_earnings': 'N/A', 'recommendation': 'buy', 'analyst_upside_pct': 9.8}",98.47,24184160256,Industrials,Pollution & Treatment Controls,3.2,2.9,False,110.11,-10.6,3.0,False,108.12,132.0,98.0,17.0,buy,9.8,70.46,-28.4,54.0,-45.2,3.18,3.13,0.55,12.4,0.52,,True,-1.24,14.0,13.3,,,False,False,6.0,NEUTRAL,4.95,76.0,1.59,28.4,1.6,0.06,-26.8,2026-07-29T06:34:22.749654
KR,Kroger Company (The),66.6,⭐⭐ GOOD,🟡 Good,78.0,100.0,36.0,30.0,65.0,15.0,13.2,False,down,48.3,False,0,35.9,True,2,"{'eps_growth_yoy': 48.3, 'positive_quarters': 3, 'earnings_accelerating': False, 'eps_accel_quarters': 0, 'profit_margin_pct': 0.7}","{'revenue_growth_yoy': 35.9, 'revenue_accelerating': True, 'rev_accel_quarters': 2}","{'rs_3m': -15.5, 'rs_6m': -10.8, 'rs_line_percentile': 13.2, 'rs_line_at_new_high': False, 'rs_line_trend': 'down', 'rs_line_score': 15}","{'roe_pct': 13.8, 'debt_to_equity': 3.73, 'current_ratio': 0.79, 'operating_margin_pct': 3.2}","{'days_to_earnings': 'N/A', 'recommendation': 'buy', 'analyst_upside_pct': 19.3}",59.19,36262592512,Consumer Defensive,Grocery Stores,4.8,2.9,False,76.58,-22.7,2.0,False,70.64,86.0,58.0,22.0,buy,19.3,109.66,85.3,23.1,-61.0,8.26,4.89,2.48,80.1,1.44,2.01,True,-7.53,3.0,9.2,43.0,2026-09-10,False,False,7.0,NEUTRAL,2.68,5.9,0.81,32.5,,,,2026-07-29T06:39:15.583760
ALLY,Ally Financial Inc.,66.3,⭐⭐ GOOD,🟡 Good,90.0,60.0,44.0,60.0,65.0,35.0,42.6,False,up,3.0,True,2,7.3,True,1,"{'eps_growth_yoy': 3.0, 'positive_quarters': 4, 'earnings_accelerating': True, 'eps_accel_quarters': 2, 'profit_margin_pct': 18.4}","{'revenue_growth_yoy': 7.3, 'revenue_accelerating': True, 'rev_accel_quarters': 1}","{'rs_3m': -4.4, 'rs_6m': -2.8, 'rs_line_percentile': 42.6, 'rs_line_at_new_high': False, 'rs_line_trend': 'up', 'rs_line_score': 35}","{'roe_pct': 9.7, 'operating_margin_pct': 25.3}","{'days_to_earnings': 'N/A', 'recommendation': 'buy', 'analyst_upside_pct': 22.1}",44.11,13418248192,Financial Services,Credit Services,4.3,4.5,False,47.29,-6.7,5.0,False,53.88,58.0,45.0,17.0,buy,22.1,,,57.91,31.3,,,2.75,28.2,1.2,3.2,True,-12.44,,13.5,79.0,2026-10-16,False,False,5.0,NEUTRAL,,,0.51,26.2,,,,2026-07-29T06:39:23.784826
CPRT,"Copart, Inc.",65.8,⭐⭐ GOOD,🟡 Good,85.0,60.0,24.0,90.0,70.0,15.0,12.7,False,down,1.5,True,1,10.0,True,1,"{'eps_growth_yoy': 1.5, 'positive_quarters': 4, 'earnings_accelerating': True, 'eps_accel_quarters': 1, 'profit_margin_pct': 33.5}","{'revenue_growth_yoy': 10.0, 'revenue_accelerating': True, 'rev_accel_quarters': 1}","{'rs_3m': -12.3, 'rs_6m': -31.1, 'rs_line_percentile': 12.7, 'rs_line_at_new_high': False, 'rs_line_trend': 'down', 'rs_line_score': 15}","{'roe_pct': 17.6, 'debt_to_equity': 0.01, 'current_ratio': 7.61, 'operating_margin_pct': 37.5}","{'days_to_earnings': 'N/A', 'recommendation': 'buy', 'analyst_upside_pct': 31.3}",30.69,28413153280,Industrials,Specialty Business Services,5.1,2.7,False,50.11,-38.8,1.0,False,40.3,55.0,26.0,10.0,buy,31.3,15.89,-48.2,16.6,-45.9,3.52,1.08,,,,,True,-4.98,,1.6,36.0,2026-09-03,False,False,6.0,NEUTRAL,6.98,19.3,7.93,48.9,,,,2026-07-29T06:32:46.759380
BRO,"Brown & Brown, Inc.",65.8,⭐⭐ GOOD,🟡 Good,90.0,50.0,50.3,75.0,50.0,35.0,33.1,False,up,26.9,False,0,6.7,False,0,"{'eps_growth_yoy': 26.9, 'positive_quarters': 4, 'earnings_accelerating': False, 'eps_accel_quarters': 0, 'profit_margin_pct': 18.0}","{'revenue_growth_yoy': 6.7, 'revenue_accelerating': False, 'rev_accel_quarters': 0}","{'rs_3m': 12.6, 'rs_6m': -7.2, 'rs_line_percentile': 33.1, 'rs_line_at_new_high': False, 'rs_line_trend': 'up', 'rs_line_score': 35}","{'roe_pct': 10.0, 'debt_to_equity': 0.64, 'current_ratio': 1.13, 'operating_margin_pct': 26.2}","{'days_to_earnings': 'N/A', 'recommendation': 'hold', 'analyst_upside_pct': 0.7}",73.65,24644055040,Financial Services,Insurance Brokers,7.3,6.5,False,98.3,-25.1,3.0,False,74.19,90.0,55.0,16.0,hold,0.7,70.08,-4.8,33.1,-55.1,5.31,3.91,0.95,20.6,0.66,0.65,True,-2.55,4.7,3.1,89.0,2026-10-26,False,False,4.0,NEUTRAL,5.28,175.4,1.98,40.7,1.6,0.04,-39.1,2026-07-29T06:35:41.890078
COF,Capital One Financial Corporati,65.7,⭐⭐ GOOD,🟡 Good,78.0,70.0,46.7,60.0,65.0,35.0,37.3,False,up,,True,1,21.1,False,0,"{'positive_quarters': 3, 'earnings_accelerating': True, 'eps_accel_quarters': 1, 'profit_margin_pct': 21.9}","{'revenue_growth_yoy': 21.1, 'revenue_accelerating': False, 'rev_accel_quarters': 0}","{'rs_3m': 6.7, 'rs_6m': -8.5, 'rs_line_percentile': 37.3, 'rs_line_at_new_high': False, 'rs_line_trend': 'up', 'rs_line_score': 35}","{'roe_pct': 9.0, 'operating_margin_pct': 33.6}","{'days_to_earnings': 'N/A', 'recommendation': 'buy', 'analyst_upside_pct': 20.9}",212.41,130313543680,Financial Services,Credit Services,2.4,2.7,False,259.64,-18.2,3.0,False,256.73,300.0,214.0,22.0,buy,20.9,,,,,,,1.55,16.5,3.2,1.65,True,-5.38,,,83.0,2026-10-20,False,False,5.0,NEUTRAL,,,0.47,32.9,,,,2026-07-29T06:38:59.328394
LIN,Linde plc,65.3,⭐⭐ GOOD,🟡 Good,85.0,50.0,57.6,65.0,60.0,60.0,54.5,False,flat,5.2,True,1,3.4,False,0,"{'eps_growth_yoy': 5.2, 'positive_quarters': 4, 'earnings_accelerating': True, 'eps_accel_quarters': 1, 'profit_margin_pct': 20.4}","{'revenue_growth_yoy': 3.4, 'revenue_accelerating': False, 'rev_accel_quarters': 0}","{'rs_3m': -3.9, 'rs_6m': 6.5, 'rs_line_percentile': 54.5, 'rs_line_at_new_high': False, 'rs_line_trend': 'flat', 'rs_line_score': 60}","{'roe_pct': 18.2, 'debt_to_equity': 0.66, 'current_ratio': 0.83, 'operating_margin_pct': 28.5}","{'days_to_earnings': 'N/A', 'recommendation': 'buy', 'analyst_upside_pct': 7.4}",511.18,236342689792,Basic Materials,Specialty Chemicals,1.4,2.7,False,548.2,-6.8,6.0,False,548.8,622.0,400.0,25.0,buy,7.4,229.64,-55.1,203.41,-60.2,1.99,10.15,1.26,40.5,6.4,1.3,True,-1.82,20.6,13.4,2.0,2026-07-31,True,False,5.0,NEUTRAL,3.6,31.9,1.94,22.0,,,,2026-07-29T06:32:17.885393
ROP,"Roper Technologies, Inc.",65.2,⭐⭐ GOOD,🟡 Good,100.0,50.0,38.7,60.0,60.0,15.0,22.7,False,up,34.5,True,2,7.8,False,0,"{'eps_growth_yoy': 34.5, 'positive_quarters': 4, 'earnings_accelerating': True, 'eps_accel_quarters': 2, 'profit_margin_pct': 30.2}","{'revenue_growth_yoy': 7.8, 'revenue_accelerating': False, 'rev_accel_quarters': 0}","{'rs_3m': 6.3, 'rs_6m': -0.7, 'rs_line_percentile': 22.7, 'rs_line_at_new_high': False, 'rs_line_trend': 'up', 'rs_line_score': 15}","{'roe_pct': 13.1, 'debt_to_equity': 0.61, 'current_ratio': 0.55, 'operating_margin_pct': 27.7}","{'days_to_earnings': 'N/A', 'recommendation': 'buy', 'analyst_upside_pct': 12.3}",390.92,38661988352,Technology,Software - Application,6.9,4.8,False,564.68,-30.8,2.0,False,439.12,550.0,335.0,15.0,buy,12.3,971.52,148.5,750.6,92.0,5.86,22.91,0.97,14.5,3.64,0.59,True,-3.88,6.9,93.2,85.0,2026-10-22,False,False,6.0,NEUTRAL,4.56,1441.1,0.07,44.1,,,,2026-07-29T06:32:22.293783
TNE.AX,TECH ONE FPO [TNE],64.5,⭐⭐ GOOD,🟡 Good,60.0,50.0,68.5,95.0,60.0,,,,,,,0,,,0,{'profit_margin_pct': 22.4},{},"{'rs_3m': 5.6, 'rs_6m': 14.9}","{'roe_pct': 33.5, 'debt_to_equity': 0.12, 'current_ratio': 1.12, 'operating_margin_pct': 27.1}","{'days_to_earnings': 'N/A', 'recommendation': 'buy', 'analyst_upside_pct': 1.7}",30.65,10033845248,Technology,Software - Application,,,False,41.44,-26.0,4.0,False,31.16,34.25,22.0,16.0,buy,1.7,7.85,-74.4,4.3,-86.0,1.51,0.46,0.94,62.2,0.28,0.98,,,,4.4,110.0,2026-11-17,False,False,3.0,NEUTRAL,1.95,162.9,8.02,38.7,,,,2026-07-29T06:37:47.185034
ASAZY,Assa Abloy AB,64.5,⭐⭐ GOOD,🟡 Good,90.0,60.0,36.0,65.0,55.0,15.0,23.9,False,up,15.9,True,1,3.3,True,1,"{'eps_growth_yoy': 15.9, 'positive_quarters': 4, 'earnings_accelerating': True, 'eps_accel_quarters': 1, 'profit_margin_pct': 10.8}","{'revenue_growth_yoy': 3.3, 'revenue_accelerating': True, 'rev_accel_quarters': 1}","{'rs_3m': -10.5, 'rs_6m': -17.2, 'rs_line_percentile': 23.9, 'rs_line_at_new_high': False, 'rs_line_trend': 'up', 'rs_line_score': 15}","{'roe_pct': 15.6, 'debt_to_equity': 0.64, 'current_ratio': 1.01}","{'days_to_earnings': 'N/A', 'recommendation': 'hold', 'analyst_upside_pct': 19.0}",18.27,40587767808,Industrials,Security & Protection Services,,,False,21.98,-16.9,4.0,False,21.74,21.74,21.74,1.0,hold,19.0,218.06,1093.5,12.24,-33.0,45.32,8.73,1.84,41.9,0.33,1.7,False,,,8.0,90.0,2026-10-27,False,False,8.0,STRONG,,118.2,1.28,24.4,,,,2026-07-29T06:36:41.577189
WCN,"Waste Connections, Inc.",64.3,⭐⭐ GOOD,🟡 Good,80.0,70.0,44.0,50.0,65.0,35.0,29.6,False,up,3.5,True,1,4.2,True,2,"{'eps_growth_yoy': 3.5, 'positive_quarters': 4, 'earnings_accelerating': True, 'eps_accel_quarters': 1, 'profit_margin_pct': 10.9}","{'revenue_growth_yoy': 4.2, 'revenue_accelerating': True, 'rev_accel_quarters': 2}","{'rs_3m': -0.7, 'rs_6m': -6.9, 'rs_line_percentile': 29.6, 'rs_line_at_new_high': False, 'rs_line_trend': 'up', 'rs_line_score': 35}","{'roe_pct': 13.0, 'debt_to_equity': 1.22, 'current_ratio': 0.66, 'operating_margin_pct': 19.7}","{'days_to_earnings': 'N/A', 'recommendation': 'strong_buy', 'analyst_upside_pct': 21.0}",169.22,42651824128,Industrials,Waste Management,1.4,1.9,False,191.91,-11.8,3.0,False,204.77,305.0,162.0,26.0,strong_buy,21.0,64.98,-61.6,41.3,-75.6,2.46,4.16,0.83,33.0,1.4,0.69,True,-2.63,5.0,4.4,83.0,2026-10-20,False,False,6.0,NEUTRAL,3.36,19.4,6.2,20.2,0.4,0.02,-19.8,2026-07-29T06:32:01.339834
ISRG,"Intuitive Surgical, Inc.",64.2,⭐⭐ GOOD,🟡 Good,85.0,70.0,15.0,75.0,70.0,15.0,9.3,False,down,16.1,False,0,15.5,True,1,"{'eps_growth_yoy': 16.1, 'positive_quarters': 4, 'earnings_accelerating': False, 'eps_accel_quarters': 0, 'profit_margin_pct': 28.4}","{'revenue_growth_yoy': 15.5, 'revenue_accelerating': True, 'rev_accel_quarters': 1}","{'rs_3m': -26.8, 'rs_6m': -38.2, 'rs_line_percentile': 9.3, 'rs_line_at_new_high': False, 'rs_line_trend': 'down', 'rs_line_score': 15}","{'roe_pct': 17.4, 'current_ratio': 4.96, 'operating_margin_pct': 33.6}","{'days_to_earnings': 'N/A', 'recommendation': 'buy', 'analyst_upside_pct': 33.9}",361.8,129624989696,Healthcare,Medical Instruments & Supplies,1.9,2.4,False,603.88,-40.1,0.0,False,484.6,685.0,324.0,29.0,buy,33.9,272.63,-24.6,234.0,-35.3,2.02,7.3,,,,,True,-2.74,,26.5,83.0,2026-10-20,False,False,4.0,NEUTRAL,2.4,22.5,1.13,68.4,,,,2026-07-29T06:38:47.016998
AXP,American Express Company,64.1,⭐⭐ GOOD,🟡 Good,70.0,60.0,46.7,85.0,60.0,35.0,34.2,False,up,7.2,False,0,6.6,True,1,"{'eps_growth_yoy': 7.2, 'positive_quarters': 4, 'earnings_accelerating': False, 'eps_accel_quarters': 0, 'profit_margin_pct': 16.1}","{'revenue_growth_yoy': 6.6, 'revenue_accelerating': True, 'rev_accel_quarters': 1}","{'rs_3m': 2.5, 'rs_6m': -12.9, 'rs_line_percentile': 34.2, 'rs_line_at_new_high': False, 'rs_line_trend': 'up', 'rs_line_score': 35}","{'roe_pct': 34.4, 'debt_to_equity': 1.72, 'current_ratio': 1.55, 'operating_margin_pct': 20.3}","{'days_to_earnings': 'N/A', 'recommendation': 'buy', 'analyst_upside_pct': 11.3}",336.63,227329556480,Financial Services,Credit Services,2.2,3.4,False,387.49,-13.1,3.0,False,374.54,450.0,315.0,25.0,buy,11.3,,,181.83,-46.0,,,1.13,21.5,3.8,1.1,True,-3.28,,7.7,86.0,2026-10-23,False,False,4.0,NEUTRAL,,,1.52,31.6,,,,2026-07-29T06:37:59.605525
JKHY,"Jack Henry & Associates, Inc.",64.0,⭐⭐ GOOD,🟡 Good,65.0,60.0,44.0,95.0,65.0,35.0,40.8,False,up,-3.7,True,1,3.4,True,1,"{'eps_growth_yoy': -3.7, 'positive_quarters': 4, 'earnings_accelerating': True, 'eps_accel_quarters': 1, 'profit_margin_pct': 20.6}","{'revenue_growth_yoy': 3.4, 'revenue_accelerating': True, 'rev_accel_quarters': 1}","{'rs_3m': -0.9, 'rs_6m': -18.4, 'rs_line_percentile': 40.8, 'rs_line_at_new_high': False, 'rs_line_trend': 'up', 'rs_line_score': 35}","{'roe_pct': 24.9, 'debt_to_equity': 0.06, 'current_ratio': 1.74, 'operating_margin_pct': 24.4}","{'days_to_earnings': 'N/A', 'recommendation': 'buy', 'analyst_upside_pct': 18.0}",157.43,11185524736,Technology,Information Technology Services,7.9,2.8,False,193.39,-18.6,3.0,False,185.71,208.0,158.0,14.0,buy,18.0,114.65,-27.2,92.12,-41.5,3.34,5.26,1.56,32.8,2.38,1.22,True,-2.54,123.3,12.5,20.0,2026-08-18,False,True,9.0,STRONG,5.28,162.7,1.77,30.9,,,,2026-07-29T06:38:31.473309
SAP,SAP  SE,63.3,⭐⭐ GOOD,🟡 Good,75.0,60.0,26.7,90.0,70.0,15.0,16.4,False,up,8.8,False,0,8.8,True,1,"{'eps_growth_yoy': 8.8, 'positive_quarters': 4, 'earnings_accelerating': False, 'eps_accel_quarters': 0, 'profit_margin_pct': 20.4}","{'revenue_growth_yoy': 8.8, 'revenue_accelerating': True, 'rev_accel_quarters': 1}","{'rs_3m': 0.7, 'rs_6m': -29.2, 'rs_line_percentile': 16.4, 'rs_line_at_new_high': False, 'rs_line_trend': 'up', 'rs_line_score': 15}","{'roe_pct': 18.3, 'debt_to_equity': 0.22, 'current_ratio': 1.15, 'operating_margin_pct': 27.6}","{'days_to_earnings': 'N/A', 'recommendation': 'buy', 'analyst_upside_pct': 35.6}",179.17,206798782464,Technology,Software - Application,0.8,4.0,False,299.48,-40.2,1.0,False,242.92,319.0,177.0,12.0,buy,35.6,334.01,86.4,238.8,33.3,4.4,7.88,1.71,37.5,2.93,1.48,True,-1.4,20.7,30.6,84.0,2026-10-21,False,False,8.0,STRONG,0.37,146.7,0.61,53.5,0.8,0.01,-52.7,2026-07-29T06:35:58.375790
MSFT,Microsoft Corporation,63.3,⭐⭐ GOOD,🟡 Good,85.0,50.0,24.0,90.0,70.0,15.0,13.6,False,down,16.7,False,0,8.4,False,0,"{'eps_growth_yoy': 16.7, 'positive_quarters': 4, 'earnings_accelerating': False, 'eps_accel_quarters': 0, 'profit_margin_pct': 39.3}","{'revenue_growth_yoy': 8.4, 'revenue_accelerating': False, 'rev_accel_quarters': 0}","{'rs_3m': -12.5, 'rs_6m': -24.9, 'rs_line_percentile': 13.6, 'rs_line_at_new_high': False, 'rs_line_trend': 'down', 'rs_line_score': 15}","{'roe_pct': 34.0, 'debt_to_equity': 0.3, 'current_ratio': 1.28, 'operating_margin_pct': 46.3}","{'days_to_earnings': 'N/A', 'recommendation': 'strong_buy', 'analyst_upside_pct': 41.7}",393.35,2921974988800,Technology,Software - Infrastructure,1.2,2.0,False,555.45,-29.2,0.0,False,557.25,870.0,400.0,54.0,strong_buy,41.7,165.89,-57.8,397.57,1.1,1.27,4.98,0.94,20.7,3.64,0.79,True,-0.76,55.7,23.4,0.0,2026-07-29,True,False,6.0,NEUTRAL,4.24,45.1,0.87,25.9,0.4,0.02,-25.5,2026-07-29T06:33:29.907376
FHN,First Horizon Corporation,62.8,⭐⭐ GOOD,🟡 Good,75.0,50.0,60.3,65.0,60.0,60.0,66.8,False,up,8.7,False,0,3.7,False,0,"{'eps_growth_yoy': 8.7, 'positive_quarters': 4, 'earnings_accelerating': False, 'eps_accel_quarters': 0, 'profit_margin_pct': 30.2}","{'revenue_growth_yoy': 3.7, 'revenue_accelerating': False, 'rev_accel_quarters': 0}","{'rs_3m': 1.9, 'rs_6m': 1.6, 'rs_line_percentile': 66.8, 'rs_line_at_new_high': False, 'rs_line_trend': 'up', 'rs_line_score': 60}","{'roe_pct': 11.5, 'operating_margin_pct': 40.1}","{'days_to_earnings': 'N/A', 'recommendation': 'buy', 'analyst_upside_pct': 7.4}",26.02,12349555712,Financial Services,Banks - Regional,0.0,0.0,False,26.56,-2.0,7.0,True,27.95,30.0,25.0,19.0,buy,7.4,,,40.6,56.0,,,2.67,31.2,0.68,3.34,True,-6.38,,14.0,77.0,2026-10-14,False,False,5.0,NEUTRAL,,,0.56,20.9,,,,2026-07-29T06:40:45.676878
TMO,Thermo Fisher Scientific Inc,62.8,⭐⭐ GOOD,🟡 Good,70.0,50.0,60.3,75.0,60.0,60.0,54.5,False,up,2.1,False,0,1.4,False,0,"{'eps_growth_yoy': 2.1, 'positive_quarters': 4, 'earnings_accelerating': False, 'eps_accel_quarters': 0, 'profit_margin_pct': 15.0}","{'revenue_growth_yoy': 1.4, 'revenue_accelerating': False, 'rev_accel_quarters': 0}","{'rs_3m': 18.3, 'rs_6m': -14.5, 'rs_line_percentile': 54.5, 'rs_line_at_new_high': False, 'rs_line_trend': 'up', 'rs_line_score': 60}","{'roe_pct': 13.5, 'debt_to_equity': 0.81, 'current_ratio': 1.55, 'operating_margin_pct': 18.8}","{'days_to_earnings': 'N/A', 'recommendation': 'buy', 'analyst_upside_pct': 8.9}",576.41,214206316544,Healthcare,Diagnostics & Research,1.4,2.5,False,643.99,-10.5,5.0,False,627.62,750.0,520.0,26.0,buy,8.9,322.31,-44.1,191.4,-66.8,2.91,16.76,0.34,9.7,1.88,0.26,True,-1.87,6.4,9.4,84.0,2026-10-21,False,False,5.0,NEUTRAL,3.46,36.2,2.23,37.8,0.8,0.02,-37.0,2026-07-29T06:34:15.312323
VRSN,"VeriSign, Inc.",62.5,⭐⭐ GOOD,🟡 Good,75.0,60.0,57.6,50.0,60.0,60.0,53.1,False,down,1.7,False,0,3.7,True,1,"{'eps_growth_yoy': 1.7, 'positive_quarters': 4, 'earnings_accelerating': False, 'eps_accel_quarters': 0, 'profit_margin_pct': 49.8}","{'revenue_growth_yoy': 3.7, 'revenue_accelerating': True, 'rev_accel_quarters': 1}","{'rs_3m': -0.1, 'rs_6m': 6.3, 'rs_line_percentile': 53.1, 'rs_line_at_new_high': False, 'rs_line_trend': 'down', 'rs_line_score': 60}","{'current_ratio': 0.59, 'operating_margin_pct': 68.2}","{'days_to_earnings': 'N/A', 'recommendation': 'buy', 'analyst_upside_pct': 13.1}",281.15,25415958528,Technology,Software - Infrastructure,2.0,2.2,False,312.48,-10.0,6.0,False,318.0,355.0,270.0,5.0,buy,13.1,165.22,-41.2,94.2,-66.5,3.28,9.21,1.18,34.3,3.24,,True,-3.54,15.5,7.7,85.0,2026-10-22,False,False,8.0,STRONG,4.29,512.5,3.33,34.1,,,,2026-07-29T06:33:13.125254
PAYX,"Paychex, Inc.",62.0,⭐⭐ GOOD,🟡 Good,75.0,50.0,61.4,65.0,50.0,35.0,40.0,False,up,9.6,False,0,4.3,False,0,"{'eps_growth_yoy': 9.6, 'positive_quarters': 4, 'earnings_accelerating': False, 'eps_accel_quarters': 0, 'profit_margin_pct': 26.6}","{'revenue_growth_yoy': 4.3, 'revenue_accelerating': False, 'rev_accel_quarters': 0}","{'rs_3m': 29.3, 'rs_6m': 10.0, 'rs_line_percentile': 40.0, 'rs_line_at_new_high': False, 'rs_line_trend': 'up', 'rs_line_score': 35}","{'debt_to_equity': 1.24, 'current_ratio': 1.15, 'operating_margin_pct': 38.3}","{'days_to_earnings': 'N/A', 'recommendation': 'hold', 'analyst_upside_pct': -8.7}",118.87,42280022016,Technology,Software - Application,6.1,5.1,False,148.0,-19.7,5.0,False,108.5,140.0,95.0,14.0,hold,-8.7,,,150.9,26.9,,,4.12,90.6,4.76,2.83,True,-1.45,9.6,17.4,62.0,2026-09-29,False,False,7.0,NEUTRAL,5.64,106.4,0.43,34.2,0.8,0.02,-33.4,2026-07-29T06:33:50.883630
PG,Procter & Gamble Company (The),61.8,⭐⭐ GOOD,🟡 Good,80.0,50.0,44.0,70.0,60.0,35.0,27.5,False,up,8.8,True,1,1.7,False,0,"{'eps_growth_yoy': 8.8, 'positive_quarters': 4, 'earnings_accelerating': True, 'eps_accel_quarters': 1, 'profit_margin_pct': 19.2}","{'revenue_growth_yoy': 1.7, 'revenue_accelerating': False, 'rev_accel_quarters': 0}","{'rs_3m': -3.8, 'rs_6m': -5.2, 'rs_line_percentile': 27.5, 'rs_line_at_new_high': False, 'rs_line_trend': 'up', 'rs_line_score': 35}","{'roe_pct': 31.1, 'debt_to_equity': 0.68, 'current_ratio': 0.73, 'operating_margin_pct': 23.0}","{'days_to_earnings': 'N/A', 'recommendation': 'buy', 'analyst_upside_pct': 9.9}",148.88,346681835520,Consumer Defensive,Household & Personal Products,1.0,2.3,False,167.25,-11.0,4.0,False,163.61,186.0,145.0,23.0,buy,9.9,90.6,-39.1,68.5,-54.0,3.67,5.47,2.93,61.8,4.35,2.48,True,-1.4,25.6,4.1,0.0,2026-07-29,True,False,6.0,NEUTRAL,5.66,88.2,3.64,23.1,0.2,0.01,-22.9,2026-07-29T06:33:54.959589
CHD,"Church & Dwight Company, Inc.",61.3,⭐⭐ GOOD,🟡 Good,90.0,30.0,47.6,75.0,60.0,35.0,44.9,False,up,13.2,True,1,-2.5,False,0,"{'eps_growth_yoy': 13.2, 'positive_quarters': 4, 'earnings_accelerating': True, 'eps_accel_quarters': 1, 'profit_margin_pct': 11.8}","{'revenue_growth_yoy': -2.5, 'revenue_accelerating': False, 'rev_accel_quarters': 0}","{'rs_3m': -1.1, 'rs_6m': 1.8, 'rs_line_percentile': 44.9, 'rs_line_at_new_high': False, 'rs_line_trend': 'up', 'rs_line_score': 35}","{'roe_pct': 16.8, 'debt_to_equity': 0.57, 'current_ratio': 1.22, 'operating_margin_pct': 20.2}","{'days_to_earnings': 'N/A', 'recommendation': 'buy', 'analyst_upside_pct': 3.9}",99.93,23677773824,Consumer Defensive,Household & Personal Products,5.1,5.2,False,106.04,-5.8,6.0,False,103.84,115.0,77.0,19.0,buy,3.9,70.1,-29.9,30.8,-69.2,4.77,4.76,1.25,39.2,1.23,1.16,True,-2.53,10.9,1.5,2.0,2026-07-31,True,False,7.0,NEUTRAL,4.12,114.1,11.23,23.4,,,,2026-07-29T06:36:37.773608
PEP,"Pepsico, Inc.",61.0,⭐⭐ GOOD,🟡 Good,90.0,60.0,36.0,45.0,50.0,15.0,20.1,False,down,14.5,True,1,1.0,True,1,"{'eps_growth_yoy': 14.5, 'positive_quarters': 4, 'earnings_accelerating': True, 'eps_accel_quarters': 1, 'profit_margin_pct': 10.8}","{'revenue_growth_yoy': 1.0, 'revenue_accelerating': True, 'rev_accel_quarters': 1}","{'rs_3m': -12.0, 'rs_6m': -9.2, 'rs_line_percentile': 20.1, 'rs_line_at_new_high': False, 'rs_line_trend': 'down', 'rs_line_score': 15}","{'roe_pct': 51.5, 'debt_to_equity': 2.39, 'current_ratio': 0.93, 'operating_margin_pct': 16.8}","{'days_to_earnings': 'N/A', 'recommendation': 'hold', 'analyst_upside_pct': 8.5}",142.86,195146760192,Consumer Defensive,Beverages - Non-Alcoholic,2.7,3.2,False,171.48,-16.7,4.0,False,155.0,183.0,124.0,22.0,hold,8.5,243.14,70.2,234.0,63.8,4.01,5.73,4.23,75.3,5.92,3.03,True,-0.5,12.7,54.8,71.0,2026-10-08,False,False,5.0,NEUTRAL,4.78,33.8,0.12,31.4,0.2,0.01,-31.2,2026-07-29T06:37:55.452250
NYT,New York Times Company (The),60.8,⭐⭐ GOOD,🟡 Good,70.0,50.0,44.0,90.0,50.0,35.0,40.7,False,flat,6.0,False,0,3.8,False,0,"{'eps_growth_yoy': 6.0, 'positive_quarters': 4, 'earnings_accelerating': False, 'eps_accel_quarters': 0, 'profit_margin_pct': 13.3}","{'revenue_growth_yoy': 3.8, 'revenue_accelerating': False, 'rev_accel_quarters': 0}","{'rs_3m': -8.3, 'rs_6m': -3.2, 'rs_line_percentile': 40.7, 'rs_line_at_new_high': False, 'rs_line_trend': 'flat', 'rs_line_score': 35}","{'roe_pct': 19.7, 'debt_to_equity': 0.02, 'current_ratio': 1.6, 'operating_margin_pct': 13.1}","{'days_to_earnings': 'N/A', 'recommendation': 'none', 'analyst_upside_pct': 11.0}",75.18,12168838144,Communication Services,Publishing,8.7,7.6,True,87.1,-13.7,5.0,False,83.44,95.0,66.0,9.0,none,11.0,102.9,36.9,72.6,-3.4,3.21,2.43,1.27,40.8,0.92,0.92,True,-1.34,525.6,40.0,7.0,2026-08-05,True,False,8.0,STRONG,3.91,52.8,0.29,32.2,,,,2026-07-29T06:39:52.306309
QSR,Restaurant Brands International,60.5,⭐⭐ GOOD,🟡 Good,100.0,30.0,47.6,50.0,60.0,35.0,35.6,False,flat,77.9,True,1,-6.1,False,0,"{'eps_growth_yoy': 77.9, 'positive_quarters': 4, 'earnings_accelerating': True, 'eps_accel_quarters': 1, 'profit_margin_pct': 10.0}","{'revenue_growth_yoy': -6.1, 'revenue_accelerating': False, 'rev_accel_quarters': 0}","{'rs_3m': -7.8, 'rs_6m': 5.8, 'rs_line_percentile': 35.6, 'rs_line_at_new_high': False, 'rs_line_trend': 'flat', 'rs_line_score': 35}","{'roe_pct': 28.1, 'debt_to_equity': 2.96, 'current_ratio': 0.99, 'operating_margin_pct': 25.9}","{'days_to_earnings': 'N/A', 'recommendation': 'buy', 'analyst_upside_pct': 13.6}",74.87,34165944320,Consumer Cyclical,Restaurants,6.3,5.6,False,81.96,-8.7,6.0,False,85.04,100.0,76.0,24.0,buy,13.6,201.66,169.3,93.9,25.4,4.83,4.76,3.49,80.7,2.6,3.41,True,-0.09,4.6,100.0,8.0,2026-08-06,False,True,6.0,NEUTRAL,5.23,51.7,0.17,29.8,0.2,0.01,-29.6,2026-07-29T06:40:09.158090
STZ,"Constellation Brands, Inc.",60.3,⭐⭐ GOOD,🟡 Good,100.0,40.0,24.0,60.0,65.0,15.0,4.3,False,down,40.3,True,1,-1.9,True,1,"{'eps_growth_yoy': 40.3, 'positive_quarters': 4, 'earnings_accelerating': True, 'eps_accel_quarters': 1, 'profit_margin_pct': 20.1}","{'revenue_growth_yoy': -1.9, 'revenue_accelerating': True, 'rev_accel_quarters': 1}","{'rs_3m': -18.8, 'rs_6m': -24.1, 'rs_line_percentile': 4.3, 'rs_line_at_new_high': False, 'rs_line_trend': 'down', 'rs_line_score': 15}","{'roe_pct': 23.7, 'debt_to_equity': 1.23, 'current_ratio': 0.91, 'operating_margin_pct': 35.9}","{'days_to_earnings': 'N/A', 'recommendation': 'buy', 'analyst_upside_pct': 29.4}",132.02,22549592064,Consumer Defensive,Beverages - Brewers,5.5,3.2,False,176.33,-25.1,1.0,False,170.83,209.0,115.0,23.0,buy,29.4,549.0,315.8,320.4,142.7,9.8,12.95,3.18,39.0,4.12,1.75,True,-3.73,8.2,21.5,68.0,2026-10-05,False,False,6.0,NEUTRAL,8.23,29.4,0.35,33.2,,,,2026-07-29T06:39:39.323307
OTIS,Otis Worldwide Corporation,60.0,⭐⭐ GOOD,🟡 Good,90.0,60.0,24.0,45.0,65.0,15.0,16.3,False,up,14.4,True,1,4.6,True,1,"{'eps_growth_yoy': 14.4, 'positive_quarters': 4, 'earnings_accelerating': True, 'eps_accel_quarters': 1, 'profit_margin_pct': 10.2}","{'revenue_growth_yoy': 4.6, 'revenue_accelerating': True, 'rev_accel_quarters': 1}","{'rs_3m': -8.6, 'rs_6m': -24.9, 'rs_line_percentile': 16.3, 'rs_line_at_new_high': False, 'rs_line_trend': 'up', 'rs_line_score': 15}","{'current_ratio': 0.83, 'operating_margin_pct': 15.1}","{'days_to_earnings': 'N/A', 'recommendation': 'buy', 'analyst_upside_pct': 22.9}",73.61,28021069824,Industrials,Specialty Industrial Machinery,4.3,3.8,False,94.565,-22.2,2.0,False,90.5,107.0,78.0,12.0,buy,22.9,83.98,14.1,50.83,-30.9,5.13,3.77,2.4,43.7,1.76,1.5,True,-3.77,,9.1,91.0,2026-10-28,False,False,6.0,NEUTRAL,6.1,171.1,1.23,27.5,,,,2026-07-29T06:36:13.900509
FDS,FactSet Research Systems Inc.,59.1,⭐ AVERAGE,🟡 Average,65.0,60.0,50.3,70.0,40.0,35.0,30.4,False,up,-17.5,True,1,4.4,True,1,"{'eps_growth_yoy': -17.5, 'positive_quarters': 4, 'earnings_accelerating': True, 'eps_accel_quarters': 1, 'profit_margin_pct': 23.2}","{'revenue_growth_yoy': 4.4, 'revenue_accelerating': True, 'rev_accel_quarters': 1}","{'rs_3m': 19.9, 'rs_6m': -0.4, 'rs_line_percentile': 30.4, 'rs_line_at_new_high': False, 'rs_line_trend': 'up', 'rs_line_score': 35}","{'roe_pct': 27.0, 'debt_to_equity': 0.77, 'current_ratio': 0.68, 'operating_margin_pct': 30.5}","{'days_to_earnings': 'N/A', 'recommendation': 'hold', 'analyst_upside_pct': -10.1}",283.87,10095990784,Financial Services,Financial Data & Stock Exchanges,16.2,5.0,True,418.06,-32.1,3.0,False,255.06,340.0,210.0,16.0,hold,-10.1,256.99,-9.5,162.1,-42.9,6.15,17.47,1.75,29.4,4.64,1.0,True,-6.07,14.1,-3.8,50.0,2026-09-17,False,False,6.0,NEUTRAL,6.84,187.1,,55.2,,,,2026-07-29T06:37:13.837391
ETN,"Eaton Corporation, PLC",59.0,⭐ AVERAGE,🟡 Average,50.0,70.0,47.6,70.0,65.0,35.0,37.8,False,down,-11.8,False,0,6.0,True,2,"{'eps_growth_yoy': -11.8, 'positive_quarters': 4, 'earnings_accelerating': False, 'eps_accel_quarters': 0, 'profit_margin_pct': 14.0}","{'revenue_growth_yoy': 6.0, 'revenue_accelerating': True, 'rev_accel_quarters': 2}","{'rs_3m': -10.6, 'rs_6m': 6.8, 'rs_line_percentile': 37.8, 'rs_line_at_new_high': False, 'rs_line_trend': 'down', 'rs_line_score': 35}","{'roe_pct': 20.8, 'debt_to_equity': 1.1, 'current_ratio': 1.19, 'operating_margin_pct': 16.1}","{'days_to_earnings': 'N/A', 'recommendation': 'buy', 'analyst_upside_pct': 18.0}",386.26,149984755712,Industrials,Specialty Industrial Machinery,2.1,3.4,False,436.74,-11.6,5.0,False,455.79,534.0,321.0,25.0,buy,18.0,100.29,-74.0,98.9,-74.4,1.76,6.82,1.1,41.3,4.4,1.55,True,-0.83,16.5,-9.4,2.0,2026-07-31,True,False,7.0,NEUTRAL,3.02,64.1,,40.5,1.6,0.04,-38.9,2026-07-29T06:36:45.950797
AUTO.L,AUTOTRADER GROUP PLC ORD 1P,59.0,⭐ AVERAGE,🟡 Average,60.0,50.0,50.0,90.0,50.0,,,,,,,0,,,0,{'profit_margin_pct': 47.1},{},"{'rs_3m': nan, 'rs_6m': nan}","{'roe_pct': 60.2, 'debt_to_equity': 0.52, 'current_ratio': 1.73, 'operating_margin_pct': 62.2}","{'days_to_earnings': 'N/A', 'recommendation': 'hold', 'analyst_upside_pct': 6.3}",528.8,4139818240,Communication Services,Internet Content & Information,,,False,844.4,-37.4,0.0,False,562.33,800.0,410.0,18.0,hold,6.3,501.0,-5.3,340.0,-35.7,5.89,0.31,2.27,32.0,0.12,0.99,,,,2.0,99.0,2026-11-05,False,False,5.0,NEUTRAL,8.79,332.4,2.37,28.8,,,,2026-07-29T06:38:34.958031
MA,Mastercard Incorporated,58.6,⭐ AVERAGE,🟡 Average,75.0,50.0,50.3,50.0,60.0,35.0,43.2,False,up,4.9,False,0,3.3,False,0,"{'eps_growth_yoy': 4.9, 'positive_quarters': 4, 'earnings_accelerating': False, 'eps_accel_quarters': 0, 'profit_margin_pct': 45.9}","{'revenue_growth_yoy': 3.3, 'revenue_accelerating': False, 'rev_accel_quarters': 0}","{'rs_3m': 6.7, 'rs_6m': 1.4, 'rs_line_percentile': 43.2, 'rs_line_at_new_high': False, 'rs_line_trend': 'up', 'rs_line_score': 35}","{'roe_pct': 232.1, 'debt_to_equity': 2.82, 'current_ratio': 0.98, 'operating_margin_pct': 60.8}","{'days_to_earnings': 'N/A', 'recommendation': 'strong_buy', 'analyst_upside_pct': 14.4}",562.75,497236836352,Financial Services,Credit Services,1.0,2.3,False,601.77,-6.5,3.0,False,644.05,735.0,550.0,38.0,strong_buy,14.4,564.24,0.3,373.33,-33.7,3.25,18.41,0.63,18.2,3.48,0.54,True,-2.66,27.7,21.2,1.0,2026-07-30,True,False,9.0,STRONG,3.8,622.8,1.16,25.5,0.4,0.02,-25.1,2026-07-29T06:32:53.547783
IDXX,"IDEXX Laboratories, Inc.",58.5,⭐ AVERAGE,🟡 Average,65.0,60.0,24.0,85.0,65.0,15.0,14.5,False,up,-5.3,True,1,2.8,True,1,"{'eps_growth_yoy': -5.3, 'positive_quarters': 4, 'earnings_accelerating': True, 'eps_accel_quarters': 1, 'profit_margin_pct': 24.6}","{'revenue_growth_yoy': 2.8, 'revenue_accelerating': True, 'rev_accel_quarters': 1}","{'rs_3m': -4.1, 'rs_6m': -25.1, 'rs_line_percentile': 14.5, 'rs_line_at_new_high': False, 'rs_line_trend': 'up', 'rs_line_score': 15}","{'roe_pct': 72.9, 'debt_to_equity': 0.71, 'current_ratio': 1.12, 'operating_margin_pct': 31.8}","{'days_to_earnings': 'N/A', 'recommendation': 'buy', 'analyst_upside_pct': 24.1}",569.54,44927021056,Healthcare,Diagnostics & Research,3.0,2.8,False,769.98,-26.0,1.0,False,707.0,805.0,470.0,14.0,buy,24.1,262.09,-54.0,239.08,-58.0,1.75,9.97,,,,,True,-2.6,36.2,12.0,6.0,2026-08-04,True,False,8.0,STRONG,2.97,120.0,2.0,35.2,,,,2026-07-29T06:33:59.563642
TEVA,Teva Pharmaceutical Industries ,58.5,⭐ AVERAGE,🟡 Average,85.0,30.0,54.0,55.0,65.0,60.0,64.1,False,down,30.9,False,0,-4.7,False,0,"{'eps_growth_yoy': 30.9, 'positive_quarters': 4, 'earnings_accelerating': False, 'eps_accel_quarters': 0, 'profit_margin_pct': 9.0}","{'revenue_growth_yoy': -4.7, 'revenue_accelerating': False, 'rev_accel_quarters': 0}","{'rs_3m': -4.2, 'rs_6m': -9.7, 'rs_line_percentile': 64.1, 'rs_line_at_new_high': False, 'rs_line_trend': 'down', 'rs_line_score': 60}","{'roe_pct': 21.6, 'debt_to_equity': 2.06, 'current_ratio': 1.01, 'operating_margin_pct': 19.2}","{'days_to_earnings': 'N/A', 'recommendation': 'strong_buy', 'analyst_upside_pct': 29.8}",31.67,36877402112,Healthcare,Drug Manufacturers - Specialty & Generic,2.8,5.8,False,37.35,-15.2,5.0,False,41.1,50.0,33.0,10.0,strong_buy,29.8,95.11,200.3,40.8,28.8,7.08,2.24,,,,2.95,False,,2.5,72.2,0.0,2026-07-29,True,False,8.0,STRONG,4.27,43.5,0.14,34.8,1.6,0.04,-33.2,2026-07-29T06:40:20.823877
ITW,Illinois Tool Works Inc.,58.3,⭐ AVERAGE,🟡 Average,80.0,30.0,60.3,65.0,50.0,60.0,66.5,False,up,1.7,True,1,-0.9,False,0,"{'eps_growth_yoy': 1.7, 'positive_quarters': 4, 'earnings_accelerating': True, 'eps_accel_quarters': 1, 'profit_margin_pct': 19.3}","{'revenue_growth_yoy': -0.9, 'revenue_accelerating': False, 'rev_accel_quarters': 0}","{'rs_3m': 6.2, 'rs_6m': 8.4, 'rs_line_percentile': 66.5, 'rs_line_at_new_high': False, 'rs_line_trend': 'up', 'rs_line_score': 60}","{'roe_pct': 96.8, 'debt_to_equity': 2.83, 'current_ratio': 1.19, 'operating_margin_pct': 25.7}","{'days_to_earnings': 'N/A', 'recommendation': 'none', 'analyst_upside_pct': -5.1}",295.16,84917534720,Industrials,Specialty Industrial Machinery,3.3,6.6,False,303.16,-2.6,5.0,False,280.05,317.0,219.0,14.0,none,-5.1,163.34,-44.7,131.69,-55.4,2.61,7.7,2.26,58.8,6.44,2.26,True,-1.77,14.6,5.9,,,False,False,5.0,NEUTRAL,4.72,118.3,2.05,26.6,1.6,0.06,-25.0,2026-07-29T06:36:29.535046
FCNCA,"First Citizens BancShares, Inc.",58.3,⭐ AVERAGE,🟡 Average,55.0,60.0,60.3,65.0,50.0,60.0,65.1,False,up,-7.1,False,0,0.3,True,1,"{'eps_growth_yoy': -7.1, 'positive_quarters': 4, 'earnings_accelerating': False, 'eps_accel_quarters': 0, 'profit_margin_pct': 25.2}","{'revenue_growth_yoy': 0.3, 'revenue_accelerating': True, 'rev_accel_quarters': 1}","{'rs_3m': 6.6, 'rs_6m': 3.0, 'rs_line_percentile': 65.1, 'rs_line_at_new_high': False, 'rs_line_trend': 'up', 'rs_line_score': 60}","{'roe_pct': 10.7, 'operating_margin_pct': 39.0}","{'days_to_earnings': 'N/A', 'recommendation': 'hold', 'analyst_upside_pct': 5.7}",2198.0,25036113920,Financial Services,Banks - Regional,5.7,5.5,False,2237.82,-1.8,7.0,True,2323.17,2475.0,2100.0,12.0,hold,5.7,,,5750.1,161.6,,,0.39,4.4,8.4,0.3,True,-13.21,,12.4,85.0,2026-10-22,False,False,5.0,NEUTRAL,,,0.36,36.4,,,,2026-07-29T06:40:49.908976
7741.T,HOYA CORP,58.2,⭐ AVERAGE,🟡 Average,60.0,50.0,35.0,95.0,65.0,,,,,,,0,,,0,{'profit_margin_pct': 26.7},{},"{'rs_3m': -22.0, 'rs_6m': -12.8}","{'roe_pct': 25.1, 'debt_to_equity': 0.04, 'current_ratio': 4.81, 'operating_margin_pct': 27.3}","{'days_to_earnings': 'N/A', 'recommendation': 'strong_buy', 'analyst_upside_pct': 27.4}",23850.0,7978266132480,Healthcare,Medical Instruments & Supplies,,,False,30400.0,-21.5,4.0,False,30380.0,34000.0,23100.0,15.0,strong_buy,27.4,9051.79,-62.0,7437.1,-68.8,2.13,508.93,1.25,39.7,295.0,0.75,,,,7.5,1.0,2026-07-31,True,False,6.0,NEUTRAL,4.45,33.1,4.65,34.3,,,,2026-07-29T06:35:45.992742
CP,Canadian Pacific Kansas City Li,57.9,⭐ AVERAGE,🟡 Average,55.0,50.0,73.1,55.0,60.0,80.0,76.8,False,up,-31.4,False,0,0.1,False,0,"{'eps_growth_yoy': -31.4, 'positive_quarters': 4, 'earnings_accelerating': False, 'eps_accel_quarters': 0, 'profit_margin_pct': 27.2}","{'revenue_growth_yoy': 0.1, 'revenue_accelerating': False, 'rev_accel_quarters': 0}","{'rs_3m': 0.8, 'rs_6m': 19.8, 'rs_line_percentile': 76.8, 'rs_line_at_new_high': False, 'rs_line_trend': 'up', 'rs_line_score': 80}","{'roe_pct': 8.4, 'debt_to_equity': 0.51, 'current_ratio': 0.67, 'operating_margin_pct': 37.6}","{'days_to_earnings': 'N/A', 'recommendation': 'buy', 'analyst_upside_pct': 6.1}",91.7,81405427712,Industrials,Railroads,2.2,7.3,False,93.95,-2.4,8.0,True,97.34,106.57,71.88,13.0,buy,6.1,31.55,-65.6,31.9,-65.2,2.34,2.14,0.75,20.4,0.68,0.76,True,-5.25,7.1,-3.1,0.0,2026-07-29,True,False,7.0,NEUTRAL,5.98,11.8,,18.1,0.8,0.04,-17.3,2026-07-29T06:38:11.151448
VRSK,"Verisk Analytics, Inc.",57.8,⭐ AVERAGE,🟡 Average,65.0,50.0,50.3,65.0,60.0,35.0,30.3,False,up,-7.5,True,1,1.3,False,0,"{'eps_growth_yoy': -7.5, 'positive_quarters': 4, 'earnings_accelerating': True, 'eps_accel_quarters': 1, 'profit_margin_pct': 29.3}","{'revenue_growth_yoy': 1.3, 'revenue_accelerating': False, 'rev_accel_quarters': 0}","{'rs_3m': 16.1, 'rs_6m': -8.4, 'rs_line_percentile': 30.3, 'rs_line_at_new_high': False, 'rs_line_trend': 'up', 'rs_line_score': 35}","{'current_ratio': 1.02, 'operating_margin_pct': 45.0}","{'days_to_earnings': 'N/A', 'recommendation': 'buy', 'analyst_upside_pct': 6.0}",212.26,27810695168,Industrials,Consulting Services,5.6,2.0,False,300.94,-29.5,3.0,False,225.06,275.0,185.0,17.0,buy,6.0,114.49,-46.1,67.2,-68.3,3.4,7.21,0.97,28.2,2.0,0.63,True,-7.37,7.7,3.4,0.0,2026-07-29,True,False,7.0,NEUTRAL,4.21,113.1,5.1,36.7,,,,2026-07-29T06:31:50.061837
ROL,"Rollins, Inc.",57.8,⭐ AVERAGE,🟡 Average,70.0,70.0,15.0,65.0,65.0,15.0,1.1,False,down,-12.0,True,2,5.1,True,2,"{'eps_growth_yoy': -12.0, 'positive_quarters': 4, 'earnings_accelerating': True, 'eps_accel_quarters': 2, 'profit_margin_pct': 13.6}","{'revenue_growth_yoy': 5.1, 'revenue_accelerating': True, 'rev_accel_quarters': 2}","{'rs_3m': -34.1, 'rs_6m': -45.3, 'rs_line_percentile': 1.1, 'rs_line_at_new_high': False, 'rs_line_trend': 'down', 'rs_line_score': 15}","{'roe_pct': 37.0, 'debt_to_equity': 0.78, 'current_ratio': 0.63, 'operating_margin_pct': 18.8}","{'days_to_earnings': 'N/A', 'recommendation': 'buy', 'analyst_upside_pct': 16.9}",39.01,18769481728,Consumer Cyclical,Personal Services,4.5,2.9,False,66.14,-41.0,0.0,False,45.59,66.0,32.0,17.0,buy,16.9,15.41,-60.5,11.0,-71.8,2.67,1.04,1.87,64.9,0.73,1.15,True,-1.3,21.8,2.2,91.0,2026-10-28,False,False,6.0,NEUTRAL,3.69,132.5,9.59,43.0,3.1,0.07,-39.9,2026-07-29T06:32:30.419814
MSCI,MSCI Inc.,57.8,⭐ AVERAGE,🟡 Average,75.0,50.0,44.0,50.0,65.0,35.0,26.6,False,up,5.1,False,0,9.3,False,0,"{'eps_growth_yoy': 5.1, 'positive_quarters': 4, 'earnings_accelerating': False, 'eps_accel_quarters': 0, 'profit_margin_pct': 40.7}","{'revenue_growth_yoy': 9.3, 'revenue_accelerating': False, 'rev_accel_quarters': 0}","{'rs_3m': -6.6, 'rs_6m': -6.7, 'rs_line_percentile': 26.6, 'rs_line_at_new_high': False, 'rs_line_trend': 'up', 'rs_line_score': 35}","{'current_ratio': 0.89, 'operating_margin_pct': 56.3}","{'days_to_earnings': 'N/A', 'recommendation': 'strong_buy', 'analyst_upside_pct': 19.4}",579.39,42121654272,Financial Services,Financial Data & Stock Exchanges,2.0,1.8,False,644.77,-10.1,5.0,False,692.06,760.0,570.0,17.0,strong_buy,19.4,473.77,-18.2,363.38,-37.3,2.84,16.43,1.44,42.1,8.2,1.01,True,-6.45,7.2,19.6,83.0,2026-10-20,False,False,8.0,STRONG,3.53,851.3,1.32,48.1,,,,2026-07-29T06:33:38.438312
CVX,Chevron Corporation,57.5,⭐ AVERAGE,🟡 Average,55.0,60.0,47.6,70.0,60.0,35.0,33.5,False,flat,-11.2,True,1,7.2,True,1,"{'eps_growth_yoy': -11.2, 'positive_quarters': 4, 'earnings_accelerating': True, 'eps_accel_quarters': 1, 'profit_margin_pct': 5.9}","{'revenue_growth_yoy': 7.2, 'revenue_accelerating': True, 'rev_accel_quarters': 1}","{'rs_3m': -3.9, 'rs_6m': 6.0, 'rs_line_percentile': 33.5, 'rs_line_at_new_high': False, 'rs_line_trend': 'flat', 'rs_line_score': 35}","{'roe_pct': 6.6, 'debt_to_equity': 0.24, 'current_ratio': 1.09, 'operating_margin_pct': 7.3}","{'days_to_earnings': 'N/A', 'recommendation': 'buy', 'analyst_upside_pct': 14.6}",187.58,373583904768,Energy,Oil & Gas Integrated,1.0,2.1,False,214.71,-12.6,6.0,False,215.0,243.0,170.0,24.0,buy,14.6,87.01,-53.6,56.6,-69.8,3.15,5.91,3.75,120.4,7.12,4.01,True,-2.87,14.4,-44.5,2.0,2026-07-31,True,False,5.0,NEUTRAL,5.03,9.3,,25.0,1.6,0.06,-23.4,2026-07-29T06:39:03.642237
DVA,DaVita Inc.,57.2,⭐ AVERAGE,🟡 Average,45.0,50.0,91.0,60.0,40.0,100.0,100.0,True,up,-0.9,False,0,1.1,False,0,"{'eps_growth_yoy': -0.9, 'positive_quarters': 4, 'earnings_accelerating': False, 'eps_accel_quarters': 0, 'profit_margin_pct': 5.6}","{'revenue_growth_yoy': 1.1, 'revenue_accelerating': False, 'rev_accel_quarters': 0}","{'rs_3m': 55.2, 'rs_6m': 119.7, 'rs_line_percentile': 100.0, 'rs_line_at_new_high': True, 'rs_line_trend': 'up', 'rs_line_score': 100}","{'roe_pct': 81.0, 'debt_to_equity': 12.61, 'current_ratio': 1.42, 'operating_margin_pct': 13.9}","{'days_to_earnings': 'N/A', 'recommendation': 'hold', 'analyst_upside_pct': -12.9}",239.46,15369740288,Healthcare,Medical Care Facilities,13.7,5.3,True,241.73,-0.9,8.0,True,208.57,270.0,145.0,7.0,hold,-12.9,660.5,175.8,315.3,31.7,6.5,15.57,,,,,True,-10.72,3.4,17.4,6.0,2026-08-04,True,False,6.0,NEUTRAL,6.48,31.4,0.32,21.3,0.2,0.01,-21.1,2026-07-29T06:39:07.747577
LSEG.L,LONDON STOCK EXCHANGE GROUP PLC,56.5,⭐ AVERAGE,🟡 Average,55.0,50.0,50.0,70.0,70.0,,,,,,,0,,,0,{'profit_margin_pct': 13.4},{},"{'rs_3m': nan, 'rs_6m': nan}","{'roe_pct': 6.4, 'debt_to_equity': 0.53, 'current_ratio': 1.0, 'operating_margin_pct': 24.9}","{'days_to_earnings': 'N/A', 'recommendation': 'strong_buy', 'analyst_upside_pct': 32.0}",9150.0,44552257536,Financial Services,Financial Data & Stock Exchanges,,,False,10290.0,-11.1,0.0,False,12076.67,13600.0,10800.0,15.0,strong_buy,32.0,17886.0,95.5,7110.0,-22.3,4.61,4.22,1.68,57.4,1.5,1.27,,,,80.4,1.0,2026-07-30,True,False,7.0,NEUTRAL,4.1,305.7,0.21,26.0,,,,2026-07-29T06:35:14.280748
TT,Trane Technologies plc,56.5,⭐ AVERAGE,🟡 Average,60.0,40.0,52.4,80.0,60.0,35.0,44.5,False,flat,-31.8,True,1,-13.5,True,1,"{'eps_growth_yoy': -31.8, 'positive_quarters': 4, 'earnings_accelerating': True, 'eps_accel_quarters': 1, 'profit_margin_pct': 13.4}","{'revenue_growth_yoy': -13.5, 'revenue_accelerating': True, 'rev_accel_quarters': 1}","{'rs_3m': -6.4, 'rs_6m': 13.3, 'rs_line_percentile': 44.5, 'rs_line_at_new_high': False, 'rs_line_trend': 'flat', 'rs_line_score': 35}","{'roe_pct': 36.6, 'debt_to_equity': 0.54, 'current_ratio': 1.09, 'operating_margin_pct': 15.5}","{'days_to_earnings': 'N/A', 'recommendation': 'buy', 'analyst_upside_pct': 11.4}",470.03,103902699520,Industrials,Building Products & Equipment,1.9,3.3,False,505.87,-7.1,7.0,True,523.75,570.0,402.0,21.0,buy,11.4,177.22,-62.3,127.4,-72.9,2.56,12.04,0.87,29.6,4.2,1.19,True,-1.24,17.3,-1.5,1.0,2026-07-30,True,False,9.0,STRONG,3.63,102.0,,21.0,,,,2026-07-29T06:37:05.644489
ITRK.L,INTERTEK GROUP PLC ORD 1P,56.2,⭐ AVERAGE,🟡 Average,55.0,50.0,50.0,75.0,60.0,,,,,,,0,,,0,{'profit_margin_pct': 10.0},{},"{'rs_3m': nan, 'rs_6m': nan}","{'roe_pct': 28.2, 'debt_to_equity': 1.46, 'current_ratio': 1.08, 'operating_margin_pct': 18.5}","{'days_to_earnings': 'N/A', 'recommendation': 'buy', 'analyst_upside_pct': 0.2}",5835.0,8956504064,Industrials,Specialty Business Services,,,False,5845.0,-0.2,0.0,False,5843.85,6200.0,5450.0,13.0,buy,0.2,3473.0,-40.5,2160.0,-63.0,4.05,2.36,2.83,74.0,1.65,2.64,,,,-4.0,2.0,2026-07-31,True,False,4.0,NEUTRAL,5.25,63.8,,1.9,,,,2026-07-29T06:38:38.995459
CB,Chubb Limited,56.1,⭐ AVERAGE,🟡 Average,50.0,40.0,73.1,70.0,60.0,80.0,79.1,False,up,-21.8,False,0,-0.4,True,1,"{'eps_growth_yoy': -21.8, 'positive_quarters': 4, 'earnings_accelerating': False, 'eps_accel_quarters': 0, 'profit_margin_pct': 18.2}","{'revenue_growth_yoy': -0.4, 'revenue_accelerating': True, 'rev_accel_quarters': 1}","{'rs_3m': 6.0, 'rs_6m': 14.2, 'rs_line_percentile': 79.1, 'rs_line_at_new_high': False, 'rs_line_trend': 'up', 'rs_line_score': 80}","{'roe_pct': 14.8, 'debt_to_equity': 0.25, 'current_ratio': 0.39, 'operating_margin_pct': 23.5}","{'days_to_earnings': 'N/A', 'recommendation': 'buy', 'analyst_upside_pct': 0.5}",363.5,140987138048,Financial Services,Insurance - Property & Casualty,1.1,2.4,False,365.29,-0.5,8.0,True,365.26,425.0,306.0,23.0,buy,0.5,,,285.7,-21.4,,,1.14,13.9,4.08,1.45,True,-2.96,18.8,-0.5,90.0,2026-10-27,False,False,6.0,NEUTRAL,8.75,,,30.6,0.4,0.01,-30.2,2026-07-29T06:37:09.983953
TYL,"Tyler Technologies, Inc.",56.0,⭐ AVERAGE,🟡 Average,60.0,60.0,24.0,75.0,70.0,15.0,13.1,False,up,-4.1,True,1,2.9,True,1,"{'eps_growth_yoy': -4.1, 'positive_quarters': 4, 'earnings_accelerating': True, 'eps_accel_quarters': 1, 'profit_margin_pct': 13.3}","{'revenue_growth_yoy': 2.9, 'revenue_accelerating': True, 'rev_accel_quarters': 1}","{'rs_3m': -6.5, 'rs_6m': -28.9, 'rs_line_percentile': 13.1, 'rs_line_at_new_high': False, 'rs_line_trend': 'up', 'rs_line_score': 15}","{'roe_pct': 8.9, 'debt_to_equity': 0.01, 'current_ratio': 1.0, 'operating_margin_pct': 17.0}","{'days_to_earnings': 'N/A', 'recommendation': 'buy', 'analyst_upside_pct': 30.6}",333.35,13714204672,Technology,Software - Application,10.0,4.2,True,621.34,-46.3,1.0,False,435.36,543.0,335.0,22.0,buy,30.6,194.74,-41.6,76.3,-77.1,3.97,13.23,,,,,True,-3.1,84.4,2.2,0.0,2026-07-29,True,False,8.0,STRONG,2.87,139.0,10.21,52.6,,,,2026-07-29T06:34:26.889450
HESAY,Hermes International SA,56.0,⭐ AVERAGE,🟡 Average,60.0,50.0,24.0,95.0,65.0,15.0,12.9,False,up,,,0,,,0,{'profit_margin_pct': 28.3},{},"{'rs_3m': -0.4, 'rs_6m': -28.5, 'rs_line_percentile': 12.9, 'rs_line_at_new_high': False, 'rs_line_trend': 'up', 'rs_line_score': 15}","{'roe_pct': 25.2, 'debt_to_equity': 0.12, 'current_ratio': 4.99, 'operating_margin_pct': 41.4}","{'days_to_earnings': 'N/A', 'recommendation': 'strong_buy', 'analyst_upside_pct': 22.2}",198.0,207384821760,Consumer Cyclical,Luxury Goods,,,False,276.89,-28.5,1.0,False,242.0,265.0,215.0,3.0,strong_buy,22.2,56.75,-71.3,51.8,-73.8,1.95,3.86,1.13,31.3,2.11,0.61,,,,1.8,0.0,2026-07-29,True,False,8.0,STRONG,3.47,37.5,18.56,32.4,,,,2026-07-29T06:33:09.347689
NDSN,Nordson Corporation,55.8,⭐ AVERAGE,🟡 Average,50.0,40.0,60.3,85.0,60.0,60.0,73.2,False,up,-6.7,False,0,-0.1,True,1,"{'eps_growth_yoy': -6.7, 'positive_quarters': 4, 'earnings_accelerating': False, 'eps_accel_quarters': 0, 'profit_margin_pct': 18.2}","{'revenue_growth_yoy': -0.1, 'revenue_accelerating': True, 'rev_accel_quarters': 1}","{'rs_3m': 3.3, 'rs_6m': 4.3, 'rs_line_percentile': 73.2, 'rs_line_at_new_high': False, 'rs_line_trend': 'up', 'rs_line_score': 60}","{'roe_pct': 17.1, 'debt_to_equity': 0.62, 'current_ratio': 2.6, 'operating_margin_pct': 23.5}","{'days_to_earnings': 'N/A', 'recommendation': 'buy', 'analyst_upside_pct': 4.7}",302.65,16863036416,Industrials,Specialty Industrial Machinery,3.5,3.8,False,307.74,-1.7,8.0,True,316.86,345.0,260.0,7.0,buy,4.7,173.01,-42.8,95.3,-68.5,3.41,10.31,1.1,34.6,3.28,1.08,True,-1.72,7.7,4.3,21.0,2026-08-19,False,True,7.0,NEUTRAL,3.75,65.0,4.0,20.3,,,,2026-07-29T06:37:43.303895
AI.PA,AIR LIQUIDE,55.5,⭐ AVERAGE,🟡 Average,55.0,50.0,50.0,70.0,60.0,,,,,,,0,,,0,{'profit_margin_pct': 13.1},{},"{'rs_3m': nan, 'rs_6m': nan}","{'roe_pct': 13.4, 'debt_to_equity': 0.51, 'current_ratio': 1.17, 'operating_margin_pct': 19.5}","{'days_to_earnings': 'N/A', 'recommendation': 'strong_buy', 'analyst_upside_pct': 12.1}",173.54,110348689408,Basic Materials,Specialty Chemicals,,,False,182.26,-4.8,0.0,False,194.52,216.0,160.0,20.0,strong_buy,12.1,38.88,-77.6,55.3,-68.1,1.38,2.4,1.9,54.3,3.36,1.83,,,,5.3,,,False,False,7.0,NEUTRAL,4.03,18.8,4.55,18.3,,,,2026-07-29T06:32:57.505027
EXPN.L,EXPERIAN PLC ORD USD0.10,55.2,⭐ AVERAGE,🟡 Average,55.0,50.0,50.0,65.0,65.0,,,,,,,0,,,0,{'profit_margin_pct': 17.8},{},"{'rs_3m': nan, 'rs_6m': nan}","{'roe_pct': 28.3, 'debt_to_equity': 1.0, 'current_ratio': 0.85, 'operating_margin_pct': 25.0}","{'days_to_earnings': 'N/A', 'recommendation': 'strong_buy', 'analyst_upside_pct': 25.9}",2981.0,26348320768,Industrials,Consulting Services,,,False,4054.0,-26.5,0.0,False,3753.63,4752.27,2383.47,18.0,strong_buy,25.9,3394.0,13.9,2888.0,-3.1,3.46,1.03,1.89,39.8,0.52,1.38,,,,23.1,112.0,2026-11-18,False,False,9.0,STRONG,7.14,646.3,0.75,26.0,,,,2026-07-29T06:36:17.821617
NOW,"ServiceNow, Inc.",55.1,⭐ AVERAGE,🟡 Average,50.0,80.0,30.3,50.0,65.0,15.0,16.0,False,up,-40.6,False,0,17.0,True,2,"{'eps_growth_yoy': -40.6, 'positive_quarters': 4, 'earnings_accelerating': False, 'eps_accel_quarters': 0, 'profit_margin_pct': 11.3}","{'revenue_growth_yoy': 17.0, 'revenue_accelerating': True, 'rev_accel_quarters': 2}","{'rs_3m': 17.9, 'rs_6m': -23.2, 'rs_line_percentile': 16.0, 'rs_line_at_new_high': False, 'rs_line_trend': 'up', 'rs_line_score': 15}","{'roe_pct': 14.2, 'debt_to_equity': 0.68, 'current_ratio': 0.7, 'operating_margin_pct': 4.1}","{'days_to_earnings': 'N/A', 'recommendation': 'strong_buy', 'analyst_upside_pct': 26.8}",110.62,114365816832,Technology,Software - Application,5.4,2.5,False,201.15,-45.0,2.0,False,140.25,248.0,72.0,46.0,strong_buy,26.8,73.29,-33.7,16.8,-84.8,4.5,4.98,,,,,True,-2.98,29.3,-21.9,91.0,2026-10-28,False,False,4.0,NEUTRAL,1.93,73.1,,60.5,0.4,0.01,-60.1,2026-07-29T06:36:02.270000
UBER,"Uber Technologies, Inc.",55.0,⭐ AVERAGE,🟡 Average,60.0,50.0,24.0,85.0,70.0,15.0,10.0,False,down,-80.6,True,1,4.4,False,0,"{'eps_growth_yoy': -80.6, 'positive_quarters': 4, 'earnings_accelerating': True, 'eps_accel_quarters': 1, 'profit_margin_pct': 15.9}","{'revenue_growth_yoy': 4.4, 'revenue_accelerating': False, 'rev_accel_quarters': 0}","{'rs_3m': -8.9, 'rs_6m': -20.0, 'rs_line_percentile': 10.0, 'rs_line_at_new_high': False, 'rs_line_trend': 'down', 'rs_line_score': 15}","{'roe_pct': 35.3, 'debt_to_equity': 0.48, 'current_ratio': 1.07, 'operating_margin_pct': 14.6}","{'days_to_earnings': 'N/A', 'recommendation': 'strong_buy', 'analyst_upside_pct': 46.9}",70.74,143998271488,Technology,Software - Application,2.6,2.5,False,101.99,-30.6,0.0,False,103.89,150.0,70.0,48.0,strong_buy,46.9,47.25,-33.2,41.8,-40.9,4.54,3.21,,,,,True,-5.38,12.1,-84.6,7.0,2026-08-05,True,False,6.0,NEUTRAL,4.12,133.2,,37.3,0.8,0.02,-36.5,2026-07-29T06:40:12.954866
OXY,Occidental Petroleum Corporatio,54.9,⭐ AVERAGE,🟡 Average,58.0,40.0,52.4,70.0,65.0,35.0,32.8,False,down,-51.5,True,1,-18.5,True,1,"{'eps_growth_yoy': -51.5, 'positive_quarters': 3, 'earnings_accelerating': True, 'eps_accel_quarters': 1, 'profit_margin_pct': 22.4}","{'revenue_growth_yoy': -18.5, 'revenue_accelerating': True, 'rev_accel_quarters': 1}","{'rs_3m': -11.9, 'rs_6m': 15.1, 'rs_line_percentile': 32.8, 'rs_line_at_new_high': False, 'rs_line_trend': 'down', 'rs_line_score': 35}","{'roe_pct': 4.1, 'debt_to_equity': 0.42, 'current_ratio': 1.21, 'operating_margin_pct': 17.7}","{'days_to_earnings': 'N/A', 'recommendation': 'buy', 'analyst_upside_pct': 19.6}",53.93,53640650752,Energy,Oil & Gas E&P,0.0,0.0,False,67.45,-20.0,6.0,False,64.52,75.0,55.0,23.0,buy,19.6,129.33,139.8,21.9,-59.4,5.65,3.05,1.89,132.4,1.04,1.14,True,-0.1,2.8,220.9,7.0,2026-08-05,True,False,4.0,NEUTRAL,5.48,6.4,0.04,37.7,0.2,0.01,-37.5,2026-07-29T06:38:51.112279
GVDNY,Givaudan SA,54.8,⭐ AVERAGE,🟡 Average,55.0,50.0,46.7,70.0,60.0,35.0,38.7,False,up,,,0,,,0,{'profit_margin_pct': 12.9},{},"{'rs_3m': 8.9, 'rs_6m': -6.6, 'rs_line_percentile': 38.7, 'rs_line_at_new_high': False, 'rs_line_trend': 'up', 'rs_line_score': 35}","{'roe_pct': 22.3, 'debt_to_equity': 1.11, 'current_ratio': 1.29, 'operating_margin_pct': 18.8}","{'days_to_earnings': 'N/A', 'recommendation': 'buy', 'analyst_upside_pct': 6.6}",80.2,37017579520,Basic Materials,Specialty Chemicals,,,False,90.69,-11.6,5.0,False,85.51,97.86,73.15,2.0,buy,6.6,19.31,-75.9,25.7,-68.0,1.64,1.31,2.32,71.1,1.82,1.88,,,,-10.0,182.0,2027-01-27,False,False,7.0,NEUTRAL,3.4,34.8,,30.6,,,,2026-07-29T06:34:03.257789
HRI,Herc Holdings Inc.,54.8,⭐ AVERAGE,🟡 Average,50.0,70.0,56.7,30.0,65.0,60.0,50.5,False,up,,False,0,19.5,True,1,"{'positive_quarters': 2, 'earnings_accelerating': False, 'eps_accel_quarters': 0, 'profit_margin_pct': -0.1}","{'revenue_growth_yoy': 19.5, 'revenue_accelerating': True, 'rev_accel_quarters': 1}","{'rs_3m': 6.9, 'rs_6m': -11.6, 'rs_line_percentile': 50.5, 'rs_line_at_new_high': False, 'rs_line_trend': 'up', 'rs_line_score': 60}","{'roe_pct': -0.3, 'debt_to_equity': 5.08, 'current_ratio': 1.46, 'operating_margin_pct': 9.4}","{'days_to_earnings': 'N/A', 'recommendation': 'buy', 'analyst_upside_pct': 17.9}",148.24,4950185984,Industrials,Rental & Leasing Services,8.9,3.7,True,188.35,-21.3,7.0,True,174.83,220.0,115.0,12.0,buy,17.9,474.97,220.4,,,7.56,11.2,1.75,9333.3,2.8,,False,,1.0,,,,False,False,3.0,NEUTRAL,2.79,4.9,0.32,54.4,1.6,0.03,-52.8,2026-07-29T06:40:41.550177
LRLCY,L'Oreal Co.,54.7,⭐ AVERAGE,🟡 Average,55.0,50.0,36.0,80.0,65.0,15.0,16.6,False,up,,,0,,,0,{'profit_margin_pct': 13.9},{},"{'rs_3m': -2.7, 'rs_6m': -10.1, 'rs_line_percentile': 16.6, 'rs_line_at_new_high': False, 'rs_line_trend': 'up', 'rs_line_score': 15}","{'roe_pct': 18.0, 'debt_to_equity': 0.34, 'current_ratio': 1.45, 'operating_margin_pct': 19.2}","{'days_to_earnings': 'N/A', 'recommendation': 'strong_buy', 'analyst_upside_pct': 15.4}",87.2,232126038016,Consumer Defensive,Household & Personal Products,,,False,95.48,-8.7,6.0,False,100.67,103.0,98.0,3.0,strong_buy,15.4,32.69,-62.5,26.7,-69.4,2.55,2.22,1.98,60.9,1.68,1.54,,,,0.4,0.0,2026-07-29,True,False,6.0,NEUTRAL,3.78,69.9,62.61,22.5,,,,2026-07-29T06:34:58.542058
KHC,The Kraft Heinz Company,54.6,⭐ AVERAGE,🟡 Average,68.0,30.0,68.7,60.0,40.0,60.0,57.0,False,up,,True,1,-4.8,False,0,"{'positive_quarters': 3, 'earnings_accelerating': True, 'eps_accel_quarters': 1, 'profit_margin_pct': -23.0}","{'revenue_growth_yoy': -4.8, 'revenue_accelerating': False, 'rev_accel_quarters': 0}","{'rs_3m': 19.3, 'rs_6m': 12.2, 'rs_line_percentile': 57.0, 'rs_line_at_new_high': False, 'rs_line_trend': 'up', 'rs_line_score': 60}","{'roe_pct': -12.6, 'debt_to_equity': 0.5, 'current_ratio': 1.2, 'operating_margin_pct': 20.7}","{'days_to_earnings': 'N/A', 'recommendation': 'hold', 'analyst_upside_pct': -11.3}",27.3,32371728384,Consumer Defensive,Packaged Foods,10.8,6.9,True,29.19,-6.5,5.0,False,24.21,40.0,19.0,17.0,hold,-11.3,61.76,126.2,,,9.92,2.71,6.1,73.1,1.6,4.9,True,-0.72,-4.7,5.4,7.0,2026-08-05,True,False,5.0,NEUTRAL,-9.08,-51.9,0.96,34.3,1.6,0.05,-32.7,2026-07-29T06:39:11.730923
SBGSY,Schneider Electric SE,54.5,⭐ AVERAGE,🟡 Average,55.0,50.0,47.6,70.0,55.0,35.0,28.2,False,down,,,0,,,0,{'profit_margin_pct': 10.4},{},"{'rs_3m': -8.9, 'rs_6m': 0.9, 'rs_line_percentile': 28.2, 'rs_line_at_new_high': False, 'rs_line_trend': 'down', 'rs_line_score': 35}","{'roe_pct': 15.6, 'debt_to_equity': 0.81, 'current_ratio': 1.19, 'operating_margin_pct': 17.6}","{'days_to_earnings': 'N/A', 'recommendation': 'none', 'analyst_upside_pct': 25.7}",59.8,168544583680,Industrials,Specialty Industrial Machinery,,,False,67.16,-11.0,5.0,False,75.17,76.0,74.0,3.0,none,25.7,20.8,-65.2,17.8,-70.2,2.36,1.41,1.61,48.2,0.98,1.8,,,,-3.1,1.0,2026-07-30,True,False,6.0,NEUTRAL,3.65,74.6,,29.6,,,,2026-07-29T06:37:01.715023
RELX,RELX PLC PLC,54.3,⭐ AVERAGE,🟡 Average,60.0,50.0,46.7,50.0,70.0,35.0,27.1,False,up,,,0,,,0,{'profit_margin_pct': 23.3},{},"{'rs_3m': 2.5, 'rs_6m': -6.7, 'rs_line_percentile': 27.1, 'rs_line_at_new_high': False, 'rs_line_trend': 'up', 'rs_line_score': 35}","{'roe_pct': 131.9, 'debt_to_equity': 7.1, 'current_ratio': 0.45, 'operating_margin_pct': 32.0}","{'days_to_earnings': 'N/A', 'recommendation': 'strong_buy', 'analyst_upside_pct': 40.5}",37.76,65956749312,Industrials,Specialty Business Services,0.3,1.6,False,52.23,-27.7,3.0,False,53.05,57.0,49.1,2.0,strong_buy,40.5,44.01,16.6,42.77,13.3,3.38,1.28,2.56,53.4,0.91,2.0,,,,12.2,197.0,2027-02-11,False,False,7.0,NEUTRAL,1.11,1901.3,0.73,37.4,6.3,0.17,-31.1,2026-07-29T06:31:54.191201
MKC,"McCormick & Company, Incorporat",54.3,⭐ AVERAGE,🟡 Average,55.0,70.0,24.0,60.0,65.0,15.0,17.7,False,up,-33.4,False,0,12.3,True,1,"{'eps_growth_yoy': -33.4, 'positive_quarters': 4, 'earnings_accelerating': False, 'eps_accel_quarters': 0, 'profit_margin_pct': 21.9}","{'revenue_growth_yoy': 12.3, 'revenue_accelerating': True, 'rev_accel_quarters': 1}","{'rs_3m': -2.7, 'rs_6m': -24.4, 'rs_line_percentile': 17.7, 'rs_line_at_new_high': False, 'rs_line_trend': 'up', 'rs_line_score': 15}","{'roe_pct': 24.7, 'debt_to_equity': 0.65, 'current_ratio': 0.78, 'operating_margin_pct': 17.4}","{'days_to_earnings': 'N/A', 'recommendation': 'buy', 'analyst_upside_pct': 17.6}",51.53,13853920256,Consumer Defensive,Packaged Foods,,0.0,False,73.84,-30.2,1.0,False,60.62,75.0,52.0,13.0,buy,17.6,41.35,-19.8,61.2,18.8,5.15,2.81,3.79,30.9,1.92,2.11,True,-0.2,5.5,-9.9,69.0,2026-10-06,False,False,6.0,NEUTRAL,5.83,66.6,,37.4,,,,2026-07-29T06:38:23.695917
CL,Colgate-Palmolive Company,54.2,⭐ AVERAGE,🟡 Average,53.0,50.0,50.3,65.0,60.0,35.0,47.3,False,up,-13.1,True,1,4.2,False,0,"{'eps_growth_yoy': -13.1, 'positive_quarters': 3, 'earnings_accelerating': True, 'eps_accel_quarters': 1, 'profit_margin_pct': 10.0}","{'revenue_growth_yoy': 4.2, 'revenue_accelerating': False, 'rev_accel_quarters': 0}","{'rs_3m': 4.5, 'rs_6m': 2.3, 'rs_line_percentile': 47.3, 'rs_line_at_new_high': False, 'rs_line_trend': 'up', 'rs_line_score': 35}","{'roe_pct': 363.6, 'debt_to_equity': 16.41, 'current_ratio': 1.02, 'operating_margin_pct': 20.9}","{'days_to_earnings': 'N/A', 'recommendation': 'buy', 'analyst_upside_pct': 5.3}",92.73,74201554944,Consumer Defensive,Household & Personal Products,2.3,3.2,False,99.33,-6.6,6.0,False,97.65,110.0,85.0,20.0,buy,5.3,61.04,-34.2,26.0,-72.0,4.47,4.15,2.3,80.6,2.12,2.32,True,-1.66,12.4,-4.1,2.0,2026-07-31,True,False,5.0,NEUTRAL,4.1,71.4,,25.7,0.4,0.02,-25.3,2026-07-29T06:37:30.025132
ERIE,Erie Indemnity Company,54.2,⭐ AVERAGE,🟡 Average,60.0,40.0,38.7,90.0,50.0,15.0,18.7,False,up,-13.9,True,1,-4.5,True,1,"{'eps_growth_yoy': -13.9, 'positive_quarters': 4, 'earnings_accelerating': True, 'eps_accel_quarters': 1, 'profit_margin_pct': 14.0}","{'revenue_growth_yoy': -4.5, 'revenue_accelerating': True, 'rev_accel_quarters': 1}","{'rs_3m': 1.7, 'rs_6m': -17.1, 'rs_line_percentile': 18.7, 'rs_line_at_new_high': False, 'rs_line_trend': 'up', 'rs_line_score': 15}","{'roe_pct': 25.9, 'debt_to_equity': 0.02, 'current_ratio': 1.29, 'operating_margin_pct': 16.9}","{'days_to_earnings': 'N/A', 'recommendation': 'none'}",242.43,12676632576,Financial Services,Insurance Brokers,11.8,10.8,True,380.67,-36.3,1.0,False,,,,,none,,181.07,-25.3,115.9,-52.2,3.53,9.69,2.56,51.8,5.85,1.8,False,,,4.3,1.0,2026-07-30,True,False,4.0,NEUTRAL,,,1.99,65.6,,,,2026-07-29T06:34:46.830951
TJX,"TJX Companies, Inc. (The)",53.8,⭐ AVERAGE,🟡 Average,65.0,30.0,47.6,75.0,60.0,35.0,40.2,False,up,7.2,False,0,-0.5,False,0,"{'eps_growth_yoy': 7.2, 'positive_quarters': 4, 'earnings_accelerating': False, 'eps_accel_quarters': 0, 'profit_margin_pct': 9.4}","{'revenue_growth_yoy': -0.5, 'revenue_accelerating': False, 'rev_accel_quarters': 0}","{'rs_3m': -1.7, 'rs_6m': 2.2, 'rs_line_percentile': 40.2, 'rs_line_at_new_high': False, 'rs_line_trend': 'up', 'rs_line_score': 35}","{'roe_pct': 61.3, 'debt_to_equity': 1.36, 'current_ratio': 1.14, 'operating_margin_pct': 11.8}","{'days_to_earnings': 'N/A', 'recommendation': 'strong_buy', 'analyst_upside_pct': 10.2}",160.8,177636474880,Consumer Cyclical,Apparel Retail,1.6,3.0,False,170.0,-5.4,6.0,False,177.21,197.0,125.0,19.0,strong_buy,10.2,161.5,0.4,155.0,-3.6,2.43,3.91,1.23,33.1,1.92,1.34,True,-1.41,104.7,29.3,21.0,2026-08-19,False,True,7.0,NEUTRAL,3.96,36.2,0.95,22.3,,,,2026-07-29T06:38:07.065720
ORLY,"O'Reilly Automotive, Inc.",53.5,⭐ AVERAGE,🟡 Average,60.0,60.0,36.0,45.0,65.0,15.0,23.5,False,up,-9.6,True,1,0.8,True,1,"{'eps_growth_yoy': -9.6, 'positive_quarters': 4, 'earnings_accelerating': True, 'eps_accel_quarters': 1, 'profit_margin_pct': 14.3}","{'revenue_growth_yoy': 0.8, 'revenue_accelerating': True, 'rev_accel_quarters': 1}","{'rs_3m': -4.8, 'rs_6m': -16.5, 'rs_line_percentile': 23.5, 'rs_line_at_new_high': False, 'rs_line_trend': 'up', 'rs_line_score': 15}","{'current_ratio': 0.76, 'operating_margin_pct': 18.5}","{'days_to_earnings': 'N/A', 'recommendation': 'buy', 'analyst_upside_pct': 20.0}",91.17,75553947648,Consumer Cyclical,Auto Parts,2.8,2.5,False,108.72,-16.1,2.0,False,109.38,120.0,89.0,24.0,buy,20.0,40.42,-55.7,49.75,-45.4,1.76,1.61,,,,,True,-3.26,14.9,16.1,0.0,2026-07-29,True,False,7.0,NEUTRAL,4.14,40.2,1.56,42.6,,,,2026-07-29T06:35:50.191560
DPZ,Domino's Pizza Inc,53.5,⭐ AVERAGE,🟡 Average,60.0,60.0,24.0,65.0,60.0,15.0,24.4,False,up,-2.6,True,1,4.1,True,1,"{'eps_growth_yoy': -2.6, 'positive_quarters': 4, 'earnings_accelerating': True, 'eps_accel_quarters': 1, 'profit_margin_pct': 11.9}","{'revenue_growth_yoy': 4.1, 'revenue_accelerating': True, 'rev_accel_quarters': 1}","{'rs_3m': -0.8, 'rs_6m': -21.5, 'rs_line_percentile': 24.4, 'rs_line_at_new_high': False, 'rs_line_trend': 'up', 'rs_line_score': 15}","{'current_ratio': 1.54, 'operating_margin_pct': 19.1}","{'days_to_earnings': 'N/A', 'recommendation': 'buy', 'analyst_upside_pct': 10.3}",350.47,11594156032,Consumer Cyclical,Restaurants,11.2,3.3,True,477.0,-26.5,1.0,False,386.74,522.0,270.0,27.0,buy,10.3,277.55,-20.8,179.8,-48.7,4.58,16.07,2.32,42.3,7.96,1.25,True,-3.36,4.9,4.8,76.0,2026-10-13,False,False,8.0,STRONG,5.84,107.8,2.47,37.4,,,,2026-07-29T06:39:48.051231
DHR,Danaher Corporation,53.4,⭐ AVERAGE,🟡 Average,50.0,60.0,34.7,70.0,60.0,35.0,36.9,False,up,-4.2,False,0,3.5,True,1,"{'eps_growth_yoy': -4.2, 'positive_quarters': 4, 'earnings_accelerating': False, 'eps_accel_quarters': 0, 'profit_margin_pct': 15.9}","{'revenue_growth_yoy': 3.5, 'revenue_accelerating': True, 'rev_accel_quarters': 1}","{'rs_3m': 7.1, 'rs_6m': -22.3, 'rs_line_percentile': 36.9, 'rs_line_at_new_high': False, 'rs_line_trend': 'up', 'rs_line_score': 35}","{'roe_pct': 7.6, 'debt_to_equity': 0.53, 'current_ratio': 1.65, 'operating_margin_pct': 19.8}","{'days_to_earnings': 'N/A', 'recommendation': 'strong_buy', 'analyst_upside_pct': 14.3}",199.05,139929370624,Healthcare,Diagnostics & Research,1.6,2.5,False,242.8,-18.0,3.0,False,227.61,310.0,195.0,23.0,strong_buy,14.3,260.92,31.1,170.1,-14.5,3.09,6.15,0.81,25.7,1.6,0.44,True,-2.08,17.3,59.7,83.0,2026-10-20,False,False,5.0,NEUTRAL,2.75,39.2,0.36,53.0,0.8,0.01,-52.2,2026-07-29T06:36:09.833236
PGR,Progressive Corporation (The),53.1,⭐ AVERAGE,🟡 Average,50.0,50.0,46.7,75.0,50.0,35.0,35.6,False,up,-11.2,False,0,0.8,False,0,"{'eps_growth_yoy': -11.2, 'positive_quarters': 4, 'earnings_accelerating': False, 'eps_accel_quarters': 0, 'profit_margin_pct': 12.8}","{'revenue_growth_yoy': 0.8, 'revenue_accelerating': False, 'rev_accel_quarters': 0}","{'rs_3m': 3.8, 'rs_6m': -1.5, 'rs_line_percentile': 35.6, 'rs_line_at_new_high': False, 'rs_line_trend': 'up', 'rs_line_score': 35}","{'roe_pct': 34.9, 'debt_to_equity': 0.24, 'current_ratio': 0.28, 'operating_margin_pct': 18.2}","{'days_to_earnings': 'N/A', 'recommendation': 'hold', 'analyst_upside_pct': 5.8}",219.52,127628926976,Financial Services,Insurance - Property & Casualty,1.7,2.5,False,254.93,-13.9,4.0,False,232.33,308.0,198.0,21.0,hold,5.8,,,202.8,-7.6,,,6.44,69.7,13.9,1.95,True,-0.46,53.3,2.0,77.0,2026-10-14,False,False,6.0,NEUTRAL,10.82,,2.71,45.1,0.4,0.01,-44.7,2026-07-29T06:37:22.438172
COST,Costco Wholesale Corporation,53.0,⭐ AVERAGE,🟡 Average,65.0,30.0,44.0,75.0,60.0,35.0,25.5,False,down,-16.0,True,2,-18.1,False,0,"{'eps_growth_yoy': -16.0, 'positive_quarters': 4, 'earnings_accelerating': True, 'eps_accel_quarters': 2, 'profit_margin_pct': 3.0}","{'revenue_growth_yoy': -18.1, 'revenue_accelerating': False, 'rev_accel_quarters': 0}","{'rs_3m': -6.8, 'rs_6m': -7.0, 'rs_line_percentile': 25.5, 'rs_line_at_new_high': False, 'rs_line_trend': 'down', 'rs_line_score': 35}","{'roe_pct': 29.2, 'debt_to_equity': 0.6, 'current_ratio': 1.07, 'operating_margin_pct': 3.7}","{'days_to_earnings': 'N/A', 'recommendation': 'buy', 'analyst_upside_pct': 11.4}",966.58,428657770496,Consumer Defensive,Discount Stores,1.6,2.5,False,1096.5,-11.8,4.0,False,1076.91,1315.0,740.0,35.0,buy,11.4,665.02,-31.2,606.0,-37.3,1.62,15.68,0.62,27.0,5.88,0.59,True,-0.21,81.5,31.8,57.0,2026-09-24,False,False,7.0,NEUTRAL,2.57,30.6,0.94,25.0,,,,2026-07-29T06:32:42.567001
AWK,"American Water Works Company, I",52.8,⭐ AVERAGE,🟡 Average,65.0,40.0,50.3,55.0,50.0,35.0,37.0,False,up,-32.2,True,1,-5.4,True,1,"{'eps_growth_yoy': -32.2, 'positive_quarters': 4, 'earnings_accelerating': True, 'eps_accel_quarters': 1, 'profit_margin_pct': 21.2}","{'revenue_growth_yoy': -5.4, 'revenue_accelerating': True, 'rev_accel_quarters': 1}","{'rs_3m': 0.4, 'rs_6m': 0.1, 'rs_line_percentile': 37.0, 'rs_line_at_new_high': False, 'rs_line_trend': 'up', 'rs_line_score': 35}","{'roe_pct': 10.2, 'debt_to_equity': 1.42, 'current_ratio': 0.37, 'operating_margin_pct': 33.2}","{'days_to_earnings': 'N/A', 'recommendation': 'hold', 'analyst_upside_pct': 1.0}",138.04,26956523520,Utilities,Utilities - Regulated Water,7.3,4.7,False,147.87,-6.6,3.0,False,139.36,155.0,128.0,11.0,hold,1.0,,,57.8,-58.1,-7.04,-9.71,2.66,58.7,3.58,1.98,False,,3.2,-1.9,0.0,2026-07-29,True,False,8.0,STRONG,4.79,6.6,,28.1,1.6,0.06,-26.5,2026-07-29T06:37:50.730844
ABT,Abbott Laboratories,52.6,⭐ AVERAGE,🟡 Average,50.0,50.0,50.3,60.0,60.0,35.0,34.6,False,up,-39.5,False,0,0.2,False,0,"{'eps_growth_yoy': -39.5, 'positive_quarters': 4, 'earnings_accelerating': False, 'eps_accel_quarters': 0, 'profit_margin_pct': 11.6}","{'revenue_growth_yoy': 0.2, 'revenue_accelerating': False, 'rev_accel_quarters': 0}","{'rs_3m': 10.7, 'rs_6m': -6.7, 'rs_line_percentile': 34.6, 'rs_line_at_new_high': False, 'rs_line_trend': 'up', 'rs_line_score': 35}","{'debt_to_equity': 0.65, 'operating_margin_pct': 14.2}","{'days_to_earnings': 'N/A', 'recommendation': 'buy', 'analyst_upside_pct': 10.4}",107.27,186844282880,Healthcare,Medical Devices,1.6,1.8,False,137.49,-22.0,3.0,False,118.42,135.0,103.0,24.0,buy,10.4,,,31.8,-70.4,,,2.41,79.0,2.52,1.82,True,-0.42,15.4,-47.5,77.0,2026-10-14,False,False,6.0,NEUTRAL,4.18,42.0,,45.9,,,,2026-07-29T06:36:50.157615
ECL,Ecolab Inc.,51.8,⭐ AVERAGE,🟡 Average,50.0,50.0,46.7,60.0,60.0,35.0,43.3,False,up,-17.5,False,0,1.0,False,0,"{'eps_growth_yoy': -17.5, 'positive_quarters': 4, 'earnings_accelerating': False, 'eps_accel_quarters': 0, 'profit_margin_pct': 12.8}","{'revenue_growth_yoy': 1.0, 'revenue_accelerating': False, 'rev_accel_quarters': 0}","{'rs_3m': 1.9, 'rs_6m': -7.0, 'rs_line_percentile': 43.3, 'rs_line_at_new_high': False, 'rs_line_trend': 'up', 'rs_line_score': 35}","{'roe_pct': 22.4, 'debt_to_equity': 0.92, 'current_ratio': 0.99, 'operating_margin_pct': 16.9}","{'days_to_earnings': 'N/A', 'recommendation': 'buy', 'analyst_upside_pct': 13.3}",282.9,79618670592,Basic Materials,Specialty Chemicals,1.3,2.1,False,309.27,-8.5,5.0,False,320.57,345.0,275.0,21.0,buy,13.3,101.51,-64.1,76.9,-72.8,1.99,5.64,1.08,37.4,2.92,1.06,True,-1.22,9.3,7.8,,,False,False,6.0,NEUTRAL,3.35,52.2,3.88,26.3,,,,2026-07-29T06:34:54.775207
AZO,"AutoZone, Inc.",51.5,⭐ AVERAGE,🟡 Average,70.0,50.0,24.0,45.0,65.0,15.0,11.4,False,down,-23.4,True,2,-22.5,True,2,"{'eps_growth_yoy': -23.4, 'positive_quarters': 4, 'earnings_accelerating': True, 'eps_accel_quarters': 2, 'profit_margin_pct': 12.4}","{'revenue_growth_yoy': -22.5, 'revenue_accelerating': True, 'rev_accel_quarters': 2}","{'rs_3m': -16.8, 'rs_6m': -25.0, 'rs_line_percentile': 11.4, 'rs_line_at_new_high': False, 'rs_line_trend': 'down', 'rs_line_score': 15}","{'current_ratio': 0.89, 'operating_margin_pct': 19.1}","{'days_to_earnings': 'N/A', 'recommendation': 'strong_buy', 'analyst_upside_pct': 27.0}",3118.8,50915516416,Consumer Cyclical,Auto Parts,3.4,1.0,False,4388.11,-28.9,1.0,False,3961.96,4800.0,3200.0,23.0,strong_buy,27.0,992.84,-68.2,1475.2,-52.7,1.78,55.36,,,,,True,-3.47,7.5,7.7,55.0,2026-09-22,False,False,6.0,NEUTRAL,5.68,35.3,2.31,37.9,,,,2026-07-29T06:35:18.022340
WMT,Walmart Inc.,51.0,⭐ AVERAGE,🟡 Average,55.0,50.0,36.0,55.0,65.0,15.0,13.3,False,down,-24.1,True,1,0.2,False,0,"{'eps_growth_yoy': -24.1, 'positive_quarters': 4, 'earnings_accelerating': True, 'eps_accel_quarters': 1, 'profit_margin_pct': 3.1}","{'revenue_growth_yoy': 0.2, 'revenue_accelerating': False, 'rev_accel_quarters': 0}","{'rs_3m': -15.6, 'rs_6m': -10.0, 'rs_line_percentile': 13.3, 'rs_line_at_new_high': False, 'rs_line_trend': 'down', 'rs_line_score': 15}","{'roe_pct': 24.1, 'debt_to_equity': 0.75, 'current_ratio': 0.77, 'operating_margin_pct': 4.2}","{'days_to_earnings': 'N/A', 'recommendation': 'buy', 'analyst_upside_pct': 22.1}",113.1,900058710016,Consumer Defensive,Discount Stores,1.7,3.2,False,135.16,-16.3,3.0,False,138.1,155.0,81.0,41.0,buy,22.1,24.67,-78.2,55.68,-50.8,0.76,0.86,0.89,33.5,0.99,1.26,True,-0.62,11.7,19.4,22.0,2026-08-20,False,False,7.0,NEUTRAL,3.32,20.6,1.78,26.0,,,,2026-07-29T06:34:34.290615
SXYAY,SIKA AG,50.8,⭐ AVERAGE,🟡 Average,50.0,50.0,53.9,50.0,50.0,35.0,37.4,False,up,,,0,,,0,{},{},"{'rs_3m': 13.9, 'rs_6m': 8.5, 'rs_line_percentile': 37.4, 'rs_line_at_new_high': False, 'rs_line_trend': 'up', 'rs_line_score': 35}",{},"{'days_to_earnings': 'N/A', 'recommendation': 'none', 'analyst_upside_pct': 7.6}",21.6,34654875648,Basic Materials,Specialty Chemicals,,,False,24.918,-13.3,5.0,False,23.25,25.5,21.0,2.0,none,7.6,,,,,,,2.34,55.2,0.46,1.36,,,,,,,False,False,7.0,NEUTRAL,,45.5,2.31,48.3,,,,2026-07-29T06:36:25.560819
HHH,Howard Hughes Holdings Inc.,50.7,⭐ AVERAGE,🟡 Average,68.0,30.0,26.7,70.0,70.0,15.0,15.0,False,up,,True,1,-9.6,False,0,"{'positive_quarters': 3, 'earnings_accelerating': True, 'eps_accel_quarters': 1, 'profit_margin_pct': 8.0}","{'revenue_growth_yoy': -9.6, 'revenue_accelerating': False, 'rev_accel_quarters': 0}","{'rs_3m': 0.6, 'rs_6m': -23.9, 'rs_line_percentile': 15.0, 'rs_line_at_new_high': False, 'rs_line_trend': 'up', 'rs_line_score': 15}","{'roe_pct': 3.6, 'debt_to_equity': 1.51, 'current_ratio': 2.33, 'operating_margin_pct': 21.5}","{'days_to_earnings': 'N/A', 'recommendation': 'buy', 'analyst_upside_pct': 36.1}",67.13,4002598400,Real Estate,Real Estate - Development,8.6,6.5,True,91.07,-26.3,0.0,False,91.33,100.0,79.0,3.0,buy,36.1,88.3,31.5,21.8,-67.5,8.94,6.0,,,,,False,,1.9,-23.5,7.0,2026-08-05,True,False,6.0,NEUTRAL,4.15,14.6,,22.5,,,,2026-07-29T06:40:17.040207
SHW,Sherwin-Williams Company (The),50.1,⭐ AVERAGE,🟡 Average,60.0,40.0,46.7,45.0,60.0,35.0,47.2,False,up,-29.2,True,1,-10.3,True,1,"{'eps_growth_yoy': -29.2, 'positive_quarters': 4, 'earnings_accelerating': True, 'eps_accel_quarters': 1, 'profit_margin_pct': 10.9}","{'revenue_growth_yoy': -10.3, 'revenue_accelerating': True, 'rev_accel_quarters': 1}","{'rs_3m': 5.2, 'rs_6m': -4.2, 'rs_line_percentile': 47.2, 'rs_line_at_new_high': False, 'rs_line_trend': 'up', 'rs_line_score': 35}","{'roe_pct': 60.7, 'debt_to_equity': 3.3, 'current_ratio': 0.86, 'operating_margin_pct': 14.2}","{'days_to_earnings': 'N/A', 'recommendation': 'buy', 'analyst_upside_pct': 7.1}",354.27,87375593472,Basic Materials,Specialty Chemicals,2.8,2.5,False,379.65,-6.7,3.0,False,379.6,420.0,330.0,20.0,buy,7.1,154.32,-56.4,112.7,-68.2,2.45,8.68,0.98,30.4,3.2,0.87,True,-2.15,7.8,5.2,,,False,False,6.0,NEUTRAL,4.02,62.0,3.54,40.5,,,,2026-07-29T06:34:30.359979
MTD,"Mettler-Toledo International, I",50.1,⭐ AVERAGE,🟡 Average,55.0,30.0,56.7,65.0,50.0,60.0,56.6,False,up,-16.3,False,0,-3.7,False,0,"{'eps_growth_yoy': -16.3, 'positive_quarters': 4, 'earnings_accelerating': False, 'eps_accel_quarters': 0, 'profit_margin_pct': 21.4}","{'revenue_growth_yoy': -3.7, 'revenue_accelerating': False, 'rev_accel_quarters': 0}","{'rs_3m': 4.6, 'rs_6m': -9.7, 'rs_line_percentile': 56.6, 'rs_line_at_new_high': False, 'rs_line_trend': 'up', 'rs_line_score': 60}","{'current_ratio': 1.2, 'operating_margin_pct': 23.3}","{'days_to_earnings': 'N/A', 'recommendation': 'none', 'analyst_upside_pct': -3.7}",1388.38,28055828480,Healthcare,Diagnostics & Research,4.5,3.7,False,1525.17,-9.0,5.0,False,1336.5,1550.0,1200.0,12.0,none,-3.7,523.6,-62.3,442.9,-68.1,2.19,30.44,,,,,True,-2.81,16.3,3.4,1.0,2026-07-30,True,False,6.0,NEUTRAL,3.7,110.6,4.04,31.7,,,,2026-07-29T06:35:34.344734
MMC,MMC,50.0,⭐ AVERAGE,🟡 Average,50.0,50.0,50.0,50.0,50.0,,,,,,,0,,,0,{},{},{},{},{'days_to_earnings': 'N/A'},0.0,0,N/A,N/A,,,False,,,,,,,,,,,,,,,,,,,,,,,,,,,False,False,,,,,,,,,,2026-07-29T06:32:49.710975
POOL,Pool Corporation,49.8,⚠️ WEAK,🔴 Weak,55.0,40.0,24.0,80.0,65.0,15.0,8.9,False,up,-72.6,True,1,-36.2,True,1,"{'eps_growth_yoy': -72.6, 'positive_quarters': 4, 'earnings_accelerating': True, 'eps_accel_quarters': 1, 'profit_margin_pct': 7.4}","{'revenue_growth_yoy': -36.2, 'revenue_accelerating': True, 'rev_accel_quarters': 1}","{'rs_3m': -14.9, 'rs_6m': -33.4, 'rs_line_percentile': 8.9, 'rs_line_at_new_high': False, 'rs_line_trend': 'up', 'rs_line_score': 15}","{'roe_pct': 31.3, 'debt_to_equity': 1.35, 'current_ratio': 2.67, 'operating_margin_pct': 15.1}","{'days_to_earnings': 'N/A', 'recommendation': 'buy', 'analyst_upside_pct': 16.6}",192.16,7002887680,Industrials,Industrial Distribution,11.3,3.1,True,336.15,-42.8,0.0,False,224.0,300.0,185.0,11.0,buy,16.6,83.65,-56.5,113.4,-41.0,2.96,5.69,2.82,46.4,5.2,1.26,True,-5.06,8.7,,85.0,2026-10-22,False,False,5.0,NEUTRAL,6.75,34.5,2.14,39.0,,,,2026-07-29T06:39:35.177763
CHTR,"Charter Communications, Inc.",49.5,⚠️ WEAK,🔴 Weak,85.0,30.0,15.0,50.0,60.0,15.0,7.9,False,flat,13.6,True,1,-1.1,False,0,"{'eps_growth_yoy': 13.6, 'positive_quarters': 4, 'earnings_accelerating': True, 'eps_accel_quarters': 1, 'profit_margin_pct': 9.1}","{'revenue_growth_yoy': -1.1, 'revenue_accelerating': False, 'rev_accel_quarters': 0}","{'rs_3m': -23.5, 'rs_6m': -30.6, 'rs_line_percentile': 7.9, 'rs_line_at_new_high': False, 'rs_line_trend': 'flat', 'rs_line_score': 15}","{'roe_pct': 27.2, 'debt_to_equity': 4.42, 'current_ratio': 0.36, 'operating_margin_pct': 23.5}","{'days_to_earnings': 'N/A', 'recommendation': 'hold', 'analyst_upside_pct': 33.9}",139.97,18864805888,Communication Services,Telecom Services,45.5,5.3,True,298.21,-53.1,1.0,False,187.35,380.0,101.0,17.0,hold,33.9,463.87,231.4,658.01,370.1,11.65,18.43,,,,,True,-25.22,2.5,6.4,93.0,2026-10-30,False,False,7.0,NEUTRAL,10.61,26.9,0.2,55.4,,,,2026-07-29T06:39:27.410974
WTKWY,Wolters Kluwer N.V.,49.3,⚠️ WEAK,🔴 Weak,60.0,50.0,26.7,50.0,60.0,15.0,15.8,False,up,,,0,,,0,{'profit_margin_pct': 21.4},{},"{'rs_3m': 4.0, 'rs_6m': -20.0, 'rs_line_percentile': 15.8, 'rs_line_at_new_high': False, 'rs_line_trend': 'up', 'rs_line_score': 15}","{'roe_pct': 111.7, 'debt_to_equity': 6.23, 'current_ratio': 0.65, 'operating_margin_pct': 24.2}","{'days_to_earnings': 'N/A', 'recommendation': 'none', 'analyst_upside_pct': 32.2}",82.16,18307694592,Industrials,Specialty Business Services,,,False,162.78,-49.5,1.0,False,108.6,108.6,108.6,1.0,none,32.2,187.56,128.3,206.4,151.2,5.38,4.42,3.84,43.5,2.94,1.81,,,,18.4,,,False,False,7.0,NEUTRAL,7.81,668.9,0.31,44.4,,,,2026-07-29T06:31:57.348680
SYK,Stryker Corporation,49.1,⚠️ WEAK,🔴 Weak,50.0,30.0,46.7,75.0,60.0,35.0,34.3,False,up,-15.7,False,0,-0.0,False,0,"{'eps_growth_yoy': -15.7, 'positive_quarters': 4, 'earnings_accelerating': False, 'eps_accel_quarters': 0, 'profit_margin_pct': 13.2}","{'revenue_growth_yoy': -0.0, 'revenue_accelerating': False, 'rev_accel_quarters': 0}","{'rs_3m': 3.8, 'rs_6m': -8.8, 'rs_line_percentile': 34.3, 'rs_line_at_new_high': False, 'rs_line_trend': 'up', 'rs_line_score': 35}","{'roe_pct': 15.2, 'debt_to_equity': 0.66, 'current_ratio': 2.11, 'operating_margin_pct': 17.8}","{'days_to_earnings': 'N/A', 'recommendation': 'buy', 'analyst_upside_pct': 11.7}",346.6,132872847360,Healthcare,Medical Devices,1.9,2.5,False,403.92,-14.2,3.0,False,387.04,465.0,315.0,26.0,buy,11.7,265.54,-23.4,126.52,-63.5,3.28,11.37,1.05,39.8,3.52,0.99,False,,35.5,14.2,1.0,2026-07-30,True,False,5.0,NEUTRAL,3.53,47.3,1.46,44.3,0.8,0.02,-43.5,2026-07-29T06:34:07.152053
LPX,Louisiana-Pacific Corporation,48.6,⚠️ WEAK,🔴 Weak,48.0,40.0,36.0,70.0,65.0,15.0,17.5,False,up,-50.0,True,1,-24.0,True,1,"{'eps_growth_yoy': -50.0, 'positive_quarters': 3, 'earnings_accelerating': True, 'eps_accel_quarters': 1, 'profit_margin_pct': 3.2}","{'revenue_growth_yoy': -24.0, 'revenue_accelerating': True, 'rev_accel_quarters': 1}","{'rs_3m': -2.7, 'rs_6m': -19.4, 'rs_line_percentile': 17.5, 'rs_line_at_new_high': False, 'rs_line_trend': 'up', 'rs_line_score': 15}","{'roe_pct': 4.8, 'debt_to_equity': 0.22, 'current_ratio': 3.26, 'operating_margin_pct': 6.6}","{'days_to_earnings': 'N/A', 'recommendation': 'buy', 'analyst_upside_pct': 21.9}",76.55,5348156928,Industrials,Building Products & Equipment,10.1,5.6,True,102.86,-25.6,1.0,False,93.31,107.0,66.0,13.0,buy,21.9,,,12.1,-84.2,-1.23,-0.94,1.62,97.4,1.2,1.27,False,,8.7,-70.3,7.0,2026-08-05,True,False,5.0,NEUTRAL,3.76,9.3,,43.9,,,,2026-07-29T06:39:56.350547
BR,"Broadridge Financial Solutions,",48.3,⚠️ WEAK,🔴 Weak,50.0,50.0,24.0,60.0,70.0,15.0,13.0,False,up,-26.2,False,0,-5.4,True,2,"{'eps_growth_yoy': -26.2, 'positive_quarters': 4, 'earnings_accelerating': False, 'eps_accel_quarters': 0, 'profit_margin_pct': 15.0}","{'revenue_growth_yoy': -5.4, 'revenue_accelerating': True, 'rev_accel_quarters': 2}","{'rs_3m': -4.1, 'rs_6m': -29.5, 'rs_line_percentile': 13.0, 'rs_line_at_new_high': False, 'rs_line_trend': 'up', 'rs_line_score': 15}","{'roe_pct': 42.3, 'debt_to_equity': 1.21, 'current_ratio': 0.94, 'operating_margin_pct': 18.4}","{'days_to_earnings': 'N/A', 'recommendation': 'buy', 'analyst_upside_pct': 30.5}",158.18,18294829056,Technology,Information Technology Services,4.0,2.6,False,271.91,-41.8,1.0,False,206.5,255.0,165.0,8.0,buy,30.5,248.47,57.1,146.17,-7.6,6.49,10.27,2.55,40.7,3.9,1.64,True,-2.64,13.4,10.6,6.0,2026-08-04,True,False,8.0,STRONG,5.58,344.9,1.01,34.4,1.6,0.05,-32.8,2026-07-29T06:33:17.261298
RSG,"Republic Services, Inc.",47.7,⚠️ WEAK,🔴 Weak,50.0,40.0,38.7,60.0,60.0,15.0,22.7,False,up,-4.5,False,0,-2.9,True,1,"{'eps_growth_yoy': -4.5, 'positive_quarters': 4, 'earnings_accelerating': False, 'eps_accel_quarters': 0, 'profit_margin_pct': 13.0}","{'revenue_growth_yoy': -2.9, 'revenue_accelerating': True, 'rev_accel_quarters': 1}","{'rs_3m': 0.0, 'rs_6m': -6.8, 'rs_line_percentile': 22.7, 'rs_line_at_new_high': False, 'rs_line_trend': 'up', 'rs_line_score': 15}","{'roe_pct': 18.3, 'debt_to_equity': 1.18, 'current_ratio': 0.67, 'operating_margin_pct': 20.2}","{'days_to_earnings': 'N/A', 'recommendation': 'buy', 'analyst_upside_pct': 13.3}",216.63,66649276416,Industrials,Waste Management,1.8,2.2,False,246.25,-12.0,4.0,False,245.38,270.0,208.0,24.0,buy,13.3,104.57,-51.7,69.5,-67.9,2.71,5.88,1.15,35.2,2.5,1.22,True,-1.66,5.4,5.2,8.0,2026-08-06,False,True,6.0,NEUTRAL,3.93,24.7,3.58,24.8,1.6,0.06,-23.2,2026-07-29T06:33:05.410532
MSI,"Motorola Solutions, Inc.",47.5,⚠️ WEAK,🔴 Weak,50.0,30.0,47.6,60.0,65.0,35.0,32.5,False,up,-28.7,False,0,-1.8,False,0,"{'eps_growth_yoy': -28.7, 'positive_quarters': 4, 'earnings_accelerating': False, 'eps_accel_quarters': 0, 'profit_margin_pct': 17.6}","{'revenue_growth_yoy': -1.8, 'revenue_accelerating': False, 'rev_accel_quarters': 0}","{'rs_3m': -2.8, 'rs_6m': 2.0, 'rs_line_percentile': 32.5, 'rs_line_at_new_high': False, 'rs_line_trend': 'up', 'rs_line_score': 35}","{'roe_pct': 99.3, 'debt_to_equity': 3.74, 'current_ratio': 1.07, 'operating_margin_pct': 19.8}","{'days_to_earnings': 'N/A', 'recommendation': 'buy', 'analyst_upside_pct': 15.1}",440.31,73089515520,Technology,Communication Equipment,2.4,3.2,False,492.22,-10.5,4.0,False,507.0,530.0,470.0,11.0,buy,15.1,160.9,-63.5,129.0,-70.7,2.48,10.93,1.14,37.1,4.84,1.12,True,-1.18,7.7,-13.8,7.0,2026-08-05,True,False,6.0,NEUTRAL,3.88,161.2,,22.9,,,,2026-07-29T06:32:34.703560
MCD,McDonald's Corporation,47.5,⚠️ WEAK,🔴 Weak,55.0,30.0,36.0,65.0,65.0,15.0,12.3,False,flat,-12.0,False,0,-4.8,False,0,"{'eps_growth_yoy': -12.0, 'positive_quarters': 4, 'earnings_accelerating': False, 'eps_accel_quarters': 0, 'profit_margin_pct': 31.6}","{'revenue_growth_yoy': -4.8, 'revenue_accelerating': False, 'rev_accel_quarters': 0}","{'rs_3m': -10.4, 'rs_6m': -19.1, 'rs_line_percentile': 12.3, 'rs_line_at_new_high': False, 'rs_line_trend': 'flat', 'rs_line_score': 15}","{'current_ratio': 1.14, 'operating_margin_pct': 44.3}","{'days_to_earnings': 'N/A', 'recommendation': 'buy', 'analyst_upside_pct': 18.6}",273.02,193982300160,Consumer Cyclical,Restaurants,1.8,2.3,False,341.75,-20.1,1.0,False,323.9,407.0,250.0,31.0,buy,18.6,145.33,-46.8,122.3,-55.2,3.07,8.38,2.75,59.9,7.44,2.22,True,-1.02,7.9,4.8,6.0,2026-08-04,True,False,6.0,NEUTRAL,5.04,29.1,2.8,25.4,0.8,0.03,-24.6,2026-07-29T06:35:30.325306
BN,Brookfield Corporation,47.2,⚠️ WEAK,🔴 Weak,45.0,50.0,36.0,50.0,65.0,15.0,8.0,False,down,-62.5,False,0,2.7,False,0,"{'eps_growth_yoy': -62.5, 'positive_quarters': 4, 'earnings_accelerating': False, 'eps_accel_quarters': 0, 'profit_margin_pct': 1.7}","{'revenue_growth_yoy': 2.7, 'revenue_accelerating': False, 'rev_accel_quarters': 0}","{'rs_3m': -8.4, 'rs_6m': -17.4, 'rs_line_percentile': 8.0, 'rs_line_at_new_high': False, 'rs_line_trend': 'down', 'rs_line_score': 15}","{'roe_pct': 2.5, 'debt_to_equity': 1.61, 'current_ratio': 0.89, 'operating_margin_pct': 28.9}","{'days_to_earnings': 'N/A', 'recommendation': 'buy', 'analyst_upside_pct': 27.9}",42.37,94637449216,Financial Services,Asset Management,,4.3,False,49.57,-14.5,1.0,False,54.2,61.0,31.0,10.0,buy,27.9,,,15.3,-63.9,-2.34,-0.99,0.67,49.0,0.28,0.87,True,-1.12,1.3,158.8,15.0,2026-08-13,False,True,6.0,NEUTRAL,4.57,12.9,0.05,21.1,,,,2026-07-29T06:40:04.741294
WM,"Waste Management, Inc.",47.1,⚠️ WEAK,🔴 Weak,50.0,40.0,46.7,45.0,60.0,35.0,48.2,False,up,-0.4,False,0,-3.2,True,1,"{'eps_growth_yoy': -0.4, 'positive_quarters': 4, 'earnings_accelerating': False, 'eps_accel_quarters': 0, 'profit_margin_pct': 11.0}","{'revenue_growth_yoy': -3.2, 'revenue_accelerating': True, 'rev_accel_quarters': 1}","{'rs_3m': 1.9, 'rs_6m': -2.2, 'rs_line_percentile': 48.2, 'rs_line_at_new_high': False, 'rs_line_trend': 'up', 'rs_line_score': 35}","{'roe_pct': 29.9, 'debt_to_equity': 2.28, 'current_ratio': 0.93, 'operating_margin_pct': 17.5}","{'days_to_earnings': 'N/A', 'recommendation': 'buy', 'analyst_upside_pct': 7.7}",239.41,96141246464,Industrials,Waste Management,1.6,2.8,False,248.13,-3.5,5.0,False,257.92,285.0,220.0,25.0,buy,7.7,119.86,-49.9,92.3,-61.4,2.22,5.32,1.49,49.5,3.54,1.49,True,-0.36,4.9,13.3,,,False,False,8.0,STRONG,3.65,21.3,1.95,26.2,0.4,0.01,-25.8,2026-07-29T06:32:05.596245
CLPBY,Coloplast AS,47.0,⚠️ WEAK,🔴 Weak,38.0,50.0,26.7,75.0,65.0,15.0,17.1,False,up,-206.5,False,0,2.2,False,0,"{'eps_growth_yoy': -206.5, 'positive_quarters': 3, 'earnings_accelerating': False, 'eps_accel_quarters': 0, 'profit_margin_pct': 7.5}","{'revenue_growth_yoy': 2.2, 'revenue_accelerating': False, 'rev_accel_quarters': 0}","{'rs_3m': 2.3, 'rs_6m': -28.6, 'rs_line_percentile': 17.1, 'rs_line_at_new_high': False, 'rs_line_trend': 'up', 'rs_line_score': 15}","{'roe_pct': 14.1, 'debt_to_equity': 1.89, 'current_ratio': 1.75, 'operating_margin_pct': 25.7}","{'days_to_earnings': 'N/A', 'recommendation': 'buy', 'analyst_upside_pct': 24.8}",6.65,14986891264,Healthcare,Medical Instruments & Supplies,,,False,10.03,-33.7,1.0,False,8.3,12.2,6.5,4.0,buy,24.8,29.83,348.6,1.5,-77.4,28.05,2.03,5.56,244.9,0.36,2.72,False,,3.9,,,,False,False,7.0,NEUTRAL,18.85,105.6,0.44,36.1,,,,2026-07-29T06:34:51.104696
LEN,Lennar Corporation,46.8,⚠️ WEAK,🔴 Weak,55.0,40.0,24.0,70.0,50.0,15.0,8.3,False,up,-48.4,True,1,-9.9,True,1,"{'eps_growth_yoy': -48.4, 'positive_quarters': 4, 'earnings_accelerating': True, 'eps_accel_quarters': 1, 'profit_margin_pct': 4.9}","{'revenue_growth_yoy': -9.9, 'revenue_accelerating': True, 'rev_accel_quarters': 1}","{'rs_3m': -8.9, 'rs_6m': -26.2, 'rs_line_percentile': 8.3, 'rs_line_at_new_high': False, 'rs_line_trend': 'up', 'rs_line_score': 15}","{'roe_pct': 7.4, 'debt_to_equity': 0.29, 'current_ratio': 8.51, 'operating_margin_pct': 5.3}","{'days_to_earnings': 'N/A', 'recommendation': 'hold', 'analyst_upside_pct': -0.7}",87.65,21114458112,Consumer Cyclical,Residential Construction,0.3,0.2,False,144.24,-39.2,1.0,False,87.0,120.0,67.0,13.0,hold,-0.7,75.35,-14.0,65.7,-25.0,5.11,5.12,2.35,31.4,2.0,1.45,True,-5.92,,-12.6,50.0,2026-09-17,False,False,4.0,NEUTRAL,10.72,11.2,,31.5,0.8,0.02,-30.7,2026-07-29T06:40:00.397338
ZTS,Zoetis Inc.,46.8,⚠️ WEAK,🔴 Weak,65.0,30.0,15.0,65.0,70.0,15.0,6.1,False,up,-16.3,True,1,-8.0,False,0,"{'eps_growth_yoy': -16.3, 'positive_quarters': 4, 'earnings_accelerating': True, 'eps_accel_quarters': 1, 'profit_margin_pct': 28.0}","{'revenue_growth_yoy': -8.0, 'revenue_accelerating': False, 'rev_accel_quarters': 0}","{'rs_3m': -37.5, 'rs_6m': -44.4, 'rs_line_percentile': 6.1, 'rs_line_at_new_high': False, 'rs_line_trend': 'up', 'rs_line_score': 15}","{'roe_pct': 67.7, 'debt_to_equity': 2.86, 'current_ratio': 3.15, 'operating_margin_pct': 36.6}","{'days_to_earnings': 'N/A', 'recommendation': 'buy', 'analyst_upside_pct': 44.4}",77.51,32494372864,Healthcare,Drug Manufacturers - Specialty & Generic,5.1,2.8,False,160.48,-51.7,1.0,False,111.94,160.0,80.0,17.0,buy,44.4,70.97,-8.4,61.5,-20.7,5.48,4.25,2.76,33.3,2.12,0.95,True,-10.46,15.4,4.2,8.0,2026-08-06,False,True,6.0,NEUTRAL,9.0,42.1,1.75,26.8,3.1,0.12,-23.7,2026-07-29T06:33:25.670368
ESLOY,EssilorLuxottica,46.5,⚠️ WEAK,🔴 Weak,50.0,50.0,24.0,55.0,60.0,15.0,4.4,False,down,,,0,,,0,{'profit_margin_pct': 8.1},{},"{'rs_3m': -11.7, 'rs_6m': -43.0, 'rs_line_percentile': 4.4, 'rs_line_at_new_high': False, 'rs_line_trend': 'down', 'rs_line_score': 15}","{'roe_pct': 6.1, 'debt_to_equity': 0.36, 'current_ratio': 0.99, 'operating_margin_pct': 10.2}","{'days_to_earnings': 'N/A', 'recommendation': 'none', 'analyst_upside_pct': 50.0}",97.0,89160769536,Healthcare,Medical Instruments & Supplies,,,False,186.81,-48.1,0.0,False,145.5,152.0,139.0,2.0,none,50.0,52.48,-45.9,29.1,-70.0,3.68,3.57,2.45,79.8,2.32,1.52,,,,-3.9,,,False,False,4.0,NEUTRAL,3.46,34.6,,30.2,,,,2026-07-29T06:38:03.191324
NVR,"NVR, Inc.",45.0,⚠️ WEAK,🔴 Weak,50.0,30.0,24.0,85.0,50.0,15.0,20.6,False,up,-40.6,False,0,-27.6,False,0,"{'eps_growth_yoy': -40.6, 'positive_quarters': 4, 'earnings_accelerating': False, 'eps_accel_quarters': 0, 'profit_margin_pct': 11.8}","{'revenue_growth_yoy': -27.6, 'revenue_accelerating': False, 'rev_accel_quarters': 0}","{'rs_3m': -3.9, 'rs_6m': -20.8, 'rs_line_percentile': 20.6, 'rs_line_at_new_high': False, 'rs_line_trend': 'up', 'rs_line_score': 15}","{'roe_pct': 31.5, 'debt_to_equity': 0.31, 'current_ratio': 5.28, 'operating_margin_pct': 13.9}","{'days_to_earnings': 'N/A', 'recommendation': 'hold', 'analyst_upside_pct': 4.8}",6471.37,17331318784,Consumer Cyclical,Residential Construction,7.7,5.1,False,8618.28,-24.9,2.0,False,6782.0,7446.0,5664.0,5.0,hold,4.8,,,3947.5,-39.0,,,,,,,True,-10.86,55.0,-9.0,84.0,2026-10-21,False,False,5.0,NEUTRAL,10.36,41.3,,33.5,,,,2026-07-29T06:39:31.528406
GPK,Graphic Packaging Holding Compa,40.7,⚠️ WEAK,🔴 Weak,38.0,40.0,30.3,55.0,50.0,15.0,12.6,False,up,-141.3,False,0,-2.2,True,1,"{'eps_growth_yoy': -141.3, 'positive_quarters': 3, 'earnings_accelerating': False, 'eps_accel_quarters': 0, 'profit_margin_pct': 3.2}","{'revenue_growth_yoy': -2.2, 'revenue_accelerating': True, 'rev_accel_quarters': 1}","{'rs_3m': 16.7, 'rs_6m': -28.0, 'rs_line_percentile': 12.6, 'rs_line_at_new_high': False, 'rs_line_trend': 'up', 'rs_line_score': 15}","{'roe_pct': 8.6, 'debt_to_equity': 1.78, 'current_ratio': 1.41, 'operating_margin_pct': 4.1}","{'days_to_earnings': 'N/A', 'recommendation': 'hold', 'analyst_upside_pct': 1.3}",11.65,3447088128,Consumer Cyclical,Packaging & Containers,10.9,5.4,True,23.76,-51.0,2.0,False,11.8,18.0,9.0,11.0,hold,1.3,9.32,-20.0,9.6,-17.6,5.44,0.63,3.95,47.8,0.44,1.79,True,-2.15,2.6,,6.0,2026-08-04,True,False,5.0,NEUTRAL,8.87,12.6,0.24,37.2,6.3,0.17,-30.9,2026-07-29T06:40:32.827246
IT,"Gartner, Inc.",40.3,⚠️ WEAK,🔴 Weak,50.0,30.0,26.7,50.0,50.0,15.0,10.7,False,up,-7.7,False,0,-10.4,False,0,"{'eps_growth_yoy': -7.7, 'positive_quarters': 4, 'earnings_accelerating': False, 'eps_accel_quarters': 0, 'profit_margin_pct': 11.4}","{'revenue_growth_yoy': -10.4, 'revenue_accelerating': False, 'rev_accel_quarters': 0}","{'rs_3m': 0.4, 'rs_6m': -41.2, 'rs_line_percentile': 10.7, 'rs_line_at_new_high': False, 'rs_line_trend': 'up', 'rs_line_score': 15}","{'roe_pct': 94.9, 'debt_to_equity': 52.93, 'current_ratio': 0.94, 'operating_margin_pct': 20.5}","{'days_to_earnings': 'N/A', 'recommendation': 'hold', 'analyst_upside_pct': 2.9}",155.84,10433781760,Technology,Information Technology Services,23.7,7.4,True,353.77,-55.9,1.0,False,160.38,203.0,120.0,13.0,hold,2.9,419.26,169.0,184.94,18.7,10.2,15.89,,,,,True,-22.65,8.5,6.9,6.0,2026-08-04,True,False,6.0,NEUTRAL,9.02,255.4,0.59,68.6,,,,2026-07-29T06:36:53.967751
KD,"Kyndryl Holdings, Inc.",40.3,⚠️ WEAK,🔴 Weak,45.0,50.0,24.0,30.0,50.0,15.0,8.0,False,up,-69.6,False,0,0.7,False,0,"{'eps_growth_yoy': -69.6, 'positive_quarters': 4, 'earnings_accelerating': False, 'eps_accel_quarters': 0, 'profit_margin_pct': 1.3}","{'revenue_growth_yoy': 0.7, 'revenue_accelerating': False, 'rev_accel_quarters': 0}","{'rs_3m': -5.2, 'rs_6m': -51.1, 'rs_line_percentile': 8.0, 'rs_line_at_new_high': False, 'rs_line_trend': 'up', 'rs_line_score': 15}","{'roe_pct': 15.1, 'debt_to_equity': 3.84, 'current_ratio': 0.88, 'operating_margin_pct': 4.1}","{'days_to_earnings': 'N/A', 'recommendation': 'hold', 'analyst_upside_pct': 4.1}",13.35,2943905024,Technology,Information Technology Services,14.9,7.2,True,39.98,-66.6,2.0,False,13.9,16.5,13.0,5.0,hold,4.1,186.67,1298.3,8.9,-33.3,95.03,12.69,,,,,True,-13.52,5.7,-29.2,7.0,2026-08-05,True,False,6.0,NEUTRAL,9.34,14.9,,47.6,,,,2026-07-29T06:40:54.299708
