ticker,company_name,fundamental_score,tier,quality,price_currency,financial_currency,fx_applied,fx_reliable,per_share_reliable,shares_price_ratio,coherence_issues,earnings_quality_score,growth_acceleration_score,relative_strength_score,financial_health_score,catalyst_timing_score,rs_line_score,rs_line_percentile,rs_line_at_new_high,rs_line_trend,eps_growth_yoy,eps_accelerating,eps_accel_quarters,rev_growth_yoy,rev_accelerating,rev_accel_quarters,earnings_details,growth_details,rs_details,health_details,catalyst_details,current_price,market_cap,sector,industry,short_percent_float,short_ratio,short_squeeze_potential,fifty_two_week_high,proximity_to_52w_high,trend_template_score,trend_template_pass,target_price_analyst,target_price_analyst_high,target_price_analyst_low,analyst_count,analyst_recommendation,analyst_upside_pct,target_price_dcf,target_price_dcf_upside_pct,target_price_pe,target_price_pe_upside_pct,fcf_yield_pct,fcf_per_share,dividend_yield_pct,payout_ratio_pct,dividend_rate,five_yr_avg_dividend_yield_pct,buyback_active,shares_change_pct,interest_coverage,analyst_revision_momentum,days_to_earnings,earnings_date,earnings_warning,earnings_catalyst,piotroski_score,piotroski_label,ebit_ev_yield,roic_greenblatt,peg_ratio,hv_30d,atm_iv,iv_ratio,iv_premium_pts,analyzed_at
INTU,Intuit Inc.,82.0,🏆 ELITE,🟢 Elite,USD,USD,False,True,True,1.0,"FCF declarado (5,232,000,000) se aparta del derivado de flujo operativo menos capex (7,764,000,000)",100.0,100.0,36.0,85.0,70.0,15.0,8.7,False,down,704.2,True,2,123.4,True,2,"{'eps_growth_yoy': 704.2, 'positive_quarters': 4, 'earnings_accelerating': True, 'eps_accel_quarters': 2, 'profit_margin_pct': 21.9}","{'revenue_growth_yoy': 123.4, 'revenue_accelerating': True, 'rev_accel_quarters': 2}","{'rs_3m': nan, 'rs_6m': nan, 'rs_line_percentile': 8.7, 'rs_line_at_new_high': False, 'rs_line_trend': 'down', 'rs_line_score': 15}","{'roe_pct': 22.5, 'debt_to_equity': 0.33, 'current_ratio': 1.45, 'operating_margin_pct': 47.0}","{'days_to_earnings': 'N/A', 'recommendation': 'buy', 'analyst_upside_pct': 43.4}",318.39,87091445760,Technology,Software - Application,6.6,2.9,False,794.09,-59.9,0.0,False,456.47,921.0,250.0,33.0,buy,43.4,387.99,21.9,175.48,-44.9,6.01,19.13,1.52,28.3,4.8,0.67,True,-4.69,24.8,10.7,21.0,2026-08-25,False,True,9.0,STRONG,5.83,97.0,1.09,50.2,,,,2026-08-04T06:30:53.466758
AJG,Arthur J. Gallagher & Co.,80.0,🏆 ELITE,🟢 Elite,USD,USD,False,True,True,1.0,,100.0,100.0,44.0,65.0,65.0,35.0,34.0,False,up,124.7,True,1,47.7,True,2,"{'eps_growth_yoy': 124.7, 'positive_quarters': 4, 'earnings_accelerating': True, 'eps_accel_quarters': 1, 'profit_margin_pct': 10.4}","{'revenue_growth_yoy': 47.7, 'revenue_accelerating': True, 'rev_accel_quarters': 2}","{'rs_3m': nan, 'rs_6m': nan, 'rs_line_percentile': 34.0, 'rs_line_at_new_high': False, 'rs_line_trend': 'up', 'rs_line_score': 35}","{'roe_pct': 6.7, 'debt_to_equity': 0.59, 'current_ratio': 1.05, 'operating_margin_pct': 18.6}","{'days_to_earnings': 'N/A', 'recommendation': 'buy', 'analyst_upside_pct': 15.9}",247.79,63667654656,Financial Services,Insurance Brokers,3.1,4.2,False,313.55,-21.0,0.0,False,287.22,388.0,250.0,18.0,buy,15.9,102.22,-58.7,60.4,-75.6,2.8,6.95,1.12,44.8,2.8,1.01,True,-0.49,4.3,-10.7,86.0,2026-10-29,False,False,6.0,NEUTRAL,3.29,77.9,,38.2,,,,2026-08-04T06:32:21.749713
CBOE,"Cboe Global Markets, Inc.",78.3,⭐⭐⭐ EXCELLENT,🟢 Excellent,USD,USD,False,True,True,1.0,"FCF declarado (678,249,984) se aparta del derivado de flujo operativo menos capex (1,891,800,000)",100.0,70.0,54.0,100.0,50.0,60.0,56.0,False,down,64.1,True,1,8.5,True,2,"{'eps_growth_yoy': 64.1, 'positive_quarters': 4, 'earnings_accelerating': True, 'eps_accel_quarters': 1, 'profit_margin_pct': 26.7}","{'revenue_growth_yoy': 8.5, 'revenue_accelerating': True, 'rev_accel_quarters': 2}","{'rs_3m': nan, 'rs_6m': nan, 'rs_line_percentile': 56.0, 'rs_line_at_new_high': False, 'rs_line_trend': 'down', 'rs_line_score': 60}","{'roe_pct': 26.3, 'debt_to_equity': 0.28, 'current_ratio': 1.56, 'operating_margin_pct': 34.6}","{'days_to_earnings': 'N/A', 'recommendation': 'hold', 'analyst_upside_pct': 5.4}",297.83,31169034240,Financial Services,Financial Data & Stock Exchanges,3.0,2.9,False,371.18,-19.8,0.0,False,314.0,380.0,258.0,14.0,hold,5.4,274.84,-7.7,385.2,29.3,2.18,6.48,0.93,22.4,2.88,1.29,True,-0.25,36.0,20.1,87.0,2026-10-30,False,False,8.0,STRONG,5.31,70.3,0.39,35.9,,,,2026-08-04T06:36:09.534419
VEEV,Veeva Systems Inc.,78.0,⭐⭐⭐ EXCELLENT,🟢 Excellent,USD,USD,False,True,True,1.0,,100.0,80.0,44.0,85.0,65.0,35.0,26.4,False,up,30.3,True,1,11.9,True,2,"{'eps_growth_yoy': 30.3, 'positive_quarters': 4, 'earnings_accelerating': True, 'eps_accel_quarters': 1, 'profit_margin_pct': 28.4}","{'revenue_growth_yoy': 11.9, 'revenue_accelerating': True, 'rev_accel_quarters': 2}","{'rs_3m': nan, 'rs_6m': nan, 'rs_line_percentile': 26.4, 'rs_line_at_new_high': False, 'rs_line_trend': 'up', 'rs_line_score': 35}","{'roe_pct': 13.9, 'debt_to_equity': 0.01, 'current_ratio': 4.74, 'operating_margin_pct': 30.9}","{'days_to_earnings': 'N/A', 'recommendation': 'buy', 'analyst_upside_pct': 18.4}",206.25,33503930368,Healthcare,Health Information Services,5.3,3.2,False,310.5,-33.6,0.0,False,244.14,350.0,165.0,28.0,buy,18.4,183.94,-10.8,82.34,-60.1,3.76,7.75,,,,,True,-0.68,,14.6,29.0,2026-09-02,False,False,7.0,NEUTRAL,3.49,14.1,1.41,39.3,,,,2026-08-04T06:31:57.759666
HEI,Heico Corporation,77.8,⭐⭐⭐ EXCELLENT,🟢 Excellent,USD,USD,False,True,False,0.3953,"acciones × precio no cuadra con la capitalización (ratio 0.3953): el dato por acción y el precio no están en la misma unidad — típico de ADR. Los ratios por acción (EPS, FCF/acción, DCF) no son utilizables",100.0,70.0,54.0,90.0,60.0,60.0,63.4,False,up,31.8,True,1,19.9,True,1,"{'eps_growth_yoy': 31.8, 'positive_quarters': 4, 'earnings_accelerating': True, 'eps_accel_quarters': 1, 'profit_margin_pct': 16.1}","{'revenue_growth_yoy': 19.9, 'revenue_accelerating': True, 'rev_accel_quarters': 1}","{'rs_3m': nan, 'rs_6m': nan, 'rs_line_percentile': 63.4, 'rs_line_at_new_high': False, 'rs_line_trend': 'up', 'rs_line_score': 60}","{'roe_pct': 17.2, 'debt_to_equity': 0.48, 'current_ratio': 2.92, 'operating_margin_pct': 25.5}","{'days_to_earnings': 'N/A', 'recommendation': 'buy', 'analyst_upside_pct': 7.2}",360.44,50367062016,Industrials,Aerospace & Defense,1.5,1.7,False,369.48,-2.4,0.0,False,386.53,472.0,290.0,19.0,buy,7.2,,,,,1.41,12.82,0.07,4.3,0.25,0.1,False,,9.0,48.2,21.0,2026-08-25,False,True,8.0,STRONG,1.92,52.3,1.08,25.6,,,,2026-08-04T06:33:55.004220
POOL,Pool Corporation,77.7,⭐⭐⭐ EXCELLENT,🟢 Excellent,USD,USD,False,True,True,1.0,"FCF declarado (212,930,256) se aparta del derivado de flujo operativo menos capex (310,312,016)",100.0,90.0,36.0,80.0,60.0,15.0,5.0,False,flat,48.1,True,2,25.6,True,2,"{'eps_growth_yoy': 48.1, 'positive_quarters': 4, 'earnings_accelerating': True, 'eps_accel_quarters': 2, 'profit_margin_pct': 7.4}","{'revenue_growth_yoy': 25.6, 'revenue_accelerating': True, 'rev_accel_quarters': 2}","{'rs_3m': nan, 'rs_6m': nan, 'rs_line_percentile': 5.0, 'rs_line_at_new_high': False, 'rs_line_trend': 'flat', 'rs_line_score': 15}","{'roe_pct': 31.3, 'debt_to_equity': 1.35, 'current_ratio': 2.67, 'operating_margin_pct': 15.1}","{'days_to_earnings': 'N/A', 'recommendation': 'buy', 'analyst_upside_pct': 12.7}",195.58,7107523584,Industrials,Industrial Distribution,11.3,3.1,True,336.15,-41.8,0.0,False,220.36,260.0,185.0,11.0,buy,12.7,86.21,-55.9,108.8,-44.4,3.0,5.86,2.8,46.4,5.2,1.26,True,-3.87,16.2,,79.0,2026-10-22,False,False,5.0,NEUTRAL,6.62,34.5,2.22,38.2,,,,2026-08-04T06:37:36.913162
MSFT,Microsoft Corporation,77.0,⭐⭐⭐ EXCELLENT,🟢 Excellent,USD,USD,False,True,True,1.0,"FCF declarado (16,363,499,520) se aparta del derivado de flujo operativo menos capex (66,986,994,944)",100.0,70.0,44.0,95.0,65.0,35.0,38.2,False,up,28.9,True,1,15.9,True,1,"{'eps_growth_yoy': 28.9, 'positive_quarters': 4, 'earnings_accelerating': True, 'eps_accel_quarters': 1, 'profit_margin_pct': 40.3}","{'revenue_growth_yoy': 15.9, 'revenue_accelerating': True, 'rev_accel_quarters': 1}","{'rs_3m': nan, 'rs_6m': nan, 'rs_line_percentile': 38.2, 'rs_line_at_new_high': False, 'rs_line_trend': 'up', 'rs_line_score': 35}","{'roe_pct': 34.0, 'debt_to_equity': 0.29, 'current_ratio': 1.23, 'operating_margin_pct': 45.1}","{'days_to_earnings': 'N/A', 'recommendation': 'strong_buy', 'analyst_upside_pct': 15.5}",487.65,3621067423744,Technology,Software - Infrastructure,1.2,2.0,False,553.72,-11.9,0.0,False,563.05,870.0,400.0,54.0,strong_buy,15.5,93.45,-80.8,538.2,10.4,0.45,2.2,0.78,19.8,3.64,0.79,True,-0.62,55.4,31.7,85.0,2026-10-28,False,False,6.0,NEUTRAL,4.6,44.9,0.66,58.7,,,,2026-08-04T06:30:35.072705
ADP,"Automatic Data Processing, Inc.",76.5,⭐⭐⭐ EXCELLENT,🟢 Excellent,USD,USD,False,True,True,1.0,,100.0,80.0,44.0,85.0,50.0,35.0,40.9,False,up,49.3,True,1,15.8,True,2,"{'eps_growth_yoy': 49.3, 'positive_quarters': 4, 'earnings_accelerating': True, 'eps_accel_quarters': 1, 'profit_margin_pct': 20.1}","{'revenue_growth_yoy': 15.8, 'revenue_accelerating': True, 'rev_accel_quarters': 2}","{'rs_3m': nan, 'rs_6m': nan, 'rs_line_percentile': 40.9, 'rs_line_at_new_high': False, 'rs_line_trend': 'up', 'rs_line_score': 35}","{'roe_pct': 72.2, 'debt_to_equity': 0.9, 'current_ratio': 1.05, 'operating_margin_pct': 23.1}","{'days_to_earnings': 'N/A', 'recommendation': 'hold', 'analyst_upside_pct': 6.3}",269.78,107318484992,Technology,Software - Application,4.0,5.0,False,310.08,-13.0,0.0,False,286.67,322.0,225.0,15.0,hold,6.3,264.46,-2.0,109.5,-59.4,4.97,13.41,2.55,60.7,6.8,2.04,True,-1.67,14.2,4.0,85.0,2026-10-28,False,False,8.0,STRONG,5.31,192.0,2.01,35.9,,,,2026-08-04T06:29:21.482354
CDNS,"Cadence Design Systems, Inc.",76.3,⭐⭐⭐ EXCELLENT,🟢 Excellent,USD,USD,False,True,True,1.0,,100.0,70.0,44.0,90.0,65.0,35.0,33.0,False,down,27.8,True,1,18.3,True,1,"{'eps_growth_yoy': 27.8, 'positive_quarters': 4, 'earnings_accelerating': True, 'eps_accel_quarters': 1, 'profit_margin_pct': 23.6}","{'revenue_growth_yoy': 18.3, 'revenue_accelerating': True, 'rev_accel_quarters': 1}","{'rs_3m': nan, 'rs_6m': nan, 'rs_line_percentile': 33.0, 'rs_line_at_new_high': False, 'rs_line_trend': 'down', 'rs_line_score': 35}","{'roe_pct': 23.2, 'debt_to_equity': 0.39, 'current_ratio': 1.74, 'operating_margin_pct': 28.6}","{'days_to_earnings': 'N/A', 'recommendation': 'strong_buy', 'analyst_upside_pct': 20.1}",336.15,92715548672,Technology,Software - Application,2.3,2.8,False,416.69,-19.3,0.0,False,403.67,470.0,300.0,26.0,strong_buy,20.1,247.5,-26.4,150.9,-55.1,1.74,5.84,,,,,True,-1.1,15.6,125.4,83.0,2026-10-26,False,False,7.0,NEUTRAL,1.75,44.0,0.28,46.6,,,,2026-08-04T06:34:07.905692
RACE,Ferrari N.V.,75.8,⭐⭐⭐ EXCELLENT,🟢 Excellent,USD,EUR,True,True,True,1.0,"FCF declarado (1,152,772,635) se aparta del derivado de flujo operativo menos capex (1,827,822,180)",100.0,70.0,44.0,90.0,60.0,35.0,27.5,False,up,21.2,True,2,9.7,True,2,"{'eps_growth_yoy': 21.2, 'positive_quarters': 4, 'earnings_accelerating': True, 'eps_accel_quarters': 2, 'profit_margin_pct': 22.2}","{'revenue_growth_yoy': 9.7, 'revenue_accelerating': True, 'rev_accel_quarters': 2}","{'rs_3m': nan, 'rs_6m': nan, 'rs_line_percentile': 27.5, 'rs_line_at_new_high': False, 'rs_line_trend': 'up', 'rs_line_score': 35}","{'roe_pct': 45.4, 'debt_to_equity': 0.86, 'current_ratio': 2.43, 'operating_margin_pct': 31.1}","{'days_to_earnings': 'N/A', 'recommendation': 'strong_buy', 'analyst_upside_pct': 12.5}",401.28,70535716864,Consumer Cyclical,Auto Manufacturers,2.9,6.7,False,504.49,-20.5,0.0,False,451.59,529.47,397.37,14.0,strong_buy,12.5,129.82,-67.6,107.36,-73.2,1.63,6.56,1.07,39.0,4.23,0.68,True,-1.13,63.9,10.1,91.0,2026-11-03,False,False,9.0,STRONG,2.91,46.9,3.13,33.2,,,,2026-08-04T06:33:21.793732
WST,"West Pharmaceutical Services, I",75.7,⭐⭐⭐ EXCELLENT,🟢 Excellent,USD,USD,False,True,True,1.0,"FCF declarado (277,937,504) se aparta del derivado de flujo operativo menos capex (376,300,000)",100.0,50.0,62.0,95.0,65.0,80.0,77.9,False,up,10.0,True,2,8.4,False,0,"{'eps_growth_yoy': 10.0, 'positive_quarters': 4, 'earnings_accelerating': True, 'eps_accel_quarters': 2, 'profit_margin_pct': 17.0}","{'revenue_growth_yoy': 8.4, 'revenue_accelerating': False, 'rev_accel_quarters': 0}","{'rs_3m': nan, 'rs_6m': nan, 'rs_line_percentile': 77.9, 'rs_line_at_new_high': False, 'rs_line_trend': 'up', 'rs_line_score': 80}","{'roe_pct': 19.1, 'debt_to_equity': 0.11, 'current_ratio': 2.82, 'operating_margin_pct': 22.5}","{'days_to_earnings': 'N/A', 'recommendation': 'strong_buy', 'analyst_upside_pct': 16.3}",347.94,24486541312,Healthcare,Medical Instruments & Supplies,3.9,2.9,False,386.0,-9.9,1.0,False,404.73,459.0,340.0,15.0,strong_buy,16.3,107.46,-69.1,141.36,-59.4,1.14,3.95,0.26,11.1,0.88,0.25,True,-1.87,155.1,18.1,79.0,2026-10-22,False,False,7.0,NEUTRAL,,,1.93,32.2,,,,2026-08-04T06:32:48.907347
THC,Tenet Healthcare Corporation,74.7,⭐⭐⭐ EXCELLENT,🟢 Excellent,USD,USD,False,True,True,1.0,"FCF declarado (2,247,875,072) se aparta del derivado de flujo operativo menos capex (3,005,000,064)",100.0,60.0,62.0,75.0,60.0,80.0,87.5,False,up,141.5,False,0,14.2,False,0,"{'eps_growth_yoy': 141.5, 'positive_quarters': 4, 'earnings_accelerating': False, 'eps_accel_quarters': 0, 'profit_margin_pct': 10.3}","{'revenue_growth_yoy': 14.2, 'revenue_accelerating': False, 'rev_accel_quarters': 0}","{'rs_3m': nan, 'rs_6m': nan, 'rs_line_percentile': 87.5, 'rs_line_at_new_high': False, 'rs_line_trend': 'up', 'rs_line_score': 80}","{'roe_pct': 37.3, 'debt_to_equity': 1.52, 'current_ratio': 1.41, 'operating_margin_pct': 18.2}","{'days_to_earnings': 'N/A', 'recommendation': 'strong_buy', 'analyst_upside_pct': 11.0}",249.99,20128946176,Healthcare,Medical Care Facilities,4.3,2.2,False,262.68,-4.8,1.0,False,277.48,309.0,231.0,21.0,strong_buy,11.0,1183.92,373.6,775.8,210.3,11.17,27.92,,,,2.75,True,-8.2,5.7,213.4,84.0,2026-10-27,False,False,6.0,NEUTRAL,10.27,33.4,0.06,76.2,,,,2026-08-04T06:38:37.922958
NUE,Nucor Corporation,74.6,⭐⭐⭐ EXCELLENT,🟢 Excellent,USD,USD,False,True,True,1.0,"FCF declarado (669,000,000) se aparta del derivado de flujo operativo menos capex (1,002,000,000)",85.0,70.0,68.0,80.0,60.0,95.0,90.9,False,up,23.2,True,1,12.3,True,1,"{'eps_growth_yoy': 23.2, 'positive_quarters': 4, 'earnings_accelerating': True, 'eps_accel_quarters': 1, 'profit_margin_pct': 8.0}","{'revenue_growth_yoy': 12.3, 'revenue_accelerating': True, 'rev_accel_quarters': 1}","{'rs_3m': nan, 'rs_6m': nan, 'rs_line_percentile': 90.9, 'rs_line_at_new_high': False, 'rs_line_trend': 'up', 'rs_line_score': 95}","{'roe_pct': 14.5, 'debt_to_equity': 0.31, 'current_ratio': 2.51, 'operating_margin_pct': 15.7}","{'days_to_earnings': 'N/A', 'recommendation': 'buy', 'analyst_upside_pct': 7.3}",261.28,59504152576,Basic Materials,Steel,2.3,2.2,False,270.9,-3.6,1.0,False,280.31,303.0,231.0,16.0,buy,7.3,124.58,-52.3,375.9,43.9,1.12,2.94,0.87,17.8,2.24,1.41,True,-0.88,23.8,93.8,83.0,2026-10-26,False,False,6.0,NEUTRAL,4.2,11.9,0.15,34.6,,,,2026-08-04T06:37:46.503934
FICO,Fair Isaac Corporation,74.0,⭐⭐⭐ EXCELLENT,🟢 Excellent,USD,USD,False,True,True,1.0,,100.0,80.0,36.0,65.0,70.0,15.0,9.7,False,down,53.0,False,0,30.7,False,0,"{'eps_growth_yoy': 53.0, 'positive_quarters': 4, 'earnings_accelerating': False, 'eps_accel_quarters': 0, 'profit_margin_pct': 34.1}","{'revenue_growth_yoy': 30.7, 'revenue_accelerating': False, 'rev_accel_quarters': 0}","{'rs_3m': nan, 'rs_6m': nan, 'rs_line_percentile': 9.7, 'rs_line_at_new_high': False, 'rs_line_trend': 'down', 'rs_line_score': 15}","{'current_ratio': 1.18, 'operating_margin_pct': 53.8}","{'days_to_earnings': 'N/A', 'recommendation': 'buy', 'analyst_upside_pct': 43.9}",1045.46,22579464192,Technology,Software - Application,12.5,7.5,True,1998.01,-47.7,0.0,False,1504.75,1950.0,707.0,20.0,buy,43.9,1520.61,45.4,1037.7,-0.7,3.43,35.86,,,,0.09,True,-15.92,6.7,41.2,92.0,2026-11-04,False,False,7.0,NEUTRAL,3.35,996.8,0.48,71.1,,,,2026-08-04T06:31:53.336682
TT,Trane Technologies plc,73.8,⭐⭐⭐ EXCELLENT,🟢 Excellent,USD,USD,False,True,True,1.0,,90.0,80.0,44.0,80.0,60.0,35.0,43.6,False,flat,9.1,True,2,10.6,True,2,"{'eps_growth_yoy': 9.1, 'positive_quarters': 4, 'earnings_accelerating': True, 'eps_accel_quarters': 2, 'profit_margin_pct': 13.3}","{'revenue_growth_yoy': 10.6, 'revenue_accelerating': True, 'rev_accel_quarters': 2}","{'rs_3m': nan, 'rs_6m': nan, 'rs_line_percentile': 43.6, 'rs_line_at_new_high': False, 'rs_line_trend': 'flat', 'rs_line_score': 35}","{'roe_pct': 36.6, 'debt_to_equity': 0.53, 'current_ratio': 1.07, 'operating_margin_pct': 19.3}","{'days_to_earnings': 'N/A', 'recommendation': 'buy', 'analyst_upside_pct': 13.9}",461.21,101476892672,Industrials,Building Products & Equipment,1.9,3.3,False,505.87,-8.8,0.0,False,525.28,575.0,422.0,21.0,buy,13.9,248.18,-46.2,134.2,-70.9,3.08,14.19,0.92,29.7,4.2,1.19,True,-1.34,18.0,5.0,86.0,2026-10-29,False,False,9.0,STRONG,3.73,102.0,3.73,28.1,,,,2026-08-04T06:34:45.412257
KO,Coca-Cola Company (The),73.4,⭐⭐⭐ EXCELLENT,🟢 Excellent,USD,USD,False,True,True,1.0,"FCF declarado (5,218,749,952) se aparta del derivado de flujo operativo menos capex (14,229,999,616)",85.0,70.0,62.0,80.0,60.0,80.0,80.6,False,up,19.7,False,0,7.4,True,2,"{'eps_growth_yoy': 19.7, 'positive_quarters': 4, 'earnings_accelerating': False, 'eps_accel_quarters': 0, 'profit_margin_pct': 28.6}","{'revenue_growth_yoy': 7.4, 'revenue_accelerating': True, 'rev_accel_quarters': 2}","{'rs_3m': nan, 'rs_6m': nan, 'rs_line_percentile': 80.6, 'rs_line_at_new_high': False, 'rs_line_trend': 'up', 'rs_line_score': 80}","{'roe_pct': 42.1, 'debt_to_equity': 1.16, 'current_ratio': 1.3, 'operating_margin_pct': 34.9}","{'days_to_earnings': 'N/A', 'recommendation': 'buy', 'analyst_upside_pct': 9.0}",86.86,373719400448,Consumer Defensive,Beverages - Non-Alcoholic,1.1,2.4,False,90.92,-4.5,1.0,False,94.7,104.0,75.0,23.0,buy,9.0,31.5,-63.7,56.28,-35.2,1.4,1.21,2.42,62.5,2.12,2.87,True,-0.25,12.0,16.9,77.0,2026-10-20,False,False,7.0,NEUTRAL,4.37,91.1,1.46,29.6,,,,2026-08-04T06:30:39.634662
BAC,Bank of America Corporation,73.2,⭐⭐⭐ EXCELLENT,🟢 Excellent,USD,USD,False,True,True,1.0,,95.0,60.0,70.0,65.0,60.0,100.0,91.2,True,up,20.6,True,1,14.4,False,0,"{'eps_growth_yoy': 20.6, 'positive_quarters': 4, 'earnings_accelerating': True, 'eps_accel_quarters': 1, 'profit_margin_pct': 29.5}","{'revenue_growth_yoy': 14.4, 'revenue_accelerating': False, 'rev_accel_quarters': 0}","{'rs_3m': nan, 'rs_6m': nan, 'rs_line_percentile': 91.2, 'rs_line_at_new_high': True, 'rs_line_trend': 'up', 'rs_line_score': 100}","{'roe_pct': 11.2, 'operating_margin_pct': 38.3}","{'days_to_earnings': 'N/A', 'recommendation': 'buy', 'analyst_upside_pct': 9.9}",62.48,438482599936,Financial Services,Banks - Diversified,0.0,0.0,False,62.99,-0.8,1.0,False,68.68,75.0,62.0,22.0,buy,9.9,76.22,22.0,129.9,107.9,2.88,1.8,2.07,25.9,1.28,2.35,True,-5.74,,34.1,71.0,2026-10-14,False,False,5.0,NEUTRAL,,,0.35,20.3,,,,2026-08-04T06:36:50.897939
JNJ,Johnson & Johnson,73.0,⭐⭐⭐ EXCELLENT,🟢 Excellent,USD,USD,False,True,True,1.0,,95.0,60.0,54.0,85.0,60.0,60.0,68.2,False,up,7.4,True,2,5.5,True,1,"{'eps_growth_yoy': 7.4, 'positive_quarters': 4, 'earnings_accelerating': True, 'eps_accel_quarters': 2, 'profit_margin_pct': 21.5}","{'revenue_growth_yoy': 5.5, 'revenue_accelerating': True, 'rev_accel_quarters': 1}","{'rs_3m': nan, 'rs_6m': nan, 'rs_line_percentile': 68.2, 'rs_line_at_new_high': False, 'rs_line_trend': 'up', 'rs_line_score': 60}","{'roe_pct': 25.7, 'debt_to_equity': 0.58, 'current_ratio': 1.09, 'operating_margin_pct': 29.2}","{'days_to_earnings': 'N/A', 'recommendation': 'buy', 'analyst_upside_pct': 6.5}",254.41,613102256128,Healthcare,Drug Manufacturers - General,1.3,3.0,False,274.9,-7.5,0.0,False,271.05,305.0,190.0,22.0,buy,6.5,103.1,-59.5,86.1,-66.2,2.75,7.01,2.09,60.8,5.36,2.77,True,-1.32,25.9,-0.9,70.0,2026-10-13,False,False,4.0,NEUTRAL,5.23,136.0,,26.5,,,,2026-08-04T06:36:04.977351
BRK-B,Berkshire Hathaway Inc. New,72.5,⭐⭐⭐ EXCELLENT,🟢 Excellent,USD,USD,False,True,False,0.6483,"acciones × precio no cuadra con la capitalización (ratio 0.6483): el dato por acción y el precio no están en la misma unidad — típico de ADR. Los ratios por acción (EPS, FCF/acción, DCF) no son utilizables | FCF declarado (61,228,249,088) se aparta del derivado de flujo operativo menos capex (24,577",100.0,60.0,44.0,85.0,60.0,35.0,37.2,False,up,119.6,False,0,10.5,False,0,"{'eps_growth_yoy': 119.6, 'positive_quarters': 4, 'earnings_accelerating': False, 'eps_accel_quarters': 0, 'profit_margin_pct': 19.3}","{'revenue_growth_yoy': 10.5, 'revenue_accelerating': False, 'rev_accel_quarters': 0}","{'rs_3m': nan, 'rs_6m': nan, 'rs_line_percentile': 37.2, 'rs_line_at_new_high': False, 'rs_line_trend': 'up', 'rs_line_score': 35}","{'roe_pct': 10.5, 'debt_to_equity': 0.18, 'current_ratio': 2.88, 'operating_margin_pct': 14.4}","{'days_to_earnings': 'N/A', 'recommendation': 'buy', 'analyst_upside_pct': 2.4}",513.14,1106767904768,Financial Services,Insurance - Diversified,1.0,2.3,False,520.665,-1.4,0.0,False,525.33,585.0,481.0,3.0,buy,2.4,,,,,5.53,43.79,,,,,True,-0.02,14.4,83.7,4.0,2026-08-08,True,False,4.0,NEUTRAL,,,0.2,15.0,,,,2026-08-04T06:33:35.210688
EQIX,"Equinix, Inc.",72.3,⭐⭐⭐ EXCELLENT,🟢 Excellent,USD,USD,False,True,True,1.0,"FCF declarado (3,776,000,000) se aparta del derivado de flujo operativo menos capex (-368,999,872)",90.0,70.0,54.0,70.0,65.0,60.0,59.7,False,down,28.1,False,0,13.3,True,1,"{'eps_growth_yoy': 28.1, 'positive_quarters': 4, 'earnings_accelerating': False, 'eps_accel_quarters': 0, 'profit_margin_pct': 15.5}","{'revenue_growth_yoy': 13.3, 'revenue_accelerating': True, 'rev_accel_quarters': 1}","{'rs_3m': nan, 'rs_6m': nan, 'rs_line_percentile': 59.7, 'rs_line_at_new_high': False, 'rs_line_trend': 'down', 'rs_line_score': 60}","{'roe_pct': 10.7, 'debt_to_equity': 1.62, 'current_ratio': 1.13, 'operating_margin_pct': 27.0}","{'days_to_earnings': 'N/A', 'recommendation': 'buy', 'analyst_upside_pct': 18.3}",1031.44,101773918208,Real Estate,REIT - Specialty,2.2,2.8,False,1128.68,-8.6,0.0,False,1220.14,1350.0,1060.0,29.0,buy,18.3,1554.22,50.7,446.11,-56.7,3.71,38.27,2.02,126.8,20.64,1.86,False,,4.0,28.8,85.0,2026-10-28,False,False,6.0,NEUTRAL,1.64,7.8,1.92,33.0,,,,2026-08-04T06:35:09.461764
NDAQ,"Nasdaq, Inc.",72.0,⭐⭐⭐ EXCELLENT,🟢 Excellent,USD,USD,False,True,True,1.0,,85.0,80.0,44.0,75.0,65.0,35.0,45.1,False,up,19.9,False,0,29.3,True,1,"{'eps_growth_yoy': 19.9, 'positive_quarters': 4, 'earnings_accelerating': False, 'eps_accel_quarters': 0, 'profit_margin_pct': 35.0}","{'revenue_growth_yoy': 29.3, 'revenue_accelerating': True, 'rev_accel_quarters': 1}","{'rs_3m': nan, 'rs_6m': nan, 'rs_line_percentile': 45.1, 'rs_line_at_new_high': False, 'rs_line_trend': 'up', 'rs_line_score': 35}","{'roe_pct': 16.5, 'debt_to_equity': 0.78, 'current_ratio': 1.01, 'operating_margin_pct': 49.3}","{'days_to_earnings': 'N/A', 'recommendation': 'buy', 'analyst_upside_pct': 16.9}",94.14,52622127104,Financial Services,Financial Data & Stock Exchanges,2.4,1.7,False,101.79,-7.5,0.0,False,110.07,135.0,84.0,15.0,buy,16.9,70.38,-25.2,48.36,-48.6,3.21,3.03,1.23,32.7,1.16,1.28,True,-2.48,8.3,14.1,79.0,2026-10-22,False,False,9.0,STRONG,4.07,205.3,1.43,30.2,,,,2026-08-04T06:34:36.310096
G24.DE,Scout24 SE                    N,71.8,⭐⭐⭐ EXCELLENT,🟢 Excellent,EUR,EUR,False,True,True,1.0,,95.0,60.0,50.0,75.0,70.0,,,,,37.0,False,0,14.0,False,0,"{'eps_growth_yoy': 37.0, 'positive_quarters': 4, 'earnings_accelerating': False, 'eps_accel_quarters': 0, 'profit_margin_pct': 37.4}","{'revenue_growth_yoy': 14.0, 'revenue_accelerating': False, 'rev_accel_quarters': 0}","{'rs_3m': nan, 'rs_6m': nan}","{'roe_pct': 17.7, 'debt_to_equity': 0.25, 'current_ratio': 0.22, 'operating_margin_pct': 55.2}","{'days_to_earnings': 'N/A', 'recommendation': 'buy', 'analyst_upside_pct': 40.2}",75.1,5310732288,Communication Services,Internet Content & Information,,,False,121.6,-38.2,0.0,False,105.28,140.0,80.0,18.0,buy,40.2,158.18,110.6,108.3,44.2,4.97,3.73,2.02,36.6,1.5,1.51,,,44.1,40.6,2.0,2026-08-06,True,False,6.0,NEUTRAL,5.04,635.9,0.39,39.8,,,,2026-08-04T06:36:36.985336
CP,Canadian Pacific Kansas City Li,71.0,⭐⭐⭐ EXCELLENT,🟢 Excellent,USD,CAD,True,True,True,1.0,"FCF declarado (1,551,663,412) se aparta del derivado de flujo operativo menos capex (772,279,758)",95.0,70.0,54.0,55.0,60.0,60.0,60.0,False,up,11.3,True,1,13.7,True,1,"{'eps_growth_yoy': 11.3, 'positive_quarters': 4, 'earnings_accelerating': True, 'eps_accel_quarters': 1, 'profit_margin_pct': 25.0}","{'revenue_growth_yoy': 13.7, 'revenue_accelerating': True, 'rev_accel_quarters': 1}","{'rs_3m': nan, 'rs_6m': nan, 'rs_line_percentile': 60.0, 'rs_line_at_new_high': False, 'rs_line_trend': 'up', 'rs_line_score': 60}","{'roe_pct': 8.2, 'debt_to_equity': 0.53, 'current_ratio': 0.59, 'operating_margin_pct': 39.0}","{'days_to_earnings': 'N/A', 'recommendation': 'buy', 'analyst_upside_pct': 10.2}",90.65,79688531968,Industrials,Railroads,2.2,7.3,False,93.95,-3.5,0.0,False,99.9,109.27,74.85,13.0,buy,10.2,25.97,-71.4,30.7,-66.1,1.95,1.77,0.8,22.1,0.71,0.76,True,-5.23,6.6,-13.5,85.0,2026-10-28,False,False,7.0,NEUTRAL,6.03,11.8,,20.5,,,,2026-08-04T06:36:00.292360
CNI,Canadian National Railway Compa,70.4,⭐⭐⭐ EXCELLENT,🟢 Excellent,USD,CAD,True,True,True,1.0,"FCF declarado (2,152,820,820) se aparta del derivado de flujo operativo menos capex (1,332,646,092)",85.0,70.0,62.0,60.0,60.0,80.0,82.0,False,up,9.7,True,1,14.1,True,1,"{'eps_growth_yoy': 9.7, 'positive_quarters': 4, 'earnings_accelerating': True, 'eps_accel_quarters': 1, 'profit_margin_pct': 26.9}","{'revenue_growth_yoy': 14.1, 'revenue_accelerating': True, 'rev_accel_quarters': 1}","{'rs_3m': nan, 'rs_6m': nan, 'rs_line_percentile': 82.0, 'rs_line_at_new_high': False, 'rs_line_trend': 'up', 'rs_line_score': 80}","{'roe_pct': 22.0, 'debt_to_equity': 1.04, 'current_ratio': 0.87, 'operating_margin_pct': 40.3}","{'days_to_earnings': 'N/A', 'recommendation': 'buy', 'analyst_upside_pct': 10.1}",125.81,76102467584,Industrials,Railroads,,2.0,False,131.55,-4.4,1.0,False,138.48,151.26,113.2,13.0,buy,10.1,70.74,-43.8,56.61,-55.0,2.83,3.56,2.04,46.3,2.6,2.04,True,-3.95,7.8,7.1,87.0,2026-10-30,False,False,7.0,NEUTRAL,7.29,14.5,1.92,18.9,,,,2026-08-04T06:32:26.750558
V,Visa Inc.,70.3,⭐⭐⭐ EXCELLENT,🟢 Excellent,USD,USD,False,True,False,0.9127,"acciones × precio no cuadra con la capitalización (ratio 0.9127): el dato por acción y el precio no están en la misma unidad — típico de ADR. Los ratios por acción (EPS, FCF/acción, DCF) no son utilizables",85.0,70.0,54.0,70.0,60.0,60.0,55.8,False,up,10.6,False,0,8.5,True,2,"{'eps_growth_yoy': 10.6, 'positive_quarters': 4, 'earnings_accelerating': False, 'eps_accel_quarters': 0, 'profit_margin_pct': 50.8}","{'revenue_growth_yoy': 8.5, 'revenue_accelerating': True, 'rev_accel_quarters': 2}","{'rs_3m': nan, 'rs_6m': nan, 'rs_line_percentile': 55.8, 'rs_line_at_new_high': False, 'rs_line_trend': 'up', 'rs_line_score': 60}","{'roe_pct': 61.2, 'debt_to_equity': 0.68, 'current_ratio': 0.98, 'operating_margin_pct': 66.1}","{'days_to_earnings': 'N/A', 'recommendation': 'strong_buy', 'analyst_upside_pct': 13.1}",365.67,682723180544,Financial Services,Credit Services,1.4,2.4,False,373.97,-2.2,0.0,False,413.45,450.0,330.0,38.0,strong_buy,13.1,,,,,2.99,11.97,0.73,22.1,2.68,0.7,True,-3.13,35.7,10.2,84.0,2026-10-27,False,False,6.0,NEUTRAL,3.63,356.4,2.4,20.5,,,,2026-08-04T06:29:03.173039
DSGX,The Descartes Systems Group Inc,70.2,⭐⭐⭐ EXCELLENT,🟢 Excellent,USD,USD,False,True,True,1.0,,100.0,50.0,36.0,90.0,70.0,15.0,13.7,False,up,27.5,True,1,7.7,False,0,"{'eps_growth_yoy': 27.5, 'positive_quarters': 4, 'earnings_accelerating': True, 'eps_accel_quarters': 1, 'profit_margin_pct': 23.3}","{'revenue_growth_yoy': 7.7, 'revenue_accelerating': False, 'rev_accel_quarters': 0}","{'rs_3m': nan, 'rs_6m': nan, 'rs_line_percentile': 13.7, 'rs_line_at_new_high': False, 'rs_line_trend': 'up', 'rs_line_score': 15}","{'roe_pct': 11.4, 'debt_to_equity': 0.0, 'current_ratio': 2.05, 'operating_margin_pct': 32.9}","{'days_to_earnings': 'N/A', 'recommendation': 'buy', 'analyst_upside_pct': 30.3}",76.59,6563059712,Technology,Software - Application,,4.7,False,109.0,-29.7,0.0,False,99.79,126.0,82.0,14.0,buy,30.3,132.77,73.4,60.3,-21.3,4.09,3.13,,,,,True,-0.32,243.4,34.1,29.0,2026-09-02,False,False,6.0,NEUTRAL,3.51,77.7,0.69,49.9,,,,2026-08-04T06:33:02.723348
CTAS,Cintas Corporation,69.5,⭐⭐ GOOD,🟡 Good,USD,USD,False,True,True,1.0,,90.0,60.0,44.0,85.0,60.0,35.0,39.2,False,up,4.0,True,2,6.9,True,1,"{'eps_growth_yoy': 4.0, 'positive_quarters': 4, 'earnings_accelerating': True, 'eps_accel_quarters': 2, 'profit_margin_pct': 17.8}","{'revenue_growth_yoy': 6.9, 'revenue_accelerating': True, 'rev_accel_quarters': 1}","{'rs_3m': nan, 'rs_6m': nan, 'rs_line_percentile': 39.2, 'rs_line_at_new_high': False, 'rs_line_trend': 'up', 'rs_line_score': 35}","{'roe_pct': 40.7, 'debt_to_equity': 0.53, 'current_ratio': 1.43, 'operating_margin_pct': 23.7}","{'days_to_earnings': 'N/A', 'recommendation': 'buy', 'analyst_upside_pct': 5.6}",204.01,81638588416,Industrials,Specialty Business Services,4.1,5.4,False,226.75,-10.0,0.0,False,215.38,250.0,160.0,16.0,buy,5.6,90.31,-55.7,76.6,-62.5,1.79,3.66,1.02,36.7,2.08,0.89,True,-1.17,24.6,10.9,50.0,2026-09-23,False,False,8.0,STRONG,3.11,82.2,2.14,38.4,,,,2026-08-04T06:29:07.799833
ICE,Intercontinental Exchange Inc.,69.5,⭐⭐ GOOD,🟡 Good,USD,USD,False,True,True,1.0,,85.0,70.0,44.0,75.0,65.0,35.0,29.5,False,flat,17.4,False,0,20.1,False,0,"{'eps_growth_yoy': 17.4, 'positive_quarters': 4, 'earnings_accelerating': False, 'eps_accel_quarters': 0, 'profit_margin_pct': 38.2}","{'revenue_growth_yoy': 20.1, 'revenue_accelerating': False, 'rev_accel_quarters': 0}","{'rs_3m': nan, 'rs_6m': nan, 'rs_line_percentile': 29.5, 'rs_line_at_new_high': False, 'rs_line_trend': 'flat', 'rs_line_score': 35}","{'roe_pct': 14.1, 'debt_to_equity': 0.69, 'current_ratio': 1.01, 'operating_margin_pct': 52.6}","{'days_to_earnings': 'N/A', 'recommendation': 'strong_buy', 'analyst_upside_pct': 20.0}",151.8,85219688448,Financial Services,Financial Data & Stock Exchanges,1.8,1.8,False,189.35,-19.8,0.0,False,182.23,218.0,163.0,13.0,strong_buy,20.0,151.13,-0.4,100.68,-33.7,4.26,6.47,1.36,28.2,2.08,1.23,True,-2.47,7.6,14.2,86.0,2026-10-29,False,False,8.0,STRONG,4.91,118.3,1.22,23.5,,,,2026-08-04T06:32:31.416552
WM,"Waste Management, Inc.",69.5,⭐⭐ GOOD,🟡 Good,USD,USD,False,True,True,1.0,"FCF declarado (2,348,375,040) se aparta del derivado de flujo operativo menos capex (3,290,000,192)",100.0,70.0,44.0,45.0,65.0,35.0,26.7,False,up,30.2,True,1,3.7,True,2,"{'eps_growth_yoy': 30.2, 'positive_quarters': 4, 'earnings_accelerating': True, 'eps_accel_quarters': 1, 'profit_margin_pct': 11.1}","{'revenue_growth_yoy': 3.7, 'revenue_accelerating': True, 'rev_accel_quarters': 2}","{'rs_3m': nan, 'rs_6m': nan, 'rs_line_percentile': 26.7, 'rs_line_at_new_high': False, 'rs_line_trend': 'up', 'rs_line_score': 35}","{'roe_pct': 29.8, 'debt_to_equity': 2.35, 'current_ratio': 0.91, 'operating_margin_pct': 19.0}","{'days_to_earnings': 'N/A', 'recommendation': 'buy', 'analyst_upside_pct': 15.1}",226.43,90507509760,Industrials,Waste Management,1.6,2.8,False,248.13,-8.7,0.0,False,260.64,285.0,220.0,25.0,buy,15.1,108.01,-52.3,38.1,-83.2,2.59,5.88,1.56,93.2,3.54,1.49,True,-1.11,5.0,8.3,83.0,2026-10-26,False,False,8.0,STRONG,3.83,21.3,2.98,29.1,,,,2026-08-04T06:28:57.875855
GWW,"W.W. Grainger, Inc.",68.8,⭐⭐ GOOD,🟡 Good,USD,USD,False,True,True,1.0,,75.0,60.0,68.0,85.0,50.0,95.0,91.6,False,up,15.1,False,0,4.1,True,1,"{'eps_growth_yoy': 15.1, 'positive_quarters': 4, 'earnings_accelerating': False, 'eps_accel_quarters': 0, 'profit_margin_pct': 9.7}","{'revenue_growth_yoy': 4.1, 'revenue_accelerating': True, 'rev_accel_quarters': 1}","{'rs_3m': nan, 'rs_6m': nan, 'rs_line_percentile': 91.6, 'rs_line_at_new_high': False, 'rs_line_trend': 'up', 'rs_line_score': 95}","{'roe_pct': 46.1, 'debt_to_equity': 0.64, 'current_ratio': 2.69, 'operating_margin_pct': 16.7}","{'days_to_earnings': 'N/A', 'recommendation': 'hold', 'analyst_upside_pct': -5.8}",1371.25,64740990976,Industrials,Industrial Distribution,2.9,3.2,False,1419.91,-3.4,1.0,False,1292.29,1460.0,930.0,14.0,hold,-5.8,666.57,-51.4,676.68,-50.7,1.78,24.4,0.72,24.3,9.96,1.0,True,-1.55,32.5,7.3,0.0,2026-08-04,True,False,6.0,NEUTRAL,3.73,40.8,1.49,21.0,,,,2026-08-04T06:36:18.714937
TECK,Teck Resources Ltd,68.5,⭐⭐ GOOD,🟡 Good,USD,CAD,True,True,True,0.9845,,100.0,50.0,54.0,75.0,40.0,60.0,71.7,False,down,203.9,False,0,6.5,False,0,"{'eps_growth_yoy': 203.9, 'positive_quarters': 4, 'earnings_accelerating': False, 'eps_accel_quarters': 0, 'profit_margin_pct': 17.9}","{'revenue_growth_yoy': 6.5, 'revenue_accelerating': False, 'rev_accel_quarters': 0}","{'rs_3m': nan, 'rs_6m': nan, 'rs_line_percentile': 71.7, 'rs_line_at_new_high': False, 'rs_line_trend': 'down', 'rs_line_score': 60}","{'roe_pct': 8.7, 'debt_to_equity': 0.34, 'current_ratio': 3.12, 'operating_margin_pct': 44.1}","{'days_to_earnings': 'N/A', 'recommendation': 'hold', 'analyst_upside_pct': -11.2}",60.2,29534119936,Basic Materials,Copper,,3.5,False,71.25,-15.5,1.0,False,53.47,68.17,36.09,4.0,hold,-11.2,108.49,80.2,108.9,80.9,4.18,2.56,0.59,9.8,0.35,0.99,True,-0.49,6.5,129.8,79.0,2026-10-22,False,False,8.0,STRONG,6.95,6.5,0.05,56.8,,,,2026-08-04T06:38:47.176399
MA,Mastercard Incorporated,68.5,⭐⭐ GOOD,🟡 Good,USD,USD,False,True,True,0.9925,,95.0,60.0,44.0,65.0,65.0,35.0,45.6,False,up,11.7,True,1,7.8,True,1,"{'eps_growth_yoy': 11.7, 'positive_quarters': 4, 'earnings_accelerating': True, 'eps_accel_quarters': 1, 'profit_margin_pct': 46.3}","{'revenue_growth_yoy': 7.8, 'revenue_accelerating': True, 'rev_accel_quarters': 1}","{'rs_3m': nan, 'rs_6m': nan, 'rs_line_percentile': 45.6, 'rs_line_at_new_high': False, 'rs_line_trend': 'up', 'rs_line_score': 35}","{'roe_pct': 241.2, 'debt_to_equity': 4.4, 'current_ratio': 1.06, 'operating_margin_pct': 61.1}","{'days_to_earnings': 'N/A', 'recommendation': 'strong_buy', 'analyst_upside_pct': 15.7}",570.97,500175372288,Financial Services,Credit Services,1.0,2.3,False,601.77,-5.1,0.0,False,660.34,735.0,550.0,38.0,strong_buy,15.7,618.54,8.3,401.56,-29.7,3.39,19.51,0.61,17.9,3.48,0.54,True,-3.16,28.0,22.1,86.0,2026-10-29,False,False,9.0,STRONG,3.76,622.8,1.12,23.8,,,,2026-08-04T06:29:52.888108
UNH,UnitedHealth Group Incorporated,68.4,⭐⭐ GOOD,🟡 Good,USD,USD,False,True,True,1.0,,100.0,50.0,62.0,50.0,60.0,80.0,84.7,False,up,84.4,True,1,0.1,False,0,"{'eps_growth_yoy': 84.4, 'positive_quarters': 4, 'earnings_accelerating': True, 'eps_accel_quarters': 1, 'profit_margin_pct': 3.1}","{'revenue_growth_yoy': 0.1, 'revenue_accelerating': False, 'rev_accel_quarters': 0}","{'rs_3m': nan, 'rs_6m': nan, 'rs_line_percentile': 84.7, 'rs_line_at_new_high': False, 'rs_line_trend': 'up', 'rs_line_score': 80}","{'roe_pct': 14.2, 'debt_to_equity': 0.69, 'current_ratio': 0.78, 'operating_margin_pct': 7.1}","{'days_to_earnings': 'N/A', 'recommendation': 'buy', 'analyst_upside_pct': 14.4}",415.36,377206833152,Healthcare,Healthcare Plans,2.1,2.9,False,461.62,-10.0,1.0,False,475.23,529.0,313.0,26.0,buy,14.4,1062.83,155.9,397.8,-4.2,6.03,25.06,2.24,66.6,9.28,1.65,True,-0.67,4.7,61.5,84.0,2026-10-27,False,False,6.0,NEUTRAL,4.46,173.8,0.3,25.7,,,,2026-08-04T06:37:18.181456
ATLKY,Atlas Copco AB,68.3,⭐⭐ GOOD,🟡 Good,USD,SEK,True,True,False,0.6801,"acciones × precio no cuadra con la capitalización (ratio 0.6801): el dato por acción y el precio no están en la misma unidad — típico de ADR. Los ratios por acción (EPS, FCF/acción, DCF) no son utilizables | FCF declarado (2,716,972,502) se aparta del derivado de flujo operativo menos capex (26,379,",80.0,60.0,54.0,80.0,65.0,60.0,63.5,False,up,8.2,True,1,9.1,True,1,"{'eps_growth_yoy': 8.2, 'positive_quarters': 4, 'earnings_accelerating': True, 'eps_accel_quarters': 1, 'profit_margin_pct': 15.7}","{'revenue_growth_yoy': 9.1, 'revenue_accelerating': True, 'rev_accel_quarters': 1}","{'rs_3m': nan, 'rs_6m': nan, 'rs_line_percentile': 63.5, 'rs_line_at_new_high': False, 'rs_line_trend': 'up', 'rs_line_score': 60}","{'roe_pct': 25.7, 'debt_to_equity': 0.34, 'current_ratio': 1.27}","{'days_to_earnings': 'N/A', 'recommendation': 'strong_buy', 'analyst_upside_pct': 21.6}",21.39,104353693696,Industrials,Specialty Industrial Machinery,,,False,22.05,-3.0,0.0,False,26.0,26.0,26.0,1.0,strong_buy,21.6,,,,,2.6,0.82,2.63,73.8,0.56,1.57,False,,126.5,4.0,,,False,False,6.0,NEUTRAL,,53.6,3.37,34.1,,,,2026-08-04T06:35:23.469112
CPRT,"Copart, Inc.",68.2,⭐⭐ GOOD,🟡 Good,USD,USD,False,True,True,1.0,,85.0,60.0,36.0,90.0,70.0,15.0,6.8,False,down,1.5,True,1,10.0,True,1,"{'eps_growth_yoy': 1.5, 'positive_quarters': 4, 'earnings_accelerating': True, 'eps_accel_quarters': 1, 'profit_margin_pct': 33.5}","{'revenue_growth_yoy': 10.0, 'revenue_accelerating': True, 'rev_accel_quarters': 1}","{'rs_3m': nan, 'rs_6m': nan, 'rs_line_percentile': 6.8, 'rs_line_at_new_high': False, 'rs_line_trend': 'down', 'rs_line_score': 15}","{'roe_pct': 17.6, 'debt_to_equity': 0.01, 'current_ratio': 7.61, 'operating_margin_pct': 37.5}","{'days_to_earnings': 'N/A', 'recommendation': 'buy', 'analyst_upside_pct': 37.3}",29.35,28273102848,Industrials,Specialty Business Services,5.1,2.7,False,50.11,-41.4,0.0,False,40.3,55.0,26.0,10.0,buy,37.3,15.27,-48.0,16.1,-45.1,3.54,1.04,,,,,True,-5.0,,1.6,30.0,2026-09-03,False,False,6.0,NEUTRAL,7.35,19.3,7.58,39.2,,,,2026-08-04T06:29:45.363353
ISRG,"Intuitive Surgical, Inc.",68.0,⭐⭐ GOOD,🟡 Good,USD,USD,False,True,True,1.0,,85.0,70.0,36.0,75.0,65.0,15.0,5.6,False,down,16.1,False,0,15.5,True,1,"{'eps_growth_yoy': 16.1, 'positive_quarters': 4, 'earnings_accelerating': False, 'eps_accel_quarters': 0, 'profit_margin_pct': 28.4}","{'revenue_growth_yoy': 15.5, 'revenue_accelerating': True, 'rev_accel_quarters': 1}","{'rs_3m': nan, 'rs_6m': nan, 'rs_line_percentile': 5.6, 'rs_line_at_new_high': False, 'rs_line_trend': 'down', 'rs_line_score': 15}","{'roe_pct': 17.4, 'current_ratio': 4.96, 'operating_margin_pct': 33.6}","{'days_to_earnings': 'N/A', 'recommendation': 'buy', 'analyst_upside_pct': 27.1}",375.41,134501163008,Healthcare,Medical Instruments & Supplies,1.9,2.4,False,603.88,-37.8,0.0,False,477.25,685.0,324.0,29.0,buy,27.1,272.63,-27.4,231.34,-38.4,1.94,7.3,,,,,True,-2.65,,26.5,77.0,2026-10-20,False,False,7.0,NEUTRAL,2.31,22.5,1.17,64.3,,,,2026-08-04T06:36:41.704748
CME,CME Group Inc.,68.0,⭐⭐ GOOD,🟡 Good,USD,USD,False,True,True,1.0,"FCF declarado (2,909,012,480) se aparta del derivado de flujo operativo menos capex (4,225,500,192)",85.0,60.0,44.0,85.0,60.0,35.0,35.7,False,down,14.7,False,0,11.0,False,0,"{'eps_growth_yoy': 14.7, 'positive_quarters': 4, 'earnings_accelerating': False, 'eps_accel_quarters': 0, 'profit_margin_pct': 63.4}","{'revenue_growth_yoy': 11.0, 'revenue_accelerating': False, 'rev_accel_quarters': 0}","{'rs_3m': nan, 'rs_6m': nan, 'rs_line_percentile': 35.7, 'rs_line_at_new_high': False, 'rs_line_trend': 'down', 'rs_line_score': 35}","{'roe_pct': 15.8, 'debt_to_equity': 0.15, 'current_ratio': 1.02, 'operating_margin_pct': 65.0}","{'days_to_earnings': 'N/A', 'recommendation': 'buy', 'analyst_upside_pct': 6.7}",266.17,95709216768,Financial Services,Financial Data & Stock Exchanges,1.8,1.5,False,329.16,-19.1,0.0,False,283.93,330.0,230.0,15.0,buy,6.7,119.04,-55.3,117.8,-55.7,3.04,8.09,1.94,95.4,5.2,3.57,True,-1.56,33.0,1.8,78.0,2026-10-21,False,False,6.0,NEUTRAL,5.66,101.4,8.23,26.3,,,,2026-08-04T06:30:01.902200
MCO,Moody's Corporation,67.5,⭐⭐ GOOD,🟡 Good,USD,USD,False,True,True,1.0,,100.0,50.0,44.0,65.0,65.0,35.0,25.0,False,up,35.9,True,2,8.9,False,0,"{'eps_growth_yoy': 35.9, 'positive_quarters': 4, 'earnings_accelerating': True, 'eps_accel_quarters': 2, 'profit_margin_pct': 34.3}","{'revenue_growth_yoy': 8.9, 'revenue_accelerating': False, 'rev_accel_quarters': 0}","{'rs_3m': nan, 'rs_6m': nan, 'rs_line_percentile': 25.0, 'rs_line_at_new_high': False, 'rs_line_trend': 'up', 'rs_line_score': 35}","{'roe_pct': 76.9, 'debt_to_equity': 2.41, 'current_ratio': 1.19, 'operating_margin_pct': 49.5}","{'days_to_earnings': 'N/A', 'recommendation': 'buy', 'analyst_upside_pct': 15.6}",483.36,83708764160,Financial Services,Financial Data & Stock Exchanges,2.1,3.1,False,546.88,-11.6,0.0,False,558.81,610.0,500.0,21.0,buy,15.6,631.57,30.7,472.2,-2.3,3.08,14.89,0.86,25.0,4.12,0.81,False,,14.5,56.7,78.0,2026-10-21,False,False,7.0,NEUTRAL,3.79,,0.45,28.1,,,,2026-08-04T06:30:48.880316
CSU.TO,CONSTELLATION SOFTWARE INC.,67.5,⭐⭐ GOOD,🟡 Good,CAD,USD,True,True,True,1.0,,100.0,60.0,36.0,55.0,70.0,15.0,17.0,False,up,555.4,True,1,11.9,False,0,"{'eps_growth_yoy': 555.4, 'positive_quarters': 4, 'earnings_accelerating': True, 'eps_accel_quarters': 1, 'profit_margin_pct': 6.1}","{'revenue_growth_yoy': 11.9, 'revenue_accelerating': False, 'rev_accel_quarters': 0}","{'rs_3m': nan, 'rs_6m': nan, 'rs_line_percentile': 17.0, 'rs_line_at_new_high': False, 'rs_line_trend': 'up', 'rs_line_score': 15}","{'roe_pct': 19.7, 'debt_to_equity': 1.21, 'current_ratio': 0.91, 'operating_margin_pct': 13.8}","{'days_to_earnings': 'N/A', 'recommendation': 'buy', 'analyst_upside_pct': 31.4}",3002.99,63637950464,Technology,Software - Application,,5.7,False,4922.93,-39.0,3.0,False,3944.69,5699.32,3240.78,12.0,buy,31.4,7741.48,157.8,1477.5,-50.8,6.08,182.55,0.19,11.4,5.68,0.19,False,,5.5,169.9,7.0,2026-08-11,True,False,7.0,NEUTRAL,1.79,191.5,0.09,54.0,,,,2026-08-04T06:30:25.659245
AME,"AMETEK, Inc.",67.5,⭐⭐ GOOD,🟡 Good,USD,USD,False,True,True,1.0,,85.0,50.0,54.0,85.0,60.0,60.0,65.3,False,up,11.4,False,0,8.5,False,0,"{'eps_growth_yoy': 11.4, 'positive_quarters': 4, 'earnings_accelerating': False, 'eps_accel_quarters': 0, 'profit_margin_pct': 20.1}","{'revenue_growth_yoy': 8.5, 'revenue_accelerating': False, 'rev_accel_quarters': 0}","{'rs_3m': nan, 'rs_6m': nan, 'rs_line_percentile': 65.3, 'rs_line_at_new_high': False, 'rs_line_trend': 'up', 'rs_line_score': 60}","{'roe_pct': 14.6, 'debt_to_equity': 0.22, 'current_ratio': 1.14, 'operating_margin_pct': 26.3}","{'days_to_earnings': 'N/A', 'recommendation': 'buy', 'analyst_upside_pct': 8.0}",243.77,55872819200,Industrials,Specialty Industrial Machinery,1.6,2.8,False,244.97,-0.5,0.0,False,263.39,303.0,217.0,18.0,buy,8.0,142.82,-41.4,95.99,-60.6,2.48,6.04,0.56,19.2,1.36,0.62,True,-0.79,23.3,14.5,0.0,2026-08-04,True,False,6.0,NEUTRAL,3.25,144.0,1.91,18.6,,,,2026-08-04T06:35:18.931457
DBOEY,Deutsche Boerse AG,67.3,⭐⭐ GOOD,🟡 Good,USD,EUR,True,True,True,1.0,,85.0,60.0,44.0,80.0,60.0,35.0,45.5,False,flat,11.9,False,0,11.7,False,0,"{'eps_growth_yoy': 11.9, 'positive_quarters': 4, 'earnings_accelerating': False, 'eps_accel_quarters': 0, 'profit_margin_pct': 27.3}","{'revenue_growth_yoy': 11.7, 'revenue_accelerating': False, 'rev_accel_quarters': 0}","{'rs_3m': nan, 'rs_6m': nan, 'rs_line_percentile': 45.5, 'rs_line_at_new_high': False, 'rs_line_trend': 'flat', 'rs_line_score': 35}","{'roe_pct': 20.4, 'debt_to_equity': 0.58, 'current_ratio': 1.01, 'operating_margin_pct': 41.9}","{'days_to_earnings': 'N/A', 'recommendation': 'strong_buy', 'analyst_upside_pct': 14.2}",30.7,55348310016,Financial Services,Financial Data & Stock Exchanges,,,False,31.44,-2.4,0.0,False,35.06,35.06,35.06,1.0,strong_buy,14.2,31.88,3.8,18.22,-40.7,4.54,1.39,1.62,36.0,0.49,1.9,,,,6.9,77.0,2026-10-20,False,False,5.0,NEUTRAL,5.07,66.8,1.43,24.8,,,,2026-08-04T06:32:44.202837
KVUE,Kenvue Inc.,67.3,⭐⭐ GOOD,🟡 Good,USD,USD,False,True,True,1.0,,90.0,70.0,44.0,60.0,50.0,35.0,40.2,False,up,12.9,True,1,1.8,True,2,"{'eps_growth_yoy': 12.9, 'positive_quarters': 4, 'earnings_accelerating': True, 'eps_accel_quarters': 1, 'profit_margin_pct': 10.6}","{'revenue_growth_yoy': 1.8, 'revenue_accelerating': True, 'rev_accel_quarters': 2}","{'rs_3m': nan, 'rs_6m': nan, 'rs_line_percentile': 40.2, 'rs_line_at_new_high': False, 'rs_line_trend': 'up', 'rs_line_score': 35}","{'roe_pct': 15.7, 'debt_to_equity': 0.83, 'current_ratio': 0.98, 'operating_margin_pct': 21.6}","{'days_to_earnings': 'N/A', 'recommendation': 'hold', 'analyst_upside_pct': 4.3}",19.01,36499365888,Consumer Defensive,Household & Personal Products,3.7,2.9,False,22.285,-14.7,0.0,False,19.83,23.0,18.0,12.0,hold,4.3,41.04,115.9,25.2,32.6,5.09,0.97,4.37,98.5,0.84,,True,-0.37,6.2,18.8,2.0,2026-08-06,True,False,7.0,NEUTRAL,5.49,109.8,0.33,21.7,,,,2026-08-04T06:38:33.559940
TMO,Thermo Fisher Scientific Inc,67.0,⭐⭐ GOOD,🟡 Good,USD,USD,False,True,True,1.0,,80.0,60.0,54.0,75.0,60.0,60.0,51.8,False,up,7.4,True,1,7.8,True,1,"{'eps_growth_yoy': 7.4, 'positive_quarters': 4, 'earnings_accelerating': True, 'eps_accel_quarters': 1, 'profit_margin_pct': 15.0}","{'revenue_growth_yoy': 7.8, 'revenue_accelerating': True, 'rev_accel_quarters': 1}","{'rs_3m': nan, 'rs_6m': nan, 'rs_line_percentile': 51.8, 'rs_line_at_new_high': False, 'rs_line_trend': 'up', 'rs_line_score': 60}","{'roe_pct': 13.5, 'debt_to_equity': 0.81, 'current_ratio': 1.55, 'operating_margin_pct': 18.8}","{'days_to_earnings': 'N/A', 'recommendation': 'buy', 'analyst_upside_pct': 9.7}",574.03,213321891840,Healthcare,Diagnostics & Research,1.4,2.5,False,643.99,-10.9,0.0,False,629.5,750.0,520.0,26.0,buy,9.7,322.86,-43.8,186.1,-67.6,2.92,16.78,0.33,9.7,1.88,0.26,True,-2.34,6.2,9.4,78.0,2026-10-21,False,False,5.0,NEUTRAL,3.48,36.2,2.22,36.2,,,,2026-08-04T06:31:25.258794
FAST,Fastenal Company,67.0,⭐⭐ GOOD,🟡 Good,USD,USD,False,True,True,1.0,,80.0,60.0,44.0,95.0,50.0,35.0,30.8,False,up,14.1,False,0,11.9,False,0,"{'eps_growth_yoy': 14.1, 'positive_quarters': 4, 'earnings_accelerating': False, 'eps_accel_quarters': 0, 'profit_margin_pct': 15.5}","{'revenue_growth_yoy': 11.9, 'revenue_accelerating': False, 'rev_accel_quarters': 0}","{'rs_3m': nan, 'rs_6m': nan, 'rs_line_percentile': 30.8, 'rs_line_at_new_high': False, 'rs_line_trend': 'up', 'rs_line_score': 35}","{'roe_pct': 34.3, 'debt_to_equity': 0.11, 'current_ratio': 4.18, 'operating_margin_pct': 21.0}","{'days_to_earnings': 'N/A', 'recommendation': 'hold', 'analyst_upside_pct': -0.6}",48.11,55206109184,Industrials,Industrial Distribution,3.1,3.6,False,50.63,-5.0,0.0,False,47.84,55.0,39.9,13.0,hold,-0.6,18.94,-60.6,17.08,-64.5,1.66,0.8,2.01,78.6,0.96,2.16,True,-0.09,395.6,5.8,71.0,2026-10-14,False,False,8.0,STRONG,3.0,39.6,2.36,27.1,,,,2026-08-04T06:35:00.396335
KR,Kroger Company (The),66.6,⭐⭐ GOOD,🟡 Good,USD,USD,False,True,True,1.0,,78.0,100.0,36.0,30.0,65.0,15.0,7.0,False,down,48.3,False,0,35.9,True,2,"{'eps_growth_yoy': 48.3, 'positive_quarters': 3, 'earnings_accelerating': False, 'eps_accel_quarters': 0, 'profit_margin_pct': 0.7}","{'revenue_growth_yoy': 35.9, 'revenue_accelerating': True, 'rev_accel_quarters': 2}","{'rs_3m': nan, 'rs_6m': nan, 'rs_line_percentile': 7.0, 'rs_line_at_new_high': False, 'rs_line_trend': 'down', 'rs_line_score': 15}","{'roe_pct': 13.8, 'debt_to_equity': 3.73, 'current_ratio': 0.79, 'operating_margin_pct': 3.2}","{'days_to_earnings': 'N/A', 'recommendation': 'buy', 'analyst_upside_pct': 21.3}",58.22,35668324352,Consumer Defensive,Grocery Stores,4.8,2.9,False,76.58,-24.0,0.0,False,70.64,86.0,58.0,22.0,buy,21.3,109.66,88.4,22.57,-61.2,8.4,4.89,2.49,80.1,1.44,2.02,True,-7.66,3.0,9.2,37.0,2026-09-10,False,False,7.0,NEUTRAL,2.71,5.9,0.8,30.2,,,,2026-08-04T06:37:13.812957
VLTO,Veralto Corp,66.5,⭐⭐ GOOD,🟡 Good,USD,USD,False,True,True,1.0,,70.0,70.0,44.0,85.0,65.0,35.0,27.6,False,up,0.8,False,0,5.0,True,2,"{'eps_growth_yoy': 0.8, 'positive_quarters': 4, 'earnings_accelerating': False, 'eps_accel_quarters': 0, 'profit_margin_pct': 17.3}","{'revenue_growth_yoy': 5.0, 'revenue_accelerating': True, 'rev_accel_quarters': 2}","{'rs_3m': nan, 'rs_6m': nan, 'rs_line_percentile': 27.6, 'rs_line_at_new_high': False, 'rs_line_trend': 'up', 'rs_line_score': 35}","{'roe_pct': 34.3, 'debt_to_equity': 1.16, 'current_ratio': 1.77, 'operating_margin_pct': 21.4}","{'days_to_earnings': 'N/A', 'recommendation': 'buy', 'analyst_upside_pct': 18.9}",94.82,23116484608,Industrials,Pollution & Treatment Controls,3.3,2.9,False,110.11,-13.9,0.0,False,112.76,132.0,100.0,17.0,buy,18.9,65.53,-30.9,40.1,-57.7,3.49,3.31,0.55,12.6,0.52,,True,-1.88,14.1,10.1,78.0,2026-10-21,False,False,6.0,NEUTRAL,5.16,76.0,1.97,30.5,,,,2026-08-04T06:31:34.650609
ALLY,Ally Financial Inc.,66.3,⭐⭐ GOOD,🟡 Good,USD,USD,False,True,True,1.0,"FCF declarado (-546,000,000) se aparta del derivado de flujo operativo menos capex (291,000,128)",90.0,60.0,44.0,60.0,65.0,35.0,34.4,False,flat,3.0,True,2,7.3,True,1,"{'eps_growth_yoy': 3.0, 'positive_quarters': 4, 'earnings_accelerating': True, 'eps_accel_quarters': 2, 'profit_margin_pct': 18.4}","{'revenue_growth_yoy': 7.3, 'revenue_accelerating': True, 'rev_accel_quarters': 1}","{'rs_3m': nan, 'rs_6m': nan, 'rs_line_percentile': 34.4, 'rs_line_at_new_high': False, 'rs_line_trend': 'flat', 'rs_line_score': 35}","{'roe_pct': 9.7, 'operating_margin_pct': 25.3}","{'days_to_earnings': 'N/A', 'recommendation': 'buy', 'analyst_upside_pct': 22.3}",44.07,13406080000,Financial Services,Credit Services,4.3,4.5,False,47.29,-6.8,0.0,False,53.88,58.0,45.0,17.0,buy,22.3,,,57.38,30.2,-4.07,-1.79,2.77,28.2,1.2,3.2,True,-12.45,,13.5,73.0,2026-10-16,False,False,5.0,NEUTRAL,,,0.51,26.1,,,,2026-08-04T06:37:23.072402
ASAZY,Assa Abloy AB,66.0,⭐⭐ GOOD,🟡 Good,USD,SEK,True,True,False,0.9482,"acciones × precio no cuadra con la capitalización (ratio 0.9482): el dato por acción y el precio no están en la misma unidad — típico de ADR. Los ratios por acción (EPS, FCF/acción, DCF) no son utilizables | FCF declarado (1,924,343,500) se aparta del derivado de flujo operativo menos capex (18,638,",90.0,60.0,44.0,65.0,55.0,35.0,25.0,False,flat,15.9,True,1,3.3,True,1,"{'eps_growth_yoy': 15.9, 'positive_quarters': 4, 'earnings_accelerating': True, 'eps_accel_quarters': 1, 'profit_margin_pct': 10.8}","{'revenue_growth_yoy': 3.3, 'revenue_accelerating': True, 'rev_accel_quarters': 1}","{'rs_3m': nan, 'rs_6m': nan, 'rs_line_percentile': 25.0, 'rs_line_at_new_high': False, 'rs_line_trend': 'flat', 'rs_line_score': 35}","{'roe_pct': 15.6, 'debt_to_equity': 0.64, 'current_ratio': 1.01}","{'days_to_earnings': 'N/A', 'recommendation': 'hold', 'analyst_upside_pct': 15.7}",18.79,41742974976,Industrials,Security & Protection Services,,,False,21.98,-14.5,0.0,False,21.74,21.74,21.74,1.0,hold,15.7,,,,,4.61,0.91,1.78,41.9,0.33,1.7,False,,,8.0,84.0,2026-10-27,False,False,8.0,STRONG,,118.2,1.32,25.2,,,,2026-08-04T06:34:17.699132
SHW,Sherwin-Williams Company (The),66.0,⭐⭐ GOOD,🟡 Good,USD,USD,False,True,True,1.0,,90.0,70.0,44.0,45.0,60.0,35.0,35.9,False,up,1.3,True,2,6.8,True,2,"{'eps_growth_yoy': 1.3, 'positive_quarters': 4, 'earnings_accelerating': True, 'eps_accel_quarters': 2, 'profit_margin_pct': 11.0}","{'revenue_growth_yoy': 6.8, 'revenue_accelerating': True, 'rev_accel_quarters': 2}","{'rs_3m': nan, 'rs_6m': nan, 'rs_line_percentile': 35.9, 'rs_line_at_new_high': False, 'rs_line_trend': 'up', 'rs_line_score': 35}","{'roe_pct': 65.1, 'debt_to_equity': 3.9, 'current_ratio': 0.73, 'operating_margin_pct': 18.1}","{'days_to_earnings': 'N/A', 'recommendation': 'buy', 'analyst_upside_pct': 10.0}",354.22,85989793792,Basic Materials,Specialty Chemicals,2.8,2.5,False,379.65,-6.7,0.0,False,389.6,420.0,340.0,20.0,buy,10.0,242.0,-31.7,155.01,-56.2,2.91,10.32,0.94,29.3,3.2,0.87,True,-3.05,7.8,10.0,84.0,2026-10-27,False,False,6.0,NEUTRAL,3.79,62.0,1.82,41.5,,,,2026-08-04T06:31:44.141372
AON,Aon plc,64.8,⭐⭐ GOOD,🟡 Good,USD,USD,False,True,True,1.0,,85.0,50.0,44.0,80.0,60.0,35.0,36.1,False,up,20.3,False,0,6.2,False,0,"{'eps_growth_yoy': 20.3, 'positive_quarters': 4, 'earnings_accelerating': False, 'eps_accel_quarters': 0, 'profit_margin_pct': 22.3}","{'revenue_growth_yoy': 6.2, 'revenue_accelerating': False, 'rev_accel_quarters': 0}","{'rs_3m': nan, 'rs_6m': nan, 'rs_line_percentile': 36.1, 'rs_line_at_new_high': False, 'rs_line_trend': 'up', 'rs_line_score': 35}","{'roe_pct': 44.7, 'debt_to_equity': 1.63, 'current_ratio': 1.03, 'operating_margin_pct': 23.5}","{'days_to_earnings': 'N/A', 'recommendation': 'buy', 'analyst_upside_pct': 12.3}",357.63,75862425600,Financial Services,Insurance Brokers,2.2,2.7,False,382.34,-6.5,0.0,False,401.63,445.0,339.0,19.0,buy,12.3,221.34,-38.1,181.4,-49.3,4.21,15.04,0.91,16.8,3.28,0.76,True,-2.11,7.7,-2.1,87.0,2026-10-30,False,False,8.0,STRONG,6.14,141.9,,29.6,,,,2026-08-04T06:31:30.119692
ROP,"Roper Technologies, Inc.",64.7,⭐⭐ GOOD,🟡 Good,USD,USD,False,True,True,1.0,,100.0,50.0,36.0,60.0,60.0,15.0,23.1,False,up,193.2,True,2,4.5,False,0,"{'eps_growth_yoy': 193.2, 'positive_quarters': 4, 'earnings_accelerating': True, 'eps_accel_quarters': 2, 'profit_margin_pct': 30.2}","{'revenue_growth_yoy': 4.5, 'revenue_accelerating': False, 'rev_accel_quarters': 0}","{'rs_3m': nan, 'rs_6m': nan, 'rs_line_percentile': 23.1, 'rs_line_at_new_high': False, 'rs_line_trend': 'up', 'rs_line_score': 15}","{'roe_pct': 13.1, 'debt_to_equity': 0.61, 'current_ratio': 0.55, 'operating_margin_pct': 27.7}","{'days_to_earnings': 'N/A', 'recommendation': 'buy', 'analyst_upside_pct': 12.1}",392.57,38825172992,Technology,Software - Application,6.9,4.8,False,549.24,-28.5,0.0,False,440.25,550.0,335.0,15.0,buy,12.1,971.52,147.5,719.7,83.3,5.84,22.91,0.93,14.5,3.64,0.59,True,-7.02,8.6,93.2,79.0,2026-10-22,False,False,6.0,NEUTRAL,4.54,1441.1,0.07,46.4,,,,2026-08-04T06:29:16.813417
SAP,SAP  SE,64.7,⭐⭐ GOOD,🟡 Good,USD,EUR,True,True,True,1.0,,75.0,60.0,36.0,90.0,65.0,15.0,17.8,False,flat,8.8,False,0,8.8,True,1,"{'eps_growth_yoy': 8.8, 'positive_quarters': 4, 'earnings_accelerating': False, 'eps_accel_quarters': 0, 'profit_margin_pct': 20.4}","{'revenue_growth_yoy': 8.8, 'revenue_accelerating': True, 'rev_accel_quarters': 1}","{'rs_3m': nan, 'rs_6m': nan, 'rs_line_percentile': 17.8, 'rs_line_at_new_high': False, 'rs_line_trend': 'flat', 'rs_line_score': 15}","{'roe_pct': 18.3, 'debt_to_equity': 0.22, 'current_ratio': 1.15, 'operating_margin_pct': 27.6}","{'days_to_earnings': 'N/A', 'recommendation': 'buy', 'analyst_upside_pct': 28.1}",189.65,218894843904,Technology,Software - Application,0.8,4.0,False,299.48,-36.7,0.0,False,242.92,319.0,177.0,12.0,buy,28.1,384.5,102.7,229.8,21.2,4.78,9.07,1.6,37.5,2.93,1.48,True,-1.33,20.7,30.6,78.0,2026-10-21,False,False,8.0,STRONG,0.35,146.7,0.65,54.8,,,,2026-08-04T06:33:26.662468
BRO,"Brown & Brown, Inc.",64.5,⭐⭐ GOOD,🟡 Good,USD,USD,False,True,True,1.0,,90.0,50.0,44.0,75.0,50.0,35.0,26.5,False,up,26.9,False,0,6.7,False,0,"{'eps_growth_yoy': 26.9, 'positive_quarters': 4, 'earnings_accelerating': False, 'eps_accel_quarters': 0, 'profit_margin_pct': 18.1}","{'revenue_growth_yoy': 6.7, 'revenue_accelerating': False, 'rev_accel_quarters': 0}","{'rs_3m': nan, 'rs_6m': nan, 'rs_line_percentile': 26.5, 'rs_line_at_new_high': False, 'rs_line_trend': 'up', 'rs_line_score': 35}","{'roe_pct': 10.0, 'debt_to_equity': 0.64, 'current_ratio': 1.13, 'operating_margin_pct': 41.8}","{'days_to_earnings': 'N/A', 'recommendation': 'hold', 'analyst_upside_pct': 5.4}",71.78,24018331648,Financial Services,Insurance Brokers,7.6,6.5,False,98.3,-27.0,0.0,False,75.69,90.0,56.0,16.0,hold,5.4,85.88,19.6,31.3,-56.4,6.84,4.91,0.94,20.6,0.66,0.65,True,-2.61,4.7,2.8,83.0,2026-10-26,False,False,4.0,NEUTRAL,5.38,175.4,2.09,40.9,,,,2026-08-04T06:33:07.657090
WCN,"Waste Connections, Inc.",64.3,⭐⭐ GOOD,🟡 Good,USD,USD,False,True,True,1.0,,80.0,70.0,44.0,50.0,65.0,35.0,26.0,False,up,3.5,True,1,4.2,True,2,"{'eps_growth_yoy': 3.5, 'positive_quarters': 4, 'earnings_accelerating': True, 'eps_accel_quarters': 1, 'profit_margin_pct': 10.9}","{'revenue_growth_yoy': 4.2, 'revenue_accelerating': True, 'rev_accel_quarters': 2}","{'rs_3m': nan, 'rs_6m': nan, 'rs_line_percentile': 26.0, 'rs_line_at_new_high': False, 'rs_line_trend': 'up', 'rs_line_score': 35}","{'roe_pct': 13.0, 'debt_to_equity': 1.22, 'current_ratio': 0.66, 'operating_margin_pct': 19.7}","{'days_to_earnings': 'N/A', 'recommendation': 'strong_buy', 'analyst_upside_pct': 19.6}",167.81,42296430592,Industrials,Waste Management,1.4,1.9,False,191.0,-12.1,0.0,False,200.76,230.0,162.0,25.0,strong_buy,19.6,64.98,-61.3,41.3,-75.4,2.48,4.16,0.84,33.0,1.4,0.69,True,-2.65,5.0,4.4,77.0,2026-10-20,False,False,6.0,NEUTRAL,3.38,19.4,6.15,23.5,,,,2026-08-04T06:28:53.209352
JKHY,"Jack Henry & Associates, Inc.",64.0,⭐⭐ GOOD,🟡 Good,USD,USD,False,True,True,1.0,"FCF declarado (373,407,744) se aparta del derivado de flujo operativo menos capex (555,232,016)",65.0,60.0,44.0,95.0,65.0,35.0,35.3,False,up,-3.7,True,1,3.4,True,1,"{'eps_growth_yoy': -3.7, 'positive_quarters': 4, 'earnings_accelerating': True, 'eps_accel_quarters': 1, 'profit_margin_pct': 20.6}","{'revenue_growth_yoy': 3.4, 'revenue_accelerating': True, 'rev_accel_quarters': 1}","{'rs_3m': nan, 'rs_6m': nan, 'rs_line_percentile': 35.3, 'rs_line_at_new_high': False, 'rs_line_trend': 'up', 'rs_line_score': 35}","{'roe_pct': 24.9, 'debt_to_equity': 0.06, 'current_ratio': 1.74, 'operating_margin_pct': 24.4}","{'days_to_earnings': 'N/A', 'recommendation': 'buy', 'analyst_upside_pct': 18.6}",156.53,11121579008,Technology,Information Technology Services,7.9,2.8,False,193.39,-19.1,0.0,False,185.71,208.0,158.0,14.0,buy,18.6,114.65,-26.8,89.5,-42.8,3.36,5.26,1.54,32.8,2.38,1.22,True,-2.56,123.3,12.5,14.0,2026-08-18,False,True,9.0,STRONG,5.31,162.7,1.76,33.1,,,,2026-08-04T06:36:23.324090
AXP,American Express Company,63.5,⭐⭐ GOOD,🟡 Good,USD,USD,False,True,True,1.0,,70.0,60.0,44.0,85.0,60.0,35.0,31.6,False,up,7.2,False,0,6.6,True,1,"{'eps_growth_yoy': 7.2, 'positive_quarters': 4, 'earnings_accelerating': False, 'eps_accel_quarters': 0, 'profit_margin_pct': 16.1}","{'revenue_growth_yoy': 6.6, 'revenue_accelerating': True, 'rev_accel_quarters': 1}","{'rs_3m': nan, 'rs_6m': nan, 'rs_line_percentile': 31.6, 'rs_line_at_new_high': False, 'rs_line_trend': 'up', 'rs_line_score': 35}","{'roe_pct': 34.4, 'debt_to_equity': 1.72, 'current_ratio': 1.55, 'operating_margin_pct': 20.3}","{'days_to_earnings': 'N/A', 'recommendation': 'buy', 'analyst_upside_pct': 8.7}",344.72,232792801280,Financial Services,Credit Services,2.2,3.4,False,387.49,-11.0,0.0,False,374.54,450.0,315.0,25.0,buy,8.7,486.59,41.2,181.28,-47.4,6.87,23.7,1.13,21.5,3.8,1.1,True,-3.21,,7.7,80.0,2026-10-23,False,False,4.0,NEUTRAL,,,1.56,30.4,,,,2026-08-04T06:35:47.199476
STZ,"Constellation Brands, Inc.",63.2,⭐⭐ GOOD,🟡 Good,USD,USD,False,True,True,0.9997,,100.0,40.0,36.0,60.0,70.0,15.0,1.8,False,down,40.3,True,1,-1.9,True,1,"{'eps_growth_yoy': 40.3, 'positive_quarters': 4, 'earnings_accelerating': True, 'eps_accel_quarters': 1, 'profit_margin_pct': 20.1}","{'revenue_growth_yoy': -1.9, 'revenue_accelerating': True, 'rev_accel_quarters': 1}","{'rs_3m': nan, 'rs_6m': nan, 'rs_line_percentile': 1.8, 'rs_line_at_new_high': False, 'rs_line_trend': 'down', 'rs_line_score': 15}","{'roe_pct': 23.7, 'debt_to_equity': 1.23, 'current_ratio': 0.91, 'operating_margin_pct': 35.9}","{'days_to_earnings': 'N/A', 'recommendation': 'buy', 'analyst_upside_pct': 30.0}",131.36,22436859904,Consumer Defensive,Beverages - Brewers,5.5,3.2,False,174.32,-24.6,0.0,False,170.83,209.0,115.0,23.0,buy,30.0,549.0,317.9,315.0,139.8,9.85,12.95,3.16,39.0,4.12,1.78,True,-3.75,8.2,21.5,62.0,2026-10-05,False,False,6.0,NEUTRAL,8.26,29.4,0.35,29.2,,,,2026-08-04T06:37:41.233069
CB,Chubb Limited,63.0,⭐⭐ GOOD,🟡 Good,USD,USD,False,True,True,1.0,,80.0,50.0,54.0,65.0,60.0,60.0,60.5,False,up,1.9,True,1,-1.5,True,2,"{'eps_growth_yoy': 1.9, 'positive_quarters': 4, 'earnings_accelerating': True, 'eps_accel_quarters': 1, 'profit_margin_pct': 18.1}","{'revenue_growth_yoy': -1.5, 'revenue_accelerating': True, 'rev_accel_quarters': 2}","{'rs_3m': nan, 'rs_6m': nan, 'rs_line_percentile': 60.5, 'rs_line_at_new_high': False, 'rs_line_trend': 'up', 'rs_line_score': 60}","{'roe_pct': 14.8, 'debt_to_equity': 0.31, 'current_ratio': 0.41, 'operating_margin_pct': 23.5}","{'days_to_earnings': 'N/A', 'recommendation': 'buy', 'analyst_upside_pct': 4.9}",348.23,134347096064,Financial Services,Insurance - Property & Casualty,1.1,2.4,False,365.91,-4.8,0.0,False,365.26,425.0,306.0,23.0,buy,4.9,400.01,14.9,282.3,-18.9,7.81,27.19,1.16,13.9,4.08,1.44,True,-3.34,18.9,-0.5,84.0,2026-10-27,False,False,6.0,NEUTRAL,8.8,,,29.4,,,,2026-08-04T06:34:50.237501
LIN,Linde plc,62.5,⭐⭐ GOOD,🟡 Good,USD,USD,False,True,True,1.0,,85.0,50.0,44.0,65.0,60.0,35.0,31.9,False,down,5.2,True,1,3.4,False,0,"{'eps_growth_yoy': 5.2, 'positive_quarters': 4, 'earnings_accelerating': True, 'eps_accel_quarters': 1, 'profit_margin_pct': 20.4}","{'revenue_growth_yoy': 3.4, 'revenue_accelerating': False, 'rev_accel_quarters': 0}","{'rs_3m': nan, 'rs_6m': nan, 'rs_line_percentile': 31.9, 'rs_line_at_new_high': False, 'rs_line_trend': 'down', 'rs_line_score': 35}","{'roe_pct': 18.4, 'debt_to_equity': 0.69, 'current_ratio': 0.88, 'operating_margin_pct': 28.1}","{'days_to_earnings': 'N/A', 'recommendation': 'buy', 'analyst_upside_pct': 14.1}",480.46,222139383808,Basic Materials,Specialty Chemicals,1.4,2.7,False,548.2,-12.4,0.0,False,548.0,612.0,400.0,25.0,buy,14.1,187.04,-61.1,175.15,-63.5,1.87,9.0,1.34,40.0,6.4,1.3,True,-1.93,18.0,11.3,87.0,2026-10-30,False,False,5.0,NEUTRAL,3.8,31.9,2.17,24.3,,,,2026-08-04T06:29:12.368389
OTIS,Otis Worldwide Corporation,62.5,⭐⭐ GOOD,🟡 Good,USD,USD,False,True,True,1.0,,90.0,60.0,36.0,45.0,65.0,15.0,9.8,False,flat,14.4,True,1,4.6,True,1,"{'eps_growth_yoy': 14.4, 'positive_quarters': 4, 'earnings_accelerating': True, 'eps_accel_quarters': 1, 'profit_margin_pct': 10.2}","{'revenue_growth_yoy': 4.6, 'revenue_accelerating': True, 'rev_accel_quarters': 1}","{'rs_3m': nan, 'rs_6m': nan, 'rs_line_percentile': 9.8, 'rs_line_at_new_high': False, 'rs_line_trend': 'flat', 'rs_line_score': 15}","{'current_ratio': 0.83, 'operating_margin_pct': 15.1}","{'days_to_earnings': 'N/A', 'recommendation': 'buy', 'analyst_upside_pct': 25.4}",72.19,27480520704,Industrials,Specialty Industrial Machinery,4.3,3.8,False,94.565,-23.7,0.0,False,90.5,107.0,78.0,12.0,buy,25.4,83.98,16.3,50.57,-29.9,5.23,3.77,2.45,43.7,1.76,1.5,True,-3.84,,9.1,85.0,2026-10-28,False,False,6.0,NEUTRAL,6.2,171.1,1.2,24.5,,,,2026-08-04T06:33:44.926631
TYL,"Tyler Technologies, Inc.",62.0,⭐⭐ GOOD,🟡 Good,USD,USD,False,True,True,1.0,,80.0,50.0,36.0,75.0,70.0,15.0,7.3,False,down,10.8,False,0,8.3,False,0,"{'eps_growth_yoy': 10.8, 'positive_quarters': 4, 'earnings_accelerating': False, 'eps_accel_quarters': 0, 'profit_margin_pct': 13.4}","{'revenue_growth_yoy': 8.3, 'revenue_accelerating': False, 'rev_accel_quarters': 0}","{'rs_3m': nan, 'rs_6m': nan, 'rs_line_percentile': 7.3, 'rs_line_at_new_high': False, 'rs_line_trend': 'down', 'rs_line_score': 15}","{'roe_pct': 9.7, 'debt_to_equity': 0.48, 'current_ratio': 1.55, 'operating_margin_pct': 14.7}","{'days_to_earnings': 'N/A', 'recommendation': 'buy', 'analyst_upside_pct': 39.6}",305.54,12512557056,Technology,Software - Application,10.0,4.2,True,621.34,-50.8,0.0,False,426.64,525.0,335.0,22.0,buy,39.6,356.81,16.8,118.11,-61.3,4.75,14.52,,,,,True,-7.42,65.3,15.5,85.0,2026-10-28,False,False,8.0,STRONG,3.04,139.0,1.28,51.9,,,,2026-08-04T06:31:39.473344
ROL,"Rollins, Inc.",62.0,⭐⭐ GOOD,🟡 Good,USD,USD,False,True,True,1.0,,70.0,70.0,36.0,65.0,65.0,15.0,0.0,False,down,-12.0,True,2,5.1,True,2,"{'eps_growth_yoy': -12.0, 'positive_quarters': 4, 'earnings_accelerating': True, 'eps_accel_quarters': 2, 'profit_margin_pct': 13.6}","{'revenue_growth_yoy': 5.1, 'revenue_accelerating': True, 'rev_accel_quarters': 2}","{'rs_3m': nan, 'rs_6m': nan, 'rs_line_percentile': 0.0, 'rs_line_at_new_high': False, 'rs_line_trend': 'down', 'rs_line_score': 15}","{'roe_pct': 37.0, 'debt_to_equity': 0.78, 'current_ratio': 0.63, 'operating_margin_pct': 18.8}","{'days_to_earnings': 'N/A', 'recommendation': 'buy', 'analyst_upside_pct': 19.4}",38.19,18374942720,Consumer Cyclical,Personal Services,4.5,2.9,False,66.14,-42.3,0.0,False,45.59,66.0,32.0,17.0,buy,19.4,15.41,-59.6,11.0,-71.2,2.73,1.04,1.92,64.9,0.73,1.15,True,-1.33,21.8,2.2,85.0,2026-10-28,False,False,6.0,NEUTRAL,3.76,132.5,9.39,40.4,,,,2026-08-04T06:29:25.754991
VRSN,"VeriSign, Inc.",61.8,⭐⭐ GOOD,🟡 Good,USD,USD,False,True,True,1.0,,75.0,60.0,54.0,50.0,60.0,60.0,59.8,False,down,1.7,False,0,3.7,True,1,"{'eps_growth_yoy': 1.7, 'positive_quarters': 4, 'earnings_accelerating': False, 'eps_accel_quarters': 0, 'profit_margin_pct': 49.8}","{'revenue_growth_yoy': 3.7, 'revenue_accelerating': True, 'rev_accel_quarters': 1}","{'rs_3m': nan, 'rs_6m': nan, 'rs_line_percentile': 59.8, 'rs_line_at_new_high': False, 'rs_line_trend': 'down', 'rs_line_score': 60}","{'current_ratio': 0.59, 'operating_margin_pct': 68.2}","{'days_to_earnings': 'N/A', 'recommendation': 'buy', 'analyst_upside_pct': 6.4}",298.89,27019657216,Technology,Software - Infrastructure,2.0,2.2,False,312.48,-4.3,0.0,False,318.0,355.0,270.0,5.0,buy,6.4,165.22,-44.7,92.2,-69.2,3.08,9.21,1.12,34.3,3.24,,True,-3.33,15.5,7.7,79.0,2026-10-22,False,False,8.0,STRONG,4.05,512.5,3.54,35.6,,,,2026-08-04T06:30:15.887524
COF,Capital One Financial Corporati,61.8,⭐⭐ GOOD,🟡 Good,USD,USD,False,True,True,1.0,,75.0,60.0,44.0,60.0,65.0,35.0,32.2,False,up,-5.4,True,2,2.5,True,1,"{'eps_growth_yoy': -5.4, 'positive_quarters': 4, 'earnings_accelerating': True, 'eps_accel_quarters': 2, 'profit_margin_pct': 21.9}","{'revenue_growth_yoy': 2.5, 'revenue_accelerating': True, 'rev_accel_quarters': 1}","{'rs_3m': nan, 'rs_6m': nan, 'rs_line_percentile': 32.2, 'rs_line_at_new_high': False, 'rs_line_trend': 'up', 'rs_line_score': 35}","{'roe_pct': 9.0, 'operating_margin_pct': 33.6}","{'days_to_earnings': 'N/A', 'recommendation': 'buy', 'analyst_upside_pct': 17.9}",217.68,133546680320,Financial Services,Credit Services,2.4,2.7,False,259.64,-16.2,0.0,False,256.73,300.0,214.0,22.0,buy,17.9,1806.93,730.1,544.2,150.0,19.57,42.61,1.53,16.5,3.2,1.68,True,-6.81,,,77.0,2026-10-20,False,False,5.0,NEUTRAL,,,0.48,32.6,,,,2026-08-04T06:36:55.485671
7741.T,HOYA CORP,61.2,⭐⭐ GOOD,🟡 Good,JPY,JPY,False,True,True,1.0,,60.0,50.0,50.0,95.0,65.0,,,,,,,0,,,0,{'profit_margin_pct': 27.2},{},"{'rs_3m': nan, 'rs_6m': nan}","{'roe_pct': 26.5, 'debt_to_equity': 0.04, 'current_ratio': 4.91, 'operating_margin_pct': 32.4}","{'days_to_earnings': 'N/A', 'recommendation': 'strong_buy', 'analyst_upside_pct': 16.9}",25830.0,8640612794368,Healthcare,Medical Instruments & Supplies,,,False,30400.0,-15.0,5.0,False,30200.0,35000.0,23100.0,15.0,strong_buy,16.9,22662.84,-12.3,22809.9,-11.7,2.07,534.4,1.2,39.7,295.0,0.76,,,,30.0,86.0,2026-10-30,False,False,6.0,NEUTRAL,4.14,33.1,1.26,38.1,,,,2026-08-04T06:33:12.830986
VRSK,"Verisk Analytics, Inc.",61.0,⭐⭐ GOOD,🟡 Good,USD,USD,False,True,True,1.0,,75.0,60.0,36.0,65.0,65.0,15.0,23.4,False,up,1.4,False,0,4.9,True,1,"{'eps_growth_yoy': 1.4, 'positive_quarters': 4, 'earnings_accelerating': False, 'eps_accel_quarters': 0, 'profit_margin_pct': 28.2}","{'revenue_growth_yoy': 4.9, 'revenue_accelerating': True, 'rev_accel_quarters': 1}","{'rs_3m': nan, 'rs_6m': nan, 'rs_line_percentile': 23.4, 'rs_line_at_new_high': False, 'rs_line_trend': 'up', 'rs_line_score': 15}","{'current_ratio': 1.0, 'operating_margin_pct': 45.1}","{'days_to_earnings': 'N/A', 'recommendation': 'buy', 'analyst_upside_pct': 22.8}",193.11,25301626880,Industrials,Consulting Services,5.6,2.0,False,276.19,-30.1,0.0,False,237.12,275.0,185.0,17.0,buy,22.8,118.54,-38.6,65.1,-66.3,4.17,8.06,1.03,29.2,2.0,0.63,True,-8.5,6.9,-2.4,85.0,2026-10-28,False,False,7.0,NEUTRAL,4.6,113.1,,43.1,,,,2026-08-04T06:28:39.381351
IDXX,"IDEXX Laboratories, Inc.",61.0,⭐⭐ GOOD,🟡 Good,USD,USD,False,True,True,1.0,"FCF declarado (786,844,480) se aparta del derivado de flujo operativo menos capex (1,071,865,008)",65.0,60.0,36.0,85.0,65.0,15.0,9.9,False,flat,-5.3,True,1,2.8,True,1,"{'eps_growth_yoy': -5.3, 'positive_quarters': 4, 'earnings_accelerating': True, 'eps_accel_quarters': 1, 'profit_margin_pct': 24.6}","{'revenue_growth_yoy': 2.8, 'revenue_accelerating': True, 'rev_accel_quarters': 1}","{'rs_3m': nan, 'rs_6m': nan, 'rs_line_percentile': 9.9, 'rs_line_at_new_high': False, 'rs_line_trend': 'flat', 'rs_line_score': 15}","{'roe_pct': 72.9, 'debt_to_equity': 0.71, 'current_ratio': 1.12, 'operating_margin_pct': 31.8}","{'days_to_earnings': 'N/A', 'recommendation': 'buy', 'analyst_upside_pct': 24.5}",567.84,44792926208,Healthcare,Diagnostics & Research,3.0,2.8,False,769.98,-26.3,0.0,False,707.0,805.0,470.0,14.0,buy,24.5,262.09,-53.8,233.75,-58.8,1.76,9.97,,,,,True,-2.61,36.2,12.0,0.0,2026-08-04,True,False,8.0,STRONG,2.98,120.0,2.0,30.3,,,,2026-08-04T06:31:07.596447
PEP,"Pepsico, Inc.",61.0,⭐⭐ GOOD,🟡 Good,USD,USD,False,True,True,1.0,,90.0,60.0,36.0,45.0,50.0,15.0,11.1,False,down,14.5,True,1,1.0,True,1,"{'eps_growth_yoy': 14.5, 'positive_quarters': 4, 'earnings_accelerating': True, 'eps_accel_quarters': 1, 'profit_margin_pct': 10.8}","{'revenue_growth_yoy': 1.0, 'revenue_accelerating': True, 'rev_accel_quarters': 1}","{'rs_3m': nan, 'rs_6m': nan, 'rs_line_percentile': 11.1, 'rs_line_at_new_high': False, 'rs_line_trend': 'down', 'rs_line_score': 15}","{'roe_pct': 51.5, 'debt_to_equity': 2.39, 'current_ratio': 0.93, 'operating_margin_pct': 16.8}","{'days_to_earnings': 'N/A', 'recommendation': 'hold', 'analyst_upside_pct': 11.0}",139.63,190734581760,Consumer Defensive,Beverages - Non-Alcoholic,2.7,3.2,False,171.48,-18.6,0.0,False,155.0,183.0,124.0,22.0,hold,11.0,243.14,74.1,228.9,63.9,4.11,5.73,4.24,75.3,5.92,3.03,True,-0.52,12.7,54.8,65.0,2026-10-08,False,False,5.0,NEUTRAL,4.87,33.8,0.11,25.5,,,,2026-08-04T06:35:42.278994
NYT,New York Times Company (The),60.8,⭐⭐ GOOD,🟡 Good,USD,USD,False,True,True,0.9952,"FCF declarado (390,847,360) se aparta del derivado de flujo operativo menos capex (543,652,992)",70.0,50.0,44.0,90.0,50.0,35.0,37.6,False,flat,6.0,False,0,3.8,False,0,"{'eps_growth_yoy': 6.0, 'positive_quarters': 4, 'earnings_accelerating': False, 'eps_accel_quarters': 0, 'profit_margin_pct': 13.3}","{'revenue_growth_yoy': 3.8, 'revenue_accelerating': False, 'rev_accel_quarters': 0}","{'rs_3m': nan, 'rs_6m': nan, 'rs_line_percentile': 37.6, 'rs_line_at_new_high': False, 'rs_line_trend': 'flat', 'rs_line_score': 35}","{'roe_pct': 19.7, 'debt_to_equity': 0.02, 'current_ratio': 1.6, 'operating_margin_pct': 13.1}","{'days_to_earnings': 'N/A', 'recommendation': 'none', 'analyst_upside_pct': 10.6}",75.44,12210922496,Communication Services,Publishing,8.7,7.6,True,87.1,-13.4,0.0,False,83.44,95.0,66.0,9.0,none,10.6,102.9,36.4,69.9,-7.3,3.2,2.43,1.23,40.8,0.92,0.92,True,-1.33,525.6,40.0,1.0,2026-08-05,True,False,8.0,STRONG,3.92,52.8,0.29,33.0,,,,2026-08-04T06:37:56.022725
TNE.AX,TECH ONE FPO [TNE],60.8,⭐⭐ GOOD,🟡 Good,AUD,AUD,False,True,True,1.0,,60.0,50.0,50.0,95.0,60.0,,,,,,,0,,,0,{'profit_margin_pct': 22.4},{},"{'rs_3m': nan, 'rs_6m': nan}","{'roe_pct': 33.5, 'debt_to_equity': 0.12, 'current_ratio': 1.12, 'operating_margin_pct': 27.1}","{'days_to_earnings': 'N/A', 'recommendation': 'buy', 'analyst_upside_pct': -2.7}",32.04,10488888320,Technology,Software - Application,,,False,41.44,-22.7,5.0,False,31.16,34.25,22.0,16.0,buy,-2.7,7.85,-75.5,4.3,-86.6,1.45,0.46,0.9,62.2,0.28,0.98,,,,4.4,104.0,2026-11-17,False,False,3.0,NEUTRAL,1.86,162.9,8.39,39.6,,,,2026-08-04T06:35:32.472568
FHN,First Horizon Corporation,60.5,⭐⭐ GOOD,🟡 Good,USD,USD,False,True,True,1.0,,75.0,50.0,54.0,65.0,50.0,60.0,56.8,False,up,8.7,False,0,3.7,False,0,"{'eps_growth_yoy': 8.7, 'positive_quarters': 4, 'earnings_accelerating': False, 'eps_accel_quarters': 0, 'profit_margin_pct': 30.2}","{'revenue_growth_yoy': 3.7, 'revenue_accelerating': False, 'rev_accel_quarters': 0}","{'rs_3m': nan, 'rs_6m': nan, 'rs_line_percentile': 56.8, 'rs_line_at_new_high': False, 'rs_line_trend': 'up', 'rs_line_score': 60}","{'roe_pct': 11.5, 'operating_margin_pct': 40.1}","{'days_to_earnings': 'N/A', 'recommendation': 'none', 'analyst_upside_pct': 8.3}",25.8,12245139456,Financial Services,Banks - Regional,0.0,0.0,False,26.56,-2.9,0.0,False,27.95,30.0,25.0,19.0,none,8.3,36.7,42.2,39.8,54.3,4.86,1.25,2.65,31.2,0.68,3.34,True,-6.44,,10.0,71.0,2026-10-14,False,False,5.0,NEUTRAL,,,0.56,20.5,,,,2026-08-04T06:38:56.767268
CHD,"Church & Dwight Company, Inc.",60.5,⭐⭐ GOOD,🟡 Good,USD,USD,False,True,True,1.0,,90.0,30.0,44.0,75.0,60.0,35.0,37.5,False,flat,13.2,True,1,-2.5,False,0,"{'eps_growth_yoy': 13.2, 'positive_quarters': 4, 'earnings_accelerating': True, 'eps_accel_quarters': 1, 'profit_margin_pct': 12.0}","{'revenue_growth_yoy': -2.5, 'revenue_accelerating': False, 'rev_accel_quarters': 0}","{'rs_3m': nan, 'rs_6m': nan, 'rs_line_percentile': 37.5, 'rs_line_at_new_high': False, 'rs_line_trend': 'flat', 'rs_line_score': 35}","{'roe_pct': 17.0, 'debt_to_equity': 0.56, 'current_ratio': 1.15, 'operating_margin_pct': 18.1}","{'days_to_earnings': 'N/A', 'recommendation': 'buy', 'analyst_upside_pct': 4.4}",100.01,23696730112,Consumer Defensive,Household & Personal Products,5.1,5.2,False,106.04,-5.7,0.0,False,104.37,115.0,77.0,19.0,buy,4.4,75.01,-25.0,31.2,-68.8,3.96,3.96,1.24,38.6,1.23,1.16,True,-2.53,10.6,6.3,87.0,2026-10-30,False,False,7.0,NEUTRAL,4.06,114.1,2.75,23.4,,,,2026-08-04T06:34:13.068026
QSR,Restaurant Brands International,60.3,⭐⭐ GOOD,🟡 Good,USD,USD,False,True,False,0.7604,"acciones × precio no cuadra con la capitalización (ratio 0.7604): el dato por acción y el precio no están en la misma unidad — típico de ADR. Los ratios por acción (EPS, FCF/acción, DCF) no son utilizables",100.0,30.0,44.0,50.0,65.0,35.0,27.3,False,down,77.9,True,1,-6.1,False,0,"{'eps_growth_yoy': 77.9, 'positive_quarters': 4, 'earnings_accelerating': True, 'eps_accel_quarters': 1, 'profit_margin_pct': 10.0}","{'revenue_growth_yoy': -6.1, 'revenue_accelerating': False, 'rev_accel_quarters': 0}","{'rs_3m': nan, 'rs_6m': nan, 'rs_line_percentile': 27.3, 'rs_line_at_new_high': False, 'rs_line_trend': 'down', 'rs_line_score': 35}","{'roe_pct': 28.1, 'debt_to_equity': 2.96, 'current_ratio': 0.99, 'operating_margin_pct': 25.9}","{'days_to_earnings': 'N/A', 'recommendation': 'buy', 'analyst_upside_pct': 16.6}",72.94,33285214208,Consumer Cyclical,Restaurants,6.3,5.6,False,81.96,-11.0,0.0,False,85.04,100.0,76.0,24.0,buy,16.6,,,,,4.96,4.76,3.51,80.7,2.6,3.41,True,-0.1,4.6,100.0,2.0,2026-08-06,True,False,6.0,NEUTRAL,5.31,51.7,0.17,24.3,,,,2026-08-04T06:38:15.119705
MTD,"Mettler-Toledo International, I",59.8,⭐ AVERAGE,🟡 Average,USD,USD,False,True,True,1.0,,85.0,40.0,54.0,50.0,60.0,60.0,59.1,False,up,7.1,True,1,-0.2,True,1,"{'eps_growth_yoy': 7.1, 'positive_quarters': 4, 'earnings_accelerating': True, 'eps_accel_quarters': 1, 'profit_margin_pct': 21.9}","{'revenue_growth_yoy': -0.2, 'revenue_accelerating': True, 'rev_accel_quarters': 1}","{'rs_3m': nan, 'rs_6m': nan, 'rs_line_percentile': 59.1, 'rs_line_at_new_high': False, 'rs_line_trend': 'up', 'rs_line_score': 60}","{'debt_to_equity': 166.68, 'current_ratio': 1.12, 'operating_margin_pct': 31.2}","{'days_to_earnings': 'N/A', 'recommendation': 'buy', 'analyst_upside_pct': -2.1}",1445.0,29199982592,Healthcare,Diagnostics & Research,4.5,3.7,False,1525.17,-5.3,0.0,False,1414.36,1580.0,1200.0,11.0,buy,-2.1,941.19,-34.9,811.24,-43.9,2.38,34.32,,,,,True,-2.65,16.8,12.8,93.0,2026-11-05,False,False,6.0,NEUTRAL,3.6,110.6,1.53,30.9,,,,2026-08-04T06:32:58.145496
ETN,"Eaton Corporation, PLC",59.8,⭐ AVERAGE,🟡 Average,USD,USD,False,True,True,1.0,,50.0,70.0,54.0,70.0,60.0,60.0,63.0,False,up,-11.8,False,0,6.0,True,2,"{'eps_growth_yoy': -11.8, 'positive_quarters': 4, 'earnings_accelerating': False, 'eps_accel_quarters': 0, 'profit_margin_pct': 12.8}","{'revenue_growth_yoy': 6.0, 'revenue_accelerating': True, 'rev_accel_quarters': 2}","{'rs_3m': nan, 'rs_6m': nan, 'rs_line_percentile': 63.0, 'rs_line_at_new_high': False, 'rs_line_trend': 'up', 'rs_line_score': 60}","{'roe_pct': 19.7, 'debt_to_equity': 1.05, 'current_ratio': 1.24, 'operating_margin_pct': 16.6}","{'days_to_earnings': 'N/A', 'recommendation': 'buy', 'analyst_upside_pct': 4.5}",438.23,170164715520,Industrials,Specialty Industrial Machinery,2.1,3.4,False,438.76,-0.1,0.0,False,457.75,534.0,333.0,25.0,buy,4.5,117.7,-73.1,102.1,-76.7,1.83,8.0,1.06,41.3,4.4,1.55,True,-0.73,16.5,-15.9,91.0,2026-11-03,False,False,7.0,NEUTRAL,2.71,64.1,,53.6,,,,2026-08-04T06:34:22.541569
PG,Procter & Gamble Company (The),59.5,⭐ AVERAGE,🟡 Average,USD,USD,False,True,True,1.0,,80.0,50.0,36.0,65.0,60.0,15.0,15.3,False,flat,8.8,True,1,1.7,False,0,"{'eps_growth_yoy': 8.8, 'positive_quarters': 4, 'earnings_accelerating': True, 'eps_accel_quarters': 1, 'profit_margin_pct': 18.4}","{'revenue_growth_yoy': 1.7, 'revenue_accelerating': False, 'rev_accel_quarters': 0}","{'rs_3m': nan, 'rs_6m': nan, 'rs_line_percentile': 15.3, 'rs_line_at_new_high': False, 'rs_line_trend': 'flat', 'rs_line_score': 15}","{'roe_pct': 30.3, 'debt_to_equity': 0.63, 'current_ratio': 0.68, 'operating_margin_pct': 19.5}","{'days_to_earnings': 'N/A', 'recommendation': 'buy', 'analyst_upside_pct': 10.8}",144.97,337577017344,Consumer Defensive,Household & Personal Products,1.0,2.3,False,167.25,-13.3,0.0,False,160.7,186.0,145.0,23.0,buy,10.8,81.15,-44.0,66.2,-54.3,3.8,5.52,3.01,64.3,4.35,2.49,True,-1.44,26.7,-10.4,79.0,2026-10-22,False,False,3.0,NEUTRAL,,,,21.9,,,,2026-08-04T06:31:02.845104
AWK,"American Water Works Company, I",59.5,⭐ AVERAGE,🟡 Average,USD,USD,False,True,True,1.0,"FCF declarado (-1,785,374,976) se aparta del derivado de flujo operativo menos capex (-966,999,872)",75.0,60.0,44.0,55.0,50.0,35.0,28.1,False,up,-16.9,True,2,6.2,True,1,"{'eps_growth_yoy': -16.9, 'positive_quarters': 4, 'earnings_accelerating': True, 'eps_accel_quarters': 2, 'profit_margin_pct': 21.3}","{'revenue_growth_yoy': 6.2, 'revenue_accelerating': True, 'rev_accel_quarters': 1}","{'rs_3m': nan, 'rs_6m': nan, 'rs_line_percentile': 28.1, 'rs_line_at_new_high': False, 'rs_line_trend': 'up', 'rs_line_score': 35}","{'roe_pct': 10.1, 'debt_to_equity': 1.38, 'current_ratio': 0.52, 'operating_margin_pct': 40.7}","{'days_to_earnings': 'N/A', 'recommendation': 'hold', 'analyst_upside_pct': 6.8}",131.3,26093117440,Utilities,Utilities - Regulated Water,7.1,4.7,False,147.87,-11.2,0.0,False,140.27,155.0,128.0,11.0,hold,6.8,,,57.7,-56.1,-6.84,-8.98,2.67,58.5,3.58,2.02,False,,3.2,3.4,85.0,2026-10-28,False,False,8.0,STRONG,4.86,6.6,2.33,25.8,,,,2026-08-04T06:35:37.290784
AUTO.L,AUTOTRADER GROUP PLC ORD 1P,59.0,⭐ AVERAGE,🟡 Average,GBp,GBP,True,True,False,100.0,"acciones × precio no cuadra con la capitalización (ratio 100.0000): el dato por acción y el precio no están en la misma unidad — típico de ADR. Los ratios por acción (EPS, FCF/acción, DCF) no son utilizables",60.0,50.0,50.0,90.0,50.0,,,,,,,0,,,0,{'profit_margin_pct': 47.1},{},"{'rs_3m': nan, 'rs_6m': nan}","{'roe_pct': 60.2, 'debt_to_equity': 0.52, 'current_ratio': 1.73, 'operating_margin_pct': 62.2}","{'days_to_earnings': 'N/A', 'recommendation': 'hold', 'analyst_upside_pct': 5.9}",530.8,4155475456,Communication Services,Internet Content & Information,,,False,844.4,-37.1,0.0,False,562.33,800.0,410.0,18.0,hold,5.9,,,,,5.87,0.31,2.21,32.0,0.12,1.35,,,,2.0,93.0,2026-11-05,False,False,5.0,NEUTRAL,8.75,332.4,2.38,29.8,,,,2026-08-04T06:36:28.217438
HESAY,Hermes International SA,59.0,⭐ AVERAGE,🟡 Average,USD,EUR,True,True,True,1.0,,60.0,50.0,36.0,95.0,70.0,15.0,0.0,False,down,,,0,,,0,{'profit_margin_pct': 28.0},{},"{'rs_3m': nan, 'rs_6m': nan, 'rs_line_percentile': 0.0, 'rs_line_at_new_high': False, 'rs_line_trend': 'down', 'rs_line_score': 15}","{'roe_pct': 25.5, 'debt_to_equity': 0.12, 'current_ratio': 4.54, 'operating_margin_pct': 42.2}","{'days_to_earnings': 'N/A', 'recommendation': 'strong_buy', 'analyst_upside_pct': 34.4}",180.03,188563079168,Consumer Cyclical,Luxury Goods,,,False,265.89,-32.3,0.0,False,242.0,265.0,215.0,3.0,strong_buy,34.4,79.48,-55.9,49.2,-72.7,3.0,5.4,1.19,41.8,2.11,0.61,,,,-0.3,191.0,2027-02-11,False,False,8.0,STRONG,3.83,37.5,,49.8,,,,2026-08-04T06:30:11.289365
SBGSY,Schneider Electric SE,58.6,⭐ AVERAGE,🟡 Average,USD,EUR,True,True,True,1.0,,55.0,50.0,62.0,75.0,60.0,80.0,76.5,False,up,,,0,,,0,{'profit_margin_pct': 11.3},{},"{'rs_3m': nan, 'rs_6m': nan, 'rs_line_percentile': 76.5, 'rs_line_at_new_high': False, 'rs_line_trend': 'up', 'rs_line_score': 80}","{'roe_pct': 18.6, 'debt_to_equity': 0.84, 'current_ratio': 1.09, 'operating_margin_pct': 18.2}","{'days_to_earnings': 'N/A', 'recommendation': 'strong_buy', 'analyst_upside_pct': 14.7}",66.99,188809396224,Industrials,Specialty Industrial Machinery,,,False,67.34,-0.5,1.0,False,76.83,79.0,75.5,3.0,strong_buy,14.7,90.78,35.5,57.13,-14.7,3.28,2.2,1.47,49.7,0.98,1.79,,,,29.3,205.0,2027-02-25,False,False,6.0,NEUTRAL,3.28,74.6,0.79,50.3,,,,2026-08-04T06:34:41.051364
SPGI,S&P Global Inc.,58.5,⭐ AVERAGE,🟡 Average,USD,USD,False,True,True,1.0,,75.0,50.0,36.0,65.0,65.0,15.0,12.4,False,up,3.5,False,0,6.6,False,0,"{'eps_growth_yoy': 3.5, 'positive_quarters': 4, 'earnings_accelerating': False, 'eps_accel_quarters': 0, 'profit_margin_pct': 30.5}","{'revenue_growth_yoy': 6.6, 'revenue_accelerating': False, 'rev_accel_quarters': 0}","{'rs_3m': nan, 'rs_6m': nan, 'rs_line_percentile': 12.4, 'rs_line_at_new_high': False, 'rs_line_trend': 'up', 'rs_line_score': 15}","{'roe_pct': 14.3, 'debt_to_equity': 0.43, 'current_ratio': 0.95, 'operating_margin_pct': 44.8}","{'days_to_earnings': 'N/A', 'recommendation': 'strong_buy', 'analyst_upside_pct': 24.6}",416.25,122710499328,Financial Services,Financial Data & Stock Exchanges,1.7,2.0,False,547.82404,-24.0,0.0,False,518.63,553.0,444.0,19.0,strong_buy,24.6,495.13,19.0,290.99,-30.1,4.44,18.48,0.94,23.5,3.88,0.82,True,-4.24,22.7,17.7,86.0,2026-10-29,False,False,7.0,NEUTRAL,4.67,942.7,1.16,30.3,,,,2026-08-04T06:29:35.548349
PAYX,"Paychex, Inc.",58.5,⭐ AVERAGE,🟡 Average,USD,USD,False,True,True,1.0,"FCF declarado (2,321,800,000) se aparta del derivado de flujo operativo menos capex (944,300,000)",75.0,50.0,44.0,65.0,50.0,35.0,39.6,False,up,9.6,False,0,4.3,False,0,"{'eps_growth_yoy': 9.6, 'positive_quarters': 4, 'earnings_accelerating': False, 'eps_accel_quarters': 0, 'profit_margin_pct': 26.6}","{'revenue_growth_yoy': 4.3, 'revenue_accelerating': False, 'rev_accel_quarters': 0}","{'rs_3m': nan, 'rs_6m': nan, 'rs_line_percentile': 39.6, 'rs_line_at_new_high': False, 'rs_line_trend': 'up', 'rs_line_score': 35}","{'debt_to_equity': 1.24, 'current_ratio': 1.15, 'operating_margin_pct': 38.3}","{'days_to_earnings': 'N/A', 'recommendation': 'hold', 'analyst_upside_pct': -7.2}",117.67,41853198336,Technology,Software - Application,6.1,5.1,False,141.89,-17.1,0.0,False,109.21,150.0,95.0,14.0,hold,-7.2,276.83,135.3,147.0,24.9,5.55,6.53,4.07,90.6,4.76,2.83,True,-1.46,9.6,17.4,56.0,2026-09-29,False,False,7.0,NEUTRAL,5.69,106.4,0.42,35.4,,,,2026-08-04T06:30:58.382180
TW,Tradeweb Markets Inc.,58.5,⭐ AVERAGE,🟡 Average,USD,USD,False,True,False,0.5322,"acciones × precio no cuadra con la capitalización (ratio 0.5322): el dato por acción y el precio no están en la misma unidad — típico de ADR. Los ratios por acción (EPS, FCF/acción, DCF) no son utilizables",65.0,50.0,36.0,85.0,65.0,15.0,10.1,False,down,-2.3,True,1,9.9,False,0,"{'eps_growth_yoy': -2.3, 'positive_quarters': 4, 'earnings_accelerating': True, 'eps_accel_quarters': 1, 'profit_margin_pct': 40.7}","{'revenue_growth_yoy': 9.9, 'revenue_accelerating': False, 'rev_accel_quarters': 0}","{'rs_3m': nan, 'rs_6m': nan, 'rs_line_percentile': 10.1, 'rs_line_at_new_high': False, 'rs_line_trend': 'down', 'rs_line_score': 15}","{'roe_pct': 14.5, 'debt_to_equity': 0.02, 'current_ratio': 6.79, 'operating_margin_pct': 43.8}","{'days_to_earnings': 'N/A', 'recommendation': 'buy', 'analyst_upside_pct': 24.8}",101.0,22020628480,Financial Services,Capital Markets,3.6,2.5,False,141.13,-28.4,0.0,False,126.0,201.0,98.0,14.0,buy,24.8,,,,,4.83,9.17,0.56,12.4,0.56,0.4,True,-1.56,633.6,13.8,86.0,2026-10-29,False,False,8.0,STRONG,5.85,57.1,1.11,44.9,,,,2026-08-04T06:31:20.808151
CVX,Chevron Corporation,57.5,⭐ AVERAGE,🟡 Average,USD,USD,False,True,True,1.0,"FCF declarado (16,592,000,000) se aparta del derivado de flujo operativo menos capex (27,973,998,912)",55.0,60.0,44.0,75.0,60.0,35.0,42.3,False,flat,-11.2,True,1,7.2,True,1,"{'eps_growth_yoy': -11.2, 'positive_quarters': 4, 'earnings_accelerating': True, 'eps_accel_quarters': 1, 'profit_margin_pct': 9.8}","{'revenue_growth_yoy': 7.2, 'revenue_accelerating': True, 'rev_accel_quarters': 1}","{'rs_3m': nan, 'rs_6m': nan, 'rs_line_percentile': 42.3, 'rs_line_at_new_high': False, 'rs_line_trend': 'flat', 'rs_line_score': 35}","{'debt_to_equity': 0.24, 'operating_margin_pct': 22.0}","{'days_to_earnings': 'N/A', 'recommendation': 'buy', 'analyst_upside_pct': 11.3}",193.18,384736821248,Energy,Oil & Gas Integrated,1.0,2.1,False,214.71,-10.0,0.0,False,215.0,236.0,170.0,24.0,buy,11.3,353.3,82.9,311.7,61.4,4.31,8.33,3.62,67.2,7.12,3.99,True,-2.79,14.0,322.9,87.0,2026-10-30,False,False,5.0,NEUTRAL,4.93,9.3,0.05,23.5,,,,2026-08-04T06:37:00.036212
UBER,"Uber Technologies, Inc.",57.5,⭐ AVERAGE,🟡 Average,USD,USD,False,True,True,1.0,"FCF declarado (6,536,625,152) se aparta del derivado de flujo operativo menos capex (9,790,000,128)",60.0,50.0,36.0,85.0,70.0,15.0,7.9,False,down,-80.6,True,1,4.4,False,0,"{'eps_growth_yoy': -80.6, 'positive_quarters': 4, 'earnings_accelerating': True, 'eps_accel_quarters': 1, 'profit_margin_pct': 15.9}","{'revenue_growth_yoy': 4.4, 'revenue_accelerating': False, 'rev_accel_quarters': 0}","{'rs_3m': nan, 'rs_6m': nan, 'rs_line_percentile': 7.9, 'rs_line_at_new_high': False, 'rs_line_trend': 'down', 'rs_line_score': 15}","{'roe_pct': 35.3, 'debt_to_equity': 0.48, 'current_ratio': 1.07, 'operating_margin_pct': 14.6}","{'days_to_earnings': 'N/A', 'recommendation': 'strong_buy', 'analyst_upside_pct': 45.1}",71.61,145769250816,Technology,Software - Application,2.6,2.5,False,101.99,-29.8,0.0,False,103.89,150.0,70.0,48.0,strong_buy,45.1,47.25,-34.0,40.3,-43.7,4.48,3.21,,,,,True,-5.32,12.1,-84.6,1.0,2026-08-05,True,False,6.0,NEUTRAL,4.07,133.2,,33.0,,,,2026-08-04T06:38:19.424536
FDS,FactSet Research Systems Inc.,57.2,⭐ AVERAGE,🟡 Average,USD,USD,False,True,True,1.0,,65.0,60.0,36.0,70.0,50.0,15.0,24.0,False,up,-17.5,True,1,4.4,True,1,"{'eps_growth_yoy': -17.5, 'positive_quarters': 4, 'earnings_accelerating': True, 'eps_accel_quarters': 1, 'profit_margin_pct': 23.2}","{'revenue_growth_yoy': 4.4, 'revenue_accelerating': True, 'rev_accel_quarters': 1}","{'rs_3m': nan, 'rs_6m': nan, 'rs_line_percentile': 24.0, 'rs_line_at_new_high': False, 'rs_line_trend': 'up', 'rs_line_score': 15}","{'roe_pct': 27.0, 'debt_to_equity': 0.77, 'current_ratio': 0.68, 'operating_margin_pct': 30.5}","{'days_to_earnings': 'N/A', 'recommendation': 'hold', 'analyst_upside_pct': -5.4}",269.68,9591315456,Financial Services,Financial Data & Stock Exchanges,16.2,5.0,True,398.5,-32.3,0.0,False,255.06,340.0,210.0,16.0,hold,-5.4,256.99,-4.7,151.9,-43.7,6.48,17.47,1.76,29.4,4.64,1.0,True,-6.39,14.1,-3.8,44.0,2026-09-17,False,False,6.0,NEUTRAL,7.16,187.1,,56.8,,,,2026-08-04T06:34:55.896769
ITW,Illinois Tool Works Inc.,57.0,⭐ AVERAGE,🟡 Average,USD,USD,False,True,True,1.0,,80.0,30.0,54.0,65.0,50.0,60.0,53.9,False,up,1.7,True,1,-0.9,False,0,"{'eps_growth_yoy': 1.7, 'positive_quarters': 4, 'earnings_accelerating': True, 'eps_accel_quarters': 1, 'profit_margin_pct': 19.4}","{'revenue_growth_yoy': -0.9, 'revenue_accelerating': False, 'rev_accel_quarters': 0}","{'rs_3m': nan, 'rs_6m': nan, 'rs_line_percentile': 53.9, 'rs_line_at_new_high': False, 'rs_line_trend': 'up', 'rs_line_score': 60}","{'roe_pct': 104.6, 'debt_to_equity': 3.35, 'current_ratio': 1.11, 'operating_margin_pct': 26.7}","{'days_to_earnings': 'N/A', 'recommendation': 'hold', 'analyst_upside_pct': 3.5}",288.49,82998566912,Industrials,Specialty Industrial Machinery,3.3,6.6,False,303.16,-4.8,0.0,False,298.48,350.0,249.0,14.0,hold,3.5,186.25,-35.4,111.61,-61.3,3.26,9.41,2.24,58.3,6.44,2.26,True,-1.81,14.6,4.0,80.0,2026-10-23,False,False,5.0,NEUTRAL,4.65,118.3,2.32,28.8,,,,2026-08-04T06:34:03.517569
FCNCA,"First Citizens BancShares, Inc.",57.0,⭐ AVERAGE,🟡 Average,USD,USD,False,True,False,0.9118,"acciones × precio no cuadra con la capitalización (ratio 0.9118): el dato por acción y el precio no están en la misma unidad — típico de ADR. Los ratios por acción (EPS, FCF/acción, DCF) no son utilizables",55.0,60.0,54.0,65.0,50.0,60.0,60.7,False,up,-7.1,False,0,0.3,True,1,"{'eps_growth_yoy': -7.1, 'positive_quarters': 4, 'earnings_accelerating': False, 'eps_accel_quarters': 0, 'profit_margin_pct': 25.2}","{'revenue_growth_yoy': 0.3, 'revenue_accelerating': True, 'rev_accel_quarters': 1}","{'rs_3m': nan, 'rs_6m': nan, 'rs_line_percentile': 60.7, 'rs_line_at_new_high': False, 'rs_line_trend': 'up', 'rs_line_score': 60}","{'roe_pct': 10.7, 'operating_margin_pct': 39.0}","{'days_to_earnings': 'N/A', 'recommendation': 'hold', 'analyst_upside_pct': 5.4}",2218.44,25268934656,Financial Services,Banks - Regional,5.7,5.5,False,2237.82,-0.9,0.0,False,2338.5,2475.0,2100.0,12.0,hold,5.4,,,,,5.39,131.05,0.38,4.4,8.4,0.3,True,-13.09,,12.4,79.0,2026-10-22,False,False,5.0,NEUTRAL,,,0.36,35.9,,,,2026-08-04T06:39:01.289673
MKC,"McCormick & Company, Incorporat",56.7,⭐ AVERAGE,🟡 Average,USD,USD,False,True,False,0.945,"acciones × precio no cuadra con la capitalización (ratio 0.9450): el dato por acción y el precio no están en la misma unidad — típico de ADR. Los ratios por acción (EPS, FCF/acción, DCF) no son utilizables | FCF declarado (714,025,024) se aparta del derivado de flujo operativo menos capex (1,009,700",55.0,70.0,36.0,60.0,65.0,15.0,15.8,False,up,-33.4,False,0,12.3,True,1,"{'eps_growth_yoy': -33.4, 'positive_quarters': 4, 'earnings_accelerating': False, 'eps_accel_quarters': 0, 'profit_margin_pct': 21.9}","{'revenue_growth_yoy': 12.3, 'revenue_accelerating': True, 'rev_accel_quarters': 1}","{'rs_3m': nan, 'rs_6m': nan, 'rs_line_percentile': 15.8, 'rs_line_at_new_high': False, 'rs_line_trend': 'up', 'rs_line_score': 15}","{'roe_pct': 24.7, 'debt_to_equity': 0.65, 'current_ratio': 0.78, 'operating_margin_pct': 17.4}","{'days_to_earnings': 'N/A', 'recommendation': 'buy', 'analyst_upside_pct': 17.7}",51.52,13851232256,Consumer Defensive,Packaged Foods,,0.0,False,72.58,-29.0,0.0,False,60.62,75.0,52.0,13.0,buy,17.7,,,,,5.15,2.81,3.77,30.9,1.92,2.11,True,-0.2,5.5,-9.9,63.0,2026-10-06,False,False,6.0,NEUTRAL,5.83,66.6,,31.0,,,,2026-08-04T06:36:13.989502
LSEG.L,LONDON STOCK EXCHANGE GROUP PLC,56.5,⭐ AVERAGE,🟡 Average,GBp,GBP,True,True,False,100.0,"acciones × precio no cuadra con la capitalización (ratio 100.0000): el dato por acción y el precio no están en la misma unidad — típico de ADR. Los ratios por acción (EPS, FCF/acción, DCF) no son utilizables",55.0,50.0,50.0,70.0,70.0,,,,,,,0,,,0,{'profit_margin_pct': 14.6},{},"{'rs_3m': nan, 'rs_6m': nan}","{'roe_pct': 7.7, 'debt_to_equity': 0.64, 'current_ratio': 1.0, 'operating_margin_pct': 29.0}","{'days_to_earnings': 'N/A', 'recommendation': 'strong_buy', 'analyst_upside_pct': 41.8}",8490.0,41338654720,Financial Services,Financial Data & Stock Exchanges,,,False,10165.0,-16.5,0.0,False,12037.33,13630.0,10400.0,15.0,strong_buy,41.8,,,,,4.16,3.53,1.88,3.5,1.58,1.28,,,,33.7,205.0,2027-02-25,False,False,7.0,NEUTRAL,4.26,305.7,0.46,34.6,,,,2026-08-04T06:32:35.762465
NOW,"ServiceNow, Inc.",56.2,⭐ AVERAGE,🟡 Average,USD,USD,False,True,True,1.0,,50.0,80.0,36.0,50.0,65.0,15.0,17.6,False,up,-40.6,False,0,17.0,True,2,"{'eps_growth_yoy': -40.6, 'positive_quarters': 4, 'earnings_accelerating': False, 'eps_accel_quarters': 0, 'profit_margin_pct': 11.3}","{'revenue_growth_yoy': 17.0, 'revenue_accelerating': True, 'rev_accel_quarters': 2}","{'rs_3m': nan, 'rs_6m': nan, 'rs_line_percentile': 17.6, 'rs_line_at_new_high': False, 'rs_line_trend': 'up', 'rs_line_score': 15}","{'roe_pct': 14.2, 'debt_to_equity': 0.68, 'current_ratio': 0.7, 'operating_margin_pct': 4.1}","{'days_to_earnings': 'N/A', 'recommendation': 'strong_buy', 'analyst_upside_pct': 22.8}",114.19,118056706048,Technology,Software - Application,5.4,2.5,False,194.726,-41.4,0.0,False,140.25,248.0,72.0,46.0,strong_buy,22.8,73.29,-35.8,16.0,-86.0,4.36,4.98,,,,,True,-2.89,29.3,-21.9,85.0,2026-10-28,False,False,4.0,NEUTRAL,1.87,73.1,,61.2,,,,2026-08-04T06:33:30.997451
MSCI,MSCI Inc.,56.2,⭐ AVERAGE,🟡 Average,USD,USD,False,True,True,1.0,,75.0,50.0,36.0,50.0,65.0,15.0,16.9,False,down,5.1,False,0,9.3,False,0,"{'eps_growth_yoy': 5.1, 'positive_quarters': 4, 'earnings_accelerating': False, 'eps_accel_quarters': 0, 'profit_margin_pct': 40.7}","{'revenue_growth_yoy': 9.3, 'revenue_accelerating': False, 'rev_accel_quarters': 0}","{'rs_3m': nan, 'rs_6m': nan, 'rs_line_percentile': 16.9, 'rs_line_at_new_high': False, 'rs_line_trend': 'down', 'rs_line_score': 15}","{'current_ratio': 0.89, 'operating_margin_pct': 56.3}","{'days_to_earnings': 'N/A', 'recommendation': 'strong_buy', 'analyst_upside_pct': 20.5}",574.43,41761058816,Financial Services,Financial Data & Stock Exchanges,2.0,1.8,False,644.77,-10.9,0.0,False,692.06,760.0,570.0,17.0,strong_buy,20.5,473.77,-17.5,358.88,-37.5,2.86,16.43,1.43,42.1,8.2,1.01,True,-6.5,7.2,19.6,77.0,2026-10-20,False,False,8.0,STRONG,3.55,851.3,1.3,44.5,,,,2026-08-04T06:30:44.162503
DPZ,Domino's Pizza Inc,56.0,⭐ AVERAGE,🟡 Average,USD,USD,False,True,True,1.0,,60.0,60.0,36.0,65.0,60.0,15.0,22.7,False,up,-2.6,True,1,4.1,True,1,"{'eps_growth_yoy': -2.6, 'positive_quarters': 4, 'earnings_accelerating': True, 'eps_accel_quarters': 1, 'profit_margin_pct': 11.9}","{'revenue_growth_yoy': 4.1, 'revenue_accelerating': True, 'rev_accel_quarters': 1}","{'rs_3m': nan, 'rs_6m': nan, 'rs_line_percentile': 22.7, 'rs_line_at_new_high': False, 'rs_line_trend': 'up', 'rs_line_score': 15}","{'current_ratio': 1.54, 'operating_margin_pct': 19.1}","{'days_to_earnings': 'N/A', 'recommendation': 'buy', 'analyst_upside_pct': 6.1}",364.41,12055315456,Consumer Cyclical,Restaurants,11.2,3.3,True,469.0,-22.3,0.0,False,386.74,522.0,270.0,27.0,buy,6.1,277.55,-23.8,176.5,-51.6,4.41,16.07,2.29,42.3,7.96,1.25,True,-3.23,4.9,4.8,70.0,2026-10-13,False,False,8.0,STRONG,5.68,107.8,2.57,38.3,,,,2026-08-04T06:37:51.157313
EXPN.L,EXPERIAN PLC ORD USD0.10,55.8,⭐ AVERAGE,🟡 Average,GBp,USD,True,True,False,100.0,"acciones × precio no cuadra con la capitalización (ratio 100.0000): el dato por acción y el precio no están en la misma unidad — típico de ADR. Los ratios por acción (EPS, FCF/acción, DCF) no son utilizables | FCF declarado (678,498,487) se aparta del derivado de flujo operativo menos capex (941,114",55.0,50.0,50.0,65.0,70.0,,,,,,,0,,,0,{'profit_margin_pct': 17.8},{},"{'rs_3m': nan, 'rs_6m': nan}","{'roe_pct': 28.3, 'debt_to_equity': 1.0, 'current_ratio': 0.85, 'operating_margin_pct': 25.0}","{'days_to_earnings': 'N/A', 'recommendation': 'strong_buy', 'analyst_upside_pct': 32.2}",2811.0,24845627392,Industrials,Consulting Services,,,False,3987.0,-29.5,0.0,False,3716.79,4705.62,2360.08,18.0,strong_buy,32.2,,,,,2.73,0.77,1.86,39.8,0.52,1.4,,,,23.1,106.0,2026-11-18,False,False,9.0,STRONG,7.12,646.3,0.72,37.7,,,,2026-08-04T06:33:49.914054
DHR,Danaher Corporation,55.8,⭐ AVERAGE,🟡 Average,USD,USD,False,True,True,1.0,,50.0,60.0,44.0,70.0,65.0,35.0,31.1,False,up,-4.2,False,0,3.5,True,1,"{'eps_growth_yoy': -4.2, 'positive_quarters': 4, 'earnings_accelerating': False, 'eps_accel_quarters': 0, 'profit_margin_pct': 15.9}","{'revenue_growth_yoy': 3.5, 'revenue_accelerating': True, 'rev_accel_quarters': 1}","{'rs_3m': nan, 'rs_6m': nan, 'rs_line_percentile': 31.1, 'rs_line_at_new_high': False, 'rs_line_trend': 'up', 'rs_line_score': 35}","{'roe_pct': 7.6, 'debt_to_equity': 0.53, 'current_ratio': 1.65, 'operating_margin_pct': 19.8}","{'days_to_earnings': 'N/A', 'recommendation': 'strong_buy', 'analyst_upside_pct': 15.4}",197.5,138839736320,Healthcare,Diagnostics & Research,1.6,2.5,False,242.8,-18.7,0.0,False,227.96,310.0,195.0,23.0,strong_buy,15.4,260.92,32.1,168.6,-14.6,3.12,6.15,0.82,25.7,1.6,0.44,True,-2.09,17.3,59.7,77.0,2026-10-20,False,False,5.0,NEUTRAL,2.77,39.2,0.36,51.8,,,,2026-08-04T06:33:39.856455
ITRK.L,INTERTEK GROUP PLC ORD 1P,54.8,⭐ AVERAGE,🟡 Average,GBp,GBP,True,True,False,100.0,"acciones × precio no cuadra con la capitalización (ratio 100.0000): el dato por acción y el precio no están en la misma unidad — típico de ADR. Los ratios por acción (EPS, FCF/acción, DCF) no son utilizables",50.0,50.0,50.0,75.0,60.0,,,,,,,0,,,0,{'profit_margin_pct': 9.1},{},"{'rs_3m': nan, 'rs_6m': nan}","{'roe_pct': 29.9, 'debt_to_equity': 1.73, 'current_ratio': 1.1, 'operating_margin_pct': 16.6}","{'days_to_earnings': 'N/A', 'recommendation': 'buy', 'analyst_upside_pct': 0.7}",5840.0,8964178944,Industrials,Specialty Business Services,,,False,5850.0,-0.2,0.0,False,5882.46,6200.0,5450.0,13.0,buy,0.7,,,,,5.35,3.13,2.83,80.5,1.65,2.66,,,,-7.8,210.0,2027-03-02,False,False,4.0,NEUTRAL,5.18,63.8,,1.9,,,,2026-08-04T06:36:33.097758
AZO,"AutoZone, Inc.",54.5,⭐ AVERAGE,🟡 Average,USD,USD,False,True,True,1.0,"FCF declarado (903,784,256) se aparta del derivado de flujo operativo menos capex (1,745,085,016)",70.0,50.0,36.0,45.0,70.0,15.0,5.3,False,down,-23.4,True,2,-22.5,True,2,"{'eps_growth_yoy': -23.4, 'positive_quarters': 4, 'earnings_accelerating': True, 'eps_accel_quarters': 2, 'profit_margin_pct': 12.4}","{'revenue_growth_yoy': -22.5, 'revenue_accelerating': True, 'rev_accel_quarters': 2}","{'rs_3m': nan, 'rs_6m': nan, 'rs_line_percentile': 5.3, 'rs_line_at_new_high': False, 'rs_line_trend': 'down', 'rs_line_score': 15}","{'current_ratio': 0.89, 'operating_margin_pct': 19.1}","{'days_to_earnings': 'N/A', 'recommendation': 'strong_buy', 'analyst_upside_pct': 32.5}",2990.27,48817221632,Consumer Cyclical,Auto Parts,3.4,1.0,False,4388.11,-31.9,0.0,False,3961.96,4800.0,3200.0,23.0,strong_buy,32.5,992.84,-66.8,1453.8,-51.4,1.85,55.36,,,,,True,-3.62,7.5,7.7,49.0,2026-09-22,False,False,6.0,NEUTRAL,5.88,35.3,2.21,39.9,,,,2026-08-04T06:32:39.846005
NDSN,Nordson Corporation,54.5,⭐ AVERAGE,🟡 Average,USD,USD,False,True,True,1.0,,50.0,40.0,54.0,85.0,60.0,60.0,63.9,False,up,-6.7,False,0,-0.1,True,1,"{'eps_growth_yoy': -6.7, 'positive_quarters': 4, 'earnings_accelerating': False, 'eps_accel_quarters': 0, 'profit_margin_pct': 18.2}","{'revenue_growth_yoy': -0.1, 'revenue_accelerating': True, 'rev_accel_quarters': 1}","{'rs_3m': nan, 'rs_6m': nan, 'rs_line_percentile': 63.9, 'rs_line_at_new_high': False, 'rs_line_trend': 'up', 'rs_line_score': 60}","{'roe_pct': 17.1, 'debt_to_equity': 0.62, 'current_ratio': 2.6, 'operating_margin_pct': 23.5}","{'days_to_earnings': 'N/A', 'recommendation': 'buy', 'analyst_upside_pct': 4.7}",302.62,16861365248,Industrials,Specialty Industrial Machinery,3.5,3.8,False,307.74,-1.7,0.0,False,316.86,345.0,260.0,7.0,buy,4.7,173.01,-42.8,93.5,-69.1,3.41,10.31,1.1,34.6,3.28,1.08,True,-1.72,7.7,4.3,15.0,2026-08-19,False,True,7.0,NEUTRAL,3.75,65.0,4.0,20.1,,,,2026-08-04T06:35:28.434288
AI.PA,AIR LIQUIDE,54.5,⭐ AVERAGE,🟡 Average,EUR,EUR,False,True,True,1.0,"FCF declarado (264,437,504) se aparta del derivado de flujo operativo menos capex (1,652,500,160)",55.0,50.0,50.0,60.0,65.0,,,,,,,0,,,0,{'profit_margin_pct': 13.1},{},"{'rs_3m': nan, 'rs_6m': nan}","{'roe_pct': 14.0, 'debt_to_equity': 0.63, 'current_ratio': 0.88, 'operating_margin_pct': 20.1}","{'days_to_earnings': 'N/A', 'recommendation': 'strong_buy', 'analyst_upside_pct': 15.4}",170.32,108301197312,Basic Materials,Specialty Chemicals,,,False,182.26,-6.6,0.0,False,196.47,216.0,160.0,20.0,strong_buy,15.4,6.12,-96.4,55.7,-67.3,0.24,0.42,1.97,60.5,3.36,1.83,,,,0.7,198.0,2027-02-18,False,False,7.0,NEUTRAL,3.99,18.8,33.68,17.4,,,,2026-08-04T06:29:57.186110
GVDNY,Givaudan SA,54.3,⭐ AVERAGE,🟡 Average,USD,CHF,True,True,True,1.0,"FCF declarado (747,592,936) se aparta del derivado de flujo operativo menos capex (1,482,433,689)",55.0,50.0,44.0,70.0,60.0,35.0,36.4,False,up,,,0,,,0,{'profit_margin_pct': 12.9},{},"{'rs_3m': nan, 'rs_6m': nan, 'rs_line_percentile': 36.4, 'rs_line_at_new_high': False, 'rs_line_trend': 'up', 'rs_line_score': 35}","{'roe_pct': 22.3, 'debt_to_equity': 1.11, 'current_ratio': 1.29, 'operating_margin_pct': 18.8}","{'days_to_earnings': 'N/A', 'recommendation': 'buy', 'analyst_upside_pct': 7.2}",80.59,37197590528,Basic Materials,Specialty Chemicals,,,False,90.69,-11.1,0.0,False,86.36,98.84,73.88,2.0,buy,7.2,23.83,-70.4,25.2,-68.7,2.01,1.62,2.28,71.1,1.82,1.88,,,,-10.0,176.0,2027-01-27,False,False,7.0,NEUTRAL,3.39,34.8,,29.7,,,,2026-08-04T06:31:11.760090
ORLY,"O'Reilly Automotive, Inc.",54.2,⭐ AVERAGE,🟡 Average,USD,USD,False,True,True,1.0,"FCF declarado (1,572,316,928) se aparta del derivado de flujo operativo menos capex (2,120,623,976)",60.0,60.0,36.0,50.0,65.0,15.0,17.5,False,down,-9.6,True,1,0.8,True,1,"{'eps_growth_yoy': -9.6, 'positive_quarters': 4, 'earnings_accelerating': True, 'eps_accel_quarters': 1, 'profit_margin_pct': 14.3}","{'revenue_growth_yoy': 0.8, 'revenue_accelerating': True, 'rev_accel_quarters': 1}","{'rs_3m': nan, 'rs_6m': nan, 'rs_line_percentile': 17.5, 'rs_line_at_new_high': False, 'rs_line_trend': 'down', 'rs_line_score': 15}","{'current_ratio': 0.75, 'operating_margin_pct': 20.2}","{'days_to_earnings': 'N/A', 'recommendation': 'buy', 'analyst_upside_pct': 20.5}",89.76,73259048960,Consumer Cyclical,Auto Parts,2.8,2.5,False,108.72,-17.4,0.0,False,108.17,120.0,89.0,24.0,buy,20.5,38.45,-57.2,32.44,-63.9,2.15,1.93,,,,,True,-3.36,14.5,10.3,85.0,2026-10-28,False,False,7.0,NEUTRAL,4.21,40.2,2.39,43.5,,,,2026-08-04T06:33:17.451734
ECL,Ecolab Inc.,54.0,⭐ AVERAGE,🟡 Average,USD,USD,False,True,True,1.0,,50.0,50.0,44.0,75.0,65.0,35.0,34.8,False,up,-17.5,False,0,1.0,False,0,"{'eps_growth_yoy': -17.5, 'positive_quarters': 4, 'earnings_accelerating': False, 'eps_accel_quarters': 0, 'profit_margin_pct': 12.6}","{'revenue_growth_yoy': 1.0, 'revenue_accelerating': False, 'rev_accel_quarters': 0}","{'rs_3m': nan, 'rs_6m': nan, 'rs_line_percentile': 34.8, 'rs_line_at_new_high': False, 'rs_line_trend': 'up', 'rs_line_score': 35}","{'roe_pct': 22.0, 'debt_to_equity': 1.36, 'current_ratio': 1.84, 'operating_margin_pct': 18.3}","{'days_to_earnings': 'N/A', 'recommendation': 'buy', 'analyst_upside_pct': 16.2}",279.43,78642077696,Basic Materials,Specialty Chemicals,1.3,2.1,False,309.27,-9.6,0.0,False,324.67,360.0,295.0,21.0,buy,16.2,100.85,-63.9,74.4,-73.4,2.42,6.77,1.05,38.1,2.92,1.06,True,-1.24,9.2,3.3,84.0,2026-10-27,False,False,6.0,NEUTRAL,3.28,52.2,8.97,25.4,,,,2026-08-04T06:32:12.492855
ERIE,Erie Indemnity Company,53.5,⭐ AVERAGE,🟡 Average,USD,USD,False,True,False,0.8833,"acciones × precio no cuadra con la capitalización (ratio 0.8833): el dato por acción y el precio no están en la misma unidad — típico de ADR. Los ratios por acción (EPS, FCF/acción, DCF) no son utilizables",50.0,50.0,36.0,85.0,60.0,15.0,17.6,False,up,-1.4,False,0,0.8,False,0,"{'eps_growth_yoy': -1.4, 'positive_quarters': 4, 'earnings_accelerating': False, 'eps_accel_quarters': 0, 'profit_margin_pct': 14.0}","{'revenue_growth_yoy': 0.8, 'revenue_accelerating': False, 'rev_accel_quarters': 0}","{'rs_3m': nan, 'rs_6m': nan, 'rs_line_percentile': 17.6, 'rs_line_at_new_high': False, 'rs_line_trend': 'up', 'rs_line_score': 15}","{'roe_pct': 24.8, 'debt_to_equity': 0.03, 'current_ratio': 1.25, 'operating_margin_pct': 19.1}","{'days_to_earnings': 'N/A', 'recommendation': 'strong_buy'}",236.86,12385378304,Financial Services,Insurance Brokers,11.8,10.8,True,380.67,-37.8,0.0,False,,,,,strong_buy,,,,,,3.89,10.42,2.41,64.6,5.85,1.8,False,,,1.6,86.0,2026-10-29,False,False,4.0,NEUTRAL,,,5.28,67.6,,,,2026-08-04T06:32:03.311720
CHTR,"Charter Communications, Inc.",53.2,⭐ AVERAGE,🟡 Average,USD,USD,False,True,False,0.885,"acciones × precio no cuadra con la capitalización (ratio 0.8850): el dato por acción y el precio no están en la misma unidad — típico de ADR. Los ratios por acción (EPS, FCF/acción, DCF) no son utilizables | FCF declarado (2,198,374,912) se aparta del derivado de flujo operativo menos capex (4,810,9",85.0,30.0,36.0,50.0,55.0,15.0,10.1,False,flat,13.6,True,1,-1.1,False,0,"{'eps_growth_yoy': 13.6, 'positive_quarters': 4, 'earnings_accelerating': True, 'eps_accel_quarters': 1, 'profit_margin_pct': 9.1}","{'revenue_growth_yoy': -1.1, 'revenue_accelerating': False, 'rev_accel_quarters': 0}","{'rs_3m': nan, 'rs_6m': nan, 'rs_line_percentile': 10.1, 'rs_line_at_new_high': False, 'rs_line_trend': 'flat', 'rs_line_score': 15}","{'roe_pct': 27.2, 'debt_to_equity': 4.42, 'current_ratio': 0.36, 'operating_margin_pct': 23.5}","{'days_to_earnings': 'N/A', 'recommendation': 'hold', 'analyst_upside_pct': 28.0}",144.1,19421435904,Communication Services,Telecom Services,45.5,5.3,True,285.82,-49.6,0.0,False,184.41,380.0,101.0,17.0,hold,28.0,,,,,11.32,18.43,,,,,True,-24.49,2.5,6.4,87.0,2026-10-30,False,False,7.0,NEUTRAL,10.56,26.9,0.2,45.6,,,,2026-08-04T06:37:27.458549
OXY,Occidental Petroleum Corporatio,53.2,⭐ AVERAGE,🟡 Average,USD,USD,False,True,True,1.0,,58.0,40.0,44.0,70.0,65.0,35.0,40.4,False,down,-51.5,True,1,-18.5,True,1,"{'eps_growth_yoy': -51.5, 'positive_quarters': 3, 'earnings_accelerating': True, 'eps_accel_quarters': 1, 'profit_margin_pct': 22.4}","{'revenue_growth_yoy': -18.5, 'revenue_accelerating': True, 'rev_accel_quarters': 1}","{'rs_3m': nan, 'rs_6m': nan, 'rs_line_percentile': 40.4, 'rs_line_at_new_high': False, 'rs_line_trend': 'down', 'rs_line_score': 35}","{'roe_pct': 4.1, 'debt_to_equity': 0.42, 'current_ratio': 1.21, 'operating_margin_pct': 17.7}","{'days_to_earnings': 'N/A', 'recommendation': 'buy', 'analyst_upside_pct': 16.3}",55.47,55172386816,Energy,Oil & Gas E&P,0.0,0.0,False,67.45,-17.8,0.0,False,64.52,75.0,55.0,23.0,buy,16.3,129.33,133.2,22.2,-60.0,5.5,3.05,1.82,132.4,1.04,1.14,True,-0.1,2.8,220.9,1.0,2026-08-05,True,False,4.0,NEUTRAL,5.37,6.4,0.04,37.7,,,,2026-08-04T06:36:46.552149
TJX,"TJX Companies, Inc. (The)",53.0,⭐ AVERAGE,🟡 Average,USD,USD,False,True,True,1.0,,65.0,30.0,44.0,75.0,60.0,35.0,26.5,False,down,7.2,False,0,-0.5,False,0,"{'eps_growth_yoy': 7.2, 'positive_quarters': 4, 'earnings_accelerating': False, 'eps_accel_quarters': 0, 'profit_margin_pct': 9.4}","{'revenue_growth_yoy': -0.5, 'revenue_accelerating': False, 'rev_accel_quarters': 0}","{'rs_3m': nan, 'rs_6m': nan, 'rs_line_percentile': 26.5, 'rs_line_at_new_high': False, 'rs_line_trend': 'down', 'rs_line_score': 35}","{'roe_pct': 61.3, 'debt_to_equity': 1.36, 'current_ratio': 1.14, 'operating_margin_pct': 11.8}","{'days_to_earnings': 'N/A', 'recommendation': 'strong_buy', 'analyst_upside_pct': 12.5}",157.5,173990936576,Consumer Cyclical,Apparel Retail,1.6,3.0,False,170.0,-7.4,0.0,False,177.21,197.0,125.0,19.0,strong_buy,12.5,161.5,2.5,150.89,-4.2,2.48,3.91,1.22,33.1,1.92,1.34,True,-1.44,104.7,29.3,15.0,2026-08-19,False,True,7.0,NEUTRAL,4.04,36.2,0.93,20.3,,,,2026-08-04T06:35:55.502994
SXYAY,SIKA AG,52.8,⭐ AVERAGE,🟡 Average,USD,CHF,True,True,True,1.0,"FCF declarado (1,264,242,091) se aparta del derivado de flujo operativo menos capex (1,696,566,430)",50.0,50.0,44.0,70.0,60.0,35.0,48.4,False,up,,,0,,,0,{'profit_margin_pct': 9.4},{},"{'rs_3m': nan, 'rs_6m': nan, 'rs_line_percentile': 48.4, 'rs_line_at_new_high': False, 'rs_line_trend': 'up', 'rs_line_score': 35}","{'roe_pct': 16.0, 'debt_to_equity': 0.89, 'current_ratio': 1.3, 'operating_margin_pct': 14.3}","{'days_to_earnings': 'N/A', 'recommendation': 'buy', 'analyst_upside_pct': 6.7}",23.1,37061468160,Basic Materials,Specialty Chemicals,,,False,23.991,-3.7,0.0,False,24.65,26.3,23.0,2.0,buy,6.7,11.59,-49.8,8.0,-65.4,3.41,0.79,2.06,57.0,0.46,1.36,,,,-0.3,,,False,False,7.0,NEUTRAL,3.56,45.5,,47.7,,,,2026-08-04T06:33:58.968494
ABT,Abbott Laboratories,52.8,⭐ AVERAGE,🟡 Average,USD,USD,False,True,True,1.0,,50.0,50.0,44.0,70.0,60.0,35.0,31.2,False,up,-39.5,False,0,0.2,False,0,"{'eps_growth_yoy': -39.5, 'positive_quarters': 4, 'earnings_accelerating': False, 'eps_accel_quarters': 0, 'profit_margin_pct': 11.6}","{'revenue_growth_yoy': 0.2, 'revenue_accelerating': False, 'rev_accel_quarters': 0}","{'rs_3m': nan, 'rs_6m': nan, 'rs_line_percentile': 31.2, 'rs_line_at_new_high': False, 'rs_line_trend': 'up', 'rs_line_score': 35}","{'roe_pct': 10.6, 'debt_to_equity': 0.63, 'current_ratio': 1.38, 'operating_margin_pct': 14.7}","{'days_to_earnings': 'N/A', 'recommendation': 'buy', 'analyst_upside_pct': 10.5}",107.12,186583023616,Healthcare,Medical Devices,1.6,1.8,False,137.49,-22.1,0.0,False,118.42,135.0,103.0,24.0,buy,10.5,60.9,-43.1,30.9,-71.2,3.86,4.14,2.38,79.0,2.52,1.82,True,-0.43,15.4,-47.5,71.0,2026-10-14,False,False,6.0,NEUTRAL,4.2,42.0,,44.2,,,,2026-08-04T06:34:27.129208
LRLCY,L'Oreal Co.,52.7,⭐ AVERAGE,🟡 Average,USD,EUR,True,True,True,1.0,,55.0,50.0,36.0,70.0,60.0,15.0,21.3,False,up,,,0,,,0,{'profit_margin_pct': 13.9},{},"{'rs_3m': nan, 'rs_6m': nan, 'rs_line_percentile': 21.3, 'rs_line_at_new_high': False, 'rs_line_trend': 'up', 'rs_line_score': 15}","{'roe_pct': 19.4, 'debt_to_equity': 0.49, 'current_ratio': 0.97, 'operating_margin_pct': 21.3}","{'days_to_earnings': 'N/A', 'recommendation': 'strong_buy', 'analyst_upside_pct': 11.0}",89.48,238195408896,Consumer Defensive,Household & Personal Products,,,False,95.48,-6.3,0.0,False,99.33,101.0,97.0,3.0,strong_buy,11.0,45.17,-49.5,26.3,-70.6,3.1,2.77,1.89,60.9,1.68,1.55,,,,5.4,189.0,2027-02-09,False,False,6.0,NEUTRAL,3.54,69.9,4.71,23.3,,,,2026-08-04T06:32:16.868157
DVA,DaVita Inc.,52.6,⭐ AVERAGE,🟡 Average,USD,USD,False,True,True,1.0,"FCF declarado (999,662,976) se aparta del derivado de flujo operativo menos capex (1,451,457,984)",45.0,50.0,68.0,60.0,40.0,95.0,95.0,False,up,-0.9,False,0,1.1,False,0,"{'eps_growth_yoy': -0.9, 'positive_quarters': 4, 'earnings_accelerating': False, 'eps_accel_quarters': 0, 'profit_margin_pct': 5.6}","{'revenue_growth_yoy': 1.1, 'revenue_accelerating': False, 'rev_accel_quarters': 0}","{'rs_3m': nan, 'rs_6m': nan, 'rs_line_percentile': 95.0, 'rs_line_at_new_high': False, 'rs_line_trend': 'up', 'rs_line_score': 95}","{'roe_pct': 81.0, 'debt_to_equity': 12.61, 'current_ratio': 1.42, 'operating_margin_pct': 13.9}","{'days_to_earnings': 'N/A', 'recommendation': 'hold', 'analyst_upside_pct': -10.7}",233.68,14998750208,Healthcare,Medical Care Facilities,13.7,5.3,True,247.49,-5.6,1.0,False,208.57,270.0,145.0,7.0,hold,-10.7,660.5,182.7,311.1,33.1,6.66,15.57,,,,,True,-10.98,3.4,17.4,0.0,2026-08-04,True,False,6.0,NEUTRAL,6.56,31.4,0.31,17.2,,,,2026-08-04T06:37:04.813795
HHH,Howard Hughes Holdings Inc.,52.6,⭐ AVERAGE,🟡 Average,USD,USD,False,True,True,1.0,,68.0,30.0,36.0,70.0,70.0,15.0,4.9,False,flat,,True,1,-9.6,False,0,"{'positive_quarters': 3, 'earnings_accelerating': True, 'eps_accel_quarters': 1, 'profit_margin_pct': 8.0}","{'revenue_growth_yoy': -9.6, 'revenue_accelerating': False, 'rev_accel_quarters': 0}","{'rs_3m': nan, 'rs_6m': nan, 'rs_line_percentile': 4.9, 'rs_line_at_new_high': False, 'rs_line_trend': 'flat', 'rs_line_score': 15}","{'roe_pct': 3.6, 'debt_to_equity': 1.51, 'current_ratio': 2.33, 'operating_margin_pct': 21.5}","{'days_to_earnings': 'N/A', 'recommendation': 'buy', 'analyst_upside_pct': 37.6}",65.17,3885734400,Real Estate,Real Estate - Development,8.6,6.5,True,91.07,-28.4,0.0,False,89.67,100.0,79.0,3.0,buy,37.6,88.3,35.5,21.4,-67.2,9.21,6.0,,,,,False,,1.9,-23.5,1.0,2026-08-05,True,False,6.0,NEUTRAL,4.21,14.6,,20.1,,,,2026-08-04T06:38:24.256845
RELX,RELX PLC PLC,52.2,⭐ AVERAGE,🟡 Average,USD,GBP,True,True,True,1.0,,60.0,50.0,36.0,50.0,70.0,15.0,18.9,False,up,,,0,,,0,{'profit_margin_pct': 23.3},{},"{'rs_3m': nan, 'rs_6m': nan, 'rs_line_percentile': 18.9, 'rs_line_at_new_high': False, 'rs_line_trend': 'up', 'rs_line_score': 15}","{'roe_pct': 131.9, 'debt_to_equity': 7.1, 'current_ratio': 0.45, 'operating_margin_pct': 32.0}","{'days_to_earnings': 'N/A', 'recommendation': 'strong_buy', 'analyst_upside_pct': 46.7}",36.16,63131549696,Industrials,Specialty Business Services,0.3,1.6,False,51.99,-30.4,0.0,False,53.05,57.0,49.1,2.0,strong_buy,46.7,59.13,63.5,40.58,12.2,4.75,1.72,2.58,53.4,0.91,2.01,,,,12.2,191.0,2027-02-11,False,False,7.0,NEUTRAL,1.15,1901.3,0.7,43.1,,,,2026-08-04T06:28:44.060057
COST,Costco Wholesale Corporation,51.5,⭐ AVERAGE,🟡 Average,USD,USD,False,True,True,1.0,"FCF declarado (6,954,375,168) se aparta del derivado de flujo operativo menos capex (9,502,000,512)",65.0,30.0,36.0,75.0,60.0,15.0,17.1,False,down,-16.0,True,2,-18.1,False,0,"{'eps_growth_yoy': -16.0, 'positive_quarters': 4, 'earnings_accelerating': True, 'eps_accel_quarters': 2, 'profit_margin_pct': 3.0}","{'revenue_growth_yoy': -18.1, 'revenue_accelerating': False, 'rev_accel_quarters': 0}","{'rs_3m': nan, 'rs_6m': nan, 'rs_line_percentile': 17.1, 'rs_line_at_new_high': False, 'rs_line_trend': 'down', 'rs_line_score': 15}","{'roe_pct': 29.2, 'debt_to_equity': 0.6, 'current_ratio': 1.07, 'operating_margin_pct': 3.7}","{'days_to_earnings': 'N/A', 'recommendation': 'buy', 'analyst_upside_pct': 12.9}",954.08,423114276864,Consumer Defensive,Discount Stores,1.6,2.5,False,1096.5,-13.0,0.0,False,1076.91,1315.0,740.0,35.0,buy,12.9,665.02,-30.3,596.7,-37.5,1.64,15.68,0.62,27.0,5.88,0.59,True,-0.21,81.5,31.8,51.0,2026-09-24,False,False,7.0,NEUTRAL,2.6,30.6,0.93,23.3,,,,2026-08-04T06:29:40.662985
WTKWY,Wolters Kluwer N.V.,51.2,⭐ AVERAGE,🟡 Average,USD,EUR,True,True,True,1.0,"FCF declarado (1,134,453,768) se aparta del derivado de flujo operativo menos capex (1,615,110,425)",60.0,50.0,36.0,50.0,60.0,15.0,12.1,False,up,,,0,,,0,{'profit_margin_pct': 21.4},{},"{'rs_3m': nan, 'rs_6m': nan, 'rs_line_percentile': 12.1, 'rs_line_at_new_high': False, 'rs_line_trend': 'up', 'rs_line_score': 15}","{'roe_pct': 111.7, 'debt_to_equity': 6.23, 'current_ratio': 0.65, 'operating_margin_pct': 24.2}","{'days_to_earnings': 'N/A', 'recommendation': 'none', 'analyst_upside_pct': 34.9}",80.53,17939869696,Industrials,Specialty Business Services,,,False,156.33,-48.5,0.0,False,108.6,108.6,108.6,1.0,none,34.9,215.96,168.2,194.1,141.0,6.32,5.09,3.76,43.5,2.94,1.85,,,,18.4,,,False,False,7.0,NEUTRAL,7.94,668.9,0.31,52.2,,,,2026-08-04T06:28:48.297457
PGR,Progressive Corporation (The),51.0,⭐ AVERAGE,🟡 Average,USD,USD,False,True,True,1.0,,50.0,50.0,36.0,75.0,50.0,15.0,24.9,False,up,-11.2,False,0,0.8,False,0,"{'eps_growth_yoy': -11.2, 'positive_quarters': 4, 'earnings_accelerating': False, 'eps_accel_quarters': 0, 'profit_margin_pct': 12.8}","{'revenue_growth_yoy': 0.8, 'revenue_accelerating': False, 'rev_accel_quarters': 0}","{'rs_3m': nan, 'rs_6m': nan, 'rs_line_percentile': 24.9, 'rs_line_at_new_high': False, 'rs_line_trend': 'up', 'rs_line_score': 15}","{'roe_pct': 34.9, 'debt_to_equity': 0.24, 'current_ratio': 0.28, 'operating_margin_pct': 18.2}","{'days_to_earnings': 'N/A', 'recommendation': 'hold', 'analyst_upside_pct': 9.4}",210.46,122361446400,Financial Services,Insurance - Property & Casualty,1.7,2.5,False,254.93,-17.4,0.0,False,230.24,308.0,198.0,21.0,hold,9.4,473.9,125.2,199.4,-5.3,14.06,29.58,6.57,69.7,13.9,1.97,True,-0.48,53.3,2.0,71.0,2026-10-14,False,False,6.0,NEUTRAL,11.26,,2.58,42.7,,,,2026-08-04T06:35:04.724541
WMT,Walmart Inc.,51.0,⭐ AVERAGE,🟡 Average,USD,USD,False,True,True,1.0,"FCF declarado (6,862,249,984) se aparta del derivado de flujo operativo menos capex (14,249,998,208)",55.0,50.0,36.0,55.0,65.0,15.0,5.8,False,down,-24.1,True,1,0.2,False,0,"{'eps_growth_yoy': -24.1, 'positive_quarters': 4, 'earnings_accelerating': True, 'eps_accel_quarters': 1, 'profit_margin_pct': 3.1}","{'revenue_growth_yoy': 0.2, 'revenue_accelerating': False, 'rev_accel_quarters': 0}","{'rs_3m': nan, 'rs_6m': nan, 'rs_line_percentile': 5.8, 'rs_line_at_new_high': False, 'rs_line_trend': 'down', 'rs_line_score': 15}","{'roe_pct': 24.1, 'debt_to_equity': 0.75, 'current_ratio': 0.77, 'operating_margin_pct': 4.2}","{'days_to_earnings': 'N/A', 'recommendation': 'buy', 'analyst_upside_pct': 24.7}",110.71,881038917632,Consumer Defensive,Discount Stores,1.7,3.2,False,135.16,-18.1,0.0,False,138.02,155.0,81.0,41.0,buy,24.7,24.67,-77.7,55.1,-50.2,0.78,0.86,0.89,33.5,0.99,1.26,True,-0.64,11.7,19.4,16.0,2026-08-20,False,True,7.0,NEUTRAL,3.39,20.6,1.74,21.5,,,,2026-08-04T06:31:48.499001
ZTS,Zoetis Inc.,51.0,⭐ AVERAGE,🟡 Average,USD,USD,False,True,True,1.0,,65.0,30.0,36.0,65.0,70.0,15.0,5.3,False,down,-16.3,True,1,-8.0,False,0,"{'eps_growth_yoy': -16.3, 'positive_quarters': 4, 'earnings_accelerating': True, 'eps_accel_quarters': 1, 'profit_margin_pct': 28.0}","{'revenue_growth_yoy': -8.0, 'revenue_accelerating': False, 'rev_accel_quarters': 0}","{'rs_3m': nan, 'rs_6m': nan, 'rs_line_percentile': 5.3, 'rs_line_at_new_high': False, 'rs_line_trend': 'down', 'rs_line_score': 15}","{'roe_pct': 67.7, 'debt_to_equity': 2.86, 'current_ratio': 3.15, 'operating_margin_pct': 36.6}","{'days_to_earnings': 'N/A', 'recommendation': 'buy', 'analyst_upside_pct': 45.2}",77.1,32322488320,Healthcare,Drug Manufacturers - Specialty & Generic,5.1,2.8,False,160.48,-52.0,0.0,False,111.94,160.0,80.0,17.0,buy,45.2,70.97,-8.0,61.0,-20.9,5.51,4.25,2.74,33.3,2.12,0.95,True,-10.51,15.4,4.2,2.0,2026-08-06,True,False,6.0,NEUTRAL,9.04,42.1,1.74,21.6,,,,2026-08-04T06:30:30.782577
KHC,The Kraft Heinz Company,50.7,⭐ AVERAGE,🟡 Average,USD,USD,False,True,True,1.0,,68.0,30.0,44.0,60.0,50.0,35.0,43.2,False,up,,True,1,-4.8,False,0,"{'positive_quarters': 3, 'earnings_accelerating': True, 'eps_accel_quarters': 1, 'profit_margin_pct': -23.0}","{'revenue_growth_yoy': -4.8, 'revenue_accelerating': False, 'rev_accel_quarters': 0}","{'rs_3m': nan, 'rs_6m': nan, 'rs_line_percentile': 43.2, 'rs_line_at_new_high': False, 'rs_line_trend': 'up', 'rs_line_score': 35}","{'roe_pct': -12.6, 'debt_to_equity': 0.5, 'current_ratio': 1.2, 'operating_margin_pct': 20.7}","{'days_to_earnings': 'N/A', 'recommendation': 'hold', 'analyst_upside_pct': -8.4}",26.42,31328245760,Consumer Defensive,Packaged Foods,10.8,6.9,True,28.1,-6.0,0.0,False,24.21,40.0,19.0,17.0,hold,-8.4,61.76,133.8,,,10.25,2.71,6.19,73.1,1.6,4.9,True,-0.75,-4.7,5.4,1.0,2026-08-05,True,False,5.0,NEUTRAL,-9.27,-51.9,0.93,32.2,,,,2026-08-04T06:37:09.351648
BR,"Broadridge Financial Solutions,",50.7,⭐ AVERAGE,🟡 Average,USD,USD,False,True,True,1.0,,50.0,50.0,36.0,60.0,70.0,15.0,9.9,False,up,-26.2,False,0,-5.4,True,2,"{'eps_growth_yoy': -26.2, 'positive_quarters': 4, 'earnings_accelerating': False, 'eps_accel_quarters': 0, 'profit_margin_pct': 15.0}","{'revenue_growth_yoy': -5.4, 'revenue_accelerating': True, 'rev_accel_quarters': 2}","{'rs_3m': nan, 'rs_6m': nan, 'rs_line_percentile': 9.9, 'rs_line_at_new_high': False, 'rs_line_trend': 'up', 'rs_line_score': 15}","{'roe_pct': 42.3, 'debt_to_equity': 1.21, 'current_ratio': 0.94, 'operating_margin_pct': 18.4}","{'days_to_earnings': 'N/A', 'recommendation': 'buy', 'analyst_upside_pct': 31.2}",157.34,18197676032,Technology,Information Technology Services,4.0,2.6,False,271.91,-42.1,0.0,False,206.5,255.0,165.0,8.0,buy,31.2,248.47,57.9,141.03,-10.4,6.53,10.27,2.53,40.7,3.9,1.64,True,-2.66,13.4,10.6,0.0,2026-08-04,True,False,8.0,STRONG,5.61,344.9,1.0,34.0,,,,2026-08-04T06:30:20.956413
HRI,Herc Holdings Inc.,50.5,⭐ AVERAGE,🟡 Average,USD,USD,False,True,True,1.0,"FCF declarado (502,875,008) se aparta del derivado de flujo operativo menos capex (10,000,000)",48.0,50.0,54.0,45.0,60.0,60.0,51.2,False,up,-36.7,True,1,-7.7,True,2,"{'eps_growth_yoy': -36.7, 'positive_quarters': 3, 'earnings_accelerating': True, 'eps_accel_quarters': 1, 'profit_margin_pct': 1.0}","{'revenue_growth_yoy': -7.7, 'revenue_accelerating': True, 'rev_accel_quarters': 2}","{'rs_3m': nan, 'rs_6m': nan, 'rs_line_percentile': 51.2, 'rs_line_at_new_high': False, 'rs_line_trend': 'up', 'rs_line_score': 60}","{'roe_pct': 2.6, 'debt_to_equity': 5.06, 'current_ratio': 1.1, 'operating_margin_pct': 12.2}","{'days_to_earnings': 'N/A', 'recommendation': 'buy', 'analyst_upside_pct': 9.7}",163.93,5480416256,Industrials,Rental & Leasing Services,8.9,3.7,True,188.35,-13.0,0.0,False,179.75,220.0,115.0,12.0,buy,9.7,443.73,170.7,34.34,-79.1,9.18,15.04,1.86,164.7,2.8,,False,,1.1,,84.0,2026-10-27,False,False,3.0,NEUTRAL,2.78,4.9,0.47,52.6,,,,2026-08-04T06:38:52.037600
ESLOY,EssilorLuxottica,50.0,⚠️ WEAK,🔴 Weak,USD,EUR,True,True,True,1.0,,50.0,50.0,36.0,55.0,70.0,15.0,2.0,False,down,,,0,,,0,{'profit_margin_pct': 8.5},{},"{'rs_3m': nan, 'rs_6m': nan, 'rs_line_percentile': 2.0, 'rs_line_at_new_high': False, 'rs_line_trend': 'down', 'rs_line_score': 15}","{'roe_pct': 6.7, 'debt_to_equity': 0.38, 'current_ratio': 0.89, 'operating_margin_pct': 15.4}","{'days_to_earnings': 'N/A', 'recommendation': 'strong_buy', 'analyst_upside_pct': 46.0}",98.27,90328129536,Healthcare,Medical Instruments & Supplies,,,False,186.81,-47.4,0.0,False,143.5,148.0,139.0,2.0,strong_buy,46.0,89.05,-9.4,37.64,-61.7,4.19,4.11,2.44,74.3,2.32,1.55,,,,6.2,,,False,False,5.0,NEUTRAL,3.36,34.6,1.79,26.2,,,,2026-08-04T06:35:50.957211
MMC,MMC,50.0,⭐ AVERAGE,🟡 Average,,,False,True,True,,,50.0,50.0,50.0,50.0,50.0,,,,,,,0,,,0,{},{},{},{},{'days_to_earnings': 'N/A'},0.0,0,N/A,N/A,,,False,,,,,,,,,,,,,,,,,,,,,,,,,,,False,False,,,,,,,,,,2026-08-04T06:29:48.626413
LEN,Lennar Corporation,49.2,⚠️ WEAK,🔴 Weak,USD,USD,False,True,False,0.8738,"acciones × precio no cuadra con la capitalización (ratio 0.8738): el dato por acción y el precio no están en la misma unidad — típico de ADR. Los ratios por acción (EPS, FCF/acción, DCF) no son utilizables | FCF declarado (1,077,926,016) se aparta del derivado de flujo operativo menos capex (694,361",55.0,40.0,36.0,70.0,50.0,15.0,0.8,False,down,-48.4,True,1,-9.9,True,1,"{'eps_growth_yoy': -48.4, 'positive_quarters': 4, 'earnings_accelerating': True, 'eps_accel_quarters': 1, 'profit_margin_pct': 4.9}","{'revenue_growth_yoy': -9.9, 'revenue_accelerating': True, 'rev_accel_quarters': 1}","{'rs_3m': nan, 'rs_6m': nan, 'rs_line_percentile': 0.8, 'rs_line_at_new_high': False, 'rs_line_trend': 'down', 'rs_line_score': 15}","{'roe_pct': 7.4, 'debt_to_equity': 0.29, 'current_ratio': 8.51, 'operating_margin_pct': 5.3}","{'days_to_earnings': 'N/A', 'recommendation': 'hold', 'analyst_upside_pct': 2.1}",85.2,20524265472,Consumer Cyclical,Residential Construction,0.3,0.2,False,144.24,-40.9,0.0,False,87.0,120.0,67.0,13.0,hold,2.1,,,,,5.25,5.12,2.43,31.4,2.0,1.48,True,-6.09,,-12.6,44.0,2026-09-17,False,False,4.0,NEUTRAL,10.97,11.2,,29.7,,,,2026-08-04T06:38:05.366594
CLPBY,Coloplast AS,48.8,⚠️ WEAK,🔴 Weak,USD,DKK,True,True,False,0.9201,"acciones × precio no cuadra con la capitalización (ratio 0.9201): el dato por acción y el precio no están en la misma unidad — típico de ADR. Los ratios por acción (EPS, FCF/acción, DCF) no son utilizables | FCF declarado (647,077,239) se aparta del derivado de flujo operativo menos capex (-176,808,",38.0,50.0,36.0,75.0,65.0,15.0,17.1,False,up,-206.5,False,0,2.2,False,0,"{'eps_growth_yoy': -206.5, 'positive_quarters': 3, 'earnings_accelerating': False, 'eps_accel_quarters': 0, 'profit_margin_pct': 7.5}","{'revenue_growth_yoy': 2.2, 'revenue_accelerating': False, 'rev_accel_quarters': 0}","{'rs_3m': nan, 'rs_6m': nan, 'rs_line_percentile': 17.1, 'rs_line_at_new_high': False, 'rs_line_trend': 'up', 'rs_line_score': 15}","{'roe_pct': 14.1, 'debt_to_equity': 1.89, 'current_ratio': 1.75, 'operating_margin_pct': 25.7}","{'days_to_earnings': 'N/A', 'recommendation': 'buy', 'analyst_upside_pct': 22.1}",6.8,15324941312,Healthcare,Medical Instruments & Supplies,,,False,10.03,-32.2,0.0,False,8.3,12.2,6.5,4.0,buy,22.1,,,,,4.22,0.31,5.37,244.9,0.36,2.72,False,,3.9,,,,False,False,7.0,NEUTRAL,18.69,105.6,,31.2,,,,2026-08-04T06:32:07.809647
LPX,Louisiana-Pacific Corporation,48.6,⚠️ WEAK,🔴 Weak,USD,USD,False,True,True,1.0,"FCF declarado (-66,000,000) se aparta del derivado de flujo operativo menos capex (-11,000,000)",48.0,40.0,36.0,70.0,65.0,15.0,8.0,False,up,-50.0,True,1,-24.0,True,1,"{'eps_growth_yoy': -50.0, 'positive_quarters': 3, 'earnings_accelerating': True, 'eps_accel_quarters': 1, 'profit_margin_pct': 3.2}","{'revenue_growth_yoy': -24.0, 'revenue_accelerating': True, 'rev_accel_quarters': 1}","{'rs_3m': nan, 'rs_6m': nan, 'rs_line_percentile': 8.0, 'rs_line_at_new_high': False, 'rs_line_trend': 'up', 'rs_line_score': 15}","{'roe_pct': 4.8, 'debt_to_equity': 0.22, 'current_ratio': 3.26, 'operating_margin_pct': 6.6}","{'days_to_earnings': 'N/A', 'recommendation': 'buy', 'analyst_upside_pct': 26.5}",73.76,5153233920,Industrials,Building Products & Equipment,10.1,5.6,True,102.86,-28.3,0.0,False,93.31,107.0,66.0,13.0,buy,26.5,,,11.7,-84.1,-1.28,-0.94,1.66,97.4,1.2,1.27,False,,8.7,-70.3,1.0,2026-08-05,True,False,5.0,NEUTRAL,3.89,9.3,,45.1,,,,2026-08-04T06:38:00.600933
CL,Colgate-Palmolive Company,48.5,⚠️ WEAK,🔴 Weak,USD,USD,False,True,True,1.0,,38.0,50.0,44.0,65.0,60.0,35.0,38.8,False,flat,-5.7,False,0,4.5,False,0,"{'eps_growth_yoy': -5.7, 'positive_quarters': 3, 'earnings_accelerating': False, 'eps_accel_quarters': 0, 'profit_margin_pct': 9.7}","{'revenue_growth_yoy': 4.5, 'revenue_accelerating': False, 'rev_accel_quarters': 0}","{'rs_3m': nan, 'rs_6m': nan, 'rs_line_percentile': 38.8, 'rs_line_at_new_high': False, 'rs_line_trend': 'flat', 'rs_line_score': 35}","{'roe_pct': 267.4, 'debt_to_equity': 13.88, 'current_ratio': 1.03, 'operating_margin_pct': 21.0}","{'days_to_earnings': 'N/A', 'recommendation': 'buy', 'analyst_upside_pct': 9.0}",89.88,71921016832,Consumer Defensive,Household & Personal Products,2.3,3.2,False,99.33,-9.5,0.0,False,98.0,110.0,85.0,20.0,buy,9.0,63.59,-29.3,25.4,-71.7,4.81,4.32,2.32,82.3,2.12,2.32,True,-1.8,12.5,-3.8,87.0,2026-10-30,False,False,5.0,NEUTRAL,4.24,71.4,,24.6,,,,2026-08-04T06:35:14.182923
SYK,Stryker Corporation,47.7,⚠️ WEAK,🔴 Weak,USD,USD,False,True,True,1.0,,50.0,30.0,36.0,80.0,60.0,15.0,23.1,False,flat,-15.7,False,0,-0.0,False,0,"{'eps_growth_yoy': -15.7, 'positive_quarters': 4, 'earnings_accelerating': False, 'eps_accel_quarters': 0, 'profit_margin_pct': 14.4}","{'revenue_growth_yoy': -0.0, 'revenue_accelerating': False, 'rev_accel_quarters': 0}","{'rs_3m': nan, 'rs_6m': nan, 'rs_line_percentile': 23.1, 'rs_line_at_new_high': False, 'rs_line_trend': 'flat', 'rs_line_score': 15}","{'roe_pct': 16.5, 'debt_to_equity': 0.64, 'current_ratio': 2.16, 'operating_margin_pct': 27.0}","{'days_to_earnings': 'N/A', 'recommendation': 'buy', 'analyst_upside_pct': 12.5}",341.2,130802696192,Healthcare,Medical Devices,1.9,2.5,False,396.86,-14.0,0.0,False,383.73,465.0,315.0,26.0,buy,12.5,454.39,33.2,258.9,-24.1,3.14,10.71,1.08,39.8,3.52,0.99,False,,35.5,44.1,86.0,2026-10-29,False,False,5.0,NEUTRAL,3.59,47.3,0.46,45.4,,,,2026-08-04T06:31:16.258285
RSG,"Republic Services, Inc.",47.7,⚠️ WEAK,🔴 Weak,USD,USD,False,True,True,1.0,"FCF declarado (1,808,875,008) se aparta del derivado de flujo operativo menos capex (2,610,999,872)",50.0,40.0,36.0,60.0,65.0,15.0,15.9,False,flat,-4.5,False,0,-2.9,True,1,"{'eps_growth_yoy': -4.5, 'positive_quarters': 4, 'earnings_accelerating': False, 'eps_accel_quarters': 0, 'profit_margin_pct': 13.0}","{'revenue_growth_yoy': -2.9, 'revenue_accelerating': True, 'rev_accel_quarters': 1}","{'rs_3m': nan, 'rs_6m': nan, 'rs_line_percentile': 15.9, 'rs_line_at_new_high': False, 'rs_line_trend': 'flat', 'rs_line_score': 15}","{'roe_pct': 18.3, 'debt_to_equity': 1.18, 'current_ratio': 0.67, 'operating_margin_pct': 20.2}","{'days_to_earnings': 'N/A', 'recommendation': 'buy', 'analyst_upside_pct': 17.1}",209.62,64492548096,Industrials,Waste Management,1.8,2.2,False,238.62,-12.2,0.0,False,245.38,270.0,208.0,24.0,buy,17.1,104.57,-50.1,69.7,-66.7,2.8,5.88,1.19,35.2,2.5,1.22,True,-1.72,5.4,5.2,2.0,2026-08-06,True,False,,,4.04,24.7,3.46,26.9,,,,2026-08-04T06:30:06.426271
NVR,"NVR, Inc.",47.5,⚠️ WEAK,🔴 Weak,USD,USD,False,True,True,1.0,,50.0,30.0,36.0,85.0,50.0,15.0,11.8,False,flat,-40.6,False,0,-27.6,False,0,"{'eps_growth_yoy': -40.6, 'positive_quarters': 4, 'earnings_accelerating': False, 'eps_accel_quarters': 0, 'profit_margin_pct': 11.8}","{'revenue_growth_yoy': -27.6, 'revenue_accelerating': False, 'rev_accel_quarters': 0}","{'rs_3m': nan, 'rs_6m': nan, 'rs_line_percentile': 11.8, 'rs_line_at_new_high': False, 'rs_line_trend': 'flat', 'rs_line_score': 15}","{'roe_pct': 31.5, 'debt_to_equity': 0.31, 'current_ratio': 5.28, 'operating_margin_pct': 13.9}","{'days_to_earnings': 'N/A', 'recommendation': 'hold', 'analyst_upside_pct': 9.3}",6204.1,16615529472,Consumer Cyclical,Residential Construction,7.7,5.1,False,8618.28,-28.0,0.0,False,6782.0,7446.0,5664.0,5.0,hold,9.3,6026.1,-2.9,3848.1,-38.0,6.6,409.54,,,,,True,-11.33,55.0,-9.0,78.0,2026-10-21,False,False,5.0,NEUTRAL,10.81,41.3,,33.1,,,,2026-08-04T06:37:32.344275
MCD,McDonald's Corporation,47.5,⚠️ WEAK,🔴 Weak,USD,USD,False,True,True,1.0,,55.0,30.0,36.0,65.0,65.0,15.0,7.9,False,down,-12.0,False,0,-4.8,False,0,"{'eps_growth_yoy': -12.0, 'positive_quarters': 4, 'earnings_accelerating': False, 'eps_accel_quarters': 0, 'profit_margin_pct': 31.6}","{'revenue_growth_yoy': -4.8, 'revenue_accelerating': False, 'rev_accel_quarters': 0}","{'rs_3m': nan, 'rs_6m': nan, 'rs_line_percentile': 7.9, 'rs_line_at_new_high': False, 'rs_line_trend': 'down', 'rs_line_score': 15}","{'current_ratio': 1.14, 'operating_margin_pct': 44.3}","{'days_to_earnings': 'N/A', 'recommendation': 'buy', 'analyst_upside_pct': 22.0}",265.23,188447473664,Consumer Cyclical,Restaurants,1.8,2.3,False,341.75,-22.4,0.0,False,323.58,407.0,250.0,31.0,buy,22.0,145.33,-45.2,121.2,-54.3,3.16,8.38,2.75,59.9,7.44,2.23,True,-1.05,7.9,4.8,0.0,2026-08-04,True,False,6.0,NEUTRAL,5.15,29.1,2.72,20.5,,,,2026-08-04T06:32:53.726146
BN,Brookfield Corporation,47.2,⚠️ WEAK,🔴 Weak,USD,USD,False,True,True,1.0,"FCF declarado (-2,218,749,952) se aparta del derivado de flujo operativo menos capex (-5,262,999,552)",45.0,50.0,36.0,50.0,65.0,15.0,6.4,False,down,-62.5,False,0,2.7,False,0,"{'eps_growth_yoy': -62.5, 'positive_quarters': 4, 'earnings_accelerating': False, 'eps_accel_quarters': 0, 'profit_margin_pct': 1.7}","{'revenue_growth_yoy': 2.7, 'revenue_accelerating': False, 'rev_accel_quarters': 0}","{'rs_3m': nan, 'rs_6m': nan, 'rs_line_percentile': 6.4, 'rs_line_at_new_high': False, 'rs_line_trend': 'down', 'rs_line_score': 15}","{'roe_pct': 2.5, 'debt_to_equity': 1.61, 'current_ratio': 0.89, 'operating_margin_pct': 28.9}","{'days_to_earnings': 'N/A', 'recommendation': 'buy', 'analyst_upside_pct': 24.5}",43.53,97228414976,Financial Services,Asset Management,,4.3,False,49.57,-12.2,0.0,False,54.2,61.0,31.0,10.0,buy,24.5,,,15.3,-64.9,-2.28,-0.99,0.66,49.0,0.28,0.87,True,-1.09,1.3,158.8,9.0,2026-08-13,False,True,6.0,NEUTRAL,4.54,12.9,0.05,20.4,,,,2026-08-04T06:38:10.313248
MSI,"Motorola Solutions, Inc.",45.8,⚠️ WEAK,🔴 Weak,USD,USD,False,True,True,1.0,"FCF declarado (1,815,124,992) se aparta del derivado de flujo operativo menos capex (2,512,999,872)",50.0,30.0,44.0,60.0,55.0,35.0,27.7,False,up,-28.7,False,0,-1.8,False,0,"{'eps_growth_yoy': -28.7, 'positive_quarters': 4, 'earnings_accelerating': False, 'eps_accel_quarters': 0, 'profit_margin_pct': 17.6}","{'revenue_growth_yoy': -1.8, 'revenue_accelerating': False, 'rev_accel_quarters': 0}","{'rs_3m': nan, 'rs_6m': nan, 'rs_line_percentile': 27.7, 'rs_line_at_new_high': False, 'rs_line_trend': 'up', 'rs_line_score': 35}","{'roe_pct': 99.3, 'debt_to_equity': 3.74, 'current_ratio': 1.07, 'operating_margin_pct': 19.8}","{'days_to_earnings': 'N/A', 'recommendation': 'none', 'analyst_upside_pct': 16.0}",437.19,72571609088,Technology,Communication Equipment,2.4,3.2,False,492.22,-11.2,0.0,False,507.0,530.0,470.0,11.0,none,16.0,160.9,-63.2,124.2,-71.6,2.5,10.93,1.11,37.1,4.84,1.11,True,-1.19,7.7,-6.9,1.0,2026-08-05,True,False,6.0,NEUTRAL,3.9,161.2,,22.7,,,,2026-08-04T06:29:30.493328
TEVA,Teva Pharmaceutical Industries ,44.0,⚠️ WEAK,🔴 Weak,USD,USD,False,True,True,1.0,"FCF declarado (2,219,875,072) se aparta del derivado de flujo operativo menos capex (1,397,000,000)",38.0,40.0,62.0,25.0,65.0,80.0,78.4,False,flat,-233.0,False,0,-7.5,True,1,"{'eps_growth_yoy': -233.0, 'positive_quarters': 3, 'earnings_accelerating': False, 'eps_accel_quarters': 0, 'profit_margin_pct': 4.1}","{'revenue_growth_yoy': -7.5, 'revenue_accelerating': True, 'rev_accel_quarters': 1}","{'rs_3m': nan, 'rs_6m': nan, 'rs_line_percentile': 78.4, 'rs_line_at_new_high': False, 'rs_line_trend': 'flat', 'rs_line_score': 80}","{'roe_pct': 9.7, 'debt_to_equity': 2.18, 'current_ratio': 0.88, 'operating_margin_pct': 4.0}","{'days_to_earnings': 'N/A', 'recommendation': 'strong_buy', 'analyst_upside_pct': 19.6}",34.46,40156102656,Healthcare,Drug Manufacturers - Specialty & Generic,2.8,5.8,False,37.35,-7.7,1.0,False,41.2,50.0,33.0,10.0,strong_buy,19.6,28.03,-18.7,6.0,-82.6,5.53,1.9,,,,2.95,False,,1.8,,92.0,2026-11-04,False,False,8.0,STRONG,4.01,43.5,0.26,47.2,,,,2026-08-04T06:38:28.975399
KD,"Kyndryl Holdings, Inc.",42.7,⚠️ WEAK,🔴 Weak,USD,USD,False,True,True,1.0,"FCF declarado (2,797,499,904) se aparta del derivado de flujo operativo menos capex (340,000,000)",45.0,50.0,36.0,30.0,50.0,15.0,8.7,False,up,-69.6,False,0,0.7,False,0,"{'eps_growth_yoy': -69.6, 'positive_quarters': 4, 'earnings_accelerating': False, 'eps_accel_quarters': 0, 'profit_margin_pct': 1.3}","{'revenue_growth_yoy': 0.7, 'revenue_accelerating': False, 'rev_accel_quarters': 0}","{'rs_3m': nan, 'rs_6m': nan, 'rs_line_percentile': 8.7, 'rs_line_at_new_high': False, 'rs_line_trend': 'up', 'rs_line_score': 15}","{'roe_pct': 15.1, 'debt_to_equity': 3.84, 'current_ratio': 0.88, 'operating_margin_pct': 4.1}","{'days_to_earnings': 'N/A', 'recommendation': 'hold', 'analyst_upside_pct': -2.3}",13.92,3069599744,Technology,Information Technology Services,14.9,7.2,True,37.01,-62.4,0.0,False,13.6,15.0,13.0,5.0,hold,-2.3,186.67,1241.0,8.5,-38.9,91.14,12.69,,,,,True,-12.97,5.7,-29.2,1.0,2026-08-05,True,False,6.0,NEUTRAL,9.13,14.9,,48.0,,,,2026-08-04T06:39:05.781717
IT,"Gartner, Inc.",42.2,⚠️ WEAK,🔴 Weak,USD,USD,False,True,True,1.0,,50.0,30.0,36.0,50.0,50.0,15.0,9.0,False,down,-7.7,False,0,-10.4,False,0,"{'eps_growth_yoy': -7.7, 'positive_quarters': 4, 'earnings_accelerating': False, 'eps_accel_quarters': 0, 'profit_margin_pct': 11.4}","{'revenue_growth_yoy': -10.4, 'revenue_accelerating': False, 'rev_accel_quarters': 0}","{'rs_3m': nan, 'rs_6m': nan, 'rs_line_percentile': 9.0, 'rs_line_at_new_high': False, 'rs_line_trend': 'down', 'rs_line_score': 15}","{'roe_pct': 94.9, 'debt_to_equity': 52.93, 'current_ratio': 0.94, 'operating_margin_pct': 20.5}","{'days_to_earnings': 'N/A', 'recommendation': 'hold', 'analyst_upside_pct': 5.8}",151.53,10145219584,Technology,Information Technology Services,23.7,7.4,True,337.29,-55.1,0.0,False,160.38,203.0,120.0,13.0,hold,5.8,419.26,176.7,175.08,15.5,10.49,15.89,,,,,True,-23.29,8.5,6.9,0.0,2026-08-04,True,False,6.0,NEUTRAL,9.24,255.4,0.57,67.7,,,,2026-08-04T06:34:31.396406
GPK,Graphic Packaging Holding Compa,41.8,⚠️ WEAK,🔴 Weak,USD,USD,False,True,True,1.0,"FCF declarado (187,375,008) se aparta del derivado de flujo operativo menos capex (-20,000,000)",38.0,40.0,36.0,55.0,50.0,15.0,6.5,False,up,-141.3,False,0,-2.2,True,1,"{'eps_growth_yoy': -141.3, 'positive_quarters': 3, 'earnings_accelerating': False, 'eps_accel_quarters': 0, 'profit_margin_pct': 3.2}","{'revenue_growth_yoy': -2.2, 'revenue_accelerating': True, 'rev_accel_quarters': 1}","{'rs_3m': nan, 'rs_6m': nan, 'rs_line_percentile': 6.5, 'rs_line_at_new_high': False, 'rs_line_trend': 'up', 'rs_line_score': 15}","{'roe_pct': 8.6, 'debt_to_equity': 1.78, 'current_ratio': 1.41, 'operating_margin_pct': 4.1}","{'days_to_earnings': 'N/A', 'recommendation': 'hold', 'analyst_upside_pct': 4.0}",11.35,3358321920,Consumer Cyclical,Packaging & Containers,10.9,5.4,True,23.47,-51.6,0.0,False,11.8,18.0,9.0,11.0,hold,4.0,9.32,-17.9,9.2,-18.9,5.58,0.63,4.1,47.8,0.44,1.79,True,-2.2,2.6,,0.0,2026-08-04,True,False,5.0,NEUTRAL,8.95,12.6,0.24,38.5,,,,2026-08-04T06:38:42.292929
