ticker,company_name,fundamental_score,tier,quality,price_currency,financial_currency,fx_applied,fx_reliable,per_share_reliable,shares_price_ratio,coherence_issues,earnings_quality_score,growth_acceleration_score,relative_strength_score,financial_health_score,catalyst_timing_score,rs_line_score,rs_line_percentile,rs_line_at_new_high,rs_line_trend,eps_growth_yoy,eps_accelerating,eps_accel_quarters,rev_growth_yoy,rev_accelerating,rev_accel_quarters,earnings_details,growth_details,rs_details,health_details,catalyst_details,current_price,market_cap,sector,industry,short_percent_float,short_ratio,short_squeeze_potential,fifty_two_week_high,proximity_to_52w_high,trend_template_score,trend_template_pass,target_price_analyst,target_price_analyst_high,target_price_analyst_low,analyst_count,analyst_recommendation,analyst_upside_pct,target_price_dcf,target_price_dcf_upside_pct,target_price_pe,target_price_pe_upside_pct,fcf_yield_pct,fcf_per_share,dividend_yield_pct,payout_ratio_pct,dividend_rate,five_yr_avg_dividend_yield_pct,buyback_active,shares_change_pct,interest_coverage,analyst_revision_momentum,days_to_earnings,earnings_date,earnings_warning,earnings_catalyst,piotroski_score,piotroski_label,ebit_ev_yield,roic_greenblatt,peg_ratio,hv_30d,atm_iv,iv_ratio,iv_premium_pts,analyzed_at
CVX,Chevron Corporation,85.8,🏆 ELITE,🟢 Elite,USD,USD,False,True,True,1.0,,100.0,100.0,60.3,85.0,60.0,60.0,58.8,False,up,384.8,True,2,51.4,True,2,"{'eps_growth_yoy': 384.8, 'positive_quarters': 4, 'earnings_accelerating': True, 'eps_accel_quarters': 2, 'profit_margin_pct': 9.8}","{'revenue_growth_yoy': 51.4, 'revenue_accelerating': True, 'rev_accel_quarters': 2}","{'rs_3m': 8.3, 'rs_6m': 0.2, 'rs_line_percentile': 58.8, 'rs_line_at_new_high': False, 'rs_line_trend': 'up', 'rs_line_score': 60}","{'roe_pct': 12.2, 'debt_to_equity': 0.19, 'current_ratio': 1.25, 'operating_margin_pct': 21.9}","{'days_to_earnings': 'N/A', 'recommendation': 'buy', 'analyst_upside_pct': 3.5}",213.81,419410411520,Energy,Oil & Gas Integrated,0.8,2.0,False,215.28,-0.7,7,True,221.21,243.0,175.0,24.0,buy,3.5,474.19,121.8,317.4,48.4,5.23,11.18,3.33,67.2,7.12,3.95,True,-2.66,22.5,321.9,50.0,2026-10-30,False,False,5,NEUTRAL,4.62,9.3,0.05,17.1,0.8,0.05,-16.3,2026-09-10T10:47:49.510508
TECK,Teck Resources Limited,82.2,🏆 ELITE,🟢 Elite,USD,CAD,True,True,True,0.9845,,100.0,80.0,84.7,75.0,40.0,100.0,95.2,True,up,314.6,False,0,78.2,False,0,"{'eps_growth_yoy': 314.6, 'positive_quarters': 4, 'earnings_accelerating': False, 'eps_accel_quarters': 0, 'profit_margin_pct': 17.9}","{'revenue_growth_yoy': 78.2, 'revenue_accelerating': False, 'rev_accel_quarters': 0}","{'rs_3m': 12.2, 'rs_6m': 19.1, 'rs_line_percentile': 95.2, 'rs_line_at_new_high': True, 'rs_line_trend': 'up', 'rs_line_score': 100}","{'roe_pct': 8.7, 'debt_to_equity': 0.34, 'current_ratio': 3.12, 'operating_margin_pct': 44.1}","{'days_to_earnings': 'N/A', 'recommendation': 'hold', 'analyst_upside_pct': -22.9}",70.34,34508804096,Basic Materials,Copper,,4.0,False,72.56,-3.1,8,True,54.25,69.36,36.12,4.0,hold,-22.9,110.4,57.0,107.7,53.1,3.64,2.6,0.5,9.8,0.35,0.99,True,-0.42,6.5,129.8,42.0,2026-10-22,False,False,5,NEUTRAL,6.07,6.5,0.06,34.7,,,,2026-09-10T10:49:17.395939
CBOE,"Cboe Global Markets, Inc.",81.3,🏆 ELITE,🟢 Elite,USD,USD,False,True,True,1.0,"FCF declarado (678,249,984) se aparta del derivado de flujo operativo menos capex (1,891,800,000)",100.0,90.0,44.0,100.0,50.0,35.0,38.9,False,up,50.2,False,0,22.9,True,2,"{'eps_growth_yoy': 50.2, 'positive_quarters': 4, 'earnings_accelerating': False, 'eps_accel_quarters': 0, 'profit_margin_pct': 26.7}","{'revenue_growth_yoy': 22.9, 'revenue_accelerating': True, 'rev_accel_quarters': 2}","{'rs_3m': -8.2, 'rs_6m': -10.1, 'rs_line_percentile': 38.9, 'rs_line_at_new_high': False, 'rs_line_trend': 'up', 'rs_line_score': 35}","{'roe_pct': 26.3, 'debt_to_equity': 0.28, 'current_ratio': 1.56, 'operating_margin_pct': 34.6}","{'days_to_earnings': 'N/A', 'recommendation': 'hold', 'analyst_upside_pct': 8.0}",291.87,30480279552,Financial Services,Financial Data & Stock Exchanges,3.0,2.9,False,371.18,-21.4,4,False,315.14,356.0,258.0,14.0,hold,8.0,275.43,-5.6,382.5,31.1,2.23,6.49,1.17,22.4,3.44,1.29,True,-0.25,36.6,20.1,50.0,2026-10-30,False,False,8,STRONG,5.45,70.3,0.38,35.7,,,,2026-09-10T10:47:06.872245
MSFT,Microsoft Corporation,81.0,🏆 ELITE,🟢 Elite,USD,USD,False,True,True,1.0,"FCF declarado (16,545,500,160) se aparta del derivado de flujo operativo menos capex (66,986,994,944)",100.0,70.0,63.9,95.0,65.0,60.0,53.4,False,up,31.3,True,1,17.7,True,1,"{'eps_growth_yoy': 31.3, 'positive_quarters': 4, 'earnings_accelerating': True, 'eps_accel_quarters': 1, 'profit_margin_pct': 40.3}","{'revenue_growth_yoy': 17.7, 'revenue_accelerating': True, 'rev_accel_quarters': 1}","{'rs_3m': 18.6, 'rs_6m': 8.6, 'rs_line_percentile': 53.4, 'rs_line_at_new_high': False, 'rs_line_trend': 'up', 'rs_line_score': 60}","{'roe_pct': 34.0, 'debt_to_equity': 0.29, 'current_ratio': 1.23, 'operating_margin_pct': 45.1}","{'days_to_earnings': 'N/A', 'recommendation': 'strong_buy', 'analyst_upside_pct': 16.5}",491.65,3650769387520,Technology,Software - Infrastructure,0.9,1.9,False,553.72,-11.2,5,False,572.92,870.0,400.0,52.0,strong_buy,16.5,94.49,-80.8,535.5,8.9,0.45,2.23,0.74,19.8,3.64,0.79,True,-0.61,55.4,31.7,48.0,2026-10-28,False,False,6,NEUTRAL,4.56,44.9,0.66,22.7,,,,2026-09-10T10:42:35.478512
BRK-B,Berkshire Hathaway Inc.,79.8,⭐⭐⭐ EXCELLENT,🟢 Excellent,USD,USD,False,True,False,0.6577,"acciones × precio no cuadra con la capitalización (ratio 0.6577): el dato por acción y el precio no están en la misma unidad — típico de ADR. Los ratios por acción (EPS, FCF/acción, DCF) no son utilizables | FCF declarado (71,975,247,872) se aparta del derivado de flujo operativo menos capex (25,707",100.0,90.0,44.0,90.0,50.0,35.0,28.2,False,flat,457.6,True,1,41.5,True,1,"{'eps_growth_yoy': 457.6, 'positive_quarters': 4, 'earnings_accelerating': True, 'eps_accel_quarters': 1, 'profit_margin_pct': 22.3}","{'revenue_growth_yoy': 41.5, 'revenue_accelerating': True, 'rev_accel_quarters': 1}","{'rs_3m': -0.6, 'rs_6m': -10.7, 'rs_line_percentile': 28.2, 'rs_line_at_new_high': False, 'rs_line_trend': 'flat', 'rs_line_score': 35}","{'roe_pct': 12.1, 'debt_to_equity': 0.17, 'current_ratio': 2.89, 'operating_margin_pct': 32.6}","{'days_to_earnings': 'N/A', 'recommendation': 'none', 'analyst_upside_pct': 8.1}",506.72,1084740468736,Financial Services,Insurance - Diversified,1.0,2.3,False,537.74,-5.8,5,False,547.67,604.0,510.0,3.0,none,8.1,,,,,6.64,51.12,,,,,True,-0.41,18.5,53.9,58.0,2026-11-07,False,False,4,NEUTRAL,,,0.21,13.5,,,,2026-09-10T10:45:01.855746
WST,"West Pharmaceutical Services, Inc.",79.0,⭐⭐⭐ EXCELLENT,🟢 Excellent,USD,USD,False,True,True,1.0,"FCF declarado (277,937,504) se aparta del derivado de flujo operativo menos capex (376,300,000)",100.0,60.0,66.0,95.0,65.0,60.0,68.6,False,down,16.8,True,2,13.8,False,0,"{'eps_growth_yoy': 16.8, 'positive_quarters': 4, 'earnings_accelerating': True, 'eps_accel_quarters': 2, 'profit_margin_pct': 17.0}","{'revenue_growth_yoy': 13.8, 'revenue_accelerating': False, 'rev_accel_quarters': 0}","{'rs_3m': -3.5, 'rs_6m': 28.3, 'rs_line_percentile': 68.6, 'rs_line_at_new_high': False, 'rs_line_trend': 'down', 'rs_line_score': 60}","{'roe_pct': 19.1, 'debt_to_equity': 0.11, 'current_ratio': 2.82, 'operating_margin_pct': 22.5}","{'days_to_earnings': 'N/A', 'recommendation': 'strong_buy', 'analyst_upside_pct': 20.1}",336.94,23712409600,Healthcare,Medical Instruments & Supplies,3.5,2.8,False,386.0,-12.7,6,False,404.73,459.0,340.0,15.0,strong_buy,20.1,107.46,-68.1,141.54,-58.0,1.17,3.95,0.26,11.1,0.88,0.25,True,-1.93,155.1,18.1,42.0,2026-10-22,False,False,7,NEUTRAL,2.55,19.0,1.87,16.2,0.8,0.05,-15.4,2026-09-10T10:44:24.431412
THC,Tenet Healthcare Corporation,78.4,⭐⭐⭐ EXCELLENT,🟢 Excellent,USD,USD,False,True,True,1.0,"FCF declarado (2,247,875,072) se aparta del derivado de flujo operativo menos capex (3,005,000,064)",100.0,60.0,80.6,75.0,60.0,95.0,91.0,False,up,186.8,False,0,14.6,False,0,"{'eps_growth_yoy': 186.8, 'positive_quarters': 4, 'earnings_accelerating': False, 'eps_accel_quarters': 0, 'profit_margin_pct': 10.3}","{'revenue_growth_yoy': 14.6, 'revenue_accelerating': False, 'rev_accel_quarters': 0}","{'rs_3m': 57.9, 'rs_6m': 1.4, 'rs_line_percentile': 91.0, 'rs_line_at_new_high': False, 'rs_line_trend': 'up', 'rs_line_score': 95}","{'roe_pct': 37.3, 'debt_to_equity': 1.52, 'current_ratio': 1.41, 'operating_margin_pct': 18.2}","{'days_to_earnings': 'N/A', 'recommendation': 'strong_buy', 'analyst_upside_pct': 6.0}",269.08,21666052096,Healthcare,Medical Care Facilities,3.7,1.9,False,283.05,-4.9,8,True,285.1,315.0,260.0,21.0,strong_buy,6.0,1183.92,340.0,775.8,188.3,10.38,27.92,,,,2.75,True,-7.62,5.7,213.4,47.0,2026-10-27,False,False,6,NEUTRAL,9.84,33.4,0.06,29.7,0.4,0.01,-29.3,2026-09-10T10:49:10.543395
NUE,Nucor Corporation,77.8,⭐⭐⭐ EXCELLENT,🟢 Excellent,USD,USD,False,True,True,1.0,"FCF declarado (683,374,976) se aparta del derivado de flujo operativo menos capex (1,002,000,000)",95.0,70.0,74.0,80.0,50.0,80.0,87.1,False,up,91.7,False,0,23.0,False,0,"{'eps_growth_yoy': 91.7, 'positive_quarters': 4, 'earnings_accelerating': False, 'eps_accel_quarters': 0, 'profit_margin_pct': 8.0}","{'revenue_growth_yoy': 23.0, 'revenue_accelerating': False, 'rev_accel_quarters': 0}","{'rs_3m': -2.2, 'rs_6m': 37.7, 'rs_line_percentile': 87.1, 'rs_line_at_new_high': False, 'rs_line_trend': 'up', 'rs_line_score': 80}","{'roe_pct': 14.5, 'debt_to_equity': 0.31, 'current_ratio': 2.51, 'operating_margin_pct': 15.7}","{'days_to_earnings': 'N/A', 'recommendation': 'none', 'analyst_upside_pct': 9.7}",257.91,58513506304,Basic Materials,Steel,2.1,2.6,False,280.11,-7.9,8,True,282.81,305.0,231.0,16.0,none,9.7,127.74,-50.5,378.3,46.7,1.17,3.01,0.87,17.8,2.24,1.41,True,-1.15,29.3,46.9,46.0,2026-10-26,False,False,6,NEUTRAL,4.27,11.9,0.14,34.4,0.8,0.02,-33.6,2026-09-10T10:48:27.687214
OXY,Occidental Petroleum Corporation,77.3,⭐⭐⭐ EXCELLENT,🟢 Excellent,USD,USD,False,True,True,1.0,,100.0,80.0,46.7,80.0,60.0,35.0,48.9,False,up,808.8,True,2,53.4,False,0,"{'eps_growth_yoy': 808.8, 'positive_quarters': 3, 'earnings_accelerating': True, 'eps_accel_quarters': 2, 'profit_margin_pct': 30.3}","{'revenue_growth_yoy': 53.4, 'revenue_accelerating': False, 'rev_accel_quarters': 0}","{'rs_3m': 2.0, 'rs_6m': -2.5, 'rs_line_percentile': 48.9, 'rs_line_at_new_high': False, 'rs_line_trend': 'up', 'rs_line_score': 35}","{'roe_pct': 10.6, 'debt_to_equity': 0.35, 'current_ratio': 1.41, 'operating_margin_pct': 45.4}","{'days_to_earnings': 'N/A', 'recommendation': 'buy', 'analyst_upside_pct': 9.4}",61.3,61277769728,Energy,Oil & Gas E&P,0.0,0.0,False,67.45,-9.1,7,True,67.08,79.0,55.0,24.0,buy,9.4,160.71,162.2,102.9,67.9,6.18,3.79,1.83,29.5,1.12,1.14,True,-0.19,6.2,675.4,60.0,2026-11-09,False,False,4,NEUTRAL,5.12,6.4,0.02,20.6,,,,2026-09-10T10:47:37.427539
VEEV,Veeva Systems Inc.,77.2,⭐⭐⭐ EXCELLENT,🟢 Excellent,USD,USD,False,True,True,1.0,,95.0,60.0,75.0,85.0,60.0,60.0,53.4,False,up,36.5,False,0,17.6,False,0,"{'eps_growth_yoy': 36.5, 'positive_quarters': 4, 'earnings_accelerating': False, 'eps_accel_quarters': 0, 'profit_margin_pct': 29.3}","{'revenue_growth_yoy': 17.6, 'revenue_accelerating': False, 'rev_accel_quarters': 0}","{'rs_3m': 53.9, 'rs_6m': 26.1, 'rs_line_percentile': 53.4, 'rs_line_at_new_high': False, 'rs_line_trend': 'up', 'rs_line_score': 60}","{'roe_pct': 14.4, 'debt_to_equity': 0.02, 'current_ratio': 5.46, 'operating_margin_pct': 29.6}","{'days_to_earnings': 'N/A', 'recommendation': 'buy', 'analyst_upside_pct': 14.0}",260.8,42225823744,Healthcare,Health Information Services,4.0,3.5,False,310.5,-16.0,5,False,297.3,350.0,180.0,27.0,buy,14.0,329.43,26.3,180.0,-31.0,2.98,7.77,,,,,True,-1.12,,27.6,76.0,2026-11-25,False,False,7,NEUTRAL,2.61,14.1,0.64,64.8,,,,2026-09-10T10:43:43.224513
RACE,Ferrari N.V.,76.8,⭐⭐⭐ EXCELLENT,🟢 Excellent,USD,EUR,True,True,True,1.0,"FCF declarado (1,165,095,028) se aparta del derivado de flujo operativo menos capex (1,855,854,495)",95.0,70.0,53.9,90.0,65.0,35.0,29.2,False,up,9.0,True,2,8.4,True,2,"{'eps_growth_yoy': 9.0, 'positive_quarters': 4, 'earnings_accelerating': True, 'eps_accel_quarters': 2, 'profit_margin_pct': 22.2}","{'revenue_growth_yoy': 8.4, 'revenue_accelerating': True, 'rev_accel_quarters': 2}","{'rs_3m': 10.7, 'rs_6m': 6.2, 'rs_line_percentile': 29.2, 'rs_line_at_new_high': False, 'rs_line_trend': 'up', 'rs_line_score': 35}","{'roe_pct': 45.4, 'debt_to_equity': 0.86, 'current_ratio': 2.43, 'operating_margin_pct': 31.1}","{'days_to_earnings': 'N/A', 'recommendation': 'strong_buy', 'analyst_upside_pct': 16.1}",402.33,70670245888,Consumer Cyclical,Auto Manufacturers,2.7,6.8,False,504.49,-20.3,6,False,467.3,534.88,417.26,14.0,strong_buy,16.1,131.3,-67.4,108.68,-73.0,1.65,6.63,1.05,39.0,4.23,0.69,True,-1.13,63.9,10.1,54.0,2026-11-03,False,False,9,STRONG,2.9,46.9,3.12,25.0,,,,2026-09-10T10:44:50.706022
G24.DE,Scout24 SE,76.8,⭐⭐⭐ EXCELLENT,🟢 Excellent,EUR,EUR,False,True,True,1.0,,100.0,80.0,50.0,65.0,70.0,,,,,26.3,True,1,22.3,True,1,"{'eps_growth_yoy': 26.3, 'positive_quarters': 4, 'earnings_accelerating': True, 'eps_accel_quarters': 1, 'profit_margin_pct': 40.2}","{'revenue_growth_yoy': 22.3, 'revenue_accelerating': True, 'rev_accel_quarters': 1}","{'rs_3m': -8.6, 'rs_6m': -9.5}","{'roe_pct': 22.8, 'debt_to_equity': 0.59, 'current_ratio': 0.23, 'operating_margin_pct': 44.9}","{'days_to_earnings': 'N/A', 'recommendation': 'buy', 'analyst_upside_pct': 45.2}",72.9,5076772864,Communication Services,Internet Content & Information,,,False,112.5,-35.2,1,False,105.85,140.0,80.0,18.0,buy,45.2,159.71,119.1,119.1,63.4,5.17,3.77,2.01,37.8,1.5,1.53,,,28.2,66.7,55.0,2026-11-04,False,False,6,NEUTRAL,4.95,635.9,0.23,30.3,,,,2026-09-10T10:47:30.067733
CDNS,"Cadence Design Systems, Inc.",75.9,⭐⭐⭐ EXCELLENT,🟢 Excellent,USD,USD,False,True,True,1.0,,100.0,80.0,27.0,90.0,70.0,15.0,1.2,False,down,129.3,True,1,24.2,True,1,"{'eps_growth_yoy': 129.3, 'positive_quarters': 4, 'earnings_accelerating': True, 'eps_accel_quarters': 1, 'profit_margin_pct': 23.6}","{'revenue_growth_yoy': 24.2, 'revenue_accelerating': True, 'rev_accel_quarters': 1}","{'rs_3m': -31.5, 'rs_6m': -16.6, 'rs_line_percentile': 1.2, 'rs_line_at_new_high': False, 'rs_line_trend': 'down', 'rs_line_score': 15}","{'roe_pct': 23.2, 'debt_to_equity': 0.39, 'current_ratio': 1.74, 'operating_margin_pct': 28.6}","{'days_to_earnings': 'N/A', 'recommendation': 'strong_buy', 'analyst_upside_pct': 41.6}",284.6,78376845312,Technology,Software - Application,1.6,1.9,False,416.69,-31.7,2,False,403.12,470.0,300.0,27.0,strong_buy,41.6,247.88,-12.9,151.2,-46.9,2.05,5.85,,,,,True,-1.3,15.6,125.4,46.0,2026-10-26,False,False,7,NEUTRAL,2.06,44.0,0.24,41.2,,,,2026-09-10T10:45:28.139807
COF,Capital One Financial Corporation,74.8,⭐⭐⭐ EXCELLENT,🟢 Excellent,USD,USD,False,True,True,1.0,,95.0,80.0,53.9,60.0,65.0,35.0,30.5,False,up,,True,2,26.9,True,1,"{'positive_quarters': 4, 'earnings_accelerating': True, 'eps_accel_quarters': 2, 'profit_margin_pct': 21.9}","{'revenue_growth_yoy': 26.9, 'revenue_accelerating': True, 'rev_accel_quarters': 1}","{'rs_3m': 13.8, 'rs_6m': 3.4, 'rs_line_percentile': 30.5, 'rs_line_at_new_high': False, 'rs_line_trend': 'up', 'rs_line_score': 35}","{'roe_pct': 9.0, 'operating_margin_pct': 33.6}","{'days_to_earnings': 'N/A', 'recommendation': 'buy', 'analyst_upside_pct': 22.5}",210.86,129359421440,Financial Services,Credit Services,2.0,2.7,False,259.64,-18.8,4,False,258.27,300.0,214.0,22.0,buy,22.5,1806.97,757.0,536.4,154.4,20.21,42.61,1.52,16.5,3.2,1.69,True,-7.03,,,40.0,2026-10-20,False,False,5,NEUTRAL,,,0.49,25.6,,,,2026-09-10T10:47:45.216465
AME,"AMETEK, Inc.",74.6,⭐⭐⭐ EXCELLENT,🟢 Excellent,USD,USD,False,True,True,1.0,,95.0,70.0,46.7,85.0,65.0,35.0,49.0,False,down,13.5,True,1,15.0,True,1,"{'eps_growth_yoy': 13.5, 'positive_quarters': 4, 'earnings_accelerating': True, 'eps_accel_quarters': 1, 'profit_margin_pct': 20.0}","{'revenue_growth_yoy': 15.0, 'revenue_accelerating': True, 'rev_accel_quarters': 1}","{'rs_3m': 1.3, 'rs_6m': -7.7, 'rs_line_percentile': 49.0, 'rs_line_at_new_high': False, 'rs_line_trend': 'down', 'rs_line_score': 35}","{'roe_pct': 14.6, 'debt_to_equity': 0.21, 'current_ratio': 1.21, 'operating_margin_pct': 26.2}","{'days_to_earnings': 'N/A', 'recommendation': 'buy', 'analyst_upside_pct': 17.6}",236.27,54167556096,Industrials,Specialty Industrial Machinery,1.5,2.5,False,261.16,-9.5,6,False,277.78,316.0,217.0,18.0,buy,17.6,151.97,-35.7,96.56,-59.1,2.75,6.51,0.58,19.0,1.36,0.62,True,-0.82,20.8,14.2,49.0,2026-10-29,False,False,6,NEUTRAL,3.36,144.0,1.74,20.7,1.6,0.08,-19.1,2026-09-10T10:46:24.786180
TT,Trane Technologies plc,74.3,⭐⭐⭐ EXCELLENT,🟢 Excellent,USD,USD,False,True,True,1.0,,90.0,80.0,44.0,80.0,65.0,35.0,26.3,False,down,7.3,True,2,10.6,True,2,"{'eps_growth_yoy': 7.3, 'positive_quarters': 4, 'earnings_accelerating': True, 'eps_accel_quarters': 2, 'profit_margin_pct': 13.3}","{'revenue_growth_yoy': 10.6, 'revenue_accelerating': True, 'rev_accel_quarters': 2}","{'rs_3m': -6.2, 'rs_6m': -10.1, 'rs_line_percentile': 26.3, 'rs_line_at_new_high': False, 'rs_line_trend': 'down', 'rs_line_score': 35}","{'roe_pct': 36.6, 'debt_to_equity': 0.53, 'current_ratio': 1.07, 'operating_margin_pct': 19.3}","{'days_to_earnings': 'N/A', 'recommendation': 'buy', 'analyst_upside_pct': 18.6}",444.17,97727700992,Industrials,Building Products & Equipment,1.3,2.2,False,505.87,-12.2,4,False,526.99,575.0,422.0,21.0,buy,18.6,248.18,-44.1,133.7,-69.9,3.19,14.19,0.94,29.7,4.2,1.19,True,-1.39,18.0,5.0,49.0,2026-10-29,False,False,9,STRONG,3.86,102.0,3.57,18.4,,,,2026-09-10T10:45:58.352422
SAP,SAP SE,73.6,⭐⭐⭐ EXCELLENT,🟢 Excellent,USD,EUR,True,True,True,1.0,,95.0,60.0,50.3,90.0,65.0,35.0,35.2,False,up,28.5,False,0,9.4,True,1,"{'eps_growth_yoy': 28.5, 'positive_quarters': 4, 'earnings_accelerating': False, 'eps_accel_quarters': 0, 'profit_margin_pct': 20.4}","{'revenue_growth_yoy': 9.4, 'revenue_accelerating': True, 'rev_accel_quarters': 1}","{'rs_3m': 17.4, 'rs_6m': -2.1, 'rs_line_percentile': 35.2, 'rs_line_at_new_high': False, 'rs_line_trend': 'up', 'rs_line_score': 35}","{'roe_pct': 18.3, 'debt_to_equity': 0.22, 'current_ratio': 1.15, 'operating_margin_pct': 27.6}","{'days_to_earnings': 'N/A', 'recommendation': 'buy', 'analyst_upside_pct': 18.2}",209.14,241390288896,Technology,Software - Application,0.7,2.3,False,281.37,-25.7,3,False,247.25,319.0,177.0,12.0,buy,18.2,388.39,85.7,230.4,10.2,4.38,9.16,1.4,37.5,2.93,1.48,True,-1.2,20.7,30.6,41.0,2026-10-21,False,False,8,STRONG,0.32,146.7,0.71,32.4,0.8,0.02,-31.6,2026-09-10T10:44:54.634344
HEI,HEICO Corporation,73.3,⭐⭐⭐ EXCELLENT,🟢 Excellent,USD,USD,False,True,False,0.3953,"acciones × precio no cuadra con la capitalización (ratio 0.3953): el dato por acción y el precio no están en la misma unidad — típico de ADR. Los ratios por acción (EPS, FCF/acción, DCF) no son utilizables",90.0,70.0,44.0,90.0,65.0,35.0,27.6,False,down,32.8,False,0,23.1,False,0,"{'eps_growth_yoy': 32.8, 'positive_quarters': 4, 'earnings_accelerating': False, 'eps_accel_quarters': 0, 'profit_margin_pct': 16.4}","{'revenue_growth_yoy': 23.1, 'revenue_accelerating': False, 'rev_accel_quarters': 0}","{'rs_3m': -8.0, 'rs_6m': -11.5, 'rs_line_percentile': 27.6, 'rs_line_at_new_high': False, 'rs_line_trend': 'down', 'rs_line_score': 35}","{'roe_pct': 17.7, 'debt_to_equity': 0.45, 'current_ratio': 2.72, 'operating_margin_pct': 25.1}","{'days_to_earnings': 'N/A', 'recommendation': 'buy', 'analyst_upside_pct': 27.0}",312.32,43649036288,Industrials,Aerospace & Defense,1.4,1.7,False,376.86,-17.1,3,False,396.55,491.0,294.0,20.0,buy,27.0,,,,,1.94,15.3,0.08,4.2,0.25,0.1,False,,9.4,32.5,98.0,2026-12-17,False,False,8,STRONG,2.19,52.3,1.33,21.7,3.1,0.14,-18.6,2026-09-10T10:45:17.131294
KO,The Coca-Cola Company,73.1,⭐⭐⭐ EXCELLENT,🟢 Excellent,USD,USD,False,True,True,1.0,"FCF declarado (5,218,749,952) se aparta del derivado de flujo operativo menos capex (14,229,999,616)",85.0,70.0,60.3,80.0,60.0,60.0,70.9,False,up,16.1,False,0,6.7,True,2,"{'eps_growth_yoy': 16.1, 'positive_quarters': 4, 'earnings_accelerating': False, 'eps_accel_quarters': 0, 'profit_margin_pct': 28.6}","{'revenue_growth_yoy': 6.7, 'revenue_accelerating': True, 'rev_accel_quarters': 2}","{'rs_3m': 0.0, 'rs_6m': 1.0, 'rs_line_percentile': 70.9, 'rs_line_at_new_high': False, 'rs_line_trend': 'up', 'rs_line_score': 60}","{'roe_pct': 42.1, 'debt_to_equity': 1.16, 'current_ratio': 1.3, 'operating_margin_pct': 34.9}","{'days_to_earnings': 'N/A', 'recommendation': 'buy', 'analyst_upside_pct': 8.2}",87.55,376688181248,Consumer Defensive,Beverages - Non-Alcoholic,0.9,2.4,False,92.49,-5.3,8,True,94.7,104.0,75.0,23.0,buy,8.2,31.5,-64.0,55.77,-36.3,1.39,1.21,2.42,62.5,2.12,2.86,True,-0.25,12.0,16.9,40.0,2026-10-20,False,False,7,NEUTRAL,4.34,91.1,1.47,15.6,0.8,0.05,-14.8,2026-09-10T10:42:39.469794
CTAS,Cintas Corporation,73.1,⭐⭐⭐ EXCELLENT,🟢 Excellent,USD,USD,False,True,True,1.0,,100.0,60.0,46.7,85.0,60.0,35.0,46.6,False,up,14.0,True,2,8.9,True,1,"{'eps_growth_yoy': 14.0, 'positive_quarters': 4, 'earnings_accelerating': True, 'eps_accel_quarters': 2, 'profit_margin_pct': 17.8}","{'revenue_growth_yoy': 8.9, 'revenue_accelerating': True, 'rev_accel_quarters': 1}","{'rs_3m': 5.8, 'rs_6m': -11.9, 'rs_line_percentile': 46.6, 'rs_line_at_new_high': False, 'rs_line_trend': 'up', 'rs_line_score': 35}","{'roe_pct': 40.7, 'debt_to_equity': 0.53, 'current_ratio': 1.43, 'operating_margin_pct': 23.7}","{'days_to_earnings': 'N/A', 'recommendation': 'buy', 'analyst_upside_pct': 8.1}",200.04,80049913856,Industrials,Specialty Business Services,3.5,4.2,False,219.17,-8.7,5,False,216.31,250.0,175.0,16.0,buy,8.1,90.31,-54.9,76.44,-61.8,1.83,3.66,1.04,36.7,2.08,0.88,True,-1.19,24.6,10.9,13.0,2026-09-23,False,True,8,STRONG,3.17,82.2,2.1,16.0,,,,2026-09-10T10:41:24.499412
INTU,Intuit Inc.,73.1,⭐⭐⭐ EXCELLENT,🟢 Excellent,USD,USD,False,True,True,1.0,"FCF declarado (6,438,624,768) se aparta del derivado de flujo operativo menos capex (8,713,999,616)",95.0,80.0,26.7,85.0,65.0,15.0,9.5,False,up,8.7,True,2,10.4,True,2,"{'eps_growth_yoy': 8.7, 'positive_quarters': 4, 'earnings_accelerating': True, 'eps_accel_quarters': 2, 'profit_margin_pct': 21.3}","{'revenue_growth_yoy': 10.4, 'revenue_accelerating': True, 'rev_accel_quarters': 2}","{'rs_3m': 5.6, 'rs_6m': -41.5, 'rs_line_percentile': 9.5, 'rs_line_at_new_high': False, 'rs_line_trend': 'up', 'rs_line_score': 15}","{'roe_pct': 23.6, 'debt_to_equity': 0.44, 'current_ratio': 1.51, 'operating_margin_pct': 17.6}","{'days_to_earnings': 'N/A', 'recommendation': 'buy', 'analyst_upside_pct': 29.2}",313.94,85874204672,Technology,Software - Application,3.8,2.4,False,705.08,-55.5,0,False,405.6,732.0,290.0,31.0,buy,29.2,346.35,10.3,162.0,-48.4,7.5,23.54,1.76,29.2,5.52,0.68,True,-4.76,30.4,-0.6,70.0,2026-11-19,False,False,9,STRONG,5.87,97.0,,47.9,0.4,0.01,-47.5,2026-09-10T10:42:51.060546
DSGX,The Descartes Systems Group Inc.,72.7,⭐⭐⭐ EXCELLENT,🟢 Excellent,USD,USD,False,True,True,1.0,,100.0,60.0,36.0,90.0,70.0,15.0,9.7,False,up,33.7,True,1,14.7,False,0,"{'eps_growth_yoy': 33.7, 'positive_quarters': 4, 'earnings_accelerating': True, 'eps_accel_quarters': 1, 'profit_margin_pct': 23.3}","{'revenue_growth_yoy': 14.7, 'revenue_accelerating': False, 'rev_accel_quarters': 0}","{'rs_3m': -6.0, 'rs_6m': -7.0, 'rs_line_percentile': 9.7, 'rs_line_at_new_high': False, 'rs_line_trend': 'up', 'rs_line_score': 15}","{'roe_pct': 11.4, 'debt_to_equity': 0.0, 'current_ratio': 2.05, 'operating_margin_pct': 32.9}","{'days_to_earnings': 'N/A', 'recommendation': 'buy', 'analyst_upside_pct': 36.5}",73.44,6293134336,Technology,Software - Application,,5.7,False,107.52,-31.7,0,False,100.23,126.0,82.0,13.0,buy,36.5,132.77,80.8,58.5,-20.3,4.26,3.13,,,,,True,-0.33,243.4,34.1,0.0,2026-09-10,True,False,6,NEUTRAL,3.67,77.7,0.67,33.5,1.6,0.05,-31.9,2026-09-10T10:44:35.794639
NDAQ,"Nasdaq, Inc.",72.6,⭐⭐⭐ EXCELLENT,🟢 Excellent,USD,USD,False,True,True,1.0,,85.0,80.0,46.7,75.0,65.0,35.0,47.2,False,up,12.2,False,0,20.5,True,1,"{'eps_growth_yoy': 12.2, 'positive_quarters': 4, 'earnings_accelerating': False, 'eps_accel_quarters': 0, 'profit_margin_pct': 35.0}","{'revenue_growth_yoy': 20.5, 'revenue_accelerating': True, 'rev_accel_quarters': 1}","{'rs_3m': 3.7, 'rs_6m': -2.4, 'rs_line_percentile': 47.2, 'rs_line_at_new_high': False, 'rs_line_trend': 'up', 'rs_line_score': 35}","{'roe_pct': 16.5, 'debt_to_equity': 0.78, 'current_ratio': 1.01, 'operating_margin_pct': 49.3}","{'days_to_earnings': 'N/A', 'recommendation': 'buy', 'analyst_upside_pct': 16.6}",94.22,52666847232,Financial Services,Financial Data & Stock Exchanges,2.4,2.6,False,101.79,-7.4,5,False,109.87,135.0,84.0,15.0,buy,16.6,70.38,-25.3,47.94,-49.1,3.21,3.03,1.23,32.7,1.16,1.29,True,-2.48,8.3,14.1,42.0,2026-10-22,False,False,9,STRONG,4.07,205.3,1.43,19.8,,,,2026-09-10T10:45:50.630692
HHH,Howard Hughes Holdings Inc.,72.5,⭐⭐⭐ EXCELLENT,🟢 Excellent,USD,USD,False,True,True,1.0,"FCF declarado (-1,133,985,280) se aparta del derivado de flujo operativo menos capex (783,653,000)",90.0,90.0,36.0,65.0,60.0,15.0,0.3,False,down,,True,2,330.2,True,1,"{'positive_quarters': 4, 'earnings_accelerating': True, 'eps_accel_quarters': 2, 'profit_margin_pct': 12.3}","{'revenue_growth_yoy': 330.2, 'revenue_accelerating': True, 'rev_accel_quarters': 1}","{'rs_3m': -10.7, 'rs_6m': -14.5, 'rs_line_percentile': 0.3, 'rs_line_at_new_high': False, 'rs_line_trend': 'down', 'rs_line_score': 15}","{'roe_pct': 7.5, 'debt_to_equity': 1.35, 'current_ratio': 3.48, 'operating_margin_pct': 28.4}","{'days_to_earnings': 'N/A', 'recommendation': 'none', 'analyst_upside_pct': 42.9}",62.75,3747494912,Real Estate,Real Estate - Development,9.8,7.7,True,91.07,-31.1,0,False,89.67,100.0,79.0,3.0,none,42.9,,,148.8,137.1,-30.26,-18.99,,,,,False,,3.2,,60.0,2026-11-09,False,False,6,NEUTRAL,5.04,14.6,,23.6,3.1,0.13,-20.5,2026-09-10T10:48:58.648014
MA,Mastercard Incorporated,72.3,⭐⭐⭐ EXCELLENT,🟢 Excellent,USD,USD,False,True,True,0.9925,,95.0,70.0,50.3,65.0,65.0,35.0,41.4,False,up,18.6,True,1,14.1,True,1,"{'eps_growth_yoy': 18.6, 'positive_quarters': 4, 'earnings_accelerating': True, 'eps_accel_quarters': 1, 'profit_margin_pct': 46.3}","{'revenue_growth_yoy': 14.1, 'revenue_accelerating': True, 'rev_accel_quarters': 1}","{'rs_3m': 10.9, 'rs_6m': -0.3, 'rs_line_percentile': 41.4, 'rs_line_at_new_high': False, 'rs_line_trend': 'up', 'rs_line_score': 35}","{'roe_pct': 241.2, 'debt_to_equity': 4.4, 'current_ratio': 1.06, 'operating_margin_pct': 61.1}","{'days_to_earnings': 'N/A', 'recommendation': 'strong_buy', 'analyst_upside_pct': 18.2}",567.5,497135616000,Financial Services,Credit Services,0.8,2.4,False,601.62,-5.7,5,False,670.92,740.0,550.0,37.0,strong_buy,18.2,618.54,9.0,398.91,-29.7,3.41,19.51,0.61,17.9,3.48,0.55,True,-3.18,28.0,22.1,49.0,2026-10-29,False,False,9,STRONG,3.78,622.8,1.12,19.6,,,,2026-09-10T10:42:02.676577
EQIX,"Equinix, Inc.",72.3,⭐⭐⭐ EXCELLENT,🟢 Excellent,USD,USD,False,True,True,1.0,"FCF declarado (3,776,000,000) se aparta del derivado de flujo operativo menos capex (-368,999,872)",90.0,70.0,54.0,70.0,65.0,60.0,61.7,False,flat,30.2,False,0,16.4,True,1,"{'eps_growth_yoy': 30.2, 'positive_quarters': 4, 'earnings_accelerating': False, 'eps_accel_quarters': 0, 'profit_margin_pct': 15.5}","{'revenue_growth_yoy': 16.4, 'revenue_accelerating': True, 'rev_accel_quarters': 1}","{'rs_3m': -4.4, 'rs_6m': -5.1, 'rs_line_percentile': 61.7, 'rs_line_at_new_high': False, 'rs_line_trend': 'flat', 'rs_line_score': 60}","{'roe_pct': 10.7, 'debt_to_equity': 1.62, 'current_ratio': 1.13, 'operating_margin_pct': 27.0}","{'days_to_earnings': 'N/A', 'recommendation': 'buy', 'analyst_upside_pct': 18.4}",1043.06,102920495104,Real Estate,REIT - Specialty,1.9,2.8,False,1128.68,-7.6,7,True,1234.72,1400.0,1060.0,29.0,buy,18.4,1554.22,49.0,447.55,-57.1,3.67,38.27,1.98,126.8,20.64,1.86,False,,4.0,28.8,48.0,2026-10-28,False,False,6,NEUTRAL,1.62,7.8,1.94,24.5,,,,2026-09-10T10:46:17.535787
TMO,Thermo Fisher Scientific Inc.,72.1,⭐⭐⭐ EXCELLENT,🟢 Excellent,USD,USD,False,True,True,1.0,,80.0,70.0,66.6,75.0,60.0,60.0,59.4,False,up,7.4,True,1,10.5,True,1,"{'eps_growth_yoy': 7.4, 'positive_quarters': 4, 'earnings_accelerating': True, 'eps_accel_quarters': 1, 'profit_margin_pct': 15.0}","{'revenue_growth_yoy': 10.5, 'revenue_accelerating': True, 'rev_accel_quarters': 1}","{'rs_3m': 20.4, 'rs_6m': 9.1, 'rs_line_percentile': 59.4, 'rs_line_at_new_high': False, 'rs_line_trend': 'up', 'rs_line_score': 60}","{'roe_pct': 13.5, 'debt_to_equity': 0.81, 'current_ratio': 1.55, 'operating_margin_pct': 18.8}","{'days_to_earnings': 'N/A', 'recommendation': 'buy', 'analyst_upside_pct': 5.4}",605.69,223952240640,Healthcare,Diagnostics & Research,1.3,2.2,False,647.0,-6.4,6,False,638.11,750.0,520.0,27.0,buy,5.4,324.49,-46.4,186.6,-69.2,2.79,16.87,0.31,9.7,1.88,0.26,True,-2.23,6.2,9.4,41.0,2026-10-21,False,False,5,NEUTRAL,3.32,36.2,2.34,24.1,0.8,0.03,-23.3,2026-09-10T10:43:17.164227
BAC,Bank of America Corporation,72.1,⭐⭐⭐ EXCELLENT,🟢 Excellent,USD,USD,False,True,True,1.0,,95.0,50.0,76.7,65.0,60.0,80.0,89.5,False,up,16.6,True,1,7.2,False,0,"{'eps_growth_yoy': 16.6, 'positive_quarters': 4, 'earnings_accelerating': True, 'eps_accel_quarters': 1, 'profit_margin_pct': 29.5}","{'revenue_growth_yoy': 7.2, 'revenue_accelerating': False, 'rev_accel_quarters': 0}","{'rs_3m': 10.1, 'rs_6m': 17.2, 'rs_line_percentile': 89.5, 'rs_line_at_new_high': False, 'rs_line_trend': 'up', 'rs_line_score': 80}","{'roe_pct': 11.2, 'operating_margin_pct': 38.3}","{'days_to_earnings': 'N/A', 'recommendation': 'buy', 'analyst_upside_pct': 10.1}",62.67,438235529216,Financial Services,Banks - Diversified,0.0,0.0,False,65.23,-3.9,8,True,69.0,79.0,62.0,22.0,buy,10.1,76.49,22.1,130.5,108.2,2.88,1.8,2.04,25.9,1.28,2.35,True,-5.74,,34.1,34.0,2026-10-14,False,False,5,NEUTRAL,,,0.35,16.4,0.8,0.05,-15.6,2026-09-10T10:47:41.456748
IDXX,"IDEXX Laboratories, Inc.",72.0,⭐⭐⭐ EXCELLENT,🟢 Excellent,USD,USD,False,True,True,1.0,"FCF declarado (909,368,384) se aparta del derivado de flujo operativo menos capex (1,233,284,016)",100.0,70.0,24.0,85.0,70.0,15.0,0.0,False,down,15.1,True,2,9.7,True,2,"{'eps_growth_yoy': 15.1, 'positive_quarters': 4, 'earnings_accelerating': True, 'eps_accel_quarters': 2, 'profit_margin_pct': 25.0}","{'revenue_growth_yoy': 9.7, 'revenue_accelerating': True, 'rev_accel_quarters': 2}","{'rs_3m': -12.9, 'rs_6m': -27.5, 'rs_line_percentile': 0.0, 'rs_line_at_new_high': False, 'rs_line_trend': 'down', 'rs_line_score': 15}","{'roe_pct': 74.2, 'debt_to_equity': 0.68, 'current_ratio': 1.17, 'operating_margin_pct': 35.0}","{'days_to_earnings': 'N/A', 'recommendation': 'buy', 'analyst_upside_pct': 35.7}",515.15,40584097792,Healthcare,Diagnostics & Research,2.8,3.1,False,769.98,-33.1,0,False,698.92,805.0,470.0,13.0,buy,35.7,308.05,-40.2,248.51,-51.8,2.24,11.54,,,,,True,-2.9,38.7,12.3,53.0,2026-11-02,False,False,8,STRONG,3.29,120.0,1.75,26.2,0.8,0.03,-25.4,2026-09-10T10:43:02.473387
NDSN,Nordson Corporation,71.8,⭐⭐⭐ EXCELLENT,🟢 Excellent,USD,USD,False,True,True,1.0,,90.0,60.0,60.3,85.0,50.0,60.0,73.7,False,flat,21.5,True,1,10.3,False,0,"{'eps_growth_yoy': 21.5, 'positive_quarters': 4, 'earnings_accelerating': True, 'eps_accel_quarters': 1, 'profit_margin_pct': 18.6}","{'revenue_growth_yoy': 10.3, 'revenue_accelerating': False, 'rev_accel_quarters': 0}","{'rs_3m': 7.6, 'rs_6m': 2.1, 'rs_line_percentile': 73.7, 'rs_line_at_new_high': False, 'rs_line_trend': 'flat', 'rs_line_score': 60}","{'roe_pct': 17.8, 'debt_to_equity': 0.56, 'current_ratio': 1.82, 'operating_margin_pct': 27.4}","{'days_to_earnings': 'N/A', 'recommendation': 'none', 'analyst_upside_pct': 11.4}",313.94,17486260224,Industrials,Specialty Industrial Machinery,3.0,4.6,False,339.12,-7.4,8,True,349.71,375.0,282.0,7.0,none,11.4,361.45,15.1,225.17,-28.3,3.51,11.02,1.19,33.2,3.76,1.08,True,-1.41,8.4,11.5,90.0,2026-12-09,False,False,7,NEUTRAL,3.66,65.0,1.05,32.8,1.6,0.05,-31.2,2026-09-10T10:46:32.717338
UBER,"Uber Technologies, Inc.",71.5,⭐⭐⭐ EXCELLENT,🟢 Excellent,USD,USD,False,True,True,1.0,"FCF declarado (7,244,749,824) se aparta del derivado de flujo operativo menos capex (10,088,000,512)",100.0,70.0,36.0,65.0,70.0,15.0,7.4,False,down,76.7,True,2,12.2,True,1,"{'eps_growth_yoy': 76.7, 'positive_quarters': 4, 'earnings_accelerating': True, 'eps_accel_quarters': 2, 'profit_margin_pct': 17.3}","{'revenue_growth_yoy': 12.2, 'revenue_accelerating': True, 'rev_accel_quarters': 1}","{'rs_3m': -1.8, 'rs_6m': -18.5, 'rs_line_percentile': 7.4, 'rs_line_at_new_high': False, 'rs_line_trend': 'down', 'rs_line_score': 15}","{'roe_pct': 37.2, 'debt_to_equity': 0.52, 'current_ratio': 0.84, 'operating_margin_pct': 13.3}","{'days_to_earnings': 'N/A', 'recommendation': 'buy', 'analyst_upside_pct': 43.7}",71.08,145185177600,Technology,Software - Application,2.4,2.3,False,101.99,-30.3,0,False,102.13,150.0,70.0,46.0,buy,43.7,150.42,111.6,133.2,87.4,4.99,3.55,,,,,True,-4.76,15.5,85.5,54.0,2026-11-03,False,False,6,NEUTRAL,4.01,133.2,0.19,34.3,,,,2026-09-10T10:48:54.714201
V,Visa Inc.,71.1,⭐⭐⭐ EXCELLENT,🟢 Excellent,USD,USD,False,True,False,0.9127,"acciones × precio no cuadra con la capitalización (ratio 0.9127): el dato por acción y el precio no están en la misma unidad — típico de ADR. Los ratios por acción (EPS, FCF/acción, DCF) no son utilizables",75.0,80.0,60.3,70.0,60.0,60.0,60.0,False,up,6.8,False,0,14.4,True,2,"{'eps_growth_yoy': 6.8, 'positive_quarters': 4, 'earnings_accelerating': False, 'eps_accel_quarters': 0, 'profit_margin_pct': 50.8}","{'revenue_growth_yoy': 14.4, 'revenue_accelerating': True, 'rev_accel_quarters': 2}","{'rs_3m': 8.6, 'rs_6m': 6.1, 'rs_line_percentile': 60.0, 'rs_line_at_new_high': False, 'rs_line_trend': 'up', 'rs_line_score': 60}","{'roe_pct': 61.2, 'debt_to_equity': 0.68, 'current_ratio': 0.98, 'operating_margin_pct': 66.1}","{'days_to_earnings': 'N/A', 'recommendation': 'strong_buy', 'analyst_upside_pct': 14.1}",367.39,685934510080,Financial Services,Credit Services,1.3,3.2,False,385.57,-4.7,5,False,419.36,466.0,330.0,37.0,strong_buy,14.1,,,,,2.97,11.97,0.73,22.1,2.68,0.71,True,-3.11,35.7,10.2,47.0,2026-10-27,False,False,6,NEUTRAL,3.87,381.9,2.4,19.9,,,,2026-09-10T10:41:20.868844
ALLY,Ally Financial Inc.,70.9,⭐⭐⭐ EXCELLENT,🟢 Excellent,USD,USD,False,True,True,1.0,"FCF declarado (-546,000,000) se aparta del derivado de flujo operativo menos capex (291,000,128)",100.0,70.0,39.6,60.0,65.0,15.0,11.5,False,down,16.5,True,2,11.4,True,1,"{'eps_growth_yoy': 16.5, 'positive_quarters': 4, 'earnings_accelerating': True, 'eps_accel_quarters': 2, 'profit_margin_pct': 18.4}","{'revenue_growth_yoy': 11.4, 'revenue_accelerating': True, 'rev_accel_quarters': 1}","{'rs_3m': -4.8, 'rs_6m': 1.8, 'rs_line_percentile': 11.5, 'rs_line_at_new_high': False, 'rs_line_trend': 'down', 'rs_line_score': 15}","{'roe_pct': 9.7, 'operating_margin_pct': 25.3}","{'days_to_earnings': 'N/A', 'recommendation': 'buy', 'analyst_upside_pct': 28.5}",41.83,12724673536,Financial Services,Credit Services,4.3,4.0,False,47.29,-11.5,3,False,53.77,58.0,45.0,18.0,buy,28.5,,,56.7,35.5,-4.29,-1.79,2.84,28.2,1.2,3.2,True,-13.12,,13.5,36.0,2026-10-16,False,False,5,NEUTRAL,,,0.48,22.8,0.4,0.02,-22.4,2026-09-10T10:48:08.781967
DHR,Danaher Corporation,70.8,⭐⭐⭐ EXCELLENT,🟢 Excellent,USD,USD,False,True,True,1.0,,100.0,60.0,46.7,70.0,60.0,35.0,36.9,False,up,56.8,False,0,5.5,True,1,"{'eps_growth_yoy': 56.8, 'positive_quarters': 4, 'earnings_accelerating': False, 'eps_accel_quarters': 0, 'profit_margin_pct': 15.9}","{'revenue_growth_yoy': 5.5, 'revenue_accelerating': True, 'rev_accel_quarters': 1}","{'rs_3m': 6.4, 'rs_6m': -7.9, 'rs_line_percentile': 36.9, 'rs_line_at_new_high': False, 'rs_line_trend': 'up', 'rs_line_score': 35}","{'roe_pct': 7.6, 'debt_to_equity': 0.53, 'current_ratio': 1.65, 'operating_margin_pct': 19.8}","{'days_to_earnings': 'N/A', 'recommendation': 'strong_buy', 'analyst_upside_pct': 11.8}",204.85,144006692864,Healthcare,Diagnostics & Research,1.4,1.4,False,242.8,-15.6,3,False,229.09,310.0,195.0,23.0,strong_buy,11.8,260.92,27.4,167.7,-18.1,3.0,6.15,0.78,25.7,1.6,0.44,True,-2.02,17.3,59.7,40.0,2026-10-20,False,False,5,NEUTRAL,2.68,39.2,0.37,29.1,,,,2026-09-10T10:45:05.692387
UNH,UnitedHealth Group Incorporated,70.7,⭐⭐⭐ EXCELLENT,🟢 Excellent,USD,USD,False,True,True,1.0,,95.0,60.0,66.0,50.0,65.0,60.0,63.5,False,down,61.0,False,0,0.4,True,1,"{'eps_growth_yoy': 61.0, 'positive_quarters': 4, 'earnings_accelerating': False, 'eps_accel_quarters': 0, 'profit_margin_pct': 3.1}","{'revenue_growth_yoy': 0.4, 'revenue_accelerating': True, 'rev_accel_quarters': 1}","{'rs_3m': -8.4, 'rs_6m': 25.3, 'rs_line_percentile': 63.5, 'rs_line_at_new_high': False, 'rs_line_trend': 'down', 'rs_line_score': 60}","{'roe_pct': 14.2, 'debt_to_equity': 0.69, 'current_ratio': 0.78, 'operating_margin_pct': 7.1}","{'days_to_earnings': 'N/A', 'recommendation': 'buy', 'analyst_upside_pct': 20.9}",393.06,352808632320,Healthcare,Healthcare Plans,1.9,3.0,False,461.62,-14.9,6,False,475.23,529.0,313.0,26.0,buy,20.9,1146.78,191.8,457.5,16.4,6.88,27.04,2.32,57.5,9.28,1.65,True,-0.47,5.5,61.5,47.0,2026-10-27,False,False,6,NEUTRAL,4.65,173.8,0.28,20.1,0.8,0.04,-19.3,2026-09-10T10:48:04.840262
QSR,Restaurant Brands International Inc.,70.1,⭐⭐⭐ EXCELLENT,🟢 Excellent,USD,USD,False,True,False,0.7613,"acciones × precio no cuadra con la capitalización (ratio 0.7613): el dato por acción y el precio no están en la misma unidad — típico de ADR. Los ratios por acción (EPS, FCF/acción, DCF) no son utilizables",100.0,60.0,46.7,65.0,60.0,35.0,35.4,False,up,166.8,True,2,4.6,True,1,"{'eps_growth_yoy': 166.8, 'positive_quarters': 4, 'earnings_accelerating': True, 'eps_accel_quarters': 2, 'profit_margin_pct': 13.1}","{'revenue_growth_yoy': 4.6, 'revenue_accelerating': True, 'rev_accel_quarters': 1}","{'rs_3m': 0.8, 'rs_6m': -4.5, 'rs_line_percentile': 35.4, 'rs_line_at_new_high': False, 'rs_line_trend': 'up', 'rs_line_score': 35}","{'roe_pct': 34.8, 'debt_to_equity': 2.9, 'current_ratio': 1.01, 'operating_margin_pct': 27.7}","{'days_to_earnings': 'N/A', 'recommendation': 'buy', 'analyst_upside_pct': 11.6}",77.01,35279126528,Consumer Cyclical,Restaurants,6.0,7.6,False,81.96,-6.0,6,False,85.92,104.0,79.0,24.0,buy,11.6,,,,,4.86,4.91,3.38,63.8,2.6,3.41,True,-0.48,5.2,151.2,49.0,2026-10-29,False,False,6,NEUTRAL,5.14,51.7,0.11,24.6,0.8,0.03,-23.8,2026-09-10T10:48:51.016192
CNI,Canadian National Railway Company,70.0,⭐⭐⭐ EXCELLENT,🟢 Excellent,USD,CAD,True,True,True,1.0,"FCF declarado (2,190,703,087) se aparta del derivado de flujo operativo menos capex (1,420,464,355)",85.0,70.0,57.6,60.0,65.0,60.0,59.6,False,flat,6.6,True,1,11.3,True,1,"{'eps_growth_yoy': 6.6, 'positive_quarters': 4, 'earnings_accelerating': True, 'eps_accel_quarters': 1, 'profit_margin_pct': 26.9}","{'revenue_growth_yoy': 11.3, 'revenue_accelerating': True, 'rev_accel_quarters': 1}","{'rs_3m': -2.6, 'rs_6m': 2.6, 'rs_line_percentile': 59.6, 'rs_line_at_new_high': False, 'rs_line_trend': 'flat', 'rs_line_score': 60}","{'roe_pct': 22.0, 'debt_to_equity': 1.04, 'current_ratio': 0.87, 'operating_margin_pct': 40.3}","{'days_to_earnings': 'N/A', 'recommendation': 'buy', 'analyst_upside_pct': 15.3}",121.84,73701007360,Industrials,Railroads,,3.0,False,131.55,-7.4,6,False,140.44,153.92,113.7,13.0,buy,15.3,71.98,-40.9,57.02,-53.2,2.97,3.62,2.18,46.3,2.65,2.04,True,-4.08,7.8,7.1,50.0,2026-10-30,False,False,7,NEUTRAL,7.47,14.5,1.83,18.0,,,,2026-09-10T10:44:05.734634
CLPBY,Coloplast A/S,69.6,⭐⭐ GOOD,🟡 Good,USD,DKK,True,True,False,0.9201,"acciones × precio no cuadra con la capitalización (ratio 0.9201): el dato por acción y el precio no están en la misma unidad — típico de ADR. Los ratios por acción (EPS, FCF/acción, DCF) no son utilizables | FCF declarado (725,983,292) se aparta del derivado de flujo operativo menos capex (-152,513,",98.0,60.0,38.7,80.0,55.0,15.0,15.9,False,up,60.3,True,1,6.1,True,1,"{'eps_growth_yoy': 60.3, 'positive_quarters': 3, 'earnings_accelerating': True, 'eps_accel_quarters': 1, 'profit_margin_pct': 9.7}","{'revenue_growth_yoy': 6.1, 'revenue_accelerating': True, 'rev_accel_quarters': 1}","{'rs_3m': 8.3, 'rs_6m': -14.7, 'rs_line_percentile': 15.9, 'rs_line_at_new_high': False, 'rs_line_trend': 'up', 'rs_line_score': 15}","{'roe_pct': 18.5, 'debt_to_equity': 1.78, 'current_ratio': 1.56, 'operating_margin_pct': 26.2}","{'days_to_earnings': 'N/A', 'recommendation': 'none', 'analyst_upside_pct': 23.4}",6.74,15189812224,Healthcare,Medical Instruments & Supplies,,,False,9.83,-31.4,1,False,8.32,12.2,6.7,4.0,none,23.4,,,,,4.78,0.35,5.16,187.0,0.36,2.72,False,,4.6,40.9,,,False,False,7,NEUTRAL,18.84,105.6,0.2,36.0,,,,2026-09-10T10:43:50.347606
ETN,Eaton Corporation plc,69.6,⭐⭐ GOOD,🟡 Good,USD,USD,False,True,True,1.0,,60.0,90.0,60.3,70.0,65.0,60.0,59.0,False,down,-16.4,True,1,21.4,True,2,"{'eps_growth_yoy': -16.4, 'positive_quarters': 4, 'earnings_accelerating': True, 'eps_accel_quarters': 1, 'profit_margin_pct': 12.8}","{'revenue_growth_yoy': 21.4, 'revenue_accelerating': True, 'rev_accel_quarters': 2}","{'rs_3m': 5.5, 'rs_6m': 4.0, 'rs_line_percentile': 59.0, 'rs_line_at_new_high': False, 'rs_line_trend': 'down', 'rs_line_score': 60}","{'roe_pct': 19.7, 'debt_to_equity': 1.05, 'current_ratio': 1.24, 'operating_margin_pct': 16.6}","{'days_to_earnings': 'N/A', 'recommendation': 'buy', 'analyst_upside_pct': 15.2}",415.22,161271447552,Industrials,Specialty Industrial Machinery,1.7,2.7,False,478.0,-13.1,6,False,478.17,534.0,333.0,25.0,buy,15.2,117.67,-71.7,96.7,-76.7,1.93,8.0,1.06,43.6,4.4,1.55,True,-0.34,11.9,-15.9,54.0,2026-11-03,False,False,7,NEUTRAL,2.84,64.1,,36.1,,,,2026-09-10T10:45:39.268644
PAYX,"Paychex, Inc.",69.3,⭐⭐ GOOD,🟡 Good,USD,USD,False,True,True,1.0,"FCF declarado (2,321,800,000) se aparta del derivado de flujo operativo menos capex (944,300,000)",95.0,60.0,55.1,65.0,50.0,35.0,40.0,False,up,41.5,False,0,12.5,False,0,"{'eps_growth_yoy': 41.5, 'positive_quarters': 4, 'earnings_accelerating': False, 'eps_accel_quarters': 0, 'profit_margin_pct': 26.6}","{'revenue_growth_yoy': 12.5, 'revenue_accelerating': False, 'rev_accel_quarters': 0}","{'rs_3m': 9.3, 'rs_6m': 11.6, 'rs_line_percentile': 40.0, 'rs_line_at_new_high': False, 'rs_line_trend': 'up', 'rs_line_score': 35}","{'debt_to_equity': 1.24, 'current_ratio': 1.15, 'operating_margin_pct': 38.3}","{'days_to_earnings': 'N/A', 'recommendation': 'hold', 'analyst_upside_pct': 1.3}",114.75,40848760832,Technology,Software - Application,6.1,6.4,False,135.97,-15.6,5,False,116.27,150.0,95.0,15.0,hold,1.3,276.6,141.0,144.0,25.5,5.68,6.52,4.07,90.6,4.76,2.83,True,-1.5,9.6,17.4,13.0,2026-09-23,False,True,7,NEUTRAL,5.82,106.4,0.41,30.6,0.2,0.01,-30.4,2026-09-10T10:42:55.033195
JNJ,Johnson & Johnson,69.2,⭐⭐ GOOD,🟡 Good,USD,USD,False,True,True,1.0,,75.0,60.0,64.7,85.0,60.0,80.0,75.4,False,up,-0.1,True,2,6.6,True,1,"{'eps_growth_yoy': -0.1, 'positive_quarters': 4, 'earnings_accelerating': True, 'eps_accel_quarters': 2, 'profit_margin_pct': 21.5}","{'revenue_growth_yoy': 6.6, 'revenue_accelerating': True, 'rev_accel_quarters': 1}","{'rs_3m': 7.2, 'rs_6m': -2.2, 'rs_line_percentile': 75.4, 'rs_line_at_new_high': False, 'rs_line_trend': 'up', 'rs_line_score': 80}","{'roe_pct': 25.7, 'debt_to_equity': 0.58, 'current_ratio': 1.09, 'operating_margin_pct': 29.2}","{'days_to_earnings': 'N/A', 'recommendation': 'buy', 'analyst_upside_pct': 3.2}",267.08,643635675136,Healthcare,Drug Manufacturers - General,1.0,2.8,False,281.07,-5.0,8,True,275.64,320.0,190.0,22.0,buy,3.2,103.1,-61.4,85.5,-68.0,2.62,7.01,1.99,60.8,5.36,2.77,True,-1.25,25.9,-0.9,33.0,2026-10-13,False,False,4,NEUTRAL,4.99,136.0,,22.6,,,,2026-09-10T10:47:03.167400
MCO,Moody's Corporation,69.0,⭐⭐ GOOD,🟡 Good,USD,USD,False,True,True,1.0,,100.0,60.0,38.7,65.0,65.0,15.0,21.2,False,up,51.9,True,2,15.1,False,0,"{'eps_growth_yoy': 51.9, 'positive_quarters': 4, 'earnings_accelerating': True, 'eps_accel_quarters': 2, 'profit_margin_pct': 34.3}","{'revenue_growth_yoy': 15.1, 'revenue_accelerating': False, 'rev_accel_quarters': 0}","{'rs_3m': 0.2, 'rs_6m': -6.4, 'rs_line_percentile': 21.2, 'rs_line_at_new_high': False, 'rs_line_trend': 'up', 'rs_line_score': 15}","{'roe_pct': 76.9, 'debt_to_equity': 2.41, 'current_ratio': 1.19, 'operating_margin_pct': 49.5}","{'days_to_earnings': 'N/A', 'recommendation': 'buy', 'analyst_upside_pct': 18.4}",474.57,82186502144,Financial Services,Financial Data & Stock Exchanges,1.7,3.0,False,546.88,-13.2,4,False,561.9,610.0,505.0,21.0,buy,18.4,631.57,33.1,472.8,-0.4,3.14,14.89,0.87,25.0,4.12,0.81,False,,14.5,56.7,41.0,2026-10-21,False,False,8,STRONG,3.86,106.3,0.44,25.8,3.1,0.12,-22.7,2026-09-10T10:42:47.119100
SYK,Stryker Corporation,68.8,⭐⭐ GOOD,🟡 Good,USD,USD,False,True,True,1.0,,100.0,60.0,24.0,80.0,70.0,15.0,0.1,False,down,44.3,True,1,9.4,True,1,"{'eps_growth_yoy': 44.3, 'positive_quarters': 4, 'earnings_accelerating': True, 'eps_accel_quarters': 1, 'profit_margin_pct': 14.4}","{'revenue_growth_yoy': 9.4, 'revenue_accelerating': True, 'rev_accel_quarters': 1}","{'rs_3m': -16.0, 'rs_6m': -33.3, 'rs_line_percentile': 0.1, 'rs_line_at_new_high': False, 'rs_line_trend': 'down', 'rs_line_score': 15}","{'roe_pct': 16.5, 'debt_to_equity': 0.64, 'current_ratio': 2.16, 'operating_margin_pct': 27.0}","{'days_to_earnings': 'N/A', 'recommendation': 'buy', 'analyst_upside_pct': 37.2}",275.39,105632186368,Healthcare,Medical Devices,1.9,2.9,False,392.55,-29.8,0,False,377.84,465.0,315.0,25.0,buy,37.2,454.14,64.9,288.3,4.7,3.89,10.71,1.28,36.1,3.52,0.99,False,,20.0,44.1,49.0,2026-10-29,False,False,5,NEUTRAL,4.35,47.3,0.37,37.6,,,,2026-09-10T10:43:09.742689
AWK,"American Water Works Company, Inc.",68.6,⭐⭐ GOOD,🟡 Good,USD,USD,False,True,True,1.0,"FCF declarado (-1,785,374,976) se aparta del derivado de flujo operativo menos capex (-966,999,872)",95.0,70.0,46.7,55.0,50.0,35.0,43.0,False,up,9.0,True,2,6.2,True,2,"{'eps_growth_yoy': 9.0, 'positive_quarters': 4, 'earnings_accelerating': True, 'eps_accel_quarters': 2, 'profit_margin_pct': 21.3}","{'revenue_growth_yoy': 6.2, 'revenue_accelerating': True, 'rev_accel_quarters': 2}","{'rs_3m': 6.3, 'rs_6m': -7.4, 'rs_line_percentile': 43.0, 'rs_line_at_new_high': False, 'rs_line_trend': 'up', 'rs_line_score': 35}","{'roe_pct': 10.1, 'debt_to_equity': 1.38, 'current_ratio': 0.52, 'operating_margin_pct': 40.7}","{'days_to_earnings': 'N/A', 'recommendation': 'hold', 'analyst_upside_pct': 0.0}",140.33,27887640576,Utilities,Utilities - Regulated Water,6.9,4.6,False,145.64,-3.6,6,False,140.36,155.0,128.0,11.0,hold,0.0,,,57.7,-58.9,-6.4,-8.98,2.55,58.5,3.58,2.04,False,,3.2,3.4,48.0,2026-10-28,False,False,8,STRONG,4.66,6.6,2.49,20.0,,,,2026-09-10T10:46:40.210848
BRO,"Brown & Brown, Inc.",68.5,⭐⭐ GOOD,🟡 Good,USD,USD,False,True,True,1.0,,80.0,80.0,38.7,75.0,55.0,15.0,19.2,False,flat,24.7,False,0,32.4,False,0,"{'eps_growth_yoy': 24.7, 'positive_quarters': 4, 'earnings_accelerating': False, 'eps_accel_quarters': 0, 'profit_margin_pct': 18.1}","{'revenue_growth_yoy': 32.4, 'revenue_accelerating': False, 'rev_accel_quarters': 0}","{'rs_3m': 5.4, 'rs_6m': -15.5, 'rs_line_percentile': 19.2, 'rs_line_at_new_high': False, 'rs_line_trend': 'flat', 'rs_line_score': 15}","{'roe_pct': 10.0, 'debt_to_equity': 0.64, 'current_ratio': 1.13, 'operating_margin_pct': 41.8}","{'days_to_earnings': 'N/A', 'recommendation': 'hold', 'analyst_upside_pct': 15.3}",66.53,22261626880,Financial Services,Insurance Brokers,5.6,5.2,False,96.55,-31.1,1,False,76.69,90.0,60.0,16.0,hold,15.3,85.88,29.1,30.5,-54.2,7.38,4.91,0.99,20.6,0.66,0.65,True,-2.82,4.7,2.8,46.0,2026-10-26,False,False,4,NEUTRAL,5.7,175.4,1.94,29.7,,,,2026-09-10T10:44:39.205968
DVA,DaVita Inc.,68.5,⭐⭐ GOOD,🟡 Good,USD,USD,False,True,True,1.0,"FCF declarado (1,042,460,032) se aparta del derivado de flujo operativo menos capex (1,617,291,072)",95.0,60.0,47.6,60.0,65.0,35.0,49.6,False,down,33.1,True,1,5.2,True,1,"{'eps_growth_yoy': 33.1, 'positive_quarters': 4, 'earnings_accelerating': True, 'eps_accel_quarters': 1, 'profit_margin_pct': 6.0}","{'revenue_growth_yoy': 5.2, 'revenue_accelerating': True, 'rev_accel_quarters': 1}","{'rs_3m': -13.2, 'rs_6m': 4.9, 'rs_line_percentile': 49.6, 'rs_line_at_new_high': False, 'rs_line_trend': 'down', 'rs_line_score': 35}","{'roe_pct': 88.5, 'debt_to_equity': 12.42, 'current_ratio': 1.47, 'operating_margin_pct': 16.1}","{'days_to_earnings': 'N/A', 'recommendation': 'buy', 'analyst_upside_pct': 19.4}",183.01,11676038144,Healthcare,Medical Care Facilities,12.3,4.1,True,247.49,-26.1,5,False,218.43,270.0,165.0,7.0,buy,19.4,692.93,278.6,359.7,96.5,8.93,16.34,,,,,True,-13.36,3.5,39.1,48.0,2026-10-28,False,False,6,NEUTRAL,7.34,31.4,0.19,24.1,0.8,0.03,-23.3,2026-09-10T10:47:53.306629
CSU.TO,Constellation Software Inc.,68.5,⭐⭐ GOOD,🟡 Good,CAD,USD,True,True,True,1.0,,95.0,70.0,36.0,55.0,70.0,15.0,11.5,False,down,389.3,False,0,17.3,True,1,"{'eps_growth_yoy': 389.3, 'positive_quarters': 4, 'earnings_accelerating': False, 'eps_accel_quarters': 0, 'profit_margin_pct': 7.6}","{'revenue_growth_yoy': 17.3, 'revenue_accelerating': True, 'rev_accel_quarters': 1}","{'rs_3m': -16.2, 'rs_6m': -9.4, 'rs_line_percentile': 11.5, 'rs_line_at_new_high': False, 'rs_line_trend': 'down', 'rs_line_score': 15}","{'roe_pct': 23.3, 'debt_to_equity': 1.2, 'current_ratio': 0.9, 'operating_margin_pct': 15.1}","{'days_to_earnings': 'N/A', 'recommendation': 'buy', 'analyst_upside_pct': 40.1}",2801.99,59378454528,Technology,Software - Application,,4.9,False,4500.0,-37.7,1,False,3926.33,5458.47,3275.32,12.0,buy,40.1,7726.99,175.8,1883.4,-32.8,6.5,182.21,0.2,8.8,5.57,0.18,False,,6.2,389.3,57.0,2026-11-06,False,False,6,NEUTRAL,1.9,191.5,0.04,36.4,,,,2026-09-10T10:42:28.507011
SHW,The Sherwin-Williams Company,68.5,⭐⭐ GOOD,🟡 Good,USD,USD,False,True,True,1.0,,100.0,70.0,38.7,45.0,65.0,15.0,19.8,False,down,11.8,True,2,7.5,True,2,"{'eps_growth_yoy': 11.8, 'positive_quarters': 4, 'earnings_accelerating': True, 'eps_accel_quarters': 2, 'profit_margin_pct': 11.0}","{'revenue_growth_yoy': 7.5, 'revenue_accelerating': True, 'rev_accel_quarters': 2}","{'rs_3m': 0.4, 'rs_6m': -13.5, 'rs_line_percentile': 19.8, 'rs_line_at_new_high': False, 'rs_line_trend': 'down', 'rs_line_score': 15}","{'roe_pct': 65.1, 'debt_to_equity': 3.9, 'current_ratio': 0.73, 'operating_margin_pct': 18.1}","{'days_to_earnings': 'N/A', 'recommendation': 'buy', 'analyst_upside_pct': 21.9}",320.64,77837975552,Basic Materials,Specialty Chemicals,2.6,3.2,False,377.77,-15.1,3,False,391.0,420.0,340.0,22.0,buy,21.9,242.0,-24.5,152.29,-52.5,3.22,10.32,1.0,29.3,3.2,0.87,True,-3.37,7.8,14.3,47.0,2026-10-27,False,False,6,NEUTRAL,4.13,62.0,1.65,20.7,,,,2026-09-10T10:43:31.952479
FHN,First Horizon Corporation,68.0,⭐⭐ GOOD,🟡 Good,USD,USD,False,True,True,1.0,"FCF declarado (595,000,000) se aparta del derivado de flujo operativo menos capex (1,026,000,000)",95.0,60.0,44.0,65.0,60.0,35.0,30.9,False,down,12.0,True,1,6.7,True,1,"{'eps_growth_yoy': 12.0, 'positive_quarters': 4, 'earnings_accelerating': True, 'eps_accel_quarters': 1, 'profit_margin_pct': 30.2}","{'revenue_growth_yoy': 6.7, 'revenue_accelerating': True, 'rev_accel_quarters': 1}","{'rs_3m': -5.3, 'rs_6m': -3.0, 'rs_line_percentile': 30.9, 'rs_line_at_new_high': False, 'rs_line_trend': 'down', 'rs_line_score': 35}","{'roe_pct': 11.5, 'operating_margin_pct': 41.3}","{'days_to_earnings': 'N/A', 'recommendation': 'buy', 'analyst_upside_pct': 14.7}",24.58,11645442048,Financial Services,Banks - Regional,0.0,0.0,False,26.56,-7.5,5,False,28.2,31.0,25.0,20.0,buy,14.7,36.77,49.6,41.4,68.4,5.11,1.26,2.77,30.8,0.68,3.28,True,-8.05,,14.0,34.0,2026-10-14,False,False,5,NEUTRAL,,,0.53,20.6,1.6,0.08,-19.0,2026-09-10T10:49:25.137666
ATLKY,Atlas Copco AB (publ),67.8,⭐⭐ GOOD,🟡 Good,USD,SEK,True,True,False,0.6801,"acciones × precio no cuadra con la capitalización (ratio 0.6801): el dato por acción y el precio no están en la misma unidad — típico de ADR. Los ratios por acción (EPS, FCF/acción, DCF) no son utilizables | FCF declarado (2,702,292,133) se aparta del derivado de flujo operativo menos capex (26,379,",80.0,60.0,56.7,80.0,55.0,60.0,53.3,False,flat,7.0,True,1,5.3,True,1,"{'eps_growth_yoy': 7.0, 'positive_quarters': 4, 'earnings_accelerating': True, 'eps_accel_quarters': 1, 'profit_margin_pct': 15.7}","{'revenue_growth_yoy': 5.3, 'revenue_accelerating': True, 'rev_accel_quarters': 1}","{'rs_3m': 7.2, 'rs_6m': -1.5, 'rs_line_percentile': 53.3, 'rs_line_at_new_high': False, 'rs_line_trend': 'flat', 'rs_line_score': 60}","{'roe_pct': 25.7, 'debt_to_equity': 0.34, 'current_ratio': 1.27}","{'days_to_earnings': 'N/A', 'recommendation': 'none', 'analyst_upside_pct': 22.5}",21.23,103573110784,Industrials,Specialty Industrial Machinery,,,False,22.42,-5.3,7,True,26.0,26.0,26.0,1.0,none,22.5,,,,,2.61,0.81,2.58,73.8,0.56,1.57,False,,126.5,4.0,,,False,False,6,NEUTRAL,,53.6,3.35,25.2,,,,2026-09-10T10:46:28.549965
ICE,"Intercontinental Exchange, Inc.",67.6,⭐⭐ GOOD,🟡 Good,USD,USD,False,True,True,1.0,,85.0,60.0,46.7,75.0,65.0,35.0,39.4,False,up,12.6,False,0,10.7,False,0,"{'eps_growth_yoy': 12.6, 'positive_quarters': 4, 'earnings_accelerating': False, 'eps_accel_quarters': 0, 'profit_margin_pct': 38.2}","{'revenue_growth_yoy': 10.7, 'revenue_accelerating': False, 'rev_accel_quarters': 0}","{'rs_3m': 6.6, 'rs_6m': -13.0, 'rs_line_percentile': 39.4, 'rs_line_at_new_high': False, 'rs_line_trend': 'up', 'rs_line_score': 35}","{'roe_pct': 14.1, 'debt_to_equity': 0.69, 'current_ratio': 1.01, 'operating_margin_pct': 52.6}","{'days_to_earnings': 'N/A', 'recommendation': 'strong_buy', 'analyst_upside_pct': 19.3}",156.5,87858241536,Financial Services,Financial Data & Stock Exchanges,1.5,1.9,False,176.59,-11.4,4,False,186.71,232.0,163.0,14.0,strong_buy,19.3,151.13,-3.4,99.83,-36.2,4.14,6.47,1.32,28.2,2.08,1.25,True,-2.39,7.6,14.2,49.0,2026-10-29,False,False,8,STRONG,4.79,118.3,1.25,23.7,0.8,0.03,-22.9,2026-09-10T10:44:09.543017
FAST,Fastenal Company,67.6,⭐⭐ GOOD,🟡 Good,USD,USD,False,True,True,1.0,,80.0,60.0,46.7,95.0,50.0,35.0,41.2,False,flat,15.9,False,0,14.7,False,0,"{'eps_growth_yoy': 15.9, 'positive_quarters': 4, 'earnings_accelerating': False, 'eps_accel_quarters': 0, 'profit_margin_pct': 15.5}","{'revenue_growth_yoy': 14.7, 'revenue_accelerating': False, 'rev_accel_quarters': 0}","{'rs_3m': 1.2, 'rs_6m': -7.5, 'rs_line_percentile': 41.2, 'rs_line_at_new_high': False, 'rs_line_trend': 'flat', 'rs_line_score': 35}","{'roe_pct': 34.3, 'debt_to_equity': 0.11, 'current_ratio': 4.18, 'operating_margin_pct': 21.0}","{'days_to_earnings': 'N/A', 'recommendation': 'hold', 'analyst_upside_pct': -0.5}",48.79,55986409472,Industrials,Industrial Distribution,3.1,3.5,False,52.92,-7.8,6,False,48.53,59.0,39.9,13.0,hold,-0.5,18.94,-61.2,16.94,-65.3,1.64,0.8,1.94,78.6,0.96,2.16,True,-0.09,395.6,5.8,34.0,2026-10-14,False,False,8,STRONG,2.95,39.6,2.39,20.5,1.6,0.08,-18.9,2026-09-10T10:46:09.502179
ASAZY,ASSA ABLOY AB (publ),67.5,⭐⭐ GOOD,🟡 Good,USD,SEK,True,True,False,0.9482,"acciones × precio no cuadra con la capitalización (ratio 0.9482): el dato por acción y el precio no están en la misma unidad — típico de ADR. Los ratios por acción (EPS, FCF/acción, DCF) no son utilizables | FCF declarado (1,913,945,871) se aparta del derivado de flujo operativo menos capex (18,638,",100.0,60.0,36.0,65.0,55.0,15.0,8.7,False,flat,80.4,True,1,3.5,True,1,"{'eps_growth_yoy': 80.4, 'positive_quarters': 4, 'earnings_accelerating': True, 'eps_accel_quarters': 1, 'profit_margin_pct': 10.8}","{'revenue_growth_yoy': 3.5, 'revenue_accelerating': True, 'rev_accel_quarters': 1}","{'rs_3m': -2.3, 'rs_6m': -19.7, 'rs_line_percentile': 8.7, 'rs_line_at_new_high': False, 'rs_line_trend': 'flat', 'rs_line_score': 15}","{'roe_pct': 15.6, 'debt_to_equity': 0.64, 'current_ratio': 1.01}","{'days_to_earnings': 'N/A', 'recommendation': 'none', 'analyst_upside_pct': 22.6}",17.74,39410343936,Industrials,Security & Protection Services,,,False,21.98,-19.3,1,False,21.74,21.74,21.74,1.0,none,22.6,,,,,4.86,0.91,1.8,41.9,0.33,1.7,False,,,8.0,47.0,2026-10-27,False,False,8,STRONG,,118.2,1.24,18.7,,,,2026-09-10T10:45:35.567047
VLTO,Veralto Corporation,67.1,⭐⭐ GOOD,🟡 Good,USD,USD,False,True,True,1.0,,70.0,70.0,46.7,85.0,65.0,35.0,26.8,False,up,8.6,False,0,7.5,True,2,"{'eps_growth_yoy': 8.6, 'positive_quarters': 4, 'earnings_accelerating': False, 'eps_accel_quarters': 0, 'profit_margin_pct': 17.3}","{'revenue_growth_yoy': 7.5, 'revenue_accelerating': True, 'rev_accel_quarters': 2}","{'rs_3m': 9.4, 'rs_6m': -9.3, 'rs_line_percentile': 26.8, 'rs_line_at_new_high': False, 'rs_line_trend': 'up', 'rs_line_score': 35}","{'roe_pct': 34.3, 'debt_to_equity': 1.16, 'current_ratio': 1.77, 'operating_margin_pct': 21.4}","{'days_to_earnings': 'N/A', 'recommendation': 'buy', 'analyst_upside_pct': 20.4}",94.72,23092105216,Industrials,Pollution & Treatment Controls,2.9,3.9,False,109.86,-13.8,3,False,114.0,136.0,100.0,14.0,buy,20.4,65.53,-30.8,40.1,-57.7,3.5,3.31,0.55,12.6,0.52,,True,-1.88,14.1,10.1,41.0,2026-10-21,False,False,6,NEUTRAL,5.17,76.0,1.97,19.7,0.4,0.02,-19.3,2026-09-10T10:43:24.457697
NYT,The New York Times Company,67.0,⭐⭐ GOOD,🟡 Good,USD,USD,False,True,True,0.9952,"FCF declarado (459,932,128) se aparta del derivado de flujo operativo menos capex (624,278,976)",90.0,70.0,24.0,75.0,65.0,15.0,11.6,False,down,12.6,True,1,11.2,True,1,"{'eps_growth_yoy': 12.6, 'positive_quarters': 4, 'earnings_accelerating': True, 'eps_accel_quarters': 1, 'profit_margin_pct': 13.3}","{'revenue_growth_yoy': 11.2, 'revenue_accelerating': True, 'rev_accel_quarters': 1}","{'rs_3m': -13.8, 'rs_6m': -27.7, 'rs_line_percentile': 11.6, 'rs_line_at_new_high': False, 'rs_line_trend': 'down', 'rs_line_score': 15}","{'roe_pct': 19.7, 'current_ratio': 1.58, 'operating_margin_pct': 17.1}","{'days_to_earnings': 'N/A', 'recommendation': 'buy', 'analyst_upside_pct': 16.6}",66.6,10741486592,Communication Services,Publishing,7.3,5.3,False,87.1,-23.5,3,False,77.67,90.0,63.0,9.0,buy,16.6,66.38,-0.3,32.9,-50.6,4.28,2.87,1.38,32.1,0.92,0.95,True,-1.63,857.1,14.0,55.0,2026-11-04,False,False,8,STRONG,4.49,52.8,1.52,18.2,,,,2026-09-10T10:48:35.466653
GWW,"W.W. Grainger, Inc.",66.8,⭐⭐ GOOD,🟡 Good,USD,USD,False,True,True,1.0,,75.0,60.0,57.6,85.0,50.0,60.0,58.3,False,down,18.3,False,0,10.3,False,0,"{'eps_growth_yoy': 18.3, 'positive_quarters': 4, 'earnings_accelerating': False, 'eps_accel_quarters': 0, 'profit_margin_pct': 9.9}","{'revenue_growth_yoy': 10.3, 'revenue_accelerating': False, 'rev_accel_quarters': 0}","{'rs_3m': -8.1, 'rs_6m': 2.3, 'rs_line_percentile': 58.3, 'rs_line_at_new_high': False, 'rs_line_trend': 'down', 'rs_line_score': 60}","{'roe_pct': 46.1, 'debt_to_equity': 0.62, 'current_ratio': 2.81, 'operating_margin_pct': 16.1}","{'days_to_earnings': 'N/A', 'recommendation': 'none', 'analyst_upside_pct': 4.2}",1278.83,60234096640,Industrials,Industrial Distribution,2.4,3.2,False,1419.91,-9.9,6,False,1332.57,1500.0,1100.0,14.0,none,4.2,790.48,-38.2,797.04,-37.7,2.07,26.49,0.78,23.6,9.96,1.0,True,-1.66,34.1,10.2,55.0,2026-11-04,False,False,6,NEUTRAL,4.0,40.8,1.22,20.1,,,,2026-09-10T10:47:14.191902
HRI,Herc Holdings Inc.,66.6,⭐⭐ GOOD,🟡 Good,USD,USD,False,True,True,1.0,"FCF declarado (502,875,008) se aparta del derivado de flujo operativo menos capex (10,000,000)",68.0,90.0,52.4,45.0,65.0,35.0,42.9,False,flat,,True,1,26.3,True,2,"{'positive_quarters': 3, 'earnings_accelerating': True, 'eps_accel_quarters': 1, 'profit_margin_pct': 1.0}","{'revenue_growth_yoy': 26.3, 'revenue_accelerating': True, 'rev_accel_quarters': 2}","{'rs_3m': -2.4, 'rs_6m': 13.3, 'rs_line_percentile': 42.9, 'rs_line_at_new_high': False, 'rs_line_trend': 'flat', 'rs_line_score': 35}","{'roe_pct': 2.6, 'debt_to_equity': 5.06, 'current_ratio': 1.1, 'operating_margin_pct': 12.2}","{'days_to_earnings': 'N/A', 'recommendation': 'buy', 'analyst_upside_pct': 28.9}",144.79,4840538624,Industrials,Rental & Leasing Services,8.2,4.0,True,188.35,-23.1,5,False,186.58,240.0,115.0,12.0,buy,28.9,443.73,206.5,33.94,-76.6,10.39,15.04,1.93,164.7,2.8,,False,,1.1,,47.0,2026-10-27,False,False,3,NEUTRAL,2.9,4.9,0.35,39.5,0.2,0.0,-39.3,2026-09-10T10:49:21.265147
MSI,"Motorola Solutions, Inc.",66.6,⭐⭐ GOOD,🟡 Good,USD,USD,False,True,True,1.0,"FCF declarado (1,979,000,064) se aparta del derivado de flujo operativo menos capex (2,709,000,128)",80.0,70.0,46.7,65.0,60.0,35.0,36.8,False,up,8.6,True,1,13.3,True,1,"{'eps_growth_yoy': 8.6, 'positive_quarters': 4, 'earnings_accelerating': True, 'eps_accel_quarters': 1, 'profit_margin_pct': 17.4}","{'revenue_growth_yoy': 13.3, 'revenue_accelerating': True, 'rev_accel_quarters': 1}","{'rs_3m': 6.7, 'rs_6m': -13.3, 'rs_line_percentile': 36.8, 'rs_line_at_new_high': False, 'rs_line_trend': 'up', 'rs_line_score': 35}","{'roe_pct': 91.6, 'debt_to_equity': 3.58, 'current_ratio': 1.1, 'operating_margin_pct': 27.4}","{'days_to_earnings': 'N/A', 'recommendation': 'buy', 'analyst_upside_pct': 14.6}",459.89,76108939264,Technology,Communication Equipment,2.2,3.4,False,494.85,-7.1,6,False,526.82,550.0,476.0,11.0,buy,14.6,230.97,-49.8,126.9,-72.4,2.6,11.96,1.05,37.2,4.84,1.11,True,-1.36,7.3,9.5,56.0,2026-11-05,False,False,6,NEUTRAL,3.73,161.2,2.53,21.7,,,,2026-09-10T10:41:43.524071
BN,Brookfield Corporation,66.5,⭐⭐ GOOD,🟡 Good,USD,USD,False,True,True,1.0,"FCF declarado (-1,981,124,992) se aparta del derivado de flujo operativo menos capex (-5,409,000,448)",95.0,60.0,36.0,65.0,60.0,15.0,0.0,False,down,33.8,True,1,7.3,True,1,"{'eps_growth_yoy': 33.8, 'positive_quarters': 4, 'earnings_accelerating': True, 'eps_accel_quarters': 1, 'profit_margin_pct': 1.8}","{'revenue_growth_yoy': 7.3, 'revenue_accelerating': True, 'rev_accel_quarters': 1}","{'rs_3m': -18.9, 'rs_6m': -18.0, 'rs_line_percentile': 0.0, 'rs_line_at_new_high': False, 'rs_line_trend': 'down', 'rs_line_score': 15}","{'roe_pct': 2.3, 'debt_to_equity': 1.61, 'current_ratio': 1.01, 'operating_margin_pct': 25.7}","{'days_to_earnings': 'N/A', 'recommendation': 'none', 'analyst_upside_pct': 41.2}",38.52,85990178816,Financial Services,Asset Management,,4.6,False,49.57,-22.3,1,False,54.4,61.0,31.0,10.0,none,41.2,,,15.9,-58.7,-2.3,-0.89,0.73,48.2,0.28,0.87,True,-1.02,1.3,20.2,63.0,2026-11-12,False,False,6,NEUTRAL,4.63,12.9,0.16,23.1,1.6,0.07,-21.5,2026-09-10T10:48:47.309541
ISRG,"Intuitive Surgical, Inc.",66.0,⭐⭐ GOOD,🟡 Good,USD,USD,False,True,True,1.0,,85.0,70.0,24.0,75.0,70.0,15.0,3.3,False,down,24.3,False,0,18.5,True,1,"{'eps_growth_yoy': 24.3, 'positive_quarters': 4, 'earnings_accelerating': False, 'eps_accel_quarters': 0, 'profit_margin_pct': 28.4}","{'revenue_growth_yoy': 18.5, 'revenue_accelerating': True, 'rev_accel_quarters': 1}","{'rs_3m': -19.6, 'rs_6m': -41.7, 'rs_line_percentile': 3.3, 'rs_line_at_new_high': False, 'rs_line_trend': 'down', 'rs_line_score': 15}","{'roe_pct': 17.4, 'current_ratio': 4.96, 'operating_margin_pct': 33.6}","{'days_to_earnings': 'N/A', 'recommendation': 'buy', 'analyst_upside_pct': 35.3}",353.24,126558134272,Healthcare,Medical Instruments & Supplies,2.0,1.7,False,603.88,-41.5,0,False,478.01,685.0,324.0,30.0,buy,35.3,272.63,-22.8,233.2,-34.0,2.07,7.3,,,,,True,-2.81,,26.5,40.0,2026-10-20,False,False,4,NEUTRAL,2.46,22.5,1.1,30.6,,,,2026-09-10T10:47:33.289832
ROP,"Roper Technologies, Inc.",66.0,⭐⭐ GOOD,🟡 Good,USD,USD,False,True,True,1.0,,100.0,50.0,42.3,60.0,60.0,15.0,24.6,False,up,208.9,True,2,8.5,False,0,"{'eps_growth_yoy': 208.9, 'positive_quarters': 4, 'earnings_accelerating': True, 'eps_accel_quarters': 2, 'profit_margin_pct': 30.2}","{'revenue_growth_yoy': 8.5, 'revenue_accelerating': False, 'rev_accel_quarters': 0}","{'rs_3m': 11.8, 'rs_6m': -1.9, 'rs_line_percentile': 24.6, 'rs_line_at_new_high': False, 'rs_line_trend': 'up', 'rs_line_score': 15}","{'roe_pct': 13.1, 'debt_to_equity': 0.61, 'current_ratio': 0.55, 'operating_margin_pct': 27.7}","{'days_to_earnings': 'N/A', 'recommendation': 'buy', 'analyst_upside_pct': 14.1}",390.35,38605955072,Technology,Software - Application,6.0,6.0,False,521.28,-25.1,3,False,445.2,550.0,335.0,15.0,buy,14.1,971.52,148.9,710.7,82.1,5.87,22.91,0.92,14.5,3.64,0.61,True,-7.06,8.6,163.1,42.0,2026-10-22,False,False,6,NEUTRAL,4.56,1441.1,0.07,26.6,1.6,0.06,-25.0,2026-09-10T10:41:32.600405
COST,Costco Wholesale Corporation,66.0,⭐⭐ GOOD,🟡 Good,USD,USD,False,True,True,1.0,"FCF declarado (6,954,375,168) se aparta del derivado de flujo operativo menos capex (9,502,000,512)",95.0,60.0,24.0,75.0,65.0,15.0,0.0,False,down,15.2,True,2,11.6,False,0,"{'eps_growth_yoy': 15.2, 'positive_quarters': 4, 'earnings_accelerating': True, 'eps_accel_quarters': 2, 'profit_margin_pct': 3.0}","{'revenue_growth_yoy': 11.6, 'revenue_accelerating': False, 'rev_accel_quarters': 0}","{'rs_3m': -13.4, 'rs_6m': -22.1, 'rs_line_percentile': 0.0, 'rs_line_at_new_high': False, 'rs_line_trend': 'down', 'rs_line_score': 15}","{'roe_pct': 29.2, 'debt_to_equity': 0.6, 'current_ratio': 1.07, 'operating_margin_pct': 3.7}","{'days_to_earnings': 'N/A', 'recommendation': 'buy', 'analyst_upside_pct': 18.8}",902.6,400283959296,Consumer Defensive,Discount Stores,1.7,3.8,False,1096.5,-17.7,3,False,1072.2,1315.0,740.0,35.0,buy,18.8,665.02,-26.3,590.4,-34.6,1.74,15.68,0.65,27.0,5.88,0.59,True,-0.22,81.5,45.5,14.0,2026-09-24,False,True,7,NEUTRAL,2.75,30.6,0.88,19.3,0.4,0.02,-18.9,2026-09-10T10:41:51.164996
FICO,Fair Isaac Corporation,65.8,⭐⭐ GOOD,🟡 Good,USD,USD,False,True,True,1.0,,95.0,70.0,15.0,65.0,70.0,15.0,4.9,False,down,30.5,False,0,25.7,False,0,"{'eps_growth_yoy': 30.5, 'positive_quarters': 4, 'earnings_accelerating': False, 'eps_accel_quarters': 0, 'profit_margin_pct': 34.1}","{'revenue_growth_yoy': 25.7, 'revenue_accelerating': False, 'rev_accel_quarters': 0}","{'rs_3m': -24.8, 'rs_6m': -28.9, 'rs_line_percentile': 4.9, 'rs_line_at_new_high': False, 'rs_line_trend': 'down', 'rs_line_score': 15}","{'current_ratio': 1.18, 'operating_margin_pct': 53.8}","{'days_to_earnings': 'N/A', 'recommendation': 'buy', 'analyst_upside_pct': 48.9}",983.19,21234579456,Technology,Software - Application,10.0,4.9,True,1998.01,-50.8,0,False,1463.84,1750.0,696.0,19.0,buy,48.9,1520.61,54.7,1091.4,11.0,3.65,35.86,,,,0.09,True,-16.93,6.7,28.8,55.0,2026-11-04,False,False,7,NEUTRAL,3.52,996.8,0.45,75.5,,,,2026-09-10T10:43:39.491100
MTD,Mettler-Toledo International Inc.,65.3,⭐⭐ GOOD,🟡 Good,USD,USD,False,True,True,1.0,,95.0,60.0,46.7,50.0,50.0,35.0,35.6,False,flat,15.1,True,1,4.5,True,1,"{'eps_growth_yoy': 15.1, 'positive_quarters': 4, 'earnings_accelerating': True, 'eps_accel_quarters': 1, 'profit_margin_pct': 21.9}","{'revenue_growth_yoy': 4.5, 'revenue_accelerating': True, 'rev_accel_quarters': 1}","{'rs_3m': 8.5, 'rs_6m': -8.3, 'rs_line_percentile': 35.6, 'rs_line_at_new_high': False, 'rs_line_trend': 'flat', 'rs_line_score': 35}","{'debt_to_equity': 166.68, 'current_ratio': 1.12, 'operating_margin_pct': 31.2}","{'days_to_earnings': 'N/A', 'recommendation': 'hold', 'analyst_upside_pct': 12.5}",1290.36,25854375936,Healthcare,Diagnostics & Research,4.1,4.3,False,1525.17,-15.4,2,False,1451.92,1600.0,1200.0,13.0,hold,12.5,949.22,-26.4,791.11,-38.7,2.68,34.62,,,,,True,-3.0,16.8,7.3,56.0,2026-11-05,False,False,6,NEUTRAL,4.0,110.6,1.36,17.0,82.1,4.83,65.1,2026-09-10T10:44:31.717368
FCNCA,"First Citizens BancShares, Inc.",65.3,⭐⭐ GOOD,🟡 Good,USD,USD,False,True,False,0.911,"acciones × precio no cuadra con la capitalización (ratio 0.9110): el dato por acción y el precio no están en la misma unidad — típico de ADR. Los ratios por acción (EPS, FCF/acción, DCF) no son utilizables",95.0,50.0,47.6,65.0,50.0,35.0,42.2,False,flat,16.9,True,1,2.5,False,0,"{'eps_growth_yoy': 16.9, 'positive_quarters': 4, 'earnings_accelerating': True, 'eps_accel_quarters': 1, 'profit_margin_pct': 25.2}","{'revenue_growth_yoy': 2.5, 'revenue_accelerating': False, 'rev_accel_quarters': 0}","{'rs_3m': -4.5, 'rs_6m': 1.4, 'rs_line_percentile': 42.2, 'rs_line_at_new_high': False, 'rs_line_trend': 'flat', 'rs_line_score': 35}","{'roe_pct': 10.7, 'operating_margin_pct': 39.0}","{'days_to_earnings': 'N/A', 'recommendation': 'none', 'analyst_upside_pct': 10.0}",2128.94,24042375168,Financial Services,Banks - Regional,4.8,5.9,False,2296.3,-7.3,5,False,2342.67,2525.0,2100.0,12.0,none,10.0,,,,,5.66,132.29,0.39,4.4,8.4,0.31,True,-13.73,,15.5,42.0,2026-10-22,False,False,5,NEUTRAL,,,0.35,20.8,0.4,0.02,-20.4,2026-09-10T10:49:28.702756
RSG,"Republic Services, Inc.",65.3,⭐⭐ GOOD,🟡 Good,USD,USD,False,True,True,1.0,"FCF declarado (1,942,625,024) se aparta del derivado de flujo operativo menos capex (2,655,000,128)",80.0,70.0,44.0,60.0,60.0,35.0,30.7,False,up,2.9,True,1,4.6,True,2,"{'eps_growth_yoy': 2.9, 'positive_quarters': 4, 'earnings_accelerating': True, 'eps_accel_quarters': 1, 'profit_margin_pct': 12.9}","{'revenue_growth_yoy': 4.6, 'revenue_accelerating': True, 'rev_accel_quarters': 2}","{'rs_3m': -0.4, 'rs_6m': -13.3, 'rs_line_percentile': 30.7, 'rs_line_at_new_high': False, 'rs_line_trend': 'up', 'rs_line_score': 35}","{'roe_pct': 18.2, 'debt_to_equity': 1.19, 'current_ratio': 0.64, 'operating_margin_pct': 20.4}","{'days_to_earnings': 'N/A', 'recommendation': 'buy', 'analyst_upside_pct': 10.5}",222.47,68123205632,Industrials,Waste Management,2.1,3.0,False,233.42,-4.7,6,False,245.92,272.0,208.0,24.0,buy,10.5,102.05,-54.1,71.0,-68.1,2.85,6.34,1.2,35.4,2.68,1.21,True,-2.16,5.3,3.6,49.0,2026-10-29,False,False,6,NEUTRAL,3.85,24.7,5.41,13.8,,,,2026-09-10T10:42:13.692450
DBOEY,Deutsche Börse AG,65.1,⭐⭐ GOOD,🟡 Good,USD,EUR,True,True,True,1.0,,75.0,50.0,60.3,80.0,60.0,60.0,70.8,False,up,8.4,False,0,7.8,False,0,"{'eps_growth_yoy': 8.4, 'positive_quarters': 4, 'earnings_accelerating': False, 'eps_accel_quarters': 0, 'profit_margin_pct': 27.3}","{'revenue_growth_yoy': 7.8, 'revenue_accelerating': False, 'rev_accel_quarters': 0}","{'rs_3m': 6.5, 'rs_6m': 4.6, 'rs_line_percentile': 70.8, 'rs_line_at_new_high': False, 'rs_line_trend': 'up', 'rs_line_score': 60}","{'roe_pct': 20.4, 'debt_to_equity': 0.58, 'current_ratio': 1.01, 'operating_margin_pct': 41.9}","{'days_to_earnings': 'N/A', 'recommendation': 'strong_buy', 'analyst_upside_pct': 9.0}",31.75,57241329664,Financial Services,Financial Data & Stock Exchanges,,,False,33.91,-6.4,8,True,34.62,34.62,34.62,1.0,strong_buy,9.0,32.2,1.4,18.08,-43.1,4.43,1.41,1.5,36.0,0.49,1.9,,,,6.9,40.0,2026-10-20,False,False,5,NEUTRAL,4.92,66.8,1.47,18.7,,,,2026-09-10T10:44:20.475710
TW,Tradeweb Markets Inc.,65.0,⭐⭐ GOOD,🟡 Good,USD,USD,False,True,False,0.5279,"acciones × precio no cuadra con la capitalización (ratio 0.5279): el dato por acción y el precio no están en la misma unidad — típico de ADR. Los ratios por acción (EPS, FCF/acción, DCF) no son utilizables",95.0,50.0,24.0,85.0,65.0,15.0,15.8,False,flat,17.9,True,1,9.0,False,0,"{'eps_growth_yoy': 17.9, 'positive_quarters': 4, 'earnings_accelerating': True, 'eps_accel_quarters': 1, 'profit_margin_pct': 40.7}","{'revenue_growth_yoy': 9.0, 'revenue_accelerating': False, 'rev_accel_quarters': 0}","{'rs_3m': -3.3, 'rs_6m': -29.7, 'rs_line_percentile': 15.8, 'rs_line_at_new_high': False, 'rs_line_trend': 'flat', 'rs_line_score': 15}","{'roe_pct': 14.5, 'debt_to_equity': 0.02, 'current_ratio': 6.79, 'operating_margin_pct': 43.8}","{'days_to_earnings': 'N/A', 'recommendation': 'buy', 'analyst_upside_pct': 20.2}",102.94,22237949952,Financial Services,Capital Markets,3.2,2.3,False,127.69,-19.4,3,False,123.71,178.0,98.0,14.0,buy,20.2,,,,,4.79,9.34,0.54,12.4,0.56,0.4,True,-1.55,633.6,13.8,49.0,2026-10-29,False,False,8,STRONG,5.74,57.1,1.14,23.5,1.6,0.07,-21.9,2026-09-10T10:43:13.396702
PGR,The Progressive Corporation,64.6,⭐⭐ GOOD,🟡 Good,USD,USD,False,True,True,1.0,,80.0,60.0,46.7,75.0,50.0,35.0,28.5,False,down,4.3,True,1,7.3,True,1,"{'eps_growth_yoy': 4.3, 'positive_quarters': 4, 'earnings_accelerating': True, 'eps_accel_quarters': 1, 'profit_margin_pct': 12.8}","{'revenue_growth_yoy': 7.3, 'revenue_accelerating': True, 'rev_accel_quarters': 1}","{'rs_3m': 0.2, 'rs_6m': -6.1, 'rs_line_percentile': 28.5, 'rs_line_at_new_high': False, 'rs_line_trend': 'down', 'rs_line_score': 35}","{'roe_pct': 34.9, 'debt_to_equity': 0.24, 'current_ratio': 0.29, 'operating_margin_pct': 18.2}","{'days_to_earnings': 'N/A', 'recommendation': 'hold', 'analyst_upside_pct': 7.7}",215.5,125227057152,Financial Services,Insurance - Property & Casualty,1.0,2.1,False,249.71,-13.7,4,False,232.0,309.0,198.0,21.0,hold,7.7,416.65,93.3,199.8,-7.3,12.07,26.01,0.19,69.7,0.4,1.99,True,-0.95,50.8,2.0,34.0,2026-10-14,False,False,6,NEUTRAL,11.03,,2.65,28.4,,,,2026-09-10T10:46:13.284941
ECL,Ecolab Inc.,64.5,⭐⭐ GOOD,🟡 Good,USD,USD,False,True,True,1.0,"FCF declarado (1,474,824,960) se aparta del derivado de flujo operativo menos capex (2,008,500,000)",80.0,60.0,38.7,75.0,65.0,15.0,22.5,False,down,2.0,True,1,9.7,True,1,"{'eps_growth_yoy': 2.0, 'positive_quarters': 4, 'earnings_accelerating': True, 'eps_accel_quarters': 1, 'profit_margin_pct': 12.6}","{'revenue_growth_yoy': 9.7, 'revenue_accelerating': True, 'rev_accel_quarters': 1}","{'rs_3m': 0.8, 'rs_6m': -14.5, 'rs_line_percentile': 22.5, 'rs_line_at_new_high': False, 'rs_line_trend': 'down', 'rs_line_score': 15}","{'roe_pct': 22.0, 'debt_to_equity': 1.38, 'current_ratio': 1.84, 'operating_margin_pct': 18.5}","{'days_to_earnings': 'N/A', 'recommendation': 'buy', 'analyst_upside_pct': 19.4}",272.21,76308250624,Basic Materials,Specialty Chemicals,1.4,2.9,False,309.27,-12.0,4,False,324.95,360.0,295.0,21.0,buy,19.4,78.41,-71.2,73.0,-73.2,1.93,5.26,1.07,38.1,2.92,1.06,True,-1.64,9.1,3.3,47.0,2026-10-27,False,False,6,NEUTRAL,3.35,52.2,8.76,18.6,,,,2026-09-10T10:43:54.278594
ITW,Illinois Tool Works Inc.,64.5,⭐⭐ GOOD,🟡 Good,USD,USD,False,True,True,1.0,,90.0,60.0,38.7,65.0,50.0,15.0,20.6,False,down,7.9,True,2,6.1,True,1,"{'eps_growth_yoy': 7.9, 'positive_quarters': 4, 'earnings_accelerating': True, 'eps_accel_quarters': 2, 'profit_margin_pct': 19.4}","{'revenue_growth_yoy': 6.1, 'revenue_accelerating': True, 'rev_accel_quarters': 1}","{'rs_3m': 0.8, 'rs_6m': -14.9, 'rs_line_percentile': 20.6, 'rs_line_at_new_high': False, 'rs_line_trend': 'down', 'rs_line_score': 15}","{'roe_pct': 104.6, 'debt_to_equity': 3.35, 'current_ratio': 1.11, 'operating_margin_pct': 26.9}","{'days_to_earnings': 'N/A', 'recommendation': 'hold', 'analyst_upside_pct': 14.3}",263.99,75184349184,Industrials,Specialty Industrial Machinery,3.1,6.2,False,303.16,-12.9,4,False,301.86,350.0,249.0,14.0,hold,14.3,169.1,-35.9,109.59,-58.5,3.24,8.54,2.56,58.3,6.88,2.26,True,-2.49,14.6,4.0,43.0,2026-10-23,False,False,5,NEUTRAL,5.07,118.3,2.11,13.3,,,,2026-09-10T10:45:24.358772
ADP,"Automatic Data Processing, Inc.",64.5,⭐⭐ GOOD,🟡 Good,USD,USD,False,True,True,1.0,,75.0,50.0,58.7,85.0,50.0,35.0,43.0,False,up,7.5,False,0,6.8,False,0,"{'eps_growth_yoy': 7.5, 'positive_quarters': 4, 'earnings_accelerating': False, 'eps_accel_quarters': 0, 'profit_margin_pct': 20.1}","{'revenue_growth_yoy': 6.8, 'revenue_accelerating': False, 'rev_accel_quarters': 0}","{'rs_3m': 10.3, 'rs_6m': 13.2, 'rs_line_percentile': 43.0, 'rs_line_at_new_high': False, 'rs_line_trend': 'up', 'rs_line_score': 35}","{'roe_pct': 72.2, 'debt_to_equity': 0.91, 'current_ratio': 1.05, 'operating_margin_pct': 23.5}","{'days_to_earnings': 'N/A', 'recommendation': 'hold', 'analyst_upside_pct': 8.4}",265.22,105362030592,Technology,Software - Application,3.1,4.6,False,299.22,-11.4,6,False,287.6,322.0,225.0,15.0,hold,8.4,258.07,-2.7,108.2,-59.2,4.98,13.2,2.56,60.7,6.8,2.04,True,-1.98,13.5,3.9,48.0,2026-10-28,False,False,6,NEUTRAL,5.8,173.6,2.02,24.9,,,,2026-09-10T10:41:36.237278
SPGI,S&P Global Inc.,64.0,⭐⭐ GOOD,🟡 Good,USD,USD,False,True,True,1.0,,85.0,60.0,36.0,65.0,65.0,15.0,14.2,False,up,13.5,False,0,10.4,False,0,"{'eps_growth_yoy': 13.5, 'positive_quarters': 4, 'earnings_accelerating': False, 'eps_accel_quarters': 0, 'profit_margin_pct': 30.5}","{'revenue_growth_yoy': 10.4, 'revenue_accelerating': False, 'rev_accel_quarters': 0}","{'rs_3m': -1.4, 'rs_6m': -9.8, 'rs_line_percentile': 14.2, 'rs_line_at_new_high': False, 'rs_line_trend': 'up', 'rs_line_score': 15}","{'roe_pct': 14.3, 'debt_to_equity': 0.43, 'current_ratio': 0.95, 'operating_margin_pct': 44.8}","{'days_to_earnings': 'N/A', 'recommendation': 'strong_buy', 'analyst_upside_pct': 24.4}",418.36,123332526080,Financial Services,Financial Data & Stock Exchanges,2.6,3.8,False,522.46924,-19.9,1,False,520.3,553.0,485.0,20.0,strong_buy,24.4,495.13,18.4,283.55,-32.2,4.42,18.48,0.93,23.5,3.88,0.82,True,-4.22,22.7,17.7,49.0,2026-10-29,False,False,7,NEUTRAL,4.65,942.7,1.17,30.6,0.4,0.01,-30.2,2026-09-10T10:41:47.460527
BR,"Broadridge Financial Solutions, Inc.",63.5,⭐⭐ GOOD,🟡 Good,USD,USD,False,True,True,1.0,,80.0,50.0,42.3,80.0,65.0,15.0,19.3,False,up,6.4,True,1,7.5,False,0,"{'eps_growth_yoy': 6.4, 'positive_quarters': 4, 'earnings_accelerating': True, 'eps_accel_quarters': 1, 'profit_margin_pct': 15.0}","{'revenue_growth_yoy': 7.5, 'revenue_accelerating': False, 'rev_accel_quarters': 0}","{'rs_3m': 10.9, 'rs_6m': -19.8, 'rs_line_percentile': 19.3, 'rs_line_at_new_high': False, 'rs_line_trend': 'up', 'rs_line_score': 15}","{'roe_pct': 40.9, 'debt_to_equity': 1.24, 'current_ratio': 1.24, 'operating_margin_pct': 24.6}","{'days_to_earnings': 'N/A', 'recommendation': 'buy', 'analyst_upside_pct': 26.9}",168.1,19167066112,Technology,Information Technology Services,3.3,2.9,False,255.74,-34.3,1,False,213.38,250.0,176.0,8.0,buy,26.9,193.4,15.1,95.6,-43.1,6.23,10.48,2.59,40.6,4.36,1.69,True,-3.15,13.9,5.9,54.0,2026-11-03,False,False,8,STRONG,6.99,211.6,1.73,27.5,0.8,0.03,-26.7,2026-09-10T10:42:24.741192
ORLY,"O'Reilly Automotive, Inc.",63.3,⭐⭐ GOOD,🟡 Good,USD,USD,False,True,True,1.0,"FCF declarado (1,570,733,824) se aparta del derivado de flujo operativo menos capex (2,120,623,976)",90.0,70.0,24.0,50.0,65.0,15.0,5.9,False,down,7.0,True,2,8.1,True,2,"{'eps_growth_yoy': 7.0, 'positive_quarters': 4, 'earnings_accelerating': True, 'eps_accel_quarters': 2, 'profit_margin_pct': 14.3}","{'revenue_growth_yoy': 8.1, 'revenue_accelerating': True, 'rev_accel_quarters': 2}","{'rs_3m': -10.2, 'rs_6m': -22.1, 'rs_line_percentile': 5.9, 'rs_line_at_new_high': False, 'rs_line_trend': 'down', 'rs_line_score': 15}","{'current_ratio': 0.75, 'operating_margin_pct': 20.2}","{'days_to_earnings': 'N/A', 'recommendation': 'buy', 'analyst_upside_pct': 25.2}",86.08,69635342336,Consumer Cyclical,Auto Parts,3.0,3.5,False,108.72,-20.8,1,False,107.8,120.0,89.0,25.0,buy,25.2,38.75,-55.0,32.44,-62.3,2.26,1.94,,,,,True,-4.82,14.4,10.3,48.0,2026-10-28,False,False,7,NEUTRAL,4.4,40.2,2.29,17.6,,,,2026-09-10T10:44:46.881276
ROL,"Rollins, Inc.",63.2,⭐⭐ GOOD,🟡 Good,USD,USD,False,True,True,1.0,,90.0,70.0,15.0,65.0,60.0,15.0,0.0,False,down,1.7,True,2,7.9,True,2,"{'eps_growth_yoy': 1.7, 'positive_quarters': 4, 'earnings_accelerating': True, 'eps_accel_quarters': 2, 'profit_margin_pct': 13.6}","{'revenue_growth_yoy': 7.9, 'revenue_accelerating': True, 'rev_accel_quarters': 2}","{'rs_3m': -32.7, 'rs_6m': -51.2, 'rs_line_percentile': 0.0, 'rs_line_at_new_high': False, 'rs_line_trend': 'down', 'rs_line_score': 15}","{'roe_pct': 37.0, 'debt_to_equity': 0.78, 'current_ratio': 0.63, 'operating_margin_pct': 18.8}","{'days_to_earnings': 'N/A', 'recommendation': 'hold', 'analyst_upside_pct': 32.0}",34.54,16618763264,Consumer Cyclical,Personal Services,4.5,2.1,False,66.14,-47.8,0,False,45.59,66.0,32.0,17.0,hold,32.0,15.41,-55.4,10.8,-68.7,3.02,1.04,2.09,64.9,0.73,1.15,True,-1.47,21.8,1.2,48.0,2026-10-28,False,False,6,NEUTRAL,4.14,132.5,8.57,18.6,1.6,0.08,-17.0,2026-09-10T10:41:39.847110
AZO,"AutoZone, Inc.",63.0,⭐⭐ GOOD,🟡 Good,USD,USD,False,True,True,,"FCF declarado (903,784,256) se aparta del derivado de flujo operativo menos capex (1,745,085,016)",90.0,70.0,24.0,45.0,70.0,15.0,0.5,False,down,5.4,True,2,8.4,True,2,"{'eps_growth_yoy': 5.4, 'positive_quarters': 4, 'earnings_accelerating': True, 'eps_accel_quarters': 2, 'profit_margin_pct': 12.4}","{'revenue_growth_yoy': 8.4, 'revenue_accelerating': True, 'rev_accel_quarters': 2}","{'rs_3m': -11.8, 'rs_6m': -34.9, 'rs_line_percentile': 0.5, 'rs_line_at_new_high': False, 'rs_line_trend': 'down', 'rs_line_score': 15}","{'current_ratio': 0.89, 'operating_margin_pct': 19.1}","{'days_to_earnings': 'N/A', 'recommendation': 'strong_buy', 'analyst_upside_pct': 35.4}",2910.97,0,Consumer Cyclical,Auto Parts,2.8,2.6,False,4388.11,-33.7,0,False,3941.83,4800.0,3200.0,23.0,strong_buy,35.4,,,1435.1,-50.7,,,,,,,False,,7.5,7.7,12.0,2026-09-22,False,True,6,NEUTRAL,6.0,35.3,2.16,20.9,0.2,0.01,-20.7,2026-09-10T10:44:16.808746
WCN,"Waste Connections, Inc.",62.7,⭐⭐ GOOD,🟡 Good,USD,USD,False,True,True,1.0,,80.0,70.0,36.0,50.0,65.0,15.0,20.0,False,down,2.1,True,1,6.4,True,2,"{'eps_growth_yoy': 2.1, 'positive_quarters': 4, 'earnings_accelerating': True, 'eps_accel_quarters': 1, 'profit_margin_pct': 10.9}","{'revenue_growth_yoy': 6.4, 'revenue_accelerating': True, 'rev_accel_quarters': 2}","{'rs_3m': -3.8, 'rs_6m': -16.2, 'rs_line_percentile': 20.0, 'rs_line_at_new_high': False, 'rs_line_trend': 'down', 'rs_line_score': 15}","{'roe_pct': 13.0, 'debt_to_equity': 1.22, 'current_ratio': 0.66, 'operating_margin_pct': 19.7}","{'days_to_earnings': 'N/A', 'recommendation': 'strong_buy', 'analyst_upside_pct': 24.4}",161.25,40565542912,Industrials,Waste Management,1.7,2.8,False,179.74,-10.3,2,False,200.6,220.0,162.0,25.0,strong_buy,24.4,65.1,-59.6,41.0,-74.6,2.59,4.17,0.87,33.0,1.4,0.69,True,-2.76,5.0,4.4,40.0,2026-10-20,False,False,6,NEUTRAL,3.49,19.4,5.9,14.7,35.9,2.44,21.2,2026-09-10T10:41:13.850896
AXP,American Express Company,62.5,⭐⭐ GOOD,🟡 Good,USD,USD,False,True,True,1.0,,70.0,60.0,36.0,85.0,65.0,15.0,14.4,False,down,7.8,False,0,10.0,True,1,"{'eps_growth_yoy': 7.8, 'positive_quarters': 4, 'earnings_accelerating': False, 'eps_accel_quarters': 0, 'profit_margin_pct': 16.1}","{'revenue_growth_yoy': 10.0, 'revenue_accelerating': True, 'rev_accel_quarters': 1}","{'rs_3m': -2.4, 'rs_6m': -7.5, 'rs_line_percentile': 14.4, 'rs_line_at_new_high': False, 'rs_line_trend': 'down', 'rs_line_score': 15}","{'roe_pct': 34.4, 'debt_to_equity': 1.72, 'current_ratio': 1.55, 'operating_margin_pct': 20.3}","{'days_to_earnings': 'N/A', 'recommendation': 'buy', 'analyst_upside_pct': 16.8}",321.8,217314689024,Financial Services,Credit Services,2.1,3.9,False,387.49,-17.0,2,False,375.96,450.0,315.0,25.0,buy,16.8,486.59,51.2,178.75,-44.5,7.36,23.7,1.18,21.5,3.8,1.1,True,-3.44,,7.7,43.0,2026-10-23,False,False,4,NEUTRAL,,,1.45,17.4,,,,2026-09-10T10:46:47.804530
VRSN,"VeriSign, Inc.",62.5,⭐⭐ GOOD,🟡 Good,USD,USD,False,True,True,1.0,,75.0,60.0,57.6,50.0,60.0,60.0,51.5,False,up,4.4,False,0,6.0,True,1,"{'eps_growth_yoy': 4.4, 'positive_quarters': 4, 'earnings_accelerating': False, 'eps_accel_quarters': 0, 'profit_margin_pct': 49.8}","{'revenue_growth_yoy': 6.0, 'revenue_accelerating': True, 'rev_accel_quarters': 1}","{'rs_3m': -5.5, 'rs_6m': 9.1, 'rs_line_percentile': 51.5, 'rs_line_at_new_high': False, 'rs_line_trend': 'up', 'rs_line_score': 60}","{'current_ratio': 0.59, 'operating_margin_pct': 68.2}","{'days_to_earnings': 'N/A', 'recommendation': 'buy', 'analyst_upside_pct': 12.0}",286.94,25939376128,Technology,Software - Infrastructure,1.7,1.7,False,312.48,-8.2,7,True,321.4,355.0,270.0,5.0,buy,12.0,165.22,-42.4,92.1,-67.9,3.21,9.21,1.13,34.3,3.24,,True,-3.47,15.5,5.4,42.0,2026-10-22,False,False,8,STRONG,4.21,512.5,3.39,28.5,0.8,0.03,-27.7,2026-09-10T10:42:20.813209
CP,Canadian Pacific Kansas City Limited,62.0,⭐⭐ GOOD,🟡 Good,USD,CAD,True,True,True,1.0,"FCF declarado (1,578,967,369) se aparta del derivado de flujo operativo menos capex (841,122,470)",65.0,70.0,54.0,55.0,60.0,60.0,57.0,False,flat,-17.0,True,1,12.6,True,1,"{'eps_growth_yoy': -17.0, 'positive_quarters': 4, 'earnings_accelerating': True, 'eps_accel_quarters': 1, 'profit_margin_pct': 25.0}","{'revenue_growth_yoy': 12.6, 'revenue_accelerating': True, 'rev_accel_quarters': 1}","{'rs_3m': -4.6, 'rs_6m': -4.5, 'rs_line_percentile': 57.0, 'rs_line_at_new_high': False, 'rs_line_trend': 'flat', 'rs_line_score': 60}","{'roe_pct': 8.2, 'debt_to_equity': 0.53, 'current_ratio': 0.59, 'operating_margin_pct': 39.0}","{'days_to_earnings': 'N/A', 'recommendation': 'buy', 'analyst_upside_pct': 12.6}",90.07,79178670080,Industrials,Railroads,2.1,6.6,False,96.9,-7.0,6,False,101.41,111.2,76.18,13.0,buy,12.6,26.43,-70.7,30.7,-65.9,1.99,1.8,0.83,22.1,0.76,0.76,True,-5.26,6.6,-13.5,48.0,2026-10-28,False,False,7,NEUTRAL,6.06,11.8,,22.4,,,,2026-09-10T10:46:58.838968
TJX,"The TJX Companies, Inc.",61.8,⭐⭐ GOOD,🟡 Good,USD,USD,False,True,True,1.0,"FCF declarado (4,398,125,056) se aparta del derivado de flujo operativo menos capex (6,076,999,872)",85.0,60.0,15.0,75.0,70.0,15.0,0.0,False,down,22.3,True,1,5.4,True,1,"{'eps_growth_yoy': 22.3, 'positive_quarters': 4, 'earnings_accelerating': True, 'eps_accel_quarters': 1, 'profit_margin_pct': 9.7}","{'revenue_growth_yoy': 5.4, 'revenue_accelerating': True, 'rev_accel_quarters': 1}","{'rs_3m': -29.9, 'rs_6m': -32.9, 'rs_line_percentile': 0.0, 'rs_line_at_new_high': False, 'rs_line_trend': 'down', 'rs_line_score': 15}","{'roe_pct': 62.2, 'debt_to_equity': 1.34, 'current_ratio': 1.15, 'operating_margin_pct': 10.9}","{'days_to_earnings': 'N/A', 'recommendation': 'buy', 'analyst_upside_pct': 34.6}",126.12,138728718336,Consumer Cyclical,Apparel Retail,1.8,4.0,False,170.0,-25.8,1,False,169.8,198.0,136.0,20.0,buy,34.6,134.13,6.4,124.61,-1.2,3.17,4.0,1.52,32.5,1.92,1.35,True,-2.02,108.3,23.6,69.0,2026-11-18,False,False,7,NEUTRAL,5.01,36.2,0.93,20.8,,,,2026-09-10T10:46:55.283585
NOW,"ServiceNow, Inc.",61.8,⭐⭐ GOOD,🟡 Good,USD,USD,False,True,True,1.0,,50.0,90.0,53.9,50.0,60.0,35.0,31.2,False,up,-22.6,False,0,24.0,True,2,"{'eps_growth_yoy': -22.6, 'positive_quarters': 4, 'earnings_accelerating': False, 'eps_accel_quarters': 0, 'profit_margin_pct': 11.3}","{'revenue_growth_yoy': 24.0, 'revenue_accelerating': True, 'rev_accel_quarters': 2}","{'rs_3m': 18.3, 'rs_6m': 0.1, 'rs_line_percentile': 31.2, 'rs_line_at_new_high': False, 'rs_line_trend': 'up', 'rs_line_score': 35}","{'roe_pct': 14.2, 'debt_to_equity': 0.68, 'current_ratio': 0.7, 'operating_margin_pct': 4.1}","{'days_to_earnings': 'N/A', 'recommendation': 'strong_buy', 'analyst_upside_pct': 8.5}",131.11,135549648896,Technology,Software - Application,2.8,1.2,False,194.726,-32.7,4,False,142.28,248.0,72.0,46.0,strong_buy,8.5,73.29,-44.1,15.6,-88.1,3.8,4.98,,,,,True,-2.51,29.3,-21.9,48.0,2026-10-28,False,False,4,NEUTRAL,1.64,73.1,,64.3,,,,2026-09-10T10:44:58.214772
FDS,FactSet Research Systems Inc.,61.7,⭐⭐ GOOD,🟡 Good,USD,USD,False,True,True,1.0,,65.0,60.0,58.7,70.0,50.0,35.0,34.2,False,up,-14.7,True,1,6.4,True,1,"{'eps_growth_yoy': -14.7, 'positive_quarters': 4, 'earnings_accelerating': True, 'eps_accel_quarters': 1, 'profit_margin_pct': 23.2}","{'revenue_growth_yoy': 6.4, 'revenue_accelerating': True, 'rev_accel_quarters': 1}","{'rs_3m': 7.1, 'rs_6m': 23.7, 'rs_line_percentile': 34.2, 'rs_line_at_new_high': False, 'rs_line_trend': 'up', 'rs_line_score': 35}","{'roe_pct': 27.0, 'debt_to_equity': 0.77, 'current_ratio': 0.68, 'operating_margin_pct': 30.5}","{'days_to_earnings': 'N/A', 'recommendation': 'hold', 'analyst_upside_pct': -6.4}",279.17,9928833024,Financial Services,Financial Data & Stock Exchanges,11.6,4.1,True,370.98,-24.7,6,False,261.19,340.0,210.0,16.0,hold,-6.4,256.99,-7.9,151.9,-45.6,6.26,17.47,1.66,29.4,4.64,1.04,True,-6.17,14.1,-3.8,7.0,2026-09-17,True,False,6,NEUTRAL,6.94,187.1,,40.9,0.2,0.0,-40.7,2026-09-10T10:46:05.613523
MSCI,MSCI Inc.,61.7,⭐⭐ GOOD,🟡 Good,USD,USD,False,True,True,1.0,,85.0,60.0,36.0,50.0,65.0,15.0,8.1,False,down,12.6,False,0,12.2,False,0,"{'eps_growth_yoy': 12.6, 'positive_quarters': 4, 'earnings_accelerating': False, 'eps_accel_quarters': 0, 'profit_margin_pct': 40.7}","{'revenue_growth_yoy': 12.2, 'revenue_accelerating': False, 'rev_accel_quarters': 0}","{'rs_3m': -13.9, 'rs_6m': -11.2, 'rs_line_percentile': 8.1, 'rs_line_at_new_high': False, 'rs_line_trend': 'down', 'rs_line_score': 15}","{'current_ratio': 0.89, 'operating_margin_pct': 56.3}","{'days_to_earnings': 'N/A', 'recommendation': 'strong_buy', 'analyst_upside_pct': 24.8}",554.54,40315056128,Financial Services,Financial Data & Stock Exchanges,1.8,1.4,False,644.77,-14.0,4,False,692.06,760.0,570.0,17.0,strong_buy,24.8,473.77,-14.6,358.68,-35.3,2.96,16.43,1.48,42.1,8.2,1.01,True,-6.74,7.2,19.6,40.0,2026-10-20,False,False,8,STRONG,3.66,851.3,1.26,24.9,,,,2026-09-10T10:42:43.073548
MCD,McDonald's Corporation,61.5,⭐⭐ GOOD,🟡 Good,USD,USD,False,True,True,1.0,,85.0,60.0,24.0,65.0,65.0,15.0,0.3,False,down,4.8,True,1,3.8,True,1,"{'eps_growth_yoy': 4.8, 'positive_quarters': 4, 'earnings_accelerating': True, 'eps_accel_quarters': 1, 'profit_margin_pct': 31.7}","{'revenue_growth_yoy': 3.8, 'revenue_accelerating': True, 'rev_accel_quarters': 1}","{'rs_3m': -15.0, 'rs_6m': -34.3, 'rs_line_percentile': 0.3, 'rs_line_at_new_high': False, 'rs_line_trend': 'down', 'rs_line_score': 15}","{'current_ratio': 1.08, 'operating_margin_pct': 46.5}","{'days_to_earnings': 'N/A', 'recommendation': 'buy', 'analyst_upside_pct': 24.4}",253.48,179372965888,Consumer Cyclical,Restaurants,1.7,2.4,False,341.75,-25.8,0,False,315.39,407.0,250.0,31.0,buy,24.4,146.0,-42.4,121.9,-51.9,3.49,8.85,2.91,59.7,7.44,2.24,True,-1.3,7.9,4.0,56.0,2026-11-05,False,False,6,NEUTRAL,5.35,29.1,3.18,17.8,0.8,0.04,-17.0,2026-09-10T10:44:28.169420
PEP,"PepsiCo, Inc.",61.5,⭐⭐ GOOD,🟡 Good,USD,USD,False,True,True,1.0,,100.0,60.0,24.0,45.0,50.0,15.0,4.5,False,flat,136.0,True,1,6.4,True,1,"{'eps_growth_yoy': 136.0, 'positive_quarters': 4, 'earnings_accelerating': True, 'eps_accel_quarters': 1, 'profit_margin_pct': 10.8}","{'revenue_growth_yoy': 6.4, 'revenue_accelerating': True, 'rev_accel_quarters': 1}","{'rs_3m': -9.6, 'rs_6m': -26.2, 'rs_line_percentile': 4.5, 'rs_line_at_new_high': False, 'rs_line_trend': 'flat', 'rs_line_score': 15}","{'roe_pct': 51.5, 'debt_to_equity': 2.39, 'current_ratio': 0.93, 'operating_margin_pct': 16.8}","{'days_to_earnings': 'N/A', 'recommendation': 'hold', 'analyst_upside_pct': 13.4}",136.69,186718535680,Consumer Defensive,Beverages - Non-Alcoholic,1.9,3.2,False,171.48,-20.3,2,False,155.0,183.0,124.0,22.0,hold,13.4,243.14,77.9,225.9,65.3,4.19,5.73,4.28,75.3,5.92,3.03,True,-0.53,12.7,54.8,28.0,2026-10-08,False,False,5,NEUTRAL,4.96,33.8,0.11,16.7,0.4,0.02,-16.3,2026-09-10T10:46:44.055881
TYL,"Tyler Technologies, Inc.",61.0,⭐⭐ GOOD,🟡 Good,USD,USD,False,True,True,1.0,,80.0,50.0,38.7,75.0,55.0,15.0,16.5,False,up,10.5,False,0,8.2,False,0,"{'eps_growth_yoy': 10.5, 'positive_quarters': 4, 'earnings_accelerating': False, 'eps_accel_quarters': 0, 'profit_margin_pct': 13.4}","{'revenue_growth_yoy': 8.2, 'revenue_accelerating': False, 'rev_accel_quarters': 0}","{'rs_3m': 7.8, 'rs_6m': -14.9, 'rs_line_percentile': 16.5, 'rs_line_at_new_high': False, 'rs_line_trend': 'up', 'rs_line_score': 15}","{'roe_pct': 9.7, 'debt_to_equity': 0.48, 'current_ratio': 1.55, 'operating_margin_pct': 14.7}","{'days_to_earnings': 'N/A', 'recommendation': 'none', 'analyst_upside_pct': 24.5}",342.68,14033524736,Technology,Software - Application,10.6,4.5,True,555.52,-38.3,1,False,426.64,525.0,335.0,22.0,none,24.5,356.81,4.1,116.25,-66.1,4.24,14.52,,,,,True,-6.61,65.3,7.8,48.0,2026-10-28,False,False,8,STRONG,2.72,139.0,1.44,40.6,3.1,0.08,-37.5,2026-09-10T10:43:28.428401
LIN,Linde plc,61.0,⭐⭐ GOOD,🟡 Good,USD,USD,False,True,True,1.0,,75.0,60.0,36.0,65.0,65.0,15.0,19.9,False,down,9.2,False,0,9.3,True,1,"{'eps_growth_yoy': 9.2, 'positive_quarters': 4, 'earnings_accelerating': False, 'eps_accel_quarters': 0, 'profit_margin_pct': 20.4}","{'revenue_growth_yoy': 9.3, 'revenue_accelerating': True, 'rev_accel_quarters': 1}","{'rs_3m': -13.4, 'rs_6m': -15.8, 'rs_line_percentile': 19.9, 'rs_line_at_new_high': False, 'rs_line_trend': 'down', 'rs_line_score': 15}","{'roe_pct': 18.4, 'debt_to_equity': 0.69, 'current_ratio': 0.88, 'operating_margin_pct': 28.1}","{'days_to_earnings': 'N/A', 'recommendation': 'buy', 'analyst_upside_pct': 16.7}",466.65,215116382208,Basic Materials,Specialty Chemicals,1.1,2.3,False,548.2,-14.9,4,False,544.54,580.0,400.0,24.0,buy,16.7,187.6,-59.8,174.59,-62.6,1.93,9.03,1.37,40.0,6.4,1.3,True,-1.89,21.3,11.3,50.0,2026-10-30,False,False,5,NEUTRAL,3.9,31.9,2.11,15.6,41.2,2.64,25.6,2026-09-10T10:41:28.671664
TNE.AX,Technology One Limited,60.8,⭐⭐ GOOD,🟡 Good,AUD,AUD,False,True,True,1.0,,60.0,50.0,50.0,95.0,60.0,,,,,,,0,,,0,{'profit_margin_pct': 22.4},{},"{'rs_3m': -12.5, 'rs_6m': -2.1}","{'roe_pct': 33.5, 'debt_to_equity': 0.12, 'current_ratio': 1.12, 'operating_margin_pct': 27.1}","{'days_to_earnings': 'N/A', 'recommendation': 'buy', 'analyst_upside_pct': 9.1}",28.56,9349645312,Technology,Software - Application,,,False,39.99,-28.6,3,False,31.16,34.25,22.0,16.0,buy,9.1,7.85,-72.5,4.3,-84.9,1.63,0.46,0.97,62.2,0.28,0.97,,,,4.4,67.0,2026-11-17,False,False,3,NEUTRAL,2.0,162.9,7.48,30.1,,,,2026-09-10T10:46:36.396917
STZ,"Constellation Brands, Inc.",60.8,⭐⭐ GOOD,🟡 Good,USD,USD,False,True,True,0.9997,,100.0,40.0,24.0,60.0,70.0,15.0,1.8,False,down,26.7,True,1,-3.3,True,1,"{'eps_growth_yoy': 26.7, 'positive_quarters': 4, 'earnings_accelerating': True, 'eps_accel_quarters': 1, 'profit_margin_pct': 20.1}","{'revenue_growth_yoy': -3.3, 'revenue_accelerating': True, 'rev_accel_quarters': 1}","{'rs_3m': -19.3, 'rs_6m': -31.1, 'rs_line_percentile': 1.8, 'rs_line_at_new_high': False, 'rs_line_trend': 'down', 'rs_line_score': 15}","{'roe_pct': 23.7, 'debt_to_equity': 1.23, 'current_ratio': 0.91, 'operating_margin_pct': 35.9}","{'days_to_earnings': 'N/A', 'recommendation': 'buy', 'analyst_upside_pct': 40.5}",121.55,20761270272,Consumer Defensive,Beverages - Brewers,4.9,4.1,False,168.6,-27.9,2,False,170.83,209.0,115.0,23.0,buy,40.5,549.0,351.7,316.5,160.4,10.65,12.95,3.39,39.0,4.12,1.81,True,-4.05,8.2,21.5,25.0,2026-10-05,False,False,6,NEUTRAL,8.7,29.4,0.32,34.1,3.1,0.09,-31.0,2026-09-10T10:48:23.710687
POOL,Pool Corporation,60.3,⭐⭐ GOOD,🟡 Good,USD,USD,False,True,True,1.0,"FCF declarado (212,930,256) se aparta del derivado de flujo operativo menos capex (310,312,016)",65.0,70.0,24.0,80.0,65.0,15.0,0.7,False,down,-3.2,True,2,2.2,True,2,"{'eps_growth_yoy': -3.2, 'positive_quarters': 4, 'earnings_accelerating': True, 'eps_accel_quarters': 2, 'profit_margin_pct': 7.4}","{'revenue_growth_yoy': 2.2, 'revenue_accelerating': True, 'rev_accel_quarters': 2}","{'rs_3m': -11.1, 'rs_6m': -27.3, 'rs_line_percentile': 0.7, 'rs_line_at_new_high': False, 'rs_line_trend': 'down', 'rs_line_score': 15}","{'roe_pct': 31.3, 'debt_to_equity': 1.35, 'current_ratio': 2.67, 'operating_margin_pct': 15.1}","{'days_to_earnings': 'N/A', 'recommendation': 'buy', 'analyst_upside_pct': 23.4}",177.92,6465745920,Industrials,Industrial Distribution,11.4,4.1,True,336.15,-47.1,0,False,219.5,260.0,185.0,12.0,buy,23.4,86.21,-51.5,109.2,-38.6,3.29,5.86,2.92,46.4,5.2,1.26,True,-4.25,16.2,,42.0,2026-10-22,False,False,5,NEUTRAL,7.14,34.5,2.02,30.2,0.8,0.03,-29.4,2026-09-10T10:48:19.547298
DPZ,"Domino's Pizza, Inc.",60.0,⭐⭐ GOOD,🟡 Good,USD,USD,False,True,True,1.0,,80.0,60.0,24.0,65.0,65.0,15.0,11.8,False,up,3.6,True,1,4.3,True,1,"{'eps_growth_yoy': 3.6, 'positive_quarters': 4, 'earnings_accelerating': True, 'eps_accel_quarters': 1, 'profit_margin_pct': 11.9}","{'revenue_growth_yoy': 4.3, 'revenue_accelerating': True, 'rev_accel_quarters': 1}","{'rs_3m': -2.6, 'rs_6m': -30.7, 'rs_line_percentile': 11.8, 'rs_line_at_new_high': False, 'rs_line_trend': 'up', 'rs_line_score': 15}","{'current_ratio': 1.54, 'operating_margin_pct': 19.1}","{'days_to_earnings': 'N/A', 'recommendation': 'buy', 'analyst_upside_pct': 18.4}",321.46,10634455040,Consumer Cyclical,Restaurants,10.0,3.1,True,458.29,-29.9,0,False,380.64,450.0,270.0,28.0,buy,18.4,277.55,-13.7,169.1,-47.4,5.0,16.07,2.48,42.3,7.96,1.25,True,-3.66,4.9,4.8,33.0,2026-10-13,False,False,8,STRONG,6.2,107.8,2.27,36.3,1.6,0.04,-34.7,2026-09-10T10:48:31.219121
IT,"Gartner, Inc.",59.5,⭐ AVERAGE,🟡 Average,USD,USD,False,True,True,1.0,,90.0,40.0,38.7,65.0,50.0,15.0,23.0,False,up,14.4,True,1,-0.6,True,1,"{'eps_growth_yoy': 14.4, 'positive_quarters': 4, 'earnings_accelerating': True, 'eps_accel_quarters': 1, 'profit_margin_pct': 12.0}","{'revenue_growth_yoy': -0.6, 'revenue_accelerating': True, 'rev_accel_quarters': 1}","{'rs_3m': 4.2, 'rs_6m': -7.5, 'rs_line_percentile': 23.0, 'rs_line_at_new_high': False, 'rs_line_trend': 'up', 'rs_line_score': 15}","{'roe_pct': 113.6, 'current_ratio': 0.88, 'operating_margin_pct': 22.6}","{'days_to_earnings': 'N/A', 'recommendation': 'hold', 'analyst_upside_pct': 9.1}",169.69,10715750400,Technology,Information Technology Services,16.4,4.8,True,265.85,-36.2,2,False,185.15,229.0,150.0,13.0,hold,9.1,706.85,316.6,327.9,93.2,9.82,16.67,,,,,True,-24.6,8.2,13.2,54.0,2026-11-03,False,False,6,NEUTRAL,8.71,255.4,0.31,52.4,0.2,0.0,-52.2,2026-09-10T10:45:46.872563
WM,"Waste Management, Inc.",59.5,⭐ AVERAGE,🟡 Average,USD,USD,False,True,True,1.0,"FCF declarado (2,348,375,040) se aparta del derivado de flujo operativo menos capex (3,290,000,192)",80.0,70.0,24.0,45.0,65.0,15.0,6.2,False,down,8.1,True,1,4.0,True,2,"{'eps_growth_yoy': 8.1, 'positive_quarters': 4, 'earnings_accelerating': True, 'eps_accel_quarters': 1, 'profit_margin_pct': 11.1}","{'revenue_growth_yoy': 4.0, 'revenue_accelerating': True, 'rev_accel_quarters': 2}","{'rs_3m': -8.9, 'rs_6m': -21.0, 'rs_line_percentile': 6.2, 'rs_line_at_new_high': False, 'rs_line_trend': 'down', 'rs_line_score': 15}","{'roe_pct': 29.8, 'debt_to_equity': 2.35, 'current_ratio': 0.91, 'operating_margin_pct': 19.0}","{'days_to_earnings': 'N/A', 'recommendation': 'buy', 'analyst_upside_pct': 20.1}",216.44,86514360320,Industrials,Waste Management,1.5,3.2,False,248.13,-12.8,4,False,259.92,277.0,220.0,25.0,buy,20.1,108.01,-50.1,70.3,-67.5,2.71,5.88,1.75,50.1,3.78,1.49,True,-1.16,5.0,8.3,46.0,2026-10-26,False,False,8,STRONG,3.97,21.3,2.86,12.8,1.6,0.12,-11.2,2026-09-10T10:41:17.386767
AUTO.L,Autotrader Group plc,59.5,⭐ AVERAGE,🟡 Average,GBp,GBP,True,True,False,100.0,"acciones × precio no cuadra con la capitalización (ratio 100.0000): el dato por acción y el precio no están en la misma unidad — típico de ADR. Los ratios por acción (EPS, FCF/acción, DCF) no son utilizables",60.0,50.0,50.0,90.0,55.0,,,,,,,0,,,0,{'profit_margin_pct': 47.1},{},"{'rs_3m': -0.8, 'rs_6m': -12.5}","{'roe_pct': 60.2, 'debt_to_equity': 0.52, 'current_ratio': 1.73, 'operating_margin_pct': 62.2}","{'days_to_earnings': 'N/A', 'recommendation': 'hold', 'analyst_upside_pct': 15.5}",491.3,3818683392,Communication Services,Internet Content & Information,,,False,828.8,-40.7,1,False,567.33,800.0,410.0,18.0,hold,15.5,,,,,6.38,0.31,2.26,32.0,12.0,1.38,,,,2.0,56.0,2026-11-05,False,False,5,NEUTRAL,9.47,332.4,2.2,33.2,,,,2026-09-10T10:47:22.109233
CPRT,"Copart, Inc.",59.3,⭐ AVERAGE,🟡 Average,USD,USD,False,True,True,1.0,,65.0,60.0,24.0,90.0,65.0,15.0,15.0,False,up,-1.0,True,1,2.1,True,1,"{'eps_growth_yoy': -1.0, 'positive_quarters': 4, 'earnings_accelerating': True, 'eps_accel_quarters': 1, 'profit_margin_pct': 33.5}","{'revenue_growth_yoy': 2.1, 'revenue_accelerating': True, 'rev_accel_quarters': 1}","{'rs_3m': -3.2, 'rs_6m': -23.2, 'rs_line_percentile': 15.0, 'rs_line_at_new_high': False, 'rs_line_trend': 'up', 'rs_line_score': 15}","{'roe_pct': 17.6, 'debt_to_equity': 0.01, 'current_ratio': 7.61, 'operating_margin_pct': 37.5}","{'days_to_earnings': 'N/A', 'recommendation': 'buy', 'analyst_upside_pct': 28.0}",32.03,29653739520,Industrials,Specialty Business Services,6.1,4.0,False,49.05,-34.7,1,False,41.0,55.0,25.0,10.0,buy,28.0,15.89,-50.4,15.8,-50.7,3.37,1.08,,,,,True,-4.77,,1.6,0.0,2026-09-10,True,False,6,NEUTRAL,6.64,19.3,8.29,45.2,1.6,0.03,-43.6,2026-09-10T10:41:55.103483
CME,CME Group Inc.,59.1,⭐ AVERAGE,🟡 Average,USD,USD,False,True,True,1.0,"FCF declarado (2,909,012,480) se aparta del derivado de flujo operativo menos capex (4,225,500,192)",75.0,50.0,32.0,85.0,50.0,35.0,37.7,False,up,1.6,False,0,0.8,False,0,"{'eps_growth_yoy': 1.6, 'positive_quarters': 4, 'earnings_accelerating': False, 'eps_accel_quarters': 0, 'profit_margin_pct': 63.4}","{'revenue_growth_yoy': 0.8, 'revenue_accelerating': False, 'rev_accel_quarters': 0}","{'rs_3m': -0.7, 'rs_6m': -21.9, 'rs_line_percentile': 37.7, 'rs_line_at_new_high': False, 'rs_line_trend': 'up', 'rs_line_score': 35}","{'roe_pct': 15.8, 'debt_to_equity': 0.15, 'current_ratio': 1.02, 'operating_margin_pct': 65.0}","{'days_to_earnings': 'N/A', 'recommendation': 'hold', 'analyst_upside_pct': 3.0}",274.7,98776424448,Financial Services,Financial Data & Stock Exchanges,1.6,2.3,False,329.16,-16.5,4,False,283.07,330.0,230.0,15.0,hold,3.0,119.04,-56.7,116.5,-57.6,2.95,8.09,1.89,95.4,5.2,3.59,True,-1.51,33.0,1.0,41.0,2026-10-21,False,False,6,NEUTRAL,5.48,101.4,8.51,22.0,0.2,0.01,-21.8,2026-09-10T10:42:09.793590
ERIE,Erie Indemnity Company,59.0,⭐ AVERAGE,🟡 Average,USD,USD,False,True,False,0.8833,"acciones × precio no cuadra con la capitalización (ratio 0.8833): el dato por acción y el precio no están en la misma unidad — típico de ADR. Los ratios por acción (EPS, FCF/acción, DCF) no son utilizables",70.0,50.0,38.7,85.0,50.0,15.0,20.0,False,flat,3.2,False,0,1.7,False,0,"{'eps_growth_yoy': 3.2, 'positive_quarters': 4, 'earnings_accelerating': False, 'eps_accel_quarters': 0, 'profit_margin_pct': 14.0}","{'revenue_growth_yoy': 1.7, 'revenue_accelerating': False, 'rev_accel_quarters': 0}","{'rs_3m': 0.3, 'rs_6m': -11.7, 'rs_line_percentile': 20.0, 'rs_line_at_new_high': False, 'rs_line_trend': 'flat', 'rs_line_score': 15}","{'roe_pct': 24.8, 'debt_to_equity': 0.03, 'current_ratio': 1.25, 'operating_margin_pct': 19.1}","{'days_to_earnings': 'N/A', 'recommendation': 'none'}",243.83,12749838336,Financial Services,Insurance Brokers,10.7,8.9,True,341.71,-28.6,0,False,,,,,none,,,,,,3.77,10.42,2.4,64.6,5.85,1.8,False,,,1.6,49.0,2026-10-29,False,False,4,NEUTRAL,,,5.44,33.8,6.3,0.18,-27.5,2026-09-10T10:43:46.688798
CB,Chubb Limited,59.0,⭐ AVERAGE,🟡 Average,USD,USD,False,True,True,1.0,,60.0,70.0,44.0,65.0,50.0,35.0,37.2,False,down,-3.8,True,1,7.2,True,2,"{'eps_growth_yoy': -3.8, 'positive_quarters': 4, 'earnings_accelerating': True, 'eps_accel_quarters': 1, 'profit_margin_pct': 18.1}","{'revenue_growth_yoy': 7.2, 'revenue_accelerating': True, 'rev_accel_quarters': 2}","{'rs_3m': -2.9, 'rs_6m': -8.1, 'rs_line_percentile': 37.2, 'rs_line_at_new_high': False, 'rs_line_trend': 'down', 'rs_line_score': 35}","{'roe_pct': 14.8, 'debt_to_equity': 0.31, 'current_ratio': 0.41, 'operating_margin_pct': 23.5}","{'days_to_earnings': 'N/A', 'recommendation': 'none', 'analyst_upside_pct': 8.4}",337.62,130253750272,Financial Services,Insurance - Property & Casualty,1.0,2.0,False,365.91,-7.7,5,False,366.13,425.0,306.0,23.0,none,8.4,400.01,18.5,282.9,-16.2,8.05,27.19,1.21,13.9,4.08,1.43,True,-3.45,18.9,-0.4,47.0,2026-10-27,False,False,6,NEUTRAL,9.04,,,17.3,0.8,0.05,-16.5,2026-09-10T10:46:02.104480
AJG,Arthur J. Gallagher & Co.,58.8,⭐ AVERAGE,🟡 Average,USD,USD,False,True,True,1.0,,50.0,70.0,50.3,65.0,65.0,35.0,30.5,False,up,-12.0,False,0,24.2,False,0,"{'eps_growth_yoy': -12.0, 'positive_quarters': 4, 'earnings_accelerating': False, 'eps_accel_quarters': 0, 'profit_margin_pct': 10.4}","{'revenue_growth_yoy': 24.2, 'revenue_accelerating': False, 'rev_accel_quarters': 0}","{'rs_3m': 5.9, 'rs_6m': 3.8, 'rs_line_percentile': 30.5, 'rs_line_at_new_high': False, 'rs_line_trend': 'up', 'rs_line_score': 35}","{'roe_pct': 6.7, 'debt_to_equity': 0.59, 'current_ratio': 1.05, 'operating_margin_pct': 19.2}","{'days_to_earnings': 'N/A', 'recommendation': 'buy', 'analyst_upside_pct': 19.4}",244.28,62618976256,Financial Services,Insurance Brokers,2.3,4.3,False,313.55,-22.1,4,False,291.56,388.0,250.0,18.0,buy,19.4,119.53,-51.1,58.6,-76.0,3.33,8.12,1.15,44.8,2.8,1.01,True,-0.77,4.1,-10.7,49.0,2026-10-29,False,False,6,NEUTRAL,3.33,77.9,,31.1,,,,2026-09-10T10:44:01.704940
ITRK.L,Intertek Group plc,58.8,⭐ AVERAGE,🟡 Average,GBp,GBP,True,True,True,,,50.0,50.0,70.0,75.0,60.0,,,,,,,0,,,0,{'profit_margin_pct': 9.1},{},"{'rs_3m': -2.0, 'rs_6m': 37.5}","{'roe_pct': 29.9, 'debt_to_equity': 1.73, 'current_ratio': 1.1, 'operating_margin_pct': 16.6}","{'days_to_earnings': 'N/A', 'recommendation': 'buy', 'analyst_upside_pct': 0.7}",5855.0,0,Industrials,Specialty Business Services,,,False,5860.0,-0.1,7,True,5897.25,6000.0,5450.0,12.0,buy,0.7,,,205000.0,3401.3,,,2.82,80.5,165.0,2.67,,,,-7.8,173.0,2027-03-02,False,False,4,NEUTRAL,5.17,63.8,,1.7,,,,2026-09-10T10:47:25.727062
MRSH,"Marsh & McLennan Companies, Inc.",58.7,⭐ AVERAGE,🟡 Average,USD,USD,False,True,True,1.0,,70.0,50.0,38.7,80.0,55.0,15.0,22.5,False,up,4.5,False,0,6.2,False,0,"{'eps_growth_yoy': 4.5, 'positive_quarters': 4, 'earnings_accelerating': False, 'eps_accel_quarters': 0, 'profit_margin_pct': 14.2}","{'revenue_growth_yoy': 6.2, 'revenue_accelerating': False, 'rev_accel_quarters': 0}","{'rs_3m': 1.0, 'rs_6m': -10.6, 'rs_line_percentile': 22.5, 'rs_line_at_new_high': False, 'rs_line_trend': 'up', 'rs_line_score': 15}","{'roe_pct': 25.9, 'debt_to_equity': 1.45, 'current_ratio': 1.14, 'operating_margin_pct': 26.3}","{'days_to_earnings': 'N/A', 'recommendation': 'hold', 'analyst_upside_pct': 17.1}",176.84,84390035456,Financial Services,Insurance Brokers,1.6,3.0,False,207.83,-14.9,4,False,207.1,238.0,182.0,21.0,hold,17.1,176.87,0.0,80.3,-54.6,5.67,10.03,2.24,44.0,3.96,1.48,True,-3.44,6.6,2.9,35.0,2026-10-15,False,False,6,NEUTRAL,6.17,146.7,2.12,20.3,,,,2026-09-10T10:41:59.053192
KVUE,Kenvue Inc.,57.8,⭐ AVERAGE,🟡 Average,USD,USD,False,True,True,1.0,,70.0,50.0,44.0,70.0,50.0,35.0,41.5,False,down,8.6,False,0,3.0,False,0,"{'eps_growth_yoy': 8.6, 'positive_quarters': 4, 'earnings_accelerating': False, 'eps_accel_quarters': 0, 'profit_margin_pct': 10.8}","{'revenue_growth_yoy': 3.0, 'revenue_accelerating': False, 'rev_accel_quarters': 0}","{'rs_3m': -5.9, 'rs_6m': -10.4, 'rs_line_percentile': 41.5, 'rs_line_at_new_high': False, 'rs_line_trend': 'down', 'rs_line_score': 35}","{'roe_pct': 15.6, 'debt_to_equity': 0.82, 'current_ratio': 1.0, 'operating_margin_pct': 19.4}","{'days_to_earnings': 'N/A', 'recommendation': 'hold', 'analyst_upside_pct': 9.9}",17.75,34093729792,Consumer Defensive,Household & Personal Products,3.2,2.7,False,20.13,-11.8,4,False,19.5,23.0,18.0,12.0,hold,9.9,18.41,3.7,8.2,-53.8,5.59,0.99,4.57,97.7,0.84,,True,-0.21,6.2,3.4,56.0,2026-11-05,False,False,7,NEUTRAL,5.84,109.8,1.68,22.0,6.3,0.28,-15.7,2026-09-10T10:49:06.376271
7741.T,HOYA Corporation,57.8,⭐ AVERAGE,🟡 Average,JPY,JPY,False,True,True,1.0,,60.0,50.0,30.0,95.0,70.0,,,,,,,0,,,0,{'profit_margin_pct': 27.2},{},"{'rs_3m': -17.8, 'rs_6m': -28.5}","{'roe_pct': 26.5, 'debt_to_equity': 0.04, 'current_ratio': 4.91, 'operating_margin_pct': 32.4}","{'days_to_earnings': 'N/A', 'recommendation': 'strong_buy', 'analyst_upside_pct': 32.3}",23135.0,7739131559936,Healthcare,Medical Instruments & Supplies,,,False,30400.0,-23.9,3,False,30600.0,36000.0,23100.0,15.0,strong_buy,32.3,22662.71,-2.0,22281.6,-3.7,2.31,534.39,1.27,39.7,295.0,0.77,,,,30.0,49.0,2026-10-30,False,False,6,NEUTRAL,4.53,33.1,1.13,21.4,,,,2026-09-10T10:44:42.713904
SBGSY,Schneider Electric S.E.,57.8,⭐ AVERAGE,🟡 Average,USD,EUR,True,True,True,1.0,,55.0,50.0,60.3,75.0,55.0,60.0,68.3,False,flat,,,0,,,0,{'profit_margin_pct': 11.3},{},"{'rs_3m': 8.3, 'rs_6m': 2.0, 'rs_line_percentile': 68.3, 'rs_line_at_new_high': False, 'rs_line_trend': 'flat', 'rs_line_score': 60}","{'roe_pct': 18.6, 'debt_to_equity': 0.84, 'current_ratio': 1.09, 'operating_margin_pct': 18.2}","{'days_to_earnings': 'N/A', 'recommendation': 'none', 'analyst_upside_pct': 17.9}",67.42,189907091456,Industrials,Specialty Industrial Machinery,,,False,71.98,-6.3,7,True,79.47,84.0,76.0,3.0,none,17.9,91.75,36.1,56.26,-16.6,3.29,2.22,1.42,49.7,0.98,1.78,,,,14.6,168.0,2027-02-25,False,False,6,NEUTRAL,3.26,74.6,0.8,27.9,,,,2026-09-10T10:45:54.517066
SXYAY,Sika AG,57.7,⭐ AVERAGE,🟡 Average,USD,CHF,True,True,True,1.0,"FCF declarado (1,262,574,469) se aparta del derivado de flujo operativo menos capex (1,693,833,362)",50.0,50.0,68.7,70.0,60.0,60.0,59.6,False,up,,,0,,,0,{'profit_margin_pct': 9.4},{},"{'rs_3m': 19.6, 'rs_6m': 19.4, 'rs_line_percentile': 59.6, 'rs_line_at_new_high': False, 'rs_line_trend': 'up', 'rs_line_score': 60}","{'roe_pct': 16.0, 'debt_to_equity': 0.89, 'current_ratio': 1.3, 'operating_margin_pct': 14.3}","{'days_to_earnings': 'N/A', 'recommendation': 'buy', 'analyst_upside_pct': 11.0}",23.11,37077512192,Basic Materials,Specialty Chemicals,,,False,24.21,-4.5,7,True,25.65,26.3,25.0,2.0,buy,11.0,11.58,-49.9,7.8,-66.2,3.41,0.79,2.0,57.0,0.46,1.36,,,,-0.3,,,False,False,7,NEUTRAL,3.56,45.5,,20.6,,,,2026-09-10T10:45:20.502671
JKHY,"Jack Henry & Associates, Inc.",57.6,⭐ AVERAGE,🟡 Average,USD,USD,False,True,True,1.0,"FCF declarado (352,223,744) se aparta del derivado de flujo operativo menos capex (506,506,000)",50.0,50.0,50.3,90.0,65.0,35.0,37.4,False,up,-12.8,False,0,4.7,False,0,"{'eps_growth_yoy': -12.8, 'positive_quarters': 4, 'earnings_accelerating': False, 'eps_accel_quarters': 0, 'profit_margin_pct': 19.8}","{'revenue_growth_yoy': 4.7, 'revenue_accelerating': False, 'rev_accel_quarters': 0}","{'rs_3m': 19.3, 'rs_6m': -17.7, 'rs_line_percentile': 37.4, 'rs_line_at_new_high': False, 'rs_line_trend': 'up', 'rs_line_score': 35}","{'roe_pct': 24.0, 'debt_to_equity': 0.04, 'current_ratio': 1.17, 'operating_margin_pct': 22.5}","{'days_to_earnings': 'N/A', 'recommendation': 'buy', 'analyst_upside_pct': 20.9}",158.48,11111445504,Technology,Information Technology Services,7.1,4.7,False,193.39,-18.1,4,False,191.53,215.0,170.0,15.0,buy,20.9,73.92,-53.4,69.3,-56.3,3.17,5.02,1.54,34.1,2.44,1.22,True,-4.03,122.2,-10.4,54.0,2026-11-03,False,False,7,NEUTRAL,5.89,210.1,,34.2,0.8,0.02,-33.4,2026-09-10T10:47:18.536672
OTIS,Otis Worldwide Corporation,57.0,⭐ AVERAGE,🟡 Average,USD,USD,False,True,True,1.0,,80.0,60.0,24.0,45.0,65.0,15.0,0.0,False,down,8.9,True,1,7.3,True,1,"{'eps_growth_yoy': 8.9, 'positive_quarters': 4, 'earnings_accelerating': True, 'eps_accel_quarters': 1, 'profit_margin_pct': 10.2}","{'revenue_growth_yoy': 7.3, 'revenue_accelerating': True, 'rev_accel_quarters': 1}","{'rs_3m': -5.3, 'rs_6m': -30.4, 'rs_line_percentile': 0.0, 'rs_line_at_new_high': False, 'rs_line_trend': 'down', 'rs_line_score': 15}","{'current_ratio': 0.83, 'operating_margin_pct': 15.1}","{'days_to_earnings': 'N/A', 'recommendation': 'buy', 'analyst_upside_pct': 27.3}",69.3,26380386304,Industrials,Specialty Industrial Machinery,4.5,3.9,False,94.565,-26.7,0,False,88.25,105.0,75.0,12.0,buy,27.3,83.98,21.2,50.05,-27.8,5.44,3.77,2.54,43.7,1.76,1.5,True,-4.0,,9.1,48.0,2026-10-28,False,False,6,NEUTRAL,6.39,171.1,1.17,18.6,0.8,0.04,-17.8,2026-09-10T10:45:09.657178
EXPN.L,Experian plc,56.6,⭐ AVERAGE,🟡 Average,GBp,USD,True,True,False,100.0,"acciones × precio no cuadra con la capitalización (ratio 100.0000): el dato por acción y el precio no están en la misma unidad — típico de ADR. Los ratios por acción (EPS, FCF/acción, DCF) no son utilizables | FCF declarado (673,040,128) se aparta del derivado de flujo operativo menos capex (927,703",55.0,50.0,54.5,65.0,70.0,,,,,,,0,,,0,{'profit_margin_pct': 17.8},{},"{'rs_3m': 2.4, 'rs_6m': -13.5}","{'roe_pct': 28.3, 'debt_to_equity': 1.0, 'current_ratio': 0.85, 'operating_margin_pct': 25.0}","{'days_to_earnings': 'N/A', 'recommendation': 'buy', 'analyst_upside_pct': 34.8}",2768.0,24464386048,Industrials,Consulting Services,,,False,3915.0,-29.3,0,False,3731.06,4667.77,2466.4,18.0,buy,34.8,,,,,2.75,0.76,1.85,39.8,52.0,1.41,,,,23.1,69.0,2026-11-18,False,False,9,STRONG,7.24,646.3,0.71,33.4,,,,2026-09-10T10:45:13.431335
HESAY,Hermès International Société en commandite par actions,56.5,⭐ AVERAGE,🟡 Average,USD,EUR,True,True,True,1.0,,60.0,50.0,24.0,95.0,70.0,15.0,0.0,False,down,,,0,,,0,{'profit_margin_pct': 28.0},{},"{'rs_3m': -18.5, 'rs_6m': -39.3, 'rs_line_percentile': 0.0, 'rs_line_at_new_high': False, 'rs_line_trend': 'down', 'rs_line_score': 15}","{'roe_pct': 25.5, 'debt_to_equity': 0.12, 'current_ratio': 4.54, 'operating_margin_pct': 42.2}","{'days_to_earnings': 'N/A', 'recommendation': 'strong_buy', 'analyst_upside_pct': 38.9}",163.95,171723997184,Consumer Cyclical,Luxury Goods,,,False,265.89,-38.3,0,False,227.67,238.0,215.0,3.0,strong_buy,38.9,80.28,-51.0,49.2,-70.0,3.33,5.46,1.29,41.8,2.11,0.61,,,,-0.3,154.0,2027-02-11,False,False,8,STRONG,4.22,37.5,,24.3,,,,2026-09-10T10:42:17.438714
LSEG.L,London Stock Exchange Group plc,56.5,⭐ AVERAGE,🟡 Average,GBp,GBP,True,True,False,100.0,"acciones × precio no cuadra con la capitalización (ratio 100.0000): el dato por acción y el precio no están en la misma unidad — típico de ADR. Los ratios por acción (EPS, FCF/acción, DCF) no son utilizables",55.0,50.0,50.0,70.0,70.0,,,,,,,0,,,0,{'profit_margin_pct': 14.6},{},"{'rs_3m': -11.8, 'rs_6m': -13.9}","{'roe_pct': 7.7, 'debt_to_equity': 0.64, 'current_ratio': 1.0, 'operating_margin_pct': 29.0}","{'days_to_earnings': 'N/A', 'recommendation': 'strong_buy', 'analyst_upside_pct': 38.3}",8536.876,41251495936,Financial Services,Financial Data & Stock Exchanges,,,False,10140.0,-15.8,2,False,11804.0,13630.0,10400.0,15.0,strong_buy,38.3,,,,,4.17,3.56,1.86,53.9,158.0,1.3,,,,33.7,168.0,2027-02-25,False,False,7,NEUTRAL,4.25,305.7,0.47,27.9,,,,2026-09-10T10:44:13.230933
CHD,"Church & Dwight Co., Inc.",55.0,⭐ AVERAGE,🟡 Average,USD,USD,False,True,True,1.0,,60.0,50.0,36.0,75.0,60.0,15.0,17.8,False,down,-1.7,True,1,0.1,False,0,"{'eps_growth_yoy': -1.7, 'positive_quarters': 4, 'earnings_accelerating': True, 'eps_accel_quarters': 1, 'profit_margin_pct': 12.0}","{'revenue_growth_yoy': 0.1, 'revenue_accelerating': False, 'rev_accel_quarters': 0}","{'rs_3m': -8.1, 'rs_6m': -17.2, 'rs_line_percentile': 17.8, 'rs_line_at_new_high': False, 'rs_line_trend': 'down', 'rs_line_score': 15}","{'roe_pct': 17.0, 'debt_to_equity': 0.56, 'current_ratio': 1.15, 'operating_margin_pct': 18.1}","{'days_to_earnings': 'N/A', 'recommendation': 'buy', 'analyst_upside_pct': 10.7}",95.19,22579439616,Consumer Defensive,Household & Personal Products,5.2,5.9,False,106.04,-10.2,4,False,105.37,115.0,78.0,19.0,buy,10.7,74.93,-21.3,30.7,-67.7,4.16,3.96,1.27,38.6,1.23,1.16,True,-2.66,10.6,6.3,50.0,2026-10-30,False,False,7,NEUTRAL,4.25,114.1,2.62,22.8,,,,2026-09-10T10:45:31.947212
AON,Aon plc,54.7,⭐ AVERAGE,🟡 Average,USD,USD,False,True,True,1.0,,55.0,50.0,36.0,80.0,65.0,15.0,0.0,False,down,-4.8,False,0,2.2,False,0,"{'eps_growth_yoy': -4.8, 'positive_quarters': 4, 'earnings_accelerating': False, 'eps_accel_quarters': 0, 'profit_margin_pct': 22.3}","{'revenue_growth_yoy': 2.2, 'revenue_accelerating': False, 'rev_accel_quarters': 0}","{'rs_3m': -14.6, 'rs_6m': -16.7, 'rs_line_percentile': 0.0, 'rs_line_at_new_high': False, 'rs_line_trend': 'down', 'rs_line_score': 15}","{'roe_pct': 44.7, 'debt_to_equity': 1.63, 'current_ratio': 1.03, 'operating_margin_pct': 23.5}","{'days_to_earnings': 'N/A', 'recommendation': 'buy', 'analyst_upside_pct': 27.8}",304.69,64632500224,Financial Services,Insurance Brokers,1.6,2.6,False,382.34,-20.3,3,False,389.53,433.0,339.0,17.0,buy,27.8,221.34,-27.4,174.9,-42.6,4.94,15.04,1.08,16.8,3.28,0.77,True,-2.48,7.7,-2.1,50.0,2026-10-30,False,False,8,STRONG,7.01,141.9,,39.9,,,,2026-09-10T10:43:20.850780
AI.PA,L'Air Liquide S.A.,54.5,⭐ AVERAGE,🟡 Average,EUR,EUR,False,True,True,1.0,"FCF declarado (243,312,496) se aparta del derivado de flujo operativo menos capex (1,652,500,160)",55.0,50.0,50.0,60.0,65.0,,,,,,,0,,,0,{'profit_margin_pct': 13.1},{},"{'rs_3m': -3.7, 'rs_6m': -2.4}","{'roe_pct': 14.0, 'debt_to_equity': 0.63, 'current_ratio': 0.88, 'operating_margin_pct': 20.1}","{'days_to_earnings': 'N/A', 'recommendation': 'strong_buy', 'analyst_upside_pct': 17.2}",168.66,107632738304,Basic Materials,Specialty Chemicals,,,False,182.26,-7.5,5,False,197.72,216.0,162.0,20.0,strong_buy,17.2,5.61,-96.7,55.6,-67.0,0.23,0.38,1.94,60.5,3.36,1.83,,,,0.7,161.0,2027-02-18,False,False,7,NEUTRAL,4.03,18.8,33.56,17.5,,,,2026-09-10T10:42:06.303523
MKC,"McCormick & Company, Incorporated",54.3,⭐ AVERAGE,🟡 Average,USD,USD,False,True,False,0.945,"acciones × precio no cuadra con la capitalización (ratio 0.9450): el dato por acción y el precio no están en la misma unidad — típico de ADR. Los ratios por acción (EPS, FCF/acción, DCF) no son utilizables | FCF declarado (714,025,024) se aparta del derivado de flujo operativo menos capex (1,009,700",55.0,70.0,24.0,60.0,65.0,15.0,16.4,False,flat,-14.2,False,0,16.7,True,1,"{'eps_growth_yoy': -14.2, 'positive_quarters': 4, 'earnings_accelerating': False, 'eps_accel_quarters': 0, 'profit_margin_pct': 21.9}","{'revenue_growth_yoy': 16.7, 'revenue_accelerating': True, 'rev_accel_quarters': 1}","{'rs_3m': -0.8, 'rs_6m': -25.9, 'rs_line_percentile': 16.4, 'rs_line_at_new_high': False, 'rs_line_trend': 'flat', 'rs_line_score': 15}","{'roe_pct': 24.7, 'debt_to_equity': 0.65, 'current_ratio': 0.78, 'operating_margin_pct': 17.4}","{'days_to_earnings': 'N/A', 'recommendation': 'buy', 'analyst_upside_pct': 17.7}",51.48,13840478208,Consumer Defensive,Packaged Foods,,0.0,False,72.41,-28.9,0,False,60.62,75.0,52.0,13.0,buy,17.7,,,,,5.16,2.81,3.73,30.9,1.92,2.11,True,-0.2,5.5,-9.9,21.0,2026-10-01,False,True,6,NEUTRAL,5.83,66.6,,25.8,,,,2026-09-10T10:47:10.688963
ABT,Abbott Laboratories,54.1,⭐ AVERAGE,🟡 Average,USD,USD,False,True,True,1.0,,50.0,50.0,50.3,70.0,60.0,35.0,29.6,False,up,-18.7,False,0,7.8,False,0,"{'eps_growth_yoy': -18.7, 'positive_quarters': 4, 'earnings_accelerating': False, 'eps_accel_quarters': 0, 'profit_margin_pct': 11.6}","{'revenue_growth_yoy': 7.8, 'revenue_accelerating': False, 'rev_accel_quarters': 0}","{'rs_3m': 13.5, 'rs_6m': -16.6, 'rs_line_percentile': 29.6, 'rs_line_at_new_high': False, 'rs_line_trend': 'up', 'rs_line_score': 35}","{'roe_pct': 10.6, 'debt_to_equity': 0.63, 'current_ratio': 1.38, 'operating_margin_pct': 14.7}","{'days_to_earnings': 'N/A', 'recommendation': 'buy', 'analyst_upside_pct': 14.2}",105.23,182088253440,Healthcare,Medical Devices,1.3,1.9,False,137.49,-23.5,3,False,120.21,135.0,103.0,24.0,buy,14.2,61.3,-41.7,30.8,-70.7,3.96,4.17,2.39,79.0,2.52,1.82,True,-0.44,15.4,-47.5,34.0,2026-10-14,False,False,6,NEUTRAL,4.27,42.0,,22.3,,,,2026-09-10T10:45:43.278785
ZTS,Zoetis Inc.,54.0,⭐ AVERAGE,🟡 Average,USD,USD,False,True,True,1.0,,75.0,40.0,24.0,65.0,70.0,15.0,1.6,False,flat,-4.8,True,2,-0.2,True,1,"{'eps_growth_yoy': -4.8, 'positive_quarters': 4, 'earnings_accelerating': True, 'eps_accel_quarters': 2, 'profit_margin_pct': 27.7}","{'revenue_growth_yoy': -0.2, 'revenue_accelerating': True, 'rev_accel_quarters': 1}","{'rs_3m': -14.6, 'rs_6m': -51.4, 'rs_line_percentile': 1.6, 'rs_line_at_new_high': False, 'rs_line_trend': 'flat', 'rs_line_score': 15}","{'roe_pct': 64.9, 'debt_to_equity': 2.94, 'current_ratio': 3.08, 'operating_margin_pct': 40.7}","{'days_to_earnings': 'N/A', 'recommendation': 'buy', 'analyst_upside_pct': 31.0}",73.31,30293422080,Healthcare,Drug Manufacturers - Specialty & Generic,4.6,2.5,False,152.0,-51.8,0,False,96.0,155.0,80.0,15.0,buy,31.0,71.82,-2.0,61.1,-16.7,6.66,4.88,2.89,33.6,2.12,0.95,True,-12.03,14.7,0.8,54.0,2026-11-03,False,False,6,NEUTRAL,9.46,42.1,9.35,33.6,1.6,0.05,-32.0,2026-09-10T10:42:32.213118
GVDNY,Givaudan SA,54.0,⭐ AVERAGE,🟡 Average,USD,CHF,True,True,True,1.0,"FCF declarado (746,606,809) se aparta del derivado de flujo operativo menos capex (1,480,075,940)",55.0,50.0,47.6,70.0,50.0,35.0,27.4,False,down,,,0,,,0,{'profit_margin_pct': 12.9},{},"{'rs_3m': -5.5, 'rs_6m': 1.1, 'rs_line_percentile': 27.4, 'rs_line_at_new_high': False, 'rs_line_trend': 'down', 'rs_line_score': 35}","{'roe_pct': 22.3, 'debt_to_equity': 1.11, 'current_ratio': 1.29, 'operating_margin_pct': 18.8}","{'days_to_earnings': 'N/A', 'recommendation': 'none', 'analyst_upside_pct': 9.7}",78.65,36302155776,Basic Materials,Specialty Chemicals,,,False,90.69,-13.3,3,False,86.25,98.71,73.79,2.0,none,9.7,23.8,-69.7,25.1,-68.1,2.06,1.62,2.32,71.1,1.82,1.88,,,,-10.0,139.0,2027-01-27,False,False,7,NEUTRAL,3.46,34.8,,25.5,,,,2026-09-10T10:43:06.044265
PG,The Procter & Gamble Company,53.7,⭐ AVERAGE,🟡 Average,USD,USD,False,True,True,1.0,,50.0,60.0,36.0,70.0,60.0,15.0,5.3,False,down,-15.8,False,0,1.5,True,1,"{'eps_growth_yoy': -15.8, 'positive_quarters': 4, 'earnings_accelerating': False, 'eps_accel_quarters': 0, 'profit_margin_pct': 18.4}","{'revenue_growth_yoy': 1.5, 'revenue_accelerating': True, 'rev_accel_quarters': 1}","{'rs_3m': -9.0, 'rs_6m': -18.9, 'rs_line_percentile': 5.3, 'rs_line_at_new_high': False, 'rs_line_trend': 'down', 'rs_line_score': 15}","{'roe_pct': 30.3, 'debt_to_equity': 0.64, 'current_ratio': 0.68, 'operating_margin_pct': 22.1}","{'days_to_earnings': 'N/A', 'recommendation': 'buy', 'analyst_upside_pct': 12.6}",142.64,331305975808,Consumer Defensive,Household & Personal Products,1.1,3.0,False,167.25,-14.7,2,False,160.61,186.0,143.0,23.0,buy,12.6,84.14,-41.0,64.9,-54.5,4.01,5.72,3.05,64.3,4.35,2.5,True,-1.52,24.3,-10.8,42.0,2026-10-22,False,False,6,NEUTRAL,5.94,83.8,,14.4,0.4,0.03,-14.0,2026-09-10T10:42:58.566965
LRLCY,L'Oréal S.A.,53.2,⭐ AVERAGE,🟡 Average,USD,EUR,True,True,True,1.0,,55.0,50.0,36.0,70.0,65.0,15.0,21.4,False,flat,,,0,,,0,{'profit_margin_pct': 13.9},{},"{'rs_3m': -5.0, 'rs_6m': -5.3, 'rs_line_percentile': 21.4, 'rs_line_at_new_high': False, 'rs_line_trend': 'flat', 'rs_line_score': 15}","{'roe_pct': 19.4, 'debt_to_equity': 0.49, 'current_ratio': 0.97, 'operating_margin_pct': 21.3}","{'days_to_earnings': 'N/A', 'recommendation': 'strong_buy', 'analyst_upside_pct': 16.1}",88.78,236443254784,Consumer Defensive,Household & Personal Products,,,False,95.48,-7.0,6,False,103.07,107.0,100.0,3.0,strong_buy,16.1,45.51,-48.7,27.4,-69.1,3.15,2.79,1.89,61.1,1.68,1.57,,,,5.4,152.0,2027-02-09,False,False,6,NEUTRAL,3.56,69.9,4.68,22.2,,,,2026-09-10T10:43:57.814583
VRSK,"Verisk Analytics, Inc.",53.0,⭐ AVERAGE,🟡 Average,USD,USD,False,True,True,1.0,,55.0,60.0,24.0,65.0,70.0,15.0,12.2,False,down,-9.8,False,0,4.4,True,1,"{'eps_growth_yoy': -9.8, 'positive_quarters': 4, 'earnings_accelerating': False, 'eps_accel_quarters': 0, 'profit_margin_pct': 28.2}","{'revenue_growth_yoy': 4.4, 'revenue_accelerating': True, 'rev_accel_quarters': 1}","{'rs_3m': -7.9, 'rs_6m': -25.2, 'rs_line_percentile': 12.2, 'rs_line_at_new_high': False, 'rs_line_trend': 'down', 'rs_line_score': 15}","{'current_ratio': 1.0, 'operating_margin_pct': 45.1}","{'days_to_earnings': 'N/A', 'recommendation': 'buy', 'analyst_upside_pct': 31.9}",177.99,23166470144,Industrials,Consulting Services,2.9,2.0,False,267.26,-33.4,0,False,234.76,260.0,195.0,17.0,buy,31.9,119.33,-33.0,66.0,-62.9,4.56,8.11,1.14,29.2,2.0,0.63,True,-9.28,6.9,-2.4,48.0,2026-10-28,False,False,7,NEUTRAL,4.93,113.1,,36.3,0.8,0.02,-35.5,2026-09-10T10:41:03.092988
NVR,"NVR, Inc.",53.0,⭐ AVERAGE,🟡 Average,USD,USD,False,True,True,1.0,,60.0,40.0,36.0,85.0,50.0,15.0,10.2,False,down,-29.1,True,1,-10.5,True,1,"{'eps_growth_yoy': -29.1, 'positive_quarters': 4, 'earnings_accelerating': True, 'eps_accel_quarters': 1, 'profit_margin_pct': 11.8}","{'revenue_growth_yoy': -10.5, 'revenue_accelerating': True, 'rev_accel_quarters': 1}","{'rs_3m': -7.2, 'rs_6m': -19.7, 'rs_line_percentile': 10.2, 'rs_line_at_new_high': False, 'rs_line_trend': 'down', 'rs_line_score': 15}","{'roe_pct': 31.5, 'debt_to_equity': 0.32, 'current_ratio': 5.67, 'operating_margin_pct': 13.9}","{'days_to_earnings': 'N/A', 'recommendation': 'hold', 'analyst_upside_pct': 9.6}",6187.3,16570535936,Consumer Cyclical,Residential Construction,6.2,3.1,False,8563.79,-27.8,0,False,6782.0,7446.0,5664.0,5.0,hold,9.6,5045.39,-18.5,3891.8,-37.1,5.54,342.89,,,,,True,-10.77,52.9,-9.0,41.0,2026-10-21,False,False,5,NEUTRAL,10.86,41.3,,22.6,,,,2026-09-10T10:48:15.817465
WTKWY,Wolters Kluwer N.V.,51.7,⭐ AVERAGE,🟡 Average,USD,EUR,True,True,True,1.0,,60.0,50.0,38.7,50.0,60.0,15.0,14.4,False,up,,,0,,,0,{'profit_margin_pct': 21.9},{},"{'rs_3m': 3.2, 'rs_6m': -9.9, 'rs_line_percentile': 14.4, 'rs_line_at_new_high': False, 'rs_line_trend': 'up', 'rs_line_score': 15}","{'roe_pct': 146.1, 'debt_to_equity': 5.9, 'current_ratio': 0.69, 'operating_margin_pct': 26.9}","{'days_to_earnings': 'N/A', 'recommendation': 'none', 'analyst_upside_pct': 40.2}",77.48,17246068736,Industrials,Specialty Business Services,,,False,138.76,-44.2,1,False,108.6,108.6,108.6,1.0,none,40.2,122.85,58.6,68.0,-12.2,8.41,6.52,3.87,43.1,3.01,1.89,,,,4.5,,,False,False,7,NEUTRAL,8.27,668.9,1.21,31.4,,,,2026-09-10T10:41:10.009245
RELX,RELX PLC,51.2,⭐ AVERAGE,🟡 Average,USD,GBP,True,True,True,1.0,,60.0,50.0,36.0,50.0,60.0,15.0,18.1,False,up,,,0,,,0,{'profit_margin_pct': 23.3},{},"{'rs_3m': -3.8, 'rs_6m': -12.1, 'rs_line_percentile': 18.1, 'rs_line_at_new_high': False, 'rs_line_trend': 'up', 'rs_line_score': 15}","{'roe_pct': 131.9, 'debt_to_equity': 7.1, 'current_ratio': 0.45, 'operating_margin_pct': 32.0}","{'days_to_earnings': 'N/A', 'recommendation': 'none', 'analyst_upside_pct': 54.9}",34.25,59614412800,Industrials,Specialty Business Services,0.3,2.2,False,48.4,-29.2,0,False,53.05,57.0,49.1,2.0,none,54.9,59.79,74.6,40.34,17.8,5.07,1.74,2.67,53.4,0.91,2.01,,,,12.2,154.0,2027-02-11,False,False,7,NEUTRAL,1.22,1901.3,0.65,32.0,1.6,0.05,-30.4,2026-09-10T10:41:06.862069
KR,The Kroger Co.,50.7,⭐ AVERAGE,🟡 Average,USD,USD,False,True,True,1.0,,58.0,70.0,24.0,30.0,65.0,15.0,4.5,False,flat,4.3,False,0,2.2,True,2,"{'eps_growth_yoy': 4.3, 'positive_quarters': 3, 'earnings_accelerating': False, 'eps_accel_quarters': 0, 'profit_margin_pct': 0.7}","{'revenue_growth_yoy': 2.2, 'revenue_accelerating': True, 'rev_accel_quarters': 2}","{'rs_3m': -17.2, 'rs_6m': -34.2, 'rs_line_percentile': 4.5, 'rs_line_at_new_high': False, 'rs_line_trend': 'flat', 'rs_line_score': 15}","{'roe_pct': 13.8, 'debt_to_equity': 3.73, 'current_ratio': 0.79, 'operating_margin_pct': 3.2}","{'days_to_earnings': 'N/A', 'recommendation': 'buy', 'analyst_upside_pct': 24.5}",56.44,34577813504,Consumer Defensive,Grocery Stores,4.5,4.3,False,76.58,-26.3,1,False,70.27,86.0,57.0,22.0,buy,24.5,109.66,94.3,22.31,-60.5,8.66,4.89,2.55,80.1,1.44,2.04,True,-7.9,3.0,9.2,1.0,2026-09-11,True,False,7,NEUTRAL,2.77,5.9,0.78,21.6,,,,2026-09-10T10:48:01.155391
KHC,The Kraft Heinz Company,49.5,⚠️ WEAK,🔴 Weak,USD,USD,False,True,True,1.0,,58.0,40.0,44.0,55.0,50.0,35.0,35.5,False,up,,False,0,-1.4,True,1,"{'positive_quarters': 3, 'earnings_accelerating': False, 'eps_accel_quarters': 0, 'profit_margin_pct': -13.6}","{'revenue_growth_yoy': -1.4, 'revenue_accelerating': True, 'rev_accel_quarters': 1}","{'rs_3m': -1.4, 'rs_6m': -3.3, 'rs_line_percentile': 35.5, 'rs_line_at_new_high': False, 'rs_line_trend': 'up', 'rs_line_score': 35}","{'roe_pct': -8.8, 'debt_to_equity': 0.53, 'current_ratio': 1.06, 'operating_margin_pct': 15.5}","{'days_to_earnings': 'N/A', 'recommendation': 'hold', 'analyst_upside_pct': 2.2}",24.61,29183123456,Consumer Defensive,Packaged Foods,10.0,5.8,True,28.09,-12.4,5,False,25.15,41.0,19.0,17.0,hold,2.2,40.33,63.9,,,11.14,2.74,6.5,73.1,1.6,4.9,True,-0.1,6.1,,48.0,2026-10-28,False,False,5,NEUTRAL,-9.86,-51.9,6.05,28.2,,,,2026-09-10T10:47:57.074906
WMT,Walmart Inc.,48.0,⚠️ WEAK,🔴 Weak,USD,USD,False,True,True,1.0,"FCF declarado (7,127,625,216) se aparta del derivado de flujo operativo menos capex (16,280,999,808)",45.0,60.0,24.0,55.0,65.0,15.0,9.1,False,down,-9.4,False,0,5.9,True,1,"{'eps_growth_yoy': -9.4, 'positive_quarters': 4, 'earnings_accelerating': False, 'eps_accel_quarters': 0, 'profit_margin_pct': 3.0}","{'revenue_growth_yoy': 5.9, 'revenue_accelerating': True, 'rev_accel_quarters': 1}","{'rs_3m': -17.4, 'rs_6m': -27.1, 'rs_line_percentile': 9.1, 'rs_line_at_new_high': False, 'rs_line_trend': 'down', 'rs_line_score': 15}","{'roe_pct': 22.3, 'debt_to_equity': 0.72, 'current_ratio': 0.77, 'operating_margin_pct': 3.5}","{'days_to_earnings': 'N/A', 'recommendation': 'buy', 'analyst_upside_pct': 20.4}",105.83,842203529216,Consumer Defensive,Discount Stores,1.4,3.0,False,135.16,-21.7,3,False,127.42,155.0,81.0,40.0,buy,20.4,13.18,-87.5,27.5,-74.0,0.85,0.9,0.94,35.0,0.99,1.26,True,-0.83,13.4,-9.1,70.0,2026-11-19,False,False,7,NEUTRAL,3.55,20.6,,37.9,0.4,0.01,-37.5,2026-09-10T10:43:35.733609
LEN,Lennar Corporation,46.8,⚠️ WEAK,🔴 Weak,USD,USD,False,True,False,0.8738,"acciones × precio no cuadra con la capitalización (ratio 0.8738): el dato por acción y el precio no están en la misma unidad — típico de ADR. Los ratios por acción (EPS, FCF/acción, DCF) no son utilizables | FCF declarado (1,077,926,016) se aparta del derivado de flujo operativo menos capex (694,361",55.0,40.0,24.0,70.0,50.0,15.0,0.9,False,down,-36.2,True,1,-5.2,True,1,"{'eps_growth_yoy': -36.2, 'positive_quarters': 4, 'earnings_accelerating': True, 'eps_accel_quarters': 1, 'profit_margin_pct': 4.9}","{'revenue_growth_yoy': -5.2, 'revenue_accelerating': True, 'rev_accel_quarters': 1}","{'rs_3m': -14.9, 'rs_6m': -28.8, 'rs_line_percentile': 0.9, 'rs_line_at_new_high': False, 'rs_line_trend': 'down', 'rs_line_score': 15}","{'roe_pct': 7.4, 'debt_to_equity': 0.29, 'current_ratio': 8.51, 'operating_margin_pct': 5.3}","{'days_to_earnings': 'N/A', 'recommendation': 'hold', 'analyst_upside_pct': 6.8}",80.76,19454691328,Consumer Cyclical,Residential Construction,0.3,0.2,False,140.71,-42.6,0,False,86.23,120.0,67.0,13.0,hold,6.8,,,,,5.54,5.12,2.48,31.4,2.0,1.5,True,-6.42,,-12.6,6.0,2026-09-16,True,False,4,NEUTRAL,11.46,11.2,,30.9,0.4,0.01,-30.5,2026-09-10T10:48:43.239210
CL,Colgate-Palmolive Company,46.8,⚠️ WEAK,🔴 Weak,USD,USD,False,True,True,1.0,,38.0,50.0,36.0,65.0,60.0,15.0,19.5,False,down,-6.7,False,0,4.9,False,0,"{'eps_growth_yoy': -6.7, 'positive_quarters': 3, 'earnings_accelerating': False, 'eps_accel_quarters': 0, 'profit_margin_pct': 9.7}","{'revenue_growth_yoy': 4.9, 'revenue_accelerating': False, 'rev_accel_quarters': 0}","{'rs_3m': -6.9, 'rs_6m': -13.9, 'rs_line_percentile': 19.5, 'rs_line_at_new_high': False, 'rs_line_trend': 'down', 'rs_line_score': 15}","{'roe_pct': 267.4, 'debt_to_equity': 13.88, 'current_ratio': 1.03, 'operating_margin_pct': 21.0}","{'days_to_earnings': 'N/A', 'recommendation': 'buy', 'analyst_upside_pct': 12.4}",88.03,70175121408,Consumer Defensive,Household & Personal Products,2.5,4.0,False,99.33,-11.4,4,False,98.95,110.0,87.0,20.0,buy,12.4,63.83,-27.5,25.3,-71.3,4.93,4.34,2.4,82.3,2.12,2.32,True,-1.84,12.5,-3.8,50.0,2026-10-30,False,False,5,NEUTRAL,4.32,71.4,,16.3,,,,2026-09-10T10:46:21.043993
LPX,Louisiana-Pacific Corporation,46.2,⚠️ WEAK,🔴 Weak,USD,USD,False,True,True,1.0,"FCF declarado (-96,000,000) se aparta del derivado de flujo operativo menos capex (-33,000,000)",38.0,50.0,24.0,70.0,70.0,15.0,1.6,False,down,-51.9,False,0,-12.1,True,2,"{'eps_growth_yoy': -51.9, 'positive_quarters': 3, 'earnings_accelerating': False, 'eps_accel_quarters': 0, 'profit_margin_pct': 2.2}","{'revenue_growth_yoy': -12.1, 'revenue_accelerating': True, 'rev_accel_quarters': 2}","{'rs_3m': -10.9, 'rs_6m': -24.9, 'rs_line_percentile': 1.6, 'rs_line_at_new_high': False, 'rs_line_trend': 'down', 'rs_line_score': 15}","{'roe_pct': 3.1, 'debt_to_equity': 0.22, 'current_ratio': 3.22, 'operating_margin_pct': 5.3}","{'days_to_earnings': 'N/A', 'recommendation': 'buy', 'analyst_upside_pct': 36.6}",67.52,4721228288,Industrials,Building Products & Equipment,10.0,5.6,True,100.34,-32.7,0,False,92.23,107.0,74.0,13.0,buy,36.6,,,7.8,-88.4,-2.03,-1.37,1.78,150.6,1.2,1.27,False,,6.1,-51.8,55.0,2026-11-04,False,False,5,NEUTRAL,4.29,9.3,,32.1,3.1,0.1,-29.0,2026-09-10T10:48:39.342714
TEVA,Teva Pharmaceutical Industries Limited,44.8,⚠️ WEAK,🔴 Weak,USD,USD,False,True,True,1.0,"FCF declarado (2,219,875,072) se aparta del derivado de flujo operativo menos capex (1,397,000,000)",38.0,40.0,68.3,25.0,60.0,80.0,81.9,False,up,-304.3,False,0,-0.8,True,1,"{'eps_growth_yoy': -304.3, 'positive_quarters': 3, 'earnings_accelerating': False, 'eps_accel_quarters': 0, 'profit_margin_pct': 4.1}","{'revenue_growth_yoy': -0.8, 'revenue_accelerating': True, 'rev_accel_quarters': 1}","{'rs_3m': 4.4, 'rs_6m': 7.6, 'rs_line_percentile': 81.9, 'rs_line_at_new_high': False, 'rs_line_trend': 'up', 'rs_line_score': 80}","{'roe_pct': 9.7, 'debt_to_equity': 2.18, 'current_ratio': 0.88, 'operating_margin_pct': 4.0}","{'days_to_earnings': 'N/A', 'recommendation': 'strong_buy', 'analyst_upside_pct': 12.9}",36.85,42941161472,Healthcare,Drug Manufacturers - Specialty & Generic,3.1,6.4,False,38.37,-4.0,8,True,41.6,50.0,33.0,10.0,strong_buy,12.9,28.03,-23.9,6.0,-83.7,5.17,1.9,,,,2.95,False,,1.8,,55.0,2026-11-04,False,False,8,STRONG,3.81,43.5,0.28,26.8,0.8,0.03,-26.0,2026-09-10T10:49:02.990782
ESLOY,EssilorLuxottica Société anonyme,44.8,⚠️ WEAK,🔴 Weak,USD,EUR,True,True,True,1.0,,50.0,50.0,15.0,55.0,60.0,15.0,0.3,False,down,,,0,,,0,{'profit_margin_pct': 8.5},{},"{'rs_3m': -21.0, 'rs_6m': -40.7, 'rs_line_percentile': 0.3, 'rs_line_at_new_high': False, 'rs_line_trend': 'down', 'rs_line_score': 15}","{'roe_pct': 6.7, 'debt_to_equity': 0.38, 'current_ratio': 0.89, 'operating_margin_pct': 15.4}","{'days_to_earnings': 'N/A', 'recommendation': 'none', 'analyst_upside_pct': 66.2}",86.32,79194906624,Healthcare,Medical Instruments & Supplies,,,False,186.81,-53.8,0,False,143.5,148.0,139.0,2.0,none,66.2,90.12,4.4,38.13,-55.8,4.82,4.16,2.68,74.3,2.32,1.58,,,,6.2,,,False,False,4,NEUTRAL,3.76,34.6,1.58,24.6,,,,2026-09-10T10:46:51.402032
GPK,Graphic Packaging Holding Company,43.3,⚠️ WEAK,🔴 Weak,USD,USD,False,True,True,1.0,"FCF declarado (237,875,008) se aparta del derivado de flujo operativo menos capex (-129,000,000)",48.0,30.0,36.0,55.0,60.0,15.0,0.0,False,down,-76.9,True,1,-0.7,False,0,"{'eps_growth_yoy': -76.9, 'positive_quarters': 3, 'earnings_accelerating': True, 'eps_accel_quarters': 1, 'profit_margin_pct': 2.2}","{'revenue_growth_yoy': -0.7, 'revenue_accelerating': False, 'rev_accel_quarters': 0}","{'rs_3m': -12.3, 'rs_6m': -18.6, 'rs_line_percentile': 0.0, 'rs_line_at_new_high': False, 'rs_line_trend': 'down', 'rs_line_score': 15}","{'roe_pct': 6.0, 'debt_to_equity': 1.76, 'current_ratio': 1.38, 'operating_margin_pct': 4.5}","{'days_to_earnings': 'N/A', 'recommendation': 'none', 'analyst_upside_pct': 32.3}",9.51,2815640832,Consumer Cyclical,Packaging & Containers,7.6,4.0,False,21.24,-55.2,0,False,12.58,18.0,10.0,11.0,none,32.3,11.82,24.3,6.2,-34.8,8.45,0.8,4.63,67.7,0.44,1.79,True,-2.63,2.0,-38.2,60.0,2026-11-09,False,False,5,NEUTRAL,9.65,12.6,,41.6,6.3,0.15,-35.3,2026-09-10T10:49:13.962549
CHTR,"Charter Communications, Inc.",42.3,⚠️ WEAK,🔴 Weak,USD,USD,False,True,False,0.885,"acciones × precio no cuadra con la capitalización (ratio 0.8850): el dato por acción y el precio no están en la misma unidad — típico de ADR. Los ratios por acción (EPS, FCF/acción, DCF) no son utilizables | FCF declarado (2,198,374,912) se aparta del derivado de flujo operativo menos capex (4,810,9",55.0,30.0,24.0,50.0,60.0,15.0,3.4,False,down,-0.7,True,1,-1.7,False,0,"{'eps_growth_yoy': -0.7, 'positive_quarters': 4, 'earnings_accelerating': True, 'eps_accel_quarters': 1, 'profit_margin_pct': 9.1}","{'revenue_growth_yoy': -1.7, 'revenue_accelerating': False, 'rev_accel_quarters': 0}","{'rs_3m': -8.2, 'rs_6m': -53.6, 'rs_line_percentile': 3.4, 'rs_line_at_new_high': False, 'rs_line_trend': 'down', 'rs_line_score': 15}","{'roe_pct': 27.2, 'debt_to_equity': 4.42, 'current_ratio': 0.36, 'operating_margin_pct': 23.5}","{'days_to_earnings': 'N/A', 'recommendation': 'hold', 'analyst_upside_pct': 37.7}",133.89,18045358080,Communication Services,Telecom Services,51.6,8.1,True,285.82,-53.2,0,False,184.41,380.0,101.0,17.0,hold,37.7,,,,,12.18,18.43,,,,,True,-26.36,2.5,6.4,50.0,2026-10-30,False,False,7,NEUTRAL,10.67,26.9,0.19,66.7,,,,2026-09-10T10:48:12.590902
KD,"Kyndryl Holdings, Inc.",36.1,⚠️ WEAK,🔴 Weak,USD,USD,False,True,True,1.0,"FCF declarado (2,652,624,896) se aparta del derivado de flujo operativo menos capex (154,000,000)",38.0,30.0,42.3,25.0,50.0,15.0,7.8,False,up,-198.2,False,0,-3.3,False,0,"{'eps_growth_yoy': -198.2, 'positive_quarters': 3, 'earnings_accelerating': False, 'eps_accel_quarters': 0, 'profit_margin_pct': 0.6}","{'revenue_growth_yoy': -3.3, 'revenue_accelerating': False, 'rev_accel_quarters': 0}","{'rs_3m': 10.3, 'rs_6m': -10.6, 'rs_line_percentile': 7.8, 'rs_line_at_new_high': False, 'rs_line_trend': 'up', 'rs_line_score': 15}","{'roe_pct': 6.9, 'debt_to_equity': 4.22, 'current_ratio': 0.85, 'operating_margin_pct': 2.9}","{'days_to_earnings': 'N/A', 'recommendation': 'none', 'analyst_upside_pct': 9.1}",13.01,2833815552,Technology,Information Technology Services,13.6,6.5,True,32.97,-60.5,1,False,14.2,16.0,13.0,5.0,none,9.1,179.19,1277.3,3.8,-70.8,93.61,12.18,,,,,True,-12.21,3.4,,54.0,2026-11-03,False,False,6,NEUTRAL,8.74,14.9,0.15,45.8,,,,2026-09-10T10:49:32.429604
