ticker,company_name,fundamental_score,tier,quality,price_currency,financial_currency,fx_applied,fx_reliable,per_share_reliable,shares_price_ratio,coherence_issues,earnings_quality_score,growth_acceleration_score,relative_strength_score,financial_health_score,catalyst_timing_score,rs_line_score,rs_line_percentile,rs_line_at_new_high,rs_line_trend,eps_growth_yoy,eps_accelerating,eps_accel_quarters,rev_growth_yoy,rev_accelerating,rev_accel_quarters,earnings_details,growth_details,rs_details,health_details,catalyst_details,current_price,market_cap,sector,industry,short_percent_float,short_ratio,short_squeeze_potential,fifty_two_week_high,proximity_to_52w_high,trend_template_score,trend_template_pass,target_price_analyst,target_price_analyst_high,target_price_analyst_low,analyst_count,analyst_recommendation,analyst_upside_pct,target_price_dcf,target_price_dcf_upside_pct,target_price_pe,target_price_pe_upside_pct,fcf_yield_pct,fcf_per_share,dividend_yield_pct,payout_ratio_pct,dividend_rate,five_yr_avg_dividend_yield_pct,buyback_active,shares_change_pct,interest_coverage,analyst_revision_momentum,days_to_earnings,earnings_date,earnings_warning,earnings_catalyst,piotroski_score,piotroski_label,ebit_ev_yield,roic_greenblatt,peg_ratio,hv_30d,atm_iv,iv_ratio,iv_premium_pts,analyzed_at
CVX,Chevron Corporation,83.8,🏆 ELITE,🟢 Elite,USD,USD,False,True,True,1.0,,100.0,100.0,50.3,85.0,60.0,35.0,48.2,False,up,241.1,True,2,39.5,True,2,"{'eps_growth_yoy': 241.1, 'positive_quarters': 4, 'earnings_accelerating': True, 'eps_accel_quarters': 2, 'profit_margin_pct': 9.8}","{'revenue_growth_yoy': 39.5, 'revenue_accelerating': True, 'rev_accel_quarters': 2}","{'rs_3m': 5.2, 'rs_6m': 0.2, 'rs_line_percentile': 48.2, 'rs_line_at_new_high': False, 'rs_line_trend': 'up', 'rs_line_score': 35}","{'roe_pct': 12.2, 'debt_to_equity': 0.19, 'current_ratio': 1.25, 'operating_margin_pct': 21.9}","{'days_to_earnings': 'N/A', 'recommendation': 'buy', 'analyst_upside_pct': 6.1}",205.27,402658328576,Energy,Oil & Gas Integrated,1.0,2.5,False,214.71,-4.4,6,False,217.88,236.0,175.0,24.0,buy,6.1,474.19,131.0,311.7,51.8,5.45,11.18,3.47,67.2,7.12,3.99,True,-2.77,22.5,321.9,67.0,2026-10-30,False,False,5,NEUTRAL,4.8,9.3,0.05,27.0,,,,2026-08-24T04:52:07.788987
INTU,Intuit Inc.,82.7,🏆 ELITE,🟢 Elite,USD,USD,False,True,True,1.0,"FCF declarado (5,232,000,000) se aparta del derivado de flujo operativo menos capex (7,764,000,000)",100.0,100.0,42.3,85.0,65.0,15.0,19.0,False,up,704.2,True,2,123.4,True,2,"{'eps_growth_yoy': 704.2, 'positive_quarters': 4, 'earnings_accelerating': True, 'eps_accel_quarters': 2, 'profit_margin_pct': 21.9}","{'revenue_growth_yoy': 123.4, 'revenue_accelerating': True, 'rev_accel_quarters': 2}","{'rs_3m': 12.3, 'rs_6m': -10.0, 'rs_line_percentile': 19.0, 'rs_line_at_new_high': False, 'rs_line_trend': 'up', 'rs_line_score': 15}","{'roe_pct': 22.5, 'debt_to_equity': 0.33, 'current_ratio': 1.45, 'operating_margin_pct': 47.0}","{'days_to_earnings': 'N/A', 'recommendation': 'buy', 'analyst_upside_pct': 21.5}",367.0,100388077568,Technology,Software - Application,5.1,2.8,False,705.08,-47.9,2,False,446.02,921.0,250.0,33.0,buy,21.5,387.99,5.7,175.48,-52.2,5.21,19.13,1.31,28.3,4.8,0.67,True,-4.07,24.8,10.7,1.0,2026-08-25,True,False,9,STRONG,5.06,97.0,1.26,50.0,,,,2026-08-24T04:46:43.907976
VEEV,Veeva Systems Inc.,81.8,🏆 ELITE,🟢 Elite,USD,USD,False,True,True,1.0,,100.0,80.0,65.0,85.0,60.0,35.0,46.2,False,up,30.3,True,1,11.9,True,2,"{'eps_growth_yoy': 30.3, 'positive_quarters': 4, 'earnings_accelerating': True, 'eps_accel_quarters': 1, 'profit_margin_pct': 28.4}","{'revenue_growth_yoy': 11.9, 'revenue_accelerating': True, 'rev_accel_quarters': 2}","{'rs_3m': 51.8, 'rs_6m': 31.2, 'rs_line_percentile': 46.2, 'rs_line_at_new_high': False, 'rs_line_trend': 'up', 'rs_line_score': 35}","{'roe_pct': 13.9, 'debt_to_equity': 0.01, 'current_ratio': 4.74, 'operating_margin_pct': 30.9}","{'days_to_earnings': 'N/A', 'recommendation': 'buy', 'analyst_upside_pct': 2.3}",247.9,40269692928,Healthcare,Health Information Services,4.9,4.2,False,310.5,-20.2,4,False,253.57,350.0,165.0,28.0,buy,2.3,183.94,-25.8,82.49,-66.7,3.13,7.75,,,,,True,-0.56,,14.6,2.0,2026-08-26,True,False,7,NEUTRAL,2.77,14.1,1.69,39.7,0.8,0.02,-38.9,2026-08-24T04:47:42.000770
MSFT,Microsoft Corporation,80.0,⭐⭐⭐ EXCELLENT,🟢 Excellent,USD,USD,False,True,True,1.0,"FCF declarado (16,545,500,160) se aparta del derivado de flujo operativo menos capex (66,986,994,944)",100.0,70.0,58.7,95.0,65.0,35.0,48.6,False,up,28.9,True,1,15.9,True,1,"{'eps_growth_yoy': 28.9, 'positive_quarters': 4, 'earnings_accelerating': True, 'eps_accel_quarters': 1, 'profit_margin_pct': 40.3}","{'revenue_growth_yoy': 15.9, 'revenue_accelerating': True, 'rev_accel_quarters': 1}","{'rs_3m': 12.7, 'rs_6m': 13.4, 'rs_line_percentile': 48.6, 'rs_line_at_new_high': False, 'rs_line_trend': 'up', 'rs_line_score': 35}","{'roe_pct': 34.0, 'debt_to_equity': 0.29, 'current_ratio': 1.23, 'operating_margin_pct': 45.1}","{'days_to_earnings': 'N/A', 'recommendation': 'strong_buy', 'analyst_upside_pct': 17.8}",483.24,3588320657408,Technology,Software - Infrastructure,1.1,2.2,False,553.72,-12.7,4,False,569.45,870.0,400.0,52.0,strong_buy,17.8,94.49,-80.4,537.9,11.3,0.46,2.23,0.75,19.8,3.64,0.79,True,-0.62,55.4,31.7,65.0,2026-10-28,False,False,6,NEUTRAL,4.64,44.9,0.65,58.9,0.4,0.01,-58.5,2026-08-24T04:46:26.883926
RACE,Ferrari N.V.,79.3,⭐⭐⭐ EXCELLENT,🟢 Excellent,USD,EUR,True,True,True,1.0,"FCF declarado (1,170,676,240) se aparta del derivado de flujo operativo menos capex (1,869,262,877)",100.0,70.0,61.4,90.0,60.0,35.0,40.4,False,up,21.2,True,2,9.7,True,2,"{'eps_growth_yoy': 21.2, 'positive_quarters': 4, 'earnings_accelerating': True, 'eps_accel_quarters': 2, 'profit_margin_pct': 22.2}","{'revenue_growth_yoy': 9.7, 'revenue_accelerating': True, 'rev_accel_quarters': 2}","{'rs_3m': 22.4, 'rs_6m': 10.4, 'rs_line_percentile': 40.4, 'rs_line_at_new_high': False, 'rs_line_trend': 'up', 'rs_line_score': 35}","{'roe_pct': 45.4, 'debt_to_equity': 0.86, 'current_ratio': 2.43, 'operating_margin_pct': 31.1}","{'days_to_earnings': 'N/A', 'recommendation': 'strong_buy', 'analyst_upside_pct': 6.6}",436.54,76728377344,Consumer Cyclical,Auto Manufacturers,2.8,7.0,False,504.49,-13.5,6,False,465.45,537.45,403.36,14.0,strong_buy,6.6,131.84,-69.8,109.38,-74.9,1.53,6.66,0.97,39.0,4.23,0.68,True,-1.04,63.9,10.1,71.0,2026-11-03,False,False,9,STRONG,2.68,46.9,3.38,26.9,,,,2026-08-24T04:48:56.263968
HEI,HEICO Corporation,79.1,⭐⭐⭐ EXCELLENT,🟢 Excellent,USD,USD,False,True,False,0.3953,"acciones × precio no cuadra con la capitalización (ratio 0.3953): el dato por acción y el precio no están en la misma unidad — típico de ADR. Los ratios por acción (EPS, FCF/acción, DCF) no son utilizables",100.0,70.0,60.3,90.0,60.0,60.0,63.0,False,flat,31.8,True,1,19.9,True,1,"{'eps_growth_yoy': 31.8, 'positive_quarters': 4, 'earnings_accelerating': True, 'eps_accel_quarters': 1, 'profit_margin_pct': 16.1}","{'revenue_growth_yoy': 19.9, 'revenue_accelerating': True, 'rev_accel_quarters': 1}","{'rs_3m': 15.0, 'rs_6m': -10.2, 'rs_line_percentile': 63.0, 'rs_line_at_new_high': False, 'rs_line_trend': 'flat', 'rs_line_score': 60}","{'roe_pct': 17.2, 'debt_to_equity': 0.48, 'current_ratio': 2.92, 'operating_margin_pct': 25.5}","{'days_to_earnings': 'N/A', 'recommendation': 'buy', 'analyst_upside_pct': 9.6}",355.04,49612476416,Industrials,Aerospace & Defense,1.4,1.6,False,376.86,-5.8,6,False,389.26,472.0,290.0,19.0,buy,9.6,,,,,1.43,12.82,0.07,4.3,0.25,0.1,False,,9.0,48.2,1.0,2026-08-25,True,False,8,STRONG,1.95,52.3,1.06,25.0,1.6,0.06,-23.4,2026-08-24T04:49:25.933505
THC,Tenet Healthcare Corporation,78.8,⭐⭐⭐ EXCELLENT,🟢 Excellent,USD,USD,False,True,True,1.0,"FCF declarado (2,247,875,072) se aparta del derivado de flujo operativo menos capex (3,005,000,064)",100.0,60.0,82.6,75.0,60.0,100.0,100.0,True,up,141.5,False,0,14.2,False,0,"{'eps_growth_yoy': 141.5, 'positive_quarters': 4, 'earnings_accelerating': False, 'eps_accel_quarters': 0, 'profit_margin_pct': 10.3}","{'revenue_growth_yoy': 14.2, 'revenue_accelerating': False, 'rev_accel_quarters': 0}","{'rs_3m': 58.6, 'rs_6m': 7.3, 'rs_line_percentile': 100.0, 'rs_line_at_new_high': True, 'rs_line_trend': 'up', 'rs_line_score': 100}","{'roe_pct': 37.3, 'debt_to_equity': 1.52, 'current_ratio': 1.41, 'operating_margin_pct': 18.2}","{'days_to_earnings': 'N/A', 'recommendation': 'strong_buy', 'analyst_upside_pct': 0.6}",280.77,22607319040,Healthcare,Medical Care Facilities,4.7,2.2,False,280.89,-0.0,8,True,282.48,309.0,260.0,21.0,strong_buy,0.6,1183.92,321.7,775.8,176.3,9.94,27.92,,,,2.75,True,-7.3,5.7,213.4,64.0,2026-10-27,False,False,6,NEUTRAL,9.6,33.4,0.06,68.5,,,,2026-08-24T04:53:36.645292
BR,"Broadridge Financial Solutions, Inc.",78.6,⭐⭐⭐ EXCELLENT,🟢 Excellent,USD,USD,False,True,True,1.0,,100.0,80.0,50.3,80.0,65.0,35.0,25.1,False,up,140.7,True,1,39.7,False,0,"{'eps_growth_yoy': 140.7, 'positive_quarters': 4, 'earnings_accelerating': True, 'eps_accel_quarters': 1, 'profit_margin_pct': 15.0}","{'revenue_growth_yoy': 39.7, 'revenue_accelerating': False, 'rev_accel_quarters': 0}","{'rs_3m': 18.9, 'rs_6m': -7.9, 'rs_line_percentile': 25.1, 'rs_line_at_new_high': False, 'rs_line_trend': 'up', 'rs_line_score': 35}","{'roe_pct': 40.9, 'debt_to_equity': 1.24, 'current_ratio': 1.24, 'operating_margin_pct': 24.6}","{'days_to_earnings': 'N/A', 'recommendation': 'buy', 'analyst_upside_pct': 17.1}",182.18,21070626816,Technology,Information Technology Services,4.0,4.0,False,263.0,-30.7,3,False,213.25,250.0,176.0,8.0,buy,17.1,190.66,4.7,96.0,-47.3,5.67,10.33,2.39,40.6,4.36,1.68,True,-2.87,13.9,5.9,71.0,2026-11-03,False,False,8,STRONG,6.52,211.6,1.87,39.4,,,,2026-08-24T04:46:14.856300
WST,"West Pharmaceutical Services, Inc.",77.1,⭐⭐⭐ EXCELLENT,🟢 Excellent,USD,USD,False,True,True,1.0,"FCF declarado (277,937,504) se aparta del derivado de flujo operativo menos capex (376,300,000)",100.0,50.0,76.7,95.0,50.0,80.0,80.9,False,up,10.0,True,2,8.4,False,0,"{'eps_growth_yoy': 10.0, 'positive_quarters': 4, 'earnings_accelerating': True, 'eps_accel_quarters': 2, 'profit_margin_pct': 17.0}","{'revenue_growth_yoy': 8.4, 'revenue_accelerating': False, 'rev_accel_quarters': 0}","{'rs_3m': 8.7, 'rs_6m': 32.0, 'rs_line_percentile': 80.9, 'rs_line_at_new_high': False, 'rs_line_trend': 'up', 'rs_line_score': 80}","{'roe_pct': 19.1, 'debt_to_equity': 0.11, 'current_ratio': 2.82, 'operating_margin_pct': 22.5}","{'days_to_earnings': 'N/A', 'recommendation': 'none', 'analyst_upside_pct': 14.6}",353.08,24848273408,Healthcare,Medical Instruments & Supplies,4.2,3.0,False,386.0,-8.5,8,True,404.73,459.0,340.0,15.0,none,14.6,107.46,-69.6,141.18,-60.0,1.12,3.95,0.25,11.1,0.88,0.25,True,-1.84,155.1,9.0,59.0,2026-10-22,False,False,7,NEUTRAL,2.43,19.0,1.96,31.6,,,,2026-08-24T04:48:26.596342
CBOE,"Cboe Global Markets, Inc.",76.8,⭐⭐⭐ EXCELLENT,🟢 Excellent,USD,USD,False,True,True,1.0,"FCF declarado (678,249,984) se aparta del derivado de flujo operativo menos capex (1,891,800,000)",85.0,90.0,44.0,100.0,50.0,35.0,43.7,False,down,17.4,False,0,26.4,True,2,"{'eps_growth_yoy': 17.4, 'positive_quarters': 4, 'earnings_accelerating': False, 'eps_accel_quarters': 0, 'profit_margin_pct': 26.7}","{'revenue_growth_yoy': 26.4, 'revenue_accelerating': True, 'rev_accel_quarters': 2}","{'rs_3m': -18.6, 'rs_6m': -8.7, 'rs_line_percentile': 43.7, 'rs_line_at_new_high': False, 'rs_line_trend': 'down', 'rs_line_score': 35}","{'roe_pct': 26.3, 'debt_to_equity': 0.28, 'current_ratio': 1.56, 'operating_margin_pct': 34.6}","{'days_to_earnings': 'N/A', 'recommendation': 'hold', 'analyst_upside_pct': 4.8}",300.74,31406581760,Financial Services,Financial Data & Stock Exchanges,3.0,2.9,False,371.18,-19.0,6,False,315.14,356.0,258.0,14.0,hold,4.8,275.43,-8.4,385.2,28.1,2.16,6.49,1.14,22.4,3.44,1.29,True,-0.24,36.6,20.1,67.0,2026-10-30,False,False,8,STRONG,5.28,70.3,0.39,42.0,,,,2026-08-24T04:51:24.728086
G24.DE,Scout24 SE,76.3,⭐⭐⭐ EXCELLENT,🟢 Excellent,EUR,EUR,False,True,True,1.0,,100.0,70.0,60.5,65.0,70.0,,,,,61.9,True,1,20.0,True,1,"{'eps_growth_yoy': 61.9, 'positive_quarters': 4, 'earnings_accelerating': True, 'eps_accel_quarters': 1, 'profit_margin_pct': 40.2}","{'revenue_growth_yoy': 20.0, 'revenue_accelerating': True, 'rev_accel_quarters': 1}","{'rs_3m': 8.4, 'rs_6m': 0.5}","{'roe_pct': 22.8, 'debt_to_equity': 0.59, 'current_ratio': 0.23, 'operating_margin_pct': 44.9}","{'days_to_earnings': 'N/A', 'recommendation': 'buy', 'analyst_upside_pct': 36.7}",77.45,5393635840,Communication Services,Internet Content & Information,,,False,115.9,-33.2,2,False,105.91,140.0,80.0,18.0,buy,36.7,159.71,106.2,119.1,53.8,4.86,3.77,1.94,37.8,1.5,1.52,,,28.2,66.7,72.0,2026-11-04,False,False,6,NEUTRAL,4.71,635.9,0.24,45.4,,,,2026-08-24T04:51:47.906139
JNJ,Johnson & Johnson,75.9,⭐⭐⭐ EXCELLENT,🟢 Excellent,USD,USD,False,True,True,1.0,,95.0,60.0,68.3,85.0,60.0,80.0,76.1,False,up,7.4,True,2,5.5,True,1,"{'eps_growth_yoy': 7.4, 'positive_quarters': 4, 'earnings_accelerating': True, 'eps_accel_quarters': 2, 'profit_margin_pct': 21.5}","{'revenue_growth_yoy': 5.5, 'revenue_accelerating': True, 'rev_accel_quarters': 1}","{'rs_3m': 13.0, 'rs_6m': -1.7, 'rs_line_percentile': 76.1, 'rs_line_at_new_high': False, 'rs_line_trend': 'up', 'rs_line_score': 80}","{'roe_pct': 25.7, 'debt_to_equity': 0.58, 'current_ratio': 1.09, 'operating_margin_pct': 29.2}","{'days_to_earnings': 'N/A', 'recommendation': 'buy', 'analyst_upside_pct': 0.8}",270.24,651250958336,Healthcare,Drug Manufacturers - General,1.2,3.2,False,276.47,-2.3,8,True,272.5,305.0,190.0,22.0,buy,0.8,103.1,-61.8,86.2,-68.1,2.59,7.01,1.98,60.8,5.36,2.77,True,-1.24,25.9,-0.9,50.0,2026-10-13,False,False,4,NEUTRAL,4.94,136.0,,22.4,,,,2026-08-24T04:51:20.726300
POOL,Pool Corporation,75.8,⭐⭐⭐ EXCELLENT,🟢 Excellent,USD,USD,False,True,True,1.0,"FCF declarado (212,930,256) se aparta del derivado de flujo operativo menos capex (310,312,016)",100.0,90.0,24.0,80.0,65.0,15.0,4.4,False,down,48.1,True,2,25.6,True,2,"{'eps_growth_yoy': 48.1, 'positive_quarters': 4, 'earnings_accelerating': True, 'eps_accel_quarters': 2, 'profit_margin_pct': 7.4}","{'revenue_growth_yoy': 25.6, 'revenue_accelerating': True, 'rev_accel_quarters': 2}","{'rs_3m': -0.5, 'rs_6m': -25.0, 'rs_line_percentile': 4.4, 'rs_line_at_new_high': False, 'rs_line_trend': 'down', 'rs_line_score': 15}","{'roe_pct': 31.3, 'debt_to_equity': 1.35, 'current_ratio': 2.67, 'operating_margin_pct': 15.1}","{'days_to_earnings': 'N/A', 'recommendation': 'buy', 'analyst_upside_pct': 17.2}",187.98,6831333888,Industrials,Industrial Distribution,11.6,4.0,True,336.15,-44.1,0,False,220.36,260.0,185.0,11.0,buy,17.2,86.21,-54.1,108.8,-42.1,3.12,5.86,2.77,46.4,5.2,1.26,True,-4.03,16.2,,59.0,2026-10-22,False,False,5,NEUTRAL,6.83,34.5,2.13,42.7,0.8,0.02,-41.9,2026-08-24T04:52:41.840255
NDAQ,"Nasdaq, Inc.",75.8,⭐⭐⭐ EXCELLENT,🟢 Excellent,USD,USD,False,True,True,1.0,,85.0,80.0,65.1,75.0,60.0,60.0,56.9,False,up,19.9,False,0,29.3,True,1,"{'eps_growth_yoy': 19.9, 'positive_quarters': 4, 'earnings_accelerating': False, 'eps_accel_quarters': 0, 'profit_margin_pct': 35.0}","{'revenue_growth_yoy': 29.3, 'revenue_accelerating': True, 'rev_accel_quarters': 1}","{'rs_3m': 5.4, 'rs_6m': 10.9, 'rs_line_percentile': 56.9, 'rs_line_at_new_high': False, 'rs_line_trend': 'up', 'rs_line_score': 60}","{'roe_pct': 16.5, 'debt_to_equity': 0.78, 'current_ratio': 1.01, 'operating_margin_pct': 49.3}","{'days_to_earnings': 'N/A', 'recommendation': 'buy', 'analyst_upside_pct': 11.8}",98.22,54902755328,Financial Services,Financial Data & Stock Exchanges,2.2,2.0,False,101.79,-3.5,5,False,109.8,135.0,84.0,15.0,buy,11.8,70.38,-28.3,48.36,-50.8,3.08,3.03,1.18,32.7,1.16,1.28,True,-2.38,8.3,14.1,59.0,2026-10-22,False,False,9,STRONG,3.92,205.3,1.49,15.9,,,,2026-08-24T04:50:02.050156
OXY,Occidental Petroleum Corporation,75.6,⭐⭐⭐ EXCELLENT,🟢 Excellent,USD,USD,False,True,True,1.0,,100.0,70.0,50.3,80.0,60.0,35.0,48.1,False,up,259.2,True,2,21.8,False,0,"{'eps_growth_yoy': 259.2, 'positive_quarters': 3, 'earnings_accelerating': True, 'eps_accel_quarters': 2, 'profit_margin_pct': 30.3}","{'revenue_growth_yoy': 21.8, 'revenue_accelerating': False, 'rev_accel_quarters': 0}","{'rs_3m': 1.8, 'rs_6m': 5.2, 'rs_line_percentile': 48.1, 'rs_line_at_new_high': False, 'rs_line_trend': 'up', 'rs_line_score': 35}","{'roe_pct': 10.6, 'debt_to_equity': 0.35, 'current_ratio': 1.41, 'operating_margin_pct': 45.4}","{'days_to_earnings': 'N/A', 'recommendation': 'buy', 'analyst_upside_pct': 8.4}",61.3,61277769728,Energy,Oil & Gas E&P,0.0,0.0,False,67.45,-9.1,7,True,66.48,79.0,55.0,23.0,buy,8.4,160.71,162.2,101.7,65.9,6.18,3.79,1.83,29.5,1.12,1.14,True,-0.19,6.2,675.4,77.0,2026-11-09,False,False,4,NEUTRAL,5.12,6.4,0.02,36.6,,,,2026-08-24T04:51:56.142084
CDNS,"Cadence Design Systems, Inc.",75.4,⭐⭐⭐ EXCELLENT,🟢 Excellent,USD,USD,False,True,True,1.0,,100.0,70.0,39.6,90.0,65.0,15.0,14.3,False,down,27.8,True,1,18.3,True,1,"{'eps_growth_yoy': 27.8, 'positive_quarters': 4, 'earnings_accelerating': True, 'eps_accel_quarters': 1, 'profit_margin_pct': 23.6}","{'revenue_growth_yoy': 18.3, 'revenue_accelerating': True, 'rev_accel_quarters': 1}","{'rs_3m': -17.6, 'rs_6m': 1.2, 'rs_line_percentile': 14.3, 'rs_line_at_new_high': False, 'rs_line_trend': 'down', 'rs_line_score': 15}","{'roe_pct': 23.2, 'debt_to_equity': 0.39, 'current_ratio': 1.74, 'operating_margin_pct': 28.6}","{'days_to_earnings': 'N/A', 'recommendation': 'strong_buy', 'analyst_upside_pct': 26.6}",319.02,87990820864,Technology,Software - Application,2.2,2.6,False,416.69,-23.4,3,False,403.94,470.0,300.0,27.0,strong_buy,26.6,247.5,-22.4,151.2,-52.6,1.83,5.84,,,,,True,-1.15,15.6,125.4,63.0,2026-10-26,False,False,7,NEUTRAL,1.84,44.0,0.27,26.7,0.4,0.01,-26.3,2026-08-24T04:49:37.567990
NUE,Nucor Corporation,75.2,⭐⭐⭐ EXCELLENT,🟢 Excellent,USD,USD,False,True,True,1.0,"FCF declarado (683,374,976) se aparta del derivado de flujo operativo menos capex (1,002,000,000)",85.0,70.0,68.7,80.0,65.0,60.0,74.6,False,down,23.2,True,1,12.3,True,1,"{'eps_growth_yoy': 23.2, 'positive_quarters': 4, 'earnings_accelerating': True, 'eps_accel_quarters': 1, 'profit_margin_pct': 8.0}","{'revenue_growth_yoy': 12.3, 'revenue_accelerating': True, 'rev_accel_quarters': 1}","{'rs_3m': 2.3, 'rs_6m': 24.2, 'rs_line_percentile': 74.6, 'rs_line_at_new_high': False, 'rs_line_trend': 'down', 'rs_line_score': 60}","{'roe_pct': 14.5, 'debt_to_equity': 0.31, 'current_ratio': 2.51, 'operating_margin_pct': 15.7}","{'days_to_earnings': 'N/A', 'recommendation': 'buy', 'analyst_upside_pct': 16.1}",243.63,55273721856,Basic Materials,Steel,2.1,2.6,False,280.11,-13.0,7,True,282.81,305.0,231.0,16.0,buy,16.1,127.74,-47.6,375.6,54.2,1.24,3.01,0.92,17.8,2.24,1.41,True,-0.95,23.8,93.8,63.0,2026-10-26,False,False,6,NEUTRAL,4.5,11.9,0.14,45.0,,,,2026-08-24T04:52:49.961378
KO,The Coca-Cola Company,74.7,⭐⭐⭐ EXCELLENT,🟢 Excellent,USD,USD,False,True,True,1.0,"FCF declarado (5,218,749,952) se aparta del derivado de flujo operativo menos capex (14,229,999,616)",85.0,70.0,68.3,80.0,60.0,80.0,87.5,False,up,19.7,False,0,7.4,True,2,"{'eps_growth_yoy': 19.7, 'positive_quarters': 4, 'earnings_accelerating': False, 'eps_accel_quarters': 0, 'profit_margin_pct': 28.6}","{'revenue_growth_yoy': 7.4, 'revenue_accelerating': True, 'rev_accel_quarters': 2}","{'rs_3m': 9.6, 'rs_6m': 1.8, 'rs_line_percentile': 87.5, 'rs_line_at_new_high': False, 'rs_line_trend': 'up', 'rs_line_score': 80}","{'roe_pct': 42.1, 'debt_to_equity': 1.16, 'current_ratio': 1.3, 'operating_margin_pct': 34.9}","{'days_to_earnings': 'N/A', 'recommendation': 'buy', 'analyst_upside_pct': 3.9}",91.1,391962198016,Consumer Defensive,Beverages - Non-Alcoholic,1.1,2.6,False,91.87,-0.8,8,True,94.7,104.0,75.0,23.0,buy,3.9,31.5,-65.4,56.28,-38.2,1.33,1.21,2.33,62.5,2.12,2.87,True,-0.24,12.0,16.9,57.0,2026-10-20,False,False,7,NEUTRAL,4.18,91.1,1.53,21.9,,,,2026-08-24T04:46:30.895637
TT,Trane Technologies plc,74.3,⭐⭐⭐ EXCELLENT,🟢 Excellent,USD,USD,False,True,True,1.0,,90.0,80.0,44.0,80.0,65.0,35.0,32.1,False,down,9.1,True,2,10.6,True,2,"{'eps_growth_yoy': 9.1, 'positive_quarters': 4, 'earnings_accelerating': True, 'eps_accel_quarters': 2, 'profit_margin_pct': 13.3}","{'revenue_growth_yoy': 10.6, 'revenue_accelerating': True, 'rev_accel_quarters': 2}","{'rs_3m': -2.2, 'rs_6m': -13.8, 'rs_line_percentile': 32.1, 'rs_line_at_new_high': False, 'rs_line_trend': 'down', 'rs_line_score': 35}","{'roe_pct': 36.6, 'debt_to_equity': 0.53, 'current_ratio': 1.07, 'operating_margin_pct': 19.3}","{'days_to_earnings': 'N/A', 'recommendation': 'buy', 'analyst_upside_pct': 16.2}",453.43,99765108736,Industrials,Building Products & Equipment,1.4,2.5,False,505.87,-10.4,5,False,526.99,575.0,422.0,21.0,buy,16.2,248.18,-45.3,134.2,-70.4,3.13,14.19,0.93,29.7,4.2,1.19,True,-1.36,18.0,5.0,66.0,2026-10-29,False,False,9,STRONG,3.79,102.0,3.65,30.9,,,,2026-08-24T04:50:10.392339
BRK-B,Berkshire Hathaway Inc.,74.2,⭐⭐⭐ EXCELLENT,🟢 Excellent,USD,USD,False,True,False,0.6577,"acciones × precio no cuadra con la capitalización (ratio 0.6577): el dato por acción y el precio no están en la misma unidad — típico de ADR. Los ratios por acción (EPS, FCF/acción, DCF) no son utilizables | FCF declarado (71,975,247,872) se aparta del derivado de flujo operativo menos capex (25,707",100.0,70.0,36.0,90.0,60.0,15.0,15.3,False,flat,107.5,True,1,19.2,True,1,"{'eps_growth_yoy': 107.5, 'positive_quarters': 4, 'earnings_accelerating': True, 'eps_accel_quarters': 1, 'profit_margin_pct': 22.3}","{'revenue_growth_yoy': 19.2, 'revenue_accelerating': True, 'rev_accel_quarters': 1}","{'rs_3m': -1.0, 'rs_6m': -12.5, 'rs_line_percentile': 15.3, 'rs_line_at_new_high': False, 'rs_line_trend': 'flat', 'rs_line_score': 15}","{'roe_pct': 12.1, 'debt_to_equity': 0.17, 'current_ratio': 2.89, 'operating_margin_pct': 32.6}","{'days_to_earnings': 'N/A', 'recommendation': 'buy', 'analyst_upside_pct': 10.5}",495.82,1061406703616,Financial Services,Insurance - Diversified,1.0,2.3,False,537.74,-7.8,4,False,547.67,604.0,510.0,3.0,buy,10.5,,,,,6.78,51.12,,,,,True,-0.42,18.5,75.5,75.0,2026-11-07,False,False,4,NEUTRAL,,,0.21,18.3,,,,2026-08-24T04:49:09.154159
IDXX,"IDEXX Laboratories, Inc.",74.0,⭐⭐⭐ EXCELLENT,🟢 Excellent,USD,USD,False,True,True,1.0,"FCF declarado (909,368,384) se aparta del derivado de flujo operativo menos capex (1,233,284,016)",100.0,80.0,24.0,85.0,65.0,15.0,5.1,False,down,23.2,True,2,10.1,True,2,"{'eps_growth_yoy': 23.2, 'positive_quarters': 4, 'earnings_accelerating': True, 'eps_accel_quarters': 2, 'profit_margin_pct': 25.0}","{'revenue_growth_yoy': 10.1, 'revenue_accelerating': True, 'rev_accel_quarters': 2}","{'rs_3m': -3.4, 'rs_6m': -23.4, 'rs_line_percentile': 5.1, 'rs_line_at_new_high': False, 'rs_line_trend': 'down', 'rs_line_score': 15}","{'roe_pct': 74.2, 'debt_to_equity': 0.68, 'current_ratio': 1.17, 'operating_margin_pct': 35.0}","{'days_to_earnings': 'N/A', 'recommendation': 'buy', 'analyst_upside_pct': 25.5}",556.93,43932307456,Healthcare,Diagnostics & Research,2.8,3.2,False,769.98,-27.7,0,False,698.92,805.0,470.0,13.0,buy,25.5,307.65,-44.8,250.98,-54.9,2.07,11.53,,,,,True,-2.68,38.7,12.3,70.0,2026-11-02,False,False,8,STRONG,3.04,120.0,1.89,29.6,0.4,0.01,-29.2,2026-08-24T04:46:56.994605
CP,Canadian Pacific Kansas City Limited,73.9,⭐⭐⭐ EXCELLENT,🟢 Excellent,USD,CAD,True,True,True,1.0,"FCF declarado (1,581,394,064) se aparta del derivado de flujo operativo menos capex (847,241,007)",95.0,70.0,68.3,55.0,60.0,80.0,85.6,False,up,11.3,True,1,13.7,True,1,"{'eps_growth_yoy': 11.3, 'positive_quarters': 4, 'earnings_accelerating': True, 'eps_accel_quarters': 1, 'profit_margin_pct': 25.0}","{'revenue_growth_yoy': 13.7, 'revenue_accelerating': True, 'rev_accel_quarters': 1}","{'rs_3m': 9.4, 'rs_6m': 1.8, 'rs_line_percentile': 85.6, 'rs_line_at_new_high': False, 'rs_line_trend': 'up', 'rs_line_score': 80}","{'roe_pct': 8.2, 'debt_to_equity': 0.53, 'current_ratio': 0.59, 'operating_margin_pct': 39.0}","{'days_to_earnings': 'N/A', 'recommendation': 'buy', 'analyst_upside_pct': 5.0}",96.69,84998176768,Industrials,Railroads,2.1,7.2,False,96.9,-0.2,8,True,101.54,111.34,76.27,13.0,buy,5.0,26.47,-72.6,31.1,-67.8,1.86,1.8,0.79,22.1,0.76,0.76,True,-4.9,6.6,-13.5,65.0,2026-10-28,False,False,7,NEUTRAL,5.74,11.8,,20.4,0.8,0.04,-19.6,2026-08-24T04:51:16.498022
BAC,Bank of America Corporation,73.6,⭐⭐⭐ EXCELLENT,🟢 Excellent,USD,USD,False,True,True,1.0,,95.0,60.0,71.9,65.0,60.0,80.0,78.1,False,up,20.6,True,1,14.4,False,0,"{'eps_growth_yoy': 20.6, 'positive_quarters': 4, 'earnings_accelerating': True, 'eps_accel_quarters': 1, 'profit_margin_pct': 29.5}","{'revenue_growth_yoy': 14.4, 'revenue_accelerating': False, 'rev_accel_quarters': 0}","{'rs_3m': 16.8, 'rs_6m': 9.3, 'rs_line_percentile': 78.1, 'rs_line_at_new_high': False, 'rs_line_trend': 'up', 'rs_line_score': 80}","{'roe_pct': 11.2, 'operating_margin_pct': 38.3}","{'days_to_earnings': 'N/A', 'recommendation': 'buy', 'analyst_upside_pct': 11.5}",61.69,431382659072,Financial Services,Banks - Diversified,0.0,0.0,False,65.23,-5.4,8,True,68.77,75.0,62.0,22.0,buy,11.5,76.49,24.0,129.9,110.6,2.92,1.8,2.07,25.9,1.28,2.35,True,-5.83,,34.1,51.0,2026-10-14,False,False,5,NEUTRAL,,,0.34,17.4,0.8,0.04,-16.6,2026-08-24T04:51:59.995757
HHH,Howard Hughes Holdings Inc.,73.6,⭐⭐⭐ EXCELLENT,🟢 Excellent,USD,USD,False,True,True,1.0,"FCF declarado (-1,133,985,280) se aparta del derivado de flujo operativo menos capex (783,653,000)",100.0,90.0,26.7,65.0,60.0,15.0,7.4,False,down,32.5,True,2,187.6,True,1,"{'eps_growth_yoy': 32.5, 'positive_quarters': 4, 'earnings_accelerating': True, 'eps_accel_quarters': 2, 'profit_margin_pct': 12.3}","{'revenue_growth_yoy': 187.6, 'revenue_accelerating': True, 'rev_accel_quarters': 1}","{'rs_3m': 1.5, 'rs_6m': -21.2, 'rs_line_percentile': 7.4, 'rs_line_at_new_high': False, 'rs_line_trend': 'down', 'rs_line_score': 15}","{'roe_pct': 7.5, 'debt_to_equity': 1.35, 'current_ratio': 3.48, 'operating_margin_pct': 28.4}","{'days_to_earnings': 'N/A', 'recommendation': 'none', 'analyst_upside_pct': 34.8}",66.5,3971448832,Real Estate,Real Estate - Development,9.0,8.1,True,91.07,-27.0,0,False,89.67,100.0,79.0,3.0,none,34.8,,,151.8,128.3,-28.55,-18.99,,,,,False,,3.2,,77.0,2026-11-09,False,False,6,NEUTRAL,4.88,14.6,,29.2,,,,2026-08-24T04:53:24.122136
EQIX,"Equinix, Inc.",73.0,⭐⭐⭐ EXCELLENT,🟢 Excellent,USD,USD,False,True,True,1.0,"FCF declarado (3,776,000,000) se aparta del derivado de flujo operativo menos capex (-368,999,872)",90.0,70.0,57.6,70.0,65.0,60.0,66.3,False,flat,28.1,False,0,13.3,True,1,"{'eps_growth_yoy': 28.1, 'positive_quarters': 4, 'earnings_accelerating': False, 'eps_accel_quarters': 0, 'profit_margin_pct': 15.5}","{'revenue_growth_yoy': 13.3, 'revenue_accelerating': True, 'rev_accel_quarters': 1}","{'rs_3m': -3.8, 'rs_6m': 1.6, 'rs_line_percentile': 66.3, 'rs_line_at_new_high': False, 'rs_line_trend': 'flat', 'rs_line_score': 60}","{'roe_pct': 10.7, 'debt_to_equity': 1.62, 'current_ratio': 1.13, 'operating_margin_pct': 27.0}","{'days_to_earnings': 'N/A', 'recommendation': 'buy', 'analyst_upside_pct': 15.9}",1065.39,105123831808,Real Estate,REIT - Specialty,2.2,3.2,False,1128.68,-5.6,7,True,1234.55,1400.0,1060.0,29.0,buy,15.9,1554.22,45.9,447.84,-58.0,3.59,38.27,1.94,126.8,20.64,1.86,False,,4.0,28.8,65.0,2026-10-28,False,False,6,NEUTRAL,1.6,7.8,1.98,35.1,0.4,0.01,-34.7,2026-08-24T04:50:31.049302
QSR,Restaurant Brands International Inc.,72.8,⭐⭐⭐ EXCELLENT,🟢 Excellent,USD,USD,False,True,False,0.7613,"acciones × precio no cuadra con la capitalización (ratio 0.7613): el dato por acción y el precio no están en la misma unidad — típico de ADR. Los ratios por acción (EPS, FCF/acción, DCF) no son utilizables",100.0,60.0,60.3,65.0,60.0,60.0,54.6,False,up,58.9,True,2,2.9,True,1,"{'eps_growth_yoy': 58.9, 'positive_quarters': 4, 'earnings_accelerating': True, 'eps_accel_quarters': 2, 'profit_margin_pct': 13.1}","{'revenue_growth_yoy': 2.9, 'revenue_accelerating': True, 'rev_accel_quarters': 1}","{'rs_3m': 5.3, 'rs_6m': 9.1, 'rs_line_percentile': 54.6, 'rs_line_at_new_high': False, 'rs_line_trend': 'up', 'rs_line_score': 60}","{'roe_pct': 34.8, 'debt_to_equity': 2.9, 'current_ratio': 1.01, 'operating_margin_pct': 27.7}","{'days_to_earnings': 'N/A', 'recommendation': 'buy', 'analyst_upside_pct': 5.9}",80.86,37042851840,Consumer Cyclical,Restaurants,5.9,6.7,False,81.96,-1.3,7,True,85.65,104.0,78.0,23.0,buy,5.9,,,,,4.63,4.91,3.22,63.8,2.6,3.41,True,-0.46,5.2,151.2,66.0,2026-10-29,False,False,6,NEUTRAL,4.98,51.7,0.12,23.5,,,,2026-08-24T04:53:15.560936
TECK,Teck Resources Limited,72.6,⭐⭐⭐ EXCELLENT,🟢 Excellent,USD,CAD,True,True,True,0.9845,,100.0,50.0,74.3,75.0,40.0,95.0,93.8,False,up,203.9,False,0,6.5,False,0,"{'eps_growth_yoy': 203.9, 'positive_quarters': 4, 'earnings_accelerating': False, 'eps_accel_quarters': 0, 'profit_margin_pct': 17.9}","{'revenue_growth_yoy': 6.5, 'revenue_accelerating': False, 'rev_accel_quarters': 0}","{'rs_3m': 7.6, 'rs_6m': 4.6, 'rs_line_percentile': 93.8, 'rs_line_at_new_high': False, 'rs_line_trend': 'up', 'rs_line_score': 95}","{'roe_pct': 8.7, 'debt_to_equity': 0.34, 'current_ratio': 3.12, 'operating_margin_pct': 44.1}","{'days_to_earnings': 'N/A', 'recommendation': 'none', 'analyst_upside_pct': -21.3}",69.2,33949517824,Basic Materials,Copper,,4.0,False,71.25,-2.9,8,True,54.48,69.47,36.78,4.0,none,-21.3,110.57,59.8,110.7,60.0,3.71,2.61,0.51,9.8,0.35,0.99,True,-0.42,6.5,162.2,59.0,2026-10-22,False,False,5,NEUTRAL,6.16,6.5,0.06,49.9,,,,2026-08-24T04:53:45.424869
CNI,Canadian National Railway Company,72.4,⭐⭐⭐ EXCELLENT,🟢 Excellent,USD,CAD,True,True,True,1.0,"FCF declarado (2,194,069,951) se aparta del derivado de flujo operativo menos capex (1,428,269,382)",85.0,70.0,71.9,60.0,60.0,80.0,80.4,False,up,9.7,True,1,14.1,True,1,"{'eps_growth_yoy': 9.7, 'positive_quarters': 4, 'earnings_accelerating': True, 'eps_accel_quarters': 1, 'profit_margin_pct': 26.9}","{'revenue_growth_yoy': 14.1, 'revenue_accelerating': True, 'rev_accel_quarters': 1}","{'rs_3m': 11.3, 'rs_6m': 6.5, 'rs_line_percentile': 80.4, 'rs_line_at_new_high': False, 'rs_line_trend': 'up', 'rs_line_score': 80}","{'roe_pct': 22.0, 'debt_to_equity': 1.04, 'current_ratio': 0.87, 'operating_margin_pct': 40.3}","{'days_to_earnings': 'N/A', 'recommendation': 'buy', 'analyst_upside_pct': 8.4}",129.84,78540210176,Industrials,Railroads,,2.9,False,131.55,-1.3,8,True,140.72,154.16,115.37,13.0,buy,8.4,72.09,-44.5,57.53,-55.7,2.79,3.63,2.0,46.3,2.6,2.04,True,-3.83,7.8,7.1,67.0,2026-10-30,False,False,7,NEUTRAL,7.11,14.5,1.95,13.9,0.2,0.01,-13.7,2026-08-24T04:48:06.439790
V,Visa Inc.,72.3,⭐⭐⭐ EXCELLENT,🟢 Excellent,USD,USD,False,True,False,0.9127,"acciones × precio no cuadra con la capitalización (ratio 0.9127): el dato por acción y el precio no están en la misma unidad — típico de ADR. Los ratios por acción (EPS, FCF/acción, DCF) no son utilizables",85.0,70.0,63.9,70.0,60.0,60.0,52.3,False,up,10.6,False,0,8.5,True,2,"{'eps_growth_yoy': 10.6, 'positive_quarters': 4, 'earnings_accelerating': False, 'eps_accel_quarters': 0, 'profit_margin_pct': 50.8}","{'revenue_growth_yoy': 8.5, 'revenue_accelerating': True, 'rev_accel_quarters': 2}","{'rs_3m': 10.1, 'rs_6m': 8.7, 'rs_line_percentile': 52.3, 'rs_line_at_new_high': False, 'rs_line_trend': 'up', 'rs_line_score': 60}","{'roe_pct': 61.2, 'debt_to_equity': 0.68, 'current_ratio': 0.98, 'operating_margin_pct': 66.1}","{'days_to_earnings': 'N/A', 'recommendation': 'strong_buy', 'analyst_upside_pct': 12.3}",371.04,692749271040,Financial Services,Credit Services,1.2,2.6,False,373.97,-0.8,5,False,416.61,450.0,330.0,37.0,strong_buy,12.3,,,,,2.95,11.97,0.72,22.1,2.68,0.7,True,-3.08,35.7,10.2,64.0,2026-10-27,False,False,6,NEUTRAL,3.83,381.9,2.43,16.9,,,,2026-08-24T04:45:06.058742
MRSH,"Marsh & McLennan Companies, Inc.",72.1,⭐⭐⭐ EXCELLENT,🟢 Excellent,USD,USD,False,True,True,1.0,,100.0,60.0,50.3,80.0,50.0,35.0,37.1,False,up,69.5,False,0,16.6,False,0,"{'eps_growth_yoy': 69.5, 'positive_quarters': 4, 'earnings_accelerating': False, 'eps_accel_quarters': 0, 'profit_margin_pct': 14.2}","{'revenue_growth_yoy': 16.6, 'revenue_accelerating': False, 'rev_accel_quarters': 0}","{'rs_3m': 14.7, 'rs_6m': -3.1, 'rs_line_percentile': 37.1, 'rs_line_at_new_high': False, 'rs_line_trend': 'up', 'rs_line_score': 35}","{'roe_pct': 25.9, 'debt_to_equity': 1.45, 'current_ratio': 1.14, 'operating_margin_pct': 26.3}","{'days_to_earnings': 'N/A', 'recommendation': 'hold', 'analyst_upside_pct': 7.5}",192.01,91629330432,Financial Services,Insurance Brokers,1.6,2.8,False,211.28,-9.1,5,False,206.48,238.0,182.0,21.0,hold,7.5,176.87,-7.9,82.0,-57.3,5.22,10.03,2.06,44.0,3.96,1.46,True,-3.17,6.6,2.9,52.0,2026-10-15,False,False,6,NEUTRAL,5.77,146.7,2.31,27.9,,,,2026-08-24T04:45:46.721079
DSGX,The Descartes Systems Group Inc.,71.9,⭐⭐⭐ EXCELLENT,🟢 Excellent,USD,USD,False,True,True,1.0,,100.0,50.0,47.1,90.0,65.0,15.0,16.5,False,up,27.5,True,1,7.7,False,0,"{'eps_growth_yoy': 27.5, 'positive_quarters': 4, 'earnings_accelerating': True, 'eps_accel_quarters': 1, 'profit_margin_pct': 23.3}","{'revenue_growth_yoy': 7.7, 'revenue_accelerating': False, 'rev_accel_quarters': 0}","{'rs_3m': 6.7, 'rs_6m': 11.7, 'rs_line_percentile': 16.5, 'rs_line_at_new_high': False, 'rs_line_trend': 'up', 'rs_line_score': 15}","{'roe_pct': 11.4, 'debt_to_equity': 0.0, 'current_ratio': 2.05, 'operating_margin_pct': 32.9}","{'days_to_earnings': 'N/A', 'recommendation': 'buy', 'analyst_upside_pct': 27.6}",78.21,6701879296,Technology,Software - Application,,5.3,False,109.0,-28.2,2,False,99.79,126.0,82.0,14.0,buy,27.6,132.77,69.8,60.3,-22.9,4.0,3.13,,,,,True,-0.31,243.4,34.1,17.0,2026-09-10,False,True,6,NEUTRAL,3.43,77.7,0.7,39.7,3.1,0.08,-36.6,2026-08-24T04:48:39.079282
AME,"AMETEK, Inc.",71.1,⭐⭐⭐ EXCELLENT,🟢 Excellent,USD,USD,False,True,True,1.0,,85.0,60.0,56.7,85.0,65.0,60.0,52.5,False,flat,9.6,True,1,8.0,True,1,"{'eps_growth_yoy': 9.6, 'positive_quarters': 4, 'earnings_accelerating': True, 'eps_accel_quarters': 1, 'profit_margin_pct': 20.0}","{'revenue_growth_yoy': 8.0, 'revenue_accelerating': True, 'rev_accel_quarters': 1}","{'rs_3m': 3.9, 'rs_6m': -9.0, 'rs_line_percentile': 52.5, 'rs_line_at_new_high': False, 'rs_line_trend': 'flat', 'rs_line_score': 60}","{'roe_pct': 14.6, 'debt_to_equity': 0.21, 'current_ratio': 1.21, 'operating_margin_pct': 26.2}","{'days_to_earnings': 'N/A', 'recommendation': 'buy', 'analyst_upside_pct': 15.8}",239.55,54905581568,Industrials,Specialty Industrial Machinery,1.6,3.1,False,261.16,-8.3,6,False,277.5,316.0,217.0,18.0,buy,15.8,152.01,-36.5,97.27,-59.4,2.72,6.51,0.57,19.0,1.36,0.62,True,-0.81,20.8,14.2,66.0,2026-10-29,False,False,6,NEUTRAL,3.31,144.0,1.87,25.1,0.2,0.01,-24.9,2026-08-24T04:50:39.907442
FICO,Fair Isaac Corporation,71.0,⭐⭐⭐ EXCELLENT,🟢 Excellent,USD,USD,False,True,True,1.0,,100.0,80.0,24.0,65.0,65.0,15.0,12.7,False,down,53.0,False,0,30.7,False,0,"{'eps_growth_yoy': 53.0, 'positive_quarters': 4, 'earnings_accelerating': False, 'eps_accel_quarters': 0, 'profit_margin_pct': 34.1}","{'revenue_growth_yoy': 30.7, 'revenue_accelerating': False, 'rev_accel_quarters': 0}","{'rs_3m': -8.4, 'rs_6m': -21.3, 'rs_line_percentile': 12.7, 'rs_line_at_new_high': False, 'rs_line_trend': 'down', 'rs_line_score': 15}","{'current_ratio': 1.18, 'operating_margin_pct': 53.8}","{'days_to_earnings': 'N/A', 'recommendation': 'buy', 'analyst_upside_pct': 25.9}",1172.67,25326901248,Technology,Software - Application,10.3,6.0,True,1998.01,-41.3,1,False,1476.32,1750.0,707.0,19.0,buy,25.9,1520.61,29.7,1037.7,-11.5,3.06,35.86,,,,0.09,True,-14.19,6.7,41.2,72.0,2026-11-04,False,False,7,NEUTRAL,3.05,996.8,0.54,83.4,,,,2026-08-24T04:47:38.139421
GWW,"W.W. Grainger, Inc.",70.8,⭐⭐⭐ EXCELLENT,🟢 Excellent,USD,USD,False,True,True,1.0,,95.0,50.0,60.3,85.0,50.0,60.0,65.4,False,down,93.9,False,0,7.8,False,0,"{'eps_growth_yoy': 93.9, 'positive_quarters': 4, 'earnings_accelerating': False, 'eps_accel_quarters': 0, 'profit_margin_pct': 9.9}","{'revenue_growth_yoy': 7.8, 'revenue_accelerating': False, 'rev_accel_quarters': 0}","{'rs_3m': 2.4, 'rs_6m': 5.2, 'rs_line_percentile': 65.4, 'rs_line_at_new_high': False, 'rs_line_trend': 'down', 'rs_line_score': 60}","{'roe_pct': 46.1, 'debt_to_equity': 0.62, 'current_ratio': 2.81, 'operating_margin_pct': 16.1}","{'days_to_earnings': 'N/A', 'recommendation': 'hold', 'analyst_upside_pct': 1.0}",1312.24,61954945024,Industrials,Industrial Distribution,2.7,3.9,False,1419.91,-7.6,6,False,1325.43,1500.0,1100.0,14.0,hold,1.0,788.6,-39.9,804.42,-38.7,2.01,26.43,0.76,23.6,9.96,1.0,True,-1.61,34.1,8.2,72.0,2026-11-04,False,False,6,NEUTRAL,3.9,40.8,1.25,25.0,,,,2026-08-24T04:51:32.382958
CTAS,Cintas Corporation,70.8,⭐⭐⭐ EXCELLENT,🟢 Excellent,USD,USD,False,True,True,1.0,,90.0,60.0,50.3,85.0,60.0,35.0,40.5,False,up,4.0,True,2,6.9,True,1,"{'eps_growth_yoy': 4.0, 'positive_quarters': 4, 'earnings_accelerating': True, 'eps_accel_quarters': 2, 'profit_margin_pct': 17.8}","{'revenue_growth_yoy': 6.9, 'revenue_accelerating': True, 'rev_accel_quarters': 1}","{'rs_3m': 15.2, 'rs_6m': -9.5, 'rs_line_percentile': 40.5, 'rs_line_at_new_high': False, 'rs_line_trend': 'up', 'rs_line_score': 35}","{'roe_pct': 40.7, 'debt_to_equity': 0.53, 'current_ratio': 1.43, 'operating_margin_pct': 23.7}","{'days_to_earnings': 'N/A', 'recommendation': 'buy', 'analyst_upside_pct': 6.1}",203.79,81550557184,Industrials,Specialty Business Services,3.8,4.4,False,219.17,-7.0,5,False,216.31,250.0,175.0,16.0,buy,6.1,90.31,-55.7,76.6,-62.4,1.8,3.66,1.02,36.7,2.08,0.89,True,-1.17,24.6,10.9,30.0,2026-09-23,False,False,8,STRONG,3.11,82.2,2.14,23.5,0.8,0.03,-22.7,2026-08-24T04:45:10.191552
PGR,The Progressive Corporation,70.6,⭐⭐⭐ EXCELLENT,🟢 Excellent,USD,USD,False,True,True,1.0,,100.0,60.0,46.7,75.0,50.0,35.0,29.8,False,up,26.6,True,1,4.9,True,1,"{'eps_growth_yoy': 26.6, 'positive_quarters': 4, 'earnings_accelerating': True, 'eps_accel_quarters': 1, 'profit_margin_pct': 12.8}","{'revenue_growth_yoy': 4.9, 'revenue_accelerating': True, 'rev_accel_quarters': 1}","{'rs_3m': 7.0, 'rs_6m': -5.1, 'rs_line_percentile': 29.8, 'rs_line_at_new_high': False, 'rs_line_trend': 'up', 'rs_line_score': 35}","{'roe_pct': 34.9, 'debt_to_equity': 0.24, 'current_ratio': 0.29, 'operating_margin_pct': 18.2}","{'days_to_earnings': 'N/A', 'recommendation': 'hold', 'analyst_upside_pct': 5.3}",219.28,127483199488,Financial Services,Insurance - Property & Casualty,1.4,2.6,False,249.83,-12.2,5,False,230.83,309.0,198.0,21.0,hold,5.3,416.46,89.9,199.3,-9.1,11.86,26.0,0.18,69.7,0.4,1.97,True,-0.93,50.8,2.0,51.0,2026-10-14,False,False,6,NEUTRAL,10.84,,2.69,29.4,0.4,0.01,-29.0,2026-08-24T04:50:26.948027
DBOEY,Deutsche Börse AG,70.5,⭐⭐⭐ EXCELLENT,🟢 Excellent,USD,EUR,True,True,True,1.0,,85.0,60.0,65.1,80.0,50.0,60.0,72.9,False,up,11.9,False,0,11.7,False,0,"{'eps_growth_yoy': 11.9, 'positive_quarters': 4, 'earnings_accelerating': False, 'eps_accel_quarters': 0, 'profit_margin_pct': 27.3}","{'revenue_growth_yoy': 11.7, 'revenue_accelerating': False, 'rev_accel_quarters': 0}","{'rs_3m': 8.3, 'rs_6m': 17.1, 'rs_line_percentile': 72.9, 'rs_line_at_new_high': False, 'rs_line_trend': 'up', 'rs_line_score': 60}","{'roe_pct': 20.4, 'debt_to_equity': 0.58, 'current_ratio': 1.01, 'operating_margin_pct': 41.9}","{'days_to_earnings': 'N/A', 'recommendation': 'none', 'analyst_upside_pct': 7.8}",33.01,59512950784,Financial Services,Financial Data & Stock Exchanges,,,False,33.11,-0.3,8,True,35.59,35.59,35.59,1.0,none,7.8,32.35,-2.0,18.5,-44.0,4.28,1.41,1.48,36.0,0.49,1.9,,,,6.9,57.0,2026-10-20,False,False,5,NEUTRAL,4.74,66.8,1.52,18.7,,,,2026-08-24T04:48:22.314217
MA,Mastercard Incorporated,70.0,⭐⭐⭐ EXCELLENT,🟢 Excellent,USD,USD,False,True,True,0.9925,,95.0,60.0,53.9,65.0,60.0,35.0,43.2,False,up,11.7,True,1,7.8,True,1,"{'eps_growth_yoy': 11.7, 'positive_quarters': 4, 'earnings_accelerating': True, 'eps_accel_quarters': 1, 'profit_margin_pct': 46.3}","{'revenue_growth_yoy': 7.8, 'revenue_accelerating': True, 'rev_accel_quarters': 1}","{'rs_3m': 13.7, 'rs_6m': 4.6, 'rs_line_percentile': 43.2, 'rs_line_at_new_high': False, 'rs_line_trend': 'up', 'rs_line_score': 35}","{'roe_pct': 241.2, 'debt_to_equity': 4.4, 'current_ratio': 1.06, 'operating_margin_pct': 61.1}","{'days_to_earnings': 'N/A', 'recommendation': 'strong_buy', 'analyst_upside_pct': 14.9}",580.63,508637642752,Financial Services,Credit Services,1.0,2.8,False,601.62,-3.5,5,False,667.3,735.0,550.0,37.0,strong_buy,14.9,618.54,6.5,401.56,-30.8,3.33,19.51,0.6,17.9,3.48,0.54,True,-3.11,28.0,22.1,66.0,2026-10-29,False,False,9,STRONG,3.7,622.8,1.14,19.6,,,,2026-08-24T04:45:50.823163
ROP,"Roper Technologies, Inc.",69.8,⭐⭐ GOOD,🟡 Good,USD,USD,False,True,True,1.0,,100.0,50.0,61.4,60.0,60.0,35.0,28.1,False,up,193.2,True,2,4.5,False,0,"{'eps_growth_yoy': 193.2, 'positive_quarters': 4, 'earnings_accelerating': True, 'eps_accel_quarters': 2, 'profit_margin_pct': 30.2}","{'revenue_growth_yoy': 4.5, 'revenue_accelerating': False, 'rev_accel_quarters': 0}","{'rs_3m': 23.3, 'rs_6m': 10.5, 'rs_line_percentile': 28.1, 'rs_line_at_new_high': False, 'rs_line_trend': 'up', 'rs_line_score': 35}","{'roe_pct': 13.1, 'debt_to_equity': 0.61, 'current_ratio': 0.55, 'operating_margin_pct': 27.7}","{'days_to_earnings': 'N/A', 'recommendation': 'buy', 'analyst_upside_pct': 8.1}",411.79,40726392832,Technology,Software - Application,6.2,5.9,False,536.57,-23.3,4,False,445.2,550.0,335.0,15.0,buy,8.1,971.52,135.9,720.3,74.9,5.56,22.91,0.88,14.5,3.64,0.6,True,-6.7,8.6,163.1,59.0,2026-10-22,False,False,6,NEUTRAL,4.38,1441.1,0.07,33.4,,,,2026-08-24T04:45:18.194665
UNH,UnitedHealth Group Incorporated,69.7,⭐⭐ GOOD,🟡 Good,USD,USD,False,True,True,1.0,,100.0,50.0,66.0,50.0,65.0,60.0,60.3,False,down,84.4,True,1,0.1,False,0,"{'eps_growth_yoy': 84.4, 'positive_quarters': 4, 'earnings_accelerating': True, 'eps_accel_quarters': 1, 'profit_margin_pct': 3.1}","{'revenue_growth_yoy': 0.1, 'revenue_accelerating': False, 'rev_accel_quarters': 0}","{'rs_3m': -2.0, 'rs_6m': 27.2, 'rs_line_percentile': 60.3, 'rs_line_at_new_high': False, 'rs_line_trend': 'down', 'rs_line_score': 60}","{'roe_pct': 14.2, 'debt_to_equity': 0.69, 'current_ratio': 0.78, 'operating_margin_pct': 7.1}","{'days_to_earnings': 'N/A', 'recommendation': 'buy', 'analyst_upside_pct': 21.8}",390.11,350160715776,Healthcare,Healthcare Plans,1.9,2.7,False,461.62,-15.5,6,False,475.23,529.0,313.0,26.0,buy,21.8,1146.78,194.0,467.1,19.7,6.93,27.04,2.38,57.5,9.28,1.65,True,-0.73,4.7,61.5,64.0,2026-10-27,False,False,6,NEUTRAL,4.68,173.8,0.28,21.2,,,,2026-08-24T04:52:24.775439
TMO,Thermo Fisher Scientific Inc.,69.6,⭐⭐ GOOD,🟡 Good,USD,USD,False,True,True,1.0,,80.0,60.0,66.6,75.0,60.0,60.0,67.5,False,up,7.4,True,1,7.8,True,1,"{'eps_growth_yoy': 7.4, 'positive_quarters': 4, 'earnings_accelerating': True, 'eps_accel_quarters': 1, 'profit_margin_pct': 15.0}","{'revenue_growth_yoy': 7.8, 'revenue_accelerating': True, 'rev_accel_quarters': 1}","{'rs_3m': 37.6, 'rs_6m': 9.3, 'rs_line_percentile': 67.5, 'rs_line_at_new_high': False, 'rs_line_trend': 'up', 'rs_line_score': 60}","{'roe_pct': 13.5, 'debt_to_equity': 0.81, 'current_ratio': 1.55, 'operating_margin_pct': 18.8}","{'days_to_earnings': 'N/A', 'recommendation': 'buy', 'analyst_upside_pct': 0.3}",629.27,232670887936,Healthcare,Diagnostics & Research,1.4,2.2,False,643.99,-2.3,6,False,631.42,750.0,520.0,26.0,buy,0.3,324.49,-48.4,185.6,-70.5,2.68,16.87,0.3,9.7,1.88,0.26,True,-2.15,6.2,9.4,58.0,2026-10-21,False,False,5,NEUTRAL,3.22,36.2,2.43,25.0,0.2,0.01,-24.8,2026-08-24T04:47:13.344694
ICE,"Intercontinental Exchange, Inc.",69.6,⭐⭐ GOOD,🟡 Good,USD,USD,False,True,True,1.0,,85.0,70.0,46.7,75.0,60.0,35.0,39.9,False,up,17.4,False,0,20.1,False,0,"{'eps_growth_yoy': 17.4, 'positive_quarters': 4, 'earnings_accelerating': False, 'eps_accel_quarters': 0, 'profit_margin_pct': 38.2}","{'revenue_growth_yoy': 20.1, 'revenue_accelerating': False, 'rev_accel_quarters': 0}","{'rs_3m': 2.8, 'rs_6m': -7.4, 'rs_line_percentile': 39.9, 'rs_line_at_new_high': False, 'rs_line_trend': 'up', 'rs_line_score': 35}","{'roe_pct': 14.1, 'debt_to_equity': 0.69, 'current_ratio': 1.01, 'operating_margin_pct': 52.6}","{'days_to_earnings': 'N/A', 'recommendation': 'strong_buy', 'analyst_upside_pct': 15.0}",161.25,90524860416,Financial Services,Financial Data & Stock Exchanges,1.6,1.8,False,181.65,-11.2,4,False,185.36,232.0,163.0,14.0,strong_buy,15.0,151.13,-6.3,100.82,-37.5,4.01,6.47,1.29,28.2,2.08,1.25,True,-2.32,7.6,14.2,66.0,2026-10-29,False,False,8,STRONG,4.68,118.3,1.29,20.1,,,,2026-08-24T04:48:10.131270
CSU.TO,Constellation Software Inc.,69.2,⭐⭐ GOOD,🟡 Good,CAD,USD,True,True,True,1.0,,100.0,60.0,47.1,55.0,65.0,15.0,17.9,False,flat,555.4,True,1,11.9,False,0,"{'eps_growth_yoy': 555.4, 'positive_quarters': 4, 'earnings_accelerating': True, 'eps_accel_quarters': 1, 'profit_margin_pct': 7.6}","{'revenue_growth_yoy': 11.9, 'revenue_accelerating': False, 'rev_accel_quarters': 0}","{'rs_3m': 6.8, 'rs_6m': 13.7, 'rs_line_percentile': 17.9, 'rs_line_at_new_high': False, 'rs_line_trend': 'flat', 'rs_line_score': 15}","{'roe_pct': 23.3, 'debt_to_equity': 1.2, 'current_ratio': 0.9, 'operating_margin_pct': 15.1}","{'days_to_earnings': 'N/A', 'recommendation': 'buy', 'analyst_upside_pct': 28.9}",3041.21,64447893504,Technology,Software - Application,,5.3,False,4634.98,-34.4,4,False,3919.36,5450.06,3259.27,12.0,buy,28.9,7714.85,153.7,1879.5,-38.2,5.98,181.92,0.18,8.8,5.57,0.19,False,,5.5,389.3,74.0,2026-11-06,False,False,6,NEUTRAL,1.75,191.5,0.04,55.4,,,,2026-08-24T04:46:19.041954
FAST,Fastenal Company,69.0,⭐⭐ GOOD,🟡 Good,USD,USD,False,True,True,1.0,,80.0,60.0,53.9,95.0,50.0,35.0,46.5,False,up,14.1,False,0,11.9,False,0,"{'eps_growth_yoy': 14.1, 'positive_quarters': 4, 'earnings_accelerating': False, 'eps_accel_quarters': 0, 'profit_margin_pct': 15.5}","{'revenue_growth_yoy': 11.9, 'revenue_accelerating': False, 'rev_accel_quarters': 0}","{'rs_3m': 14.3, 'rs_6m': 2.2, 'rs_line_percentile': 46.5, 'rs_line_at_new_high': False, 'rs_line_trend': 'up', 'rs_line_score': 35}","{'roe_pct': 34.3, 'debt_to_equity': 0.11, 'current_ratio': 4.18, 'operating_margin_pct': 21.0}","{'days_to_earnings': 'N/A', 'recommendation': 'hold', 'analyst_upside_pct': -5.3}",51.26,58820726784,Industrials,Industrial Distribution,3.6,4.0,False,52.92,-3.1,7,True,48.53,59.0,39.9,13.0,hold,-5.3,18.94,-63.1,17.08,-66.7,1.56,0.8,1.87,78.6,0.96,2.16,True,-0.09,395.6,5.8,51.0,2026-10-14,False,False,8,STRONG,2.81,39.6,2.51,22.3,3.1,0.14,-19.2,2026-08-24T04:50:22.883740
SYK,Stryker Corporation,68.8,⭐⭐ GOOD,🟡 Good,USD,USD,False,True,True,1.0,,100.0,60.0,26.7,80.0,65.0,15.0,20.9,False,up,48.5,True,1,8.8,True,1,"{'eps_growth_yoy': 48.5, 'positive_quarters': 4, 'earnings_accelerating': True, 'eps_accel_quarters': 1, 'profit_margin_pct': 14.4}","{'revenue_growth_yoy': 8.8, 'revenue_accelerating': True, 'rev_accel_quarters': 1}","{'rs_3m': 1.4, 'rs_6m': -26.7, 'rs_line_percentile': 20.9, 'rs_line_at_new_high': False, 'rs_line_trend': 'up', 'rs_line_score': 15}","{'roe_pct': 16.5, 'debt_to_equity': 0.64, 'current_ratio': 2.16, 'operating_margin_pct': 27.0}","{'days_to_earnings': 'N/A', 'recommendation': 'buy', 'analyst_upside_pct': 16.2}",329.45,126368145408,Healthcare,Medical Devices,2.3,3.3,False,396.86,-17.0,2,False,382.72,465.0,315.0,25.0,buy,16.2,454.14,37.8,289.5,-12.1,3.25,10.71,1.07,36.1,3.52,0.99,False,,20.0,44.1,66.0,2026-10-29,False,False,5,NEUTRAL,3.7,47.3,0.45,40.1,0.2,0.0,-39.9,2026-08-24T04:47:04.477686
ATLKY,Atlas Copco AB (publ),68.6,⭐⭐ GOOD,🟡 Good,USD,SEK,True,True,False,0.6801,"acciones × precio no cuadra con la capitalización (ratio 0.6801): el dato por acción y el precio no están en la misma unidad — típico de ADR. Los ratios por acción (EPS, FCF/acción, DCF) no son utilizables | FCF declarado (2,741,912,586) se aparta del derivado de flujo operativo menos capex (26,379,",80.0,60.0,60.3,80.0,55.0,60.0,59.7,False,up,8.2,True,1,9.1,True,1,"{'eps_growth_yoy': 8.2, 'positive_quarters': 4, 'earnings_accelerating': True, 'eps_accel_quarters': 1, 'profit_margin_pct': 15.7}","{'revenue_growth_yoy': 9.1, 'revenue_accelerating': True, 'rev_accel_quarters': 1}","{'rs_3m': 11.6, 'rs_6m': -10.2, 'rs_line_percentile': 59.7, 'rs_line_at_new_high': False, 'rs_line_trend': 'up', 'rs_line_score': 60}","{'roe_pct': 25.7, 'debt_to_equity': 0.34, 'current_ratio': 1.27}","{'days_to_earnings': 'N/A', 'recommendation': 'none', 'analyst_upside_pct': 19.9}",21.69,105817284608,Industrials,Specialty Industrial Machinery,,,False,22.42,-3.3,7,True,26.0,26.0,26.0,1.0,none,19.9,,,,,2.59,0.83,2.57,73.8,0.56,1.57,False,,126.5,4.0,,,False,False,6,NEUTRAL,,53.6,3.42,30.5,,,,2026-08-24T04:50:43.964545
WM,"Waste Management, Inc.",68.5,⭐⭐ GOOD,🟡 Good,USD,USD,False,True,True,1.0,"FCF declarado (2,348,375,040) se aparta del derivado de flujo operativo menos capex (3,290,000,192)",100.0,70.0,38.7,45.0,65.0,15.0,16.3,False,flat,30.2,True,1,3.7,True,2,"{'eps_growth_yoy': 30.2, 'positive_quarters': 4, 'earnings_accelerating': True, 'eps_accel_quarters': 1, 'profit_margin_pct': 11.1}","{'revenue_growth_yoy': 3.7, 'revenue_accelerating': True, 'rev_accel_quarters': 2}","{'rs_3m': 0.3, 'rs_6m': -14.8, 'rs_line_percentile': 16.3, 'rs_line_at_new_high': False, 'rs_line_trend': 'flat', 'rs_line_score': 15}","{'roe_pct': 29.8, 'debt_to_equity': 2.35, 'current_ratio': 0.91, 'operating_margin_pct': 19.0}","{'days_to_earnings': 'N/A', 'recommendation': 'buy', 'analyst_upside_pct': 16.0}",224.06,89560186880,Industrials,Waste Management,1.6,3.4,False,248.13,-9.7,4,False,259.92,277.0,220.0,25.0,buy,16.0,108.01,-51.8,70.8,-68.4,2.62,5.88,1.58,50.1,3.54,1.49,True,-1.12,5.0,8.3,63.0,2026-10-26,False,False,8,STRONG,3.86,21.3,2.96,18.3,,,,2026-08-24T04:45:01.556891
SAP,SAP SE,68.3,⭐⭐ GOOD,🟡 Good,USD,EUR,True,True,True,1.0,,75.0,60.0,56.6,90.0,60.0,35.0,38.9,False,up,8.8,False,0,8.8,True,1,"{'eps_growth_yoy': 8.8, 'positive_quarters': 4, 'earnings_accelerating': False, 'eps_accel_quarters': 0, 'profit_margin_pct': 20.4}","{'revenue_growth_yoy': 8.8, 'revenue_accelerating': True, 'rev_accel_quarters': 1}","{'rs_3m': 21.3, 'rs_6m': 0.3, 'rs_line_percentile': 38.9, 'rs_line_at_new_high': False, 'rs_line_trend': 'up', 'rs_line_score': 35}","{'roe_pct': 18.3, 'debt_to_equity': 0.22, 'current_ratio': 1.15, 'operating_margin_pct': 27.6}","{'days_to_earnings': 'N/A', 'recommendation': 'buy', 'analyst_upside_pct': 12.2}",218.68,252401385472,Technology,Software - Application,0.7,2.6,False,281.37,-22.3,4,False,245.33,319.0,177.0,12.0,buy,12.2,390.25,78.5,234.3,7.1,4.21,9.2,1.34,37.5,2.93,1.48,True,-1.15,20.7,30.6,58.0,2026-10-21,False,False,8,STRONG,0.3,146.7,0.74,44.5,0.8,0.02,-43.7,2026-08-24T04:49:00.538793
MCO,Moody's Corporation,68.3,⭐⭐ GOOD,🟡 Good,USD,USD,False,True,True,1.0,,100.0,50.0,50.3,65.0,60.0,35.0,35.7,False,up,35.9,True,2,8.9,False,0,"{'eps_growth_yoy': 35.9, 'positive_quarters': 4, 'earnings_accelerating': True, 'eps_accel_quarters': 2, 'profit_margin_pct': 34.3}","{'revenue_growth_yoy': 8.9, 'revenue_accelerating': False, 'rev_accel_quarters': 0}","{'rs_3m': 9.3, 'rs_6m': 3.1, 'rs_line_percentile': 35.7, 'rs_line_at_new_high': False, 'rs_line_trend': 'up', 'rs_line_score': 35}","{'roe_pct': 76.9, 'debt_to_equity': 2.41, 'current_ratio': 1.19, 'operating_margin_pct': 49.5}","{'days_to_earnings': 'N/A', 'recommendation': 'buy', 'analyst_upside_pct': 11.4}",503.32,87165460480,Financial Services,Financial Data & Stock Exchanges,2.1,3.4,False,546.88,-8.0,5,False,560.48,610.0,505.0,21.0,buy,11.4,631.57,25.5,472.5,-6.1,2.96,14.89,0.82,25.0,4.12,0.81,False,,14.5,56.7,58.0,2026-10-21,False,False,8,STRONG,3.65,106.3,0.47,20.3,,,,2026-08-24T04:46:39.994577
CPRT,"Copart, Inc.",67.7,⭐⭐ GOOD,🟡 Good,USD,USD,False,True,True,1.0,,85.0,60.0,36.0,90.0,65.0,15.0,19.2,False,up,1.5,True,1,10.0,True,1,"{'eps_growth_yoy': 1.5, 'positive_quarters': 4, 'earnings_accelerating': True, 'eps_accel_quarters': 1, 'profit_margin_pct': 33.5}","{'revenue_growth_yoy': 10.0, 'revenue_accelerating': True, 'rev_accel_quarters': 1}","{'rs_3m': -2.9, 'rs_6m': -17.2, 'rs_line_percentile': 19.2, 'rs_line_at_new_high': False, 'rs_line_trend': 'up', 'rs_line_score': 15}","{'roe_pct': 17.6, 'debt_to_equity': 0.01, 'current_ratio': 7.61, 'operating_margin_pct': 37.5}","{'days_to_earnings': 'N/A', 'recommendation': 'buy', 'analyst_upside_pct': 19.2}",33.8,32559822848,Industrials,Specialty Business Services,5.7,3.3,False,50.11,-32.5,1,False,40.3,55.0,26.0,10.0,buy,19.2,15.27,-54.8,16.1,-52.4,3.07,1.04,,,,,True,-4.34,,1.6,10.0,2026-09-03,False,True,6,NEUTRAL,6.24,19.3,8.74,48.2,3.1,0.06,-45.1,2026-08-24T04:45:42.852472
VLTO,Veralto Corporation,67.3,⭐⭐ GOOD,🟡 Good,USD,USD,False,True,True,1.0,,70.0,70.0,50.3,85.0,60.0,35.0,33.1,False,up,0.8,False,0,5.0,True,2,"{'eps_growth_yoy': 0.8, 'positive_quarters': 4, 'earnings_accelerating': False, 'eps_accel_quarters': 0, 'profit_margin_pct': 17.3}","{'revenue_growth_yoy': 5.0, 'revenue_accelerating': True, 'rev_accel_quarters': 2}","{'rs_3m': 11.0, 'rs_6m': -5.8, 'rs_line_percentile': 33.1, 'rs_line_at_new_high': False, 'rs_line_trend': 'up', 'rs_line_score': 35}","{'roe_pct': 34.3, 'debt_to_equity': 1.16, 'current_ratio': 1.77, 'operating_margin_pct': 21.4}","{'days_to_earnings': 'N/A', 'recommendation': 'buy', 'analyst_upside_pct': 14.7}",98.77,24079468544,Industrials,Pollution & Treatment Controls,2.8,3.1,False,109.86,-10.1,3,False,113.33,136.0,100.0,15.0,buy,14.7,65.53,-33.7,40.1,-59.4,3.35,3.31,0.53,12.6,0.52,,True,-1.8,14.1,10.1,58.0,2026-10-21,False,False,6,NEUTRAL,4.97,76.0,2.05,29.8,1.6,0.05,-28.2,2026-08-24T04:47:21.980880
AJG,Arthur J. Gallagher & Co.,67.0,⭐⭐ GOOD,🟡 Good,USD,USD,False,True,True,1.0,,80.0,60.0,61.4,65.0,60.0,35.0,40.2,False,up,18.8,False,0,18.9,False,0,"{'eps_growth_yoy': 18.8, 'positive_quarters': 4, 'earnings_accelerating': False, 'eps_accel_quarters': 0, 'profit_margin_pct': 10.4}","{'revenue_growth_yoy': 18.9, 'revenue_accelerating': False, 'rev_accel_quarters': 0}","{'rs_3m': 26.3, 'rs_6m': 11.1, 'rs_line_percentile': 40.2, 'rs_line_at_new_high': False, 'rs_line_trend': 'up', 'rs_line_score': 35}","{'roe_pct': 6.7, 'debt_to_equity': 0.59, 'current_ratio': 1.05, 'operating_margin_pct': 19.2}","{'days_to_earnings': 'N/A', 'recommendation': 'buy', 'analyst_upside_pct': 10.5}",263.81,67625316352,Financial Services,Insurance Brokers,2.5,3.9,False,313.55,-15.9,5,False,291.56,388.0,250.0,18.0,buy,10.5,119.53,-54.7,60.4,-77.1,3.08,8.12,1.06,44.8,2.8,1.01,True,-0.71,4.1,-10.7,66.0,2026-10-29,False,False,6,NEUTRAL,3.12,77.9,,33.1,,,,2026-08-24T04:48:02.360759
SHW,The Sherwin-Williams Company,66.6,⭐⭐ GOOD,🟡 Good,USD,USD,False,True,True,1.0,,90.0,70.0,46.7,45.0,60.0,35.0,34.5,False,up,1.3,True,2,6.8,True,2,"{'eps_growth_yoy': 1.3, 'positive_quarters': 4, 'earnings_accelerating': True, 'eps_accel_quarters': 2, 'profit_margin_pct': 11.0}","{'revenue_growth_yoy': 6.8, 'revenue_accelerating': True, 'rev_accel_quarters': 2}","{'rs_3m': 9.4, 'rs_6m': -17.0, 'rs_line_percentile': 34.5, 'rs_line_at_new_high': False, 'rs_line_trend': 'up', 'rs_line_score': 35}","{'roe_pct': 65.1, 'debt_to_equity': 3.9, 'current_ratio': 0.73, 'operating_margin_pct': 18.1}","{'days_to_earnings': 'N/A', 'recommendation': 'buy', 'analyst_upside_pct': 12.7}",346.59,84137541632,Basic Materials,Specialty Chemicals,2.6,3.0,False,377.77,-8.3,6,False,390.57,420.0,340.0,21.0,buy,12.7,242.0,-30.2,155.15,-55.2,2.98,10.32,0.92,29.3,3.2,0.87,True,-3.12,7.8,10.0,64.0,2026-10-27,False,False,6,NEUTRAL,3.87,62.0,1.78,42.0,0.8,0.02,-41.2,2026-08-24T04:47:30.196965
BRO,"Brown & Brown, Inc.",66.3,⭐⭐ GOOD,🟡 Good,USD,USD,False,True,True,1.0,,90.0,50.0,53.0,75.0,50.0,35.0,28.5,False,up,26.9,False,0,6.7,False,0,"{'eps_growth_yoy': 26.9, 'positive_quarters': 4, 'earnings_accelerating': False, 'eps_accel_quarters': 0, 'profit_margin_pct': 18.1}","{'revenue_growth_yoy': 6.7, 'revenue_accelerating': False, 'rev_accel_quarters': 0}","{'rs_3m': 23.4, 'rs_6m': -6.8, 'rs_line_percentile': 28.5, 'rs_line_at_new_high': False, 'rs_line_trend': 'up', 'rs_line_score': 35}","{'roe_pct': 10.0, 'debt_to_equity': 0.64, 'current_ratio': 1.13, 'operating_margin_pct': 41.8}","{'days_to_earnings': 'N/A', 'recommendation': 'hold', 'analyst_upside_pct': 5.2}",72.92,24399788032,Financial Services,Insurance Brokers,6.6,5.8,False,97.73,-25.4,3,False,76.69,90.0,60.0,16.0,hold,5.2,85.88,17.8,31.3,-57.1,6.73,4.91,0.91,20.6,0.66,0.65,True,-2.57,4.7,2.8,63.0,2026-10-26,False,False,4,NEUTRAL,5.31,175.4,2.13,35.7,3.1,0.09,-32.6,2026-08-24T04:48:43.547643
LPX,Louisiana-Pacific Corporation,66.2,⭐⭐ GOOD,🟡 Good,USD,USD,False,True,True,1.0,"FCF declarado (-96,000,000) se aparta del derivado de flujo operativo menos capex (-33,000,000)",88.0,70.0,26.7,70.0,65.0,15.0,7.0,False,down,188.9,False,0,0.2,True,2,"{'eps_growth_yoy': 188.9, 'positive_quarters': 3, 'earnings_accelerating': False, 'eps_accel_quarters': 0, 'profit_margin_pct': 2.2}","{'revenue_growth_yoy': 0.2, 'revenue_accelerating': True, 'rev_accel_quarters': 2}","{'rs_3m': 1.3, 'rs_6m': -21.8, 'rs_line_percentile': 7.0, 'rs_line_at_new_high': False, 'rs_line_trend': 'down', 'rs_line_score': 15}","{'roe_pct': 3.1, 'debt_to_equity': 0.22, 'current_ratio': 3.22, 'operating_margin_pct': 5.3}","{'days_to_earnings': 'N/A', 'recommendation': 'buy', 'analyst_upside_pct': 26.0}",73.18,5116995072,Industrials,Building Products & Equipment,9.6,5.8,True,101.28,-27.7,0,False,92.23,107.0,74.0,13.0,buy,26.0,,,7.7,-89.5,-1.88,-1.37,1.64,150.6,1.2,1.27,False,,6.1,-51.8,72.0,2026-11-04,False,False,5,NEUTRAL,3.97,9.3,,46.8,3.1,0.07,-43.7,2026-08-24T04:53:02.805970
AON,Aon plc,66.1,⭐⭐ GOOD,🟡 Good,USD,USD,False,True,True,1.0,,85.0,50.0,50.3,80.0,60.0,35.0,27.5,False,up,20.3,False,0,6.2,False,0,"{'eps_growth_yoy': 20.3, 'positive_quarters': 4, 'earnings_accelerating': False, 'eps_accel_quarters': 0, 'profit_margin_pct': 22.3}","{'revenue_growth_yoy': 6.2, 'revenue_accelerating': False, 'rev_accel_quarters': 0}","{'rs_3m': 6.6, 'rs_6m': 0.4, 'rs_line_percentile': 27.5, 'rs_line_at_new_high': False, 'rs_line_trend': 'up', 'rs_line_score': 35}","{'roe_pct': 44.7, 'debt_to_equity': 1.63, 'current_ratio': 1.03, 'operating_margin_pct': 23.5}","{'days_to_earnings': 'N/A', 'recommendation': 'buy', 'analyst_upside_pct': 13.8}",355.11,75327864832,Financial Services,Insurance Brokers,2.3,3.5,False,382.34,-7.1,5,False,404.05,445.0,339.0,19.0,buy,13.8,221.34,-37.7,181.5,-48.9,4.24,15.04,0.92,16.8,3.28,0.76,True,-2.12,7.7,-2.1,67.0,2026-10-30,False,False,8,STRONG,6.18,141.9,,24.6,1.6,0.06,-23.0,2026-08-24T04:47:18.162746
ISRG,"Intuitive Surgical, Inc.",65.5,⭐⭐ GOOD,🟡 Good,USD,USD,False,True,True,1.0,,85.0,70.0,24.0,75.0,65.0,15.0,10.8,False,down,16.1,False,0,15.5,True,1,"{'eps_growth_yoy': 16.1, 'positive_quarters': 4, 'earnings_accelerating': False, 'eps_accel_quarters': 0, 'profit_margin_pct': 28.4}","{'revenue_growth_yoy': 15.5, 'revenue_accelerating': True, 'rev_accel_quarters': 1}","{'rs_3m': -16.5, 'rs_6m': -35.8, 'rs_line_percentile': 10.8, 'rs_line_at_new_high': False, 'rs_line_trend': 'down', 'rs_line_score': 15}","{'roe_pct': 17.4, 'current_ratio': 4.96, 'operating_margin_pct': 33.6}","{'days_to_earnings': 'N/A', 'recommendation': 'buy', 'analyst_upside_pct': 26.2}",378.81,135719305216,Healthcare,Medical Instruments & Supplies,1.9,1.7,False,603.88,-37.3,0,False,478.01,685.0,324.0,30.0,buy,26.2,272.63,-28.0,230.82,-39.1,1.93,7.3,,,,,True,-2.62,,26.5,57.0,2026-10-20,False,False,4,NEUTRAL,2.29,22.5,1.18,42.5,0.4,0.01,-42.1,2026-08-24T04:51:51.916681
WCN,"Waste Connections, Inc.",64.8,⭐⭐ GOOD,🟡 Good,USD,USD,False,True,True,1.0,,80.0,70.0,46.7,50.0,65.0,35.0,27.2,False,up,3.5,True,1,4.2,True,2,"{'eps_growth_yoy': 3.5, 'positive_quarters': 4, 'earnings_accelerating': True, 'eps_accel_quarters': 1, 'profit_margin_pct': 10.9}","{'revenue_growth_yoy': 4.2, 'revenue_accelerating': True, 'rev_accel_quarters': 2}","{'rs_3m': 6.1, 'rs_6m': -8.2, 'rs_line_percentile': 27.2, 'rs_line_at_new_high': False, 'rs_line_trend': 'up', 'rs_line_score': 35}","{'roe_pct': 13.0, 'debt_to_equity': 1.22, 'current_ratio': 0.66, 'operating_margin_pct': 19.7}","{'days_to_earnings': 'N/A', 'recommendation': 'strong_buy', 'analyst_upside_pct': 18.4}",169.4,42615828480,Industrials,Waste Management,1.5,2.4,False,185.33,-8.6,4,False,200.6,220.0,162.0,25.0,strong_buy,18.4,65.1,-61.6,41.3,-75.6,2.46,4.17,0.83,33.0,1.4,0.69,True,-2.63,5.0,4.4,57.0,2026-10-20,False,False,6,NEUTRAL,3.35,19.4,6.2,20.3,0.4,0.02,-19.9,2026-08-24T04:44:57.696692
ALLY,Ally Financial Inc.,64.7,⭐⭐ GOOD,🟡 Good,USD,USD,False,True,True,1.0,"FCF declarado (-546,000,000) se aparta del derivado de flujo operativo menos capex (291,000,128)",90.0,60.0,36.0,60.0,65.0,15.0,20.2,False,down,3.0,True,2,7.3,True,1,"{'eps_growth_yoy': 3.0, 'positive_quarters': 4, 'earnings_accelerating': True, 'eps_accel_quarters': 2, 'profit_margin_pct': 18.4}","{'revenue_growth_yoy': 7.3, 'revenue_accelerating': True, 'rev_accel_quarters': 1}","{'rs_3m': -0.9, 'rs_6m': -3.9, 'rs_line_percentile': 20.2, 'rs_line_at_new_high': False, 'rs_line_trend': 'down', 'rs_line_score': 15}","{'roe_pct': 9.7, 'operating_margin_pct': 25.3}","{'days_to_earnings': 'N/A', 'recommendation': 'buy', 'analyst_upside_pct': 25.1}",42.93,13059292160,Financial Services,Credit Services,4.3,4.1,False,47.29,-9.2,5,False,53.7,58.0,45.0,17.0,buy,25.1,,,57.38,33.7,-4.18,-1.79,2.8,28.2,1.2,3.2,True,-12.78,,13.5,53.0,2026-10-16,False,False,5,NEUTRAL,,,0.49,24.1,0.2,0.01,-23.9,2026-08-24T04:52:29.036321
TNE.AX,Technology One Limited,64.7,⭐⭐ GOOD,🟡 Good,AUD,AUD,False,True,True,1.0,,60.0,50.0,74.5,95.0,50.0,,,,,,,0,,,0,{'profit_margin_pct': 22.4},{},"{'rs_3m': 5.2, 'rs_6m': 26.4}","{'roe_pct': 33.5, 'debt_to_equity': 0.12, 'current_ratio': 1.12, 'operating_margin_pct': 27.1}","{'days_to_earnings': 'N/A', 'recommendation': 'none', 'analyst_upside_pct': -4.2}",32.53,10649297920,Technology,Software - Application,,,False,40.77,-20.2,5,False,31.16,34.25,22.0,16.0,none,-4.2,7.85,-75.9,4.3,-86.8,1.43,0.46,0.88,62.2,0.28,0.98,,,,3.1,85.0,2026-11-17,False,False,3,NEUTRAL,1.8,162.9,8.51,31.2,,,,2026-08-24T04:50:51.368319
CME,CME Group Inc.,64.7,⭐⭐ GOOD,🟡 Good,USD,USD,False,True,True,1.0,"FCF declarado (2,909,012,480) se aparta del derivado de flujo operativo menos capex (4,225,500,192)",85.0,60.0,32.0,85.0,50.0,35.0,36.1,False,flat,14.7,False,0,11.0,False,0,"{'eps_growth_yoy': 14.7, 'positive_quarters': 4, 'earnings_accelerating': False, 'eps_accel_quarters': 0, 'profit_margin_pct': 63.4}","{'revenue_growth_yoy': 11.0, 'revenue_accelerating': False, 'rev_accel_quarters': 0}","{'rs_3m': -8.0, 'rs_6m': -22.7, 'rs_line_percentile': 36.1, 'rs_line_at_new_high': False, 'rs_line_trend': 'flat', 'rs_line_score': 35}","{'roe_pct': 15.8, 'debt_to_equity': 0.15, 'current_ratio': 1.02, 'operating_margin_pct': 65.0}","{'days_to_earnings': 'N/A', 'recommendation': 'hold', 'analyst_upside_pct': 2.9}",274.98,98877112320,Financial Services,Financial Data & Stock Exchanges,1.9,2.1,False,329.16,-16.5,4,False,283.07,330.0,230.0,15.0,hold,2.9,119.04,-56.7,118.0,-57.1,2.94,8.09,1.89,95.4,5.2,3.57,True,-1.51,33.0,1.0,58.0,2026-10-21,False,False,6,NEUTRAL,5.48,101.4,8.51,18.3,,,,2026-08-24T04:45:58.800736
NYT,The New York Times Company,64.5,⭐⭐ GOOD,🟡 Good,USD,USD,False,True,True,0.9952,"FCF declarado (459,932,128) se aparta del derivado de flujo operativo menos capex (624,278,976)",90.0,60.0,24.0,75.0,65.0,15.0,8.5,False,down,14.4,True,1,8.8,True,1,"{'eps_growth_yoy': 14.4, 'positive_quarters': 4, 'earnings_accelerating': True, 'eps_accel_quarters': 1, 'profit_margin_pct': 13.3}","{'revenue_growth_yoy': 8.8, 'revenue_accelerating': True, 'rev_accel_quarters': 1}","{'rs_3m': -15.0, 'rs_6m': -25.0, 'rs_line_percentile': 8.5, 'rs_line_at_new_high': False, 'rs_line_trend': 'down', 'rs_line_score': 15}","{'roe_pct': 19.7, 'current_ratio': 1.58, 'operating_margin_pct': 17.1}","{'days_to_earnings': 'N/A', 'recommendation': 'buy', 'analyst_upside_pct': 18.2}",65.69,10594718720,Communication Services,Publishing,8.6,8.9,True,87.1,-24.6,3,False,77.67,90.0,63.0,9.0,buy,18.2,66.38,1.1,33.6,-48.9,4.34,2.87,1.4,32.1,0.92,0.92,True,-1.65,857.1,14.0,72.0,2026-11-04,False,False,8,STRONG,4.55,52.8,1.5,54.3,,,,2026-08-24T04:52:58.756854
RSG,"Republic Services, Inc.",64.2,⭐⭐ GOOD,🟡 Good,USD,USD,False,True,True,1.0,"FCF declarado (1,942,625,024) se aparta del derivado de flujo operativo menos capex (2,655,000,128)",80.0,70.0,38.7,60.0,60.0,15.0,23.7,False,up,2.9,True,1,5.2,True,2,"{'eps_growth_yoy': 2.9, 'positive_quarters': 4, 'earnings_accelerating': True, 'eps_accel_quarters': 1, 'profit_margin_pct': 12.9}","{'revenue_growth_yoy': 5.2, 'revenue_accelerating': True, 'rev_accel_quarters': 2}","{'rs_3m': 3.0, 'rs_6m': -12.5, 'rs_line_percentile': 23.7, 'rs_line_at_new_high': False, 'rs_line_trend': 'up', 'rs_line_score': 15}","{'roe_pct': 18.2, 'debt_to_equity': 1.19, 'current_ratio': 0.64, 'operating_margin_pct': 20.4}","{'days_to_earnings': 'N/A', 'recommendation': 'buy', 'analyst_upside_pct': 11.4}",220.67,67572019200,Industrials,Waste Management,2.0,2.9,False,235.98,-6.5,5,False,245.92,272.0,208.0,24.0,buy,11.4,102.05,-53.8,70.6,-68.0,2.87,6.34,1.21,35.4,2.68,1.21,True,-2.17,5.3,3.6,66.0,2026-10-29,False,False,6,NEUTRAL,3.87,24.7,5.37,18.4,,,,2026-08-24T04:46:03.020302
KR,The Kroger Co.,64.2,⭐⭐ GOOD,🟡 Good,USD,USD,False,True,True,1.0,,78.0,100.0,24.0,30.0,65.0,15.0,8.1,False,down,48.3,False,0,35.9,True,2,"{'eps_growth_yoy': 48.3, 'positive_quarters': 3, 'earnings_accelerating': False, 'eps_accel_quarters': 0, 'profit_margin_pct': 0.7}","{'revenue_growth_yoy': 35.9, 'revenue_accelerating': True, 'rev_accel_quarters': 2}","{'rs_3m': -16.3, 'rs_6m': -27.0, 'rs_line_percentile': 8.1, 'rs_line_at_new_high': False, 'rs_line_trend': 'down', 'rs_line_score': 15}","{'roe_pct': 13.8, 'debt_to_equity': 3.73, 'current_ratio': 0.79, 'operating_margin_pct': 3.2}","{'days_to_earnings': 'N/A', 'recommendation': 'buy', 'analyst_upside_pct': 21.8}",57.9,35472277504,Consumer Defensive,Grocery Stores,4.2,3.4,False,76.58,-24.4,3,False,70.5,86.0,58.0,22.0,buy,21.8,109.66,89.4,22.57,-61.0,8.44,4.89,2.49,80.1,1.44,2.02,True,-7.7,3.0,9.2,18.0,2026-09-11,False,True,7,NEUTRAL,2.72,5.9,0.79,23.9,0.4,0.02,-23.5,2026-08-24T04:52:20.886918
COF,Capital One Financial Corporation,63.8,⭐⭐ GOOD,🟡 Good,USD,USD,False,True,True,1.0,,75.0,60.0,53.9,60.0,65.0,35.0,36.5,False,up,-5.4,True,2,2.5,True,1,"{'eps_growth_yoy': -5.4, 'positive_quarters': 4, 'earnings_accelerating': True, 'eps_accel_quarters': 2, 'profit_margin_pct': 21.9}","{'revenue_growth_yoy': 2.5, 'revenue_accelerating': True, 'rev_accel_quarters': 1}","{'rs_3m': 13.5, 'rs_6m': 2.8, 'rs_line_percentile': 36.5, 'rs_line_at_new_high': False, 'rs_line_trend': 'up', 'rs_line_score': 35}","{'roe_pct': 9.0, 'operating_margin_pct': 33.6}","{'days_to_earnings': 'N/A', 'recommendation': 'buy', 'analyst_upside_pct': 18.1}",217.91,133687795712,Financial Services,Credit Services,2.0,2.4,False,259.64,-16.1,5,False,257.36,300.0,214.0,22.0,buy,18.1,1806.93,729.2,544.5,149.9,19.55,42.61,1.47,16.5,3.2,1.68,True,-6.8,,,57.0,2026-10-20,False,False,5,NEUTRAL,,,0.51,28.9,1.6,0.05,-27.3,2026-08-24T04:52:03.915746
AUTO.L,Autotrader Group plc,63.2,⭐⭐ GOOD,🟡 Good,GBp,GBP,True,True,False,100.0,"acciones × precio no cuadra con la capitalización (ratio 100.0000): el dato por acción y el precio no están en la misma unidad — típico de ADR. Los ratios por acción (EPS, FCF/acción, DCF) no son utilizables",60.0,50.0,71.0,90.0,50.0,,,,,,,0,,,0,{'profit_margin_pct': 47.1},{},"{'rs_3m': 20.1, 'rs_6m': 3.1}","{'roe_pct': 60.2, 'debt_to_equity': 0.52, 'current_ratio': 1.73, 'operating_margin_pct': 62.2}","{'days_to_earnings': 'N/A', 'recommendation': 'hold', 'analyst_upside_pct': 2.8}",546.8,4255192064,Communication Services,Internet Content & Information,,,False,828.8,-34.0,3,False,562.06,800.0,410.0,18.0,hold,2.8,,,,,5.73,0.31,2.12,32.0,12.0,1.35,,,,2.0,73.0,2026-11-05,False,False,5,NEUTRAL,8.51,332.4,2.45,31.2,,,,2026-08-24T04:51:40.022498
ASAZY,ASSA ABLOY AB (publ),62.6,⭐⭐ GOOD,🟡 Good,USD,SEK,True,True,False,0.9482,"acciones × precio no cuadra con la capitalización (ratio 0.9482): el dato por acción y el precio no están en la misma unidad — típico de ADR. Los ratios por acción (EPS, FCF/acción, DCF) no son utilizables | FCF declarado (1,942,007,752) se aparta del derivado de flujo operativo menos capex (18,638,",90.0,60.0,26.7,65.0,55.0,15.0,21.0,False,up,15.9,True,1,3.3,True,1,"{'eps_growth_yoy': 15.9, 'positive_quarters': 4, 'earnings_accelerating': True, 'eps_accel_quarters': 1, 'profit_margin_pct': 10.8}","{'revenue_growth_yoy': 3.3, 'revenue_accelerating': True, 'rev_accel_quarters': 1}","{'rs_3m': 1.2, 'rs_6m': -23.0, 'rs_line_percentile': 21.0, 'rs_line_at_new_high': False, 'rs_line_trend': 'up', 'rs_line_score': 15}","{'roe_pct': 15.6, 'debt_to_equity': 0.64, 'current_ratio': 1.01}","{'days_to_earnings': 'N/A', 'recommendation': 'none', 'analyst_upside_pct': 16.4}",18.68,41498603520,Industrials,Security & Protection Services,,,False,21.98,-15.0,3,False,21.74,21.74,21.74,1.0,none,16.4,,,,,4.68,0.92,1.76,41.9,0.33,1.7,False,,,8.0,64.0,2026-10-27,False,False,8,STRONG,,118.2,1.31,18.6,,,,2026-08-24T04:49:46.015374
AXP,American Express Company,62.5,⭐⭐ GOOD,🟡 Good,USD,USD,False,True,True,1.0,,70.0,60.0,38.7,85.0,60.0,15.0,24.7,False,flat,7.2,False,0,6.6,True,1,"{'eps_growth_yoy': 7.2, 'positive_quarters': 4, 'earnings_accelerating': False, 'eps_accel_quarters': 0, 'profit_margin_pct': 16.1}","{'revenue_growth_yoy': 6.6, 'revenue_accelerating': True, 'rev_accel_quarters': 1}","{'rs_3m': 5.1, 'rs_6m': -7.6, 'rs_line_percentile': 24.7, 'rs_line_at_new_high': False, 'rs_line_trend': 'flat', 'rs_line_score': 15}","{'roe_pct': 34.4, 'debt_to_equity': 1.72, 'current_ratio': 1.55, 'operating_margin_pct': 20.3}","{'days_to_earnings': 'N/A', 'recommendation': 'buy', 'analyst_upside_pct': 11.9}",336.0,226904096768,Financial Services,Credit Services,2.3,3.8,False,387.49,-13.3,2,False,375.96,450.0,315.0,25.0,buy,11.9,486.59,44.8,181.06,-46.1,7.05,23.7,1.13,21.5,3.8,1.1,True,-3.29,,7.7,60.0,2026-10-23,False,False,4,NEUTRAL,,,1.52,26.9,,,,2026-08-24T04:51:04.270232
FCNCA,"First Citizens BancShares, Inc.",62.1,⭐⭐ GOOD,🟡 Good,USD,USD,False,True,False,0.911,"acciones × precio no cuadra con la capitalización (ratio 0.9110): el dato por acción y el precio no están en la misma unidad — típico de ADR. Los ratios por acción (EPS, FCF/acción, DCF) no son utilizables",95.0,30.0,56.7,65.0,50.0,60.0,50.1,False,flat,18.3,True,1,-0.2,False,0,"{'eps_growth_yoy': 18.3, 'positive_quarters': 4, 'earnings_accelerating': True, 'eps_accel_quarters': 1, 'profit_margin_pct': 25.2}","{'revenue_growth_yoy': -0.2, 'revenue_accelerating': False, 'rev_accel_quarters': 0}","{'rs_3m': 6.8, 'rs_6m': -1.5, 'rs_line_percentile': 50.1, 'rs_line_at_new_high': False, 'rs_line_trend': 'flat', 'rs_line_score': 60}","{'roe_pct': 10.7, 'operating_margin_pct': 39.0}","{'days_to_earnings': 'N/A', 'recommendation': 'hold', 'analyst_upside_pct': 7.3}",2183.54,24658978816,Financial Services,Banks - Regional,5.1,5.4,False,2296.3,-4.9,7,True,2342.67,2525.0,2100.0,12.0,hold,7.3,,,,,5.52,132.29,0.38,4.4,8.4,0.31,True,-13.39,,12.4,59.0,2026-10-22,False,False,5,NEUTRAL,,,0.36,22.7,0.2,0.01,-22.5,2026-08-24T04:53:57.570909
TYL,"Tyler Technologies, Inc.",62.0,⭐⭐ GOOD,🟡 Good,USD,USD,False,True,True,1.0,,80.0,50.0,38.7,75.0,65.0,15.0,17.2,False,up,10.8,False,0,8.3,False,0,"{'eps_growth_yoy': 10.8, 'positive_quarters': 4, 'earnings_accelerating': False, 'eps_accel_quarters': 0, 'profit_margin_pct': 13.4}","{'revenue_growth_yoy': 8.3, 'revenue_accelerating': False, 'rev_accel_quarters': 0}","{'rs_3m': 9.0, 'rs_6m': -2.3, 'rs_line_percentile': 17.2, 'rs_line_at_new_high': False, 'rs_line_trend': 'up', 'rs_line_score': 15}","{'roe_pct': 9.7, 'debt_to_equity': 0.48, 'current_ratio': 1.55, 'operating_margin_pct': 14.7}","{'days_to_earnings': 'N/A', 'recommendation': 'buy', 'analyst_upside_pct': 21.6}",350.73,14363191296,Technology,Software - Application,9.9,4.4,True,566.58,-38.1,1,False,426.64,525.0,335.0,22.0,buy,21.6,356.81,1.7,117.95,-66.4,4.14,14.52,,,,,True,-6.46,65.3,15.5,65.0,2026-10-28,False,False,8,STRONG,2.66,139.0,1.47,45.6,,,,2026-08-24T04:47:26.170513
FDS,FactSet Research Systems Inc.,62.0,⭐⭐ GOOD,🟡 Good,USD,USD,False,True,True,1.0,,65.0,60.0,65.0,70.0,40.0,35.0,38.4,False,up,-17.5,True,1,4.4,True,1,"{'eps_growth_yoy': -17.5, 'positive_quarters': 4, 'earnings_accelerating': True, 'eps_accel_quarters': 1, 'profit_margin_pct': 23.2}","{'revenue_growth_yoy': 4.4, 'revenue_accelerating': True, 'rev_accel_quarters': 1}","{'rs_3m': 26.9, 'rs_6m': 46.4, 'rs_line_percentile': 38.4, 'rs_line_at_new_high': False, 'rs_line_trend': 'up', 'rs_line_score': 35}","{'roe_pct': 27.0, 'debt_to_equity': 0.77, 'current_ratio': 0.68, 'operating_margin_pct': 30.5}","{'days_to_earnings': 'N/A', 'recommendation': 'hold', 'analyst_upside_pct': -15.0}",299.91,10666462208,Financial Services,Financial Data & Stock Exchanges,12.8,3.9,True,386.52,-22.4,6,False,255.06,340.0,210.0,16.0,hold,-15.0,256.99,-14.3,151.8,-49.4,5.82,17.47,1.55,29.4,4.64,1.0,True,-5.74,14.1,-3.8,24.0,2026-09-17,False,False,6,NEUTRAL,6.51,187.1,,48.7,,,,2026-08-24T04:50:19.033323
PAYX,"Paychex, Inc.",61.8,⭐⭐ GOOD,🟡 Good,USD,USD,False,True,True,1.0,"FCF declarado (2,321,800,000) se aparta del derivado de flujo operativo menos capex (944,300,000)",75.0,50.0,65.0,65.0,40.0,35.0,47.9,False,up,9.6,False,0,4.3,False,0,"{'eps_growth_yoy': 9.6, 'positive_quarters': 4, 'earnings_accelerating': False, 'eps_accel_quarters': 0, 'profit_margin_pct': 26.6}","{'revenue_growth_yoy': 4.3, 'revenue_accelerating': False, 'rev_accel_quarters': 0}","{'rs_3m': 26.7, 'rs_6m': 33.0, 'rs_line_percentile': 47.9, 'rs_line_at_new_high': False, 'rs_line_trend': 'up', 'rs_line_score': 35}","{'debt_to_equity': 1.24, 'current_ratio': 1.15, 'operating_margin_pct': 38.3}","{'days_to_earnings': 'N/A', 'recommendation': 'hold', 'analyst_upside_pct': -10.8}",124.475,44273623040,Technology,Software - Application,6.3,6.1,False,140.56,-11.4,6,False,111.0,150.0,95.0,14.0,hold,-10.8,276.83,122.4,146.7,17.9,5.24,6.53,3.82,90.6,4.76,2.83,True,-1.38,9.6,17.4,36.0,2026-09-29,False,False,7,NEUTRAL,5.4,106.4,0.45,34.3,0.4,0.01,-33.9,2026-08-24T04:46:48.298473
JKHY,"Jack Henry & Associates, Inc.",61.8,⭐⭐ GOOD,🟡 Good,USD,USD,False,True,True,1.0,,60.0,60.0,50.3,85.0,60.0,35.0,44.8,False,up,-3.7,True,1,3.4,True,1,"{'eps_growth_yoy': -3.7, 'positive_quarters': 4, 'earnings_accelerating': True, 'eps_accel_quarters': 1, 'profit_margin_pct': 19.8}","{'revenue_growth_yoy': 3.4, 'revenue_accelerating': True, 'rev_accel_quarters': 1}","{'rs_3m': 16.1, 'rs_6m': -5.2, 'rs_line_percentile': 44.8, 'rs_line_at_new_high': False, 'rs_line_trend': 'up', 'rs_line_score': 35}","{'roe_pct': 23.6, 'debt_to_equity': 0.06, 'operating_margin_pct': 21.7}","{'days_to_earnings': 'N/A', 'recommendation': 'buy', 'analyst_upside_pct': 14.6}",166.2,11808640000,Technology,Information Technology Services,7.3,3.9,False,193.39,-14.1,5,False,190.53,209.0,170.0,15.0,buy,14.6,84.98,-48.9,69.8,-58.0,3.47,5.78,1.43,34.1,2.38,1.22,True,-2.41,123.3,-10.2,71.0,2026-11-03,False,False,9,STRONG,5.0,162.7,,35.9,,,,2026-08-24T04:51:36.332673
CB,Chubb Limited,61.6,⭐⭐ GOOD,🟡 Good,USD,USD,False,True,True,1.0,,80.0,50.0,46.7,65.0,60.0,35.0,39.4,False,flat,1.9,True,1,-1.5,True,2,"{'eps_growth_yoy': 1.9, 'positive_quarters': 4, 'earnings_accelerating': True, 'eps_accel_quarters': 1, 'profit_margin_pct': 18.1}","{'revenue_growth_yoy': -1.5, 'revenue_accelerating': True, 'rev_accel_quarters': 2}","{'rs_3m': 1.4, 'rs_6m': -9.9, 'rs_line_percentile': 39.4, 'rs_line_at_new_high': False, 'rs_line_trend': 'flat', 'rs_line_score': 35}","{'roe_pct': 14.8, 'debt_to_equity': 0.31, 'current_ratio': 0.41, 'operating_margin_pct': 23.5}","{'days_to_earnings': 'N/A', 'recommendation': 'buy', 'analyst_upside_pct': 7.4}",340.99,131553894400,Financial Services,Insurance - Property & Casualty,1.1,2.1,False,365.91,-6.8,5,False,366.13,425.0,306.0,23.0,buy,7.4,400.01,17.3,282.3,-17.2,7.97,27.19,1.2,13.9,4.08,1.44,True,-3.42,18.9,-0.5,64.0,2026-10-27,False,False,6,NEUTRAL,8.96,,,17.7,,,,2026-08-24T04:50:14.802479
VRSK,"Verisk Analytics, Inc.",61.5,⭐⭐ GOOD,🟡 Good,USD,USD,False,True,True,1.0,,75.0,60.0,38.7,65.0,65.0,15.0,16.6,False,flat,1.4,False,0,4.9,True,1,"{'eps_growth_yoy': 1.4, 'positive_quarters': 4, 'earnings_accelerating': False, 'eps_accel_quarters': 0, 'profit_margin_pct': 28.2}","{'revenue_growth_yoy': 4.9, 'revenue_accelerating': True, 'rev_accel_quarters': 1}","{'rs_3m': 6.9, 'rs_6m': -9.0, 'rs_line_percentile': 16.6, 'rs_line_at_new_high': False, 'rs_line_trend': 'flat', 'rs_line_score': 15}","{'current_ratio': 1.0, 'operating_margin_pct': 45.1}","{'days_to_earnings': 'N/A', 'recommendation': 'buy', 'analyst_upside_pct': 26.8}",187.5,24566595584,Industrials,Consulting Services,3.8,2.2,False,273.83,-31.5,0,False,237.71,275.0,195.0,17.0,buy,26.8,118.54,-36.8,65.1,-65.3,4.3,8.06,1.07,29.2,2.0,0.63,True,-8.76,6.9,-2.4,65.0,2026-10-28,False,False,7,NEUTRAL,4.71,113.1,,45.1,,,,2026-08-24T04:44:46.365879
MCD,McDonald's Corporation,61.5,⭐⭐ GOOD,🟡 Good,USD,USD,False,True,True,1.0,,85.0,60.0,24.0,65.0,65.0,15.0,6.8,False,down,3.7,True,1,0.3,True,1,"{'eps_growth_yoy': 3.7, 'positive_quarters': 4, 'earnings_accelerating': True, 'eps_accel_quarters': 1, 'profit_margin_pct': 31.7}","{'revenue_growth_yoy': 0.3, 'revenue_accelerating': True, 'rev_accel_quarters': 1}","{'rs_3m': -6.3, 'rs_6m': -30.8, 'rs_line_percentile': 6.8, 'rs_line_at_new_high': False, 'rs_line_trend': 'down', 'rs_line_score': 15}","{'current_ratio': 1.08, 'operating_margin_pct': 46.5}","{'days_to_earnings': 'N/A', 'recommendation': 'buy', 'analyst_upside_pct': 16.7}",270.95,191735480320,Consumer Cyclical,Restaurants,1.9,2.7,False,341.75,-20.7,1,False,316.06,407.0,250.0,31.0,buy,16.7,146.0,-46.1,123.0,-54.6,3.27,8.85,2.75,59.7,7.44,2.23,True,-1.21,7.9,4.0,73.0,2026-11-05,False,False,6,NEUTRAL,5.08,29.1,3.4,19.2,,,,2026-08-24T04:48:30.972781
KVUE,Kenvue Inc.,61.3,⭐⭐ GOOD,🟡 Good,USD,USD,False,True,True,1.0,,80.0,50.0,46.7,70.0,50.0,35.0,39.6,False,up,14.6,False,0,5.1,False,0,"{'eps_growth_yoy': 14.6, 'positive_quarters': 4, 'earnings_accelerating': False, 'eps_accel_quarters': 0, 'profit_margin_pct': 10.8}","{'revenue_growth_yoy': 5.1, 'revenue_accelerating': False, 'rev_accel_quarters': 0}","{'rs_3m': 7.0, 'rs_6m': -9.9, 'rs_line_percentile': 39.6, 'rs_line_at_new_high': False, 'rs_line_trend': 'up', 'rs_line_score': 35}","{'roe_pct': 15.6, 'debt_to_equity': 0.82, 'current_ratio': 1.0, 'operating_margin_pct': 19.4}","{'days_to_earnings': 'N/A', 'recommendation': 'hold', 'analyst_upside_pct': 2.3}",19.06,36609941504,Consumer Defensive,Household & Personal Products,3.8,3.4,False,21.63,-11.9,7,True,19.5,23.0,18.0,12.0,hold,2.3,18.41,-3.4,8.5,-55.4,5.21,0.99,4.41,97.7,0.84,,True,-0.19,6.2,3.4,73.0,2026-11-05,False,False,7,NEUTRAL,5.51,109.8,1.81,22.8,,,,2026-08-24T04:53:32.393122
VRSN,"VeriSign, Inc.",61.2,⭐⭐ GOOD,🟡 Good,USD,USD,False,True,True,1.0,,75.0,60.0,56.0,50.0,50.0,35.0,45.1,False,down,1.7,False,0,3.7,True,1,"{'eps_growth_yoy': 1.7, 'positive_quarters': 4, 'earnings_accelerating': False, 'eps_accel_quarters': 0, 'profit_margin_pct': 49.8}","{'revenue_growth_yoy': 3.7, 'revenue_accelerating': True, 'rev_accel_quarters': 1}","{'rs_3m': -11.8, 'rs_6m': 21.2, 'rs_line_percentile': 45.1, 'rs_line_at_new_high': False, 'rs_line_trend': 'down', 'rs_line_score': 35}","{'current_ratio': 0.59, 'operating_margin_pct': 68.2}","{'days_to_earnings': 'N/A', 'recommendation': 'none', 'analyst_upside_pct': 12.8}",281.8,25474719744,Technology,Software - Infrastructure,2.1,2.4,False,312.48,-9.8,7,True,318.0,355.0,270.0,5.0,none,12.8,165.22,-41.4,92.1,-67.3,3.27,9.21,1.15,34.3,3.24,,True,-3.53,15.5,3.9,59.0,2026-10-22,False,False,8,STRONG,4.28,512.5,3.33,38.7,,,,2026-08-24T04:46:10.672695
ETN,Eaton Corporation plc,61.1,⭐⭐ GOOD,🟡 Good,USD,USD,False,True,True,1.0,,50.0,70.0,60.3,70.0,60.0,60.0,61.1,False,up,-11.8,False,0,6.0,True,2,"{'eps_growth_yoy': -11.8, 'positive_quarters': 4, 'earnings_accelerating': False, 'eps_accel_quarters': 0, 'profit_margin_pct': 12.8}","{'revenue_growth_yoy': 6.0, 'revenue_accelerating': True, 'rev_accel_quarters': 2}","{'rs_3m': 4.4, 'rs_6m': 3.9, 'rs_line_percentile': 61.1, 'rs_line_at_new_high': False, 'rs_line_trend': 'up', 'rs_line_score': 60}","{'roe_pct': 19.7, 'debt_to_equity': 1.05, 'current_ratio': 1.24, 'operating_margin_pct': 16.6}","{'days_to_earnings': 'N/A', 'recommendation': 'buy', 'analyst_upside_pct': 13.9}",419.2,162775367680,Industrials,Specialty Industrial Machinery,1.8,2.9,False,478.0,-12.3,7,True,477.37,534.0,333.0,25.0,buy,13.9,117.7,-71.9,98.1,-76.6,1.91,8.0,1.05,43.6,4.4,1.55,True,-0.77,16.1,-15.9,71.0,2026-11-03,False,False,7,NEUTRAL,2.82,64.1,,55.3,0.2,0.0,-55.1,2026-08-24T04:49:50.262764
NOW,"ServiceNow, Inc.",60.8,⭐⭐ GOOD,🟡 Good,USD,USD,False,True,True,1.0,,50.0,80.0,61.4,50.0,60.0,35.0,28.7,False,up,-40.6,False,0,17.0,True,2,"{'eps_growth_yoy': -40.6, 'positive_quarters': 4, 'earnings_accelerating': False, 'eps_accel_quarters': 0, 'profit_margin_pct': 11.3}","{'revenue_growth_yoy': 17.0, 'revenue_accelerating': True, 'rev_accel_quarters': 2}","{'rs_3m': 22.8, 'rs_6m': 14.7, 'rs_line_percentile': 28.7, 'rs_line_at_new_high': False, 'rs_line_trend': 'up', 'rs_line_score': 35}","{'roe_pct': 14.2, 'debt_to_equity': 0.68, 'current_ratio': 0.7, 'operating_margin_pct': 4.1}","{'days_to_earnings': 'N/A', 'recommendation': 'strong_buy', 'analyst_upside_pct': 10.7}",128.48,132830584832,Technology,Software - Application,3.6,1.5,False,194.726,-34.0,3,False,142.23,248.0,72.0,46.0,strong_buy,10.7,73.29,-43.0,16.1,-87.5,3.88,4.98,,,,,True,-2.56,29.3,-21.9,65.0,2026-10-28,False,False,4,NEUTRAL,1.67,73.1,,58.1,,,,2026-08-24T04:49:04.576667
MTD,Mettler-Toledo International Inc.,60.6,⭐⭐ GOOD,🟡 Good,USD,USD,False,True,True,1.0,,85.0,40.0,63.0,50.0,50.0,60.0,50.6,False,up,7.1,True,1,-0.2,True,1,"{'eps_growth_yoy': 7.1, 'positive_quarters': 4, 'earnings_accelerating': True, 'eps_accel_quarters': 1, 'profit_margin_pct': 21.9}","{'revenue_growth_yoy': -0.2, 'revenue_accelerating': True, 'rev_accel_quarters': 1}","{'rs_3m': 23.5, 'rs_6m': -12.7, 'rs_line_percentile': 50.6, 'rs_line_at_new_high': False, 'rs_line_trend': 'up', 'rs_line_score': 60}","{'debt_to_equity': 166.68, 'current_ratio': 1.12, 'operating_margin_pct': 31.2}","{'days_to_earnings': 'N/A', 'recommendation': 'none', 'analyst_upside_pct': 5.3}",1395.25,27956011008,Healthcare,Diagnostics & Research,4.5,4.5,False,1525.17,-8.5,5,False,1468.91,1600.0,1200.0,11.0,none,5.3,949.22,-32.0,811.97,-41.8,2.48,34.62,,,,,True,-2.77,16.8,9.2,73.0,2026-11-05,False,False,6,NEUTRAL,3.72,110.6,1.47,22.1,0.4,0.02,-21.7,2026-08-24T04:48:34.945898
CHD,"Church & Dwight Co., Inc.",60.1,⭐⭐ GOOD,🟡 Good,USD,USD,False,True,True,1.0,,90.0,30.0,46.7,75.0,50.0,35.0,29.6,False,flat,13.2,True,1,-2.5,False,0,"{'eps_growth_yoy': 13.2, 'positive_quarters': 4, 'earnings_accelerating': True, 'eps_accel_quarters': 1, 'profit_margin_pct': 12.0}","{'revenue_growth_yoy': -2.5, 'revenue_accelerating': False, 'rev_accel_quarters': 0}","{'rs_3m': 0.0, 'rs_6m': -18.4, 'rs_line_percentile': 29.6, 'rs_line_at_new_high': False, 'rs_line_trend': 'flat', 'rs_line_score': 35}","{'roe_pct': 17.0, 'debt_to_equity': 0.56, 'current_ratio': 1.15, 'operating_margin_pct': 18.1}","{'days_to_earnings': 'N/A', 'recommendation': 'none', 'analyst_upside_pct': 6.6}",98.8,23435747328,Consumer Defensive,Household & Personal Products,5.0,5.8,False,106.04,-6.8,6,False,105.37,115.0,78.0,19.0,none,6.6,74.93,-24.2,31.2,-68.4,4.01,3.96,1.24,38.6,1.23,1.16,True,-2.56,10.6,4.5,67.0,2026-10-30,False,False,7,NEUTRAL,4.11,114.1,2.72,22.7,1.6,0.07,-21.1,2026-08-24T04:49:41.902354
ITW,Illinois Tool Works Inc.,60.1,⭐⭐ GOOD,🟡 Good,USD,USD,False,True,True,1.0,,70.0,60.0,46.7,65.0,50.0,35.0,40.3,False,up,-0.7,True,2,6.0,True,1,"{'eps_growth_yoy': -0.7, 'positive_quarters': 4, 'earnings_accelerating': True, 'eps_accel_quarters': 2, 'profit_margin_pct': 19.4}","{'revenue_growth_yoy': 6.0, 'revenue_accelerating': True, 'rev_accel_quarters': 1}","{'rs_3m': 9.7, 'rs_6m': -15.3, 'rs_line_percentile': 40.3, 'rs_line_at_new_high': False, 'rs_line_trend': 'up', 'rs_line_score': 35}","{'roe_pct': 104.6, 'debt_to_equity': 3.35, 'current_ratio': 1.11, 'operating_margin_pct': 26.9}","{'days_to_earnings': 'N/A', 'recommendation': 'hold', 'analyst_upside_pct': 6.9}",282.29,80396197888,Industrials,Specialty Industrial Machinery,3.1,5.7,False,303.16,-6.9,6,False,301.86,350.0,249.0,14.0,hold,6.9,169.1,-40.1,111.5,-60.5,3.03,8.54,2.44,58.3,6.88,2.26,True,-2.33,14.6,4.0,60.0,2026-10-23,False,False,5,NEUTRAL,4.77,118.3,2.25,22.5,,,,2026-08-24T04:49:33.725909
UBER,"Uber Technologies, Inc.",60.0,⭐ AVERAGE,🟡 Average,USD,USD,False,True,True,1.0,"FCF declarado (7,244,749,824) se aparta del derivado de flujo operativo menos capex (10,088,000,512)",70.0,60.0,38.7,65.0,65.0,15.0,22.7,False,up,-63.9,True,2,5.4,True,1,"{'eps_growth_yoy': -63.9, 'positive_quarters': 4, 'earnings_accelerating': True, 'eps_accel_quarters': 2, 'profit_margin_pct': 17.3}","{'revenue_growth_yoy': 5.4, 'revenue_accelerating': True, 'rev_accel_quarters': 1}","{'rs_3m': 6.8, 'rs_6m': -1.4, 'rs_line_percentile': 22.7, 'rs_line_at_new_high': False, 'rs_line_trend': 'up', 'rs_line_score': 15}","{'roe_pct': 37.2, 'debt_to_equity': 0.52, 'current_ratio': 0.84, 'operating_margin_pct': 13.3}","{'days_to_earnings': 'N/A', 'recommendation': 'buy', 'analyst_upside_pct': 29.2}",78.8,160953745408,Technology,Software - Application,2.4,2.9,False,101.99,-22.7,3,False,101.78,150.0,70.0,46.0,buy,29.2,150.42,90.9,136.8,73.6,4.5,3.55,,,,,True,-4.29,15.5,85.5,71.0,2026-11-03,False,False,6,NEUTRAL,3.64,133.2,0.21,47.2,0.4,0.01,-46.8,2026-08-24T04:53:19.880560
OTIS,Otis Worldwide Corporation,60.0,⭐⭐ GOOD,🟡 Good,USD,USD,False,True,True,1.0,,90.0,60.0,24.0,45.0,65.0,15.0,5.0,False,flat,14.4,True,1,4.6,True,1,"{'eps_growth_yoy': 14.4, 'positive_quarters': 4, 'earnings_accelerating': True, 'eps_accel_quarters': 1, 'profit_margin_pct': 10.2}","{'revenue_growth_yoy': 4.6, 'revenue_accelerating': True, 'rev_accel_quarters': 1}","{'rs_3m': -4.1, 'rs_6m': -32.9, 'rs_line_percentile': 5.0, 'rs_line_at_new_high': False, 'rs_line_trend': 'flat', 'rs_line_score': 15}","{'current_ratio': 0.83, 'operating_margin_pct': 15.1}","{'days_to_earnings': 'N/A', 'recommendation': 'buy', 'analyst_upside_pct': 24.3}",71.49,27214051328,Industrials,Specialty Industrial Machinery,4.3,3.7,False,94.565,-24.4,1,False,88.83,105.0,75.0,12.0,buy,24.3,83.98,17.5,50.57,-29.3,5.28,3.77,2.46,43.7,1.76,1.5,True,-3.88,,9.1,65.0,2026-10-28,False,False,6,NEUTRAL,6.24,171.1,1.2,21.4,1.6,0.07,-19.8,2026-08-24T04:49:17.828388
FHN,First Horizon Corporation,60.0,⭐⭐ GOOD,🟡 Good,USD,USD,False,True,True,1.0,"FCF declarado (595,000,000) se aparta del derivado de flujo operativo menos capex (1,026,000,000)",85.0,40.0,44.0,65.0,60.0,35.0,29.9,False,down,3.1,True,1,-0.5,True,1,"{'eps_growth_yoy': 3.1, 'positive_quarters': 4, 'earnings_accelerating': True, 'eps_accel_quarters': 1, 'profit_margin_pct': 30.2}","{'revenue_growth_yoy': -0.5, 'revenue_accelerating': True, 'rev_accel_quarters': 1}","{'rs_3m': -0.6, 'rs_6m': -9.1, 'rs_line_percentile': 29.9, 'rs_line_at_new_high': False, 'rs_line_trend': 'down', 'rs_line_score': 35}","{'roe_pct': 11.5, 'operating_margin_pct': 41.3}","{'days_to_earnings': 'N/A', 'recommendation': 'buy', 'analyst_upside_pct': 14.1}",24.63,11669131264,Financial Services,Banks - Regional,0.0,0.0,False,26.56,-7.3,5,False,28.11,31.0,25.0,19.0,buy,14.1,36.77,49.3,41.6,68.9,5.1,1.26,2.76,30.8,0.68,3.3,True,-8.04,,14.0,51.0,2026-10-14,False,False,5,NEUTRAL,,,0.53,21.4,1.6,0.07,-19.8,2026-08-24T04:53:53.406696
ADP,"Automatic Data Processing, Inc.",59.8,⭐ AVERAGE,🟡 Average,USD,USD,False,True,True,1.0,,55.0,50.0,65.0,85.0,50.0,35.0,47.5,False,up,-3.4,False,0,5.8,False,0,"{'eps_growth_yoy': -3.4, 'positive_quarters': 4, 'earnings_accelerating': False, 'eps_accel_quarters': 0, 'profit_margin_pct': 20.1}","{'revenue_growth_yoy': 5.8, 'revenue_accelerating': False, 'rev_accel_quarters': 0}","{'rs_3m': 22.6, 'rs_6m': 25.9, 'rs_line_percentile': 47.5, 'rs_line_at_new_high': False, 'rs_line_trend': 'up', 'rs_line_score': 35}","{'roe_pct': 72.2, 'debt_to_equity': 0.91, 'current_ratio': 1.05, 'operating_margin_pct': 23.5}","{'days_to_earnings': 'N/A', 'recommendation': 'hold', 'analyst_upside_pct': 2.3}",280.81,111555354624,Technology,Software - Application,3.7,5.3,False,307.8,-8.8,5,False,287.27,322.0,225.0,15.0,hold,2.3,258.07,-8.1,109.5,-61.0,4.7,13.2,2.42,60.7,6.8,2.04,True,-1.87,13.5,3.9,65.0,2026-10-28,False,False,6,NEUTRAL,5.49,173.6,2.14,30.0,,,,2026-08-24T04:45:22.622753
ORLY,"O'Reilly Automotive, Inc.",59.7,⭐ AVERAGE,🟡 Average,USD,USD,False,True,True,1.0,"FCF declarado (1,570,733,824) se aparta del derivado de flujo operativo menos capex (2,120,623,976)",70.0,70.0,36.0,50.0,65.0,15.0,12.0,False,down,-1.5,True,2,4.0,True,2,"{'eps_growth_yoy': -1.5, 'positive_quarters': 4, 'earnings_accelerating': True, 'eps_accel_quarters': 2, 'profit_margin_pct': 14.3}","{'revenue_growth_yoy': 4.0, 'revenue_accelerating': True, 'rev_accel_quarters': 2}","{'rs_3m': -5.8, 'rs_6m': -19.4, 'rs_line_percentile': 12.0, 'rs_line_at_new_high': False, 'rs_line_trend': 'down', 'rs_line_score': 15}","{'current_ratio': 0.75, 'operating_margin_pct': 20.2}","{'days_to_earnings': 'N/A', 'recommendation': 'buy', 'analyst_upside_pct': 21.0}",89.11,72086495232,Consumer Cyclical,Auto Parts,3.1,2.8,False,108.72,-18.0,2,False,107.8,120.0,89.0,25.0,buy,21.0,38.75,-56.5,32.44,-63.6,2.18,1.94,,,,,True,-4.65,14.4,10.3,65.0,2026-10-28,False,False,7,NEUTRAL,4.27,40.2,2.37,26.3,0.4,0.01,-25.9,2026-08-24T04:48:52.234996
SPGI,S&P Global Inc.,59.7,⭐ AVERAGE,🟡 Average,USD,USD,False,True,True,1.0,,75.0,50.0,42.3,65.0,65.0,15.0,17.5,False,up,3.5,False,0,6.6,False,0,"{'eps_growth_yoy': 3.5, 'positive_quarters': 4, 'earnings_accelerating': False, 'eps_accel_quarters': 0, 'profit_margin_pct': 30.5}","{'revenue_growth_yoy': 6.6, 'revenue_accelerating': False, 'rev_accel_quarters': 0}","{'rs_3m': 6.5, 'rs_6m': 0.3, 'rs_line_percentile': 17.5, 'rs_line_at_new_high': False, 'rs_line_trend': 'up', 'rs_line_score': 15}","{'roe_pct': 14.3, 'debt_to_equity': 0.43, 'current_ratio': 0.95, 'operating_margin_pct': 44.8}","{'days_to_earnings': 'N/A', 'recommendation': 'strong_buy', 'analyst_upside_pct': 19.9}",431.29,127144296448,Financial Services,Financial Data & Stock Exchanges,3.0,4.0,False,527.0199,-18.2,3,False,516.95,553.0,444.0,20.0,strong_buy,19.9,495.13,14.8,290.81,-32.6,4.29,18.48,0.9,23.5,3.88,0.82,True,-4.09,22.7,17.7,66.0,2026-10-29,False,False,7,NEUTRAL,4.53,942.7,1.2,26.5,,,,2026-08-24T04:45:34.280750
NDSN,Nordson Corporation,59.7,⭐ AVERAGE,🟡 Average,USD,USD,False,True,True,1.0,,50.0,40.0,79.9,85.0,60.0,100.0,95.2,True,up,-6.7,False,0,-0.1,True,1,"{'eps_growth_yoy': -6.7, 'positive_quarters': 4, 'earnings_accelerating': False, 'eps_accel_quarters': 0, 'profit_margin_pct': 18.6}","{'revenue_growth_yoy': -0.1, 'revenue_accelerating': True, 'rev_accel_quarters': 1}","{'rs_3m': 12.0, 'rs_6m': 2.9, 'rs_line_percentile': 95.2, 'rs_line_at_new_high': True, 'rs_line_trend': 'up', 'rs_line_score': 100}","{'roe_pct': 17.8, 'debt_to_equity': 0.56, 'current_ratio': 1.82, 'operating_margin_pct': 27.4}","{'days_to_earnings': 'N/A', 'recommendation': 'buy', 'analyst_upside_pct': 5.3}",332.24,18511730688,Industrials,Specialty Industrial Machinery,3.4,4.8,False,338.55,-1.9,8,True,349.71,375.0,282.0,7.0,buy,5.3,361.33,8.8,227.01,-31.7,3.32,11.02,0.99,33.2,3.28,1.08,True,-1.56,7.7,16.1,107.0,2026-12-09,False,False,7,NEUTRAL,3.47,65.0,1.12,32.7,,,,2026-08-24T04:50:47.747283
STZ,"Constellation Brands, Inc.",59.3,⭐ AVERAGE,🟡 Average,USD,USD,False,True,True,0.9997,,100.0,40.0,24.0,60.0,55.0,15.0,9.5,False,down,40.3,True,1,-1.9,True,1,"{'eps_growth_yoy': 40.3, 'positive_quarters': 4, 'earnings_accelerating': True, 'eps_accel_quarters': 1, 'profit_margin_pct': 20.1}","{'revenue_growth_yoy': -1.9, 'revenue_accelerating': True, 'rev_accel_quarters': 1}","{'rs_3m': -11.5, 'rs_6m': -26.5, 'rs_line_percentile': 9.5, 'rs_line_at_new_high': False, 'rs_line_trend': 'down', 'rs_line_score': 15}","{'roe_pct': 23.7, 'debt_to_equity': 1.23, 'current_ratio': 0.91, 'operating_margin_pct': 35.9}","{'days_to_earnings': 'N/A', 'recommendation': 'none', 'analyst_upside_pct': 25.9}",135.66,23171319808,Consumer Defensive,Beverages - Brewers,6.1,3.9,False,168.6,-19.5,3,False,170.83,209.0,115.0,23.0,none,25.9,549.0,304.7,315.0,132.2,9.54,12.95,3.04,39.0,4.12,1.78,True,-3.63,8.2,15.3,42.0,2026-10-05,False,False,6,NEUTRAL,8.08,29.4,0.36,28.8,0.4,0.01,-28.4,2026-08-24T04:52:45.896793
SBGSY,Schneider Electric S.E.,58.9,⭐ AVERAGE,🟡 Average,USD,EUR,True,True,True,1.0,,55.0,50.0,68.3,75.0,50.0,80.0,79.8,False,up,,,0,,,0,{'profit_margin_pct': 11.3},{},"{'rs_3m': 8.3, 'rs_6m': 2.2, 'rs_line_percentile': 79.8, 'rs_line_at_new_high': False, 'rs_line_trend': 'up', 'rs_line_score': 80}","{'roe_pct': 18.6, 'debt_to_equity': 0.84, 'current_ratio': 1.09, 'operating_margin_pct': 18.2}","{'days_to_earnings': 'N/A', 'recommendation': 'none', 'analyst_upside_pct': 12.4}",69.22,194549710848,Industrials,Specialty Industrial Machinery,,,False,71.98,-3.8,8,True,77.8,79.0,76.0,3.0,none,12.4,92.4,33.5,58.01,-16.2,3.23,2.23,1.42,49.7,0.98,1.79,,,,14.6,185.0,2027-02-25,False,False,6,NEUTRAL,3.18,74.6,0.82,48.9,,,,2026-08-24T04:50:06.236627
MSI,"Motorola Solutions, Inc.",58.8,⭐ AVERAGE,🟡 Average,USD,USD,False,True,True,1.0,"FCF declarado (1,979,000,064) se aparta del derivado de flujo operativo menos capex (2,709,000,128)",60.0,60.0,50.3,65.0,60.0,35.0,47.1,False,up,-0.9,True,1,4.1,True,1,"{'eps_growth_yoy': -0.9, 'positive_quarters': 4, 'earnings_accelerating': True, 'eps_accel_quarters': 1, 'profit_margin_pct': 17.4}","{'revenue_growth_yoy': 4.1, 'revenue_accelerating': True, 'rev_accel_quarters': 1}","{'rs_3m': 16.3, 'rs_6m': -8.9, 'rs_line_percentile': 47.1, 'rs_line_at_new_high': False, 'rs_line_trend': 'up', 'rs_line_score': 35}","{'roe_pct': 91.6, 'debt_to_equity': 3.58, 'current_ratio': 1.1, 'operating_margin_pct': 27.4}","{'days_to_earnings': 'N/A', 'recommendation': 'buy', 'analyst_upside_pct': 8.8}",480.47,79514804224,Technology,Communication Equipment,2.7,4.4,False,493.57,-2.7,6,False,522.73,550.0,476.0,11.0,buy,8.8,230.97,-51.9,126.8,-73.6,2.49,11.96,1.01,37.2,4.84,1.11,True,-1.3,7.3,9.5,73.0,2026-11-05,False,False,6,NEUTRAL,3.59,161.2,2.65,37.5,,,,2026-08-24T04:45:30.318901
PEP,"PepsiCo, Inc.",58.5,⭐ AVERAGE,🟡 Average,USD,USD,False,True,True,1.0,,90.0,60.0,24.0,45.0,50.0,15.0,13.5,False,down,14.5,True,1,1.0,True,1,"{'eps_growth_yoy': 14.5, 'positive_quarters': 4, 'earnings_accelerating': True, 'eps_accel_quarters': 1, 'profit_margin_pct': 10.8}","{'revenue_growth_yoy': 1.0, 'revenue_accelerating': True, 'rev_accel_quarters': 1}","{'rs_3m': -6.7, 'rs_6m': -25.9, 'rs_line_percentile': 13.5, 'rs_line_at_new_high': False, 'rs_line_trend': 'down', 'rs_line_score': 15}","{'roe_pct': 51.5, 'debt_to_equity': 2.39, 'current_ratio': 0.93, 'operating_margin_pct': 16.8}","{'days_to_earnings': 'N/A', 'recommendation': 'hold', 'analyst_upside_pct': 8.0}",143.48,195993681920,Consumer Defensive,Beverages - Non-Alcoholic,2.4,3.1,False,171.48,-16.3,3,False,155.0,183.0,124.0,22.0,hold,8.0,243.14,69.5,228.9,59.5,4.0,5.73,4.13,75.3,5.92,3.03,True,-0.5,12.7,54.8,45.0,2026-10-08,False,False,5,NEUTRAL,4.77,33.8,0.12,18.9,,,,2026-08-24T04:50:59.937169
ITRK.L,Intertek Group plc,58.5,⭐ AVERAGE,🟡 Average,GBp,GBP,True,True,False,100.0,"acciones × precio no cuadra con la capitalización (ratio 100.0000): el dato por acción y el precio no están en la misma unidad — típico de ADR. Los ratios por acción (EPS, FCF/acción, DCF) no son utilizables",50.0,50.0,68.5,75.0,60.0,,,,,,,0,,,0,{'profit_margin_pct': 9.1},{},"{'rs_3m': 3.0, 'rs_6m': 17.1}","{'roe_pct': 29.9, 'debt_to_equity': 1.73, 'current_ratio': 1.1, 'operating_margin_pct': 16.6}","{'days_to_earnings': 'N/A', 'recommendation': 'buy', 'analyst_upside_pct': 0.9}",5845.0,8971853824,Industrials,Specialty Business Services,,,False,5860.0,-0.3,7,True,5897.25,6000.0,5450.0,12.0,buy,0.9,,,,,5.1,2.98,2.82,80.5,165.0,2.66,,,,-7.8,190.0,2027-03-02,False,False,4,NEUTRAL,5.18,63.8,,1.6,,,,2026-08-24T04:51:43.845451
EXPN.L,Experian plc,58.5,⭐ AVERAGE,🟡 Average,GBp,USD,True,True,False,100.0,"acciones × precio no cuadra con la capitalización (ratio 100.0000): el dato por acción y el precio no están en la misma unidad — típico de ADR. Los ratios por acción (EPS, FCF/acción, DCF) no son utilizables | FCF declarado (667,809,565) se aparta del derivado de flujo operativo menos capex (914,851",55.0,50.0,66.5,65.0,65.0,,,,,,,0,,,0,{'profit_margin_pct': 17.8},{},"{'rs_3m': 11.4, 'rs_6m': 1.0}","{'roe_pct': 28.3, 'debt_to_equity': 1.0, 'current_ratio': 0.85, 'operating_margin_pct': 25.0}","{'days_to_earnings': 'N/A', 'recommendation': 'strong_buy', 'analyst_upside_pct': 24.3}",2949.0,26065397760,Industrials,Consulting Services,,,False,3987.0,-26.0,3,False,3665.61,4631.49,2449.43,18.0,strong_buy,24.3,,,,,2.56,0.76,1.76,39.8,52.0,1.4,,,,23.1,86.0,2026-11-18,False,False,9,STRONG,6.84,646.3,0.76,39.6,,,,2026-08-24T04:49:21.742465
ZTS,Zoetis Inc.,58.5,⭐ AVERAGE,🟡 Average,USD,USD,False,True,True,1.0,,75.0,60.0,24.0,65.0,65.0,15.0,5.1,False,down,-4.2,True,2,2.8,True,1,"{'eps_growth_yoy': -4.2, 'positive_quarters': 4, 'earnings_accelerating': True, 'eps_accel_quarters': 2, 'profit_margin_pct': 27.7}","{'revenue_growth_yoy': 2.8, 'revenue_accelerating': True, 'rev_accel_quarters': 1}","{'rs_3m': -6.7, 'rs_6m': -50.3, 'rs_line_percentile': 5.1, 'rs_line_at_new_high': False, 'rs_line_trend': 'down', 'rs_line_score': 15}","{'roe_pct': 64.9, 'debt_to_equity': 2.94, 'current_ratio': 3.08, 'operating_margin_pct': 40.7}","{'days_to_earnings': 'N/A', 'recommendation': 'buy', 'analyst_upside_pct': 29.5}",77.73,32119873536,Healthcare,Drug Manufacturers - Specialty & Generic,5.9,3.8,False,157.21,-50.6,1,False,100.62,160.0,80.0,16.0,buy,29.5,71.82,-7.6,61.3,-21.1,6.28,4.88,2.73,33.6,2.12,0.95,True,-11.35,14.7,0.8,71.0,2026-11-03,False,False,6,NEUTRAL,9.02,42.1,9.74,41.7,3.1,0.07,-38.6,2026-08-24T04:46:23.106632
ECL,Ecolab Inc.,57.7,⭐ AVERAGE,🟡 Average,USD,USD,False,True,True,1.0,"FCF declarado (1,474,824,960) se aparta del derivado de flujo operativo menos capex (2,008,500,000)",60.0,60.0,34.7,75.0,65.0,35.0,31.6,False,up,-8.6,True,1,6.0,True,1,"{'eps_growth_yoy': -8.6, 'positive_quarters': 4, 'earnings_accelerating': True, 'eps_accel_quarters': 1, 'profit_margin_pct': 12.6}","{'revenue_growth_yoy': 6.0, 'revenue_accelerating': True, 'rev_accel_quarters': 1}","{'rs_3m': 8.5, 'rs_6m': -20.2, 'rs_line_percentile': 31.6, 'rs_line_at_new_high': False, 'rs_line_trend': 'up', 'rs_line_score': 35}","{'roe_pct': 22.0, 'debt_to_equity': 1.38, 'current_ratio': 1.84, 'operating_margin_pct': 18.5}","{'days_to_earnings': 'N/A', 'recommendation': 'buy', 'analyst_upside_pct': 15.4}",281.63,78948950016,Basic Materials,Specialty Chemicals,1.3,2.5,False,309.27,-8.9,6,False,324.95,360.0,295.0,21.0,buy,15.4,78.41,-72.2,74.6,-73.5,1.87,5.26,1.04,38.1,2.92,1.06,True,-1.59,9.1,3.3,64.0,2026-10-27,False,False,6,NEUTRAL,3.25,52.2,9.06,22.9,,,,2026-08-24T04:47:53.950828
AWK,"American Water Works Company, Inc.",57.6,⭐ AVERAGE,🟡 Average,USD,USD,False,True,True,1.0,"FCF declarado (-1,785,374,976) se aparta del derivado de flujo operativo menos capex (-966,999,872)",75.0,50.0,46.7,55.0,50.0,35.0,27.8,False,up,-16.9,True,2,-6.6,True,2,"{'eps_growth_yoy': -16.9, 'positive_quarters': 4, 'earnings_accelerating': True, 'eps_accel_quarters': 2, 'profit_margin_pct': 21.3}","{'revenue_growth_yoy': -6.6, 'revenue_accelerating': True, 'rev_accel_quarters': 2}","{'rs_3m': 5.9, 'rs_6m': -9.5, 'rs_line_percentile': 27.8, 'rs_line_at_new_high': False, 'rs_line_trend': 'up', 'rs_line_score': 35}","{'roe_pct': 10.1, 'debt_to_equity': 1.38, 'current_ratio': 0.52, 'operating_margin_pct': 40.7}","{'days_to_earnings': 'N/A', 'recommendation': 'hold', 'analyst_upside_pct': 3.7}",135.39,26905917440,Utilities,Utilities - Regulated Water,7.8,5.2,False,146.29,-7.5,5,False,140.36,155.0,128.0,11.0,hold,3.7,,,57.7,-57.4,-6.64,-8.98,2.64,58.5,3.58,2.02,False,,3.2,3.4,65.0,2026-10-28,False,False,8,STRONG,4.77,6.6,2.4,20.6,,,,2026-08-24T04:50:56.060547
SXYAY,Sika AG,57.3,⭐ AVERAGE,🟡 Average,USD,CHF,True,True,True,1.0,"FCF declarado (1,279,851,135) se aparta del derivado de flujo operativo menos capex (1,722,148,092)",50.0,50.0,66.6,70.0,60.0,60.0,53.2,False,up,,,0,,,0,{'profit_margin_pct': 9.4},{},"{'rs_3m': 21.0, 'rs_6m': 5.2, 'rs_line_percentile': 53.2, 'rs_line_at_new_high': False, 'rs_line_trend': 'up', 'rs_line_score': 60}","{'roe_pct': 16.0, 'debt_to_equity': 0.89, 'current_ratio': 1.3, 'operating_margin_pct': 14.3}","{'days_to_earnings': 'N/A', 'recommendation': 'buy', 'analyst_upside_pct': 6.4}",23.16,37157728256,Basic Materials,Specialty Chemicals,,,False,24.21,-4.3,7,True,24.65,26.3,23.0,2.0,buy,6.4,11.74,-49.3,8.1,-65.0,3.44,0.8,1.99,57.0,0.46,1.36,,,,-0.3,,,False,False,7,NEUTRAL,3.55,45.5,,41.8,,,,2026-08-24T04:49:29.655464
7741.T,HOYA Corporation,57.2,⭐ AVERAGE,🟡 Average,JPY,JPY,False,True,True,1.0,,60.0,50.0,30.0,95.0,65.0,,,,,,,0,,,0,{'profit_margin_pct': 27.2},{},"{'rs_3m': -6.7, 'rs_6m': -20.0}","{'roe_pct': 26.5, 'debt_to_equity': 0.04, 'current_ratio': 4.91, 'operating_margin_pct': 32.4}","{'days_to_earnings': 'N/A', 'recommendation': 'strong_buy', 'analyst_upside_pct': 22.2}",24995.0,8361339256832,Healthcare,Medical Instruments & Supplies,,,False,30400.0,-17.8,4,False,30553.33,35000.0,23100.0,15.0,strong_buy,22.2,22662.71,-9.3,22330.8,-10.7,2.14,534.39,1.18,39.7,295.0,0.76,,,,30.0,67.0,2026-10-30,False,False,6,NEUTRAL,4.21,33.1,1.22,30.4,,,,2026-08-24T04:48:47.934641
DHR,Danaher Corporation,57.1,⭐ AVERAGE,🟡 Average,USD,USD,False,True,True,1.0,,50.0,60.0,53.0,70.0,60.0,35.0,49.6,False,up,-4.2,False,0,3.5,True,1,"{'eps_growth_yoy': -4.2, 'positive_quarters': 4, 'earnings_accelerating': False, 'eps_accel_quarters': 0, 'profit_margin_pct': 15.9}","{'revenue_growth_yoy': 3.5, 'revenue_accelerating': True, 'rev_accel_quarters': 1}","{'rs_3m': 24.5, 'rs_6m': -8.6, 'rs_line_percentile': 49.6, 'rs_line_at_new_high': False, 'rs_line_trend': 'up', 'rs_line_score': 35}","{'roe_pct': 7.6, 'debt_to_equity': 0.53, 'current_ratio': 1.65, 'operating_margin_pct': 19.8}","{'days_to_earnings': 'N/A', 'recommendation': 'strong_buy', 'analyst_upside_pct': 4.2}",218.85,153848496128,Healthcare,Diagnostics & Research,1.9,1.9,False,242.8,-9.9,4,False,227.96,310.0,195.0,23.0,strong_buy,4.2,260.92,19.2,168.0,-23.2,2.81,6.15,0.73,25.7,1.6,0.44,True,-1.89,17.3,59.7,57.0,2026-10-20,False,False,5,NEUTRAL,2.54,39.2,0.39,29.7,0.8,0.03,-28.9,2026-08-24T04:49:13.689055
ROL,"Rollins, Inc.",56.8,⭐ AVERAGE,🟡 Average,USD,USD,False,True,True,1.0,,70.0,70.0,15.0,65.0,55.0,15.0,3.4,False,down,-12.0,True,2,5.1,True,2,"{'eps_growth_yoy': -12.0, 'positive_quarters': 4, 'earnings_accelerating': True, 'eps_accel_quarters': 2, 'profit_margin_pct': 13.6}","{'revenue_growth_yoy': 5.1, 'revenue_accelerating': True, 'rev_accel_quarters': 2}","{'rs_3m': -33.6, 'rs_6m': -51.0, 'rs_line_percentile': 3.4, 'rs_line_at_new_high': False, 'rs_line_trend': 'down', 'rs_line_score': 15}","{'roe_pct': 37.0, 'debt_to_equity': 0.78, 'current_ratio': 0.63, 'operating_margin_pct': 18.8}","{'days_to_earnings': 'N/A', 'recommendation': 'hold', 'analyst_upside_pct': 23.5}",36.91,17759076352,Consumer Cyclical,Personal Services,6.5,3.2,False,66.14,-44.2,0,False,45.59,66.0,32.0,17.0,hold,23.5,15.41,-58.2,11.0,-70.2,2.83,1.04,1.98,64.9,0.73,1.15,True,-1.38,21.8,1.2,65.0,2026-10-28,False,False,6,NEUTRAL,3.89,132.5,9.15,18.1,1.6,0.09,-16.5,2026-08-24T04:45:26.403149
LSEG.L,London Stock Exchange Group plc,56.5,⭐ AVERAGE,🟡 Average,GBp,GBP,True,True,False,100.0,"acciones × precio no cuadra con la capitalización (ratio 100.0000): el dato por acción y el precio no están en la misma unidad — típico de ADR. Los ratios por acción (EPS, FCF/acción, DCF) no son utilizables",55.0,50.0,50.0,70.0,70.0,,,,,,,0,,,0,{'profit_margin_pct': 14.6},{},"{'rs_3m': -8.8, 'rs_6m': -1.2}","{'roe_pct': 7.7, 'debt_to_equity': 0.64, 'current_ratio': 1.0, 'operating_margin_pct': 29.0}","{'days_to_earnings': 'N/A', 'recommendation': 'strong_buy', 'analyst_upside_pct': 38.5}",8602.0,41704464384,Financial Services,Financial Data & Stock Exchanges,,,False,10140.0,-15.2,1,False,11910.67,13630.0,10400.0,15.0,strong_buy,38.5,,,,,4.12,3.55,1.84,53.9,158.0,1.28,,,,33.7,185.0,2027-02-25,False,False,7,NEUTRAL,4.21,305.7,0.47,31.6,,,,2026-08-24T04:48:14.252566
MSCI,MSCI Inc.,56.2,⭐ AVERAGE,🟡 Average,USD,USD,False,True,True,1.0,,75.0,50.0,36.0,50.0,65.0,15.0,12.9,False,down,5.1,False,0,9.3,False,0,"{'eps_growth_yoy': 5.1, 'positive_quarters': 4, 'earnings_accelerating': False, 'eps_accel_quarters': 0, 'profit_margin_pct': 40.7}","{'revenue_growth_yoy': 9.3, 'revenue_accelerating': False, 'rev_accel_quarters': 0}","{'rs_3m': -6.9, 'rs_6m': -7.4, 'rs_line_percentile': 12.9, 'rs_line_at_new_high': False, 'rs_line_trend': 'down', 'rs_line_score': 15}","{'current_ratio': 0.89, 'operating_margin_pct': 56.3}","{'days_to_earnings': 'N/A', 'recommendation': 'strong_buy', 'analyst_upside_pct': 22.8}",563.49,40965722112,Financial Services,Financial Data & Stock Exchanges,2.0,1.6,False,644.77,-12.6,4,False,692.06,760.0,570.0,17.0,strong_buy,22.8,473.77,-15.9,358.88,-36.3,2.92,16.43,1.46,42.1,8.2,1.01,True,-6.63,7.2,19.6,57.0,2026-10-20,False,False,8,STRONG,3.61,851.3,1.28,22.8,,,,2026-08-24T04:46:35.660961
TW,Tradeweb Markets Inc.,56.0,⭐ AVERAGE,🟡 Average,USD,USD,False,True,False,0.5322,"acciones × precio no cuadra con la capitalización (ratio 0.5322): el dato por acción y el precio no están en la misma unidad — típico de ADR. Los ratios por acción (EPS, FCF/acción, DCF) no son utilizables",65.0,50.0,24.0,85.0,65.0,15.0,20.6,False,up,-2.3,True,1,9.9,False,0,"{'eps_growth_yoy': -2.3, 'positive_quarters': 4, 'earnings_accelerating': True, 'eps_accel_quarters': 1, 'profit_margin_pct': 40.7}","{'revenue_growth_yoy': 9.9, 'revenue_accelerating': False, 'rev_accel_quarters': 0}","{'rs_3m': -2.0, 'rs_6m': -21.9, 'rs_line_percentile': 20.6, 'rs_line_at_new_high': False, 'rs_line_trend': 'up', 'rs_line_score': 15}","{'roe_pct': 14.5, 'debt_to_equity': 0.02, 'current_ratio': 6.79, 'operating_margin_pct': 43.8}","{'days_to_earnings': 'N/A', 'recommendation': 'buy', 'analyst_upside_pct': 15.6}",107.04,23337504768,Financial Services,Capital Markets,3.4,2.1,False,128.71,-16.8,3,False,123.71,178.0,98.0,14.0,buy,15.6,,,,,4.56,9.17,0.52,12.4,0.56,0.4,True,-1.47,633.6,13.8,66.0,2026-10-29,False,False,8,STRONG,5.51,57.1,1.18,42.6,,,,2026-08-24T04:47:09.126642
LIN,Linde plc,56.0,⭐ AVERAGE,🟡 Average,USD,USD,False,True,True,1.0,,55.0,60.0,44.0,65.0,60.0,35.0,30.2,False,down,-0.1,False,0,7.8,True,1,"{'eps_growth_yoy': -0.1, 'positive_quarters': 4, 'earnings_accelerating': False, 'eps_accel_quarters': 0, 'profit_margin_pct': 20.4}","{'revenue_growth_yoy': 7.8, 'revenue_accelerating': True, 'rev_accel_quarters': 1}","{'rs_3m': -8.5, 'rs_6m': -14.3, 'rs_line_percentile': 30.2, 'rs_line_at_new_high': False, 'rs_line_trend': 'down', 'rs_line_score': 35}","{'roe_pct': 18.4, 'debt_to_equity': 0.69, 'current_ratio': 0.88, 'operating_margin_pct': 28.1}","{'days_to_earnings': 'N/A', 'recommendation': 'buy', 'analyst_upside_pct': 12.2}",487.57,224760102912,Basic Materials,Specialty Chemicals,1.2,2.6,False,548.2,-11.1,4,False,547.24,612.0,400.0,25.0,buy,12.2,187.6,-61.5,175.15,-64.1,1.85,9.03,1.31,40.0,6.4,1.3,True,-1.81,21.3,11.3,67.0,2026-10-30,False,False,5,NEUTRAL,3.75,31.9,2.2,25.9,0.4,0.02,-25.5,2026-08-24T04:45:14.414501
ERIE,Erie Indemnity Company,55.3,⭐ AVERAGE,🟡 Average,USD,USD,False,True,False,0.8833,"acciones × precio no cuadra con la capitalización (ratio 0.8833): el dato por acción y el precio no están en la misma unidad — típico de ADR. Los ratios por acción (EPS, FCF/acción, DCF) no son utilizables",50.0,50.0,50.3,85.0,50.0,35.0,25.4,False,up,-1.4,False,0,0.8,False,0,"{'eps_growth_yoy': -1.4, 'positive_quarters': 4, 'earnings_accelerating': False, 'eps_accel_quarters': 0, 'profit_margin_pct': 14.0}","{'revenue_growth_yoy': 0.8, 'revenue_accelerating': False, 'rev_accel_quarters': 0}","{'rs_3m': 15.8, 'rs_6m': -11.2, 'rs_line_percentile': 25.4, 'rs_line_at_new_high': False, 'rs_line_trend': 'up', 'rs_line_score': 35}","{'roe_pct': 24.8, 'debt_to_equity': 0.03, 'current_ratio': 1.25, 'operating_margin_pct': 19.1}","{'days_to_earnings': 'N/A', 'recommendation': 'none'}",264.85,13848972288,Financial Services,Insurance Brokers,11.4,9.5,True,366.2,-27.7,2,False,,,,,none,,,,,,3.47,10.42,2.21,64.6,5.85,1.8,False,,,1.6,66.0,2026-10-29,False,False,4,NEUTRAL,,,5.91,45.7,,,,2026-08-24T04:47:46.395431
MKC,"McCormick & Company, Incorporated",55.1,⭐ AVERAGE,🟡 Average,USD,USD,False,True,False,0.945,"acciones × precio no cuadra con la capitalización (ratio 0.9450): el dato por acción y el precio no están en la misma unidad — típico de ADR. Los ratios por acción (EPS, FCF/acción, DCF) no son utilizables | FCF declarado (714,025,024) se aparta del derivado de flujo operativo menos capex (1,009,700",55.0,70.0,30.3,60.0,60.0,15.0,24.3,False,up,-33.4,False,0,12.3,True,1,"{'eps_growth_yoy': -33.4, 'positive_quarters': 4, 'earnings_accelerating': False, 'eps_accel_quarters': 0, 'profit_margin_pct': 21.9}","{'revenue_growth_yoy': 12.3, 'revenue_accelerating': True, 'rev_accel_quarters': 1}","{'rs_3m': 14.0, 'rs_6m': -31.7, 'rs_line_percentile': 24.3, 'rs_line_at_new_high': False, 'rs_line_trend': 'up', 'rs_line_score': 15}","{'roe_pct': 24.7, 'debt_to_equity': 0.65, 'current_ratio': 0.78, 'operating_margin_pct': 17.4}","{'days_to_earnings': 'N/A', 'recommendation': 'buy', 'analyst_upside_pct': 9.4}",55.41,14897064960,Consumer Defensive,Packaged Foods,,0.0,False,72.41,-23.5,2,False,60.62,75.0,52.0,13.0,buy,9.4,,,,,4.79,2.81,3.47,30.9,1.92,2.11,True,-0.19,5.5,-9.9,43.0,2026-10-06,False,False,6,NEUTRAL,5.52,66.6,,21.5,,,,2026-08-24T04:51:28.598168
HESAY,Hermès International Société en commandite par actions,55.0,⭐ AVERAGE,🟡 Average,USD,EUR,True,True,True,1.0,,60.0,50.0,24.0,95.0,55.0,15.0,5.2,False,down,,,0,,,0,{'profit_margin_pct': 28.0},{},"{'rs_3m': -4.4, 'rs_6m': -38.6, 'rs_line_percentile': 5.2, 'rs_line_at_new_high': False, 'rs_line_trend': 'down', 'rs_line_score': 15}","{'roe_pct': 25.5, 'debt_to_equity': 0.12, 'current_ratio': 4.54, 'operating_margin_pct': 42.2}","{'days_to_earnings': 'N/A', 'recommendation': 'none', 'analyst_upside_pct': 25.7}",183.2,191886770176,Consumer Cyclical,Luxury Goods,,,False,265.89,-31.1,0,False,230.33,246.0,215.0,3.0,none,25.7,80.67,-56.0,50.2,-72.6,2.99,5.48,1.15,41.8,2.11,0.61,,,,-0.1,171.0,2027-02-11,False,False,8,STRONG,3.76,37.5,,52.6,,,,2026-08-24T04:46:06.906815
ABT,Abbott Laboratories,54.6,⭐ AVERAGE,🟡 Average,USD,USD,False,True,True,1.0,,50.0,50.0,53.0,70.0,60.0,35.0,44.7,False,up,-39.5,False,0,0.2,False,0,"{'eps_growth_yoy': -39.5, 'positive_quarters': 4, 'earnings_accelerating': False, 'eps_accel_quarters': 0, 'profit_margin_pct': 11.6}","{'revenue_growth_yoy': 0.2, 'revenue_accelerating': False, 'rev_accel_quarters': 0}","{'rs_3m': 31.4, 'rs_6m': -10.3, 'rs_line_percentile': 44.7, 'rs_line_at_new_high': False, 'rs_line_trend': 'up', 'rs_line_score': 35}","{'roe_pct': 10.6, 'debt_to_equity': 0.63, 'current_ratio': 1.38, 'operating_margin_pct': 14.7}","{'days_to_earnings': 'N/A', 'recommendation': 'buy', 'analyst_upside_pct': 3.1}",116.64,203165073408,Healthcare,Medical Devices,1.5,1.8,False,137.49,-15.2,4,False,120.2,135.0,103.0,25.0,buy,3.1,60.9,-47.8,30.9,-73.5,3.55,4.14,2.16,79.0,2.52,1.82,True,-0.39,15.4,-47.5,51.0,2026-10-14,False,False,6,NEUTRAL,3.9,42.0,,20.4,0.4,0.02,-20.0,2026-08-24T04:49:54.370931
AI.PA,L'Air Liquide S.A.,54.5,⭐ AVERAGE,🟡 Average,EUR,EUR,False,True,True,1.0,"FCF declarado (264,437,504) se aparta del derivado de flujo operativo menos capex (1,652,500,160)",55.0,50.0,50.0,60.0,65.0,,,,,,,0,,,0,{'profit_margin_pct': 13.1},{},"{'rs_3m': -2.5, 'rs_6m': -6.9}","{'roe_pct': 14.0, 'debt_to_equity': 0.63, 'current_ratio': 0.88, 'operating_margin_pct': 20.1}","{'days_to_earnings': 'N/A', 'recommendation': 'strong_buy', 'analyst_upside_pct': 18.2}",167.12,106366869504,Basic Materials,Specialty Chemicals,,,False,182.26,-8.3,5,False,197.5,216.0,160.0,19.0,strong_buy,18.2,6.11,-96.3,55.7,-66.7,0.25,0.42,2.01,60.5,3.36,1.83,,,,0.7,178.0,2027-02-18,False,False,7,NEUTRAL,4.06,18.8,33.09,11.3,,,,2026-08-24T04:45:54.841651
DPZ,"Domino's Pizza, Inc.",54.1,⭐ AVERAGE,🟡 Average,USD,USD,False,True,True,1.0,,60.0,60.0,26.7,65.0,60.0,15.0,17.9,False,up,-2.6,True,1,4.1,True,1,"{'eps_growth_yoy': -2.6, 'positive_quarters': 4, 'earnings_accelerating': True, 'eps_accel_quarters': 1, 'profit_margin_pct': 11.9}","{'revenue_growth_yoy': 4.1, 'revenue_accelerating': True, 'rev_accel_quarters': 1}","{'rs_3m': 5.7, 'rs_6m': -26.5, 'rs_line_percentile': 17.9, 'rs_line_at_new_high': False, 'rs_line_trend': 'up', 'rs_line_score': 15}","{'current_ratio': 1.54, 'operating_margin_pct': 19.1}","{'days_to_earnings': 'N/A', 'recommendation': 'buy', 'analyst_upside_pct': 11.2}",341.85,11308991488,Consumer Cyclical,Restaurants,10.9,3.2,True,469.0,-27.1,1,False,380.29,450.0,270.0,28.0,buy,11.2,277.55,-18.8,176.4,-48.4,4.7,16.07,2.33,42.3,7.96,1.25,True,-3.44,4.9,4.8,50.0,2026-10-13,False,False,8,STRONG,5.94,107.8,2.41,34.8,,,,2026-08-24T04:52:54.809196
GVDNY,Givaudan SA,53.8,⭐ AVERAGE,🟡 Average,USD,CHF,True,True,True,1.0,"FCF declarado (756,823,139) se aparta del derivado de flujo operativo menos capex (1,504,502,351)",55.0,50.0,46.7,70.0,50.0,35.0,35.0,False,flat,,,0,,,0,{'profit_margin_pct': 12.9},{},"{'rs_3m': 8.1, 'rs_6m': -6.7, 'rs_line_percentile': 35.0, 'rs_line_at_new_high': False, 'rs_line_trend': 'flat', 'rs_line_score': 35}","{'roe_pct': 22.3, 'debt_to_equity': 1.11, 'current_ratio': 1.29, 'operating_margin_pct': 18.8}","{'days_to_earnings': 'N/A', 'recommendation': 'none', 'analyst_upside_pct': 7.1}",81.63,37677621248,Basic Materials,Specialty Chemicals,,,False,90.69,-10.0,3,False,87.43,100.06,74.8,2.0,none,7.1,24.13,-70.4,25.7,-68.5,2.01,1.64,2.24,71.1,1.82,1.88,,,,-10.0,156.0,2027-01-27,False,False,7,NEUTRAL,3.35,34.8,,24.8,,,,2026-08-24T04:47:01.044831
WTKWY,Wolters Kluwer N.V.,53.2,⭐ AVERAGE,🟡 Average,USD,EUR,True,True,True,1.0,,60.0,50.0,45.9,50.0,60.0,15.0,19.3,False,up,,,0,,,0,{'profit_margin_pct': 21.9},{},"{'rs_3m': 15.5, 'rs_6m': 8.5, 'rs_line_percentile': 19.3, 'rs_line_at_new_high': False, 'rs_line_trend': 'up', 'rs_line_score': 15}","{'roe_pct': 146.1, 'debt_to_equity': 5.9, 'current_ratio': 0.69, 'operating_margin_pct': 26.9}","{'days_to_earnings': 'N/A', 'recommendation': 'none', 'analyst_upside_pct': 30.2}",83.43,18585796608,Industrials,Specialty Business Services,,,False,138.76,-39.9,3,False,108.6,108.6,108.6,1.0,none,30.2,123.34,47.8,68.3,-18.1,7.84,6.54,3.61,43.1,3.01,1.85,,,,4.5,,,False,False,7,NEUTRAL,7.79,668.9,1.3,50.3,,,,2026-08-24T04:44:53.712386
LRLCY,L'Oréal S.A.,53.2,⭐ AVERAGE,🟡 Average,USD,EUR,True,True,True,1.0,,55.0,50.0,38.7,70.0,60.0,15.0,21.3,False,down,,,0,,,0,{'profit_margin_pct': 13.9},{},"{'rs_3m': 4.8, 'rs_6m': -14.6, 'rs_line_percentile': 21.3, 'rs_line_at_new_high': False, 'rs_line_trend': 'down', 'rs_line_score': 15}","{'roe_pct': 19.4, 'debt_to_equity': 0.49, 'current_ratio': 0.97, 'operating_margin_pct': 21.3}","{'days_to_earnings': 'N/A', 'recommendation': 'strong_buy', 'analyst_upside_pct': 10.5}",90.26,240266067968,Consumer Defensive,Household & Personal Products,,,False,95.48,-5.5,6,False,99.73,102.2,97.0,3.0,strong_buy,10.5,45.75,-49.3,27.5,-69.5,3.11,2.81,1.86,61.1,1.68,1.55,,,,5.4,169.0,2027-02-09,False,False,6,NEUTRAL,3.51,69.9,4.75,22.1,,,,2026-08-24T04:47:57.884498
HRI,Herc Holdings Inc.,52.8,⭐ AVERAGE,🟡 Average,USD,USD,False,True,True,1.0,"FCF declarado (502,875,008) se aparta del derivado de flujo operativo menos capex (10,000,000)",48.0,50.0,63.0,45.0,65.0,60.0,59.8,False,up,-36.7,True,1,-7.7,True,2,"{'eps_growth_yoy': -36.7, 'positive_quarters': 3, 'earnings_accelerating': True, 'eps_accel_quarters': 1, 'profit_margin_pct': 1.0}","{'revenue_growth_yoy': -7.7, 'revenue_accelerating': True, 'rev_accel_quarters': 2}","{'rs_3m': 23.2, 'rs_6m': -1.5, 'rs_line_percentile': 59.8, 'rs_line_at_new_high': False, 'rs_line_trend': 'up', 'rs_line_score': 60}","{'roe_pct': 2.6, 'debt_to_equity': 5.06, 'current_ratio': 1.1, 'operating_margin_pct': 12.2}","{'days_to_earnings': 'N/A', 'recommendation': 'buy', 'analyst_upside_pct': 15.2}",161.9,5412550656,Industrials,Rental & Leasing Services,8.1,3.6,True,188.35,-14.0,6,False,186.58,240.0,115.0,12.0,buy,15.2,443.73,174.1,34.34,-78.8,9.29,15.04,1.73,164.7,2.8,,False,,1.1,,64.0,2026-10-27,False,False,3,NEUTRAL,2.79,4.9,0.45,53.3,,,,2026-08-24T04:53:49.453429
RELX,RELX PLC,52.5,⭐ AVERAGE,🟡 Average,USD,GBP,True,True,True,1.0,,60.0,50.0,42.3,50.0,60.0,15.0,22.2,False,up,,,0,,,0,{'profit_margin_pct': 23.3},{},"{'rs_3m': 6.7, 'rs_6m': 8.2, 'rs_line_percentile': 22.2, 'rs_line_at_new_high': False, 'rs_line_trend': 'up', 'rs_line_score': 15}","{'roe_pct': 131.9, 'debt_to_equity': 7.1, 'current_ratio': 0.45, 'operating_margin_pct': 32.0}","{'days_to_earnings': 'N/A', 'recommendation': 'none', 'analyst_upside_pct': 47.7}",35.91,62577274880,Industrials,Specialty Business Services,0.2,1.3,False,48.43,-25.9,3,False,53.05,57.0,49.1,2.0,none,47.7,60.19,67.6,41.31,15.0,4.87,1.75,2.54,53.4,0.91,2.01,,,,12.2,171.0,2027-02-11,False,False,7,NEUTRAL,1.16,1901.3,0.68,41.3,,,,2026-08-24T04:44:50.181643
AZO,"AutoZone, Inc.",52.0,⭐ AVERAGE,🟡 Average,USD,USD,False,True,True,1.0,"FCF declarado (903,784,256) se aparta del derivado de flujo operativo menos capex (1,745,085,016)",70.0,50.0,24.0,45.0,70.0,15.0,0.0,False,down,-23.4,True,2,-22.5,True,2,"{'eps_growth_yoy': -23.4, 'positive_quarters': 4, 'earnings_accelerating': True, 'eps_accel_quarters': 2, 'profit_margin_pct': 12.4}","{'revenue_growth_yoy': -22.5, 'revenue_accelerating': True, 'rev_accel_quarters': 2}","{'rs_3m': -16.1, 'rs_6m': -35.6, 'rs_line_percentile': 0.0, 'rs_line_at_new_high': False, 'rs_line_trend': 'down', 'rs_line_score': 15}","{'current_ratio': 0.89, 'operating_margin_pct': 19.1}","{'days_to_earnings': 'N/A', 'recommendation': 'strong_buy', 'analyst_upside_pct': 33.6}",2957.95,48289583104,Consumer Cyclical,Auto Parts,3.0,2.0,False,4388.11,-32.6,0,False,3950.52,4800.0,3200.0,23.0,strong_buy,33.6,992.84,-66.4,1455.3,-50.8,1.87,55.36,,,,,True,-3.66,7.5,7.7,29.0,2026-09-22,False,False,6,NEUTRAL,5.93,35.3,2.19,29.2,,,,2026-08-24T04:48:18.427653
CHTR,"Charter Communications, Inc.",51.3,⭐ AVERAGE,🟡 Average,USD,USD,False,True,False,0.885,"acciones × precio no cuadra con la capitalización (ratio 0.8850): el dato por acción y el precio no están en la misma unidad — típico de ADR. Los ratios por acción (EPS, FCF/acción, DCF) no son utilizables | FCF declarado (2,198,374,912) se aparta del derivado de flujo operativo menos capex (4,810,9",85.0,30.0,26.7,50.0,55.0,15.0,10.9,False,up,13.6,True,1,-1.1,False,0,"{'eps_growth_yoy': 13.6, 'positive_quarters': 4, 'earnings_accelerating': True, 'eps_accel_quarters': 1, 'profit_margin_pct': 9.1}","{'revenue_growth_yoy': -1.1, 'revenue_accelerating': False, 'rev_accel_quarters': 0}","{'rs_3m': 0.5, 'rs_6m': -46.8, 'rs_line_percentile': 10.9, 'rs_line_at_new_high': False, 'rs_line_trend': 'up', 'rs_line_score': 15}","{'roe_pct': 27.2, 'debt_to_equity': 4.42, 'current_ratio': 0.36, 'operating_margin_pct': 23.5}","{'days_to_earnings': 'N/A', 'recommendation': 'hold', 'analyst_upside_pct': 22.8}",150.17,20239536128,Communication Services,Telecom Services,50.4,7.2,True,285.82,-47.5,2,False,184.41,380.0,101.0,17.0,hold,22.8,,,,,10.86,18.43,,,,,True,-23.5,2.5,6.4,67.0,2026-10-30,False,False,7,NEUTRAL,10.5,26.9,0.21,59.2,,,,2026-08-24T04:52:33.374334
NVR,"NVR, Inc.",51.1,⭐ AVERAGE,🟡 Average,USD,USD,False,True,True,1.0,,60.0,40.0,26.7,85.0,50.0,15.0,13.1,False,down,-31.0,True,1,-10.9,True,1,"{'eps_growth_yoy': -31.0, 'positive_quarters': 4, 'earnings_accelerating': True, 'eps_accel_quarters': 1, 'profit_margin_pct': 11.8}","{'revenue_growth_yoy': -10.9, 'revenue_accelerating': True, 'rev_accel_quarters': 1}","{'rs_3m': 2.4, 'rs_6m': -27.5, 'rs_line_percentile': 13.1, 'rs_line_at_new_high': False, 'rs_line_trend': 'down', 'rs_line_score': 15}","{'roe_pct': 31.5, 'debt_to_equity': 0.32, 'current_ratio': 5.67, 'operating_margin_pct': 13.9}","{'days_to_earnings': 'N/A', 'recommendation': 'hold', 'analyst_upside_pct': 6.7}",6358.51,16944538624,Consumer Cyclical,Residential Construction,6.5,3.8,False,8618.28,-26.2,0,False,6782.0,7446.0,5664.0,5.0,hold,6.7,5070.56,-20.3,3846.9,-39.5,5.42,344.6,,,,,True,-10.53,52.9,-9.0,58.0,2026-10-21,False,False,5,NEUTRAL,10.57,41.3,,29.5,,,,2026-08-24T04:52:37.423323
DVA,DaVita Inc.,51.0,⭐ AVERAGE,🟡 Average,USD,USD,False,True,True,1.0,"FCF declarado (1,042,460,032) se aparta del derivado de flujo operativo menos capex (1,617,291,072)",45.0,50.0,47.6,60.0,65.0,35.0,42.3,False,down,-0.9,False,0,1.1,False,0,"{'eps_growth_yoy': -0.9, 'positive_quarters': 4, 'earnings_accelerating': False, 'eps_accel_quarters': 0, 'profit_margin_pct': 6.0}","{'revenue_growth_yoy': 1.1, 'revenue_accelerating': False, 'rev_accel_quarters': 0}","{'rs_3m': -15.4, 'rs_6m': 2.1, 'rs_line_percentile': 42.3, 'rs_line_at_new_high': False, 'rs_line_trend': 'down', 'rs_line_score': 35}","{'roe_pct': 88.5, 'debt_to_equity': 12.42, 'current_ratio': 1.47, 'operating_margin_pct': 16.1}","{'days_to_earnings': 'N/A', 'recommendation': 'buy', 'analyst_upside_pct': 25.7}",173.82,11156636672,Healthcare,Medical Care Facilities,13.2,6.3,True,247.49,-29.8,4,False,218.43,270.0,165.0,7.0,buy,25.7,688.77,296.3,354.0,103.7,9.34,16.24,,,,,True,-14.77,3.3,39.1,65.0,2026-10-28,False,False,6,NEUTRAL,7.51,31.4,0.18,63.2,0.8,0.01,-62.4,2026-08-24T04:52:12.133451
COST,Costco Wholesale Corporation,50.5,⭐ AVERAGE,🟡 Average,USD,USD,False,True,True,1.0,"FCF declarado (6,954,375,168) se aparta del derivado de flujo operativo menos capex (9,502,000,512)",65.0,30.0,36.0,75.0,50.0,15.0,7.1,False,down,-16.0,True,2,-18.1,False,0,"{'eps_growth_yoy': -16.0, 'positive_quarters': 4, 'earnings_accelerating': True, 'eps_accel_quarters': 2, 'profit_margin_pct': 3.0}","{'revenue_growth_yoy': -18.1, 'revenue_accelerating': False, 'rev_accel_quarters': 0}","{'rs_3m': -10.6, 'rs_6m': -16.4, 'rs_line_percentile': 7.1, 'rs_line_at_new_high': False, 'rs_line_trend': 'down', 'rs_line_score': 15}","{'roe_pct': 29.2, 'debt_to_equity': 0.6, 'current_ratio': 1.07, 'operating_margin_pct': 3.7}","{'days_to_earnings': 'N/A', 'recommendation': 'none', 'analyst_upside_pct': 13.7}",947.74,420302618624,Consumer Defensive,Discount Stores,1.7,3.3,False,1096.5,-13.6,4,False,1077.31,1315.0,740.0,35.0,none,13.7,665.02,-29.8,597.0,-37.0,1.65,15.68,0.62,27.0,5.88,0.59,True,-0.21,81.5,22.8,31.0,2026-09-24,False,False,7,NEUTRAL,2.62,30.6,0.92,18.0,0.2,0.01,-17.8,2026-08-24T04:45:38.267757
BN,Brookfield Corporation,50.0,⚠️ WEAK,🔴 Weak,USD,USD,False,True,True,1.0,"FCF declarado (-1,981,124,992) se aparta del derivado de flujo operativo menos capex (-5,409,000,448)",45.0,50.0,36.0,65.0,70.0,15.0,1.1,False,down,-62.5,False,0,2.7,False,0,"{'eps_growth_yoy': -62.5, 'positive_quarters': 4, 'earnings_accelerating': False, 'eps_accel_quarters': 0, 'profit_margin_pct': 1.8}","{'revenue_growth_yoy': 2.7, 'revenue_accelerating': False, 'rev_accel_quarters': 0}","{'rs_3m': -10.9, 'rs_6m': -17.7, 'rs_line_percentile': 1.1, 'rs_line_at_new_high': False, 'rs_line_trend': 'down', 'rs_line_score': 15}","{'roe_pct': 2.3, 'debt_to_equity': 1.61, 'current_ratio': 1.01, 'operating_margin_pct': 25.7}","{'days_to_earnings': 'N/A', 'recommendation': 'buy', 'analyst_upside_pct': 30.5}",41.69,93066731520,Financial Services,Asset Management,,5.3,False,49.57,-15.9,1,False,54.4,61.0,31.0,10.0,buy,30.5,,,16.2,-61.1,-2.13,-0.89,0.67,48.2,0.28,0.87,True,-1.14,1.3,40.3,80.0,2026-11-12,False,False,6,NEUTRAL,4.56,12.9,0.18,23.4,0.8,0.03,-22.6,2026-08-24T04:53:11.371253
IT,"Gartner, Inc.",49.7,⚠️ WEAK,🔴 Weak,USD,USD,False,True,True,1.0,,50.0,30.0,62.3,65.0,50.0,35.0,37.2,False,up,-7.7,False,0,-10.4,False,0,"{'eps_growth_yoy': -7.7, 'positive_quarters': 4, 'earnings_accelerating': False, 'eps_accel_quarters': 0, 'profit_margin_pct': 12.0}","{'revenue_growth_yoy': -10.4, 'revenue_accelerating': False, 'rev_accel_quarters': 0}","{'rs_3m': 19.5, 'rs_6m': 22.3, 'rs_line_percentile': 37.2, 'rs_line_at_new_high': False, 'rs_line_trend': 'up', 'rs_line_score': 35}","{'roe_pct': 113.6, 'current_ratio': 0.88, 'operating_margin_pct': 22.6}","{'days_to_earnings': 'N/A', 'recommendation': 'hold', 'analyst_upside_pct': -5.5}",195.9,12370883584,Technology,Information Technology Services,21.6,7.4,True,265.85,-26.3,3,False,185.15,229.0,150.0,13.0,hold,-5.5,706.85,260.8,333.9,70.4,8.51,16.67,,,,,True,-19.1,6.6,13.2,71.0,2026-11-03,False,False,6,NEUTRAL,7.69,255.4,0.36,94.0,,,,2026-08-24T04:49:58.548259
TJX,"The TJX Companies, Inc.",49.5,⚠️ WEAK,🔴 Weak,USD,USD,False,True,True,1.0,"FCF declarado (4,398,750,208) se aparta del derivado de flujo operativo menos capex (6,076,999,872)",65.0,30.0,24.0,75.0,65.0,15.0,0.0,False,down,7.2,False,0,-0.5,False,0,"{'eps_growth_yoy': 7.2, 'positive_quarters': 4, 'earnings_accelerating': False, 'eps_accel_quarters': 0, 'profit_margin_pct': 9.7}","{'revenue_growth_yoy': -0.5, 'revenue_accelerating': False, 'rev_accel_quarters': 0}","{'rs_3m': -13.9, 'rs_6m': -23.1, 'rs_line_percentile': 0.0, 'rs_line_at_new_high': False, 'rs_line_trend': 'down', 'rs_line_score': 15}","{'roe_pct': 62.2, 'debt_to_equity': 1.34, 'current_ratio': 1.15, 'operating_margin_pct': 10.9}","{'days_to_earnings': 'N/A', 'recommendation': 'buy', 'analyst_upside_pct': 23.0}",140.53,155244101632,Consumer Cyclical,Apparel Retail,1.8,3.9,False,170.0,-17.3,4,False,172.8,198.0,125.0,20.0,buy,23.0,133.57,-5.0,127.44,-9.3,2.83,3.98,1.37,32.5,1.92,1.34,True,-1.62,104.7,23.6,86.0,2026-11-18,False,False,7,NEUTRAL,4.46,36.2,1.03,25.9,,,,2026-08-24T04:51:12.346142
KHC,The Kraft Heinz Company,49.0,⚠️ WEAK,🔴 Weak,USD,USD,False,True,True,1.0,,38.0,60.0,46.7,55.0,50.0,35.0,33.5,False,flat,-987.8,False,0,0.4,True,1,"{'eps_growth_yoy': -987.8, 'positive_quarters': 3, 'earnings_accelerating': False, 'eps_accel_quarters': 0, 'profit_margin_pct': -13.6}","{'revenue_growth_yoy': 0.4, 'revenue_accelerating': True, 'rev_accel_quarters': 1}","{'rs_3m': 6.5, 'rs_6m': -4.9, 'rs_line_percentile': 33.5, 'rs_line_at_new_high': False, 'rs_line_trend': 'flat', 'rs_line_score': 35}","{'roe_pct': -8.8, 'debt_to_equity': 0.53, 'current_ratio': 1.06, 'operating_margin_pct': 15.5}","{'days_to_earnings': 'N/A', 'recommendation': 'hold', 'analyst_upside_pct': -1.9}",25.58,30333370368,Consumer Defensive,Packaged Foods,10.0,6.5,True,28.09,-8.9,6,False,25.09,40.0,19.0,17.0,hold,-1.9,40.33,57.7,,,10.72,2.74,6.25,73.1,1.6,4.9,True,-0.09,6.1,,65.0,2026-10-28,False,False,5,NEUTRAL,-9.62,-51.9,6.32,37.9,,,,2026-08-24T04:52:16.226890
WMT,Walmart Inc.,48.5,⚠️ WEAK,🔴 Weak,USD,USD,False,True,True,1.0,"FCF declarado (8,984,500,224) se aparta del derivado de flujo operativo menos capex (16,280,999,808)",55.0,50.0,24.0,55.0,65.0,15.0,0.0,False,down,-24.1,True,1,0.2,False,0,"{'eps_growth_yoy': -24.1, 'positive_quarters': 4, 'earnings_accelerating': True, 'eps_accel_quarters': 1, 'profit_margin_pct': 3.0}","{'revenue_growth_yoy': 0.2, 'revenue_accelerating': False, 'rev_accel_quarters': 0}","{'rs_3m': -16.5, 'rs_6m': -29.9, 'rs_line_percentile': 0.0, 'rs_line_at_new_high': False, 'rs_line_trend': 'down', 'rs_line_score': 15}","{'roe_pct': 22.3, 'debt_to_equity': 0.7, 'current_ratio': 0.77, 'operating_margin_pct': 5.0}","{'days_to_earnings': 'N/A', 'recommendation': 'buy', 'analyst_upside_pct': 23.8}",103.7,825252773888,Consumer Defensive,Discount Stores,1.6,3.2,False,135.16,-23.3,3,False,128.43,155.0,81.0,40.0,buy,23.8,16.61,-84.0,27.6,-73.4,1.09,1.13,0.95,35.0,0.99,1.26,True,-0.68,11.7,-9.1,87.0,2026-11-19,False,False,7,NEUTRAL,3.61,20.6,,37.0,0.4,0.01,-36.6,2026-08-24T04:47:34.055701
CL,Colgate-Palmolive Company,48.5,⚠️ WEAK,🔴 Weak,USD,USD,False,True,True,1.0,,38.0,50.0,44.0,65.0,60.0,35.0,29.5,False,flat,-5.7,False,0,4.5,False,0,"{'eps_growth_yoy': -5.7, 'positive_quarters': 3, 'earnings_accelerating': False, 'eps_accel_quarters': 0, 'profit_margin_pct': 9.7}","{'revenue_growth_yoy': 4.5, 'revenue_accelerating': False, 'rev_accel_quarters': 0}","{'rs_3m': -1.9, 'rs_6m': -17.9, 'rs_line_percentile': 29.5, 'rs_line_at_new_high': False, 'rs_line_trend': 'flat', 'rs_line_score': 35}","{'roe_pct': 267.4, 'debt_to_equity': 13.88, 'current_ratio': 1.03, 'operating_margin_pct': 21.0}","{'days_to_earnings': 'N/A', 'recommendation': 'buy', 'analyst_upside_pct': 8.6}",91.08,72606498816,Consumer Defensive,Household & Personal Products,2.5,4.0,False,99.33,-8.3,5,False,98.95,110.0,87.0,20.0,buy,8.6,63.83,-29.9,25.4,-72.1,4.76,4.34,2.33,82.3,2.12,2.32,True,-1.78,12.5,-3.8,67.0,2026-10-30,False,False,5,NEUTRAL,4.19,71.4,,20.1,,,,2026-08-24T04:50:35.662718
CLPBY,Coloplast A/S,47.7,⚠️ WEAK,🔴 Weak,USD,DKK,True,True,False,0.9201,"acciones × precio no cuadra con la capitalización (ratio 0.9201): el dato por acción y el precio no están en la misma unidad — típico de ADR. Los ratios por acción (EPS, FCF/acción, DCF) no son utilizables | FCF declarado (1,198,257,847) se aparta del derivado de flujo operativo menos capex (-146,80",38.0,50.0,26.7,80.0,65.0,15.0,17.6,False,up,-206.5,False,0,2.2,False,0,"{'eps_growth_yoy': -206.5, 'positive_quarters': 3, 'earnings_accelerating': False, 'eps_accel_quarters': 0, 'profit_margin_pct': 9.7}","{'revenue_growth_yoy': 2.2, 'revenue_accelerating': False, 'rev_accel_quarters': 0}","{'rs_3m': 6.1, 'rs_6m': -20.6, 'rs_line_percentile': 17.6, 'rs_line_at_new_high': False, 'rs_line_trend': 'up', 'rs_line_score': 15}","{'roe_pct': 18.5, 'debt_to_equity': 1.78, 'current_ratio': 1.56, 'operating_margin_pct': 26.2}","{'days_to_earnings': 'N/A', 'recommendation': 'buy', 'analyst_upside_pct': 20.9}",6.88,15505328128,Healthcare,Medical Instruments & Supplies,,,False,10.03,-31.4,1,False,8.32,12.2,6.7,4.0,buy,20.9,,,,,7.73,0.58,5.23,187.0,0.36,2.72,False,,3.9,32.7,,,False,False,7,NEUTRAL,18.69,105.6,0.2,33.6,,,,2026-08-24T04:47:50.203316
LEN,Lennar Corporation,46.8,⚠️ WEAK,🔴 Weak,USD,USD,False,True,False,0.8738,"acciones × precio no cuadra con la capitalización (ratio 0.8738): el dato por acción y el precio no están en la misma unidad — típico de ADR. Los ratios por acción (EPS, FCF/acción, DCF) no son utilizables | FCF declarado (1,077,926,016) se aparta del derivado de flujo operativo menos capex (694,361",55.0,40.0,24.0,70.0,50.0,15.0,4.0,False,down,-48.4,True,1,-9.9,True,1,"{'eps_growth_yoy': -48.4, 'positive_quarters': 4, 'earnings_accelerating': True, 'eps_accel_quarters': 1, 'profit_margin_pct': 4.9}","{'revenue_growth_yoy': -9.9, 'revenue_accelerating': True, 'rev_accel_quarters': 1}","{'rs_3m': -4.4, 'rs_6m': -37.1, 'rs_line_percentile': 4.0, 'rs_line_at_new_high': False, 'rs_line_trend': 'down', 'rs_line_score': 15}","{'roe_pct': 7.4, 'debt_to_equity': 0.29, 'current_ratio': 8.51, 'operating_margin_pct': 5.3}","{'days_to_earnings': 'N/A', 'recommendation': 'hold', 'analyst_upside_pct': -0.9}",87.02,20962693120,Consumer Cyclical,Residential Construction,0.3,0.2,False,144.24,-39.7,1,False,86.23,120.0,67.0,13.0,hold,-0.9,,,,,5.14,5.12,2.3,31.4,2.0,1.48,True,-5.96,,-12.6,24.0,2026-09-17,False,False,4,NEUTRAL,10.79,11.2,,40.0,,,,2026-08-24T04:53:07.020077
ESLOY,EssilorLuxottica Société anonyme,46.5,⚠️ WEAK,🔴 Weak,USD,EUR,True,True,True,1.0,,50.0,50.0,24.0,55.0,60.0,15.0,3.0,False,down,,,0,,,0,{'profit_margin_pct': 8.5},{},"{'rs_3m': -8.4, 'rs_6m': -42.8, 'rs_line_percentile': 3.0, 'rs_line_at_new_high': False, 'rs_line_trend': 'down', 'rs_line_score': 15}","{'roe_pct': 6.7, 'debt_to_equity': 0.38, 'current_ratio': 0.89, 'operating_margin_pct': 15.4}","{'days_to_earnings': 'N/A', 'recommendation': 'none', 'analyst_upside_pct': 50.8}",95.13,87441891328,Healthcare,Medical Instruments & Supplies,,,False,186.81,-49.1,0,False,143.5,148.0,139.0,2.0,none,50.8,90.38,-5.0,38.38,-59.7,4.39,4.18,2.44,74.3,2.32,1.55,,,,6.2,,,False,False,4,NEUTRAL,3.46,34.6,1.74,29.5,,,,2026-08-24T04:51:08.003471
PG,The Procter & Gamble Company,46.3,⚠️ WEAK,🔴 Weak,USD,USD,False,True,True,1.0,,50.0,40.0,24.0,70.0,60.0,15.0,8.4,False,down,-35.9,False,0,-5.3,True,1,"{'eps_growth_yoy': -35.9, 'positive_quarters': 4, 'earnings_accelerating': False, 'eps_accel_quarters': 0, 'profit_margin_pct': 18.4}","{'revenue_growth_yoy': -5.3, 'revenue_accelerating': True, 'rev_accel_quarters': 1}","{'rs_3m': -2.0, 'rs_6m': -23.9, 'rs_line_percentile': 8.4, 'rs_line_at_new_high': False, 'rs_line_trend': 'down', 'rs_line_score': 15}","{'roe_pct': 30.3, 'debt_to_equity': 0.64, 'current_ratio': 0.68, 'operating_margin_pct': 22.1}","{'days_to_earnings': 'N/A', 'recommendation': 'buy', 'analyst_upside_pct': 11.0}",144.68,336901701632,Consumer Defensive,Household & Personal Products,1.2,3.1,False,167.25,-13.5,2,False,160.57,186.0,143.0,23.0,buy,11.0,83.92,-42.0,66.3,-54.2,3.94,5.7,3.01,64.3,4.35,2.49,True,-1.49,24.3,-10.8,59.0,2026-10-22,False,False,6,NEUTRAL,5.87,83.8,,15.4,0.4,0.03,-15.0,2026-08-24T04:46:52.775838
TEVA,Teva Pharmaceutical Industries Limited,44.1,⚠️ WEAK,🔴 Weak,USD,USD,False,True,True,1.0,"FCF declarado (2,219,875,072) se aparta del derivado de flujo operativo menos capex (1,397,000,000)",38.0,40.0,64.7,25.0,60.0,80.0,83.6,False,up,-233.0,False,0,-7.5,True,1,"{'eps_growth_yoy': -233.0, 'positive_quarters': 3, 'earnings_accelerating': False, 'eps_accel_quarters': 0, 'profit_margin_pct': 4.1}","{'revenue_growth_yoy': -7.5, 'revenue_accelerating': True, 'rev_accel_quarters': 1}","{'rs_3m': 6.6, 'rs_6m': -2.7, 'rs_line_percentile': 83.6, 'rs_line_at_new_high': False, 'rs_line_trend': 'up', 'rs_line_score': 80}","{'roe_pct': 9.7, 'debt_to_equity': 2.18, 'current_ratio': 0.88, 'operating_margin_pct': 4.0}","{'days_to_earnings': 'N/A', 'recommendation': 'strong_buy', 'analyst_upside_pct': 10.9}",37.34,43512156160,Healthcare,Drug Manufacturers - Specialty & Generic,3.0,6.2,False,37.83,-1.3,8,True,41.4,50.0,33.0,10.0,strong_buy,10.9,28.03,-24.9,6.0,-83.9,5.1,1.9,,,,2.95,False,,1.8,,72.0,2026-11-04,False,False,8,STRONG,3.77,43.5,0.28,37.5,,,,2026-08-24T04:53:28.579351
GPK,Graphic Packaging Holding Company,43.6,⚠️ WEAK,🔴 Weak,USD,USD,False,True,True,1.0,"FCF declarado (237,875,008) se aparta del derivado de flujo operativo menos capex (-129,000,000)",48.0,30.0,42.3,55.0,50.0,15.0,12.4,False,up,-83.1,True,1,-0.1,False,0,"{'eps_growth_yoy': -83.1, 'positive_quarters': 3, 'earnings_accelerating': True, 'eps_accel_quarters': 1, 'profit_margin_pct': 2.2}","{'revenue_growth_yoy': -0.1, 'revenue_accelerating': False, 'rev_accel_quarters': 0}","{'rs_3m': 15.9, 'rs_6m': -11.8, 'rs_line_percentile': 12.4, 'rs_line_at_new_high': False, 'rs_line_trend': 'up', 'rs_line_score': 15}","{'roe_pct': 6.0, 'debt_to_equity': 1.76, 'current_ratio': 1.38, 'operating_margin_pct': 4.5}","{'days_to_earnings': 'N/A', 'recommendation': 'hold', 'analyst_upside_pct': 5.2}",11.96,3538813184,Consumer Cyclical,Packaging & Containers,8.3,4.6,True,23.06,-48.1,2,False,12.58,18.0,10.0,11.0,hold,5.2,11.83,-1.1,6.5,-45.7,6.72,0.8,3.68,67.7,0.44,1.79,True,-2.09,2.0,-30.6,77.0,2026-11-09,False,False,5,NEUTRAL,8.87,12.6,,45.3,6.3,0.14,-39.0,2026-08-24T04:53:40.780454
KD,"Kyndryl Holdings, Inc.",34.8,⚠️ WEAK,🔴 Weak,USD,USD,False,True,True,1.0,"FCF declarado (2,652,624,896) se aparta del derivado de flujo operativo menos capex (154,000,000)",38.0,30.0,36.0,25.0,50.0,15.0,5.7,False,up,-180.9,False,0,-2.8,False,0,"{'eps_growth_yoy': -180.9, 'positive_quarters': 3, 'earnings_accelerating': False, 'eps_accel_quarters': 0, 'profit_margin_pct': 0.6}","{'revenue_growth_yoy': -2.8, 'revenue_accelerating': False, 'rev_accel_quarters': 0}","{'rs_3m': -0.8, 'rs_6m': -2.8, 'rs_line_percentile': 5.7, 'rs_line_at_new_high': False, 'rs_line_trend': 'up', 'rs_line_score': 15}","{'roe_pct': 6.9, 'debt_to_equity': 4.22, 'current_ratio': 0.85, 'operating_margin_pct': 2.9}","{'days_to_earnings': 'N/A', 'recommendation': 'hold', 'analyst_upside_pct': 13.1}",12.55,2733619200,Technology,Information Technology Services,13.7,7.2,True,33.9,-63.0,1,False,14.2,16.0,13.0,5.0,hold,13.1,179.19,1327.8,3.7,-70.5,97.04,12.18,,,,,True,-12.66,3.4,,71.0,2026-11-03,False,False,6,NEUTRAL,8.89,14.9,0.15,59.8,3.1,0.05,-56.7,2026-08-24T04:54:01.957003
