ticker,vcp_score,vcp_quality,stage,consolidation_quality,ml_score,company_name,fundamental_score,sector,industry,earnings_quality_score,growth_acceleration_score,relative_strength_score,financial_health_score,catalyst_timing_score,current_price,market_cap,rs_line_score,rs_line_percentile,rs_line_at_new_high,rs_line_trend,eps_growth_yoy,eps_accelerating,eps_accel_quarters,rev_growth_yoy,rev_accelerating,rev_accel_quarters,short_percent_float,short_ratio,short_squeeze_potential,fifty_two_week_high,proximity_to_52w_high,trend_template_score,trend_template_pass,dist_ma50_pct,health_details,earnings_details,sin_score_motivo,target_price_analyst,target_price_analyst_high,target_price_analyst_low,analyst_count,analyst_recommendation,analyst_upside_pct,target_price_dcf,target_price_dcf_upside_pct,target_price_pe,target_price_pe_upside_pct,pe_ancla,pe_ancla_n,pe_ancla_dispersion,pe_ancla_fragil,pe_ancla_excluidos,pe_sin_ancla_motivo,pe_eps_usado,pe_eps_motivo,dcf_no_aplicable,ai_descartados,per_share_no_fiable,acciones_efectivas,shares_change_es_gasto,dividend_rate,fcf_yield_pct,fcf_per_share,dividend_yield_pct,payout_ratio_pct,five_yr_avg_dividend_yield_pct,buyback_active,shares_change_pct,interest_coverage,interest_coverage_base,interest_coverage_ebit,analyst_revision_momentum,days_to_earnings,earnings_date,earnings_warning,earnings_fecha_conocida,earnings_catalyst,piotroski_score,piotroski_label,piotroski_evaluables,piotroski_motivo,ebit_ev_yield,roic_greenblatt,peg_ratio,sentiment,put_call_ratio,flow_score,unusual_calls,unusual_puts,super_score_ultimate,vcp_contribution,ml_contribution,fundamental_contribution,score_timestamp,data_as_of_date,market_regime,market_recommendation,ma_filter_pass,ma_filter_score,ma_filter_reason,ad_signal,ad_score,ad_reason,float_category,shares_outstanding_millions,filter_penalty,super_score_before_filters,rs_line_score_fund,rs_line_at_new_high_fund,rs_line_trend_fund,rs_line_percentile_fund,rs_line_bonus,eps_accelerating_fund2,eps_accel_quarters_fund2,rev_accelerating_fund2,rev_accel_quarters_fund2,canslim_a_bonus,industry_group_rank,industry_group_total,industry_group_percentile,industry_group_label,industry_group_rs,industry_bonus,short_bonus,proximity_bonus,trend_bonus,options_bonus,institutional_bonus,insider_bonus,profitability_penalty,negative_roe,filters_passed,value_score,sector_bonus,fcf_bonus,dividend_bonus,buyback_bonus,revision_bonus,target_change_7d_pct,target_change_30d_pct,upgrade_days_14d,downgrade_days_14d,target_revision_bonus,modelos_dispersion_pts,modelos_acuerdo,upside_triangulated_pct,upside_divergence_pts,upside_divergence,upside_requiere_verificacion,risk_reward_ratio,piotroski_bonus,magic_formula_rank,hedge_fund_count,hedge_fund_names,oe_ai_adjustment,oe_ai_verdict,cerebro_signal,cerebro_score_adj,days_in_list,ml_win_probability,ml_win_label,momentum_score,tier,quality,validation_status,validation_score,validation_reason,price_vs_ath,recent_news_sentiment,analyst_consensus,valuation_concern,why_cheap,why_cheap_resumen,why_cheap_fuentes,is_stage2,ma_score,atr_ratio,volume_dryup,pct_from_52w_high,pct_from_52w_low,relative_strength_6m,trend_direction,tech_stage,entry_readiness,entry_readiness_reason,tasa_base_frase,tasa_base_n,tasa_base_caida_mediana_pct,tasa_base_caida_peor_pct,tasa_base_arriba_pct,tasa_base_bimodal,soporte_frase,soporte_nivel,soporte_distancia_pct,soporte_dias,soporte_aguanto,soporte_roto,soporte_antiguo
RMD,74.75238095238095,Excellent,Stage 2 Early,15.958149303048732,44.2,ResMed Inc.,67.1,Healthcare,Medical Instruments & Supplies,75.0,60.0,50.3,90.0,60.0,224.99,32455325696.0,35.0,29.7,False,up,1.0,False,0.0,8.6,True,1.0,10.4,8.3,True,284.87,-21.0,2.0,False,3.2,"{'roe_pct': 24.3, 'debt_to_equity': 0.13, 'current_ratio': 3.1, 'operating_margin_pct': 30.9}","{'eps_growth_yoy': 1.0, 'op_growth_yoy': -1.7, 'crecimiento_respaldado': True, 'positive_quarters': 4, 'earnings_accelerating': False, 'eps_accel_quarters': 0, 'profit_margin_pct': 26.9, 'score_bruto_sin_capar': 75.0, 'satura': False}",,247.56,320.0,175.0,16.0,buy,10.0,220.04,-2.2,,,,,,,,sin histórico de múltiplo (beneficio negativo o pocos años),reportado,,,,,,,2.64,5.02,11.29,1.17,23.0,0.88,True,-1.4,,,,1.7,38.0,2026-10-29,False,True,False,7.0,NEUTRAL,9.0,,6.0,52.1,7.08,,,,,,35.3,29.9,13.3,20.1,2026-09-21 05:04:11,2026-09-21,CONFIRMED_UPTREND,TRADE,False,16,Price below 150/200 MA - weak trend,DISTRIBUTION,35,"Moderate distribution (0.8x ratio, 44% up volume)",HIGH_FLOAT,143.4,27.0,63.3,35.0,False,up,29.7,2.0,False,0.0,True,1.0,2.0,12.0,32.0,65.6,Medio,29.5,0.0,0.0,0.0,-5.0,0.0,0.0,0.0,0.0,False,1/3,79.65,0.0,6.0,0.0,3.0,1.0,0.46,0.46,0.0,0.0,0.0,,,3.9,12.2,,False,1.25,5.0,45.0,0,,0,UNRELIABLE/INSUFFICIENT (0),BEST,14.0,3,0.442,BAJA,36.58619047619048,⭐⭐ STRONG,🟢 Elite,,,,,,,,EVENTO,"Caída derivada del recall de Astral (FDA) anunciado en Q4 2026 (agosto): $42M de cargo y $75M de headwind de revenue en FY2027 al suspender ventas nuevas. Negocio base sigue sólido (9% revenue growth, 16% EPS growth en FY2026) y el cargo ya está incorporado en guidance.",https://www.etoro.com/markets/rmd | https://www.investing.com/equities/resmed-inc | https://investor.resmed.com/ | https://robinhood.com/us/en/stocks/RMD/,False,2,0.861,False,-20.18,25.17,-17.9,sideways,stage4,ESPERAR,En caída (bajo MA200 descendente) — espera a que haga suelo,"las 12 veces anteriores (RSI normal, bajo su MA200 que baja) o paró casi donde estaba o se desplomó hasta -39% — sin término medio; al año el 67% estaba en positivo (mediana +21%).",12,-9.9,-39.4,67.0,True,"soporte vivo más cercano en 222.95 (-0.9%), puesto a prueba hace 14 días; aguantó 9 y se rompió 2",222.95,-0.9,14.0,9.0,2.0,False
BR,0.0,,,,33.5,"Broadridge Financial Solutions, Inc.",60.6,Technology,Information Technology Services,80.0,50.0,30.3,80.0,60.0,163.13,18600376320.0,15.0,18.1,False,up,6.4,True,1.0,7.5,False,0.0,2.9,2.2,False,242.26,-32.7,0.0,False,-1.0,"{'roe_pct': 40.9, 'debt_to_equity': 1.24, 'current_ratio': 1.24, 'operating_margin_pct': 24.6}","{'eps_growth_yoy': 6.4, 'op_growth_yoy': 9.5, 'crecimiento_respaldado': True, 'positive_quarters': 4, 'earnings_accelerating': True, 'eps_accel_quarters': 1, 'profit_margin_pct': 15.0, 'score_bruto_sin_capar': 80.0, 'satura': False}",,213.38,250.0,176.0,8.0,none,30.8,209.46,28.4,295.9,81.4,múltiplo propio,4.0,0.62,False,,,reportado,,,,,,,4.36,6.63,10.82,2.67,40.6,1.69,True,-2.28,11.6,Operating Income,13.9,4.2,43.0,2026-11-03,False,True,False,8.0,STRONG,9.0,,5.99,176.7,1.68,BULLISH,0.0,60.0,2.0,0.0,12.2,0.0,10.0,18.2,2026-09-21 05:04:11,2026-09-21,CONFIRMED_UPTREND,TRADE,False,0,Price below 150/200 MA - weak trend,ACCUMULATION,60,"Moderate accumulation (1.1x ratio, 51% up volume)",HIGH_FLOAT,113.5,20.0,28.2,15.0,False,up,18.1,2.0,True,1.0,False,0.0,2.0,17.0,32.0,50.0,Medio,21.9,0.0,0.0,0.0,-5.0,5.0,0.0,0.0,0.0,False,2/3,72.91499999999999,5.0,6.0,3.0,3.0,1.0,0.0,0.06,0.0,0.0,0.0,53.0,DISPERSOS,30.8,-24.1,,True,3.85,10.0,6.0,0,,0,UNRELIABLE/INSUFFICIENT (0),BEST,14.0,47,0.3347,BAJA,0.0,⭐⭐ STRONG,🟢 Excellent,,,,,,,,SIN_DATOS,,,False,1,0.899,False,-32.62,22.64,-23.26,downtrend,stage4,ESPERAR,En caída (bajo MA200 descendente) — espera a que haga suelo,"las 5 veces anteriores (sobrevendido (RSI<25), bajo su MA200 que baja) o paró casi donde estaba o se desplomó hasta -16% — sin término medio; al año el 100% estaba en positivo (mediana +39%).",5,-4.9,-16.4,100.0,True,"soporte vivo más cercano en 160.73 (-1.5%), puesto a prueba hace 0 días; aguantó 2 y se rompió 1",160.73,-1.5,0.0,2.0,1.0,False
CBOE,61.400000000000006,Excellent,Stage Unknown,27.11734691997296,33.5,"Cboe Global Markets, Inc.",79.9,Financial Services,Financial Data & Stock Exchanges,100.0,90.0,34.7,100.0,55.0,272.86,28495044608.0,35.0,25.0,False,flat,50.2,False,0.0,22.9,True,2.0,3.0,2.9,False,371.18,-26.5,2.0,False,-5.6,"{'roe_pct': 26.3, 'debt_to_equity': 0.28, 'current_ratio': 1.56, 'operating_margin_pct': 34.6}","{'eps_growth_yoy': 50.2, 'op_growth_yoy': 33.6, 'crecimiento_respaldado': True, 'positive_quarters': 4, 'earnings_accelerating': False, 'eps_accel_quarters': 0, 'profit_margin_pct': 26.7, 'score_bruto_sin_capar': 105.0, 'satura': True}",,315.64,356.0,258.0,14.0,hold,15.7,402.47,47.5,326.19,19.5,múltiplo propio,4.0,1.22,True,,,reportado,,,,,,,3.44,6.64,18.12,1.26,22.4,1.29,False,-0.19,33.6,Operating Income,36.6,20.1,39.0,2026-10-30,False,True,False,8.0,STRONG,9.0,,5.46,65.7,0.36,,,,,,38.6,24.6,10.0,24.0,2026-09-21 05:04:11,2026-09-21,CONFIRMED_UPTREND,TRADE,False,33,Price below 150/200 MA - weak trend,ACCUMULATION,60,"Moderate accumulation (1.0x ratio, 50% up volume)",HIGH_FLOAT,104.0,20.0,58.6,35.0,False,flat,25.0,0.0,False,0.0,True,2.0,2.0,9.0,32.0,75.0,Top 25%,35.5,3.0,0.0,0.0,-5.0,0.0,0.0,0.0,0.0,False,2/3,62.63499999999999,0.0,6.0,0.0,0.0,5.0,0.0,0.16,0.0,0.0,0.0,28.0,DISPERSOS,19.5,-17.8,,False,1.96,10.0,40.0,0,,-8,RELIABLE/AVOID (-8),WATCH,3.0,47,0.3347,BAJA,31.190000000000005,⭐⭐ STRONG,🟢 Excellent,,,,,,,,SIN_DATOS,,,False,1,0.897,False,-26.13,20.46,-21.47,sideways,stage4_ma_alcista,ESPERAR,"Ha perdido la MA200, aunque la media sigue subiendo — corrección dentro de tendencia, espera a que la recupere","las 16 veces anteriores (RSI normal, bajo su MA200 que sube) cayó otro 4% de mediana (peor caso -34%); al año el 88% estaba en positivo (mediana +22%).",16,-3.8,-33.5,88.0,False,"soporte vivo más cercano en 270.53 (-0.9%), puesto a prueba hace 3 días; aguantó 5 y se rompió 1",270.53,-0.9,3.0,5.0,1.0,False
LMT,0.0,,,,23.9,Lockheed Martin Corporation,68.3,Industrials,Aerospace & Defense,100.0,70.0,26.7,60.0,65.0,533.38,123099168768.0,15.0,16.8,False,flat,436.8,True,2.0,10.5,True,1.0,1.4,2.7,False,692.0,-22.9,3.0,False,-3.7,"{'roe_pct': 89.2, 'debt_to_equity': 2.34, 'current_ratio': 1.19, 'operating_margin_pct': 12.0}","{'eps_growth_yoy': 436.8, 'op_growth_yoy': 231.4, 'crecimiento_respaldado': False, 'crecimiento_puntuado': 256.4, 'positive_quarters': 4, 'earnings_accelerating': True, 'eps_accel_quarters': 2, 'profit_margin_pct': 8.2, 'score_bruto_sin_capar': 115.0, 'satura': True}",,640.22,756.0,503.0,18.0,buy,20.0,812.11,52.3,557.07,4.4,múltiplo propio,4.0,0.33,False,,,reportado,,,,,,,13.8,7.11,37.92,2.59,50.3,2.63,True,-1.37,8.2,Operating Income,7.7,310.7,29.0,2026-10-20,False,True,False,6.0,NEUTRAL,9.0,,5.53,70.9,0.04,,,,,,15.7,0.0,7.2,20.5,2026-09-21 05:04:11,2026-09-21,CONFIRMED_UPTREND,TRADE,False,50,Price below 150/200 MA - weak trend,ACCUMULATION,60,"Moderate accumulation (1.1x ratio, 52% up volume)",HIGH_FLOAT,197.4,20.0,27.7,15.0,False,flat,16.8,0.0,True,2.0,True,1.0,8.0,22.0,32.0,34.4,Bajo 50%,16.0,0.0,0.0,0.0,0.0,0.0,0.0,0.0,0.0,False,2/3,67.315,0.0,6.0,3.0,3.0,5.0,0.0,0.0,0.0,0.0,0.0,47.9,DISPERSOS,20.0,-8.3,,False,2.5,2.0,36.0,0,,0,UNRELIABLE/INSUFFICIENT (0),BEST,5.0,3,0.2386,BAJA,6.829999999999999,⭐ GOOD,🟢 Excellent,,,,,,,,SIN_DATOS,,,False,1,0.871,False,-21.94,24.19,-31.94,sideways,stage4_ma_alcista,ESPERAR,"Ha perdido la MA200, aunque la media sigue subiendo — corrección dentro de tendencia, espera a que la recupere","las 19 veces anteriores (RSI normal, bajo su MA200 que sube) cayó otro 9% de mediana (peor caso -25%); al año el 89% estaba en positivo (mediana +20%).",19,-9.2,-24.6,89.0,False,"soporte vivo más cercano en 516.93 (-3.1%), puesto a prueba hace 1 días; aguantó 4 y se rompió 4",516.93,-3.1,1.0,4.0,4.0,False
GOOG,77.84615384615384,Excellent,Stage 2 Early,15.88352965668033,40.2,Alphabet Inc.,75.8,Communication Services,Internet Content & Information,85.0,80.0,44.0,100.0,65.0,344.41,4212111966208.0,35.0,49.5,False,down,297.9,False,0.0,24.2,True,1.0,,2.6,False,404.47,-14.8,7.0,True,0.3,"{'roe_pct': 48.7, 'debt_to_equity': 0.19, 'current_ratio': 2.72, 'operating_margin_pct': 34.0}","{'eps_growth_yoy': 297.9, 'op_growth_yoy': 30.4, 'crecimiento_respaldado': False, 'crecimiento_puntuado': 55.4, 'positive_quarters': 4, 'earnings_accelerating': False, 'eps_accel_quarters': 0, 'profit_margin_pct': 54.8, 'score_bruto_sin_capar': 105.0, 'satura': True}",,422.34,475.0,340.0,15.0,strong_buy,22.6,134.72,-60.9,474.63,37.8,múltiplo propio,4.0,0.41,False,,,reportado,,,,,12229935153.0,,0.88,2.24,7.71,0.26,4.3,,False,0.91,65.6,Operating Income,133.9,294.0,37.0,2026-10-28,False,True,False,6.0,NEUTRAL,9.0,,3.14,35.3,0.08,,,,,,75.9,31.1,12.1,22.7,2026-09-21 05:04:11,2026-09-21,CONFIRMED_UPTREND,TRADE,True,100,Passes Minervini Template (6/6 criteria),NEUTRAL,40,"No clear pattern (1.0x ratio, 49% up volume)",MEGA_FLOAT,10879.4,5.0,65.9,35.0,False,down,49.5,0.0,False,0.0,True,1.0,2.0,6.0,32.0,84.4,Top 25%,42.2,3.0,0.0,3.0,7.0,0.0,0.0,0.0,0.0,False,2/3,60.08,5.0,0.0,0.0,0.0,5.0,0.0,0.0,0.0,0.0,0.0,98.7,CONTRADICEN,,83.5,ALTA,False,2.82,2.0,138.0,2,Berkshire Hathaway (Buffett) | Pershing Square (Ackman),-5,MIXED/AVOID (-5),CAUTION,-3.0,3,0.4016,BAJA,66.00307692307692,⭐ GOOD,🟢 Excellent,HOLD,65.0,Close to ATH (-14.8% from high) - wait for pullback | Strong upside (+22.6%) - analyst support,-14.8,NEUTRAL,STRONG_BUY,False,SIN_DATOS,,,True,3,0.846,False,-14.74,45.89,-2.62,uptrend,stage2,ENTRADA,Stage 2: sobre MA200 ascendente sin sobreextensión — suelo confirmado,"las 48 veces anteriores (RSI normal, sobre su MA200 que sube) cayó otro 7% de mediana (peor caso -42%); al año el 79% estaba en positivo (mediana +24%).",48,-6.6,-42.5,79.0,False,"soporte vivo más cercano en 342.16 (-0.7%), puesto a prueba hace 38 días; aguantó 2 y se rompió 2",342.16,-0.7,38.0,2.0,2.0,False
ADSK,0.0,,,,36.1,"Autodesk, Inc.",70.3,Technology,Software - Application,100.0,70.0,30.3,65.0,70.0,216.95,45342547968.0,15.0,13.2,False,up,57.2,False,0.0,16.1,True,1.0,4.5,4.5,False,326.47,-33.5,0.0,False,-7.0,"{'roe_pct': 53.9, 'debt_to_equity': 1.1, 'current_ratio': 0.85, 'operating_margin_pct': 29.2}","{'eps_growth_yoy': 57.2, 'op_growth_yoy': 32.9, 'crecimiento_respaldado': True, 'positive_quarters': 4, 'earnings_accelerating': False, 'eps_accel_quarters': 0, 'profit_margin_pct': 21.1, 'score_bruto_sin_capar': 105.0, 'satura': True}",,312.87,456.0,215.0,35.0,buy,44.2,226.12,4.2,,,,,,,,múltiplo propio 59x fuera del rango 8-45,reportado,,,,,,,,6.22,13.49,,,0.48,True,-1.86,,,,59.6,67.0,2026-11-27,False,True,False,7.0,NEUTRAL,9.0,,4.0,645.3,0.26,,,,,,7.899999999999999,0.0,10.8,21.1,2026-09-21 05:04:11,2026-09-21,CONFIRMED_UPTREND,TRADE,False,0,Price below 150/200 MA - weak trend,ACCUMULATION,60,"Moderate accumulation (1.0x ratio, 50% up volume)",MEGA_FLOAT,208.4,23.0,31.9,15.0,False,up,13.2,2.0,False,0.0,True,1.0,2.0,16.0,32.0,53.1,Medio,24.0,0.0,0.0,0.0,-5.0,0.0,0.0,0.0,0.0,False,2/3,64.925,5.0,6.0,0.0,3.0,5.0,0.0,0.0,0.0,0.0,0.0,,,24.2,40.0,ALTA,True,5.52,5.0,26.0,0,,0,UNRELIABLE/INSUFFICIENT (0),BEST,8.0,2,0.3613,BAJA,0.0,⭐ GOOD,🟡 Good,,,,,,,,SENTIMIENTO,"Autodesk ha caído ~33% en 12 meses a pesar de resultados sólidos: 3 trimestres consecutivos superando EPS, revenue creciendo 16-18% YoY, free cash flow +54% en FY26, y guidance elevada. La caída refleja rotación sector software y compresión de múltiplos tras máximos, no deterioro operativo.",https://www.tikr.com/es/blog/autodesk-stock-is-down-17-ytd-what-the-numbers-say-about-2026 | https://www.sec.gov/Archives/edgar/data/0000769397/000119312526387877/d103766d8k.htm | https://simplywall.st/es/stocks/us/software/nasdaq-adsk/autodesk/news/las-acciones-de-autodesk-adsk-podrian-estar-infravaloradas-e/amp | https://simplywall.st/es/stocks/us/software/nasdaq-adsk/autodesk/news/sigue-siendo-,False,1,1.009,False,-33.6,16.95,-30.55,downtrend,stage4,ESPERAR,En caída (bajo MA200 descendente) — espera a que haga suelo,"las 15 veces anteriores (RSI normal, bajo su MA200 que baja) cayó otro 9% de mediana (peor caso -41%); al año el 73% estaba en positivo (mediana +18%).",15,-8.6,-40.6,73.0,False,"soporte vivo más cercano en 215.04 (-0.9%), puesto a prueba hace 1 días; aguantó 4 y se rompió 2",215.04,-0.9,1.0,4.0,2.0,False
GGG,0.0,,,,48.2,Graco Inc.,68.0,Industrials,Specialty Industrial Machinery,95.0,60.0,24.0,95.0,55.0,76.26,12350599168.0,15.0,7.0,False,up,13.6,True,1.0,3.3,True,1.0,5.1,2.8,False,95.69,-20.3,1.0,False,-3.0,"{'roe_pct': 21.2, 'debt_to_equity': 0.02, 'current_ratio': 2.99, 'operating_margin_pct': 29.7}","{'eps_growth_yoy': 13.6, 'op_growth_yoy': 11.2, 'crecimiento_respaldado': True, 'positive_quarters': 4, 'earnings_accelerating': True, 'eps_accel_quarters': 1, 'profit_margin_pct': 23.5, 'score_bruto_sin_capar': 95.0, 'satura': False}",,91.29,100.0,84.0,7.0,hold,19.7,65.74,-13.8,87.06,14.2,múltiplo propio,4.0,0.19,False,,,reportado,,,,,,,1.18,5.08,3.87,1.55,35.8,1.19,True,-1.68,194.7,Operating Income,205.3,5.8,30.0,2026-10-21,False,True,False,6.0,NEUTRAL,9.0,,5.13,34.2,1.5,,,,,,9.9,0.0,14.5,20.4,2026-09-21 05:04:11,2026-09-21,CONFIRMED_UPTREND,TRADE,False,16,Price below 150/200 MA - weak trend,STRONG_DISTRIBUTION,15,"Strong selling pressure (0.5x ratio, 33% up volume)",HIGH_FLOAT,160.3,30.0,34.9,15.0,False,up,7.0,2.0,True,1.0,True,1.0,5.0,7.0,32.0,81.2,Top 25%,39.0,3.0,0.0,0.0,-5.0,0.0,0.0,0.0,0.0,False,1/3,56.61,0.0,6.0,3.0,3.0,3.0,0.0,0.0,0.0,0.0,0.0,28.0,CONTRADICEN,,33.5,MEDIA,False,2.46,2.0,77.0,0,,-8,RELIABLE/AVOID (-8),,0.0,3,0.4823,MEDIA,0.0,⭐ GOOD,🟡 Good,,,,,,,,SIN_DATOS,,,False,0,0.742,False,-19.72,5.59,-26.46,downtrend,stage1,ESPERAR,En caída (bajo MA200 descendente) — espera a que haga suelo,"las 13 veces anteriores (RSI normal, bajo su MA200 que baja) cayó otro 10% de mediana (peor caso -22%); al año el 77% estaba en positivo (mediana +17%).",13,-9.8,-21.8,77.0,False,"soporte vivo más cercano en 75.18 (-1.4%), puesto a prueba hace 9 días; aguantó 2 y se rompió 2",75.18,-1.4,9.0,2.0,2.0,False
MSCI,0.0,,,,36.1,MSCI Inc.,60.7,Financial Services,Financial Data & Stock Exchanges,85.0,60.0,36.0,50.0,55.0,552.87,40193650688.0,15.0,6.3,False,down,12.6,False,0.0,12.2,False,0.0,1.9,2.0,False,644.77,-14.3,3.0,False,-3.1,"{'current_ratio': 0.89, 'operating_margin_pct': 56.3}","{'eps_growth_yoy': 12.6, 'op_growth_yoy': 14.6, 'crecimiento_respaldado': True, 'positive_quarters': 4, 'earnings_accelerating': False, 'eps_accel_quarters': 0, 'profit_margin_pct': 40.7, 'score_bruto_sin_capar': 85.0, 'satura': False}",,692.06,760.0,570.0,17.0,none,25.2,355.52,-35.7,726.55,31.4,múltiplo propio,4.0,0.14,False,,,reportado,,,,,,,8.2,3.73,20.62,1.48,42.1,1.01,True,-5.93,7.2,Operating Income,7.2,9.8,29.0,2026-10-20,False,True,False,8.0,STRONG,9.0,,3.69,856.0,1.25,BULLISH,0.0,40.0,1.0,0.0,13.0,0.0,10.8,18.2,2026-09-21 05:04:11,2026-09-21,CONFIRMED_UPTREND,TRADE,False,50,Price below 150/200 MA - weak trend,DISTRIBUTION,35,"Moderate distribution (0.8x ratio, 43% up volume)",HIGH_FLOAT,69.0,27.0,29.0,15.0,False,down,6.3,0.0,False,0.0,False,0.0,0.0,9.0,32.0,75.0,Top 25%,35.5,3.0,0.0,3.0,0.0,5.0,0.0,0.0,0.0,False,1/3,56.08500000000001,0.0,3.0,0.0,3.0,3.0,0.0,0.0,0.0,0.0,0.0,67.1,CONTRADICEN,,60.9,ALTA,False,3.15,10.0,42.0,0,,-8,RELIABLE/AVOID (-8),WATCH,9.0,26,0.3613,BAJA,15.07,⭐ GOOD,🟡 Good,,,,,,,,SIN_DATOS,,,False,2,0.852,False,-13.95,11.57,-17.27,sideways,stage1,VIGILAR,Construyendo base (lateral) — espera la reconquista de las medias,"las 10 veces anteriores (RSI normal, bajo su MA200 que baja) cayó otro 5% de mediana (peor caso -23%); al año el 100% estaba en positivo (mediana +24%).",10,-5.2,-22.7,100.0,False,"soporte vivo más cercano en 548.41 (-0.8%), puesto a prueba hace 10 días; aguantó 20 y se rompió 5",548.41,-0.8,10.0,20.0,5.0,False
SPGI,0.0,,,,34.4,S&P Global Inc.,64.5,Financial Services,Financial Data & Stock Exchanges,85.0,60.0,38.7,65.0,65.0,405.32,119488339968.0,15.0,9.6,False,down,13.5,False,0.0,10.4,False,0.0,2.4,3.9,False,522.46924,-22.4,1.0,False,-4.6,"{'roe_pct': 14.3, 'debt_to_equity': 0.43, 'current_ratio': 0.95, 'operating_margin_pct': 44.8}","{'eps_growth_yoy': 13.5, 'op_growth_yoy': 17.2, 'crecimiento_respaldado': True, 'positive_quarters': 4, 'earnings_accelerating': False, 'eps_accel_quarters': 0, 'profit_margin_pct': 30.5, 'score_bruto_sin_capar': 85.0, 'satura': False}",,520.3,553.0,485.0,20.0,strong_buy,28.4,345.41,-14.8,550.18,35.7,múltiplo propio,3.0,0.22,True,2023-12-31,,reportado,,,,,,,3.88,4.63,18.77,0.96,23.5,0.82,True,-3.46,21.2,Operating Income,22.7,17.7,38.0,2026-10-29,False,True,False,7.0,NEUTRAL,9.0,,4.53,893.9,1.13,,,,,,0.0,0.0,10.3,19.3,2026-09-21 05:04:11,2026-09-21,CONFIRMED_UPTREND,TRADE,False,16,Price below 150/200 MA - weak trend,DISTRIBUTION,35,"Moderate distribution (0.8x ratio, 43% up volume)",MEGA_FLOAT,294.1,30.0,29.7,15.0,False,down,9.6,0.0,False,0.0,False,0.0,0.0,9.0,32.0,75.0,Top 25%,35.5,3.0,0.0,0.0,-5.0,0.0,0.0,0.0,0.0,False,1/3,51.52,0.0,3.0,0.0,3.0,5.0,0.0,0.65,0.0,0.0,0.0,50.5,CONTRADICEN,,43.2,ALTA,False,3.55,5.0,14.0,0,,-8,RELIABLE/AVOID (-8),WATCH,3.0,47,0.3444,BAJA,0.0,🔵 DECENT,🟡 Good,,,,,,,,EVENTO,"Miss de EPS en Q2 2026 (14.1% bajo consenso) a pesar de revenue beat; ingresos y márgenes fundamentales siguen sólidos, Ratings/Indices crecen fuerte pero Energy débil por geopolítica. Castigo es por sorpresa de ejecución acotada, no deterioro estructural.",https://simplywall.st/es/stocks/us/diversified-financials/nyse-spgi/sp-global/news/has-sp-global-spgi-fallen-far-enough-to-look-cheap | https://www.rava.com/perfil/SPGI | https://www.investing.com/equities/mcgraw-hill | https://fernandodefrutos.substack.com/p/radar-quant-institucional-s-and-p,False,1,0.829,False,-21.89,13.04,-16.63,downtrend,stage1,ESPERAR,En caída (bajo MA200 descendente) — espera a que haga suelo,"las 7 veces anteriores (RSI normal, bajo su MA200 que baja) o paró casi donde estaba o se desplomó hasta -24% — sin término medio; al año el 86% estaba en positivo (mediana +26%).",7,-8.7,-24.3,86.0,True,"soporte vivo más cercano en 401.83 (-0.9%), puesto a prueba hace 2 días; aguantó 6 y se rompió 2",401.83,-0.9,2.0,6.0,2.0,False
META,0.0,,,,48.3,"Meta Platforms, Inc.",66.8,Communication Services,Internet Content & Information,55.0,80.0,50.3,95.0,60.0,665.75,1696002211840.0,35.0,34.8,False,flat,-13.6,False,0.0,28.0,True,1.0,1.3,1.8,False,785.73,-15.3,3.0,False,9.6,"{'roe_pct': 29.8, 'debt_to_equity': 0.43, 'current_ratio': 2.23, 'operating_margin_pct': 34.8}","{'eps_growth_yoy': -13.6, 'op_growth_yoy': -8.2, 'crecimiento_respaldado': True, 'positive_quarters': 4, 'earnings_accelerating': False, 'eps_accel_quarters': 0, 'profit_margin_pct': 29.8, 'score_bruto_sin_capar': 55.0, 'satura': False}",,755.28,1000.0,580.0,56.0,strong_buy,13.4,244.84,-63.2,637.65,-4.2,múltiplo propio,4.0,0.59,False,,,reportado,,,,,2547506139.0,,2.1,3.57,23.77,0.32,7.9,,False,-0.16,42.9,Operating Income,44.2,-13.4,37.0,2026-10-28,False,True,False,5.0,NEUTRAL,9.0,,4.85,31.6,,,,,,,16.5,0.0,14.5,20.0,2026-09-21 05:04:11,2026-09-21,CONFIRMED_UPTREND,TRADE,False,50,150 MA below 200 MA - not in Stage 2,ACCUMULATION,60,"Moderate accumulation (1.1x ratio, 51% up volume)",MEGA_FLOAT,2201.8,23.0,34.5,35.0,False,flat,34.8,0.0,False,0.0,True,1.0,2.0,6.0,32.0,84.4,Top 25%,42.2,3.0,0.0,0.0,0.0,0.0,0.0,0.0,0.0,False,2/3,58.135,5.0,3.0,0.0,0.0,-3.0,0.0,0.0,0.0,0.0,0.0,59.0,DISPERSOS,-4.2,47.1,ALTA,False,1.68,0.0,94.0,1,Pershing Square (Ackman),0,UNRELIABLE/INSUFFICIENT (0),CONFIRM,8.0,3,0.4834,MEDIA,6.68,🔵 DECENT,🟡 Good,,,,,,,,SIN_DATOS,,,False,1,0.945,False,-15.54,28.08,-5.79,sideways,stage1,VIGILAR,Construyendo base (lateral) — espera la reconquista de las medias,"las 5 veces anteriores (RSI normal, sobre su MA200 que baja) cayó otro 5% de mediana (peor caso -24%); al año el 100% estaba en positivo (mediana +70%).",5,-5.4,-24.2,100.0,False,"soporte vivo más cercano en 655.93 (-1.5%), puesto a prueba hace 0 días; aguantó 2 y se rompió 5",655.93,-1.5,0.0,2.0,5.0,False
UNP,0.0,,,,50.0,Union Pacific Corporation,73.8,Industrials,Railroads,85.0,80.0,60.3,65.0,65.0,279.37,165966872576.0,60.0,53.4,False,down,6.2,True,1.0,11.5,True,2.0,5.2,11.2,False,315.99,-11.6,5.0,False,-4.8,"{'roe_pct': 39.7, 'debt_to_equity': 1.51, 'current_ratio': 0.99, 'operating_margin_pct': 41.0}","{'eps_growth_yoy': 6.2, 'op_growth_yoy': 9.4, 'crecimiento_respaldado': True, 'positive_quarters': 4, 'earnings_accelerating': True, 'eps_accel_quarters': 1, 'profit_margin_pct': 28.8, 'score_bruto_sin_capar': 85.0, 'satura': False}",,329.79,375.0,245.0,24.0,buy,18.0,169.43,-39.4,239.68,-14.2,múltiplo propio,4.0,0.27,False,,,reportado,,,,,,,5.68,3.9,10.9,2.03,44.7,2.22,False,-0.13,7.9,Operating Income,8.4,6.6,31.0,2026-10-22,False,True,False,8.0,STRONG,9.0,,5.05,16.2,2.99,,,,,,37.6,0.0,,22.1,2026-09-21 05:04:11,2026-09-21,CONFIRMED_UPTREND,TRADE,True,100,Passes Minervini Template (6/6 criteria),DISTRIBUTION,35,"Moderate distribution (0.8x ratio, 44% up volume)",MEGA_FLOAT,592.7,10.0,31.6,60.0,False,down,53.4,0.0,True,1.0,True,2.0,5.0,3.0,32.0,93.8,Top 10%,49.3,5.0,0.0,3.0,3.0,0.0,0.0,0.0,0.0,False,2/3,57.52,0.0,3.0,3.0,0.0,3.0,-0.2,-0.2,0.0,0.0,0.0,25.2,DISPERSOS,-14.2,44.8,ALTA,False,2.25,10.0,105.0,0,,0,UNRELIABLE/INSUFFICIENT (0),,0.0,0,,,20.88,🔵 DECENT,🟡 Good,,,,,,,,,,,False,2,0.801,False,-11.18,32.35,2.06,sideways,stage2,VIGILAR,Sobre MA200 pero las medias aún no están apiladas (50>150>200) — falta confirmación,"las 15 veces anteriores (sobrevendido (RSI<25), sobre su MA200 que sube) cayó otro 5% de mediana (peor caso -39%); al año el 67% estaba en positivo (mediana +7%).",15,-5.1,-38.9,67.0,False,"el soporte más cercano está en 260.64 (-6.7%), sin visitar desde hace 3 meses; aguantó 5 de 5 veces",260.64,-6.7,93.0,5.0,0.0,True
ICE,0.0,,,,24.8,"Intercontinental Exchange, Inc.",68.3,Financial Services,Financial Data & Stock Exchanges,85.0,60.0,50.3,75.0,65.0,155.47,87280001024.0,35.0,43.6,False,up,12.6,False,0.0,10.7,False,0.0,1.1,1.5,False,176.05,-11.7,4.0,False,2.2,"{'roe_pct': 14.1, 'debt_to_equity': 0.69, 'current_ratio': 1.01, 'operating_margin_pct': 52.6}","{'eps_growth_yoy': 12.6, 'op_growth_yoy': 7.3, 'crecimiento_respaldado': True, 'positive_quarters': 4, 'earnings_accelerating': False, 'eps_accel_quarters': 0, 'profit_margin_pct': 38.2, 'score_bruto_sin_capar': 85.0, 'satura': False}",,187.29,232.0,163.0,14.0,strong_buy,20.5,151.42,-2.6,213.15,37.1,múltiplo propio,4.0,0.34,False,,,reportado,,,,,,,2.08,5.41,8.41,1.34,28.2,1.25,True,-1.57,6.9,Operating Income,7.6,14.2,38.0,2026-10-29,False,True,False,8.0,STRONG,9.0,,4.68,114.8,1.24,BULLISH,0.0,30.0,1.0,0.0,17.9,0.0,7.4,20.5,2026-09-21 05:04:11,2026-09-21,CONFIRMED_UPTREND,TRADE,False,50,150 MA below 200 MA - not in Stage 2,ACCUMULATION,65,"Moderate accumulation (1.4x ratio, 58% up volume)",MEGA_FLOAT,557.5,23.0,27.9,35.0,False,up,43.6,2.0,False,0.0,False,0.0,0.0,9.0,32.0,75.0,Top 25%,35.5,3.0,0.0,3.0,0.0,5.0,0.0,0.0,0.0,False,2/3,49.06,0.0,6.0,0.0,3.0,3.0,0.0,1.04,1.0,0.0,0.0,39.7,CONTRADICEN,,23.1,MEDIA,False,2.56,10.0,30.0,0,,-8,RELIABLE/AVOID (-8),CAUTION,1.0,47,0.2476,BAJA,15.829999999999998,🔵 DECENT,🟡 Good,,,,,,,,,,,False,2,0.837,False,-10.78,28.08,-19.21,sideways,stage2,VIGILAR,Sobre MA200 pero las medias aún no están apiladas (50>150>200) — falta confirmación,"las 49 veces anteriores (RSI normal, sobre su MA200 que sube) cayó otro 6% de mediana (peor caso -32%); al año el 82% estaba en positivo (mediana +18%).",49,-6.1,-31.9,82.0,False,"soporte vivo más cercano en 154.10 (-0.9%), puesto a prueba hace 9 días; aguantó 5 y se rompió 4",154.1,-0.9,9.0,5.0,4.0,False
MKC,0.0,,,,44.2,"McCormick & Company, Incorporated",54.8,Consumer Defensive,Packaged Foods,55.0,70.0,26.7,60.0,65.0,48.72,13098447872.0,15.0,7.9,False,down,-14.2,False,0.0,16.7,True,1.0,,0.0,False,72.41,-32.7,0.0,False,-7.4,"{'roe_pct': 24.7, 'debt_to_equity': 0.65, 'current_ratio': 0.78, 'operating_margin_pct': 17.4}","{'eps_growth_yoy': -14.2, 'op_growth_yoy': 30.1, 'crecimiento_respaldado': True, 'positive_quarters': 4, 'earnings_accelerating': False, 'eps_accel_quarters': 0, 'profit_margin_pct': 21.9, 'score_bruto_sin_capar': 55.0, 'satura': False}",,60.15,75.0,52.0,13.0,buy,23.5,56.78,16.5,,,múltiplo propio,4.0,0.34,False,,"objetivo 148 sobre un precio de 49 (+205%): el BPA no cuadra con el múltiplo histórico, no se publica",reportado,,,,,268851557.0,,1.92,7.71,3.76,3.94,30.9,2.11,False,-0.11,5.8,Operating Income,5.5,-9.9,10.0,2026-10-01,False,True,True,6.0,NEUTRAL,9.0,,5.97,65.6,,,,,,,1.6999999999999993,0.0,13.3,16.4,2026-09-21 05:04:11,2026-09-21,CONFIRMED_UPTREND,TRADE,False,0,Price below 150/200 MA - weak trend,NEUTRAL,45,"No clear pattern (0.9x ratio, 46% up volume)",MEGA_FLOAT,265.5,25.0,29.7,15.0,False,down,7.9,0.0,False,0.0,True,1.0,2.0,18.0,32.0,46.9,Bajo 50%,21.1,0.0,0.0,0.0,-5.0,0.0,0.0,0.0,0.0,False,1/3,48.43000000000001,0.0,6.0,5.0,0.0,0.0,-0.76,-0.76,0.0,1.0,0.0,,,20.0,7.0,,False,2.94,2.0,29.0,0,,-8,RELIABLE/AVOID (-8),BEST,5.0,47,0.442,BAJA,0.0,🔵 DECENT,🟡 Good,,,,,,,,EVENTO,"Recortes múltiples de guidance 2025-2026 (EPS y ventas) por presiones inflacionarias y de costos persistentes. Márgenes operativos bajo presión. Analysts reset expectations con cut targets, pero negocio de base (volúmenes, cuota) sigue intacto.","https://mx.investing.com/news/transcripts/informe-de-resultados-mccormick--co-3er-trimestre-2024-supera-las-previsiones-de-bpa-las-acciones-caen-93CH-3023389 | https://es.tradingview.com/news/reuters.com,2025:newsml_L5N3Q71P1:0/ | https://ir.mccormick.com/news-releases/news-release-details/mccormick-reports-strong-2024-financial-results-and-provides | https://es.investing.com/news/transcripts/tran",False,0,0.784,False,-31.5,9.69,-24.86,downtrend,stage1,ESPERAR,En caída (bajo MA200 descendente) — espera a que haga suelo,"las 7 veces anteriores (sobrevendido (RSI<25), bajo su MA200 que baja) cayó otro 13% de mediana (peor caso -35%); al año el 71% estaba en positivo (mediana +8%).",7,-12.8,-35.0,71.0,False,"el soporte más cercano está en 46.98 (-3.6%), sin visitar desde hace 3 meses; aguantó 1 y se rompió 2",46.98,-3.6,95.0,1.0,2.0,True
PAYX,0.0,,,,0.3,"Paychex, Inc.",72.2,Technology,Software - Application,95.0,60.0,58.7,80.0,50.0,116.14,41343574016.0,35.0,48.1,False,up,41.5,False,0.0,12.5,False,0.0,6.4,8.9,False,130.88,-11.3,5.0,False,-1.9,"{'roe_pct': 44.8, 'debt_to_equity': 1.24, 'current_ratio': 1.26, 'operating_margin_pct': 38.3}","{'eps_growth_yoy': 41.5, 'op_growth_yoy': 40.3, 'crecimiento_respaldado': True, 'positive_quarters': 4, 'earnings_accelerating': False, 'eps_accel_quarters': 0, 'profit_margin_pct': 27.0, 'score_bruto_sin_capar': 95.0, 'satura': False}",,121.0,150.0,105.0,14.0,hold,4.2,143.01,23.1,111.66,-3.9,múltiplo propio,4.0,0.58,False,,,reportado,,,,,,,4.76,5.62,6.53,4.1,90.6,2.83,True,-1.13,9.3,Operating Income,9.6,17.4,2.0,2026-09-23,True,True,False,7.0,NEUTRAL,9.0,,5.6,103.5,0.42,,,,,,8.0,0.0,0.1,21.7,2026-09-21 05:04:11,2026-09-21,CONFIRMED_UPTREND,TRADE,False,66,150 MA below 200 MA - not in Stage 2,ACCUMULATION,60,"Moderate accumulation (1.2x ratio, 53% up volume)",MEGA_FLOAT,318.8,23.0,21.8,35.0,False,up,48.1,2.0,False,0.0,False,0.0,0.0,16.0,32.0,53.1,Medio,24.0,0.0,0.0,3.0,3.0,0.0,0.0,0.0,0.0,False,2/3,48.395,5.0,6.0,-2.0,3.0,5.0,1.45,9.01,6.0,0.0,1.5,27.0,CONTRADICEN,,8.1,,False,0.52,5.0,21.0,0,,-8,RELIABLE/AVOID (-8),CAUTION,-5.0,7,0.0031,BAJA,20.72,🔵 DECENT,🟡 Good,,,,,,,,,,,False,1,0.775,False,-9.25,39.1,10.39,sideways,stage2,VIGILAR,Sobre MA200 pero las medias aún no están apiladas (50>150>200) — falta confirmación,"las 17 veces anteriores (sobrevendido (RSI<25), sobre su MA200 que sube) cayó otro 6% de mediana (peor caso -42%); al año el 71% estaba en positivo (mediana +16%).",17,-6.1,-41.5,71.0,False,"soporte vivo más cercano en 114.25 (-1.6%), puesto a prueba hace 1 días; aguantó 3 y se rompió 1",114.25,-1.6,1.0,3.0,1.0,False
VRSN,0.0,,,,2.1,"VeriSign, Inc.",64.3,Technology,Software - Infrastructure,75.0,60.0,66.6,50.0,60.0,303.12,27402047488.0,60.0,72.4,False,up,4.4,False,0.0,6.0,True,1.0,1.8,2.2,False,312.48,-3.0,8.0,True,6.4,"{'current_ratio': 0.59, 'operating_margin_pct': 68.2}","{'eps_growth_yoy': 4.4, 'op_growth_yoy': 5.6, 'crecimiento_respaldado': True, 'positive_quarters': 4, 'earnings_accelerating': False, 'eps_accel_quarters': 0, 'profit_margin_pct': 49.8, 'score_bruto_sin_capar': 75.0, 'satura': False}",,324.4,355.0,285.0,5.0,buy,7.0,259.99,-14.2,243.84,-19.6,múltiplo propio,4.0,0.26,False,,,reportado,,,,,,,3.24,3.94,11.94,1.07,34.3,,True,-3.09,15.3,Operating Income,15.5,7.7,31.0,2026-10-22,False,True,False,8.0,STRONG,9.0,,3.91,501.6,3.56,,,,,,43.9,0.0,0.6,19.3,2026-09-21 05:04:11,2026-09-21,CONFIRMED_UPTREND,TRADE,True,100,Passes Minervini Template (6/6 criteria),ACCUMULATION,65,"Moderate accumulation (1.3x ratio, 56% up volume)",HIGH_FLOAT,84.9,0.0,19.9,60.0,False,up,72.4,2.0,False,0.0,True,1.0,2.0,2.0,32.0,96.9,Top 10%,58.3,5.0,0.0,5.0,10.0,0.0,0.0,0.0,0.0,False,3/3,51.32499999999999,5.0,3.0,0.0,3.0,3.0,0.93,2.01,2.0,0.0,0.0,5.4,COHERENTES,-14.2,23.9,MEDIA,False,0.88,10.0,32.0,1,Berkshire Hathaway (Buffett),-5,MIXED/AVOID (-5),CONFIRM,11.0,33,0.0211,BAJA,36.43,🔵 DECENT,🟡 Good,,,,,,,,,,,True,3,0.923,False,-2.71,46.49,8.56,uptrend,stage3,VIGILAR,Extendida cerca de máximos — espera un pullback,"las 40 veces anteriores (RSI normal, sobre su MA200 que sube) cayó otro 10% de mediana (peor caso -30%); al año el 75% estaba en positivo (mediana +11%).",40,-10.5,-29.8,75.0,False,"soporte vivo más cercano en 278.90 (-8.0%), puesto a prueba hace 10 días; aguantó 4 y se rompió 1",278.9,-8.0,10.0,4.0,1.0,False
FHN,0.0,,,,28.4,First Horizon Corporation,67.0,Financial Services,Banks - Regional,95.0,60.0,36.0,65.0,65.0,23.94,11342225408.0,15.0,22.5,False,down,12.0,True,1.0,6.7,True,1.0,0.0,0.0,False,26.56,-9.9,4.0,False,-4.3,"{'roe_pct': 11.5, 'operating_margin_pct': 41.3}","{'eps_growth_yoy': 12.0, 'positive_quarters': 4, 'earnings_accelerating': True, 'eps_accel_quarters': 1, 'profit_margin_pct': 30.2, 'score_bruto_sin_capar': 95.0, 'satura': False}",,28.05,31.0,25.0,21.0,buy,17.2,,,26.64,11.3,múltiplo propio,4.0,0.42,False,,,reportado,,"Banks - Regional: el flujo operativo son depósitos, préstamos o primas, no caja libre para el accionista",,,,,0.68,9.05,2.17,2.84,30.8,3.28,True,-6.61,,,,14.0,23.0,2026-10-14,False,True,False,5.0,NEUTRAL,7.0,,,,0.52,,,,,,11.6,0.0,8.5,20.1,2026-09-21 05:04:11,2026-09-21,CONFIRMED_UPTREND,TRADE,False,66,Price below 150/200 MA - weak trend,NEUTRAL,40,"No clear pattern (0.9x ratio, 46% up volume)",MEGA_FLOAT,468.3,25.0,28.6,15.0,False,down,22.5,0.0,True,1.0,True,1.0,5.0,11.0,32.0,68.8,Medio,30.5,0.0,0.0,3.0,0.0,0.0,0.0,0.0,0.0,False,1/3,56.22,0.0,8.0,3.0,3.0,3.0,-0.54,-0.21,0.0,1.0,0.0,,,14.2,5.9,,False,2.15,0.0,,1,Appaloosa (Tepper),0,UNRELIABLE/INSUFFICIENT (0),,0.0,47,0.2836,BAJA,15.7,🔵 DECENT,🟡 Good,,,,,,,,,,,False,2,0.889,False,-8.79,24.3,-6.96,sideways,stage4_ma_alcista,ESPERAR,"Ha perdido la MA200, aunque la media sigue subiendo — corrección dentro de tendencia, espera a que la recupere","las 16 veces anteriores (RSI normal, bajo su MA200 que sube) cayó otro 6% de mediana (peor caso -54%); al año el 88% estaba en positivo (mediana +24%).",16,-6.3,-54.1,88.0,False,"soporte vivo más cercano en 23.81 (-0.6%), puesto a prueba hace 2 días; aguantó 3 y se rompió 2",23.81,-0.6,2.0,3.0,2.0,False
MSFT,0.0,,,,50.0,Microsoft Corporation,82.5,Technology,Software - Infrastructure,100.0,70.0,71.4,95.0,65.0,493.78,3666585845760.0,60.0,54.0,False,up,31.3,True,1.0,17.7,True,1.0,1.0,2.5,False,553.72,-10.8,6.0,False,6.4,"{'roe_pct': 34.0, 'debt_to_equity': 0.29, 'current_ratio': 1.23, 'operating_margin_pct': 45.1}","{'eps_growth_yoy': 31.3, 'op_growth_yoy': 18.3, 'crecimiento_respaldado': True, 'positive_quarters': 4, 'earnings_accelerating': True, 'eps_accel_quarters': 1, 'profit_margin_pct': 40.3, 'score_bruto_sin_capar': 105.0, 'satura': True}",,572.92,870.0,400.0,52.0,strong_buy,16.0,179.4,-63.7,632.49,28.1,múltiplo propio,4.0,0.47,False,,,reportado,,,,,,,3.92,1.83,9.04,0.79,19.8,0.79,False,-0.24,50.9,Operating Income,55.4,31.7,37.0,2026-10-28,False,True,False,6.0,NEUTRAL,9.0,,4.17,41.3,0.66,BULLISH,0.27,100.0,9.0,4.0,37.4,0.0,,24.8,2026-09-21 05:04:11,2026-09-21,CONFIRMED_UPTREND,TRADE,False,66,150 MA below 200 MA - not in Stage 2,STRONG_ACCUMULATION,75,"Strong institutional buying (1.7x ratio, 62% up volume)",MEGA_FLOAT,7414.4,23.0,35.4,60.0,False,up,54.0,2.0,True,1.0,True,1.0,5.0,2.0,32.0,96.9,Top 10%,58.3,5.0,0.0,3.0,5.0,5.0,0.0,0.0,0.0,False,2/3,57.0,5.0,0.0,0.0,0.0,5.0,0.0,0.59,0.0,0.0,0.0,91.8,CONTRADICEN,,79.7,ALTA,False,2.0,2.0,95.0,1,Pershing Square (Ackman),2,RELIABLE/WATCH (+2),CAUTION,-8.0,47,,,24.75,🔵 DECENT,🟡 Good,,,,,,,,,,,False,2,0.759,False,-10.09,41.67,11.79,uptrend,stage2,VIGILAR,Sobre MA200 pero las medias aún no están apiladas (50>150>200) — falta confirmación,"las 48 veces anteriores (RSI normal, sobre su MA200 que sube) cayó otro 4% de mediana (peor caso -36%); al año el 90% estaba en positivo (mediana +25%).",48,-3.5,-35.8,90.0,False,"soporte vivo más cercano en 486.87 (-1.4%), puesto a prueba hace 2 días; aguantó 7 y se rompió 1",486.87,-1.4,2.0,7.0,1.0,False
INTU,0.0,,,,35.8,Intuit Inc.,57.3,Technology,Software - Application,55.0,60.0,30.3,85.0,70.0,303.19,81023287296.0,15.0,7.4,False,up,-4.7,False,0.0,13.7,False,0.0,3.4,2.0,False,705.08,-57.0,0.0,False,-6.5,"{'roe_pct': 23.6, 'debt_to_equity': 0.44, 'current_ratio': 1.51, 'operating_margin_pct': 17.6}","{'eps_growth_yoy': -4.7, 'op_growth_yoy': 125.9, 'crecimiento_respaldado': True, 'positive_quarters': 4, 'earnings_accelerating': False, 'eps_accel_quarters': 0, 'profit_margin_pct': 21.3, 'score_bruto_sin_capar': 55.0, 'satura': False}",,405.6,732.0,290.0,31.0,buy,33.8,487.3,60.7,,,,,,,,múltiplo propio 58x fuera del rango 8-45,reportado,,,,,,,5.52,10.64,32.26,1.82,29.2,0.68,True,-3.55,24.1,Operating Income,24.5,-1.0,59.0,2026-11-19,False,True,False,8.0,STRONG,9.0,,7.51,91.1,,BULLISH,0.0,40.0,1.0,0.0,6.899999999999999,0.0,10.7,17.2,2026-09-21 05:04:11,2026-09-21,CONFIRMED_UPTREND,TRADE,False,0,Price below 150/200 MA - weak trend,ACCUMULATION,60,"Moderate accumulation (1.0x ratio, 50% up volume)",MEGA_FLOAT,260.9,23.0,27.9,15.0,False,up,7.4,2.0,False,0.0,False,0.0,0.0,16.0,32.0,53.1,Medio,24.0,0.0,0.0,0.0,-5.0,5.0,0.0,0.0,0.0,False,2/3,46.71000000000001,5.0,8.0,3.0,3.0,0.0,0.0,-9.06,0.0,2.0,0.0,,,47.2,-26.9,,True,4.22,10.0,12.0,0,,-8,RELIABLE/AVOID (-8),CAUTION,0.0,38,0.3577,BAJA,0.0,🔵 DECENT,🟡 Average,,,,,,,,SIN_DATOS,,,False,0,0.903,False,-56.52,20.44,-50.98,downtrend,stage4,ESPERAR,En caída (bajo MA200 descendente) — espera a que haga suelo,"las 11 veces anteriores (RSI normal, bajo su MA200 que baja) o paró casi donde estaba o se desplomó hasta -41% — sin término medio; al año el 82% estaba en positivo (mediana +25%).",11,-5.0,-41.2,82.0,True,"soporte vivo más cercano en 299.17 (-1.3%), puesto a prueba hace 0 días; aguantó 2 y se rompió 1",299.17,-1.3,0.0,2.0,1.0,False
V,0.0,,,,47.0,Visa Inc.,71.8,Financial Services,Credit Services,75.0,80.0,63.9,70.0,60.0,368.29,691411156992.0,60.0,60.4,False,up,6.8,False,0.0,14.4,True,2.0,1.2,3.0,False,385.57,-4.5,5.0,False,0.4,"{'roe_pct': 61.2, 'debt_to_equity': 0.68, 'current_ratio': 0.98, 'operating_margin_pct': 66.1}","{'eps_growth_yoy': 6.8, 'op_growth_yoy': 5.0, 'crecimiento_respaldado': True, 'positive_quarters': 4, 'earnings_accelerating': False, 'eps_accel_quarters': 0, 'profit_margin_pct': 50.8, 'score_bruto_sin_capar': 75.0, 'satura': False}",,419.36,466.0,330.0,37.0,strong_buy,13.9,262.47,-28.7,385.07,4.6,múltiplo propio,4.0,0.23,False,,,reportado,,,,,1877355228.0,,2.68,3.05,11.23,0.73,22.1,0.71,True,-3.71,37.6,Operating Income,35.7,10.2,36.0,2026-10-27,False,True,False,6.0,NEUTRAL,9.0,,3.86,381.9,2.41,BULLISH,0.12,40.0,2.0,1.0,27.6,0.0,14.1,21.5,2026-09-21 05:04:11,2026-09-21,CONFIRMED_UPTREND,TRADE,False,50,150 MA below 200 MA - not in Stage 2,NEUTRAL,40,"No clear pattern (0.9x ratio, 46% up volume)",MEGA_FLOAT,1703.5,25.0,35.6,60.0,False,up,60.4,2.0,False,0.0,True,2.0,2.0,14.0,32.0,59.4,Medio,26.6,0.0,0.0,5.0,3.0,5.0,0.0,0.0,0.0,False,1/3,46.06999999999999,0.0,3.0,0.0,3.0,3.0,0.0,0.76,0.0,0.0,0.0,33.3,CONTRADICEN,,42.6,ALTA,False,1.74,2.0,38.0,0,,-8,RELIABLE/AVOID (-8),CAUTION,-11.0,46,0.4698,MEDIA,26.68,🔵 DECENT,🟡 Average,,,,,,,,,,,False,2,0.703,False,-4.48,25.81,4.55,uptrend,stage3,VIGILAR,Extendida cerca de máximos — espera un pullback,"las 49 veces anteriores (RSI normal, sobre su MA200 que sube) cayó otro 6% de mediana (peor caso -28%); al año el 88% estaba en positivo (mediana +18%).",49,-6.4,-27.5,88.0,False,"soporte vivo más cercano en 361.16 (-1.9%), puesto a prueba hace 9 días; aguantó 1 de 1 veces",361.16,-1.9,9.0,1.0,0.0,False
QSR,0.0,,,,44.2,Restaurant Brands International Inc.,64.5,Consumer Cyclical,Restaurants,85.0,60.0,38.7,65.0,65.0,72.88,33387126784.0,15.0,12.6,False,down,166.8,True,2.0,4.6,True,1.0,6.3,7.9,False,81.96,-11.1,4.0,False,-3.4,"{'roe_pct': 34.8, 'debt_to_equity': 2.9, 'current_ratio': 1.01, 'operating_margin_pct': 27.7}","{'eps_growth_yoy': 166.8, 'op_growth_yoy': 8.4, 'crecimiento_respaldado': False, 'crecimiento_puntuado': 33.4, 'positive_quarters': 4, 'earnings_accelerating': True, 'eps_accel_quarters': 2, 'profit_margin_pct': 13.1, 'score_bruto_sin_capar': 110.0, 'satura': True}",,86.04,104.0,79.0,25.0,buy,18.1,74.83,2.7,108.2,48.5,múltiplo propio,4.0,0.49,False,,,reportado,,,,,458110960.0,,2.6,4.77,3.48,3.57,63.8,3.41,False,0.66,5.2,Operating Income,5.2,151.2,38.0,2026-10-29,False,True,False,6.0,NEUTRAL,9.0,,6.01,58.5,0.11,,,,,,15.6,0.0,13.3,19.3,2026-09-21 05:04:11,2026-09-21,CONFIRMED_UPTREND,TRADE,False,66,Price below 150/200 MA - weak trend,NEUTRAL,45,"No clear pattern (0.9x ratio, 46% up volume)",MEGA_FLOAT,317.6,25.0,32.6,15.0,False,down,12.6,0.0,True,2.0,True,1.0,8.0,30.0,32.0,9.4,Bottom 25%,4.4,-3.0,0.0,3.0,0.0,0.0,0.0,0.0,0.0,False,1/3,54.00999999999999,0.0,3.0,5.0,0.0,5.0,0.14,0.45,0.0,0.0,0.0,45.8,DISPERSOS,18.1,-7.5,,False,2.26,2.0,30.0,1,Pershing Square (Ackman),0,UNRELIABLE/INSUFFICIENT (0),,0.0,47,0.442,BAJA,15.45,🔵 DECENT,🟡 Average,,,,,,,,,,,False,2,1.014,False,-10.2,21.33,-17.42,sideways,stage2,VIGILAR,Sobre MA200 pero las medias aún no están apiladas (50>150>200) — falta confirmación,"las 27 veces anteriores (RSI normal, sobre su MA200 que sube) cayó otro 12% de mediana (peor caso -60%); al año el 56% estaba en positivo (mediana +1%).",27,-12.0,-60.3,56.0,False,"soporte vivo más cercano en 70.42 (-3.4%), puesto a prueba hace 43 días; aguantó 6 de 6 veces",70.42,-3.4,43.0,6.0,0.0,False
BLK,0.0,,,,56.6,"BlackRock, Inc.",75.2,Financial Services,Asset Management,85.0,90.0,36.0,90.0,65.0,1069.78,173813792768.0,15.0,24.6,False,up,20.2,False,0.0,30.6,True,1.0,1.3,3.3,False,1219.94,-12.3,4.0,False,-2.9,"{'roe_pct': 12.3, 'debt_to_equity': 0.23, 'current_ratio': 2.45, 'operating_margin_pct': 35.1}","{'eps_growth_yoy': 20.2, 'op_growth_yoy': 33.6, 'crecimiento_respaldado': True, 'positive_quarters': 4, 'earnings_accelerating': False, 'eps_accel_quarters': 0, 'profit_margin_pct': 24.1, 'score_bruto_sin_capar': 85.0, 'satura': False}",,1323.31,1488.0,1190.0,16.0,strong_buy,23.7,,,927.45,-13.3,múltiplo propio,4.0,0.51,False,,,reportado,,"Asset Management: el flujo operativo son depósitos, préstamos o primas, no caja libre para el accionista",,,,,22.92,2.05,21.93,2.14,52.4,2.35,False,5.31,16.6,Operating Income,17.9,19.6,23.0,2026-10-14,False,True,False,4.0,NEUTRAL,9.0,,4.55,27.4,0.85,,,,,,19.5,0.0,17.0,22.6,2026-09-21 05:04:11,2026-09-21,CONFIRMED_UPTREND,TRADE,False,50,150 MA below 200 MA - not in Stage 2,DISTRIBUTION,35,"Moderate distribution (0.8x ratio, 43% up volume)",HIGH_FLOAT,143.8,27.0,39.5,15.0,False,up,24.6,2.0,False,0.0,True,1.0,2.0,23.0,32.0,31.2,Bajo 50%,13.0,0.0,0.0,3.0,0.0,0.0,0.0,0.0,0.0,False,1/3,53.91,0.0,0.0,3.0,0.0,5.0,0.0,0.0,0.0,0.0,0.0,,,5.2,37.0,MEDIA,False,2.96,0.0,106.0,0,,0,UNRELIABLE/INSUFFICIENT (0),WATCH,-3.0,2,0.5662,ALTA,16.52,🔵 DECENT,🟡 Average,,,,,,,,SENTIMIENTO,"BlackRock reportó resultados excepcionales en Q1-Q2 2026 (ganancias y márgenes en máximos), con ETF y AUM en expansión sostenida. La caída parece reflejar presión macro (preocupaciones por deuda/tasas) y rotación sectorial, no deterioro operativo.",https://es.tradingview.com/symbols/NYSE-BLK/forecast/ | https://www.estrategiasdeinversion.com/cotizaciones/indices/nyse/blackrock | https://www.bloomberglinea.com/quote/BLK:UN/ | https://www.tikr.com/es/blog/blackrock-has-fallen-14-from-its-peak-the-q1-earnings-just-proved-the-bears-wrong,False,1,0.962,False,-10.43,17.87,-5.15,sideways,stage2,VIGILAR,Sobre MA200 pero las medias aún no están apiladas (50>150>200) — falta confirmación,"las 45 veces anteriores (RSI normal, sobre su MA200 que sube) cayó otro 9% de mediana (peor caso -40%); al año el 84% estaba en positivo (mediana +17%).",45,-8.8,-40.5,84.0,False,"soporte vivo más cercano en 1053.10 (-1.6%), puesto a prueba hace 8 días; aguantó 5 y se rompió 3",1053.1,-1.6,8.0,5.0,3.0,False
BAC,0.0,,,,52.6,Bank of America Corporation,68.8,Financial Services,Banks - Diversified,95.0,50.0,57.6,65.0,65.0,57.73,403691372544.0,60.0,52.8,False,down,16.6,True,1.0,7.2,False,0.0,0.0,0.0,False,65.23,-11.5,5.0,False,-6.4,"{'roe_pct': 11.2, 'operating_margin_pct': 38.3}","{'eps_growth_yoy': 16.6, 'positive_quarters': 4, 'earnings_accelerating': True, 'eps_accel_quarters': 1, 'profit_margin_pct': 29.5, 'score_bruto_sin_capar': 95.0, 'satura': False}",,68.86,76.0,62.0,21.0,buy,19.3,,,47.93,-17.0,múltiplo propio,4.0,0.42,False,,,reportado,,"Banks - Diversified: el flujo operativo son depósitos, préstamos o primas, no caja libre para el accionista",,,,,1.28,3.12,1.8,2.22,25.9,2.35,True,-4.67,,,,34.1,23.0,2026-10-14,False,True,False,5.0,NEUTRAL,7.0,,,,0.32,,,,,,41.4,0.0,15.8,20.6,2026-09-21 05:04:11,2026-09-21,CONFIRMED_UPTREND,TRADE,True,83,Passes Minervini Template (5/6 criteria),ACCUMULATION,65,"Moderate accumulation (1.2x ratio, 53% up volume)",MEGA_FLOAT,6965.1,3.0,36.4,60.0,False,down,52.8,0.0,True,1.0,False,0.0,2.0,,32.0,,Sin datos suficientes,52.8,0.0,0.0,3.0,3.0,0.0,0.0,0.0,0.0,False,3/3,53.150000000000006,0.0,3.0,3.0,3.0,5.0,-0.21,0.12,0.0,0.0,0.0,,,1.2,36.3,MEDIA,False,2.41,0.0,,1,Berkshire Hathaway (Buffett),0,UNRELIABLE/INSUFFICIENT (0),,0.0,47,0.5259,MEDIA,20.38,🔵 DECENT,🟡 Average,,,,,,,,,,,False,2,1.256,False,-11.05,26.47,5.64,sideways,stage2,VIGILAR,Sobre MA200 pero las medias aún no están apiladas (50>150>200) — falta confirmación,"las 10 veces anteriores (sobrevendido (RSI<25), sobre su MA200 que sube) cayó otro 11% de mediana (peor caso -41%); al año el 70% estaba en positivo (mediana +14%).",10,-11.1,-40.6,70.0,False,"el soporte más cercano está en 56.55 (-2.0%), puesto a prueba hace 2 días; nunca llegó a resolverse",56.55,-2.0,2.0,0.0,0.0,False
DPZ,0.0,,,,40.6,"Domino's Pizza, Inc.",60.0,Consumer Cyclical,Restaurants,80.0,60.0,24.0,65.0,65.0,294.2,9732646912.0,15.0,0.7,False,down,3.6,True,1.0,4.3,True,1.0,10.0,3.5,True,442.35,-33.5,0.0,False,-11.8,"{'current_ratio': 1.54, 'operating_margin_pct': 19.1}","{'eps_growth_yoy': 3.6, 'op_growth_yoy': 3.1, 'crecimiento_respaldado': True, 'positive_quarters': 4, 'earnings_accelerating': True, 'eps_accel_quarters': 1, 'profit_margin_pct': 11.9, 'score_bruto_sin_capar': 80.0, 'satura': False}",,381.11,450.0,270.0,28.0,buy,29.5,339.13,15.3,444.3,51.0,múltiplo propio,4.0,0.14,False,,,reportado,,,,,,,7.96,6.75,19.86,2.71,42.3,1.25,True,-3.15,4.9,Operating Income,4.9,4.8,22.0,2026-10-13,False,True,False,8.0,STRONG,9.0,,6.47,106.0,2.07,,,,,,5.199999999999999,0.0,12.2,18.0,2026-09-21 05:04:11,2026-09-21,CONFIRMED_UPTREND,TRADE,False,0,Price below 150/200 MA - weak trend,NEUTRAL,40,"No clear pattern (0.9x ratio, 45% up volume)",MEDIUM_FLOAT,30.2,22.0,30.2,15.0,False,down,0.7,0.0,True,1.0,True,1.0,5.0,30.0,32.0,9.4,Bottom 25%,4.4,-3.0,0.0,0.0,-5.0,0.0,0.0,0.0,0.0,False,1/3,53.03,0.0,6.0,3.0,3.0,1.0,0.03,0.22,0.0,0.0,0.0,35.7,DISPERSOS,29.5,-3.6,,False,3.69,10.0,14.0,0,,0,UNRELIABLE/INSUFFICIENT (0),,0.0,33,0.4063,BAJA,0.0,🔵 DECENT,🟡 Average,,,,,,,,EVENTO,"Q1 2026: ventas comparables US 0.9% vs. 2.3% esperado, obligó a management a recortar guidance a crecimiento de un dígito bajo. Deterioro puntual atribuible a presión competitiva macro intensa y promociones, no a quiebra del modelo (márgenes operativos siguen expandiéndose, Q2 recovery).",https://www.tikr.com/es/blog/dominos-pizza-stock-is-down-15-in-2026-heres-what-the-valuation-model-says | https://www.tikr.com/es/blog/dominos-pizza-has-fallen-26-from-its-highs-heres-where-the-stock-could-go-in-2026 | https://mx.investing.com/news/analyst-ratings/evercore-isi-recorta-precio-objetivo-de-dominos-pizza-por-menor-perspectiva-93CH-3583450 | https://es.finance.yahoo.com/noticias/accion,False,0,0.857,False,-32.33,4.97,-38.26,downtrend,stage1,ESPERAR,En caída (bajo MA200 descendente) — espera a que haga suelo,"las 6 veces anteriores (sobrevendido (RSI<25), bajo su MA200 que baja) cayó otro 10% de mediana (peor caso -20%); al año el 83% estaba en positivo (mediana +20%).",6,-9.8,-20.0,83.0,False,"soporte vivo más cercano en 293.48 (-0.2%), puesto a prueba hace 1 días; aguantó 3 y se rompió 1",293.48,-0.2,1.0,3.0,1.0,False
NYT,0.0,,,,32.1,The New York Times Company,66.5,Communication Services,Publishing,90.0,70.0,24.0,75.0,60.0,70.21,11323720704.0,15.0,20.9,False,down,12.6,True,1.0,11.2,True,1.0,8.0,5.4,True,87.1,-19.4,4.0,False,0.7,"{'roe_pct': 19.7, 'current_ratio': 1.58, 'operating_margin_pct': 17.1}","{'eps_growth_yoy': 12.6, 'op_growth_yoy': 11.5, 'crecimiento_respaldado': True, 'positive_quarters': 4, 'earnings_accelerating': True, 'eps_accel_quarters': 1, 'profit_margin_pct': 13.3, 'score_bruto_sin_capar': 90.0, 'satura': False}",,79.0,90.0,63.0,9.0,buy,12.5,74.86,6.6,75.5,7.5,múltiplo propio,4.0,0.16,False,,,reportado,,,,,,,0.92,5.51,3.87,1.31,32.1,0.95,False,-0.79,420.4,Operating Income,423.0,14.0,44.0,2026-11-04,False,True,False,8.0,STRONG,9.0,,4.23,52.6,1.6,,,,,,14.6,0.0,9.6,19.9,2026-09-21 05:04:11,2026-09-21,CONFIRMED_UPTREND,TRADE,False,66,Price below 150/200 MA - weak trend,ACCUMULATION,65,"Moderate accumulation (1.1x ratio, 53% up volume)",HIGH_FLOAT,133.7,20.0,29.6,15.0,False,down,20.9,0.0,True,1.0,True,1.0,5.0,,32.0,,Sin datos suficientes,20.9,0.0,0.0,0.0,0.0,0.0,0.0,0.0,0.0,False,2/3,44.60499999999999,5.0,6.0,0.0,0.0,3.0,1.72,1.72,1.0,0.0,1.5,0.9,COHERENTES,7.5,5.4,,False,1.56,10.0,80.0,1,Berkshire Hathaway (Buffett),-8,RELIABLE/AVOID (-8),,0.0,35,0.3215,BAJA,6.65,🔵 DECENT,🟡 Average,,,,,,,,EVENTO,"<cite index=""1-6"">La caída fue gatillada por un miss en el crecimiento de suscriptores digitales y una reset de guidance</cite> en Q2 2026 (agosto). <cite index=""5-16,6-3"">El free cash flow margin se derrumbó a 1.3% desde 15.1% YoY</cite>, lo que disparó una venta masiva del 14-15% en un día.",https://weissratings.com/en/instant-news-alerts/the-new-york-times-company-nyt-down-14-6-should-i-pull-back-now | https://finance.yahoo.com/markets/stocks/articles/nyt-stock-fell-12-8-173000308.html | https://stockanalysis.com/stocks/nyt/ | https://simplywall.st/stocks/us/media/nyse-nyt/new-york-times/news/new-york-times-nyt-stock-drops-hard-despite-digital-subscrip,False,2,0.987,False,-19.14,30.88,-30.81,sideways,stage4_ma_alcista,ESPERAR,"Ha perdido la MA200, aunque la media sigue subiendo — corrección dentro de tendencia, espera a que la recupere","las 17 veces anteriores (RSI normal, bajo su MA200 que sube) o paró casi donde estaba o se desplomó hasta -41% — sin término medio; al año el 59% estaba en positivo (mediana +27%).",17,-9.9,-41.3,59.0,True,"soporte vivo más cercano en 69.79 (-0.6%), puesto a prueba hace 1 días; aguantó 2 de 2 veces",69.79,-0.6,1.0,2.0,0.0,False
FCNCA,0.0,,,,35.6,"First Citizens BancShares, Inc.",64.5,Financial Services,Banks - Regional,95.0,50.0,44.0,65.0,50.0,2111.89,23849826304.0,35.0,38.5,False,flat,16.9,True,1.0,2.5,False,0.0,5.1,8.5,False,2296.3,-8.0,5.0,False,-2.6,"{'roe_pct': 10.7, 'operating_margin_pct': 39.0}","{'eps_growth_yoy': 16.9, 'positive_quarters': 4, 'earnings_accelerating': True, 'eps_accel_quarters': 1, 'profit_margin_pct': 25.2, 'score_bruto_sin_capar': 95.0, 'satura': False}",,2335.54,2525.0,2100.0,13.0,hold,10.6,,,1997.67,-5.4,múltiplo propio,4.0,1.01,True,,,reportado,,"Banks - Regional: el flujo operativo son depósitos, préstamos o primas, no caja libre para el accionista",,,11293120.0,,8.4,6.79,143.4,0.4,4.4,0.31,True,-12.85,,,,12.4,31.0,2026-10-22,False,True,False,5.0,NEUTRAL,7.0,,,,0.34,,,,,,16.0,0.0,10.7,19.3,2026-09-21 05:04:11,2026-09-21,CONFIRMED_UPTREND,TRADE,False,66,150 MA below 200 MA - not in Stage 2,NEUTRAL,40,"No clear pattern (0.9x ratio, 47% up volume)",MICRO_FLOAT,8.1,22.0,30.0,35.0,False,flat,38.5,0.0,True,1.0,False,0.0,2.0,11.0,32.0,68.8,Medio,30.5,0.0,0.0,3.0,3.0,0.0,0.0,0.0,0.0,False,1/3,51.58,0.0,6.0,0.0,3.0,3.0,-0.3,-0.13,0.0,0.0,0.0,,,2.6,16.0,,False,1.32,0.0,,1,Appaloosa (Tepper),0,UNRELIABLE/INSUFFICIENT (0),,0.0,47,0.3558,BAJA,19.95,🔵 DECENT,🟡 Average,,,,,,,,,,,False,1,1.035,False,-7.94,30.6,-1.92,sideways,stage2,VIGILAR,Sobre MA200 pero las medias aún no están apiladas (50>150>200) — falta confirmación,"las 43 veces anteriores (RSI normal, sobre su MA200 que sube) cayó otro 8% de mediana (peor caso -45%); al año el 74% estaba en positivo (mediana +12%).",43,-7.7,-45.4,74.0,False,"soporte vivo más cercano en 2099.77 (-0.6%), puesto a prueba hace 2 días; aguantó 8 y se rompió 2",2099.77,-0.6,2.0,8.0,2.0,False
MCO,0.0,,,,35.8,Moody's Corporation,69.0,Financial Services,Financial Data & Stock Exchanges,100.0,60.0,38.7,65.0,65.0,468.59,81150877696.0,15.0,18.1,False,down,51.9,True,2.0,15.1,False,0.0,1.7,3.6,False,546.88,-14.3,3.0,False,-3.9,"{'roe_pct': 76.9, 'debt_to_equity': 2.41, 'current_ratio': 1.19, 'operating_margin_pct': 49.5}","{'eps_growth_yoy': 51.9, 'op_growth_yoy': 27.4, 'crecimiento_respaldado': True, 'positive_quarters': 4, 'earnings_accelerating': True, 'eps_accel_quarters': 2, 'profit_margin_pct': 34.3, 'score_bruto_sin_capar': 125.0, 'satura': True}",,561.9,610.0,505.0,21.0,buy,19.9,280.91,-40.1,618.23,31.9,múltiplo propio,4.0,0.19,False,,,reportado,,,,,,,4.12,3.69,17.29,0.88,25.0,0.81,False,,14.1,Operating Income,14.5,56.7,30.0,2026-10-21,False,True,False,8.0,STRONG,9.0,,3.96,107.9,0.44,BEARISH,999.0,70.0,0.0,2.0,7.399999999999999,0.0,10.7,20.7,2026-09-21 05:04:11,2026-09-21,CONFIRMED_UPTREND,TRADE,False,33,Price below 150/200 MA - weak trend,DISTRIBUTION,35,"Moderate distribution (0.8x ratio, 44% up volume)",HIGH_FLOAT,158.5,27.0,31.4,15.0,False,down,18.1,0.0,True,2.0,False,0.0,5.0,9.0,32.0,75.0,Top 25%,35.5,3.0,0.0,3.0,0.0,-8.0,0.0,0.0,0.0,False,1/3,51.38999999999999,0.0,3.0,0.0,0.0,5.0,0.0,0.25,0.0,0.0,0.0,72.0,CONTRADICEN,,60.0,ALTA,False,2.49,10.0,59.0,1,Berkshire Hathaway (Buffett),0,UNRELIABLE/INSUFFICIENT (0),CAUTION,-3.0,47,0.3577,BAJA,15.9,🔵 DECENT,🟡 Average,,,,,,,,SIN_DATOS,,,False,1,0.877,False,-13.74,17.26,-9.86,sideways,stage4_ma_alcista,ESPERAR,"Ha perdido la MA200, aunque la media sigue subiendo — corrección dentro de tendencia, espera a que la recupere","las 12 veces anteriores (RSI normal, bajo su MA200 que sube) o paró casi donde estaba o se desplomó hasta -34% — sin término medio; al año el 67% estaba en positivo (mediana +14%).",12,-12.4,-34.5,67.0,True,"soporte vivo más cercano en 463.80 (-1.0%), puesto a prueba hace 3 días; aguantó 12 y se rompió 5",463.8,-1.0,3.0,12.0,5.0,False
JKHY,0.0,,,,7.3,"Jack Henry & Associates, Inc.",55.7,Technology,Information Technology Services,50.0,50.0,41.0,90.0,65.0,154.85,10856937472.0,35.0,33.0,False,up,-12.8,False,0.0,4.7,False,0.0,7.1,4.5,False,193.39,-19.9,2.0,False,-1.7,"{'roe_pct': 24.0, 'debt_to_equity': 0.04, 'current_ratio': 1.17, 'operating_margin_pct': 22.5}","{'eps_growth_yoy': -12.8, 'op_growth_yoy': -12.2, 'crecimiento_respaldado': True, 'positive_quarters': 4, 'earnings_accelerating': False, 'eps_accel_quarters': 0, 'profit_margin_pct': 19.8, 'score_bruto_sin_capar': 50.0, 'satura': False}",,190.24,209.0,170.0,17.0,buy,22.9,109.21,-29.5,206.3,33.2,múltiplo propio,4.0,0.41,False,,,reportado,,,,,,,2.44,4.67,7.23,1.58,34.1,1.22,True,-2.92,117.9,Operating Income,122.2,-10.4,43.0,2026-11-03,False,True,False,7.0,NEUTRAL,9.0,,5.81,202.7,,,,,,,0.0,0.0,2.2,16.7,2026-09-21 05:04:11,2026-09-21,CONFIRMED_UPTREND,TRADE,False,33,Price below 150/200 MA - weak trend,ACCUMULATION,65,"Moderate accumulation (1.1x ratio, 50% up volume)",HIGH_FLOAT,69.6,20.0,18.9,35.0,False,up,33.0,2.0,False,0.0,False,0.0,0.0,17.0,32.0,50.0,Medio,21.9,0.0,0.0,0.0,-5.0,0.0,0.0,0.0,0.0,False,2/3,51.345000000000006,5.0,3.0,3.0,3.0,-3.0,-0.01,0.96,0.0,1.0,0.0,62.7,CONTRADICEN,,52.4,ALTA,False,2.86,5.0,6.0,0,,0,UNRELIABLE/INSUFFICIENT (0),WATCH,3.0,47,0.0734,BAJA,0.0,🔵 DECENT,🟡 Average,,,,,,,,SENTIMIENTO,"<cite index=""4-4"">La caída responde a comentarios de gestión sobre presión de márgenes futura y crecimiento más lento en H2, junto con recompras ampliadas, señales mixtas que preocupan a inversores</cite>. <cite index=""2-6,2-7"">En Q4 FY2026 (reportado agosto 2026) JKHY superó EPS (1.57 vs 1.44 est.)",https://robinhood.com/us/en/stocks/JKHY/ | https://www.investing.com/equities/jack-henry---asso | https://www.mexc.com/stocks/jkhy | https://finance.yahoo.com/markets/stocks/articles/why-jack-henry-jkhy-down-111254889.html,False,1,1.109,False,-18.98,28.4,-23.64,downtrend,stage4_ma_alcista,ESPERAR,"Ha perdido la MA200, aunque la media sigue subiendo — corrección dentro de tendencia, espera a que la recupere","las 16 veces anteriores (RSI normal, bajo su MA200 que sube) cayó otro 8% de mediana (peor caso -28%); al año el 62% estaba en positivo (mediana +12%).",16,-7.5,-28.5,62.0,False,"soporte vivo más cercano en 151.86 (-1.9%), puesto a prueba hace 0 días; aguantó 6 y se rompió 2",151.86,-1.9,0.0,6.0,2.0,False
APH,70.425,Excellent,Stage 1-2 Transition,24.44324187021866,36.1,Amphenol Corporation,80.3,Technology,Electronic Components,90.0,90.0,57.6,85.0,65.0,77.55,191235735552.0,60.0,52.7,False,down,26.5,False,0.0,58.4,True,1.0,1.2,2.3,False,89.26,-13.1,6.0,False,-3.0,"{'roe_pct': 38.1, 'debt_to_equity': 1.2, 'current_ratio': 1.89, 'operating_margin_pct': 29.8}","{'eps_growth_yoy': 26.5, 'op_growth_yoy': 82.3, 'crecimiento_respaldado': True, 'positive_quarters': 4, 'earnings_accelerating': False, 'eps_accel_quarters': 0, 'profit_margin_pct': 17.7, 'score_bruto_sin_capar': 90.0, 'satura': False}",,99.26,115.0,85.0,17.0,strong_buy,28.0,36.06,-53.5,33.55,-56.7,múltiplo propio,4.0,0.48,False,,,reportado,,,,,,,0.5,2.55,1.98,0.64,22.9,0.82,False,1.34,13.7,Operating Income,13.6,59.3,37.0,2026-10-28,False,True,False,6.0,NEUTRAL,9.0,,2.92,37.9,0.4,,,,,,63.1,28.2,10.8,24.1,2026-09-21 05:04:11,2026-09-21,CONFIRMED_UPTREND,TRADE,True,100,Passes Minervini Template (6/6 criteria),DISTRIBUTION,35,"Moderate distribution (0.8x ratio, 44% up volume)",MEGA_FLOAT,2449.9,10.0,63.1,60.0,False,down,52.7,0.0,False,0.0,True,1.0,2.0,,32.0,,Sin datos suficientes,52.7,0.0,0.0,3.0,5.0,0.0,0.0,0.0,0.0,False,2/3,51.175,5.0,0.0,0.0,0.0,5.0,0.0,0.0,0.0,0.0,0.0,3.2,COHERENTES,-53.5,83.1,ALTA,False,3.5,2.0,133.0,0,,0,UNRELIABLE/INSUFFICIENT (0),WATCH,-3.0,2,0.3613,BAJA,59.7425,🔵 DECENT,🟡 Average,,,,,,,,,,,False,2,0.814,False,-13.12,31.63,4.77,sideways,stage2,VIGILAR,Sobre MA200 pero las medias aún no están apiladas (50>150>200) — falta confirmación,"las 50 veces anteriores (RSI normal, sobre su MA200 que sube) cayó otro 6% de mediana (peor caso -34%); al año el 90% estaba en positivo (mediana +23%).",50,-5.7,-34.2,90.0,False,"soporte vivo más cercano en 76.16 (-1.8%), puesto a prueba hace 3 días; aguantó 5 y se rompió 1",76.16,-1.8,3.0,5.0,1.0,False
ROP,0.0,,,,34.6,"Roper Technologies, Inc.",62.0,Technology,Software - Application,85.0,50.0,42.3,60.0,65.0,372.74,36864311296.0,15.0,18.5,False,up,208.9,True,2.0,8.5,False,0.0,6.5,7.9,False,521.28,-28.5,2.0,False,-4.4,"{'roe_pct': 13.1, 'debt_to_equity': 0.61, 'current_ratio': 0.55, 'operating_margin_pct': 27.7}","{'eps_growth_yoy': 208.9, 'op_growth_yoy': 6.6, 'crecimiento_respaldado': False, 'crecimiento_puntuado': 31.6, 'positive_quarters': 4, 'earnings_accelerating': True, 'eps_accel_quarters': 2, 'profit_margin_pct': 30.2, 'score_bruto_sin_capar': 115.0, 'satura': True}",,445.2,550.0,335.0,15.0,buy,19.4,590.33,58.4,802.68,115.3,múltiplo propio,4.0,0.95,False,,,reportado,,,,,,,3.64,6.96,25.94,0.98,14.5,0.61,True,-7.2,5.9,Operating Income,8.6,163.1,31.0,2026-10-22,False,True,False,6.0,NEUTRAL,9.0,,4.67,1424.7,0.07,,,,,,11.0,0.0,10.4,18.6,2026-09-21 05:04:11,2026-09-21,CONFIRMED_UPTREND,TRADE,False,16,150 MA below 200 MA - not in Stage 2,ACCUMULATION,65,"Moderate accumulation (1.1x ratio, 51% up volume)",HIGH_FLOAT,98.4,20.0,29.0,15.0,False,up,18.5,2.0,True,2.0,False,0.0,5.0,16.0,32.0,53.1,Medio,24.0,0.0,0.0,0.0,-5.0,0.0,0.0,0.0,0.0,False,2/3,43.03,5.0,6.0,0.0,3.0,5.0,0.0,0.0,0.0,0.0,0.0,56.9,DISPERSOS,58.4,-67.4,,False,2.42,2.0,9.0,0,,-8,RELIABLE/AVOID (-8),BEST,5.0,47,0.3463,BAJA,0.0,🔵 DECENT,🟡 Average,,,,,,,,,,,False,1,0.872,False,-27.99,22.13,-12.11,sideways,stage1,VIGILAR,Construyendo base (lateral) — espera la reconquista de las medias,"nunca había estado así (sobrevendido (RSI<25), sobre su MA200 que baja) en el histórico disponible",0,,,,,"soporte vivo más cercano en 348.52 (-6.5%), puesto a prueba hace 59 días; aguantó 6 y se rompió 3",348.52,-6.5,59.0,6.0,3.0,False
AXP,0.0,,,,34.6,American Express Company,62.5,Financial Services,Credit Services,70.0,60.0,36.0,85.0,65.0,311.56,210399526912.0,15.0,5.9,False,down,7.8,False,0.0,10.0,True,1.0,2.0,4.5,False,387.49,-19.6,2.0,False,-7.5,"{'roe_pct': 34.4, 'debt_to_equity': 1.72, 'current_ratio': 1.55, 'operating_margin_pct': 20.3}","{'eps_growth_yoy': 7.8, 'positive_quarters': 4, 'earnings_accelerating': False, 'eps_accel_quarters': 0, 'profit_margin_pct': 16.1, 'score_bruto_sin_capar': 70.0, 'satura': False}",,375.96,450.0,315.0,25.0,buy,20.7,451.7,45.0,300.51,-3.5,múltiplo propio,4.0,0.52,False,,,reportado,,,,,,,3.8,7.63,23.77,1.22,21.5,1.1,True,-2.86,,,,7.7,32.0,2026-10-23,False,True,False,4.0,NEUTRAL,7.0,,,,1.41,,,,,,0.0,0.0,10.4,18.8,2026-09-21 05:04:11,2026-09-21,CONFIRMED_UPTREND,TRADE,False,16,Price below 150/200 MA - weak trend,DISTRIBUTION,35,"Moderate distribution (0.7x ratio, 42% up volume)",MEGA_FLOAT,522.2,30.0,29.1,15.0,False,down,5.9,0.0,False,0.0,True,1.0,2.0,14.0,32.0,59.4,Medio,26.6,0.0,0.0,0.0,-5.0,0.0,0.0,0.0,0.0,False,1/3,50.73,0.0,6.0,0.0,3.0,3.0,0.0,0.0,0.0,0.0,0.0,48.5,CONTRADICEN,,24.2,MEDIA,False,2.59,0.0,,1,Berkshire Hathaway (Buffett),0,UNRELIABLE/INSUFFICIENT (0),EXIT,-2.0,47,0.3463,BAJA,0.0,🔵 DECENT,🟡 Average,,,,,,,,SIN_DATOS,,,False,1,0.834,False,-18.94,7.71,-11.98,sideways,stage1,VIGILAR,Construyendo base (lateral) — espera la reconquista de las medias,"las 15 veces anteriores (RSI normal, bajo su MA200 que baja) o paró casi donde estaba o se desplomó hasta -35% — sin término medio; al año el 60% estaba en positivo (mediana +3%).",15,-12.1,-34.8,60.0,True,"soporte vivo más cercano en 308.40 (-1.0%), puesto a prueba hace 2 días; aguantó 2 y se rompió 4",308.4,-1.0,2.0,2.0,4.0,False
BSX,0.0,,,,32.0,Boston Scientific Corporation,62.0,Healthcare,Medical Devices,80.0,60.0,24.0,75.0,70.0,43.34,62809608192.0,15.0,0.5,False,down,13.8,False,0.0,7.5,True,1.0,3.3,2.5,False,105.65,-59.0,0.0,False,-7.5,"{'roe_pct': 15.3, 'debt_to_equity': 0.5, 'current_ratio': 1.24, 'operating_margin_pct': 22.9}","{'eps_growth_yoy': 13.8, 'op_growth_yoy': 32.1, 'crecimiento_respaldado': True, 'positive_quarters': 4, 'earnings_accelerating': False, 'eps_accel_quarters': 0, 'profit_margin_pct': 17.5, 'score_bruto_sin_capar': 80.0, 'satura': False}",,61.76,94.0,44.0,29.0,buy,42.5,53.91,24.4,,,,,,,,múltiplo propio 62x fuera del rango 8-45,normalizado,tasa fiscal efectiva 5.0% — el beneficio del periodo no es representativo,,,,,,,5.41,2.34,,,,False,,12.1,Operating Income,11.6,15.1,37.0,2026-10-28,False,True,False,8.0,STRONG,9.0,,5.29,53.7,0.84,,,,,,0.0,0.0,9.6,18.6,2026-09-21 05:04:11,2026-09-21,CONFIRMED_UPTREND,TRADE,False,0,Price below 150/200 MA - weak trend,NEUTRAL,40,"No clear pattern (0.9x ratio, 47% up volume)",MEGA_FLOAT,1445.0,25.0,28.2,15.0,False,down,0.5,0.0,False,0.0,True,1.0,2.0,25.0,32.0,25.0,Bajo 50%,9.3,-3.0,0.0,0.0,-5.0,0.0,0.0,0.0,0.0,False,1/3,42.4,0.0,6.0,0.0,0.0,5.0,-0.39,-0.39,0.0,0.0,0.0,,,33.4,18.1,,True,5.31,10.0,52.0,0,,-8,RELIABLE/AVOID (-8),BEST,8.0,2,0.3197,BAJA,0.0,🔵 DECENT,🟡 Average,,,,,,,,,,,False,0,0.892,False,-58.98,2.7,-55.66,downtrend,stage1,ESPERAR,En caída (bajo MA200 descendente) — espera a que haga suelo,"las 10 veces anteriores (RSI normal, bajo su MA200 que baja) cayó otro 7% de mediana (peor caso -14%); al año el 100% estaba en positivo (mediana +36%).",10,-6.9,-13.9,100.0,False,"soporte vivo más cercano en 42.46 (-2.0%), puesto a prueba hace 1 días; aguantó 5 de 5 veces",42.46,-2.0,1.0,5.0,0.0,False
PSA,68.44736842105263,Excellent,Stage Unknown,16.130381941005037,22.4,Public Storage,65.2,Real Estate,REIT - Industrial,85.0,70.0,36.0,60.0,60.0,296.31,55366201344.0,15.0,24.3,False,down,39.5,False,0.0,2.6,True,2.0,4.2,7.6,False,335.55,-11.7,4.0,False,-5.2,"{'roe_pct': 21.9, 'debt_to_equity': 1.1, 'current_ratio': 0.22, 'operating_margin_pct': 45.7}","{'eps_growth_yoy': 39.5, 'op_growth_yoy': -3.0, 'crecimiento_respaldado': False, 'crecimiento_puntuado': 25.0, 'positive_quarters': 4, 'earnings_accelerating': False, 'eps_accel_quarters': 0, 'profit_margin_pct': 41.6, 'score_bruto_sin_capar': 95.0, 'satura': False}",,337.11,374.0,285.0,18.0,buy,13.8,268.1,-9.5,202.08,-31.8,múltiplo propio,4.0,0.65,False,,,normalizado,tasa fiscal efectiva -0.4% — el beneficio del periodo no es representativo,,,,,,12.0,5.21,15.44,4.05,114.5,3.51,False,0.34,6.9,Operating Income,7.3,18.0,37.0,2026-10-28,False,True,False,5.0,NEUTRAL,9.0,,3.4,1163.1,0.64,,,,,,31.700000000000003,27.4,6.7,19.6,2026-09-21 05:04:11,2026-09-21,CONFIRMED_UPTREND,TRADE,False,66,Price below 150/200 MA - weak trend,DISTRIBUTION,25,"Moderate distribution (0.7x ratio, 40% up volume)",HIGH_FLOAT,158.6,27.0,53.7,15.0,False,down,24.3,0.0,False,0.0,True,2.0,2.0,,32.0,,Sin datos suficientes,24.3,0.0,0.0,3.0,0.0,0.0,0.0,0.0,0.0,False,1/3,48.99999999999999,0.0,6.0,-2.0,0.0,5.0,-0.13,-0.13,0.0,0.0,0.0,22.3,DISPERSOS,-9.5,34.4,MEDIA,False,1.72,0.0,48.0,0,,0,UNRELIABLE/INSUFFICIENT (0),,0.0,3,0.2235,BAJA,49.74368421052632,⚪ WEAK,🟡 Average,,,,,,,,,,,False,2,0.863,False,-10.79,18.97,-4.36,sideways,stage2,VIGILAR,Sobre MA200 pero las medias aún no están apiladas (50>150>200) — falta confirmación,"las 39 veces anteriores (RSI normal, sobre su MA200 que sube) cayó otro 8% de mediana (peor caso -35%); al año el 72% estaba en positivo (mediana +8%).",39,-8.3,-35.1,72.0,False,"soporte vivo más cercano en 294.15 (-0.7%), puesto a prueba hace 17 días; aguantó 6 y se rompió 1",294.15,-0.7,17.0,6.0,1.0,False
KO,0.0,,,,5.5,The Coca-Cola Company,74.7,Consumer Defensive,Beverages - Non-Alcoholic,85.0,70.0,68.3,80.0,60.0,88.25,379699953664.0,80.0,76.6,False,up,16.1,False,0.0,6.7,True,2.0,0.9,2.7,False,92.49,-4.6,8.0,True,1.9,"{'roe_pct': 42.1, 'debt_to_equity': 1.16, 'current_ratio': 1.3, 'operating_margin_pct': 34.9}","{'eps_growth_yoy': 16.1, 'op_growth_yoy': 7.9, 'crecimiento_respaldado': True, 'positive_quarters': 4, 'earnings_accelerating': False, 'eps_accel_quarters': 0, 'profit_margin_pct': 28.6, 'score_bruto_sin_capar': 85.0, 'satura': False}",,94.7,104.0,75.0,23.0,buy,7.3,69.7,-21.0,77.71,-11.9,múltiplo propio,4.0,0.17,False,,,reportado,,,,,,,2.12,3.75,3.31,2.4,62.5,2.86,False,-0.05,10.2,Operating Income,12.0,16.9,29.0,2026-10-20,False,True,False,7.0,NEUTRAL,9.0,,3.64,77.0,1.48,,,,,,46.1,0.0,1.6,22.4,2026-09-21 05:04:11,2026-09-21,CONFIRMED_UPTREND,TRADE,True,100,Passes Minervini Template (6/6 criteria),ACCUMULATION,60,"Moderate accumulation (1.2x ratio, 55% up volume)",MEGA_FLOAT,3874.0,3.0,24.1,80.0,False,up,76.6,5.0,False,0.0,True,2.0,2.0,8.0,32.0,78.1,Top 25%,38.3,3.0,0.0,5.0,10.0,0.0,0.0,0.0,0.0,False,3/3,43.155,0.0,3.0,3.0,0.0,5.0,0.0,0.0,0.0,0.0,0.0,9.1,COHERENTES,-11.9,23.8,MEDIA,False,0.91,5.0,88.0,1,Berkshire Hathaway (Buffett),-5,MIXED/AVOID (-5),CAUTION,5.0,47,0.0548,BAJA,37.47,⚪ WEAK,🟡 Average,,,,,,,,,,,True,3,0.697,False,-4.01,38.63,1.5,uptrend,stage3,VIGILAR,Extendida cerca de máximos — espera un pullback,"las 42 veces anteriores (RSI normal, sobre su MA200 que sube) cayó otro 6% de mediana (peor caso -30%); al año el 79% estaba en positivo (mediana +5%).",42,-6.4,-30.3,79.0,False,"soporte vivo más cercano en 84.90 (-3.8%), puesto a prueba hace 46 días; aguantó 1 de 1 veces",84.9,-3.8,46.0,1.0,0.0,False
AMZN,0.0,,,,50.0,"Amazon.com, Inc.",69.8,Consumer Cyclical,Internet Retail,85.0,60.0,50.3,85.0,65.0,253.71,2736595664896.0,35.0,45.1,False,up,76.7,True,1.0,16.6,False,0.0,0.9,2.2,False,287.2,-11.7,5.0,False,-0.8,"{'roe_pct': 30.6, 'debt_to_equity': 0.46, 'current_ratio': 1.03, 'operating_margin_pct': 13.7}","{'eps_growth_yoy': 76.7, 'op_growth_yoy': 29.6, 'crecimiento_respaldado': False, 'crecimiento_puntuado': 54.6, 'positive_quarters': 4, 'earnings_accelerating': True, 'eps_accel_quarters': 1, 'profit_margin_pct': 17.4, 'score_bruto_sin_capar': 110.0, 'satura': True}",,328.22,405.0,230.0,59.0,strong_buy,29.4,41.51,-83.6,493.46,94.5,múltiplo propio,3.0,0.51,True,,,reportado,,,,,,,,1.08,2.74,,,,False,,33.7,Operating Income,46.6,242.3,38.0,2026-10-29,False,True,False,6.0,NEUTRAL,9.0,,2.79,17.6,0.1,,,,,,29.9,0.0,,20.9,2026-09-21 05:04:11,2026-09-21,CONFIRMED_UPTREND,TRADE,True,83,Passes Minervini Template (5/6 criteria),DISTRIBUTION,35,"Moderate distribution (0.7x ratio, 41% up volume)",MEGA_FLOAT,9810.5,10.0,29.9,35.0,False,up,45.1,2.0,True,1.0,False,0.0,2.0,,32.0,,Sin datos suficientes,45.1,0.0,0.0,3.0,3.0,0.0,0.0,0.0,0.0,False,2/3,47.92,0.0,0.0,0.0,0.0,5.0,0.0,0.0,0.0,0.0,0.0,178.1,CONTRADICEN,,113.0,ALTA,False,3.68,2.0,147.0,1,Pershing Square (Ackman),0,UNRELIABLE/INSUFFICIENT (0),CAUTION,-8.0,0,,,20.48,⚪ WEAK,🟡 Average,,,,,,,,,,,False,2,0.741,False,-11.66,29.44,5.5,sideways,stage2,VIGILAR,Sobre MA200 pero las medias aún no están apiladas (50>150>200) — falta confirmación,"las 45 veces anteriores (RSI normal, sobre su MA200 que sube) cayó otro 8% de mediana (peor caso -43%); al año el 82% estaba en positivo (mediana +25%).",45,-7.6,-42.7,82.0,False,"soporte vivo más cercano en 251.93 (-0.7%), puesto a prueba hace 17 días; aguantó 2 y se rompió 1",251.93,-0.7,17.0,2.0,1.0,False
AVGO,0.0,,,,29.2,Broadcom Inc.,82.7,Technology,Semiconductors,100.0,100.0,36.0,90.0,70.0,357.61,1707097718784.0,15.0,10.8,False,down,216.1,True,2.0,85.5,True,2.0,1.1,2.6,False,495.0,-27.8,3.0,False,-5.8,"{'roe_pct': 44.2, 'debt_to_equity': 0.6, 'current_ratio': 2.5, 'operating_margin_pct': 54.3}","{'eps_growth_yoy': 216.1, 'op_growth_yoy': 164.4, 'crecimiento_respaldado': False, 'crecimiento_puntuado': 189.4, 'positive_quarters': 4, 'earnings_accelerating': True, 'eps_accel_quarters': 2, 'profit_margin_pct': 42.9, 'score_bruto_sin_capar': 125.0, 'satura': True}",,531.85,715.0,215.88,47.0,strong_buy,48.7,134.95,-62.3,154.69,-56.7,múltiplo propio,3.0,2.46,True,2024-10-31,,normalizado,tasa fiscal efectiva 5.4% — el beneficio del periodo no es representativo,,,,,,2.6,2.34,8.37,0.73,32.4,1.76,False,0.56,13.9,Operating Income,14.0,215.3,79.0,2026-12-09,False,True,False,8.0,STRONG,9.0,,1.5,167.3,0.09,,,,,,16.6,0.0,8.8,24.8,2026-09-21 05:04:11,2026-09-21,CONFIRMED_UPTREND,TRADE,False,50,Price below 150/200 MA - weak trend,NEUTRAL,40,"No clear pattern (0.9x ratio, 46% up volume)",MEGA_FLOAT,4715.0,25.0,33.6,15.0,False,down,10.8,0.0,True,2.0,True,2.0,8.0,,32.0,,Sin datos suficientes,10.8,0.0,0.0,0.0,0.0,0.0,0.0,0.0,0.0,False,1/3,47.540000000000006,5.0,0.0,0.0,0.0,5.0,0.0,0.0,0.0,0.0,0.0,5.6,COHERENTES,-56.7,108.2,ALTA,True,6.09,10.0,91.0,0,,0,UNRELIABLE/INSUFFICIENT (0),WATCH,0.0,2,0.2925,BAJA,8.270000000000001,⚪ WEAK,🟡 Average,,,,,,,,,,,False,2,0.763,False,-27.64,23.53,-2.44,sideways,stage4_ma_alcista,ESPERAR,"Ha perdido la MA200, aunque la media sigue subiendo — corrección dentro de tendencia, espera a que la recupere","las 13 veces anteriores (RSI normal, bajo su MA200 que sube) cayó otro 11% de mediana (peor caso -41%); al año el 100% estaba en positivo (mediana +43%).",13,-10.9,-40.6,100.0,False,"soporte vivo más cercano en 353.24 (-1.2%), puesto a prueba hace 8 días; aguantó 5 y se rompió 4",353.24,-1.2,8.0,5.0,4.0,False
ECL,0.0,,,,17.1,Ecolab Inc.,64.0,Basic Materials,Specialty Chemicals,80.0,60.0,36.0,75.0,65.0,269.46,75537342464.0,15.0,19.8,False,down,2.0,True,1.0,9.7,True,1.0,1.9,3.3,False,309.27,-12.9,4.0,False,-2.7,"{'roe_pct': 22.0, 'debt_to_equity': 1.38, 'current_ratio': 1.84, 'operating_margin_pct': 18.5}","{'eps_growth_yoy': 2.0, 'op_growth_yoy': 9.5, 'crecimiento_respaldado': True, 'positive_quarters': 4, 'earnings_accelerating': True, 'eps_accel_quarters': 1, 'profit_margin_pct': 12.6, 'score_bruto_sin_capar': 80.0, 'satura': False}",,324.95,360.0,295.0,21.0,buy,20.6,128.87,-52.2,269.66,0.1,múltiplo propio,4.0,0.25,False,,,reportado,,,,,,,2.92,2.66,7.17,1.08,38.1,1.06,True,-1.12,9.4,Operating Income,9.1,3.3,36.0,2026-10-27,False,True,False,6.0,NEUTRAL,9.0,,3.43,52.9,8.67,BULLISH,0.0,40.0,1.0,0.0,13.0,0.0,5.1,19.2,2026-09-21 05:04:11,2026-09-21,CONFIRMED_UPTREND,TRADE,False,66,Price below 150/200 MA - weak trend,DISTRIBUTION,35,"Moderate distribution (0.8x ratio, 45% up volume)",MEGA_FLOAT,279.8,30.0,24.3,15.0,False,down,19.8,0.0,True,1.0,True,1.0,5.0,13.0,32.0,62.5,Medio,28.2,0.0,0.0,3.0,0.0,5.0,0.0,0.0,0.0,False,1/3,39.455,0.0,0.0,0.0,3.0,1.0,0.0,0.0,0.0,0.0,0.0,52.3,CONTRADICEN,,72.8,ALTA,False,2.58,2.0,110.0,0,,-8,RELIABLE/AVOID (-8),,0.0,32,0.171,BAJA,15.4,⚪ WEAK,🟡 Average,,,,,,,,,,,False,2,0.838,False,-12.17,11.42,-12.41,sideways,stage1,VIGILAR,Construyendo base (lateral) — espera la reconquista de las medias,"las 14 veces anteriores (sobrevendido (RSI<25), bajo su MA200 que sube) o paró casi donde estaba o se desplomó hasta -38% — sin término medio; al año el 86% estaba en positivo (mediana +18%).",14,-5.6,-37.8,86.0,True,"soporte vivo más cercano en 266.24 (-1.2%), puesto a prueba hace 0 días; aguantó 6 y se rompió 2",266.24,-1.2,0.0,6.0,2.0,False
HD,0.0,,,,50.0,"The Home Depot, Inc.",63.3,Consumer Cyclical,Home Improvement Retail,85.0,70.0,24.0,60.0,65.0,299.98,299286921216.0,15.0,0.0,False,down,4.7,True,2.0,5.7,True,2.0,1.0,2.4,False,414.88,-27.7,0.0,False,-9.0,"{'roe_pct': 104.3, 'debt_to_equity': 3.8, 'current_ratio': 1.08, 'operating_margin_pct': 12.9}","{'eps_growth_yoy': 4.7, 'op_growth_yoy': 4.3, 'crecimiento_respaldado': True, 'positive_quarters': 4, 'earnings_accelerating': True, 'eps_accel_quarters': 2, 'profit_margin_pct': 8.4, 'score_bruto_sin_capar': 85.0, 'satura': False}",,377.19,425.0,310.0,32.0,buy,25.7,248.71,-17.1,339.43,13.2,múltiplo propio,4.0,0.37,False,,,reportado,,,,,,,9.32,5.05,15.15,3.11,64.8,2.41,False,0.2,8.7,Operating Income,8.8,4.6,57.0,2026-11-17,False,True,False,5.0,NEUTRAL,9.0,,5.8,53.3,4.07,,,,,,3.0,0.0,,19.0,2026-09-21 05:04:11,2026-09-21,CONFIRMED_UPTREND,TRADE,False,0,Price below 150/200 MA - weak trend,DISTRIBUTION,25,"Moderate distribution (0.6x ratio, 38% up volume)",MEGA_FLOAT,996.0,30.0,27.1,15.0,False,down,0.0,0.0,True,2.0,True,2.0,8.0,,32.0,,Sin datos suficientes,0.0,0.0,0.0,0.0,-5.0,0.0,0.0,0.0,0.0,False,1/3,47.32,0.0,6.0,5.0,0.0,1.0,0.0,0.0,0.0,0.0,0.0,30.3,CONTRADICEN,,42.8,ALTA,False,3.21,0.0,47.0,0,,0,UNRELIABLE/INSUFFICIENT (0),,0.0,3,,,0.0,⚪ WEAK,🟡 Average,,,,,,,,,,,False,0,0.778,False,-26.8,5.31,-23.12,downtrend,stage1,ESPERAR,En caída (bajo MA200 descendente) — espera a que haga suelo,"las 5 veces anteriores (sobrevendido (RSI<25), bajo su MA200 que baja) cayó otro 2% de mediana (peor caso -5%); al año el 100% estaba en positivo (mediana +40%).",5,-1.8,-5.4,100.0,False,"el soporte más cercano está en 284.85 (-5.0%), sin visitar desde hace 4 meses; aguantó 1 de 1 veces",284.85,-5.0,122.0,1.0,0.0,True
OXY,0.0,,,,34.6,Occidental Petroleum Corporation,76.2,Energy,Oil & Gas E&P,100.0,80.0,38.3,80.0,65.0,58.84,58818662400.0,35.0,42.6,False,up,808.8,True,2.0,53.4,False,0.0,0.0,0.0,False,67.45,-12.8,7.0,True,1.8,"{'roe_pct': 10.6, 'debt_to_equity': 0.35, 'current_ratio': 1.41, 'operating_margin_pct': 45.4}","{'eps_growth_yoy': 808.8, 'op_growth_yoy': 359.3, 'crecimiento_respaldado': False, 'crecimiento_puntuado': 384.3, 'positive_quarters': 3, 'earnings_accelerating': True, 'eps_accel_quarters': 2, 'profit_margin_pct': 30.3, 'score_bruto_sin_capar': 118.0, 'satura': True}",,68.0,82.0,55.0,25.0,buy,15.6,68.8,16.9,45.24,-23.1,múltiplo propio,4.0,0.97,False,,,reportado,,,,,,,1.12,7.73,4.55,1.9,29.5,1.14,False,0.18,5.7,Operating Income,6.2,675.4,49.0,2026-11-09,False,True,False,4.0,NEUTRAL,9.0,,4.76,5.8,0.02,,,,,,47.2,0.0,10.4,22.9,2026-09-21 05:04:11,2026-09-21,CONFIRMED_UPTREND,TRADE,True,100,Passes Minervini Template (6/6 criteria),ACCUMULATION,60,"Moderate accumulation (1.2x ratio, 54% up volume)",MEGA_FLOAT,995.6,3.0,33.2,35.0,False,up,42.6,2.0,True,2.0,False,0.0,5.0,,32.0,,Sin datos suficientes,42.6,0.0,0.0,3.0,7.0,0.0,0.0,0.0,0.0,False,3/3,47.21,0.0,6.0,3.0,0.0,5.0,0.65,2.29,2.0,0.0,0.0,40.0,CONTRADICEN,,38.7,MEDIA,False,1.95,0.0,119.0,1,Berkshire Hathaway (Buffett),0,UNRELIABLE/INSUFFICIENT (0),,0.0,42,0.3463,BAJA,27.12,⚪ WEAK,🟡 Average,,,,,,,,,,,True,3,1.104,False,-11.96,53.78,-20.22,uptrend,stage2,ENTRADA,Stage 2: sobre MA200 ascendente sin sobreextensión — suelo confirmado,"las 25 veces anteriores (RSI normal, sobre su MA200 que sube) cayó otro 13% de mediana (peor caso -42%); al año el 52% estaba en positivo (mediana +0%).",25,-13.0,-42.3,52.0,False,"soporte vivo más cercano en 57.28 (-2.7%), puesto a prueba hace 24 días; aguantó 5 y se rompió 2",57.28,-2.7,24.0,5.0,2.0,False
MA,0.0,,,,44.2,Mastercard Incorporated,72.3,Financial Services,Credit Services,95.0,70.0,50.3,65.0,65.0,565.24,495155838976.0,35.0,44.7,False,up,18.6,True,1.0,14.1,True,1.0,0.9,2.6,False,601.23,-6.0,4.0,False,-0.2,"{'roe_pct': 241.2, 'debt_to_equity': 4.4, 'current_ratio': 1.06, 'operating_margin_pct': 61.1}","{'eps_growth_yoy': 18.6, 'op_growth_yoy': 16.6, 'crecimiento_respaldado': True, 'positive_quarters': 4, 'earnings_accelerating': True, 'eps_accel_quarters': 1, 'profit_margin_pct': 46.3, 'score_bruto_sin_capar': 95.0, 'satura': False}",,666.71,740.0,550.0,37.0,strong_buy,18.0,482.5,-14.6,635.56,12.4,múltiplo propio,4.0,0.12,False,,,reportado,,,,,,,3.48,3.28,18.54,0.62,17.9,0.55,True,-3.39,28.1,Operating Income,28.0,22.1,38.0,2026-10-29,False,True,False,9.0,STRONG,9.0,,3.84,629.7,1.11,BEARISH,999.0,40.0,0.0,1.0,6.899999999999999,0.0,13.3,21.7,2026-09-21 05:04:11,2026-09-21,CONFIRMED_UPTREND,TRADE,False,50,150 MA below 200 MA - not in Stage 2,DISTRIBUTION,35,"Moderate distribution (0.8x ratio, 44% up volume)",MEGA_FLOAT,868.4,30.0,34.9,35.0,False,up,44.7,2.0,True,1.0,True,1.0,5.0,14.0,32.0,59.4,Medio,26.6,0.0,0.0,3.0,0.0,-8.0,0.0,0.0,0.0,False,1/3,39.13,0.0,3.0,0.0,3.0,5.0,0.0,-0.09,0.0,0.0,0.0,27.0,CONTRADICEN,,32.6,MEDIA,False,2.25,10.0,37.0,0,,-8,RELIABLE/AVOID (-8),CAUTION,-8.0,47,0.442,BAJA,16.23,⚪ WEAK,🟡 Average,,,,,,,,,,,False,1,0.72,False,-5.99,21.89,-3.76,sideways,stage2,VIGILAR,Sobre MA200 pero las medias aún no están apiladas (50>150>200) — falta confirmación,"las 50 veces anteriores (RSI normal, sobre su MA200 que sube) cayó otro 6% de mediana (peor caso -32%); al año el 86% estaba en positivo (mediana +19%).",50,-6.5,-32.4,86.0,False,"soporte vivo más cercano en 558.25 (-1.2%), puesto a prueba hace 9 días; aguantó 6 y se rompió 3",558.25,-1.2,9.0,6.0,3.0,False
NDSN,0.0,,,,32.1,Nordson Corporation,72.8,Industrials,Specialty Industrial Machinery,90.0,60.0,60.3,85.0,60.0,311.57,17354252288.0,60.0,71.3,False,up,21.5,True,1.0,10.3,False,0.0,3.3,3.9,False,339.12,-8.1,8.0,True,1.4,"{'roe_pct': 17.8, 'debt_to_equity': 0.56, 'current_ratio': 1.82, 'operating_margin_pct': 27.4}","{'eps_growth_yoy': 21.5, 'op_growth_yoy': 11.6, 'crecimiento_respaldado': True, 'positive_quarters': 4, 'earnings_accelerating': True, 'eps_accel_quarters': 1, 'profit_margin_pct': 18.6, 'score_bruto_sin_capar': 90.0, 'satura': False}",,349.71,375.0,282.0,7.0,buy,12.2,213.35,-31.5,253.06,-18.8,múltiplo propio,4.0,0.22,False,,,reportado,,,,,,,3.76,4.12,12.84,1.21,33.2,1.08,True,-1.24,8.8,Operating Income,8.4,16.1,79.0,2026-12-09,False,True,False,7.0,NEUTRAL,9.0,,3.8,67.1,1.04,,,,,,51.5,0.0,9.6,21.8,2026-09-21 05:04:11,2026-09-21,CONFIRMED_UPTREND,TRADE,True,100,Passes Minervini Template (6/6 criteria),ACCUMULATION,60,"Moderate accumulation (1.2x ratio, 55% up volume)",MEDIUM_FLOAT,49.6,0.0,31.5,60.0,False,up,71.3,2.0,True,1.0,False,0.0,2.0,7.0,32.0,81.2,Top 25%,39.0,3.0,0.0,3.0,10.0,0.0,0.0,0.0,0.0,False,3/3,38.425,0.0,3.0,0.0,3.0,5.0,0.0,9.14,0.0,0.0,0.0,12.7,COHERENTES,-18.8,37.3,MEDIA,False,1.52,5.0,86.0,0,,-8,RELIABLE/AVOID (-8),WATCH,3.0,28,0.3215,BAJA,31.28,⚪ WEAK,🟡 Average,,,,,,,,,,,True,3,0.824,False,-7.85,43.08,1.25,uptrend,stage2,ENTRADA,Stage 2: sobre MA200 ascendente sin sobreextensión — suelo confirmado,"las 40 veces anteriores (RSI normal, sobre su MA200 que sube) o paró casi donde estaba o se desplomó hasta -44% — sin término medio; al año el 70% estaba en positivo (mediana +8%).",40,-9.8,-43.7,70.0,True,"soporte vivo más cercano en 302.01 (-3.1%), puesto a prueba hace 2 días; aguantó 1 de 1 veces",302.01,-3.1,2.0,1.0,0.0,False
DOL.TO,0.0,,,,35.6,Dollarama Inc.,63.3,Consumer Defensive,Discount Stores,80.0,70.0,24.0,70.0,65.0,174.18,46744596480.0,15.0,11.0,False,down,8.7,True,1.0,17.6,True,1.0,,4.0,False,209.96,-17.0,1.0,False,-5.0,"{'roe_pct': 93.1, 'debt_to_equity': 4.0, 'current_ratio': 1.55, 'operating_margin_pct': 23.1}","{'eps_growth_yoy': 8.7, 'op_growth_yoy': 5.0, 'crecimiento_respaldado': True, 'positive_quarters': 4, 'earnings_accelerating': True, 'eps_accel_quarters': 1, 'profit_margin_pct': 17.3, 'score_bruto_sin_capar': 80.0, 'satura': False}",,208.06,236.0,148.0,17.0,buy,19.5,159.96,-8.2,153.2,-12.0,múltiplo propio,4.0,0.36,False,,,reportado,,,,,,,0.47,3.68,6.41,0.27,9.1,0.26,True,-2.42,7.9,Operating Income,9.1,11.2,80.0,2026-12-10,False,True,False,5.0,NEUTRAL,9.0,,3.35,45.6,2.66,,,,,,3.6999999999999993,0.0,10.7,19.0,2026-09-21 05:04:11,2026-09-21,CONFIRMED_UPTREND,TRADE,False,16,Price below 150/200 MA - weak trend,NEUTRAL,50,"No clear pattern (0.7x ratio, 42% up volume)",MEGA_FLOAT,264.3,23.0,29.7,15.0,False,down,11.0,0.0,True,1.0,True,1.0,5.0,27.0,32.0,18.8,Bottom 25%,7.2,-3.0,0.0,0.0,-5.0,0.0,0.0,0.0,0.0,False,1/3,45.8,0.0,3.0,0.0,3.0,3.0,0.06,0.06,0.0,0.0,0.0,3.8,COHERENTES,-8.2,29.6,MEDIA,False,2.44,0.0,117.0,0,,0,UNRELIABLE/INSUFFICIENT (0),WATCH,-3.0,3,0.3558,BAJA,0.0,⚪ WEAK,🟡 Average,,,,,,,,,,,False,1,1.251,False,-16.89,6.7,-21.48,downtrend,stage1,ESPERAR,En caída (bajo MA200 descendente) — espera a que haga suelo,"las 4 veces anteriores (RSI normal, bajo su MA200 que baja) cayó otro 11% de mediana (peor caso -28%); al año el 100% estaba en positivo (mediana +16%). ⚠ solo 4 casos, no decide nada",4,-10.7,-28.2,100.0,False,"soporte vivo más cercano en 173.25 (-0.5%), puesto a prueba hace 22 días; aguantó 2 y se rompió 1",173.25,-0.5,22.0,2.0,1.0,False
VCISY,0.0,,,,24.8,Vinci SA,,Industrials,Engineering & Construction,,,,,,31.76,70241845248.0,15.0,0.0,False,down,,,0.0,,,0.0,,,False,42.1,-24.6,2.0,False,-6.8,"{'roe_pct': 16.3, 'debt_to_equity': 1.21, 'current_ratio': 0.82, 'operating_margin_pct': 11.2}","{'profit_margin_pct': 6.7, 'score_bruto_sin_capar': 50.0, 'satura': False}",el 55% del score se apoyaría en valores por defecto: no hay estados trimestrales para este valor,38.83,42.0,36.28,3.0,none,22.2,91.27,187.4,33.02,4.0,múltiplo propio,4.0,0.34,False,,,reportado,,,,,,,1.46,14.34,4.55,4.61,55.6,3.67,,,,,,5.4,137.0,2027-02-05,False,True,False,7.0,NEUTRAL,9.0,,9.03,54.0,0.97,,,,,,0.0,0.0,7.4,,2026-09-21 05:04:11,2026-09-21,CONFIRMED_UPTREND,TRADE,False,33,Price below 150/200 MA - weak trend,NEUTRAL,40,"No clear pattern (0.7x ratio, 42% up volume)",MEGA_FLOAT,1630.9,25.0,10.6,15.0,False,down,0.0,0.0,,0.0,,0.0,0.0,,32.0,,Sin datos suficientes,0.0,0.0,0.0,0.0,-5.0,0.0,0.0,0.0,0.0,False,1/3,45.24,0.0,8.0,5.0,0.0,3.0,0.0,0.0,0.0,0.0,0.0,183.4,DISPERSOS,22.2,-73.5,,False,2.78,5.0,22.0,0,,0,,BEST,8.0,2,0.2483,BAJA,0.0,⚪ WEAK,🟡 Average,,,,,,,,,,,False,1,0.992,False,-22.53,0.54,-26.39,downtrend,stage1,ESPERAR,En caída (bajo MA200 descendente) — espera a que haga suelo,"las 17 veces anteriores (RSI normal, bajo su MA200 que baja) cayó otro 13% de mediana (peor caso -19%); al año el 100% estaba en positivo (mediana +25%).",17,-13.1,-19.3,100.0,False,"el soporte más cercano está en 29.33 (-7.5%), sin visitar desde hace 17 meses; aguantó 1 y se rompió 1",29.33,-7.5,532.0,1.0,1.0,True
ASML,0.0,,,,24.6,ASML Holding N.V.,82.3,Technology,Semiconductor Equipment & Materials,100.0,80.0,57.6,95.0,65.0,1679.92,645257297920.0,60.0,63.3,False,down,27.4,True,1.0,21.3,True,1.0,0.4,1.3,False,1999.96,-16.0,6.0,False,-2.4,"{'roe_pct': 53.9, 'debt_to_equity': 0.09, 'current_ratio': 1.33, 'operating_margin_pct': 37.1}","{'eps_growth_yoy': 27.4, 'op_growth_yoy': 29.7, 'crecimiento_respaldado': True, 'positive_quarters': 4, 'earnings_accelerating': True, 'eps_accel_quarters': 1, 'profit_margin_pct': 30.1, 'score_bruto_sin_capar': 105.0, 'satura': True}",,2135.42,2843.58,888.02,16.0,strong_buy,27.1,510.36,-69.6,1084.76,-35.4,múltiplo propio,4.0,0.2,False,,,reportado,,,,,,,9.08,1.79,30.07,0.54,29.7,0.83,False,-0.9,,,,28.5,23.0,2026-10-14,False,True,False,6.0,NEUTRAL,7.0,,0.03,77.5,0.99,,,,,,37.1,0.0,7.4,24.7,2026-09-21 05:04:11,2026-09-21,CONFIRMED_UPTREND,TRADE,True,100,Passes Minervini Template (6/6 criteria),NEUTRAL,40,"No clear pattern (1.0x ratio, 49% up volume)",MEGA_FLOAT,21331.6,5.0,32.1,60.0,False,down,63.3,0.0,True,1.0,True,1.0,5.0,,32.0,,Sin datos suficientes,63.3,0.0,0.0,0.0,5.0,0.0,0.0,0.0,0.0,False,2/3,37.15,5.0,0.0,0.0,0.0,5.0,-0.11,-0.11,0.0,0.0,0.0,34.2,DISPERSOS,-35.4,79.6,ALTA,False,3.39,2.0,121.0,0,,-8,RELIABLE/AVOID (-8),WATCH,-3.0,2,0.2464,BAJA,15.73,⚪ WEAK,🟡 Average,,,,,,,,,,,False,2,0.843,False,-15.89,84.6,9.94,sideways,stage2,VIGILAR,Sobre MA200 pero las medias aún no están apiladas (50>150>200) — falta confirmación,"las 42 veces anteriores (RSI normal, sobre su MA200 que sube) cayó otro 11% de mediana (peor caso -53%); al año el 69% estaba en positivo (mediana +22%).",42,-11.2,-52.8,69.0,False,"soporte vivo más cercano en 1627.80 (-3.1%), puesto a prueba hace 15 días; aguantó 3 y se rompió 1",1627.8,-3.1,15.0,3.0,1.0,False
MCD,0.0,,,,36.1,McDonald's Corporation,61.5,Consumer Cyclical,Restaurants,85.0,60.0,24.0,65.0,65.0,248.24,175664939008.0,15.0,0.0,False,down,4.8,True,1.0,3.8,True,1.0,1.9,2.7,False,341.75,-27.4,0.0,False,-6.0,"{'current_ratio': 1.08, 'operating_margin_pct': 46.5}","{'eps_growth_yoy': 4.8, 'op_growth_yoy': 1.3, 'crecimiento_respaldado': True, 'positive_quarters': 4, 'earnings_accelerating': True, 'eps_accel_quarters': 1, 'profit_margin_pct': 31.7, 'score_bruto_sin_capar': 85.0, 'satura': False}",,311.55,407.0,250.0,31.0,buy,25.5,237.76,-4.2,304.48,22.7,múltiplo propio,4.0,0.2,False,,,reportado,,,,,,,7.72,4.54,11.27,3.11,59.7,2.24,False,-0.91,7.8,Operating Income,7.9,4.0,45.0,2026-11-05,False,True,False,6.0,NEUTRAL,9.0,,5.4,28.9,3.12,,,,,,0.0,0.0,10.8,18.4,2026-09-21 05:04:11,2026-09-21,CONFIRMED_UPTREND,TRADE,False,0,Price below 150/200 MA - weak trend,DISTRIBUTION,25,"Moderate distribution (0.6x ratio, 36% up volume)",MEGA_FLOAT,706.6,30.0,29.3,15.0,False,down,0.0,0.0,True,1.0,True,1.0,5.0,30.0,32.0,9.4,Bottom 25%,4.4,-3.0,0.0,0.0,-5.0,0.0,0.0,0.0,0.0,False,1/3,39.905,0.0,3.0,5.0,0.0,1.0,-1.03,-1.43,0.0,1.0,-1.5,26.9,CONTRADICEN,,29.7,MEDIA,False,3.19,2.0,83.0,0,,-5,MIXED/AVOID (-5),,0.0,5,0.3613,BAJA,0.0,⚪ WEAK,🔴 Weak,,,,,,,,,,,False,0,0.709,False,-25.94,0.24,-36.54,downtrend,stage1,ESPERAR,En caída (bajo MA200 descendente) — espera a que haga suelo,"las 6 veces anteriores (sobrevendido (RSI<25), bajo su MA200 que baja) cayó otro 1% de mediana (peor caso -8%); al año el 100% estaba en positivo (mediana +21%).",6,-0.7,-7.9,100.0,False,sin soportes identificables por debajo,,,,,,
MANH,0.0,,,,8.3,"Manhattan Associates, Inc.",70.8,Technology,Software - Application,70.0,70.0,75.0,75.0,60.0,211.46,12329169920.0,60.0,66.6,False,up,-11.3,True,2.0,9.3,True,2.0,6.2,3.2,False,227.03,-6.9,6.0,False,9.4,"{'roe_pct': 96.4, 'debt_to_equity': 0.34, 'current_ratio': 0.98, 'operating_margin_pct': 25.0}","{'eps_growth_yoy': -11.3, 'op_growth_yoy': 0.9, 'crecimiento_respaldado': True, 'positive_quarters': 4, 'earnings_accelerating': True, 'eps_accel_quarters': 2, 'profit_margin_pct': 18.7, 'score_bruto_sin_capar': 70.0, 'satura': False}",,217.7,260.0,180.0,10.0,buy,3.0,88.75,-58.0,,,,,,,,múltiplo propio 68x fuera del rango 8-45,reportado,,,,,,,,3.24,6.85,,,,True,-3.4,,,,-8.6,36.0,2026-10-27,False,True,False,6.0,NEUTRAL,9.0,,2.32,140.7,,,,,,,21.7,0.0,2.5,21.2,2026-09-21 05:04:11,2026-09-21,CONFIRMED_UPTREND,TRADE,False,66,150 MA below 200 MA - not in Stage 2,ACCUMULATION,65,"Moderate accumulation (1.3x ratio, 57% up volume)",HIGH_FLOAT,54.4,20.0,23.7,60.0,False,up,66.6,2.0,True,2.0,True,2.0,8.0,16.0,32.0,53.1,Medio,24.0,0.0,0.0,3.0,5.0,0.0,0.0,0.0,0.0,False,2/3,43.735,5.0,3.0,0.0,3.0,0.0,0.0,0.0,0.0,0.0,0.0,,,-27.5,61.0,ALTA,False,0.38,2.0,88.0,0,,0,UNRELIABLE/INSUFFICIENT (0),WATCH,-3.0,3,0.0828,BAJA,23.58,⚪ WEAK,🔴 Weak,,,,,,,,,,,False,2,0.899,False,-6.86,77.61,35.95,uptrend,stage2,VIGILAR,Sobre MA200 pero las medias aún no están apiladas (50>150>200) — falta confirmación,"las 39 veces anteriores (RSI normal, sobre su MA200 que sube) cayó otro 13% de mediana (peor caso -55%); al año el 72% estaba en positivo (mediana +32%).",39,-13.1,-55.3,72.0,False,"soporte vivo más cercano en 209.29 (-1.0%), puesto a prueba hace 14 días; aguantó 5 y se rompió 3",209.29,-1.0,14.0,5.0,3.0,False
STZ,0.0,,,,6.4,"Constellation Brands, Inc.",60.8,Consumer Defensive,Beverages - Brewers,100.0,40.0,24.0,60.0,70.0,118.97,20320593920.0,15.0,0.0,False,down,26.7,True,1.0,-3.3,True,1.0,5.5,4.8,False,168.6,-29.4,0.0,False,-8.7,"{'roe_pct': 23.7, 'debt_to_equity': 1.23, 'current_ratio': 0.91, 'operating_margin_pct': 35.9}","{'eps_growth_yoy': 26.7, 'op_growth_yoy': 12.8, 'crecimiento_respaldado': True, 'positive_quarters': 4, 'earnings_accelerating': True, 'eps_accel_quarters': 1, 'profit_margin_pct': 20.1, 'score_bruto_sin_capar': 105.0, 'satura': True}",,168.65,209.0,115.0,23.0,buy,41.8,190.22,59.9,,,,,,,,sin histórico de múltiplo (beneficio negativo o pocos años),reportado,,,,,,,4.12,8.95,10.65,3.46,39.0,1.81,True,-3.14,8.5,Operating Income,8.2,21.5,15.0,2026-10-06,False,True,True,6.0,NEUTRAL,9.0,,9.22,30.7,0.31,,,,,,0.0,0.0,1.9,18.2,2026-09-21 05:04:11,2026-09-21,CONFIRMED_UPTREND,TRADE,False,0,Price below 150/200 MA - weak trend,DISTRIBUTION,35,"Moderate distribution (0.8x ratio, 44% up volume)",HIGH_FLOAT,157.8,27.0,20.2,15.0,False,down,0.0,0.0,True,1.0,True,1.0,5.0,,32.0,,Sin datos suficientes,0.0,0.0,0.0,0.0,-5.0,0.0,0.0,0.0,0.0,False,1/3,35.64,0.0,8.0,5.0,3.0,5.0,-0.92,-1.27,0.0,1.0,0.0,,,50.8,-18.1,,True,5.22,2.0,54.0,0,,-8,RELIABLE/AVOID (-8),,0.0,2,0.0639,BAJA,0.0,⚪ WEAK,🔴 Weak,,,,,,,,,,,False,0,1.009,False,-28.41,0.05,-37.36,downtrend,stage1,ESPERAR,En caída (bajo MA200 descendente) — espera a que haga suelo,"las 10 veces anteriores (sobrevendido (RSI<25), bajo su MA200 que baja) o paró casi donde estaba o se desplomó hasta -43% — sin término medio; al año el 40% estaba en positivo (mediana -1%).",10,-22.5,-43.0,40.0,True,sin soportes identificables por debajo,,,,,,
ADP,0.0,,,,2.7,"Automatic Data Processing, Inc.",67.0,Technology,Software - Application,75.0,50.0,71.4,85.0,50.0,271.22,107745607680.0,60.0,51.9,False,up,7.5,False,0.0,6.8,False,0.0,3.0,5.0,False,294.46,-7.9,6.0,False,1.6,"{'roe_pct': 72.2, 'debt_to_equity': 0.91, 'current_ratio': 1.05, 'operating_margin_pct': 23.5}","{'eps_growth_yoy': 7.5, 'op_growth_yoy': 4.3, 'crecimiento_respaldado': True, 'positive_quarters': 4, 'earnings_accelerating': False, 'eps_accel_quarters': 0, 'profit_margin_pct': 20.1, 'score_bruto_sin_capar': 75.0, 'satura': False}",,287.6,322.0,225.0,15.0,hold,6.0,245.61,-9.4,271.47,0.1,múltiplo propio,3.0,0.2,True,,,reportado,,,,,,,6.8,4.43,12.02,2.51,60.7,2.04,True,-1.96,12.6,Operating Income,13.5,3.9,37.0,2026-10-28,False,True,False,6.0,NEUTRAL,9.0,,5.3,162.1,2.07,,,,,,10.0,0.0,0.8,20.1,2026-09-21 05:04:11,2026-09-21,CONFIRMED_UPTREND,TRADE,False,66,150 MA below 200 MA - not in Stage 2,ACCUMULATION,60,"Moderate accumulation (1.0x ratio, 50% up volume)",MEGA_FLOAT,396.3,23.0,20.9,60.0,False,up,51.9,2.0,False,0.0,False,0.0,0.0,16.0,32.0,53.1,Medio,24.0,0.0,0.0,3.0,5.0,0.0,0.0,0.0,0.0,False,2/3,42.935,5.0,3.0,3.0,3.0,1.0,0.0,0.23,0.0,0.0,0.0,9.5,CONTRADICEN,,15.4,,False,0.75,2.0,13.0,0,,0,UNRELIABLE/INSUFFICIENT (0),CAUTION,-6.0,47,0.027,BAJA,23.2,⚪ WEAK,🔴 Weak,,,,,,,,,,,False,2,0.788,False,-5.22,46.17,13.75,uptrend,stage2,VIGILAR,Sobre MA200 pero las medias aún no están apiladas (50>150>200) — falta confirmación,"las 49 veces anteriores (RSI normal, sobre su MA200 que sube) cayó otro 4% de mediana (peor caso -37%); al año el 80% estaba en positivo (mediana +19%).",49,-4.4,-37.3,80.0,False,"soporte vivo más cercano en 270.20 (-0.4%), puesto a prueba hace 10 días; aguantó 4 y se rompió 1",270.2,-0.4,10.0,4.0,1.0,False
EFX,61.5,Excellent,Stage Unknown,27.39755752704177,12.4,Equifax Inc.,52.8,Industrials,Consulting Services,60.0,60.0,26.7,50.0,70.0,158.87,18664824832.0,15.0,1.4,False,down,-3.9,True,1.0,10.6,False,0.0,7.7,7.2,False,258.42,-38.5,0.0,False,-10.7,"{'roe_pct': 14.3, 'debt_to_equity': 1.21, 'current_ratio': 0.6, 'operating_margin_pct': 17.3}","{'eps_growth_yoy': -3.9, 'op_growth_yoy': 1.1, 'crecimiento_respaldado': True, 'positive_quarters': 4, 'earnings_accelerating': True, 'eps_accel_quarters': 1, 'profit_margin_pct': 10.7, 'score_bruto_sin_capar': 60.0, 'satura': False}",,214.95,245.0,179.0,21.0,buy,35.3,123.42,-22.3,,,,,,,,múltiplo propio 46x fuera del rango 8-45,reportado,,,,,,,2.24,6.06,9.63,1.41,37.3,0.73,True,-4.64,5.2,Operating Income,5.2,0.7,29.0,2026-10-20,False,True,False,8.0,STRONG,9.0,,4.54,56.7,22.33,,,,,,11.200000000000005,24.6,3.7,15.8,2026-09-21 05:04:11,2026-09-21,CONFIRMED_UPTREND,TRADE,False,0,Price below 150/200 MA - weak trend,DISTRIBUTION,35,"Moderate distribution (0.8x ratio, 43% up volume)",HIGH_FLOAT,117.0,27.0,44.2,15.0,False,down,1.4,0.0,True,1.0,False,0.0,2.0,26.0,32.0,21.9,Bottom 25%,8.0,-3.0,0.0,0.0,-5.0,0.0,0.0,0.0,0.0,False,1/3,34.74,0.0,6.0,0.0,3.0,1.0,0.0,0.0,0.0,0.0,0.0,,,6.5,57.6,ALTA,True,4.41,10.0,63.0,0,,-8,RELIABLE/AVOID (-8),BEST,8.0,2,0.1244,BAJA,28.53,⚪ WEAK,🔴 Weak,,,,,,,,,,,False,1,1.042,False,-39.77,5.69,-28.23,downtrend,stage1,ESPERAR,En caída (bajo MA200 descendente) — espera a que haga suelo,"las 9 veces anteriores (sobrevendido (RSI<25), bajo su MA200 que baja) cayó otro 18% de mediana (peor caso -36%); al año el 56% estaba en positivo (mediana +8%).",9,-18.3,-35.6,56.0,False,"soporte vivo más cercano en 154.50 (-2.7%), puesto a prueba hace 59 días; aguantó 5 de 5 veces",154.5,-2.7,59.0,5.0,0.0,False
RACE,0.0,,,,7.0,Ferrari N.V.,77.2,Consumer Cyclical,Auto Manufacturers,95.0,70.0,58.7,90.0,60.0,406.69,71418724352.0,35.0,30.8,False,up,9.0,True,2.0,8.4,True,2.0,2.9,7.8,False,504.49,-19.4,7.0,True,1.3,"{'roe_pct': 45.4, 'debt_to_equity': 0.86, 'current_ratio': 2.43, 'operating_margin_pct': 31.1}","{'eps_growth_yoy': 9.0, 'op_growth_yoy': 9.5, 'crecimiento_respaldado': True, 'positive_quarters': 4, 'earnings_accelerating': True, 'eps_accel_quarters': 2, 'profit_margin_pct': 22.2, 'score_bruto_sin_capar': 95.0, 'satura': False}",,462.27,528.07,411.94,14.0,strong_buy,13.7,243.06,-40.2,472.29,16.1,múltiplo propio,4.0,0.19,False,,,reportado,,,,,,,4.23,2.55,10.37,1.04,39.0,0.69,True,-1.12,63.9,Operating Income,63.9,10.1,43.0,2026-11-03,False,True,False,9.0,STRONG,9.0,,2.86,46.7,3.19,,,,,,42.3,0.0,2.1,23.2,2026-09-21 05:04:11,2026-09-21,CONFIRMED_UPTREND,TRADE,True,100,Passes Minervini Template (6/6 criteria),STRONG_ACCUMULATION,75,"Strong institutional buying (1.5x ratio, 59% up volume)",HIGH_FLOAT,173.5,0.0,25.3,35.0,False,up,30.8,2.0,True,2.0,True,2.0,8.0,,32.0,,Sin datos suficientes,30.8,0.0,0.0,0.0,7.0,0.0,0.0,0.0,0.0,False,3/3,34.73,0.0,0.0,0.0,3.0,3.0,-0.68,-0.8,1.0,1.0,0.0,56.3,CONTRADICEN,,53.9,ALTA,False,1.71,10.0,122.0,0,,-8,RELIABLE/AVOID (-8),WATCH,0.0,47,0.0698,BAJA,18.22,⚪ WEAK,🔴 Weak,,,,,,,,,,,True,3,0.911,False,-18.46,31.64,12.72,uptrend,stage2,ENTRADA,Stage 2: sobre MA200 ascendente sin sobreextensión — suelo confirmado,"las 32 veces anteriores (RSI normal, sobre su MA200 que sube) cayó otro 9% de mediana (peor caso -36%); al año el 78% estaba en positivo (mediana +16%).",32,-9.3,-36.5,78.0,False,"soporte vivo más cercano en 404.19 (-0.6%), puesto a prueba hace 14 días; aguantó 5 y se rompió 3",404.19,-0.6,14.0,5.0,3.0,False
VRSK,0.0,,,,6.1,"Verisk Analytics, Inc.",53.6,Industrials,Consulting Services,55.0,60.0,26.7,65.0,70.0,175.41,22830667776.0,15.0,12.3,False,down,-9.8,False,0.0,4.4,True,1.0,3.0,2.6,False,253.35,-30.8,0.0,False,-7.1,"{'current_ratio': 1.0, 'operating_margin_pct': 45.1}","{'eps_growth_yoy': -9.8, 'op_growth_yoy': 2.7, 'crecimiento_respaldado': True, 'positive_quarters': 4, 'earnings_accelerating': False, 'eps_accel_quarters': 0, 'profit_margin_pct': 28.2, 'score_bruto_sin_capar': 55.0, 'satura': False}",,234.76,260.0,195.0,17.0,buy,33.8,172.36,-1.7,222.81,27.0,múltiplo propio,3.0,0.35,True,2023-12-31,,reportado,,,,,,,2.0,5.51,9.67,1.14,29.2,0.63,True,-6.76,7.0,Operating Income,6.9,-2.4,37.0,2026-10-28,False,True,False,7.0,NEUTRAL,9.0,,5.0,113.2,,BULLISH,0.13,60.0,1.0,1.0,5.0,0.0,1.8,16.1,2026-09-21 05:04:11,2026-09-21,CONFIRMED_UPTREND,TRADE,False,0,Price below 150/200 MA - weak trend,ACCUMULATION,60,"Moderate accumulation (1.0x ratio, 50% up volume)",HIGH_FLOAT,129.8,20.0,17.9,15.0,False,down,12.3,0.0,False,0.0,True,1.0,2.0,26.0,32.0,21.9,Bottom 25%,8.0,-3.0,0.0,0.0,-5.0,5.0,0.0,0.0,0.0,False,2/3,34.445,0.0,6.0,0.0,3.0,0.0,0.0,-1.24,0.0,1.0,0.0,28.7,CONTRADICEN,,35.5,MEDIA,True,4.22,5.0,26.0,0,,-8,RELIABLE/AVOID (-8),BEST,8.0,32,0.0606,BAJA,0.0,⚪ WEAK,🔴 Weak,,,,,,,,,,,False,1,0.998,False,-30.07,13.09,-30.62,downtrend,stage1,ESPERAR,En caída (bajo MA200 descendente) — espera a que haga suelo,"las 14 veces anteriores (RSI normal, bajo su MA200 que baja) cayó otro 2% de mediana (peor caso -41%); al año el 86% estaba en positivo (mediana +28%).",14,-1.9,-41.0,86.0,False,"soporte vivo más cercano en 172.53 (-1.6%), puesto a prueba hace 0 días; aguantó 6 y se rompió 3",172.53,-1.6,0.0,6.0,3.0,False
WST,0.0,,,,56.6,"West Pharmaceutical Services, Inc.",80.6,Healthcare,Medical Instruments & Supplies,100.0,60.0,76.7,95.0,60.0,362.31,25497841664.0,80.0,89.5,False,flat,16.8,True,2.0,13.8,False,0.0,3.6,4.3,False,386.0,-6.1,8.0,True,3.8,"{'roe_pct': 19.1, 'debt_to_equity': 0.11, 'current_ratio': 2.82, 'operating_margin_pct': 22.5}","{'eps_growth_yoy': 16.8, 'op_growth_yoy': 20.8, 'crecimiento_respaldado': True, 'positive_quarters': 4, 'earnings_accelerating': True, 'eps_accel_quarters': 2, 'profit_margin_pct': 17.0, 'score_bruto_sin_capar': 100.0, 'satura': False}",,405.38,459.0,340.0,16.0,strong_buy,11.9,78.65,-78.3,331.8,-8.4,múltiplo propio,4.0,0.44,False,,,reportado,,,,,,,0.88,1.48,5.36,0.24,11.1,0.25,True,-1.66,160.6,Operating Income,155.1,18.1,31.0,2026-10-22,False,True,False,7.0,NEUTRAL,9.0,,2.51,20.1,2.01,,,,,,62.2,0.0,17.0,24.2,2026-09-21 05:04:11,2026-09-21,CONFIRMED_UPTREND,TRADE,True,100,Passes Minervini Template (6/6 criteria),ACCUMULATION,60,"Moderate accumulation (1.1x ratio, 53% up volume)",HIGH_FLOAT,69.8,0.0,41.2,80.0,False,flat,89.5,3.0,True,2.0,False,0.0,5.0,12.0,32.0,65.6,Medio,29.5,0.0,0.0,3.0,10.0,0.0,0.0,0.0,0.0,False,3/3,33.06999999999999,0.0,0.0,0.0,3.0,5.0,0.0,0.16,0.0,0.0,0.0,69.9,DISPERSOS,-8.4,55.2,ALTA,False,1.49,5.0,148.0,0,,-8,RELIABLE/AVOID (-8),WATCH,0.0,47,0.5662,ALTA,32.06,⚪ WEAK,🔴 Weak,,,,,,,,,,,True,3,0.994,False,-6.08,62.1,35.03,uptrend,stage2,ENTRADA,Stage 2: sobre MA200 ascendente sin sobreextensión — suelo confirmado,"las 40 veces anteriores (RSI normal, sobre su MA200 que sube) cayó otro 7% de mediana (peor caso -53%); al año el 78% estaba en positivo (mediana +28%).",40,-7.3,-52.6,78.0,False,"soporte vivo más cercano en 346.33 (-4.4%), puesto a prueba hace 57 días; aguantó 3 y se rompió 1",346.33,-4.4,57.0,3.0,1.0,False
CRH,0.0,,,,16.6,CRH plc,59.6,Basic Materials,Building Materials,78.0,60.0,15.0,75.0,70.0,86.15,57314258944.0,15.0,0.0,False,down,12.6,True,1.0,5.6,True,1.0,2.2,2.8,False,131.55,-34.5,0.0,False,-10.4,"{'roe_pct': 15.8, 'debt_to_equity': 0.78, 'current_ratio': 1.58, 'operating_margin_pct': 19.0}","{'eps_growth_yoy': 12.6, 'op_growth_yoy': 6.3, 'crecimiento_respaldado': True, 'positive_quarters': 3, 'earnings_accelerating': True, 'eps_accel_quarters': 1, 'profit_margin_pct': 9.9, 'score_bruto_sin_capar': 78.0, 'satura': False}",,134.85,165.0,105.0,24.0,strong_buy,56.5,60.8,-29.4,94.92,10.2,múltiplo propio,4.0,0.9,False,,,reportado,,,,,,,1.56,4.72,4.07,1.81,26.9,2.17,True,-1.31,6.4,Operating Income,7.0,13.9,38.0,2026-10-29,False,True,False,6.0,NEUTRAL,9.0,,7.04,16.2,0.95,,,,,,0.0,0.0,5.0,17.9,2026-09-21 05:04:11,2026-09-21,CONFIRMED_UPTREND,TRADE,False,0,Price below 150/200 MA - weak trend,DISTRIBUTION,35,"Moderate distribution (0.7x ratio, 41% up volume)",MEGA_FLOAT,663.4,30.0,22.9,15.0,False,down,0.0,0.0,True,1.0,True,1.0,5.0,32.0,32.0,3.1,Bottom 25%,0.0,-3.0,0.0,0.0,-5.0,0.0,0.0,0.0,0.0,False,1/3,40.67,0.0,3.0,3.0,3.0,3.0,0.0,0.0,0.0,0.0,0.0,39.6,CONTRADICEN,,85.9,ALTA,True,7.06,2.0,76.0,0,,0,UNRELIABLE/INSUFFICIENT (0),BEST,5.0,2,0.1656,BAJA,0.0,⚪ WEAK,🔴 Weak,,,,,,,,,,,False,0,0.872,False,-33.78,0.8,-31.63,downtrend,stage1,ESPERAR,En caída (bajo MA200 descendente) — espera a que haga suelo,"las 12 veces anteriores (RSI normal, bajo su MA200 que baja) o paró casi donde estaba o se desplomó hasta -29% — sin término medio; al año el 83% estaba en positivo (mediana +33%).",12,-12.2,-28.6,83.0,True,"soporte vivo más cercano en 85.80 (-0.4%), puesto a prueba hace 4 días; aguantó 5 de 5 veces",85.8,-0.4,4.0,5.0,0.0,False
CB,0.0,,,,28.0,Chubb Limited,60.6,Financial Services,Insurance - Property & Casualty,60.0,70.0,46.7,65.0,60.0,340.64,131418873856.0,35.0,41.2,False,down,-3.8,True,1.0,7.2,True,2.0,0.9,2.0,False,365.91,-6.9,5.0,False,-1.3,"{'roe_pct': 14.8, 'debt_to_equity': 0.31, 'current_ratio': 0.41, 'operating_margin_pct': 23.5}","{'eps_growth_yoy': -3.8, 'op_growth_yoy': -1.9, 'crecimiento_respaldado': True, 'positive_quarters': 4, 'earnings_accelerating': True, 'eps_accel_quarters': 1, 'profit_margin_pct': 18.1, 'score_bruto_sin_capar': 60.0, 'satura': False}",,365.91,425.0,306.0,23.0,buy,7.4,,,340.23,-0.1,múltiplo propio,4.0,0.58,False,,,reportado,,"Insurance - Property & Casualty: el flujo operativo son depósitos, préstamos o primas, no caja libre para el accionista",,,,,4.08,7.98,27.18,1.2,13.9,1.43,True,-3.11,18.9,EBIT,18.9,-0.5,36.0,2026-10-27,False,True,False,6.0,NEUTRAL,7.0,,8.97,,,,,,,,34.6,0.0,8.4,18.2,2026-09-21 05:04:11,2026-09-21,CONFIRMED_UPTREND,TRADE,True,83,Passes Minervini Template (5/6 criteria),ACCUMULATION,60,"Moderate accumulation (1.1x ratio, 51% up volume)",MEGA_FLOAT,349.9,3.0,26.6,35.0,False,down,41.2,0.0,True,1.0,True,2.0,5.0,10.0,32.0,71.9,Medio,34.4,0.0,0.0,3.0,3.0,0.0,0.0,0.0,0.0,False,3/3,40.64,0.0,6.0,0.0,3.0,0.0,-0.06,-0.06,0.0,0.0,0.0,,,3.6,7.5,,False,0.92,2.0,,0,,0,UNRELIABLE/INSUFFICIENT (0),BEST,5.0,47,0.2803,BAJA,19.56,⚪ WEAK,🔴 Weak,,,,,,,,,,,False,2,0.756,False,-6.62,29.57,-11.79,sideways,stage2,VIGILAR,Sobre MA200 pero las medias aún no están apiladas (50>150>200) — falta confirmación,"las 46 veces anteriores (RSI normal, sobre su MA200 que sube) cayó otro 5% de mediana (peor caso -42%); al año el 83% estaba en positivo (mediana +11%).",46,-4.6,-41.8,83.0,False,"soporte vivo más cercano en 335.50 (-1.5%), puesto a prueba hace 14 días; aguantó 3 de 3 veces",335.5,-1.5,14.0,3.0,0.0,False
YUM,0.0,,,,56.6,"Yum! Brands, Inc.",61.8,Consumer Cyclical,Restaurants,85.0,70.0,24.0,50.0,65.0,137.99,37657624576.0,15.0,4.1,False,down,128.1,True,1.0,12.3,True,1.0,3.7,3.6,False,170.14,-18.9,3.0,False,-7.3,"{'current_ratio': 0.59, 'operating_margin_pct': 32.8}","{'eps_growth_yoy': 128.1, 'op_growth_yoy': 9.6, 'crecimiento_respaldado': False, 'crecimiento_puntuado': 34.6, 'positive_quarters': 4, 'earnings_accelerating': True, 'eps_accel_quarters': 1, 'profit_margin_pct': 25.4, 'score_bruto_sin_capar': 105.0, 'satura': True}",,172.89,200.0,147.0,23.0,buy,25.3,140.28,1.7,152.59,10.6,múltiplo propio,4.0,0.19,False,,,normalizado,tasa fiscal efectiva -0.9% — el beneficio del periodo no es representativo,,,,,,3.0,4.55,6.28,2.17,36.8,1.81,True,-1.42,5.2,Operating Income,5.3,92.1,43.0,2026-11-03,False,True,False,5.0,NEUTRAL,9.0,,5.02,75.7,0.15,,,,,,7.5,0.0,17.0,18.5,2026-09-21 05:04:11,2026-09-21,CONFIRMED_UPTREND,TRADE,False,50,Price below 150/200 MA - weak trend,DISTRIBUTION,25,"Moderate distribution (0.6x ratio, 35% up volume)",MEGA_FLOAT,272.2,30.0,35.5,15.0,False,down,4.1,0.0,True,1.0,True,1.0,5.0,30.0,32.0,9.4,Bottom 25%,4.4,-3.0,0.0,0.0,0.0,0.0,0.0,0.0,0.0,False,1/3,35.55,0.0,3.0,3.0,3.0,5.0,0.0,0.0,0.0,0.0,0.0,8.9,COHERENTES,10.6,19.2,,False,3.16,0.0,46.0,0,,-5,MIXED/AVOID (-5),EXIT,-15.0,3,0.5662,ALTA,6.18,⚪ WEAK,🔴 Weak,,,,,,,,,,,False,1,1.04,False,-18.49,2.78,-28.93,downtrend,stage1,ESPERAR,En caída (bajo MA200 descendente) — espera a que haga suelo,"las 19 veces anteriores (RSI normal, bajo su MA200 que sube) cayó otro 3% de mediana (peor caso -46%); al año el 100% estaba en positivo (mediana +11%).",19,-3.4,-45.6,100.0,False,"soporte vivo más cercano en 135.51 (-1.8%), puesto a prueba hace 1 días; aguantó 7 de 7 veces",135.51,-1.8,1.0,7.0,0.0,False
MRSH,70.10714285714286,Excellent,Stage 1-2 Transition,16.191121708496638,13.0,"Marsh & McLennan Companies, Inc.",58.7,Financial Services,Insurance Brokers,70.0,50.0,38.7,80.0,55.0,175.01,83516743680.0,15.0,19.9,False,down,4.5,False,0.0,6.2,False,0.0,1.4,3.4,False,207.83,-15.8,3.0,False,-5.6,"{'roe_pct': 25.9, 'debt_to_equity': 1.45, 'current_ratio': 1.14, 'operating_margin_pct': 26.3}","{'eps_growth_yoy': 4.5, 'op_growth_yoy': 3.8, 'crecimiento_respaldado': True, 'positive_quarters': 4, 'earnings_accelerating': False, 'eps_accel_quarters': 0, 'profit_margin_pct': 14.2, 'score_bruto_sin_capar': 70.0, 'satura': False}",,207.1,238.0,182.0,21.0,hold,18.3,,,201.37,15.1,múltiplo propio,4.0,0.17,False,,,reportado,,"Insurance Brokers: el flujo operativo son depósitos, préstamos o primas, no caja libre para el accionista",,,,,3.96,5.73,10.03,2.26,44.0,1.48,True,-2.63,6.3,Operating Income,6.6,2.9,24.0,2026-10-15,False,True,False,6.0,NEUTRAL,9.0,,5.96,140.5,2.1,,,,,,24.6,28.0,3.9,17.6,2026-09-21 05:04:11,2026-09-21,CONFIRMED_UPTREND,TRADE,False,33,Price below 150/200 MA - weak trend,NEUTRAL,40,"No clear pattern (1.0x ratio, 49% up volume)",MEGA_FLOAT,476.3,25.0,49.6,15.0,False,down,19.9,0.0,False,0.0,False,0.0,0.0,21.0,32.0,37.5,Bajo 50%,16.4,0.0,0.0,0.0,0.0,0.0,0.0,0.0,0.0,False,1/3,32.13,0.0,6.0,3.0,3.0,1.0,0.0,0.3,0.0,0.0,0.0,,,16.7,3.2,,False,2.29,2.0,9.0,0,,-8,RELIABLE/AVOID (-8),CAUTION,-6.0,42,0.1295,BAJA,40.92357142857144,⚪ WEAK,🔴 Weak,,,,,,,,,,,False,1,0.854,False,-14.45,12.39,-17.8,sideways,stage1,VIGILAR,Construyendo base (lateral) — espera la reconquista de las medias,"las 10 veces anteriores (sobrevendido (RSI<25), bajo su MA200 que sube) o paró casi donde estaba o se desplomó hasta -25% — sin término medio; al año el 80% estaba en positivo (mediana +21%).",10,-6.1,-25.2,80.0,True,"soporte vivo más cercano en 173.42 (-0.9%), puesto a prueba hace 2 días; aguantó 8 y se rompió 2",173.42,-0.9,2.0,8.0,2.0,False
SAP,0.0,,,,6.7,SAP SE,74.8,Technology,Software - Application,95.0,60.0,56.6,90.0,65.0,209.45,241748082688.0,35.0,35.2,False,up,28.5,False,0.0,9.4,True,1.0,0.4,2.0,False,281.37,-25.6,4.0,False,7.0,"{'roe_pct': 18.3, 'debt_to_equity': 0.22, 'current_ratio': 1.15, 'operating_margin_pct': 27.6}","{'eps_growth_yoy': 28.5, 'op_growth_yoy': 7.2, 'crecimiento_respaldado': True, 'positive_quarters': 4, 'earnings_accelerating': False, 'eps_accel_quarters': 0, 'profit_margin_pct': 20.4, 'score_bruto_sin_capar': 95.0, 'satura': False}",,250.33,319.0,177.0,12.0,buy,19.5,191.16,-8.7,300.48,43.5,múltiplo propio,3.0,0.55,True,2024-12-31,,reportado,,,,,,,2.93,4.19,8.78,1.4,37.5,1.48,True,-1.45,18.2,Operating Income,20.7,30.6,30.0,2026-10-21,False,True,False,8.0,STRONG,9.0,,0.28,131.1,0.71,,,,,,5.399999999999999,0.0,2.0,22.4,2026-09-21 05:04:11,2026-09-21,CONFIRMED_UPTREND,TRADE,False,50,150 MA below 200 MA - not in Stage 2,ACCUMULATION,60,"Moderate accumulation (1.2x ratio, 55% up volume)",MEGA_FLOAT,14500.7,23.0,24.4,35.0,False,up,35.2,2.0,False,0.0,True,1.0,2.0,16.0,32.0,53.1,Medio,24.0,0.0,0.0,0.0,0.0,0.0,0.0,0.0,0.0,False,2/3,31.955000000000013,5.0,3.0,0.0,3.0,5.0,1.25,3.05,1.0,0.0,1.5,52.2,CONTRADICEN,,28.2,MEDIA,False,2.44,10.0,104.0,0,,-8,RELIABLE/AVOID (-8),CAUTION,-11.0,47,0.0665,BAJA,7.48,⚪ WEAK,🔴 Weak,,,,,,,,,,,False,2,0.926,False,-24.27,44.48,3.18,uptrend,stage1,VIGILAR,Construyendo base (lateral) — espera la reconquista de las medias,"las 12 veces anteriores (RSI normal, sobre su MA200 que baja) cayó otro 13% de mediana (peor caso -41%); al año el 50% estaba en positivo (mediana -3%).",12,-12.8,-40.9,50.0,False,"soporte vivo más cercano en 208.57 (-0.4%), puesto a prueba hace 0 días; aguantó 3 de 3 veces",208.57,-0.4,0.0,3.0,0.0,False
PGR,0.0,,,,38.9,The Progressive Corporation,64.6,Financial Services,Insurance - Property & Casualty,80.0,60.0,46.7,75.0,50.0,213.48,123903787008.0,35.0,27.7,False,down,4.3,True,1.0,7.3,True,1.0,1.0,2.7,False,248.17,-14.0,4.0,False,-1.0,"{'roe_pct': 34.9, 'debt_to_equity': 0.24, 'current_ratio': 0.29, 'operating_margin_pct': 18.2}","{'eps_growth_yoy': 4.3, 'op_growth_yoy': 6.1, 'crecimiento_respaldado': True, 'positive_quarters': 4, 'earnings_accelerating': True, 'eps_accel_quarters': 1, 'profit_margin_pct': 12.8, 'score_bruto_sin_capar': 80.0, 'satura': False}",,231.38,302.0,198.0,21.0,hold,8.4,,,371.07,73.8,múltiplo propio,4.0,4.57,True,,,reportado,,"Insurance - Property & Casualty: el flujo operativo son depósitos, préstamos o primas, no caja libre para el accionista",,,,,0.4,12.91,27.56,0.19,69.7,1.99,False,-0.6,50.8,EBIT,50.8,2.0,23.0,2026-10-14,False,True,False,6.0,NEUTRAL,7.0,,11.13,,2.62,,,,,,16.0,0.0,11.7,19.4,2026-09-21 05:04:11,2026-09-21,CONFIRMED_UPTREND,TRADE,False,50,150 MA below 200 MA - not in Stage 2,ACCUMULATION,65,"Moderate accumulation (1.3x ratio, 55% up volume)",MEGA_FLOAT,579.1,23.0,31.0,35.0,False,down,27.7,0.0,True,1.0,True,1.0,5.0,10.0,32.0,71.9,Medio,34.4,0.0,0.0,3.0,0.0,0.0,0.0,0.0,0.0,False,2/3,39.785,0.0,8.0,0.0,0.0,1.0,-0.27,0.74,0.0,0.0,0.0,,,41.1,-65.4,,False,1.05,2.0,,0,,0,UNRELIABLE/INSUFFICIENT (0),CAUTION,-1.0,47,0.3891,BAJA,15.46,⚪ WEAK,🔴 Weak,,,,,,,,,,,False,1,0.761,False,-10.82,13.69,-14.31,sideways,stage2,VIGILAR,Sobre MA200 pero las medias aún no están apiladas (50>150>200) — falta confirmación,"las 51 veces anteriores (RSI normal, sobre su MA200 que sube) cayó otro 6% de mediana (peor caso -27%); al año el 90% estaba en positivo (mediana +22%).",51,-5.7,-26.6,90.0,False,"soporte vivo más cercano en 211.24 (-1.0%), puesto a prueba hace 1 días; aguantó 1 y se rompió 3",211.24,-1.0,1.0,1.0,3.0,False
CTAS,72.42105263157895,Excellent,Stage 1-2 Transition,16.974368684944587,23.2,Cintas Corporation,73.8,Industrials,Specialty Business Services,100.0,60.0,50.3,85.0,60.0,197.64,79089516544.0,35.0,44.3,False,up,14.0,True,2.0,8.9,True,1.0,3.9,6.4,False,219.17,-9.8,4.0,False,-1.8,"{'roe_pct': 40.7, 'debt_to_equity': 0.53, 'current_ratio': 1.43, 'operating_margin_pct': 23.7}","{'eps_growth_yoy': 14.0, 'op_growth_yoy': 15.2, 'crecimiento_respaldado': True, 'positive_quarters': 4, 'earnings_accelerating': True, 'eps_accel_quarters': 2, 'profit_margin_pct': 17.8, 'score_bruto_sin_capar': 100.0, 'satura': False}",,216.31,250.0,175.0,16.0,buy,9.4,93.44,-52.7,193.3,-2.2,múltiplo propio,4.0,0.4,False,,,reportado,,,,,,,2.08,2.38,4.7,1.05,36.7,0.88,True,-1.31,24.7,Operating Income,24.6,10.9,2.0,2026-09-23,True,True,False,8.0,STRONG,9.0,,3.22,82.5,2.07,,,,,,46.1,29.0,7.0,22.1,2026-09-21 05:04:11,2026-09-21,CONFIRMED_UPTREND,TRADE,False,50,150 MA below 200 MA - not in Stage 2,NEUTRAL,40,"No clear pattern (1.0x ratio, 49% up volume)",MEGA_FLOAT,342.2,25.0,58.1,35.0,False,up,44.3,2.0,True,2.0,True,1.0,8.0,19.0,32.0,43.8,Bajo 50%,20.2,0.0,0.0,3.0,0.0,0.0,0.0,0.0,0.0,False,1/3,39.28,0.0,0.0,0.0,3.0,3.0,0.0,0.0,0.0,0.0,0.0,50.5,DISPERSOS,-2.2,36.8,MEDIA,False,1.18,10.0,101.0,0,,0,UNRELIABLE/INSUFFICIENT (0),WATCH,0.0,39,0.232,BAJA,52.59052631578948,⚪ WEAK,🔴 Weak,,,,,,,,,,,False,1,0.792,False,-9.59,23.29,-7.25,sideways,stage2,VIGILAR,Sobre MA200 pero las medias aún no están apiladas (50>150>200) — falta confirmación,"las 53 veces anteriores (RSI normal, sobre su MA200 que sube) cayó otro 4% de mediana (peor caso -47%); al año el 92% estaba en positivo (mediana +28%).",53,-4.5,-47.2,92.0,False,"soporte vivo más cercano en 196.25 (-0.7%), puesto a prueba hace 16 días; aguantó 10 y se rompió 4",196.25,-0.7,16.0,10.0,4.0,False
COST,0.0,,,,13.4,Costco Wholesale Corporation,67.5,Consumer Defensive,Discount Stores,95.0,60.0,24.0,85.0,65.0,895.31,397051002880.0,15.0,0.1,False,down,15.2,True,2.0,11.6,False,0.0,1.7,4.3,False,1096.5,-18.3,3.0,False,-4.4,"{'roe_pct': 29.2, 'debt_to_equity': 0.25, 'current_ratio': 1.07, 'operating_margin_pct': 4.0}","{'eps_growth_yoy': 15.2, 'op_growth_yoy': 11.3, 'crecimiento_respaldado': True, 'positive_quarters': 4, 'earnings_accelerating': True, 'eps_accel_quarters': 2, 'profit_margin_pct': 3.0, 'score_bruto_sin_capar': 95.0, 'satura': False}",,1069.2,1315.0,740.0,35.0,buy,19.4,427.42,-52.3,888.71,-0.7,múltiplo propio,4.0,0.36,False,,,reportado,,,,,,,5.88,2.39,21.4,0.66,27.0,0.59,False,-0.07,76.9,Operating Income,81.5,15.2,3.0,2026-09-24,True,True,False,7.0,NEUTRAL,9.0,,2.69,28.9,2.6,BULLISH,0.0,80.0,2.0,0.0,7.0,0.0,4.0,20.2,2026-09-21 05:04:11,2026-09-21,CONFIRMED_UPTREND,TRADE,False,50,Price below 150/200 MA - weak trend,DISTRIBUTION,25,"Moderate distribution (0.7x ratio, 40% up volume)",MEGA_FLOAT,442.2,30.0,24.3,15.0,False,down,0.1,0.0,True,2.0,False,0.0,5.0,27.0,32.0,18.8,Bottom 25%,7.2,-3.0,0.0,0.0,0.0,5.0,0.0,0.0,0.0,False,1/3,30.67,0.0,0.0,0.0,0.0,5.0,-0.28,-0.75,0.0,0.0,0.0,51.6,DISPERSOS,-0.7,45.9,ALTA,False,2.42,5.0,146.0,0,,-8,RELIABLE/AVOID (-8),WATCH,0.0,10,0.1335,BAJA,6.75,⚪ WEAK,🔴 Weak,,,,,,,,,,,False,1,0.659,False,-18.22,6.54,-25.68,downtrend,stage1,ESPERAR,En caída (bajo MA200 descendente) — espera a que haga suelo,"las 10 veces anteriores (sobrevendido (RSI<25), bajo su MA200 que sube) cayó otro 6% de mediana (peor caso -16%); al año el 100% estaba en positivo (mediana +25%).",10,-5.5,-16.5,100.0,False,"soporte vivo más cercano en 884.92 (-1.2%), puesto a prueba hace 2 días; aguantó 6 y se rompió 1",884.92,-1.2,2.0,6.0,1.0,False
CSU.TO,0.0,,,,43.6,Constellation Software Inc.,66.0,Technology,Software - Application,85.0,70.0,38.7,55.0,70.0,2843.09,60249427968.0,15.0,13.4,False,up,389.3,False,0.0,17.3,True,1.0,,4.9,False,4426.87,-35.8,2.0,False,-3.9,"{'roe_pct': 23.3, 'debt_to_equity': 1.2, 'current_ratio': 0.9, 'operating_margin_pct': 15.1}","{'eps_growth_yoy': 389.3, 'op_growth_yoy': 8.9, 'crecimiento_respaldado': False, 'crecimiento_puntuado': 33.9, 'positive_quarters': 4, 'earnings_accelerating': False, 'eps_accel_quarters': 0, 'profit_margin_pct': 7.6, 'score_bruto_sin_capar': 85.0, 'satura': False}",,3985.74,5533.62,3320.41,12.0,strong_buy,40.2,5010.48,76.2,,,,,,,,múltiplo propio 126x fuera del rango 8-45,reportado,,,,,,,5.57,6.5,184.8,0.2,8.8,0.18,False,,8.4,Operating Income,6.2,389.3,46.0,2026-11-06,False,True,False,6.0,NEUTRAL,9.0,,3.3,337.8,0.04,,,,,,9.9,0.0,13.1,19.8,2026-09-21 05:04:11,2026-09-21,CONFIRMED_UPTREND,TRADE,False,16,150 MA below 200 MA - not in Stage 2,NEUTRAL,40,"No clear pattern (0.8x ratio, 45% up volume)",LOW_FLOAT,20.3,22.0,32.9,15.0,False,up,13.4,2.0,False,0.0,True,1.0,2.0,16.0,32.0,53.1,Medio,24.0,0.0,0.0,0.0,-5.0,0.0,0.0,0.0,0.0,False,1/3,37.580000000000005,5.0,6.0,0.0,0.0,5.0,0.76,1.85,0.0,1.0,0.0,,,58.2,-36.0,,True,5.03,2.0,57.0,0,,0,UNRELIABLE/INSUFFICIENT (0),BEST,5.0,47,0.4365,BAJA,0.0,⚪ WEAK,🔴 Weak,,,,,,,,,,,False,1,0.829,False,-36.69,29.67,-4.1,sideways,stage1,VIGILAR,Construyendo base (lateral) — espera la reconquista de las medias,"las 4 veces anteriores (RSI normal, sobre su MA200 que baja) cayó otro 6% de mediana (peor caso -13%); al año el 100% estaba en positivo (mediana +32%). ⚠ solo 4 casos, no decide nada",4,-6.2,-13.2,100.0,False,"soporte vivo más cercano en 2779.50 (-2.2%), puesto a prueba hace 2 días; aguantó 3 y se rompió 3",2779.5,-2.2,2.0,3.0,3.0,False
DBOEY,0.0,,,,50.0,Deutsche Börse AG,64.1,Financial Services,Financial Data & Stock Exchanges,75.0,50.0,60.3,80.0,50.0,31.87,57457676288.0,60.0,71.8,False,up,8.4,False,0.0,7.8,False,0.0,,,False,33.91,-6.0,8.0,True,1.7,"{'roe_pct': 20.4, 'debt_to_equity': 0.58, 'current_ratio': 1.01, 'operating_margin_pct': 41.9}","{'eps_growth_yoy': 8.4, 'op_growth_yoy': 8.2, 'crecimiento_respaldado': True, 'positive_quarters': 4, 'earnings_accelerating': False, 'eps_accel_quarters': 0, 'profit_margin_pct': 27.3, 'score_bruto_sin_capar': 75.0, 'satura': False}",,34.18,34.18,34.18,1.0,none,7.2,42.33,32.8,27.9,-12.5,múltiplo propio,4.0,0.2,False,,,reportado,,,,,,,0.49,5.26,1.68,1.53,36.0,1.9,,,,,,6.9,29.0,2026-10-20,False,True,False,5.0,NEUTRAL,9.0,,4.78,65.3,1.49,,,,,,42.5,0.0,,19.2,2026-09-21 05:04:11,2026-09-21,CONFIRMED_UPTREND,TRADE,True,100,Passes Minervini Template (6/6 criteria),STRONG_ACCUMULATION,95,"Strong institutional buying (4.6x ratio, 82% up volume)",MEGA_FLOAT,1802.8,3.0,27.5,60.0,False,up,71.8,2.0,False,0.0,False,0.0,0.0,9.0,32.0,75.0,Top 25%,35.5,3.0,0.0,3.0,10.0,0.0,0.0,0.0,0.0,False,3/3,34.64,0.0,6.0,3.0,0.0,3.0,-0.68,-4.08,0.0,1.0,0.0,45.3,CONTRADICEN,,19.7,,False,0.9,0.0,54.0,0,,0,UNRELIABLE/INSUFFICIENT (0),CAUTION,-8.0,47,,,30.41,⚪ WEAK,🔴 Weak,,,,,,,,,,,True,3,1.088,True,-5.99,39.54,-2.33,uptrend,stage2,ENTRADA,Stage 2: sobre MA200 ascendente sin sobreextensión — suelo confirmado,"las 45 veces anteriores (RSI normal, sobre su MA200 que sube) cayó otro 9% de mediana (peor caso -37%); al año el 78% estaba en positivo (mediana +9%).",45,-8.7,-37.0,78.0,False,"soporte vivo más cercano en 31.36 (-1.6%), puesto a prueba hace 3 días; aguantó 1 y se rompió 1",31.36,-1.6,3.0,1.0,1.0,False
PG,0.0,,,,6.1,The Procter & Gamble Company,53.7,Consumer Defensive,Household & Personal Products,50.0,60.0,36.0,70.0,60.0,146.39,340016005120.0,15.0,13.4,False,flat,-15.8,False,0.0,1.5,True,1.0,1.2,3.1,False,167.25,-12.5,4.0,False,0.3,"{'roe_pct': 30.3, 'debt_to_equity': 0.64, 'current_ratio': 0.68, 'operating_margin_pct': 22.1}","{'eps_growth_yoy': -15.8, 'op_growth_yoy': -9.3, 'crecimiento_respaldado': True, 'positive_quarters': 4, 'earnings_accelerating': False, 'eps_accel_quarters': 0, 'profit_margin_pct': 18.4, 'score_bruto_sin_capar': 50.0, 'satura': False}",,160.61,186.0,143.0,23.0,buy,9.7,98.59,-32.7,156.36,6.8,múltiplo propio,4.0,0.16,False,,,reportado,,,,,,,4.35,4.45,6.51,2.97,64.3,2.5,True,-1.27,22.5,Operating Income,24.3,-10.8,31.0,2026-10-22,False,True,False,6.0,NEUTRAL,9.0,,5.39,77.9,,,,,,,5.0,0.0,1.8,16.1,2026-09-21 05:04:11,2026-09-21,CONFIRMED_UPTREND,TRADE,False,50,Price below 150/200 MA - weak trend,ACCUMULATION,60,"Moderate accumulation (1.3x ratio, 55% up volume)",MEGA_FLOAT,2320.1,23.0,17.9,15.0,False,flat,13.4,0.0,False,0.0,True,1.0,2.0,20.0,32.0,40.6,Bajo 50%,19.9,0.0,0.0,3.0,0.0,0.0,0.0,0.0,0.0,False,2/3,31.785000000000004,0.0,3.0,3.0,3.0,-3.0,0.0,0.03,0.0,0.0,0.0,39.5,CONTRADICEN,,42.4,ALTA,False,1.21,2.0,32.0,0,,0,UNRELIABLE/INSUFFICIENT (0),,0.0,34,0.0606,BAJA,14.37,⚪ WEAK,🔴 Weak,,,,,,,,,,,False,2,0.764,False,-11.15,8.74,-15.05,uptrend,stage2,VIGILAR,Sobre MA200 pero las medias aún no están apiladas (50>150>200) — falta confirmación,"las 43 veces anteriores (RSI normal, sobre su MA200 que sube) cayó otro 5% de mediana (peor caso -24%); al año el 70% estaba en positivo (mediana +7%).",43,-4.9,-23.5,70.0,False,"soporte vivo más cercano en 145.00 (-0.9%), puesto a prueba hace 59 días; aguantó 6 y se rompió 2",145.0,-0.9,59.0,6.0,2.0,False
MTD,0.0,,,,0.3,Mettler-Toledo International Inc.,68.1,Healthcare,Diagnostics & Research,95.0,60.0,60.3,50.0,50.0,1392.32,27897303040.0,60.0,50.7,False,up,15.1,True,1.0,4.5,True,1.0,3.6,3.6,False,1525.17,-8.7,5.0,False,1.7,"{'debt_to_equity': 166.68, 'current_ratio': 1.12, 'operating_margin_pct': 31.2}","{'eps_growth_yoy': 15.1, 'op_growth_yoy': 18.3, 'crecimiento_respaldado': True, 'positive_quarters': 4, 'earnings_accelerating': True, 'eps_accel_quarters': 1, 'profit_margin_pct': 21.9, 'score_bruto_sin_capar': 95.0, 'satura': False}",,1452.5,1600.0,1200.0,14.0,hold,4.3,587.16,-57.8,1486.84,6.8,múltiplo propio,4.0,0.22,False,,,reportado,,,,,,,,3.11,43.3,,,,True,-2.76,16.9,Operating Income,16.8,7.3,45.0,2026-11-05,False,True,False,6.0,NEUTRAL,9.0,,3.73,110.7,1.47,,,,,,16.5,0.0,0.1,20.4,2026-09-21 05:04:11,2026-09-21,CONFIRMED_UPTREND,TRADE,False,50,150 MA below 200 MA - not in Stage 2,NEUTRAL,55,"No clear pattern (0.9x ratio, 46% up volume)",LOW_FLOAT,19.9,20.0,20.5,60.0,False,up,50.7,2.0,True,1.0,True,1.0,5.0,5.0,32.0,87.5,Top 25%,43.2,3.0,0.0,3.0,3.0,0.0,0.0,0.0,0.0,False,1/3,30.254999999999995,0.0,3.0,0.0,3.0,3.0,0.0,-1.12,0.0,1.0,0.0,64.6,CONTRADICEN,,62.1,ALTA,False,0.54,2.0,69.0,0,,0,UNRELIABLE/INSUFFICIENT (0),,0.0,26,0.0031,BAJA,20.31,⚪ WEAK,🔴 Weak,,,,,,,,,,,False,2,0.979,False,-8.71,36.1,-2.44,uptrend,stage1,VIGILAR,Construyendo base (lateral) — espera la reconquista de las medias,"las 9 veces anteriores (RSI normal, sobre su MA200 que baja) cayó otro 16% de mediana (peor caso -29%); al año el 78% estaba en positivo (mediana +11%).",9,-16.2,-28.9,78.0,False,"soporte vivo más cercano en 1380.94 (-0.8%), puesto a prueba hace 29 días; aguantó 8 y se rompió 3",1380.94,-0.8,29.0,8.0,3.0,False
ODFL,58.675,Excellent,Stage Unknown,20.56581022260295,7.8,"Old Dominion Freight Line, Inc.",74.2,Industrials,Trucking,100.0,80.0,15.0,95.0,70.0,173.0,35978514432.0,15.0,23.3,False,down,30.5,True,2.0,10.4,True,2.0,4.6,5.2,False,252.03,-31.4,3.0,False,-16.6,"{'roe_pct': 24.8, 'debt_to_equity': 0.0, 'current_ratio': 1.89, 'operating_margin_pct': 28.8}","{'eps_growth_yoy': 30.5, 'op_growth_yoy': 30.0, 'crecimiento_respaldado': True, 'positive_quarters': 4, 'earnings_accelerating': True, 'eps_accel_quarters': 2, 'profit_margin_pct': 19.4, 'score_bruto_sin_capar': 110.0, 'satura': True}",,228.78,280.0,156.0,23.0,buy,32.2,58.51,-66.2,167.0,-3.5,múltiplo propio,4.0,0.39,False,,,reportado,,,,,,,1.16,2.72,4.71,0.67,21.9,0.47,True,-1.63,2183.6,Operating Income,2188.9,22.6,37.0,2026-10-28,False,True,False,6.0,NEUTRAL,9.0,,3.82,28.9,0.81,,,,,,26.1,23.5,2.3,22.3,2026-09-21 05:04:11,2026-09-21,CONFIRMED_UPTREND,TRADE,False,50,Price below 150/200 MA - weak trend,STRONG_DISTRIBUTION,15,"Strong selling pressure (0.5x ratio, 33% up volume)",HIGH_FLOAT,185.7,30.0,48.1,15.0,False,down,23.3,0.0,True,2.0,True,2.0,8.0,,32.0,,Sin datos suficientes,23.3,0.0,0.0,0.0,0.0,0.0,0.0,0.0,0.0,False,1/3,30.07,0.0,0.0,0.0,3.0,5.0,0.0,0.0,0.0,0.0,0.0,62.7,DISPERSOS,-3.5,67.1,ALTA,True,4.03,2.0,125.0,0,,0,UNRELIABLE/INSUFFICIENT (0),WATCH,-3.0,2,0.0778,BAJA,36.7575,⚪ WEAK,🔴 Weak,,,,,,,,,,,False,1,0.731,False,-31.25,38.14,-23.71,sideways,stage4_ma_alcista,ESPERAR,"Ha perdido la MA200, aunque la media sigue subiendo — corrección dentro de tendencia, espera a que la recupere","las 9 veces anteriores (sobrevendido (RSI<25), bajo su MA200 que sube) o paró casi donde estaba o se desplomó hasta -29% — sin término medio; al año el 67% estaba en positivo (mediana +15%).",9,-19.1,-29.4,67.0,True,"soporte vivo más cercano en 172.82 (-0.1%), puesto a prueba hace 2 días; aguantó 3 y se rompió 1",172.82,-0.1,2.0,3.0,1.0,False
