{
  "total_trades": 14,
  "winning_trades": 8,
  "losing_trades": 6,
  "win_rate": 57.14285714285714,
  "avg_return": 7.0130428491435755,
  "median_return": 3.4423851356391233,
  "total_return": 98.18259988801006,
  "best_trade": {
    "ticker": "INTC",
    "return": 52.40228468685583,
    "score": 76.3
  },
  "worst_trade": {
    "ticker": "BEN",
    "return": -5.5764082204602605,
    "score": 66.6
  },
  "tier_metrics": {
    "\u2b50 BUENA": {
      "total_trades": 6,
      "win_rate": 50.0,
      "avg_return": 8.532242482978674,
      "median_return": -0.7506718270421955,
      "best_return": 52.40228468685583,
      "worst_return": -5.5764082204602605
    },
    "\ud83d\udd35 MODERADA": {
      "total_trades": 8,
      "win_rate": 62.5,
      "avg_return": 5.873643123767253,
      "median_return": 6.4072976488264235,
      "best_return": 16.23079113776611,
      "worst_return": -3.2679889208198665
    }
  },
  "timing_impact": {
    "with_timing": {
      "count": 13,
      "win_rate": 53.84615384615385,
      "avg_return": 7.471731348331204
    },
    "without_timing": {
      "count": 1,
      "win_rate": 100.0,
      "avg_return": 1.050092359704406
    }
  },
  "avg_hold_days": 46.07142857142857,
  "avg_max_drawdown": -12.205577692846303
}