ticker,company_name,fundamental_score,sin_score_motivo,base_periodos,tier,quality,price_currency,financial_currency,fx_applied,fx_reliable,per_share_reliable,shares_price_ratio,coherence_issues,earnings_quality_score,growth_acceleration_score,relative_strength_score,financial_health_score,catalyst_timing_score,rs_line_score,rs_line_percentile,rs_line_at_new_high,rs_line_trend,eps_growth_yoy,eps_accelerating,eps_accel_quarters,rev_growth_yoy,rev_accelerating,rev_accel_quarters,earnings_details,growth_details,rs_details,health_details,catalyst_details,current_price,market_cap,sector,industry,short_percent_float,short_ratio,short_squeeze_potential,fifty_two_week_high,proximity_to_52w_high,trend_template_score,trend_template_pass,dist_ma50_pct,target_price_analyst,target_price_analyst_high,target_price_analyst_low,analyst_count,analyst_recommendation,analyst_upside_pct,target_price_dcf,target_price_dcf_upside_pct,target_price_pe,target_price_pe_upside_pct,pe_eps_usado,pe_ancla,pe_ancla_n,pe_ancla_dispersion,pe_ancla_fragil,pe_ancla_excluidos,fcf_yield_pct,fcf_per_share,fcf_minoritarios_pct,dividend_yield_pct,payout_ratio_pct,dividend_rate,five_yr_avg_dividend_yield_pct,buyback_active,shares_change_pct,ai_descartados,piotroski_evaluables,piotroski_motivo,interest_coverage,interest_coverage_base,interest_coverage_ebit,analyst_revision_momentum,days_to_earnings,earnings_date,earnings_warning,earnings_fecha_conocida,earnings_catalyst,piotroski_score,piotroski_label,ebit_ev_yield,roic_greenblatt,peg_ratio,hv_30d,atm_iv,iv_ratio,iv_premium_pts,analyzed_at,pe_sin_ancla_motivo,acciones_efectivas,dcf_no_aplicable,pe_eps_motivo,per_share_no_fiable,shares_change_es_gasto
FTNT,"Fortinet, Inc.",86.2,,trimestral,🏆 ELITE,🟢 Elite,USD,USD,False,True,True,1.0,,100.0,80.0,88.3,90.0,50.0,100.0,100.0,True,up,37.8,True,1,25.6,True,1,"{'eps_growth_yoy': 37.8, 'op_growth_yoy': 50.5, 'crecimiento_respaldado': True, 'positive_quarters': 4, 'earnings_accelerating': True, 'eps_accel_quarters': 1, 'profit_margin_pct': 28.2, 'score_bruto_sin_capar': 105.0, 'satura': True}","{'revenue_growth_yoy': 25.6, 'revenue_accelerating': True, 'rev_accel_quarters': 1}","{'rs_3m': 10.9, 'rs_6m': 102.5, 'rs_line_percentile': 100.0, 'rs_line_at_new_high': True, 'rs_line_trend': 'up', 'rs_line_score': 100}","{'roe_pct': 117.4, 'debt_to_equity': 0.36, 'current_ratio': 1.28, 'operating_margin_pct': 33.6}","{'days_to_earnings': 'N/A', 'recommendation': 'hold', 'analyst_upside_pct': -9.2}",180.95,132765483008,Technology,Software - Infrastructure,2.3,3.2,False,183.09,-1.2,8,True,10.6,164.32,220.0,104.0,36.0,hold,-9.2,99.06,-45.3,116.0,-35.9,reportado,múltiplo propio,4.0,0.32,False,,2.28,4.13,,,,,,True,-4.24,,9,,135.7,Operating Income,146.7,17.6,23.0,2026-10-28,False,True,False,6,NEUTRAL,1.61,83.9,1.6,37.6,,,,2026-10-05T05:43:23.114901,,,,,,
ASML,ASML Holding N.V.,85.6,,trimestral,🏆 ELITE,🟢 Elite,USD,EUR,True,True,True,1.0,,100.0,80.0,76.7,95.0,60.0,80.0,80.4,False,flat,27.4,True,1,21.3,True,1,"{'eps_growth_yoy': 27.4, 'op_growth_yoy': 29.7, 'crecimiento_respaldado': True, 'positive_quarters': 4, 'earnings_accelerating': True, 'eps_accel_quarters': 1, 'profit_margin_pct': 30.1, 'score_bruto_sin_capar': 105.0, 'satura': True}","{'revenue_growth_yoy': 21.3, 'revenue_accelerating': True, 'rev_accel_quarters': 1}","{'rs_3m': 3.8, 'rs_6m': 26.3, 'rs_line_percentile': 80.4, 'rs_line_at_new_high': False, 'rs_line_trend': 'flat', 'rs_line_score': 80}","{'roe_pct': 53.9, 'debt_to_equity': 0.09, 'current_ratio': 1.33, 'operating_margin_pct': 37.1}","{'days_to_earnings': 'N/A', 'recommendation': 'strong_buy', 'analyst_upside_pct': 11.6}",1867.31,717233782784,Technology,Semiconductor Equipment & Materials,0.4,1.2,False,1999.96,-6.6,8,True,8.5,2084.57,2772.61,865.85,16.0,strong_buy,11.6,560.79,-70.0,1150.08,-38.4,reportado,múltiplo propio,4.0,0.2,False,,1.56,29.13,,0.49,28.5,9.08,0.76,False,-0.9,,7,,,,,28.5,9.0,2026-10-14,False,True,True,6,NEUTRAL,0.03,77.5,1.57,42.0,,,,2026-10-05T05:42:54.341009,,,,,,
CVX,Chevron Corporation,83.8,,trimestral,🏆 ELITE,🟢 Elite,USD,USD,False,True,True,1.0,,100.0,100.0,50.3,85.0,60.0,35.0,48.0,False,up,384.8,True,2,51.4,True,2,"{'eps_growth_yoy': 384.8, 'op_growth_yoy': 251.9, 'crecimiento_respaldado': False, 'crecimiento_puntuado': 276.9, 'positive_quarters': 4, 'earnings_accelerating': True, 'eps_accel_quarters': 2, 'profit_margin_pct': 9.8, 'score_bruto_sin_capar': 115.0, 'satura': True}","{'revenue_growth_yoy': 51.4, 'revenue_accelerating': True, 'rev_accel_quarters': 2}","{'rs_3m': 16.6, 'rs_6m': -11.6, 'rs_line_percentile': 48.0, 'rs_line_at_new_high': False, 'rs_line_trend': 'up', 'rs_line_score': 35}","{'roe_pct': 12.2, 'debt_to_equity': 0.19, 'current_ratio': 1.25, 'operating_margin_pct': 21.9}","{'days_to_earnings': 'N/A', 'recommendation': 'buy', 'analyst_upside_pct': 8.7}",206.69,405443805184,Energy,Oil & Gas Integrated,1.1,2.6,False,217.78,-5.1,7,True,2.4,224.62,250.0,175.0,24.0,buy,8.7,265.27,28.3,132.73,-35.8,reportado,múltiplo propio,4.0,1.09,True,,6.9,14.26,,3.44,67.2,7.12,3.88,False,14.54,,9,,18.1,Operating Income,22.5,321.9,25.0,2026-10-30,False,True,False,5,NEUTRAL,3.79,7.4,,21.8,,,,2026-10-05T05:44:12.250579,,,,,,
APH,Amphenol Corporation,83.6,,trimestral,🏆 ELITE,🟢 Elite,USD,USD,False,True,True,1.0,,90.0,90.0,76.7,85.0,60.0,80.0,82.2,False,up,26.5,False,0,58.4,True,1,"{'eps_growth_yoy': 26.5, 'op_growth_yoy': 82.3, 'crecimiento_respaldado': True, 'positive_quarters': 4, 'earnings_accelerating': False, 'eps_accel_quarters': 0, 'profit_margin_pct': 17.7, 'score_bruto_sin_capar': 90.0, 'satura': False}","{'revenue_growth_yoy': 58.4, 'revenue_accelerating': True, 'rev_accel_quarters': 1}","{'rs_3m': 6.6, 'rs_6m': 20.5, 'rs_line_percentile': 82.2, 'rs_line_at_new_high': False, 'rs_line_trend': 'up', 'rs_line_score': 80}","{'roe_pct': 38.1, 'debt_to_equity': 1.2, 'current_ratio': 1.89, 'operating_margin_pct': 29.8}","{'days_to_earnings': 'N/A', 'recommendation': 'strong_buy', 'analyst_upside_pct': 14.6}",86.96,214440476672,Technology,Electronic Components,1.5,2.8,False,89.26,-2.6,8,True,7.3,99.68,115.0,85.0,19.0,strong_buy,14.6,41.22,-52.6,33.49,-61.5,reportado,múltiplo propio,4.0,0.48,False,,2.27,1.97,,0.58,22.9,0.5,0.76,False,1.34,,9,,13.7,Operating Income,13.6,59.3,23.0,2026-10-28,False,True,False,6,NEUTRAL,2.62,37.9,0.89,36.7,0.4,0.01,-36.3,2026-10-05T05:42:00.353168,,,,,,
MSFT,Microsoft Corporation,82.8,,trimestral,🏆 ELITE,🟢 Elite,USD,USD,False,True,True,1.0,,100.0,70.0,75.0,95.0,60.0,60.0,61.8,False,up,31.3,True,1,17.7,True,1,"{'eps_growth_yoy': 31.3, 'op_growth_yoy': 18.3, 'crecimiento_respaldado': True, 'positive_quarters': 4, 'earnings_accelerating': True, 'eps_accel_quarters': 1, 'profit_margin_pct': 40.3, 'score_bruto_sin_capar': 105.0, 'satura': True}","{'revenue_growth_yoy': 17.7, 'revenue_accelerating': True, 'rev_accel_quarters': 1}","{'rs_3m': 30.2, 'rs_6m': 22.0, 'rs_line_percentile': 61.8, 'rs_line_at_new_high': False, 'rs_line_trend': 'up', 'rs_line_score': 60}","{'roe_pct': 34.0, 'debt_to_equity': 0.29, 'current_ratio': 1.23, 'operating_margin_pct': 45.1}","{'days_to_earnings': 'N/A', 'recommendation': 'strong_buy', 'analyst_upside_pct': 11.8}",517.53,3842942959616,Technology,Software - Infrastructure,0.9,3.2,False,553.72,-6.5,6,False,6.2,578.82,870.0,440.0,53.0,strong_buy,11.8,,,631.78,22.1,reportado,múltiplo propio,4.0,0.47,False,,1.74,9.01,,0.76,19.8,3.92,0.78,False,-0.24,,9,,50.9,Operating Income,55.4,31.7,23.0,2026-10-28,False,True,False,6,NEUTRAL,3.99,41.3,0.96,23.6,0.4,0.02,-23.2,2026-10-05T05:36:30.858273,,,"el capex se lleva el 63% del flujo operativo: lo que queda no es lo que gana el dueño, es lo que sobra tras decidir invertir",,,
AVGO,Broadcom Inc.,82.7,,trimestral,🏆 ELITE,🟢 Elite,USD,USD,False,True,True,1.0,,100.0,100.0,36.0,90.0,70.0,15.0,7.0,False,down,216.1,True,2,85.5,True,2,"{'eps_growth_yoy': 216.1, 'op_growth_yoy': 164.4, 'crecimiento_respaldado': False, 'crecimiento_puntuado': 189.4, 'positive_quarters': 4, 'earnings_accelerating': True, 'eps_accel_quarters': 2, 'profit_margin_pct': 42.9, 'score_bruto_sin_capar': 125.0, 'satura': True}","{'revenue_growth_yoy': 85.5, 'revenue_accelerating': True, 'rev_accel_quarters': 2}","{'rs_3m': -7.2, 'rs_6m': -4.1, 'rs_line_percentile': 7.0, 'rs_line_at_new_high': False, 'rs_line_trend': 'down', 'rs_line_score': 15}","{'roe_pct': 44.2, 'debt_to_equity': 0.6, 'current_ratio': 2.5, 'operating_margin_pct': 54.3}","{'days_to_earnings': 'N/A', 'recommendation': 'strong_buy', 'analyst_upside_pct': 49.6}",355.14,1695307005952,Technology,Semiconductors,1.1,2.0,False,495.0,-28.3,1,False,-4.7,531.31,715.0,215.88,47.0,strong_buy,49.6,151.55,-57.3,,,normalizado,,,,,,2.36,8.38,,0.73,32.4,2.6,1.27,False,0.56,,9,,13.9,Operating Income,14.0,215.3,65.0,2026-12-09,False,True,False,8,STRONG,1.51,167.3,0.89,33.7,,,,2026-10-05T05:42:58.345481,los P/E históricos se separan 2.5x la mediana: el ancla la decidiría un año suelto,,,tasa fiscal efectiva 5.4% — el beneficio del periodo no es representativo,,
TECK,Teck Resources Limited,80.6,,trimestral,🏆 ELITE,🟢 Elite,USD,CAD,True,True,True,0.9845,"FCF declarado (1,925,000,000) se aparta del derivado de flujo operativo menos capex (1,193,813,790)",100.0,80.0,76.7,75.0,40.0,80.0,85.8,False,up,314.6,False,0,78.2,False,0,"{'eps_growth_yoy': 314.6, 'op_growth_yoy': 425.2, 'crecimiento_respaldado': True, 'positive_quarters': 4, 'earnings_accelerating': False, 'eps_accel_quarters': 0, 'profit_margin_pct': 17.9, 'score_bruto_sin_capar': 100.0, 'satura': False}","{'revenue_growth_yoy': 78.2, 'revenue_accelerating': False, 'rev_accel_quarters': 0}","{'rs_3m': 14.4, 'rs_6m': 12.7, 'rs_line_percentile': 85.8, 'rs_line_at_new_high': False, 'rs_line_trend': 'up', 'rs_line_score': 80}","{'roe_pct': 8.7, 'debt_to_equity': 0.34, 'current_ratio': 3.12, 'operating_margin_pct': 43.1}","{'days_to_earnings': 'N/A', 'recommendation': 'hold', 'analyst_upside_pct': -23.4}",68.56,33635534848,Basic Materials,Copper,,4.5,False,72.56,-5.5,8,True,4.1,52.49,67.11,34.95,4.0,hold,-23.4,,,,,normalizado,,,,,,3.55,2.43,,0.51,9.8,0.35,0.83,True,-1.05,,6,solo 6 de los 9 criterios son calculables con los estados de esta empresa,5.2,Operating Income,6.5,129.8,24.0,2026-10-29,False,True,False,5,,4.01,4.2,0.64,40.8,,,,2026-10-05T05:45:45.182982,sin histórico de múltiplo (beneficio negativo o pocos años),,"el capex se lleva el 63% del flujo operativo: lo que queda no es lo que gana el dueño, es lo que sobra tras decidir invertir",tasa fiscal efectiva 39.3% — el beneficio del periodo no es representativo,,
KYCCF,Keyence Corporation,80.1,,anual,🏆 ELITE,🟢 Elite,USD,JPY,True,True,True,1.0,,100.0,80.0,76.7,65.0,50.0,80.0,76.6,False,up,11.7,True,2,10.4,True,2,"{'eps_growth_yoy': 11.7, 'op_growth_yoy': 8.4, 'crecimiento_respaldado': True, 'positive_quarters': 4, 'earnings_accelerating': True, 'eps_accel_quarters': 2, 'profit_margin_pct': 39.2, 'score_bruto_sin_capar': 105.0, 'satura': True}","{'revenue_growth_yoy': 10.4, 'revenue_accelerating': True, 'rev_accel_quarters': 2}","{'rs_3m': 6.6, 'rs_6m': 21.8, 'rs_line_percentile': 76.6, 'rs_line_at_new_high': False, 'rs_line_trend': 'up', 'rs_line_score': 80}","{'current_ratio': 11.87, 'operating_margin_pct': 54.0}","{'days_to_earnings': 'N/A', 'recommendation': 'none'}",518.14,125661978624,Technology,Scientific & Technical Instruments,,,False,581.6,-10.9,8,True,2.1,,,,,none,,35960.66,6840.3,,,reportado,,,,,,320.15,1658.83,,0.67,30.0,3.48,0.42,,,,9,,,,,25.5,24.0,2026-10-29,False,True,False,5,NEUTRAL,,31.6,1.42,34.6,,,,2026-10-05T05:43:02.534656,múltiplo propio 0x fuera del rango 8-45,,,,,
WST,"West Pharmaceutical Services, Inc.",80.0,,trimestral,🏆 ELITE,🟢 Elite,USD,USD,False,True,True,1.0,,100.0,60.0,74.0,95.0,60.0,80.0,88.1,False,up,16.8,True,2,13.8,False,0,"{'eps_growth_yoy': 16.8, 'op_growth_yoy': 20.8, 'crecimiento_respaldado': True, 'positive_quarters': 4, 'earnings_accelerating': True, 'eps_accel_quarters': 2, 'profit_margin_pct': 17.0, 'score_bruto_sin_capar': 100.0, 'satura': False}","{'revenue_growth_yoy': 13.8, 'revenue_accelerating': False, 'rev_accel_quarters': 0}","{'rs_3m': -0.6, 'rs_6m': 24.9, 'rs_line_percentile': 88.1, 'rs_line_at_new_high': False, 'rs_line_trend': 'up', 'rs_line_score': 80}","{'roe_pct': 19.1, 'debt_to_equity': 0.11, 'current_ratio': 2.82, 'operating_margin_pct': 22.5}","{'days_to_earnings': 'N/A', 'recommendation': 'strong_buy', 'analyst_upside_pct': 11.7}",364.98,25685745664,Healthcare,Medical Instruments & Supplies,4.0,4.9,False,386.0,-5.4,8,True,3.7,407.56,459.0,340.0,16.0,strong_buy,11.7,78.12,-78.6,330.95,-9.3,reportado,múltiplo propio,4.0,0.44,False,,1.47,5.37,,0.24,11.1,0.88,0.24,True,-1.66,,9,,160.6,Operating Income,155.1,18.1,17.0,2026-10-22,False,True,True,7,NEUTRAL,2.49,20.1,,22.0,,,,2026-10-05T05:38:27.188086,,,,,,
AAPL,Apple Inc.,79.3,,trimestral,⭐⭐⭐ EXCELLENT,🟢 Excellent,USD,USD,False,True,True,1.0,,100.0,70.0,65.1,85.0,60.0,60.0,70.0,False,down,27.1,True,1,16.4,True,1,"{'eps_growth_yoy': 27.1, 'op_growth_yoy': 26.6, 'crecimiento_respaldado': True, 'positive_quarters': 4, 'earnings_accelerating': True, 'eps_accel_quarters': 1, 'profit_margin_pct': 27.6, 'score_bruto_sin_capar': 105.0, 'satura': True}","{'revenue_growth_yoy': 16.4, 'revenue_accelerating': True, 'rev_accel_quarters': 1}","{'rs_3m': 4.3, 'rs_6m': 11.7, 'rs_line_percentile': 70.0, 'rs_line_at_new_high': False, 'rs_line_trend': 'down', 'rs_line_score': 60}","{'roe_pct': 148.8, 'debt_to_equity': 0.78, 'current_ratio': 1.0, 'operating_margin_pct': 32.6}","{'days_to_earnings': 'N/A', 'recommendation': 'buy', 'analyst_upside_pct': -1.7}",333.69,4869931925504,Technology,Consumer Electronics,0.9,3.0,False,345.34,-3.4,8,True,3.5,328.09,405.0,215.0,39.0,buy,-1.7,160.86,-51.8,268.24,-19.6,reportado,múltiplo propio,4.0,0.51,False,,2.75,9.18,,0.32,12.0,1.08,0.47,True,-1.56,,9,,,,,20.1,24.0,2026-10-29,False,True,False,8,STRONG,2.72,267.0,5.06,22.7,0.4,0.02,-22.3,2026-10-05T05:43:47.192790,,,,,,
BRK-B,Berkshire Hathaway Inc.,79.2,,trimestral,⭐⭐⭐ EXCELLENT,🟢 Excellent,USD,USD,False,True,True,0.6577,"acciones × precio no cuadra (ratio 0.6577) pero la divisa sí: son clases múltiples. Se usan 2,141 M de acciones efectivas (capitalización ÷ precio) en vez de las 1,408 M declaradas",100.0,90.0,36.0,90.0,60.0,15.0,19.6,False,down,457.6,True,1,41.5,True,1,"{'eps_growth_yoy': 457.6, 'op_growth_yoy': 421.4, 'crecimiento_respaldado': False, 'crecimiento_puntuado': 446.4, 'positive_quarters': 4, 'earnings_accelerating': True, 'eps_accel_quarters': 1, 'profit_margin_pct': 22.3, 'score_bruto_sin_capar': 115.0, 'satura': True}","{'revenue_growth_yoy': 41.5, 'revenue_accelerating': True, 'rev_accel_quarters': 1}","{'rs_3m': -3.5, 'rs_6m': -11.9, 'rs_line_percentile': 19.6, 'rs_line_at_new_high': False, 'rs_line_trend': 'down', 'rs_line_score': 15}","{'roe_pct': 12.1, 'debt_to_equity': 0.17, 'current_ratio': 2.89, 'operating_margin_pct': 32.6}","{'days_to_earnings': 'N/A', 'recommendation': 'buy', 'analyst_upside_pct': 9.0}",502.65,1076027719680,Financial Services,Insurance - Diversified,1.0,3.2,False,537.74,-6.5,4,False,-0.9,547.67,604.0,510.0,3.0,buy,9.0,,,438.6,-12.7,reportado,múltiplo propio,3.0,0.74,True,,2.39,12.01,,,,,,False,-0.41,,7,,17.1,EBIT,17.1,75.5,33.0,2026-11-07,False,True,False,4,NEUTRAL,,,0.77,11.8,0.4,0.03,-11.4,2026-10-05T05:39:06.944234,,2140709678.0,"Insurance - Diversified: el flujo operativo son depósitos, préstamos o primas, no caja libre para el accionista",,,True
TNE.AX,Technology One Limited,78.8,,anual,⭐⭐⭐ EXCELLENT,🟢 Excellent,AUD,AUD,False,True,True,1.0,,95.0,80.0,50.0,95.0,60.0,,,,,16.6,True,1,18.2,True,2,"{'eps_growth_yoy': 16.6, 'op_growth_yoy': 18.3, 'crecimiento_respaldado': True, 'positive_quarters': 4, 'earnings_accelerating': True, 'eps_accel_quarters': 1, 'profit_margin_pct': 22.4, 'score_bruto_sin_capar': 95.0, 'satura': False}","{'revenue_growth_yoy': 18.2, 'revenue_accelerating': True, 'rev_accel_quarters': 2}","{'rs_3m': -2.8, 'rs_6m': -6.3}","{'roe_pct': 33.5, 'debt_to_equity': 0.12, 'current_ratio': 1.12, 'operating_margin_pct': 27.1}","{'days_to_earnings': 'N/A', 'recommendation': 'buy', 'analyst_upside_pct': 0.9}",30.69,10046941184,Technology,Software - Application,,,False,39.99,-23.3,6,False,-0.7,30.96,34.25,22.0,15.0,buy,0.9,20.38,-33.6,,,reportado,,,,,,1.98,0.61,,0.92,62.0,0.28,0.92,,,,7,,,,,4.4,42.0,2026-11-17,False,True,False,3,NEUTRAL,1.77,152.7,3.38,29.8,,,,2026-10-05T05:40:45.554393,múltiplo propio 56x fuera del rango 8-45,,,,,
4684.T,"OBIC Co.,Ltd.",78.3,,anual,⭐⭐⭐ EXCELLENT,🟢 Excellent,JPY,JPY,False,True,True,1.0,,95.0,70.0,79.0,70.0,60.0,,,,,16.4,True,1,11.5,True,1,"{'eps_growth_yoy': 16.4, 'op_growth_yoy': 13.3, 'crecimiento_respaldado': True, 'positive_quarters': 4, 'earnings_accelerating': True, 'eps_accel_quarters': 1, 'profit_margin_pct': 56.2, 'score_bruto_sin_capar': 95.0, 'satura': False}","{'revenue_growth_yoy': 11.5, 'revenue_accelerating': True, 'rev_accel_quarters': 1}","{'rs_3m': 25.1, 'rs_6m': 13.7}","{'roe_pct': 16.6, 'current_ratio': 7.21, 'operating_margin_pct': 67.7}","{'days_to_earnings': 'N/A', 'recommendation': 'buy', 'analyst_upside_pct': 10.2}",5003.0,2148257497088,Technology,Software - Application,,,False,5217.0,-4.1,6,False,5.6,5513.33,6200.0,4500.0,12.0,buy,10.2,5105.29,2.0,5256.79,5.1,reportado,múltiplo propio,4.0,0.41,False,,3.36,168.1,,1.86,49.1,94.0,1.24,,,,9,,,,,19.5,22.0,2026-10-27,False,True,False,4,NEUTRAL,4.47,35.7,2.09,26.9,,,,2026-10-05T05:42:12.583186,,,,,,
CBOE,"Cboe Global Markets, Inc.",78.3,,trimestral,⭐⭐⭐ EXCELLENT,🟢 Excellent,USD,USD,False,True,True,1.0,,100.0,90.0,26.7,100.0,55.0,15.0,21.8,False,down,50.2,False,0,22.9,True,2,"{'eps_growth_yoy': 50.2, 'op_growth_yoy': 33.6, 'crecimiento_respaldado': True, 'positive_quarters': 4, 'earnings_accelerating': False, 'eps_accel_quarters': 0, 'profit_margin_pct': 26.7, 'score_bruto_sin_capar': 105.0, 'satura': True}","{'revenue_growth_yoy': 22.9, 'revenue_accelerating': True, 'rev_accel_quarters': 2}","{'rs_3m': 2.0, 'rs_6m': -25.3, 'rs_line_percentile': 21.8, 'rs_line_at_new_high': False, 'rs_line_trend': 'down', 'rs_line_score': 15}","{'roe_pct': 26.3, 'debt_to_equity': 0.28, 'current_ratio': 1.56, 'operating_margin_pct': 34.6}","{'days_to_earnings': 'N/A', 'recommendation': 'hold', 'analyst_upside_pct': 15.3}",271.26,28327958528,Financial Services,Financial Data & Stock Exchanges,3.0,2.9,False,371.18,-26.9,2,False,-5.6,312.8,354.0,258.0,15.0,hold,15.3,496.53,83.0,326.45,20.3,reportado,múltiplo propio,4.0,1.22,True,,6.68,18.12,,1.27,22.4,3.44,1.23,False,-0.19,,9,,33.6,Operating Income,36.6,20.1,25.0,2026-10-30,False,True,False,8,STRONG,5.5,65.7,0.6,36.6,,,,2026-10-05T05:41:18.982663,,,,,,
NUE,Nucor Corporation,78.2,,trimestral,⭐⭐⭐ EXCELLENT,🟢 Excellent,USD,USD,False,True,True,1.0,"FCF declarado (1,211,000,000) se aparta del derivado de flujo operativo menos capex (766,533,165)",95.0,70.0,68.7,80.0,65.0,60.0,70.9,False,down,91.7,False,0,23.0,False,0,"{'eps_growth_yoy': 91.7, 'op_growth_yoy': 77.3, 'crecimiento_respaldado': True, 'positive_quarters': 4, 'earnings_accelerating': False, 'eps_accel_quarters': 0, 'profit_margin_pct': 8.0, 'score_bruto_sin_capar': 95.0, 'satura': False}","{'revenue_growth_yoy': 23.0, 'revenue_accelerating': False, 'rev_accel_quarters': 0}","{'rs_3m': 2.8, 'rs_6m': 25.0, 'rs_line_percentile': 70.9, 'rs_line_at_new_high': False, 'rs_line_trend': 'down', 'rs_line_score': 60}","{'roe_pct': 14.5, 'debt_to_equity': 0.31, 'current_ratio': 2.51, 'operating_margin_pct': 15.7}","{'days_to_earnings': 'N/A', 'recommendation': 'buy', 'analyst_upside_pct': 18.1}",240.39,54538645504,Basic Materials,Steel,2.5,3.1,False,280.11,-14.2,7,True,-5.8,283.94,310.0,226.0,16.0,buy,18.1,,,,,reportado,,,,,,1.41,3.39,23.5,0.93,17.8,2.24,1.33,False,-1.0,,9,,28.7,Operating Income,29.3,93.8,21.0,2026-10-26,False,True,True,6,NEUTRAL,4.42,11.5,,31.6,,,,2026-10-05T05:44:52.614607,los P/E históricos se separan 1.5x la mediana: el ancla la decidiría un año suelto,,"el capex se lleva el 77% del flujo operativo: lo que queda no es lo que gana el dueño, es lo que sobra tras decidir invertir",,,
THC,Tenet Healthcare Corporation,78.1,,trimestral,⭐⭐⭐ EXCELLENT,🟢 Excellent,USD,USD,False,True,True,1.0,,100.0,60.0,79.4,75.0,60.0,80.0,79.4,False,up,186.8,False,0,14.6,False,0,"{'eps_growth_yoy': 186.8, 'op_growth_yoy': 68.7, 'crecimiento_respaldado': False, 'crecimiento_puntuado': 93.7, 'positive_quarters': 4, 'earnings_accelerating': False, 'eps_accel_quarters': 0, 'profit_margin_pct': 10.3, 'score_bruto_sin_capar': 100.0, 'satura': False}","{'revenue_growth_yoy': 14.6, 'revenue_accelerating': False, 'rev_accel_quarters': 0}","{'rs_3m': 20.7, 'rs_6m': 18.5, 'rs_line_percentile': 79.4, 'rs_line_at_new_high': False, 'rs_line_trend': 'up', 'rs_line_score': 80}","{'roe_pct': 37.3, 'debt_to_equity': 1.52, 'current_ratio': 1.41, 'operating_margin_pct': 18.2}","{'days_to_earnings': 'N/A', 'recommendation': 'buy', 'analyst_upside_pct': 10.1}",258.62,20823824384,Healthcare,Medical Care Facilities,2.9,2.8,False,283.05,-8.6,7,True,-1.2,284.64,315.0,260.0,22.0,buy,10.1,422.35,63.3,333.73,29.0,reportado,múltiplo propio,4.0,0.72,False,,9.98,25.81,30.9,,,,2.21,True,-8.53,,9,,5.4,Operating Income,5.7,213.4,24.0,2026-10-29,False,True,False,6,NEUTRAL,9.57,31.7,0.41,29.7,0.4,0.01,-29.3,2026-10-05T05:45:36.789007,,,,,,
VEEV,Veeva Systems Inc.,77.2,,trimestral,⭐⭐⭐ EXCELLENT,🟢 Excellent,USD,USD,False,True,True,1.0,,95.0,60.0,75.0,85.0,60.0,60.0,58.2,False,up,36.5,False,0,17.6,False,0,"{'eps_growth_yoy': 36.5, 'op_growth_yoy': 40.4, 'crecimiento_respaldado': True, 'positive_quarters': 4, 'earnings_accelerating': False, 'eps_accel_quarters': 0, 'profit_margin_pct': 29.3, 'score_bruto_sin_capar': 95.0, 'satura': False}","{'revenue_growth_yoy': 17.6, 'revenue_accelerating': False, 'rev_accel_quarters': 0}","{'rs_3m': 38.9, 'rs_6m': 39.1, 'rs_line_percentile': 58.2, 'rs_line_at_new_high': False, 'rs_line_trend': 'up', 'rs_line_score': 60}","{'roe_pct': 14.4, 'debt_to_equity': 0.02, 'current_ratio': 5.46, 'operating_margin_pct': 29.6}","{'days_to_earnings': 'N/A', 'recommendation': 'buy', 'analyst_upside_pct': 8.8}",273.33,44254543872,Healthcare,Health Information Services,3.4,2.9,False,310.5,-12.0,6,False,9.0,297.3,350.0,180.0,27.0,buy,8.8,196.05,-28.3,,,reportado,,,,,,2.84,7.76,,,,,,True,-1.57,,9,,,,,39.5,51.0,2026-11-25,False,True,False,7,NEUTRAL,2.47,14.1,1.22,29.9,,,,2026-10-05T05:37:45.717426,múltiplo propio 55x fuera del rango 8-45,,,,,
ODFL,"Old Dominion Freight Line, Inc.",77.2,,trimestral,⭐⭐⭐ EXCELLENT,🟢 Excellent,USD,USD,False,True,True,1.0,,100.0,80.0,32.0,95.0,65.0,35.0,28.3,False,down,30.5,True,2,10.4,True,2,"{'eps_growth_yoy': 30.5, 'op_growth_yoy': 30.0, 'crecimiento_respaldado': True, 'positive_quarters': 4, 'earnings_accelerating': True, 'eps_accel_quarters': 2, 'profit_margin_pct': 19.4, 'score_bruto_sin_capar': 110.0, 'satura': True}","{'revenue_growth_yoy': 10.4, 'revenue_accelerating': True, 'rev_accel_quarters': 2}","{'rs_3m': -19.3, 'rs_6m': -27.9, 'rs_line_percentile': 28.3, 'rs_line_at_new_high': False, 'rs_line_trend': 'down', 'rs_line_score': 35}","{'roe_pct': 24.8, 'debt_to_equity': 0.0, 'current_ratio': 1.89, 'operating_margin_pct': 28.8}","{'days_to_earnings': 'N/A', 'recommendation': 'buy', 'analyst_upside_pct': 26.3}",180.48,37423722496,Industrials,Trucking,4.9,5.2,False,252.03,-28.4,3,False,-8.1,227.95,263.0,156.0,22.0,buy,26.3,62.45,-65.4,166.68,-7.6,reportado,múltiplo propio,4.0,0.39,False,,2.62,4.73,,0.64,21.9,1.16,0.43,True,-1.63,,9,,2183.6,Operating Income,2188.9,22.6,23.0,2026-10-28,False,True,False,6,NEUTRAL,3.66,28.9,,24.6,,,,2026-10-05T05:41:56.365248,,,,,,
NDSN,Nordson Corporation,76.7,,trimestral,⭐⭐⭐ EXCELLENT,🟢 Excellent,USD,USD,False,True,True,1.0,,90.0,60.0,84.7,85.0,50.0,100.0,94.9,True,up,21.5,True,1,10.3,False,0,"{'eps_growth_yoy': 21.5, 'op_growth_yoy': 11.6, 'crecimiento_respaldado': True, 'positive_quarters': 4, 'earnings_accelerating': True, 'eps_accel_quarters': 1, 'profit_margin_pct': 18.6, 'score_bruto_sin_capar': 90.0, 'satura': False}","{'revenue_growth_yoy': 10.3, 'revenue_accelerating': False, 'rev_accel_quarters': 0}","{'rs_3m': 13.8, 'rs_6m': 10.1, 'rs_line_percentile': 94.9, 'rs_line_at_new_high': True, 'rs_line_trend': 'up', 'rs_line_score': 100}","{'roe_pct': 17.8, 'debt_to_equity': 0.56, 'current_ratio': 1.82, 'operating_margin_pct': 27.4}","{'days_to_earnings': 'N/A', 'recommendation': 'none', 'analyst_upside_pct': 4.8}",333.54,18584164352,Industrials,Specialty Industrial Machinery,3.1,3.5,False,339.12,-1.6,8,True,6.0,349.71,375.0,282.0,7.0,none,4.8,230.41,-30.9,253.06,-24.1,reportado,múltiplo propio,4.0,0.22,False,,3.85,12.84,,1.13,33.2,3.76,1.07,True,-1.24,,9,,8.8,Operating Income,8.4,11.5,65.0,2026-12-09,False,True,False,7,NEUTRAL,3.57,67.1,,17.1,,,,2026-10-05T05:40:41.732143,,,,,,
AME,"AMETEK, Inc.",76.1,,trimestral,⭐⭐⭐ EXCELLENT,🟢 Excellent,USD,USD,False,True,True,1.0,,95.0,70.0,56.7,85.0,60.0,60.0,69.4,False,flat,13.5,True,1,15.0,True,1,"{'eps_growth_yoy': 13.5, 'op_growth_yoy': 14.4, 'crecimiento_respaldado': True, 'positive_quarters': 4, 'earnings_accelerating': True, 'eps_accel_quarters': 1, 'profit_margin_pct': 20.0, 'score_bruto_sin_capar': 95.0, 'satura': False}","{'revenue_growth_yoy': 15.0, 'revenue_accelerating': True, 'rev_accel_quarters': 1}","{'rs_3m': 5.7, 'rs_6m': -1.7, 'rs_line_percentile': 69.4, 'rs_line_at_new_high': False, 'rs_line_trend': 'flat', 'rs_line_score': 60}","{'roe_pct': 14.6, 'debt_to_equity': 0.21, 'current_ratio': 1.21, 'operating_margin_pct': 26.2}","{'days_to_earnings': 'N/A', 'recommendation': 'buy', 'analyst_upside_pct': 11.3}",251.93,57743110144,Industrials,Specialty Industrial Machinery,1.5,2.1,False,261.16,-3.5,7,True,3.4,280.28,318.0,217.0,18.0,buy,11.3,168.01,-33.3,200.53,-20.4,reportado,múltiplo propio,4.0,0.16,False,,3.17,7.99,,0.54,19.0,1.36,0.61,False,-0.7,,9,,21.1,Operating Income,20.8,14.2,24.0,2026-10-29,False,True,False,6,NEUTRAL,3.21,146.3,3.08,21.6,,,,2026-10-05T05:40:33.361559,,,,,,
7741.T,HOYA Corporation,75.8,,anual,⭐⭐⭐ EXCELLENT,🟢 Excellent,JPY,JPY,False,True,True,1.0,,100.0,80.0,30.0,95.0,55.0,,,,,25.2,True,2,12.4,True,2,"{'eps_growth_yoy': 25.2, 'op_growth_yoy': 14.6, 'crecimiento_respaldado': True, 'positive_quarters': 4, 'earnings_accelerating': True, 'eps_accel_quarters': 2, 'profit_margin_pct': 27.2, 'score_bruto_sin_capar': 115.0, 'satura': True}","{'revenue_growth_yoy': 12.4, 'revenue_accelerating': True, 'rev_accel_quarters': 2}","{'rs_3m': -7.4, 'rs_6m': -25.1}","{'roe_pct': 26.5, 'debt_to_equity': 0.04, 'current_ratio': 4.91, 'operating_margin_pct': 32.4}","{'days_to_earnings': 'N/A', 'recommendation': 'none', 'analyst_upside_pct': 23.3}",24495.0,8170596990976,Healthcare,Medical Instruments & Supplies,,,False,30400.0,-19.4,3,False,0.2,30200.0,36000.0,23100.0,15.0,none,23.3,16147.63,-34.1,24490.06,-0.0,reportado,múltiplo propio,4.0,0.22,False,,2.87,703.01,,1.22,39.7,295.0,0.72,,,,9,,,,,15.0,25.0,2026-10-30,False,True,False,6,NEUTRAL,7.26,55.3,2.16,25.3,,,,2026-10-05T05:38:47.674637,,,,,,
GOOG,Alphabet Inc.,75.8,,trimestral,⭐⭐⭐ EXCELLENT,🟢 Excellent,USD,USD,False,True,True,0.4519,"acciones × precio no cuadra (ratio 0.4519) pero la divisa sí: son clases múltiples. Se usan 12,230 M de acciones efectivas (capitalización ÷ precio) en vez de las 5,527 M declaradas | FCF declarado (53,273,000,000) se aparta del derivado de flujo operativo menos capex (94,228,005,952)",85.0,80.0,44.0,100.0,65.0,35.0,43.9,False,up,297.9,False,0,24.2,True,1,"{'eps_growth_yoy': 297.9, 'op_growth_yoy': 30.4, 'crecimiento_respaldado': False, 'crecimiento_puntuado': 55.4, 'positive_quarters': 4, 'earnings_accelerating': False, 'eps_accel_quarters': 0, 'profit_margin_pct': 54.8, 'score_bruto_sin_capar': 105.0, 'satura': True}","{'revenue_growth_yoy': 24.2, 'revenue_accelerating': True, 'rev_accel_quarters': 1}","{'rs_3m': -9.5, 'rs_6m': -2.9, 'rs_line_percentile': 43.9, 'rs_line_at_new_high': False, 'rs_line_trend': 'up', 'rs_line_score': 35}","{'roe_pct': 48.7, 'debt_to_equity': 0.19, 'current_ratio': 2.72, 'operating_margin_pct': 34.0}","{'days_to_earnings': 'N/A', 'recommendation': 'strong_buy', 'analyst_upside_pct': 23.3}",340.35,4162458484736,Communication Services,Internet Content & Information,,3.3,False,404.47,-15.9,4,False,-0.4,419.65,475.0,340.0,14.0,strong_buy,23.3,154.22,-54.7,474.4,39.4,reportado,múltiplo propio,4.0,0.41,False,,2.26,7.69,,0.26,4.3,0.88,,False,0.91,,9,,65.6,Operating Income,133.9,294.0,23.0,2026-10-28,False,True,False,6,NEUTRAL,3.18,35.3,0.75,25.0,,,,2026-10-05T05:43:06.708460,,12229935316.0,,,,
BLK,"BlackRock, Inc.",75.7,,trimestral,⭐⭐⭐ EXCELLENT,🟢 Excellent,USD,USD,False,True,True,0.9532,,85.0,90.0,38.7,90.0,65.0,15.0,19.2,False,down,20.2,False,0,30.6,True,1,"{'eps_growth_yoy': 20.2, 'op_growth_yoy': 33.6, 'crecimiento_respaldado': True, 'positive_quarters': 4, 'earnings_accelerating': False, 'eps_accel_quarters': 0, 'profit_margin_pct': 24.1, 'score_bruto_sin_capar': 85.0, 'satura': False}","{'revenue_growth_yoy': 30.6, 'revenue_accelerating': True, 'rev_accel_quarters': 1}","{'rs_3m': 2.3, 'rs_6m': -5.8, 'rs_line_percentile': 19.2, 'rs_line_at_new_high': False, 'rs_line_trend': 'down', 'rs_line_score': 15}","{'roe_pct': 12.3, 'debt_to_equity': 0.23, 'current_ratio': 2.45, 'operating_margin_pct': 35.1}","{'days_to_earnings': 'N/A', 'recommendation': 'strong_buy', 'analyst_upside_pct': 24.2}",1059.63,172164644864,Financial Services,Asset Management,1.3,3.7,False,1219.94,-13.1,4,False,-4.2,1315.65,1479.0,1190.0,17.0,strong_buy,24.2,,,928.78,-12.3,reportado,múltiplo propio,4.0,0.51,False,,1.74,18.44,15.8,2.16,52.4,22.92,2.29,False,5.31,,9,,16.6,Operating Income,17.9,19.6,9.0,2026-10-14,False,True,True,4,NEUTRAL,4.59,27.4,30.98,22.4,,,,2026-10-05T05:41:52.032558,,,"Asset Management: el flujo operativo son depósitos, préstamos o primas, no caja libre para el accionista",,,
OXY,Occidental Petroleum Corporation,75.4,,trimestral,⭐⭐⭐ EXCELLENT,🟢 Excellent,USD,USD,False,True,True,1.0,,100.0,80.0,34.7,80.0,65.0,35.0,38.8,False,down,808.8,True,2,53.4,False,0,"{'eps_growth_yoy': 808.8, 'op_growth_yoy': 359.3, 'crecimiento_respaldado': False, 'crecimiento_puntuado': 384.3, 'positive_quarters': 3, 'earnings_accelerating': True, 'eps_accel_quarters': 2, 'profit_margin_pct': 30.3, 'score_bruto_sin_capar': 118.0, 'satura': True}","{'revenue_growth_yoy': 53.4, 'revenue_accelerating': False, 'rev_accel_quarters': 0}","{'rs_3m': 9.7, 'rs_6m': -24.3, 'rs_line_percentile': 38.8, 'rs_line_at_new_high': False, 'rs_line_trend': 'down', 'rs_line_score': 35}","{'roe_pct': 10.6, 'debt_to_equity': 0.35, 'current_ratio': 1.41, 'operating_margin_pct': 45.4}","{'days_to_earnings': 'N/A', 'recommendation': 'buy', 'analyst_upside_pct': 17.7}",58.08,58058940416,Energy,Oil & Gas E&P,3.0,2.9,False,67.45,-13.9,6,False,-0.2,68.36,82.0,55.0,25.0,buy,17.7,,,46.97,-19.1,reportado,múltiplo propio,4.0,0.97,False,,7.84,4.55,,1.93,28.4,1.12,0.59,False,0.18,,9,,5.7,Operating Income,6.2,675.4,35.0,2026-11-09,False,True,False,4,NEUTRAL,4.81,5.8,,35.7,,,,2026-10-05T05:43:59.787248,,,"el capex se lleva el 59% del flujo operativo: lo que queda no es lo que gana el dueño, es lo que sobra tras decidir invertir",,,
CDNS,"Cadence Design Systems, Inc.",75.0,,trimestral,⭐⭐⭐ EXCELLENT,🟢 Excellent,USD,USD,False,True,True,1.0,,85.0,80.0,47.6,90.0,65.0,35.0,49.9,False,up,129.3,True,1,24.2,True,1,"{'eps_growth_yoy': 129.3, 'op_growth_yoy': 21.5, 'crecimiento_respaldado': False, 'crecimiento_puntuado': 46.5, 'positive_quarters': 4, 'earnings_accelerating': True, 'eps_accel_quarters': 1, 'profit_margin_pct': 23.6, 'score_bruto_sin_capar': 105.0, 'satura': True}","{'revenue_growth_yoy': 24.2, 'revenue_accelerating': True, 'rev_accel_quarters': 1}","{'rs_3m': -8.5, 'rs_6m': 8.4, 'rs_line_percentile': 49.9, 'rs_line_at_new_high': False, 'rs_line_trend': 'up', 'rs_line_score': 35}","{'roe_pct': 23.2, 'debt_to_equity': 0.39, 'current_ratio': 1.74, 'operating_margin_pct': 28.6}","{'days_to_earnings': 'N/A', 'recommendation': 'strong_buy', 'analyst_upside_pct': 15.4}",351.35,96907952128,Technology,Software - Application,1.6,1.8,False,416.69,-15.7,5,False,10.3,405.47,470.0,300.0,26.0,strong_buy,15.4,124.4,-64.6,,,reportado,,,,,,1.77,6.22,,,,,,False,1.2,,9,,14.4,Operating Income,15.6,125.4,21.0,2026-10-26,False,True,True,7,NEUTRAL,1.69,44.3,3.85,40.5,,,,2026-10-05T05:39:32.084364,múltiplo propio 74x fuera del rango 8-45,,,,,
SAP,SAP SE,74.8,,trimestral,⭐⭐⭐ EXCELLENT,🟢 Excellent,USD,EUR,True,True,True,1.0,,95.0,60.0,56.6,90.0,65.0,35.0,33.4,False,up,28.5,False,0,9.4,True,1,"{'eps_growth_yoy': 28.5, 'op_growth_yoy': 7.2, 'crecimiento_respaldado': True, 'positive_quarters': 4, 'earnings_accelerating': False, 'eps_accel_quarters': 0, 'profit_margin_pct': 20.4, 'score_bruto_sin_capar': 95.0, 'satura': False}","{'revenue_growth_yoy': 9.4, 'revenue_accelerating': True, 'rev_accel_quarters': 1}","{'rs_3m': 24.9, 'rs_6m': 6.6, 'rs_line_percentile': 33.4, 'rs_line_at_new_high': False, 'rs_line_trend': 'up', 'rs_line_score': 35}","{'roe_pct': 18.3, 'debt_to_equity': 0.22, 'current_ratio': 1.15, 'operating_margin_pct': 27.6}","{'days_to_earnings': 'N/A', 'recommendation': 'buy', 'analyst_upside_pct': 20.6}",208.57,240732389376,Technology,Software - Application,0.4,2.2,False,281.37,-25.9,4,False,1.0,251.5,319.0,177.0,12.0,buy,20.6,226.48,8.6,305.18,46.3,reportado,múltiplo propio,3.0,0.55,True,2024-12-31,4.09,8.53,,1.4,37.7,2.93,1.35,True,-1.45,,9,,18.2,Operating Income,20.7,30.6,16.0,2026-10-21,False,True,True,8,STRONG,0.28,131.1,0.72,28.8,0.8,0.03,-28.0,2026-10-05T05:38:59.473944,,,,,,
TMO,Thermo Fisher Scientific Inc.,74.6,,trimestral,⭐⭐⭐ EXCELLENT,🟢 Excellent,USD,USD,False,True,True,1.0,,80.0,70.0,79.4,75.0,60.0,80.0,75.7,False,up,7.4,True,1,10.5,True,1,"{'eps_growth_yoy': 7.4, 'op_growth_yoy': 14.0, 'crecimiento_respaldado': True, 'positive_quarters': 4, 'earnings_accelerating': True, 'eps_accel_quarters': 1, 'profit_margin_pct': 15.0, 'score_bruto_sin_capar': 80.0, 'satura': False}","{'revenue_growth_yoy': 10.5, 'revenue_accelerating': True, 'rev_accel_quarters': 1}","{'rs_3m': 23.7, 'rs_6m': 17.0, 'rs_line_percentile': 75.7, 'rs_line_at_new_high': False, 'rs_line_trend': 'up', 'rs_line_score': 80}","{'roe_pct': 13.5, 'debt_to_equity': 0.81, 'current_ratio': 1.55, 'operating_margin_pct': 18.8}","{'days_to_earnings': 'N/A', 'recommendation': 'buy', 'analyst_upside_pct': -0.3}",654.8,242110529536,Healthcare,Diagnostics & Research,1.4,2.9,False,683.63,-4.2,7,True,6.1,652.85,780.0,520.0,26.0,buy,-0.3,413.29,-36.9,496.06,-24.2,normalizado,múltiplo propio,4.0,0.1,False,,3.09,20.23,,0.29,9.7,1.88,0.25,True,-1.85,,9,,5.8,Operating Income,6.2,9.4,16.0,2026-10-21,False,True,True,5,NEUTRAL,2.89,33.7,131.46,25.0,,,,2026-10-05T05:37:16.340102,,,,tasa fiscal efectiva 7.8% — el beneficio del periodo no es representativo,,
TT,Trane Technologies plc,73.8,,trimestral,⭐⭐⭐ EXCELLENT,🟢 Excellent,USD,USD,False,True,True,1.0,,90.0,80.0,44.0,80.0,60.0,35.0,39.4,False,down,7.3,True,2,10.6,True,2,"{'eps_growth_yoy': 7.3, 'op_growth_yoy': 5.2, 'crecimiento_respaldado': True, 'positive_quarters': 4, 'earnings_accelerating': True, 'eps_accel_quarters': 2, 'profit_margin_pct': 13.3, 'score_bruto_sin_capar': 90.0, 'satura': False}","{'revenue_growth_yoy': 10.6, 'revenue_accelerating': True, 'rev_accel_quarters': 2}","{'rs_3m': -5.4, 'rs_6m': -9.2, 'rs_line_percentile': 39.4, 'rs_line_at_new_high': False, 'rs_line_trend': 'down', 'rs_line_score': 35}","{'roe_pct': 36.6, 'debt_to_equity': 0.53, 'current_ratio': 1.07, 'operating_margin_pct': 19.3}","{'days_to_earnings': 'N/A', 'recommendation': 'buy', 'analyst_upside_pct': 13.5}",463.91,102070960128,Industrials,Building Products & Equipment,1.5,3.4,False,505.87,-8.3,6,False,2.2,526.67,575.0,422.0,22.0,buy,13.5,307.61,-33.7,381.89,-17.7,reportado,múltiplo propio,4.0,0.38,False,,3.42,15.87,,0.91,29.7,4.2,1.1,True,-1.16,,9,,18.1,Operating Income,18.0,7.1,24.0,2026-10-29,False,True,False,9,STRONG,3.76,103.7,1.31,22.4,,,,2026-10-05T05:40:05.087819,,,,,,
DSGX,The Descartes Systems Group Inc.,73.7,,trimestral,⭐⭐⭐ EXCELLENT,🟢 Excellent,USD,USD,False,True,True,1.0,,95.0,70.0,38.7,90.0,65.0,15.0,24.6,False,up,31.6,False,0,11.8,True,1,"{'eps_growth_yoy': 31.6, 'op_growth_yoy': 25.2, 'crecimiento_respaldado': True, 'positive_quarters': 4, 'earnings_accelerating': False, 'eps_accel_quarters': 0, 'profit_margin_pct': 24.3, 'score_bruto_sin_capar': 95.0, 'satura': False}","{'revenue_growth_yoy': 11.8, 'revenue_accelerating': True, 'rev_accel_quarters': 1}","{'rs_3m': 7.9, 'rs_6m': -4.6, 'rs_line_percentile': 24.6, 'rs_line_at_new_high': False, 'rs_line_trend': 'up', 'rs_line_score': 15}","{'roe_pct': 11.9, 'debt_to_equity': 0.0, 'current_ratio': 2.02, 'operating_margin_pct': 33.2}","{'days_to_earnings': 'N/A', 'recommendation': 'buy', 'analyst_upside_pct': 26.4}",80.08,6850728448,Technology,Software - Application,,2.5,False,98.35,-18.6,4,False,2.9,101.23,126.0,82.0,13.0,buy,26.4,116.05,44.9,,,reportado,,,,,,4.38,3.51,,,,,,False,-0.59,,9,,257.0,Operating Income,264.0,32.6,58.0,2026-12-02,False,True,False,6,NEUTRAL,3.41,78.6,1.47,43.3,,,,2026-10-05T05:38:39.212138,múltiplo propio 64x fuera del rango 8-45,,,,,
RACE,Ferrari N.V.,73.2,,trimestral,⭐⭐⭐ EXCELLENT,🟢 Excellent,USD,EUR,True,True,True,1.0,,95.0,70.0,36.0,90.0,65.0,15.0,21.8,False,up,9.0,True,2,8.4,True,2,"{'eps_growth_yoy': 9.0, 'op_growth_yoy': 9.5, 'crecimiento_respaldado': True, 'positive_quarters': 4, 'earnings_accelerating': True, 'eps_accel_quarters': 2, 'profit_margin_pct': 22.2, 'score_bruto_sin_capar': 95.0, 'satura': False}","{'revenue_growth_yoy': 8.4, 'revenue_accelerating': True, 'rev_accel_quarters': 2}","{'rs_3m': -2.8, 'rs_6m': -1.3, 'rs_line_percentile': 21.8, 'rs_line_at_new_high': False, 'rs_line_trend': 'up', 'rs_line_score': 15}","{'roe_pct': 45.4, 'debt_to_equity': 0.86, 'current_ratio': 2.43, 'operating_margin_pct': 31.1}","{'days_to_earnings': 'N/A', 'recommendation': 'strong_buy', 'analyst_upside_pct': 17.7}",388.33,68141625344,Consumer Cyclical,Auto Manufacturers,2.9,9.9,False,501.4,-22.6,5,False,-4.8,457.18,514.83,401.61,13.0,strong_buy,17.7,312.4,-19.6,477.16,22.9,reportado,múltiplo propio,4.0,0.19,False,,2.57,9.98,,1.09,39.2,4.23,0.64,True,-1.12,,9,,63.9,Operating Income,63.9,10.1,29.0,2026-11-03,False,True,False,9,STRONG,2.99,46.7,1.51,22.6,3.1,0.14,-19.5,2026-10-05T05:38:55.571688,,,,,,
CTAS,Cintas Corporation,73.1,,trimestral,⭐⭐⭐ EXCELLENT,🟢 Excellent,USD,USD,False,True,True,1.0,,100.0,60.0,46.7,85.0,60.0,35.0,36.6,False,down,14.0,True,2,8.9,True,1,"{'eps_growth_yoy': 14.0, 'op_growth_yoy': 15.2, 'crecimiento_respaldado': True, 'positive_quarters': 4, 'earnings_accelerating': True, 'eps_accel_quarters': 2, 'profit_margin_pct': 17.8, 'score_bruto_sin_capar': 100.0, 'satura': False}","{'revenue_growth_yoy': 8.9, 'revenue_accelerating': True, 'rev_accel_quarters': 1}","{'rs_3m': 3.2, 'rs_6m': -4.4, 'rs_line_percentile': 36.6, 'rs_line_at_new_high': False, 'rs_line_trend': 'down', 'rs_line_score': 35}","{'roe_pct': 41.4, 'debt_to_equity': 0.52, 'current_ratio': 1.45, 'operating_margin_pct': 24.1}","{'days_to_earnings': 'N/A', 'recommendation': 'buy', 'analyst_upside_pct': 13.1}",193.02,77114769408,Industrials,Specialty Business Services,3.8,6.3,False,219.17,-11.9,4,False,-4.2,218.31,250.0,181.0,16.0,buy,13.1,120.59,-37.5,200.0,3.6,reportado,múltiplo propio,4.0,0.4,False,,2.64,5.1,,1.08,36.7,2.08,0.86,True,-1.31,,9,,24.7,Operating Income,24.6,9.3,73.0,2026-12-17,False,True,False,8,STRONG,3.29,82.5,2.13,21.2,1.6,0.07,-19.6,2026-10-05T05:35:16.212621,,,,,,
HHH,Howard Hughes Holdings Inc.,73.0,,trimestral,⭐⭐⭐ EXCELLENT,🟢 Excellent,USD,USD,False,True,True,1.0,,90.0,90.0,36.0,65.0,65.0,15.0,24.3,False,up,,True,2,330.2,True,1,"{'positive_quarters': 4, 'earnings_accelerating': True, 'eps_accel_quarters': 2, 'profit_margin_pct': 12.3, 'score_bruto_sin_capar': 90.0, 'satura': False}","{'revenue_growth_yoy': 330.2, 'revenue_accelerating': True, 'rev_accel_quarters': 1}","{'rs_3m': -7.0, 'rs_6m': -6.5, 'rs_line_percentile': 24.3, 'rs_line_at_new_high': False, 'rs_line_trend': 'up', 'rs_line_score': 15}","{'roe_pct': 7.5, 'debt_to_equity': 1.35, 'current_ratio': 3.48, 'operating_margin_pct': 28.4}","{'days_to_earnings': 'N/A', 'recommendation': 'buy', 'analyst_upside_pct': 26.2}",71.04,4242470656,Real Estate,Real Estate - Development,12.7,8.1,True,91.07,-22.0,3,False,7.9,89.67,100.0,79.0,3.0,buy,26.2,165.74,133.3,98.6,38.8,reportado,múltiplo propio,3.0,0.83,True,,18.47,13.12,,,,,,False,,,9,,2.8,Operating Income,3.2,,35.0,2026-11-09,False,True,False,6,NEUTRAL,4.27,13.3,,52.7,,,,2026-10-05T05:45:25.250810,,,,,,
NDAQ,"Nasdaq, Inc.",72.6,,trimestral,⭐⭐⭐ EXCELLENT,🟢 Excellent,USD,USD,False,True,True,1.0,,85.0,80.0,46.7,75.0,65.0,35.0,32.7,False,down,12.2,False,0,20.5,True,1,"{'eps_growth_yoy': 12.2, 'op_growth_yoy': 22.4, 'crecimiento_respaldado': True, 'positive_quarters': 4, 'earnings_accelerating': False, 'eps_accel_quarters': 0, 'profit_margin_pct': 35.0, 'score_bruto_sin_capar': 85.0, 'satura': False}","{'revenue_growth_yoy': 20.5, 'revenue_accelerating': True, 'rev_accel_quarters': 1}","{'rs_3m': 1.7, 'rs_6m': -13.9, 'rs_line_percentile': 32.7, 'rs_line_at_new_high': False, 'rs_line_trend': 'down', 'rs_line_score': 35}","{'roe_pct': 16.5, 'debt_to_equity': 0.78, 'current_ratio': 1.01, 'operating_margin_pct': 49.3}","{'days_to_earnings': 'N/A', 'recommendation': 'buy', 'analyst_upside_pct': 20.6}",90.33,50492424192,Financial Services,Financial Data & Stock Exchanges,2.0,2.7,False,101.79,-11.3,4,False,-4.6,108.94,132.0,84.0,16.0,buy,20.6,81.69,-9.6,99.52,10.2,reportado,múltiplo propio,4.0,0.46,False,,3.92,3.54,,1.28,32.7,1.16,1.27,True,-1.93,,9,,7.9,Operating Income,8.3,14.1,17.0,2026-10-22,False,True,True,9,STRONG,4.11,199.9,1.76,25.5,,,,2026-10-05T05:39:56.406089,,,,,,
EQIX,"Equinix, Inc.",72.3,,trimestral,⭐⭐⭐ EXCELLENT,🟢 Excellent,USD,USD,False,True,True,1.0,"FCF declarado (-1,464,000,000) se aparta del derivado de flujo operativo menos capex (-368,999,872)",90.0,70.0,54.0,70.0,65.0,60.0,54.1,False,down,30.2,False,0,16.4,True,1,"{'eps_growth_yoy': 30.2, 'op_growth_yoy': 38.8, 'crecimiento_respaldado': True, 'positive_quarters': 4, 'earnings_accelerating': False, 'eps_accel_quarters': 0, 'profit_margin_pct': 15.5, 'score_bruto_sin_capar': 90.0, 'satura': False}","{'revenue_growth_yoy': 16.4, 'revenue_accelerating': True, 'rev_accel_quarters': 1}","{'rs_3m': -2.4, 'rs_6m': -15.5, 'rs_line_percentile': 54.1, 'rs_line_at_new_high': False, 'rs_line_trend': 'down', 'rs_line_score': 60}","{'roe_pct': 10.7, 'debt_to_equity': 1.62, 'current_ratio': 1.13, 'operating_margin_pct': 27.0}","{'days_to_earnings': 'N/A', 'recommendation': 'strong_buy', 'analyst_upside_pct': 20.3}",1025.72,101209522176,Real Estate,REIT - Specialty,2.0,3.2,False,1128.68,-9.1,5,False,-1.6,1234.19,1380.0,1060.0,31.0,strong_buy,20.3,,,,,normalizado,,,,,,-0.36,-3.69,,2.01,126.8,20.64,1.87,False,,,9,,4.0,Operating Income,4.0,28.8,23.0,2026-10-28,False,True,False,6,NEUTRAL,1.59,7.5,2.57,25.7,0.4,0.02,-25.3,2026-10-05T05:40:25.398403,múltiplo propio 74x fuera del rango 8-45,,"el capex se lleva el 109% del flujo operativo: lo que queda no es lo que gana el dueño, es lo que sobra tras decidir invertir",tasa fiscal efectiva 10.3% — el beneficio del periodo no es representativo,,
HEI,HEICO Corporation,72.2,,trimestral,⭐⭐⭐ EXCELLENT,🟢 Excellent,USD,USD,False,True,True,0.3953,acciones × precio no cuadra (ratio 0.3953) pero la divisa sí: son clases múltiples. Se usan 140 M de acciones efectivas (capitalización ÷ precio) en vez de las 55 M declaradas,90.0,70.0,36.0,90.0,70.0,15.0,16.0,False,down,32.8,False,0,23.1,False,0,"{'eps_growth_yoy': 32.8, 'op_growth_yoy': 34.0, 'crecimiento_respaldado': True, 'positive_quarters': 4, 'earnings_accelerating': False, 'eps_accel_quarters': 0, 'profit_margin_pct': 16.4, 'score_bruto_sin_capar': 90.0, 'satura': False}","{'revenue_growth_yoy': 23.1, 'revenue_accelerating': False, 'rev_accel_quarters': 0}","{'rs_3m': -18.7, 'rs_6m': -8.1, 'rs_line_percentile': 16.0, 'rs_line_at_new_high': False, 'rs_line_trend': 'down', 'rs_line_score': 15}","{'roe_pct': 17.7, 'debt_to_equity': 0.45, 'current_ratio': 2.72, 'operating_margin_pct': 25.1}","{'days_to_earnings': 'N/A', 'recommendation': 'buy', 'analyst_upside_pct': 30.2}",302.45,42269630464,Industrials,Aerospace & Defense,6.6,6.4,False,376.86,-19.7,2,False,-9.9,393.7,491.0,294.0,20.0,buy,30.2,169.89,-43.8,,,reportado,,,,,,2.3,6.96,6.3,0.08,4.2,0.25,0.09,False,,,9,,9.4,Operating Income,9.4,32.5,73.0,2026-12-17,False,True,False,8,STRONG,2.25,52.1,1.72,24.4,,,,2026-10-05T05:39:19.770315,múltiplo propio 64x fuera del rango 8-45,139757416.0,,,,
IDXX,"IDEXX Laboratories, Inc.",72.0,,trimestral,⭐⭐⭐ EXCELLENT,🟢 Excellent,USD,USD,False,True,True,1.0,,100.0,70.0,24.0,85.0,70.0,15.0,2.4,False,down,15.1,True,2,9.7,True,2,"{'eps_growth_yoy': 15.1, 'op_growth_yoy': 14.1, 'crecimiento_respaldado': True, 'positive_quarters': 4, 'earnings_accelerating': True, 'eps_accel_quarters': 2, 'profit_margin_pct': 25.0, 'score_bruto_sin_capar': 105.0, 'satura': True}","{'revenue_growth_yoy': 9.7, 'revenue_accelerating': True, 'rev_accel_quarters': 2}","{'rs_3m': -12.3, 'rs_6m': -27.6, 'rs_line_percentile': 2.4, 'rs_line_at_new_high': False, 'rs_line_trend': 'down', 'rs_line_score': 15}","{'roe_pct': 74.2, 'debt_to_equity': 0.68, 'current_ratio': 1.17, 'operating_margin_pct': 35.0}","{'days_to_earnings': 'N/A', 'recommendation': 'buy', 'analyst_upside_pct': 35.3}",518.39,40892157952,Healthcare,Diagnostics & Research,2.8,3.8,False,769.98,-32.7,0,False,-4.7,701.33,805.0,470.0,12.0,buy,35.3,234.26,-54.8,,,reportado,,,,,,3.02,15.66,,,,,,True,-2.08,,9,,38.6,Operating Income,38.7,12.3,28.0,2026-11-02,False,True,False,8,STRONG,3.26,119.8,1.75,21.2,0.2,0.01,-21.0,2026-10-05T05:37:00.517824,múltiplo propio 51x fuera del rango 8-45,,,,,
KO,The Coca-Cola Company,71.8,,trimestral,⭐⭐⭐ EXCELLENT,🟢 Excellent,USD,USD,False,True,True,1.0,,85.0,70.0,54.0,80.0,60.0,60.0,58.3,False,flat,16.1,False,0,6.7,True,2,"{'eps_growth_yoy': 16.1, 'op_growth_yoy': 7.9, 'crecimiento_respaldado': True, 'positive_quarters': 4, 'earnings_accelerating': False, 'eps_accel_quarters': 0, 'profit_margin_pct': 28.6, 'score_bruto_sin_capar': 85.0, 'satura': False}","{'revenue_growth_yoy': 6.7, 'revenue_accelerating': True, 'rev_accel_quarters': 2}","{'rs_3m': -0.7, 'rs_6m': -5.1, 'rs_line_percentile': 58.3, 'rs_line_at_new_high': False, 'rs_line_trend': 'flat', 'rs_line_score': 60}","{'roe_pct': 42.1, 'debt_to_equity': 1.16, 'current_ratio': 1.3, 'operating_margin_pct': 34.9}","{'days_to_earnings': 'N/A', 'recommendation': 'buy', 'analyst_upside_pct': 10.5}",85.65,368513318912,Consumer Defensive,Beverages - Non-Alcoholic,0.9,2.8,False,92.49,-7.4,6,False,-2.2,94.65,104.0,75.0,23.0,buy,10.5,85.95,0.4,77.71,-9.3,reportado,múltiplo propio,4.0,0.17,False,,3.86,3.31,,2.48,62.5,2.12,2.84,False,-0.05,,9,,10.2,Operating Income,12.0,16.9,22.0,2026-10-27,False,True,False,7,NEUTRAL,3.74,77.0,2.12,12.0,0.8,0.07,-11.2,2026-10-05T05:36:35.234187,,,,,,
COF,Capital One Financial Corporation,71.7,,trimestral,⭐⭐⭐ EXCELLENT,🟢 Excellent,USD,USD,False,True,True,1.0,,95.0,80.0,36.0,60.0,70.0,15.0,12.6,False,down,,True,2,26.9,True,1,"{'positive_quarters': 4, 'earnings_accelerating': True, 'eps_accel_quarters': 2, 'profit_margin_pct': 21.9, 'score_bruto_sin_capar': 95.0, 'satura': False}","{'revenue_growth_yoy': 26.9, 'revenue_accelerating': True, 'rev_accel_quarters': 1}","{'rs_3m': -6.9, 'rs_6m': -10.9, 'rs_line_percentile': 12.6, 'rs_line_at_new_high': False, 'rs_line_trend': 'down', 'rs_line_score': 15}","{'roe_pct': 9.0, 'operating_margin_pct': 33.6}","{'days_to_earnings': 'N/A', 'recommendation': 'buy', 'analyst_upside_pct': 32.4}",194.72,119460724736,Financial Services,Credit Services,1.8,3.1,False,259.64,-25.0,1,False,-7.6,257.86,300.0,220.0,21.0,buy,32.4,,,,,reportado,,,,,,25.01,48.7,,1.64,19.3,3.2,1.58,False,22.84,,7,,,,,,15.0,2026-10-20,False,True,True,5,NEUTRAL,,,,21.3,0.2,0.01,-21.1,2026-10-05T05:44:08.288510,los P/E históricos se separan 4.0x la mediana: el ancla la decidiría un año suelto,,"Credit Services: el 80% de sus ingresos es margen de intereses — presta, no cobra comisiones",,,
MA,Mastercard Incorporated,71.6,,trimestral,⭐⭐⭐ EXCELLENT,🟢 Excellent,USD,USD,False,True,True,0.9925,,95.0,70.0,46.7,65.0,65.0,35.0,37.0,False,flat,18.6,True,1,14.1,True,1,"{'eps_growth_yoy': 18.6, 'op_growth_yoy': 16.6, 'crecimiento_respaldado': True, 'positive_quarters': 4, 'earnings_accelerating': True, 'eps_accel_quarters': 1, 'profit_margin_pct': 46.3, 'score_bruto_sin_capar': 95.0, 'satura': False}","{'revenue_growth_yoy': 14.1, 'revenue_accelerating': True, 'rev_accel_quarters': 1}","{'rs_3m': 0.9, 'rs_6m': -6.9, 'rs_line_percentile': 37.0, 'rs_line_at_new_high': False, 'rs_line_trend': 'flat', 'rs_line_score': 35}","{'roe_pct': 241.2, 'debt_to_equity': 4.4, 'current_ratio': 1.06, 'operating_margin_pct': 61.1}","{'days_to_earnings': 'N/A', 'recommendation': 'strong_buy', 'analyst_upside_pct': 20.7}",552.26,483785244672,Financial Services,Credit Services,0.8,2.7,False,601.23,-8.1,4,False,-3.2,666.71,740.0,550.0,37.0,strong_buy,20.7,592.78,7.3,634.86,15.0,reportado,múltiplo propio,4.0,0.12,False,,3.35,18.5,,0.63,17.9,3.48,0.55,True,-3.39,,9,,28.1,Operating Income,28.0,22.1,24.0,2026-10-29,False,True,False,9,STRONG,3.93,629.7,1.38,14.4,,,,2026-10-05T05:35:57.827359,,,,,,
ORCL,Oracle Corporation,71.5,,trimestral,⭐⭐⭐ EXCELLENT,🟢 Excellent,USD,USD,False,True,True,1.0,"FCF declarado (-45,151,000,000) se aparta del derivado de flujo operativo menos capex (-8,722,999,744)",100.0,70.0,36.0,65.0,70.0,15.0,9.1,False,up,62.6,False,0,29.6,False,0,"{'eps_growth_yoy': 62.6, 'op_growth_yoy': 45.4, 'crecimiento_respaldado': True, 'positive_quarters': 4, 'earnings_accelerating': False, 'eps_accel_quarters': 0, 'profit_margin_pct': 26.4, 'score_bruto_sin_capar': 105.0, 'satura': True}","{'revenue_growth_yoy': 29.6, 'revenue_accelerating': False, 'rev_accel_quarters': 0}","{'rs_3m': -2.3, 'rs_6m': -18.9, 'rs_line_percentile': 9.1, 'rs_line_at_new_high': False, 'rs_line_trend': 'up', 'rs_line_score': 15}","{'roe_pct': 41.2, 'debt_to_equity': 2.52, 'current_ratio': 1.17, 'operating_margin_pct': 35.6}","{'days_to_earnings': 'N/A', 'recommendation': 'buy', 'analyst_upside_pct': 67.2}",142.3,431382593536,Technology,Software - Infrastructure,2.7,1.8,False,322.54,-55.9,0,False,-0.9,237.97,400.0,110.0,41.0,buy,67.2,,,225.75,58.6,reportado,múltiplo propio,4.0,0.21,False,,-2.02,-2.87,,1.41,31.4,2.0,1.19,False,3.13,,9,,4.8,Operating Income,5.3,54.5,66.0,2026-12-10,False,True,False,5,NEUTRAL,3.95,16.7,0.54,50.0,,,,2026-10-05T05:42:41.908205,,,"el capex se lleva el 119% del flujo operativo: lo que queda no es lo que gana el dueño, es lo que sobra tras decidir invertir",,,
DHR,Danaher Corporation,70.8,,trimestral,⭐⭐⭐ EXCELLENT,🟢 Excellent,USD,USD,False,True,True,1.0,,100.0,60.0,46.7,70.0,60.0,35.0,43.7,False,up,56.8,False,0,5.5,True,1,"{'eps_growth_yoy': 56.8, 'op_growth_yoy': 48.3, 'crecimiento_respaldado': True, 'positive_quarters': 4, 'earnings_accelerating': False, 'eps_accel_quarters': 0, 'profit_margin_pct': 15.9, 'score_bruto_sin_capar': 100.0, 'satura': False}","{'revenue_growth_yoy': 5.5, 'revenue_accelerating': True, 'rev_accel_quarters': 1}","{'rs_3m': 7.2, 'rs_6m': -5.5, 'rs_line_percentile': 43.7, 'rs_line_at_new_high': False, 'rs_line_trend': 'up', 'rs_line_score': 35}","{'roe_pct': 7.6, 'debt_to_equity': 0.53, 'current_ratio': 1.65, 'operating_margin_pct': 19.8}","{'days_to_earnings': 'N/A', 'recommendation': 'strong_buy', 'analyst_upside_pct': 9.7}",214.06,150481190912,Healthcare,Diagnostics & Research,1.3,2.6,False,242.8,-11.8,5,False,2.7,234.73,310.0,195.0,22.0,strong_buy,9.7,130.9,-38.8,219.82,2.7,reportado,múltiplo propio,4.0,0.55,False,,3.64,7.79,,0.75,25.7,1.6,0.43,True,-1.6,,9,,17.6,Operating Income,17.3,59.7,16.0,2026-10-21,False,True,True,5,NEUTRAL,2.7,40.9,,27.7,0.8,0.03,-26.9,2026-10-05T05:39:11.386205,,,,,,
MANH,"Manhattan Associates, Inc.",70.8,,trimestral,⭐⭐⭐ EXCELLENT,🟢 Excellent,USD,USD,False,True,True,1.0,,70.0,70.0,75.0,75.0,60.0,60.0,66.3,False,up,-11.3,True,2,9.3,True,2,"{'eps_growth_yoy': -11.3, 'op_growth_yoy': 0.9, 'crecimiento_respaldado': True, 'positive_quarters': 4, 'earnings_accelerating': True, 'eps_accel_quarters': 2, 'profit_margin_pct': 18.7, 'score_bruto_sin_capar': 70.0, 'satura': False}","{'revenue_growth_yoy': 9.3, 'revenue_accelerating': True, 'rev_accel_quarters': 2}","{'rs_3m': 25.9, 'rs_6m': 32.3, 'rs_line_percentile': 66.3, 'rs_line_at_new_high': False, 'rs_line_trend': 'up', 'rs_line_score': 60}","{'roe_pct': 96.4, 'debt_to_equity': 0.34, 'current_ratio': 0.98, 'operating_margin_pct': 25.0}","{'days_to_earnings': 'N/A', 'recommendation': 'buy', 'analyst_upside_pct': 8.1}",204.145,11902668800,Technology,Software - Application,6.6,4.1,False,227.03,-10.1,7,True,0.7,220.7,260.0,180.0,10.0,buy,8.1,169.95,-16.8,,,reportado,,,,,,3.36,6.86,,,,,,True,-3.4,,9,,,,,-8.6,22.0,2026-10-27,False,True,False,6,NEUTRAL,2.4,140.7,1.58,31.2,1.6,0.05,-29.6,2026-10-05T05:42:20.541343,múltiplo propio 68x fuera del rango 8-45,,,,,
6383.T,"Daifuku Co., Ltd.",70.5,,anual,⭐⭐⭐ EXCELLENT,🟢 Excellent,JPY,JPY,False,True,True,1.0,,100.0,60.0,35.0,80.0,65.0,,,,,71.8,True,1,8.1,True,1,"{'eps_growth_yoy': 71.8, 'op_growth_yoy': 63.4, 'crecimiento_respaldado': True, 'positive_quarters': 4, 'earnings_accelerating': True, 'eps_accel_quarters': 1, 'profit_margin_pct': 12.1, 'score_bruto_sin_capar': 110.0, 'satura': True}","{'revenue_growth_yoy': 8.1, 'revenue_accelerating': True, 'rev_accel_quarters': 1}","{'rs_3m': -22.4, 'rs_6m': -8.9}","{'debt_to_equity': 0.09, 'current_ratio': 2.63, 'operating_margin_pct': 16.6}","{'days_to_earnings': 'N/A', 'recommendation': 'buy', 'analyst_upside_pct': 27.5}",5852.0,2176002818048,Industrials,Specialty Industrial Machinery,,,False,7857.0,-25.5,3,False,0.2,7462.14,9300.0,5400.0,14.0,buy,27.5,6688.85,14.3,5745.32,-1.8,reportado,múltiplo propio,4.0,0.3,False,,5.34,312.5,,1.44,36.0,84.0,1.3,,,,9,,,,,13.8,37.0,2026-11-11,False,True,False,8,STRONG,5.19,21.8,1.42,32.2,,,,2026-10-05T05:43:43.419868,,,,,,
UNP,Union Pacific Corporation,70.5,,trimestral,⭐⭐⭐ EXCELLENT,🟢 Excellent,USD,USD,False,True,True,1.0,,85.0,80.0,44.0,65.0,65.0,35.0,48.3,False,down,6.2,True,1,11.5,True,2,"{'eps_growth_yoy': 6.2, 'op_growth_yoy': 9.4, 'crecimiento_respaldado': True, 'positive_quarters': 4, 'earnings_accelerating': True, 'eps_accel_quarters': 1, 'profit_margin_pct': 28.8, 'score_bruto_sin_capar': 85.0, 'satura': False}","{'revenue_growth_yoy': 11.5, 'revenue_accelerating': True, 'rev_accel_quarters': 2}","{'rs_3m': -4.4, 'rs_6m': -2.9, 'rs_line_percentile': 48.3, 'rs_line_at_new_high': False, 'rs_line_trend': 'down', 'rs_line_score': 35}","{'roe_pct': 39.7, 'debt_to_equity': 1.51, 'current_ratio': 0.99, 'operating_margin_pct': 41.0}","{'days_to_earnings': 'N/A', 'recommendation': 'buy', 'analyst_upside_pct': 18.4}",278.28,165319327744,Industrials,Railroads,5.1,12.1,False,315.99,-11.9,5,False,-4.0,329.42,375.0,245.0,24.0,buy,18.4,199.57,-28.3,239.48,-13.9,reportado,múltiplo propio,4.0,0.27,False,,3.91,10.88,,2.04,44.7,5.68,2.19,False,-0.13,,9,,7.9,Operating Income,8.4,6.6,17.0,2026-10-22,False,True,True,8,STRONG,5.07,16.2,8.83,17.9,0.8,0.04,-17.1,2026-10-05T05:42:25.075122,,,,,,
AMZN,"Amazon.com, Inc.",69.8,,trimestral,⭐⭐ GOOD,🟡 Good,USD,USD,False,True,True,1.0,"FCF declarado (-2,472,000,000) se aparta del derivado de flujo operativo menos capex (29,583,994,688)",85.0,60.0,47.6,85.0,70.0,35.0,37.9,False,up,76.7,True,1,16.6,False,0,"{'eps_growth_yoy': 76.7, 'op_growth_yoy': 29.6, 'crecimiento_respaldado': False, 'crecimiento_puntuado': 54.6, 'positive_quarters': 4, 'earnings_accelerating': True, 'eps_accel_quarters': 1, 'profit_margin_pct': 17.4, 'score_bruto_sin_capar': 110.0, 'satura': True}","{'revenue_growth_yoy': 16.6, 'revenue_accelerating': False, 'rev_accel_quarters': 0}","{'rs_3m': -0.9, 'rs_6m': 0.8, 'rs_line_percentile': 37.9, 'rs_line_at_new_high': False, 'rs_line_trend': 'up', 'rs_line_score': 35}","{'roe_pct': 30.6, 'debt_to_equity': 0.46, 'current_ratio': 1.03, 'operating_margin_pct': 13.7}","{'days_to_earnings': 'N/A', 'recommendation': 'strong_buy', 'analyst_upside_pct': 31.4}",251.52,2712973606912,Consumer Cyclical,Internet Retail,0.8,2.5,False,287.2,-12.4,5,False,-2.0,330.59,405.0,230.0,57.0,strong_buy,31.4,,,493.46,96.2,reportado,múltiplo propio,3.0,0.51,True,,1.09,2.74,,,,,,False,,,9,,33.7,Operating Income,46.6,242.3,24.0,2026-10-29,False,True,False,6,NEUTRAL,2.81,17.6,0.8,21.6,,,,2026-10-05T05:43:10.790724,,,"el capex se lleva el 82% del flujo operativo: lo que queda no es lo que gana el dueño, es lo que sobra tras decidir invertir",,,
FAST,Fastenal Company,69.6,,trimestral,⭐⭐ GOOD,🟡 Good,USD,USD,False,True,True,1.0,,80.0,60.0,56.7,95.0,50.0,60.0,57.0,False,up,15.9,False,0,14.7,False,0,"{'eps_growth_yoy': 15.9, 'op_growth_yoy': 15.1, 'crecimiento_respaldado': True, 'positive_quarters': 4, 'earnings_accelerating': False, 'eps_accel_quarters': 0, 'profit_margin_pct': 15.5, 'score_bruto_sin_capar': 80.0, 'satura': False}","{'revenue_growth_yoy': 14.7, 'revenue_accelerating': False, 'rev_accel_quarters': 0}","{'rs_3m': 5.1, 'rs_6m': -5.6, 'rs_line_percentile': 57.0, 'rs_line_at_new_high': False, 'rs_line_trend': 'up', 'rs_line_score': 60}","{'roe_pct': 34.3, 'debt_to_equity': 0.11, 'current_ratio': 4.18, 'operating_margin_pct': 21.0}","{'days_to_earnings': 'N/A', 'recommendation': 'hold', 'analyst_upside_pct': -3.8}",50.75,58235502592,Industrials,Industrial Distribution,3.5,6.0,False,52.92,-4.1,7,True,1.8,48.84,59.0,39.9,13.0,hold,-3.8,26.9,-47.0,37.94,-25.2,reportado,múltiplo propio,4.0,0.41,False,,1.98,1.0,,1.89,78.6,0.96,2.12,False,0.02,,9,,394.5,Operating Income,395.6,5.8,9.0,2026-10-14,False,True,True,8,STRONG,2.83,39.4,7.19,16.1,,,,2026-10-05T05:40:17.102130,,,,,,
META,"Meta Platforms, Inc.",69.5,,trimestral,⭐⭐ GOOD,🟡 Good,USD,USD,False,True,True,0.8656,"acciones × precio no cuadra (ratio 0.8656) pero la divisa sí: son clases múltiples. Se usan 2,548 M de acciones efectivas (capitalización ÷ precio) en vez de las 2,205 M declaradas | FCF declarado (40,976,000,000) se aparta del derivado de flujo operativo menos capex (60,610,001,728)",55.0,80.0,63.9,95.0,60.0,60.0,59.6,False,up,-13.6,False,0,28.0,True,1,"{'eps_growth_yoy': -13.6, 'op_growth_yoy': -8.2, 'crecimiento_respaldado': True, 'positive_quarters': 4, 'earnings_accelerating': False, 'eps_accel_quarters': 0, 'profit_margin_pct': 29.8, 'score_bruto_sin_capar': 55.0, 'satura': False}","{'revenue_growth_yoy': 28.0, 'revenue_accelerating': True, 'rev_accel_quarters': 1}","{'rs_3m': 15.2, 'rs_6m': 9.9, 'rs_line_percentile': 59.6, 'rs_line_at_new_high': False, 'rs_line_trend': 'up', 'rs_line_score': 60}","{'roe_pct': 29.8, 'debt_to_equity': 0.43, 'current_ratio': 2.23, 'operating_margin_pct': 34.8}","{'days_to_earnings': 'N/A', 'recommendation': 'strong_buy', 'analyst_upside_pct': 9.2}",728.08,1854788337664,Communication Services,Internet Content & Information,1.4,1.7,False,779.82,-6.6,5,False,16.6,794.96,1000.0,580.0,58.0,strong_buy,9.2,,,636.67,-12.6,reportado,múltiplo propio,4.0,0.59,False,,3.27,23.81,,0.29,7.9,2.1,,False,-0.16,,9,,42.9,Operating Income,44.2,-13.4,23.0,2026-10-28,False,True,False,5,NEUTRAL,4.44,31.6,0.7,56.0,0.4,0.01,-55.6,2026-10-05T05:43:55.531519,,2547506232.0,"el capex se lleva el 53% del flujo operativo: lo que queda no es lo que gana el dueño, es lo que sobra tras decidir invertir",,,
V,Visa Inc.,69.0,,trimestral,⭐⭐ GOOD,🟡 Good,USD,USD,False,True,True,0.9077,"acciones × precio no cuadra (ratio 0.9077) pero la divisa sí: son clases múltiples. Se usan 1,877 M de acciones efectivas (capitalización ÷ precio) en vez de las 1,704 M declaradas",75.0,80.0,47.6,70.0,65.0,35.0,47.1,False,down,6.8,False,0,14.4,True,2,"{'eps_growth_yoy': 6.8, 'op_growth_yoy': 5.0, 'crecimiento_respaldado': True, 'positive_quarters': 4, 'earnings_accelerating': False, 'eps_accel_quarters': 0, 'profit_margin_pct': 50.8, 'score_bruto_sin_capar': 75.0, 'satura': False}","{'revenue_growth_yoy': 14.4, 'revenue_accelerating': True, 'rev_accel_quarters': 2}","{'rs_3m': -0.6, 'rs_6m': 2.0, 'rs_line_percentile': 47.1, 'rs_line_at_new_high': False, 'rs_line_trend': 'down', 'rs_line_score': 35}","{'roe_pct': 61.2, 'debt_to_equity': 0.68, 'current_ratio': 0.98, 'operating_margin_pct': 66.1}","{'days_to_earnings': 'N/A', 'recommendation': 'strong_buy', 'analyst_upside_pct': 16.3}",360.66,677086953472,Financial Services,Credit Services,1.1,3.0,False,385.57,-6.5,5,False,-2.1,419.36,466.0,330.0,37.0,strong_buy,16.3,325.73,-9.7,385.07,6.8,reportado,múltiplo propio,4.0,0.23,False,,3.12,11.25,,0.74,22.1,2.68,0.71,True,-3.71,,9,,37.6,Operating Income,35.7,10.2,22.0,2026-10-27,False,True,False,6,NEUTRAL,3.94,381.9,1.5,15.4,,,,2026-10-05T05:35:12.002426,,1877355275.0,,,,
ADSK,"Autodesk, Inc.",69.0,,trimestral,⭐⭐ GOOD,🟡 Good,USD,USD,False,True,True,1.0,,100.0,70.0,24.0,65.0,70.0,15.0,9.7,False,down,57.2,False,0,16.1,True,1,"{'eps_growth_yoy': 57.2, 'op_growth_yoy': 32.9, 'crecimiento_respaldado': True, 'positive_quarters': 4, 'earnings_accelerating': False, 'eps_accel_quarters': 0, 'profit_margin_pct': 21.1, 'score_bruto_sin_capar': 105.0, 'satura': True}","{'revenue_growth_yoy': 16.1, 'revenue_accelerating': True, 'rev_accel_quarters': 1}","{'rs_3m': -3.4, 'rs_6m': -28.2, 'rs_line_percentile': 9.7, 'rs_line_at_new_high': False, 'rs_line_trend': 'down', 'rs_line_score': 15}","{'roe_pct': 53.9, 'debt_to_equity': 1.1, 'current_ratio': 0.85, 'operating_margin_pct': 29.2}","{'days_to_earnings': 'N/A', 'recommendation': 'buy', 'analyst_upside_pct': 45.1}",212.0,44308000768,Technology,Software - Application,4.4,3.7,False,326.2,-35.0,0,False,-9.2,307.54,375.0,215.0,34.0,buy,45.1,248.97,17.4,,,reportado,,,,,,6.36,13.48,,,,,0.18,True,-1.86,,9,,,,,59.6,53.0,2026-11-27,False,True,False,7,NEUTRAL,4.09,645.3,1.3,47.5,,,,2026-10-05T05:41:47.682135,múltiplo propio 59x fuera del rango 8-45,,,,,
SYK,Stryker Corporation,68.8,,trimestral,⭐⭐ GOOD,🟡 Good,USD,USD,False,True,True,1.0,,100.0,60.0,24.0,80.0,70.0,15.0,3.2,False,down,44.3,True,1,9.4,True,1,"{'eps_growth_yoy': 44.3, 'op_growth_yoy': 42.1, 'crecimiento_respaldado': True, 'positive_quarters': 4, 'earnings_accelerating': True, 'eps_accel_quarters': 1, 'profit_margin_pct': 14.4, 'score_bruto_sin_capar': 100.0, 'satura': False}","{'revenue_growth_yoy': 9.4, 'revenue_accelerating': True, 'rev_accel_quarters': 1}","{'rs_3m': -19.4, 'rs_6m': -34.0, 'rs_line_percentile': 3.2, 'rs_line_at_new_high': False, 'rs_line_trend': 'down', 'rs_line_score': 15}","{'roe_pct': 16.5, 'debt_to_equity': 0.64, 'current_ratio': 2.16, 'operating_margin_pct': 27.0}","{'days_to_earnings': 'N/A', 'recommendation': 'buy', 'analyst_upside_pct': 33.5}",275.43,105647521792,Healthcare,Medical Devices,2.1,2.7,False,392.55,-29.8,0,False,-11.2,367.8,465.0,298.0,25.0,buy,33.5,356.57,29.5,384.36,39.5,reportado,múltiplo propio,4.0,0.26,False,,4.51,12.42,,1.28,36.1,3.52,0.99,False,,,9,,9.6,Operating Income,9.9,44.1,24.0,2026-10-29,False,True,False,5,NEUTRAL,4.3,46.7,1.52,36.3,1.6,0.04,-34.7,2026-10-05T05:37:08.476713,,,,,,
GGG,Graco Inc.,68.6,,trimestral,⭐⭐ GOOD,🟡 Good,USD,USD,False,True,True,1.0,,95.0,60.0,26.7,95.0,55.0,15.0,9.9,False,down,13.6,True,1,3.3,True,1,"{'eps_growth_yoy': 13.6, 'op_growth_yoy': 11.2, 'crecimiento_respaldado': True, 'positive_quarters': 4, 'earnings_accelerating': True, 'eps_accel_quarters': 1, 'profit_margin_pct': 23.5, 'score_bruto_sin_capar': 95.0, 'satura': False}","{'revenue_growth_yoy': 3.3, 'revenue_accelerating': True, 'rev_accel_quarters': 1}","{'rs_3m': 0.9, 'rs_6m': -24.4, 'rs_line_percentile': 9.9, 'rs_line_at_new_high': False, 'rs_line_trend': 'down', 'rs_line_score': 15}","{'roe_pct': 21.2, 'debt_to_equity': 0.02, 'current_ratio': 2.99, 'operating_margin_pct': 29.7}","{'days_to_earnings': 'N/A', 'recommendation': 'hold', 'analyst_upside_pct': 17.0}",78.0,12632397824,Industrials,Specialty Industrial Machinery,4.3,2.2,False,95.69,-18.5,1,False,-1.7,91.29,100.0,84.0,7.0,hold,17.0,78.1,0.1,87.06,11.6,reportado,múltiplo propio,4.0,0.19,False,,4.97,3.88,,1.51,35.8,1.18,1.21,True,-1.68,,9,,194.7,Operating Income,205.3,5.8,16.0,2026-10-21,False,True,True,6,NEUTRAL,5.02,34.2,4.47,13.7,1.6,0.11,-12.1,2026-10-05T05:43:51.300298,,,,,,
MCO,Moody's Corporation,68.5,,trimestral,⭐⭐ GOOD,🟡 Good,USD,USD,False,True,True,1.0,,100.0,60.0,36.0,65.0,65.0,15.0,0.0,False,down,51.9,True,2,15.1,False,0,"{'eps_growth_yoy': 51.9, 'op_growth_yoy': 27.4, 'crecimiento_respaldado': True, 'positive_quarters': 4, 'earnings_accelerating': True, 'eps_accel_quarters': 2, 'profit_margin_pct': 34.3, 'score_bruto_sin_capar': 125.0, 'satura': True}","{'revenue_growth_yoy': 15.1, 'revenue_accelerating': False, 'rev_accel_quarters': 0}","{'rs_3m': -14.8, 'rs_6m': -17.6, 'rs_line_percentile': 0.0, 'rs_line_at_new_high': False, 'rs_line_trend': 'down', 'rs_line_score': 15}","{'roe_pct': 76.9, 'debt_to_equity': 2.41, 'current_ratio': 1.19, 'operating_margin_pct': 49.5}","{'days_to_earnings': 'N/A', 'recommendation': 'buy', 'analyst_upside_pct': 27.3}",441.36,76435161088,Financial Services,Financial Data & Stock Exchanges,1.9,4.2,False,546.88,-19.3,2,False,-8.2,561.9,610.0,496.0,21.0,buy,27.3,318.41,-27.9,619.01,40.3,reportado,múltiplo propio,4.0,0.19,False,,3.92,17.3,,0.93,25.0,4.12,0.8,False,,,9,,14.1,Operating Income,14.5,56.7,16.0,2026-10-21,False,True,True,8,STRONG,4.19,107.9,1.04,22.8,,,,2026-10-05T05:36:43.187301,,,,,,
HRI,Herc Holdings Inc.,68.4,,trimestral,⭐⭐ GOOD,🟡 Good,USD,USD,False,True,True,1.0,"FCF declarado (-128,000,000) se aparta del derivado de flujo operativo menos capex (10,000,000)",68.0,90.0,58.7,45.0,70.0,35.0,34.2,False,down,,True,1,26.3,True,2,"{'positive_quarters': 3, 'earnings_accelerating': True, 'eps_accel_quarters': 1, 'profit_margin_pct': 1.0, 'score_bruto_sin_capar': 68.0, 'satura': False}","{'revenue_growth_yoy': 26.3, 'revenue_accelerating': True, 'rev_accel_quarters': 2}","{'rs_3m': 1.7, 'rs_6m': 28.8, 'rs_line_percentile': 34.2, 'rs_line_at_new_high': False, 'rs_line_trend': 'down', 'rs_line_score': 35}","{'roe_pct': 2.6, 'debt_to_equity': 5.06, 'current_ratio': 1.1, 'operating_margin_pct': 12.2}","{'days_to_earnings': 'N/A', 'recommendation': 'buy', 'analyst_upside_pct': 36.7}",138.37,4625908736,Industrials,Rental & Leasing Services,9.8,5.0,True,188.35,-26.5,3,False,-7.9,189.08,240.0,135.0,12.0,buy,36.7,,,,,reportado,,,,,,0.22,0.3,,2.02,183.0,2.8,1.27,False,,,9,,1.2,Operating Income,1.1,,22.0,2026-10-27,False,True,False,3,NEUTRAL,4.4,7.3,,51.2,0.8,0.02,-50.4,2026-10-05T05:45:49.388981,los P/E históricos se separan 251.6x la mediana: el ancla la decidiría un año suelto,,"el capex se lleva el 99% del flujo operativo: lo que queda no es lo que gana el dueño, es lo que sobra tras decidir invertir",,,
ALLY,Ally Financial Inc.,68.3,,trimestral,⭐⭐ GOOD,🟡 Good,USD,USD,False,True,True,1.0,"FCF declarado (667,000,000) se aparta del derivado de flujo operativo menos capex (291,000,128)",100.0,70.0,24.0,60.0,70.0,15.0,0.0,False,down,16.5,True,2,11.4,True,1,"{'eps_growth_yoy': 16.5, 'positive_quarters': 4, 'earnings_accelerating': True, 'eps_accel_quarters': 2, 'profit_margin_pct': 18.4, 'score_bruto_sin_capar': 100.0, 'satura': False}","{'revenue_growth_yoy': 11.4, 'revenue_accelerating': True, 'rev_accel_quarters': 1}","{'rs_3m': -19.1, 'rs_6m': -22.1, 'rs_line_percentile': 0.0, 'rs_line_at_new_high': False, 'rs_line_trend': 'down', 'rs_line_score': 15}","{'roe_pct': 9.7, 'operating_margin_pct': 25.3}","{'days_to_earnings': 'N/A', 'recommendation': 'buy', 'analyst_upside_pct': 37.0}",37.91,11532210176,Financial Services,Credit Services,4.9,4.8,False,47.29,-19.8,1,False,-9.8,51.95,58.0,42.0,18.0,buy,37.0,,,43.5,14.7,reportado,múltiplo propio,3.0,1.2,True,2024-12-31,2.52,0.96,,3.17,28.2,1.2,3.08,False,-0.45,,7,,,,,13.5,15.0,2026-10-20,False,True,True,5,NEUTRAL,,,,20.8,0.2,0.01,-20.6,2026-10-05T05:44:32.354410,,,"el capex se lleva el 94% del flujo operativo: lo que queda no es lo que gana el dueño, es lo que sobra tras decidir invertir",,,
PAYX,"Paychex, Inc.",68.2,,trimestral,⭐⭐ GOOD,🟡 Good,USD,USD,False,True,True,1.0,,95.0,60.0,36.0,80.0,55.0,15.0,15.0,False,down,41.5,False,0,12.5,False,0,"{'eps_growth_yoy': 41.5, 'op_growth_yoy': 40.3, 'crecimiento_respaldado': True, 'positive_quarters': 4, 'earnings_accelerating': False, 'eps_accel_quarters': 0, 'profit_margin_pct': 27.4, 'score_bruto_sin_capar': 95.0, 'satura': False}","{'revenue_growth_yoy': 12.5, 'revenue_accelerating': False, 'rev_accel_quarters': 0}","{'rs_3m': -10.7, 'rs_6m': -7.2, 'rs_line_percentile': 15.0, 'rs_line_at_new_high': False, 'rs_line_trend': 'down', 'rs_line_score': 15}","{'roe_pct': 47.1, 'debt_to_equity': 1.25, 'current_ratio': 1.28, 'operating_margin_pct': 38.5}","{'days_to_earnings': 'N/A', 'recommendation': 'hold', 'analyst_upside_pct': 15.1}",98.94,35220709376,Technology,Software - Application,6.2,8.6,False,129.24,-23.4,4,False,-15.4,113.93,150.0,96.0,14.0,hold,15.1,134.93,36.4,115.09,16.3,reportado,múltiplo propio,4.0,0.58,False,,5.73,5.67,,4.81,90.1,4.76,2.8,True,-1.13,,9,,9.3,Operating Income,9.6,5.6,74.0,2026-12-18,False,True,False,7,NEUTRAL,6.45,103.5,3.53,37.5,0.8,0.02,-36.7,2026-10-05T05:36:51.942676,,,,,,
MTD,Mettler-Toledo International Inc.,68.1,,trimestral,⭐⭐ GOOD,🟡 Good,USD,USD,False,True,True,1.0,,95.0,60.0,60.3,50.0,50.0,60.0,62.6,False,up,15.1,True,1,4.5,True,1,"{'eps_growth_yoy': 15.1, 'op_growth_yoy': 18.3, 'crecimiento_respaldado': True, 'positive_quarters': 4, 'earnings_accelerating': True, 'eps_accel_quarters': 1, 'profit_margin_pct': 21.9, 'score_bruto_sin_capar': 95.0, 'satura': False}","{'revenue_growth_yoy': 4.5, 'revenue_accelerating': True, 'rev_accel_quarters': 1}","{'rs_3m': 11.5, 'rs_6m': -0.1, 'rs_line_percentile': 62.6, 'rs_line_at_new_high': False, 'rs_line_trend': 'up', 'rs_line_score': 60}","{'debt_to_equity': 166.68, 'current_ratio': 1.12, 'operating_margin_pct': 31.2}","{'days_to_earnings': 'N/A', 'recommendation': 'hold', 'analyst_upside_pct': -1.9}",1486.19,29778132992,Healthcare,Diagnostics & Research,4.0,3.9,False,1554.83,-4.4,5,False,5.5,1458.08,1600.0,1200.0,13.0,hold,-1.9,671.45,-54.8,1485.17,-0.1,reportado,múltiplo propio,4.0,0.22,False,,2.92,43.4,,,,,,True,-2.76,,9,,16.9,Operating Income,16.8,7.3,31.0,2026-11-05,False,True,False,6,NEUTRAL,3.51,110.7,9.37,32.1,,,,2026-10-05T05:38:35.156553,,,,,,
UNH,UnitedHealth Group Incorporated,68.0,,trimestral,⭐⭐ GOOD,🟡 Good,USD,USD,False,True,True,1.0,"FCF declarado (16,309,000,000) se aparta del derivado de flujo operativo menos capex (23,395,000,960)",95.0,60.0,52.4,50.0,65.0,35.0,47.8,False,down,61.0,False,0,0.4,True,1,"{'eps_growth_yoy': 61.0, 'op_growth_yoy': 55.2, 'crecimiento_respaldado': True, 'positive_quarters': 4, 'earnings_accelerating': False, 'eps_accel_quarters': 0, 'profit_margin_pct': 3.1, 'score_bruto_sin_capar': 95.0, 'satura': False}","{'revenue_growth_yoy': 0.4, 'revenue_accelerating': True, 'rev_accel_quarters': 1}","{'rs_3m': -15.8, 'rs_6m': 16.4, 'rs_line_percentile': 47.8, 'rs_line_at_new_high': False, 'rs_line_trend': 'down', 'rs_line_score': 35}","{'roe_pct': 14.2, 'debt_to_equity': 0.69, 'current_ratio': 0.78, 'operating_margin_pct': 7.1}","{'days_to_earnings': 'N/A', 'recommendation': 'buy', 'analyst_upside_pct': 29.5}",371.9,333815513088,Healthcare,Healthcare Plans,1.6,2.8,False,461.62,-19.4,6,False,-5.1,481.72,529.0,380.0,25.0,buy,29.5,484.83,30.4,370.86,-0.3,reportado,múltiplo propio,4.0,0.44,False,,7.01,26.07,,2.5,57.6,9.28,1.54,False,-0.44,,9,,5.6,Operating Income,5.5,61.5,8.0,2026-10-13,False,True,True,6,NEUTRAL,4.95,176.2,,19.4,,,,2026-10-05T05:44:28.375746,,,,,,
SHW,The Sherwin-Williams Company,68.0,,trimestral,⭐⭐ GOOD,🟡 Good,USD,USD,False,True,True,1.0,,100.0,70.0,36.0,45.0,65.0,15.0,17.7,False,down,11.8,True,2,7.5,True,2,"{'eps_growth_yoy': 11.8, 'op_growth_yoy': 12.0, 'crecimiento_respaldado': True, 'positive_quarters': 4, 'earnings_accelerating': True, 'eps_accel_quarters': 2, 'profit_margin_pct': 11.0, 'score_bruto_sin_capar': 100.0, 'satura': False}","{'revenue_growth_yoy': 7.5, 'revenue_accelerating': True, 'rev_accel_quarters': 2}","{'rs_3m': -9.6, 'rs_6m': -15.9, 'rs_line_percentile': 17.7, 'rs_line_at_new_high': False, 'rs_line_trend': 'down', 'rs_line_score': 15}","{'roe_pct': 65.1, 'debt_to_equity': 3.9, 'current_ratio': 0.73, 'operating_margin_pct': 18.1}","{'days_to_earnings': 'N/A', 'recommendation': 'buy', 'analyst_upside_pct': 21.6}",319.51,77563658240,Basic Materials,Specialty Chemicals,2.7,4.1,False,377.77,-15.4,2,False,-5.7,388.41,420.0,340.0,22.0,buy,21.6,223.71,-30.0,342.14,7.1,reportado,múltiplo propio,4.0,0.1,False,,3.98,12.72,,1.0,29.3,3.2,0.87,True,-2.11,,9,,7.7,Operating Income,7.8,10.0,22.0,2026-10-27,False,True,False,6,NEUTRAL,4.13,61.9,2.36,21.3,,,,2026-10-05T05:37:33.545726,,,,,,
LMT,Lockheed Martin Corporation,67.8,,trimestral,⭐⭐ GOOD,🟡 Good,USD,USD,False,True,True,1.0,,100.0,70.0,24.0,60.0,65.0,15.0,4.4,False,down,436.8,True,2,10.5,True,1,"{'eps_growth_yoy': 436.8, 'op_growth_yoy': 231.4, 'crecimiento_respaldado': False, 'crecimiento_puntuado': 256.4, 'positive_quarters': 4, 'earnings_accelerating': True, 'eps_accel_quarters': 2, 'profit_margin_pct': 8.2, 'score_bruto_sin_capar': 115.0, 'satura': True}","{'revenue_growth_yoy': 10.5, 'revenue_accelerating': True, 'rev_accel_quarters': 1}","{'rs_3m': -8.2, 'rs_6m': -37.2, 'rs_line_percentile': 4.4, 'rs_line_at_new_high': False, 'rs_line_trend': 'down', 'rs_line_score': 15}","{'roe_pct': 89.2, 'debt_to_equity': 2.34, 'current_ratio': 1.19, 'operating_margin_pct': 12.0}","{'days_to_earnings': 'N/A', 'recommendation': 'buy', 'analyst_upside_pct': 26.0}",505.41,116643954688,Industrials,Aerospace & Defense,1.2,2.3,False,692.0,-27.0,1,False,-8.8,636.74,756.0,503.0,19.0,buy,26.0,897.8,77.6,557.68,10.3,reportado,múltiplo propio,4.0,0.33,False,,7.5,37.91,,2.73,50.3,13.8,2.59,True,-1.37,,9,,8.2,Operating Income,7.7,310.7,17.0,2026-10-22,False,True,True,6,NEUTRAL,5.8,70.9,,17.6,,,,2026-10-05T05:43:31.595526,,,,,,
MSI,"Motorola Solutions, Inc.",67.1,,trimestral,⭐⭐ GOOD,🟡 Good,USD,USD,False,True,True,1.0,,80.0,70.0,46.7,65.0,65.0,35.0,31.5,False,up,8.6,True,1,13.3,True,1,"{'eps_growth_yoy': 8.6, 'op_growth_yoy': 19.3, 'crecimiento_respaldado': True, 'positive_quarters': 4, 'earnings_accelerating': True, 'eps_accel_quarters': 1, 'profit_margin_pct': 17.4, 'score_bruto_sin_capar': 80.0, 'satura': False}","{'revenue_growth_yoy': 13.3, 'revenue_accelerating': True, 'rev_accel_quarters': 1}","{'rs_3m': 2.6, 'rs_6m': -15.5, 'rs_line_percentile': 31.5, 'rs_line_at_new_high': False, 'rs_line_trend': 'up', 'rs_line_score': 35}","{'roe_pct': 91.6, 'debt_to_equity': 3.58, 'current_ratio': 1.1, 'operating_margin_pct': 27.4}","{'days_to_earnings': 'N/A', 'recommendation': 'buy', 'analyst_upside_pct': 17.8}",447.41,74043580416,Technology,Communication Equipment,2.2,3.2,False,494.85,-9.6,5,False,-2.8,526.91,550.0,476.0,11.0,buy,17.8,399.58,-10.7,392.41,-12.3,reportado,múltiplo propio,4.0,0.62,False,,3.66,16.38,,1.08,37.2,4.84,1.09,False,-0.95,,9,,7.0,Operating Income,7.3,9.5,31.0,2026-11-05,False,True,False,6,NEUTRAL,3.57,150.4,1.34,14.5,0.4,0.03,-14.1,2026-10-05T05:35:36.962868,,,,,,
FHN,First Horizon Corporation,67.0,,trimestral,⭐⭐ GOOD,🟡 Good,USD,USD,False,True,True,1.0,"FCF declarado (-189,000,000) se aparta del derivado de flujo operativo menos capex (1,026,000,000)",95.0,60.0,36.0,65.0,65.0,15.0,9.9,False,down,12.0,True,1,6.7,True,1,"{'eps_growth_yoy': 12.0, 'positive_quarters': 4, 'earnings_accelerating': True, 'eps_accel_quarters': 1, 'profit_margin_pct': 30.2, 'score_bruto_sin_capar': 95.0, 'satura': False}","{'revenue_growth_yoy': 6.7, 'revenue_accelerating': True, 'rev_accel_quarters': 1}","{'rs_3m': -11.6, 'rs_6m': -15.4, 'rs_line_percentile': 9.9, 'rs_line_at_new_high': False, 'rs_line_trend': 'down', 'rs_line_score': 15}","{'roe_pct': 11.5, 'operating_margin_pct': 41.3}","{'days_to_earnings': 'N/A', 'recommendation': 'buy', 'analyst_upside_pct': 18.2}",23.42,11095861248,Financial Services,Banks - Regional,3.9,3.2,False,26.56,-11.8,4,False,-4.7,27.69,30.0,25.0,21.0,buy,18.2,,,26.64,13.7,reportado,múltiplo propio,4.0,0.42,False,,9.25,2.17,,2.9,30.8,0.68,3.12,True,-6.61,,7,,,,,14.0,10.0,2026-10-15,False,True,True,5,NEUTRAL,,,1.55,17.3,,,,2026-10-05T05:45:53.570206,,,"Banks - Regional: el flujo operativo son depósitos, préstamos o primas, no caja libre para el accionista",,,
JNJ,Johnson & Johnson,67.0,,trimestral,⭐⭐ GOOD,🟡 Good,USD,USD,False,True,True,1.0,,75.0,60.0,54.0,85.0,60.0,60.0,56.8,False,down,-0.1,True,2,6.6,True,1,"{'eps_growth_yoy': -0.1, 'op_growth_yoy': 6.9, 'crecimiento_respaldado': True, 'positive_quarters': 4, 'earnings_accelerating': True, 'eps_accel_quarters': 2, 'profit_margin_pct': 21.5, 'score_bruto_sin_capar': 75.0, 'satura': False}","{'revenue_growth_yoy': 6.6, 'revenue_accelerating': True, 'rev_accel_quarters': 1}","{'rs_3m': -6.9, 'rs_6m': -10.0, 'rs_line_percentile': 56.8, 'rs_line_at_new_high': False, 'rs_line_trend': 'down', 'rs_line_score': 60}","{'roe_pct': 25.7, 'debt_to_equity': 0.58, 'current_ratio': 1.09, 'operating_margin_pct': 29.2}","{'days_to_earnings': 'N/A', 'recommendation': 'buy', 'analyst_upside_pct': 9.1}",256.03,617006301184,Healthcare,Drug Manufacturers - General,1.0,3.4,False,281.07,-8.9,6,False,-3.5,279.27,320.0,190.0,22.0,buy,9.1,252.36,-1.4,159.31,-37.8,reportado,múltiplo propio,3.0,0.7,True,2024-12-31,3.63,9.29,,2.09,60.7,5.36,2.68,False,0.87,,9,,25.9,Operating Income,25.9,-0.9,8.0,2026-10-13,False,True,True,4,NEUTRAL,3.97,103.8,1.18,15.0,,,,2026-10-05T05:41:14.725676,,,,,,
COST,Costco Wholesale Corporation,67.0,,trimestral,⭐⭐ GOOD,🟡 Good,USD,USD,False,True,True,1.0,"FCF declarado (6,370,000,000) se aparta del derivado de flujo operativo menos capex (10,327,000,448)",95.0,60.0,24.0,85.0,60.0,15.0,8.3,False,down,15.2,True,2,11.6,False,0,"{'eps_growth_yoy': 15.2, 'op_growth_yoy': 11.3, 'crecimiento_respaldado': True, 'positive_quarters': 4, 'earnings_accelerating': True, 'eps_accel_quarters': 2, 'profit_margin_pct': 3.0, 'score_bruto_sin_capar': 95.0, 'satura': False}","{'revenue_growth_yoy': 11.6, 'revenue_accelerating': False, 'rev_accel_quarters': 0}","{'rs_3m': -5.9, 'rs_6m': -26.7, 'rs_line_percentile': 8.3, 'rs_line_at_new_high': False, 'rs_line_trend': 'down', 'rs_line_score': 15}","{'roe_pct': 28.4, 'debt_to_equity': 0.24, 'current_ratio': 1.06, 'operating_margin_pct': 4.0}","{'days_to_earnings': 'N/A', 'recommendation': 'buy', 'analyst_upside_pct': 14.9}",920.65,408092835840,Consumer Defensive,Discount Stores,1.7,3.8,False,1096.5,-16.0,3,False,-1.3,1057.94,1315.0,770.0,35.0,buy,14.9,557.51,-39.4,928.05,0.8,reportado,múltiplo propio,4.0,0.36,False,,2.53,23.29,,0.64,27.0,5.88,0.57,False,-0.07,,9,,76.9,Operating Income,81.5,15.0,66.0,2026-12-10,False,True,False,7,NEUTRAL,2.63,28.9,3.2,16.7,,,,2026-10-05T05:35:45.733780,,,,,,
NYT,The New York Times Company,67.0,,trimestral,⭐⭐ GOOD,🟡 Good,USD,USD,False,True,True,0.9952,,90.0,70.0,24.0,75.0,65.0,15.0,1.7,False,down,12.6,True,1,11.2,True,1,"{'eps_growth_yoy': 12.6, 'op_growth_yoy': 11.5, 'crecimiento_respaldado': True, 'positive_quarters': 4, 'earnings_accelerating': True, 'eps_accel_quarters': 1, 'profit_margin_pct': 13.3, 'score_bruto_sin_capar': 90.0, 'satura': False}","{'revenue_growth_yoy': 11.2, 'revenue_accelerating': True, 'rev_accel_quarters': 1}","{'rs_3m': -17.9, 'rs_6m': -43.5, 'rs_line_percentile': 1.7, 'rs_line_at_new_high': False, 'rs_line_trend': 'down', 'rs_line_score': 15}","{'roe_pct': 19.7, 'current_ratio': 1.58, 'operating_margin_pct': 17.1}","{'days_to_earnings': 'N/A', 'recommendation': 'buy', 'analyst_upside_pct': 25.3}",62.7,10112481280,Communication Services,Publishing,8.6,7.1,True,87.1,-28.0,2,False,-7.3,78.56,90.0,63.0,9.0,buy,25.3,89.0,41.9,75.5,20.4,reportado,múltiplo propio,4.0,0.16,False,,6.17,3.87,,1.47,32.1,0.92,0.93,False,-0.79,,9,,420.4,Operating Income,423.0,14.0,30.0,2026-11-04,False,True,False,8,STRONG,4.77,52.6,0.77,43.5,,,,2026-10-05T05:45:00.963384,,,,,,
CNI,Canadian National Railway Company,66.8,,trimestral,⭐⭐ GOOD,🟡 Good,USD,CAD,True,True,True,1.0,"FCF declarado (3,410,000,000) se aparta del derivado de flujo operativo menos capex (1,256,541,642)",85.0,70.0,44.0,60.0,60.0,35.0,48.9,False,down,6.6,True,1,11.3,True,1,"{'eps_growth_yoy': 6.6, 'op_growth_yoy': 8.7, 'crecimiento_respaldado': True, 'positive_quarters': 4, 'earnings_accelerating': True, 'eps_accel_quarters': 1, 'profit_margin_pct': 26.9, 'score_bruto_sin_capar': 85.0, 'satura': False}","{'revenue_growth_yoy': 11.3, 'revenue_accelerating': True, 'rev_accel_quarters': 1}","{'rs_3m': -5.1, 'rs_6m': -2.2, 'rs_line_percentile': 48.9, 'rs_line_at_new_high': False, 'rs_line_trend': 'down', 'rs_line_score': 35}","{'roe_pct': 22.0, 'debt_to_equity': 1.04, 'current_ratio': 0.87, 'operating_margin_pct': 40.3}","{'days_to_earnings': 'N/A', 'recommendation': 'buy', 'analyst_upside_pct': 12.9}",119.77,72353054720,Industrials,Railroads,,4.0,False,131.55,-9.0,6,False,-3.2,135.26,148.96,110.03,13.0,buy,12.9,,,78.61,-34.4,reportado,múltiplo propio,4.0,0.14,False,,1.74,2.08,,2.16,46.3,2.58,2.02,True,-3.26,,9,,7.1,Operating Income,7.8,7.1,25.0,2026-10-30,False,True,False,7,NEUTRAL,6.95,13.3,32.2,16.8,0.2,0.01,-16.6,2026-10-05T05:38:10.526940,,,"el capex se lleva el 74% del flujo operativo: lo que queda no es lo que gana el dueño, es lo que sobra tras decidir invertir",,,
ATLKY,Atlas Copco AB (publ),66.6,,trimestral,⭐⭐ GOOD,🟡 Good,USD,SEK,True,True,False,0.6801,"acciones × precio no cuadra con la capitalización (ratio 0.6801) y los estados van en SEK mientras cotiza en USD — puede ser un ADR. Los ratios por acción (EPS, FCF/acción, DCF) no son utilizables",80.0,60.0,50.3,80.0,55.0,35.0,47.0,False,down,7.0,True,1,5.3,True,1,"{'eps_growth_yoy': 7.0, 'op_growth_yoy': 7.5, 'crecimiento_respaldado': True, 'positive_quarters': 4, 'earnings_accelerating': True, 'eps_accel_quarters': 1, 'profit_margin_pct': 15.7, 'score_bruto_sin_capar': 80.0, 'satura': False}","{'revenue_growth_yoy': 5.3, 'revenue_accelerating': True, 'rev_accel_quarters': 1}","{'rs_3m': 4.6, 'rs_6m': 1.6, 'rs_line_percentile': 47.0, 'rs_line_at_new_high': False, 'rs_line_trend': 'down', 'rs_line_score': 35}","{'roe_pct': 25.7, 'debt_to_equity': 0.34, 'current_ratio': 1.27}","{'days_to_earnings': 'N/A', 'recommendation': 'none', 'analyst_upside_pct': 23.1}",21.12,103036469248,Industrials,Specialty Industrial Machinery,,,False,22.42,-5.8,6,False,-0.3,26.0,26.0,26.0,1.0,none,23.1,,,,,reportado,,,,,,25.6,5.41,,2.64,76.1,0.56,1.56,False,,,9,,117.7,Operating Income,117.4,4.0,,,False,False,False,6,NEUTRAL,,54.0,6.6,34.3,,,,2026-10-05T05:40:37.800044,,,,,"acciones × precio no cuadra con la capitalización (ratio 0.6801) y los estados van en SEK mientras cotiza en USD — puede ser un ADR. Los ratios por acción (EPS, FCF/acción, DCF) no son utilizables",
VLTO,Veralto Corporation,66.5,,trimestral,⭐⭐ GOOD,🟡 Good,USD,USD,False,True,True,1.0,,70.0,70.0,44.0,85.0,65.0,35.0,27.3,False,flat,8.6,False,0,7.5,True,2,"{'eps_growth_yoy': 8.6, 'op_growth_yoy': 0.6, 'crecimiento_respaldado': True, 'positive_quarters': 4, 'earnings_accelerating': False, 'eps_accel_quarters': 0, 'profit_margin_pct': 17.3, 'score_bruto_sin_capar': 70.0, 'satura': False}","{'revenue_growth_yoy': 7.5, 'revenue_accelerating': True, 'rev_accel_quarters': 2}","{'rs_3m': -1.4, 'rs_6m': -10.4, 'rs_line_percentile': 27.3, 'rs_line_at_new_high': False, 'rs_line_trend': 'flat', 'rs_line_score': 35}","{'roe_pct': 34.3, 'debt_to_equity': 1.16, 'current_ratio': 1.77, 'operating_margin_pct': 21.4}","{'days_to_earnings': 'N/A', 'recommendation': 'buy', 'analyst_upside_pct': 21.2}",94.68,23082354688,Industrials,Pollution & Treatment Controls,3.1,4.5,False,107.359,-11.8,3,False,-1.8,114.79,136.0,100.0,14.0,buy,21.2,103.81,9.6,105.02,10.9,reportado,múltiplo propio,3.0,0.24,True,,4.51,4.27,,0.55,12.6,0.52,,True,-1.64,,9,,14.1,Operating Income,14.1,10.1,16.0,2026-10-21,False,True,True,6,NEUTRAL,5.2,76.5,6.35,16.7,,,,2026-10-05T05:37:24.981455,,,,,,
GWW,"W.W. Grainger, Inc.",66.0,,trimestral,⭐⭐ GOOD,🟡 Good,USD,USD,False,True,True,1.0,,75.0,60.0,54.0,85.0,50.0,60.0,54.7,False,down,18.3,False,0,10.3,False,0,"{'eps_growth_yoy': 18.3, 'op_growth_yoy': 19.0, 'crecimiento_respaldado': True, 'positive_quarters': 4, 'earnings_accelerating': False, 'eps_accel_quarters': 0, 'profit_margin_pct': 9.9, 'score_bruto_sin_capar': 75.0, 'satura': False}","{'revenue_growth_yoy': 10.3, 'revenue_accelerating': False, 'rev_accel_quarters': 0}","{'rs_3m': -8.6, 'rs_6m': -2.3, 'rs_line_percentile': 54.7, 'rs_line_at_new_high': False, 'rs_line_trend': 'down', 'rs_line_score': 60}","{'roe_pct': 46.1, 'debt_to_equity': 0.62, 'current_ratio': 2.81, 'operating_margin_pct': 16.1}","{'days_to_earnings': 'N/A', 'recommendation': 'hold', 'analyst_upside_pct': 4.0}",1280.3,60446961664,Industrials,Industrial Distribution,2.6,4.7,False,1419.91,-9.8,6,False,-1.7,1331.64,1500.0,1100.0,14.0,hold,4.0,586.58,-54.2,957.67,-25.2,reportado,múltiplo propio,4.0,0.43,False,,2.31,29.57,6.5,0.78,23.6,9.96,0.92,True,-1.87,,9,,33.9,Operating Income,34.1,8.2,30.0,2026-11-04,False,True,False,6,NEUTRAL,3.97,40.5,4.57,21.0,,,,2026-10-05T05:41:27.192268,,,,,,
FICO,Fair Isaac Corporation,65.8,,trimestral,⭐⭐ GOOD,🟡 Good,USD,USD,False,True,True,1.0,,95.0,70.0,15.0,65.0,70.0,15.0,4.0,False,down,30.5,False,0,25.7,False,0,"{'eps_growth_yoy': 30.5, 'op_growth_yoy': 38.1, 'crecimiento_respaldado': True, 'positive_quarters': 4, 'earnings_accelerating': False, 'eps_accel_quarters': 0, 'profit_margin_pct': 34.1, 'score_bruto_sin_capar': 95.0, 'satura': False}","{'revenue_growth_yoy': 25.7, 'revenue_accelerating': False, 'rev_accel_quarters': 0}","{'rs_3m': -52.3, 'rs_6m': -57.0, 'rs_line_percentile': 4.0, 'rs_line_at_new_high': False, 'rs_line_trend': 'down', 'rs_line_score': 15}","{'current_ratio': 1.18, 'operating_margin_pct': 53.8}","{'days_to_earnings': 'N/A', 'recommendation': 'buy', 'analyst_upside_pct': 82.5}",661.25,14281437184,Technology,Software - Application,10.8,5.5,True,1886.28,-64.9,0,False,-35.7,1207.05,1750.0,490.0,19.0,buy,82.5,845.68,27.9,,,reportado,,,,,,6.74,44.57,,,,,,True,-7.62,,9,,6.7,Operating Income,6.7,28.8,30.0,2026-11-04,False,True,False,7,NEUTRAL,4.77,996.3,0.55,119.8,,,,2026-10-05T05:37:41.552827,múltiplo propio 54x fuera del rango 8-45,,,,,
CSU.TO,Constellation Software Inc.,65.7,,trimestral,⭐⭐ GOOD,🟡 Good,CAD,USD,True,True,True,1.0,"FCF declarado (2,771,000,000) se aparta del derivado de flujo operativo menos capex (3,996,059,608)",85.0,70.0,42.3,55.0,60.0,15.0,21.4,False,up,389.3,False,0,17.3,True,1,"{'eps_growth_yoy': 389.3, 'op_growth_yoy': 8.9, 'crecimiento_respaldado': False, 'crecimiento_puntuado': 33.9, 'positive_quarters': 4, 'earnings_accelerating': False, 'eps_accel_quarters': 0, 'profit_margin_pct': 7.6, 'score_bruto_sin_capar': 85.0, 'satura': False}","{'revenue_growth_yoy': 17.3, 'revenue_accelerating': True, 'rev_accel_quarters': 1}","{'rs_3m': 5.0, 'rs_6m': 4.8, 'rs_line_percentile': 21.4, 'rs_line_at_new_high': False, 'rs_line_trend': 'up', 'rs_line_score': 15}","{'roe_pct': 23.3, 'debt_to_equity': 1.2, 'current_ratio': 0.9, 'operating_margin_pct': 15.1}","{'days_to_earnings': 'N/A', 'recommendation': 'none', 'analyst_upside_pct': 36.3}",2981.21,63176400896,Technology,Software - Application,,4.7,False,4110.0,-27.5,3,False,-0.0,4063.89,5642.12,3385.51,12.0,none,36.3,,,,,reportado,,,,,,6.33,188.71,,0.19,8.8,5.69,0.17,False,,,9,,8.4,Operating Income,6.2,194.6,32.0,2026-11-06,False,True,False,6,NEUTRAL,3.15,337.8,0.53,34.7,,,,2026-10-05T05:36:22.392315,,,,,,
PSA,Public Storage,65.7,,trimestral,⭐⭐ GOOD,🟡 Good,USD,USD,False,True,True,1.0,,85.0,70.0,36.0,60.0,65.0,15.0,0.0,False,down,39.5,False,0,2.6,True,2,"{'eps_growth_yoy': 39.5, 'op_growth_yoy': -3.0, 'crecimiento_respaldado': False, 'crecimiento_puntuado': 25.0, 'positive_quarters': 4, 'earnings_accelerating': False, 'eps_accel_quarters': 0, 'profit_margin_pct': 41.6, 'score_bruto_sin_capar': 95.0, 'satura': False}","{'revenue_growth_yoy': 2.6, 'revenue_accelerating': True, 'rev_accel_quarters': 2}","{'rs_3m': -16.0, 'rs_6m': -14.4, 'rs_line_percentile': 0.0, 'rs_line_at_new_high': False, 'rs_line_trend': 'down', 'rs_line_score': 15}","{'roe_pct': 21.9, 'debt_to_equity': 1.1, 'current_ratio': 0.22, 'operating_margin_pct': 45.7}","{'days_to_earnings': 'N/A', 'recommendation': 'buy', 'analyst_upside_pct': 18.2}",283.81,53030547456,Real Estate,REIT - Industrial,4.3,8.0,False,335.55,-15.4,4,False,-7.6,335.33,374.0,285.0,18.0,buy,18.2,229.93,-19.0,202.08,-28.8,normalizado,múltiplo propio,4.0,0.65,False,,5.44,15.44,,4.23,114.6,12.0,3.33,False,0.34,,9,,6.9,Operating Income,7.3,18.0,23.0,2026-10-28,False,True,False,5,NEUTRAL,3.52,1163.1,,18.9,,,,2026-10-05T05:42:45.805905,,,,tasa fiscal efectiva -0.4% — el beneficio del periodo no es representativo,,
ISRG,"Intuitive Surgical, Inc.",65.5,,trimestral,⭐⭐ GOOD,🟡 Good,USD,USD,False,True,True,1.0,,85.0,70.0,24.0,75.0,65.0,15.0,14.0,False,up,24.3,False,0,18.5,True,1,"{'eps_growth_yoy': 24.3, 'op_growth_yoy': 30.7, 'crecimiento_respaldado': True, 'positive_quarters': 4, 'earnings_accelerating': False, 'eps_accel_quarters': 0, 'profit_margin_pct': 28.4, 'score_bruto_sin_capar': 85.0, 'satura': False}","{'revenue_growth_yoy': 18.5, 'revenue_accelerating': True, 'rev_accel_quarters': 1}","{'rs_3m': -11.5, 'rs_6m': -30.8, 'rs_line_percentile': 14.0, 'rs_line_at_new_high': False, 'rs_line_trend': 'up', 'rs_line_score': 15}","{'roe_pct': 17.4, 'current_ratio': 4.96, 'operating_margin_pct': 33.6}","{'days_to_earnings': 'N/A', 'recommendation': 'buy', 'analyst_upside_pct': 21.5}",391.95,138467328000,Healthcare,Medical Instruments & Supplies,2.3,3.6,False,603.88,-35.1,1,False,3.1,476.34,685.0,324.0,29.0,buy,21.5,161.2,-58.9,,,reportado,,,,,,2.29,8.98,,,,,,True,-1.87,,6,solo 6 de los 9 criterios son calculables con los estados de esta empresa,,,,26.5,15.0,2026-10-20,False,True,True,4,,2.21,22.5,1.22,29.1,,,,2026-10-05T05:41:34.915370,sin histórico de múltiplo (beneficio negativo o pocos años),,,,,
BRO,"Brown & Brown, Inc.",65.5,,trimestral,⭐⭐ GOOD,🟡 Good,USD,USD,False,True,True,1.0,,80.0,80.0,24.0,75.0,55.0,15.0,6.1,False,down,24.7,False,0,32.4,False,0,"{'eps_growth_yoy': 24.7, 'op_growth_yoy': 23.7, 'crecimiento_respaldado': True, 'positive_quarters': 4, 'earnings_accelerating': False, 'eps_accel_quarters': 0, 'profit_margin_pct': 18.1, 'score_bruto_sin_capar': 80.0, 'satura': False}","{'revenue_growth_yoy': 32.4, 'revenue_accelerating': False, 'rev_accel_quarters': 0}","{'rs_3m': -16.5, 'rs_6m': -26.9, 'rs_line_percentile': 6.1, 'rs_line_at_new_high': False, 'rs_line_trend': 'down', 'rs_line_score': 15}","{'roe_pct': 10.0, 'debt_to_equity': 0.64, 'current_ratio': 1.13, 'operating_margin_pct': 41.8}","{'days_to_earnings': 'N/A', 'recommendation': 'hold', 'analyst_upside_pct': 26.3}",59.91,20046508032,Financial Services,Insurance Brokers,5.4,8.2,False,96.55,-37.9,1,False,-12.7,75.69,90.0,60.0,16.0,hold,26.3,,,73.67,23.0,reportado,múltiplo propio,4.0,0.27,False,,7.24,4.34,,1.1,20.3,0.66,0.64,False,13.99,,9,,4.0,Operating Income,4.7,2.8,21.0,2026-10-26,False,True,True,4,NEUTRAL,5.52,157.1,1.06,27.9,0.2,0.01,-27.7,2026-10-05T05:38:43.586730,,,"Insurance Brokers: el flujo operativo son depósitos, préstamos o primas, no caja libre para el accionista",,,
ICE,"Intercontinental Exchange, Inc.",65.2,,trimestral,⭐⭐ GOOD,🟡 Good,USD,USD,False,True,True,1.0,,85.0,60.0,34.7,75.0,65.0,35.0,34.6,False,flat,12.6,False,0,10.7,False,0,"{'eps_growth_yoy': 12.6, 'op_growth_yoy': 7.3, 'crecimiento_respaldado': True, 'positive_quarters': 4, 'earnings_accelerating': False, 'eps_accel_quarters': 0, 'profit_margin_pct': 38.2, 'score_bruto_sin_capar': 85.0, 'satura': False}","{'revenue_growth_yoy': 10.7, 'revenue_accelerating': False, 'rev_accel_quarters': 0}","{'rs_3m': 7.2, 'rs_6m': -26.5, 'rs_line_percentile': 34.6, 'rs_line_at_new_high': False, 'rs_line_trend': 'flat', 'rs_line_score': 35}","{'roe_pct': 14.1, 'debt_to_equity': 0.69, 'current_ratio': 1.01, 'operating_margin_pct': 52.6}","{'days_to_earnings': 'N/A', 'recommendation': 'buy', 'analyst_upside_pct': 23.8}",150.15,84293378048,Financial Services,Financial Data & Stock Exchanges,1.3,2.0,False,176.05,-14.7,3,False,-3.1,185.87,236.0,159.0,15.0,buy,23.8,199.18,32.7,213.15,42.0,reportado,múltiplo propio,4.0,0.34,False,,5.6,8.41,,1.39,28.2,2.08,1.23,True,-1.57,,9,,6.9,Operating Income,7.6,14.2,24.0,2026-10-29,False,True,False,8,STRONG,4.81,114.8,0.57,23.8,1.6,0.07,-22.2,2026-10-05T05:38:14.539358,,,,,,
DOL.TO,Dollarama Inc.,65.2,,trimestral,⭐⭐ GOOD,🟡 Good,CAD,CAD,False,True,True,1.0,,80.0,70.0,36.0,70.0,60.0,15.0,22.8,False,down,8.7,True,1,17.6,True,1,"{'eps_growth_yoy': 8.7, 'op_growth_yoy': 5.0, 'crecimiento_respaldado': True, 'positive_quarters': 4, 'earnings_accelerating': True, 'eps_accel_quarters': 1, 'profit_margin_pct': 17.3, 'score_bruto_sin_capar': 80.0, 'satura': False}","{'revenue_growth_yoy': 17.6, 'revenue_accelerating': True, 'rev_accel_quarters': 1}","{'rs_3m': -4.3, 'rs_6m': -12.5, 'rs_line_percentile': 22.8, 'rs_line_at_new_high': False, 'rs_line_trend': 'down', 'rs_line_score': 15}","{'roe_pct': 93.1, 'debt_to_equity': 4.0, 'current_ratio': 1.55, 'operating_margin_pct': 23.1}","{'days_to_earnings': 'N/A', 'recommendation': 'buy', 'analyst_upside_pct': 12.8}",183.95,49366568960,Consumer Defensive,Discount Stores,,3.8,False,209.96,-12.4,2,False,0.8,207.47,236.0,148.0,17.0,buy,12.8,204.65,11.3,153.51,-16.5,reportado,múltiplo propio,4.0,0.36,False,,3.48,6.4,,0.25,9.1,0.45,0.26,True,-2.42,,9,,7.9,Operating Income,9.1,11.2,66.0,2026-12-10,False,True,False,5,NEUTRAL,3.19,45.6,1.59,27.9,,,,2026-10-05T05:42:08.556682,,,,,,
ASAZY,ASSA ABLOY AB (publ),65.0,,trimestral,⭐⭐ GOOD,🟡 Good,USD,SEK,True,True,False,0.9482,"acciones × precio no cuadra con la capitalización (ratio 0.9482) y los estados van en SEK mientras cotiza en USD — puede ser un ADR. Los ratios por acción (EPS, FCF/acción, DCF) no son utilizables",100.0,60.0,24.0,65.0,55.0,15.0,4.8,False,down,80.4,True,1,3.5,True,1,"{'eps_growth_yoy': 80.4, 'op_growth_yoy': 53.9, 'crecimiento_respaldado': False, 'crecimiento_puntuado': 78.9, 'positive_quarters': 4, 'earnings_accelerating': True, 'eps_accel_quarters': 1, 'profit_margin_pct': 10.8, 'score_bruto_sin_capar': 110.0, 'satura': True}","{'revenue_growth_yoy': 3.5, 'revenue_accelerating': True, 'rev_accel_quarters': 1}","{'rs_3m': -2.2, 'rs_6m': -21.0, 'rs_line_percentile': 4.8, 'rs_line_at_new_high': False, 'rs_line_trend': 'down', 'rs_line_score': 15}","{'roe_pct': 15.6, 'debt_to_equity': 0.64, 'current_ratio': 1.01}","{'days_to_earnings': 'N/A', 'recommendation': 'none', 'analyst_upside_pct': 23.1}",17.67,39254835200,Industrials,Security & Protection Services,,,False,21.98,-19.6,1,False,-3.2,21.74,21.74,21.74,1.0,none,23.1,,,,,reportado,,,,,,47.48,8.39,,1.86,43.1,0.33,1.71,False,,,9,,,,,8.0,22.0,2026-10-27,False,True,False,8,STRONG,,120.6,5.76,20.3,,,,2026-10-05T05:39:40.628047,,,,,"acciones × precio no cuadra con la capitalización (ratio 0.9482) y los estados van en SEK mientras cotiza en USD — puede ser un ADR. Los ratios por acción (EPS, FCF/acción, DCF) no son utilizables",
TW,Tradeweb Markets Inc.,65.0,,trimestral,⭐⭐ GOOD,🟡 Good,USD,USD,False,True,True,0.5322,acciones × precio no cuadra (ratio 0.5322) pero la divisa sí: son clases múltiples. Se usan 218 M de acciones efectivas (capitalización ÷ precio) en vez de las 116 M declaradas,95.0,50.0,24.0,85.0,65.0,15.0,12.1,False,flat,17.9,True,1,9.0,False,0,"{'eps_growth_yoy': 17.9, 'op_growth_yoy': 22.7, 'crecimiento_respaldado': True, 'positive_quarters': 4, 'earnings_accelerating': True, 'eps_accel_quarters': 1, 'profit_margin_pct': 40.7, 'score_bruto_sin_capar': 95.0, 'satura': False}","{'revenue_growth_yoy': 9.0, 'revenue_accelerating': False, 'rev_accel_quarters': 0}","{'rs_3m': -1.1, 'rs_6m': -34.4, 'rs_line_percentile': 12.1, 'rs_line_at_new_high': False, 'rs_line_trend': 'flat', 'rs_line_score': 15}","{'roe_pct': 14.5, 'debt_to_equity': 0.02, 'current_ratio': 6.79, 'operating_margin_pct': 43.8}","{'days_to_earnings': 'N/A', 'recommendation': 'buy', 'analyst_upside_pct': 21.0}",102.22,22286618624,Financial Services,Capital Markets,3.0,2.9,False,127.69,-19.9,1,False,-1.3,123.73,183.0,98.0,15.0,buy,21.0,,,,,reportado,,,,,,4.36,4.46,11.2,0.55,12.4,0.56,0.39,True,-1.01,,9,,474.0,Operating Income,633.6,13.8,24.0,2026-10-29,False,True,False,8,STRONG,4.15,41.0,0.74,27.8,,,,2026-10-05T05:37:12.280591,múltiplo propio 48x fuera del rango 8-45,218026009.0,"Capital Markets: el flujo operativo son depósitos, préstamos o primas, no caja libre para el accionista",,,
WTKWY,Wolters Kluwer N.V.,64.7,,anual,⭐⭐ GOOD,🟡 Good,USD,EUR,True,True,True,1.0,,100.0,50.0,38.7,50.0,70.0,15.0,13.2,False,up,21.2,True,2,3.5,False,0,"{'eps_growth_yoy': 21.2, 'op_growth_yoy': 5.4, 'crecimiento_respaldado': True, 'positive_quarters': 4, 'earnings_accelerating': True, 'eps_accel_quarters': 2, 'profit_margin_pct': 21.9, 'score_bruto_sin_capar': 105.0, 'satura': True}","{'revenue_growth_yoy': 3.5, 'revenue_accelerating': False, 'rev_accel_quarters': 0}","{'rs_3m': 9.5, 'rs_6m': -12.3, 'rs_line_percentile': 13.2, 'rs_line_at_new_high': False, 'rs_line_trend': 'up', 'rs_line_score': 15}","{'roe_pct': 146.1, 'debt_to_equity': 5.9, 'current_ratio': 0.69, 'operating_margin_pct': 26.9}","{'days_to_earnings': 'N/A', 'recommendation': 'strong_buy', 'analyst_upside_pct': 42.2}",76.37,16987522048,Industrials,Specialty Business Services,,,False,134.25,-43.1,1,False,-3.4,108.6,108.6,108.6,1.0,strong_buy,42.2,186.72,144.5,,,reportado,múltiplo propio,4.0,0.59,False,,9.35,7.14,,3.92,43.3,2.99,1.7,,,,9,,,,,4.5,,,False,False,False,7,NEUTRAL,8.0,639.0,0.9,37.9,,,,2026-10-05T05:34:59.839986,"objetivo 193 sobre un precio de 76 (+152%): el BPA no cuadra con el múltiplo histórico, no se publica",,,,,
BAC,Bank of America Corporation,64.5,,trimestral,⭐⭐ GOOD,🟡 Good,USD,USD,False,True,True,1.0,,95.0,50.0,36.0,65.0,65.0,15.0,19.7,False,down,16.6,True,1,7.2,False,0,"{'eps_growth_yoy': 16.6, 'positive_quarters': 4, 'earnings_accelerating': True, 'eps_accel_quarters': 1, 'profit_margin_pct': 29.5, 'score_bruto_sin_capar': 95.0, 'satura': False}","{'revenue_growth_yoy': 7.2, 'revenue_accelerating': False, 'rev_accel_quarters': 0}","{'rs_3m': -12.9, 'rs_6m': -8.9, 'rs_line_percentile': 19.7, 'rs_line_at_new_high': False, 'rs_line_trend': 'down', 'rs_line_score': 15}","{'roe_pct': 11.2, 'operating_margin_pct': 38.3}","{'days_to_earnings': 'N/A', 'recommendation': 'strong_buy', 'analyst_upside_pct': 26.4}",53.75,375860232192,Financial Services,Banks - Diversified,1.2,2.5,False,65.23,-17.6,4,False,-11.4,67.95,76.0,62.0,21.0,strong_buy,26.4,,,47.93,-10.8,reportado,múltiplo propio,4.0,0.42,False,,3.36,1.81,,2.38,25.9,1.28,2.29,True,-4.67,,7,,,,,34.1,9.0,2026-10-14,False,True,True,5,NEUTRAL,,,1.82,23.7,0.8,0.03,-22.9,2026-10-05T05:44:03.994099,,,"Banks - Diversified: el flujo operativo son depósitos, préstamos o primas, no caja libre para el accionista",,,
UBER,"Uber Technologies, Inc.",64.5,,trimestral,⭐⭐ GOOD,🟡 Good,USD,USD,False,True,True,1.0,,85.0,70.0,24.0,65.0,70.0,15.0,0.0,False,flat,76.7,True,2,12.2,True,1,"{'eps_growth_yoy': 76.7, 'op_growth_yoy': 30.3, 'crecimiento_respaldado': False, 'crecimiento_puntuado': 55.3, 'positive_quarters': 4, 'earnings_accelerating': True, 'eps_accel_quarters': 2, 'profit_margin_pct': 17.3, 'score_bruto_sin_capar': 120.0, 'satura': True}","{'revenue_growth_yoy': 12.2, 'revenue_accelerating': True, 'rev_accel_quarters': 1}","{'rs_3m': -11.6, 'rs_6m': -23.0, 'rs_line_percentile': 0.0, 'rs_line_at_new_high': False, 'rs_line_trend': 'flat', 'rs_line_score': 15}","{'roe_pct': 37.2, 'debt_to_equity': 0.52, 'current_ratio': 0.84, 'operating_margin_pct': 13.3}","{'days_to_earnings': 'N/A', 'recommendation': 'buy', 'analyst_upside_pct': 48.0}",68.11,139118772224,Technology,Software - Application,2.3,2.6,False,101.295,-32.8,0,False,-6.7,100.79,150.0,70.0,46.0,buy,48.0,109.46,60.7,,,normalizado,,,,,,7.25,4.94,,,,,,True,-3.55,,9,,14.5,Operating Income,15.5,85.5,29.0,2026-11-03,False,True,False,6,NEUTRAL,3.72,118.8,0.51,21.9,,,,2026-10-05T05:45:21.208744,los P/E históricos se separan 3.2x la mediana: el ancla la decidiría un año suelto,,,tasa fiscal efectiva -45.7% — el beneficio del periodo no es representativo,,
FCNCA,"First Citizens BancShares, Inc.",64.5,,trimestral,⭐⭐ GOOD,🟡 Good,USD,USD,False,True,True,0.911,acciones × precio no cuadra (ratio 0.9110) pero la divisa sí: son clases múltiples. Se usan 11 M de acciones efectivas (capitalización ÷ precio) en vez de las 10 M declaradas,95.0,50.0,44.0,65.0,50.0,35.0,27.5,False,down,16.9,True,1,2.5,False,0,"{'eps_growth_yoy': 16.9, 'positive_quarters': 4, 'earnings_accelerating': True, 'eps_accel_quarters': 1, 'profit_margin_pct': 25.2, 'score_bruto_sin_capar': 95.0, 'satura': False}","{'revenue_growth_yoy': 2.5, 'revenue_accelerating': False, 'rev_accel_quarters': 0}","{'rs_3m': -4.0, 'rs_6m': -9.6, 'rs_line_percentile': 27.5, 'rs_line_at_new_high': False, 'rs_line_trend': 'down', 'rs_line_score': 35}","{'roe_pct': 10.7, 'operating_margin_pct': 39.0}","{'days_to_earnings': 'N/A', 'recommendation': 'hold', 'analyst_upside_pct': 12.3}",2073.46,23415832576,Financial Services,Banks - Regional,5.3,8.0,False,2296.3,-9.7,4,False,-4.2,2327.85,2525.0,2100.0,13.0,hold,12.3,,,1998.64,-3.6,reportado,múltiplo propio,4.0,1.01,True,,6.91,143.28,,0.41,4.4,8.4,0.29,True,-12.85,,7,,,,,12.4,18.0,2026-10-23,False,True,True,5,NEUTRAL,,,0.35,21.1,63.2,2.99,42.1,2026-10-05T05:45:57.836212,,11293120.0,"Banks - Regional: el flujo operativo son depósitos, préstamos o primas, no caja libre para el accionista",,,
DBOEY,Deutsche Börse AG,64.3,,trimestral,⭐⭐ GOOD,🟡 Good,USD,EUR,True,True,True,1.0,,75.0,50.0,56.7,80.0,60.0,60.0,73.8,False,up,8.4,False,0,7.8,False,0,"{'eps_growth_yoy': 8.4, 'op_growth_yoy': 8.2, 'crecimiento_respaldado': True, 'positive_quarters': 4, 'earnings_accelerating': False, 'eps_accel_quarters': 0, 'profit_margin_pct': 27.3, 'score_bruto_sin_capar': 75.0, 'satura': False}","{'revenue_growth_yoy': 7.8, 'revenue_accelerating': False, 'rev_accel_quarters': 0}","{'rs_3m': 6.3, 'rs_6m': -6.5, 'rs_line_percentile': 73.8, 'rs_line_at_new_high': False, 'rs_line_trend': 'up', 'rs_line_score': 60}","{'roe_pct': 20.4, 'debt_to_equity': 0.58, 'current_ratio': 1.01, 'operating_margin_pct': 41.9}","{'days_to_earnings': 'N/A', 'recommendation': 'strong_buy', 'analyst_upside_pct': 4.6}",32.37,58359111680,Financial Services,Financial Data & Stock Exchanges,,,False,33.91,-4.5,8,True,1.2,33.85,33.85,33.85,1.0,strong_buy,4.6,49.22,52.1,28.32,-12.5,reportado,múltiplo propio,4.0,0.2,False,,5.04,1.63,,1.5,36.0,0.49,1.83,,,,9,,,,,6.9,15.0,2026-10-20,False,True,True,5,NEUTRAL,4.72,65.3,2.06,17.2,,,,2026-10-05T05:38:22.800961,,,,,,
CLPBY,Coloplast A/S,64.3,,trimestral,⭐⭐ GOOD,🟡 Good,USD,DKK,True,True,False,0.9201,"acciones × precio no cuadra con la capitalización (ratio 0.9201) y los estados van en DKK mientras cotiza en USD — puede ser un ADR. Los ratios por acción (EPS, FCF/acción, DCF) no son utilizables | FCF declarado (5,463,000,000) se aparta del derivado de flujo operativo menos capex (-197,078,941)",85.0,60.0,24.0,80.0,70.0,15.0,5.7,False,down,60.3,True,1,6.1,True,1,"{'eps_growth_yoy': 60.3, 'op_growth_yoy': 2.0, 'crecimiento_respaldado': False, 'crecimiento_puntuado': 27.0, 'positive_quarters': 3, 'earnings_accelerating': True, 'eps_accel_quarters': 1, 'profit_margin_pct': 9.7, 'score_bruto_sin_capar': 88.0, 'satura': False}","{'revenue_growth_yoy': 6.1, 'revenue_accelerating': True, 'rev_accel_quarters': 1}","{'rs_3m': -4.0, 'rs_6m': -26.2, 'rs_line_percentile': 5.7, 'rs_line_at_new_high': False, 'rs_line_trend': 'down', 'rs_line_score': 15}","{'roe_pct': 18.5, 'debt_to_equity': 1.78, 'current_ratio': 1.56, 'operating_margin_pct': 26.2}","{'days_to_earnings': 'N/A', 'recommendation': 'buy', 'analyst_upside_pct': 34.8}",6.18,13927750656,Healthcare,Medical Instruments & Supplies,,,False,9.7,-36.3,0,False,-8.1,8.33,12.2,6.7,4.0,buy,34.8,,,,,reportado,,,,,,-1.42,-0.09,,5.82,192.9,0.36,2.67,False,,,9,,7.2,Operating Income,4.6,32.7,,,False,False,False,7,NEUTRAL,19.74,107.0,0.51,17.4,,,,2026-10-05T05:37:54.220939,,,"el capex se lleva el 117% del flujo operativo: lo que queda no es lo que gana el dueño, es lo que sobra tras decidir invertir",,"acciones × precio no cuadra con la capitalización (ratio 0.9201) y los estados van en DKK mientras cotiza en USD — puede ser un ADR. Los ratios por acción (EPS, FCF/acción, DCF) no son utilizables; FCF declarado (5,463,000,000) se aparta del derivado de flujo operativo menos capex (-197,078,941)",
RMD,ResMed Inc.,64.2,,trimestral,⭐⭐ GOOD,🟡 Good,USD,USD,False,True,True,1.0,,75.0,60.0,36.0,90.0,60.0,15.0,23.7,False,up,1.0,False,0,8.6,True,1,"{'eps_growth_yoy': 1.0, 'op_growth_yoy': -1.7, 'crecimiento_respaldado': True, 'positive_quarters': 4, 'earnings_accelerating': False, 'eps_accel_quarters': 0, 'profit_margin_pct': 26.9, 'score_bruto_sin_capar': 75.0, 'satura': False}","{'revenue_growth_yoy': 8.6, 'revenue_accelerating': True, 'rev_accel_quarters': 1}","{'rs_3m': -3.3, 'rs_6m': -19.5, 'rs_line_percentile': 23.7, 'rs_line_at_new_high': False, 'rs_line_trend': 'up', 'rs_line_score': 15}","{'roe_pct': 24.3, 'debt_to_equity': 0.13, 'current_ratio': 3.1, 'operating_margin_pct': 30.9}","{'days_to_earnings': 'N/A', 'recommendation': 'buy', 'analyst_upside_pct': 14.3}",218.89,30784524288,Healthcare,Medical Instruments & Supplies,11.4,10.6,True,284.87,-23.2,1,False,-1.9,250.22,320.0,175.0,17.0,buy,14.3,328.67,50.2,,,reportado,,,,,,5.29,11.58,,1.21,23.0,2.64,0.86,True,-1.4,,9,,,,,1.7,24.0,2026-10-29,False,True,False,7,NEUTRAL,6.17,52.1,6.89,19.0,0.4,0.02,-18.6,2026-10-05T05:43:39.407575,sin histórico de múltiplo (beneficio negativo o pocos años),,,,,
FERG,Ferguson Enterprises Inc.,64.0,,trimestral,⭐⭐ GOOD,🟡 Good,USD,USD,False,True,True,1.0,,85.0,70.0,24.0,65.0,65.0,15.0,10.1,False,down,62.4,True,1,14.8,True,1,"{'eps_growth_yoy': 62.4, 'op_growth_yoy': 32.4, 'crecimiento_respaldado': False, 'crecimiento_puntuado': 57.4, 'positive_quarters': 4, 'earnings_accelerating': True, 'eps_accel_quarters': 1, 'profit_margin_pct': 6.3, 'score_bruto_sin_capar': 105.0, 'satura': True}","{'revenue_growth_yoy': 14.8, 'revenue_accelerating': True, 'rev_accel_quarters': 1}","{'rs_3m': -2.7, 'rs_6m': -23.3, 'rs_line_percentile': 10.1, 'rs_line_at_new_high': False, 'rs_line_trend': 'down', 'rs_line_score': 15}","{'debt_to_equity': 1.11, 'current_ratio': 1.73, 'operating_margin_pct': 10.2}","{'days_to_earnings': 'N/A', 'recommendation': 'buy', 'analyst_upside_pct': 28.7}",223.33,43203796992,Industrials,Industrial Distribution,3.4,4.4,False,271.64,-17.8,1,False,-3.6,287.48,325.0,235.0,21.0,buy,28.7,121.58,-45.6,238.95,7.0,reportado,múltiplo propio,3.0,0.36,True,,3.12,6.97,,1.59,25.2,3.56,1.74,True,-1.67,,4,solo 4 de los 9 criterios son calculables con los estados de esta empresa,16.6,Operating Income,16.5,6.9,35.0,2026-11-09,False,True,False,3,,,,2.58,21.4,,,,2026-10-05T05:42:37.415928,,,,,,
ITW,Illinois Tool Works Inc.,64.0,,trimestral,⭐⭐ GOOD,🟡 Good,USD,USD,False,True,True,1.0,,90.0,60.0,36.0,65.0,50.0,15.0,17.7,False,down,7.9,True,2,6.1,True,1,"{'eps_growth_yoy': 7.9, 'op_growth_yoy': 7.4, 'crecimiento_respaldado': True, 'positive_quarters': 4, 'earnings_accelerating': True, 'eps_accel_quarters': 2, 'profit_margin_pct': 19.4, 'score_bruto_sin_capar': 90.0, 'satura': False}","{'revenue_growth_yoy': 6.1, 'revenue_accelerating': True, 'rev_accel_quarters': 1}","{'rs_3m': -5.6, 'rs_6m': -14.4, 'rs_line_percentile': 17.7, 'rs_line_at_new_high': False, 'rs_line_trend': 'down', 'rs_line_score': 15}","{'roe_pct': 104.6, 'debt_to_equity': 3.35, 'current_ratio': 1.11, 'operating_margin_pct': 26.9}","{'days_to_earnings': 'N/A', 'recommendation': 'hold', 'analyst_upside_pct': 14.3}",262.92,74879623168,Industrials,Specialty Industrial Machinery,3.1,8.2,False,303.16,-13.3,4,False,-5.1,300.64,350.0,249.0,14.0,hold,14.3,185.47,-29.5,241.39,-8.2,reportado,múltiplo propio,4.0,0.21,False,,3.89,10.23,,2.62,58.4,6.88,2.26,True,-2.01,,9,,14.5,Operating Income,14.6,4.0,18.0,2026-10-23,False,True,True,5,NEUTRAL,5.03,117.2,8.79,19.0,,,,2026-10-05T05:39:28.171498,,,,,,
ECL,Ecolab Inc.,64.0,,trimestral,⭐⭐ GOOD,🟡 Good,USD,USD,False,True,True,1.0,,80.0,60.0,36.0,75.0,65.0,15.0,21.4,False,down,2.0,True,1,9.7,True,1,"{'eps_growth_yoy': 2.0, 'op_growth_yoy': 9.5, 'crecimiento_respaldado': True, 'positive_quarters': 4, 'earnings_accelerating': True, 'eps_accel_quarters': 1, 'profit_margin_pct': 12.6, 'score_bruto_sin_capar': 80.0, 'satura': False}","{'revenue_growth_yoy': 9.7, 'revenue_accelerating': True, 'rev_accel_quarters': 1}","{'rs_3m': -6.2, 'rs_6m': -14.3, 'rs_line_percentile': 21.4, 'rs_line_at_new_high': False, 'rs_line_trend': 'down', 'rs_line_score': 15}","{'roe_pct': 22.0, 'debt_to_equity': 1.38, 'current_ratio': 1.84, 'operating_margin_pct': 18.5}","{'days_to_earnings': 'N/A', 'recommendation': 'buy', 'analyst_upside_pct': 18.7}",273.7,76725944320,Basic Materials,Specialty Chemicals,2.1,3.6,False,309.27,-11.5,4,False,-1.7,324.95,360.0,295.0,21.0,buy,18.7,157.07,-42.6,270.02,-1.3,reportado,múltiplo propio,4.0,0.25,False,,2.62,7.17,,1.07,38.1,2.92,1.04,True,-1.12,,9,,9.4,Operating Income,9.1,3.3,22.0,2026-10-27,False,True,False,6,NEUTRAL,3.38,52.9,1.21,16.4,,,,2026-10-05T05:37:58.371941,,,,,,
AWK,"American Water Works Company, Inc.",64.0,,trimestral,⭐⭐ GOOD,🟡 Good,USD,USD,False,True,True,1.0,"FCF declarado (-1,223,000,000) se aparta del derivado de flujo operativo menos capex (-966,999,872)",95.0,70.0,24.0,55.0,50.0,15.0,16.8,False,down,9.0,True,2,6.2,True,2,"{'eps_growth_yoy': 9.0, 'op_growth_yoy': 10.8, 'crecimiento_respaldado': True, 'positive_quarters': 4, 'earnings_accelerating': True, 'eps_accel_quarters': 2, 'profit_margin_pct': 21.3, 'score_bruto_sin_capar': 95.0, 'satura': False}","{'revenue_growth_yoy': 6.2, 'revenue_accelerating': True, 'rev_accel_quarters': 2}","{'rs_3m': -5.9, 'rs_6m': -21.6, 'rs_line_percentile': 16.8, 'rs_line_at_new_high': False, 'rs_line_trend': 'down', 'rs_line_score': 15}","{'roe_pct': 10.1, 'debt_to_equity': 1.38, 'current_ratio': 0.52, 'operating_margin_pct': 40.7}","{'days_to_earnings': 'N/A', 'recommendation': 'hold', 'analyst_upside_pct': 8.6}",130.25,25884450816,Utilities,Utilities - Regulated Water,8.5,6.6,True,145.64,-10.6,4,False,-3.9,141.45,162.0,128.0,11.0,hold,8.6,,,137.52,5.6,reportado,múltiplo propio,4.0,0.37,False,,-3.74,-4.87,,2.75,58.5,3.58,1.99,False,,,9,,3.0,Operating Income,3.2,3.4,23.0,2026-10-28,False,True,False,8,STRONG,4.5,6.1,2.44,14.8,,,,2026-10-05T05:40:49.906982,,,"el capex se lleva el 141% del flujo operativo: lo que queda no es lo que gana el dueño, es lo que sobra tras decidir invertir",,,
ADP,"Automatic Data Processing, Inc.",63.8,,trimestral,⭐⭐ GOOD,🟡 Good,USD,USD,False,True,True,1.0,,75.0,50.0,55.1,85.0,50.0,35.0,39.4,False,flat,7.5,False,0,6.8,False,0,"{'eps_growth_yoy': 7.5, 'op_growth_yoy': 4.3, 'crecimiento_respaldado': True, 'positive_quarters': 4, 'earnings_accelerating': False, 'eps_accel_quarters': 0, 'profit_margin_pct': 20.1, 'score_bruto_sin_capar': 75.0, 'satura': False}","{'revenue_growth_yoy': 6.8, 'revenue_accelerating': False, 'rev_accel_quarters': 0}","{'rs_3m': 2.4, 'rs_6m': 10.5, 'rs_line_percentile': 39.4, 'rs_line_at_new_high': False, 'rs_line_trend': 'flat', 'rs_line_score': 35}","{'roe_pct': 72.2, 'debt_to_equity': 0.91, 'current_ratio': 1.05, 'operating_margin_pct': 23.5}","{'days_to_earnings': 'N/A', 'recommendation': 'hold', 'analyst_upside_pct': 11.6}",257.68,102106095616,Technology,Software - Application,3.0,5.1,False,293.51,-12.2,5,False,-4.6,287.6,322.0,225.0,15.0,hold,11.6,296.74,15.2,271.72,5.4,reportado,múltiplo propio,3.0,0.2,True,,4.68,12.06,,2.64,60.7,6.8,2.04,True,-1.96,,9,,12.6,Operating Income,13.5,3.9,23.0,2026-10-28,False,True,False,6,NEUTRAL,5.58,162.1,1.96,24.3,0.8,0.03,-23.5,2026-10-05T05:35:28.901587,,,,,,
ETN,Eaton Corporation plc,63.6,,trimestral,⭐⭐ GOOD,🟡 Good,USD,USD,False,True,True,1.0,,50.0,80.0,60.3,70.0,60.0,60.0,74.0,False,up,-10.2,False,0,16.8,True,2,"{'eps_growth_yoy': -10.2, 'op_growth_yoy': -2.4, 'crecimiento_respaldado': True, 'positive_quarters': 4, 'earnings_accelerating': False, 'eps_accel_quarters': 0, 'profit_margin_pct': 12.8, 'score_bruto_sin_capar': 50.0, 'satura': False}","{'revenue_growth_yoy': 16.8, 'revenue_accelerating': True, 'rev_accel_quarters': 2}","{'rs_3m': 7.3, 'rs_6m': 3.1, 'rs_line_percentile': 74.0, 'rs_line_at_new_high': False, 'rs_line_trend': 'up', 'rs_line_score': 60}","{'roe_pct': 19.7, 'debt_to_equity': 1.05, 'current_ratio': 1.24, 'operating_margin_pct': 16.6}","{'days_to_earnings': 'N/A', 'recommendation': 'buy', 'analyst_upside_pct': 10.3}",436.11,169341501440,Industrials,Specialty Industrial Machinery,2.0,4.2,False,478.0,-8.8,8,True,3.4,481.16,534.0,333.0,26.0,buy,10.3,204.15,-53.2,291.28,-33.2,reportado,múltiplo propio,4.0,0.34,False,,2.38,10.38,,1.01,43.5,4.4,1.39,False,-0.49,,9,,16.5,Operating Income,16.5,-15.9,29.0,2026-11-03,False,True,False,7,NEUTRAL,2.74,64.6,1.39,41.3,,,,2026-10-05T05:39:44.708113,,,,,,
BSX,Boston Scientific Corporation,63.5,,trimestral,⭐⭐ GOOD,🟡 Good,USD,USD,False,True,True,1.0,,85.0,60.0,24.0,75.0,70.0,15.0,0.0,False,down,99.0,True,1,11.6,False,0,"{'eps_growth_yoy': 99.0, 'op_growth_yoy': 14.4, 'crecimiento_respaldado': False, 'crecimiento_puntuado': 39.4, 'positive_quarters': 4, 'earnings_accelerating': True, 'eps_accel_quarters': 1, 'profit_margin_pct': 17.5, 'score_bruto_sin_capar': 100.0, 'satura': False}","{'revenue_growth_yoy': 11.6, 'revenue_accelerating': False, 'rev_accel_quarters': 0}","{'rs_3m': -9.1, 'rs_6m': -49.3, 'rs_line_percentile': 0.0, 'rs_line_at_new_high': False, 'rs_line_trend': 'down', 'rs_line_score': 15}","{'roe_pct': 15.3, 'debt_to_equity': 0.5, 'current_ratio': 1.24, 'operating_margin_pct': 22.9}","{'days_to_earnings': 'N/A', 'recommendation': 'buy', 'analyst_upside_pct': 42.7}",42.6,61737177088,Healthcare,Medical Devices,3.2,2.3,False,105.65,-59.7,0,False,-9.1,60.79,94.0,44.0,29.0,buy,42.7,78.51,84.3,,,normalizado,,,,,,5.51,2.35,,,,,,False,,,9,,11.5,Operating Income,11.5,15.1,23.0,2026-10-28,False,True,False,8,STRONG,5.36,53.7,0.42,36.1,1.6,0.04,-34.5,2026-10-05T05:41:39.058132,múltiplo propio 62x fuera del rango 8-45,,,tasa fiscal efectiva 4.9% — el beneficio del periodo no es representativo,,
ORLY,"O'Reilly Automotive, Inc.",63.3,,trimestral,⭐⭐ GOOD,🟡 Good,USD,USD,False,True,True,1.0,,90.0,70.0,24.0,50.0,65.0,15.0,6.2,False,down,7.0,True,2,8.1,True,2,"{'eps_growth_yoy': 7.0, 'op_growth_yoy': 7.8, 'crecimiento_respaldado': True, 'positive_quarters': 4, 'earnings_accelerating': True, 'eps_accel_quarters': 2, 'profit_margin_pct': 14.3, 'score_bruto_sin_capar': 90.0, 'satura': False}","{'revenue_growth_yoy': 8.1, 'revenue_accelerating': True, 'rev_accel_quarters': 2}","{'rs_3m': -5.2, 'rs_6m': -25.2, 'rs_line_percentile': 6.2, 'rs_line_at_new_high': False, 'rs_line_trend': 'down', 'rs_line_score': 15}","{'current_ratio': 0.75, 'operating_margin_pct': 20.2}","{'days_to_earnings': 'N/A', 'recommendation': 'buy', 'analyst_upside_pct': 26.4}",84.9,68680769536,Consumer Cyclical,Auto Parts,3.2,5.0,False,105.23,-19.3,1,False,-3.9,107.35,120.0,91.0,26.0,buy,26.4,73.95,-12.9,85.69,0.9,reportado,múltiplo propio,4.0,0.22,False,,3.09,2.62,,,,,,True,-3.44,,9,,14.4,Operating Income,14.4,10.3,23.0,2026-10-28,False,True,False,7,NEUTRAL,4.44,40.0,2.33,21.9,,,,2026-10-05T05:38:51.738620,,,,,,
SBGSY,Schneider Electric S.E.,63.3,,anual,⭐⭐ GOOD,🟡 Good,USD,EUR,True,True,True,1.0,,70.0,50.0,60.3,75.0,65.0,60.0,69.5,False,up,1.4,False,0,5.2,False,0,"{'eps_growth_yoy': 1.4, 'op_growth_yoy': 6.7, 'crecimiento_respaldado': True, 'positive_quarters': 4, 'earnings_accelerating': False, 'eps_accel_quarters': 0, 'profit_margin_pct': 11.3, 'score_bruto_sin_capar': 70.0, 'satura': False}","{'revenue_growth_yoy': 5.2, 'revenue_accelerating': False, 'rev_accel_quarters': 0}","{'rs_3m': 8.4, 'rs_6m': 8.4, 'rs_line_percentile': 69.5, 'rs_line_at_new_high': False, 'rs_line_trend': 'up', 'rs_line_score': 60}","{'roe_pct': 18.6, 'debt_to_equity': 0.84, 'current_ratio': 1.09, 'operating_margin_pct': 18.2}","{'days_to_earnings': 'N/A', 'recommendation': 'strong_buy', 'analyst_upside_pct': 16.7}",68.4,192649019392,Industrials,Specialty Industrial Machinery,,,False,71.98,-5.0,7,True,1.8,79.8,84.0,77.0,3.0,strong_buy,16.7,42.26,-38.2,56.94,-16.8,reportado,múltiplo propio,4.0,0.52,False,,3.4,2.33,,1.44,50.6,0.98,1.73,,,,9,,,,,29.3,143.0,2027-02-25,False,True,False,6,NEUTRAL,3.36,77.8,3.81,36.4,,,,2026-10-05T05:40:00.518050,,,,,,
ROL,"Rollins, Inc.",63.2,,trimestral,⭐⭐ GOOD,🟡 Good,USD,USD,False,True,True,1.0,,90.0,70.0,15.0,65.0,60.0,15.0,0.5,False,down,1.7,True,2,7.9,True,2,"{'eps_growth_yoy': 1.7, 'op_growth_yoy': 1.5, 'crecimiento_respaldado': True, 'positive_quarters': 4, 'earnings_accelerating': True, 'eps_accel_quarters': 2, 'profit_margin_pct': 13.6, 'score_bruto_sin_capar': 90.0, 'satura': False}","{'revenue_growth_yoy': 7.9, 'revenue_accelerating': True, 'rev_accel_quarters': 2}","{'rs_3m': -33.7, 'rs_6m': -61.2, 'rs_line_percentile': 0.5, 'rs_line_at_new_high': False, 'rs_line_trend': 'down', 'rs_line_score': 15}","{'roe_pct': 37.0, 'debt_to_equity': 0.78, 'current_ratio': 0.63, 'operating_margin_pct': 18.8}","{'days_to_earnings': 'N/A', 'recommendation': 'hold', 'analyst_upside_pct': 42.0}",30.16,14511345664,Consumer Cyclical,Personal Services,6.2,4.0,False,66.14,-54.4,0,False,-14.4,42.82,66.0,27.0,17.0,hold,42.0,39.01,29.3,,,reportado,,,,,,4.26,1.28,,2.42,64.9,0.73,1.19,False,-0.68,,9,,21.8,Operating Income,21.8,1.2,23.0,2026-10-28,False,True,False,6,NEUTRAL,4.68,131.8,1.76,31.6,,,,2026-10-05T05:35:32.584758,múltiplo propio 47x fuera del rango 8-45,,,,,
BR,"Broadridge Financial Solutions, Inc.",63.2,,trimestral,⭐⭐ GOOD,🟡 Good,USD,USD,False,True,True,1.0,,80.0,50.0,38.7,80.0,70.0,15.0,12.8,False,flat,6.4,True,1,7.5,False,0,"{'eps_growth_yoy': 6.4, 'op_growth_yoy': 9.5, 'crecimiento_respaldado': True, 'positive_quarters': 4, 'earnings_accelerating': True, 'eps_accel_quarters': 1, 'profit_margin_pct': 15.0, 'score_bruto_sin_capar': 80.0, 'satura': False}","{'revenue_growth_yoy': 7.5, 'revenue_accelerating': False, 'rev_accel_quarters': 0}","{'rs_3m': 3.1, 'rs_6m': -19.6, 'rs_line_percentile': 12.8, 'rs_line_at_new_high': False, 'rs_line_trend': 'flat', 'rs_line_score': 15}","{'roe_pct': 40.9, 'debt_to_equity': 1.24, 'current_ratio': 1.24, 'operating_margin_pct': 24.6}","{'days_to_earnings': 'N/A', 'recommendation': 'buy', 'analyst_upside_pct': 36.0}",156.93,17717401600,Technology,Information Technology Services,2.9,2.6,False,238.73,-34.3,0,False,-6.5,213.38,250.0,176.0,8.0,buy,36.0,251.52,60.3,296.2,88.7,reportado,múltiplo propio,4.0,0.62,False,,6.96,10.92,,2.78,40.6,4.36,1.66,True,-2.28,,9,,11.6,Operating Income,13.9,5.9,29.0,2026-11-03,False,True,False,8,STRONG,6.19,176.7,0.62,25.5,,,,2026-10-05T05:36:18.348101,,,,,,
AZO,"AutoZone, Inc.",63.0,,trimestral,⭐⭐ GOOD,🟡 Good,USD,USD,False,True,True,1.0,,90.0,70.0,24.0,45.0,70.0,15.0,0.1,False,down,5.4,True,2,8.4,True,2,"{'eps_growth_yoy': 5.4, 'op_growth_yoy': 6.6, 'crecimiento_respaldado': True, 'positive_quarters': 4, 'earnings_accelerating': True, 'eps_accel_quarters': 2, 'profit_margin_pct': 12.7, 'score_bruto_sin_capar': 90.0, 'satura': False}","{'revenue_growth_yoy': 8.4, 'revenue_accelerating': True, 'rev_accel_quarters': 2}","{'rs_3m': -12.4, 'rs_6m': -36.2, 'rs_line_percentile': 0.1, 'rs_line_at_new_high': False, 'rs_line_trend': 'down', 'rs_line_score': 15}","{'current_ratio': 0.9, 'operating_margin_pct': 20.0}","{'days_to_earnings': 'N/A', 'recommendation': 'strong_buy', 'analyst_upside_pct': 32.8}",2792.03,45155500032,Consumer Cyclical,Auto Parts,3.5,1.6,False,4224.08,-33.9,0,False,-5.8,3708.71,4800.0,3000.0,24.0,strong_buy,32.8,2980.98,6.8,3081.41,10.4,reportado,múltiplo propio,4.0,0.54,False,,3.96,110.56,,,,,,True,-2.06,,9,,7.5,Operating Income,7.5,15.0,64.0,2026-12-08,False,True,False,6,NEUTRAL,6.26,35.2,1.98,25.6,,,,2026-10-05T05:38:18.790887,,,,,,
NOW,"ServiceNow, Inc.",62.7,,trimestral,⭐⭐ GOOD,🟡 Good,USD,USD,False,True,True,1.0,,50.0,90.0,58.7,50.0,60.0,35.0,34.2,False,up,-22.6,False,0,24.0,True,2,"{'eps_growth_yoy': -22.6, 'op_growth_yoy': -54.7, 'crecimiento_respaldado': True, 'positive_quarters': 4, 'earnings_accelerating': False, 'eps_accel_quarters': 0, 'profit_margin_pct': 11.3, 'score_bruto_sin_capar': 50.0, 'satura': False}","{'revenue_growth_yoy': 24.0, 'revenue_accelerating': True, 'rev_accel_quarters': 2}","{'rs_3m': 18.2, 'rs_6m': 13.8, 'rs_line_percentile': 34.2, 'rs_line_at_new_high': False, 'rs_line_trend': 'up', 'rs_line_score': 35}","{'roe_pct': 14.2, 'debt_to_equity': 0.68, 'current_ratio': 0.7, 'operating_margin_pct': 4.1}","{'days_to_earnings': 'N/A', 'recommendation': 'strong_buy', 'analyst_upside_pct': 7.9}",134.38,138930388992,Technology,Software - Application,2.8,1.7,False,192.966,-30.4,4,False,4.0,144.99,248.0,72.0,46.0,strong_buy,7.9,109.79,-18.3,,,reportado,,,,,,3.16,4.25,,,,,,True,-1.05,,9,,20.2,Operating Income,29.3,-21.9,23.0,2026-10-28,False,True,False,4,NEUTRAL,1.28,58.4,0.89,49.8,,,,2026-10-05T05:39:03.182480,los P/E históricos se separan 1.7x la mediana: el ancla la decidiría un año suelto,,,,,
MLM,"Martin Marietta Materials, Inc.",62.5,,trimestral,⭐⭐ GOOD,🟡 Good,USD,USD,False,True,True,1.0,,65.0,90.0,15.0,70.0,70.0,15.0,0.2,False,down,-12.3,True,1,21.0,True,2,"{'eps_growth_yoy': -12.3, 'op_growth_yoy': -6.0, 'crecimiento_respaldado': True, 'positive_quarters': 4, 'earnings_accelerating': True, 'eps_accel_quarters': 1, 'profit_margin_pct': 36.7, 'score_bruto_sin_capar': 65.0, 'satura': False}","{'revenue_growth_yoy': 21.0, 'revenue_accelerating': True, 'rev_accel_quarters': 2}","{'rs_3m': -21.9, 'rs_6m': -36.6, 'rs_line_percentile': 0.2, 'rs_line_at_new_high': False, 'rs_line_trend': 'down', 'rs_line_score': 15}","{'roe_pct': 8.9, 'debt_to_equity': 0.55, 'current_ratio': 1.41, 'operating_margin_pct': 20.2}","{'days_to_earnings': 'N/A', 'recommendation': 'buy', 'analyst_upside_pct': 34.0}",482.27,34250518528,Basic Materials,Building Materials,4.6,4.0,False,710.97,-32.2,0,False,-7.5,646.04,800.0,496.0,24.0,buy,34.0,,,383.94,-20.4,reportado,múltiplo propio,4.0,0.69,False,,2.08,10.03,,0.7,21.6,3.36,0.59,False,-0.33,,9,,6.1,Operating Income,6.0,-23.2,29.0,2026-11-03,False,True,False,8,STRONG,4.13,11.2,2.06,21.3,0.8,0.04,-20.5,2026-10-05T05:43:19.148971,,,"el capex se lleva el 53% del flujo operativo: lo que queda no es lo que gana el dueño, es lo que sobra tras decidir invertir",,,
PGR,The Progressive Corporation,62.5,,trimestral,⭐⭐ GOOD,🟡 Good,USD,USD,False,True,True,1.0,"FCF declarado (10,597,000,000) se aparta del derivado de flujo operativo menos capex (15,991,000,320)",80.0,60.0,36.0,75.0,50.0,15.0,21.4,False,down,4.3,True,1,7.3,True,1,"{'eps_growth_yoy': 4.3, 'op_growth_yoy': 6.1, 'crecimiento_respaldado': True, 'positive_quarters': 4, 'earnings_accelerating': True, 'eps_accel_quarters': 1, 'profit_margin_pct': 12.8, 'score_bruto_sin_capar': 80.0, 'satura': False}","{'revenue_growth_yoy': 7.3, 'revenue_accelerating': True, 'rev_accel_quarters': 1}","{'rs_3m': -13.4, 'rs_6m': -10.2, 'rs_line_percentile': 21.4, 'rs_line_at_new_high': False, 'rs_line_trend': 'down', 'rs_line_score': 15}","{'roe_pct': 34.9, 'debt_to_equity': 0.24, 'current_ratio': 0.29, 'operating_margin_pct': 18.2}","{'days_to_earnings': 'N/A', 'recommendation': 'hold', 'analyst_upside_pct': 10.3}",210.31,122063921152,Financial Services,Insurance - Property & Casualty,1.1,3.0,False,245.64,-14.4,3,False,-1.8,232.05,314.0,198.0,21.0,hold,10.3,,,,,reportado,,,,,,13.1,27.55,,0.19,69.7,0.4,0.67,False,-0.6,,7,,50.8,EBIT,50.8,2.0,9.0,2026-10-14,False,True,True,6,NEUTRAL,11.28,,0.43,22.3,,,,2026-10-05T05:40:21.118267,los P/E históricos se separan 4.6x la mediana: el ancla la decidiría un año suelto,,"Insurance - Property & Casualty: el flujo operativo son depósitos, préstamos o primas, no caja libre para el accionista",,,
AXP,American Express Company,62.5,,trimestral,⭐⭐ GOOD,🟡 Good,USD,USD,False,True,True,1.0,,70.0,60.0,36.0,85.0,65.0,15.0,0.1,False,down,7.8,False,0,10.0,True,1,"{'eps_growth_yoy': 7.8, 'positive_quarters': 4, 'earnings_accelerating': False, 'eps_accel_quarters': 0, 'profit_margin_pct': 16.1, 'score_bruto_sin_capar': 70.0, 'satura': False}","{'revenue_growth_yoy': 10.0, 'revenue_accelerating': True, 'rev_accel_quarters': 1}","{'rs_3m': -16.6, 'rs_6m': -18.1, 'rs_line_percentile': 0.1, 'rs_line_at_new_high': False, 'rs_line_trend': 'down', 'rs_line_score': 15}","{'roe_pct': 34.4, 'debt_to_equity': 1.72, 'current_ratio': 1.55, 'operating_margin_pct': 20.3}","{'days_to_earnings': 'N/A', 'recommendation': 'buy', 'analyst_upside_pct': 24.1}",302.78,204470304768,Financial Services,Credit Services,2.1,4.5,False,387.49,-21.9,1,False,-7.5,375.7,450.0,315.0,24.0,buy,24.1,527.13,74.1,300.51,-0.7,reportado,múltiplo propio,4.0,0.52,False,,7.85,23.77,,1.26,21.5,3.8,1.09,True,-2.86,,7,,,,,7.7,18.0,2026-10-23,False,True,True,4,NEUTRAL,,,0.94,19.4,0.8,0.04,-18.6,2026-10-05T05:40:58.124514,,,,,,
VRSN,"VeriSign, Inc.",62.3,,trimestral,⭐⭐ GOOD,🟡 Good,USD,USD,False,True,True,1.0,,75.0,60.0,56.7,50.0,60.0,60.0,60.5,False,flat,4.4,False,0,6.0,True,1,"{'eps_growth_yoy': 4.4, 'op_growth_yoy': 5.6, 'crecimiento_respaldado': True, 'positive_quarters': 4, 'earnings_accelerating': False, 'eps_accel_quarters': 0, 'profit_margin_pct': 49.8, 'score_bruto_sin_capar': 75.0, 'satura': False}","{'revenue_growth_yoy': 6.0, 'revenue_accelerating': True, 'rev_accel_quarters': 1}","{'rs_3m': 5.2, 'rs_6m': -11.8, 'rs_line_percentile': 60.5, 'rs_line_at_new_high': False, 'rs_line_trend': 'flat', 'rs_line_score': 60}","{'current_ratio': 0.59, 'operating_margin_pct': 68.2}","{'days_to_earnings': 'N/A', 'recommendation': 'buy', 'analyst_upside_pct': 12.5}",288.32,26064128000,Technology,Software - Infrastructure,2.2,3.0,False,312.48,-7.7,6,False,-0.2,324.4,355.0,285.0,5.0,buy,12.5,320.71,11.2,243.84,-15.4,reportado,múltiplo propio,4.0,0.26,False,,4.14,11.94,,1.12,34.3,3.24,,True,-3.09,,9,,15.3,Operating Income,15.5,7.7,17.0,2026-10-22,False,True,True,8,STRONG,4.1,501.6,2.14,25.0,0.4,0.02,-24.6,2026-10-05T05:36:14.489004,,,,,,
TJX,"The TJX Companies, Inc.",62.0,,trimestral,⭐⭐ GOOD,🟡 Good,USD,USD,False,True,True,1.0,,85.0,60.0,24.0,75.0,55.0,15.0,10.9,False,down,22.3,True,1,5.4,True,1,"{'eps_growth_yoy': 22.3, 'op_growth_yoy': 22.7, 'crecimiento_respaldado': True, 'positive_quarters': 4, 'earnings_accelerating': True, 'eps_accel_quarters': 1, 'profit_margin_pct': 9.7, 'score_bruto_sin_capar': 85.0, 'satura': False}","{'revenue_growth_yoy': 5.4, 'revenue_accelerating': True, 'rev_accel_quarters': 1}","{'rs_3m': -16.8, 'rs_6m': -34.9, 'rs_line_percentile': 10.9, 'rs_line_at_new_high': False, 'rs_line_trend': 'down', 'rs_line_score': 15}","{'roe_pct': 62.2, 'debt_to_equity': 1.34, 'current_ratio': 1.15, 'operating_margin_pct': 10.9}","{'days_to_earnings': 'N/A', 'recommendation': 'none', 'analyst_upside_pct': 28.0}",132.68,146572165120,Consumer Cyclical,Apparel Retail,1.7,2.2,False,170.0,-22.0,1,False,-5.8,169.8,198.0,136.0,20.0,none,28.0,152.63,15.0,148.17,11.7,reportado,múltiplo propio,4.0,0.25,False,,4.15,5.51,,1.45,32.5,1.92,1.32,False,-0.98,,9,,105.5,Operating Income,108.3,11.8,44.0,2026-11-18,False,True,False,7,NEUTRAL,4.65,35.2,1.28,23.6,1.6,0.07,-22.0,2026-10-05T05:41:05.866556,,,,,,
SPGI,S&P Global Inc.,62.0,,trimestral,⭐⭐ GOOD,🟡 Good,USD,USD,False,True,True,1.0,,85.0,60.0,24.0,65.0,70.0,15.0,0.0,False,down,13.5,False,0,10.4,False,0,"{'eps_growth_yoy': 13.5, 'op_growth_yoy': 17.2, 'crecimiento_respaldado': True, 'positive_quarters': 4, 'earnings_accelerating': False, 'eps_accel_quarters': 0, 'profit_margin_pct': 30.5, 'score_bruto_sin_capar': 85.0, 'satura': False}","{'revenue_growth_yoy': 10.4, 'revenue_accelerating': False, 'rev_accel_quarters': 0}","{'rs_3m': -15.9, 'rs_6m': -22.9, 'rs_line_percentile': 0.0, 'rs_line_at_new_high': False, 'rs_line_trend': 'down', 'rs_line_score': 15}","{'roe_pct': 14.3, 'debt_to_equity': 0.43, 'current_ratio': 0.95, 'operating_margin_pct': 44.8}","{'days_to_earnings': 'N/A', 'recommendation': 'strong_buy', 'analyst_upside_pct': 34.7}",386.27,113872396288,Financial Services,Financial Data & Stock Exchanges,2.2,3.5,False,522.46924,-26.1,0,False,-7.3,520.3,553.0,485.0,20.0,strong_buy,34.7,379.07,-1.9,550.51,42.5,reportado,múltiplo propio,3.0,0.22,True,2023-12-31,4.52,17.46,7.1,1.0,23.5,3.88,0.82,True,-3.46,,9,,21.2,Operating Income,22.7,17.7,22.0,2026-10-27,False,True,False,7,NEUTRAL,4.73,893.9,1.49,26.0,,,,2026-10-05T05:35:41.308286,,,,,,
HD,"The Home Depot, Inc.",62.0,,trimestral,⭐⭐ GOOD,🟡 Good,USD,USD,False,True,True,1.0,,85.0,70.0,15.0,60.0,70.0,15.0,0.0,False,down,4.7,True,2,5.7,True,2,"{'eps_growth_yoy': 4.7, 'op_growth_yoy': 4.3, 'crecimiento_respaldado': True, 'positive_quarters': 4, 'earnings_accelerating': True, 'eps_accel_quarters': 2, 'profit_margin_pct': 8.4, 'score_bruto_sin_capar': 85.0, 'satura': False}","{'revenue_growth_yoy': 5.7, 'revenue_accelerating': True, 'rev_accel_quarters': 2}","{'rs_3m': -20.6, 'rs_6m': -29.5, 'rs_line_percentile': 0.0, 'rs_line_at_new_high': False, 'rs_line_trend': 'down', 'rs_line_score': 15}","{'roe_pct': 104.3, 'debt_to_equity': 3.8, 'current_ratio': 1.08, 'operating_margin_pct': 12.9}","{'days_to_earnings': 'N/A', 'recommendation': 'buy', 'analyst_upside_pct': 33.4}",282.85,282196508672,Consumer Cyclical,Home Improvement Retail,1.2,2.6,False,397.63,-28.9,0,False,-11.9,377.19,425.0,310.0,32.0,buy,33.4,250.03,-11.6,339.67,20.1,reportado,múltiplo propio,4.0,0.37,False,,5.35,15.13,,3.3,64.8,9.32,2.39,False,0.2,,9,,8.7,Operating Income,8.8,4.6,43.0,2026-11-17,False,True,False,5,NEUTRAL,6.09,53.3,,20.4,0.8,0.04,-19.6,2026-10-05T05:42:49.915241,,,,,,
BN,Brookfield Corporation,62.0,,trimestral,⭐⭐ GOOD,🟡 Good,USD,USD,False,True,True,1.0,"FCF declarado (-9,413,000,000) se aparta del derivado de flujo operativo menos capex (-5,409,000,448)",85.0,60.0,24.0,65.0,70.0,15.0,2.5,False,down,33.8,True,1,7.3,True,1,"{'eps_growth_yoy': 33.8, 'op_growth_yoy': 7.2, 'crecimiento_respaldado': False, 'crecimiento_puntuado': 32.2, 'positive_quarters': 4, 'earnings_accelerating': True, 'eps_accel_quarters': 1, 'profit_margin_pct': 1.8, 'score_bruto_sin_capar': 95.0, 'satura': False}","{'revenue_growth_yoy': 7.3, 'revenue_accelerating': True, 'rev_accel_quarters': 1}","{'rs_3m': -18.7, 'rs_6m': -26.5, 'rs_line_percentile': 2.5, 'rs_line_at_new_high': False, 'rs_line_trend': 'down', 'rs_line_score': 15}","{'roe_pct': 2.3, 'debt_to_equity': 1.61, 'current_ratio': 1.01, 'operating_margin_pct': 25.7}","{'days_to_earnings': 'N/A', 'recommendation': 'buy', 'analyst_upside_pct': 46.9}",36.92,82418409472,Financial Services,Asset Management,,5.2,False,49.57,-25.5,0,False,-8.7,54.25,61.0,31.0,10.0,buy,46.9,,,,,reportado,,,,,,-6.56,-2.42,,0.76,48.2,0.28,0.75,False,-0.27,,9,,1.0,Operating Income,1.3,40.3,38.0,2026-11-12,False,True,False,6,NEUTRAL,3.92,10.9,,19.3,0.2,0.01,-19.1,2026-10-05T05:45:13.282026,los P/E históricos se separan 1.8x la mediana: el ancla la decidiría un año suelto,,"el capex se lleva el 158% del flujo operativo: lo que queda no es lo que gana el dueño, es lo que sobra tras decidir invertir",,,
RSG,"Republic Services, Inc.",61.8,,trimestral,⭐⭐ GOOD,🟡 Good,USD,USD,False,True,True,1.0,,80.0,70.0,24.0,60.0,65.0,15.0,9.2,False,down,2.9,True,1,4.6,True,2,"{'eps_growth_yoy': 2.9, 'op_growth_yoy': 4.0, 'crecimiento_respaldado': True, 'positive_quarters': 4, 'earnings_accelerating': True, 'eps_accel_quarters': 1, 'profit_margin_pct': 12.9, 'score_bruto_sin_capar': 80.0, 'satura': False}","{'revenue_growth_yoy': 4.6, 'revenue_accelerating': True, 'rev_accel_quarters': 2}","{'rs_3m': -8.7, 'rs_6m': -21.9, 'rs_line_percentile': 9.2, 'rs_line_at_new_high': False, 'rs_line_trend': 'down', 'rs_line_score': 15}","{'roe_pct': 18.2, 'debt_to_equity': 1.19, 'current_ratio': 0.64, 'operating_margin_pct': 20.4}","{'days_to_earnings': 'N/A', 'recommendation': 'buy', 'analyst_upside_pct': 17.2}",209.56,64169992192,Industrials,Waste Management,2.5,3.3,False,233.42,-10.2,3,False,-3.0,245.5,272.0,208.0,24.0,buy,17.2,243.62,16.3,209.99,0.2,reportado,múltiplo propio,4.0,0.14,False,,4.14,8.68,,1.28,35.5,2.68,1.18,True,-1.85,,9,,5.7,Operating Income,5.3,3.6,24.0,2026-10-29,False,True,False,6,NEUTRAL,4.24,25.9,1.93,15.0,0.2,0.01,-14.8,2026-10-05T05:36:06.392056,,,,,,
MSCI,MSCI Inc.,61.7,,trimestral,⭐⭐ GOOD,🟡 Good,USD,USD,False,True,True,1.0,,85.0,60.0,36.0,50.0,65.0,15.0,0.0,False,down,12.6,False,0,12.2,False,0,"{'eps_growth_yoy': 12.6, 'op_growth_yoy': 14.6, 'crecimiento_respaldado': True, 'positive_quarters': 4, 'earnings_accelerating': False, 'eps_accel_quarters': 0, 'profit_margin_pct': 40.7, 'score_bruto_sin_capar': 85.0, 'satura': False}","{'revenue_growth_yoy': 12.2, 'revenue_accelerating': False, 'rev_accel_quarters': 0}","{'rs_3m': -14.7, 'rs_6m': -18.7, 'rs_line_percentile': 0.0, 'rs_line_at_new_high': False, 'rs_line_trend': 'down', 'rs_line_score': 15}","{'current_ratio': 0.89, 'operating_margin_pct': 56.3}","{'days_to_earnings': 'N/A', 'recommendation': 'strong_buy', 'analyst_upside_pct': 29.1}",535.95,38963564544,Financial Services,Financial Data & Stock Exchanges,2.2,2.7,False,644.77,-16.9,3,False,-4.3,691.76,760.0,570.0,17.0,strong_buy,29.1,407.19,-24.0,726.55,35.6,reportado,múltiplo propio,4.0,0.14,False,,3.85,20.63,,1.53,42.1,8.2,1.02,True,-5.93,,9,,7.2,Operating Income,7.2,19.6,15.0,2026-10-20,False,True,True,8,STRONG,3.79,856.0,1.76,23.4,0.4,0.02,-23.0,2026-10-05T05:36:39.144069,,,,,,
QSR,Restaurant Brands International Inc.,61.5,,trimestral,⭐⭐ GOOD,🟡 Good,USD,USD,False,True,True,0.7613,acciones × precio no cuadra (ratio 0.7613) pero la divisa sí: son clases múltiples. Se usan 458 M de acciones efectivas (capitalización ÷ precio) en vez de las 349 M declaradas,85.0,60.0,24.0,65.0,65.0,15.0,0.0,False,down,166.8,True,2,4.6,True,1,"{'eps_growth_yoy': 166.8, 'op_growth_yoy': 8.4, 'crecimiento_respaldado': False, 'crecimiento_puntuado': 33.4, 'positive_quarters': 4, 'earnings_accelerating': True, 'eps_accel_quarters': 2, 'profit_margin_pct': 13.1, 'score_bruto_sin_capar': 110.0, 'satura': True}","{'revenue_growth_yoy': 4.6, 'revenue_accelerating': True, 'rev_accel_quarters': 1}","{'rs_3m': -7.8, 'rs_6m': -25.2, 'rs_line_percentile': 0.0, 'rs_line_at_new_high': False, 'rs_line_trend': 'down', 'rs_line_score': 15}","{'roe_pct': 34.8, 'debt_to_equity': 2.9, 'current_ratio': 1.01, 'operating_margin_pct': 27.7}","{'days_to_earnings': 'N/A', 'recommendation': 'buy', 'analyst_upside_pct': 23.0}",69.91,32026540032,Consumer Cyclical,Restaurants,6.3,7.0,False,81.96,-14.7,4,False,-6.6,85.96,104.0,78.0,24.0,buy,23.0,49.61,-29.0,108.2,54.8,reportado,múltiplo propio,4.0,0.49,False,,3.67,2.57,26.2,3.72,63.8,2.6,3.38,False,0.66,,9,,5.2,Operating Income,5.2,151.2,24.0,2026-10-29,False,True,False,6,NEUTRAL,6.16,58.5,,23.6,0.2,0.01,-23.4,2026-10-05T05:45:17.290505,,458111000.0,,,,
WCN,"Waste Connections, Inc.",60.8,,trimestral,⭐⭐ GOOD,🟡 Good,USD,USD,False,True,True,1.0,,80.0,70.0,24.0,50.0,70.0,15.0,4.2,False,down,2.1,True,1,6.4,True,2,"{'eps_growth_yoy': 2.1, 'op_growth_yoy': 7.0, 'crecimiento_respaldado': True, 'positive_quarters': 4, 'earnings_accelerating': True, 'eps_accel_quarters': 1, 'profit_margin_pct': 10.9, 'score_bruto_sin_capar': 80.0, 'satura': False}","{'revenue_growth_yoy': 6.4, 'revenue_accelerating': True, 'rev_accel_quarters': 2}","{'rs_3m': -14.0, 'rs_6m': -24.0, 'rs_line_percentile': 4.2, 'rs_line_at_new_high': False, 'rs_line_trend': 'down', 'rs_line_score': 15}","{'roe_pct': 13.0, 'debt_to_equity': 1.22, 'current_ratio': 0.66, 'operating_margin_pct': 19.7}","{'days_to_earnings': 'N/A', 'recommendation': 'strong_buy', 'analyst_upside_pct': 30.6}",153.82,38696382464,Industrials,Waste Management,1.6,3.6,False,179.74,-14.4,1,False,-5.6,200.84,220.0,162.0,25.0,strong_buy,30.6,153.18,-0.4,172.85,12.4,reportado,múltiplo propio,3.0,0.23,True,2024-12-31,3.41,5.25,,0.91,33.0,1.4,0.69,True,-1.98,,9,,5.4,Operating Income,5.0,4.4,16.0,2026-10-21,False,True,True,6,NEUTRAL,3.77,20.1,2.81,16.7,0.8,0.05,-15.9,2026-10-05T05:35:04.076183,,,,,,
STZ,"Constellation Brands, Inc.",60.8,,trimestral,⭐⭐ GOOD,🟡 Good,USD,USD,False,True,True,0.9998,,100.0,40.0,24.0,60.0,70.0,15.0,0.0,False,down,26.7,True,1,-3.3,True,1,"{'eps_growth_yoy': 26.7, 'op_growth_yoy': 12.8, 'crecimiento_respaldado': True, 'positive_quarters': 4, 'earnings_accelerating': True, 'eps_accel_quarters': 1, 'profit_margin_pct': 20.1, 'score_bruto_sin_capar': 105.0, 'satura': True}","{'revenue_growth_yoy': -3.3, 'revenue_accelerating': True, 'rev_accel_quarters': 1}","{'rs_3m': -16.9, 'rs_6m': -43.6, 'rs_line_percentile': 0.0, 'rs_line_at_new_high': False, 'rs_line_trend': 'down', 'rs_line_score': 15}","{'roe_pct': 23.7, 'debt_to_equity': 1.23, 'current_ratio': 0.91, 'operating_margin_pct': 35.9}","{'days_to_earnings': 'N/A', 'recommendation': 'buy', 'analyst_upside_pct': 44.7}",112.87,19275761664,Consumer Defensive,Beverages - Brewers,5.7,4.0,False,168.6,-33.1,0,False,-11.1,163.35,209.0,110.0,23.0,buy,44.7,247.06,118.9,,,reportado,,,,,,9.43,10.64,,3.65,39.0,4.12,1.65,True,-3.14,,9,,8.5,Operating Income,8.2,21.5,1.0,2026-10-06,True,True,False,6,NEUTRAL,9.54,30.7,0.31,24.8,1.6,0.06,-23.2,2026-10-05T05:44:48.584613,sin histórico de múltiplo (beneficio negativo o pocos años),,,,,
CME,CME Group Inc.,60.7,,trimestral,⭐⭐ GOOD,🟡 Good,USD,USD,False,True,True,1.0,,75.0,50.0,34.7,85.0,60.0,35.0,26.8,False,flat,1.6,False,0,0.8,False,0,"{'eps_growth_yoy': 1.6, 'op_growth_yoy': -2.0, 'crecimiento_respaldado': True, 'positive_quarters': 4, 'earnings_accelerating': False, 'eps_accel_quarters': 0, 'profit_margin_pct': 63.4, 'score_bruto_sin_capar': 75.0, 'satura': False}","{'revenue_growth_yoy': 0.8, 'revenue_accelerating': False, 'rev_accel_quarters': 0}","{'rs_3m': 6.6, 'rs_6m': -31.3, 'rs_line_percentile': 26.8, 'rs_line_at_new_high': False, 'rs_line_trend': 'flat', 'rs_line_score': 35}","{'roe_pct': 15.8, 'debt_to_equity': 0.15, 'current_ratio': 1.02, 'operating_margin_pct': 65.0}","{'days_to_earnings': 'N/A', 'recommendation': 'buy', 'analyst_upside_pct': 7.7}",263.14,94619688960,Financial Services,Financial Data & Stock Exchanges,1.8,3.0,False,329.16,-20.1,2,False,-2.4,283.38,330.0,217.0,16.0,buy,7.7,345.64,31.4,258.07,-1.9,reportado,múltiplo propio,4.0,0.18,False,,4.47,11.76,,1.98,95.4,5.2,2.89,False,0.26,,9,,25.2,Operating Income,33.0,1.8,16.0,2026-10-21,False,True,True,6,NEUTRAL,4.4,78.0,1.39,19.9,0.8,0.04,-19.1,2026-10-05T05:36:02.122423,,,,,,
ROP,"Roper Technologies, Inc.",60.7,,trimestral,⭐⭐ GOOD,🟡 Good,USD,USD,False,True,True,1.0,,85.0,50.0,36.0,60.0,65.0,15.0,10.7,False,down,208.9,True,2,8.5,False,0,"{'eps_growth_yoy': 208.9, 'op_growth_yoy': 6.6, 'crecimiento_respaldado': False, 'crecimiento_puntuado': 31.6, 'positive_quarters': 4, 'earnings_accelerating': True, 'eps_accel_quarters': 2, 'profit_margin_pct': 30.2, 'score_bruto_sin_capar': 115.0, 'satura': True}","{'revenue_growth_yoy': 8.5, 'revenue_accelerating': False, 'rev_accel_quarters': 0}","{'rs_3m': -5.3, 'rs_6m': -18.5, 'rs_line_percentile': 10.7, 'rs_line_at_new_high': False, 'rs_line_trend': 'down', 'rs_line_score': 15}","{'roe_pct': 13.1, 'debt_to_equity': 0.61, 'current_ratio': 0.55, 'operating_margin_pct': 27.7}","{'days_to_earnings': 'N/A', 'recommendation': 'buy', 'analyst_upside_pct': 24.0}",354.32,35042557952,Technology,Software - Application,6.1,8.1,False,521.28,-32.0,1,False,-9.1,439.43,550.0,335.0,14.0,buy,24.0,463.83,30.9,800.66,126.0,reportado,múltiplo propio,4.0,0.95,False,,7.32,25.94,,1.03,14.5,3.64,0.59,True,-7.2,,9,,5.9,Operating Income,8.6,163.1,17.0,2026-10-22,False,True,True,6,NEUTRAL,4.86,1424.7,,26.9,,,,2026-10-05T05:35:24.615277,,,,,,
SGSOY,SGS SA,60.5,,anual,⭐⭐ GOOD,🟡 Good,USD,CHF,True,True,True,1.0,"FCF declarado (911,136,687) se aparta del derivado de flujo operativo menos capex (1,291,025,380)",95.0,50.0,36.0,45.0,55.0,15.0,9.3,False,down,15.0,True,2,2.2,False,0,"{'eps_growth_yoy': 15.0, 'op_growth_yoy': 5.5, 'crecimiento_respaldado': True, 'positive_quarters': 4, 'earnings_accelerating': True, 'eps_accel_quarters': 2, 'profit_margin_pct': 9.2, 'score_bruto_sin_capar': 95.0, 'satura': False}","{'revenue_growth_yoy': 2.2, 'revenue_accelerating': False, 'rev_accel_quarters': 0}","{'rs_3m': -6.2, 'rs_6m': -6.9, 'rs_line_percentile': 9.3, 'rs_line_at_new_high': False, 'rs_line_trend': 'down', 'rs_line_score': 15}","{'roe_pct': 76.3, 'debt_to_equity': 4.64, 'current_ratio': 0.95, 'operating_margin_pct': 13.1}","{'days_to_earnings': 'N/A', 'recommendation': 'none', 'analyst_upside_pct': 23.0}",11.38,22507952128,Industrials,Consulting Services,,,False,12.76,-10.8,4,False,-1.2,14.0,14.0,14.0,1.0,none,23.0,16.12,41.7,12.1,6.3,reportado,múltiplo propio,4.0,0.19,False,,5.74,0.65,,3.57,95.6,0.41,3.55,,,,9,,,,,-1.8,,,False,False,False,5,NEUTRAL,3.61,37.7,4.34,13.6,,,,2026-10-05T05:42:33.373935,,,,,,
CB,Chubb Limited,60.0,,trimestral,⭐⭐ GOOD,🟡 Good,USD,USD,False,True,True,1.0,,60.0,70.0,44.0,65.0,60.0,35.0,26.1,False,down,-3.8,True,1,7.2,True,2,"{'eps_growth_yoy': -3.8, 'op_growth_yoy': -1.9, 'crecimiento_respaldado': True, 'positive_quarters': 4, 'earnings_accelerating': True, 'eps_accel_quarters': 1, 'profit_margin_pct': 18.1, 'score_bruto_sin_capar': 60.0, 'satura': False}","{'revenue_growth_yoy': 7.2, 'revenue_accelerating': True, 'rev_accel_quarters': 2}","{'rs_3m': -10.8, 'rs_6m': -15.6, 'rs_line_percentile': 26.1, 'rs_line_at_new_high': False, 'rs_line_trend': 'down', 'rs_line_score': 35}","{'roe_pct': 14.8, 'debt_to_equity': 0.31, 'current_ratio': 0.41, 'operating_margin_pct': 23.5}","{'days_to_earnings': 'N/A', 'recommendation': 'buy', 'analyst_upside_pct': 10.6}",330.89,127657328640,Financial Services,Insurance - Property & Casualty,0.9,2.3,False,365.91,-9.6,4,False,-3.3,365.83,425.0,306.0,23.0,buy,10.6,,,340.59,2.9,reportado,múltiplo propio,4.0,0.58,False,,8.22,27.2,,1.23,13.9,4.08,1.4,True,-3.11,,7,,18.9,EBIT,18.9,-0.5,15.0,2026-10-20,False,True,True,6,NEUTRAL,9.19,,0.41,17.1,,,,2026-10-05T05:40:09.164843,,,"Insurance - Property & Casualty: el flujo operativo son depósitos, préstamos o primas, no caja libre para el accionista",,,
CP,Canadian Pacific Kansas City Limited,60.0,,trimestral,⭐⭐ GOOD,🟡 Good,USD,CAD,True,True,True,1.0,"FCF declarado (2,403,000,000) se aparta del derivado de flujo operativo menos capex (712,619,768)",65.0,70.0,44.0,55.0,60.0,35.0,34.1,False,down,-17.0,True,1,12.6,True,1,"{'eps_growth_yoy': -17.0, 'op_growth_yoy': 9.6, 'crecimiento_respaldado': True, 'positive_quarters': 4, 'earnings_accelerating': True, 'eps_accel_quarters': 1, 'profit_margin_pct': 25.0, 'score_bruto_sin_capar': 65.0, 'satura': False}","{'revenue_growth_yoy': 12.6, 'revenue_accelerating': True, 'rev_accel_quarters': 1}","{'rs_3m': -6.1, 'rs_6m': -8.8, 'rs_line_percentile': 34.1, 'rs_line_at_new_high': False, 'rs_line_trend': 'down', 'rs_line_score': 35}","{'roe_pct': 8.2, 'debt_to_equity': 0.53, 'current_ratio': 0.59, 'operating_margin_pct': 39.0}","{'days_to_earnings': 'N/A', 'recommendation': 'buy', 'analyst_upside_pct': 14.1}",85.94,75548073984,Industrials,Railroads,2.3,10.5,False,96.9,-11.3,4,False,-4.9,98.03,107.55,73.68,13.0,buy,14.1,,,56.6,-34.1,reportado,múltiplo propio,4.0,0.17,False,,0.94,0.81,,0.88,22.1,0.75,0.75,True,-4.08,,9,,6.2,Operating Income,6.6,-13.5,23.0,2026-10-28,False,True,False,7,NEUTRAL,5.54,10.4,3.3,17.5,,,,2026-10-05T05:41:10.222768,,,"el capex se lleva el 82% del flujo operativo: lo que queda no es lo que gana el dueño, es lo que sobra tras decidir invertir",,,
YUM,"Yum! Brands, Inc.",60.0,,trimestral,⭐⭐ GOOD,🟡 Good,USD,USD,False,True,True,1.0,,85.0,70.0,15.0,50.0,65.0,15.0,0.0,False,down,128.1,True,1,12.3,True,1,"{'eps_growth_yoy': 128.1, 'op_growth_yoy': 9.6, 'crecimiento_respaldado': False, 'crecimiento_puntuado': 34.6, 'positive_quarters': 4, 'earnings_accelerating': True, 'eps_accel_quarters': 1, 'profit_margin_pct': 25.4, 'score_bruto_sin_capar': 105.0, 'satura': True}","{'revenue_growth_yoy': 12.3, 'revenue_accelerating': True, 'rev_accel_quarters': 1}","{'rs_3m': -21.5, 'rs_6m': -30.0, 'rs_line_percentile': 0.0, 'rs_line_at_new_high': False, 'rs_line_trend': 'down', 'rs_line_score': 15}","{'current_ratio': 0.59, 'operating_margin_pct': 32.8}","{'days_to_earnings': 'N/A', 'recommendation': 'buy', 'analyst_upside_pct': 26.6}",136.12,37147295744,Consumer Cyclical,Restaurants,4.1,4.3,False,170.14,-20.0,1,False,-6.9,172.34,200.0,147.0,22.0,buy,26.6,173.07,27.1,152.59,12.1,normalizado,múltiplo propio,4.0,0.19,False,,4.61,6.28,,2.2,36.8,3.0,1.83,True,-1.42,,9,,5.2,Operating Income,5.3,92.1,29.0,2026-11-03,False,True,False,5,NEUTRAL,5.07,75.7,2.92,26.9,,,,2026-10-05T05:41:43.432568,,,,tasa fiscal efectiva -0.9% — el beneficio del periodo no es representativo,,
DPZ,"Domino's Pizza, Inc.",60.0,,trimestral,⭐⭐ GOOD,🟡 Good,USD,USD,False,True,True,1.0,,80.0,60.0,24.0,65.0,65.0,15.0,2.9,False,down,3.6,True,1,4.3,True,1,"{'eps_growth_yoy': 3.6, 'op_growth_yoy': 3.1, 'crecimiento_respaldado': True, 'positive_quarters': 4, 'earnings_accelerating': True, 'eps_accel_quarters': 1, 'profit_margin_pct': 11.9, 'score_bruto_sin_capar': 80.0, 'satura': False}","{'revenue_growth_yoy': 4.3, 'revenue_accelerating': True, 'rev_accel_quarters': 1}","{'rs_3m': -7.6, 'rs_6m': -38.3, 'rs_line_percentile': 2.9, 'rs_line_at_new_high': False, 'rs_line_trend': 'down', 'rs_line_score': 15}","{'current_ratio': 1.54, 'operating_margin_pct': 19.1}","{'days_to_earnings': 'N/A', 'recommendation': 'buy', 'analyst_upside_pct': 26.2}",297.615,9845620736,Consumer Cyclical,Restaurants,11.2,4.0,True,442.35,-32.7,0,False,-9.7,375.48,450.0,260.0,27.0,buy,26.2,400.8,34.7,444.05,49.2,reportado,múltiplo propio,4.0,0.14,False,,6.68,19.88,,2.67,42.3,7.96,1.25,True,-3.15,,9,,4.9,Operating Income,4.9,4.8,8.0,2026-10-13,False,True,True,8,STRONG,6.42,106.0,1.19,30.5,0.8,0.03,-29.7,2026-10-05T05:44:56.618340,,,,,,
MCD,McDonald's Corporation,59.8,,trimestral,⭐ AVERAGE,🟡 Average,USD,USD,False,True,True,1.0,,85.0,60.0,15.0,65.0,65.0,15.0,0.0,False,down,4.8,True,1,3.8,True,1,"{'eps_growth_yoy': 4.8, 'op_growth_yoy': 1.3, 'crecimiento_respaldado': True, 'positive_quarters': 4, 'earnings_accelerating': True, 'eps_accel_quarters': 1, 'profit_margin_pct': 31.7, 'score_bruto_sin_capar': 85.0, 'satura': False}","{'revenue_growth_yoy': 3.8, 'revenue_accelerating': True, 'rev_accel_quarters': 1}","{'rs_3m': -20.4, 'rs_6m': -41.5, 'rs_line_percentile': 0.0, 'rs_line_at_new_high': False, 'rs_line_trend': 'down', 'rs_line_score': 15}","{'current_ratio': 1.08, 'operating_margin_pct': 46.5}","{'days_to_earnings': 'N/A', 'recommendation': 'buy', 'analyst_upside_pct': 28.1}",231.89,164095000576,Consumer Cyclical,Restaurants,1.9,2.8,False,341.75,-32.1,0,False,-10.2,297.03,390.0,230.0,29.0,buy,28.1,302.62,30.5,304.48,31.3,reportado,múltiplo propio,4.0,0.2,False,,4.86,11.27,,3.33,59.7,7.72,2.24,False,-0.91,,9,,7.8,Operating Income,7.9,4.0,31.0,2026-11-05,False,True,False,6,NEUTRAL,5.69,28.9,1.31,21.0,,,,2026-10-05T05:38:31.130595,,,,,,
CRH,CRH plc,59.6,,trimestral,⭐ AVERAGE,🟡 Average,USD,USD,False,True,True,1.0,,78.0,60.0,15.0,75.0,70.0,15.0,0.0,False,down,12.6,True,1,5.6,True,1,"{'eps_growth_yoy': 12.6, 'op_growth_yoy': 6.3, 'crecimiento_respaldado': True, 'positive_quarters': 3, 'earnings_accelerating': True, 'eps_accel_quarters': 1, 'profit_margin_pct': 9.9, 'score_bruto_sin_capar': 78.0, 'satura': False}","{'revenue_growth_yoy': 5.6, 'revenue_accelerating': True, 'rev_accel_quarters': 1}","{'rs_3m': -25.7, 'rs_6m': -39.7, 'rs_line_percentile': 0.0, 'rs_line_at_new_high': False, 'rs_line_trend': 'down', 'rs_line_score': 15}","{'roe_pct': 15.8, 'debt_to_equity': 0.78, 'current_ratio': 1.58, 'operating_margin_pct': 19.0}","{'days_to_earnings': 'N/A', 'recommendation': 'strong_buy', 'analyst_upside_pct': 59.9}",81.94,54513410048,Basic Materials,Building Materials,2.0,2.7,False,131.55,-37.7,0,False,-11.6,131.04,165.0,105.0,24.0,strong_buy,59.9,,,94.92,15.8,reportado,múltiplo propio,4.0,0.9,False,,4.96,4.06,,1.9,26.9,1.56,1.95,True,-1.31,,9,,6.4,Operating Income,7.0,13.9,24.0,2026-10-29,False,True,False,6,NEUTRAL,7.31,16.2,4.38,25.3,1.6,0.06,-23.7,2026-10-05T05:43:14.774183,,,"el capex se lleva el 50% del flujo operativo: lo que queda no es lo que gana el dueño, es lo que sobra tras decidir invertir",,,
ATO,Atmos Energy Corporation,59.5,,trimestral,⭐ AVERAGE,🟡 Average,USD,USD,False,True,True,1.0,"FCF declarado (-2,020,303,000) se aparta del derivado de flujo operativo menos capex (-1,541,808,984)",95.0,50.0,24.0,55.0,55.0,15.0,0.9,False,down,30.2,False,0,4.8,False,0,"{'eps_growth_yoy': 30.2, 'op_growth_yoy': 27.1, 'crecimiento_respaldado': True, 'positive_quarters': 4, 'earnings_accelerating': False, 'eps_accel_quarters': 0, 'profit_margin_pct': 28.5, 'score_bruto_sin_capar': 95.0, 'satura': False}","{'revenue_growth_yoy': 4.8, 'revenue_accelerating': False, 'rev_accel_quarters': 0}","{'rs_3m': -14.1, 'rs_6m': -32.7, 'rs_line_percentile': 0.9, 'rs_line_at_new_high': False, 'rs_line_trend': 'down', 'rs_line_score': 15}","{'roe_pct': 9.8, 'debt_to_equity': 0.68, 'current_ratio': 0.81, 'operating_margin_pct': 37.2}","{'days_to_earnings': 'N/A', 'recommendation': 'hold', 'analyst_upside_pct': 17.7}",157.17,26559932416,Utilities,Utilities - Regulated Gas,2.9,4.8,False,192.51,-18.4,2,False,-5.5,185.0,206.0,167.0,11.0,hold,17.7,,,150.48,-4.3,reportado,múltiplo propio,4.0,0.35,False,,-5.81,-9.13,,2.55,46.1,4.0,2.36,False,,,9,,12.8,Operating Income,13.3,9.3,30.0,2026-11-04,False,True,False,6,NEUTRAL,4.29,6.1,1.74,10.5,,,,2026-10-05T05:42:04.965666,,,"el capex se lleva el 176% del flujo operativo: lo que queda no es lo que gana el dueño, es lo que sobra tras decidir invertir",,,
WM,"Waste Management, Inc.",59.5,,trimestral,⭐ AVERAGE,🟡 Average,USD,USD,False,True,True,1.0,,80.0,70.0,24.0,45.0,65.0,15.0,1.4,False,down,8.1,True,1,4.0,True,2,"{'eps_growth_yoy': 8.1, 'op_growth_yoy': 6.9, 'crecimiento_respaldado': True, 'positive_quarters': 4, 'earnings_accelerating': True, 'eps_accel_quarters': 1, 'profit_margin_pct': 11.1, 'score_bruto_sin_capar': 80.0, 'satura': False}","{'revenue_growth_yoy': 4.0, 'revenue_accelerating': True, 'rev_accel_quarters': 2}","{'rs_3m': -16.6, 'rs_6m': -29.2, 'rs_line_percentile': 1.4, 'rs_line_at_new_high': False, 'rs_line_trend': 'down', 'rs_line_score': 15}","{'roe_pct': 29.8, 'debt_to_equity': 2.35, 'current_ratio': 0.91, 'operating_margin_pct': 19.0}","{'days_to_earnings': 'N/A', 'recommendation': 'buy', 'analyst_upside_pct': 26.5}",204.45,81721769984,Industrials,Waste Management,1.5,2.7,False,248.13,-17.6,2,False,-6.7,258.56,277.0,220.0,25.0,buy,26.5,233.46,14.2,208.9,2.2,reportado,múltiplo propio,4.0,0.17,False,,4.03,8.24,,1.85,50.1,3.78,1.49,False,-0.47,,9,,5.2,Operating Income,5.0,8.3,22.0,2026-10-27,False,True,False,8,STRONG,4.41,22.6,2.99,15.8,,,,2026-10-05T05:35:08.015156,,,,,,
TYL,"Tyler Technologies, Inc.",59.5,,trimestral,⭐ AVERAGE,🟡 Average,USD,USD,False,True,True,1.0,,80.0,50.0,24.0,75.0,70.0,15.0,11.9,False,up,10.5,False,0,8.2,False,0,"{'eps_growth_yoy': 10.5, 'op_growth_yoy': -0.5, 'crecimiento_respaldado': True, 'positive_quarters': 4, 'earnings_accelerating': False, 'eps_accel_quarters': 0, 'profit_margin_pct': 13.4, 'score_bruto_sin_capar': 80.0, 'satura': False}","{'revenue_growth_yoy': 8.2, 'revenue_accelerating': False, 'rev_accel_quarters': 0}","{'rs_3m': -2.8, 'rs_6m': -21.7, 'rs_line_percentile': 11.9, 'rs_line_at_new_high': False, 'rs_line_trend': 'up', 'rs_line_score': 15}","{'roe_pct': 9.7, 'debt_to_equity': 0.48, 'current_ratio': 1.55, 'operating_margin_pct': 14.7}","{'days_to_earnings': 'N/A', 'recommendation': 'buy', 'analyst_upside_pct': 31.6}",322.81,13219803136,Technology,Software - Application,9.6,3.5,True,524.43,-38.4,0,False,-4.0,424.77,525.0,335.0,22.0,buy,31.6,429.12,32.9,,,reportado,,,,,,5.28,17.04,,,,,,True,-4.72,,9,,56.4,Operating Income,65.3,15.5,23.0,2026-10-28,False,True,False,8,STRONG,2.61,125.8,0.92,39.0,,,,2026-10-05T05:37:29.244746,múltiplo propio 89x fuera del rango 8-45,,,,,
FDS,FactSet Research Systems Inc.,59.3,,trimestral,⭐ AVERAGE,🟡 Average,USD,USD,False,True,True,1.0,,65.0,60.0,46.7,70.0,50.0,35.0,45.8,False,flat,-14.7,True,1,6.4,True,1,"{'eps_growth_yoy': -14.7, 'op_growth_yoy': -14.3, 'crecimiento_respaldado': True, 'positive_quarters': 4, 'earnings_accelerating': True, 'eps_accel_quarters': 1, 'profit_margin_pct': 21.5, 'score_bruto_sin_capar': 65.0, 'satura': False}","{'revenue_growth_yoy': 6.4, 'revenue_accelerating': True, 'rev_accel_quarters': 1}","{'rs_3m': 0.2, 'rs_6m': -1.2, 'rs_line_percentile': 45.8, 'rs_line_at_new_high': False, 'rs_line_trend': 'flat', 'rs_line_score': 35}","{'roe_pct': 25.5, 'debt_to_equity': 0.77, 'current_ratio': 0.6, 'operating_margin_pct': 24.7}","{'days_to_earnings': 'N/A', 'recommendation': 'hold', 'analyst_upside_pct': 4.3}",266.0,9460434944,Financial Services,Financial Data & Stock Exchanges,12.4,4.2,True,320.48,-17.0,4,False,-5.7,277.56,340.0,212.0,16.0,hold,4.3,575.19,116.2,470.08,76.7,reportado,múltiplo propio,4.0,0.52,False,,7.54,20.06,,1.74,29.4,4.64,0.96,True,-6.48,,9,,13.6,Operating Income,14.1,-6.1,73.0,2026-12-17,False,True,False,6,NEUTRAL,7.0,180.1,0.82,49.3,0.8,0.02,-48.5,2026-10-05T05:40:13.177608,,,,,,True
POOL,Pool Corporation,59.0,,trimestral,⭐ AVERAGE,🟡 Average,USD,USD,False,True,True,1.0,,65.0,70.0,15.0,80.0,70.0,15.0,0.0,False,down,-3.2,True,2,2.2,True,2,"{'eps_growth_yoy': -3.2, 'op_growth_yoy': -1.8, 'crecimiento_respaldado': True, 'positive_quarters': 4, 'earnings_accelerating': True, 'eps_accel_quarters': 2, 'profit_margin_pct': 7.4, 'score_bruto_sin_capar': 65.0, 'satura': False}","{'revenue_growth_yoy': 2.2, 'revenue_accelerating': True, 'rev_accel_quarters': 2}","{'rs_3m': -25.7, 'rs_6m': -37.4, 'rs_line_percentile': 0.0, 'rs_line_at_new_high': False, 'rs_line_trend': 'down', 'rs_line_score': 15}","{'roe_pct': 31.3, 'debt_to_equity': 1.35, 'current_ratio': 2.67, 'operating_margin_pct': 15.1}","{'days_to_earnings': 'N/A', 'recommendation': 'buy', 'analyst_upside_pct': 34.4}",161.42,5866123264,Industrials,Industrial Distribution,10.8,5.1,True,310.99,-48.1,0,False,-11.5,217.0,260.0,185.0,12.0,buy,34.4,115.07,-28.7,266.34,65.0,reportado,múltiplo propio,4.0,0.57,False,,5.29,8.54,,3.22,46.4,5.2,1.18,True,-3.41,,9,,12.4,Operating Income,12.4,,17.0,2026-10-22,False,True,True,5,NEUTRAL,7.71,34.5,,22.7,,,,2026-10-05T05:44:44.439796,,,,,,
CPRT,"Copart, Inc.",59.0,,trimestral,⭐ AVERAGE,🟡 Average,USD,USD,False,True,True,1.0,"FCF declarado (1,339,233,000) se aparta del derivado de flujo operativo menos capex (1,035,502,032)",65.0,60.0,24.0,85.0,70.0,15.0,0.0,False,down,-1.0,True,1,2.1,True,1,"{'eps_growth_yoy': -1.0, 'op_growth_yoy': 2.8, 'crecimiento_respaldado': True, 'positive_quarters': 4, 'earnings_accelerating': True, 'eps_accel_quarters': 1, 'profit_margin_pct': 31.8, 'score_bruto_sin_capar': 65.0, 'satura': False}","{'revenue_growth_yoy': 2.1, 'revenue_accelerating': True, 'rev_accel_quarters': 1}","{'rs_3m': -10.2, 'rs_6m': -34.5, 'rs_line_percentile': 0.0, 'rs_line_at_new_high': False, 'rs_line_trend': 'down', 'rs_line_score': 15}","{'roe_pct': 16.2, 'debt_to_equity': 0.01, 'current_ratio': 7.91, 'operating_margin_pct': 32.0}","{'days_to_earnings': 'N/A', 'recommendation': 'buy', 'analyst_upside_pct': 43.3}",27.22,25214713856,Industrials,Specialty Business Services,4.6,3.3,False,45.89,-40.7,0,False,-10.7,39.0,55.0,25.0,10.0,buy,43.3,24.6,-9.6,48.87,79.5,reportado,múltiplo propio,4.0,0.29,False,,4.11,1.12,,,,,,True,-4.67,,9,,,,,-10.5,45.0,2026-11-19,False,True,False,6,NEUTRAL,8.15,19.3,1.29,38.1,0.8,0.02,-37.3,2026-10-05T05:35:49.824233,,,,,,
HLT,Hilton Worldwide Holdings Inc.,58.8,,trimestral,⭐ AVERAGE,🟡 Average,USD,USD,False,True,True,1.0,,75.0,60.0,44.0,50.0,50.0,35.0,33.0,False,down,9.5,False,0,6.5,True,1,"{'eps_growth_yoy': 9.5, 'op_growth_yoy': 10.3, 'crecimiento_respaldado': True, 'positive_quarters': 4, 'earnings_accelerating': False, 'eps_accel_quarters': 0, 'profit_margin_pct': 31.0, 'score_bruto_sin_capar': 75.0, 'satura': False}","{'revenue_growth_yoy': 6.5, 'revenue_accelerating': True, 'rev_accel_quarters': 1}","{'rs_3m': -9.5, 'rs_6m': -13.2, 'rs_line_percentile': 33.0, 'rs_line_at_new_high': False, 'rs_line_trend': 'down', 'rs_line_score': 35}","{'current_ratio': 0.65, 'operating_margin_pct': 63.0}","{'days_to_earnings': 'N/A', 'recommendation': 'none', 'analyst_upside_pct': 10.5}",319.36,71876730880,Consumer Cyclical,Lodging,2.7,3.1,False,358.0,-10.8,4,False,0.6,353.0,394.0,270.0,26.0,none,10.5,186.67,-41.5,279.51,-12.5,reportado,múltiplo propio,4.0,0.47,False,,2.68,8.56,,0.19,8.8,0.6,0.24,True,-4.18,,9,,4.4,Operating Income,4.3,7.0,22.0,2026-10-27,False,True,False,6,NEUTRAL,3.17,213.6,2.89,18.1,0.2,0.01,-17.9,2026-10-05T05:43:27.090263,,,,,,
MRSH,"Marsh & McLennan Companies, Inc.",58.2,,trimestral,⭐ AVERAGE,🟡 Average,USD,USD,False,True,True,1.0,,70.0,50.0,36.0,80.0,55.0,15.0,12.9,False,down,4.5,False,0,6.2,False,0,"{'eps_growth_yoy': 4.5, 'op_growth_yoy': 3.8, 'crecimiento_respaldado': True, 'positive_quarters': 4, 'earnings_accelerating': False, 'eps_accel_quarters': 0, 'profit_margin_pct': 14.2, 'score_bruto_sin_capar': 70.0, 'satura': False}","{'revenue_growth_yoy': 6.2, 'revenue_accelerating': False, 'rev_accel_quarters': 0}","{'rs_3m': -6.5, 'rs_6m': -18.5, 'rs_line_percentile': 12.9, 'rs_line_at_new_high': False, 'rs_line_trend': 'down', 'rs_line_score': 15}","{'roe_pct': 25.9, 'debt_to_equity': 1.45, 'current_ratio': 1.14, 'operating_margin_pct': 26.3}","{'days_to_earnings': 'N/A', 'recommendation': 'hold', 'analyst_upside_pct': 20.9}",170.06,81154547712,Financial Services,Insurance Brokers,1.2,2.8,False,207.83,-18.2,2,False,-7.0,205.57,238.0,179.0,21.0,hold,20.9,,,199.96,17.6,reportado,múltiplo propio,4.0,0.17,False,,5.9,10.03,,2.33,44.0,3.96,1.45,True,-2.63,,9,,6.3,Operating Income,6.6,2.9,10.0,2026-10-15,False,True,True,6,NEUTRAL,6.1,140.5,1.27,18.9,,,,2026-10-05T05:35:54.082589,,,"Insurance Brokers: el flujo operativo son depósitos, préstamos o primas, no caja libre para el accionista",,,
DVA,DaVita Inc.,58.2,,trimestral,⭐ AVERAGE,🟡 Average,USD,USD,False,True,True,1.0,,75.0,50.0,38.6,60.0,65.0,35.0,44.9,False,down,21.2,False,0,6.0,False,0,"{'eps_growth_yoy': 21.2, 'op_growth_yoy': 9.3, 'crecimiento_respaldado': True, 'positive_quarters': 4, 'earnings_accelerating': False, 'eps_accel_quarters': 0, 'profit_margin_pct': 6.0, 'score_bruto_sin_capar': 75.0, 'satura': False}","{'revenue_growth_yoy': 6.0, 'revenue_accelerating': False, 'rev_accel_quarters': 0}","{'rs_3m': -26.9, 'rs_6m': 1.6, 'rs_line_percentile': 44.9, 'rs_line_at_new_high': False, 'rs_line_trend': 'down', 'rs_line_score': 35}","{'roe_pct': 88.5, 'debt_to_equity': 12.42, 'current_ratio': 1.47, 'operating_margin_pct': 16.1}","{'days_to_earnings': 'N/A', 'recommendation': 'buy', 'analyst_upside_pct': 23.0}",178.69,11469217792,Healthcare,Medical Care Facilities,13.2,7.2,True,247.49,-27.8,4,False,-5.7,219.86,270.0,165.0,7.0,buy,23.0,465.22,160.4,158.11,-11.5,reportado,múltiplo propio,4.0,0.19,False,,10.89,19.46,22.8,,,,,True,-14.57,,9,,3.5,Operating Income,3.4,39.1,23.0,2026-10-28,False,True,False,6,NEUTRAL,7.74,32.8,0.55,34.9,0.8,0.02,-34.1,2026-10-05T05:44:16.041616,,,,,,
LIN,Linde plc,58.0,,trimestral,⭐ AVERAGE,🟡 Average,USD,USD,False,True,True,1.0,,75.0,60.0,24.0,65.0,60.0,15.0,24.2,False,down,9.2,False,0,9.3,True,1,"{'eps_growth_yoy': 9.2, 'op_growth_yoy': 8.5, 'crecimiento_respaldado': True, 'positive_quarters': 4, 'earnings_accelerating': False, 'eps_accel_quarters': 0, 'profit_margin_pct': 20.4, 'score_bruto_sin_capar': 75.0, 'satura': False}","{'revenue_growth_yoy': 9.3, 'revenue_accelerating': True, 'rev_accel_quarters': 1}","{'rs_3m': -13.8, 'rs_6m': -20.8, 'rs_line_percentile': 24.2, 'rs_line_at_new_high': False, 'rs_line_trend': 'down', 'rs_line_score': 15}","{'roe_pct': 18.4, 'debt_to_equity': 0.69, 'current_ratio': 0.88, 'operating_margin_pct': 28.1}","{'days_to_earnings': 'N/A', 'recommendation': 'buy', 'analyst_upside_pct': 13.2}",479.48,221030776832,Basic Materials,Specialty Chemicals,1.3,3.0,False,548.2,-12.5,3,False,-0.0,542.6,580.0,400.0,25.0,buy,13.2,,,476.51,-0.6,reportado,múltiplo propio,4.0,0.29,False,,2.37,11.36,,1.33,40.0,6.4,1.29,True,-1.91,,9,,20.9,Operating Income,21.3,11.3,25.0,2026-10-30,False,True,False,5,NEUTRAL,3.77,31.5,1.17,15.5,,,,2026-10-05T05:35:20.441772,,,"el capex se lleva el 50% del flujo operativo: lo que queda no es lo que gana el dueño, es lo que sobra tras decidir invertir",,,
KVUE,Kenvue Inc.,57.8,,trimestral,⭐ AVERAGE,🟡 Average,USD,USD,False,True,True,1.0,,70.0,50.0,44.0,70.0,50.0,35.0,34.4,False,down,8.6,False,0,3.0,False,0,"{'eps_growth_yoy': 8.6, 'op_growth_yoy': 0.8, 'crecimiento_respaldado': True, 'positive_quarters': 4, 'earnings_accelerating': False, 'eps_accel_quarters': 0, 'profit_margin_pct': 10.8, 'score_bruto_sin_capar': 70.0, 'satura': False}","{'revenue_growth_yoy': 3.0, 'revenue_accelerating': False, 'rev_accel_quarters': 0}","{'rs_3m': -14.2, 'rs_6m': -14.4, 'rs_line_percentile': 34.4, 'rs_line_at_new_high': False, 'rs_line_trend': 'down', 'rs_line_score': 35}","{'roe_pct': 15.6, 'debt_to_equity': 0.82, 'current_ratio': 1.0, 'operating_margin_pct': 19.4}","{'days_to_earnings': 'N/A', 'recommendation': 'none', 'analyst_upside_pct': 13.4}",17.2,33037305856,Consumer Defensive,Household & Personal Products,3.5,2.1,False,20.13,-14.6,4,False,-6.6,19.5,23.0,18.0,12.0,none,13.4,17.92,4.2,18.54,7.8,reportado,múltiplo propio,3.0,0.72,True,,5.6,0.96,,4.88,96.5,0.84,,False,-0.26,,9,,6.9,Operating Income,6.2,4.2,31.0,2026-11-05,False,True,False,7,NEUTRAL,6.7,122.7,,18.4,3.1,0.17,-15.3,2026-10-05T05:45:33.079697,,,,,,
OTIS,Otis Worldwide Corporation,57.5,,trimestral,⭐ AVERAGE,🟡 Average,USD,USD,False,True,True,1.0,,80.0,60.0,24.0,45.0,70.0,15.0,0.0,False,down,8.9,True,1,7.3,True,1,"{'eps_growth_yoy': 8.9, 'op_growth_yoy': 5.1, 'crecimiento_respaldado': True, 'positive_quarters': 4, 'earnings_accelerating': True, 'eps_accel_quarters': 1, 'profit_margin_pct': 10.2, 'score_bruto_sin_capar': 80.0, 'satura': False}","{'revenue_growth_yoy': 7.3, 'revenue_accelerating': True, 'rev_accel_quarters': 1}","{'rs_3m': -15.4, 'rs_6m': -34.4, 'rs_line_percentile': 0.0, 'rs_line_at_new_high': False, 'rs_line_trend': 'down', 'rs_line_score': 15}","{'current_ratio': 0.83, 'operating_margin_pct': 15.1}","{'days_to_earnings': 'N/A', 'recommendation': 'buy', 'analyst_upside_pct': 35.1}",64.05,24381872128,Industrials,Specialty Industrial Machinery,4.8,4.5,False,94.565,-32.3,0,False,-8.9,86.54,105.0,73.0,13.0,buy,35.1,94.8,48.0,95.82,49.6,reportado,múltiplo propio,4.0,0.13,False,,7.05,4.52,,2.75,43.7,1.76,1.52,True,-3.11,,9,,,,,9.1,23.0,2026-10-28,False,True,False,6,NEUTRAL,6.78,171.1,2.45,23.2,1.6,0.07,-21.6,2026-10-05T05:39:15.620548,,,,,,
PEP,"PepsiCo, Inc.",57.5,,trimestral,⭐ AVERAGE,🟡 Average,USD,USD,False,True,True,1.0,,85.0,60.0,24.0,45.0,55.0,15.0,0.0,False,down,136.0,True,1,6.4,True,1,"{'eps_growth_yoy': 136.0, 'op_growth_yoy': 10.2, 'crecimiento_respaldado': False, 'crecimiento_puntuado': 35.2, 'positive_quarters': 4, 'earnings_accelerating': True, 'eps_accel_quarters': 1, 'profit_margin_pct': 10.8, 'score_bruto_sin_capar': 100.0, 'satura': False}","{'revenue_growth_yoy': 6.4, 'revenue_accelerating': True, 'rev_accel_quarters': 1}","{'rs_3m': -15.4, 'rs_6m': -35.4, 'rs_line_percentile': 0.0, 'rs_line_at_new_high': False, 'rs_line_trend': 'down', 'rs_line_score': 15}","{'roe_pct': 51.5, 'debt_to_equity': 2.39, 'current_ratio': 0.93, 'operating_margin_pct': 16.8}","{'days_to_earnings': 'N/A', 'recommendation': 'hold', 'analyst_upside_pct': 18.6}",125.89,171965743104,Consumer Defensive,Beverages - Non-Alcoholic,2.1,3.5,False,171.48,-26.6,0,False,-7.5,149.36,180.0,124.0,22.0,hold,18.6,149.42,18.7,177.83,41.3,reportado,múltiplo propio,4.0,0.18,False,,5.26,6.62,,4.7,75.3,5.92,3.02,False,-0.29,,9,,12.9,Operating Income,12.7,54.8,3.0,2026-10-08,True,True,False,5,NEUTRAL,6.29,40.1,,14.1,0.2,0.01,-13.9,2026-10-05T05:40:54.053519,,,,,,
RELX,RELX PLC,56.7,,anual,⭐ AVERAGE,🟡 Average,USD,GBP,True,True,True,1.0,,75.0,50.0,36.0,50.0,70.0,15.0,13.9,False,down,6.8,False,0,1.7,False,0,"{'eps_growth_yoy': 6.8, 'op_growth_yoy': 5.9, 'crecimiento_respaldado': True, 'positive_quarters': 4, 'earnings_accelerating': False, 'eps_accel_quarters': 0, 'profit_margin_pct': 23.3, 'score_bruto_sin_capar': 75.0, 'satura': False}","{'revenue_growth_yoy': 1.7, 'revenue_accelerating': False, 'rev_accel_quarters': 0}","{'rs_3m': -0.5, 'rs_6m': -15.2, 'rs_line_percentile': 13.9, 'rs_line_at_new_high': False, 'rs_line_trend': 'down', 'rs_line_score': 15}","{'roe_pct': 131.9, 'debt_to_equity': 7.1, 'current_ratio': 0.45, 'operating_margin_pct': 32.0}","{'days_to_earnings': 'N/A', 'recommendation': 'strong_buy', 'analyst_upside_pct': 59.6}",33.42,58091532288,Industrials,Specialty Business Services,0.4,3.2,False,47.22,-29.2,1,False,-4.3,53.35,57.0,49.7,2.0,strong_buy,59.6,49.27,47.4,62.61,87.3,reportado,múltiplo propio,4.0,0.32,False,,5.65,1.89,,2.73,53.6,0.91,1.97,,,,9,,,,,12.2,129.0,2027-02-11,False,True,False,7,NEUTRAL,1.23,1876.1,1.56,35.4,3.1,0.09,-32.3,2026-10-05T05:34:55.570315,,,,,,
INTU,Intuit Inc.,56.0,,trimestral,⭐ AVERAGE,🟡 Average,USD,USD,False,True,True,1.0,,55.0,60.0,24.0,85.0,70.0,15.0,2.9,False,down,-4.7,False,0,13.7,False,0,"{'eps_growth_yoy': -4.7, 'op_growth_yoy': 125.9, 'crecimiento_respaldado': True, 'positive_quarters': 4, 'earnings_accelerating': False, 'eps_accel_quarters': 0, 'profit_margin_pct': 21.3, 'score_bruto_sin_capar': 55.0, 'satura': False}","{'revenue_growth_yoy': 13.7, 'revenue_accelerating': False, 'rev_accel_quarters': 0}","{'rs_3m': -2.8, 'rs_6m': -49.5, 'rs_line_percentile': 2.9, 'rs_line_at_new_high': False, 'rs_line_trend': 'down', 'rs_line_score': 15}","{'roe_pct': 23.6, 'debt_to_equity': 0.44, 'current_ratio': 1.51, 'operating_margin_pct': 17.6}","{'days_to_earnings': 'N/A', 'recommendation': 'buy', 'analyst_upside_pct': 44.3}",281.08,75114692608,Technology,Software - Application,3.0,1.8,False,689.17,-59.2,0,False,-13.1,405.6,732.0,290.0,31.0,buy,44.3,816.88,190.6,,,reportado,,,,,,11.47,32.24,,1.96,29.2,5.52,0.64,True,-3.55,,9,,24.1,Operating Income,24.5,-1.0,45.0,2026-11-19,False,True,False,8,STRONG,8.09,91.1,0.41,41.3,,,,2026-10-05T05:36:47.858235,múltiplo propio 58x fuera del rango 8-45,,,,,
ERIE,Erie Indemnity Company,56.0,,trimestral,⭐ AVERAGE,🟡 Average,USD,USD,False,True,True,0.8833,acciones × precio no cuadra (ratio 0.8833) pero la divisa sí: son clases múltiples. Se usan 52 M de acciones efectivas (capitalización ÷ precio) en vez de las 46 M declaradas,70.0,50.0,24.0,85.0,50.0,15.0,6.4,False,down,3.2,False,0,1.7,False,0,"{'eps_growth_yoy': 3.2, 'positive_quarters': 4, 'earnings_accelerating': False, 'eps_accel_quarters': 0, 'profit_margin_pct': 14.0, 'score_bruto_sin_capar': 70.0, 'satura': False}","{'revenue_growth_yoy': 1.7, 'revenue_accelerating': False, 'rev_accel_quarters': 0}","{'rs_3m': -16.9, 'rs_6m': -29.5, 'rs_line_percentile': 6.4, 'rs_line_at_new_high': False, 'rs_line_trend': 'down', 'rs_line_score': 15}","{'roe_pct': 24.8, 'debt_to_equity': 0.03, 'current_ratio': 1.25, 'operating_margin_pct': 19.1}","{'days_to_earnings': 'N/A', 'recommendation': 'none'}",221.09,11560766464,Financial Services,Insurance Brokers,9.5,8.2,True,330.54,-33.1,0,False,-9.9,,,,,none,,,,399.01,80.5,reportado,múltiplo propio,4.0,0.4,False,,5.04,11.14,,2.65,52.1,5.85,1.68,False,,,7,,,,,1.6,24.0,2026-10-29,False,True,False,4,NEUTRAL,,,0.68,29.6,3.1,0.11,-26.5,2026-10-05T05:37:49.909998,,52289866.0,"Insurance Brokers: el flujo operativo son depósitos, préstamos o primas, no caja libre para el accionista",,,
AJG,Arthur J. Gallagher & Co.,56.0,,trimestral,⭐ AVERAGE,🟡 Average,USD,USD,False,True,True,1.0,,50.0,70.0,36.0,65.0,65.0,15.0,17.2,False,down,-12.0,False,0,24.2,False,0,"{'eps_growth_yoy': -12.0, 'op_growth_yoy': -6.1, 'crecimiento_respaldado': True, 'positive_quarters': 4, 'earnings_accelerating': False, 'eps_accel_quarters': 0, 'profit_margin_pct': 10.4, 'score_bruto_sin_capar': 50.0, 'satura': False}","{'revenue_growth_yoy': 24.2, 'revenue_accelerating': False, 'rev_accel_quarters': 0}","{'rs_3m': -14.2, 'rs_6m': -13.7, 'rs_line_percentile': 17.2, 'rs_line_at_new_high': False, 'rs_line_trend': 'down', 'rs_line_score': 15}","{'roe_pct': 6.7, 'debt_to_equity': 0.59, 'current_ratio': 1.05, 'operating_margin_pct': 19.2}","{'days_to_earnings': 'N/A', 'recommendation': 'buy', 'analyst_upside_pct': 27.5}",226.11,57961263104,Financial Services,Insurance Brokers,2.5,4.7,False,313.09,-27.8,1,False,-9.3,288.39,388.0,250.0,18.0,buy,27.5,,,263.91,16.7,reportado,múltiplo propio,4.0,0.33,False,,3.98,9.0,,1.24,44.8,2.8,0.97,False,-0.67,,9,,4.2,Operating Income,4.1,-10.7,24.0,2026-10-29,False,True,False,6,NEUTRAL,3.62,79.3,4.43,31.5,1.6,0.05,-29.9,2026-10-05T05:38:06.535899,,,"Insurance Brokers: el flujo operativo son depósitos, préstamos o primas, no caja libre para el accionista",,,
IT,"Gartner, Inc.",54.6,,trimestral,⭐ AVERAGE,🟡 Average,USD,USD,False,True,True,1.0,,70.0,30.0,56.6,65.0,50.0,35.0,32.3,False,up,5.4,False,0,-1.5,False,0,"{'eps_growth_yoy': 5.4, 'op_growth_yoy': 11.5, 'crecimiento_respaldado': True, 'positive_quarters': 4, 'earnings_accelerating': False, 'eps_accel_quarters': 0, 'profit_margin_pct': 12.0, 'score_bruto_sin_capar': 70.0, 'satura': False}","{'revenue_growth_yoy': -1.5, 'revenue_accelerating': False, 'rev_accel_quarters': 0}","{'rs_3m': 28.1, 'rs_6m': 1.2, 'rs_line_percentile': 32.3, 'rs_line_at_new_high': False, 'rs_line_trend': 'up', 'rs_line_score': 35}","{'roe_pct': 113.6, 'current_ratio': 0.88, 'operating_margin_pct': 22.6}","{'days_to_earnings': 'N/A', 'recommendation': 'hold', 'analyst_upside_pct': 0.2}",184.8,11669931008,Technology,Information Technology Services,18.6,7.0,True,261.1,-29.2,4,False,1.4,185.15,229.0,150.0,13.0,hold,0.2,366.72,98.4,353.95,91.5,reportado,múltiplo propio,4.0,0.46,False,,10.86,20.07,,,,,,True,-13.93,,9,,9.1,Operating Income,8.5,13.2,29.0,2026-11-03,False,True,False,6,NEUTRAL,8.7,274.6,,60.9,,,,2026-10-05T05:39:52.373599,,,,,,
ZTS,Zoetis Inc.,54.0,,trimestral,⭐ AVERAGE,🟡 Average,USD,USD,False,True,True,1.0,,75.0,40.0,24.0,65.0,70.0,15.0,0.1,False,down,-4.8,True,2,-0.2,True,1,"{'eps_growth_yoy': -4.8, 'op_growth_yoy': 0.2, 'crecimiento_respaldado': True, 'positive_quarters': 4, 'earnings_accelerating': True, 'eps_accel_quarters': 2, 'profit_margin_pct': 27.7, 'score_bruto_sin_capar': 75.0, 'satura': False}","{'revenue_growth_yoy': -0.2, 'revenue_accelerating': True, 'rev_accel_quarters': 1}","{'rs_3m': -11.2, 'rs_6m': -57.8, 'rs_line_percentile': 0.1, 'rs_line_at_new_high': False, 'rs_line_trend': 'down', 'rs_line_score': 15}","{'roe_pct': 64.9, 'debt_to_equity': 2.94, 'current_ratio': 3.08, 'operating_margin_pct': 40.7}","{'days_to_earnings': 'N/A', 'recommendation': 'buy', 'analyst_upside_pct': 37.8}",69.69,28797554688,Healthcare,Drug Manufacturers - Specialty & Generic,4.8,3.8,False,148.3,-53.0,0,False,-6.3,96.0,155.0,80.0,14.0,buy,37.8,142.39,104.3,,,reportado,múltiplo propio,4.0,0.56,False,,7.71,5.37,,3.04,33.9,2.12,0.9,True,-6.24,,9,,15.1,Operating Income,14.7,0.8,31.0,2026-11-05,False,True,False,6,NEUTRAL,9.89,42.3,1.04,19.4,0.4,0.02,-19.0,2026-10-05T05:36:26.682042,"objetivo 183 sobre un precio de 70 (+162%): el BPA no cuadra con el múltiplo histórico, no se publica",,,,,
GVDNY,Givaudan SA,54.0,,anual,⭐ AVERAGE,🟡 Average,USD,CHF,True,True,True,1.0,"FCF declarado (729,783,017) se aparta del derivado de flujo operativo menos capex (1,439,851,627)",50.0,50.0,47.6,70.0,65.0,35.0,32.4,False,flat,-1.7,False,0,0.8,False,0,"{'eps_growth_yoy': -1.7, 'op_growth_yoy': -2.2, 'crecimiento_respaldado': True, 'positive_quarters': 4, 'earnings_accelerating': False, 'eps_accel_quarters': 0, 'profit_margin_pct': 12.9, 'score_bruto_sin_capar': 50.0, 'satura': False}","{'revenue_growth_yoy': 0.8, 'revenue_accelerating': False, 'rev_accel_quarters': 0}","{'rs_3m': -10.0, 'rs_6m': 1.0, 'rs_line_percentile': 32.4, 'rs_line_at_new_high': False, 'rs_line_trend': 'flat', 'rs_line_score': 35}","{'roe_pct': 22.3, 'debt_to_equity': 1.11, 'current_ratio': 1.29, 'operating_margin_pct': 18.8}","{'days_to_earnings': 'N/A', 'recommendation': 'strong_buy', 'analyst_upside_pct': 18.8}",81.19,37474533376,Basic Materials,Specialty Chemicals,,,False,90.69,-10.5,5,False,0.4,96.48,96.48,96.48,1.0,strong_buy,18.8,77.27,-4.8,91.66,12.9,reportado,múltiplo propio,3.0,0.28,True,,3.84,3.12,,2.25,71.3,1.82,1.87,,,,9,,,,,-10.0,114.0,2027-01-27,False,True,False,7,NEUTRAL,3.27,33.7,,26.2,,,,2026-10-05T05:37:04.428062,,,,,,
CHD,"Church & Dwight Co., Inc.",54.0,,trimestral,⭐ AVERAGE,🟡 Average,USD,USD,False,True,True,1.0,,60.0,50.0,36.0,75.0,50.0,15.0,10.5,False,down,-1.7,True,1,0.1,False,0,"{'eps_growth_yoy': -1.7, 'op_growth_yoy': -1.5, 'crecimiento_respaldado': True, 'positive_quarters': 4, 'earnings_accelerating': True, 'eps_accel_quarters': 1, 'profit_margin_pct': 12.0, 'score_bruto_sin_capar': 60.0, 'satura': False}","{'revenue_growth_yoy': 0.1, 'revenue_accelerating': False, 'rev_accel_quarters': 0}","{'rs_3m': -7.6, 'rs_6m': -15.5, 'rs_line_percentile': 10.5, 'rs_line_at_new_high': False, 'rs_line_trend': 'down', 'rs_line_score': 15}","{'roe_pct': 17.0, 'debt_to_equity': 0.56, 'current_ratio': 1.15, 'operating_margin_pct': 18.1}","{'days_to_earnings': 'N/A', 'recommendation': 'none', 'analyst_upside_pct': 11.4}",94.31,22370699264,Consumer Defensive,Household & Personal Products,5.2,5.9,False,106.04,-11.1,4,False,-4.1,105.11,115.0,78.0,19.0,none,11.4,128.21,35.9,93.54,-0.8,reportado,múltiplo propio,3.0,0.61,True,2024-12-31,5.09,4.8,,1.3,38.6,1.23,1.16,True,-3.33,,9,,11.2,Operating Income,10.9,4.5,25.0,2026-10-30,False,True,False,7,NEUTRAL,4.39,116.9,1.09,13.0,0.8,0.06,-12.2,2026-10-05T05:39:36.190690,,,,,,
PG,The Procter & Gamble Company,53.7,,trimestral,⭐ AVERAGE,🟡 Average,USD,USD,False,True,True,1.0,,50.0,60.0,36.0,70.0,60.0,15.0,6.6,False,down,-15.8,False,0,1.5,True,1,"{'eps_growth_yoy': -15.8, 'op_growth_yoy': -9.3, 'crecimiento_respaldado': True, 'positive_quarters': 4, 'earnings_accelerating': False, 'eps_accel_quarters': 0, 'profit_margin_pct': 18.4, 'score_bruto_sin_capar': 50.0, 'satura': False}","{'revenue_growth_yoy': 1.5, 'revenue_accelerating': True, 'rev_accel_quarters': 1}","{'rs_3m': -7.6, 'rs_6m': -14.4, 'rs_line_percentile': 6.6, 'rs_line_at_new_high': False, 'rs_line_trend': 'down', 'rs_line_score': 15}","{'roe_pct': 30.3, 'debt_to_equity': 0.64, 'current_ratio': 0.68, 'operating_margin_pct': 22.1}","{'days_to_earnings': 'N/A', 'recommendation': 'buy', 'analyst_upside_pct': 10.8}",144.91,336833609728,Consumer Defensive,Household & Personal Products,1.0,2.6,False,167.25,-13.4,2,False,-0.6,160.61,186.0,143.0,23.0,buy,10.8,162.81,12.4,156.36,7.9,reportado,múltiplo propio,4.0,0.16,False,,4.5,6.52,,3.0,64.3,4.35,2.49,True,-1.27,,9,,22.5,Operating Income,24.3,-10.8,17.0,2026-10-22,False,True,True,6,NEUTRAL,5.44,77.9,4.97,16.6,,,,2026-10-05T05:36:56.199892,,,,,,
HESAY,Hermès International Société en commandite par actions,53.2,,anual,⭐ AVERAGE,🟡 Average,USD,EUR,True,True,True,1.0,,55.0,50.0,15.0,95.0,70.0,15.0,0.1,False,down,-1.7,False,0,5.5,False,0,"{'eps_growth_yoy': -1.7, 'op_growth_yoy': 7.4, 'crecimiento_respaldado': True, 'positive_quarters': 4, 'earnings_accelerating': False, 'eps_accel_quarters': 0, 'profit_margin_pct': 28.0, 'score_bruto_sin_capar': 55.0, 'satura': False}","{'revenue_growth_yoy': 5.5, 'revenue_accelerating': False, 'rev_accel_quarters': 0}","{'rs_3m': -24.7, 'rs_6m': -41.4, 'rs_line_percentile': 0.1, 'rs_line_at_new_high': False, 'rs_line_trend': 'down', 'rs_line_score': 15}","{'roe_pct': 25.5, 'debt_to_equity': 0.12, 'current_ratio': 4.54, 'operating_margin_pct': 42.2}","{'days_to_earnings': 'N/A', 'recommendation': 'strong_buy', 'analyst_upside_pct': 47.2}",146.29,153226379264,Consumer Cyclical,Luxury Goods,,,False,265.89,-45.0,0,False,-15.1,215.33,230.0,201.0,3.0,strong_buy,47.2,114.33,-21.8,,,reportado,,,,,,3.44,5.03,,1.44,42.1,2.11,0.61,,,,9,,,,,-0.3,129.0,2027-02-11,False,True,False,8,STRONG,4.68,36.8,2.53,27.4,,,,2026-10-05T05:36:10.377511,múltiplo propio 52x fuera del rango 8-45,,,,,
VRSK,"Verisk Analytics, Inc.",53.0,,trimestral,⭐ AVERAGE,🟡 Average,USD,USD,False,True,True,1.0,,55.0,60.0,24.0,65.0,70.0,15.0,2.1,False,down,-9.8,False,0,4.4,True,1,"{'eps_growth_yoy': -9.8, 'op_growth_yoy': 2.7, 'crecimiento_respaldado': True, 'positive_quarters': 4, 'earnings_accelerating': False, 'eps_accel_quarters': 0, 'profit_margin_pct': 28.2, 'score_bruto_sin_capar': 55.0, 'satura': False}","{'revenue_growth_yoy': 4.4, 'revenue_accelerating': True, 'rev_accel_quarters': 1}","{'rs_3m': -17.7, 'rs_6m': -28.2, 'rs_line_percentile': 2.1, 'rs_line_at_new_high': False, 'rs_line_trend': 'down', 'rs_line_score': 15}","{'current_ratio': 1.0, 'operating_margin_pct': 45.1}","{'days_to_earnings': 'N/A', 'recommendation': 'buy', 'analyst_upside_pct': 43.3}",163.88,21471860736,Industrials,Consulting Services,4.1,4.2,False,249.26,-34.3,0,False,-10.8,234.76,260.0,195.0,17.0,buy,43.3,243.45,48.6,222.81,36.0,reportado,múltiplo propio,3.0,0.35,True,2023-12-31,5.86,9.6,,1.22,29.2,2.0,0.63,True,-6.76,,9,,7.0,Operating Income,6.9,-2.4,31.0,2026-11-05,False,True,False,7,NEUTRAL,5.29,113.2,7.26,37.5,3.1,0.08,-34.4,2026-10-05T05:34:51.023390,,,,,,
JKHY,"Jack Henry & Associates, Inc.",52.8,,trimestral,⭐ AVERAGE,🟡 Average,USD,USD,False,True,True,1.0,,50.0,50.0,24.0,90.0,70.0,15.0,17.1,False,down,-12.8,False,0,4.7,False,0,"{'eps_growth_yoy': -12.8, 'op_growth_yoy': -12.2, 'crecimiento_respaldado': True, 'positive_quarters': 4, 'earnings_accelerating': False, 'eps_accel_quarters': 0, 'profit_margin_pct': 19.8, 'score_bruto_sin_capar': 50.0, 'satura': False}","{'revenue_growth_yoy': 4.7, 'revenue_accelerating': False, 'rev_accel_quarters': 0}","{'rs_3m': -5.7, 'rs_6m': -26.5, 'rs_line_percentile': 17.1, 'rs_line_at_new_high': False, 'rs_line_trend': 'down', 'rs_line_score': 15}","{'roe_pct': 24.0, 'debt_to_equity': 0.04, 'current_ratio': 1.17, 'operating_margin_pct': 22.5}","{'days_to_earnings': 'N/A', 'recommendation': 'buy', 'analyst_upside_pct': 33.1}",142.54,9993763840,Technology,Information Technology Services,7.0,4.2,False,193.39,-26.3,1,False,-9.2,189.72,209.0,158.0,18.0,buy,33.1,202.53,42.1,206.3,44.7,reportado,múltiplo propio,4.0,0.41,False,,5.07,7.23,,1.71,34.1,2.44,1.23,True,-2.92,,9,,117.9,Operating Income,122.2,-10.4,29.0,2026-11-03,False,True,False,7,NEUTRAL,6.31,202.7,1.55,31.9,3.1,0.1,-28.8,2026-10-05T05:41:30.891116,,,,,,
MKC,"McCormick & Company, Incorporated",52.8,,trimestral,⭐ AVERAGE,🟡 Average,USD,USD,False,True,True,0.946,acciones × precio no cuadra (ratio 0.9460) pero la divisa sí: son clases múltiples. Se usan 269 M de acciones efectivas (capitalización ÷ precio) en vez de las 255 M declaradas,50.0,70.0,24.0,60.0,65.0,15.0,0.6,False,down,-14.2,False,0,16.7,True,1,"{'eps_growth_yoy': -14.2, 'op_growth_yoy': 30.1, 'crecimiento_respaldado': True, 'positive_quarters': 4, 'earnings_accelerating': False, 'eps_accel_quarters': 0, 'profit_margin_pct': 19.4, 'score_bruto_sin_capar': 50.0, 'satura': False}","{'revenue_growth_yoy': 16.7, 'revenue_accelerating': True, 'rev_accel_quarters': 1}","{'rs_3m': -17.6, 'rs_6m': -27.9, 'rs_line_percentile': 0.6, 'rs_line_at_new_high': False, 'rs_line_trend': 'down', 'rs_line_score': 15}","{'roe_pct': 22.6, 'debt_to_equity': 0.66, 'current_ratio': 0.66, 'operating_margin_pct': 17.8}","{'days_to_earnings': 'N/A', 'recommendation': 'buy', 'analyst_upside_pct': 22.8}",44.67,12019109888,Consumer Defensive,Packaged Foods,,5.9,False,72.41,-38.3,0,False,-13.6,54.85,65.0,47.0,13.0,buy,22.8,86.35,93.3,,,reportado,múltiplo propio,4.0,0.34,False,,7.65,3.42,,4.3,30.9,1.92,2.1,False,-0.11,,9,,5.8,Operating Income,5.5,-40.0,108.0,2027-01-21,False,True,False,6,NEUTRAL,6.32,65.6,2.73,25.7,0.8,0.03,-24.9,2026-10-05T05:41:23.088616,"objetivo 148 sobre un precio de 45 (+232%): el BPA no cuadra con el múltiplo histórico, no se publica",269064470.0,,,,
LRLCY,L'Oréal S.A.,51.7,,anual,⭐ AVERAGE,🟡 Average,USD,EUR,True,True,True,1.0,,50.0,50.0,36.0,70.0,65.0,15.0,0.6,False,down,-4.4,False,0,1.3,False,0,"{'eps_growth_yoy': -4.4, 'op_growth_yoy': 2.4, 'crecimiento_respaldado': True, 'positive_quarters': 4, 'earnings_accelerating': False, 'eps_accel_quarters': 0, 'profit_margin_pct': 13.9, 'score_bruto_sin_capar': 50.0, 'satura': False}","{'revenue_growth_yoy': 1.3, 'revenue_accelerating': False, 'rev_accel_quarters': 0}","{'rs_3m': -8.3, 'rs_6m': -14.5, 'rs_line_percentile': 0.6, 'rs_line_at_new_high': False, 'rs_line_trend': 'down', 'rs_line_score': 15}","{'roe_pct': 19.4, 'debt_to_equity': 0.49, 'current_ratio': 0.97, 'operating_margin_pct': 21.3}","{'days_to_earnings': 'N/A', 'recommendation': 'strong_buy', 'analyst_upside_pct': 23.0}",83.89,223309545472,Consumer Defensive,Household & Personal Products,,,False,95.48,-12.1,3,False,-4.9,103.17,107.0,100.0,3.0,strong_buy,23.0,67.78,-19.2,93.69,11.7,reportado,múltiplo propio,4.0,0.37,False,,3.83,3.21,,2.01,61.2,1.68,1.53,,,,9,,,,,5.4,127.0,2027-02-09,False,True,False,6,NEUTRAL,3.77,70.0,9.38,23.9,,,,2026-10-05T05:38:02.397074,,,,,,
AON,Aon plc,51.0,,trimestral,⭐ AVERAGE,🟡 Average,USD,USD,False,True,True,1.0,,55.0,50.0,15.0,80.0,70.0,15.0,0.0,False,down,-4.8,False,0,2.2,False,0,"{'eps_growth_yoy': -4.8, 'op_growth_yoy': 6.1, 'crecimiento_respaldado': True, 'positive_quarters': 4, 'earnings_accelerating': False, 'eps_accel_quarters': 0, 'profit_margin_pct': 22.3, 'score_bruto_sin_capar': 55.0, 'satura': False}","{'revenue_growth_yoy': 2.2, 'revenue_accelerating': False, 'rev_accel_quarters': 0}","{'rs_3m': -28.1, 'rs_6m': -34.4, 'rs_line_percentile': 0.0, 'rs_line_at_new_high': False, 'rs_line_trend': 'down', 'rs_line_score': 15}","{'roe_pct': 44.7, 'debt_to_equity': 1.63, 'current_ratio': 1.03, 'operating_margin_pct': 23.5}","{'days_to_earnings': 'N/A', 'recommendation': 'buy', 'analyst_upside_pct': 40.0}",269.45,57157201920,Financial Services,Insurance Brokers,1.8,2.5,False,382.34,-29.5,0,False,-18.1,377.11,435.0,264.0,19.0,buy,40.0,,,425.25,57.8,reportado,múltiplo propio,4.0,0.33,False,,5.72,15.41,,1.22,16.8,3.28,0.76,True,-1.56,,9,,6.6,Operating Income,7.7,-2.1,25.0,2026-10-30,False,True,False,8,STRONG,6.54,119.9,1.12,24.2,0.2,0.01,-24.0,2026-10-05T05:37:20.713017,,,"Insurance Brokers: el flujo operativo son depósitos, préstamos o primas, no caja libre para el accionista",,,
EFX,Equifax Inc.,50.5,,trimestral,⭐ AVERAGE,🟡 Average,USD,USD,False,True,True,1.0,,60.0,60.0,15.0,50.0,70.0,15.0,1.1,False,down,-3.9,True,1,10.6,False,0,"{'eps_growth_yoy': -3.9, 'op_growth_yoy': 1.1, 'crecimiento_respaldado': True, 'positive_quarters': 4, 'earnings_accelerating': True, 'eps_accel_quarters': 1, 'profit_margin_pct': 10.7, 'score_bruto_sin_capar': 60.0, 'satura': False}","{'revenue_growth_yoy': 10.6, 'revenue_accelerating': False, 'rev_accel_quarters': 0}","{'rs_3m': -22.8, 'rs_6m': -40.0, 'rs_line_percentile': 1.1, 'rs_line_at_new_high': False, 'rs_line_trend': 'down', 'rs_line_score': 15}","{'roe_pct': 14.3, 'debt_to_equity': 1.21, 'current_ratio': 0.6, 'operating_margin_pct': 17.3}","{'days_to_earnings': 'N/A', 'recommendation': 'buy', 'analyst_upside_pct': 47.9}",140.0,16447885312,Industrials,Consulting Services,7.6,6.4,False,244.37,-42.7,0,False,-19.1,207.05,245.0,148.0,21.0,buy,47.9,131.58,-6.0,,,reportado,,,,,,6.88,9.63,,1.6,37.3,2.24,0.73,True,-4.64,,9,,5.2,Operating Income,5.2,0.7,15.0,2026-10-20,False,True,True,8,STRONG,5.0,56.7,,34.4,,,,2026-10-05T05:43:35.642983,múltiplo propio 46x fuera del rango 8-45,,,,,
NVR,"NVR, Inc.",50.5,,trimestral,⭐ AVERAGE,🟡 Average,USD,USD,False,True,True,1.0,,60.0,40.0,24.0,85.0,50.0,15.0,4.7,False,down,-29.1,True,1,-10.5,True,1,"{'eps_growth_yoy': -29.1, 'op_growth_yoy': -27.0, 'crecimiento_respaldado': True, 'positive_quarters': 4, 'earnings_accelerating': True, 'eps_accel_quarters': 1, 'profit_margin_pct': 11.8, 'score_bruto_sin_capar': 60.0, 'satura': False}","{'revenue_growth_yoy': -10.5, 'revenue_accelerating': True, 'rev_accel_quarters': 1}","{'rs_3m': -13.6, 'rs_6m': -28.1, 'rs_line_percentile': 4.7, 'rs_line_at_new_high': False, 'rs_line_trend': 'down', 'rs_line_score': 15}","{'roe_pct': 31.5, 'debt_to_equity': 0.32, 'current_ratio': 5.67, 'operating_margin_pct': 13.9}","{'days_to_earnings': 'N/A', 'recommendation': 'hold', 'analyst_upside_pct': 7.5}",5993.85,15972771840,Consumer Cyclical,Residential Construction,7.5,3.8,False,8200.0,-26.9,0,False,-4.6,6441.17,7400.0,5058.0,6.0,hold,7.5,6920.87,15.5,6014.14,0.3,reportado,múltiplo propio,4.0,0.47,False,,6.52,390.8,,,,,,True,-8.42,,9,,49.8,Operating Income,52.9,-9.0,16.0,2026-10-21,False,True,True,5,NEUTRAL,10.58,38.9,,22.7,,,,2026-10-05T05:44:40.357398,,,,,,
SXYAY,Sika AG,50.0,,anual,⭐ AVERAGE,🟡 Average,USD,CHF,True,True,True,1.0,"FCF declarado (1,234,124,032) se aparta del derivado de flujo operativo menos capex (1,647,205,940)",45.0,30.0,65.1,70.0,55.0,60.0,53.0,False,up,-16.2,False,0,-4.8,False,0,"{'eps_growth_yoy': -16.2, 'op_growth_yoy': -11.1, 'crecimiento_respaldado': True, 'positive_quarters': 4, 'earnings_accelerating': False, 'eps_accel_quarters': 0, 'profit_margin_pct': 9.4, 'score_bruto_sin_capar': 45.0, 'satura': False}","{'revenue_growth_yoy': -4.8, 'revenue_accelerating': False, 'rev_accel_quarters': 0}","{'rs_3m': 2.3, 'rs_6m': 18.6, 'rs_line_percentile': 53.0, 'rs_line_at_new_high': False, 'rs_line_trend': 'up', 'rs_line_score': 60}","{'roe_pct': 16.0, 'debt_to_equity': 0.89, 'current_ratio': 1.3, 'operating_margin_pct': 14.3}","{'days_to_earnings': 'N/A', 'recommendation': 'none', 'analyst_upside_pct': 15.6}",22.19,35601469440,Basic Materials,Specialty Chemicals,,,False,24.21,-8.3,6,False,-2.6,25.65,26.3,25.0,2.0,none,15.6,14.06,-36.6,24.58,10.8,reportado,múltiplo propio,4.0,0.58,False,,4.63,1.03,,2.08,57.2,0.46,1.3,,,,9,,,,,-0.3,,,False,False,False,7,NEUTRAL,3.71,45.8,,26.3,,,,2026-10-05T05:39:23.532550,,,,,,
VCISY,Vinci SA,49.8,,anual,⚠️ WEAK,🔴 Weak,USD,EUR,True,True,True,1.0,,65.0,50.0,24.0,50.0,55.0,15.0,1.7,False,down,0.8,False,0,4.0,False,0,"{'eps_growth_yoy': 0.8, 'op_growth_yoy': 5.0, 'crecimiento_respaldado': True, 'positive_quarters': 4, 'earnings_accelerating': False, 'eps_accel_quarters': 0, 'profit_margin_pct': 6.7, 'score_bruto_sin_capar': 65.0, 'satura': False}","{'revenue_growth_yoy': 4.0, 'revenue_accelerating': False, 'rev_accel_quarters': 0}","{'rs_3m': -17.2, 'rs_6m': -36.5, 'rs_line_percentile': 1.7, 'rs_line_at_new_high': False, 'rs_line_trend': 'down', 'rs_line_score': 15}","{'roe_pct': 16.3, 'debt_to_equity': 1.21, 'current_ratio': 0.82, 'operating_margin_pct': 11.2}","{'days_to_earnings': 'N/A', 'recommendation': 'none', 'analyst_upside_pct': 29.0}",30.1,66503929856,Industrials,Engineering & Construction,,,False,42.1,-28.5,0,False,-10.1,38.83,42.0,36.28,3.0,none,29.0,115.36,283.3,33.66,11.8,reportado,múltiplo propio,4.0,0.34,False,,14.62,4.4,,4.85,55.6,1.46,3.58,,,,9,,,,,5.4,123.0,2027-02-05,False,True,False,7,NEUTRAL,9.36,54.0,1.98,22.7,,,,2026-10-05T05:42:29.277726,,,,,,
ABT,Abbott Laboratories,49.3,,trimestral,⚠️ WEAK,🔴 Weak,USD,USD,False,True,True,1.0,,50.0,50.0,24.0,70.0,65.0,15.0,17.1,False,down,-18.7,False,0,7.8,False,0,"{'eps_growth_yoy': -18.7, 'op_growth_yoy': -20.6, 'crecimiento_respaldado': True, 'positive_quarters': 4, 'earnings_accelerating': False, 'eps_accel_quarters': 0, 'profit_margin_pct': 11.6, 'score_bruto_sin_capar': 50.0, 'satura': False}","{'revenue_growth_yoy': 7.8, 'revenue_accelerating': False, 'rev_accel_quarters': 0}","{'rs_3m': -0.7, 'rs_6m': -20.8, 'rs_line_percentile': 17.1, 'rs_line_at_new_high': False, 'rs_line_trend': 'down', 'rs_line_score': 15}","{'roe_pct': 10.6, 'debt_to_equity': 0.63, 'current_ratio': 1.38, 'operating_margin_pct': 14.7}","{'days_to_earnings': 'N/A', 'recommendation': 'strong_buy', 'analyst_upside_pct': 23.7}",97.5,169826779136,Healthcare,Medical Devices,1.3,2.5,False,135.24,-27.9,1,False,-8.7,120.58,135.0,103.0,25.0,strong_buy,23.7,101.5,4.1,80.2,-17.7,reportado,múltiplo propio,3.0,0.73,True,2023-12-31,4.55,4.44,,2.58,78.7,2.52,1.84,False,-0.46,,9,,14.4,Operating Income,16.2,-47.5,16.0,2026-10-21,False,True,True,6,NEUTRAL,4.1,37.8,,18.0,,,,2026-10-05T05:39:48.539562,,,,,,
ESLOY,EssilorLuxottica Société anonyme,49.2,,anual,⚠️ WEAK,🔴 Weak,USD,EUR,True,True,True,1.0,,45.0,70.0,15.0,55.0,70.0,15.0,0.2,False,down,-1.9,False,0,7.5,True,2,"{'eps_growth_yoy': -1.9, 'op_growth_yoy': -2.0, 'crecimiento_respaldado': True, 'positive_quarters': 4, 'earnings_accelerating': False, 'eps_accel_quarters': 0, 'profit_margin_pct': 8.5, 'score_bruto_sin_capar': 45.0, 'satura': False}","{'revenue_growth_yoy': 7.5, 'revenue_accelerating': True, 'rev_accel_quarters': 2}","{'rs_3m': -22.4, 'rs_6m': -43.1, 'rs_line_percentile': 0.2, 'rs_line_at_new_high': False, 'rs_line_trend': 'down', 'rs_line_score': 15}","{'roe_pct': 6.7, 'debt_to_equity': 0.38, 'current_ratio': 0.89, 'operating_margin_pct': 15.4}","{'days_to_earnings': 'N/A', 'recommendation': 'strong_buy', 'analyst_upside_pct': 76.1}",80.65,73992929280,Healthcare,Medical Instruments & Supplies,,,False,186.81,-56.8,0,False,-10.6,142.0,145.0,139.0,2.0,strong_buy,76.1,116.86,44.9,128.82,59.7,reportado,múltiplo propio,4.0,0.66,False,,5.93,4.78,,2.87,74.2,2.32,1.41,,,,9,,,,,6.2,,,False,False,False,4,NEUTRAL,3.83,33.3,17.38,26.9,,,,2026-10-05T05:41:02.032967,,,,,,
TEVA,Teva Pharmaceutical Industries Limited,48.2,,trimestral,⚠️ WEAK,🔴 Weak,USD,USD,False,True,True,1.0,,38.0,40.0,82.7,25.0,65.0,95.0,93.4,False,up,-304.3,False,0,-0.8,True,1,"{'eps_growth_yoy': -304.3, 'op_growth_yoy': -83.4, 'crecimiento_respaldado': True, 'positive_quarters': 3, 'earnings_accelerating': False, 'eps_accel_quarters': 0, 'profit_margin_pct': 4.1, 'score_bruto_sin_capar': 38.0, 'satura': False}","{'revenue_growth_yoy': -0.8, 'revenue_accelerating': True, 'rev_accel_quarters': 1}","{'rs_3m': 10.9, 'rs_6m': 15.2, 'rs_line_percentile': 93.4, 'rs_line_at_new_high': False, 'rs_line_trend': 'up', 'rs_line_score': 95}","{'roe_pct': 9.7, 'debt_to_equity': 2.18, 'current_ratio': 0.88, 'operating_margin_pct': 4.0}","{'days_to_earnings': 'N/A', 'recommendation': 'buy', 'analyst_upside_pct': 15.1}",39.53,46103543808,Healthcare,Drug Manufacturers - Specialty & Generic,2.7,57.4,False,40.79,-3.1,8,True,7.0,45.5,55.0,40.0,8.0,buy,15.1,29.29,-25.9,,,normalizado,,,,,,3.03,1.2,,,,,1.79,False,,,9,,3.6,Operating Income,1.8,,29.0,2026-11-03,False,True,False,8,STRONG,6.66,80.4,0.43,30.6,1.6,0.05,-29.0,2026-10-05T05:45:29.142476,sin histórico de múltiplo (beneficio negativo o pocos años),,,tasa fiscal efectiva 1.7% — el beneficio del periodo no es representativo,,
WMT,Walmart Inc.,48.0,,trimestral,⚠️ WEAK,🔴 Weak,USD,USD,False,True,True,1.0,,45.0,60.0,24.0,55.0,65.0,15.0,3.2,False,down,-9.4,False,0,5.9,True,1,"{'eps_growth_yoy': -9.4, 'op_growth_yoy': 28.8, 'crecimiento_respaldado': True, 'positive_quarters': 4, 'earnings_accelerating': False, 'eps_accel_quarters': 0, 'profit_margin_pct': 3.0, 'score_bruto_sin_capar': 45.0, 'satura': False}","{'revenue_growth_yoy': 5.9, 'revenue_accelerating': True, 'rev_accel_quarters': 1}","{'rs_3m': -9.5, 'rs_6m': -34.8, 'rs_line_percentile': 3.2, 'rs_line_at_new_high': False, 'rs_line_trend': 'down', 'rs_line_score': 15}","{'roe_pct': 22.3, 'debt_to_equity': 0.72, 'current_ratio': 0.77, 'operating_margin_pct': 3.5}","{'days_to_earnings': 'N/A', 'recommendation': 'buy', 'analyst_upside_pct': 21.6}",104.26,827172388864,Consumer Defensive,Discount Stores,1.8,2.9,False,135.16,-22.9,1,False,-4.1,126.78,155.0,81.0,40.0,buy,21.6,,,99.95,-4.1,reportado,múltiplo propio,4.0,0.42,False,,1.97,2.05,,0.95,35.0,0.99,1.14,False,-0.47,,9,,13.7,Operating Income,13.4,-9.1,45.0,2026-11-19,False,True,False,7,NEUTRAL,3.32,19.0,1.34,22.1,,,,2026-10-05T05:37:37.584987,,,"el capex se lleva el 62% del flujo operativo: lo que queda no es lo que gana el dueño, es lo que sobra tras decidir invertir",,,
CL,Colgate-Palmolive Company,47.3,,trimestral,⚠️ WEAK,🔴 Weak,USD,USD,False,True,True,1.0,,38.0,50.0,36.0,65.0,65.0,15.0,1.6,False,down,-6.7,False,0,4.9,False,0,"{'eps_growth_yoy': -6.7, 'op_growth_yoy': -5.9, 'crecimiento_respaldado': True, 'positive_quarters': 3, 'earnings_accelerating': False, 'eps_accel_quarters': 0, 'profit_margin_pct': 9.7, 'score_bruto_sin_capar': 38.0, 'satura': False}","{'revenue_growth_yoy': 4.9, 'revenue_accelerating': False, 'rev_accel_quarters': 0}","{'rs_3m': -14.0, 'rs_6m': -16.5, 'rs_line_percentile': 1.6, 'rs_line_at_new_high': False, 'rs_line_trend': 'down', 'rs_line_score': 15}","{'roe_pct': 267.4, 'debt_to_equity': 13.88, 'current_ratio': 1.03, 'operating_margin_pct': 21.0}","{'days_to_earnings': 'N/A', 'recommendation': 'buy', 'analyst_upside_pct': 17.0}",84.26,67169783808,Consumer Defensive,Household & Personal Products,2.6,4.2,False,99.33,-15.2,4,False,-6.0,98.6,110.0,87.0,20.0,buy,17.0,128.68,52.7,71.74,-14.9,reportado,múltiplo propio,4.0,0.32,False,,5.79,4.88,,2.52,82.3,2.12,2.32,True,-1.41,,9,,15.9,Operating Income,12.5,-3.8,25.0,2026-10-30,False,True,False,5,NEUTRAL,5.73,90.8,2.82,13.3,,,,2026-10-05T05:40:29.350676,,,,,,
LEN,Lennar Corporation,46.8,,trimestral,⚠️ WEAK,🔴 Weak,USD,USD,False,True,True,0.8738,acciones × precio no cuadra (ratio 0.8738) pero la divisa sí: son clases múltiples. Se usan 241 M de acciones efectivas (capitalización ÷ precio) en vez de las 211 M declaradas,55.0,40.0,24.0,70.0,50.0,15.0,3.6,False,down,-36.2,True,1,-5.2,True,1,"{'eps_growth_yoy': -36.2, 'op_growth_yoy': -35.4, 'crecimiento_respaldado': True, 'positive_quarters': 4, 'earnings_accelerating': True, 'eps_accel_quarters': 1, 'profit_margin_pct': 4.1, 'score_bruto_sin_capar': 55.0, 'satura': False}","{'revenue_growth_yoy': -5.2, 'revenue_accelerating': True, 'rev_accel_quarters': 1}","{'rs_3m': -10.6, 'rs_6m': -26.3, 'rs_line_percentile': 3.6, 'rs_line_at_new_high': False, 'rs_line_trend': 'down', 'rs_line_score': 15}","{'roe_pct': 6.0, 'debt_to_equity': 0.28, 'current_ratio': 10.13, 'operating_margin_pct': 5.7}","{'days_to_earnings': 'N/A', 'recommendation': 'hold', 'analyst_upside_pct': -1.0}",79.81,19225839616,Consumer Cyclical,Residential Construction,10.1,6.1,True,133.76,-40.3,0,False,-4.7,79.0,120.0,63.0,14.0,hold,-1.0,32.91,-58.8,50.83,-36.3,reportado,múltiplo propio,4.0,1.11,True,,3.89,3.1,,2.44,31.4,2.0,1.41,True,-6.98,,9,,,,,-9.6,71.0,2026-12-15,False,True,False,4,NEUTRAL,11.44,11.2,,38.9,0.4,0.01,-38.5,2026-10-05T05:45:09.215812,,240895121.0,,,,
LPX,Louisiana-Pacific Corporation,46.2,,trimestral,⚠️ WEAK,🔴 Weak,USD,USD,False,True,True,1.0,"FCF declarado (-21,000,000) se aparta del derivado de flujo operativo menos capex (-33,000,000)",38.0,50.0,24.0,70.0,70.0,15.0,0.8,False,down,-51.9,False,0,-12.1,True,2,"{'eps_growth_yoy': -51.9, 'op_growth_yoy': -64.4, 'crecimiento_respaldado': True, 'positive_quarters': 3, 'earnings_accelerating': False, 'eps_accel_quarters': 0, 'profit_margin_pct': 2.2, 'score_bruto_sin_capar': 38.0, 'satura': False}","{'revenue_growth_yoy': -12.1, 'revenue_accelerating': True, 'rev_accel_quarters': 2}","{'rs_3m': -15.8, 'rs_6m': -26.4, 'rs_line_percentile': 0.8, 'rs_line_at_new_high': False, 'rs_line_trend': 'down', 'rs_line_score': 15}","{'roe_pct': 3.1, 'debt_to_equity': 0.22, 'current_ratio': 3.22, 'operating_margin_pct': 5.3}","{'days_to_earnings': 'N/A', 'recommendation': 'buy', 'analyst_upside_pct': 41.4}",65.1,4552013824,Industrials,Building Products & Equipment,11.8,7.8,True,100.34,-35.1,0,False,-7.4,92.07,107.0,74.0,14.0,buy,41.4,,,,,reportado,,,,,,-0.72,-0.47,,1.84,150.6,1.2,1.26,False,0.0,,9,,7.4,Operating Income,6.1,-51.8,30.0,2026-11-04,False,True,False,5,NEUTRAL,5.51,11.5,,27.7,,,,2026-10-05T05:45:04.895534,los P/E históricos se separan 2.0x la mediana: el ancla la decidiría un año suelto,,"el capex se lleva el 113% del flujo operativo: lo que queda no es lo que gana el dueño, es lo que sobra tras decidir invertir",,,
KR,The Kroger Co.,45.7,,trimestral,⚠️ WEAK,🔴 Weak,USD,USD,False,True,True,1.0,,58.0,50.0,24.0,30.0,65.0,15.0,10.2,False,flat,5.3,False,0,2.0,False,0,"{'eps_growth_yoy': 5.3, 'op_growth_yoy': 12.5, 'crecimiento_respaldado': True, 'positive_quarters': 3, 'earnings_accelerating': False, 'eps_accel_quarters': 0, 'profit_margin_pct': 0.7, 'score_bruto_sin_capar': 58.0, 'satura': False}","{'revenue_growth_yoy': 2.0, 'revenue_accelerating': False, 'rev_accel_quarters': 0}","{'rs_3m': -1.7, 'rs_6m': -35.6, 'rs_line_percentile': 10.2, 'rs_line_at_new_high': False, 'rs_line_trend': 'flat', 'rs_line_score': 15}","{'roe_pct': 14.4, 'debt_to_equity': 4.13, 'current_ratio': 0.7, 'operating_margin_pct': 3.0}","{'days_to_earnings': 'N/A', 'recommendation': 'buy', 'analyst_upside_pct': 15.4}",59.03,34862448640,Consumer Defensive,Grocery Stores,5.0,4.4,False,76.58,-22.9,2,False,1.7,68.14,85.0,57.0,22.0,buy,15.4,,,,,reportado,,,,,,8.18,4.83,,2.64,77.8,1.56,2.0,True,-8.57,,9,,3.2,Operating Income,3.0,10.7,59.0,2026-12-03,False,True,False,7,NEUTRAL,3.3,6.1,,30.9,,,,2026-10-05T05:44:24.186694,los P/E históricos se separan 1.7x la mediana: el ancla la decidiría un año suelto,,"el capex se lleva el 57% del flujo operativo: lo que queda no es lo que gana el dueño, es lo que sobra tras decidir invertir",,,
KHC,The Kraft Heinz Company,45.5,,trimestral,⚠️ WEAK,🔴 Weak,USD,USD,False,True,True,1.0,,58.0,40.0,24.0,55.0,50.0,15.0,0.0,False,down,,False,0,-1.4,True,1,"{'positive_quarters': 3, 'earnings_accelerating': False, 'eps_accel_quarters': 0, 'profit_margin_pct': -13.6, 'score_bruto_sin_capar': 58.0, 'satura': False}","{'revenue_growth_yoy': -1.4, 'revenue_accelerating': True, 'rev_accel_quarters': 1}","{'rs_3m': -14.1, 'rs_6m': -20.0, 'rs_line_percentile': 0.0, 'rs_line_at_new_high': False, 'rs_line_trend': 'down', 'rs_line_score': 15}","{'roe_pct': -8.8, 'debt_to_equity': 0.53, 'current_ratio': 1.06, 'operating_margin_pct': 15.5}","{'days_to_earnings': 'N/A', 'recommendation': 'hold', 'analyst_upside_pct': 14.8}",22.19,26313428992,Consumer Defensive,Packaged Foods,11.0,4.2,True,28.09,-21.0,4,False,-10.3,25.47,41.0,19.0,18.0,hold,14.8,55.32,149.3,,,reportado,,,,,,14.52,3.22,,7.21,73.1,1.6,4.88,False,0.08,,9,,4.4,Operating Income,4.6,,23.0,2026-10-28,False,True,False,5,NEUTRAL,10.84,53.5,5.68,18.3,,,,2026-10-05T05:44:20.169602,,,,,,
TLC.AX,The Lottery Corporation Limited,42.8,,anual,⚠️ WEAK,🔴 Weak,AUD,AUD,False,True,True,1.0,"FCF declarado (1,410,349,952) se aparta del derivado de flujo operativo menos capex (317,900,000)",45.0,40.0,30.0,45.0,65.0,,,,,-22.1,False,0,-4.6,True,1,"{'eps_growth_yoy': -22.1, 'op_growth_yoy': -6.8, 'crecimiento_respaldado': True, 'positive_quarters': 4, 'earnings_accelerating': False, 'eps_accel_quarters': 0, 'profit_margin_pct': 7.9, 'score_bruto_sin_capar': 45.0, 'satura': False}","{'revenue_growth_yoy': -4.6, 'revenue_accelerating': True, 'rev_accel_quarters': 1}","{'rs_3m': -15.0, 'rs_6m': -30.2}","{'roe_pct': 97.2, 'debt_to_equity': 9.48, 'current_ratio': 0.36, 'operating_margin_pct': 16.5}","{'days_to_earnings': 'N/A', 'recommendation': 'buy', 'analyst_upside_pct': 18.5}",4.77,10616931328,Consumer Cyclical,Gambling,,,False,5.8,-17.8,2,False,-5.9,5.65,6.4,5.0,15.0,buy,18.5,3.45,-27.7,4.52,-5.2,reportado,múltiplo propio,4.0,0.55,False,,2.99,0.14,,3.5,128.9,0.17,,,,,7,,,,,-28.8,134.0,2027-02-17,False,True,False,3,NEUTRAL,4.53,317.5,11.09,16.4,,,,2026-10-05T05:42:16.549745,,,,,,
GPK,Graphic Packaging Holding Company,41.0,,trimestral,⚠️ WEAK,🔴 Weak,USD,USD,False,True,True,1.0,"FCF declarado (189,000,000) se aparta del derivado de flujo operativo menos capex (-129,000,000)",48.0,30.0,24.0,55.0,60.0,15.0,0.0,False,down,-76.9,True,1,-0.7,False,0,"{'eps_growth_yoy': -76.9, 'op_growth_yoy': -51.0, 'crecimiento_respaldado': True, 'positive_quarters': 3, 'earnings_accelerating': True, 'eps_accel_quarters': 1, 'profit_margin_pct': 2.2, 'score_bruto_sin_capar': 48.0, 'satura': False}","{'revenue_growth_yoy': -0.7, 'revenue_accelerating': False, 'rev_accel_quarters': 0}","{'rs_3m': -18.7, 'rs_6m': -23.9, 'rs_line_percentile': 0.0, 'rs_line_at_new_high': False, 'rs_line_trend': 'down', 'rs_line_score': 15}","{'roe_pct': 6.0, 'debt_to_equity': 1.76, 'current_ratio': 1.38, 'operating_margin_pct': 4.5}","{'days_to_earnings': 'N/A', 'recommendation': 'hold', 'analyst_upside_pct': 36.1}",8.78,2597891328,Consumer Cyclical,Packaging & Containers,9.0,4.5,True,19.38,-54.7,0,False,-16.7,11.95,18.0,9.0,11.0,hold,36.1,,,7.18,-18.2,reportado,múltiplo propio,4.0,0.21,False,,-4.97,-0.44,,5.01,66.7,0.44,1.71,True,-1.62,,9,,2.4,Operating Income,2.0,-30.6,29.0,2026-11-03,False,True,False,5,NEUTRAL,10.44,13.3,,37.5,12.5,0.33,-25.0,2026-10-05T05:45:40.762289,,,"el capex se lleva el 116% del flujo operativo: lo que queda no es lo que gana el dueño, es lo que sobra tras decidir invertir",,,
CHTR,"Charter Communications, Inc.",40.5,,trimestral,⚠️ WEAK,🔴 Weak,USD,USD,False,True,True,0.8807,acciones × precio no cuadra (ratio 0.8807) pero la divisa sí: son clases múltiples. Se usan 130 M de acciones efectivas (capitalización ÷ precio) en vez de las 114 M declaradas,55.0,30.0,15.0,50.0,60.0,15.0,0.0,False,down,-0.7,True,1,-1.7,False,0,"{'eps_growth_yoy': -0.7, 'op_growth_yoy': -7.3, 'crecimiento_respaldado': True, 'positive_quarters': 4, 'earnings_accelerating': True, 'eps_accel_quarters': 1, 'profit_margin_pct': 9.1, 'score_bruto_sin_capar': 55.0, 'satura': False}","{'revenue_growth_yoy': -1.7, 'revenue_accelerating': False, 'rev_accel_quarters': 0}","{'rs_3m': -24.0, 'rs_6m': -67.7, 'rs_line_percentile': 0.0, 'rs_line_at_new_high': False, 'rs_line_trend': 'down', 'rs_line_score': 15}","{'roe_pct': 27.2, 'debt_to_equity': 4.42, 'current_ratio': 0.36, 'operating_margin_pct': 23.5}","{'days_to_earnings': 'N/A', 'recommendation': 'hold', 'analyst_upside_pct': 60.2}",109.29,14203066368,Communication Services,Telecom Services,38.8,5.2,True,284.6,-61.6,0,False,-22.1,175.11,380.0,68.0,19.0,hold,60.2,,,,,reportado,múltiplo propio,4.0,0.69,False,,27.46,30.01,18.9,,,,,True,-14.42,,9,,2.6,Operating Income,2.5,6.4,25.0,2026-10-30,False,True,False,7,NEUTRAL,11.67,28.7,0.41,48.2,,,,2026-10-05T05:44:36.346473,"objetivo 400 sobre un precio de 109 (+266%): el BPA no cuadra con el múltiplo histórico, no se publica",129957602.0,"el capex se lleva el 71% del flujo operativo: lo que queda no es lo que gana el dueño, es lo que sobra tras decidir invertir",,,
KD,"Kyndryl Holdings, Inc.",33.0,,trimestral,⚠️ WEAK,🔴 Weak,USD,USD,False,True,True,1.0,,38.0,30.0,24.0,25.0,55.0,15.0,2.3,False,down,-198.2,False,0,-3.3,False,0,"{'eps_growth_yoy': -198.2, 'op_growth_yoy': -28.0, 'crecimiento_respaldado': True, 'positive_quarters': 3, 'earnings_accelerating': False, 'eps_accel_quarters': 0, 'profit_margin_pct': 0.6, 'score_bruto_sin_capar': 38.0, 'satura': False}","{'revenue_growth_yoy': -3.3, 'revenue_accelerating': False, 'rev_accel_quarters': 0}","{'rs_3m': -9.9, 'rs_6m': -27.9, 'rs_line_percentile': 2.3, 'rs_line_at_new_high': False, 'rs_line_trend': 'down', 'rs_line_score': 15}","{'roe_pct': 6.9, 'debt_to_equity': 4.22, 'current_ratio': 0.85, 'operating_margin_pct': 2.9}","{'days_to_earnings': 'N/A', 'recommendation': 'none', 'analyst_upside_pct': 22.8}",11.56,2517979136,Technology,Information Technology Services,14.4,8.8,True,30.99,-62.7,0,False,-10.2,14.2,16.0,13.0,5.0,none,22.8,,,,,normalizado,,,,,,6.12,0.71,,,,,,True,-7.74,,9,,5.7,Operating Income,3.4,,29.0,2026-11-03,False,True,False,6,NEUTRAL,11.67,18.8,0.15,50.9,3.1,0.06,-47.8,2026-10-05T05:46:01.853731,sin histórico de múltiplo (beneficio negativo o pocos años),,"el capex se lleva el 80% del flujo operativo: lo que queda no es lo que gana el dueño, es lo que sobra tras decidir invertir",tasa fiscal efectiva 65.2% — el beneficio del periodo no es representativo,,
