ticker,company_name,fundamental_score,tier,quality,price_currency,financial_currency,fx_applied,fx_reliable,per_share_reliable,shares_price_ratio,coherence_issues,earnings_quality_score,growth_acceleration_score,relative_strength_score,financial_health_score,catalyst_timing_score,rs_line_score,rs_line_percentile,rs_line_at_new_high,rs_line_trend,eps_growth_yoy,eps_accelerating,eps_accel_quarters,rev_growth_yoy,rev_accelerating,rev_accel_quarters,earnings_details,growth_details,rs_details,health_details,catalyst_details,current_price,market_cap,sector,industry,short_percent_float,short_ratio,short_squeeze_potential,fifty_two_week_high,proximity_to_52w_high,trend_template_score,trend_template_pass,target_price_analyst,target_price_analyst_high,target_price_analyst_low,analyst_count,analyst_recommendation,analyst_upside_pct,target_price_dcf,target_price_dcf_upside_pct,target_price_pe,target_price_pe_upside_pct,fcf_yield_pct,fcf_per_share,dividend_yield_pct,payout_ratio_pct,dividend_rate,five_yr_avg_dividend_yield_pct,buyback_active,shares_change_pct,interest_coverage,analyst_revision_momentum,days_to_earnings,earnings_date,earnings_warning,earnings_catalyst,piotroski_score,piotroski_label,ebit_ev_yield,roic_greenblatt,peg_ratio,hv_30d,atm_iv,iv_ratio,iv_premium_pts,analyzed_at
CVX,Chevron Corporation,83.1,🏆 ELITE,🟢 Elite,USD,USD,False,True,True,1.0,,100.0,100.0,46.7,85.0,60.0,35.0,34.3,False,flat,241.1,True,2,39.5,True,2,"{'eps_growth_yoy': 241.1, 'positive_quarters': 4, 'earnings_accelerating': True, 'eps_accel_quarters': 2, 'profit_margin_pct': 9.8}","{'revenue_growth_yoy': 39.5, 'revenue_accelerating': True, 'rev_accel_quarters': 2}","{'rs_3m': 2.7, 'rs_6m': -4.3, 'rs_line_percentile': 34.3, 'rs_line_at_new_high': False, 'rs_line_trend': 'flat', 'rs_line_score': 35}","{'roe_pct': 12.2, 'debt_to_equity': 0.19, 'current_ratio': 1.25, 'operating_margin_pct': 21.9}","{'days_to_earnings': 'N/A', 'recommendation': 'buy', 'analyst_upside_pct': 9.7}",197.7,387808985088,Energy,Oil & Gas Integrated,1.0,2.5,False,214.71,-7.9,6,False,216.96,236.0,175.0,24.0,buy,9.7,474.19,139.9,311.4,57.5,5.66,11.18,3.62,67.2,7.12,3.99,True,-2.87,22.5,321.9,77.0,2026-10-30,False,False,5,NEUTRAL,4.97,9.3,0.05,27.3,1.6,0.06,-25.7,2026-08-14T05:46:49.368291
VEEV,Veeva Systems Inc.,81.8,🏆 ELITE,🟢 Elite,USD,USD,False,True,True,1.0,,100.0,80.0,65.0,85.0,60.0,35.0,46.6,False,up,30.3,True,1,11.9,True,2,"{'eps_growth_yoy': 30.3, 'positive_quarters': 4, 'earnings_accelerating': True, 'eps_accel_quarters': 1, 'profit_margin_pct': 28.4}","{'revenue_growth_yoy': 11.9, 'revenue_accelerating': True, 'rev_accel_quarters': 2}","{'rs_3m': 57.5, 'rs_6m': 32.1, 'rs_line_percentile': 46.6, 'rs_line_at_new_high': False, 'rs_line_trend': 'up', 'rs_line_score': 35}","{'roe_pct': 13.9, 'debt_to_equity': 0.01, 'current_ratio': 4.74, 'operating_margin_pct': 30.9}","{'days_to_earnings': 'N/A', 'recommendation': 'buy', 'analyst_upside_pct': -3.4}",252.64,41039675392,Healthcare,Health Information Services,4.9,4.2,False,310.5,-18.6,4,False,244.14,350.0,165.0,28.0,buy,-3.4,183.94,-27.2,86.29,-65.8,3.07,7.75,,,,,True,-0.55,,14.6,12.0,2026-08-26,False,True,7,NEUTRAL,2.71,14.1,1.73,42.6,,,,2026-08-14T05:41:57.885973
INTU,Intuit Inc.,79.0,⭐⭐⭐ EXCELLENT,🟢 Excellent,USD,USD,False,True,True,1.0,"FCF declarado (5,232,000,000) se aparta del derivado de flujo operativo menos capex (7,764,000,000)",100.0,100.0,24.0,85.0,65.0,15.0,15.0,False,up,704.2,True,2,123.4,True,2,"{'eps_growth_yoy': 704.2, 'positive_quarters': 4, 'earnings_accelerating': True, 'eps_accel_quarters': 2, 'profit_margin_pct': 21.9}","{'revenue_growth_yoy': 123.4, 'revenue_accelerating': True, 'rev_accel_quarters': 2}","{'rs_3m': -9.1, 'rs_6m': -24.1, 'rs_line_percentile': 15.0, 'rs_line_at_new_high': False, 'rs_line_trend': 'up', 'rs_line_score': 15}","{'roe_pct': 22.5, 'debt_to_equity': 0.33, 'current_ratio': 1.45, 'operating_margin_pct': 47.0}","{'days_to_earnings': 'N/A', 'recommendation': 'buy', 'analyst_upside_pct': 26.0}",358.29,98005573632,Technology,Software - Application,5.1,2.8,False,721.54,-50.3,2,False,451.32,921.0,250.0,33.0,buy,26.0,387.99,8.3,187.89,-47.6,5.34,19.13,1.43,28.3,4.8,0.67,True,-4.17,24.8,10.7,11.0,2026-08-25,False,True,9,STRONG,5.18,97.0,1.23,48.5,0.4,0.01,-48.1,2026-08-14T05:40:54.083693
HEI,HEICO Corporation,78.6,⭐⭐⭐ EXCELLENT,🟢 Excellent,USD,USD,False,True,False,0.3953,"acciones × precio no cuadra con la capitalización (ratio 0.3953): el dato por acción y el precio no están en la misma unidad — típico de ADR. Los ratios por acción (EPS, FCF/acción, DCF) no son utilizables",100.0,70.0,63.0,90.0,50.0,60.0,72.1,False,up,31.8,True,1,19.9,True,1,"{'eps_growth_yoy': 31.8, 'positive_quarters': 4, 'earnings_accelerating': True, 'eps_accel_quarters': 1, 'profit_margin_pct': 16.1}","{'revenue_growth_yoy': 19.9, 'revenue_accelerating': True, 'rev_accel_quarters': 1}","{'rs_3m': 20.8, 'rs_6m': -1.6, 'rs_line_percentile': 72.1, 'rs_line_at_new_high': False, 'rs_line_trend': 'up', 'rs_line_score': 60}","{'roe_pct': 17.2, 'debt_to_equity': 0.48, 'current_ratio': 2.92, 'operating_margin_pct': 25.5}","{'days_to_earnings': 'N/A', 'recommendation': 'none', 'analyst_upside_pct': 4.3}",371.56,51920945152,Industrials,Aerospace & Defense,1.4,1.6,False,376.86,-1.4,8,True,387.53,472.0,290.0,19.0,none,4.3,,,,,1.36,12.82,0.07,4.3,0.25,0.1,False,,9.0,24.1,11.0,2026-08-25,False,True,8,STRONG,1.86,52.3,1.11,22.8,,,,2026-08-14T05:43:51.086598
MSFT,Microsoft Corporation,78.5,⭐⭐⭐ EXCELLENT,🟢 Excellent,USD,USD,False,True,True,1.0,"FCF declarado (16,545,500,160) se aparta del derivado de flujo operativo menos capex (66,986,994,944)",100.0,70.0,53.9,95.0,60.0,35.0,47.7,False,up,28.9,True,1,15.9,True,1,"{'eps_growth_yoy': 28.9, 'positive_quarters': 4, 'earnings_accelerating': True, 'eps_accel_quarters': 1, 'profit_margin_pct': 40.3}","{'revenue_growth_yoy': 15.9, 'revenue_accelerating': True, 'rev_accel_quarters': 1}","{'rs_3m': 17.4, 'rs_6m': 9.4, 'rs_line_percentile': 47.7, 'rs_line_at_new_high': False, 'rs_line_trend': 'up', 'rs_line_score': 35}","{'roe_pct': 34.0, 'debt_to_equity': 0.29, 'current_ratio': 1.23, 'operating_margin_pct': 45.1}","{'days_to_earnings': 'N/A', 'recommendation': 'strong_buy', 'analyst_upside_pct': 14.2}",496.88,3689605234688,Technology,Software - Infrastructure,1.1,2.2,False,553.72,-10.3,4,False,567.2,870.0,400.0,53.0,strong_buy,14.2,94.49,-81.0,544.2,9.5,0.45,2.23,0.74,19.8,3.64,0.79,True,-0.6,55.4,31.7,75.0,2026-10-28,False,False,6,NEUTRAL,4.52,44.9,0.66,60.2,,,,2026-08-14T05:40:36.329652
NUE,Nucor Corporation,78.3,⭐⭐⭐ EXCELLENT,🟢 Excellent,USD,USD,False,True,True,1.0,"FCF declarado (669,000,000) se aparta del derivado de flujo operativo menos capex (1,002,000,000)",85.0,70.0,86.3,80.0,60.0,95.0,94.4,False,up,23.2,True,1,12.3,True,1,"{'eps_growth_yoy': 23.2, 'positive_quarters': 4, 'earnings_accelerating': True, 'eps_accel_quarters': 1, 'profit_margin_pct': 8.0}","{'revenue_growth_yoy': 12.3, 'revenue_accelerating': True, 'rev_accel_quarters': 1}","{'rs_3m': 13.0, 'rs_6m': 30.3, 'rs_line_percentile': 94.4, 'rs_line_at_new_high': False, 'rs_line_trend': 'up', 'rs_line_score': 95}","{'roe_pct': 14.5, 'debt_to_equity': 0.31, 'current_ratio': 2.51, 'operating_margin_pct': 15.7}","{'days_to_earnings': 'N/A', 'recommendation': 'buy', 'analyst_upside_pct': 4.1}",272.29,61775982592,Basic Materials,Steel,2.1,2.6,False,280.11,-2.8,8,True,283.56,305.0,231.0,16.0,buy,4.1,125.05,-54.1,375.9,38.1,1.08,2.95,0.82,17.8,2.24,1.41,True,-0.85,23.8,93.8,73.0,2026-10-26,False,False,6,NEUTRAL,4.04,11.9,0.15,36.3,,,,2026-08-14T05:47:34.843663
WST,"West Pharmaceutical Services, Inc.",77.7,⭐⭐⭐ EXCELLENT,🟢 Excellent,USD,USD,False,True,True,1.0,"FCF declarado (277,937,504) se aparta del derivado de flujo operativo menos capex (376,300,000)",100.0,50.0,72.3,95.0,65.0,60.0,70.6,False,up,10.0,True,2,8.4,False,0,"{'eps_growth_yoy': 10.0, 'positive_quarters': 4, 'earnings_accelerating': True, 'eps_accel_quarters': 2, 'profit_margin_pct': 17.0}","{'revenue_growth_yoy': 8.4, 'revenue_accelerating': False, 'rev_accel_quarters': 0}","{'rs_3m': 11.2, 'rs_6m': 27.5, 'rs_line_percentile': 70.6, 'rs_line_at_new_high': False, 'rs_line_trend': 'up', 'rs_line_score': 60}","{'roe_pct': 19.1, 'debt_to_equity': 0.11, 'current_ratio': 2.82, 'operating_margin_pct': 22.5}","{'days_to_earnings': 'N/A', 'recommendation': 'strong_buy', 'analyst_upside_pct': 16.9}",346.16,24361273344,Healthcare,Medical Instruments & Supplies,4.2,3.0,False,386.0,-10.3,8,True,404.73,459.0,340.0,15.0,strong_buy,16.9,107.46,-69.0,139.01,-59.8,1.14,3.95,0.25,11.1,0.88,0.25,True,-1.88,155.1,18.1,69.0,2026-10-22,False,False,7,NEUTRAL,2.48,19.0,1.92,32.4,0.8,0.02,-31.6,2026-08-14T05:42:46.764030
THC,Tenet Healthcare Corporation,77.2,⭐⭐⭐ EXCELLENT,🟢 Excellent,USD,USD,False,True,True,1.0,"FCF declarado (2,247,875,072) se aparta del derivado de flujo operativo menos capex (3,005,000,064)",100.0,60.0,74.6,75.0,60.0,80.0,89.1,False,up,141.5,False,0,14.2,False,0,"{'eps_growth_yoy': 141.5, 'positive_quarters': 4, 'earnings_accelerating': False, 'eps_accel_quarters': 0, 'profit_margin_pct': 10.3}","{'revenue_growth_yoy': 14.2, 'revenue_accelerating': False, 'rev_accel_quarters': 0}","{'rs_3m': 30.3, 'rs_6m': 0.2, 'rs_line_percentile': 89.1, 'rs_line_at_new_high': False, 'rs_line_trend': 'up', 'rs_line_score': 80}","{'roe_pct': 37.3, 'debt_to_equity': 1.52, 'current_ratio': 1.41, 'operating_margin_pct': 18.2}","{'days_to_earnings': 'N/A', 'recommendation': 'strong_buy', 'analyst_upside_pct': 5.6}",267.05,21502597120,Healthcare,Medical Care Facilities,4.7,2.2,False,270.57,-1.3,8,True,282.0,309.0,260.0,21.0,strong_buy,5.6,1183.92,343.3,777.0,191.0,10.45,27.92,,,,2.75,True,-7.68,5.7,213.4,74.0,2026-10-27,False,False,6,NEUTRAL,9.89,33.4,0.06,69.4,0.8,0.01,-68.6,2026-08-14T05:48:24.226406
RACE,Ferrari N.V.,77.1,⭐⭐⭐ EXCELLENT,🟢 Excellent,USD,EUR,True,True,True,1.0,"FCF declarado (1,155,966,349) se aparta del derivado de flujo operativo menos capex (1,835,499,157)",100.0,70.0,50.3,90.0,60.0,35.0,28.4,False,up,21.2,True,2,9.7,True,2,"{'eps_growth_yoy': 21.2, 'positive_quarters': 4, 'earnings_accelerating': True, 'eps_accel_quarters': 2, 'profit_margin_pct': 22.2}","{'revenue_growth_yoy': 9.7, 'revenue_accelerating': True, 'rev_accel_quarters': 2}","{'rs_3m': 19.5, 'rs_6m': -5.9, 'rs_line_percentile': 28.4, 'rs_line_at_new_high': False, 'rs_line_trend': 'up', 'rs_line_score': 35}","{'roe_pct': 45.4, 'debt_to_equity': 0.86, 'current_ratio': 2.43, 'operating_margin_pct': 31.1}","{'days_to_earnings': 'N/A', 'recommendation': 'strong_buy', 'analyst_upside_pct': 11.1}",412.29,72466087936,Consumer Cyclical,Auto Manufacturers,2.8,7.0,False,504.49,-18.3,5,False,458.07,531.06,398.57,14.0,strong_buy,11.1,130.19,-68.4,109.48,-73.4,1.6,6.58,1.04,39.0,4.23,0.68,True,-1.1,63.9,10.1,81.0,2026-11-03,False,False,9,STRONG,2.83,46.9,3.23,30.7,,,,2026-08-14T05:43:18.780220
BR,"Broadridge Financial Solutions, Inc.",77.0,⭐⭐⭐ EXCELLENT,🟢 Excellent,USD,USD,False,True,True,1.0,,100.0,80.0,42.3,80.0,65.0,15.0,17.2,False,up,140.7,True,1,39.7,False,0,"{'eps_growth_yoy': 140.7, 'positive_quarters': 4, 'earnings_accelerating': True, 'eps_accel_quarters': 1, 'profit_margin_pct': 15.0}","{'revenue_growth_yoy': 39.7, 'revenue_accelerating': False, 'rev_accel_quarters': 0}","{'rs_3m': 16.7, 'rs_6m': -12.5, 'rs_line_percentile': 17.2, 'rs_line_at_new_high': False, 'rs_line_trend': 'up', 'rs_line_score': 15}","{'roe_pct': 40.9, 'debt_to_equity': 1.24, 'current_ratio': 1.24, 'operating_margin_pct': 24.6}","{'days_to_earnings': 'N/A', 'recommendation': 'buy', 'analyst_upside_pct': 22.7}",172.24,19920986112,Technology,Information Technology Services,4.0,4.0,False,265.37,-35.1,1,False,211.38,250.0,165.0,8.0,buy,22.7,190.66,10.7,97.7,-43.3,6.0,10.33,2.58,40.6,4.36,1.68,True,-3.03,13.9,5.9,81.0,2026-11-03,False,False,8,STRONG,6.84,211.6,1.77,42.5,,,,2026-08-14T05:40:23.291857
POOL,Pool Corporation,76.6,⭐⭐⭐ EXCELLENT,🟢 Excellent,USD,USD,False,True,True,1.0,"FCF declarado (212,930,256) se aparta del derivado de flujo operativo menos capex (310,312,016)",100.0,90.0,30.3,80.0,60.0,15.0,8.9,False,up,48.1,True,2,25.6,True,2,"{'eps_growth_yoy': 48.1, 'positive_quarters': 4, 'earnings_accelerating': True, 'eps_accel_quarters': 2, 'profit_margin_pct': 7.4}","{'revenue_growth_yoy': 25.6, 'revenue_accelerating': True, 'rev_accel_quarters': 2}","{'rs_3m': 11.0, 'rs_6m': -38.9, 'rs_line_percentile': 8.9, 'rs_line_at_new_high': False, 'rs_line_trend': 'up', 'rs_line_score': 15}","{'roe_pct': 31.3, 'debt_to_equity': 1.35, 'current_ratio': 2.67, 'operating_margin_pct': 15.1}","{'days_to_earnings': 'N/A', 'recommendation': 'buy', 'analyst_upside_pct': 9.9}",200.57,7288864256,Industrials,Industrial Distribution,11.6,4.0,True,336.15,-40.3,1,False,220.36,260.0,185.0,11.0,buy,9.9,86.21,-57.0,109.5,-45.4,2.92,5.86,2.61,46.4,5.2,1.26,True,-3.77,16.2,,69.0,2026-10-22,False,False,5,NEUTRAL,6.48,34.5,2.27,45.8,,,,2026-08-14T05:47:25.553631
OXY,Occidental Petroleum Corporation,76.0,⭐⭐⭐ EXCELLENT,🟢 Excellent,USD,USD,False,True,True,1.0,,100.0,70.0,52.4,80.0,60.0,35.0,35.7,False,down,259.2,True,2,21.8,False,0,"{'eps_growth_yoy': 259.2, 'positive_quarters': 3, 'earnings_accelerating': True, 'eps_accel_quarters': 2, 'profit_margin_pct': 30.3}","{'revenue_growth_yoy': 21.8, 'revenue_accelerating': False, 'rev_accel_quarters': 0}","{'rs_3m': -2.3, 'rs_6m': 13.2, 'rs_line_percentile': 35.7, 'rs_line_at_new_high': False, 'rs_line_trend': 'down', 'rs_line_score': 35}","{'roe_pct': 10.6, 'debt_to_equity': 0.35, 'current_ratio': 1.41, 'operating_margin_pct': 45.4}","{'days_to_earnings': 'N/A', 'recommendation': 'buy', 'analyst_upside_pct': 14.5}",57.7,57679077376,Energy,Oil & Gas E&P,0.0,0.0,False,67.45,-14.5,7,True,66.09,79.0,55.0,23.0,buy,14.5,160.71,178.5,100.2,73.7,6.57,3.79,1.91,29.5,1.12,1.14,True,-0.2,6.2,675.4,87.0,2026-11-09,False,False,4,NEUTRAL,5.36,6.4,0.02,37.2,0.8,0.02,-36.4,2026-08-14T05:46:36.616556
CBOE,"Cboe Global Markets, Inc.",75.0,⭐⭐⭐ EXCELLENT,🟢 Excellent,USD,USD,False,True,True,1.0,"FCF declarado (678,249,984) se aparta del derivado de flujo operativo menos capex (1,891,800,000)",85.0,90.0,35.0,100.0,50.0,35.0,35.0,False,flat,17.4,False,0,26.4,True,2,"{'eps_growth_yoy': 17.4, 'positive_quarters': 4, 'earnings_accelerating': False, 'eps_accel_quarters': 0, 'profit_margin_pct': 26.7}","{'revenue_growth_yoy': 26.4, 'revenue_accelerating': True, 'rev_accel_quarters': 2}","{'rs_3m': -22.4, 'rs_6m': -6.0, 'rs_line_percentile': 35.0, 'rs_line_at_new_high': False, 'rs_line_trend': 'flat', 'rs_line_score': 35}","{'roe_pct': 26.3, 'debt_to_equity': 0.28, 'current_ratio': 1.56, 'operating_margin_pct': 34.6}","{'days_to_earnings': 'N/A', 'recommendation': 'hold', 'analyst_upside_pct': 8.4}",293.08,30606641152,Financial Services,Financial Data & Stock Exchanges,3.0,2.9,False,371.18,-21.0,5,False,317.71,380.0,258.0,14.0,hold,8.4,275.43,-6.0,387.6,32.3,2.22,6.49,0.99,22.4,2.88,1.29,True,-0.25,36.6,20.1,77.0,2026-10-30,False,False,8,STRONG,5.43,70.3,0.38,37.7,,,,2026-08-14T05:46:01.080712
BRK-B,Berkshire Hathaway Inc.,74.7,⭐⭐⭐ EXCELLENT,🟢 Excellent,USD,USD,False,True,False,0.6577,"acciones × precio no cuadra con la capitalización (ratio 0.6577): el dato por acción y el precio no están en la misma unidad — típico de ADR. Los ratios por acción (EPS, FCF/acción, DCF) no son utilizables | FCF declarado (71,975,247,872) se aparta del derivado de flujo operativo menos capex (25,707",100.0,70.0,38.7,90.0,60.0,15.0,17.7,False,up,107.5,True,1,19.2,True,1,"{'eps_growth_yoy': 107.5, 'positive_quarters': 4, 'earnings_accelerating': True, 'eps_accel_quarters': 1, 'profit_margin_pct': 22.3}","{'revenue_growth_yoy': 19.2, 'revenue_accelerating': True, 'rev_accel_quarters': 1}","{'rs_3m': 0.5, 'rs_6m': -13.4, 'rs_line_percentile': 17.7, 'rs_line_at_new_high': False, 'rs_line_trend': 'up', 'rs_line_score': 15}","{'roe_pct': 12.1, 'debt_to_equity': 0.17, 'current_ratio': 2.89, 'operating_margin_pct': 32.6}","{'days_to_earnings': 'N/A', 'recommendation': 'buy', 'analyst_upside_pct': 4.9}",506.93,1085189980160,Financial Services,Insurance - Diversified,1.0,2.3,False,537.74,-5.7,5,False,531.67,604.0,481.0,3.0,buy,4.9,,,,,6.63,51.12,,,,,True,-0.41,18.5,75.5,85.0,2026-11-07,False,False,4,NEUTRAL,,,0.22,17.3,,,,2026-08-14T05:43:31.339354
CDNS,"Cadence Design Systems, Inc.",74.7,⭐⭐⭐ EXCELLENT,🟢 Excellent,USD,USD,False,True,True,1.0,,100.0,70.0,36.0,90.0,65.0,15.0,14.1,False,down,27.8,True,1,18.3,True,1,"{'eps_growth_yoy': 27.8, 'positive_quarters': 4, 'earnings_accelerating': True, 'eps_accel_quarters': 1, 'profit_margin_pct': 23.6}","{'revenue_growth_yoy': 18.3, 'revenue_accelerating': True, 'rev_accel_quarters': 1}","{'rs_3m': -12.5, 'rs_6m': -2.5, 'rs_line_percentile': 14.1, 'rs_line_at_new_high': False, 'rs_line_trend': 'down', 'rs_line_score': 15}","{'roe_pct': 23.2, 'debt_to_equity': 0.39, 'current_ratio': 1.74, 'operating_margin_pct': 28.6}","{'days_to_earnings': 'N/A', 'recommendation': 'strong_buy', 'analyst_upside_pct': 24.7}",323.77,89300942848,Technology,Software - Application,2.2,2.6,False,416.69,-22.3,3,False,403.67,470.0,300.0,26.0,strong_buy,24.7,247.5,-23.6,151.5,-53.2,1.8,5.84,,,,,True,-1.14,15.6,125.4,73.0,2026-10-26,False,False,7,NEUTRAL,1.81,44.0,0.27,45.2,,,,2026-08-14T05:44:04.326459
HHH,Howard Hughes Holdings Inc.,74.6,⭐⭐⭐ EXCELLENT,🟢 Excellent,USD,USD,False,True,True,1.0,"FCF declarado (-1,133,985,280) se aparta del derivado de flujo operativo menos capex (783,653,000)",100.0,90.0,26.7,65.0,70.0,15.0,7.8,False,up,32.5,True,2,187.6,True,1,"{'eps_growth_yoy': 32.5, 'positive_quarters': 4, 'earnings_accelerating': True, 'eps_accel_quarters': 2, 'profit_margin_pct': 12.3}","{'revenue_growth_yoy': 187.6, 'revenue_accelerating': True, 'rev_accel_quarters': 1}","{'rs_3m': 0.5, 'rs_6m': -31.0, 'rs_line_percentile': 7.8, 'rs_line_at_new_high': False, 'rs_line_trend': 'up', 'rs_line_score': 15}","{'roe_pct': 7.5, 'debt_to_equity': 1.35, 'current_ratio': 3.48, 'operating_margin_pct': 28.4}","{'days_to_earnings': 'N/A', 'recommendation': 'buy', 'analyst_upside_pct': 32.4}",67.71,4043711232,Real Estate,Real Estate - Development,9.0,8.1,True,91.07,-25.7,0,False,89.67,100.0,79.0,3.0,buy,32.4,,,153.9,127.3,-28.04,-18.99,,,,,False,,3.2,,87.0,2026-11-09,False,False,6,NEUTRAL,4.83,14.6,,28.7,3.1,0.11,-25.6,2026-08-14T05:48:10.525750
IDXX,"IDEXX Laboratories, Inc.",74.6,⭐⭐⭐ EXCELLENT,🟢 Excellent,USD,USD,False,True,True,1.0,"FCF declarado (909,368,384) se aparta del derivado de flujo operativo menos capex (1,233,284,016)",100.0,80.0,26.7,85.0,65.0,15.0,5.4,False,down,23.2,True,2,10.1,True,2,"{'eps_growth_yoy': 23.2, 'positive_quarters': 4, 'earnings_accelerating': True, 'eps_accel_quarters': 2, 'profit_margin_pct': 25.0}","{'revenue_growth_yoy': 10.1, 'revenue_accelerating': True, 'rev_accel_quarters': 2}","{'rs_3m': 2.2, 'rs_6m': -22.9, 'rs_line_percentile': 5.4, 'rs_line_at_new_high': False, 'rs_line_trend': 'down', 'rs_line_score': 15}","{'roe_pct': 74.2, 'debt_to_equity': 0.68, 'current_ratio': 1.17, 'operating_margin_pct': 35.0}","{'days_to_earnings': 'N/A', 'recommendation': 'buy', 'analyst_upside_pct': 23.3}",566.93,44721139712,Healthcare,Diagnostics & Research,2.8,3.2,False,769.98,-26.4,1,False,698.92,805.0,470.0,13.0,buy,23.3,307.65,-45.7,248.51,-56.2,2.03,11.53,,,,,True,-2.63,38.7,12.3,80.0,2026-11-02,False,False,8,STRONG,2.99,120.0,1.92,28.7,0.4,0.01,-28.3,2026-08-14T05:41:08.610234
G24.DE,Scout24 SE,74.2,⭐⭐⭐ EXCELLENT,🟢 Excellent,EUR,EUR,False,True,True,1.0,,100.0,70.0,50.0,65.0,70.0,,,,,61.9,True,1,20.0,True,1,"{'eps_growth_yoy': 61.9, 'positive_quarters': 4, 'earnings_accelerating': True, 'eps_accel_quarters': 1, 'profit_margin_pct': 38.9}","{'revenue_growth_yoy': 20.0, 'revenue_accelerating': True, 'rev_accel_quarters': 1}","{'rs_3m': nan, 'rs_6m': nan}","{'roe_pct': 22.8, 'debt_to_equity': 0.59, 'current_ratio': 0.23, 'operating_margin_pct': 43.4}","{'days_to_earnings': 'N/A', 'recommendation': 'buy', 'analyst_upside_pct': 39.1}",76.1,5299621376,Communication Services,Internet Content & Information,,,False,116.3,-34.6,0,False,105.85,140.0,80.0,18.0,buy,39.1,159.71,109.9,119.1,56.5,4.95,3.77,1.96,37.8,1.5,1.52,,,28.2,66.7,82.0,2026-11-04,False,False,6,NEUTRAL,4.78,635.9,0.24,47.0,,,,2026-08-14T05:46:27.378249
BAC,Bank of America Corporation,74.2,⭐⭐⭐ EXCELLENT,🟢 Excellent,USD,USD,False,True,True,1.0,,95.0,60.0,74.6,65.0,60.0,80.0,88.2,False,up,20.6,True,1,14.4,False,0,"{'eps_growth_yoy': 20.6, 'positive_quarters': 4, 'earnings_accelerating': True, 'eps_accel_quarters': 1, 'profit_margin_pct': 29.5}","{'revenue_growth_yoy': 14.4, 'revenue_accelerating': False, 'rev_accel_quarters': 0}","{'rs_3m': 25.0, 'rs_6m': 8.6, 'rs_line_percentile': 88.2, 'rs_line_at_new_high': False, 'rs_line_trend': 'up', 'rs_line_score': 80}","{'roe_pct': 11.2, 'operating_margin_pct': 38.3}","{'days_to_earnings': 'N/A', 'recommendation': 'buy', 'analyst_upside_pct': 7.3}",64.09,448165216256,Financial Services,Banks - Diversified,0.0,0.0,False,65.2,-1.7,8,True,68.77,75.0,62.0,22.0,buy,7.3,76.49,19.3,128.4,100.3,2.81,1.8,1.98,25.9,1.28,2.35,True,-5.61,,34.1,61.0,2026-10-14,False,False,5,NEUTRAL,,,0.35,15.6,,,,2026-08-14T05:46:40.667797
TT,Trane Technologies plc,73.8,⭐⭐⭐ EXCELLENT,🟢 Excellent,USD,USD,False,True,True,1.0,,90.0,80.0,44.0,80.0,60.0,35.0,47.4,False,flat,9.1,True,2,10.6,True,2,"{'eps_growth_yoy': 9.1, 'positive_quarters': 4, 'earnings_accelerating': True, 'eps_accel_quarters': 2, 'profit_margin_pct': 13.3}","{'revenue_growth_yoy': 10.6, 'revenue_accelerating': True, 'rev_accel_quarters': 2}","{'rs_3m': -4.8, 'rs_6m': -10.6, 'rs_line_percentile': 47.4, 'rs_line_at_new_high': False, 'rs_line_trend': 'flat', 'rs_line_score': 35}","{'roe_pct': 36.6, 'debt_to_equity': 0.53, 'current_ratio': 1.07, 'operating_margin_pct': 19.3}","{'days_to_earnings': 'N/A', 'recommendation': 'buy', 'analyst_upside_pct': 10.0}",477.69,105102876672,Industrials,Building Products & Equipment,1.4,2.5,False,505.87,-5.6,7,True,525.28,575.0,422.0,21.0,buy,10.0,248.18,-48.0,133.8,-72.0,2.97,14.19,0.88,29.7,4.2,1.19,True,-1.29,18.0,5.0,76.0,2026-10-29,False,False,9,STRONG,3.6,102.0,3.85,29.7,0.4,0.01,-29.3,2026-08-14T05:44:38.344788
JNJ,Johnson & Johnson,73.6,⭐⭐⭐ EXCELLENT,🟢 Excellent,USD,USD,False,True,True,1.0,,95.0,60.0,56.7,85.0,60.0,60.0,63.1,False,up,7.4,True,2,5.5,True,1,"{'eps_growth_yoy': 7.4, 'positive_quarters': 4, 'earnings_accelerating': True, 'eps_accel_quarters': 2, 'profit_margin_pct': 21.5}","{'revenue_growth_yoy': 5.5, 'revenue_accelerating': True, 'rev_accel_quarters': 1}","{'rs_3m': 10.0, 'rs_6m': -6.4, 'rs_line_percentile': 63.1, 'rs_line_at_new_high': False, 'rs_line_trend': 'up', 'rs_line_score': 60}","{'roe_pct': 25.7, 'debt_to_equity': 0.58, 'current_ratio': 1.09, 'operating_margin_pct': 29.2}","{'days_to_earnings': 'N/A', 'recommendation': 'buy', 'analyst_upside_pct': 4.0}",262.08,631586160640,Healthcare,Drug Manufacturers - General,1.2,3.2,False,274.9,-4.7,7,True,272.5,305.0,190.0,22.0,buy,4.0,103.1,-60.7,86.5,-67.0,2.67,7.01,2.05,60.8,5.36,2.77,True,-1.28,25.9,-0.9,60.0,2026-10-13,False,False,4,NEUTRAL,5.08,136.0,,20.1,,,,2026-08-14T05:45:56.243722
NDAQ,"Nasdaq, Inc.",72.8,⭐⭐⭐ EXCELLENT,🟢 Excellent,USD,USD,False,True,True,1.0,,85.0,80.0,50.3,75.0,60.0,35.0,49.2,False,up,19.9,False,0,29.3,True,1,"{'eps_growth_yoy': 19.9, 'positive_quarters': 4, 'earnings_accelerating': False, 'eps_accel_quarters': 0, 'profit_margin_pct': 35.0}","{'revenue_growth_yoy': 29.3, 'revenue_accelerating': True, 'rev_accel_quarters': 1}","{'rs_3m': 3.5, 'rs_6m': 9.6, 'rs_line_percentile': 49.2, 'rs_line_at_new_high': False, 'rs_line_trend': 'up', 'rs_line_score': 35}","{'roe_pct': 16.5, 'debt_to_equity': 0.78, 'current_ratio': 1.01, 'operating_margin_pct': 49.3}","{'days_to_earnings': 'N/A', 'recommendation': 'buy', 'analyst_upside_pct': 12.8}",97.59,54550597632,Financial Services,Financial Data & Stock Exchanges,2.2,2.0,False,101.79,-4.1,4,False,110.07,135.0,84.0,15.0,buy,12.8,70.38,-27.9,48.36,-50.4,3.1,3.03,1.21,32.7,1.16,1.28,True,-2.39,8.3,14.1,69.0,2026-10-22,False,False,9,STRONG,3.95,205.3,1.48,22.6,1.6,0.07,-21.0,2026-08-14T05:44:29.741545
KO,The Coca-Cola Company,72.3,⭐⭐⭐ EXCELLENT,🟢 Excellent,USD,USD,False,True,True,1.0,"FCF declarado (5,218,749,952) se aparta del derivado de flujo operativo menos capex (14,229,999,616)",85.0,70.0,56.7,80.0,60.0,60.0,61.2,False,up,19.7,False,0,7.4,True,2,"{'eps_growth_yoy': 19.7, 'positive_quarters': 4, 'earnings_accelerating': False, 'eps_accel_quarters': 0, 'profit_margin_pct': 28.6}","{'revenue_growth_yoy': 7.4, 'revenue_accelerating': True, 'rev_accel_quarters': 2}","{'rs_3m': 5.1, 'rs_6m': -2.6, 'rs_line_percentile': 61.2, 'rs_line_at_new_high': False, 'rs_line_trend': 'up', 'rs_line_score': 60}","{'roe_pct': 42.1, 'debt_to_equity': 1.16, 'current_ratio': 1.3, 'operating_margin_pct': 34.9}","{'days_to_earnings': 'N/A', 'recommendation': 'buy', 'analyst_upside_pct': 8.3}",87.42,376128831488,Consumer Defensive,Beverages - Non-Alcoholic,1.1,2.6,False,90.92,-3.8,7,True,94.7,104.0,75.0,23.0,buy,8.3,31.5,-64.0,56.78,-35.0,1.39,1.21,2.44,62.5,2.12,2.87,True,-0.25,12.0,16.9,67.0,2026-10-20,False,False,7,NEUTRAL,4.35,91.1,1.47,27.7,,,,2026-08-14T05:40:40.833380
MRSH,"Marsh & McLennan Companies, Inc.",72.1,⭐⭐⭐ EXCELLENT,🟢 Excellent,USD,USD,False,True,True,1.0,,100.0,60.0,50.3,80.0,50.0,35.0,28.6,False,up,69.5,False,0,16.6,False,0,"{'eps_growth_yoy': 69.5, 'positive_quarters': 4, 'earnings_accelerating': False, 'eps_accel_quarters': 0, 'profit_margin_pct': 14.2}","{'revenue_growth_yoy': 16.6, 'revenue_accelerating': False, 'rev_accel_quarters': 0}","{'rs_3m': 14.3, 'rs_6m': -4.7, 'rs_line_percentile': 28.6, 'rs_line_at_new_high': False, 'rs_line_trend': 'up', 'rs_line_score': 35}","{'roe_pct': 25.9, 'debt_to_equity': 1.45, 'current_ratio': 1.14, 'operating_margin_pct': 26.3}","{'days_to_earnings': 'N/A', 'recommendation': 'none', 'analyst_upside_pct': 8.9}",188.69,90044997632,Financial Services,Insurance Brokers,1.6,2.8,False,213.8,-11.7,4,False,205.52,238.0,180.0,21.0,none,8.9,176.87,-6.3,81.9,-56.6,5.31,10.03,2.1,44.0,3.96,1.46,True,-3.23,6.6,3.6,62.0,2026-10-15,False,False,6,NEUTRAL,5.86,146.7,2.27,30.8,0.8,0.03,-30.0,2026-08-14T05:39:53.198085
EQIX,"Equinix, Inc.",71.8,⭐⭐⭐ EXCELLENT,🟢 Excellent,USD,USD,False,True,True,1.0,"FCF declarado (3,776,000,000) se aparta del derivado de flujo operativo menos capex (-368,999,872)",90.0,70.0,54.0,70.0,60.0,60.0,62.8,False,down,28.1,False,0,13.3,True,1,"{'eps_growth_yoy': 28.1, 'positive_quarters': 4, 'earnings_accelerating': False, 'eps_accel_quarters': 0, 'profit_margin_pct': 15.5}","{'revenue_growth_yoy': 13.3, 'revenue_accelerating': True, 'rev_accel_quarters': 1}","{'rs_3m': -4.3, 'rs_6m': -1.5, 'rs_line_percentile': 62.8, 'rs_line_at_new_high': False, 'rs_line_trend': 'down', 'rs_line_score': 60}","{'roe_pct': 10.7, 'debt_to_equity': 1.62, 'current_ratio': 1.13, 'operating_margin_pct': 27.0}","{'days_to_earnings': 'N/A', 'recommendation': 'buy', 'analyst_upside_pct': 14.2}",1073.78,105951690752,Real Estate,REIT - Specialty,2.2,3.2,False,1128.68,-4.9,7,True,1225.76,1350.0,1060.0,29.0,buy,14.2,1554.22,44.7,448.42,-58.2,3.56,38.27,1.93,126.8,20.64,1.86,False,,4.0,28.8,75.0,2026-10-28,False,False,6,NEUTRAL,1.59,7.8,1.97,33.7,,,,2026-08-14T05:45:00.707413
CP,Canadian Pacific Kansas City Limited,71.6,⭐⭐⭐ EXCELLENT,🟢 Excellent,USD,CAD,True,True,True,1.0,"FCF declarado (1,567,958,309) se aparta del derivado de flujo operativo menos capex (813,364,824)",95.0,70.0,56.7,55.0,60.0,60.0,66.1,False,up,11.3,True,1,13.7,True,1,"{'eps_growth_yoy': 11.3, 'positive_quarters': 4, 'earnings_accelerating': True, 'eps_accel_quarters': 1, 'profit_margin_pct': 25.0}","{'revenue_growth_yoy': 13.7, 'revenue_accelerating': True, 'rev_accel_quarters': 1}","{'rs_3m': 4.1, 'rs_6m': -2.1, 'rs_line_percentile': 66.1, 'rs_line_at_new_high': False, 'rs_line_trend': 'up', 'rs_line_score': 60}","{'roe_pct': 8.2, 'debt_to_equity': 0.53, 'current_ratio': 0.59, 'operating_margin_pct': 39.0}","{'days_to_earnings': 'N/A', 'recommendation': 'buy', 'analyst_upside_pct': 7.2}",93.92,82563121152,Industrials,Railroads,2.1,7.2,False,93.98,-0.1,7,True,100.69,110.39,75.62,13.0,buy,7.2,26.24,-72.1,31.3,-66.7,1.9,1.78,0.77,22.1,0.71,0.76,True,-5.04,6.6,-13.5,75.0,2026-10-28,False,False,7,NEUTRAL,5.87,11.8,,23.2,0.8,0.03,-22.4,2026-08-14T05:45:50.591891
FICO,Fair Isaac Corporation,71.5,⭐⭐⭐ EXCELLENT,🟢 Excellent,USD,USD,False,True,True,1.0,,100.0,80.0,24.0,65.0,70.0,15.0,5.7,False,down,53.0,False,0,30.7,False,0,"{'eps_growth_yoy': 53.0, 'positive_quarters': 4, 'earnings_accelerating': False, 'eps_accel_quarters': 0, 'profit_margin_pct': 34.1}","{'revenue_growth_yoy': 30.7, 'revenue_accelerating': False, 'rev_accel_quarters': 0}","{'rs_3m': -1.1, 'rs_6m': -31.8, 'rs_line_percentile': 5.7, 'rs_line_at_new_high': False, 'rs_line_trend': 'down', 'rs_line_score': 15}","{'current_ratio': 1.18, 'operating_margin_pct': 53.8}","{'days_to_earnings': 'N/A', 'recommendation': 'buy', 'analyst_upside_pct': 32.6}",1110.7,23988492288,Technology,Software - Application,10.3,6.0,True,1998.01,-44.4,0,False,1472.63,1750.0,707.0,19.0,buy,32.6,1520.61,36.9,1102.8,-0.7,3.23,35.86,,,,0.09,True,-14.98,6.7,41.2,82.0,2026-11-04,False,False,7,NEUTRAL,3.19,996.8,0.51,79.0,,,,2026-08-14T05:41:53.339144
CSU.TO,Constellation Software Inc.,71.2,⭐⭐⭐ EXCELLENT,🟢 Excellent,CAD,USD,True,True,True,1.0,,100.0,60.0,57.0,55.0,65.0,15.0,20.3,False,up,555.4,True,1,11.9,False,0,"{'eps_growth_yoy': 555.4, 'positive_quarters': 4, 'earnings_accelerating': True, 'eps_accel_quarters': 1, 'profit_margin_pct': 7.6}","{'revenue_growth_yoy': 11.9, 'revenue_accelerating': False, 'rev_accel_quarters': 0}","{'rs_3m': 20.7, 'rs_6m': 22.9, 'rs_line_percentile': 20.3, 'rs_line_at_new_high': False, 'rs_line_trend': 'up', 'rs_line_score': 15}","{'roe_pct': 23.3, 'debt_to_equity': 1.2, 'current_ratio': 0.9, 'operating_margin_pct': 15.1}","{'days_to_earnings': 'N/A', 'recommendation': 'buy', 'analyst_upside_pct': 23.5}",3162.97,67028172800,Technology,Software - Application,,5.3,False,4634.98,-31.8,4,False,3907.7,5639.69,3158.57,12.0,buy,23.5,7781.19,146.0,1891.5,-40.2,5.8,183.48,0.18,8.8,5.57,0.19,False,,5.5,389.3,84.0,2026-11-06,False,False,6,NEUTRAL,1.69,191.5,0.04,59.0,,,,2026-08-14T05:40:28.117549
CTAS,Cintas Corporation,70.8,⭐⭐⭐ EXCELLENT,🟢 Excellent,USD,USD,False,True,True,1.0,,90.0,60.0,50.3,85.0,60.0,35.0,30.5,False,up,4.0,True,2,6.9,True,1,"{'eps_growth_yoy': 4.0, 'positive_quarters': 4, 'earnings_accelerating': True, 'eps_accel_quarters': 2, 'profit_margin_pct': 17.8}","{'revenue_growth_yoy': 6.9, 'revenue_accelerating': True, 'rev_accel_quarters': 1}","{'rs_3m': 17.0, 'rs_6m': -11.9, 'rs_line_percentile': 30.5, 'rs_line_at_new_high': False, 'rs_line_trend': 'up', 'rs_line_score': 35}","{'roe_pct': 40.7, 'debt_to_equity': 0.53, 'current_ratio': 1.43, 'operating_margin_pct': 23.7}","{'days_to_earnings': 'N/A', 'recommendation': 'buy', 'analyst_upside_pct': 7.8}",200.7,80314032128,Industrials,Specialty Business Services,3.8,4.4,False,221.36,-9.3,5,False,216.31,250.0,175.0,16.0,buy,7.8,90.31,-55.0,75.5,-62.4,1.82,3.66,1.02,36.7,2.08,0.89,True,-1.19,24.6,10.9,40.0,2026-09-23,False,False,8,STRONG,3.16,82.2,2.1,34.4,,,,2026-08-14T05:39:11.758496
DSGX,The Descartes Systems Group Inc.,70.7,⭐⭐⭐ EXCELLENT,🟢 Excellent,USD,USD,False,True,True,1.0,,100.0,50.0,45.9,90.0,55.0,15.0,12.9,False,flat,27.5,True,1,7.7,False,0,"{'eps_growth_yoy': 27.5, 'positive_quarters': 4, 'earnings_accelerating': True, 'eps_accel_quarters': 1, 'profit_margin_pct': 23.3}","{'revenue_growth_yoy': 7.7, 'revenue_accelerating': False, 'rev_accel_quarters': 0}","{'rs_3m': 10.6, 'rs_6m': 4.6, 'rs_line_percentile': 12.9, 'rs_line_at_new_high': False, 'rs_line_trend': 'flat', 'rs_line_score': 15}","{'roe_pct': 11.4, 'debt_to_equity': 0.0, 'current_ratio': 2.05, 'operating_margin_pct': 32.9}","{'days_to_earnings': 'N/A', 'recommendation': 'none', 'analyst_upside_pct': 29.2}",77.24,6618759168,Technology,Software - Application,,5.3,False,109.0,-29.1,2,False,99.79,126.0,82.0,14.0,none,29.2,132.77,71.9,60.0,-22.3,4.05,3.13,,,,,True,-0.31,243.4,17.1,27.0,2026-09-10,False,False,6,NEUTRAL,3.48,77.7,0.7,51.0,,,,2026-08-14T05:43:00.327474
AME,"AMETEK, Inc.",70.6,⭐⭐⭐ EXCELLENT,🟢 Excellent,USD,USD,False,True,True,1.0,,85.0,60.0,56.7,85.0,60.0,60.0,72.3,False,up,9.6,True,1,8.0,True,1,"{'eps_growth_yoy': 9.6, 'positive_quarters': 4, 'earnings_accelerating': True, 'eps_accel_quarters': 1, 'profit_margin_pct': 20.0}","{'revenue_growth_yoy': 8.0, 'revenue_accelerating': True, 'rev_accel_quarters': 1}","{'rs_3m': 6.3, 'rs_6m': -2.4, 'rs_line_percentile': 72.3, 'rs_line_at_new_high': False, 'rs_line_trend': 'up', 'rs_line_score': 60}","{'roe_pct': 14.6, 'debt_to_equity': 0.21, 'current_ratio': 1.21, 'operating_margin_pct': 26.2}","{'days_to_earnings': 'N/A', 'recommendation': 'buy', 'analyst_upside_pct': 8.2}",256.22,58726395904,Industrials,Specialty Industrial Machinery,1.6,3.1,False,261.16,-1.9,8,True,277.22,316.0,217.0,18.0,buy,8.2,152.01,-40.7,96.42,-62.4,2.54,6.51,0.53,19.0,1.36,0.62,True,-0.76,20.8,14.2,76.0,2026-10-29,False,False,6,NEUTRAL,3.1,144.0,2.01,22.4,1.6,0.07,-20.8,2026-08-14T05:45:10.400558
GWW,"W.W. Grainger, Inc.",70.3,⭐⭐⭐ EXCELLENT,🟢 Excellent,USD,USD,False,True,True,1.0,,95.0,50.0,57.6,85.0,50.0,60.0,62.5,False,flat,93.9,False,0,7.8,False,0,"{'eps_growth_yoy': 93.9, 'positive_quarters': 4, 'earnings_accelerating': False, 'eps_accel_quarters': 0, 'profit_margin_pct': 9.9}","{'revenue_growth_yoy': 7.8, 'revenue_accelerating': False, 'rev_accel_quarters': 0}","{'rs_3m': -1.1, 'rs_6m': 4.0, 'rs_line_percentile': 62.5, 'rs_line_at_new_high': False, 'rs_line_trend': 'flat', 'rs_line_score': 60}","{'roe_pct': 46.1, 'debt_to_equity': 0.62, 'current_ratio': 2.81, 'operating_margin_pct': 16.1}","{'days_to_earnings': 'N/A', 'recommendation': 'hold', 'analyst_upside_pct': -0.2}",1321.38,62386470912,Industrials,Industrial Distribution,2.7,3.9,False,1419.91,-6.9,6,False,1318.29,1440.0,1100.0,14.0,hold,-0.2,788.6,-40.3,815.29,-38.3,2.0,26.43,0.76,23.6,9.96,1.0,True,-1.6,34.1,8.2,82.0,2026-11-04,False,False,6,NEUTRAL,3.87,40.8,1.26,27.0,0.4,0.01,-26.6,2026-08-14T05:46:10.173943
CNI,Canadian National Railway Company,70.1,⭐⭐⭐ EXCELLENT,🟢 Excellent,USD,CAD,True,True,True,1.0,"FCF declarado (2,175,428,812) se aparta del derivado de flujo operativo menos capex (1,385,055,694)",85.0,70.0,60.3,60.0,60.0,60.0,67.8,False,up,9.7,True,1,14.1,True,1,"{'eps_growth_yoy': 9.7, 'positive_quarters': 4, 'earnings_accelerating': True, 'eps_accel_quarters': 1, 'profit_margin_pct': 26.9}","{'revenue_growth_yoy': 14.1, 'revenue_accelerating': True, 'rev_accel_quarters': 1}","{'rs_3m': 10.0, 'rs_6m': 5.6, 'rs_line_percentile': 67.8, 'rs_line_at_new_high': False, 'rs_line_trend': 'up', 'rs_line_score': 60}","{'roe_pct': 22.0, 'debt_to_equity': 1.04, 'current_ratio': 0.87, 'operating_margin_pct': 40.3}","{'days_to_earnings': 'N/A', 'recommendation': 'buy', 'analyst_upside_pct': 9.6}",127.7,77245726720,Industrials,Railroads,,2.9,False,131.55,-2.9,7,True,139.92,152.85,114.39,13.0,buy,9.6,71.48,-44.0,57.73,-54.8,2.82,3.6,2.06,46.3,2.6,2.04,True,-3.89,7.8,7.1,77.0,2026-10-30,False,False,7,NEUTRAL,7.21,14.5,1.94,20.1,1.6,0.08,-18.5,2026-08-14T05:42:25.559576
MA,Mastercard Incorporated,69.8,⭐⭐ GOOD,🟡 Good,USD,USD,False,True,True,0.9925,,95.0,60.0,50.3,65.0,65.0,35.0,33.3,False,up,11.7,True,1,7.8,True,1,"{'eps_growth_yoy': 11.7, 'positive_quarters': 4, 'earnings_accelerating': True, 'eps_accel_quarters': 1, 'profit_margin_pct': 46.3}","{'revenue_growth_yoy': 7.8, 'revenue_accelerating': True, 'rev_accel_quarters': 1}","{'rs_3m': 11.7, 'rs_6m': -6.9, 'rs_line_percentile': 33.3, 'rs_line_at_new_high': False, 'rs_line_trend': 'up', 'rs_line_score': 35}","{'roe_pct': 241.2, 'debt_to_equity': 4.4, 'current_ratio': 1.06, 'operating_margin_pct': 61.1}","{'days_to_earnings': 'N/A', 'recommendation': 'strong_buy', 'analyst_upside_pct': 17.3}",567.04,496732635136,Financial Services,Credit Services,1.0,2.8,False,601.77,-5.8,4,False,665.26,735.0,550.0,38.0,strong_buy,17.3,618.54,9.1,407.3,-28.2,3.41,19.51,0.62,17.9,3.48,0.54,True,-3.19,28.0,22.1,76.0,2026-10-29,False,False,9,STRONG,3.79,622.8,1.12,22.8,,,,2026-08-14T05:39:57.246631
UNH,UnitedHealth Group Incorporated,69.7,⭐⭐ GOOD,🟡 Good,USD,USD,False,True,True,1.0,,100.0,50.0,66.0,50.0,65.0,60.0,62.2,False,up,84.4,True,1,0.1,False,0,"{'eps_growth_yoy': 84.4, 'positive_quarters': 4, 'earnings_accelerating': True, 'eps_accel_quarters': 1, 'profit_margin_pct': 3.1}","{'revenue_growth_yoy': 0.1, 'revenue_accelerating': False, 'rev_accel_quarters': 0}","{'rs_3m': -3.7, 'rs_6m': 27.4, 'rs_line_percentile': 62.2, 'rs_line_at_new_high': False, 'rs_line_trend': 'up', 'rs_line_score': 60}","{'roe_pct': 14.2, 'debt_to_equity': 0.69, 'current_ratio': 0.78, 'operating_margin_pct': 7.1}","{'days_to_earnings': 'N/A', 'recommendation': 'buy', 'analyst_upside_pct': 19.1}",399.06,358194184192,Healthcare,Healthcare Plans,1.9,2.7,False,461.62,-13.6,6,False,475.23,529.0,313.0,26.0,buy,19.1,1075.32,169.5,459.6,15.2,6.35,25.36,2.29,57.5,9.28,1.65,True,-0.71,4.7,61.5,74.0,2026-10-27,False,False,6,NEUTRAL,4.59,173.8,0.29,25.1,0.4,0.02,-24.7,2026-08-14T05:47:07.793753
ATLKY,Atlas Copco AB (publ),69.6,⭐⭐ GOOD,🟡 Good,USD,SEK,True,True,False,0.6801,"acciones × precio no cuadra con la capitalización (ratio 0.6801): el dato por acción y el precio no están en la misma unidad — típico de ADR. Los ratios por acción (EPS, FCF/acción, DCF) no son utilizables | FCF declarado (2,719,595,483) se aparta del derivado de flujo operativo menos capex (26,379,",80.0,60.0,60.3,80.0,65.0,60.0,61.4,False,up,8.2,True,1,9.1,True,1,"{'eps_growth_yoy': 8.2, 'positive_quarters': 4, 'earnings_accelerating': True, 'eps_accel_quarters': 1, 'profit_margin_pct': 15.7}","{'revenue_growth_yoy': 9.1, 'revenue_accelerating': True, 'rev_accel_quarters': 1}","{'rs_3m': 12.4, 'rs_6m': -9.5, 'rs_line_percentile': 61.4, 'rs_line_at_new_high': False, 'rs_line_trend': 'up', 'rs_line_score': 60}","{'roe_pct': 25.7, 'debt_to_equity': 0.34, 'current_ratio': 1.27}","{'days_to_earnings': 'N/A', 'recommendation': 'strong_buy', 'analyst_upside_pct': 17.6}",22.1,107817517056,Industrials,Specialty Industrial Machinery,,,False,22.42,-1.4,7,True,26.0,26.0,26.0,1.0,strong_buy,17.6,,,,,2.52,0.82,2.55,73.8,0.56,1.57,False,,126.5,4.0,,,False,False,6,NEUTRAL,,53.6,3.49,30.7,,,,2026-08-14T05:45:15.365950
TMO,Thermo Fisher Scientific Inc.,69.6,⭐⭐ GOOD,🟡 Good,USD,USD,False,True,True,1.0,,80.0,60.0,66.6,75.0,60.0,60.0,51.0,False,up,7.4,True,1,7.8,True,1,"{'eps_growth_yoy': 7.4, 'positive_quarters': 4, 'earnings_accelerating': True, 'eps_accel_quarters': 1, 'profit_margin_pct': 15.0}","{'revenue_growth_yoy': 7.8, 'revenue_accelerating': True, 'rev_accel_quarters': 1}","{'rs_3m': 28.8, 'rs_6m': 2.3, 'rs_line_percentile': 51.0, 'rs_line_at_new_high': False, 'rs_line_trend': 'up', 'rs_line_score': 60}","{'roe_pct': 13.5, 'debt_to_equity': 0.81, 'current_ratio': 1.55, 'operating_margin_pct': 18.8}","{'days_to_earnings': 'N/A', 'recommendation': 'buy', 'analyst_upside_pct': 6.0}",595.89,220328722432,Healthcare,Diagnostics & Research,1.4,2.2,False,643.99,-7.5,5,False,631.42,750.0,520.0,26.0,buy,6.0,324.49,-45.5,183.5,-69.2,2.83,16.87,0.31,9.7,1.88,0.26,True,-2.27,6.2,9.4,68.0,2026-10-21,False,False,5,NEUTRAL,3.37,36.2,2.3,36.7,0.8,0.02,-35.9,2026-08-14T05:41:27.332565
ICE,"Intercontinental Exchange, Inc.",69.5,⭐⭐ GOOD,🟡 Good,USD,USD,False,True,True,1.0,,85.0,70.0,44.0,75.0,65.0,35.0,29.2,False,up,17.4,False,0,20.1,False,0,"{'eps_growth_yoy': 17.4, 'positive_quarters': 4, 'earnings_accelerating': False, 'eps_accel_quarters': 0, 'profit_margin_pct': 38.2}","{'revenue_growth_yoy': 20.1, 'revenue_accelerating': False, 'rev_accel_quarters': 0}","{'rs_3m': -4.2, 'rs_6m': -10.5, 'rs_line_percentile': 29.2, 'rs_line_at_new_high': False, 'rs_line_trend': 'up', 'rs_line_score': 35}","{'roe_pct': 14.1, 'debt_to_equity': 0.69, 'current_ratio': 1.01, 'operating_margin_pct': 52.6}","{'days_to_earnings': 'N/A', 'recommendation': 'strong_buy', 'analyst_upside_pct': 19.8}",155.24,87150886912,Financial Services,Financial Data & Stock Exchanges,1.6,1.8,False,182.86,-15.1,3,False,185.93,232.0,163.0,14.0,strong_buy,19.8,151.13,-2.6,103.38,-33.4,4.17,6.47,1.37,28.2,2.08,1.25,True,-2.41,7.6,14.2,76.0,2026-10-29,False,False,8,STRONG,4.83,118.3,1.24,24.1,,,,2026-08-14T05:42:29.660212
PGR,The Progressive Corporation,69.0,⭐⭐ GOOD,🟡 Good,USD,USD,False,True,True,1.0,,100.0,60.0,38.7,75.0,50.0,15.0,13.2,False,up,26.6,True,1,4.9,True,1,"{'eps_growth_yoy': 26.6, 'positive_quarters': 4, 'earnings_accelerating': True, 'eps_accel_quarters': 1, 'profit_margin_pct': 12.8}","{'revenue_growth_yoy': 4.9, 'revenue_accelerating': True, 'rev_accel_quarters': 1}","{'rs_3m': 1.9, 'rs_6m': -13.0, 'rs_line_percentile': 13.2, 'rs_line_at_new_high': False, 'rs_line_trend': 'up', 'rs_line_score': 15}","{'roe_pct': 34.9, 'debt_to_equity': 0.24, 'current_ratio': 0.29, 'operating_margin_pct': 18.2}","{'days_to_earnings': 'N/A', 'recommendation': 'hold', 'analyst_upside_pct': 10.0}",208.87,121431121920,Financial Services,Insurance - Property & Casualty,1.4,2.6,False,254.93,-18.1,3,False,229.78,308.0,198.0,21.0,hold,10.0,416.46,99.4,199.3,-4.6,12.45,26.0,0.19,69.7,0.4,1.97,True,-0.98,50.8,2.0,61.0,2026-10-14,False,False,6,NEUTRAL,11.36,,2.57,25.2,0.8,0.03,-24.4,2026-08-14T05:44:55.701242
V,Visa Inc.,68.8,⭐⭐ GOOD,🟡 Good,USD,USD,False,True,False,0.9127,"acciones × precio no cuadra con la capitalización (ratio 0.9127): el dato por acción y el precio no están en la misma unidad — típico de ADR. Los ratios por acción (EPS, FCF/acción, DCF) no son utilizables",85.0,70.0,46.7,70.0,60.0,35.0,41.3,False,up,10.6,False,0,8.5,True,2,"{'eps_growth_yoy': 10.6, 'positive_quarters': 4, 'earnings_accelerating': False, 'eps_accel_quarters': 0, 'profit_margin_pct': 50.8}","{'revenue_growth_yoy': 8.5, 'revenue_accelerating': True, 'rev_accel_quarters': 2}","{'rs_3m': 9.3, 'rs_6m': -1.6, 'rs_line_percentile': 41.3, 'rs_line_at_new_high': False, 'rs_line_trend': 'up', 'rs_line_score': 35}","{'roe_pct': 61.2, 'debt_to_equity': 0.68, 'current_ratio': 0.98, 'operating_margin_pct': 66.1}","{'days_to_earnings': 'N/A', 'recommendation': 'strong_buy', 'analyst_upside_pct': 13.9}",365.45,682312466432,Financial Services,Credit Services,1.2,2.6,False,373.97,-2.3,5,False,416.2,450.0,330.0,37.0,strong_buy,13.9,,,,,2.99,11.97,0.75,22.1,2.68,0.7,True,-3.13,35.7,10.2,74.0,2026-10-27,False,False,6,NEUTRAL,3.89,381.9,2.39,19.7,,,,2026-08-14T05:39:06.993996
TECK,Teck Resources Limited,68.5,⭐⭐ GOOD,🟡 Good,USD,CAD,True,True,True,0.9845,,100.0,50.0,54.0,75.0,40.0,60.0,74.7,False,down,203.9,False,0,6.5,False,0,"{'eps_growth_yoy': 203.9, 'positive_quarters': 4, 'earnings_accelerating': False, 'eps_accel_quarters': 0, 'profit_margin_pct': 17.9}","{'revenue_growth_yoy': 6.5, 'revenue_accelerating': False, 'rev_accel_quarters': 0}","{'rs_3m': -6.6, 'rs_6m': -5.6, 'rs_line_percentile': 74.7, 'rs_line_at_new_high': False, 'rs_line_trend': 'down', 'rs_line_score': 60}","{'roe_pct': 8.7, 'debt_to_equity': 0.34, 'current_ratio': 3.12, 'operating_margin_pct': 44.1}","{'days_to_earnings': 'N/A', 'recommendation': 'hold', 'analyst_upside_pct': -15.3}",63.76,31280654336,Basic Materials,Copper,,4.0,False,71.25,-10.5,8,True,54.02,68.88,36.46,4.0,hold,-15.3,109.63,71.9,105.9,66.1,3.99,2.59,0.54,9.8,0.35,0.99,True,-0.46,6.5,129.8,69.0,2026-10-22,False,False,5,NEUTRAL,6.62,6.5,0.05,52.9,,,,2026-08-14T05:48:34.215702
DBOEY,Deutsche Börse AG,68.5,⭐⭐ GOOD,🟡 Good,USD,EUR,True,True,True,1.0,,85.0,60.0,55.1,80.0,50.0,35.0,47.8,False,up,11.9,False,0,11.7,False,0,"{'eps_growth_yoy': 11.9, 'positive_quarters': 4, 'earnings_accelerating': False, 'eps_accel_quarters': 0, 'profit_margin_pct': 27.3}","{'revenue_growth_yoy': 11.7, 'revenue_accelerating': False, 'rev_accel_quarters': 0}","{'rs_3m': 8.2, 'rs_6m': 14.7, 'rs_line_percentile': 47.8, 'rs_line_at_new_high': False, 'rs_line_trend': 'up', 'rs_line_score': 35}","{'roe_pct': 20.4, 'debt_to_equity': 0.58, 'current_ratio': 1.01, 'operating_margin_pct': 41.9}","{'days_to_earnings': 'N/A', 'recommendation': 'none', 'analyst_upside_pct': 11.7}",31.48,56754552832,Financial Services,Financial Data & Stock Exchanges,,,False,31.95,-1.5,7,True,35.17,35.17,35.17,1.0,none,11.7,31.96,1.5,18.5,-41.2,4.44,1.4,1.56,36.0,0.49,1.9,,,,6.9,67.0,2026-10-20,False,False,5,NEUTRAL,4.95,66.8,1.47,21.3,,,,2026-08-14T05:42:42.237463
SYK,Stryker Corporation,68.3,⭐⭐ GOOD,🟡 Good,USD,USD,False,True,True,1.0,,100.0,60.0,26.7,80.0,60.0,15.0,24.2,False,up,48.5,True,1,8.8,True,1,"{'eps_growth_yoy': 48.5, 'positive_quarters': 4, 'earnings_accelerating': True, 'eps_accel_quarters': 1, 'profit_margin_pct': 14.4}","{'revenue_growth_yoy': 8.8, 'revenue_accelerating': True, 'rev_accel_quarters': 1}","{'rs_3m': 7.7, 'rs_6m': -21.1, 'rs_line_percentile': 24.2, 'rs_line_at_new_high': False, 'rs_line_trend': 'up', 'rs_line_score': 15}","{'roe_pct': 16.5, 'debt_to_equity': 0.64, 'current_ratio': 2.16, 'operating_margin_pct': 27.0}","{'days_to_earnings': 'N/A', 'recommendation': 'buy', 'analyst_upside_pct': 12.3}",341.09,130832932864,Healthcare,Medical Devices,2.3,3.3,False,396.86,-14.1,3,False,382.88,465.0,315.0,25.0,buy,12.3,454.14,33.1,284.4,-16.6,3.14,10.71,1.01,36.1,3.52,0.99,False,,20.0,44.1,76.0,2026-10-29,False,False,5,NEUTRAL,3.59,47.3,0.46,43.2,,,,2026-08-14T05:41:18.249045
FAST,Fastenal Company,68.3,⭐⭐ GOOD,🟡 Good,USD,USD,False,True,True,1.0,,80.0,60.0,50.3,95.0,50.0,35.0,41.7,False,up,14.1,False,0,11.9,False,0,"{'eps_growth_yoy': 14.1, 'positive_quarters': 4, 'earnings_accelerating': False, 'eps_accel_quarters': 0, 'profit_margin_pct': 15.5}","{'revenue_growth_yoy': 11.9, 'revenue_accelerating': False, 'rev_accel_quarters': 0}","{'rs_3m': 13.1, 'rs_6m': -0.8, 'rs_line_percentile': 41.7, 'rs_line_at_new_high': False, 'rs_line_trend': 'up', 'rs_line_score': 35}","{'roe_pct': 34.3, 'debt_to_equity': 0.11, 'current_ratio': 4.18, 'operating_margin_pct': 21.0}","{'days_to_earnings': 'N/A', 'recommendation': 'hold', 'analyst_upside_pct': -6.4}",51.34,58912526336,Industrials,Industrial Distribution,3.6,4.0,False,52.92,-3.0,7,True,48.07,55.0,39.9,13.0,hold,-6.4,18.94,-63.1,16.79,-67.3,1.56,0.8,1.84,78.6,0.96,2.16,True,-0.09,395.6,5.8,61.0,2026-10-14,False,False,8,STRONG,2.81,39.6,2.52,26.1,1.6,0.06,-24.5,2026-08-14T05:44:51.110513
ROP,"Roper Technologies, Inc.",68.2,⭐⭐ GOOD,🟡 Good,USD,USD,False,True,True,1.0,,100.0,50.0,53.4,60.0,60.0,15.0,20.9,False,up,193.2,True,2,4.5,False,0,"{'eps_growth_yoy': 193.2, 'positive_quarters': 4, 'earnings_accelerating': True, 'eps_accel_quarters': 2, 'profit_margin_pct': 30.2}","{'revenue_growth_yoy': 4.5, 'revenue_accelerating': False, 'rev_accel_quarters': 0}","{'rs_3m': 21.1, 'rs_6m': 10.1, 'rs_line_percentile': 20.9, 'rs_line_at_new_high': False, 'rs_line_trend': 'up', 'rs_line_score': 15}","{'roe_pct': 13.1, 'debt_to_equity': 0.61, 'current_ratio': 0.55, 'operating_margin_pct': 27.7}","{'days_to_earnings': 'N/A', 'recommendation': 'buy', 'analyst_upside_pct': 10.8}",397.5,39313096704,Technology,Software - Application,6.2,5.9,False,544.94,-27.1,2,False,440.25,550.0,335.0,15.0,buy,10.8,971.52,144.4,723.9,82.1,5.76,22.91,0.92,14.5,3.64,0.6,True,-6.94,8.6,163.1,69.0,2026-10-22,False,False,6,NEUTRAL,4.5,1441.1,0.07,43.3,0.4,0.01,-42.9,2026-08-14T05:39:21.110120
SAP,SAP SE,68.1,⭐⭐ GOOD,🟡 Good,USD,EUR,True,True,True,1.0,,75.0,60.0,53.0,90.0,65.0,35.0,30.6,False,up,8.8,False,0,8.8,True,1,"{'eps_growth_yoy': 8.8, 'positive_quarters': 4, 'earnings_accelerating': False, 'eps_accel_quarters': 0, 'profit_margin_pct': 20.4}","{'revenue_growth_yoy': 8.8, 'revenue_accelerating': True, 'rev_accel_quarters': 1}","{'rs_3m': 23.2, 'rs_6m': -10.3, 'rs_line_percentile': 30.6, 'rs_line_at_new_high': False, 'rs_line_trend': 'up', 'rs_line_score': 35}","{'roe_pct': 18.3, 'debt_to_equity': 0.22, 'current_ratio': 1.15, 'operating_margin_pct': 27.6}","{'days_to_earnings': 'N/A', 'recommendation': 'buy', 'analyst_upside_pct': 16.1}",209.28,241551867904,Technology,Software - Application,0.7,2.6,False,281.37,-25.6,3,False,242.92,319.0,177.0,12.0,buy,16.1,385.56,84.2,237.3,13.4,4.34,9.09,1.43,37.5,2.93,1.48,True,-1.2,20.7,30.6,68.0,2026-10-21,False,False,8,STRONG,0.32,146.7,0.71,53.0,0.4,0.01,-52.6,2026-08-14T05:43:22.820179
QSR,Restaurant Brands International Inc.,68.0,⭐⭐ GOOD,🟡 Good,USD,USD,False,True,False,0.7613,"acciones × precio no cuadra con la capitalización (ratio 0.7613): el dato por acción y el precio no están en la misma unidad — típico de ADR. Los ratios por acción (EPS, FCF/acción, DCF) no son utilizables",100.0,60.0,36.0,65.0,60.0,15.0,24.7,False,up,58.9,True,2,2.9,True,1,"{'eps_growth_yoy': 58.9, 'positive_quarters': 4, 'earnings_accelerating': True, 'eps_accel_quarters': 2, 'profit_margin_pct': 13.1}","{'revenue_growth_yoy': 2.9, 'revenue_accelerating': True, 'rev_accel_quarters': 1}","{'rs_3m': -3.1, 'rs_6m': -4.5, 'rs_line_percentile': 24.7, 'rs_line_at_new_high': False, 'rs_line_trend': 'up', 'rs_line_score': 15}","{'roe_pct': 34.8, 'debt_to_equity': 2.9, 'current_ratio': 1.01, 'operating_margin_pct': 27.7}","{'days_to_earnings': 'N/A', 'recommendation': 'buy', 'analyst_upside_pct': 11.9}",76.59,35086716928,Consumer Cyclical,Restaurants,5.9,6.7,False,81.96,-6.6,6,False,85.74,104.0,78.0,23.0,buy,11.9,,,,,4.88,4.91,3.47,63.8,2.6,3.41,True,-0.48,5.2,151.2,76.0,2026-10-29,False,False,6,NEUTRAL,5.15,51.7,0.11,28.4,0.8,0.03,-27.6,2026-08-14T05:48:01.933280
WM,"Waste Management, Inc.",68.0,⭐⭐ GOOD,🟡 Good,USD,USD,False,True,True,1.0,"FCF declarado (2,348,375,040) se aparta del derivado de flujo operativo menos capex (3,290,000,192)",100.0,70.0,36.0,45.0,65.0,15.0,11.2,False,flat,30.2,True,1,3.7,True,2,"{'eps_growth_yoy': 30.2, 'positive_quarters': 4, 'earnings_accelerating': True, 'eps_accel_quarters': 1, 'profit_margin_pct': 11.1}","{'revenue_growth_yoy': 3.7, 'revenue_accelerating': True, 'rev_accel_quarters': 2}","{'rs_3m': -1.3, 'rs_6m': -16.9, 'rs_line_percentile': 11.2, 'rs_line_at_new_high': False, 'rs_line_trend': 'flat', 'rs_line_score': 15}","{'roe_pct': 29.8, 'debt_to_equity': 2.35, 'current_ratio': 0.91, 'operating_margin_pct': 19.0}","{'days_to_earnings': 'N/A', 'recommendation': 'buy', 'analyst_upside_pct': 16.3}",224.21,89620144128,Industrials,Waste Management,1.6,3.4,False,248.13,-9.6,4,False,260.84,285.0,220.0,25.0,buy,16.3,108.01,-51.8,38.0,-83.1,2.62,5.88,1.56,93.2,3.54,1.49,True,-1.12,5.0,8.3,73.0,2026-10-26,False,False,8,STRONG,3.86,21.3,2.96,25.8,,,,2026-08-14T05:39:02.948205
SHW,The Sherwin-Williams Company,67.3,⭐⭐ GOOD,🟡 Good,USD,USD,False,True,True,1.0,,90.0,70.0,50.3,45.0,60.0,35.0,40.3,False,up,1.3,True,2,6.8,True,2,"{'eps_growth_yoy': 1.3, 'positive_quarters': 4, 'earnings_accelerating': True, 'eps_accel_quarters': 2, 'profit_margin_pct': 11.0}","{'revenue_growth_yoy': 6.8, 'revenue_accelerating': True, 'rev_accel_quarters': 2}","{'rs_3m': 13.0, 'rs_6m': -17.3, 'rs_line_percentile': 40.3, 'rs_line_at_new_high': False, 'rs_line_trend': 'up', 'rs_line_score': 35}","{'roe_pct': 65.1, 'debt_to_equity': 3.9, 'current_ratio': 0.73, 'operating_margin_pct': 18.1}","{'days_to_earnings': 'N/A', 'recommendation': 'buy', 'analyst_upside_pct': 7.9}",361.55,87769202688,Basic Materials,Specialty Chemicals,2.6,3.0,False,379.65,-4.8,6,False,390.1,420.0,340.0,21.0,buy,7.9,242.0,-33.1,155.58,-57.0,2.86,10.32,0.89,29.3,3.2,0.87,True,-2.99,7.8,10.0,74.0,2026-10-27,False,False,6,NEUTRAL,3.73,62.0,1.86,43.2,,,,2026-08-14T05:41:44.000088
VLTO,Veralto Corporation,67.1,⭐⭐ GOOD,🟡 Good,USD,USD,False,True,True,1.0,,70.0,70.0,46.7,85.0,65.0,35.0,26.6,False,up,0.8,False,0,5.0,True,2,"{'eps_growth_yoy': 0.8, 'positive_quarters': 4, 'earnings_accelerating': False, 'eps_accel_quarters': 0, 'profit_margin_pct': 17.3}","{'revenue_growth_yoy': 5.0, 'revenue_accelerating': True, 'rev_accel_quarters': 2}","{'rs_3m': 9.5, 'rs_6m': -11.8, 'rs_line_percentile': 26.6, 'rs_line_at_new_high': False, 'rs_line_trend': 'up', 'rs_line_score': 35}","{'roe_pct': 34.3, 'debt_to_equity': 1.16, 'current_ratio': 1.77, 'operating_margin_pct': 21.4}","{'days_to_earnings': 'N/A', 'recommendation': 'buy', 'analyst_upside_pct': 15.8}",97.54,23779602432,Industrials,Pollution & Treatment Controls,2.8,3.1,False,110.11,-11.4,3,False,113.0,136.0,100.0,17.0,buy,15.8,65.53,-32.8,40.5,-58.5,3.39,3.31,0.54,12.6,0.52,,True,-1.83,14.1,10.1,68.0,2026-10-21,False,False,6,NEUTRAL,5.02,76.0,2.02,30.7,1.6,0.05,-29.1,2026-08-14T05:41:35.167381
ALLY,Ally Financial Inc.,66.8,⭐⭐ GOOD,🟡 Good,USD,USD,False,True,True,1.0,"FCF declarado (-546,000,000) se aparta del derivado de flujo operativo menos capex (291,000,128)",90.0,60.0,46.7,60.0,65.0,35.0,29.5,False,up,3.0,True,2,7.3,True,1,"{'eps_growth_yoy': 3.0, 'positive_quarters': 4, 'earnings_accelerating': True, 'eps_accel_quarters': 2, 'profit_margin_pct': 18.4}","{'revenue_growth_yoy': 7.3, 'revenue_accelerating': True, 'rev_accel_quarters': 1}","{'rs_3m': 3.4, 'rs_6m': -6.3, 'rs_line_percentile': 29.5, 'rs_line_at_new_high': False, 'rs_line_trend': 'up', 'rs_line_score': 35}","{'roe_pct': 9.7, 'operating_margin_pct': 25.3}","{'days_to_earnings': 'N/A', 'recommendation': 'buy', 'analyst_upside_pct': 20.4}",44.6,13567305728,Financial Services,Credit Services,4.3,4.1,False,47.29,-5.7,6,False,53.7,58.0,45.0,17.0,buy,20.4,,,57.38,28.7,-4.02,-1.79,2.71,28.2,1.2,3.2,True,-12.3,,13.5,63.0,2026-10-16,False,False,5,NEUTRAL,,,0.51,25.4,0.8,0.03,-24.6,2026-08-14T05:47:12.496980
TNE.AX,Technology One Limited,66.8,⭐⭐ GOOD,🟡 Good,AUD,AUD,False,True,True,1.0,,60.0,50.0,80.5,95.0,60.0,,,,,,,0,,,0,{'profit_margin_pct': 22.4},{},"{'rs_3m': 17.0, 'rs_6m': 40.4}","{'roe_pct': 33.5, 'debt_to_equity': 0.12, 'current_ratio': 1.12, 'operating_margin_pct': 27.1}","{'days_to_earnings': 'N/A', 'recommendation': 'buy', 'analyst_upside_pct': -7.3}",33.61,11002857472,Technology,Software - Application,,,False,40.77,-17.6,5,False,31.16,34.25,22.0,16.0,buy,-7.3,7.85,-76.6,4.3,-87.2,1.38,0.46,0.85,62.2,0.28,0.98,,,,4.4,95.0,2026-11-17,False,False,3,NEUTRAL,1.76,162.9,8.8,38.3,,,,2026-08-14T05:45:24.253654
MCO,Moody's Corporation,66.7,⭐⭐ GOOD,🟡 Good,USD,USD,False,True,True,1.0,,100.0,50.0,42.3,65.0,60.0,15.0,21.3,False,up,35.9,True,2,8.9,False,0,"{'eps_growth_yoy': 35.9, 'positive_quarters': 4, 'earnings_accelerating': True, 'eps_accel_quarters': 2, 'profit_margin_pct': 34.3}","{'revenue_growth_yoy': 8.9, 'revenue_accelerating': False, 'rev_accel_quarters': 0}","{'rs_3m': 8.9, 'rs_6m': 3.4, 'rs_line_percentile': 21.3, 'rs_line_at_new_high': False, 'rs_line_trend': 'up', 'rs_line_score': 15}","{'roe_pct': 76.9, 'debt_to_equity': 2.41, 'current_ratio': 1.19, 'operating_margin_pct': 49.5}","{'days_to_earnings': 'N/A', 'recommendation': 'buy', 'analyst_upside_pct': 14.8}",488.42,84585062400,Financial Services,Financial Data & Stock Exchanges,2.1,3.4,False,546.88,-10.7,5,False,560.48,610.0,505.0,21.0,buy,14.8,631.57,29.3,483.6,-1.0,3.05,14.89,0.86,25.0,4.12,0.81,False,,14.5,56.7,68.0,2026-10-21,False,False,8,STRONG,3.75,106.3,0.46,26.4,0.4,0.01,-26.0,2026-08-14T05:40:49.664530
AJG,Arthur J. Gallagher & Co.,66.1,⭐⭐ GOOD,🟡 Good,USD,USD,False,True,True,1.0,,80.0,60.0,56.6,65.0,60.0,35.0,30.4,False,up,18.8,False,0,18.9,False,0,"{'eps_growth_yoy': 18.8, 'positive_quarters': 4, 'earnings_accelerating': False, 'eps_accel_quarters': 0, 'profit_margin_pct': 10.4}","{'revenue_growth_yoy': 18.9, 'revenue_accelerating': False, 'rev_accel_quarters': 0}","{'rs_3m': 24.4, 'rs_6m': 9.8, 'rs_line_percentile': 30.4, 'rs_line_at_new_high': False, 'rs_line_trend': 'up', 'rs_line_score': 35}","{'roe_pct': 6.7, 'debt_to_equity': 0.59, 'current_ratio': 1.05, 'operating_margin_pct': 19.2}","{'days_to_earnings': 'N/A', 'recommendation': 'buy', 'analyst_upside_pct': 14.6}",253.49,64979877888,Financial Services,Insurance Brokers,2.5,3.9,False,313.55,-19.2,5,False,290.44,388.0,250.0,18.0,buy,14.6,119.53,-52.8,60.3,-76.2,3.2,8.12,1.1,44.8,2.8,1.01,True,-0.74,4.1,-10.7,76.0,2026-10-29,False,False,6,NEUTRAL,3.23,77.9,,34.2,,,,2026-08-14T05:42:20.727150
CPRT,"Copart, Inc.",65.8,⭐⭐ GOOD,🟡 Good,USD,USD,False,True,True,1.0,,85.0,60.0,24.0,90.0,70.0,15.0,3.9,False,down,1.5,True,1,10.0,True,1,"{'eps_growth_yoy': 1.5, 'positive_quarters': 4, 'earnings_accelerating': True, 'eps_accel_quarters': 1, 'profit_margin_pct': 33.5}","{'revenue_growth_yoy': 10.0, 'revenue_accelerating': True, 'rev_accel_quarters': 1}","{'rs_3m': -14.2, 'rs_6m': -34.7, 'rs_line_percentile': 3.9, 'rs_line_at_new_high': False, 'rs_line_trend': 'down', 'rs_line_score': 15}","{'roe_pct': 17.6, 'debt_to_equity': 0.01, 'current_ratio': 7.61, 'operating_margin_pct': 37.5}","{'days_to_earnings': 'N/A', 'recommendation': 'buy', 'analyst_upside_pct': 37.1}",29.39,28311633920,Industrials,Specialty Business Services,5.7,3.3,False,50.11,-41.3,1,False,40.3,55.0,26.0,10.0,buy,37.1,15.27,-48.0,16.3,-44.5,3.53,1.04,,,,,True,-5.0,,1.6,20.0,2026-09-03,False,True,6,NEUTRAL,7.34,19.3,7.59,37.3,1.6,0.04,-35.7,2026-08-14T05:39:48.682848
CME,CME Group Inc.,65.7,⭐⭐ GOOD,🟡 Good,USD,USD,False,True,True,1.0,"FCF declarado (2,909,012,480) se aparta del derivado de flujo operativo menos capex (4,225,500,192)",85.0,60.0,32.0,85.0,60.0,35.0,27.3,False,up,14.7,False,0,11.0,False,0,"{'eps_growth_yoy': 14.7, 'positive_quarters': 4, 'earnings_accelerating': False, 'eps_accel_quarters': 0, 'profit_margin_pct': 63.4}","{'revenue_growth_yoy': 11.0, 'revenue_accelerating': False, 'rev_accel_quarters': 0}","{'rs_3m': -14.0, 'rs_6m': -23.6, 'rs_line_percentile': 27.3, 'rs_line_at_new_high': False, 'rs_line_trend': 'up', 'rs_line_score': 35}","{'roe_pct': 15.8, 'debt_to_equity': 0.15, 'current_ratio': 1.02, 'operating_margin_pct': 65.0}","{'days_to_earnings': 'N/A', 'recommendation': 'buy', 'analyst_upside_pct': 6.3}",267.21,96083173376,Financial Services,Financial Data & Stock Exchanges,1.9,2.1,False,329.16,-18.8,4,False,284.13,330.0,230.0,15.0,buy,6.3,119.04,-55.5,120.2,-55.0,3.03,8.09,1.98,95.4,5.2,3.57,True,-1.56,33.0,1.8,68.0,2026-10-21,False,False,6,NEUTRAL,5.63,101.4,8.26,26.2,,,,2026-08-14T05:40:05.576195
LPX,Louisiana-Pacific Corporation,65.7,⭐⭐ GOOD,🟡 Good,USD,USD,False,True,True,1.0,"FCF declarado (-96,000,000) se aparta del derivado de flujo operativo menos capex (-33,000,000)",88.0,70.0,24.0,70.0,65.0,15.0,5.9,False,down,188.9,False,0,0.2,True,2,"{'eps_growth_yoy': 188.9, 'positive_quarters': 3, 'earnings_accelerating': False, 'eps_accel_quarters': 0, 'profit_margin_pct': 2.2}","{'revenue_growth_yoy': 0.2, 'revenue_accelerating': True, 'rev_accel_quarters': 2}","{'rs_3m': -3.5, 'rs_6m': -35.2, 'rs_line_percentile': 5.9, 'rs_line_at_new_high': False, 'rs_line_trend': 'down', 'rs_line_score': 15}","{'roe_pct': 3.1, 'debt_to_equity': 0.22, 'current_ratio': 3.22, 'operating_margin_pct': 5.3}","{'days_to_earnings': 'N/A', 'recommendation': 'buy', 'analyst_upside_pct': 24.4}",74.14,5184121344,Industrials,Building Products & Equipment,9.6,5.8,True,101.28,-26.8,0,False,92.23,107.0,74.0,13.0,buy,24.4,,,7.7,-89.6,-1.85,-1.37,1.63,150.6,1.2,1.27,False,,6.1,-51.8,82.0,2026-11-04,False,False,5,NEUTRAL,3.92,9.3,,47.2,0.8,0.02,-46.4,2026-08-14T05:47:48.403246
ISRG,"Intuitive Surgical, Inc.",65.5,⭐⭐ GOOD,🟡 Good,USD,USD,False,True,True,1.0,,85.0,70.0,24.0,75.0,65.0,15.0,15.9,False,down,16.1,False,0,15.5,True,1,"{'eps_growth_yoy': 16.1, 'positive_quarters': 4, 'earnings_accelerating': False, 'eps_accel_quarters': 0, 'profit_margin_pct': 28.4}","{'revenue_growth_yoy': 15.5, 'revenue_accelerating': True, 'rev_accel_quarters': 1}","{'rs_3m': -10.5, 'rs_6m': -30.9, 'rs_line_percentile': 15.9, 'rs_line_at_new_high': False, 'rs_line_trend': 'down', 'rs_line_score': 15}","{'roe_pct': 17.4, 'current_ratio': 4.96, 'operating_margin_pct': 33.6}","{'days_to_earnings': 'N/A', 'recommendation': 'buy', 'analyst_upside_pct': 19.1}",401.27,143766224896,Healthcare,Medical Instruments & Supplies,1.9,1.7,False,603.88,-33.6,1,False,478.01,685.0,324.0,30.0,buy,19.1,272.63,-32.1,230.82,-42.5,1.82,7.3,,,,,True,-2.47,,26.5,67.0,2026-10-20,False,False,4,NEUTRAL,2.16,22.5,1.25,65.5,,,,2026-08-14T05:46:31.764425
JKHY,"Jack Henry & Associates, Inc.",65.3,⭐⭐ GOOD,🟡 Good,USD,USD,False,True,True,1.0,"FCF declarado (373,407,744) se aparta del derivado de flujo operativo menos capex (555,232,016)",65.0,60.0,50.3,95.0,65.0,35.0,30.2,False,up,-3.7,True,1,3.4,True,1,"{'eps_growth_yoy': -3.7, 'positive_quarters': 4, 'earnings_accelerating': True, 'eps_accel_quarters': 1, 'profit_margin_pct': 20.6}","{'revenue_growth_yoy': 3.4, 'revenue_accelerating': True, 'rev_accel_quarters': 1}","{'rs_3m': 12.6, 'rs_6m': -15.0, 'rs_line_percentile': 30.2, 'rs_line_at_new_high': False, 'rs_line_trend': 'up', 'rs_line_score': 35}","{'roe_pct': 24.9, 'debt_to_equity': 0.06, 'current_ratio': 1.74, 'operating_margin_pct': 24.4}","{'days_to_earnings': 'N/A', 'recommendation': 'buy', 'analyst_upside_pct': 19.8}",155.86,11073975296,Technology,Information Technology Services,7.3,3.9,False,193.39,-19.4,3,False,186.67,208.0,158.0,15.0,buy,19.8,114.65,-26.4,91.62,-41.2,3.37,5.26,1.56,32.8,2.38,1.22,True,-2.57,123.3,12.5,4.0,2026-08-18,True,False,9,STRONG,5.33,162.7,1.76,31.9,,,,2026-08-14T05:46:14.652832
BRO,"Brown & Brown, Inc.",64.8,⭐⭐ GOOD,🟡 Good,USD,USD,False,True,True,1.0,,90.0,50.0,45.0,75.0,50.0,15.0,24.0,False,up,26.9,False,0,6.7,False,0,"{'eps_growth_yoy': 26.9, 'positive_quarters': 4, 'earnings_accelerating': False, 'eps_accel_quarters': 0, 'profit_margin_pct': 18.1}","{'revenue_growth_yoy': 6.7, 'revenue_accelerating': False, 'rev_accel_quarters': 0}","{'rs_3m': 24.4, 'rs_6m': -11.3, 'rs_line_percentile': 24.0, 'rs_line_at_new_high': False, 'rs_line_trend': 'up', 'rs_line_score': 15}","{'roe_pct': 10.0, 'debt_to_equity': 0.64, 'current_ratio': 1.13, 'operating_margin_pct': 41.8}","{'days_to_earnings': 'N/A', 'recommendation': 'hold', 'analyst_upside_pct': 6.7}",71.61,23961448448,Financial Services,Insurance Brokers,6.6,5.8,False,98.3,-27.2,3,False,76.44,90.0,56.0,16.0,hold,6.7,85.88,19.9,31.5,-56.0,6.86,4.91,0.93,20.6,0.66,0.65,True,-2.62,4.7,2.8,73.0,2026-10-26,False,False,4,NEUTRAL,5.39,175.4,2.09,38.0,,,,2026-08-14T05:43:04.683169
NYT,The New York Times Company,64.5,⭐⭐ GOOD,🟡 Good,USD,USD,False,True,True,0.9952,"FCF declarado (459,932,128) se aparta del derivado de flujo operativo menos capex (624,278,976)",90.0,60.0,24.0,75.0,65.0,15.0,1.7,False,down,14.4,True,1,8.8,True,1,"{'eps_growth_yoy': 14.4, 'positive_quarters': 4, 'earnings_accelerating': True, 'eps_accel_quarters': 1, 'profit_margin_pct': 13.3}","{'revenue_growth_yoy': 8.8, 'revenue_accelerating': True, 'rev_accel_quarters': 1}","{'rs_3m': -19.0, 'rs_6m': -25.6, 'rs_line_percentile': 1.7, 'rs_line_at_new_high': False, 'rs_line_trend': 'down', 'rs_line_score': 15}","{'roe_pct': 19.7, 'current_ratio': 1.58, 'operating_margin_pct': 17.1}","{'days_to_earnings': 'N/A', 'recommendation': 'buy', 'analyst_upside_pct': 24.6}",64.13,10343115776,Communication Services,Publishing,8.6,8.9,True,87.1,-26.4,2,False,79.89,95.0,63.0,9.0,buy,24.6,66.38,3.5,33.6,-47.6,4.45,2.87,1.44,32.1,0.92,0.92,True,-1.69,857.1,14.0,82.0,2026-11-04,False,False,8,STRONG,4.67,52.8,1.46,55.8,1.6,0.03,-54.2,2026-08-14T05:47:43.565969
KR,The Kroger Co.,64.2,⭐⭐ GOOD,🟡 Good,USD,USD,False,True,True,1.0,,78.0,100.0,24.0,30.0,65.0,15.0,2.3,False,down,48.3,False,0,35.9,True,2,"{'eps_growth_yoy': 48.3, 'positive_quarters': 3, 'earnings_accelerating': False, 'eps_accel_quarters': 0, 'profit_margin_pct': 0.7}","{'revenue_growth_yoy': 35.9, 'revenue_accelerating': True, 'rev_accel_quarters': 2}","{'rs_3m': -18.1, 'rs_6m': -32.4, 'rs_line_percentile': 2.3, 'rs_line_at_new_high': False, 'rs_line_trend': 'down', 'rs_line_score': 15}","{'roe_pct': 13.8, 'debt_to_equity': 3.73, 'current_ratio': 0.79, 'operating_margin_pct': 3.2}","{'days_to_earnings': 'N/A', 'recommendation': 'buy', 'analyst_upside_pct': 23.2}",57.23,35061805056,Consumer Defensive,Grocery Stores,4.2,3.4,False,76.58,-25.3,1,False,70.5,86.0,58.0,22.0,buy,23.2,109.66,91.6,23.1,-59.6,8.54,4.89,2.57,80.1,1.44,2.02,True,-7.79,3.0,9.2,27.0,2026-09-10,False,False,7,NEUTRAL,2.75,5.9,0.78,27.8,,,,2026-08-14T05:47:03.510709
AXP,American Express Company,64.1,⭐⭐ GOOD,🟡 Good,USD,USD,False,True,True,1.0,,70.0,60.0,46.7,85.0,60.0,35.0,26.5,False,up,7.2,False,0,6.6,True,1,"{'eps_growth_yoy': 7.2, 'positive_quarters': 4, 'earnings_accelerating': False, 'eps_accel_quarters': 0, 'profit_margin_pct': 16.1}","{'revenue_growth_yoy': 6.6, 'revenue_accelerating': True, 'rev_accel_quarters': 1}","{'rs_3m': 5.9, 'rs_6m': -14.0, 'rs_line_percentile': 26.5, 'rs_line_at_new_high': False, 'rs_line_trend': 'up', 'rs_line_score': 35}","{'roe_pct': 34.4, 'debt_to_equity': 1.72, 'current_ratio': 1.55, 'operating_margin_pct': 20.3}","{'days_to_earnings': 'N/A', 'recommendation': 'buy', 'analyst_upside_pct': 9.3}",343.65,232070217728,Financial Services,Credit Services,2.3,3.8,False,387.49,-11.3,5,False,375.5,450.0,315.0,25.0,buy,9.3,486.59,41.6,181.06,-47.3,6.9,23.7,1.1,21.5,3.8,1.1,True,-3.22,,7.7,70.0,2026-10-23,False,False,4,NEUTRAL,,,1.55,26.1,0.4,0.02,-25.7,2026-08-14T05:45:38.210280
RSG,"Republic Services, Inc.",63.7,⭐⭐ GOOD,🟡 Good,USD,USD,False,True,True,1.0,"FCF declarado (1,942,625,024) se aparta del derivado de flujo operativo menos capex (2,655,000,128)",80.0,70.0,36.0,60.0,60.0,15.0,11.4,False,up,2.9,True,1,5.2,True,2,"{'eps_growth_yoy': 2.9, 'positive_quarters': 4, 'earnings_accelerating': True, 'eps_accel_quarters': 1, 'profit_margin_pct': 12.9}","{'revenue_growth_yoy': 5.2, 'revenue_accelerating': True, 'rev_accel_quarters': 2}","{'rs_3m': -0.8, 'rs_6m': -16.8, 'rs_line_percentile': 11.4, 'rs_line_at_new_high': False, 'rs_line_trend': 'up', 'rs_line_score': 15}","{'roe_pct': 18.2, 'debt_to_equity': 1.19, 'current_ratio': 0.64, 'operating_margin_pct': 20.4}","{'days_to_earnings': 'N/A', 'recommendation': 'buy', 'analyst_upside_pct': 14.6}",215.22,65903161344,Industrials,Waste Management,2.0,2.9,False,238.62,-9.8,4,False,246.58,272.0,208.0,24.0,buy,14.6,102.05,-52.6,71.0,-67.0,2.95,6.34,1.25,35.4,2.68,1.22,True,-2.23,5.3,3.6,76.0,2026-10-29,False,False,6,NEUTRAL,3.96,24.7,5.24,23.2,1.6,0.07,-21.6,2026-08-14T05:40:10.254721
AON,Aon plc,63.7,⭐⭐ GOOD,🟡 Good,USD,USD,False,True,True,1.0,,85.0,50.0,38.7,80.0,60.0,15.0,23.3,False,up,20.3,False,0,6.2,False,0,"{'eps_growth_yoy': 20.3, 'positive_quarters': 4, 'earnings_accelerating': False, 'eps_accel_quarters': 0, 'profit_margin_pct': 22.3}","{'revenue_growth_yoy': 6.2, 'revenue_accelerating': False, 'rev_accel_quarters': 0}","{'rs_3m': 9.2, 'rs_6m': -0.7, 'rs_line_percentile': 23.3, 'rs_line_at_new_high': False, 'rs_line_trend': 'up', 'rs_line_score': 15}","{'roe_pct': 44.7, 'debt_to_equity': 1.63, 'current_ratio': 1.03, 'operating_margin_pct': 23.5}","{'days_to_earnings': 'N/A', 'recommendation': 'buy', 'analyst_upside_pct': 12.7}",357.08,75745746944,Financial Services,Insurance Brokers,2.3,3.5,False,382.34,-6.6,5,False,402.47,445.0,339.0,19.0,buy,12.7,221.34,-38.0,183.9,-48.5,4.21,15.04,0.93,16.8,3.28,0.76,True,-2.11,7.7,-2.1,77.0,2026-10-30,False,False,8,STRONG,6.15,141.9,,27.1,0.8,0.03,-26.3,2026-08-14T05:41:31.418570
WCN,"Waste Connections, Inc.",63.2,⭐⭐ GOOD,🟡 Good,USD,USD,False,True,True,1.0,,80.0,70.0,38.7,50.0,65.0,15.0,16.7,False,up,3.5,True,1,4.2,True,2,"{'eps_growth_yoy': 3.5, 'positive_quarters': 4, 'earnings_accelerating': True, 'eps_accel_quarters': 1, 'profit_margin_pct': 10.9}","{'revenue_growth_yoy': 4.2, 'revenue_accelerating': True, 'rev_accel_quarters': 2}","{'rs_3m': 2.8, 'rs_6m': -9.1, 'rs_line_percentile': 16.7, 'rs_line_at_new_high': False, 'rs_line_trend': 'up', 'rs_line_score': 15}","{'roe_pct': 13.0, 'debt_to_equity': 1.22, 'current_ratio': 0.66, 'operating_margin_pct': 19.7}","{'days_to_earnings': 'N/A', 'recommendation': 'strong_buy', 'analyst_upside_pct': 21.4}",165.53,41642258432,Industrials,Waste Management,1.5,2.4,False,188.75,-12.3,3,False,201.0,230.0,162.0,25.0,strong_buy,21.4,65.1,-60.7,41.4,-75.0,2.52,4.17,0.85,33.0,1.4,0.69,True,-2.69,5.0,4.4,67.0,2026-10-20,False,False,6,NEUTRAL,3.42,19.4,6.06,21.9,,,,2026-08-14T05:38:58.277007
FCNCA,"First Citizens BancShares, Inc.",62.8,⭐⭐ GOOD,🟡 Good,USD,USD,False,True,False,0.911,"acciones × precio no cuadra con la capitalización (ratio 0.9110): el dato por acción y el precio no están en la misma unidad — típico de ADR. Los ratios por acción (EPS, FCF/acción, DCF) no son utilizables",95.0,30.0,60.3,65.0,50.0,60.0,59.1,False,up,18.3,True,1,-0.2,False,0,"{'eps_growth_yoy': 18.3, 'positive_quarters': 4, 'earnings_accelerating': True, 'eps_accel_quarters': 1, 'profit_margin_pct': 25.2}","{'revenue_growth_yoy': -0.2, 'revenue_accelerating': False, 'rev_accel_quarters': 0}","{'rs_3m': 12.9, 'rs_6m': -1.4, 'rs_line_percentile': 59.1, 'rs_line_at_new_high': False, 'rs_line_trend': 'up', 'rs_line_score': 60}","{'roe_pct': 10.7, 'operating_margin_pct': 39.0}","{'days_to_earnings': 'N/A', 'recommendation': 'hold', 'analyst_upside_pct': 3.1}",2268.09,25613813760,Financial Services,Banks - Regional,5.1,5.4,False,2296.3,-1.2,7,True,2338.5,2475.0,2100.0,12.0,hold,3.1,,,,,5.31,132.29,0.37,4.4,8.4,0.31,True,-12.89,,12.4,69.0,2026-10-22,False,False,5,NEUTRAL,,,0.37,33.6,,,,2026-08-14T05:48:47.546496
ETN,Eaton Corporation plc,62.7,⭐⭐ GOOD,🟡 Good,USD,USD,False,True,True,1.0,,50.0,70.0,68.3,70.0,60.0,80.0,86.8,False,up,-11.8,False,0,6.0,True,2,"{'eps_growth_yoy': -11.8, 'positive_quarters': 4, 'earnings_accelerating': False, 'eps_accel_quarters': 0, 'profit_margin_pct': 12.8}","{'revenue_growth_yoy': 6.0, 'revenue_accelerating': True, 'rev_accel_quarters': 2}","{'rs_3m': 7.1, 'rs_6m': 2.3, 'rs_line_percentile': 86.8, 'rs_line_at_new_high': False, 'rs_line_trend': 'up', 'rs_line_score': 80}","{'roe_pct': 19.7, 'debt_to_equity': 1.05, 'current_ratio': 1.24, 'operating_margin_pct': 16.6}","{'days_to_earnings': 'N/A', 'recommendation': 'buy', 'analyst_upside_pct': 5.1}",453.33,176028041216,Industrials,Specialty Industrial Machinery,1.8,2.9,False,478.0,-5.2,8,True,476.43,534.0,333.0,24.0,buy,5.1,117.7,-74.0,96.6,-78.7,1.76,8.0,0.96,43.6,4.4,1.55,True,-0.71,16.1,-15.9,81.0,2026-11-03,False,False,7,NEUTRAL,2.63,64.1,,53.0,0.4,0.01,-52.6,2026-08-14T05:44:16.906226
COF,Capital One Financial Corporation,62.6,⭐⭐ GOOD,🟡 Good,USD,USD,False,True,True,1.0,,75.0,60.0,50.3,60.0,60.0,35.0,38.1,False,up,-5.4,True,2,2.5,True,1,"{'eps_growth_yoy': -5.4, 'positive_quarters': 4, 'earnings_accelerating': True, 'eps_accel_quarters': 2, 'profit_margin_pct': 21.9}","{'revenue_growth_yoy': 2.5, 'revenue_accelerating': True, 'rev_accel_quarters': 1}","{'rs_3m': 16.8, 'rs_6m': -5.7, 'rs_line_percentile': 38.1, 'rs_line_at_new_high': False, 'rs_line_trend': 'up', 'rs_line_score': 35}","{'roe_pct': 9.0, 'operating_margin_pct': 33.6}","{'days_to_earnings': 'N/A', 'recommendation': 'buy', 'analyst_upside_pct': 14.6}",223.83,137319710720,Financial Services,Credit Services,2.0,2.4,False,259.64,-13.8,4,False,256.5,300.0,214.0,22.0,buy,14.6,1806.93,707.3,547.8,144.7,19.04,42.61,1.44,16.5,3.2,1.68,True,-6.62,,,67.0,2026-10-20,False,False,5,NEUTRAL,,,0.52,25.6,0.8,0.03,-24.8,2026-08-14T05:46:44.670868
VRSK,"Verisk Analytics, Inc.",62.2,⭐⭐ GOOD,🟡 Good,USD,USD,False,True,True,1.0,,75.0,60.0,42.3,65.0,65.0,15.0,13.4,False,flat,1.4,False,0,4.9,True,1,"{'eps_growth_yoy': 1.4, 'positive_quarters': 4, 'earnings_accelerating': False, 'eps_accel_quarters': 0, 'profit_margin_pct': 28.2}","{'revenue_growth_yoy': 4.9, 'revenue_accelerating': True, 'rev_accel_quarters': 1}","{'rs_3m': 14.6, 'rs_6m': -10.4, 'rs_line_percentile': 13.4, 'rs_line_at_new_high': False, 'rs_line_trend': 'flat', 'rs_line_score': 15}","{'current_ratio': 1.0, 'operating_margin_pct': 45.1}","{'days_to_earnings': 'N/A', 'recommendation': 'buy', 'analyst_upside_pct': 27.8}",185.94,24362201088,Industrials,Consulting Services,3.8,2.2,False,276.19,-32.7,0,False,237.71,275.0,195.0,17.0,buy,27.8,118.54,-36.2,67.1,-63.9,4.33,8.06,1.11,29.2,2.0,0.63,True,-8.83,6.9,-2.4,75.0,2026-10-28,False,False,7,NEUTRAL,4.75,113.1,,45.0,,,,2026-08-14T05:38:43.969034
TYL,"Tyler Technologies, Inc.",62.0,⭐⭐ GOOD,🟡 Good,USD,USD,False,True,True,1.0,,80.0,50.0,38.7,75.0,65.0,15.0,10.0,False,up,10.8,False,0,8.3,False,0,"{'eps_growth_yoy': 10.8, 'positive_quarters': 4, 'earnings_accelerating': False, 'eps_accel_quarters': 0, 'profit_margin_pct': 13.4}","{'revenue_growth_yoy': 8.3, 'revenue_accelerating': False, 'rev_accel_quarters': 0}","{'rs_3m': 5.7, 'rs_6m': -0.2, 'rs_line_percentile': 10.0, 'rs_line_at_new_high': False, 'rs_line_trend': 'up', 'rs_line_score': 15}","{'roe_pct': 9.7, 'debt_to_equity': 0.48, 'current_ratio': 1.55, 'operating_margin_pct': 14.7}","{'days_to_earnings': 'N/A', 'recommendation': 'buy', 'analyst_upside_pct': 29.7}",328.95,13471250432,Technology,Software - Application,9.9,4.4,True,578.19,-43.1,1,False,426.64,525.0,335.0,22.0,buy,29.7,356.81,8.5,122.3,-62.8,4.41,14.52,,,,,True,-6.89,65.3,15.5,75.0,2026-10-28,False,False,8,STRONG,2.83,139.0,1.38,52.8,0.4,0.01,-52.4,2026-08-14T05:41:39.732936
ASAZY,ASSA ABLOY AB (publ),62.0,⭐⭐ GOOD,🟡 Good,USD,SEK,True,True,False,0.9482,"acciones × precio no cuadra con la capitalización (ratio 0.9482): el dato por acción y el precio no están en la misma unidad — típico de ADR. Los ratios por acción (EPS, FCF/acción, DCF) no son utilizables | FCF declarado (1,926,201,272) se aparta del derivado de flujo operativo menos capex (18,638,",90.0,60.0,24.0,65.0,55.0,15.0,19.1,False,up,15.9,True,1,3.3,True,1,"{'eps_growth_yoy': 15.9, 'positive_quarters': 4, 'earnings_accelerating': True, 'eps_accel_quarters': 1, 'profit_margin_pct': 10.8}","{'revenue_growth_yoy': 3.3, 'revenue_accelerating': True, 'rev_accel_quarters': 1}","{'rs_3m': -1.1, 'rs_6m': -26.0, 'rs_line_percentile': 19.1, 'rs_line_at_new_high': False, 'rs_line_trend': 'up', 'rs_line_score': 15}","{'roe_pct': 15.6, 'debt_to_equity': 0.64, 'current_ratio': 1.01}","{'days_to_earnings': 'N/A', 'recommendation': 'none', 'analyst_upside_pct': 15.4}",18.84,41854050304,Industrials,Security & Protection Services,,,False,21.98,-14.3,5,False,21.74,21.74,21.74,1.0,none,15.4,,,,,4.6,0.91,1.76,41.9,0.33,1.7,False,,,8.0,74.0,2026-10-27,False,False,8,STRONG,,118.2,1.32,24.0,,,,2026-08-14T05:44:12.361618
FDS,FactSet Research Systems Inc.,62.0,⭐⭐ GOOD,🟡 Good,USD,USD,False,True,True,1.0,,65.0,60.0,65.0,70.0,40.0,35.0,30.4,False,up,-17.5,True,1,4.4,True,1,"{'eps_growth_yoy': -17.5, 'positive_quarters': 4, 'earnings_accelerating': True, 'eps_accel_quarters': 1, 'profit_margin_pct': 23.2}","{'revenue_growth_yoy': 4.4, 'revenue_accelerating': True, 'rev_accel_quarters': 1}","{'rs_3m': 40.2, 'rs_6m': 28.8, 'rs_line_percentile': 30.4, 'rs_line_at_new_high': False, 'rs_line_trend': 'up', 'rs_line_score': 35}","{'roe_pct': 27.0, 'debt_to_equity': 0.77, 'current_ratio': 0.68, 'operating_margin_pct': 30.5}","{'days_to_earnings': 'N/A', 'recommendation': 'hold', 'analyst_upside_pct': -11.2}",287.18,10213712896,Financial Services,Financial Data & Stock Exchanges,12.8,3.9,True,387.75,-25.9,4,False,255.06,340.0,210.0,16.0,hold,-11.2,256.99,-10.5,156.8,-45.4,6.08,17.47,1.67,29.4,4.64,1.0,True,-6.0,14.1,-3.8,34.0,2026-09-17,False,False,6,NEUTRAL,6.77,187.1,,50.2,0.8,0.02,-49.4,2026-08-14T05:44:46.817246
PAYX,"Paychex, Inc.",61.8,⭐⭐ GOOD,🟡 Good,USD,USD,False,True,True,1.0,"FCF declarado (2,321,800,000) se aparta del derivado de flujo operativo menos capex (944,300,000)",75.0,50.0,65.0,65.0,40.0,35.0,46.4,False,up,9.6,False,0,4.3,False,0,"{'eps_growth_yoy': 9.6, 'positive_quarters': 4, 'earnings_accelerating': False, 'eps_accel_quarters': 0, 'profit_margin_pct': 26.6}","{'revenue_growth_yoy': 4.3, 'revenue_accelerating': False, 'rev_accel_quarters': 0}","{'rs_3m': 38.4, 'rs_6m': 24.0, 'rs_line_percentile': 46.4, 'rs_line_at_new_high': False, 'rs_line_trend': 'up', 'rs_line_score': 35}","{'debt_to_equity': 1.24, 'current_ratio': 1.15, 'operating_margin_pct': 38.3}","{'days_to_earnings': 'N/A', 'recommendation': 'hold', 'analyst_upside_pct': -12.6}",125.4,44602630144,Technology,Software - Application,6.3,6.1,False,141.19,-11.2,5,False,109.57,150.0,95.0,14.0,hold,-12.6,276.83,120.8,152.7,21.8,5.21,6.53,3.95,90.6,4.76,2.83,True,-1.37,9.6,17.4,46.0,2026-09-29,False,False,7,NEUTRAL,5.37,106.4,0.45,34.9,,,,2026-08-14T05:40:58.985180
MTD,Mettler-Toledo International Inc.,61.6,⭐⭐ GOOD,🟡 Good,USD,USD,False,True,True,1.0,,85.0,40.0,63.0,50.0,60.0,60.0,52.5,False,up,7.1,True,1,-0.2,True,1,"{'eps_growth_yoy': 7.1, 'positive_quarters': 4, 'earnings_accelerating': True, 'eps_accel_quarters': 1, 'profit_margin_pct': 21.9}","{'revenue_growth_yoy': -0.2, 'revenue_accelerating': True, 'rev_accel_quarters': 1}","{'rs_3m': 33.1, 'rs_6m': -9.4, 'rs_line_percentile': 52.5, 'rs_line_at_new_high': False, 'rs_line_trend': 'up', 'rs_line_score': 60}","{'debt_to_equity': 166.68, 'current_ratio': 1.12, 'operating_margin_pct': 31.2}","{'days_to_earnings': 'N/A', 'recommendation': 'buy', 'analyst_upside_pct': 2.7}",1430.76,28667508736,Healthcare,Diagnostics & Research,4.5,4.5,False,1525.17,-6.2,5,False,1468.91,1600.0,1200.0,11.0,buy,2.7,949.22,-33.7,806.48,-43.6,2.42,34.62,,,,,True,-2.7,16.8,12.8,83.0,2026-11-05,False,False,6,NEUTRAL,3.63,110.6,1.51,26.7,1.6,0.06,-25.1,2026-08-14T05:42:55.903917
CB,Chubb Limited,61.6,⭐⭐ GOOD,🟡 Good,USD,USD,False,True,True,1.0,,80.0,50.0,46.7,65.0,60.0,35.0,37.2,False,up,1.9,True,1,-1.5,True,2,"{'eps_growth_yoy': 1.9, 'positive_quarters': 4, 'earnings_accelerating': True, 'eps_accel_quarters': 1, 'profit_margin_pct': 18.1}","{'revenue_growth_yoy': -1.5, 'revenue_accelerating': True, 'rev_accel_quarters': 2}","{'rs_3m': 3.7, 'rs_6m': -10.6, 'rs_line_percentile': 37.2, 'rs_line_at_new_high': False, 'rs_line_trend': 'up', 'rs_line_score': 35}","{'roe_pct': 14.8, 'debt_to_equity': 0.31, 'current_ratio': 0.41, 'operating_margin_pct': 23.5}","{'days_to_earnings': 'N/A', 'recommendation': 'buy', 'analyst_upside_pct': 6.0}",344.5,132908056576,Financial Services,Insurance - Property & Casualty,1.1,2.1,False,365.91,-5.9,6,False,365.26,425.0,306.0,23.0,buy,6.0,400.01,16.1,283.2,-17.8,7.89,27.19,1.19,13.9,4.08,1.44,True,-3.38,18.9,-0.5,74.0,2026-10-27,False,False,6,NEUTRAL,8.88,,,25.0,0.2,0.01,-24.8,2026-08-14T05:44:42.350860
MCD,McDonald's Corporation,61.5,⭐⭐ GOOD,🟡 Good,USD,USD,False,True,True,1.0,,85.0,60.0,24.0,65.0,65.0,15.0,1.4,False,down,3.7,True,1,0.3,True,1,"{'eps_growth_yoy': 3.7, 'positive_quarters': 4, 'earnings_accelerating': True, 'eps_accel_quarters': 1, 'profit_margin_pct': 31.7}","{'revenue_growth_yoy': 0.3, 'revenue_accelerating': True, 'rev_accel_quarters': 1}","{'rs_3m': -4.6, 'rs_6m': -31.8, 'rs_line_percentile': 1.4, 'rs_line_at_new_high': False, 'rs_line_trend': 'down', 'rs_line_score': 15}","{'current_ratio': 1.08, 'operating_margin_pct': 46.5}","{'days_to_earnings': 'N/A', 'recommendation': 'buy', 'analyst_upside_pct': 16.1}",272.25,192655409152,Consumer Cyclical,Restaurants,1.9,2.7,False,341.75,-20.3,1,False,316.06,407.0,250.0,31.0,buy,16.1,146.0,-46.4,121.4,-55.4,3.25,8.85,2.7,59.7,7.44,2.23,True,-1.21,7.9,4.0,83.0,2026-11-05,False,False,6,NEUTRAL,5.06,29.1,3.41,21.8,,,,2026-08-14T05:42:51.492610
VRSN,"VeriSign, Inc.",61.5,⭐⭐ GOOD,🟡 Good,USD,USD,False,True,True,1.0,,75.0,60.0,52.4,50.0,60.0,35.0,45.1,False,down,1.7,False,0,3.7,True,1,"{'eps_growth_yoy': 1.7, 'positive_quarters': 4, 'earnings_accelerating': False, 'eps_accel_quarters': 0, 'profit_margin_pct': 49.8}","{'revenue_growth_yoy': 3.7, 'revenue_accelerating': True, 'rev_accel_quarters': 1}","{'rs_3m': -6.0, 'rs_6m': 17.7, 'rs_line_percentile': 45.1, 'rs_line_at_new_high': False, 'rs_line_trend': 'down', 'rs_line_score': 35}","{'current_ratio': 0.59, 'operating_margin_pct': 68.2}","{'days_to_earnings': 'N/A', 'recommendation': 'buy', 'analyst_upside_pct': 10.7}",287.15,25958359040,Technology,Software - Infrastructure,2.1,2.4,False,312.48,-8.1,7,True,318.0,355.0,270.0,5.0,buy,10.7,165.22,-42.5,93.6,-67.4,3.21,9.21,1.15,34.3,3.24,,True,-3.47,15.5,5.4,69.0,2026-10-22,False,False,8,STRONG,4.21,512.5,3.4,38.4,0.8,0.02,-37.6,2026-08-14T05:40:18.866591
KVUE,Kenvue Inc.,61.3,⭐⭐ GOOD,🟡 Good,USD,USD,False,True,True,1.0,,80.0,50.0,46.7,70.0,50.0,35.0,36.7,False,up,14.6,False,0,5.1,False,0,"{'eps_growth_yoy': 14.6, 'positive_quarters': 4, 'earnings_accelerating': False, 'eps_accel_quarters': 0, 'profit_margin_pct': 10.8}","{'revenue_growth_yoy': 5.1, 'revenue_accelerating': False, 'rev_accel_quarters': 0}","{'rs_3m': 8.7, 'rs_6m': -8.9, 'rs_line_percentile': 36.7, 'rs_line_at_new_high': False, 'rs_line_trend': 'up', 'rs_line_score': 35}","{'roe_pct': 15.6, 'debt_to_equity': 0.82, 'current_ratio': 1.0, 'operating_margin_pct': 19.4}","{'days_to_earnings': 'N/A', 'recommendation': 'hold', 'analyst_upside_pct': 1.6}",19.2,36878852096,Consumer Defensive,Household & Personal Products,3.8,3.4,False,21.845,-12.1,7,True,19.5,23.0,18.0,12.0,hold,1.6,18.41,-4.1,8.6,-55.2,5.17,0.99,4.43,97.7,0.84,,True,-0.19,6.2,3.4,83.0,2026-11-05,False,False,7,NEUTRAL,5.47,109.8,1.83,21.4,1.6,0.07,-19.8,2026-08-14T05:48:20.012105
7741.T,HOYA Corporation,61.2,⭐⭐ GOOD,🟡 Good,JPY,JPY,False,True,True,1.0,,60.0,50.0,50.0,95.0,65.0,,,,,,,0,,,0,{'profit_margin_pct': 27.2},{},"{'rs_3m': -8.9, 'rs_6m': -17.7}","{'roe_pct': 26.5, 'debt_to_equity': 0.04, 'current_ratio': 4.91, 'operating_margin_pct': 32.4}","{'days_to_earnings': 'N/A', 'recommendation': 'strong_buy', 'analyst_upside_pct': 15.6}",26420.0,8838030819328,Healthcare,Medical Instruments & Supplies,,,False,30400.0,-13.1,5,False,30553.33,35000.0,23100.0,15.0,strong_buy,15.6,22662.71,-14.2,22310.4,-15.6,2.02,534.39,1.13,39.7,295.0,0.76,,,,30.0,77.0,2026-10-30,False,False,6,NEUTRAL,4.02,33.1,1.29,28.6,,,,2026-08-14T05:43:09.536746
CHD,"Church & Dwight Co., Inc.",61.1,⭐⭐ GOOD,🟡 Good,USD,USD,False,True,True,1.0,,90.0,30.0,46.7,75.0,60.0,35.0,31.9,False,up,13.2,True,1,-2.5,False,0,"{'eps_growth_yoy': 13.2, 'positive_quarters': 4, 'earnings_accelerating': True, 'eps_accel_quarters': 1, 'profit_margin_pct': 12.0}","{'revenue_growth_yoy': -2.5, 'revenue_accelerating': False, 'rev_accel_quarters': 0}","{'rs_3m': 3.2, 'rs_6m': -12.8, 'rs_line_percentile': 31.9, 'rs_line_at_new_high': False, 'rs_line_trend': 'up', 'rs_line_score': 35}","{'roe_pct': 17.0, 'debt_to_equity': 0.56, 'current_ratio': 1.15, 'operating_margin_pct': 18.1}","{'days_to_earnings': 'N/A', 'recommendation': 'buy', 'analyst_upside_pct': 4.0}",101.32,24033499136,Consumer Defensive,Household & Personal Products,5.0,5.8,False,106.04,-4.5,6,False,105.37,115.0,78.0,19.0,buy,4.0,74.93,-26.0,31.2,-69.2,3.91,3.96,1.21,38.6,1.23,1.16,True,-2.5,10.6,6.3,77.0,2026-10-30,False,False,7,NEUTRAL,4.01,114.1,2.79,21.4,,,,2026-08-14T05:44:08.241974
ITW,Illinois Tool Works Inc.,60.8,⭐⭐ GOOD,🟡 Good,USD,USD,False,True,True,1.0,,70.0,60.0,50.3,65.0,50.0,35.0,45.1,False,up,-0.7,True,2,6.0,True,1,"{'eps_growth_yoy': -0.7, 'positive_quarters': 4, 'earnings_accelerating': True, 'eps_accel_quarters': 2, 'profit_margin_pct': 19.4}","{'revenue_growth_yoy': 6.0, 'revenue_accelerating': True, 'rev_accel_quarters': 1}","{'rs_3m': 12.5, 'rs_6m': -16.1, 'rs_line_percentile': 45.1, 'rs_line_at_new_high': False, 'rs_line_trend': 'up', 'rs_line_score': 35}","{'roe_pct': 104.6, 'debt_to_equity': 3.35, 'current_ratio': 1.11, 'operating_margin_pct': 26.9}","{'days_to_earnings': 'N/A', 'recommendation': 'hold', 'analyst_upside_pct': 3.7}",290.98,82871107584,Industrials,Specialty Industrial Machinery,3.1,5.7,False,303.16,-4.0,6,False,301.79,350.0,249.0,14.0,hold,3.7,169.1,-41.9,110.8,-61.9,2.94,8.54,2.35,58.3,6.88,2.26,True,-2.26,14.6,4.0,70.0,2026-10-23,False,False,5,NEUTRAL,4.64,118.3,2.32,28.3,,,,2026-08-14T05:43:59.214978
FHN,First Horizon Corporation,60.6,⭐⭐ GOOD,🟡 Good,USD,USD,False,True,True,1.0,"FCF declarado (595,000,000) se aparta del derivado de flujo operativo menos capex (1,026,000,000)",85.0,40.0,46.7,65.0,60.0,35.0,45.9,False,up,3.1,True,1,-0.5,True,1,"{'eps_growth_yoy': 3.1, 'positive_quarters': 4, 'earnings_accelerating': True, 'eps_accel_quarters': 1, 'profit_margin_pct': 30.2}","{'revenue_growth_yoy': -0.5, 'revenue_accelerating': True, 'rev_accel_quarters': 1}","{'rs_3m': 6.2, 'rs_6m': -7.2, 'rs_line_percentile': 45.9, 'rs_line_at_new_high': False, 'rs_line_trend': 'up', 'rs_line_score': 35}","{'roe_pct': 11.5, 'operating_margin_pct': 41.3}","{'days_to_earnings': 'N/A', 'recommendation': 'buy', 'analyst_upside_pct': 8.0}",26.02,12327682048,Financial Services,Banks - Regional,0.0,0.0,False,26.56,-2.0,7,True,28.11,31.0,25.0,19.0,buy,8.0,36.77,41.3,41.6,59.9,4.83,1.26,2.63,30.8,0.68,3.3,True,-7.61,,14.0,61.0,2026-10-14,False,False,5,NEUTRAL,,,0.56,19.1,,,,2026-08-14T05:48:42.975659
STZ,"Constellation Brands, Inc.",60.3,⭐⭐ GOOD,🟡 Good,USD,USD,False,True,True,0.9997,,100.0,40.0,24.0,60.0,65.0,15.0,6.3,False,flat,40.3,True,1,-1.9,True,1,"{'eps_growth_yoy': 40.3, 'positive_quarters': 4, 'earnings_accelerating': True, 'eps_accel_quarters': 1, 'profit_margin_pct': 20.1}","{'revenue_growth_yoy': -1.9, 'revenue_accelerating': True, 'rev_accel_quarters': 1}","{'rs_3m': -6.5, 'rs_6m': -29.6, 'rs_line_percentile': 6.3, 'rs_line_at_new_high': False, 'rs_line_trend': 'flat', 'rs_line_score': 15}","{'roe_pct': 23.7, 'debt_to_equity': 1.23, 'current_ratio': 0.91, 'operating_margin_pct': 35.9}","{'days_to_earnings': 'N/A', 'recommendation': 'buy', 'analyst_upside_pct': 25.3}",136.35,23289174016,Consumer Defensive,Beverages - Brewers,6.1,3.9,False,171.0,-20.3,3,False,170.83,209.0,115.0,23.0,buy,25.3,549.0,302.6,320.7,135.2,9.49,12.95,3.08,39.0,4.12,1.78,True,-3.61,8.2,21.5,52.0,2026-10-05,False,False,6,NEUTRAL,8.05,29.4,0.36,24.3,,,,2026-08-14T05:47:30.372993
UBER,"Uber Technologies, Inc.",60.0,⭐ AVERAGE,🟡 Average,USD,USD,False,True,True,1.0,"FCF declarado (7,244,749,824) se aparta del derivado de flujo operativo menos capex (10,088,000,512)",70.0,60.0,36.0,65.0,70.0,15.0,14.2,False,up,-63.9,True,2,5.4,True,1,"{'eps_growth_yoy': -63.9, 'positive_quarters': 4, 'earnings_accelerating': True, 'eps_accel_quarters': 2, 'profit_margin_pct': 17.3}","{'revenue_growth_yoy': 5.4, 'revenue_accelerating': True, 'rev_accel_quarters': 1}","{'rs_3m': -2.6, 'rs_6m': -8.2, 'rs_line_percentile': 14.2, 'rs_line_at_new_high': False, 'rs_line_trend': 'up', 'rs_line_score': 15}","{'roe_pct': 37.2, 'debt_to_equity': 0.52, 'current_ratio': 0.84, 'operating_margin_pct': 13.3}","{'days_to_earnings': 'N/A', 'recommendation': 'buy', 'analyst_upside_pct': 33.8}",75.88,154989461504,Technology,Software - Application,2.4,2.9,False,101.99,-25.6,1,False,101.5,150.0,70.0,47.0,buy,33.8,150.42,98.2,137.7,81.5,4.67,3.55,,,,,True,-4.45,15.5,85.5,81.0,2026-11-03,False,False,6,NEUTRAL,3.77,133.2,0.2,47.4,0.2,0.0,-47.2,2026-08-14T05:48:06.086241
OTIS,Otis Worldwide Corporation,60.0,⭐⭐ GOOD,🟡 Good,USD,USD,False,True,True,1.0,,90.0,60.0,24.0,45.0,65.0,15.0,4.7,False,flat,14.4,True,1,4.6,True,1,"{'eps_growth_yoy': 14.4, 'positive_quarters': 4, 'earnings_accelerating': True, 'eps_accel_quarters': 1, 'profit_margin_pct': 10.2}","{'revenue_growth_yoy': 4.6, 'revenue_accelerating': True, 'rev_accel_quarters': 1}","{'rs_3m': -3.9, 'rs_6m': -32.2, 'rs_line_percentile': 4.7, 'rs_line_at_new_high': False, 'rs_line_trend': 'flat', 'rs_line_score': 15}","{'current_ratio': 0.83, 'operating_margin_pct': 15.1}","{'days_to_earnings': 'N/A', 'recommendation': 'buy', 'analyst_upside_pct': 22.4}",73.03,27800281088,Industrials,Specialty Industrial Machinery,4.3,3.7,False,94.565,-22.8,2,False,89.42,107.0,75.0,12.0,buy,22.4,83.98,15.0,49.92,-31.6,5.17,3.77,2.38,43.7,1.76,1.5,True,-3.79,,9.1,75.0,2026-10-28,False,False,6,NEUTRAL,6.14,171.1,1.22,25.6,,,,2026-08-14T05:43:40.668840
NOW,"ServiceNow, Inc.",59.8,⭐ AVERAGE,🟡 Average,USD,USD,False,True,True,1.0,,50.0,80.0,56.6,50.0,60.0,35.0,26.3,False,up,-40.6,False,0,17.0,True,2,"{'eps_growth_yoy': -40.6, 'positive_quarters': 4, 'earnings_accelerating': False, 'eps_accel_quarters': 0, 'profit_margin_pct': 11.3}","{'revenue_growth_yoy': 17.0, 'revenue_accelerating': True, 'rev_accel_quarters': 2}","{'rs_3m': 36.4, 'rs_6m': 8.4, 'rs_line_percentile': 26.3, 'rs_line_at_new_high': False, 'rs_line_trend': 'up', 'rs_line_score': 35}","{'roe_pct': 14.2, 'debt_to_equity': 0.68, 'current_ratio': 0.7, 'operating_margin_pct': 4.1}","{'days_to_earnings': 'N/A', 'recommendation': 'strong_buy', 'analyst_upside_pct': 10.2}",127.25,131558940672,Technology,Software - Application,3.6,1.5,False,194.726,-34.7,3,False,140.25,248.0,72.0,46.0,strong_buy,10.2,73.29,-42.4,16.3,-87.2,3.91,4.98,,,,,True,-2.59,29.3,-21.9,75.0,2026-10-28,False,False,4,NEUTRAL,1.69,73.1,,60.3,,,,2026-08-14T05:43:26.887742
ORLY,"O'Reilly Automotive, Inc.",59.7,⭐ AVERAGE,🟡 Average,USD,USD,False,True,True,1.0,"FCF declarado (1,570,733,824) se aparta del derivado de flujo operativo menos capex (2,120,623,976)",70.0,70.0,36.0,50.0,65.0,15.0,16.6,False,up,-1.5,True,2,4.0,True,2,"{'eps_growth_yoy': -1.5, 'positive_quarters': 4, 'earnings_accelerating': True, 'eps_accel_quarters': 2, 'profit_margin_pct': 14.3}","{'revenue_growth_yoy': 4.0, 'revenue_accelerating': True, 'rev_accel_quarters': 2}","{'rs_3m': -1.0, 'rs_6m': -17.5, 'rs_line_percentile': 16.6, 'rs_line_at_new_high': False, 'rs_line_trend': 'up', 'rs_line_score': 15}","{'current_ratio': 0.75, 'operating_margin_pct': 20.2}","{'days_to_earnings': 'N/A', 'recommendation': 'buy', 'analyst_upside_pct': 16.8}",92.58,74893590528,Consumer Cyclical,Auto Parts,3.1,2.8,False,108.72,-14.8,2,False,108.17,120.0,89.0,24.0,buy,16.8,38.75,-58.1,32.65,-64.7,2.1,1.94,,,,,True,-4.48,14.4,10.3,75.0,2026-10-28,False,False,7,NEUTRAL,4.13,40.2,2.46,31.8,,,,2026-08-14T05:43:14.320782
SBGSY,Schneider Electric S.E.,59.2,⭐ AVERAGE,🟡 Average,USD,EUR,True,True,True,1.0,,55.0,50.0,64.7,75.0,60.0,80.0,86.9,False,up,,,0,,,0,{'profit_margin_pct': 11.3},{},"{'rs_3m': 9.3, 'rs_6m': -0.1, 'rs_line_percentile': 86.9, 'rs_line_at_new_high': False, 'rs_line_trend': 'up', 'rs_line_score': 80}","{'roe_pct': 18.6, 'debt_to_equity': 0.84, 'current_ratio': 1.09, 'operating_margin_pct': 18.2}","{'days_to_earnings': 'N/A', 'recommendation': 'strong_buy', 'analyst_upside_pct': 9.1}",71.33,200488271872,Industrials,Specialty Industrial Machinery,,,False,71.98,-0.9,8,True,77.8,79.0,76.0,3.0,strong_buy,9.1,91.28,28.0,57.13,-19.9,3.09,2.21,1.37,49.7,0.98,1.79,,,,29.3,195.0,2027-02-25,False,False,6,NEUTRAL,3.1,74.6,0.85,48.8,,,,2026-08-14T05:44:33.934904
SPGI,S&P Global Inc.,59.0,⭐ AVERAGE,🟡 Average,USD,USD,False,True,True,1.0,,75.0,50.0,38.7,65.0,65.0,15.0,10.7,False,up,3.5,False,0,6.6,False,0,"{'eps_growth_yoy': 3.5, 'positive_quarters': 4, 'earnings_accelerating': False, 'eps_accel_quarters': 0, 'profit_margin_pct': 30.5}","{'revenue_growth_yoy': 6.6, 'revenue_accelerating': False, 'rev_accel_quarters': 0}","{'rs_3m': 6.6, 'rs_6m': -1.8, 'rs_line_percentile': 10.7, 'rs_line_at_new_high': False, 'rs_line_trend': 'up', 'rs_line_score': 15}","{'roe_pct': 14.3, 'debt_to_equity': 0.43, 'current_ratio': 0.95, 'operating_margin_pct': 44.8}","{'days_to_earnings': 'N/A', 'recommendation': 'strong_buy', 'analyst_upside_pct': 22.3}",422.67,124603121664,Financial Services,Financial Data & Stock Exchanges,3.0,4.0,False,534.7966,-21.0,2,False,516.95,553.0,444.0,20.0,strong_buy,22.3,495.13,17.1,300.01,-29.0,4.37,18.48,0.95,23.5,3.88,0.82,True,-4.17,22.7,17.7,76.0,2026-10-29,False,False,7,NEUTRAL,4.61,942.7,1.18,29.9,0.8,0.03,-29.1,2026-08-14T05:39:39.913198
ADP,"Automatic Data Processing, Inc.",59.0,⭐ AVERAGE,🟡 Average,USD,USD,False,True,True,1.0,,55.0,50.0,61.4,85.0,50.0,35.0,40.1,False,up,-3.4,False,0,5.8,False,0,"{'eps_growth_yoy': -3.4, 'positive_quarters': 4, 'earnings_accelerating': False, 'eps_accel_quarters': 0, 'profit_margin_pct': 20.1}","{'revenue_growth_yoy': 5.8, 'revenue_accelerating': False, 'rev_accel_quarters': 0}","{'rs_3m': 29.3, 'rs_6m': 18.9, 'rs_line_percentile': 40.1, 'rs_line_at_new_high': False, 'rs_line_trend': 'up', 'rs_line_score': 35}","{'roe_pct': 72.2, 'debt_to_equity': 0.91, 'current_ratio': 1.05, 'operating_margin_pct': 23.5}","{'days_to_earnings': 'N/A', 'recommendation': 'hold', 'analyst_upside_pct': 3.8}",276.23,109735895040,Technology,Software - Application,3.7,5.3,False,310.08,-10.9,5,False,286.67,322.0,225.0,15.0,hold,3.8,258.07,-6.6,112.1,-59.4,4.78,13.2,2.52,60.7,6.8,2.04,True,-1.9,13.5,3.9,75.0,2026-10-28,False,False,6,NEUTRAL,5.58,173.6,2.1,32.7,,,,2026-08-14T05:39:25.408774
ZTS,Zoetis Inc.,59.0,⭐ AVERAGE,🟡 Average,USD,USD,False,True,True,1.0,,75.0,60.0,24.0,65.0,70.0,15.0,2.4,False,down,-4.2,True,2,2.8,True,1,"{'eps_growth_yoy': -4.2, 'positive_quarters': 4, 'earnings_accelerating': True, 'eps_accel_quarters': 2, 'profit_margin_pct': 27.7}","{'revenue_growth_yoy': 2.8, 'revenue_accelerating': True, 'rev_accel_quarters': 1}","{'rs_3m': -3.1, 'rs_6m': -53.7, 'rs_line_percentile': 2.4, 'rs_line_at_new_high': False, 'rs_line_trend': 'down', 'rs_line_score': 15}","{'roe_pct': 64.9, 'debt_to_equity': 2.94, 'current_ratio': 3.08, 'operating_margin_pct': 40.7}","{'days_to_earnings': 'N/A', 'recommendation': 'buy', 'analyst_upside_pct': 33.1}",75.84,31338876928,Healthcare,Drug Manufacturers - Specialty & Generic,5.9,3.8,False,160.48,-52.7,0,False,100.94,160.0,80.0,16.0,buy,33.1,71.82,-5.3,63.3,-16.5,6.44,4.88,2.88,33.6,2.12,0.95,True,-11.63,14.7,0.8,81.0,2026-11-03,False,False,6,NEUTRAL,9.2,42.1,9.39,37.4,,,,2026-08-14T05:40:32.277832
AUTO.L,Autotrader Group plc,59.0,⭐ AVERAGE,🟡 Average,GBp,GBP,True,True,False,100.0,"acciones × precio no cuadra con la capitalización (ratio 100.0000): el dato por acción y el precio no están en la misma unidad — típico de ADR. Los ratios por acción (EPS, FCF/acción, DCF) no son utilizables",60.0,50.0,50.0,90.0,50.0,,,,,,,0,,,0,{'profit_margin_pct': 47.1},{},"{'rs_3m': nan, 'rs_6m': nan}","{'roe_pct': 60.2, 'debt_to_equity': 0.52, 'current_ratio': 1.73, 'operating_margin_pct': 62.2}","{'days_to_earnings': 'N/A', 'recommendation': 'hold', 'analyst_upside_pct': 6.9}",525.8,4101565952,Communication Services,Internet Content & Information,,,False,831.2,-36.7,0,False,562.06,800.0,410.0,18.0,hold,6.9,,,,,5.94,0.31,2.21,32.0,12.0,1.35,,,,2.0,83.0,2026-11-05,False,False,5,NEUTRAL,8.83,332.4,2.36,31.5,,,,2026-08-14T05:46:18.640395
MSI,"Motorola Solutions, Inc.",58.8,⭐ AVERAGE,🟡 Average,USD,USD,False,True,True,1.0,"FCF declarado (1,979,000,064) se aparta del derivado de flujo operativo menos capex (2,709,000,128)",60.0,60.0,50.3,65.0,60.0,35.0,34.0,False,up,-0.9,True,1,4.1,True,1,"{'eps_growth_yoy': -0.9, 'positive_quarters': 4, 'earnings_accelerating': True, 'eps_accel_quarters': 1, 'profit_margin_pct': 17.4}","{'revenue_growth_yoy': 4.1, 'revenue_accelerating': True, 'rev_accel_quarters': 1}","{'rs_3m': 12.6, 'rs_6m': -11.7, 'rs_line_percentile': 34.0, 'rs_line_at_new_high': False, 'rs_line_trend': 'up', 'rs_line_score': 35}","{'roe_pct': 91.6, 'debt_to_equity': 3.58, 'current_ratio': 1.1, 'operating_margin_pct': 27.4}","{'days_to_earnings': 'N/A', 'recommendation': 'buy', 'analyst_upside_pct': 12.4}",465.04,76961234944,Technology,Communication Equipment,2.7,4.4,False,493.57,-5.8,4,False,522.73,550.0,476.0,11.0,buy,12.4,230.97,-50.3,125.6,-73.0,2.57,11.96,1.03,37.2,4.84,1.11,True,-1.34,7.3,9.5,83.0,2026-11-05,False,False,6,NEUTRAL,3.69,161.2,2.57,35.5,0.8,0.02,-34.7,2026-08-14T05:39:35.554439
PEP,"PepsiCo, Inc.",58.5,⭐ AVERAGE,🟡 Average,USD,USD,False,True,True,1.0,,90.0,60.0,24.0,45.0,50.0,15.0,3.8,False,down,14.5,True,1,1.0,True,1,"{'eps_growth_yoy': 14.5, 'positive_quarters': 4, 'earnings_accelerating': True, 'eps_accel_quarters': 1, 'profit_margin_pct': 10.8}","{'revenue_growth_yoy': 1.0, 'revenue_accelerating': True, 'rev_accel_quarters': 1}","{'rs_3m': -8.7, 'rs_6m': -29.0, 'rs_line_percentile': 3.8, 'rs_line_at_new_high': False, 'rs_line_trend': 'down', 'rs_line_score': 15}","{'roe_pct': 51.5, 'debt_to_equity': 2.39, 'current_ratio': 0.93, 'operating_margin_pct': 16.8}","{'days_to_earnings': 'N/A', 'recommendation': 'none', 'analyst_upside_pct': 10.2}",140.62,192086917120,Consumer Defensive,Beverages - Non-Alcoholic,2.4,3.1,False,171.48,-18.0,3,False,155.0,183.0,124.0,22.0,none,10.2,243.14,72.9,231.9,64.9,4.08,5.73,4.27,75.3,5.92,3.03,True,-0.51,12.7,68.5,55.0,2026-10-08,False,False,5,NEUTRAL,4.84,33.8,0.11,20.6,0.4,0.02,-20.2,2026-08-14T05:45:33.299377
SXYAY,Sika AG,57.3,⭐ AVERAGE,🟡 Average,USD,CHF,True,True,True,1.0,"FCF declarado (1,259,345,196) se aparta del derivado de flujo operativo menos capex (1,688,540,908)",50.0,50.0,66.6,70.0,60.0,60.0,51.0,False,up,,,0,,,0,{'profit_margin_pct': 9.4},{},"{'rs_3m': 26.2, 'rs_6m': 3.3, 'rs_line_percentile': 51.0, 'rs_line_at_new_high': False, 'rs_line_trend': 'up', 'rs_line_score': 60}","{'roe_pct': 16.0, 'debt_to_equity': 0.89, 'current_ratio': 1.3, 'operating_margin_pct': 14.3}","{'days_to_earnings': 'N/A', 'recommendation': 'buy', 'analyst_upside_pct': 4.9}",23.5,37703221248,Basic Materials,Specialty Chemicals,,,False,24.21,-2.9,6,False,24.65,26.3,23.0,2.0,buy,4.9,11.55,-50.9,7.9,-66.4,3.34,0.78,1.95,57.0,0.46,1.36,,,,-0.3,,,False,False,7,NEUTRAL,3.51,45.5,,45.5,,,,2026-08-14T05:43:54.814115
ROL,"Rollins, Inc.",56.8,⭐ AVERAGE,🟡 Average,USD,USD,False,True,True,1.0,,70.0,70.0,15.0,65.0,55.0,15.0,0.0,False,down,-12.0,True,2,5.1,True,2,"{'eps_growth_yoy': -12.0, 'positive_quarters': 4, 'earnings_accelerating': True, 'eps_accel_quarters': 2, 'profit_margin_pct': 13.6}","{'revenue_growth_yoy': 5.1, 'revenue_accelerating': True, 'rev_accel_quarters': 2}","{'rs_3m': -36.1, 'rs_6m': -52.4, 'rs_line_percentile': 0.0, 'rs_line_at_new_high': False, 'rs_line_trend': 'down', 'rs_line_score': 15}","{'roe_pct': 37.0, 'debt_to_equity': 0.78, 'current_ratio': 0.63, 'operating_margin_pct': 18.8}","{'days_to_earnings': 'N/A', 'recommendation': 'hold', 'analyst_upside_pct': 25.9}",36.22,17427087360,Consumer Cyclical,Personal Services,6.5,3.2,False,66.14,-45.2,0,False,45.59,66.0,32.0,17.0,hold,25.9,15.41,-57.5,10.9,-69.9,2.88,1.04,2.0,64.9,0.73,1.15,True,-1.4,21.8,1.2,75.0,2026-10-28,False,False,6,NEUTRAL,3.96,132.5,8.96,38.3,,,,2026-08-14T05:39:30.606139
DHR,Danaher Corporation,56.6,⭐ AVERAGE,🟡 Average,USD,USD,False,True,True,1.0,,50.0,60.0,50.3,70.0,60.0,35.0,32.0,False,up,-4.2,False,0,3.5,True,1,"{'eps_growth_yoy': -4.2, 'positive_quarters': 4, 'earnings_accelerating': False, 'eps_accel_quarters': 0, 'profit_margin_pct': 15.9}","{'revenue_growth_yoy': 3.5, 'revenue_accelerating': True, 'rev_accel_quarters': 1}","{'rs_3m': 19.9, 'rs_6m': -19.5, 'rs_line_percentile': 32.0, 'rs_line_at_new_high': False, 'rs_line_trend': 'up', 'rs_line_score': 35}","{'roe_pct': 7.6, 'debt_to_equity': 0.53, 'current_ratio': 1.65, 'operating_margin_pct': 19.8}","{'days_to_earnings': 'N/A', 'recommendation': 'strong_buy', 'analyst_upside_pct': 11.8}",203.89,143331819520,Healthcare,Diagnostics & Research,1.9,1.9,False,242.8,-16.0,3,False,227.96,310.0,195.0,23.0,strong_buy,11.8,260.92,28.0,168.6,-17.3,3.02,6.15,0.78,25.7,1.6,0.44,True,-2.03,17.3,59.7,67.0,2026-10-20,False,False,5,NEUTRAL,2.7,39.2,0.37,52.2,0.8,0.01,-51.4,2026-08-14T05:43:35.723047
LSEG.L,London Stock Exchange Group plc,56.5,⭐ AVERAGE,🟡 Average,GBp,GBP,True,True,False,100.0,"acciones × precio no cuadra con la capitalización (ratio 100.0000): el dato por acción y el precio no están en la misma unidad — típico de ADR. Los ratios por acción (EPS, FCF/acción, DCF) no son utilizables",55.0,50.0,50.0,70.0,70.0,,,,,,,0,,,0,{'profit_margin_pct': 14.6},{},"{'rs_3m': nan, 'rs_6m': nan}","{'roe_pct': 7.7, 'debt_to_equity': 0.64, 'current_ratio': 1.0, 'operating_margin_pct': 29.0}","{'days_to_earnings': 'N/A', 'recommendation': 'strong_buy', 'analyst_upside_pct': 39.2}",8556.0,41530503168,Financial Services,Financial Data & Stock Exchanges,,,False,10140.0,-15.6,0,False,11910.67,13630.0,10400.0,15.0,strong_buy,39.2,,,,,4.14,3.54,1.81,53.9,158.0,1.28,,,,33.7,195.0,2027-02-25,False,False,7,NEUTRAL,4.23,305.7,0.47,33.0,,,,2026-08-14T05:42:34.010704
MSCI,MSCI Inc.,56.2,⭐ AVERAGE,🟡 Average,USD,USD,False,True,True,1.0,,75.0,50.0,36.0,50.0,65.0,15.0,6.5,False,down,5.1,False,0,9.3,False,0,"{'eps_growth_yoy': 5.1, 'positive_quarters': 4, 'earnings_accelerating': False, 'eps_accel_quarters': 0, 'profit_margin_pct': 40.7}","{'revenue_growth_yoy': 9.3, 'revenue_accelerating': False, 'rev_accel_quarters': 0}","{'rs_3m': -2.9, 'rs_6m': -3.8, 'rs_line_percentile': 6.5, 'rs_line_at_new_high': False, 'rs_line_trend': 'down', 'rs_line_score': 15}","{'current_ratio': 0.89, 'operating_margin_pct': 56.3}","{'days_to_earnings': 'N/A', 'recommendation': 'strong_buy', 'analyst_upside_pct': 20.3}",575.24,41819947008,Financial Services,Financial Data & Stock Exchanges,2.0,1.6,False,644.77,-10.8,5,False,692.06,760.0,570.0,17.0,strong_buy,20.3,473.77,-17.6,366.52,-36.3,2.86,16.43,1.46,42.1,8.2,1.01,True,-6.49,7.2,19.6,67.0,2026-10-20,False,False,8,STRONG,3.55,851.3,1.3,42.9,0.8,0.02,-42.1,2026-08-14T05:40:45.132232
ECL,Ecolab Inc.,56.1,⭐ AVERAGE,🟡 Average,USD,USD,False,True,True,1.0,"FCF declarado (1,474,824,960) se aparta del derivado de flujo operativo menos capex (2,008,500,000)",60.0,60.0,26.7,75.0,65.0,15.0,21.0,False,up,-8.6,True,1,6.0,True,1,"{'eps_growth_yoy': -8.6, 'positive_quarters': 4, 'earnings_accelerating': True, 'eps_accel_quarters': 1, 'profit_margin_pct': 12.6}","{'revenue_growth_yoy': 6.0, 'revenue_accelerating': True, 'rev_accel_quarters': 1}","{'rs_3m': 7.1, 'rs_6m': -22.4, 'rs_line_percentile': 21.0, 'rs_line_at_new_high': False, 'rs_line_trend': 'up', 'rs_line_score': 15}","{'roe_pct': 22.0, 'debt_to_equity': 1.38, 'current_ratio': 1.84, 'operating_margin_pct': 18.5}","{'days_to_earnings': 'N/A', 'recommendation': 'buy', 'analyst_upside_pct': 17.5}",276.26,77443579904,Basic Materials,Specialty Chemicals,1.3,2.5,False,309.27,-10.7,6,False,324.67,360.0,295.0,21.0,buy,17.5,78.41,-71.6,74.0,-73.2,1.9,5.26,1.05,38.1,2.92,1.06,True,-1.62,9.1,3.3,74.0,2026-10-27,False,False,6,NEUTRAL,3.31,52.2,8.87,24.7,0.8,0.03,-23.9,2026-08-14T05:42:12.003087
TW,Tradeweb Markets Inc.,56.0,⭐ AVERAGE,🟡 Average,USD,USD,False,True,False,0.5322,"acciones × precio no cuadra con la capitalización (ratio 0.5322): el dato por acción y el precio no están en la misma unidad — típico de ADR. Los ratios por acción (EPS, FCF/acción, DCF) no son utilizables",65.0,50.0,24.0,85.0,65.0,15.0,14.0,False,up,-2.3,True,1,9.9,False,0,"{'eps_growth_yoy': -2.3, 'positive_quarters': 4, 'earnings_accelerating': True, 'eps_accel_quarters': 1, 'profit_margin_pct': 40.7}","{'revenue_growth_yoy': 9.9, 'revenue_accelerating': False, 'rev_accel_quarters': 0}","{'rs_3m': -8.1, 'rs_6m': -22.8, 'rs_line_percentile': 14.0, 'rs_line_at_new_high': False, 'rs_line_trend': 'up', 'rs_line_score': 15}","{'roe_pct': 14.5, 'debt_to_equity': 0.02, 'current_ratio': 6.79, 'operating_margin_pct': 43.8}","{'days_to_earnings': 'N/A', 'recommendation': 'buy', 'analyst_upside_pct': 17.4}",105.53,23008284672,Financial Services,Capital Markets,3.4,2.1,False,132.03,-20.1,3,False,123.86,178.0,98.0,14.0,buy,17.4,,,,,4.63,9.17,0.54,12.4,0.56,0.4,True,-1.49,633.6,13.8,76.0,2026-10-29,False,False,8,STRONG,5.59,57.1,1.17,43.4,,,,2026-08-14T05:41:22.776852
AWK,"American Water Works Company, Inc.",56.0,⭐ AVERAGE,🟡 Average,USD,USD,False,True,True,1.0,"FCF declarado (-1,785,374,976) se aparta del derivado de flujo operativo menos capex (-966,999,872)",75.0,50.0,38.7,55.0,50.0,15.0,24.5,False,up,-16.9,True,2,-6.6,True,2,"{'eps_growth_yoy': -16.9, 'positive_quarters': 4, 'earnings_accelerating': True, 'eps_accel_quarters': 2, 'profit_margin_pct': 21.3}","{'revenue_growth_yoy': -6.6, 'revenue_accelerating': True, 'rev_accel_quarters': 2}","{'rs_3m': 4.8, 'rs_6m': -7.0, 'rs_line_percentile': 24.5, 'rs_line_at_new_high': False, 'rs_line_trend': 'up', 'rs_line_score': 15}","{'roe_pct': 10.1, 'debt_to_equity': 1.38, 'current_ratio': 0.52, 'operating_margin_pct': 40.7}","{'days_to_earnings': 'N/A', 'recommendation': 'hold', 'analyst_upside_pct': 2.9}",136.46,27118559232,Utilities,Utilities - Regulated Water,7.8,5.2,False,147.87,-7.7,5,False,140.36,155.0,128.0,11.0,hold,2.9,,,58.4,-57.2,-6.58,-8.98,2.65,58.5,3.58,2.02,False,,3.2,3.4,75.0,2026-10-28,False,False,8,STRONG,4.74,6.6,2.42,23.8,,,,2026-08-14T05:45:28.582363
HESAY,Hermès International Société en commandite par actions,56.0,⭐ AVERAGE,🟡 Average,USD,EUR,True,True,True,1.0,,60.0,50.0,24.0,95.0,65.0,15.0,1.2,False,down,,,0,,,0,{'profit_margin_pct': 28.0},{},"{'rs_3m': -5.8, 'rs_6m': -43.4, 'rs_line_percentile': 1.2, 'rs_line_at_new_high': False, 'rs_line_trend': 'down', 'rs_line_score': 15}","{'roe_pct': 25.5, 'debt_to_equity': 0.12, 'current_ratio': 4.54, 'operating_margin_pct': 42.2}","{'days_to_earnings': 'N/A', 'recommendation': 'strong_buy', 'analyst_upside_pct': 26.4}",182.21,190849843200,Consumer Cyclical,Luxury Goods,,,False,265.89,-31.5,0,False,230.33,246.0,215.0,3.0,strong_buy,26.4,79.7,-56.3,49.0,-73.1,2.97,5.42,1.14,41.8,2.11,0.61,,,,-0.3,181.0,2027-02-11,False,False,8,STRONG,3.78,37.5,,52.2,,,,2026-08-14T05:40:14.466231
EXPN.L,Experian plc,55.8,⭐ AVERAGE,🟡 Average,GBp,USD,True,True,False,100.0,"acciones × precio no cuadra con la capitalización (ratio 100.0000): el dato por acción y el precio no están en la misma unidad — típico de ADR. Los ratios por acción (EPS, FCF/acción, DCF) no son utilizables | FCF declarado (674,981,064) se aparta del derivado de flujo operativo menos capex (932,472",55.0,50.0,50.0,65.0,70.0,,,,,,,0,,,0,{'profit_margin_pct': 17.8},{},"{'rs_3m': nan, 'rs_6m': nan}","{'roe_pct': 28.3, 'debt_to_equity': 1.0, 'current_ratio': 0.85, 'operating_margin_pct': 25.0}","{'days_to_earnings': 'N/A', 'recommendation': 'strong_buy', 'analyst_upside_pct': 31.6}",2811.0,24845656064,Industrials,Consulting Services,,,False,3987.0,-29.5,0,False,3697.87,4681.23,2347.84,18.0,strong_buy,31.6,,,,,2.72,0.76,1.83,39.8,52.0,1.4,,,,23.1,96.0,2026-11-18,False,False,9,STRONG,7.12,646.3,0.72,37.3,,,,2026-08-14T05:43:45.474478
MKC,"McCormick & Company, Incorporated",55.1,⭐ AVERAGE,🟡 Average,USD,USD,False,True,False,0.945,"acciones × precio no cuadra con la capitalización (ratio 0.9450): el dato por acción y el precio no están en la misma unidad — típico de ADR. Los ratios por acción (EPS, FCF/acción, DCF) no son utilizables | FCF declarado (714,025,024) se aparta del derivado de flujo operativo menos capex (1,009,700",55.0,70.0,30.3,60.0,60.0,15.0,19.5,False,up,-33.4,False,0,12.3,True,1,"{'eps_growth_yoy': -33.4, 'positive_quarters': 4, 'earnings_accelerating': False, 'eps_accel_quarters': 0, 'profit_margin_pct': 21.9}","{'revenue_growth_yoy': 12.3, 'revenue_accelerating': True, 'rev_accel_quarters': 1}","{'rs_3m': 13.9, 'rs_6m': -37.4, 'rs_line_percentile': 19.5, 'rs_line_at_new_high': False, 'rs_line_trend': 'up', 'rs_line_score': 15}","{'roe_pct': 24.7, 'debt_to_equity': 0.65, 'current_ratio': 0.78, 'operating_margin_pct': 17.4}","{'days_to_earnings': 'N/A', 'recommendation': 'buy', 'analyst_upside_pct': 11.3}",54.45,14638966784,Consumer Defensive,Packaged Foods,,0.0,False,72.58,-25.0,2,False,60.62,75.0,52.0,13.0,buy,11.3,,,,,4.88,2.81,3.62,30.9,1.92,2.11,True,-0.19,5.5,-9.9,53.0,2026-10-06,False,False,6,NEUTRAL,5.6,66.6,,26.4,0.8,0.03,-25.6,2026-08-14T05:46:05.361348
ITRK.L,Intertek Group plc,54.8,⭐ AVERAGE,🟡 Average,GBp,GBP,True,True,False,100.0,"acciones × precio no cuadra con la capitalización (ratio 100.0000): el dato por acción y el precio no están en la misma unidad — típico de ADR. Los ratios por acción (EPS, FCF/acción, DCF) no son utilizables",50.0,50.0,50.0,75.0,60.0,,,,,,,0,,,0,{'profit_margin_pct': 9.1},{},"{'rs_3m': nan, 'rs_6m': nan}","{'roe_pct': 29.9, 'debt_to_equity': 1.73, 'current_ratio': 1.1, 'operating_margin_pct': 16.6}","{'days_to_earnings': 'N/A', 'recommendation': 'buy', 'analyst_upside_pct': 1.0}",5840.0,8964178944,Industrials,Specialty Business Services,,,False,5855.0,-0.3,0,False,5897.25,6000.0,5450.0,12.0,buy,1.0,,,,,5.35,3.13,2.82,80.5,165.0,2.66,,,,-7.8,200.0,2027-03-02,False,False,4,NEUTRAL,5.18,63.8,,1.5,,,,2026-08-14T05:46:23.141358
DPZ,"Domino's Pizza, Inc.",54.8,⭐ AVERAGE,🟡 Average,USD,USD,False,True,True,1.0,,60.0,60.0,30.3,65.0,60.0,15.0,19.3,False,up,-2.6,True,1,4.1,True,1,"{'eps_growth_yoy': -2.6, 'positive_quarters': 4, 'earnings_accelerating': True, 'eps_accel_quarters': 1, 'profit_margin_pct': 11.9}","{'revenue_growth_yoy': 4.1, 'revenue_accelerating': True, 'rev_accel_quarters': 1}","{'rs_3m': 11.9, 'rs_6m': -21.8, 'rs_line_percentile': 19.3, 'rs_line_at_new_high': False, 'rs_line_trend': 'up', 'rs_line_score': 15}","{'current_ratio': 1.54, 'operating_margin_pct': 19.1}","{'days_to_earnings': 'N/A', 'recommendation': 'buy', 'analyst_upside_pct': 8.4}",350.88,11607719936,Consumer Cyclical,Restaurants,10.9,3.2,True,469.0,-25.2,1,False,380.48,450.0,270.0,27.0,buy,8.4,277.55,-20.9,176.5,-49.7,4.58,16.07,2.25,42.3,7.96,1.25,True,-3.35,4.9,4.8,60.0,2026-10-13,False,False,8,STRONG,5.83,107.8,2.47,39.7,,,,2026-08-14T05:47:39.117249
GVDNY,Givaudan SA,54.6,⭐ AVERAGE,🟡 Average,USD,CHF,True,True,True,1.0,"FCF declarado (744,697,221) se aparta del derivado de flujo operativo menos capex (1,475,510,272)",55.0,50.0,50.3,70.0,50.0,35.0,26.7,False,up,,,0,,,0,{'profit_margin_pct': 12.9},{},"{'rs_3m': 12.8, 'rs_6m': -10.8, 'rs_line_percentile': 26.7, 'rs_line_at_new_high': False, 'rs_line_trend': 'up', 'rs_line_score': 35}","{'roe_pct': 22.3, 'debt_to_equity': 1.11, 'current_ratio': 1.29, 'operating_margin_pct': 18.8}","{'days_to_earnings': 'N/A', 'recommendation': 'none', 'analyst_upside_pct': 7.3}",80.2,37017579520,Basic Materials,Specialty Chemicals,,,False,90.69,-11.6,3,False,86.03,98.46,73.6,2.0,none,7.3,23.74,-70.4,25.3,-68.5,2.01,1.61,2.26,71.1,1.82,1.88,,,,-10.0,166.0,2027-01-27,False,False,7,NEUTRAL,3.4,34.8,,30.9,,,,2026-08-14T05:41:13.160252
ABT,Abbott Laboratories,54.6,⭐ AVERAGE,🟡 Average,USD,USD,False,True,True,1.0,,50.0,50.0,53.0,70.0,60.0,35.0,33.9,False,up,-39.5,False,0,0.2,False,0,"{'eps_growth_yoy': -39.5, 'positive_quarters': 4, 'earnings_accelerating': False, 'eps_accel_quarters': 0, 'profit_margin_pct': 11.6}","{'revenue_growth_yoy': 0.2, 'revenue_accelerating': False, 'rev_accel_quarters': 0}","{'rs_3m': 27.8, 'rs_6m': -13.6, 'rs_line_percentile': 33.9, 'rs_line_at_new_high': False, 'rs_line_trend': 'up', 'rs_line_score': 35}","{'roe_pct': 10.6, 'debt_to_equity': 0.63, 'current_ratio': 1.38, 'operating_margin_pct': 14.7}","{'days_to_earnings': 'N/A', 'recommendation': 'buy', 'analyst_upside_pct': 7.3}",111.27,193811546112,Healthcare,Medical Devices,1.5,1.8,False,137.49,-19.1,4,False,119.4,135.0,103.0,25.0,buy,7.3,60.9,-45.3,31.0,-72.1,3.72,4.14,2.27,79.0,2.52,1.82,True,-0.41,15.4,-47.5,61.0,2026-10-14,False,False,6,NEUTRAL,4.07,42.0,,40.5,,,,2026-08-14T05:44:21.383411
AI.PA,L'Air Liquide S.A.,54.5,⭐ AVERAGE,🟡 Average,EUR,EUR,False,True,True,1.0,"FCF declarado (264,437,504) se aparta del derivado de flujo operativo menos capex (1,652,500,160)",55.0,50.0,50.0,60.0,65.0,,,,,,,0,,,0,{'profit_margin_pct': 13.1},{},"{'rs_3m': nan, 'rs_6m': nan}","{'roe_pct': 14.0, 'debt_to_equity': 0.63, 'current_ratio': 0.88, 'operating_margin_pct': 20.1}","{'days_to_earnings': 'N/A', 'recommendation': 'strong_buy', 'analyst_upside_pct': 16.2}",169.14,107652538368,Basic Materials,Specialty Chemicals,,,False,182.26,-7.2,0,False,196.47,216.0,160.0,20.0,strong_buy,16.2,6.11,-96.4,55.5,-67.2,0.25,0.42,1.97,60.5,3.36,1.83,,,,0.7,188.0,2027-02-18,False,False,7,NEUTRAL,4.02,18.8,33.5,13.8,,,,2026-08-14T05:40:01.417734
LIN,Linde plc,54.5,⭐ AVERAGE,🟡 Average,USD,USD,False,True,True,1.0,,55.0,60.0,36.0,65.0,60.0,15.0,20.2,False,down,-0.1,False,0,7.8,True,1,"{'eps_growth_yoy': -0.1, 'positive_quarters': 4, 'earnings_accelerating': False, 'eps_accel_quarters': 0, 'profit_margin_pct': 20.4}","{'revenue_growth_yoy': 7.8, 'revenue_accelerating': True, 'rev_accel_quarters': 1}","{'rs_3m': -10.5, 'rs_6m': -13.0, 'rs_line_percentile': 20.2, 'rs_line_at_new_high': False, 'rs_line_trend': 'down', 'rs_line_score': 15}","{'roe_pct': 18.4, 'debt_to_equity': 0.69, 'current_ratio': 0.88, 'operating_margin_pct': 28.1}","{'days_to_earnings': 'N/A', 'recommendation': 'buy', 'analyst_upside_pct': 14.4}",478.2,220440723456,Basic Materials,Specialty Chemicals,1.2,2.6,False,548.2,-12.8,4,False,547.24,612.0,400.0,25.0,buy,14.4,187.6,-60.8,174.59,-63.5,1.89,9.03,1.33,40.0,6.4,1.3,True,-1.84,21.3,11.3,77.0,2026-10-30,False,False,5,NEUTRAL,3.82,31.9,2.16,25.4,0.4,0.02,-25.0,2026-08-14T05:39:15.926320
NDSN,Nordson Corporation,54.1,⭐ AVERAGE,🟡 Average,USD,USD,False,True,True,1.0,,50.0,40.0,56.7,85.0,50.0,60.0,63.6,False,up,-6.7,False,0,-0.1,True,1,"{'eps_growth_yoy': -6.7, 'positive_quarters': 4, 'earnings_accelerating': False, 'eps_accel_quarters': 0, 'profit_margin_pct': 18.2}","{'revenue_growth_yoy': -0.1, 'revenue_accelerating': True, 'rev_accel_quarters': 1}","{'rs_3m': 6.7, 'rs_6m': -9.0, 'rs_line_percentile': 63.6, 'rs_line_at_new_high': False, 'rs_line_trend': 'up', 'rs_line_score': 60}","{'roe_pct': 17.1, 'debt_to_equity': 0.62, 'current_ratio': 2.6, 'operating_margin_pct': 23.5}","{'days_to_earnings': 'N/A', 'recommendation': 'none', 'analyst_upside_pct': 2.2}",309.99,17272006656,Industrials,Specialty Industrial Machinery,3.4,4.8,False,315.68,-1.8,7,True,316.86,345.0,260.0,7.0,none,2.2,173.01,-44.2,93.3,-69.9,3.33,10.31,1.05,34.6,3.28,1.08,True,-1.68,7.7,3.0,5.0,2026-08-19,True,False,7,NEUTRAL,3.67,65.0,4.05,19.4,,,,2026-08-14T05:45:20.206009
WTKWY,Wolters Kluwer N.V.,53.5,⭐ AVERAGE,🟡 Average,USD,EUR,True,True,True,1.0,,60.0,50.0,42.3,50.0,70.0,15.0,13.4,False,up,,,0,,,0,{'profit_margin_pct': 21.9},{},"{'rs_3m': 16.7, 'rs_6m': -0.8, 'rs_line_percentile': 13.4, 'rs_line_at_new_high': False, 'rs_line_trend': 'up', 'rs_line_score': 15}","{'roe_pct': 146.1, 'debt_to_equity': 5.9, 'current_ratio': 0.69, 'operating_margin_pct': 26.9}","{'days_to_earnings': 'N/A', 'recommendation': 'strong_buy', 'analyst_upside_pct': 36.0}",79.83,17786124288,Industrials,Specialty Business Services,,,False,138.76,-42.5,1,False,108.6,108.6,108.6,1.0,strong_buy,36.0,121.84,52.6,67.5,-15.4,8.1,6.47,3.77,43.1,3.01,1.85,,,,4.5,,,False,False,7,NEUTRAL,8.07,668.9,1.25,51.6,,,,2026-08-14T05:38:53.219640
RELX,RELX PLC,53.5,⭐ AVERAGE,🟡 Average,USD,GBP,True,True,True,1.0,,60.0,50.0,42.3,50.0,70.0,15.0,15.0,False,up,,,0,,,0,{'profit_margin_pct': 23.3},{},"{'rs_3m': 6.8, 'rs_6m': 8.9, 'rs_line_percentile': 15.0, 'rs_line_at_new_high': False, 'rs_line_trend': 'up', 'rs_line_score': 15}","{'roe_pct': 131.9, 'debt_to_equity': 7.1, 'current_ratio': 0.45, 'operating_margin_pct': 32.0}","{'days_to_earnings': 'N/A', 'recommendation': 'strong_buy', 'analyst_upside_pct': 53.0}",34.67,60448845824,Industrials,Specialty Business Services,0.2,1.3,False,48.98,-29.2,1,False,53.05,57.0,49.1,2.0,strong_buy,53.0,59.52,71.7,41.07,18.5,4.99,1.73,2.64,53.4,0.91,2.01,,,,12.2,181.0,2027-02-11,False,False,7,NEUTRAL,1.2,1901.3,0.66,41.9,0.8,0.02,-41.1,2026-08-14T05:38:48.286916
LRLCY,L'Oréal S.A.,53.2,⭐ AVERAGE,🟡 Average,USD,EUR,True,True,True,1.0,,55.0,50.0,38.7,70.0,60.0,15.0,5.2,False,flat,,,0,,,0,{'profit_margin_pct': 13.9},{},"{'rs_3m': 1.7, 'rs_6m': -10.9, 'rs_line_percentile': 5.2, 'rs_line_at_new_high': False, 'rs_line_trend': 'flat', 'rs_line_score': 15}","{'roe_pct': 19.4, 'debt_to_equity': 0.49, 'current_ratio': 0.97, 'operating_margin_pct': 21.3}","{'days_to_earnings': 'N/A', 'recommendation': 'strong_buy', 'analyst_upside_pct': 12.8}",88.38,235261607936,Consumer Defensive,Household & Personal Products,,,False,95.48,-7.4,6,False,99.73,102.2,97.0,3.0,strong_buy,12.8,45.2,-48.9,27.4,-69.0,3.14,2.77,1.92,61.1,1.68,1.55,,,,5.4,179.0,2027-02-09,False,False,6,NEUTRAL,3.58,69.9,4.65,21.6,,,,2026-08-14T05:42:16.478216
TJX,"The TJX Companies, Inc.",52.5,⭐ AVERAGE,🟡 Average,USD,USD,False,True,True,1.0,,65.0,30.0,38.7,75.0,65.0,15.0,1.8,False,down,7.2,False,0,-0.5,False,0,"{'eps_growth_yoy': 7.2, 'positive_quarters': 4, 'earnings_accelerating': False, 'eps_accel_quarters': 0, 'profit_margin_pct': 9.4}","{'revenue_growth_yoy': -0.5, 'revenue_accelerating': False, 'rev_accel_quarters': 0}","{'rs_3m': 0.5, 'rs_6m': -14.4, 'rs_line_percentile': 1.8, 'rs_line_at_new_high': False, 'rs_line_trend': 'down', 'rs_line_score': 15}","{'roe_pct': 61.3, 'debt_to_equity': 1.36, 'current_ratio': 1.14, 'operating_margin_pct': 11.8}","{'days_to_earnings': 'N/A', 'recommendation': 'strong_buy', 'analyst_upside_pct': 15.3}",153.81,169914580992,Consumer Cyclical,Apparel Retail,1.8,3.9,False,170.0,-9.5,4,False,177.4,197.0,125.0,20.0,strong_buy,15.3,161.5,5.0,151.77,-1.3,2.54,3.91,1.26,33.1,1.92,1.34,True,-1.48,104.7,29.3,5.0,2026-08-19,True,False,7,NEUTRAL,4.13,36.2,0.91,22.0,0.8,0.04,-21.2,2026-08-14T05:45:46.051399
ERIE,Erie Indemnity Company,52.3,⭐ AVERAGE,🟡 Average,USD,USD,False,True,False,0.8833,"acciones × precio no cuadra con la capitalización (ratio 0.8833): el dato por acción y el precio no están en la misma unidad — típico de ADR. Los ratios por acción (EPS, FCF/acción, DCF) no son utilizables",50.0,50.0,30.3,85.0,60.0,15.0,19.3,False,up,-1.4,False,0,0.8,False,0,"{'eps_growth_yoy': -1.4, 'positive_quarters': 4, 'earnings_accelerating': False, 'eps_accel_quarters': 0, 'profit_margin_pct': 14.0}","{'revenue_growth_yoy': 0.8, 'revenue_accelerating': False, 'rev_accel_quarters': 0}","{'rs_3m': 16.4, 'rs_6m': -23.3, 'rs_line_percentile': 19.3, 'rs_line_at_new_high': False, 'rs_line_trend': 'up', 'rs_line_score': 15}","{'roe_pct': 24.8, 'debt_to_equity': 0.03, 'current_ratio': 1.25, 'operating_margin_pct': 19.1}","{'days_to_earnings': 'N/A', 'recommendation': 'strong_buy'}",255.83,13377316864,Financial Services,Insurance Brokers,11.4,9.5,True,371.45,-31.1,2,False,,,,,strong_buy,,,,,,3.6,10.42,2.27,64.6,5.85,1.8,False,,,1.6,76.0,2026-10-29,False,False,4,NEUTRAL,,,5.71,50.9,1.6,0.03,-49.3,2026-08-14T05:42:02.544213
HRI,Herc Holdings Inc.,51.7,⭐ AVERAGE,🟡 Average,USD,USD,False,True,True,1.0,"FCF declarado (502,875,008) se aparta del derivado de flujo operativo menos capex (10,000,000)",48.0,50.0,60.3,45.0,60.0,60.0,64.3,False,up,-36.7,True,1,-7.7,True,2,"{'eps_growth_yoy': -36.7, 'positive_quarters': 3, 'earnings_accelerating': True, 'eps_accel_quarters': 1, 'profit_margin_pct': 1.0}","{'revenue_growth_yoy': -7.7, 'revenue_accelerating': True, 'rev_accel_quarters': 2}","{'rs_3m': 16.6, 'rs_6m': -17.3, 'rs_line_percentile': 64.3, 'rs_line_at_new_high': False, 'rs_line_trend': 'up', 'rs_line_score': 60}","{'roe_pct': 2.6, 'debt_to_equity': 5.06, 'current_ratio': 1.1, 'operating_margin_pct': 12.2}","{'days_to_earnings': 'N/A', 'recommendation': 'buy', 'analyst_upside_pct': 6.5}",168.71,5640219136,Industrials,Rental & Leasing Services,8.1,3.6,True,188.35,-10.4,6,False,179.75,220.0,115.0,12.0,buy,6.5,443.73,163.0,34.34,-79.6,8.92,15.04,1.66,164.7,2.8,,False,,1.1,,74.0,2026-10-27,False,False,3,NEUTRAL,2.75,4.9,0.48,57.8,0.8,0.01,-57.0,2026-08-14T05:48:38.474646
COST,Costco Wholesale Corporation,51.5,⭐ AVERAGE,🟡 Average,USD,USD,False,True,True,1.0,"FCF declarado (6,954,375,168) se aparta del derivado de flujo operativo menos capex (9,502,000,512)",65.0,30.0,36.0,75.0,60.0,15.0,6.8,False,down,-16.0,True,2,-18.1,False,0,"{'eps_growth_yoy': -16.0, 'positive_quarters': 4, 'earnings_accelerating': True, 'eps_accel_quarters': 2, 'profit_margin_pct': 3.0}","{'revenue_growth_yoy': -18.1, 'revenue_accelerating': False, 'rev_accel_quarters': 0}","{'rs_3m': -11.7, 'rs_6m': -18.2, 'rs_line_percentile': 6.8, 'rs_line_at_new_high': False, 'rs_line_trend': 'down', 'rs_line_score': 15}","{'roe_pct': 29.2, 'debt_to_equity': 0.6, 'current_ratio': 1.07, 'operating_margin_pct': 3.7}","{'days_to_earnings': 'N/A', 'recommendation': 'buy', 'analyst_upside_pct': 12.0}",961.85,426560094208,Consumer Defensive,Discount Stores,1.7,3.3,False,1096.5,-12.3,4,False,1077.31,1315.0,740.0,35.0,buy,12.0,665.02,-30.9,603.0,-37.3,1.63,15.68,0.62,27.0,5.88,0.59,True,-0.21,81.5,31.8,41.0,2026-09-24,False,False,7,NEUTRAL,2.58,30.6,0.93,18.1,,,,2026-08-14T05:39:44.133956
AZO,"AutoZone, Inc.",51.5,⭐ AVERAGE,🟡 Average,USD,USD,False,True,True,1.0,"FCF declarado (903,784,256) se aparta del derivado de flujo operativo menos capex (1,745,085,016)",70.0,50.0,24.0,45.0,65.0,15.0,0.7,False,down,-23.4,True,2,-22.5,True,2,"{'eps_growth_yoy': -23.4, 'positive_quarters': 4, 'earnings_accelerating': True, 'eps_accel_quarters': 2, 'profit_margin_pct': 12.4}","{'revenue_growth_yoy': -22.5, 'revenue_accelerating': True, 'rev_accel_quarters': 2}","{'rs_3m': -14.3, 'rs_6m': -34.5, 'rs_line_percentile': 0.7, 'rs_line_at_new_high': False, 'rs_line_trend': 'down', 'rs_line_score': 15}","{'current_ratio': 0.89, 'operating_margin_pct': 19.1}","{'days_to_earnings': 'N/A', 'recommendation': 'strong_buy', 'analyst_upside_pct': 29.9}",3040.37,49635123200,Consumer Cyclical,Auto Parts,3.0,2.0,False,4388.11,-30.7,0,False,3950.52,4800.0,3200.0,23.0,strong_buy,29.9,992.84,-67.3,1450.3,-52.3,1.82,55.36,,,,,True,-3.56,7.5,7.7,39.0,2026-09-22,False,False,6,NEUTRAL,5.8,35.3,2.25,29.2,,,,2026-08-14T05:42:38.225951
CHTR,"Charter Communications, Inc.",51.3,⭐ AVERAGE,🟡 Average,USD,USD,False,True,False,0.885,"acciones × precio no cuadra con la capitalización (ratio 0.8850): el dato por acción y el precio no están en la misma unidad — típico de ADR. Los ratios por acción (EPS, FCF/acción, DCF) no son utilizables | FCF declarado (2,198,374,912) se aparta del derivado de flujo operativo menos capex (4,810,9",85.0,30.0,26.7,50.0,55.0,15.0,12.8,False,up,13.6,True,1,-1.1,False,0,"{'eps_growth_yoy': 13.6, 'positive_quarters': 4, 'earnings_accelerating': True, 'eps_accel_quarters': 1, 'profit_margin_pct': 9.1}","{'revenue_growth_yoy': -1.1, 'revenue_accelerating': False, 'rev_accel_quarters': 0}","{'rs_3m': 1.5, 'rs_6m': -49.0, 'rs_line_percentile': 12.8, 'rs_line_at_new_high': False, 'rs_line_trend': 'up', 'rs_line_score': 15}","{'roe_pct': 27.2, 'debt_to_equity': 4.42, 'current_ratio': 0.36, 'operating_margin_pct': 23.5}","{'days_to_earnings': 'N/A', 'recommendation': 'hold', 'analyst_upside_pct': 17.8}",156.53,21096720384,Communication Services,Telecom Services,50.4,7.2,True,285.82,-45.2,2,False,184.41,380.0,101.0,17.0,hold,17.8,,,,,10.42,18.43,,,,,True,-22.55,2.5,6.4,77.0,2026-10-30,False,False,7,NEUTRAL,10.43,26.9,0.22,52.4,0.8,0.01,-51.6,2026-08-14T05:47:16.672781
NVR,"NVR, Inc.",51.1,⭐ AVERAGE,🟡 Average,USD,USD,False,True,True,1.0,,60.0,40.0,26.7,85.0,50.0,15.0,11.3,False,flat,-31.0,True,1,-10.9,True,1,"{'eps_growth_yoy': -31.0, 'positive_quarters': 4, 'earnings_accelerating': True, 'eps_accel_quarters': 1, 'profit_margin_pct': 11.8}","{'revenue_growth_yoy': -10.9, 'revenue_accelerating': True, 'rev_accel_quarters': 1}","{'rs_3m': 8.0, 'rs_6m': -36.0, 'rs_line_percentile': 11.3, 'rs_line_at_new_high': False, 'rs_line_trend': 'flat', 'rs_line_score': 15}","{'roe_pct': 31.5, 'debt_to_equity': 0.32, 'current_ratio': 5.67, 'operating_margin_pct': 13.9}","{'days_to_earnings': 'N/A', 'recommendation': 'none', 'analyst_upside_pct': 6.4}",6375.0,16988482560,Consumer Cyclical,Residential Construction,6.5,3.8,False,8618.28,-26.0,0,False,6782.0,7446.0,5664.0,5.0,none,6.4,5070.56,-20.5,3895.1,-38.9,5.41,344.6,,,,,True,-10.5,52.9,-11.3,68.0,2026-10-21,False,False,5,NEUTRAL,10.54,41.3,,33.6,,,,2026-08-14T05:47:20.946049
DVA,DaVita Inc.,51.0,⭐ AVERAGE,🟡 Average,USD,USD,False,True,True,1.0,"FCF declarado (1,042,460,032) se aparta del derivado de flujo operativo menos capex (1,617,291,072)",45.0,50.0,47.6,60.0,65.0,35.0,44.2,False,down,-0.9,False,0,1.1,False,0,"{'eps_growth_yoy': -0.9, 'positive_quarters': 4, 'earnings_accelerating': False, 'eps_accel_quarters': 0, 'profit_margin_pct': 6.0}","{'revenue_growth_yoy': 1.1, 'revenue_accelerating': False, 'rev_accel_quarters': 0}","{'rs_3m': -11.2, 'rs_6m': 4.7, 'rs_line_percentile': 44.2, 'rs_line_at_new_high': False, 'rs_line_trend': 'down', 'rs_line_score': 35}","{'roe_pct': 88.5, 'debt_to_equity': 12.42, 'current_ratio': 1.47, 'operating_margin_pct': 16.1}","{'days_to_earnings': 'N/A', 'recommendation': 'buy', 'analyst_upside_pct': 21.9}",179.17,11500025856,Healthcare,Medical Care Facilities,13.2,6.3,True,247.49,-27.6,5,False,218.43,270.0,165.0,7.0,buy,21.9,688.77,284.4,349.5,95.1,9.06,16.24,,,,,True,-14.33,3.3,39.1,75.0,2026-10-28,False,False,6,NEUTRAL,7.41,31.4,0.19,64.8,0.4,0.01,-64.4,2026-08-14T05:46:54.884609
CL,Colgate-Palmolive Company,49.0,⚠️ WEAK,🔴 Weak,USD,USD,False,True,True,1.0,,38.0,50.0,46.7,65.0,60.0,35.0,31.0,False,up,-5.7,False,0,4.5,False,0,"{'eps_growth_yoy': -5.7, 'positive_quarters': 3, 'earnings_accelerating': False, 'eps_accel_quarters': 0, 'profit_margin_pct': 9.7}","{'revenue_growth_yoy': 4.5, 'revenue_accelerating': False, 'rev_accel_quarters': 0}","{'rs_3m': 1.0, 'rs_6m': -17.0, 'rs_line_percentile': 31.0, 'rs_line_at_new_high': False, 'rs_line_trend': 'up', 'rs_line_score': 35}","{'roe_pct': 267.4, 'debt_to_equity': 13.88, 'current_ratio': 1.03, 'operating_margin_pct': 21.0}","{'days_to_earnings': 'N/A', 'recommendation': 'buy', 'analyst_upside_pct': 6.5}",92.93,74081271808,Consumer Defensive,Household & Personal Products,2.5,4.0,False,99.33,-6.4,6,False,98.95,110.0,87.0,20.0,buy,6.5,63.83,-31.3,25.6,-72.5,4.67,4.34,2.3,82.3,2.12,2.32,True,-1.74,12.5,-3.8,77.0,2026-10-30,False,False,5,NEUTRAL,4.12,71.4,,21.7,,,,2026-08-14T05:45:05.592261
KHC,The Kraft Heinz Company,49.0,⚠️ WEAK,🔴 Weak,USD,USD,False,True,True,1.0,,38.0,60.0,46.7,55.0,50.0,35.0,27.3,False,up,-987.8,False,0,0.4,True,1,"{'eps_growth_yoy': -987.8, 'positive_quarters': 3, 'earnings_accelerating': False, 'eps_accel_quarters': 0, 'profit_margin_pct': -13.6}","{'revenue_growth_yoy': 0.4, 'revenue_accelerating': True, 'rev_accel_quarters': 1}","{'rs_3m': 6.6, 'rs_6m': -6.8, 'rs_line_percentile': 27.3, 'rs_line_at_new_high': False, 'rs_line_trend': 'up', 'rs_line_score': 35}","{'roe_pct': -8.8, 'debt_to_equity': 0.53, 'current_ratio': 1.06, 'operating_margin_pct': 15.5}","{'days_to_earnings': 'N/A', 'recommendation': 'hold', 'analyst_upside_pct': -1.4}",25.38,30096205824,Consumer Defensive,Packaged Foods,10.0,6.5,True,28.1,-9.7,5,False,25.03,40.0,19.0,17.0,hold,-1.4,40.33,58.9,,,10.8,2.74,6.52,73.1,1.6,4.9,True,-0.09,6.1,,75.0,2026-10-28,False,False,5,NEUTRAL,-9.66,-51.9,6.27,37.2,0.8,0.02,-36.4,2026-08-14T05:46:58.774085
IT,"Gartner, Inc.",48.6,⚠️ WEAK,🔴 Weak,USD,USD,False,True,True,1.0,,50.0,30.0,56.6,65.0,50.0,35.0,28.6,False,up,-7.7,False,0,-10.4,False,0,"{'eps_growth_yoy': -7.7, 'positive_quarters': 4, 'earnings_accelerating': False, 'eps_accel_quarters': 0, 'profit_margin_pct': 12.0}","{'revenue_growth_yoy': -10.4, 'revenue_accelerating': False, 'rev_accel_quarters': 0}","{'rs_3m': 26.1, 'rs_6m': 4.5, 'rs_line_percentile': 28.6, 'rs_line_at_new_high': False, 'rs_line_trend': 'up', 'rs_line_score': 35}","{'roe_pct': 113.6, 'current_ratio': 0.88, 'operating_margin_pct': 22.6}","{'days_to_earnings': 'N/A', 'recommendation': 'hold', 'analyst_upside_pct': 1.3}",183.3,11575207936,Technology,Information Technology Services,21.6,7.4,True,265.85,-31.1,3,False,185.77,229.0,150.0,13.0,hold,1.3,706.85,285.6,340.8,85.9,9.09,16.67,,,,,True,-20.42,6.6,13.2,81.0,2026-11-03,False,False,6,NEUTRAL,8.15,255.4,0.33,97.8,0.8,0.01,-97.0,2026-08-14T05:44:25.967131
WMT,Walmart Inc.,48.5,⚠️ WEAK,🔴 Weak,USD,USD,False,True,True,1.0,"FCF declarado (6,862,249,984) se aparta del derivado de flujo operativo menos capex (14,249,998,208)",55.0,50.0,24.0,55.0,65.0,15.0,8.0,False,down,-24.1,True,1,0.2,False,0,"{'eps_growth_yoy': -24.1, 'positive_quarters': 4, 'earnings_accelerating': True, 'eps_accel_quarters': 1, 'profit_margin_pct': 3.1}","{'revenue_growth_yoy': 0.2, 'revenue_accelerating': False, 'rev_accel_quarters': 0}","{'rs_3m': -16.9, 'rs_6m': -27.9, 'rs_line_percentile': 8.0, 'rs_line_at_new_high': False, 'rs_line_trend': 'down', 'rs_line_score': 15}","{'roe_pct': 24.1, 'debt_to_equity': 0.75, 'current_ratio': 0.77, 'operating_margin_pct': 4.2}","{'days_to_earnings': 'N/A', 'recommendation': 'buy', 'analyst_upside_pct': 19.2}",115.72,920908922880,Consumer Defensive,Discount Stores,1.6,3.2,False,135.16,-14.4,4,False,137.97,155.0,81.0,40.0,buy,19.2,24.67,-78.7,55.1,-52.4,0.75,0.86,0.85,33.5,0.99,1.26,True,-0.61,11.7,19.4,6.0,2026-08-20,True,False,7,NEUTRAL,3.25,20.6,1.82,21.1,0.4,0.02,-20.7,2026-08-14T05:41:48.560748
ESLOY,EssilorLuxottica Société anonyme,47.5,⚠️ WEAK,🔴 Weak,USD,EUR,True,True,True,1.0,,50.0,50.0,24.0,55.0,70.0,15.0,0.0,False,down,,,0,,,0,{'profit_margin_pct': 8.5},{},"{'rs_3m': -10.2, 'rs_6m': -52.5, 'rs_line_percentile': 0.0, 'rs_line_at_new_high': False, 'rs_line_trend': 'down', 'rs_line_score': 15}","{'roe_pct': 6.7, 'debt_to_equity': 0.38, 'current_ratio': 0.89, 'operating_margin_pct': 15.4}","{'days_to_earnings': 'N/A', 'recommendation': 'strong_buy', 'analyst_upside_pct': 52.0}",94.4,86770892800,Healthcare,Medical Instruments & Supplies,,,False,186.81,-49.5,0,False,143.5,148.0,139.0,2.0,strong_buy,52.0,89.3,-5.4,37.88,-59.9,4.37,4.13,2.44,74.3,2.32,1.55,,,,6.2,,,False,False,4,NEUTRAL,3.48,34.6,1.72,28.7,,,,2026-08-14T05:45:41.657990
BN,Brookfield Corporation,47.2,⚠️ WEAK,🔴 Weak,USD,USD,False,True,True,1.0,"FCF declarado (-2,218,749,952) se aparta del derivado de flujo operativo menos capex (-5,262,999,552)",45.0,50.0,36.0,50.0,65.0,15.0,12.6,False,flat,-62.5,False,0,2.7,False,0,"{'eps_growth_yoy': -62.5, 'positive_quarters': 4, 'earnings_accelerating': False, 'eps_accel_quarters': 0, 'profit_margin_pct': 1.7}","{'revenue_growth_yoy': 2.7, 'revenue_accelerating': False, 'rev_accel_quarters': 0}","{'rs_3m': -9.2, 'rs_6m': -19.8, 'rs_line_percentile': 12.6, 'rs_line_at_new_high': False, 'rs_line_trend': 'flat', 'rs_line_score': 15}","{'roe_pct': 2.5, 'debt_to_equity': 1.61, 'current_ratio': 0.89, 'operating_margin_pct': 28.9}","{'days_to_earnings': 'N/A', 'recommendation': 'buy', 'analyst_upside_pct': 20.2}",45.11,100757504000,Financial Services,Asset Management,,5.3,False,49.57,-9.0,3,False,54.2,61.0,31.0,10.0,buy,20.2,,,15.3,-66.1,-2.2,-0.99,0.63,49.0,0.28,0.87,True,-1.05,1.3,158.8,,,False,False,6,NEUTRAL,4.52,12.9,0.05,21.5,,,,2026-08-14T05:47:57.002237
LEN,Lennar Corporation,46.8,⚠️ WEAK,🔴 Weak,USD,USD,False,True,False,0.8738,"acciones × precio no cuadra con la capitalización (ratio 0.8738): el dato por acción y el precio no están en la misma unidad — típico de ADR. Los ratios por acción (EPS, FCF/acción, DCF) no son utilizables | FCF declarado (1,077,926,016) se aparta del derivado de flujo operativo menos capex (694,361",55.0,40.0,24.0,70.0,50.0,15.0,2.9,False,down,-48.4,True,1,-9.9,True,1,"{'eps_growth_yoy': -48.4, 'positive_quarters': 4, 'earnings_accelerating': True, 'eps_accel_quarters': 1, 'profit_margin_pct': 4.9}","{'revenue_growth_yoy': -9.9, 'revenue_accelerating': True, 'rev_accel_quarters': 1}","{'rs_3m': -0.9, 'rs_6m': -41.5, 'rs_line_percentile': 2.9, 'rs_line_at_new_high': False, 'rs_line_trend': 'down', 'rs_line_score': 15}","{'roe_pct': 7.4, 'debt_to_equity': 0.29, 'current_ratio': 8.51, 'operating_margin_pct': 5.3}","{'days_to_earnings': 'N/A', 'recommendation': 'hold', 'analyst_upside_pct': -1.5}",87.54,21087961088,Consumer Cyclical,Residential Construction,0.3,0.2,False,144.24,-39.3,1,False,86.23,120.0,67.0,13.0,hold,-1.5,,,,,5.11,5.12,2.35,31.4,2.0,1.48,True,-5.92,,-12.6,34.0,2026-09-17,False,False,4,NEUTRAL,10.73,11.2,,39.2,0.8,0.02,-38.4,2026-08-14T05:47:52.793813
PG,The Procter & Gamble Company,46.3,⚠️ WEAK,🔴 Weak,USD,USD,False,True,True,1.0,,50.0,40.0,24.0,70.0,60.0,15.0,2.3,False,flat,-35.9,False,0,-5.3,True,1,"{'eps_growth_yoy': -35.9, 'positive_quarters': 4, 'earnings_accelerating': False, 'eps_accel_quarters': 0, 'profit_margin_pct': 18.4}","{'revenue_growth_yoy': -5.3, 'revenue_accelerating': True, 'rev_accel_quarters': 1}","{'rs_3m': -2.4, 'rs_6m': -24.0, 'rs_line_percentile': 2.3, 'rs_line_at_new_high': False, 'rs_line_trend': 'flat', 'rs_line_score': 15}","{'roe_pct': 30.3, 'debt_to_equity': 0.64, 'current_ratio': 0.68, 'operating_margin_pct': 22.1}","{'days_to_earnings': 'N/A', 'recommendation': 'buy', 'analyst_upside_pct': 11.3}",144.26,335923675136,Consumer Defensive,Household & Personal Products,1.2,3.1,False,167.25,-13.7,3,False,160.57,186.0,143.0,23.0,buy,11.3,83.92,-41.8,66.2,-54.1,3.95,5.7,3.02,64.3,4.35,2.49,True,-1.5,24.3,-10.8,69.0,2026-10-22,False,False,6,NEUTRAL,5.88,83.8,,17.6,,,,2026-08-14T05:41:03.925199
CLPBY,Coloplast A/S,46.0,⚠️ WEAK,🔴 Weak,USD,DKK,True,True,False,0.9201,"acciones × precio no cuadra con la capitalización (ratio 0.9201): el dato por acción y el precio no están en la misma unidad — típico de ADR. Los ratios por acción (EPS, FCF/acción, DCF) no son utilizables | FCF declarado (649,012,541) se aparta del derivado de flujo operativo menos capex (-173,311,",38.0,50.0,26.7,75.0,55.0,15.0,12.7,False,up,-206.5,False,0,2.2,False,0,"{'eps_growth_yoy': -206.5, 'positive_quarters': 3, 'earnings_accelerating': False, 'eps_accel_quarters': 0, 'profit_margin_pct': 7.5}","{'revenue_growth_yoy': 2.2, 'revenue_accelerating': False, 'rev_accel_quarters': 0}","{'rs_3m': 3.7, 'rs_6m': -27.3, 'rs_line_percentile': 12.7, 'rs_line_at_new_high': False, 'rs_line_trend': 'up', 'rs_line_score': 15}","{'roe_pct': 14.1, 'debt_to_equity': 1.89, 'current_ratio': 1.75, 'operating_margin_pct': 25.7}","{'days_to_earnings': 'N/A', 'recommendation': 'none', 'analyst_upside_pct': 23.7}",6.71,15122111488,Healthcare,Medical Instruments & Supplies,,,False,10.03,-33.1,1,False,8.3,12.2,6.5,4.0,none,23.7,,,,,4.29,0.31,5.39,244.9,0.36,2.72,False,,3.9,,,,False,False,7,NEUTRAL,18.79,105.6,0.44,31.6,,,,2026-08-14T05:42:07.315817
GPK,Graphic Packaging Holding Company,43.6,⚠️ WEAK,🔴 Weak,USD,USD,False,True,True,1.0,"FCF declarado (237,875,008) se aparta del derivado de flujo operativo menos capex (-129,000,000)",48.0,30.0,42.3,55.0,50.0,15.0,10.4,False,up,-83.1,True,1,-0.1,False,0,"{'eps_growth_yoy': -83.1, 'positive_quarters': 3, 'earnings_accelerating': True, 'eps_accel_quarters': 1, 'profit_margin_pct': 2.2}","{'revenue_growth_yoy': -0.1, 'revenue_accelerating': False, 'rev_accel_quarters': 0}","{'rs_3m': 12.9, 'rs_6m': -15.7, 'rs_line_percentile': 10.4, 'rs_line_at_new_high': False, 'rs_line_trend': 'up', 'rs_line_score': 15}","{'roe_pct': 6.0, 'debt_to_equity': 1.76, 'current_ratio': 1.38, 'operating_margin_pct': 4.5}","{'days_to_earnings': 'N/A', 'recommendation': 'hold', 'analyst_upside_pct': 6.3}",11.84,3503306752,Consumer Cyclical,Packaging & Containers,8.3,4.6,True,23.47,-49.6,2,False,12.58,18.0,10.0,11.0,hold,6.3,11.83,-0.1,6.6,-44.3,6.79,0.8,3.76,67.7,0.44,1.79,True,-2.11,2.0,-30.6,87.0,2026-11-09,False,False,5,NEUTRAL,8.91,12.6,,44.1,6.3,0.14,-37.8,2026-08-14T05:48:28.716860
TEVA,Teva Pharmaceutical Industries Limited,43.5,⚠️ WEAK,🔴 Weak,USD,USD,False,True,True,1.0,"FCF declarado (2,219,875,072) se aparta del derivado de flujo operativo menos capex (1,397,000,000)",38.0,40.0,62.0,25.0,60.0,80.0,76.7,False,up,-233.0,False,0,-7.5,True,1,"{'eps_growth_yoy': -233.0, 'positive_quarters': 3, 'earnings_accelerating': False, 'eps_accel_quarters': 0, 'profit_margin_pct': 4.1}","{'revenue_growth_yoy': -7.5, 'revenue_accelerating': True, 'rev_accel_quarters': 1}","{'rs_3m': -0.8, 'rs_6m': -7.1, 'rs_line_percentile': 76.7, 'rs_line_at_new_high': False, 'rs_line_trend': 'up', 'rs_line_score': 80}","{'roe_pct': 9.7, 'debt_to_equity': 2.18, 'current_ratio': 0.88, 'operating_margin_pct': 4.0}","{'days_to_earnings': 'N/A', 'recommendation': 'strong_buy', 'analyst_upside_pct': 12.8}",36.52,42556616704,Healthcare,Drug Manufacturers - Specialty & Generic,3.0,6.2,False,37.39,-2.3,8,True,41.2,50.0,33.0,10.0,strong_buy,12.8,28.03,-23.2,6.0,-83.6,5.22,1.9,,,,2.95,False,,1.8,,82.0,2026-11-04,False,False,8,STRONG,3.83,43.5,0.27,43.0,1.6,0.04,-41.4,2026-08-14T05:48:15.412856
KD,"Kyndryl Holdings, Inc.",37.4,⚠️ WEAK,🔴 Weak,USD,USD,False,True,True,1.0,"FCF declarado (2,652,624,896) se aparta del derivado de flujo operativo menos capex (154,000,000)",38.0,30.0,48.6,25.0,50.0,15.0,9.8,False,up,-180.9,False,0,-2.8,False,0,"{'eps_growth_yoy': -180.9, 'positive_quarters': 3, 'earnings_accelerating': False, 'eps_accel_quarters': 0, 'profit_margin_pct': 0.6}","{'revenue_growth_yoy': -2.8, 'revenue_accelerating': False, 'rev_accel_quarters': 0}","{'rs_3m': 21.0, 'rs_6m': 8.1, 'rs_line_percentile': 9.8, 'rs_line_at_new_high': False, 'rs_line_trend': 'up', 'rs_line_score': 15}","{'roe_pct': 6.9, 'debt_to_equity': 4.22, 'current_ratio': 0.85, 'operating_margin_pct': 2.9}","{'days_to_earnings': 'N/A', 'recommendation': 'hold', 'analyst_upside_pct': 1.9}",13.94,3036386304,Technology,Information Technology Services,13.7,7.2,True,33.9,-58.9,2,False,14.2,16.0,13.0,5.0,hold,1.9,179.19,1185.4,3.9,-72.0,87.36,12.18,,,,,True,-11.4,3.4,,81.0,2026-11-03,False,False,6,NEUTRAL,8.44,14.9,0.16,55.3,0.8,0.01,-54.5,2026-08-14T05:48:52.562924
