ticker,company_name,fundamental_score,sin_score_motivo,base_periodos,tier,quality,price_currency,financial_currency,fx_applied,fx_reliable,per_share_reliable,shares_price_ratio,coherence_issues,earnings_quality_score,growth_acceleration_score,relative_strength_score,financial_health_score,catalyst_timing_score,rs_line_score,rs_line_percentile,rs_line_at_new_high,rs_line_trend,eps_growth_yoy,eps_accelerating,eps_accel_quarters,rev_growth_yoy,rev_accelerating,rev_accel_quarters,earnings_details,growth_details,rs_details,health_details,catalyst_details,current_price,market_cap,sector,industry,short_percent_float,short_ratio,short_squeeze_potential,fifty_two_week_high,proximity_to_52w_high,trend_template_score,trend_template_pass,dist_ma50_pct,target_price_analyst,target_price_analyst_high,target_price_analyst_low,analyst_count,analyst_recommendation,analyst_upside_pct,target_price_dcf,target_price_dcf_upside_pct,target_price_pe,target_price_pe_upside_pct,pe_eps_usado,pe_ancla,pe_ancla_n,pe_ancla_dispersion,pe_ancla_fragil,pe_ancla_excluidos,fcf_yield_pct,fcf_per_share,fcf_minoritarios_pct,dividend_yield_pct,payout_ratio_pct,dividend_rate,five_yr_avg_dividend_yield_pct,buyback_active,shares_change_pct,ai_descartados,piotroski_evaluables,piotroski_motivo,interest_coverage,interest_coverage_base,interest_coverage_ebit,analyst_revision_momentum,days_to_earnings,earnings_date,earnings_warning,earnings_fecha_conocida,earnings_catalyst,piotroski_score,piotroski_label,ebit_ev_yield,roic_greenblatt,peg_ratio,hv_30d,atm_iv,iv_ratio,iv_premium_pts,analyzed_at,acciones_efectivas,dcf_no_aplicable,pe_sin_ancla_motivo,pe_eps_motivo,per_share_no_fiable,shares_change_es_gasto
FTNT,"Fortinet, Inc.",85.2,,trimestral,🏆 ELITE,🟢 Elite,USD,USD,False,True,True,1.0,,100.0,80.0,88.3,90.0,40.0,100.0,98.5,True,up,37.8,True,1,25.6,True,1,"{'eps_growth_yoy': 37.8, 'op_growth_yoy': 50.5, 'crecimiento_respaldado': True, 'positive_quarters': 4, 'earnings_accelerating': True, 'eps_accel_quarters': 1, 'profit_margin_pct': 28.2, 'score_bruto_sin_capar': 105.0, 'satura': True}","{'revenue_growth_yoy': 25.6, 'revenue_accelerating': True, 'rev_accel_quarters': 1}","{'rs_3m': 17.0, 'rs_6m': 119.8, 'rs_line_percentile': 98.5, 'rs_line_at_new_high': True, 'rs_line_trend': 'up', 'rs_line_score': 100}","{'roe_pct': 117.4, 'debt_to_equity': 0.36, 'current_ratio': 1.28, 'operating_margin_pct': 33.6}","{'days_to_earnings': 'N/A', 'recommendation': 'hold', 'analyst_upside_pct': -13.2}",189.28,138877321216,Technology,Software - Infrastructure,2.3,3.2,False,192.41,-1.6,8,True,14.1,164.32,220.0,104.0,36.0,hold,-13.2,100.88,-46.7,116.0,-38.7,reportado,múltiplo propio,4.0,0.32,False,,2.18,4.13,,,,,,True,-4.24,,9,,135.7,Operating Income,146.7,17.6,20.0,2026-10-28,False,True,True,6,NEUTRAL,1.52,83.9,1.67,39.6,0.4,0.01,-39.2,2026-10-08T06:08:19.094073,,,,,,
CVX,Chevron Corporation,83.8,,trimestral,🏆 ELITE,🟢 Elite,USD,USD,False,True,True,1.0,,100.0,100.0,50.3,85.0,60.0,35.0,44.1,False,flat,384.8,True,2,51.4,True,2,"{'eps_growth_yoy': 384.8, 'op_growth_yoy': 251.9, 'crecimiento_respaldado': False, 'crecimiento_puntuado': 276.9, 'positive_quarters': 4, 'earnings_accelerating': True, 'eps_accel_quarters': 2, 'profit_margin_pct': 9.8, 'score_bruto_sin_capar': 115.0, 'satura': True}","{'revenue_growth_yoy': 51.4, 'revenue_accelerating': True, 'rev_accel_quarters': 2}","{'rs_3m': 14.1, 'rs_6m': -5.2, 'rs_line_percentile': 44.1, 'rs_line_at_new_high': False, 'rs_line_trend': 'flat', 'rs_line_score': 35}","{'roe_pct': 12.2, 'debt_to_equity': 0.19, 'current_ratio': 1.25, 'operating_margin_pct': 21.9}","{'days_to_earnings': 'N/A', 'recommendation': 'buy', 'analyst_upside_pct': 9.5}",205.15,402422923264,Energy,Oil & Gas Integrated,1.1,2.6,False,217.78,-5.8,7,True,1.1,224.62,250.0,175.0,24.0,buy,9.5,265.27,29.3,132.73,-35.3,reportado,múltiplo propio,4.0,1.09,True,,6.95,14.26,,3.47,67.2,7.12,3.87,False,14.54,,9,,18.1,Operating Income,22.5,321.9,22.0,2026-10-30,False,True,False,5,NEUTRAL,3.78,7.4,,21.7,,,,2026-10-08T06:09:12.863677,,,,,,
APH,Amphenol Corporation,83.4,,trimestral,🏆 ELITE,🟢 Elite,USD,USD,False,True,True,1.0,,90.0,90.0,73.1,85.0,65.0,80.0,81.3,False,up,26.5,False,0,58.4,True,1,"{'eps_growth_yoy': 26.5, 'op_growth_yoy': 82.3, 'crecimiento_respaldado': True, 'positive_quarters': 4, 'earnings_accelerating': False, 'eps_accel_quarters': 0, 'profit_margin_pct': 17.7, 'score_bruto_sin_capar': 90.0, 'satura': False}","{'revenue_growth_yoy': 58.4, 'revenue_accelerating': True, 'rev_accel_quarters': 1}","{'rs_3m': 7.0, 'rs_6m': 12.7, 'rs_line_percentile': 81.3, 'rs_line_at_new_high': False, 'rs_line_trend': 'up', 'rs_line_score': 80}","{'roe_pct': 38.1, 'debt_to_equity': 1.2, 'current_ratio': 1.89, 'operating_margin_pct': 29.8}","{'days_to_earnings': 'N/A', 'recommendation': 'strong_buy', 'analyst_upside_pct': 15.3}",87.55,215895408640,Technology,Electronic Components,1.5,2.8,False,89.93,-2.6,8,True,6.9,100.95,116.0,85.0,19.0,strong_buy,15.3,41.43,-52.7,33.16,-62.1,reportado,múltiplo propio,4.0,0.48,False,,2.26,1.98,,0.56,22.9,0.5,0.76,False,1.34,,9,,13.7,Operating Income,13.6,59.3,20.0,2026-10-28,False,True,True,6,NEUTRAL,2.57,37.9,0.89,36.0,,,,2026-10-08T06:06:50.702350,,,,,,
ASML,ASML Holding N.V.,83.2,,trimestral,🏆 ELITE,🟢 Elite,USD,EUR,True,True,True,1.0,,100.0,80.0,62.4,95.0,65.0,60.0,71.9,False,up,27.4,True,1,21.3,True,1,"{'eps_growth_yoy': 27.4, 'op_growth_yoy': 29.7, 'crecimiento_respaldado': True, 'positive_quarters': 4, 'earnings_accelerating': True, 'eps_accel_quarters': 1, 'profit_margin_pct': 30.1, 'score_bruto_sin_capar': 105.0, 'satura': True}","{'revenue_growth_yoy': 21.3, 'revenue_accelerating': True, 'rev_accel_quarters': 1}","{'rs_3m': -2.7, 'rs_6m': 10.1, 'rs_line_percentile': 71.9, 'rs_line_at_new_high': False, 'rs_line_trend': 'up', 'rs_line_score': 60}","{'roe_pct': 53.9, 'debt_to_equity': 0.09, 'current_ratio': 1.33, 'operating_margin_pct': 37.1}","{'days_to_earnings': 'N/A', 'recommendation': 'strong_buy', 'analyst_upside_pct': 16.2}",1804.96,693285093376,Technology,Semiconductor Equipment & Materials,0.4,1.2,False,1999.96,-9.8,8,True,4.2,2097.82,2911.41,866.14,16.0,strong_buy,16.2,574.39,-68.2,1131.79,-37.3,reportado,múltiplo propio,4.0,0.2,False,,1.59,28.7,,0.49,28.5,9.08,0.76,False,-0.9,,7,,,,,28.5,6.0,2026-10-14,True,True,False,6,NEUTRAL,0.03,77.5,1.51,38.8,,,,2026-10-08T06:07:47.685713,,,,,,
MSFT,Microsoft Corporation,82.8,,trimestral,🏆 ELITE,🟢 Elite,USD,USD,False,True,True,1.0,,100.0,70.0,75.0,95.0,60.0,60.0,64.7,False,up,31.3,True,1,17.7,True,1,"{'eps_growth_yoy': 31.3, 'op_growth_yoy': 18.3, 'crecimiento_respaldado': True, 'positive_quarters': 4, 'earnings_accelerating': True, 'eps_accel_quarters': 1, 'profit_margin_pct': 40.3, 'score_bruto_sin_capar': 105.0, 'satura': True}","{'revenue_growth_yoy': 17.7, 'revenue_accelerating': True, 'rev_accel_quarters': 1}","{'rs_3m': 34.6, 'rs_6m': 27.7, 'rs_line_percentile': 64.7, 'rs_line_at_new_high': False, 'rs_line_trend': 'up', 'rs_line_score': 60}","{'roe_pct': 34.0, 'debt_to_equity': 0.29, 'current_ratio': 1.23, 'operating_margin_pct': 45.1}","{'days_to_earnings': 'N/A', 'recommendation': 'strong_buy', 'analyst_upside_pct': 10.9}",529.76,3933757243392,Technology,Software - Infrastructure,0.9,3.2,False,553.72,-4.3,6,False,6.8,587.63,870.0,440.0,53.0,strong_buy,10.9,,,631.78,19.3,reportado,múltiplo propio,4.0,0.47,False,,1.7,9.01,,0.74,19.8,3.92,0.78,False,-0.24,,9,,50.9,Operating Income,55.4,31.7,20.0,2026-10-28,False,True,True,6,NEUTRAL,3.9,41.3,0.98,20.3,,,,2026-10-08T06:00:56.241599,,"el capex se lleva el 63% del flujo operativo: lo que queda no es lo que gana el dueño, es lo que sobra tras decidir invertir",,,,
AVGO,Broadcom Inc.,82.7,,trimestral,🏆 ELITE,🟢 Elite,USD,USD,False,True,True,1.0,,100.0,100.0,36.0,90.0,70.0,15.0,19.2,False,down,216.1,True,2,85.5,True,2,"{'eps_growth_yoy': 216.1, 'op_growth_yoy': 164.4, 'crecimiento_respaldado': False, 'crecimiento_puntuado': 189.4, 'positive_quarters': 4, 'earnings_accelerating': True, 'eps_accel_quarters': 2, 'profit_margin_pct': 42.9, 'score_bruto_sin_capar': 125.0, 'satura': True}","{'revenue_growth_yoy': 85.5, 'revenue_accelerating': True, 'rev_accel_quarters': 2}","{'rs_3m': -8.9, 'rs_6m': -8.4, 'rs_line_percentile': 19.2, 'rs_line_at_new_high': False, 'rs_line_trend': 'down', 'rs_line_score': 15}","{'roe_pct': 44.2, 'debt_to_equity': 0.6, 'current_ratio': 2.5, 'operating_margin_pct': 54.3}","{'days_to_earnings': 'N/A', 'recommendation': 'strong_buy', 'analyst_upside_pct': 41.1}",376.51,1797319426048,Technology,Semiconductors,1.1,2.0,False,495.0,-23.9,3,False,1.2,531.31,715.0,215.88,47.0,strong_buy,41.1,149.79,-60.2,,,normalizado,,,,,,2.23,8.4,,0.69,32.4,2.6,1.26,False,0.56,,9,,13.9,Operating Income,14.0,215.3,62.0,2026-12-09,False,True,False,8,STRONG,1.43,167.3,0.94,33.9,,,,2026-10-08T06:07:51.914019,,,los P/E históricos se separan 2.5x la mediana: el ancla la decidiría un año suelto,tasa fiscal efectiva 5.4% — el beneficio del periodo no es representativo,,
CBOE,"Cboe Global Markets, Inc.",81.8,,trimestral,🏆 ELITE,🟢 Elite,USD,USD,False,True,True,1.0,,100.0,90.0,46.7,100.0,50.0,35.0,27.2,False,down,50.2,False,0,22.9,True,2,"{'eps_growth_yoy': 50.2, 'op_growth_yoy': 33.6, 'crecimiento_respaldado': True, 'positive_quarters': 4, 'earnings_accelerating': False, 'eps_accel_quarters': 0, 'profit_margin_pct': 26.7, 'score_bruto_sin_capar': 105.0, 'satura': True}","{'revenue_growth_yoy': 22.9, 'revenue_accelerating': True, 'rev_accel_quarters': 2}","{'rs_3m': 2.1, 'rs_6m': -18.9, 'rs_line_percentile': 27.2, 'rs_line_at_new_high': False, 'rs_line_trend': 'down', 'rs_line_score': 35}","{'roe_pct': 26.3, 'debt_to_equity': 0.28, 'current_ratio': 1.56, 'operating_margin_pct': 34.6}","{'days_to_earnings': 'N/A', 'recommendation': 'hold', 'analyst_upside_pct': 11.5}",281.57,29404641280,Financial Services,Financial Data & Stock Exchanges,3.0,2.9,False,371.18,-24.1,3,False,-1.8,314.07,354.0,258.0,15.0,hold,11.5,496.53,76.3,326.45,15.9,reportado,múltiplo propio,4.0,1.22,True,,6.43,18.1,,1.24,22.4,3.44,1.23,False,-0.19,,9,,33.6,Operating Income,36.6,20.1,22.0,2026-10-30,False,True,False,8,STRONG,5.35,65.7,0.62,37.2,,,,2026-10-08T06:06:05.888210,,,,,,
WST,"West Pharmaceutical Services, Inc.",80.6,,trimestral,🏆 ELITE,🟢 Elite,USD,USD,False,True,True,1.0,,100.0,60.0,76.7,95.0,60.0,80.0,86.4,False,flat,16.8,True,2,13.8,False,0,"{'eps_growth_yoy': 16.8, 'op_growth_yoy': 20.8, 'crecimiento_respaldado': True, 'positive_quarters': 4, 'earnings_accelerating': True, 'eps_accel_quarters': 2, 'profit_margin_pct': 17.0, 'score_bruto_sin_capar': 100.0, 'satura': False}","{'revenue_growth_yoy': 13.8, 'revenue_accelerating': False, 'rev_accel_quarters': 0}","{'rs_3m': 0.5, 'rs_6m': 27.1, 'rs_line_percentile': 86.4, 'rs_line_at_new_high': False, 'rs_line_trend': 'flat', 'rs_line_score': 80}","{'roe_pct': 19.1, 'debt_to_equity': 0.11, 'current_ratio': 2.82, 'operating_margin_pct': 22.5}","{'days_to_earnings': 'N/A', 'recommendation': 'strong_buy', 'analyst_upside_pct': 12.1}",366.48,25791309824,Healthcare,Medical Instruments & Supplies,4.0,4.9,False,386.0,-5.1,8,True,3.5,411.0,459.0,340.0,16.0,strong_buy,12.1,78.72,-78.5,330.95,-9.7,reportado,múltiplo propio,4.0,0.44,False,,1.46,5.35,,0.24,11.1,0.88,0.24,True,-1.66,,9,,160.6,Operating Income,155.1,18.1,14.0,2026-10-22,False,True,True,7,NEUTRAL,2.44,20.1,,25.2,0.8,0.03,-24.4,2026-10-08T06:03:00.323306,,,,,,
AAPL,Apple Inc.,79.3,,trimestral,⭐⭐⭐ EXCELLENT,🟢 Excellent,USD,USD,False,True,True,1.0,,100.0,70.0,65.1,85.0,60.0,60.0,69.6,False,down,27.1,True,1,16.4,True,1,"{'eps_growth_yoy': 27.1, 'op_growth_yoy': 26.6, 'crecimiento_respaldado': True, 'positive_quarters': 4, 'earnings_accelerating': True, 'eps_accel_quarters': 1, 'profit_margin_pct': 27.6, 'score_bruto_sin_capar': 105.0, 'satura': True}","{'revenue_growth_yoy': 16.4, 'revenue_accelerating': True, 'rev_accel_quarters': 1}","{'rs_3m': 3.7, 'rs_6m': 14.6, 'rs_line_percentile': 69.6, 'rs_line_at_new_high': False, 'rs_line_trend': 'down', 'rs_line_score': 60}","{'roe_pct': 148.8, 'debt_to_equity': 0.78, 'current_ratio': 1.0, 'operating_margin_pct': 32.6}","{'days_to_earnings': 'N/A', 'recommendation': 'buy', 'analyst_upside_pct': -2.5}",336.67,4913422663680,Technology,Consumer Electronics,0.9,3.0,False,345.34,-2.5,7,True,4.5,328.09,405.0,215.0,39.0,buy,-2.5,162.92,-51.6,270.7,-19.6,reportado,múltiplo propio,4.0,0.51,False,,2.73,9.19,,0.32,12.0,1.08,0.47,True,-1.56,,9,,,,,20.1,25.0,2026-11-02,False,True,False,8,STRONG,2.72,267.0,5.1,20.0,,,,2026-10-08T06:08:46.163396,,,,,,
BRK-B,Berkshire Hathaway Inc.,79.2,,trimestral,⭐⭐⭐ EXCELLENT,🟢 Excellent,USD,USD,False,True,True,0.6577,"acciones × precio no cuadra (ratio 0.6577) pero la divisa sí: son clases múltiples. Se usan 2,141 M de acciones efectivas (capitalización ÷ precio) en vez de las 1,408 M declaradas",100.0,90.0,36.0,90.0,60.0,15.0,18.4,False,down,457.6,True,1,41.5,True,1,"{'eps_growth_yoy': 457.6, 'op_growth_yoy': 421.4, 'crecimiento_respaldado': False, 'crecimiento_puntuado': 446.4, 'positive_quarters': 4, 'earnings_accelerating': True, 'eps_accel_quarters': 1, 'profit_margin_pct': 22.3, 'score_bruto_sin_capar': 115.0, 'satura': True}","{'revenue_growth_yoy': 41.5, 'revenue_accelerating': True, 'rev_accel_quarters': 1}","{'rs_3m': -0.7, 'rs_6m': -10.6, 'rs_line_percentile': 18.4, 'rs_line_at_new_high': False, 'rs_line_trend': 'down', 'rs_line_score': 15}","{'roe_pct': 12.1, 'debt_to_equity': 0.17, 'current_ratio': 2.89, 'operating_margin_pct': 32.6}","{'days_to_earnings': 'N/A', 'recommendation': 'buy', 'analyst_upside_pct': 8.2}",506.25,1083734294528,Financial Services,Insurance - Diversified,1.0,3.2,False,537.74,-5.9,4,False,-0.3,547.67,604.0,510.0,3.0,buy,8.2,,,437.28,-13.6,reportado,múltiplo propio,3.0,0.74,True,,2.37,12.0,,,,,,False,-0.41,,7,,17.1,EBIT,17.1,75.5,30.0,2026-11-07,False,True,False,4,NEUTRAL,,,0.78,11.6,,,,2026-10-08T06:03:44.127072,2140709718.0,"Insurance - Diversified: el flujo operativo son depósitos, préstamos o primas, no caja libre para el accionista",,,,True
TNE.AX,Technology One Limited,78.8,,anual,⭐⭐⭐ EXCELLENT,🟢 Excellent,AUD,AUD,False,True,True,1.0,,95.0,80.0,50.0,95.0,60.0,,,,,16.6,True,1,18.2,True,2,"{'eps_growth_yoy': 16.6, 'op_growth_yoy': 18.3, 'crecimiento_respaldado': True, 'positive_quarters': 4, 'earnings_accelerating': True, 'eps_accel_quarters': 1, 'profit_margin_pct': 22.4, 'score_bruto_sin_capar': 95.0, 'satura': False}","{'revenue_growth_yoy': 18.2, 'revenue_accelerating': True, 'rev_accel_quarters': 2}","{'rs_3m': -2.3, 'rs_6m': -9.2}","{'roe_pct': 33.5, 'debt_to_equity': 0.12, 'current_ratio': 1.12, 'operating_margin_pct': 27.1}","{'days_to_earnings': 'N/A', 'recommendation': 'buy', 'analyst_upside_pct': 1.9}",30.38,9945455616,Technology,Software - Application,,,False,39.99,-24.0,6,False,-1.7,30.96,34.25,22.0,15.0,buy,1.9,20.38,-32.9,,,reportado,,,,,,2.0,0.61,,0.92,62.0,0.28,0.92,,,,7,,,,,4.4,39.0,2026-11-17,False,True,False,3,NEUTRAL,1.8,152.7,3.35,26.6,,,,2026-10-08T06:05:30.937777,,,múltiplo propio 56x fuera del rango 8-45,,,
4684.T,"OBIC Co.,Ltd.",78.3,,anual,⭐⭐⭐ EXCELLENT,🟢 Excellent,JPY,JPY,False,True,True,1.0,,95.0,70.0,79.0,70.0,60.0,,,,,16.4,True,1,11.5,True,1,"{'eps_growth_yoy': 16.4, 'op_growth_yoy': 13.3, 'crecimiento_respaldado': True, 'positive_quarters': 4, 'earnings_accelerating': True, 'eps_accel_quarters': 1, 'profit_margin_pct': 56.2, 'score_bruto_sin_capar': 95.0, 'satura': False}","{'revenue_growth_yoy': 11.5, 'revenue_accelerating': True, 'rev_accel_quarters': 1}","{'rs_3m': 23.9, 'rs_6m': 17.7}","{'roe_pct': 16.6, 'current_ratio': 7.21, 'operating_margin_pct': 67.7}","{'days_to_earnings': 'N/A', 'recommendation': 'buy', 'analyst_upside_pct': 6.6}",5174.0,2221683769344,Technology,Software - Application,,,False,5217.0,-0.8,6,False,7.9,5513.33,6200.0,4500.0,12.0,buy,6.6,5105.29,-1.3,5269.09,1.8,reportado,múltiplo propio,4.0,0.41,False,,3.25,168.16,,1.84,49.1,94.0,1.24,,,,9,,,,,19.5,18.0,2026-10-27,False,True,True,4,NEUTRAL,4.44,35.7,2.16,23.6,,,,2026-10-08T06:07:03.880766,,,,,,
THC,Tenet Healthcare Corporation,78.1,,trimestral,⭐⭐⭐ EXCELLENT,🟢 Excellent,USD,USD,False,True,True,1.0,,100.0,60.0,79.4,75.0,60.0,80.0,78.3,False,down,186.8,False,0,14.6,False,0,"{'eps_growth_yoy': 186.8, 'op_growth_yoy': 68.7, 'crecimiento_respaldado': False, 'crecimiento_puntuado': 93.7, 'positive_quarters': 4, 'earnings_accelerating': False, 'eps_accel_quarters': 0, 'profit_margin_pct': 10.3, 'score_bruto_sin_capar': 100.0, 'satura': False}","{'revenue_growth_yoy': 14.6, 'revenue_accelerating': False, 'rev_accel_quarters': 0}","{'rs_3m': 24.0, 'rs_6m': 13.8, 'rs_line_percentile': 78.3, 'rs_line_at_new_high': False, 'rs_line_trend': 'down', 'rs_line_score': 80}","{'roe_pct': 37.3, 'debt_to_equity': 1.52, 'current_ratio': 1.41, 'operating_margin_pct': 18.2}","{'days_to_earnings': 'N/A', 'recommendation': 'buy', 'analyst_upside_pct': 9.5}",259.83,20921249792,Healthcare,Medical Care Facilities,2.9,2.8,False,283.05,-8.2,7,True,-1.0,284.64,315.0,260.0,22.0,buy,9.5,431.86,66.2,332.44,27.9,reportado,múltiplo propio,4.0,0.72,False,,9.93,25.8,30.9,,,,2.21,True,-8.53,,9,,5.4,Operating Income,5.7,213.4,21.0,2026-10-29,False,True,True,6,NEUTRAL,9.57,31.7,0.41,27.8,,,,2026-10-08T06:10:45.173336,,,,,,
OXY,Occidental Petroleum Corporation,77.8,,trimestral,⭐⭐⭐ EXCELLENT,🟢 Excellent,USD,USD,False,True,True,1.0,,100.0,80.0,46.7,80.0,65.0,35.0,37.6,False,down,808.8,True,2,53.4,False,0,"{'eps_growth_yoy': 808.8, 'op_growth_yoy': 359.3, 'crecimiento_respaldado': False, 'crecimiento_puntuado': 384.3, 'positive_quarters': 3, 'earnings_accelerating': True, 'eps_accel_quarters': 2, 'profit_margin_pct': 30.3, 'score_bruto_sin_capar': 118.0, 'satura': True}","{'revenue_growth_yoy': 53.4, 'revenue_accelerating': False, 'rev_accel_quarters': 0}","{'rs_3m': 7.4, 'rs_6m': -14.5, 'rs_line_percentile': 37.6, 'rs_line_at_new_high': False, 'rs_line_trend': 'down', 'rs_line_score': 35}","{'roe_pct': 10.6, 'debt_to_equity': 0.35, 'current_ratio': 1.41, 'operating_margin_pct': 45.4}","{'days_to_earnings': 'N/A', 'recommendation': 'buy', 'analyst_upside_pct': 17.4}",58.21,58188890112,Energy,Oil & Gas E&P,3.0,2.9,False,67.45,-13.7,6,False,-0.3,68.36,82.0,55.0,25.0,buy,17.4,,,46.84,-19.5,reportado,múltiplo propio,4.0,0.97,False,,7.82,4.55,,1.92,28.4,1.12,0.6,False,0.18,,9,,5.7,Operating Income,6.2,675.4,32.0,2026-11-09,False,True,False,4,NEUTRAL,4.79,5.8,,35.4,,,,2026-10-08T06:08:59.599896,,"el capex se lleva el 59% del flujo operativo: lo que queda no es lo que gana el dueño, es lo que sobra tras decidir invertir",,,,
KYCCF,Keyence Corporation,77.8,,anual,⭐⭐⭐ EXCELLENT,🟢 Excellent,USD,JPY,True,True,True,1.0,,100.0,80.0,65.1,65.0,50.0,60.0,68.6,False,flat,11.7,True,2,10.4,True,2,"{'eps_growth_yoy': 11.7, 'op_growth_yoy': 8.4, 'crecimiento_respaldado': True, 'positive_quarters': 4, 'earnings_accelerating': True, 'eps_accel_quarters': 2, 'profit_margin_pct': 39.2, 'score_bruto_sin_capar': 105.0, 'satura': True}","{'revenue_growth_yoy': 10.4, 'revenue_accelerating': True, 'rev_accel_quarters': 2}","{'rs_3m': 1.4, 'rs_6m': 14.9, 'rs_line_percentile': 68.6, 'rs_line_at_new_high': False, 'rs_line_trend': 'flat', 'rs_line_score': 60}","{'current_ratio': 11.87, 'operating_margin_pct': 54.0}","{'days_to_earnings': 'N/A', 'recommendation': 'none'}",508.32,123280375808,Technology,Scientific & Technical Instruments,,,False,581.6,-12.6,6,False,-0.5,,,,,none,,224.67,-55.8,,,reportado,,,,,,2.06,10.47,,0.68,30.0,3.48,0.42,,,,9,,,,,25.5,21.0,2026-10-29,False,True,True,5,NEUTRAL,,31.6,1.39,34.9,,,,2026-10-08T06:07:56.058442,,,múltiplo propio 0x fuera del rango 8-45,,,
NUE,Nucor Corporation,77.5,,trimestral,⭐⭐⭐ EXCELLENT,🟢 Excellent,USD,USD,False,True,True,1.0,"FCF declarado (1,211,000,000) se aparta del derivado de flujo operativo menos capex (766,533,165)",95.0,70.0,65.1,80.0,65.0,60.0,73.9,False,down,91.7,False,0,23.0,False,0,"{'eps_growth_yoy': 91.7, 'op_growth_yoy': 77.3, 'crecimiento_respaldado': True, 'positive_quarters': 4, 'earnings_accelerating': False, 'eps_accel_quarters': 0, 'profit_margin_pct': 8.0, 'score_bruto_sin_capar': 95.0, 'satura': False}","{'revenue_growth_yoy': 23.0, 'revenue_accelerating': False, 'rev_accel_quarters': 0}","{'rs_3m': 5.4, 'rs_6m': 19.7, 'rs_line_percentile': 73.9, 'rs_line_at_new_high': False, 'rs_line_trend': 'down', 'rs_line_score': 60}","{'roe_pct': 14.5, 'debt_to_equity': 0.31, 'current_ratio': 2.51, 'operating_margin_pct': 15.7}","{'days_to_earnings': 'N/A', 'recommendation': 'buy', 'analyst_upside_pct': 15.2}",246.44,55911243776,Basic Materials,Steel,2.5,3.1,False,280.11,-12.0,7,True,-3.4,283.81,310.0,226.0,16.0,buy,15.2,,,,,reportado,,,,,,1.37,3.38,23.5,0.91,17.8,2.24,1.33,False,-1.0,,9,,28.7,Operating Income,29.3,93.8,18.0,2026-10-26,False,True,True,6,NEUTRAL,4.25,11.5,,36.0,0.8,0.02,-35.2,2026-10-08T06:09:57.132161,,"el capex se lleva el 77% del flujo operativo: lo que queda no es lo que gana el dueño, es lo que sobra tras decidir invertir",los P/E históricos se separan 1.5x la mediana: el ancla la decidiría un año suelto,,,
CDNS,"Cadence Design Systems, Inc.",77.5,,trimestral,⭐⭐⭐ EXCELLENT,🟢 Excellent,USD,USD,False,True,True,1.0,,85.0,80.0,62.4,90.0,60.0,60.0,50.7,False,flat,129.3,True,1,24.2,True,1,"{'eps_growth_yoy': 129.3, 'op_growth_yoy': 21.5, 'crecimiento_respaldado': False, 'crecimiento_puntuado': 46.5, 'positive_quarters': 4, 'earnings_accelerating': True, 'eps_accel_quarters': 1, 'profit_margin_pct': 23.6, 'score_bruto_sin_capar': 105.0, 'satura': True}","{'revenue_growth_yoy': 24.2, 'revenue_accelerating': True, 'rev_accel_quarters': 1}","{'rs_3m': -10.5, 'rs_6m': 11.8, 'rs_line_percentile': 50.7, 'rs_line_at_new_high': False, 'rs_line_trend': 'flat', 'rs_line_score': 60}","{'roe_pct': 23.2, 'debt_to_equity': 0.39, 'current_ratio': 1.74, 'operating_margin_pct': 28.6}","{'days_to_earnings': 'N/A', 'recommendation': 'strong_buy', 'analyst_upside_pct': 13.9}",356.12,98223595520,Technology,Software - Application,1.6,1.8,False,416.69,-14.5,5,False,11.4,405.47,470.0,300.0,26.0,strong_buy,13.9,125.26,-64.8,,,reportado,,,,,,1.74,6.2,,,,,,False,1.2,,9,,14.4,Operating Income,15.6,125.4,18.0,2026-10-26,False,True,True,7,NEUTRAL,1.65,44.3,3.9,34.4,,,,2026-10-08T06:04:10.721504,,,múltiplo propio 74x fuera del rango 8-45,,,
TECK,Teck Resources Limited,77.3,,trimestral,⭐⭐⭐ EXCELLENT,🟢 Excellent,USD,CAD,True,True,True,0.9845,"FCF declarado (1,349,267,530) se aparta del derivado de flujo operativo menos capex (1,812,574,459)",100.0,80.0,60.3,75.0,40.0,60.0,71.7,False,up,314.6,False,0,78.2,False,0,"{'eps_growth_yoy': 314.6, 'op_growth_yoy': 425.2, 'crecimiento_respaldado': True, 'positive_quarters': 4, 'earnings_accelerating': False, 'eps_accel_quarters': 0, 'profit_margin_pct': 17.9, 'score_bruto_sin_capar': 100.0, 'satura': False}","{'revenue_growth_yoy': 78.2, 'revenue_accelerating': False, 'rev_accel_quarters': 0}","{'rs_3m': 6.3, 'rs_6m': 5.1, 'rs_line_percentile': 71.7, 'rs_line_at_new_high': False, 'rs_line_trend': 'up', 'rs_line_score': 60}","{'roe_pct': 8.7, 'debt_to_equity': 0.34, 'current_ratio': 3.12, 'operating_margin_pct': 43.1}","{'days_to_earnings': 'N/A', 'recommendation': 'hold', 'analyst_upside_pct': -15.8}",65.39,32080332800,Basic Materials,Copper,,4.5,False,72.56,-9.9,7,True,-1.4,55.04,76.75,34.98,4.0,hold,-15.8,34.35,-47.5,,,normalizado,,,,,,5.65,3.69,,0.53,9.8,0.35,0.83,True,-1.05,,6,solo 6 de los 9 criterios son calculables con los estados de esta empresa,5.2,Operating Income,6.5,129.8,21.0,2026-10-29,False,True,True,5,,4.09,4.2,0.58,37.8,,,,2026-10-08T06:10:54.174700,,,sin histórico de múltiplo (beneficio negativo o pocos años),tasa fiscal efectiva 39.3% — el beneficio del periodo no es representativo,,
VEEV,Veeva Systems Inc.,77.2,,trimestral,⭐⭐⭐ EXCELLENT,🟢 Excellent,USD,USD,False,True,True,1.0,,95.0,60.0,75.0,85.0,60.0,60.0,63.7,False,up,36.5,False,0,17.6,False,0,"{'eps_growth_yoy': 36.5, 'op_growth_yoy': 40.4, 'crecimiento_respaldado': True, 'positive_quarters': 4, 'earnings_accelerating': False, 'eps_accel_quarters': 0, 'profit_margin_pct': 29.3, 'score_bruto_sin_capar': 95.0, 'satura': False}","{'revenue_growth_yoy': 17.6, 'revenue_accelerating': False, 'rev_accel_quarters': 0}","{'rs_3m': 45.4, 'rs_6m': 65.0, 'rs_line_percentile': 63.7, 'rs_line_at_new_high': False, 'rs_line_trend': 'up', 'rs_line_score': 60}","{'roe_pct': 14.4, 'debt_to_equity': 0.02, 'current_ratio': 5.46, 'operating_margin_pct': 29.6}","{'days_to_earnings': 'N/A', 'recommendation': 'buy', 'analyst_upside_pct': 5.2}",282.5,45739249664,Healthcare,Health Information Services,3.4,2.9,False,303.39,-6.9,6,False,10.3,297.3,350.0,180.0,27.0,buy,5.2,203.18,-28.1,,,reportado,,,,,,2.75,7.77,,,,,,True,-1.57,,9,,,,,39.5,48.0,2026-11-25,False,True,False,7,NEUTRAL,2.36,14.1,1.26,26.8,,,,2026-10-08T06:02:16.308293,,,múltiplo propio 55x fuera del rango 8-45,,,
7741.T,HOYA Corporation,76.8,,anual,⭐⭐⭐ EXCELLENT,🟢 Excellent,JPY,JPY,False,True,True,1.0,,100.0,80.0,30.0,95.0,65.0,,,,,25.2,True,2,12.4,True,2,"{'eps_growth_yoy': 25.2, 'op_growth_yoy': 14.6, 'crecimiento_respaldado': True, 'positive_quarters': 4, 'earnings_accelerating': True, 'eps_accel_quarters': 2, 'profit_margin_pct': 27.2, 'score_bruto_sin_capar': 115.0, 'satura': True}","{'revenue_growth_yoy': 12.4, 'revenue_accelerating': True, 'rev_accel_quarters': 2}","{'rs_3m': -5.4, 'rs_6m': -23.9}","{'roe_pct': 26.5, 'debt_to_equity': 0.04, 'current_ratio': 4.91, 'operating_margin_pct': 32.4}","{'days_to_earnings': 'N/A', 'recommendation': 'strong_buy', 'analyst_upside_pct': 20.3}",25095.0,8370733973504,Healthcare,Medical Instruments & Supplies,,,False,30400.0,-17.5,4,False,2.6,30200.0,36000.0,23100.0,15.0,strong_buy,20.3,16147.63,-35.7,24330.05,-3.0,reportado,múltiplo propio,4.0,0.22,False,,2.8,702.66,,1.17,39.7,295.0,0.72,,,,9,,,,,30.0,21.0,2026-10-30,False,True,True,6,NEUTRAL,6.91,55.3,2.22,26.6,,,,2026-10-08T06:03:22.575482,,,,,,
AME,"AMETEK, Inc.",76.1,,trimestral,⭐⭐⭐ EXCELLENT,🟢 Excellent,USD,USD,False,True,True,1.0,,95.0,70.0,56.7,85.0,60.0,60.0,60.5,False,flat,13.5,True,1,15.0,True,1,"{'eps_growth_yoy': 13.5, 'op_growth_yoy': 14.4, 'crecimiento_respaldado': True, 'positive_quarters': 4, 'earnings_accelerating': True, 'eps_accel_quarters': 1, 'profit_margin_pct': 20.0, 'score_bruto_sin_capar': 95.0, 'satura': False}","{'revenue_growth_yoy': 15.0, 'revenue_accelerating': True, 'rev_accel_quarters': 1}","{'rs_3m': 3.2, 'rs_6m': -8.1, 'rs_line_percentile': 60.5, 'rs_line_at_new_high': False, 'rs_line_trend': 'flat', 'rs_line_score': 60}","{'roe_pct': 14.6, 'debt_to_equity': 0.21, 'current_ratio': 1.21, 'operating_margin_pct': 26.2}","{'days_to_earnings': 'N/A', 'recommendation': 'buy', 'analyst_upside_pct': 12.7}",248.62,56984449024,Industrials,Specialty Industrial Machinery,1.5,2.1,False,261.16,-4.8,7,True,1.8,280.28,318.0,217.0,18.0,buy,12.7,172.01,-30.8,200.53,-19.3,reportado,múltiplo propio,4.0,0.16,False,,3.21,7.98,,0.55,19.0,1.36,0.61,False,-0.7,,9,,21.1,Operating Income,20.8,14.2,21.0,2026-10-29,False,True,True,6,NEUTRAL,3.18,146.3,3.04,22.8,0.4,0.02,-22.4,2026-10-08T06:05:17.552737,,,,,,
GOOG,Alphabet Inc.,75.8,,trimestral,⭐⭐⭐ EXCELLENT,🟢 Excellent,USD,USD,False,True,True,0.4519,"acciones × precio no cuadra (ratio 0.4519) pero la divisa sí: son clases múltiples. Se usan 12,230 M de acciones efectivas (capitalización ÷ precio) en vez de las 5,527 M declaradas | FCF declarado (53,273,000,000) se aparta del derivado de flujo operativo menos capex (94,228,005,952)",85.0,80.0,44.0,100.0,65.0,35.0,46.5,False,down,297.9,False,0,24.2,True,1,"{'eps_growth_yoy': 297.9, 'op_growth_yoy': 30.4, 'crecimiento_respaldado': False, 'crecimiento_puntuado': 55.4, 'positive_quarters': 4, 'earnings_accelerating': False, 'eps_accel_quarters': 0, 'profit_margin_pct': 54.8, 'score_bruto_sin_capar': 105.0, 'satura': True}","{'revenue_growth_yoy': 24.2, 'revenue_accelerating': True, 'rev_accel_quarters': 1}","{'rs_3m': -5.3, 'rs_6m': -5.0, 'rs_line_percentile': 46.5, 'rs_line_at_new_high': False, 'rs_line_trend': 'down', 'rs_line_score': 35}","{'roe_pct': 48.7, 'debt_to_equity': 0.19, 'current_ratio': 2.72, 'operating_margin_pct': 34.0}","{'days_to_earnings': 'N/A', 'recommendation': 'strong_buy', 'analyst_upside_pct': 20.8}",347.37,4248312479744,Communication Services,Internet Content & Information,,3.3,False,404.47,-14.1,6,False,1.3,419.65,475.0,340.0,14.0,strong_buy,20.8,155.79,-55.2,478.2,37.7,reportado,múltiplo propio,4.0,0.41,False,,2.22,7.71,,0.26,4.3,0.88,,False,0.91,,9,,65.6,Operating Income,133.9,294.0,20.0,2026-10-28,False,True,True,6,NEUTRAL,3.14,35.3,0.76,24.4,,,,2026-10-08T06:08:01.091495,12229934881.0,,,,,
SAP,SAP SE,75.8,,trimestral,⭐⭐⭐ EXCELLENT,🟢 Excellent,USD,EUR,True,True,True,1.0,,95.0,60.0,61.4,90.0,65.0,35.0,33.1,False,up,28.5,False,0,9.4,True,1,"{'eps_growth_yoy': 28.5, 'op_growth_yoy': 7.2, 'crecimiento_respaldado': True, 'positive_quarters': 4, 'earnings_accelerating': False, 'eps_accel_quarters': 0, 'profit_margin_pct': 20.4, 'score_bruto_sin_capar': 95.0, 'satura': False}","{'revenue_growth_yoy': 9.4, 'revenue_accelerating': True, 'rev_accel_quarters': 1}","{'rs_3m': 29.9, 'rs_6m': 15.1, 'rs_line_percentile': 33.1, 'rs_line_at_new_high': False, 'rs_line_trend': 'up', 'rs_line_score': 35}","{'roe_pct': 18.3, 'debt_to_equity': 0.22, 'current_ratio': 1.15, 'operating_margin_pct': 27.6}","{'days_to_earnings': 'N/A', 'recommendation': 'buy', 'analyst_upside_pct': 20.2}",210.13,242532958208,Technology,Software - Application,0.4,2.2,False,281.37,-25.3,4,False,0.6,252.5,319.0,177.0,12.0,buy,20.2,228.65,8.8,304.79,45.0,reportado,múltiplo propio,3.0,0.55,True,2024-12-31,4.03,8.47,,1.39,37.7,2.93,1.35,True,-1.45,,9,,18.2,Operating Income,20.7,30.6,13.0,2026-10-21,False,True,True,8,STRONG,0.28,131.1,0.73,25.5,,,,2026-10-08T06:03:35.311559,,,,,,
BLK,"BlackRock, Inc.",75.7,,trimestral,⭐⭐⭐ EXCELLENT,🟢 Excellent,USD,USD,False,True,True,0.9532,,85.0,90.0,38.7,90.0,65.0,15.0,19.1,False,down,20.2,False,0,30.6,True,1,"{'eps_growth_yoy': 20.2, 'op_growth_yoy': 33.6, 'crecimiento_respaldado': True, 'positive_quarters': 4, 'earnings_accelerating': False, 'eps_accel_quarters': 0, 'profit_margin_pct': 24.1, 'score_bruto_sin_capar': 85.0, 'satura': False}","{'revenue_growth_yoy': 30.6, 'revenue_accelerating': True, 'rev_accel_quarters': 1}","{'rs_3m': 0.6, 'rs_6m': -6.9, 'rs_line_percentile': 19.1, 'rs_line_at_new_high': False, 'rs_line_trend': 'down', 'rs_line_score': 15}","{'roe_pct': 12.3, 'debt_to_equity': 0.23, 'current_ratio': 2.45, 'operating_margin_pct': 35.1}","{'days_to_earnings': 'N/A', 'recommendation': 'strong_buy', 'analyst_upside_pct': 23.4}",1069.63,173789413376,Financial Services,Asset Management,1.3,3.7,False,1219.94,-12.3,4,False,-3.3,1320.12,1479.0,1190.0,17.0,strong_buy,23.4,,,920.33,-14.0,reportado,múltiplo propio,4.0,0.51,False,,1.73,18.5,15.8,2.12,52.4,22.92,2.29,False,5.31,,9,,16.6,Operating Income,17.9,19.6,6.0,2026-10-14,True,True,False,4,NEUTRAL,4.51,27.4,31.37,21.4,,,,2026-10-08T06:06:41.599832,,"Asset Management: el flujo operativo son depósitos, préstamos o primas, no caja libre para el accionista",,,,
TMO,Thermo Fisher Scientific Inc.,74.6,,trimestral,⭐⭐⭐ EXCELLENT,🟢 Excellent,USD,USD,False,True,True,1.0,,80.0,70.0,79.4,75.0,60.0,80.0,76.0,False,up,7.4,True,1,10.5,True,1,"{'eps_growth_yoy': 7.4, 'op_growth_yoy': 14.0, 'crecimiento_respaldado': True, 'positive_quarters': 4, 'earnings_accelerating': True, 'eps_accel_quarters': 1, 'profit_margin_pct': 15.0, 'score_bruto_sin_capar': 80.0, 'satura': False}","{'revenue_growth_yoy': 10.5, 'revenue_accelerating': True, 'rev_accel_quarters': 1}","{'rs_3m': 22.5, 'rs_6m': 17.6, 'rs_line_percentile': 76.0, 'rs_line_at_new_high': False, 'rs_line_trend': 'up', 'rs_line_score': 80}","{'roe_pct': 13.5, 'debt_to_equity': 0.81, 'current_ratio': 1.55, 'operating_margin_pct': 18.8}","{'days_to_earnings': 'N/A', 'recommendation': 'buy', 'analyst_upside_pct': 0.5}",662.06,244794900480,Healthcare,Diagnostics & Research,1.4,2.9,False,694.33,-4.6,7,True,6.3,665.16,780.0,560.0,25.0,buy,0.5,404.31,-38.9,496.06,-25.1,normalizado,múltiplo propio,4.0,0.1,False,,3.06,20.26,,0.29,9.7,1.88,0.25,True,-1.85,,9,,5.8,Operating Income,6.2,9.4,13.0,2026-10-21,False,True,True,5,NEUTRAL,2.88,33.7,132.85,28.1,,,,2026-10-08T06:01:45.120185,,,,tasa fiscal efectiva 7.8% — el beneficio del periodo no es representativo,,
NDSN,Nordson Corporation,74.1,,trimestral,⭐⭐⭐ EXCELLENT,🟢 Excellent,USD,USD,False,True,True,1.0,,90.0,60.0,71.9,85.0,50.0,80.0,83.5,False,up,21.5,True,1,10.3,False,0,"{'eps_growth_yoy': 21.5, 'op_growth_yoy': 11.6, 'crecimiento_respaldado': True, 'positive_quarters': 4, 'earnings_accelerating': True, 'eps_accel_quarters': 1, 'profit_margin_pct': 18.6, 'score_bruto_sin_capar': 90.0, 'satura': False}","{'revenue_growth_yoy': 10.3, 'revenue_accelerating': False, 'rev_accel_quarters': 0}","{'rs_3m': 11.5, 'rs_6m': 4.4, 'rs_line_percentile': 83.5, 'rs_line_at_new_high': False, 'rs_line_trend': 'up', 'rs_line_score': 80}","{'roe_pct': 17.8, 'debt_to_equity': 0.56, 'current_ratio': 1.82, 'operating_margin_pct': 27.4}","{'days_to_earnings': 'N/A', 'recommendation': 'none', 'analyst_upside_pct': 6.7}",327.69,18258214912,Industrials,Specialty Industrial Machinery,3.1,3.5,False,339.12,-3.4,8,True,3.4,349.71,375.0,282.0,7.0,none,6.7,226.49,-30.9,248.2,-24.3,reportado,múltiplo propio,4.0,0.22,False,,3.92,12.85,,1.13,33.2,3.76,1.07,True,-1.24,,9,,8.8,Operating Income,8.4,11.5,62.0,2026-12-09,False,True,False,7,NEUTRAL,3.56,67.1,,18.6,0.4,0.02,-18.2,2026-10-08T06:05:26.434843,,,,,,
6383.T,"Daifuku Co., Ltd.",74.0,,anual,⭐⭐⭐ EXCELLENT,🟢 Excellent,JPY,JPY,False,True,True,1.0,,100.0,60.0,50.0,80.0,70.0,,,,,71.8,True,1,8.1,True,1,"{'eps_growth_yoy': 71.8, 'op_growth_yoy': 63.4, 'crecimiento_respaldado': True, 'positive_quarters': 4, 'earnings_accelerating': True, 'eps_accel_quarters': 1, 'profit_margin_pct': 12.1, 'score_bruto_sin_capar': 110.0, 'satura': True}","{'revenue_growth_yoy': 8.1, 'revenue_accelerating': True, 'rev_accel_quarters': 1}","{'rs_3m': -19.4, 'rs_6m': -16.5}","{'debt_to_equity': 0.09, 'current_ratio': 2.63, 'operating_margin_pct': 16.6}","{'days_to_earnings': 'N/A', 'recommendation': 'buy', 'analyst_upside_pct': 30.1}",5752.0,2138818871296,Industrials,Specialty Industrial Machinery,,,False,7857.0,-26.8,2,False,-1.1,7483.57,9300.0,5400.0,14.0,buy,30.1,6536.94,13.6,5721.99,-0.5,reportado,múltiplo propio,4.0,0.3,False,,5.43,312.33,,1.43,36.0,84.0,1.3,,,,9,,,,,13.8,33.0,2026-11-11,False,True,False,8,STRONG,5.14,21.8,1.39,30.1,,,,2026-10-08T06:08:41.683312,,,,,,
TT,Trane Technologies plc,73.8,,trimestral,⭐⭐⭐ EXCELLENT,🟢 Excellent,USD,USD,False,True,True,1.0,,90.0,80.0,44.0,80.0,60.0,35.0,38.3,False,flat,7.3,True,2,10.6,True,2,"{'eps_growth_yoy': 7.3, 'op_growth_yoy': 5.2, 'crecimiento_respaldado': True, 'positive_quarters': 4, 'earnings_accelerating': True, 'eps_accel_quarters': 2, 'profit_margin_pct': 13.3, 'score_bruto_sin_capar': 90.0, 'satura': False}","{'revenue_growth_yoy': 10.6, 'revenue_accelerating': True, 'rev_accel_quarters': 2}","{'rs_3m': -5.6, 'rs_6m': -12.9, 'rs_line_percentile': 38.3, 'rs_line_at_new_high': False, 'rs_line_trend': 'flat', 'rs_line_score': 35}","{'roe_pct': 36.6, 'debt_to_equity': 0.53, 'current_ratio': 1.07, 'operating_margin_pct': 19.3}","{'days_to_earnings': 'N/A', 'recommendation': 'buy', 'analyst_upside_pct': 12.7}",467.27,102810230784,Industrials,Building Products & Equipment,1.5,3.4,False,505.87,-7.6,6,False,3.1,526.67,575.0,422.0,22.0,buy,12.7,316.9,-32.2,374.49,-19.9,reportado,múltiplo propio,4.0,0.38,False,,3.4,15.89,,0.88,29.7,4.2,1.1,True,-1.16,,9,,18.1,Operating Income,18.0,7.1,21.0,2026-10-29,False,True,True,9,STRONG,3.67,103.7,1.32,23.7,0.4,0.02,-23.3,2026-10-08T06:04:45.591165,,,,,,
ODFL,"Old Dominion Freight Line, Inc.",73.8,,trimestral,⭐⭐⭐ EXCELLENT,🟢 Excellent,USD,USD,False,True,True,1.0,,100.0,80.0,15.0,95.0,65.0,15.0,22.5,False,down,30.5,True,2,10.4,True,2,"{'eps_growth_yoy': 30.5, 'op_growth_yoy': 30.0, 'crecimiento_respaldado': True, 'positive_quarters': 4, 'earnings_accelerating': True, 'eps_accel_quarters': 2, 'profit_margin_pct': 19.4, 'score_bruto_sin_capar': 110.0, 'satura': True}","{'revenue_growth_yoy': 10.4, 'revenue_accelerating': True, 'rev_accel_quarters': 2}","{'rs_3m': -25.9, 'rs_6m': -30.8, 'rs_line_percentile': 22.5, 'rs_line_at_new_high': False, 'rs_line_trend': 'down', 'rs_line_score': 15}","{'roe_pct': 24.8, 'debt_to_equity': 0.0, 'current_ratio': 1.89, 'operating_margin_pct': 28.8}","{'days_to_earnings': 'N/A', 'recommendation': 'buy', 'analyst_upside_pct': 29.3}",175.61,36413898752,Industrials,Trucking,4.9,5.2,False,252.03,-30.3,3,False,-9.2,227.14,263.0,156.0,22.0,buy,29.3,60.76,-65.4,164.43,-6.4,reportado,múltiplo propio,4.0,0.39,False,,2.69,4.72,,0.65,21.9,1.16,0.43,True,-1.63,,9,,2183.6,Operating Income,2188.9,22.6,20.0,2026-10-28,False,True,True,6,NEUTRAL,3.71,28.9,,24.7,,,,2026-10-08T06:06:46.079454,,,,,,
DSGX,The Descartes Systems Group Inc.,73.5,,trimestral,⭐⭐⭐ EXCELLENT,🟢 Excellent,USD,USD,False,True,True,1.0,,95.0,70.0,42.3,90.0,55.0,15.0,22.9,False,down,31.6,False,0,11.8,True,1,"{'eps_growth_yoy': 31.6, 'op_growth_yoy': 25.2, 'crecimiento_respaldado': True, 'positive_quarters': 4, 'earnings_accelerating': False, 'eps_accel_quarters': 0, 'profit_margin_pct': 24.3, 'score_bruto_sin_capar': 95.0, 'satura': False}","{'revenue_growth_yoy': 11.8, 'revenue_accelerating': True, 'rev_accel_quarters': 1}","{'rs_3m': 7.9, 'rs_6m': 8.7, 'rs_line_percentile': 22.9, 'rs_line_at_new_high': False, 'rs_line_trend': 'down', 'rs_line_score': 15}","{'roe_pct': 11.9, 'debt_to_equity': 0.0, 'current_ratio': 2.02, 'operating_margin_pct': 33.2}","{'days_to_earnings': 'N/A', 'recommendation': 'none', 'analyst_upside_pct': 26.4}",80.07,6849872384,Technology,Software - Application,,2.5,False,98.35,-18.6,4,False,2.3,101.23,126.0,82.0,13.0,none,26.4,116.05,44.9,,,reportado,,,,,,4.38,3.51,,,,,,False,-0.59,,9,,257.0,Operating Income,264.0,16.3,55.0,2026-12-02,False,True,False,6,NEUTRAL,3.48,78.6,1.47,39.9,,,,2026-10-08T06:03:13.348499,,,múltiplo propio 64x fuera del rango 8-45,,,
RACE,Ferrari N.V.,73.2,,trimestral,⭐⭐⭐ EXCELLENT,🟢 Excellent,USD,EUR,True,True,True,1.0,,95.0,70.0,36.0,90.0,65.0,15.0,22.0,False,down,9.0,True,2,8.4,True,2,"{'eps_growth_yoy': 9.0, 'op_growth_yoy': 9.5, 'crecimiento_respaldado': True, 'positive_quarters': 4, 'earnings_accelerating': True, 'eps_accel_quarters': 2, 'profit_margin_pct': 22.2, 'score_bruto_sin_capar': 95.0, 'satura': False}","{'revenue_growth_yoy': 8.4, 'revenue_accelerating': True, 'rev_accel_quarters': 2}","{'rs_3m': -0.6, 'rs_6m': -3.9, 'rs_line_percentile': 22.0, 'rs_line_at_new_high': False, 'rs_line_trend': 'down', 'rs_line_score': 15}","{'roe_pct': 45.4, 'debt_to_equity': 0.86, 'current_ratio': 2.43, 'operating_margin_pct': 31.1}","{'days_to_earnings': 'N/A', 'recommendation': 'strong_buy', 'analyst_upside_pct': 17.2}",386.39,67772796928,Consumer Cyclical,Auto Manufacturers,2.9,9.9,False,437.15,-11.6,5,False,-5.4,452.99,514.94,401.7,12.0,strong_buy,17.2,292.61,-24.3,477.16,23.5,reportado,múltiplo propio,4.0,0.19,False,,2.42,9.35,,1.09,39.2,4.23,0.64,True,-1.12,,9,,63.9,Operating Income,63.9,10.1,26.0,2026-11-03,False,True,False,9,STRONG,3.01,46.7,1.5,21.7,3.1,0.14,-18.6,2026-10-08T06:03:31.066967,,,,,,
CTAS,Cintas Corporation,73.1,,trimestral,⭐⭐⭐ EXCELLENT,🟢 Excellent,USD,USD,False,True,True,1.0,,100.0,60.0,46.7,85.0,60.0,35.0,40.1,False,down,14.0,True,2,8.9,True,1,"{'eps_growth_yoy': 14.0, 'op_growth_yoy': 15.2, 'crecimiento_respaldado': True, 'positive_quarters': 4, 'earnings_accelerating': True, 'eps_accel_quarters': 2, 'profit_margin_pct': 17.8, 'score_bruto_sin_capar': 100.0, 'satura': False}","{'revenue_growth_yoy': 8.9, 'revenue_accelerating': True, 'rev_accel_quarters': 1}","{'rs_3m': 6.8, 'rs_6m': -1.1, 'rs_line_percentile': 40.1, 'rs_line_at_new_high': False, 'rs_line_trend': 'down', 'rs_line_score': 35}","{'roe_pct': 41.4, 'debt_to_equity': 0.52, 'current_ratio': 1.45, 'operating_margin_pct': 24.1}","{'days_to_earnings': 'N/A', 'recommendation': 'buy', 'analyst_upside_pct': 10.7}",197.19,78780760064,Industrials,Specialty Business Services,3.8,6.3,False,219.17,-10.0,4,False,-1.7,218.31,250.0,181.0,16.0,buy,10.7,120.15,-39.1,200.0,1.4,reportado,múltiplo propio,4.0,0.4,False,,2.59,5.11,,1.06,36.7,2.08,0.85,True,-1.31,,9,,24.7,Operating Income,24.6,9.3,70.0,2026-12-17,False,True,False,8,STRONG,3.25,82.5,2.17,21.1,,,,2026-10-08T05:59:36.556655,,,,,,
HHH,Howard Hughes Holdings Inc.,73.0,,trimestral,⭐⭐⭐ EXCELLENT,🟢 Excellent,USD,USD,False,True,True,1.0,,90.0,90.0,36.0,65.0,65.0,15.0,24.6,False,flat,,True,2,330.2,True,1,"{'positive_quarters': 4, 'earnings_accelerating': True, 'eps_accel_quarters': 2, 'profit_margin_pct': 12.3, 'score_bruto_sin_capar': 90.0, 'satura': False}","{'revenue_growth_yoy': 330.2, 'revenue_accelerating': True, 'rev_accel_quarters': 1}","{'rs_3m': -3.5, 'rs_6m': -1.7, 'rs_line_percentile': 24.6, 'rs_line_at_new_high': False, 'rs_line_trend': 'flat', 'rs_line_score': 15}","{'roe_pct': 7.5, 'debt_to_equity': 1.35, 'current_ratio': 3.48, 'operating_margin_pct': 28.4}","{'days_to_earnings': 'N/A', 'recommendation': 'buy', 'analyst_upside_pct': 24.8}",71.85,4290843392,Real Estate,Real Estate - Development,12.7,8.1,True,91.07,-21.1,3,False,8.5,89.67,100.0,79.0,3.0,buy,24.8,166.11,131.2,98.6,37.2,reportado,múltiplo propio,3.0,0.83,True,,18.26,13.12,,,,,,False,,,9,,2.8,Operating Income,3.2,,32.0,2026-11-09,False,True,False,6,NEUTRAL,4.19,13.3,,53.8,,,,2026-10-08T06:10:31.863545,,,,,,
NDAQ,"Nasdaq, Inc.",72.6,,trimestral,⭐⭐⭐ EXCELLENT,🟢 Excellent,USD,USD,False,True,True,1.0,,85.0,80.0,46.7,75.0,65.0,35.0,34.9,False,down,12.2,False,0,20.5,True,1,"{'eps_growth_yoy': 12.2, 'op_growth_yoy': 22.4, 'crecimiento_respaldado': True, 'positive_quarters': 4, 'earnings_accelerating': False, 'eps_accel_quarters': 0, 'profit_margin_pct': 35.0, 'score_bruto_sin_capar': 85.0, 'satura': False}","{'revenue_growth_yoy': 20.5, 'revenue_accelerating': True, 'rev_accel_quarters': 1}","{'rs_3m': 1.5, 'rs_6m': -5.0, 'rs_line_percentile': 34.9, 'rs_line_at_new_high': False, 'rs_line_trend': 'down', 'rs_line_score': 35}","{'roe_pct': 16.5, 'debt_to_equity': 0.78, 'current_ratio': 1.01, 'operating_margin_pct': 49.3}","{'days_to_earnings': 'N/A', 'recommendation': 'buy', 'analyst_upside_pct': 18.8}",91.93,51386785792,Financial Services,Financial Data & Stock Exchanges,2.0,2.7,False,101.79,-9.7,4,False,-2.8,109.19,132.0,84.0,16.0,buy,18.8,80.01,-13.0,99.23,7.9,reportado,múltiplo propio,4.0,0.46,False,,3.85,3.54,,1.26,32.7,1.16,1.27,True,-1.93,,9,,7.9,Operating Income,8.3,14.1,14.0,2026-10-22,False,True,True,9,STRONG,4.03,199.9,1.79,22.5,,,,2026-10-08T06:04:36.729581,,,,,,
KO,The Coca-Cola Company,72.3,,trimestral,⭐⭐⭐ EXCELLENT,🟢 Excellent,USD,USD,False,True,True,1.0,,85.0,70.0,56.7,80.0,60.0,60.0,54.9,False,down,16.1,False,0,6.7,True,2,"{'eps_growth_yoy': 16.1, 'op_growth_yoy': 7.9, 'crecimiento_respaldado': True, 'positive_quarters': 4, 'earnings_accelerating': False, 'eps_accel_quarters': 0, 'profit_margin_pct': 28.6, 'score_bruto_sin_capar': 85.0, 'satura': False}","{'revenue_growth_yoy': 6.7, 'revenue_accelerating': True, 'rev_accel_quarters': 2}","{'rs_3m': 0.2, 'rs_6m': -3.8, 'rs_line_percentile': 54.9, 'rs_line_at_new_high': False, 'rs_line_trend': 'down', 'rs_line_score': 60}","{'roe_pct': 42.1, 'debt_to_equity': 1.16, 'current_ratio': 1.3, 'operating_margin_pct': 34.9}","{'days_to_earnings': 'N/A', 'recommendation': 'buy', 'analyst_upside_pct': 10.0}",85.82,369244766208,Consumer Defensive,Beverages - Non-Alcoholic,0.9,2.8,False,92.49,-7.2,6,False,-2.1,94.43,104.0,75.0,23.0,buy,10.0,85.95,0.2,77.71,-9.5,reportado,múltiplo propio,4.0,0.17,False,,3.85,3.3,,2.46,62.5,2.12,2.84,False,-0.05,,9,,10.2,Operating Income,12.0,16.9,19.0,2026-10-27,False,True,True,7,NEUTRAL,3.72,77.0,2.12,12.0,0.4,0.03,-11.6,2026-10-08T06:01:00.551187,,,,,,
EQIX,"Equinix, Inc.",72.3,,trimestral,⭐⭐⭐ EXCELLENT,🟢 Excellent,USD,USD,False,True,True,1.0,"FCF declarado (-1,464,000,000) se aparta del derivado de flujo operativo menos capex (-368,999,872)",90.0,70.0,54.0,70.0,65.0,60.0,53.1,False,down,30.2,False,0,16.4,True,1,"{'eps_growth_yoy': 30.2, 'op_growth_yoy': 38.8, 'crecimiento_respaldado': True, 'positive_quarters': 4, 'earnings_accelerating': False, 'eps_accel_quarters': 0, 'profit_margin_pct': 15.5, 'score_bruto_sin_capar': 90.0, 'satura': False}","{'revenue_growth_yoy': 16.4, 'revenue_accelerating': True, 'rev_accel_quarters': 1}","{'rs_3m': -4.6, 'rs_6m': -13.9, 'rs_line_percentile': 53.1, 'rs_line_at_new_high': False, 'rs_line_trend': 'down', 'rs_line_score': 60}","{'roe_pct': 10.7, 'debt_to_equity': 1.62, 'current_ratio': 1.13, 'operating_margin_pct': 27.0}","{'days_to_earnings': 'N/A', 'recommendation': 'strong_buy', 'analyst_upside_pct': 19.6}",1031.77,101806489600,Real Estate,REIT - Specialty,2.0,3.2,False,1128.68,-8.6,5,False,-0.9,1234.19,1380.0,1060.0,31.0,strong_buy,19.6,,,,,normalizado,,,,,,-0.36,-3.71,,1.97,126.8,20.64,1.87,False,,,9,,4.0,Operating Income,4.0,28.8,20.0,2026-10-28,False,True,True,6,NEUTRAL,1.56,7.5,2.59,26.4,,,,2026-10-08T06:05:08.860961,,"el capex se lleva el 109% del flujo operativo: lo que queda no es lo que gana el dueño, es lo que sobra tras decidir invertir",múltiplo propio 74x fuera del rango 8-45,tasa fiscal efectiva 10.3% — el beneficio del periodo no es representativo,,
HEI,HEICO Corporation,72.2,,trimestral,⭐⭐⭐ EXCELLENT,🟢 Excellent,USD,USD,False,True,True,0.3953,acciones × precio no cuadra (ratio 0.3953) pero la divisa sí: son clases múltiples. Se usan 140 M de acciones efectivas (capitalización ÷ precio) en vez de las 55 M declaradas,90.0,70.0,36.0,90.0,70.0,15.0,7.9,False,down,32.8,False,0,23.1,False,0,"{'eps_growth_yoy': 32.8, 'op_growth_yoy': 34.0, 'crecimiento_respaldado': True, 'positive_quarters': 4, 'earnings_accelerating': False, 'eps_accel_quarters': 0, 'profit_margin_pct': 16.4, 'score_bruto_sin_capar': 90.0, 'satura': False}","{'revenue_growth_yoy': 23.1, 'revenue_accelerating': False, 'rev_accel_quarters': 0}","{'rs_3m': -18.9, 'rs_6m': -14.0, 'rs_line_percentile': 7.9, 'rs_line_at_new_high': False, 'rs_line_trend': 'down', 'rs_line_score': 15}","{'roe_pct': 17.7, 'debt_to_equity': 0.45, 'current_ratio': 2.72, 'operating_margin_pct': 25.1}","{'days_to_earnings': 'N/A', 'recommendation': 'buy', 'analyst_upside_pct': 33.1}",295.78,41337446400,Industrials,Aerospace & Defense,6.6,6.4,False,376.86,-21.5,2,False,-11.0,393.7,491.0,294.0,20.0,buy,33.1,163.1,-44.9,,,reportado,,,,,,2.35,6.95,6.3,0.08,4.2,0.25,0.09,False,,,9,,9.4,Operating Income,9.4,32.5,70.0,2026-12-17,False,True,False,8,STRONG,2.25,52.1,1.68,23.7,0.8,0.03,-22.9,2026-10-08T06:03:57.595613,139757409.0,,múltiplo propio 64x fuera del rango 8-45,,,
ADSK,"Autodesk, Inc.",72.0,,trimestral,⭐⭐⭐ EXCELLENT,🟢 Excellent,USD,USD,False,True,True,1.0,,100.0,70.0,38.7,65.0,70.0,15.0,22.9,False,down,57.2,False,0,16.1,True,1,"{'eps_growth_yoy': 57.2, 'op_growth_yoy': 32.9, 'crecimiento_respaldado': True, 'positive_quarters': 4, 'earnings_accelerating': False, 'eps_accel_quarters': 0, 'profit_margin_pct': 21.1, 'score_bruto_sin_capar': 105.0, 'satura': True}","{'revenue_growth_yoy': 16.1, 'revenue_accelerating': True, 'rev_accel_quarters': 1}","{'rs_3m': 9.6, 'rs_6m': -10.5, 'rs_line_percentile': 22.9, 'rs_line_at_new_high': False, 'rs_line_trend': 'down', 'rs_line_score': 15}","{'roe_pct': 53.9, 'debt_to_equity': 1.1, 'current_ratio': 0.85, 'operating_margin_pct': 29.2}","{'days_to_earnings': 'N/A', 'recommendation': 'buy', 'analyst_upside_pct': 30.8}",235.05,49125449728,Technology,Software - Application,4.4,3.7,False,320.0,-26.5,1,False,0.6,307.54,375.0,215.0,34.0,buy,30.8,245.97,4.6,,,reportado,,,,,,5.74,13.49,,,,,0.18,True,-1.86,,9,,,,,59.6,50.0,2026-11-27,False,True,False,7,NEUTRAL,3.75,645.3,1.44,42.6,,,,2026-10-08T06:06:36.930165,,,múltiplo propio 59x fuera del rango 8-45,,,
IDXX,"IDEXX Laboratories, Inc.",72.0,,trimestral,⭐⭐⭐ EXCELLENT,🟢 Excellent,USD,USD,False,True,True,1.0,,100.0,70.0,24.0,85.0,70.0,15.0,0.0,False,down,15.1,True,2,9.7,True,2,"{'eps_growth_yoy': 15.1, 'op_growth_yoy': 14.1, 'crecimiento_respaldado': True, 'positive_quarters': 4, 'earnings_accelerating': True, 'eps_accel_quarters': 2, 'profit_margin_pct': 25.0, 'score_bruto_sin_capar': 105.0, 'satura': True}","{'revenue_growth_yoy': 9.7, 'revenue_accelerating': True, 'rev_accel_quarters': 2}","{'rs_3m': -13.3, 'rs_6m': -28.2, 'rs_line_percentile': 0.0, 'rs_line_at_new_high': False, 'rs_line_trend': 'down', 'rs_line_score': 15}","{'roe_pct': 74.2, 'debt_to_equity': 0.68, 'current_ratio': 1.17, 'operating_margin_pct': 35.0}","{'days_to_earnings': 'N/A', 'recommendation': 'buy', 'analyst_upside_pct': 38.4}",506.67,39967649792,Healthcare,Diagnostics & Research,2.8,3.8,False,769.98,-34.2,0,False,-6.4,701.33,805.0,470.0,12.0,buy,38.4,232.89,-54.0,,,reportado,,,,,,3.09,15.66,,,,,,True,-2.08,,9,,38.6,Operating Income,38.7,12.3,25.0,2026-11-02,False,True,False,8,STRONG,3.28,119.8,1.71,20.7,0.4,0.02,-20.3,2026-10-08T06:01:27.286306,,,múltiplo propio 51x fuera del rango 8-45,,,
COF,Capital One Financial Corporation,71.7,,trimestral,⭐⭐⭐ EXCELLENT,🟢 Excellent,USD,USD,False,True,True,1.0,,95.0,80.0,36.0,60.0,70.0,15.0,12.0,False,down,,True,2,26.9,True,1,"{'positive_quarters': 4, 'earnings_accelerating': True, 'eps_accel_quarters': 2, 'profit_margin_pct': 21.9, 'score_bruto_sin_capar': 95.0, 'satura': False}","{'revenue_growth_yoy': 26.9, 'revenue_accelerating': True, 'rev_accel_quarters': 1}","{'rs_3m': -5.6, 'rs_6m': -13.5, 'rs_line_percentile': 12.0, 'rs_line_at_new_high': False, 'rs_line_trend': 'down', 'rs_line_score': 15}","{'roe_pct': 9.0, 'operating_margin_pct': 33.6}","{'days_to_earnings': 'N/A', 'recommendation': 'buy', 'analyst_upside_pct': 31.3}",195.91,120190795776,Financial Services,Credit Services,1.8,3.1,False,259.64,-24.5,2,False,-6.8,257.19,300.0,220.0,21.0,buy,31.3,,,,,reportado,,,,,,24.86,48.7,,1.63,19.3,3.2,1.58,False,22.84,,7,,,,,,12.0,2026-10-20,False,True,True,5,NEUTRAL,,,,18.7,,,,2026-10-08T06:09:08.320371,,"Credit Services: el 80% de sus ingresos es margen de intereses — presta, no cobra comisiones",los P/E históricos se separan 4.0x la mediana: el ancla la decidiría un año suelto,,,
MA,Mastercard Incorporated,71.6,,trimestral,⭐⭐⭐ EXCELLENT,🟢 Excellent,USD,USD,False,True,True,0.9925,,95.0,70.0,46.7,65.0,65.0,35.0,45.1,False,down,18.6,True,1,14.1,True,1,"{'eps_growth_yoy': 18.6, 'op_growth_yoy': 16.6, 'crecimiento_respaldado': True, 'positive_quarters': 4, 'earnings_accelerating': True, 'eps_accel_quarters': 1, 'profit_margin_pct': 46.3, 'score_bruto_sin_capar': 95.0, 'satura': False}","{'revenue_growth_yoy': 14.1, 'revenue_accelerating': True, 'rev_accel_quarters': 1}","{'rs_3m': 5.0, 'rs_6m': -1.5, 'rs_line_percentile': 45.1, 'rs_line_at_new_high': False, 'rs_line_trend': 'down', 'rs_line_score': 35}","{'roe_pct': 241.2, 'debt_to_equity': 4.4, 'current_ratio': 1.06, 'operating_margin_pct': 61.1}","{'days_to_earnings': 'N/A', 'recommendation': 'strong_buy', 'analyst_upside_pct': 17.0}",570.06,499378225152,Financial Services,Credit Services,0.8,2.7,False,601.23,-5.2,4,False,-0.3,666.71,740.0,550.0,37.0,strong_buy,17.0,576.85,1.2,634.86,11.4,reportado,múltiplo propio,4.0,0.12,False,,3.25,18.53,,0.61,17.9,3.48,0.55,True,-3.39,,9,,28.1,Operating Income,28.0,22.1,21.0,2026-10-29,False,True,True,9,STRONG,3.83,629.7,1.43,16.0,,,,2026-10-08T06:00:21.104423,,,,,,
ORCL,Oracle Corporation,71.5,,trimestral,⭐⭐⭐ EXCELLENT,🟢 Excellent,USD,USD,False,True,True,1.0,"FCF declarado (-45,151,000,000) se aparta del derivado de flujo operativo menos capex (-8,722,999,744)",100.0,70.0,36.0,65.0,70.0,15.0,9.0,False,up,62.6,False,0,29.6,False,0,"{'eps_growth_yoy': 62.6, 'op_growth_yoy': 45.4, 'crecimiento_respaldado': True, 'positive_quarters': 4, 'earnings_accelerating': False, 'eps_accel_quarters': 0, 'profit_margin_pct': 26.4, 'score_bruto_sin_capar': 105.0, 'satura': True}","{'revenue_growth_yoy': 29.6, 'revenue_accelerating': False, 'rev_accel_quarters': 0}","{'rs_3m': -1.1, 'rs_6m': -10.4, 'rs_line_percentile': 9.0, 'rs_line_at_new_high': False, 'rs_line_trend': 'up', 'rs_line_score': 15}","{'roe_pct': 41.2, 'debt_to_equity': 2.52, 'current_ratio': 1.17, 'operating_margin_pct': 35.6}","{'days_to_earnings': 'N/A', 'recommendation': 'buy', 'analyst_upside_pct': 65.8}",143.56,435202293760,Technology,Software - Infrastructure,2.7,1.8,False,322.54,-55.5,0,False,-1.1,237.97,400.0,110.0,41.0,buy,65.8,,,223.98,56.0,reportado,múltiplo propio,4.0,0.21,False,,-2.0,-2.87,,1.38,31.4,2.0,1.19,False,3.13,,9,,4.8,Operating Income,5.3,54.5,63.0,2026-12-10,False,True,False,5,NEUTRAL,3.9,16.7,0.54,43.2,0.4,0.01,-42.8,2026-10-08T06:07:34.391356,,"el capex se lleva el 119% del flujo operativo: lo que queda no es lo que gana el dueño, es lo que sobra tras decidir invertir",,,,
V,Visa Inc.,71.1,,trimestral,⭐⭐⭐ EXCELLENT,🟢 Excellent,USD,USD,False,True,True,0.9077,"acciones × precio no cuadra (ratio 0.9077) pero la divisa sí: son clases múltiples. Se usan 1,877 M de acciones efectivas (capitalización ÷ precio) en vez de las 1,704 M declaradas",75.0,80.0,60.3,70.0,60.0,60.0,56.4,False,down,6.8,False,0,14.4,True,2,"{'eps_growth_yoy': 6.8, 'op_growth_yoy': 5.0, 'crecimiento_respaldado': True, 'positive_quarters': 4, 'earnings_accelerating': False, 'eps_accel_quarters': 0, 'profit_margin_pct': 50.8, 'score_bruto_sin_capar': 75.0, 'satura': False}","{'revenue_growth_yoy': 14.4, 'revenue_accelerating': True, 'rev_accel_quarters': 2}","{'rs_3m': 3.6, 'rs_6m': 6.3, 'rs_line_percentile': 56.4, 'rs_line_at_new_high': False, 'rs_line_trend': 'down', 'rs_line_score': 60}","{'roe_pct': 61.2, 'debt_to_equity': 0.68, 'current_ratio': 0.98, 'operating_margin_pct': 66.1}","{'days_to_earnings': 'N/A', 'recommendation': 'strong_buy', 'analyst_upside_pct': 12.7}",372.1,698563887104,Financial Services,Credit Services,1.1,3.0,False,385.57,-3.5,6,False,0.8,419.36,466.0,330.0,37.0,strong_buy,12.7,322.28,-13.4,385.07,3.5,reportado,múltiplo propio,4.0,0.23,False,,3.02,11.24,,0.72,22.1,2.68,0.71,True,-3.71,,9,,37.6,Operating Income,35.7,10.2,19.0,2026-10-27,False,True,True,6,NEUTRAL,3.84,381.9,1.54,16.8,,,,2026-10-08T05:59:31.974554,1877355246.0,,,,,
MANH,"Manhattan Associates, Inc.",70.8,,trimestral,⭐⭐⭐ EXCELLENT,🟢 Excellent,USD,USD,False,True,True,1.0,,70.0,70.0,75.0,75.0,60.0,60.0,62.7,False,down,-11.3,True,2,9.3,True,2,"{'eps_growth_yoy': -11.3, 'op_growth_yoy': 0.9, 'crecimiento_respaldado': True, 'positive_quarters': 4, 'earnings_accelerating': True, 'eps_accel_quarters': 2, 'profit_margin_pct': 18.7, 'score_bruto_sin_capar': 70.0, 'satura': False}","{'revenue_growth_yoy': 9.3, 'revenue_accelerating': True, 'rev_accel_quarters': 2}","{'rs_3m': 27.3, 'rs_6m': 47.5, 'rs_line_percentile': 62.7, 'rs_line_at_new_high': False, 'rs_line_trend': 'down', 'rs_line_score': 60}","{'roe_pct': 96.4, 'debt_to_equity': 0.34, 'current_ratio': 0.98, 'operating_margin_pct': 25.0}","{'days_to_earnings': 'N/A', 'recommendation': 'buy', 'analyst_upside_pct': 9.2}",202.11,11784017920,Technology,Software - Application,6.6,4.1,False,227.03,-11.0,6,False,-1.6,220.7,260.0,180.0,10.0,buy,9.2,169.19,-16.3,,,reportado,,,,,,3.39,6.85,,,,,,True,-3.4,,9,,,,,-8.6,19.0,2026-10-27,False,True,True,6,NEUTRAL,2.42,140.7,1.57,25.5,,,,2026-10-08T06:07:12.038155,,,múltiplo propio 68x fuera del rango 8-45,,,
DHR,Danaher Corporation,70.8,,trimestral,⭐⭐⭐ EXCELLENT,🟢 Excellent,USD,USD,False,True,True,1.0,,100.0,60.0,46.7,70.0,60.0,35.0,46.0,False,up,56.8,False,0,5.5,True,1,"{'eps_growth_yoy': 56.8, 'op_growth_yoy': 48.3, 'crecimiento_respaldado': True, 'positive_quarters': 4, 'earnings_accelerating': False, 'eps_accel_quarters': 0, 'profit_margin_pct': 15.9, 'score_bruto_sin_capar': 100.0, 'satura': False}","{'revenue_growth_yoy': 5.5, 'revenue_accelerating': True, 'rev_accel_quarters': 1}","{'rs_3m': 6.8, 'rs_6m': -1.2, 'rs_line_percentile': 46.0, 'rs_line_at_new_high': False, 'rs_line_trend': 'up', 'rs_line_score': 35}","{'roe_pct': 7.6, 'debt_to_equity': 0.53, 'current_ratio': 1.65, 'operating_margin_pct': 19.8}","{'days_to_earnings': 'N/A', 'recommendation': 'strong_buy', 'analyst_upside_pct': 9.4}",218.49,153595428864,Healthcare,Diagnostics & Research,1.3,2.6,False,242.8,-10.0,5,False,4.1,239.05,310.0,195.0,22.0,strong_buy,9.4,132.36,-39.4,222.56,1.9,reportado,múltiplo propio,4.0,0.55,False,,3.57,7.8,,0.74,25.7,1.6,0.43,True,-1.6,,9,,17.6,Operating Income,17.3,59.7,13.0,2026-10-21,False,True,True,5,NEUTRAL,2.68,40.9,,30.5,0.8,0.03,-29.7,2026-10-08T06:03:48.532370,,,,,,
UNP,Union Pacific Corporation,70.5,,trimestral,⭐⭐⭐ EXCELLENT,🟢 Excellent,USD,USD,False,True,True,1.0,,85.0,80.0,44.0,65.0,65.0,35.0,40.4,False,down,6.2,True,1,11.5,True,2,"{'eps_growth_yoy': 6.2, 'op_growth_yoy': 9.4, 'crecimiento_respaldado': True, 'positive_quarters': 4, 'earnings_accelerating': True, 'eps_accel_quarters': 1, 'profit_margin_pct': 28.8, 'score_bruto_sin_capar': 85.0, 'satura': False}","{'revenue_growth_yoy': 11.5, 'revenue_accelerating': True, 'rev_accel_quarters': 2}","{'rs_3m': -7.0, 'rs_6m': -4.4, 'rs_line_percentile': 40.4, 'rs_line_at_new_high': False, 'rs_line_trend': 'down', 'rs_line_score': 35}","{'roe_pct': 39.7, 'debt_to_equity': 1.51, 'current_ratio': 0.99, 'operating_margin_pct': 41.0}","{'days_to_earnings': 'N/A', 'recommendation': 'buy', 'analyst_upside_pct': 19.7}",274.68,163180658688,Industrials,Railroads,5.1,12.1,False,315.99,-13.1,5,False,-4.8,328.92,375.0,245.0,24.0,buy,19.7,201.67,-26.6,239.48,-12.8,reportado,múltiplo propio,4.0,0.27,False,,3.97,10.9,,2.05,44.7,5.68,2.19,False,-0.13,,9,,7.9,Operating Income,8.4,6.6,14.0,2026-10-22,False,True,True,8,STRONG,5.09,16.2,8.7,17.9,0.2,0.01,-17.7,2026-10-08T06:07:15.938270,,,,,,
AMZN,"Amazon.com, Inc.",69.1,,trimestral,⭐⭐ GOOD,🟡 Good,USD,USD,False,True,True,1.0,"FCF declarado (-2,472,000,000) se aparta del derivado de flujo operativo menos capex (29,583,994,688)",85.0,60.0,46.7,85.0,65.0,35.0,46.6,False,up,76.7,True,1,16.6,False,0,"{'eps_growth_yoy': 76.7, 'op_growth_yoy': 29.6, 'crecimiento_respaldado': False, 'crecimiento_puntuado': 54.6, 'positive_quarters': 4, 'earnings_accelerating': True, 'eps_accel_quarters': 1, 'profit_margin_pct': 17.4, 'score_bruto_sin_capar': 110.0, 'satura': True}","{'revenue_growth_yoy': 16.6, 'revenue_accelerating': False, 'rev_accel_quarters': 0}","{'rs_3m': 2.7, 'rs_6m': -3.6, 'rs_line_percentile': 46.6, 'rs_line_at_new_high': False, 'rs_line_trend': 'up', 'rs_line_score': 35}","{'roe_pct': 30.6, 'debt_to_equity': 0.46, 'current_ratio': 1.03, 'operating_margin_pct': 13.7}","{'days_to_earnings': 'N/A', 'recommendation': 'strong_buy', 'analyst_upside_pct': 27.2}",259.92,2803578699776,Consumer Cyclical,Internet Retail,0.8,2.5,False,287.2,-9.5,7,True,0.7,330.59,405.0,230.0,57.0,strong_buy,27.2,,,493.46,89.9,reportado,múltiplo propio,3.0,0.51,True,,1.06,2.76,,,,,,False,,,9,,33.7,Operating Income,46.6,242.3,21.0,2026-10-29,False,True,True,6,NEUTRAL,2.76,17.6,0.83,22.5,,,,2026-10-08T06:08:05.663612,,"el capex se lleva el 82% del flujo operativo: lo que queda no es lo que gana el dueño, es lo que sobra tras decidir invertir",,,,
SYK,Stryker Corporation,68.8,,trimestral,⭐⭐ GOOD,🟡 Good,USD,USD,False,True,True,1.0,,100.0,60.0,24.0,80.0,70.0,15.0,1.7,False,down,44.3,True,1,9.4,True,1,"{'eps_growth_yoy': 44.3, 'op_growth_yoy': 42.1, 'crecimiento_respaldado': True, 'positive_quarters': 4, 'earnings_accelerating': True, 'eps_accel_quarters': 1, 'profit_margin_pct': 14.4, 'score_bruto_sin_capar': 100.0, 'satura': False}","{'revenue_growth_yoy': 9.4, 'revenue_accelerating': True, 'rev_accel_quarters': 1}","{'rs_3m': -19.4, 'rs_6m': -33.2, 'rs_line_percentile': 1.7, 'rs_line_at_new_high': False, 'rs_line_trend': 'down', 'rs_line_score': 15}","{'roe_pct': 16.5, 'debt_to_equity': 0.64, 'current_ratio': 2.16, 'operating_margin_pct': 27.0}","{'days_to_earnings': 'N/A', 'recommendation': 'buy', 'analyst_upside_pct': 32.8}",275.4,105636020224,Healthcare,Medical Devices,2.1,2.7,False,392.55,-29.8,0,False,-10.2,365.8,465.0,298.0,25.0,buy,32.8,351.71,27.7,384.36,39.6,reportado,múltiplo propio,4.0,0.26,False,,4.51,12.42,,1.27,36.1,3.52,0.99,False,,,9,,9.6,Operating Income,9.9,44.1,21.0,2026-10-29,False,True,True,5,NEUTRAL,4.26,46.7,1.52,24.8,1.6,0.06,-23.2,2026-10-08T06:01:36.609052,,,,,,
META,"Meta Platforms, Inc.",68.8,,trimestral,⭐⭐ GOOD,🟡 Good,USD,USD,False,True,True,0.8656,"acciones × precio no cuadra (ratio 0.8656) pero la divisa sí: son clases múltiples. Se usan 2,548 M de acciones efectivas (capitalización ÷ precio) en vez de las 2,205 M declaradas | FCF declarado (40,976,000,000) se aparta del derivado de flujo operativo menos capex (60,610,001,728)",55.0,80.0,60.3,95.0,60.0,60.0,55.1,False,up,-13.6,False,0,28.0,True,1,"{'eps_growth_yoy': -13.6, 'op_growth_yoy': -8.2, 'crecimiento_respaldado': True, 'positive_quarters': 4, 'earnings_accelerating': False, 'eps_accel_quarters': 0, 'profit_margin_pct': 29.8, 'score_bruto_sin_capar': 55.0, 'satura': False}","{'revenue_growth_yoy': 28.0, 'revenue_accelerating': True, 'rev_accel_quarters': 1}","{'rs_3m': 4.7, 'rs_6m': 0.1, 'rs_line_percentile': 55.1, 'rs_line_at_new_high': False, 'rs_line_trend': 'up', 'rs_line_score': 60}","{'roe_pct': 29.8, 'debt_to_equity': 0.43, 'current_ratio': 2.23, 'operating_margin_pct': 34.8}","{'days_to_earnings': 'N/A', 'recommendation': 'strong_buy', 'analyst_upside_pct': 10.2}",721.31,1837541621760,Communication Services,Internet Content & Information,1.4,1.7,False,779.82,-7.5,6,False,13.9,794.96,1000.0,580.0,58.0,strong_buy,10.2,,,636.67,-11.7,reportado,múltiplo propio,4.0,0.59,False,,3.3,23.8,,0.28,7.9,2.1,,False,-0.16,,9,,42.9,Operating Income,44.2,-13.4,20.0,2026-10-28,False,True,True,5,NEUTRAL,4.37,31.6,0.69,56.8,,,,2026-10-08T06:08:55.282537,2547506096.0,"el capex se lleva el 53% del flujo operativo: lo que queda no es lo que gana el dueño, es lo que sobra tras decidir invertir",,,,
GGG,Graco Inc.,68.6,,trimestral,⭐⭐ GOOD,🟡 Good,USD,USD,False,True,True,1.0,,95.0,60.0,26.7,95.0,55.0,15.0,5.8,False,down,13.6,True,1,3.3,True,1,"{'eps_growth_yoy': 13.6, 'op_growth_yoy': 11.2, 'crecimiento_respaldado': True, 'positive_quarters': 4, 'earnings_accelerating': True, 'eps_accel_quarters': 1, 'profit_margin_pct': 23.5, 'score_bruto_sin_capar': 95.0, 'satura': False}","{'revenue_growth_yoy': 3.3, 'revenue_accelerating': True, 'rev_accel_quarters': 1}","{'rs_3m': 1.9, 'rs_6m': -26.9, 'rs_line_percentile': 5.8, 'rs_line_at_new_high': False, 'rs_line_trend': 'down', 'rs_line_score': 15}","{'roe_pct': 21.2, 'debt_to_equity': 0.02, 'current_ratio': 2.99, 'operating_margin_pct': 29.7}","{'days_to_earnings': 'N/A', 'recommendation': 'hold', 'analyst_upside_pct': 17.9}",77.44,12541704192,Industrials,Specialty Industrial Machinery,4.3,2.2,False,95.69,-19.1,1,False,-2.2,91.29,100.0,84.0,7.0,hold,17.9,80.16,3.5,85.42,10.3,reportado,múltiplo propio,4.0,0.19,False,,5.01,3.88,,1.5,35.8,1.18,1.21,True,-1.68,,9,,194.7,Operating Income,205.3,5.8,13.0,2026-10-21,False,True,True,6,NEUTRAL,4.96,34.2,4.42,15.1,,,,2026-10-08T06:08:50.416603,,,,,,
MCO,Moody's Corporation,68.5,,trimestral,⭐⭐ GOOD,🟡 Good,USD,USD,False,True,True,1.0,,100.0,60.0,36.0,65.0,65.0,15.0,2.4,False,down,51.9,True,2,15.1,False,0,"{'eps_growth_yoy': 51.9, 'op_growth_yoy': 27.4, 'crecimiento_respaldado': True, 'positive_quarters': 4, 'earnings_accelerating': True, 'eps_accel_quarters': 2, 'profit_margin_pct': 34.3, 'score_bruto_sin_capar': 125.0, 'satura': True}","{'revenue_growth_yoy': 15.1, 'revenue_accelerating': False, 'rev_accel_quarters': 0}","{'rs_3m': -10.7, 'rs_6m': -11.8, 'rs_line_percentile': 2.4, 'rs_line_at_new_high': False, 'rs_line_trend': 'down', 'rs_line_score': 15}","{'roe_pct': 76.9, 'debt_to_equity': 2.41, 'current_ratio': 1.19, 'operating_margin_pct': 49.5}","{'days_to_earnings': 'N/A', 'recommendation': 'buy', 'analyst_upside_pct': 25.0}",449.63,77867368448,Financial Services,Financial Data & Stock Exchanges,1.9,4.2,False,546.88,-17.8,2,False,-6.1,561.9,610.0,470.0,21.0,buy,25.0,315.88,-29.7,619.01,37.7,reportado,múltiplo propio,4.0,0.19,False,,3.84,17.27,,0.91,25.0,4.12,0.8,False,,,9,,14.1,Operating Income,14.5,56.7,13.0,2026-10-21,False,True,True,8,STRONG,4.09,107.9,1.06,19.0,,,,2026-10-08T06:01:09.963182,,,,,,
PAYX,"Paychex, Inc.",68.4,,trimestral,⭐⭐ GOOD,🟡 Good,USD,USD,False,True,True,1.0,,95.0,60.0,39.6,80.0,50.0,15.0,18.0,False,down,41.5,False,0,12.5,False,0,"{'eps_growth_yoy': 41.5, 'op_growth_yoy': 40.3, 'crecimiento_respaldado': True, 'positive_quarters': 4, 'earnings_accelerating': False, 'eps_accel_quarters': 0, 'profit_margin_pct': 27.4, 'score_bruto_sin_capar': 95.0, 'satura': False}","{'revenue_growth_yoy': 12.5, 'revenue_accelerating': False, 'rev_accel_quarters': 0}","{'rs_3m': -7.8, 'rs_6m': 3.4, 'rs_line_percentile': 18.0, 'rs_line_at_new_high': False, 'rs_line_trend': 'down', 'rs_line_score': 15}","{'roe_pct': 47.1, 'debt_to_equity': 1.25, 'current_ratio': 1.28, 'operating_margin_pct': 38.5}","{'days_to_earnings': 'N/A', 'recommendation': 'hold', 'analyst_upside_pct': 12.2}",101.55,36149817344,Technology,Software - Application,6.2,8.6,False,129.24,-21.4,3,False,-12.6,113.93,150.0,96.0,14.0,hold,12.2,129.66,27.7,115.77,14.0,reportado,múltiplo propio,4.0,0.58,False,,5.58,5.67,,4.71,90.1,4.76,2.81,True,-1.13,,9,,9.3,Operating Income,9.6,5.6,71.0,2026-12-18,False,True,False,7,NEUTRAL,6.33,103.5,3.62,36.4,,,,2026-10-08T06:01:18.596677,,,,,,
MTD,Mettler-Toledo International Inc.,68.1,,trimestral,⭐⭐ GOOD,🟡 Good,USD,USD,False,True,True,1.0,,95.0,60.0,60.3,50.0,50.0,60.0,67.4,False,up,15.1,True,1,4.5,True,1,"{'eps_growth_yoy': 15.1, 'op_growth_yoy': 18.3, 'crecimiento_respaldado': True, 'positive_quarters': 4, 'earnings_accelerating': True, 'eps_accel_quarters': 1, 'profit_margin_pct': 21.9, 'score_bruto_sin_capar': 95.0, 'satura': False}","{'revenue_growth_yoy': 4.5, 'revenue_accelerating': True, 'rev_accel_quarters': 1}","{'rs_3m': 15.1, 'rs_6m': -0.0, 'rs_line_percentile': 67.4, 'rs_line_at_new_high': False, 'rs_line_trend': 'up', 'rs_line_score': 60}","{'debt_to_equity': 166.68, 'current_ratio': 1.12, 'operating_margin_pct': 31.2}","{'days_to_earnings': 'N/A', 'recommendation': 'hold', 'analyst_upside_pct': -4.0}",1533.48,30725662720,Healthcare,Diagnostics & Research,4.0,3.9,False,1585.72,-3.3,6,False,8.0,1471.54,1700.0,1200.0,13.0,hold,-4.0,687.63,-55.2,1485.17,-3.2,reportado,múltiplo propio,4.0,0.22,False,,2.83,43.4,,,,,,True,-2.76,,9,,16.9,Operating Income,16.8,7.3,28.0,2026-11-05,False,True,False,6,NEUTRAL,3.41,110.7,9.67,32.8,0.4,0.01,-32.4,2026-10-08T06:03:08.796143,,,,,,
LMT,Lockheed Martin Corporation,67.8,,trimestral,⭐⭐ GOOD,🟡 Good,USD,USD,False,True,True,1.0,,100.0,70.0,24.0,60.0,65.0,15.0,0.4,False,down,436.8,True,2,10.5,True,1,"{'eps_growth_yoy': 436.8, 'op_growth_yoy': 231.4, 'crecimiento_respaldado': False, 'crecimiento_puntuado': 256.4, 'positive_quarters': 4, 'earnings_accelerating': True, 'eps_accel_quarters': 2, 'profit_margin_pct': 8.2, 'score_bruto_sin_capar': 115.0, 'satura': True}","{'revenue_growth_yoy': 10.5, 'revenue_accelerating': True, 'rev_accel_quarters': 1}","{'rs_3m': -7.2, 'rs_6m': -33.8, 'rs_line_percentile': 0.4, 'rs_line_at_new_high': False, 'rs_line_trend': 'down', 'rs_line_score': 15}","{'roe_pct': 89.2, 'debt_to_equity': 2.34, 'current_ratio': 1.19, 'operating_margin_pct': 12.0}","{'days_to_earnings': 'N/A', 'recommendation': 'buy', 'analyst_upside_pct': 27.8}",499.22,115215360000,Industrials,Aerospace & Defense,1.2,2.3,False,692.0,-27.9,1,False,-9.2,637.85,756.0,503.0,20.0,buy,27.8,678.28,35.9,545.76,9.3,reportado,múltiplo propio,4.0,0.33,False,,7.6,37.94,,2.71,50.3,13.8,2.59,True,-1.37,,9,,8.2,Operating Income,7.7,310.7,14.0,2026-10-22,False,True,True,6,NEUTRAL,5.75,70.9,,16.6,0.2,0.01,-16.4,2026-10-08T06:08:28.091678,,,,,,
FAST,Fastenal Company,67.6,,trimestral,⭐⭐ GOOD,🟡 Good,USD,USD,False,True,True,1.0,,80.0,60.0,46.7,95.0,50.0,35.0,43.9,False,down,15.9,False,0,14.7,False,0,"{'eps_growth_yoy': 15.9, 'op_growth_yoy': 15.1, 'crecimiento_respaldado': True, 'positive_quarters': 4, 'earnings_accelerating': False, 'eps_accel_quarters': 0, 'profit_margin_pct': 15.5, 'score_bruto_sin_capar': 80.0, 'satura': False}","{'revenue_growth_yoy': 14.7, 'revenue_accelerating': False, 'rev_accel_quarters': 0}","{'rs_3m': 4.6, 'rs_6m': -12.3, 'rs_line_percentile': 43.9, 'rs_line_at_new_high': False, 'rs_line_trend': 'down', 'rs_line_score': 35}","{'roe_pct': 34.3, 'debt_to_equity': 0.11, 'current_ratio': 4.18, 'operating_margin_pct': 21.0}","{'days_to_earnings': 'N/A', 'recommendation': 'hold', 'analyst_upside_pct': -2.0}",49.83,57179807744,Industrials,Industrial Distribution,3.5,6.0,False,52.92,-5.8,5,False,-0.5,48.84,59.0,39.9,13.0,hold,-2.0,26.96,-45.9,37.29,-25.2,reportado,múltiplo propio,4.0,0.41,False,,2.02,1.01,,1.89,78.6,0.96,2.12,False,0.02,,9,,394.5,Operating Income,395.6,5.8,6.0,2026-10-14,True,True,False,8,STRONG,2.83,39.4,7.06,15.0,0.4,0.03,-14.6,2026-10-08T06:04:59.050368,,,,,,
CNI,Canadian National Railway Company,67.3,,trimestral,⭐⭐ GOOD,🟡 Good,USD,CAD,True,True,True,1.0,,85.0,70.0,44.0,60.0,65.0,35.0,33.3,False,down,6.6,True,1,11.3,True,1,"{'eps_growth_yoy': 6.6, 'op_growth_yoy': 8.7, 'crecimiento_respaldado': True, 'positive_quarters': 4, 'earnings_accelerating': True, 'eps_accel_quarters': 1, 'profit_margin_pct': 26.9, 'score_bruto_sin_capar': 85.0, 'satura': False}","{'revenue_growth_yoy': 11.3, 'revenue_accelerating': True, 'rev_accel_quarters': 1}","{'rs_3m': -9.7, 'rs_6m': -8.7, 'rs_line_percentile': 33.3, 'rs_line_at_new_high': False, 'rs_line_trend': 'down', 'rs_line_score': 35}","{'roe_pct': 22.0, 'debt_to_equity': 1.04, 'current_ratio': 0.87, 'operating_margin_pct': 40.3}","{'days_to_earnings': 'N/A', 'recommendation': 'buy', 'analyst_upside_pct': 17.1}",115.75,69924569088,Industrials,Railroads,,4.0,False,131.55,-12.0,4,False,-6.0,135.54,149.06,110.1,13.0,buy,17.1,,,78.61,-32.1,reportado,múltiplo propio,4.0,0.14,False,,3.37,3.9,,2.23,46.3,2.58,2.02,True,-3.26,,9,,7.1,Operating Income,7.8,7.1,22.0,2026-10-30,False,True,False,7,NEUTRAL,7.01,13.3,31.18,17.6,,,,2026-10-08T06:02:42.861882,,"el capex se lleva el 52% del flujo operativo: lo que queda no es lo que gana el dueño, es lo que sobra tras decidir invertir",,,,
VLTO,Veralto Corporation,67.1,,trimestral,⭐⭐ GOOD,🟡 Good,USD,USD,False,True,True,1.0,,70.0,70.0,46.7,85.0,65.0,35.0,29.9,False,down,8.6,False,0,7.5,True,2,"{'eps_growth_yoy': 8.6, 'op_growth_yoy': 0.6, 'crecimiento_respaldado': True, 'positive_quarters': 4, 'earnings_accelerating': False, 'eps_accel_quarters': 0, 'profit_margin_pct': 17.3, 'score_bruto_sin_capar': 70.0, 'satura': False}","{'revenue_growth_yoy': 7.5, 'revenue_accelerating': True, 'rev_accel_quarters': 2}","{'rs_3m': 0.2, 'rs_6m': -7.8, 'rs_line_percentile': 29.9, 'rs_line_at_new_high': False, 'rs_line_trend': 'down', 'rs_line_score': 35}","{'roe_pct': 34.3, 'debt_to_equity': 1.16, 'current_ratio': 1.77, 'operating_margin_pct': 21.4}","{'days_to_earnings': 'N/A', 'recommendation': 'buy', 'analyst_upside_pct': 19.1}",95.73,23338338304,Industrials,Pollution & Treatment Controls,3.1,4.5,False,105.75,-9.5,3,False,-0.8,114.0,133.0,100.0,15.0,buy,19.1,102.06,6.6,105.02,9.7,reportado,múltiplo propio,3.0,0.24,True,,4.46,4.27,,0.54,12.6,0.52,,True,-1.64,,9,,14.1,Operating Income,14.1,10.1,13.0,2026-10-21,False,True,True,6,NEUTRAL,5.11,76.5,6.43,17.1,3.1,0.18,-14.0,2026-10-08T06:01:53.544881,,,,,,
COST,Costco Wholesale Corporation,67.0,,trimestral,⭐⭐ GOOD,🟡 Good,USD,USD,False,True,True,1.0,"FCF declarado (6,370,000,000) se aparta del derivado de flujo operativo menos capex (10,327,000,448)",95.0,60.0,24.0,85.0,60.0,15.0,12.1,False,down,15.2,True,2,11.6,False,0,"{'eps_growth_yoy': 15.2, 'op_growth_yoy': 11.3, 'crecimiento_respaldado': True, 'positive_quarters': 4, 'earnings_accelerating': True, 'eps_accel_quarters': 2, 'profit_margin_pct': 3.0, 'score_bruto_sin_capar': 95.0, 'satura': False}","{'revenue_growth_yoy': 11.6, 'revenue_accelerating': False, 'rev_accel_quarters': 0}","{'rs_3m': -0.2, 'rs_6m': -23.3, 'rs_line_percentile': 12.1, 'rs_line_at_new_high': False, 'rs_line_trend': 'down', 'rs_line_score': 15}","{'roe_pct': 28.4, 'debt_to_equity': 0.24, 'current_ratio': 1.06, 'operating_margin_pct': 4.0}","{'days_to_earnings': 'N/A', 'recommendation': 'buy', 'analyst_upside_pct': 12.3}",942.25,417667383296,Consumer Defensive,Discount Stores,1.7,3.8,False,1096.5,-14.1,4,False,1.1,1057.94,1315.0,770.0,35.0,buy,12.3,549.51,-41.7,934.75,-0.8,reportado,múltiplo propio,4.0,0.36,False,,2.47,23.27,,0.63,27.0,5.88,0.57,False,-0.07,,9,,76.9,Operating Income,81.5,15.0,63.0,2026-12-10,False,True,False,7,NEUTRAL,2.58,28.9,3.28,16.8,,,,2026-10-08T06:00:08.242388,,,,,,
UNH,UnitedHealth Group Incorporated,67.0,,trimestral,⭐⭐ GOOD,🟡 Good,USD,USD,False,True,True,1.0,"FCF declarado (16,309,000,000) se aparta del derivado de flujo operativo menos capex (23,395,000,960)",95.0,60.0,47.6,50.0,65.0,35.0,48.1,False,down,61.0,False,0,0.4,True,1,"{'eps_growth_yoy': 61.0, 'op_growth_yoy': 55.2, 'crecimiento_respaldado': True, 'positive_quarters': 4, 'earnings_accelerating': False, 'eps_accel_quarters': 0, 'profit_margin_pct': 3.1, 'score_bruto_sin_capar': 95.0, 'satura': False}","{'revenue_growth_yoy': 0.4, 'revenue_accelerating': True, 'rev_accel_quarters': 1}","{'rs_3m': -14.1, 'rs_6m': 9.1, 'rs_line_percentile': 48.1, 'rs_line_at_new_high': False, 'rs_line_trend': 'down', 'rs_line_score': 35}","{'roe_pct': 14.2, 'debt_to_equity': 0.69, 'current_ratio': 0.78, 'operating_margin_pct': 7.1}","{'days_to_earnings': 'N/A', 'recommendation': 'buy', 'analyst_upside_pct': 28.1}",375.98,337477697536,Healthcare,Healthcare Plans,1.6,2.8,False,461.62,-18.6,6,False,-3.5,481.72,529.0,380.0,25.0,buy,28.1,484.83,29.0,370.63,-1.4,reportado,múltiplo propio,4.0,0.44,False,,6.93,26.06,,2.47,57.6,9.28,1.54,False,-0.44,,9,,5.6,Operating Income,5.5,61.5,5.0,2026-10-13,True,True,False,6,NEUTRAL,4.9,176.2,,20.1,,,,2026-10-08T06:09:31.004546,,,,,,
JNJ,Johnson & Johnson,67.0,,trimestral,⭐⭐ GOOD,🟡 Good,USD,USD,False,True,True,1.0,,75.0,60.0,54.0,85.0,60.0,60.0,56.7,False,down,-0.1,True,2,6.6,True,1,"{'eps_growth_yoy': -0.1, 'op_growth_yoy': 6.9, 'crecimiento_respaldado': True, 'positive_quarters': 4, 'earnings_accelerating': True, 'eps_accel_quarters': 2, 'profit_margin_pct': 21.5, 'score_bruto_sin_capar': 75.0, 'satura': False}","{'revenue_growth_yoy': 6.6, 'revenue_accelerating': True, 'rev_accel_quarters': 1}","{'rs_3m': -2.1, 'rs_6m': -6.6, 'rs_line_percentile': 56.7, 'rs_line_at_new_high': False, 'rs_line_trend': 'down', 'rs_line_score': 60}","{'roe_pct': 25.7, 'debt_to_equity': 0.58, 'current_ratio': 1.09, 'operating_margin_pct': 29.2}","{'days_to_earnings': 'N/A', 'recommendation': 'buy', 'analyst_upside_pct': 8.2}",258.45,622838284288,Healthcare,Drug Manufacturers - General,1.0,3.4,False,281.07,-8.0,6,False,-2.4,279.64,320.0,190.0,22.0,buy,8.2,252.36,-2.4,159.31,-38.4,reportado,múltiplo propio,3.0,0.7,True,2024-12-31,3.59,9.28,,2.1,60.7,5.36,2.68,False,0.87,,9,,25.9,Operating Income,25.9,-0.9,5.0,2026-10-13,True,True,False,4,NEUTRAL,3.99,103.8,1.19,14.2,0.8,0.06,-13.4,2026-10-08T06:06:01.788865,,,,,,
FHN,First Horizon Corporation,67.0,,trimestral,⭐⭐ GOOD,🟡 Good,USD,USD,False,True,True,1.0,"FCF declarado (-189,000,000) se aparta del derivado de flujo operativo menos capex (1,026,000,000)",95.0,60.0,36.0,65.0,65.0,15.0,0.0,False,down,12.0,True,1,6.7,True,1,"{'eps_growth_yoy': 12.0, 'positive_quarters': 4, 'earnings_accelerating': True, 'eps_accel_quarters': 1, 'profit_margin_pct': 30.2, 'score_bruto_sin_capar': 95.0, 'satura': False}","{'revenue_growth_yoy': 6.7, 'revenue_accelerating': True, 'rev_accel_quarters': 1}","{'rs_3m': -13.3, 'rs_6m': -19.5, 'rs_line_percentile': 0.0, 'rs_line_at_new_high': False, 'rs_line_trend': 'down', 'rs_line_score': 15}","{'roe_pct': 11.5, 'operating_margin_pct': 41.3}","{'days_to_earnings': 'N/A', 'recommendation': 'buy', 'analyst_upside_pct': 19.4}",22.99,10892136448,Financial Services,Banks - Regional,3.9,3.2,False,26.56,-13.4,4,False,-6.0,27.45,30.0,25.0,21.0,buy,19.4,,,26.26,14.2,reportado,múltiplo propio,4.0,0.42,False,,9.42,2.17,,2.91,30.8,0.68,3.12,True,-6.61,,7,,,,,14.0,7.0,2026-10-15,True,True,False,5,NEUTRAL,,,1.52,16.4,,,,2026-10-08T06:11:02.773464,,"Banks - Regional: el flujo operativo son depósitos, préstamos o primas, no caja libre para el accionista",,,,
UBER,"Uber Technologies, Inc.",67.0,,trimestral,⭐⭐ GOOD,🟡 Good,USD,USD,False,True,True,1.0,,85.0,70.0,36.0,65.0,70.0,15.0,0.0,False,down,76.7,True,2,12.2,True,1,"{'eps_growth_yoy': 76.7, 'op_growth_yoy': 30.3, 'crecimiento_respaldado': False, 'crecimiento_puntuado': 55.3, 'positive_quarters': 4, 'earnings_accelerating': True, 'eps_accel_quarters': 2, 'profit_margin_pct': 17.3, 'score_bruto_sin_capar': 120.0, 'satura': True}","{'revenue_growth_yoy': 12.2, 'revenue_accelerating': True, 'rev_accel_quarters': 1}","{'rs_3m': -11.4, 'rs_6m': -19.6, 'rs_line_percentile': 0.0, 'rs_line_at_new_high': False, 'rs_line_trend': 'down', 'rs_line_score': 15}","{'roe_pct': 37.2, 'debt_to_equity': 0.52, 'current_ratio': 0.84, 'operating_margin_pct': 13.3}","{'days_to_earnings': 'N/A', 'recommendation': 'buy', 'analyst_upside_pct': 47.3}",68.45,139813240832,Technology,Software - Application,2.3,2.6,False,100.35,-31.8,0,False,-6.3,100.86,150.0,70.0,46.0,buy,47.3,101.32,48.0,,,normalizado,,,,,,7.22,4.94,,,,,,True,-3.55,,9,,14.5,Operating Income,15.5,85.5,27.0,2026-11-04,False,True,False,6,NEUTRAL,3.67,118.8,0.52,21.0,,,,2026-10-08T06:10:27.448846,,,los P/E históricos se separan 3.2x la mediana: el ancla la decidiría un año suelto,tasa fiscal efectiva -45.7% — el beneficio del periodo no es representativo,,
NYT,The New York Times Company,67.0,,trimestral,⭐⭐ GOOD,🟡 Good,USD,USD,False,True,True,0.9952,,90.0,70.0,24.0,75.0,65.0,15.0,6.3,False,down,12.6,True,1,11.2,True,1,"{'eps_growth_yoy': 12.6, 'op_growth_yoy': 11.5, 'crecimiento_respaldado': True, 'positive_quarters': 4, 'earnings_accelerating': True, 'eps_accel_quarters': 1, 'profit_margin_pct': 13.3, 'score_bruto_sin_capar': 90.0, 'satura': False}","{'revenue_growth_yoy': 11.2, 'revenue_accelerating': True, 'rev_accel_quarters': 1}","{'rs_3m': -16.3, 'rs_6m': -35.7, 'rs_line_percentile': 6.3, 'rs_line_at_new_high': False, 'rs_line_trend': 'down', 'rs_line_score': 15}","{'roe_pct': 19.7, 'current_ratio': 1.58, 'operating_margin_pct': 17.1}","{'days_to_earnings': 'N/A', 'recommendation': 'buy', 'analyst_upside_pct': 21.0}",64.9,10467304448,Communication Services,Publishing,8.6,7.1,True,87.1,-25.5,2,False,-3.0,78.56,90.0,63.0,9.0,buy,21.0,87.95,35.5,75.23,15.9,reportado,múltiplo propio,4.0,0.16,False,,5.96,3.87,,1.44,32.1,0.92,0.93,False,-0.79,,9,,420.4,Operating Income,423.0,14.0,27.0,2026-11-04,False,True,False,8,STRONG,4.66,52.6,0.79,44.4,0.2,0.0,-44.2,2026-10-08T06:10:05.703549,,,,,,
CLPBY,Coloplast A/S,66.7,,trimestral,⭐⭐ GOOD,🟡 Good,USD,DKK,True,True,False,0.9201,"acciones × precio no cuadra con la capitalización (ratio 0.9201) y los estados van en DKK mientras cotiza en USD — puede ser un ADR. Los ratios por acción (EPS, FCF/acción, DCF) no son utilizables",85.0,60.0,38.7,80.0,65.0,15.0,9.0,False,down,60.3,True,1,6.1,True,1,"{'eps_growth_yoy': 60.3, 'op_growth_yoy': 2.0, 'crecimiento_respaldado': False, 'crecimiento_puntuado': 27.0, 'positive_quarters': 3, 'earnings_accelerating': True, 'eps_accel_quarters': 1, 'profit_margin_pct': 9.7, 'score_bruto_sin_capar': 88.0, 'satura': False}","{'revenue_growth_yoy': 6.1, 'revenue_accelerating': True, 'rev_accel_quarters': 1}","{'rs_3m': 1.5, 'rs_6m': -16.4, 'rs_line_percentile': 9.0, 'rs_line_at_new_high': False, 'rs_line_trend': 'down', 'rs_line_score': 15}","{'roe_pct': 18.5, 'debt_to_equity': 1.78, 'current_ratio': 1.56, 'operating_margin_pct': 26.2}","{'days_to_earnings': 'N/A', 'recommendation': 'buy', 'analyst_upside_pct': 30.0}",6.41,14446097408,Healthcare,Medical Instruments & Supplies,,,False,9.7,-33.9,0,False,-4.6,8.33,12.2,6.7,4.0,buy,30.0,,,,,reportado,,,,,,6.56,0.42,,5.67,192.9,0.36,2.67,False,,,9,,7.2,Operating Income,4.6,32.7,,,False,False,False,7,NEUTRAL,19.54,107.0,0.53,19.1,,,,2026-10-08T06:02:25.028323,,,,,"acciones × precio no cuadra con la capitalización (ratio 0.9201) y los estados van en DKK mientras cotiza en USD — puede ser un ADR. Los ratios por acción (EPS, FCF/acción, DCF) no son utilizables",
ALLY,Ally Financial Inc.,66.5,,trimestral,⭐⭐ GOOD,🟡 Good,USD,USD,False,True,True,1.0,"FCF declarado (667,000,000) se aparta del derivado de flujo operativo menos capex (291,000,128)",100.0,70.0,15.0,60.0,70.0,15.0,0.0,False,down,16.5,True,2,11.4,True,1,"{'eps_growth_yoy': 16.5, 'positive_quarters': 4, 'earnings_accelerating': True, 'eps_accel_quarters': 2, 'profit_margin_pct': 18.4, 'score_bruto_sin_capar': 100.0, 'satura': False}","{'revenue_growth_yoy': 11.4, 'revenue_accelerating': True, 'rev_accel_quarters': 1}","{'rs_3m': -20.7, 'rs_6m': -24.3, 'rs_line_percentile': 0.0, 'rs_line_at_new_high': False, 'rs_line_trend': 'down', 'rs_line_score': 15}","{'roe_pct': 9.7, 'operating_margin_pct': 25.3}","{'days_to_earnings': 'N/A', 'recommendation': 'buy', 'analyst_upside_pct': 35.7}",37.37,11367942144,Financial Services,Credit Services,4.9,4.8,False,47.29,-21.0,1,False,-10.3,50.73,58.0,42.0,18.0,buy,35.7,,,43.19,15.6,reportado,múltiplo propio,3.0,1.2,True,2024-12-31,2.56,0.96,,3.19,28.2,1.2,3.09,False,-0.45,,7,,,,,13.5,12.0,2026-10-20,False,True,True,5,NEUTRAL,,,,15.4,,,,2026-10-08T06:09:35.411908,,"el capex se lleva el 94% del flujo operativo: lo que queda no es lo que gana el dueño, es lo que sobra tras decidir invertir",,,,
RMD,ResMed Inc.,66.3,,trimestral,⭐⭐ GOOD,🟡 Good,USD,USD,False,True,True,1.0,,75.0,60.0,46.7,90.0,60.0,35.0,27.8,False,flat,1.0,False,0,8.6,True,1,"{'eps_growth_yoy': 1.0, 'op_growth_yoy': -1.7, 'crecimiento_respaldado': True, 'positive_quarters': 4, 'earnings_accelerating': False, 'eps_accel_quarters': 0, 'profit_margin_pct': 26.9, 'score_bruto_sin_capar': 75.0, 'satura': False}","{'revenue_growth_yoy': 8.6, 'revenue_accelerating': True, 'rev_accel_quarters': 1}","{'rs_3m': 8.0, 'rs_6m': -15.2, 'rs_line_percentile': 27.8, 'rs_line_at_new_high': False, 'rs_line_trend': 'flat', 'rs_line_score': 35}","{'roe_pct': 24.3, 'debt_to_equity': 0.13, 'current_ratio': 3.1, 'operating_margin_pct': 30.9}","{'days_to_earnings': 'N/A', 'recommendation': 'buy', 'analyst_upside_pct': 10.7}",225.98,31781656576,Healthcare,Medical Instruments & Supplies,11.4,10.6,True,284.05,-20.4,3,False,0.7,250.22,320.0,175.0,17.0,buy,10.7,334.37,48.0,,,reportado,,,,,,5.12,11.57,,1.2,23.0,2.64,0.86,True,-1.4,,9,,,,,1.7,21.0,2026-10-29,False,True,True,7,NEUTRAL,6.12,52.1,7.12,19.0,1.6,0.08,-17.4,2026-10-08T06:08:36.981448,,,sin histórico de múltiplo (beneficio negativo o pocos años),,,
MSI,"Motorola Solutions, Inc.",66.1,,trimestral,⭐⭐ GOOD,🟡 Good,USD,USD,False,True,True,1.0,,80.0,70.0,46.7,65.0,55.0,35.0,29.2,False,down,8.6,True,1,13.3,True,1,"{'eps_growth_yoy': 8.6, 'op_growth_yoy': 19.3, 'crecimiento_respaldado': True, 'positive_quarters': 4, 'earnings_accelerating': True, 'eps_accel_quarters': 1, 'profit_margin_pct': 17.4, 'score_bruto_sin_capar': 80.0, 'satura': False}","{'revenue_growth_yoy': 13.3, 'revenue_accelerating': True, 'rev_accel_quarters': 1}","{'rs_3m': 3.1, 'rs_6m': -13.0, 'rs_line_percentile': 29.2, 'rs_line_at_new_high': False, 'rs_line_trend': 'down', 'rs_line_score': 35}","{'roe_pct': 91.6, 'debt_to_equity': 3.58, 'current_ratio': 1.1, 'operating_margin_pct': 27.4}","{'days_to_earnings': 'N/A', 'recommendation': 'none', 'analyst_upside_pct': 17.5}",448.33,74195828736,Technology,Communication Equipment,2.2,3.2,False,494.85,-9.4,5,False,-3.0,526.91,550.0,476.0,11.0,none,17.5,397.69,-11.3,385.62,-14.0,reportado,múltiplo propio,4.0,0.62,False,,3.65,16.36,,1.06,37.2,4.84,1.09,False,-0.95,,9,,7.0,Operating Income,7.3,4.8,28.0,2026-11-05,False,True,False,6,NEUTRAL,3.5,150.4,1.35,16.1,0.4,0.02,-15.7,2026-10-08T05:59:58.886241,,,,,,
ATLKY,Atlas Copco AB (publ),65.8,,trimestral,⭐⭐ GOOD,🟡 Good,USD,SEK,True,True,False,0.6801,"acciones × precio no cuadra con la capitalización (ratio 0.6801) y los estados van en SEK mientras cotiza en USD — puede ser un ADR. Los ratios por acción (EPS, FCF/acción, DCF) no son utilizables",80.0,60.0,46.7,80.0,55.0,35.0,37.9,False,down,7.0,True,1,5.3,True,1,"{'eps_growth_yoy': 7.0, 'op_growth_yoy': 7.5, 'crecimiento_respaldado': True, 'positive_quarters': 4, 'earnings_accelerating': True, 'eps_accel_quarters': 1, 'profit_margin_pct': 15.7, 'score_bruto_sin_capar': 80.0, 'satura': False}","{'revenue_growth_yoy': 5.3, 'revenue_accelerating': True, 'rev_accel_quarters': 1}","{'rs_3m': 1.6, 'rs_6m': -6.1, 'rs_line_percentile': 37.9, 'rs_line_at_new_high': False, 'rs_line_trend': 'down', 'rs_line_score': 35}","{'roe_pct': 25.7, 'debt_to_equity': 0.34, 'current_ratio': 1.27}","{'days_to_earnings': 'N/A', 'recommendation': 'none', 'analyst_upside_pct': 25.1}",20.79,101426528256,Industrials,Specialty Industrial Machinery,,,False,22.42,-7.3,5,False,-1.9,26.0,26.0,26.0,1.0,none,25.1,,,,,reportado,,,,,,2.6,0.54,,2.62,76.1,0.56,1.56,False,,,9,,117.7,Operating Income,117.4,4.0,,,False,False,False,6,NEUTRAL,,54.0,6.8,34.3,,,,2026-10-08T06:05:22.081298,,,,,"acciones × precio no cuadra con la capitalización (ratio 0.6801) y los estados van en SEK mientras cotiza en USD — puede ser un ADR. Los ratios por acción (EPS, FCF/acción, DCF) no son utilizables",
FICO,Fair Isaac Corporation,65.8,,trimestral,⭐⭐ GOOD,🟡 Good,USD,USD,False,True,True,1.0,,95.0,70.0,15.0,65.0,70.0,15.0,5.1,False,down,30.5,False,0,25.7,False,0,"{'eps_growth_yoy': 30.5, 'op_growth_yoy': 38.1, 'crecimiento_respaldado': True, 'positive_quarters': 4, 'earnings_accelerating': False, 'eps_accel_quarters': 0, 'profit_margin_pct': 34.1, 'score_bruto_sin_capar': 95.0, 'satura': False}","{'revenue_growth_yoy': 25.7, 'revenue_accelerating': False, 'rev_accel_quarters': 0}","{'rs_3m': -48.7, 'rs_6m': -51.3, 'rs_line_percentile': 5.1, 'rs_line_at_new_high': False, 'rs_line_trend': 'down', 'rs_line_score': 15}","{'current_ratio': 1.18, 'operating_margin_pct': 53.8}","{'days_to_earnings': 'N/A', 'recommendation': 'buy', 'analyst_upside_pct': 63.9}",681.77,14724620288,Technology,Software - Application,10.8,5.5,True,1858.91,-63.3,0,False,-31.3,1117.68,1750.0,490.0,19.0,buy,63.9,832.72,22.1,,,reportado,,,,,,6.53,44.52,,,,,,True,-7.62,,9,,6.7,Operating Income,6.7,28.8,27.0,2026-11-04,False,True,False,7,NEUTRAL,4.59,996.3,0.57,108.8,,,,2026-10-08T06:02:11.837193,,,múltiplo propio 54x fuera del rango 8-45,,,
CSU.TO,Constellation Software Inc.,65.7,,trimestral,⭐⭐ GOOD,🟡 Good,CAD,USD,True,True,True,1.0,,85.0,70.0,42.3,55.0,60.0,15.0,16.5,False,down,389.3,False,0,17.3,True,1,"{'eps_growth_yoy': 389.3, 'op_growth_yoy': 8.9, 'crecimiento_respaldado': False, 'crecimiento_puntuado': 33.9, 'positive_quarters': 4, 'earnings_accelerating': False, 'eps_accel_quarters': 0, 'profit_margin_pct': 7.6, 'score_bruto_sin_capar': 85.0, 'satura': False}","{'revenue_growth_yoy': 17.3, 'revenue_accelerating': True, 'rev_accel_quarters': 1}","{'rs_3m': 2.9, 'rs_6m': 8.2, 'rs_line_percentile': 16.5, 'rs_line_at_new_high': False, 'rs_line_trend': 'down', 'rs_line_score': 15}","{'roe_pct': 23.3, 'debt_to_equity': 1.2, 'current_ratio': 0.9, 'operating_margin_pct': 15.1}","{'days_to_earnings': 'N/A', 'recommendation': 'none', 'analyst_upside_pct': 39.6}",2901.98,61497397248,Technology,Software - Application,,4.7,False,4081.71,-28.9,3,False,-3.2,4051.54,5636.83,3382.34,12.0,none,39.6,,,,,reportado,,,,,,6.44,186.89,,0.2,8.8,5.69,0.17,False,,,9,,8.4,Operating Income,6.2,194.6,29.0,2026-11-06,False,True,False,6,NEUTRAL,3.18,337.8,0.52,29.2,,,,2026-10-08T06:00:47.576969,,,,,,
PSA,Public Storage,65.7,,trimestral,⭐⭐ GOOD,🟡 Good,USD,USD,False,True,True,1.0,,85.0,70.0,36.0,60.0,65.0,15.0,0.0,False,down,39.5,False,0,2.6,True,2,"{'eps_growth_yoy': 39.5, 'op_growth_yoy': -3.0, 'crecimiento_respaldado': False, 'crecimiento_puntuado': 25.0, 'positive_quarters': 4, 'earnings_accelerating': False, 'eps_accel_quarters': 0, 'profit_margin_pct': 41.6, 'score_bruto_sin_capar': 95.0, 'satura': False}","{'revenue_growth_yoy': 2.6, 'revenue_accelerating': True, 'rev_accel_quarters': 2}","{'rs_3m': -14.3, 'rs_6m': -16.8, 'rs_line_percentile': 0.0, 'rs_line_at_new_high': False, 'rs_line_trend': 'down', 'rs_line_score': 15}","{'roe_pct': 21.9, 'debt_to_equity': 1.1, 'current_ratio': 0.22, 'operating_margin_pct': 45.7}","{'days_to_earnings': 'N/A', 'recommendation': 'buy', 'analyst_upside_pct': 18.8}",281.99,52690472960,Real Estate,REIT - Industrial,4.3,8.0,False,335.55,-16.0,4,False,-7.5,335.06,374.0,285.0,18.0,buy,18.8,231.16,-18.0,202.08,-28.3,normalizado,múltiplo propio,4.0,0.65,False,,5.47,15.42,,4.2,114.6,12.0,3.34,False,0.34,,9,,6.9,Operating Income,7.3,18.0,18.0,2026-10-26,False,True,True,5,NEUTRAL,3.5,1163.1,,19.1,,,,2026-10-08T06:07:38.684306,,,,tasa fiscal efectiva -0.4% — el beneficio del periodo no es representativo,,
TW,Tradeweb Markets Inc.,65.6,,trimestral,⭐⭐ GOOD,🟡 Good,USD,USD,False,True,True,0.5322,acciones × precio no cuadra (ratio 0.5322) pero la divisa sí: son clases múltiples. Se usan 218 M de acciones efectivas (capitalización ÷ precio) en vez de las 116 M declaradas,95.0,50.0,26.7,85.0,65.0,15.0,19.9,False,down,17.9,True,1,9.0,False,0,"{'eps_growth_yoy': 17.9, 'op_growth_yoy': 22.7, 'crecimiento_respaldado': True, 'positive_quarters': 4, 'earnings_accelerating': True, 'eps_accel_quarters': 1, 'profit_margin_pct': 40.7, 'score_bruto_sin_capar': 95.0, 'satura': False}","{'revenue_growth_yoy': 9.0, 'revenue_accelerating': False, 'rev_accel_quarters': 0}","{'rs_3m': 6.7, 'rs_6m': -26.9, 'rs_line_percentile': 19.9, 'rs_line_at_new_high': False, 'rs_line_trend': 'down', 'rs_line_score': 15}","{'roe_pct': 14.5, 'debt_to_equity': 0.02, 'current_ratio': 6.79, 'operating_margin_pct': 43.8}","{'days_to_earnings': 'N/A', 'recommendation': 'buy', 'analyst_upside_pct': 15.2}",107.4,23415994368,Financial Services,Capital Markets,3.0,2.9,False,127.69,-15.9,2,False,3.4,123.73,183.0,98.0,15.0,buy,15.2,,,,,reportado,,,,,,4.15,4.46,11.2,0.52,12.4,0.56,0.39,True,-1.01,,9,,474.0,Operating Income,633.6,13.8,21.0,2026-10-29,False,True,True,8,STRONG,3.93,41.0,0.77,29.8,,,,2026-10-08T06:01:40.750992,218026018.0,"Capital Markets: el flujo operativo son depósitos, préstamos o primas, no caja libre para el accionista",múltiplo propio 48x fuera del rango 8-45,,,
ISRG,"Intuitive Surgical, Inc.",65.5,,trimestral,⭐⭐ GOOD,🟡 Good,USD,USD,False,True,True,1.0,,85.0,70.0,24.0,75.0,65.0,15.0,19.8,False,up,24.3,False,0,18.5,True,1,"{'eps_growth_yoy': 24.3, 'op_growth_yoy': 30.7, 'crecimiento_respaldado': True, 'positive_quarters': 4, 'earnings_accelerating': False, 'eps_accel_quarters': 0, 'profit_margin_pct': 28.4, 'score_bruto_sin_capar': 85.0, 'satura': False}","{'revenue_growth_yoy': 18.5, 'revenue_accelerating': True, 'rev_accel_quarters': 1}","{'rs_3m': -1.3, 'rs_6m': -23.8, 'rs_line_percentile': 19.8, 'rs_line_at_new_high': False, 'rs_line_trend': 'up', 'rs_line_score': 15}","{'roe_pct': 17.4, 'current_ratio': 4.96, 'operating_margin_pct': 33.6}","{'days_to_earnings': 'N/A', 'recommendation': 'buy', 'analyst_upside_pct': 15.1}",414.52,146440814592,Healthcare,Medical Instruments & Supplies,2.3,3.6,False,603.88,-31.4,1,False,8.1,477.21,685.0,324.0,29.0,buy,15.1,161.39,-61.1,,,reportado,,,,,,2.16,8.95,,,,,,True,-1.87,,6,solo 6 de los 9 criterios son calculables con los estados de esta empresa,,,,26.5,12.0,2026-10-20,False,True,True,4,,2.14,22.5,1.29,25.8,0.2,0.01,-25.6,2026-10-08T06:06:23.093419,,,sin histórico de múltiplo (beneficio negativo o pocos años),,,
BRO,"Brown & Brown, Inc.",65.5,,trimestral,⭐⭐ GOOD,🟡 Good,USD,USD,False,True,True,1.0,,80.0,80.0,24.0,75.0,55.0,15.0,8.3,False,down,24.7,False,0,32.4,False,0,"{'eps_growth_yoy': 24.7, 'op_growth_yoy': 23.7, 'crecimiento_respaldado': True, 'positive_quarters': 4, 'earnings_accelerating': False, 'eps_accel_quarters': 0, 'profit_margin_pct': 18.1, 'score_bruto_sin_capar': 80.0, 'satura': False}","{'revenue_growth_yoy': 32.4, 'revenue_accelerating': False, 'rev_accel_quarters': 0}","{'rs_3m': -11.8, 'rs_6m': -22.5, 'rs_line_percentile': 8.3, 'rs_line_at_new_high': False, 'rs_line_trend': 'down', 'rs_line_score': 15}","{'roe_pct': 10.0, 'debt_to_equity': 0.64, 'current_ratio': 1.13, 'operating_margin_pct': 41.8}","{'days_to_earnings': 'N/A', 'recommendation': 'hold', 'analyst_upside_pct': 21.6}",61.72,20652152832,Financial Services,Insurance Brokers,5.4,8.2,False,96.13,-35.8,1,False,-9.3,75.06,90.0,55.0,16.0,hold,21.6,,,74.6,20.9,reportado,múltiplo propio,4.0,0.27,False,,7.03,4.34,,1.08,20.3,0.66,0.64,False,13.99,,9,,4.0,Operating Income,4.7,2.8,18.0,2026-10-26,False,True,True,4,NEUTRAL,5.45,157.1,1.09,26.0,,,,2026-10-08T06:03:18.092883,,"Insurance Brokers: el flujo operativo son depósitos, préstamos o primas, no caja libre para el accionista",,,,
WTKWY,Wolters Kluwer N.V.,65.5,,anual,⭐⭐ GOOD,🟡 Good,USD,EUR,True,True,True,1.0,,100.0,50.0,42.3,50.0,70.0,15.0,16.2,False,down,21.2,True,2,3.5,False,0,"{'eps_growth_yoy': 21.2, 'op_growth_yoy': 5.4, 'crecimiento_respaldado': True, 'positive_quarters': 4, 'earnings_accelerating': True, 'eps_accel_quarters': 2, 'profit_margin_pct': 21.9, 'score_bruto_sin_capar': 105.0, 'satura': True}","{'revenue_growth_yoy': 3.5, 'revenue_accelerating': False, 'rev_accel_quarters': 0}","{'rs_3m': 12.9, 'rs_6m': -3.4, 'rs_line_percentile': 16.2, 'rs_line_at_new_high': False, 'rs_line_trend': 'down', 'rs_line_score': 15}","{'roe_pct': 146.1, 'debt_to_equity': 5.9, 'current_ratio': 0.69, 'operating_margin_pct': 26.9}","{'days_to_earnings': 'N/A', 'recommendation': 'strong_buy', 'analyst_upside_pct': 36.9}",79.33,17645936640,Industrials,Specialty Business Services,,,False,134.25,-40.9,3,False,0.2,108.6,108.6,108.6,1.0,strong_buy,36.9,182.53,130.1,192.57,142.7,reportado,múltiplo propio,4.0,0.59,False,,8.8,6.98,,3.84,43.3,2.99,1.7,,,,9,,,,,4.5,,,False,False,False,7,NEUTRAL,7.86,639.0,0.93,32.5,,,,2026-10-08T05:59:18.506302,,,,,,
SHW,The Sherwin-Williams Company,65.5,,trimestral,⭐⭐ GOOD,🟡 Good,USD,USD,False,True,True,1.0,,100.0,70.0,24.0,45.0,65.0,15.0,11.5,False,down,11.8,True,2,7.5,True,2,"{'eps_growth_yoy': 11.8, 'op_growth_yoy': 12.0, 'crecimiento_respaldado': True, 'positive_quarters': 4, 'earnings_accelerating': True, 'eps_accel_quarters': 2, 'profit_margin_pct': 11.0, 'score_bruto_sin_capar': 100.0, 'satura': False}","{'revenue_growth_yoy': 7.5, 'revenue_accelerating': True, 'rev_accel_quarters': 2}","{'rs_3m': -8.7, 'rs_6m': -20.6, 'rs_line_percentile': 11.5, 'rs_line_at_new_high': False, 'rs_line_trend': 'down', 'rs_line_score': 15}","{'roe_pct': 65.1, 'debt_to_equity': 3.9, 'current_ratio': 0.73, 'operating_margin_pct': 18.1}","{'days_to_earnings': 'N/A', 'recommendation': 'buy', 'analyst_upside_pct': 22.9}",315.0,76468813824,Basic Materials,Specialty Chemicals,2.7,4.1,False,377.77,-16.6,2,False,-6.8,387.18,420.0,340.0,22.0,buy,22.9,224.77,-28.6,335.52,6.5,reportado,múltiplo propio,4.0,0.1,False,,4.04,12.73,,1.0,29.3,3.2,0.87,True,-2.11,,9,,7.7,Operating Income,7.8,10.0,19.0,2026-10-27,False,True,True,6,NEUTRAL,4.12,61.9,2.34,21.0,1.6,0.07,-19.4,2026-10-08T06:02:02.851443,,,,,,
ICE,"Intercontinental Exchange, Inc.",65.2,,trimestral,⭐⭐ GOOD,🟡 Good,USD,USD,False,True,True,1.0,,85.0,60.0,34.7,75.0,65.0,35.0,36.0,False,down,12.6,False,0,10.7,False,0,"{'eps_growth_yoy': 12.6, 'op_growth_yoy': 7.3, 'crecimiento_respaldado': True, 'positive_quarters': 4, 'earnings_accelerating': False, 'eps_accel_quarters': 0, 'profit_margin_pct': 38.2, 'score_bruto_sin_capar': 85.0, 'satura': False}","{'revenue_growth_yoy': 10.7, 'revenue_accelerating': False, 'rev_accel_quarters': 0}","{'rs_3m': 10.0, 'rs_6m': -20.0, 'rs_line_percentile': 36.0, 'rs_line_at_new_high': False, 'rs_line_trend': 'down', 'rs_line_score': 35}","{'roe_pct': 14.1, 'debt_to_equity': 0.69, 'current_ratio': 1.01, 'operating_margin_pct': 52.6}","{'days_to_earnings': 'N/A', 'recommendation': 'buy', 'analyst_upside_pct': 21.2}",152.59,85663186944,Financial Services,Financial Data & Stock Exchanges,1.3,2.0,False,176.05,-13.3,2,False,-1.7,185.0,236.0,159.0,15.0,buy,21.2,197.39,29.4,211.95,38.9,reportado,múltiplo propio,4.0,0.34,False,,5.51,8.41,,1.36,28.2,2.08,1.23,True,-1.57,,9,,6.9,Operating Income,7.6,14.2,21.0,2026-10-29,False,True,True,8,STRONG,4.73,114.8,0.58,16.4,,,,2026-10-08T06:02:46.937972,,,,,,
DOL.TO,Dollarama Inc.,65.2,,trimestral,⭐⭐ GOOD,🟡 Good,CAD,CAD,False,True,True,1.0,,80.0,70.0,36.0,70.0,60.0,15.0,22.2,False,down,8.7,True,1,17.6,True,1,"{'eps_growth_yoy': 8.7, 'op_growth_yoy': 5.0, 'crecimiento_respaldado': True, 'positive_quarters': 4, 'earnings_accelerating': True, 'eps_accel_quarters': 1, 'profit_margin_pct': 17.3, 'score_bruto_sin_capar': 80.0, 'satura': False}","{'revenue_growth_yoy': 17.6, 'revenue_accelerating': True, 'rev_accel_quarters': 1}","{'rs_3m': -2.1, 'rs_6m': -8.6, 'rs_line_percentile': 22.2, 'rs_line_at_new_high': False, 'rs_line_trend': 'down', 'rs_line_score': 15}","{'roe_pct': 93.1, 'debt_to_equity': 4.0, 'current_ratio': 1.55, 'operating_margin_pct': 23.1}","{'days_to_earnings': 'N/A', 'recommendation': 'buy', 'analyst_upside_pct': 11.9}",185.37,49747652608,Consumer Defensive,Discount Stores,,3.8,False,209.96,-11.7,3,False,1.6,207.47,236.0,148.0,17.0,buy,11.9,204.65,10.4,153.2,-17.4,reportado,múltiplo propio,4.0,0.36,False,,3.46,6.41,,0.24,9.1,0.45,0.26,True,-2.42,,9,,7.9,Operating Income,9.1,11.2,63.0,2026-12-10,False,True,False,5,NEUTRAL,3.16,45.6,1.6,27.1,,,,2026-10-08T06:06:59.547431,,,,,,
ASAZY,ASSA ABLOY AB (publ),65.0,,trimestral,⭐⭐ GOOD,🟡 Good,USD,SEK,True,True,False,0.9482,"acciones × precio no cuadra con la capitalización (ratio 0.9482) y los estados van en SEK mientras cotiza en USD — puede ser un ADR. Los ratios por acción (EPS, FCF/acción, DCF) no son utilizables",100.0,60.0,24.0,65.0,55.0,15.0,0.0,False,down,80.4,True,1,3.5,True,1,"{'eps_growth_yoy': 80.4, 'op_growth_yoy': 53.9, 'crecimiento_respaldado': False, 'crecimiento_puntuado': 78.9, 'positive_quarters': 4, 'earnings_accelerating': True, 'eps_accel_quarters': 1, 'profit_margin_pct': 10.8, 'score_bruto_sin_capar': 110.0, 'satura': True}","{'revenue_growth_yoy': 3.5, 'revenue_accelerating': True, 'rev_accel_quarters': 1}","{'rs_3m': -5.2, 'rs_6m': -27.8, 'rs_line_percentile': 0.0, 'rs_line_at_new_high': False, 'rs_line_trend': 'down', 'rs_line_score': 15}","{'roe_pct': 15.6, 'debt_to_equity': 0.64, 'current_ratio': 1.01}","{'days_to_earnings': 'N/A', 'recommendation': 'none', 'analyst_upside_pct': 28.1}",16.97,37699747840,Industrials,Security & Protection Services,,,False,21.98,-22.8,1,False,-6.8,21.74,21.74,21.74,1.0,none,28.1,,,,,reportado,,,,,,4.94,0.84,,1.88,43.1,0.33,1.71,False,,,9,,,,,8.0,19.0,2026-10-27,False,True,True,8,STRONG,,120.6,5.53,22.9,,,,2026-10-08T06:04:18.964865,,,,,"acciones × precio no cuadra con la capitalización (ratio 0.9482) y los estados van en SEK mientras cotiza en USD — puede ser un ADR. Los ratios por acción (EPS, FCF/acción, DCF) no son utilizables",
HRI,Herc Holdings Inc.,64.6,,trimestral,⭐⭐ GOOD,🟡 Good,USD,USD,False,True,True,1.0,"FCF declarado (-128,000,000) se aparta del derivado de flujo operativo menos capex (10,000,000)",68.0,90.0,39.6,45.0,70.0,15.0,18.0,False,down,,True,1,26.3,True,2,"{'positive_quarters': 3, 'earnings_accelerating': True, 'eps_accel_quarters': 1, 'profit_margin_pct': 1.0, 'score_bruto_sin_capar': 68.0, 'satura': False}","{'revenue_growth_yoy': 26.3, 'revenue_accelerating': True, 'rev_accel_quarters': 2}","{'rs_3m': -19.2, 'rs_6m': 6.7, 'rs_line_percentile': 18.0, 'rs_line_at_new_high': False, 'rs_line_trend': 'down', 'rs_line_score': 15}","{'roe_pct': 2.6, 'debt_to_equity': 5.06, 'current_ratio': 1.1, 'operating_margin_pct': 12.2}","{'days_to_earnings': 'N/A', 'recommendation': 'buy', 'analyst_upside_pct': 52.0}",124.42,4159540224,Industrials,Rental & Leasing Services,9.8,5.0,True,188.35,-33.9,2,False,-16.4,189.08,240.0,135.0,12.0,buy,52.0,,,,,reportado,,,,,,0.24,0.3,,2.25,183.0,2.8,1.28,False,,,9,,1.2,Operating Income,1.1,,19.0,2026-10-27,False,True,True,3,NEUTRAL,4.44,7.3,,55.4,3.1,0.06,-52.3,2026-10-08T06:10:58.485034,,"el capex se lleva el 99% del flujo operativo: lo que queda no es lo que gana el dueño, es lo que sobra tras decidir invertir",los P/E históricos se separan 251.6x la mediana: el ancla la decidiría un año suelto,,,
BAC,Bank of America Corporation,64.5,,trimestral,⭐⭐ GOOD,🟡 Good,USD,USD,False,True,True,1.0,,95.0,50.0,36.0,65.0,65.0,15.0,14.3,False,down,16.6,True,1,7.2,False,0,"{'eps_growth_yoy': 16.6, 'positive_quarters': 4, 'earnings_accelerating': True, 'eps_accel_quarters': 1, 'profit_margin_pct': 29.5, 'score_bruto_sin_capar': 95.0, 'satura': False}","{'revenue_growth_yoy': 7.2, 'revenue_accelerating': False, 'rev_accel_quarters': 0}","{'rs_3m': -13.1, 'rs_6m': -12.3, 'rs_line_percentile': 14.3, 'rs_line_at_new_high': False, 'rs_line_trend': 'down', 'rs_line_score': 15}","{'roe_pct': 11.2, 'operating_margin_pct': 38.3}","{'days_to_earnings': 'N/A', 'recommendation': 'strong_buy', 'analyst_upside_pct': 25.8}",53.52,374251913216,Financial Services,Banks - Diversified,1.2,2.5,False,65.23,-18.0,4,False,-11.1,67.33,75.0,62.0,21.0,strong_buy,25.8,,,47.38,-11.5,reportado,múltiplo propio,4.0,0.42,False,,3.37,1.8,,2.37,25.9,1.28,2.29,True,-4.67,,7,,,,,34.1,6.0,2026-10-14,True,True,False,5,NEUTRAL,,,1.81,23.7,1.6,0.07,-22.1,2026-10-08T06:09:03.739728,,"Banks - Diversified: el flujo operativo son depósitos, préstamos o primas, no caja libre para el accionista",,,,
FERG,Ferguson Enterprises Inc.,64.5,,trimestral,⭐⭐ GOOD,🟡 Good,USD,USD,False,True,True,1.0,,85.0,70.0,24.0,65.0,70.0,15.0,0.0,False,down,62.4,True,1,14.8,True,1,"{'eps_growth_yoy': 62.4, 'op_growth_yoy': 32.4, 'crecimiento_respaldado': False, 'crecimiento_puntuado': 57.4, 'positive_quarters': 4, 'earnings_accelerating': True, 'eps_accel_quarters': 1, 'profit_margin_pct': 6.3, 'score_bruto_sin_capar': 105.0, 'satura': True}","{'revenue_growth_yoy': 14.8, 'revenue_accelerating': True, 'rev_accel_quarters': 1}","{'rs_3m': -8.3, 'rs_6m': -29.5, 'rs_line_percentile': 0.0, 'rs_line_at_new_high': False, 'rs_line_trend': 'down', 'rs_line_score': 15}","{'debt_to_equity': 1.11, 'current_ratio': 1.73, 'operating_margin_pct': 10.2}","{'days_to_earnings': 'N/A', 'recommendation': 'buy', 'analyst_upside_pct': 33.7}",215.06,41603940352,Industrials,Industrial Distribution,3.4,4.4,False,271.64,-20.8,1,False,-6.9,287.48,325.0,235.0,21.0,buy,33.7,120.74,-43.9,230.01,7.0,reportado,múltiplo propio,3.0,0.36,True,,3.24,6.97,,1.59,33.6,3.56,1.74,True,-1.67,,4,solo 4 de los 9 criterios son calculables con los estados de esta empresa,16.6,Operating Income,16.5,6.9,32.0,2026-11-09,False,True,False,3,,,,2.45,23.0,1.6,0.07,-21.4,2026-10-08T06:07:29.983978,,,,,,
ADP,"Automatic Data Processing, Inc.",64.5,,trimestral,⭐⭐ GOOD,🟡 Good,USD,USD,False,True,True,1.0,,75.0,50.0,58.7,85.0,50.0,35.0,42.8,False,down,7.5,False,0,6.8,False,0,"{'eps_growth_yoy': 7.5, 'op_growth_yoy': 4.3, 'crecimiento_respaldado': True, 'positive_quarters': 4, 'earnings_accelerating': False, 'eps_accel_quarters': 0, 'profit_margin_pct': 20.1, 'score_bruto_sin_capar': 75.0, 'satura': False}","{'revenue_growth_yoy': 6.8, 'revenue_accelerating': False, 'rev_accel_quarters': 0}","{'rs_3m': 6.6, 'rs_6m': 21.7, 'rs_line_percentile': 42.8, 'rs_line_at_new_high': False, 'rs_line_trend': 'down', 'rs_line_score': 35}","{'roe_pct': 72.2, 'debt_to_equity': 0.91, 'current_ratio': 1.05, 'operating_margin_pct': 23.5}","{'days_to_earnings': 'N/A', 'recommendation': 'hold', 'analyst_upside_pct': 8.5}",264.0,104610406400,Technology,Software - Application,3.0,5.1,False,291.34,-9.4,5,False,-2.4,286.4,322.0,225.0,15.0,hold,8.5,293.52,11.2,273.45,3.6,reportado,múltiplo propio,3.0,0.2,True,,4.57,12.06,,2.59,60.7,6.8,2.04,True,-1.96,,9,,12.6,Operating Income,13.5,3.9,20.0,2026-10-28,False,True,True,6,NEUTRAL,5.48,162.1,2.01,20.9,0.4,0.02,-20.5,2026-10-08T05:59:49.574688,,,,,,
SPGI,S&P Global Inc.,64.5,,trimestral,⭐⭐ GOOD,🟡 Good,USD,USD,False,True,True,1.0,,85.0,60.0,36.0,65.0,70.0,15.0,2.7,False,down,13.5,False,0,10.4,False,0,"{'eps_growth_yoy': 13.5, 'op_growth_yoy': 17.2, 'crecimiento_respaldado': True, 'positive_quarters': 4, 'earnings_accelerating': False, 'eps_accel_quarters': 0, 'profit_margin_pct': 30.5, 'score_bruto_sin_capar': 85.0, 'satura': False}","{'revenue_growth_yoy': 10.4, 'revenue_accelerating': False, 'rev_accel_quarters': 0}","{'rs_3m': -11.2, 'rs_6m': -16.0, 'rs_line_percentile': 2.7, 'rs_line_at_new_high': False, 'rs_line_trend': 'down', 'rs_line_score': 15}","{'roe_pct': 14.3, 'debt_to_equity': 0.43, 'current_ratio': 0.95, 'operating_margin_pct': 44.8}","{'days_to_earnings': 'N/A', 'recommendation': 'strong_buy', 'analyst_upside_pct': 31.8}",395.18,116499062784,Financial Services,Financial Data & Stock Exchanges,2.2,3.5,False,522.46924,-24.4,1,False,-4.7,520.81,553.0,477.0,21.0,strong_buy,31.8,373.66,-5.4,550.51,39.3,reportado,múltiplo propio,3.0,0.22,True,2023-12-31,4.41,17.43,7.1,0.98,23.5,3.88,0.82,True,-3.46,,9,,21.2,Operating Income,22.7,17.7,19.0,2026-10-27,False,True,True,7,NEUTRAL,4.63,893.9,1.52,18.6,1.6,0.08,-17.0,2026-10-08T06:00:03.505960,,,,,,
DBOEY,Deutsche Börse AG,64.1,,trimestral,⭐⭐ GOOD,🟡 Good,USD,EUR,True,True,True,1.0,,75.0,50.0,60.3,80.0,50.0,60.0,74.3,False,flat,8.4,False,0,7.8,False,0,"{'eps_growth_yoy': 8.4, 'op_growth_yoy': 8.2, 'crecimiento_respaldado': True, 'positive_quarters': 4, 'earnings_accelerating': False, 'eps_accel_quarters': 0, 'profit_margin_pct': 27.3, 'score_bruto_sin_capar': 75.0, 'satura': False}","{'revenue_growth_yoy': 7.8, 'revenue_accelerating': False, 'rev_accel_quarters': 0}","{'rs_3m': 12.1, 'rs_6m': -2.9, 'rs_line_percentile': 74.3, 'rs_line_at_new_high': False, 'rs_line_trend': 'flat', 'rs_line_score': 60}","{'roe_pct': 20.4, 'debt_to_equity': 0.58, 'current_ratio': 1.01, 'operating_margin_pct': 41.9}","{'days_to_earnings': 'N/A', 'recommendation': 'none', 'analyst_upside_pct': 3.4}",32.73,59008147456,Financial Services,Financial Data & Stock Exchanges,,,False,33.91,-3.5,8,True,1.8,33.85,33.85,33.85,1.0,none,3.4,48.49,48.2,27.9,-14.8,reportado,múltiplo propio,4.0,0.2,False,,4.91,1.61,,1.47,36.0,0.49,1.83,,,,9,,,,,6.9,12.0,2026-10-20,False,True,True,5,NEUTRAL,4.61,65.3,2.09,17.7,,,,2026-10-08T06:02:56.121215,,,,,,
ECL,Ecolab Inc.,64.0,,trimestral,⭐⭐ GOOD,🟡 Good,USD,USD,False,True,True,1.0,,80.0,60.0,36.0,75.0,65.0,15.0,23.2,False,down,2.0,True,1,9.7,True,1,"{'eps_growth_yoy': 2.0, 'op_growth_yoy': 9.5, 'crecimiento_respaldado': True, 'positive_quarters': 4, 'earnings_accelerating': True, 'eps_accel_quarters': 1, 'profit_margin_pct': 12.6, 'score_bruto_sin_capar': 80.0, 'satura': False}","{'revenue_growth_yoy': 9.7, 'revenue_accelerating': True, 'rev_accel_quarters': 1}","{'rs_3m': -1.6, 'rs_6m': -12.3, 'rs_line_percentile': 23.2, 'rs_line_at_new_high': False, 'rs_line_trend': 'down', 'rs_line_score': 15}","{'roe_pct': 22.0, 'debt_to_equity': 1.38, 'current_ratio': 1.84, 'operating_margin_pct': 18.5}","{'days_to_earnings': 'N/A', 'recommendation': 'buy', 'analyst_upside_pct': 16.9}",278.1,77959389184,Basic Materials,Specialty Chemicals,2.1,3.6,False,309.27,-10.1,4,False,-0.2,325.05,360.0,295.0,21.0,buy,16.9,158.71,-42.9,270.02,-2.9,reportado,múltiplo propio,4.0,0.25,False,,2.58,7.17,,1.04,38.1,2.92,1.04,True,-1.12,,9,,9.4,Operating Income,9.1,3.3,19.0,2026-10-27,False,True,True,6,NEUTRAL,3.3,52.9,1.23,17.9,0.4,0.02,-17.5,2026-10-08T06:02:29.192867,,,,,,
NOW,"ServiceNow, Inc.",64.0,,trimestral,⭐⭐ GOOD,🟡 Good,USD,USD,False,True,True,1.0,,50.0,90.0,65.0,50.0,60.0,35.0,35.9,False,up,-22.6,False,0,24.0,True,2,"{'eps_growth_yoy': -22.6, 'op_growth_yoy': -54.7, 'crecimiento_respaldado': True, 'positive_quarters': 4, 'earnings_accelerating': False, 'eps_accel_quarters': 0, 'profit_margin_pct': 11.3, 'score_bruto_sin_capar': 50.0, 'satura': False}","{'revenue_growth_yoy': 24.0, 'revenue_accelerating': True, 'rev_accel_quarters': 2}","{'rs_3m': 24.8, 'rs_6m': 38.6, 'rs_line_percentile': 35.9, 'rs_line_at_new_high': False, 'rs_line_trend': 'up', 'rs_line_score': 35}","{'roe_pct': 14.2, 'debt_to_equity': 0.68, 'current_ratio': 0.7, 'operating_margin_pct': 4.1}","{'days_to_earnings': 'N/A', 'recommendation': 'strong_buy', 'analyst_upside_pct': 6.4}",137.87,142538555392,Technology,Software - Application,2.8,1.7,False,192.966,-28.6,4,False,5.1,146.73,248.0,72.0,46.0,strong_buy,6.4,108.07,-21.6,,,reportado,,,,,,3.08,4.25,,,,,,True,-1.05,,9,,20.2,Operating Income,29.3,-21.9,20.0,2026-10-28,False,True,True,4,NEUTRAL,1.25,58.4,0.92,39.6,0.2,0.0,-39.4,2026-10-08T06:03:39.925678,,,los P/E históricos se separan 1.7x la mediana: el ancla la decidiría un año suelto,,,
ITW,Illinois Tool Works Inc.,64.0,,trimestral,⭐⭐ GOOD,🟡 Good,USD,USD,False,True,True,1.0,,90.0,60.0,36.0,65.0,50.0,15.0,12.7,False,down,7.9,True,2,6.1,True,1,"{'eps_growth_yoy': 7.9, 'op_growth_yoy': 7.4, 'crecimiento_respaldado': True, 'positive_quarters': 4, 'earnings_accelerating': True, 'eps_accel_quarters': 2, 'profit_margin_pct': 19.4, 'score_bruto_sin_capar': 90.0, 'satura': False}","{'revenue_growth_yoy': 6.1, 'revenue_accelerating': True, 'rev_accel_quarters': 1}","{'rs_3m': -5.4, 'rs_6m': -18.1, 'rs_line_percentile': 12.7, 'rs_line_at_new_high': False, 'rs_line_trend': 'down', 'rs_line_score': 15}","{'roe_pct': 104.6, 'debt_to_equity': 3.35, 'current_ratio': 1.11, 'operating_margin_pct': 26.9}","{'days_to_earnings': 'N/A', 'recommendation': 'hold', 'analyst_upside_pct': 14.8}",261.15,74375520256,Industrials,Specialty Industrial Machinery,3.1,8.2,False,303.16,-13.9,3,False,-5.3,299.79,350.0,249.0,14.0,hold,14.8,188.99,-27.6,235.91,-9.7,reportado,múltiplo propio,4.0,0.21,False,,3.91,10.21,,2.58,58.4,6.88,2.26,True,-2.01,,9,,14.5,Operating Income,14.6,4.0,15.0,2026-10-23,False,True,True,5,NEUTRAL,4.96,117.2,8.74,20.6,,,,2026-10-08T06:04:06.158752,,,,,,
AWK,"American Water Works Company, Inc.",64.0,,trimestral,⭐⭐ GOOD,🟡 Good,USD,USD,False,True,True,1.0,"FCF declarado (-1,223,000,000) se aparta del derivado de flujo operativo menos capex (-966,999,872)",95.0,70.0,24.0,55.0,50.0,15.0,7.6,False,down,9.0,True,2,6.2,True,2,"{'eps_growth_yoy': 9.0, 'op_growth_yoy': 10.8, 'crecimiento_respaldado': True, 'positive_quarters': 4, 'earnings_accelerating': True, 'eps_accel_quarters': 2, 'profit_margin_pct': 21.3, 'score_bruto_sin_capar': 95.0, 'satura': False}","{'revenue_growth_yoy': 6.2, 'revenue_accelerating': True, 'rev_accel_quarters': 2}","{'rs_3m': -5.1, 'rs_6m': -22.1, 'rs_line_percentile': 7.6, 'rs_line_at_new_high': False, 'rs_line_trend': 'down', 'rs_line_score': 15}","{'roe_pct': 10.1, 'debt_to_equity': 1.38, 'current_ratio': 0.52, 'operating_margin_pct': 40.7}","{'days_to_earnings': 'N/A', 'recommendation': 'hold', 'analyst_upside_pct': 11.0}",127.38,25314099200,Utilities,Utilities - Regulated Water,8.5,6.6,True,145.64,-12.5,4,False,-5.8,141.45,162.0,128.0,11.0,hold,11.0,,,136.81,7.4,reportado,múltiplo propio,4.0,0.37,False,,-3.82,-4.87,,2.81,58.5,3.58,1.99,False,,,9,,3.0,Operating Income,3.2,3.4,20.0,2026-10-28,False,True,True,8,STRONG,4.55,6.1,2.38,15.0,1.6,0.1,-13.4,2026-10-08T06:05:35.367131,,"el capex se lleva el 141% del flujo operativo: lo que queda no es lo que gana el dueño, es lo que sobra tras decidir invertir",,,,
GWW,"W.W. Grainger, Inc.",64.0,,trimestral,⭐⭐ GOOD,🟡 Good,USD,USD,False,True,True,1.0,,75.0,60.0,44.0,85.0,50.0,35.0,47.3,False,down,18.3,False,0,10.3,False,0,"{'eps_growth_yoy': 18.3, 'op_growth_yoy': 19.0, 'crecimiento_respaldado': True, 'positive_quarters': 4, 'earnings_accelerating': False, 'eps_accel_quarters': 0, 'profit_margin_pct': 9.9, 'score_bruto_sin_capar': 75.0, 'satura': False}","{'revenue_growth_yoy': 10.3, 'revenue_accelerating': False, 'rev_accel_quarters': 0}","{'rs_3m': -11.2, 'rs_6m': -6.7, 'rs_line_percentile': 47.3, 'rs_line_at_new_high': False, 'rs_line_trend': 'down', 'rs_line_score': 35}","{'roe_pct': 46.1, 'debt_to_equity': 0.62, 'current_ratio': 2.81, 'operating_margin_pct': 16.1}","{'days_to_earnings': 'N/A', 'recommendation': 'hold', 'analyst_upside_pct': 5.4}",1263.51,59654250496,Industrials,Industrial Distribution,2.6,4.7,False,1419.91,-11.0,6,False,-2.4,1331.64,1500.0,1100.0,14.0,hold,5.4,596.95,-52.8,957.67,-24.2,reportado,múltiplo propio,4.0,0.43,False,,2.34,29.57,6.5,0.78,23.6,9.96,0.91,True,-1.87,,9,,33.9,Operating Income,34.1,8.2,27.0,2026-11-04,False,True,False,6,NEUTRAL,3.98,40.5,4.51,17.5,,,,2026-10-08T06:06:14.540101,,,,,,
HD,"The Home Depot, Inc.",63.8,,trimestral,⭐⭐ GOOD,🟡 Good,USD,USD,False,True,True,1.0,,85.0,70.0,24.0,60.0,70.0,15.0,2.2,False,down,4.7,True,2,5.7,True,2,"{'eps_growth_yoy': 4.7, 'op_growth_yoy': 4.3, 'crecimiento_respaldado': True, 'positive_quarters': 4, 'earnings_accelerating': True, 'eps_accel_quarters': 2, 'profit_margin_pct': 8.4, 'score_bruto_sin_capar': 85.0, 'satura': False}","{'revenue_growth_yoy': 5.7, 'revenue_accelerating': True, 'rev_accel_quarters': 2}","{'rs_3m': -19.4, 'rs_6m': -29.5, 'rs_line_percentile': 2.2, 'rs_line_at_new_high': False, 'rs_line_trend': 'down', 'rs_line_score': 15}","{'roe_pct': 104.3, 'debt_to_equity': 3.8, 'current_ratio': 1.08, 'operating_margin_pct': 12.9}","{'days_to_earnings': 'N/A', 'recommendation': 'buy', 'analyst_upside_pct': 32.0}",285.77,285109747712,Consumer Cyclical,Home Improvement Retail,1.2,2.6,False,397.63,-28.1,0,False,-10.2,377.19,425.0,310.0,32.0,buy,32.0,240.77,-15.7,339.67,18.9,reportado,múltiplo propio,4.0,0.37,False,,5.3,15.15,,3.25,64.8,9.32,2.39,False,0.2,,9,,8.7,Operating Income,8.8,4.6,40.0,2026-11-17,False,True,False,5,NEUTRAL,6.02,53.3,,20.2,,,,2026-10-08T06:07:43.175890,,,,,,
RSG,"Republic Services, Inc.",63.7,,trimestral,⭐⭐ GOOD,🟡 Good,USD,USD,False,True,True,1.0,,80.0,70.0,36.0,60.0,60.0,15.0,16.1,False,down,2.9,True,1,4.6,True,2,"{'eps_growth_yoy': 2.9, 'op_growth_yoy': 4.0, 'crecimiento_respaldado': True, 'positive_quarters': 4, 'earnings_accelerating': True, 'eps_accel_quarters': 1, 'profit_margin_pct': 12.9, 'score_bruto_sin_capar': 80.0, 'satura': False}","{'revenue_growth_yoy': 4.6, 'revenue_accelerating': True, 'rev_accel_quarters': 2}","{'rs_3m': -4.3, 'rs_6m': -14.7, 'rs_line_percentile': 16.1, 'rs_line_at_new_high': False, 'rs_line_trend': 'down', 'rs_line_score': 15}","{'roe_pct': 18.2, 'debt_to_equity': 1.19, 'current_ratio': 0.64, 'operating_margin_pct': 20.4}","{'days_to_earnings': 'N/A', 'recommendation': 'buy', 'analyst_upside_pct': 13.6}",216.18,66197123072,Industrials,Waste Management,2.5,3.3,False,233.42,-7.4,5,False,0.1,245.5,272.0,208.0,24.0,buy,13.6,243.62,12.7,209.99,-2.9,reportado,múltiplo propio,4.0,0.14,False,,4.01,8.67,,1.25,35.5,2.68,1.18,True,-1.85,,9,,5.7,Operating Income,5.3,3.6,21.0,2026-10-29,False,True,True,6,NEUTRAL,4.16,25.9,1.99,15.9,1.6,0.1,-14.3,2026-10-08T06:00:29.690224,,,,,,
BSX,Boston Scientific Corporation,63.5,,trimestral,⭐⭐ GOOD,🟡 Good,USD,USD,False,True,True,1.0,,85.0,60.0,24.0,75.0,70.0,15.0,0.0,False,down,99.0,True,1,11.6,False,0,"{'eps_growth_yoy': 99.0, 'op_growth_yoy': 14.4, 'crecimiento_respaldado': False, 'crecimiento_puntuado': 39.4, 'positive_quarters': 4, 'earnings_accelerating': True, 'eps_accel_quarters': 1, 'profit_margin_pct': 17.5, 'score_bruto_sin_capar': 100.0, 'satura': False}","{'revenue_growth_yoy': 11.6, 'revenue_accelerating': False, 'rev_accel_quarters': 0}","{'rs_3m': -10.3, 'rs_6m': -47.0, 'rs_line_percentile': 0.0, 'rs_line_at_new_high': False, 'rs_line_trend': 'down', 'rs_line_score': 15}","{'roe_pct': 15.3, 'debt_to_equity': 0.5, 'current_ratio': 1.24, 'operating_margin_pct': 22.9}","{'days_to_earnings': 'N/A', 'recommendation': 'buy', 'analyst_upside_pct': 45.1}",41.58,60258967552,Healthcare,Medical Devices,3.2,2.3,False,105.65,-60.6,0,False,-10.9,60.32,94.0,44.0,28.0,buy,45.1,78.51,88.8,,,normalizado,,,,,,5.64,2.35,,,,,,False,,,9,,11.5,Operating Income,11.5,15.1,20.0,2026-10-28,False,True,True,8,STRONG,5.4,53.7,0.41,28.3,1.6,0.06,-26.7,2026-10-08T06:06:27.604626,,,múltiplo propio 62x fuera del rango 8-45,tasa fiscal efectiva 4.9% — el beneficio del periodo no es representativo,,
ORLY,"O'Reilly Automotive, Inc.",63.3,,trimestral,⭐⭐ GOOD,🟡 Good,USD,USD,False,True,True,1.0,,90.0,70.0,24.0,50.0,65.0,15.0,3.4,False,down,7.0,True,2,8.1,True,2,"{'eps_growth_yoy': 7.0, 'op_growth_yoy': 7.8, 'crecimiento_respaldado': True, 'positive_quarters': 4, 'earnings_accelerating': True, 'eps_accel_quarters': 2, 'profit_margin_pct': 14.3, 'score_bruto_sin_capar': 90.0, 'satura': False}","{'revenue_growth_yoy': 8.1, 'revenue_accelerating': True, 'rev_accel_quarters': 2}","{'rs_3m': -5.1, 'rs_6m': -25.3, 'rs_line_percentile': 3.4, 'rs_line_at_new_high': False, 'rs_line_trend': 'down', 'rs_line_score': 15}","{'current_ratio': 0.75, 'operating_margin_pct': 20.2}","{'days_to_earnings': 'N/A', 'recommendation': 'buy', 'analyst_upside_pct': 26.9}",84.61,68446171136,Consumer Cyclical,Auto Parts,3.2,5.0,False,104.06,-18.7,1,False,-3.9,107.35,120.0,91.0,26.0,buy,26.9,73.95,-12.6,85.14,0.6,reportado,múltiplo propio,4.0,0.22,False,,3.1,2.62,,,,,,True,-3.44,,9,,14.4,Operating Income,14.4,10.3,20.0,2026-10-28,False,True,True,7,NEUTRAL,4.43,40.0,2.32,21.5,0.4,0.02,-21.1,2026-10-08T06:03:26.614311,,,,,,
ROL,"Rollins, Inc.",63.2,,trimestral,⭐⭐ GOOD,🟡 Good,USD,USD,False,True,True,1.0,,90.0,70.0,15.0,65.0,60.0,15.0,2.5,False,down,1.7,True,2,7.9,True,2,"{'eps_growth_yoy': 1.7, 'op_growth_yoy': 1.5, 'crecimiento_respaldado': True, 'positive_quarters': 4, 'earnings_accelerating': True, 'eps_accel_quarters': 2, 'profit_margin_pct': 13.6, 'score_bruto_sin_capar': 90.0, 'satura': False}","{'revenue_growth_yoy': 7.9, 'revenue_accelerating': True, 'rev_accel_quarters': 2}","{'rs_3m': -33.4, 'rs_6m': -59.1, 'rs_line_percentile': 2.5, 'rs_line_at_new_high': False, 'rs_line_trend': 'down', 'rs_line_score': 15}","{'roe_pct': 37.0, 'debt_to_equity': 0.78, 'current_ratio': 0.63, 'operating_margin_pct': 18.8}","{'days_to_earnings': 'N/A', 'recommendation': 'hold', 'analyst_upside_pct': 37.4}",30.87,14852959232,Consumer Cyclical,Personal Services,6.2,4.0,False,66.14,-53.3,0,False,-11.1,42.41,66.0,27.0,17.0,hold,37.4,39.22,27.0,,,reportado,,,,,,4.17,1.29,,2.41,64.9,0.73,1.19,False,-0.68,,9,,21.8,Operating Income,21.8,1.2,13.0,2026-10-21,False,True,True,6,NEUTRAL,4.65,131.8,1.8,33.4,,,,2026-10-08T05:59:54.289212,,,múltiplo propio 47x fuera del rango 8-45,,,
BR,"Broadridge Financial Solutions, Inc.",63.2,,trimestral,⭐⭐ GOOD,🟡 Good,USD,USD,False,True,True,1.0,,80.0,50.0,38.7,80.0,70.0,15.0,14.0,False,down,6.4,True,1,7.5,False,0,"{'eps_growth_yoy': 6.4, 'op_growth_yoy': 9.5, 'crecimiento_respaldado': True, 'positive_quarters': 4, 'earnings_accelerating': True, 'eps_accel_quarters': 1, 'profit_margin_pct': 15.0, 'score_bruto_sin_capar': 80.0, 'satura': False}","{'revenue_growth_yoy': 7.5, 'revenue_accelerating': False, 'rev_accel_quarters': 0}","{'rs_3m': 6.0, 'rs_6m': -10.1, 'rs_line_percentile': 14.0, 'rs_line_at_new_high': False, 'rs_line_trend': 'down', 'rs_line_score': 15}","{'roe_pct': 40.9, 'debt_to_equity': 1.24, 'current_ratio': 1.24, 'operating_margin_pct': 24.6}","{'days_to_earnings': 'N/A', 'recommendation': 'buy', 'analyst_upside_pct': 33.3}",160.13,18078683136,Technology,Information Technology Services,2.9,2.6,False,237.98,-32.7,1,False,-4.8,213.38,250.0,176.0,8.0,buy,33.3,246.52,53.9,298.98,86.7,reportado,múltiplo propio,4.0,0.62,False,,6.82,10.92,,2.75,40.6,4.36,1.66,True,-2.28,,9,,11.6,Operating Income,13.9,5.9,26.0,2026-11-03,False,True,False,8,STRONG,6.13,176.7,0.63,22.7,1.6,0.07,-21.1,2026-10-08T06:00:42.680750,,,,,,
FCNCA,"First Citizens BancShares, Inc.",63.0,,trimestral,⭐⭐ GOOD,🟡 Good,USD,USD,False,True,True,0.911,acciones × precio no cuadra (ratio 0.9110) pero la divisa sí: son clases múltiples. Se usan 11 M de acciones efectivas (capitalización ÷ precio) en vez de las 10 M declaradas,95.0,50.0,36.0,65.0,50.0,15.0,23.5,False,down,16.9,True,1,2.5,False,0,"{'eps_growth_yoy': 16.9, 'positive_quarters': 4, 'earnings_accelerating': True, 'eps_accel_quarters': 1, 'profit_margin_pct': 25.2, 'score_bruto_sin_capar': 95.0, 'satura': False}","{'revenue_growth_yoy': 2.5, 'revenue_accelerating': False, 'rev_accel_quarters': 0}","{'rs_3m': -4.1, 'rs_6m': -11.0, 'rs_line_percentile': 23.5, 'rs_line_at_new_high': False, 'rs_line_trend': 'down', 'rs_line_score': 15}","{'roe_pct': 10.7, 'operating_margin_pct': 39.0}","{'days_to_earnings': 'N/A', 'recommendation': 'hold', 'analyst_upside_pct': 12.8}",2071.56,23394375680,Financial Services,Banks - Regional,5.3,8.0,False,2296.3,-9.8,4,False,-4.1,2336.54,2525.0,2100.0,13.0,hold,12.8,,,1998.64,-3.5,reportado,múltiplo propio,4.0,1.01,True,,6.92,143.35,,0.41,4.4,8.4,0.29,True,-12.85,,7,,,,,12.4,15.0,2026-10-23,False,True,True,5,NEUTRAL,,,0.34,19.0,65.6,3.45,46.6,2026-10-08T06:11:06.907559,11293120.0,"Banks - Regional: el flujo operativo son depósitos, préstamos o primas, no caja libre para el accionista",,,,
AZO,"AutoZone, Inc.",63.0,,trimestral,⭐⭐ GOOD,🟡 Good,USD,USD,False,True,True,1.0,,90.0,70.0,24.0,45.0,70.0,15.0,1.4,False,down,5.4,True,2,8.4,True,2,"{'eps_growth_yoy': 5.4, 'op_growth_yoy': 6.6, 'crecimiento_respaldado': True, 'positive_quarters': 4, 'earnings_accelerating': True, 'eps_accel_quarters': 2, 'profit_margin_pct': 12.7, 'score_bruto_sin_capar': 90.0, 'satura': False}","{'revenue_growth_yoy': 8.4, 'revenue_accelerating': True, 'rev_accel_quarters': 2}","{'rs_3m': -10.6, 'rs_6m': -34.7, 'rs_line_percentile': 1.4, 'rs_line_at_new_high': False, 'rs_line_trend': 'down', 'rs_line_score': 15}","{'current_ratio': 0.9, 'operating_margin_pct': 20.0}","{'days_to_earnings': 'N/A', 'recommendation': 'strong_buy', 'analyst_upside_pct': 30.7}",2846.27,46032723968,Consumer Cyclical,Auto Parts,3.5,1.6,False,4146.42,-31.4,0,False,-3.6,3719.96,4800.0,3000.0,23.0,strong_buy,30.7,2980.98,4.7,3081.41,8.3,reportado,múltiplo propio,4.0,0.54,False,,3.89,110.72,,,,,,True,-2.06,,9,,7.5,Operating Income,7.5,15.0,61.0,2026-12-08,False,True,False,6,NEUTRAL,6.08,35.2,2.02,28.4,,,,2026-10-08T06:02:51.317232,,,,,,
ETN,Eaton Corporation plc,62.8,,trimestral,⭐⭐ GOOD,🟡 Good,USD,USD,False,True,True,1.0,,50.0,80.0,56.7,70.0,60.0,60.0,65.5,False,up,-10.2,False,0,16.8,True,2,"{'eps_growth_yoy': -10.2, 'op_growth_yoy': -2.4, 'crecimiento_respaldado': True, 'positive_quarters': 4, 'earnings_accelerating': False, 'eps_accel_quarters': 0, 'profit_margin_pct': 12.8, 'score_bruto_sin_capar': 50.0, 'satura': False}","{'revenue_growth_yoy': 16.8, 'revenue_accelerating': True, 'rev_accel_quarters': 2}","{'rs_3m': 3.0, 'rs_6m': -6.6, 'rs_line_percentile': 65.5, 'rs_line_at_new_high': False, 'rs_line_trend': 'up', 'rs_line_score': 60}","{'roe_pct': 19.7, 'debt_to_equity': 1.05, 'current_ratio': 1.24, 'operating_margin_pct': 16.6}","{'days_to_earnings': 'N/A', 'recommendation': 'buy', 'analyst_upside_pct': 11.6}",431.33,167485440000,Industrials,Specialty Industrial Machinery,2.0,4.2,False,478.0,-9.8,7,True,1.7,481.55,534.0,333.0,26.0,buy,11.6,210.45,-51.2,282.4,-34.5,reportado,múltiplo propio,4.0,0.34,False,,2.41,10.4,,0.99,43.5,4.4,1.39,False,-0.49,,9,,16.5,Operating Income,16.5,-15.9,26.0,2026-11-03,False,True,False,7,NEUTRAL,2.69,64.6,1.37,41.7,,,,2026-10-08T06:04:23.425360,,,,,,
WCN,"Waste Connections, Inc.",62.7,,trimestral,⭐⭐ GOOD,🟡 Good,USD,USD,False,True,True,1.0,,80.0,70.0,36.0,50.0,65.0,15.0,3.9,False,down,2.1,True,1,6.4,True,2,"{'eps_growth_yoy': 2.1, 'op_growth_yoy': 7.0, 'crecimiento_respaldado': True, 'positive_quarters': 4, 'earnings_accelerating': True, 'eps_accel_quarters': 1, 'profit_margin_pct': 10.9, 'score_bruto_sin_capar': 80.0, 'satura': False}","{'revenue_growth_yoy': 6.4, 'revenue_accelerating': True, 'rev_accel_quarters': 2}","{'rs_3m': -12.3, 'rs_6m': -19.8, 'rs_line_percentile': 3.9, 'rs_line_at_new_high': False, 'rs_line_trend': 'down', 'rs_line_score': 15}","{'roe_pct': 13.0, 'debt_to_equity': 1.22, 'current_ratio': 0.66, 'operating_margin_pct': 19.7}","{'days_to_earnings': 'N/A', 'recommendation': 'strong_buy', 'analyst_upside_pct': 29.4}",155.16,39033487360,Industrials,Waste Management,1.6,3.6,False,179.74,-13.7,1,False,-4.3,200.84,220.0,162.0,25.0,strong_buy,29.4,153.18,-1.3,172.85,11.4,reportado,múltiplo propio,3.0,0.23,True,2024-12-31,3.38,5.24,,0.91,33.0,1.4,0.69,True,-1.98,,9,,5.4,Operating Income,5.0,4.4,13.0,2026-10-21,False,True,True,6,NEUTRAL,3.75,20.1,2.83,15.1,,,,2026-10-08T05:59:22.805982,,,,,,
PGR,The Progressive Corporation,62.5,,trimestral,⭐⭐ GOOD,🟡 Good,USD,USD,False,True,True,1.0,"FCF declarado (10,597,000,000) se aparta del derivado de flujo operativo menos capex (15,991,000,320)",80.0,60.0,36.0,75.0,50.0,15.0,23.7,False,down,4.3,True,1,7.3,True,1,"{'eps_growth_yoy': 4.3, 'op_growth_yoy': 6.1, 'crecimiento_respaldado': True, 'positive_quarters': 4, 'earnings_accelerating': True, 'eps_accel_quarters': 1, 'profit_margin_pct': 12.8, 'score_bruto_sin_capar': 80.0, 'satura': False}","{'revenue_growth_yoy': 7.3, 'revenue_accelerating': True, 'rev_accel_quarters': 1}","{'rs_3m': -10.4, 'rs_6m': -7.7, 'rs_line_percentile': 23.7, 'rs_line_at_new_high': False, 'rs_line_trend': 'down', 'rs_line_score': 15}","{'roe_pct': 34.9, 'debt_to_equity': 0.24, 'current_ratio': 0.29, 'operating_margin_pct': 18.2}","{'days_to_earnings': 'N/A', 'recommendation': 'hold', 'analyst_upside_pct': 8.7}",214.12,124275245056,Financial Services,Insurance - Property & Casualty,1.1,3.0,False,245.64,-12.8,5,False,0.0,232.71,314.0,198.0,21.0,hold,8.7,,,,,reportado,,,,,,12.87,27.56,,0.19,69.7,0.4,0.67,False,-0.6,,7,,50.8,EBIT,50.8,2.0,6.0,2026-10-14,True,True,False,6,NEUTRAL,11.2,,0.44,20.5,0.8,0.04,-19.7,2026-10-08T06:05:04.007365,,"Insurance - Property & Casualty: el flujo operativo son depósitos, préstamos o primas, no caja libre para el accionista",los P/E históricos se separan 4.6x la mediana: el ancla la decidiría un año suelto,,,
AXP,American Express Company,62.5,,trimestral,⭐⭐ GOOD,🟡 Good,USD,USD,False,True,True,1.0,,70.0,60.0,36.0,85.0,65.0,15.0,0.3,False,down,7.8,False,0,10.0,True,1,"{'eps_growth_yoy': 7.8, 'positive_quarters': 4, 'earnings_accelerating': False, 'eps_accel_quarters': 0, 'profit_margin_pct': 16.1, 'score_bruto_sin_capar': 70.0, 'satura': False}","{'revenue_growth_yoy': 10.0, 'revenue_accelerating': True, 'rev_accel_quarters': 1}","{'rs_3m': -16.4, 'rs_6m': -18.9, 'rs_line_percentile': 0.3, 'rs_line_at_new_high': False, 'rs_line_trend': 'down', 'rs_line_score': 15}","{'roe_pct': 34.4, 'debt_to_equity': 1.72, 'current_ratio': 1.55, 'operating_margin_pct': 20.3}","{'days_to_earnings': 'N/A', 'recommendation': 'buy', 'analyst_upside_pct': 22.1}",304.25,205463011328,Financial Services,Credit Services,2.1,4.5,False,387.49,-21.5,1,False,-6.6,371.37,450.0,315.0,24.0,buy,22.1,511.56,68.1,300.14,-1.4,reportado,múltiplo propio,4.0,0.52,False,,7.81,23.76,,1.25,21.5,3.8,1.09,True,-2.86,,7,,,,,7.7,15.0,2026-10-23,False,True,True,4,NEUTRAL,,,0.95,19.5,0.4,0.02,-19.1,2026-10-08T06:05:44.081650,,,,,,
MLM,"Martin Marietta Materials, Inc.",62.5,,trimestral,⭐⭐ GOOD,🟡 Good,USD,USD,False,True,True,1.0,,65.0,90.0,15.0,70.0,70.0,15.0,0.0,False,down,-12.3,True,1,21.0,True,2,"{'eps_growth_yoy': -12.3, 'op_growth_yoy': -6.0, 'crecimiento_respaldado': True, 'positive_quarters': 4, 'earnings_accelerating': True, 'eps_accel_quarters': 1, 'profit_margin_pct': 36.7, 'score_bruto_sin_capar': 65.0, 'satura': False}","{'revenue_growth_yoy': 21.0, 'revenue_accelerating': True, 'rev_accel_quarters': 2}","{'rs_3m': -20.2, 'rs_6m': -38.1, 'rs_line_percentile': 0.0, 'rs_line_at_new_high': False, 'rs_line_trend': 'down', 'rs_line_score': 15}","{'roe_pct': 8.9, 'debt_to_equity': 0.55, 'current_ratio': 1.41, 'operating_margin_pct': 20.2}","{'days_to_earnings': 'N/A', 'recommendation': 'buy', 'analyst_upside_pct': 33.8}",479.01,34018996224,Basic Materials,Building Materials,4.6,4.0,False,710.97,-32.6,0,False,-7.2,641.12,800.0,496.0,24.0,buy,33.8,,,383.94,-19.8,reportado,múltiplo propio,4.0,0.69,False,,2.09,10.01,,0.7,21.6,3.36,0.59,False,-0.33,,9,,6.1,Operating Income,6.0,-23.2,26.0,2026-11-03,False,True,False,8,STRONG,4.09,11.2,2.05,21.7,1.6,0.07,-20.1,2026-10-08T06:08:14.745710,,"el capex se lleva el 53% del flujo operativo: lo que queda no es lo que gana el dueño, es lo que sobra tras decidir invertir",,,,
VRSN,"VeriSign, Inc.",62.3,,trimestral,⭐⭐ GOOD,🟡 Good,USD,USD,False,True,True,1.0,,75.0,60.0,56.7,50.0,60.0,60.0,64.2,False,down,4.4,False,0,6.0,True,1,"{'eps_growth_yoy': 4.4, 'op_growth_yoy': 5.6, 'crecimiento_respaldado': True, 'positive_quarters': 4, 'earnings_accelerating': False, 'eps_accel_quarters': 0, 'profit_margin_pct': 49.8, 'score_bruto_sin_capar': 75.0, 'satura': False}","{'revenue_growth_yoy': 6.0, 'revenue_accelerating': True, 'rev_accel_quarters': 1}","{'rs_3m': 6.0, 'rs_6m': -5.3, 'rs_line_percentile': 64.2, 'rs_line_at_new_high': False, 'rs_line_trend': 'down', 'rs_line_score': 60}","{'current_ratio': 0.59, 'operating_margin_pct': 68.2}","{'days_to_earnings': 'N/A', 'recommendation': 'buy', 'analyst_upside_pct': 10.3}",294.22,26597488640,Technology,Software - Infrastructure,2.2,3.0,False,312.48,-5.8,7,True,1.5,324.4,355.0,285.0,5.0,buy,10.3,320.71,9.0,243.84,-17.1,reportado,múltiplo propio,4.0,0.26,False,,4.05,11.92,,1.11,34.3,3.24,,True,-3.09,,9,,15.3,Operating Income,15.5,7.7,14.0,2026-10-22,False,True,True,8,STRONG,4.04,501.6,2.19,21.8,,,,2026-10-08T06:00:38.346701,,,,,,
BN,Brookfield Corporation,62.0,,trimestral,⭐⭐ GOOD,🟡 Good,USD,USD,False,True,True,1.0,"FCF declarado (-9,413,000,000) se aparta del derivado de flujo operativo menos capex (-5,409,000,448)",85.0,60.0,24.0,65.0,70.0,15.0,0.9,False,down,33.8,True,1,7.3,True,1,"{'eps_growth_yoy': 33.8, 'op_growth_yoy': 7.2, 'crecimiento_respaldado': False, 'crecimiento_puntuado': 32.2, 'positive_quarters': 4, 'earnings_accelerating': True, 'eps_accel_quarters': 1, 'profit_margin_pct': 1.8, 'score_bruto_sin_capar': 95.0, 'satura': False}","{'revenue_growth_yoy': 7.3, 'revenue_accelerating': True, 'rev_accel_quarters': 1}","{'rs_3m': -18.5, 'rs_6m': -27.2, 'rs_line_percentile': 0.9, 'rs_line_at_new_high': False, 'rs_line_trend': 'down', 'rs_line_score': 15}","{'roe_pct': 2.3, 'debt_to_equity': 1.61, 'current_ratio': 1.01, 'operating_margin_pct': 25.7}","{'days_to_earnings': 'N/A', 'recommendation': 'buy', 'analyst_upside_pct': 46.7}",36.98,82552356864,Financial Services,Asset Management,,5.2,False,49.57,-25.4,0,False,-7.9,54.25,61.0,31.0,10.0,buy,46.7,,,,,reportado,,,,,,-6.55,-2.42,,0.75,48.2,0.28,0.75,False,-0.27,,9,,1.0,Operating Income,1.3,40.3,20.0,2026-10-28,False,True,True,6,NEUTRAL,3.91,10.9,,16.9,,,,2026-10-08T06:10:18.818000,,"el capex se lleva el 158% del flujo operativo: lo que queda no es lo que gana el dueño, es lo que sobra tras decidir invertir",los P/E históricos se separan 1.8x la mediana: el ancla la decidiría un año suelto,,,
TYL,"Tyler Technologies, Inc.",62.0,,trimestral,⭐⭐ GOOD,🟡 Good,USD,USD,False,True,True,1.0,,80.0,50.0,38.7,75.0,65.0,15.0,13.9,False,down,10.5,False,0,8.2,False,0,"{'eps_growth_yoy': 10.5, 'op_growth_yoy': -0.5, 'crecimiento_respaldado': True, 'positive_quarters': 4, 'earnings_accelerating': False, 'eps_accel_quarters': 0, 'profit_margin_pct': 13.4, 'score_bruto_sin_capar': 80.0, 'satura': False}","{'revenue_growth_yoy': 8.2, 'revenue_accelerating': False, 'rev_accel_quarters': 0}","{'rs_3m': 4.2, 'rs_6m': -12.2, 'rs_line_percentile': 13.9, 'rs_line_at_new_high': False, 'rs_line_trend': 'down', 'rs_line_score': 15}","{'roe_pct': 9.7, 'debt_to_equity': 0.48, 'current_ratio': 1.55, 'operating_margin_pct': 14.7}","{'days_to_earnings': 'N/A', 'recommendation': 'buy', 'analyst_upside_pct': 27.8}",332.34,13610078208,Technology,Software - Application,9.6,3.5,True,524.43,-36.6,0,False,-1.4,424.77,525.0,335.0,22.0,buy,27.8,423.24,27.4,,,reportado,,,,,,5.13,17.05,,,,,,True,-4.72,,9,,56.4,Operating Income,65.3,15.5,20.0,2026-10-28,False,True,True,8,STRONG,2.55,125.8,0.94,34.8,,,,2026-10-08T06:01:58.112931,,,múltiplo propio 89x fuera del rango 8-45,,,
TJX,"The TJX Companies, Inc.",62.0,,trimestral,⭐⭐ GOOD,🟡 Good,USD,USD,False,True,True,1.0,,85.0,60.0,24.0,75.0,55.0,15.0,18.3,False,down,22.3,True,1,5.4,True,1,"{'eps_growth_yoy': 22.3, 'op_growth_yoy': 22.7, 'crecimiento_respaldado': True, 'positive_quarters': 4, 'earnings_accelerating': True, 'eps_accel_quarters': 1, 'profit_margin_pct': 9.7, 'score_bruto_sin_capar': 85.0, 'satura': False}","{'revenue_growth_yoy': 5.4, 'revenue_accelerating': True, 'rev_accel_quarters': 1}","{'rs_3m': -11.2, 'rs_6m': -30.2, 'rs_line_percentile': 18.3, 'rs_line_at_new_high': False, 'rs_line_trend': 'down', 'rs_line_score': 15}","{'roe_pct': 62.2, 'debt_to_equity': 1.34, 'current_ratio': 1.15, 'operating_margin_pct': 10.9}","{'days_to_earnings': 'N/A', 'recommendation': 'none', 'analyst_upside_pct': 22.3}",138.8,153332973568,Consumer Cyclical,Apparel Retail,1.7,2.2,False,170.0,-18.4,1,False,-0.6,169.8,198.0,136.0,20.0,none,22.3,152.63,10.0,150.09,8.1,reportado,múltiplo propio,4.0,0.25,False,,3.96,5.5,,1.4,32.5,1.92,1.32,False,-0.98,,9,,105.5,Operating Income,108.3,11.8,41.0,2026-11-18,False,True,False,7,NEUTRAL,4.51,35.2,1.34,23.1,1.6,0.07,-21.5,2026-10-08T06:05:52.933236,,,,,,
YUM,"Yum! Brands, Inc.",61.8,,trimestral,⭐⭐ GOOD,🟡 Good,USD,USD,False,True,True,1.0,,85.0,70.0,24.0,50.0,65.0,15.0,5.6,False,down,128.1,True,1,12.3,True,1,"{'eps_growth_yoy': 128.1, 'op_growth_yoy': 9.6, 'crecimiento_respaldado': False, 'crecimiento_puntuado': 34.6, 'positive_quarters': 4, 'earnings_accelerating': True, 'eps_accel_quarters': 1, 'profit_margin_pct': 25.4, 'score_bruto_sin_capar': 105.0, 'satura': True}","{'revenue_growth_yoy': 12.3, 'revenue_accelerating': True, 'rev_accel_quarters': 1}","{'rs_3m': -17.0, 'rs_6m': -26.7, 'rs_line_percentile': 5.6, 'rs_line_at_new_high': False, 'rs_line_trend': 'down', 'rs_line_score': 15}","{'current_ratio': 0.59, 'operating_margin_pct': 32.8}","{'days_to_earnings': 'N/A', 'recommendation': 'buy', 'analyst_upside_pct': 22.0}",140.35,38301667328,Consumer Cyclical,Restaurants,4.1,4.3,False,170.14,-17.5,1,False,-3.6,171.2,200.0,147.0,22.0,buy,22.0,173.07,23.3,152.59,8.7,normalizado,múltiplo propio,4.0,0.19,False,,4.47,6.27,,2.15,36.8,3.0,1.83,True,-1.42,,9,,5.2,Operating Income,5.3,92.1,26.0,2026-11-03,False,True,False,5,NEUTRAL,4.97,75.7,3.01,28.1,,,,2026-10-08T06:06:32.618753,,,,tasa fiscal efectiva -0.9% — el beneficio del periodo no es representativo,,
MSCI,MSCI Inc.,61.7,,trimestral,⭐⭐ GOOD,🟡 Good,USD,USD,False,True,True,1.0,,85.0,60.0,36.0,50.0,65.0,15.0,9.1,False,down,12.6,False,0,12.2,False,0,"{'eps_growth_yoy': 12.6, 'op_growth_yoy': 14.6, 'crecimiento_respaldado': True, 'positive_quarters': 4, 'earnings_accelerating': False, 'eps_accel_quarters': 0, 'profit_margin_pct': 40.7, 'score_bruto_sin_capar': 85.0, 'satura': False}","{'revenue_growth_yoy': 12.2, 'revenue_accelerating': False, 'rev_accel_quarters': 0}","{'rs_3m': -11.0, 'rs_6m': -12.4, 'rs_line_percentile': 9.1, 'rs_line_at_new_high': False, 'rs_line_trend': 'down', 'rs_line_score': 15}","{'current_ratio': 0.89, 'operating_margin_pct': 56.3}","{'days_to_earnings': 'N/A', 'recommendation': 'strong_buy', 'analyst_upside_pct': 23.9}",555.38,40376127488,Financial Services,Financial Data & Stock Exchanges,2.2,2.7,False,644.77,-13.9,3,False,-0.7,688.35,760.0,570.0,17.0,strong_buy,23.9,401.96,-27.6,726.55,30.8,reportado,múltiplo propio,4.0,0.14,False,,3.71,20.6,,1.48,42.1,8.2,1.02,True,-5.93,,9,,7.2,Operating Income,7.2,19.6,12.0,2026-10-20,False,True,True,8,STRONG,3.68,856.0,1.82,20.5,0.8,0.04,-19.7,2026-10-08T06:01:05.039971,,,,,,
MCD,McDonald's Corporation,61.5,,trimestral,⭐⭐ GOOD,🟡 Good,USD,USD,False,True,True,1.0,,85.0,60.0,24.0,65.0,65.0,15.0,0.0,False,down,4.8,True,1,3.8,True,1,"{'eps_growth_yoy': 4.8, 'op_growth_yoy': 1.3, 'crecimiento_respaldado': True, 'positive_quarters': 4, 'earnings_accelerating': True, 'eps_accel_quarters': 1, 'profit_margin_pct': 31.7, 'score_bruto_sin_capar': 85.0, 'satura': False}","{'revenue_growth_yoy': 3.8, 'revenue_accelerating': True, 'rev_accel_quarters': 1}","{'rs_3m': -18.5, 'rs_6m': -39.3, 'rs_line_percentile': 0.0, 'rs_line_at_new_high': False, 'rs_line_trend': 'down', 'rs_line_score': 15}","{'current_ratio': 1.08, 'operating_margin_pct': 46.5}","{'days_to_earnings': 'N/A', 'recommendation': 'buy', 'analyst_upside_pct': 27.2}",230.88,163380281344,Consumer Cyclical,Restaurants,1.9,2.8,False,341.75,-32.4,0,False,-9.8,293.76,390.0,230.0,29.0,buy,27.2,302.62,31.1,302.51,31.0,reportado,múltiplo propio,4.0,0.2,False,,4.89,11.29,,3.32,59.7,7.72,2.24,False,-0.91,,9,,7.8,Operating Income,7.9,4.0,27.0,2026-11-04,False,True,False,6,NEUTRAL,5.68,28.9,1.31,20.9,,,,2026-10-08T06:03:04.535331,,,,,,
QSR,Restaurant Brands International Inc.,61.5,,trimestral,⭐⭐ GOOD,🟡 Good,USD,USD,False,True,True,0.7613,acciones × precio no cuadra (ratio 0.7613) pero la divisa sí: son clases múltiples. Se usan 458 M de acciones efectivas (capitalización ÷ precio) en vez de las 349 M declaradas,85.0,60.0,24.0,65.0,65.0,15.0,0.0,False,down,166.8,True,2,4.6,True,1,"{'eps_growth_yoy': 166.8, 'op_growth_yoy': 8.4, 'crecimiento_respaldado': False, 'crecimiento_puntuado': 33.4, 'positive_quarters': 4, 'earnings_accelerating': True, 'eps_accel_quarters': 2, 'profit_margin_pct': 13.1, 'score_bruto_sin_capar': 110.0, 'satura': True}","{'revenue_growth_yoy': 4.6, 'revenue_accelerating': True, 'rev_accel_quarters': 1}","{'rs_3m': -10.1, 'rs_6m': -22.9, 'rs_line_percentile': 0.0, 'rs_line_at_new_high': False, 'rs_line_trend': 'down', 'rs_line_score': 15}","{'roe_pct': 34.8, 'debt_to_equity': 2.9, 'current_ratio': 1.01, 'operating_margin_pct': 27.7}","{'days_to_earnings': 'N/A', 'recommendation': 'buy', 'analyst_upside_pct': 23.8}",69.43,31806644224,Consumer Cyclical,Restaurants,6.3,7.0,False,81.96,-15.3,4,False,-7.0,85.96,104.0,78.0,24.0,buy,23.8,49.61,-28.5,108.2,55.8,reportado,múltiplo propio,4.0,0.49,False,,3.69,2.56,26.2,3.7,63.8,2.6,3.38,False,0.66,,9,,5.2,Operating Income,5.2,151.2,21.0,2026-10-29,False,True,True,6,NEUTRAL,6.14,58.5,,21.6,0.8,0.04,-20.8,2026-10-08T06:10:23.150295,458110964.0,,,,,
FDS,FactSet Research Systems Inc.,61.0,,trimestral,⭐⭐ GOOD,🟡 Good,USD,USD,False,True,True,1.0,,65.0,60.0,55.1,70.0,50.0,35.0,48.9,False,down,-14.7,True,1,6.4,True,1,"{'eps_growth_yoy': -14.7, 'op_growth_yoy': -14.3, 'crecimiento_respaldado': True, 'positive_quarters': 4, 'earnings_accelerating': True, 'eps_accel_quarters': 1, 'profit_margin_pct': 21.5, 'score_bruto_sin_capar': 65.0, 'satura': False}","{'revenue_growth_yoy': 6.4, 'revenue_accelerating': True, 'rev_accel_quarters': 1}","{'rs_3m': 7.6, 'rs_6m': 14.0, 'rs_line_percentile': 48.9, 'rs_line_at_new_high': False, 'rs_line_trend': 'down', 'rs_line_score': 35}","{'roe_pct': 25.5, 'debt_to_equity': 0.77, 'current_ratio': 0.6, 'operating_margin_pct': 24.7}","{'days_to_earnings': 'N/A', 'recommendation': 'hold', 'analyst_upside_pct': 1.8}",272.78,9701569536,Financial Services,Financial Data & Stock Exchanges,12.4,4.2,True,320.48,-14.9,4,False,-3.4,277.56,340.0,212.0,16.0,hold,1.8,541.62,98.6,471.37,72.8,reportado,múltiplo propio,4.0,0.52,False,,7.35,20.05,,1.7,29.4,4.64,0.96,True,-6.31,,9,,13.6,Operating Income,14.1,-6.1,70.0,2026-12-17,False,True,False,6,NEUTRAL,6.86,180.1,0.84,47.9,,,,2026-10-08T06:04:54.526143,,,,,,True
STZ,"Constellation Brands, Inc.",60.8,,trimestral,⭐⭐ GOOD,🟡 Good,USD,USD,False,True,True,0.9998,,100.0,40.0,24.0,60.0,70.0,15.0,6.3,False,down,26.7,True,1,-3.3,True,1,"{'eps_growth_yoy': 26.7, 'op_growth_yoy': 12.8, 'crecimiento_respaldado': True, 'positive_quarters': 4, 'earnings_accelerating': True, 'eps_accel_quarters': 1, 'profit_margin_pct': 20.9, 'score_bruto_sin_capar': 105.0, 'satura': True}","{'revenue_growth_yoy': -3.3, 'revenue_accelerating': True, 'rev_accel_quarters': 1}","{'rs_3m': -14.2, 'rs_6m': -41.2, 'rs_line_percentile': 6.3, 'rs_line_at_new_high': False, 'rs_line_trend': 'down', 'rs_line_score': 15}","{'roe_pct': 24.0, 'debt_to_equity': 1.16, 'current_ratio': 1.0, 'operating_margin_pct': 32.5}","{'days_to_earnings': 'N/A', 'recommendation': 'buy', 'analyst_upside_pct': 36.9}",118.39,20218458112,Consumer Defensive,Beverages - Brewers,5.7,4.0,False,168.6,-29.8,0,False,-6.1,162.04,209.0,110.0,23.0,buy,36.9,183.07,54.6,,,reportado,,,,,,8.82,10.44,,3.56,39.0,4.12,1.65,True,-3.14,,9,,8.5,Operating Income,8.2,17.7,91.0,2027-01-07,False,True,False,6,NEUTRAL,9.47,30.7,0.38,21.0,,,,2026-10-08T06:09:53.062972,,,sin histórico de múltiplo (beneficio negativo o pocos años),,,
CME,CME Group Inc.,60.7,,trimestral,⭐⭐ GOOD,🟡 Good,USD,USD,False,True,True,1.0,,75.0,50.0,34.7,85.0,60.0,35.0,30.1,False,down,1.6,False,0,0.8,False,0,"{'eps_growth_yoy': 1.6, 'op_growth_yoy': -2.0, 'crecimiento_respaldado': True, 'positive_quarters': 4, 'earnings_accelerating': False, 'eps_accel_quarters': 0, 'profit_margin_pct': 63.4, 'score_bruto_sin_capar': 75.0, 'satura': False}","{'revenue_growth_yoy': 0.8, 'revenue_accelerating': False, 'rev_accel_quarters': 0}","{'rs_3m': 9.8, 'rs_6m': -23.6, 'rs_line_percentile': 30.1, 'rs_line_at_new_high': False, 'rs_line_trend': 'down', 'rs_line_score': 35}","{'roe_pct': 15.8, 'debt_to_equity': 0.15, 'current_ratio': 1.02, 'operating_margin_pct': 65.0}","{'days_to_earnings': 'N/A', 'recommendation': 'buy', 'analyst_upside_pct': 5.3}",270.27,97183481856,Financial Services,Financial Data & Stock Exchanges,1.8,3.0,False,329.16,-17.9,2,False,-0.1,284.5,330.0,217.0,16.0,buy,5.3,345.64,27.9,258.07,-4.5,reportado,múltiplo propio,4.0,0.18,False,,4.35,11.76,,1.92,95.4,5.2,2.9,False,0.26,,9,,25.2,Operating Income,33.0,1.8,13.0,2026-10-21,False,True,True,6,NEUTRAL,4.28,78.0,1.42,21.1,,,,2026-10-08T06:00:25.377476,,,,,,
ROP,"Roper Technologies, Inc.",60.7,,trimestral,⭐⭐ GOOD,🟡 Good,USD,USD,False,True,True,1.0,,85.0,50.0,36.0,60.0,65.0,15.0,11.0,False,down,208.9,True,2,8.5,False,0,"{'eps_growth_yoy': 208.9, 'op_growth_yoy': 6.6, 'crecimiento_respaldado': False, 'crecimiento_puntuado': 31.6, 'positive_quarters': 4, 'earnings_accelerating': True, 'eps_accel_quarters': 2, 'profit_margin_pct': 30.2, 'score_bruto_sin_capar': 115.0, 'satura': True}","{'revenue_growth_yoy': 8.5, 'revenue_accelerating': False, 'rev_accel_quarters': 0}","{'rs_3m': -2.2, 'rs_6m': -11.9, 'rs_line_percentile': 11.0, 'rs_line_at_new_high': False, 'rs_line_trend': 'down', 'rs_line_score': 15}","{'roe_pct': 13.1, 'debt_to_equity': 0.61, 'current_ratio': 0.55, 'operating_margin_pct': 27.7}","{'days_to_earnings': 'N/A', 'recommendation': 'buy', 'analyst_upside_pct': 22.6}",358.57,35462885376,Technology,Software - Application,6.1,8.1,False,520.85,-31.2,1,False,-7.8,439.43,550.0,335.0,14.0,buy,22.6,461.86,28.8,792.32,121.0,reportado,múltiplo propio,4.0,0.95,False,,7.23,25.92,,1.0,14.5,3.64,0.59,True,-7.2,,9,,5.9,Operating Income,8.6,163.1,14.0,2026-10-22,False,True,True,6,NEUTRAL,4.78,1424.7,,24.8,0.4,0.02,-24.4,2026-10-08T05:59:45.206833,,,,,,
LIN,Linde plc,60.5,,trimestral,⭐⭐ GOOD,🟡 Good,USD,USD,False,True,True,1.0,,75.0,60.0,36.0,65.0,60.0,15.0,24.0,False,down,9.2,False,0,9.3,True,1,"{'eps_growth_yoy': 9.2, 'op_growth_yoy': 8.5, 'crecimiento_respaldado': True, 'positive_quarters': 4, 'earnings_accelerating': False, 'eps_accel_quarters': 0, 'profit_margin_pct': 20.4, 'score_bruto_sin_capar': 75.0, 'satura': False}","{'revenue_growth_yoy': 9.3, 'revenue_accelerating': True, 'rev_accel_quarters': 1}","{'rs_3m': -11.6, 'rs_6m': -18.1, 'rs_line_percentile': 24.0, 'rs_line_at_new_high': False, 'rs_line_trend': 'down', 'rs_line_score': 15}","{'roe_pct': 18.4, 'debt_to_equity': 0.69, 'current_ratio': 0.88, 'operating_margin_pct': 28.1}","{'days_to_earnings': 'N/A', 'recommendation': 'buy', 'analyst_upside_pct': 12.4}",483.98,223105187840,Basic Materials,Specialty Chemicals,1.3,3.0,False,548.2,-11.7,4,False,1.2,543.81,580.0,400.0,26.0,buy,12.4,,,470.67,-2.8,reportado,múltiplo propio,4.0,0.29,False,,2.34,11.33,,1.31,40.0,6.4,1.29,True,-1.91,,9,,20.9,Operating Income,21.3,11.3,21.0,2026-10-29,False,True,True,5,NEUTRAL,3.69,31.5,1.18,14.9,0.2,0.01,-14.7,2026-10-08T05:59:40.833962,,"el capex se lleva el 50% del flujo operativo: lo que queda no es lo que gana el dueño, es lo que sobra tras decidir invertir",,,,
SGSOY,SGS SA,60.5,,anual,⭐⭐ GOOD,🟡 Good,USD,CHF,True,True,True,1.0,"FCF declarado (907,375,355) se aparta del derivado de flujo operativo menos capex (1,233,634,562)",95.0,50.0,36.0,45.0,55.0,15.0,1.8,False,down,15.0,True,2,2.2,False,0,"{'eps_growth_yoy': 15.0, 'op_growth_yoy': 5.5, 'crecimiento_respaldado': True, 'positive_quarters': 4, 'earnings_accelerating': True, 'eps_accel_quarters': 2, 'profit_margin_pct': 9.2, 'score_bruto_sin_capar': 95.0, 'satura': False}","{'revenue_growth_yoy': 2.2, 'revenue_accelerating': False, 'rev_accel_quarters': 0}","{'rs_3m': -7.1, 'rs_6m': -9.4, 'rs_line_percentile': 1.8, 'rs_line_at_new_high': False, 'rs_line_trend': 'down', 'rs_line_score': 15}","{'roe_pct': 76.3, 'debt_to_equity': 4.64, 'current_ratio': 0.95, 'operating_margin_pct': 13.1}","{'days_to_earnings': 'N/A', 'recommendation': 'none', 'analyst_upside_pct': 24.7}",11.23,22211272704,Industrials,Consulting Services,,,False,12.76,-12.0,3,False,-2.4,14.0,14.0,14.0,1.0,none,24.7,15.4,37.1,12.1,7.7,reportado,múltiplo propio,4.0,0.19,False,,5.55,0.62,,3.62,95.6,0.41,3.55,,,,9,,,,,-1.8,,,False,False,False,5,NEUTRAL,3.66,37.7,4.28,12.4,,,,2026-10-08T06:07:24.886758,,,,,,
CB,Chubb Limited,60.0,,trimestral,⭐⭐ GOOD,🟡 Good,USD,USD,False,True,True,1.0,,60.0,70.0,44.0,65.0,60.0,35.0,26.7,False,down,-3.8,True,1,7.2,True,2,"{'eps_growth_yoy': -3.8, 'op_growth_yoy': -1.9, 'crecimiento_respaldado': True, 'positive_quarters': 4, 'earnings_accelerating': True, 'eps_accel_quarters': 1, 'profit_margin_pct': 18.1, 'score_bruto_sin_capar': 60.0, 'satura': False}","{'revenue_growth_yoy': 7.2, 'revenue_accelerating': True, 'rev_accel_quarters': 2}","{'rs_3m': -6.7, 'rs_6m': -13.7, 'rs_line_percentile': 26.7, 'rs_line_at_new_high': False, 'rs_line_trend': 'down', 'rs_line_score': 35}","{'roe_pct': 14.8, 'debt_to_equity': 0.31, 'current_ratio': 0.41, 'operating_margin_pct': 23.5}","{'days_to_earnings': 'N/A', 'recommendation': 'buy', 'analyst_upside_pct': 9.9}",334.7,129127219200,Financial Services,Insurance - Property & Casualty,0.9,2.3,False,365.91,-8.5,5,False,-1.7,367.74,425.0,307.0,23.0,buy,9.9,,,340.59,1.8,reportado,múltiplo propio,4.0,0.58,False,,8.12,27.18,,1.22,13.9,4.08,1.4,True,-3.11,,7,,18.9,EBIT,18.9,-0.5,12.0,2026-10-20,False,True,True,6,NEUTRAL,9.12,,0.42,12.5,,,,2026-10-08T06:04:50.383515,,"Insurance - Property & Casualty: el flujo operativo son depósitos, préstamos o primas, no caja libre para el accionista",,,,
DPZ,"Domino's Pizza, Inc.",60.0,,trimestral,⭐⭐ GOOD,🟡 Good,USD,USD,False,True,True,1.0,,80.0,60.0,24.0,65.0,65.0,15.0,4.2,False,down,3.6,True,1,4.3,True,1,"{'eps_growth_yoy': 3.6, 'op_growth_yoy': 3.1, 'crecimiento_respaldado': True, 'positive_quarters': 4, 'earnings_accelerating': True, 'eps_accel_quarters': 1, 'profit_margin_pct': 11.9, 'score_bruto_sin_capar': 80.0, 'satura': False}","{'revenue_growth_yoy': 4.3, 'revenue_accelerating': True, 'rev_accel_quarters': 1}","{'rs_3m': -1.4, 'rs_6m': -32.7, 'rs_line_percentile': 4.2, 'rs_line_at_new_high': False, 'rs_line_trend': 'down', 'rs_line_score': 15}","{'current_ratio': 1.54, 'operating_margin_pct': 19.1}","{'days_to_earnings': 'N/A', 'recommendation': 'buy', 'analyst_upside_pct': 23.2}",303.1,10027074560,Consumer Cyclical,Restaurants,11.2,4.0,True,442.35,-31.5,0,False,-7.4,373.44,450.0,260.0,27.0,buy,23.2,399.02,31.6,444.05,46.5,reportado,múltiplo propio,4.0,0.14,False,,6.55,19.85,,2.63,42.3,7.96,1.26,True,-3.15,,9,,4.9,Operating Income,4.9,4.8,5.0,2026-10-13,True,True,False,8,STRONG,6.34,106.0,1.22,31.2,,,,2026-10-08T06:10:01.303600,,,,,,
HLT,Hilton Worldwide Holdings Inc.,59.8,,trimestral,⭐ AVERAGE,🟡 Average,USD,USD,False,True,True,1.0,,75.0,60.0,44.0,50.0,60.0,35.0,30.6,False,down,9.5,False,0,6.5,True,1,"{'eps_growth_yoy': 9.5, 'op_growth_yoy': 10.3, 'crecimiento_respaldado': True, 'positive_quarters': 4, 'earnings_accelerating': False, 'eps_accel_quarters': 0, 'profit_margin_pct': 31.0, 'score_bruto_sin_capar': 75.0, 'satura': False}","{'revenue_growth_yoy': 6.5, 'revenue_accelerating': True, 'rev_accel_quarters': 1}","{'rs_3m': -7.6, 'rs_6m': -15.4, 'rs_line_percentile': 30.6, 'rs_line_at_new_high': False, 'rs_line_trend': 'down', 'rs_line_score': 35}","{'current_ratio': 0.65, 'operating_margin_pct': 63.0}","{'days_to_earnings': 'N/A', 'recommendation': 'buy', 'analyst_upside_pct': 10.1}",320.53,72140054528,Consumer Cyclical,Lodging,2.7,3.1,False,358.0,-10.5,4,False,1.1,353.0,394.0,270.0,26.0,buy,10.1,179.49,-44.0,279.51,-12.8,reportado,múltiplo propio,4.0,0.47,False,,2.67,8.56,,0.19,8.8,0.6,0.24,True,-4.18,,9,,4.4,Operating Income,4.3,14.1,19.0,2026-10-27,False,True,True,6,NEUTRAL,3.14,213.6,2.9,17.4,,,,2026-10-08T06:08:23.615436,,,,,,
CRH,CRH plc,59.6,,trimestral,⭐ AVERAGE,🟡 Average,USD,USD,False,True,True,1.0,,78.0,60.0,15.0,75.0,70.0,15.0,0.0,False,down,12.6,True,1,5.6,True,1,"{'eps_growth_yoy': 12.6, 'op_growth_yoy': 6.3, 'crecimiento_respaldado': True, 'positive_quarters': 3, 'earnings_accelerating': True, 'eps_accel_quarters': 1, 'profit_margin_pct': 9.9, 'score_bruto_sin_capar': 78.0, 'satura': False}","{'revenue_growth_yoy': 5.6, 'revenue_accelerating': True, 'rev_accel_quarters': 1}","{'rs_3m': -25.1, 'rs_6m': -43.8, 'rs_line_percentile': 0.0, 'rs_line_at_new_high': False, 'rs_line_trend': 'down', 'rs_line_score': 15}","{'roe_pct': 15.8, 'debt_to_equity': 0.78, 'current_ratio': 1.58, 'operating_margin_pct': 19.0}","{'days_to_earnings': 'N/A', 'recommendation': 'strong_buy', 'analyst_upside_pct': 59.1}",81.46,54194073600,Basic Materials,Building Materials,2.0,2.7,False,131.55,-38.1,0,False,-11.0,129.63,165.0,96.0,24.0,strong_buy,59.1,,,92.58,13.7,reportado,múltiplo propio,4.0,0.9,False,,4.99,4.06,,1.87,26.9,1.56,1.95,True,-1.31,,9,,6.4,Operating Income,7.0,13.9,21.0,2026-10-29,False,True,True,6,NEUTRAL,7.2,16.2,4.32,22.4,3.1,0.14,-19.3,2026-10-08T06:08:10.199275,,"el capex se lleva el 50% del flujo operativo: lo que queda no es lo que gana el dueño, es lo que sobra tras decidir invertir",,,,
WM,"Waste Management, Inc.",59.5,,trimestral,⭐ AVERAGE,🟡 Average,USD,USD,False,True,True,1.0,,80.0,70.0,24.0,45.0,65.0,15.0,4.6,False,down,8.1,True,1,4.0,True,2,"{'eps_growth_yoy': 8.1, 'op_growth_yoy': 6.9, 'crecimiento_respaldado': True, 'positive_quarters': 4, 'earnings_accelerating': True, 'eps_accel_quarters': 1, 'profit_margin_pct': 11.1, 'score_bruto_sin_capar': 80.0, 'satura': False}","{'revenue_growth_yoy': 4.0, 'revenue_accelerating': True, 'rev_accel_quarters': 2}","{'rs_3m': -13.3, 'rs_6m': -24.5, 'rs_line_percentile': 4.6, 'rs_line_at_new_high': False, 'rs_line_trend': 'down', 'rs_line_score': 15}","{'roe_pct': 29.8, 'debt_to_equity': 2.35, 'current_ratio': 0.91, 'operating_margin_pct': 19.0}","{'days_to_earnings': 'N/A', 'recommendation': 'buy', 'analyst_upside_pct': 23.7}",208.94,83516497920,Industrials,Waste Management,1.5,2.7,False,248.13,-15.8,1,False,-3.9,258.56,277.0,220.0,25.0,buy,23.7,233.46,11.7,210.08,0.5,reportado,múltiplo propio,4.0,0.17,False,,3.94,8.23,,1.82,50.1,3.78,1.49,False,-0.47,,9,,5.2,Operating Income,5.0,8.3,19.0,2026-10-27,False,True,True,8,STRONG,4.35,22.6,3.06,15.7,0.4,0.02,-15.3,2026-10-08T05:59:27.499351,,,,,,
ATO,Atmos Energy Corporation,59.5,,trimestral,⭐ AVERAGE,🟡 Average,USD,USD,False,True,True,1.0,"FCF declarado (-2,020,303,000) se aparta del derivado de flujo operativo menos capex (-1,541,808,984)",95.0,50.0,24.0,55.0,55.0,15.0,1.6,False,down,30.2,False,0,4.8,False,0,"{'eps_growth_yoy': 30.2, 'op_growth_yoy': 27.1, 'crecimiento_respaldado': True, 'positive_quarters': 4, 'earnings_accelerating': False, 'eps_accel_quarters': 0, 'profit_margin_pct': 28.5, 'score_bruto_sin_capar': 95.0, 'satura': False}","{'revenue_growth_yoy': 4.8, 'revenue_accelerating': False, 'rev_accel_quarters': 0}","{'rs_3m': -12.3, 'rs_6m': -31.1, 'rs_line_percentile': 1.6, 'rs_line_at_new_high': False, 'rs_line_trend': 'down', 'rs_line_score': 15}","{'roe_pct': 9.8, 'debt_to_equity': 0.68, 'current_ratio': 0.81, 'operating_margin_pct': 37.2}","{'days_to_earnings': 'N/A', 'recommendation': 'hold', 'analyst_upside_pct': 16.2}",159.21,26904670208,Utilities,Utilities - Regulated Gas,2.9,4.8,False,192.51,-17.3,2,False,-3.6,185.0,206.0,167.0,11.0,hold,16.2,,,150.48,-5.5,reportado,múltiplo propio,4.0,0.35,False,,-5.73,-9.12,,2.5,46.1,4.0,2.36,False,,,9,,12.8,Operating Income,13.3,9.3,27.0,2026-11-04,False,True,False,6,NEUTRAL,4.24,6.1,1.76,10.8,0.4,0.04,-10.4,2026-10-08T06:06:55.300966,,"el capex se lleva el 176% del flujo operativo: lo que queda no es lo que gana el dueño, es lo que sobra tras decidir invertir",,,,
POOL,Pool Corporation,59.0,,trimestral,⭐ AVERAGE,🟡 Average,USD,USD,False,True,True,1.0,,65.0,70.0,15.0,80.0,70.0,15.0,0.0,False,down,-3.2,True,2,2.2,True,2,"{'eps_growth_yoy': -3.2, 'op_growth_yoy': -1.8, 'crecimiento_respaldado': True, 'positive_quarters': 4, 'earnings_accelerating': True, 'eps_accel_quarters': 2, 'profit_margin_pct': 7.4, 'score_bruto_sin_capar': 65.0, 'satura': False}","{'revenue_growth_yoy': 2.2, 'revenue_accelerating': True, 'rev_accel_quarters': 2}","{'rs_3m': -29.5, 'rs_6m': -41.7, 'rs_line_percentile': 0.0, 'rs_line_at_new_high': False, 'rs_line_trend': 'down', 'rs_line_score': 15}","{'roe_pct': 31.3, 'debt_to_equity': 1.35, 'current_ratio': 2.67, 'operating_margin_pct': 15.1}","{'days_to_earnings': 'N/A', 'recommendation': 'buy', 'analyst_upside_pct': 40.8}",154.14,5601562624,Industrials,Industrial Distribution,10.8,5.1,True,305.63,-49.6,0,False,-14.7,217.0,260.0,185.0,12.0,buy,40.8,116.18,-24.6,259.26,68.2,reportado,múltiplo propio,4.0,0.57,False,,5.54,8.54,,3.29,46.4,5.2,1.19,True,-3.41,,9,,12.4,Operating Income,12.4,,14.0,2026-10-22,False,True,True,5,NEUTRAL,7.83,34.5,,19.1,,,,2026-10-08T06:09:48.707091,,,,,,
CP,Canadian Pacific Kansas City Limited,59.0,,trimestral,⭐ AVERAGE,🟡 Average,USD,CAD,True,True,True,1.0,,65.0,70.0,36.0,55.0,65.0,15.0,19.8,False,down,-17.0,True,1,12.6,True,1,"{'eps_growth_yoy': -17.0, 'op_growth_yoy': 9.6, 'crecimiento_respaldado': True, 'positive_quarters': 4, 'earnings_accelerating': True, 'eps_accel_quarters': 1, 'profit_margin_pct': 25.0, 'score_bruto_sin_capar': 65.0, 'satura': False}","{'revenue_growth_yoy': 12.6, 'revenue_accelerating': True, 'rev_accel_quarters': 1}","{'rs_3m': -10.2, 'rs_6m': -11.4, 'rs_line_percentile': 19.8, 'rs_line_at_new_high': False, 'rs_line_trend': 'down', 'rs_line_score': 15}","{'roe_pct': 8.2, 'debt_to_equity': 0.53, 'current_ratio': 0.59, 'operating_margin_pct': 39.0}","{'days_to_earnings': 'N/A', 'recommendation': 'buy', 'analyst_upside_pct': 17.3}",83.63,73517391872,Industrials,Railroads,2.3,10.5,False,96.9,-13.7,4,False,-7.1,98.12,107.65,73.75,13.0,buy,17.3,,,55.51,-33.6,reportado,múltiplo propio,4.0,0.17,False,,2.25,1.88,,0.88,22.1,0.75,0.75,True,-4.08,,9,,6.2,Operating Income,6.6,-13.5,20.0,2026-10-28,False,True,True,7,NEUTRAL,5.56,10.4,3.21,16.7,,,,2026-10-08T06:05:57.312538,,"el capex se lleva el 57% del flujo operativo: lo que queda no es lo que gana el dueño, es lo que sobra tras decidir invertir",,,,
SBGSY,Schneider Electric S.E.,59.0,,anual,⭐ AVERAGE,🟡 Average,USD,EUR,True,True,True,1.0,,70.0,50.0,36.0,75.0,70.0,15.0,0.0,False,down,1.4,False,0,5.2,False,0,"{'eps_growth_yoy': 1.4, 'op_growth_yoy': 6.7, 'crecimiento_respaldado': True, 'positive_quarters': 4, 'earnings_accelerating': False, 'eps_accel_quarters': 0, 'profit_margin_pct': 11.3, 'score_bruto_sin_capar': 70.0, 'satura': False}","{'revenue_growth_yoy': 5.2, 'revenue_accelerating': False, 'rev_accel_quarters': 0}","{'rs_3m': -10.3, 'rs_6m': -18.8, 'rs_line_percentile': 0.0, 'rs_line_at_new_high': False, 'rs_line_trend': 'down', 'rs_line_score': 15}","{'roe_pct': 18.6, 'debt_to_equity': 0.84, 'current_ratio': 1.09, 'operating_margin_pct': 18.2}","{'days_to_earnings': 'N/A', 'recommendation': 'strong_buy', 'analyst_upside_pct': 40.0}",57.01,160569016320,Industrials,Specialty Industrial Machinery,,,False,71.98,-20.8,4,False,-15.0,79.8,84.0,77.0,3.0,strong_buy,40.0,41.57,-27.1,55.77,-2.2,reportado,múltiplo propio,4.0,0.52,False,,3.97,2.26,,1.69,50.6,0.98,1.73,,,,9,,,,,29.3,140.0,2027-02-25,False,True,False,6,NEUTRAL,3.89,77.8,3.19,52.0,,,,2026-10-08T06:04:41.196471,,,,,,
CPRT,"Copart, Inc.",59.0,,trimestral,⭐ AVERAGE,🟡 Average,USD,USD,False,True,True,1.0,"FCF declarado (1,339,233,000) se aparta del derivado de flujo operativo menos capex (1,035,502,032)",65.0,60.0,24.0,85.0,70.0,15.0,0.0,False,down,-1.0,True,1,2.1,True,1,"{'eps_growth_yoy': -1.0, 'op_growth_yoy': 2.8, 'crecimiento_respaldado': True, 'positive_quarters': 4, 'earnings_accelerating': True, 'eps_accel_quarters': 1, 'profit_margin_pct': 31.8, 'score_bruto_sin_capar': 65.0, 'satura': False}","{'revenue_growth_yoy': 2.1, 'revenue_accelerating': True, 'rev_accel_quarters': 1}","{'rs_3m': -6.5, 'rs_6m': -34.2, 'rs_line_percentile': 0.0, 'rs_line_at_new_high': False, 'rs_line_trend': 'down', 'rs_line_score': 15}","{'roe_pct': 16.2, 'debt_to_equity': 0.01, 'current_ratio': 7.91, 'operating_margin_pct': 32.0}","{'days_to_earnings': 'N/A', 'recommendation': 'buy', 'analyst_upside_pct': 46.5}",26.62,24658917376,Industrials,Specialty Business Services,4.6,3.3,False,45.89,-42.0,0,False,-12.3,39.0,55.0,25.0,10.0,buy,46.5,24.02,-9.8,48.56,82.4,reportado,múltiplo propio,4.0,0.29,False,,4.2,1.12,,,,,,True,-4.67,,9,,,,,-10.5,42.0,2026-11-19,False,True,False,6,NEUTRAL,8.29,19.3,1.27,33.8,3.1,0.09,-30.7,2026-10-08T06:00:12.540428,,,,,,
MRSH,"Marsh & McLennan Companies, Inc.",58.2,,trimestral,⭐ AVERAGE,🟡 Average,USD,USD,False,True,True,1.0,,70.0,50.0,36.0,80.0,55.0,15.0,15.2,False,down,4.5,False,0,6.2,False,0,"{'eps_growth_yoy': 4.5, 'op_growth_yoy': 3.8, 'crecimiento_respaldado': True, 'positive_quarters': 4, 'earnings_accelerating': False, 'eps_accel_quarters': 0, 'profit_margin_pct': 14.2, 'score_bruto_sin_capar': 70.0, 'satura': False}","{'revenue_growth_yoy': 6.2, 'revenue_accelerating': False, 'rev_accel_quarters': 0}","{'rs_3m': -4.7, 'rs_6m': -13.4, 'rs_line_percentile': 15.2, 'rs_line_at_new_high': False, 'rs_line_trend': 'down', 'rs_line_score': 15}","{'roe_pct': 25.9, 'debt_to_equity': 1.45, 'current_ratio': 1.14, 'operating_margin_pct': 26.3}","{'days_to_earnings': 'N/A', 'recommendation': 'hold', 'analyst_upside_pct': 18.0}",173.66,82872508416,Financial Services,Insurance Brokers,1.2,2.8,False,207.83,-16.4,2,False,-4.6,204.9,238.0,179.0,21.0,hold,18.0,,,199.96,15.1,reportado,múltiplo propio,4.0,0.17,False,,5.78,10.04,,2.31,44.0,3.96,1.45,True,-2.63,,9,,6.3,Operating Income,6.6,2.9,7.0,2026-10-15,True,True,False,6,NEUTRAL,6.05,140.5,1.3,17.3,0.8,0.05,-16.5,2026-10-08T06:00:16.904327,,"Insurance Brokers: el flujo operativo son depósitos, préstamos o primas, no caja libre para el accionista",,,,
DVA,DaVita Inc.,58.2,,trimestral,⭐ AVERAGE,🟡 Average,USD,USD,False,True,True,1.0,,75.0,50.0,38.6,60.0,65.0,35.0,42.2,False,down,21.2,False,0,6.0,False,0,"{'eps_growth_yoy': 21.2, 'op_growth_yoy': 9.3, 'crecimiento_respaldado': True, 'positive_quarters': 4, 'earnings_accelerating': False, 'eps_accel_quarters': 0, 'profit_margin_pct': 6.0, 'score_bruto_sin_capar': 75.0, 'satura': False}","{'revenue_growth_yoy': 6.0, 'revenue_accelerating': False, 'rev_accel_quarters': 0}","{'rs_3m': -27.3, 'rs_6m': 2.4, 'rs_line_percentile': 42.2, 'rs_line_at_new_high': False, 'rs_line_trend': 'down', 'rs_line_score': 35}","{'roe_pct': 88.5, 'debt_to_equity': 12.42, 'current_ratio': 1.47, 'operating_margin_pct': 16.1}","{'days_to_earnings': 'N/A', 'recommendation': 'buy', 'analyst_upside_pct': 24.4}",176.78,11346624512,Healthcare,Medical Care Facilities,13.2,7.2,True,247.49,-28.6,3,False,-4.9,219.86,270.0,165.0,7.0,buy,24.4,481.99,172.6,154.91,-12.4,reportado,múltiplo propio,4.0,0.19,False,,11.01,19.46,22.8,,,,,True,-14.57,,9,,3.5,Operating Income,3.4,39.1,20.0,2026-10-28,False,True,True,6,NEUTRAL,7.71,32.8,0.54,34.3,,,,2026-10-08T06:09:17.198992,,,,,,
KVUE,Kenvue Inc.,57.8,,trimestral,⭐ AVERAGE,🟡 Average,USD,USD,False,True,True,1.0,,70.0,50.0,44.0,70.0,50.0,35.0,37.3,False,down,8.6,False,0,3.0,False,0,"{'eps_growth_yoy': 8.6, 'op_growth_yoy': 0.8, 'crecimiento_respaldado': True, 'positive_quarters': 4, 'earnings_accelerating': False, 'eps_accel_quarters': 0, 'profit_margin_pct': 10.8, 'score_bruto_sin_capar': 70.0, 'satura': False}","{'revenue_growth_yoy': 3.0, 'revenue_accelerating': False, 'rev_accel_quarters': 0}","{'rs_3m': -11.1, 'rs_6m': -10.7, 'rs_line_percentile': 37.3, 'rs_line_at_new_high': False, 'rs_line_trend': 'down', 'rs_line_score': 35}","{'roe_pct': 15.6, 'debt_to_equity': 0.82, 'current_ratio': 1.0, 'operating_margin_pct': 19.4}","{'days_to_earnings': 'N/A', 'recommendation': 'none', 'analyst_upside_pct': 11.2}",17.53,33671161856,Consumer Defensive,Household & Personal Products,3.5,2.1,False,20.13,-12.9,4,False,-4.3,19.5,23.0,18.0,12.0,none,11.2,17.92,2.2,18.54,5.8,reportado,múltiplo propio,3.0,0.72,True,,5.49,0.96,,4.78,96.5,0.84,,False,-0.26,,9,,6.9,Operating Income,6.2,4.2,28.0,2026-11-05,False,True,False,7,NEUTRAL,6.58,122.7,,18.6,,,,2026-10-08T06:10:40.780801,,,,,,
OTIS,Otis Worldwide Corporation,57.5,,trimestral,⭐ AVERAGE,🟡 Average,USD,USD,False,True,True,1.0,,80.0,60.0,24.0,45.0,70.0,15.0,2.5,False,down,8.9,True,1,7.3,True,1,"{'eps_growth_yoy': 8.9, 'op_growth_yoy': 5.1, 'crecimiento_respaldado': True, 'positive_quarters': 4, 'earnings_accelerating': True, 'eps_accel_quarters': 1, 'profit_margin_pct': 10.2, 'score_bruto_sin_capar': 80.0, 'satura': False}","{'revenue_growth_yoy': 7.3, 'revenue_accelerating': True, 'rev_accel_quarters': 1}","{'rs_3m': -12.7, 'rs_6m': -33.0, 'rs_line_percentile': 2.5, 'rs_line_at_new_high': False, 'rs_line_trend': 'down', 'rs_line_score': 15}","{'current_ratio': 0.83, 'operating_margin_pct': 15.1}","{'days_to_earnings': 'N/A', 'recommendation': 'buy', 'analyst_upside_pct': 31.6}",65.74,25025202176,Industrials,Specialty Industrial Machinery,4.8,4.5,False,94.565,-30.5,0,False,-5.9,86.54,105.0,73.0,13.0,buy,31.6,96.26,46.4,94.83,44.3,reportado,múltiplo propio,4.0,0.13,False,,6.87,4.52,,2.65,43.7,1.76,1.52,True,-3.11,,9,,,,,9.1,20.0,2026-10-28,False,True,True,6,NEUTRAL,6.6,171.1,2.52,25.6,,,,2026-10-08T06:03:53.327816,,,,,,
PEP,"PepsiCo, Inc.",57.5,,trimestral,⭐ AVERAGE,🟡 Average,USD,USD,False,True,True,1.0,,85.0,60.0,24.0,45.0,55.0,15.0,0.0,False,down,136.0,True,1,6.4,True,1,"{'eps_growth_yoy': 136.0, 'op_growth_yoy': 10.2, 'crecimiento_respaldado': False, 'crecimiento_puntuado': 35.2, 'positive_quarters': 4, 'earnings_accelerating': True, 'eps_accel_quarters': 1, 'profit_margin_pct': 10.8, 'score_bruto_sin_capar': 100.0, 'satura': False}","{'revenue_growth_yoy': 6.4, 'revenue_accelerating': True, 'rev_accel_quarters': 1}","{'rs_3m': -12.2, 'rs_6m': -34.7, 'rs_line_percentile': 0.0, 'rs_line_at_new_high': False, 'rs_line_trend': 'down', 'rs_line_score': 15}","{'roe_pct': 51.5, 'debt_to_equity': 2.39, 'current_ratio': 0.93, 'operating_margin_pct': 16.8}","{'days_to_earnings': 'N/A', 'recommendation': 'hold', 'analyst_upside_pct': 20.1}",123.73,169015181312,Consumer Defensive,Beverages - Non-Alcoholic,2.1,3.5,False,171.48,-27.8,0,False,-8.6,148.64,180.0,124.0,22.0,hold,20.1,149.42,20.8,175.04,41.5,reportado,múltiplo propio,4.0,0.18,False,,5.35,6.62,,4.71,75.3,5.92,3.03,False,-0.29,,9,,12.9,Operating Income,12.7,54.8,0.0,2026-10-08,True,True,False,5,NEUTRAL,6.3,40.1,,14.3,0.4,0.03,-13.9,2026-10-08T06:05:39.937430,,,,,,
RELX,RELX PLC,57.2,,anual,⭐ AVERAGE,🟡 Average,USD,GBP,True,True,True,1.0,,75.0,50.0,38.7,50.0,70.0,15.0,17.3,False,down,6.8,False,0,1.7,False,0,"{'eps_growth_yoy': 6.8, 'op_growth_yoy': 5.9, 'crecimiento_respaldado': True, 'positive_quarters': 4, 'earnings_accelerating': False, 'eps_accel_quarters': 0, 'profit_margin_pct': 23.3, 'score_bruto_sin_capar': 75.0, 'satura': False}","{'revenue_growth_yoy': 1.7, 'revenue_accelerating': False, 'rev_accel_quarters': 0}","{'rs_3m': 4.0, 'rs_6m': -8.5, 'rs_line_percentile': 17.3, 'rs_line_at_new_high': False, 'rs_line_trend': 'down', 'rs_line_score': 15}","{'roe_pct': 131.9, 'debt_to_equity': 7.1, 'current_ratio': 0.45, 'operating_margin_pct': 32.0}","{'days_to_earnings': 'N/A', 'recommendation': 'strong_buy', 'analyst_upside_pct': 54.5}",34.52,59983261696,Industrials,Specialty Business Services,0.4,3.2,False,47.22,-26.9,2,False,-0.9,53.35,57.0,49.7,2.0,strong_buy,54.5,46.73,35.4,63.74,84.6,reportado,múltiplo propio,4.0,0.32,False,,5.18,1.79,,2.68,53.6,0.91,1.97,,,,9,,,,,12.2,126.0,2027-02-11,False,True,False,7,NEUTRAL,1.21,1876.1,1.61,29.9,1.6,0.05,-28.3,2026-10-08T05:59:13.848771,,,,,,
INTU,Intuit Inc.,56.6,,trimestral,⭐ AVERAGE,🟡 Average,USD,USD,False,True,True,1.0,,55.0,60.0,26.7,85.0,70.0,15.0,5.5,False,down,-4.7,False,0,13.7,False,0,"{'eps_growth_yoy': -4.7, 'op_growth_yoy': 125.9, 'crecimiento_respaldado': True, 'positive_quarters': 4, 'earnings_accelerating': False, 'eps_accel_quarters': 0, 'profit_margin_pct': 21.3, 'score_bruto_sin_capar': 55.0, 'satura': False}","{'revenue_growth_yoy': 13.7, 'revenue_accelerating': False, 'rev_accel_quarters': 0}","{'rs_3m': 4.9, 'rs_6m': -32.3, 'rs_line_percentile': 5.5, 'rs_line_at_new_high': False, 'rs_line_trend': 'down', 'rs_line_score': 15}","{'roe_pct': 23.6, 'debt_to_equity': 0.44, 'current_ratio': 1.51, 'operating_margin_pct': 17.6}","{'days_to_earnings': 'N/A', 'recommendation': 'buy', 'analyst_upside_pct': 36.5}",297.24,79433228288,Technology,Software - Application,3.0,1.8,False,689.17,-56.9,0,False,-7.8,405.6,732.0,290.0,31.0,buy,36.5,793.93,167.1,,,reportado,,,,,,10.85,32.25,,1.86,29.2,5.52,0.64,True,-3.55,,9,,24.1,Operating Income,24.5,-1.0,42.0,2026-11-19,False,True,False,8,STRONG,7.85,91.1,0.44,41.0,,,,2026-10-08T06:01:14.360255,,,múltiplo propio 58x fuera del rango 8-45,,,
AJG,Arthur J. Gallagher & Co.,56.0,,trimestral,⭐ AVERAGE,🟡 Average,USD,USD,False,True,True,1.0,,50.0,70.0,36.0,65.0,65.0,15.0,16.6,False,down,-12.0,False,0,24.2,False,0,"{'eps_growth_yoy': -12.0, 'op_growth_yoy': -6.1, 'crecimiento_respaldado': True, 'positive_quarters': 4, 'earnings_accelerating': False, 'eps_accel_quarters': 0, 'profit_margin_pct': 10.4, 'score_bruto_sin_capar': 50.0, 'satura': False}","{'revenue_growth_yoy': 24.2, 'revenue_accelerating': False, 'rev_accel_quarters': 0}","{'rs_3m': -13.2, 'rs_6m': -10.3, 'rs_line_percentile': 16.6, 'rs_line_at_new_high': False, 'rs_line_trend': 'down', 'rs_line_score': 15}","{'roe_pct': 6.7, 'debt_to_equity': 0.59, 'current_ratio': 1.05, 'operating_margin_pct': 19.2}","{'days_to_earnings': 'N/A', 'recommendation': 'buy', 'analyst_upside_pct': 26.4}",227.1,58215038976,Financial Services,Insurance Brokers,2.5,4.7,False,307.11,-26.1,1,False,-8.3,287.0,388.0,250.0,18.0,buy,26.4,,,263.91,16.2,reportado,múltiplo propio,4.0,0.33,False,,3.96,8.99,,1.22,44.8,2.8,0.97,False,-0.67,,9,,4.2,Operating Income,4.1,-10.7,21.0,2026-10-29,False,True,True,6,NEUTRAL,3.57,79.3,4.47,29.4,0.8,0.03,-28.6,2026-10-08T06:02:38.201439,,"Insurance Brokers: el flujo operativo son depósitos, préstamos o primas, no caja libre para el accionista",,,,
ERIE,Erie Indemnity Company,56.0,,trimestral,⭐ AVERAGE,🟡 Average,USD,USD,False,True,True,0.8833,acciones × precio no cuadra (ratio 0.8833) pero la divisa sí: son clases múltiples. Se usan 52 M de acciones efectivas (capitalización ÷ precio) en vez de las 46 M declaradas,70.0,50.0,24.0,85.0,50.0,15.0,4.1,False,down,3.2,False,0,1.7,False,0,"{'eps_growth_yoy': 3.2, 'positive_quarters': 4, 'earnings_accelerating': False, 'eps_accel_quarters': 0, 'profit_margin_pct': 14.0, 'score_bruto_sin_capar': 70.0, 'satura': False}","{'revenue_growth_yoy': 1.7, 'revenue_accelerating': False, 'rev_accel_quarters': 0}","{'rs_3m': -16.1, 'rs_6m': -29.2, 'rs_line_percentile': 4.1, 'rs_line_at_new_high': False, 'rs_line_trend': 'down', 'rs_line_score': 15}","{'roe_pct': 24.8, 'debt_to_equity': 0.03, 'current_ratio': 1.25, 'operating_margin_pct': 19.1}","{'days_to_earnings': 'N/A', 'recommendation': 'none'}",217.77,11387164672,Financial Services,Insurance Brokers,9.5,8.2,True,330.54,-34.1,0,False,-10.5,,,,,none,,,,386.67,77.6,reportado,múltiplo propio,4.0,0.4,False,,5.11,11.13,,2.62,52.1,5.85,1.68,False,,,7,,,,,1.6,21.0,2026-10-29,False,True,True,4,NEUTRAL,,,0.67,28.4,3.1,0.11,-25.3,2026-10-08T06:02:20.426520,52289869.0,"Insurance Brokers: el flujo operativo son depósitos, préstamos o primas, no caja libre para el accionista",,,,
IT,"Gartner, Inc.",55.5,,trimestral,⭐ AVERAGE,🟡 Average,USD,USD,False,True,True,1.0,,70.0,30.0,61.4,65.0,50.0,35.0,31.8,False,up,5.4,False,0,-1.5,False,0,"{'eps_growth_yoy': 5.4, 'op_growth_yoy': 11.5, 'crecimiento_respaldado': True, 'positive_quarters': 4, 'earnings_accelerating': False, 'eps_accel_quarters': 0, 'profit_margin_pct': 12.0, 'score_bruto_sin_capar': 70.0, 'satura': False}","{'revenue_growth_yoy': -1.5, 'revenue_accelerating': False, 'rev_accel_quarters': 0}","{'rs_3m': 36.2, 'rs_6m': 10.6, 'rs_line_percentile': 31.8, 'rs_line_at_new_high': False, 'rs_line_trend': 'up', 'rs_line_score': 35}","{'roe_pct': 113.6, 'current_ratio': 0.88, 'operating_margin_pct': 22.6}","{'days_to_earnings': 'N/A', 'recommendation': 'hold', 'analyst_upside_pct': 0.2}",185.77,11731185664,Technology,Information Technology Services,18.6,7.0,True,261.1,-28.9,4,False,0.7,186.08,229.0,150.0,13.0,hold,0.2,358.83,93.2,355.55,91.4,reportado,múltiplo propio,4.0,0.46,False,,10.8,20.06,,,,,,True,-13.93,,9,,9.1,Operating Income,8.5,13.2,26.0,2026-11-03,False,True,False,6,NEUTRAL,8.7,274.6,,50.0,,,,2026-10-08T06:04:32.477008,,,,,,
VRSK,"Verisk Analytics, Inc.",55.5,,trimestral,⭐ AVERAGE,🟡 Average,USD,USD,False,True,True,1.0,,55.0,60.0,36.0,65.0,70.0,15.0,4.6,False,down,-9.8,False,0,4.4,True,1,"{'eps_growth_yoy': -9.8, 'op_growth_yoy': 2.7, 'crecimiento_respaldado': True, 'positive_quarters': 4, 'earnings_accelerating': False, 'eps_accel_quarters': 0, 'profit_margin_pct': 28.2, 'score_bruto_sin_capar': 55.0, 'satura': False}","{'revenue_growth_yoy': 4.4, 'revenue_accelerating': True, 'rev_accel_quarters': 1}","{'rs_3m': -12.0, 'rs_6m': -14.8, 'rs_line_percentile': 4.6, 'rs_line_at_new_high': False, 'rs_line_trend': 'down', 'rs_line_score': 15}","{'current_ratio': 1.0, 'operating_margin_pct': 45.1}","{'days_to_earnings': 'N/A', 'recommendation': 'buy', 'analyst_upside_pct': 39.2}",168.68,22100762624,Industrials,Consulting Services,4.1,4.2,False,248.22,-32.0,0,False,-7.0,234.76,260.0,195.0,17.0,buy,39.2,243.45,44.3,227.26,34.7,reportado,múltiplo propio,3.0,0.35,True,2023-12-31,5.7,9.61,,1.21,29.2,2.0,0.63,True,-6.76,,9,,7.0,Operating Income,6.9,-2.4,28.0,2026-11-05,False,True,False,7,NEUTRAL,5.26,113.2,7.48,32.9,0.8,0.02,-32.1,2026-10-08T05:59:09.420998,,,,,,
JKHY,"Jack Henry & Associates, Inc.",55.2,,trimestral,⭐ AVERAGE,🟡 Average,USD,USD,False,True,True,1.0,,50.0,50.0,36.0,90.0,70.0,15.0,19.1,False,down,-12.8,False,0,4.7,False,0,"{'eps_growth_yoy': -12.8, 'op_growth_yoy': -12.2, 'crecimiento_respaldado': True, 'positive_quarters': 4, 'earnings_accelerating': False, 'eps_accel_quarters': 0, 'profit_margin_pct': 19.8, 'score_bruto_sin_capar': 50.0, 'satura': False}","{'revenue_growth_yoy': 4.7, 'revenue_accelerating': False, 'rev_accel_quarters': 0}","{'rs_3m': -5.9, 'rs_6m': -19.1, 'rs_line_percentile': 19.1, 'rs_line_at_new_high': False, 'rs_line_trend': 'down', 'rs_line_score': 15}","{'roe_pct': 24.0, 'debt_to_equity': 0.04, 'current_ratio': 1.17, 'operating_margin_pct': 22.5}","{'days_to_earnings': 'N/A', 'recommendation': 'buy', 'analyst_upside_pct': 30.2}",145.69,10214617088,Technology,Information Technology Services,7.0,4.2,False,193.39,-24.7,2,False,-6.9,189.72,209.0,158.0,18.0,buy,30.2,202.53,39.0,206.3,41.6,reportado,múltiplo propio,4.0,0.41,False,,4.96,7.23,,1.67,34.1,2.44,1.24,True,-2.92,,9,,117.9,Operating Income,122.2,-10.4,26.0,2026-11-03,False,True,False,7,NEUTRAL,6.23,202.7,1.58,31.3,1.6,0.05,-29.7,2026-10-08T06:06:18.870128,,,,,,
CHD,"Church & Dwight Co., Inc.",55.0,,trimestral,⭐ AVERAGE,🟡 Average,USD,USD,False,True,True,1.0,,60.0,50.0,36.0,75.0,60.0,15.0,15.9,False,down,-1.7,True,1,0.1,False,0,"{'eps_growth_yoy': -1.7, 'op_growth_yoy': -1.5, 'crecimiento_respaldado': True, 'positive_quarters': 4, 'earnings_accelerating': True, 'eps_accel_quarters': 1, 'profit_margin_pct': 12.0, 'score_bruto_sin_capar': 60.0, 'satura': False}","{'revenue_growth_yoy': 0.1, 'revenue_accelerating': False, 'rev_accel_quarters': 0}","{'rs_3m': -2.5, 'rs_6m': -13.6, 'rs_line_percentile': 15.9, 'rs_line_at_new_high': False, 'rs_line_trend': 'down', 'rs_line_score': 15}","{'roe_pct': 17.0, 'debt_to_equity': 0.56, 'current_ratio': 1.15, 'operating_margin_pct': 18.1}","{'days_to_earnings': 'N/A', 'recommendation': 'buy', 'analyst_upside_pct': 8.4}",96.75,22949478400,Consumer Defensive,Household & Personal Products,5.2,5.9,False,106.04,-8.8,5,False,-1.5,104.84,115.0,78.0,19.0,buy,8.4,128.21,32.5,93.84,-3.0,reportado,múltiplo propio,3.0,0.61,True,2024-12-31,4.96,4.8,,1.27,38.6,1.23,1.16,True,-3.33,,9,,11.2,Operating Income,10.9,6.3,22.0,2026-10-30,False,True,False,7,NEUTRAL,4.3,116.9,1.11,12.7,,,,2026-10-08T06:04:14.544157,,,,,,
ZTS,Zoetis Inc.,54.0,,trimestral,⭐ AVERAGE,🟡 Average,USD,USD,False,True,True,1.0,,75.0,40.0,24.0,65.0,70.0,15.0,1.3,False,down,-4.8,True,2,-0.2,True,1,"{'eps_growth_yoy': -4.8, 'op_growth_yoy': 0.2, 'crecimiento_respaldado': True, 'positive_quarters': 4, 'earnings_accelerating': True, 'eps_accel_quarters': 2, 'profit_margin_pct': 27.7, 'score_bruto_sin_capar': 75.0, 'satura': False}","{'revenue_growth_yoy': -0.2, 'revenue_accelerating': True, 'rev_accel_quarters': 1}","{'rs_3m': -7.9, 'rs_6m': -54.6, 'rs_line_percentile': 1.3, 'rs_line_at_new_high': False, 'rs_line_trend': 'down', 'rs_line_score': 15}","{'roe_pct': 64.9, 'debt_to_equity': 2.94, 'current_ratio': 3.08, 'operating_margin_pct': 40.7}","{'days_to_earnings': 'N/A', 'recommendation': 'buy', 'analyst_upside_pct': 34.2}",71.55,29566150656,Healthcare,Drug Manufacturers - Specialty & Generic,4.8,3.8,False,148.3,-51.8,0,False,-3.4,96.0,155.0,80.0,14.0,buy,34.2,140.68,96.6,,,reportado,múltiplo propio,4.0,0.56,False,,7.51,5.37,,2.97,33.9,2.12,0.91,True,-6.24,,9,,15.1,Operating Income,14.7,0.8,28.0,2026-11-05,False,True,False,6,NEUTRAL,9.71,42.3,1.07,19.5,,,,2026-10-08T06:00:51.753492,,,"objetivo 183 sobre un precio de 72 (+155%): el BPA no cuadra con el múltiplo histórico, no se publica",,,
GVDNY,Givaudan SA,54.0,,anual,⭐ AVERAGE,🟡 Average,USD,CHF,True,True,True,1.0,"FCF declarado (726,770,345) se aparta del derivado de flujo operativo menos capex (1,371,638,342)",50.0,50.0,47.6,70.0,65.0,35.0,32.4,False,down,-1.7,False,0,0.8,False,0,"{'eps_growth_yoy': -1.7, 'op_growth_yoy': -2.2, 'crecimiento_respaldado': True, 'positive_quarters': 4, 'earnings_accelerating': False, 'eps_accel_quarters': 0, 'profit_margin_pct': 12.9, 'score_bruto_sin_capar': 50.0, 'satura': False}","{'revenue_growth_yoy': 0.8, 'revenue_accelerating': False, 'rev_accel_quarters': 0}","{'rs_3m': -6.8, 'rs_6m': 1.2, 'rs_line_percentile': 32.4, 'rs_line_at_new_high': False, 'rs_line_trend': 'down', 'rs_line_score': 35}","{'roe_pct': 22.3, 'debt_to_equity': 1.11, 'current_ratio': 1.29, 'operating_margin_pct': 18.8}","{'days_to_earnings': 'N/A', 'recommendation': 'strong_buy', 'analyst_upside_pct': 17.2}",81.98,37839171584,Basic Materials,Specialty Chemicals,,,False,90.69,-9.6,5,False,1.2,96.09,96.09,96.09,1.0,strong_buy,17.2,73.61,-10.2,91.66,11.8,reportado,múltiplo propio,3.0,0.28,True,,3.62,2.97,,2.24,71.3,1.82,1.87,,,,9,,,,,-10.0,111.0,2027-01-27,False,True,False,7,NEUTRAL,3.25,33.7,,22.9,,,,2026-10-08T06:01:32.047344,,,,,,
PG,The Procter & Gamble Company,53.7,,trimestral,⭐ AVERAGE,🟡 Average,USD,USD,False,True,True,1.0,,50.0,60.0,36.0,70.0,60.0,15.0,9.9,False,down,-15.8,False,0,1.5,True,1,"{'eps_growth_yoy': -15.8, 'op_growth_yoy': -9.3, 'crecimiento_respaldado': True, 'positive_quarters': 4, 'earnings_accelerating': False, 'eps_accel_quarters': 0, 'profit_margin_pct': 18.4, 'score_bruto_sin_capar': 50.0, 'satura': False}","{'revenue_growth_yoy': 1.5, 'revenue_accelerating': True, 'rev_accel_quarters': 1}","{'rs_3m': -1.9, 'rs_6m': -12.6, 'rs_line_percentile': 9.9, 'rs_line_at_new_high': False, 'rs_line_trend': 'down', 'rs_line_score': 15}","{'roe_pct': 30.3, 'debt_to_equity': 0.64, 'current_ratio': 0.68, 'operating_margin_pct': 22.1}","{'days_to_earnings': 'N/A', 'recommendation': 'buy', 'analyst_upside_pct': 8.8}",147.82,343597711360,Consumer Defensive,Household & Personal Products,1.0,2.6,False,167.25,-11.6,4,False,1.5,160.78,186.0,143.0,23.0,buy,8.8,162.81,10.1,155.65,5.3,reportado,múltiplo propio,4.0,0.16,False,,4.41,6.52,,2.93,64.3,4.35,2.49,True,-1.27,,9,,22.5,Operating Income,24.3,-10.8,14.0,2026-10-22,False,True,True,6,NEUTRAL,5.32,77.9,5.08,17.7,0.2,0.01,-17.5,2026-10-08T06:01:23.072235,,,,,,
HESAY,Hermès International Société en commandite par actions,53.2,,anual,⭐ AVERAGE,🟡 Average,USD,EUR,True,True,True,1.0,,55.0,50.0,15.0,95.0,70.0,15.0,0.4,False,down,-1.7,False,0,5.5,False,0,"{'eps_growth_yoy': -1.7, 'op_growth_yoy': 7.4, 'crecimiento_respaldado': True, 'positive_quarters': 4, 'earnings_accelerating': False, 'eps_accel_quarters': 0, 'profit_margin_pct': 28.0, 'score_bruto_sin_capar': 55.0, 'satura': False}","{'revenue_growth_yoy': 5.5, 'revenue_accelerating': False, 'rev_accel_quarters': 0}","{'rs_3m': -26.7, 'rs_6m': -44.8, 'rs_line_percentile': 0.4, 'rs_line_at_new_high': False, 'rs_line_trend': 'down', 'rs_line_score': 15}","{'roe_pct': 25.5, 'debt_to_equity': 0.12, 'current_ratio': 4.54, 'operating_margin_pct': 42.2}","{'days_to_earnings': 'N/A', 'recommendation': 'strong_buy', 'analyst_upside_pct': 50.2}",143.4,150199353344,Consumer Cyclical,Luxury Goods,,,False,265.89,-46.1,0,False,-15.4,215.33,230.0,201.0,3.0,strong_buy,50.2,107.97,-24.7,,,reportado,,,,,,3.42,4.9,,1.47,42.1,2.11,0.61,,,,9,,,,,-0.3,126.0,2027-02-11,False,True,False,8,STRONG,4.79,36.8,2.48,26.4,,,,2026-10-08T06:00:33.731289,,,múltiplo propio 52x fuera del rango 8-45,,,
MKC,"McCormick & Company, Incorporated",52.8,,trimestral,⭐ AVERAGE,🟡 Average,USD,USD,False,True,True,0.946,acciones × precio no cuadra (ratio 0.9460) pero la divisa sí: son clases múltiples. Se usan 269 M de acciones efectivas (capitalización ÷ precio) en vez de las 255 M declaradas,50.0,70.0,24.0,60.0,65.0,15.0,1.0,False,down,-14.2,False,0,16.7,True,1,"{'eps_growth_yoy': -14.2, 'op_growth_yoy': 30.1, 'crecimiento_respaldado': True, 'positive_quarters': 4, 'earnings_accelerating': False, 'eps_accel_quarters': 0, 'profit_margin_pct': 19.4, 'score_bruto_sin_capar': 50.0, 'satura': False}","{'revenue_growth_yoy': 16.7, 'revenue_accelerating': True, 'rev_accel_quarters': 1}","{'rs_3m': -16.9, 'rs_6m': -25.3, 'rs_line_percentile': 1.0, 'rs_line_at_new_high': False, 'rs_line_trend': 'down', 'rs_line_score': 15}","{'roe_pct': 22.6, 'debt_to_equity': 0.66, 'current_ratio': 0.66, 'operating_margin_pct': 17.8}","{'days_to_earnings': 'N/A', 'recommendation': 'buy', 'analyst_upside_pct': 21.2}",45.25,12175167488,Consumer Defensive,Packaged Foods,,5.9,False,72.41,-37.5,0,False,-11.9,54.85,65.0,47.0,13.0,buy,21.2,86.35,90.8,,,reportado,múltiplo propio,4.0,0.34,False,,7.55,3.42,,4.24,34.2,1.92,2.1,False,-0.11,,9,,5.8,Operating Income,5.5,-40.0,105.0,2027-01-21,False,True,False,6,NEUTRAL,6.24,65.6,2.76,27.0,,,,2026-10-08T06:06:10.457718,269064475.0,,"objetivo 148 sobre un precio de 45 (+228%): el BPA no cuadra con el múltiplo histórico, no se publica",,,
EFX,Equifax Inc.,52.3,,trimestral,⭐ AVERAGE,🟡 Average,USD,USD,False,True,True,1.0,,60.0,60.0,24.0,50.0,70.0,15.0,1.9,False,down,-3.9,True,1,10.6,False,0,"{'eps_growth_yoy': -3.9, 'op_growth_yoy': 1.1, 'crecimiento_respaldado': True, 'positive_quarters': 4, 'earnings_accelerating': True, 'eps_accel_quarters': 1, 'profit_margin_pct': 10.7, 'score_bruto_sin_capar': 60.0, 'satura': False}","{'revenue_growth_yoy': 10.6, 'revenue_accelerating': False, 'rev_accel_quarters': 0}","{'rs_3m': -17.4, 'rs_6m': -36.1, 'rs_line_percentile': 1.9, 'rs_line_at_new_high': False, 'rs_line_trend': 'down', 'rs_line_score': 15}","{'roe_pct': 14.3, 'debt_to_equity': 1.21, 'current_ratio': 0.6, 'operating_margin_pct': 17.3}","{'days_to_earnings': 'N/A', 'recommendation': 'buy', 'analyst_upside_pct': 43.9}",142.43,16733372416,Industrials,Consulting Services,7.6,6.4,False,238.94,-40.4,0,False,-16.7,204.95,245.0,148.0,21.0,buy,43.9,128.48,-9.8,,,reportado,,,,,,6.76,9.63,,1.57,37.3,2.24,0.73,True,-4.64,,9,,5.2,Operating Income,5.2,0.7,12.0,2026-10-20,False,True,True,8,STRONG,4.94,56.7,,28.3,,,,2026-10-08T06:08:32.525226,,,múltiplo propio 46x fuera del rango 8-45,,,
ABT,Abbott Laboratories,52.2,,trimestral,⭐ AVERAGE,🟡 Average,USD,USD,False,True,True,1.0,,50.0,50.0,38.7,70.0,65.0,15.0,17.5,False,down,-18.7,False,0,7.8,False,0,"{'eps_growth_yoy': -18.7, 'op_growth_yoy': -20.6, 'crecimiento_respaldado': True, 'positive_quarters': 4, 'earnings_accelerating': False, 'eps_accel_quarters': 0, 'profit_margin_pct': 11.6, 'score_bruto_sin_capar': 50.0, 'satura': False}","{'revenue_growth_yoy': 7.8, 'revenue_accelerating': False, 'rev_accel_quarters': 0}","{'rs_3m': 2.7, 'rs_6m': -17.5, 'rs_line_percentile': 17.5, 'rs_line_at_new_high': False, 'rs_line_trend': 'down', 'rs_line_score': 15}","{'roe_pct': 10.6, 'debt_to_equity': 0.63, 'current_ratio': 1.38, 'operating_margin_pct': 14.7}","{'days_to_earnings': 'N/A', 'recommendation': 'strong_buy', 'analyst_upside_pct': 22.3}",98.73,171969216512,Healthcare,Medical Devices,1.3,2.5,False,135.13,-26.9,1,False,-7.3,120.74,135.0,103.0,25.0,strong_buy,22.3,101.5,2.8,80.72,-18.2,reportado,múltiplo propio,3.0,0.73,True,2023-12-31,4.5,4.44,,2.57,78.7,2.52,1.84,False,-0.46,,9,,14.4,Operating Income,16.2,-47.5,13.0,2026-10-21,False,True,True,6,NEUTRAL,4.07,37.8,,20.4,0.4,0.02,-20.0,2026-10-08T06:04:27.610574,,,,,,
LRLCY,L'Oréal S.A.,51.7,,anual,⭐ AVERAGE,🟡 Average,USD,EUR,True,True,True,1.0,,50.0,50.0,36.0,70.0,65.0,15.0,0.8,False,down,-4.4,False,0,1.3,False,0,"{'eps_growth_yoy': -4.4, 'op_growth_yoy': 2.4, 'crecimiento_respaldado': True, 'positive_quarters': 4, 'earnings_accelerating': False, 'eps_accel_quarters': 0, 'profit_margin_pct': 13.9, 'score_bruto_sin_capar': 50.0, 'satura': False}","{'revenue_growth_yoy': 1.3, 'revenue_accelerating': False, 'rev_accel_quarters': 0}","{'rs_3m': -6.7, 'rs_6m': -14.1, 'rs_line_percentile': 0.8, 'rs_line_at_new_high': False, 'rs_line_trend': 'down', 'rs_line_score': 15}","{'roe_pct': 19.4, 'debt_to_equity': 0.49, 'current_ratio': 0.97, 'operating_margin_pct': 21.3}","{'days_to_earnings': 'N/A', 'recommendation': 'strong_buy', 'analyst_upside_pct': 23.2}",83.71,222830395392,Consumer Defensive,Household & Personal Products,,,False,95.48,-12.3,3,False,-5.0,103.17,107.0,100.0,3.0,strong_buy,23.2,68.18,-18.6,93.69,11.9,reportado,múltiplo propio,4.0,0.37,False,,3.76,3.15,,2.01,61.2,1.68,1.53,,,,9,,,,,5.4,124.0,2027-02-09,False,True,False,6,NEUTRAL,3.77,70.0,9.36,22.9,,,,2026-10-08T06:02:33.671121,,,,,,
ESLOY,EssilorLuxottica Société anonyme,51.0,,anual,⭐ AVERAGE,🟡 Average,USD,EUR,True,True,True,1.0,,45.0,70.0,24.0,55.0,70.0,15.0,0.7,False,down,-1.9,False,0,7.5,True,2,"{'eps_growth_yoy': -1.9, 'op_growth_yoy': -2.0, 'crecimiento_respaldado': True, 'positive_quarters': 4, 'earnings_accelerating': False, 'eps_accel_quarters': 0, 'profit_margin_pct': 8.5, 'score_bruto_sin_capar': 45.0, 'satura': False}","{'revenue_growth_yoy': 7.5, 'revenue_accelerating': True, 'rev_accel_quarters': 2}","{'rs_3m': -19.2, 'rs_6m': -42.2, 'rs_line_percentile': 0.7, 'rs_line_at_new_high': False, 'rs_line_trend': 'down', 'rs_line_score': 15}","{'roe_pct': 6.7, 'debt_to_equity': 0.38, 'current_ratio': 0.89, 'operating_margin_pct': 15.4}","{'days_to_earnings': 'N/A', 'recommendation': 'strong_buy', 'analyst_upside_pct': 72.8}",82.17,75387461632,Healthcare,Medical Instruments & Supplies,,,False,186.81,-56.0,0,False,-8.2,142.0,145.0,139.0,2.0,strong_buy,72.8,112.08,36.4,129.23,57.3,reportado,múltiplo propio,4.0,0.66,False,,5.58,4.59,,2.82,74.2,2.32,1.42,,,,9,,,,,6.2,,,False,False,False,4,NEUTRAL,3.77,33.3,17.71,25.2,,,,2026-10-08T06:05:48.258988,,,,,,
AON,Aon plc,51.0,,trimestral,⭐ AVERAGE,🟡 Average,USD,USD,False,True,True,1.0,,55.0,50.0,15.0,80.0,70.0,15.0,0.0,False,down,-4.8,False,0,2.2,False,0,"{'eps_growth_yoy': -4.8, 'op_growth_yoy': 6.1, 'crecimiento_respaldado': True, 'positive_quarters': 4, 'earnings_accelerating': False, 'eps_accel_quarters': 0, 'profit_margin_pct': 22.3, 'score_bruto_sin_capar': 55.0, 'satura': False}","{'revenue_growth_yoy': 2.2, 'revenue_accelerating': False, 'rev_accel_quarters': 0}","{'rs_3m': -27.3, 'rs_6m': -31.4, 'rs_line_percentile': 0.0, 'rs_line_at_new_high': False, 'rs_line_trend': 'down', 'rs_line_score': 15}","{'roe_pct': 44.7, 'debt_to_equity': 1.63, 'current_ratio': 1.03, 'operating_margin_pct': 23.5}","{'days_to_earnings': 'N/A', 'recommendation': 'buy', 'analyst_upside_pct': 37.0}",270.47,57373569024,Financial Services,Insurance Brokers,1.8,2.5,False,382.34,-29.3,0,False,-16.3,370.53,435.0,264.0,19.0,buy,37.0,,,425.25,57.2,reportado,múltiplo propio,4.0,0.33,False,,5.7,15.42,,1.2,16.8,3.28,0.76,True,-1.56,,9,,6.6,Operating Income,7.7,-2.1,22.0,2026-10-30,False,True,False,8,STRONG,6.45,119.9,1.12,25.1,,,,2026-10-08T06:01:49.454454,,"Insurance Brokers: el flujo operativo son depósitos, préstamos o primas, no caja libre para el accionista",,,,
NVR,"NVR, Inc.",50.5,,trimestral,⭐ AVERAGE,🟡 Average,USD,USD,False,True,True,1.0,,60.0,40.0,24.0,85.0,50.0,15.0,1.5,False,down,-29.1,True,1,-10.5,True,1,"{'eps_growth_yoy': -29.1, 'op_growth_yoy': -27.0, 'crecimiento_respaldado': True, 'positive_quarters': 4, 'earnings_accelerating': True, 'eps_accel_quarters': 1, 'profit_margin_pct': 11.8, 'score_bruto_sin_capar': 60.0, 'satura': False}","{'revenue_growth_yoy': -10.5, 'revenue_accelerating': True, 'rev_accel_quarters': 1}","{'rs_3m': -11.7, 'rs_6m': -27.6, 'rs_line_percentile': 1.5, 'rs_line_at_new_high': False, 'rs_line_trend': 'down', 'rs_line_score': 15}","{'roe_pct': 31.5, 'debt_to_equity': 0.32, 'current_ratio': 5.67, 'operating_margin_pct': 13.9}","{'days_to_earnings': 'N/A', 'recommendation': 'hold', 'analyst_upside_pct': 8.6}",5931.62,15806937088,Consumer Cyclical,Residential Construction,7.5,3.8,False,8200.0,-27.7,0,False,-5.2,6441.17,7400.0,5058.0,6.0,hold,8.6,6990.83,17.9,5899.77,-0.5,reportado,múltiplo propio,4.0,0.47,False,,6.59,390.89,,,,,,True,-8.42,,9,,49.8,Operating Income,52.9,-9.0,14.0,2026-10-22,False,True,True,5,NEUTRAL,10.49,38.9,,21.5,,,,2026-10-08T06:09:44.076083,,,,,,
VCISY,Vinci SA,49.8,,anual,⚠️ WEAK,🔴 Weak,USD,EUR,True,True,True,1.0,,65.0,50.0,24.0,50.0,55.0,15.0,1.7,False,down,0.8,False,0,4.0,False,0,"{'eps_growth_yoy': 0.8, 'op_growth_yoy': 5.0, 'crecimiento_respaldado': True, 'positive_quarters': 4, 'earnings_accelerating': False, 'eps_accel_quarters': 0, 'profit_margin_pct': 6.7, 'score_bruto_sin_capar': 65.0, 'satura': False}","{'revenue_growth_yoy': 4.0, 'revenue_accelerating': False, 'rev_accel_quarters': 0}","{'rs_3m': -13.9, 'rs_6m': -37.6, 'rs_line_percentile': 1.7, 'rs_line_at_new_high': False, 'rs_line_trend': 'down', 'rs_line_score': 15}","{'roe_pct': 16.3, 'debt_to_equity': 1.21, 'current_ratio': 0.82, 'operating_margin_pct': 11.2}","{'days_to_earnings': 'N/A', 'recommendation': 'none', 'analyst_upside_pct': 28.4}",30.24,66813247488,Industrials,Engineering & Construction,,,False,42.1,-28.2,0,False,-9.1,38.83,42.0,36.28,3.0,none,28.4,108.27,258.0,33.14,9.6,reportado,múltiplo propio,4.0,0.34,False,,13.86,4.19,,4.76,55.6,1.46,3.58,,,,9,,,,,5.4,120.0,2027-02-05,False,True,False,7,NEUTRAL,9.25,54.0,1.99,24.1,,,,2026-10-08T06:07:20.354495,,,,,,
SXYAY,Sika AG,48.1,,anual,⚠️ WEAK,🔴 Weak,USD,CHF,True,True,True,1.0,,45.0,30.0,50.3,70.0,65.0,35.0,34.2,False,down,-16.2,False,0,-4.8,False,0,"{'eps_growth_yoy': -16.2, 'op_growth_yoy': -11.1, 'crecimiento_respaldado': True, 'positive_quarters': 4, 'earnings_accelerating': False, 'eps_accel_quarters': 0, 'profit_margin_pct': 9.4, 'score_bruto_sin_capar': 45.0, 'satura': False}","{'revenue_growth_yoy': -4.8, 'revenue_accelerating': False, 'rev_accel_quarters': 0}","{'rs_3m': 0.3, 'rs_6m': 5.8, 'rs_line_percentile': 34.2, 'rs_line_at_new_high': False, 'rs_line_trend': 'down', 'rs_line_score': 35}","{'roe_pct': 16.0, 'debt_to_equity': 0.89, 'current_ratio': 1.3, 'operating_margin_pct': 14.3}","{'days_to_earnings': 'N/A', 'recommendation': 'buy', 'analyst_upside_pct': 24.9}",20.86,33467627520,Basic Materials,Specialty Chemicals,,,False,24.21,-13.8,6,False,-8.7,26.05,27.1,25.0,2.0,buy,24.9,13.55,-35.0,24.28,16.4,reportado,múltiplo propio,4.0,0.58,False,,4.67,0.97,,2.2,57.2,0.46,1.31,,,,9,,,,,-0.3,,,False,False,False,7,NEUTRAL,3.89,45.8,,29.1,,,,2026-10-08T06:04:01.715589,,,,,,
WMT,Walmart Inc.,48.0,,trimestral,⚠️ WEAK,🔴 Weak,USD,USD,False,True,True,1.0,,45.0,60.0,24.0,55.0,65.0,15.0,9.1,False,down,-9.4,False,0,5.9,True,1,"{'eps_growth_yoy': -9.4, 'op_growth_yoy': 28.8, 'crecimiento_respaldado': True, 'positive_quarters': 4, 'earnings_accelerating': False, 'eps_accel_quarters': 0, 'profit_margin_pct': 3.0, 'score_bruto_sin_capar': 45.0, 'satura': False}","{'revenue_growth_yoy': 5.9, 'revenue_accelerating': True, 'rev_accel_quarters': 1}","{'rs_3m': -8.0, 'rs_6m': -30.8, 'rs_line_percentile': 9.1, 'rs_line_at_new_high': False, 'rs_line_trend': 'down', 'rs_line_score': 15}","{'roe_pct': 22.3, 'debt_to_equity': 0.72, 'current_ratio': 0.77, 'operating_margin_pct': 3.5}","{'days_to_earnings': 'N/A', 'recommendation': 'buy', 'analyst_upside_pct': 17.2}",108.16,858114031616,Consumer Defensive,Discount Stores,1.8,2.9,False,135.16,-20.0,1,False,-0.3,126.78,155.0,81.0,40.0,buy,17.2,,,99.95,-7.6,reportado,múltiplo propio,4.0,0.42,False,,1.9,2.06,,0.92,35.0,0.99,1.13,False,-0.47,,9,,13.7,Operating Income,13.4,-9.1,42.0,2026-11-19,False,True,False,7,NEUTRAL,3.24,19.0,1.39,21.6,,,,2026-10-08T06:02:07.489584,,"el capex se lleva el 62% del flujo operativo: lo que queda no es lo que gana el dueño, es lo que sobra tras decidir invertir",,,,
KHC,The Kraft Heinz Company,47.9,,trimestral,⚠️ WEAK,🔴 Weak,USD,USD,False,True,True,1.0,,58.0,40.0,36.0,55.0,50.0,15.0,1.0,False,down,,False,0,-1.4,True,1,"{'positive_quarters': 3, 'earnings_accelerating': False, 'eps_accel_quarters': 0, 'profit_margin_pct': -13.6, 'score_bruto_sin_capar': 58.0, 'satura': False}","{'revenue_growth_yoy': -1.4, 'revenue_accelerating': True, 'rev_accel_quarters': 1}","{'rs_3m': -13.3, 'rs_6m': -17.2, 'rs_line_percentile': 1.0, 'rs_line_at_new_high': False, 'rs_line_trend': 'down', 'rs_line_score': 15}","{'roe_pct': -8.8, 'debt_to_equity': 0.53, 'current_ratio': 1.06, 'operating_margin_pct': 15.5}","{'days_to_earnings': 'N/A', 'recommendation': 'hold', 'analyst_upside_pct': 14.9}",21.98,26064404480,Consumer Defensive,Packaged Foods,11.0,4.2,True,28.09,-21.8,4,False,-10.3,25.25,41.0,19.0,18.0,hold,14.9,73.19,233.0,,,reportado,,,,,,14.66,3.22,,7.28,73.1,1.6,4.89,False,0.08,,9,,4.4,Operating Income,4.6,,20.0,2026-10-28,False,True,True,5,NEUTRAL,10.89,53.5,6.11,16.9,0.2,0.01,-16.7,2026-10-08T06:09:21.712716,,,,,,
TEVA,Teva Pharmaceutical Industries Limited,47.0,,trimestral,⚠️ WEAK,🔴 Weak,USD,USD,False,True,True,1.0,,38.0,40.0,76.7,25.0,65.0,80.0,89.6,False,up,-304.3,False,0,-0.8,True,1,"{'eps_growth_yoy': -304.3, 'op_growth_yoy': -83.4, 'crecimiento_respaldado': True, 'positive_quarters': 3, 'earnings_accelerating': False, 'eps_accel_quarters': 0, 'profit_margin_pct': 4.1, 'score_bruto_sin_capar': 38.0, 'satura': False}","{'revenue_growth_yoy': -0.8, 'revenue_accelerating': True, 'rev_accel_quarters': 1}","{'rs_3m': 15.7, 'rs_6m': 11.7, 'rs_line_percentile': 89.6, 'rs_line_at_new_high': False, 'rs_line_trend': 'up', 'rs_line_score': 80}","{'roe_pct': 9.7, 'debt_to_equity': 2.18, 'current_ratio': 0.88, 'operating_margin_pct': 4.0}","{'days_to_earnings': 'N/A', 'recommendation': 'buy', 'analyst_upside_pct': 15.6}",39.18,45695344640,Healthcare,Drug Manufacturers - Specialty & Generic,2.7,57.4,False,40.79,-3.9,8,True,4.7,45.3,55.0,40.0,10.0,buy,15.6,28.64,-26.9,,,normalizado,,,,,,3.06,1.2,,,,,1.79,False,,,9,,3.6,Operating Income,1.8,,26.0,2026-11-03,False,True,False,8,STRONG,6.72,80.4,0.42,29.4,,,,2026-10-08T06:10:36.244695,,,sin histórico de múltiplo (beneficio negativo o pocos años),tasa fiscal efectiva 1.7% — el beneficio del periodo no es representativo,,
CL,Colgate-Palmolive Company,46.8,,trimestral,⚠️ WEAK,🔴 Weak,USD,USD,False,True,True,1.0,,38.0,50.0,36.0,65.0,60.0,15.0,9.4,False,down,-6.7,False,0,4.9,False,0,"{'eps_growth_yoy': -6.7, 'op_growth_yoy': -5.9, 'crecimiento_respaldado': True, 'positive_quarters': 3, 'earnings_accelerating': False, 'eps_accel_quarters': 0, 'profit_margin_pct': 9.7, 'score_bruto_sin_capar': 38.0, 'satura': False}","{'revenue_growth_yoy': 4.9, 'revenue_accelerating': False, 'rev_accel_quarters': 0}","{'rs_3m': -8.1, 'rs_6m': -12.3, 'rs_line_percentile': 9.4, 'rs_line_at_new_high': False, 'rs_line_trend': 'down', 'rs_line_score': 15}","{'roe_pct': 267.4, 'debt_to_equity': 13.88, 'current_ratio': 1.03, 'operating_margin_pct': 21.0}","{'days_to_earnings': 'N/A', 'recommendation': 'buy', 'analyst_upside_pct': 12.8}",87.21,69521440768,Consumer Defensive,Household & Personal Products,2.6,4.2,False,99.33,-12.2,4,False,-2.4,98.35,110.0,87.0,20.0,buy,12.8,128.68,47.6,71.74,-17.7,reportado,múltiplo propio,4.0,0.32,False,,5.6,4.88,,2.43,82.3,2.12,2.32,True,-1.41,,9,,15.9,Operating Income,12.5,-3.8,22.0,2026-10-30,False,True,False,5,NEUTRAL,5.55,90.8,2.92,16.1,,,,2026-10-08T06:05:13.311045,,,,,,
LEN,Lennar Corporation,46.8,,trimestral,⚠️ WEAK,🔴 Weak,USD,USD,False,True,True,0.8738,acciones × precio no cuadra (ratio 0.8738) pero la divisa sí: son clases múltiples. Se usan 238 M de acciones efectivas (capitalización ÷ precio) en vez de las 208 M declaradas,55.0,40.0,24.0,70.0,50.0,15.0,2.6,False,down,-36.2,True,1,-5.2,True,1,"{'eps_growth_yoy': -36.2, 'op_growth_yoy': -35.4, 'crecimiento_respaldado': True, 'positive_quarters': 4, 'earnings_accelerating': True, 'eps_accel_quarters': 1, 'profit_margin_pct': 4.1, 'score_bruto_sin_capar': 55.0, 'satura': False}","{'revenue_growth_yoy': -5.2, 'revenue_accelerating': True, 'rev_accel_quarters': 1}","{'rs_3m': -12.3, 'rs_6m': -27.8, 'rs_line_percentile': 2.6, 'rs_line_at_new_high': False, 'rs_line_trend': 'down', 'rs_line_score': 15}","{'roe_pct': 6.0, 'debt_to_equity': 0.28, 'current_ratio': 10.13, 'operating_margin_pct': 5.7}","{'days_to_earnings': 'N/A', 'recommendation': 'hold', 'analyst_upside_pct': 3.8}",76.13,18111344640,Consumer Cyclical,Residential Construction,10.2,6.1,True,133.76,-43.1,0,False,-7.8,79.0,120.0,63.0,14.0,hold,3.8,33.79,-55.6,50.5,-33.7,reportado,múltiplo propio,4.0,1.11,True,,4.13,3.14,,2.63,37.9,2.0,1.41,True,-6.98,,9,,,,,-9.6,68.0,2026-12-15,False,True,False,4,NEUTRAL,11.72,11.2,,45.7,,,,2026-10-08T06:10:14.756615,237900232.0,,,,,
LPX,Louisiana-Pacific Corporation,46.2,,trimestral,⚠️ WEAK,🔴 Weak,USD,USD,False,True,True,1.0,"FCF declarado (-21,000,000) se aparta del derivado de flujo operativo menos capex (-33,000,000)",38.0,50.0,24.0,70.0,70.0,15.0,0.0,False,down,-51.9,False,0,-12.1,True,2,"{'eps_growth_yoy': -51.9, 'op_growth_yoy': -64.4, 'crecimiento_respaldado': True, 'positive_quarters': 3, 'earnings_accelerating': False, 'eps_accel_quarters': 0, 'profit_margin_pct': 2.2, 'score_bruto_sin_capar': 38.0, 'satura': False}","{'revenue_growth_yoy': -12.1, 'revenue_accelerating': True, 'rev_accel_quarters': 2}","{'rs_3m': -14.4, 'rs_6m': -29.0, 'rs_line_percentile': 0.0, 'rs_line_at_new_high': False, 'rs_line_trend': 'down', 'rs_line_score': 15}","{'roe_pct': 3.1, 'debt_to_equity': 0.22, 'current_ratio': 3.22, 'operating_margin_pct': 5.3}","{'days_to_earnings': 'N/A', 'recommendation': 'buy', 'analyst_upside_pct': 41.8}",64.74,4526841344,Industrials,Building Products & Equipment,11.8,7.8,True,100.34,-35.5,0,False,-7.2,91.79,107.0,74.0,14.0,buy,41.8,,,,,reportado,,,,,,-0.73,-0.47,,1.79,150.6,1.2,1.26,False,0.0,,9,,7.4,Operating Income,6.1,-51.8,26.0,2026-11-03,False,True,False,5,NEUTRAL,5.37,11.5,,30.6,0.4,0.01,-30.2,2026-10-08T06:10:10.313561,,"el capex se lleva el 113% del flujo operativo: lo que queda no es lo que gana el dueño, es lo que sobra tras decidir invertir",los P/E históricos se separan 2.0x la mediana: el ancla la decidiría un año suelto,,,
KR,The Kroger Co.,45.2,,trimestral,⚠️ WEAK,🔴 Weak,USD,USD,False,True,True,1.0,,58.0,50.0,24.0,30.0,60.0,15.0,9.1,False,down,5.3,False,0,2.0,False,0,"{'eps_growth_yoy': 5.3, 'op_growth_yoy': 12.5, 'crecimiento_respaldado': True, 'positive_quarters': 3, 'earnings_accelerating': False, 'eps_accel_quarters': 0, 'profit_margin_pct': 0.7, 'score_bruto_sin_capar': 58.0, 'satura': False}","{'revenue_growth_yoy': 2.0, 'revenue_accelerating': False, 'rev_accel_quarters': 0}","{'rs_3m': -4.7, 'rs_6m': -29.6, 'rs_line_percentile': 9.1, 'rs_line_at_new_high': False, 'rs_line_trend': 'down', 'rs_line_score': 15}","{'roe_pct': 14.4, 'debt_to_equity': 4.13, 'current_ratio': 0.7, 'operating_margin_pct': 3.0}","{'days_to_earnings': 'N/A', 'recommendation': 'buy', 'analyst_upside_pct': 15.0}",59.25,34992377856,Consumer Defensive,Grocery Stores,5.0,4.4,False,76.58,-22.6,2,False,1.9,68.14,85.0,57.0,22.0,buy,15.0,,,,,reportado,,,,,,8.15,4.83,,2.63,77.8,1.56,2.0,True,-8.57,,9,,3.2,Operating Income,3.0,10.7,56.0,2026-12-03,False,True,False,7,NEUTRAL,3.32,6.1,,30.1,,,,2026-10-08T06:09:26.406171,,"el capex se lleva el 57% del flujo operativo: lo que queda no es lo que gana el dueño, es lo que sobra tras decidir invertir",los P/E históricos se separan 1.7x la mediana: el ancla la decidiría un año suelto,,,
TLC.AX,The Lottery Corporation Limited,42.2,,anual,⚠️ WEAK,🔴 Weak,AUD,AUD,False,True,True,1.0,"FCF declarado (1,410,349,952) se aparta del derivado de flujo operativo menos capex (317,900,000)",45.0,40.0,30.0,45.0,60.0,,,,,-22.1,False,0,-4.6,True,1,"{'eps_growth_yoy': -22.1, 'op_growth_yoy': -6.8, 'crecimiento_respaldado': True, 'positive_quarters': 4, 'earnings_accelerating': False, 'eps_accel_quarters': 0, 'profit_margin_pct': 7.9, 'score_bruto_sin_capar': 45.0, 'satura': False}","{'revenue_growth_yoy': -4.6, 'revenue_accelerating': True, 'rev_accel_quarters': 1}","{'rs_3m': -13.5, 'rs_6m': -24.5}","{'roe_pct': 97.2, 'debt_to_equity': 9.48, 'current_ratio': 0.36, 'operating_margin_pct': 16.5}","{'days_to_earnings': 'N/A', 'recommendation': 'buy', 'analyst_upside_pct': 14.0}",4.96,11039827968,Consumer Cyclical,Gambling,,,False,5.8,-14.5,2,False,-1.4,5.65,6.4,5.0,15.0,buy,14.0,3.45,-30.4,4.52,-8.9,reportado,múltiplo propio,4.0,0.55,False,,2.88,0.14,,3.56,128.9,0.17,,,,,7,,,,,-28.8,131.0,2027-02-17,False,True,False,3,NEUTRAL,4.64,317.5,11.53,20.8,,,,2026-10-08T06:07:07.969281,,,,,,
GPK,Graphic Packaging Holding Company,41.0,,trimestral,⚠️ WEAK,🔴 Weak,USD,USD,False,True,True,1.0,"FCF declarado (189,000,000) se aparta del derivado de flujo operativo menos capex (-129,000,000)",48.0,30.0,24.0,55.0,60.0,15.0,0.0,False,down,-76.9,True,1,-0.7,False,0,"{'eps_growth_yoy': -76.9, 'op_growth_yoy': -51.0, 'crecimiento_respaldado': True, 'positive_quarters': 3, 'earnings_accelerating': True, 'eps_accel_quarters': 1, 'profit_margin_pct': 2.2, 'score_bruto_sin_capar': 48.0, 'satura': False}","{'revenue_growth_yoy': -0.7, 'revenue_accelerating': False, 'rev_accel_quarters': 0}","{'rs_3m': -19.4, 'rs_6m': -24.6, 'rs_line_percentile': 0.0, 'rs_line_at_new_high': False, 'rs_line_trend': 'down', 'rs_line_score': 15}","{'roe_pct': 6.0, 'debt_to_equity': 1.76, 'current_ratio': 1.38, 'operating_margin_pct': 4.5}","{'days_to_earnings': 'N/A', 'recommendation': 'hold', 'analyst_upside_pct': 37.5}",8.52,2520960768,Consumer Cyclical,Packaging & Containers,9.0,4.5,True,18.63,-54.3,0,False,-18.0,11.72,18.0,9.0,11.0,hold,37.5,,,7.07,-17.0,reportado,múltiplo propio,4.0,0.21,False,,-5.12,-0.44,,5.11,66.7,0.44,1.71,True,-1.62,,9,,2.4,Operating Income,2.0,-30.6,26.0,2026-11-03,False,True,False,5,NEUTRAL,10.5,13.3,,33.4,12.5,0.37,-20.9,2026-10-08T06:10:49.658431,,"el capex se lleva el 116% del flujo operativo: lo que queda no es lo que gana el dueño, es lo que sobra tras decidir invertir",,,,
CHTR,"Charter Communications, Inc.",40.5,,trimestral,⚠️ WEAK,🔴 Weak,USD,USD,False,True,True,0.8807,acciones × precio no cuadra (ratio 0.8807) pero la divisa sí: son clases múltiples. Se usan 130 M de acciones efectivas (capitalización ÷ precio) en vez de las 114 M declaradas,55.0,30.0,15.0,50.0,60.0,15.0,0.0,False,down,-0.7,True,1,-1.7,False,0,"{'eps_growth_yoy': -0.7, 'op_growth_yoy': -7.3, 'crecimiento_respaldado': True, 'positive_quarters': 4, 'earnings_accelerating': True, 'eps_accel_quarters': 1, 'profit_margin_pct': 9.1, 'score_bruto_sin_capar': 55.0, 'satura': False}","{'revenue_growth_yoy': -1.7, 'revenue_accelerating': False, 'rev_accel_quarters': 0}","{'rs_3m': -21.4, 'rs_6m': -67.0, 'rs_line_percentile': 0.0, 'rs_line_at_new_high': False, 'rs_line_trend': 'down', 'rs_line_score': 15}","{'roe_pct': 27.2, 'debt_to_equity': 4.42, 'current_ratio': 0.36, 'operating_margin_pct': 23.5}","{'days_to_earnings': 'N/A', 'recommendation': 'hold', 'analyst_upside_pct': 63.7}",106.96,13900264448,Communication Services,Telecom Services,38.8,5.2,True,275.58,-61.2,0,False,-23.0,175.11,380.0,68.0,19.0,hold,63.7,,,,,reportado,múltiplo propio,4.0,0.69,False,,28.06,30.01,18.9,,,,,True,-14.42,,9,,2.6,Operating Income,2.5,6.4,29.0,2026-11-06,False,True,False,7,NEUTRAL,11.68,28.7,0.44,46.2,,,,2026-10-08T06:09:39.789517,129957596.0,"el capex se lleva el 71% del flujo operativo: lo que queda no es lo que gana el dueño, es lo que sobra tras decidir invertir","objetivo 394 sobre un precio de 107 (+268%): el BPA no cuadra con el múltiplo histórico, no se publica",,,
KD,"Kyndryl Holdings, Inc.",33.0,,trimestral,⚠️ WEAK,🔴 Weak,USD,USD,False,True,True,1.0,,38.0,30.0,24.0,25.0,55.0,15.0,1.4,False,down,-198.2,False,0,-3.3,False,0,"{'eps_growth_yoy': -198.2, 'op_growth_yoy': -28.0, 'crecimiento_respaldado': True, 'positive_quarters': 3, 'earnings_accelerating': False, 'eps_accel_quarters': 0, 'profit_margin_pct': 0.6, 'score_bruto_sin_capar': 38.0, 'satura': False}","{'revenue_growth_yoy': -3.3, 'revenue_accelerating': False, 'rev_accel_quarters': 0}","{'rs_3m': -7.5, 'rs_6m': -25.4, 'rs_line_percentile': 1.4, 'rs_line_at_new_high': False, 'rs_line_trend': 'down', 'rs_line_score': 15}","{'roe_pct': 6.9, 'debt_to_equity': 4.22, 'current_ratio': 0.85, 'operating_margin_pct': 2.9}","{'days_to_earnings': 'N/A', 'recommendation': 'none', 'analyst_upside_pct': 24.0}",11.45,2494019072,Technology,Information Technology Services,14.4,8.8,True,30.11,-62.0,0,False,-10.6,14.2,16.0,13.0,5.0,none,24.0,,,,,normalizado,,,,,,6.17,0.71,,,,,,True,-7.74,,9,,5.7,Operating Income,3.4,,27.0,2026-11-04,False,True,False,6,NEUTRAL,11.71,18.8,0.15,49.6,,,,2026-10-08T06:11:11.099376,,"el capex se lleva el 80% del flujo operativo: lo que queda no es lo que gana el dueño, es lo que sobra tras decidir invertir",sin histórico de múltiplo (beneficio negativo o pocos años),tasa fiscal efectiva 65.2% — el beneficio del periodo no es representativo,,
