ticker,vcp_score,vcp_quality,stage,consolidation_quality,ml_score,company_name,fundamental_score,sector,industry,earnings_quality_score,growth_acceleration_score,relative_strength_score,financial_health_score,catalyst_timing_score,current_price,market_cap,rs_line_score,rs_line_percentile,rs_line_at_new_high,rs_line_trend,eps_growth_yoy,eps_accelerating,eps_accel_quarters,rev_growth_yoy,rev_accelerating,rev_accel_quarters,short_percent_float,short_ratio,short_squeeze_potential,fifty_two_week_high,proximity_to_52w_high,trend_template_score,trend_template_pass,dist_ma50_pct,health_details,earnings_details,sin_score_motivo,target_price_analyst,target_price_analyst_high,target_price_analyst_low,analyst_count,analyst_recommendation,analyst_upside_pct,target_price_dcf,target_price_dcf_upside_pct,target_price_pe,target_price_pe_upside_pct,pe_ancla,pe_ancla_n,pe_ancla_dispersion,pe_ancla_fragil,pe_ancla_excluidos,pe_sin_ancla_motivo,pe_eps_usado,pe_eps_motivo,dcf_no_aplicable,ai_descartados,per_share_no_fiable,acciones_efectivas,shares_change_es_gasto,dividend_rate,fcf_yield_pct,fcf_per_share,fcf_minoritarios_pct,dividend_yield_pct,payout_ratio_pct,five_yr_avg_dividend_yield_pct,buyback_active,shares_change_pct,interest_coverage,interest_coverage_base,interest_coverage_ebit,analyst_revision_momentum,days_to_earnings,earnings_date,earnings_warning,earnings_fecha_conocida,earnings_catalyst,piotroski_score,piotroski_label,piotroski_evaluables,piotroski_motivo,ebit_ev_yield,roic_greenblatt,peg_ratio,sentiment,put_call_ratio,flow_score,unusual_calls,unusual_puts,super_score_ultimate,vcp_contribution,ml_contribution,fundamental_contribution,score_timestamp,data_as_of_date,market_regime,market_recommendation,ma_filter_pass,ma_filter_score,ma_filter_reason,ad_signal,ad_score,ad_reason,float_category,shares_outstanding_millions,filter_penalty,super_score_before_filters,rs_line_score_fund,rs_line_at_new_high_fund,rs_line_trend_fund,rs_line_percentile_fund,rs_line_bonus,eps_accelerating_fund2,eps_accel_quarters_fund2,rev_accelerating_fund2,rev_accel_quarters_fund2,canslim_a_bonus,industry_group_rank,industry_group_total,industry_group_percentile,industry_group_label,industry_group_rs,industry_bonus,short_bonus,proximity_bonus,trend_bonus,options_bonus,institutional_bonus,insider_bonus,profitability_penalty,negative_roe,filters_passed,value_score,sector_bonus,fcf_es_caja_libre,fcf_bonus,dividend_bonus,buyback_bonus,revision_bonus,target_change_7d_pct,target_change_30d_pct,upgrade_days_14d,downgrade_days_14d,target_revision_bonus,modelos_dispersion_pts,modelos_acuerdo,upside_triangulated_pct,upside_divergence_pts,upside_divergence,upside_requiere_verificacion,risk_reward_ratio,piotroski_bonus,magic_formula_rank,hedge_fund_count,hedge_fund_names,oe_ai_adjustment,oe_ai_verdict,fcf_bonus_anulado,cerebro_signal,cerebro_score_adj,days_in_list,ml_win_probability,ml_win_label,momentum_score,tier,validation_status,validation_score,validation_reason,price_vs_ath,recent_news_sentiment,analyst_consensus,valuation_concern,why_cheap,why_cheap_resumen,why_cheap_fuentes,is_stage2,ma_score,atr_ratio,volume_dryup,pct_from_52w_high,pct_from_52w_low,relative_strength_6m,trend_direction,tech_stage,entry_readiness,entry_readiness_reason,tasa_base_frase,tasa_base_n,tasa_base_caida_mediana_pct,tasa_base_caida_peor_pct,tasa_base_arriba_pct,tasa_base_bimodal,soporte_frase,soporte_nivel,soporte_distancia_pct,soporte_dias,soporte_aguanto,soporte_roto,soporte_antiguo
MSFT,89.47619047619048,Excellent,Stage 2 Strong,25.115801612190538,56.3,Microsoft Corporation,82.8,Technology,Software - Infrastructure,100.0,70.0,75.0,95.0,60.0,529.76,3933757243392.0,60.0,64.7,False,up,31.3,True,1.0,17.7,True,1.0,0.9,3.2,False,553.72,-4.3,6.0,False,6.8,"{'roe_pct': 34.0, 'debt_to_equity': 0.29, 'current_ratio': 1.23, 'operating_margin_pct': 45.1}","{'eps_growth_yoy': 31.3, 'op_growth_yoy': 18.3, 'crecimiento_respaldado': True, 'positive_quarters': 4, 'earnings_accelerating': True, 'eps_accel_quarters': 1, 'profit_margin_pct': 40.3, 'score_bruto_sin_capar': 105.0, 'satura': True}",,587.63,870.0,440.0,53.0,strong_buy,10.9,,,631.78,19.3,múltiplo propio,4.0,0.47,False,,,reportado,,"el capex se lleva el 63% del flujo operativo: lo que queda no es lo que gana el dueño, es lo que sobra tras decidir invertir",,,,,3.92,1.7,9.01,,0.74,19.8,0.78,False,-0.24,50.9,Operating Income,55.4,31.7,20.0,2026-10-28,False,True,True,6.0,NEUTRAL,9.0,,3.9,41.3,0.98,BULLISH,0.07,100.0,8.0,4.0,81.5,35.8,16.9,24.8,2026-10-08 06:13:03,2026-10-08,CONFIRMED_UPTREND,TRADE,False,66,150 MA below 200 MA - not in Stage 2,STRONG_ACCUMULATION,85,"Strong institutional buying (2.0x ratio, 64% up volume)",MEGA_FLOAT,7414.6,23.0,77.5,60.0,False,up,64.7,2.0,True,1.0,True,1.0,5.0,2.0,32.0,96.9,Top 10%,59.1,5.0,0.0,5.0,5.0,5.0,0.0,0.0,0.0,False,2/3,78.435,8.0,False,0.0,0.0,0.0,5.0,1.59,2.57,2.0,0.0,1.5,,,15.1,-8.4,,False,1.36,2.0,103.0,1,Pershing Square (Ackman),0,MIXED/WATCH (0),0.0,CONFIRM,5.0,45,0.5628,ALTA,75.51809523809524,⭐⭐ STRONG,AVOID,35.0,Near ATH (-4.3% from high) - poor entry point,-4.3,NEUTRAL,STRONG_BUY,False,,,,False,2,0.969,False,-3.54,51.99,27.68,uptrend,stage3,VIGILAR,Extendida cerca de máximos — espera un pullback,"las 48 veces anteriores (RSI normal, sobre su MA200 que sube) cayó otro 4% de mediana (peor caso -36%); al año el 90% estaba en positivo (mediana +25%).",48,-3.5,-35.8,90,False,"soporte vivo más cercano en 498.26 (-5.9%), puesto a prueba hace 9 días; aguantó 5 y se rompió 1",498.26,-5.9,9.0,5.0,1.0,False
VRSN,0.0,,,,45.9,"VeriSign, Inc.",62.3,Technology,Software - Infrastructure,75.0,60.0,56.7,50.0,60.0,294.22,26597488640.0,60.0,64.2,False,down,4.4,False,0.0,6.0,True,1.0,2.2,3.0,False,312.48,-5.8,7.0,True,1.5,"{'current_ratio': 0.59, 'operating_margin_pct': 68.2}","{'eps_growth_yoy': 4.4, 'op_growth_yoy': 5.6, 'crecimiento_respaldado': True, 'positive_quarters': 4, 'earnings_accelerating': False, 'eps_accel_quarters': 0, 'profit_margin_pct': 49.8, 'score_bruto_sin_capar': 75.0, 'satura': False}",,324.4,355.0,285.0,5.0,buy,10.3,320.71,9.0,243.84,-17.1,múltiplo propio,4.0,0.26,False,,,reportado,,,,,,,3.24,4.05,11.92,,1.11,34.3,,True,-3.09,15.3,Operating Income,15.5,7.7,14.0,2026-10-22,False,True,True,8.0,STRONG,9.0,,4.04,501.6,2.19,,,,,,49.5,0.0,13.8,18.7,2026-10-08 06:13:03,2026-10-08,CONFIRMED_UPTREND,TRADE,True,100,Passes Minervini Template (6/6 criteria),STRONG_ACCUMULATION,75,"Strong institutional buying (1.5x ratio, 59% up volume)",HIGH_FLOAT,84.9,0.0,32.5,60.0,False,down,64.2,0.0,False,0.0,True,1.0,2.0,2.0,32.0,96.9,Top 10%,59.1,5.0,0.0,3.0,7.0,0.0,0.0,0.0,0.0,False,3/3,62.715,8.0,True,3.0,0.0,3.0,3.0,0.0,0.93,0.0,0.0,0.0,26.1,CONTRADICEN,,27.4,MEDIA,False,1.29,10.0,29.0,1,Berkshire Hathaway (Buffett),-5,MIXED/AVOID (-5),0.0,CONFIRM,11.0,45,0.4594,MEDIA,25.73,⭐ GOOD,,,,,,,,,,,True,3,0.761,False,-5.57,42.19,-5.26,uptrend,stage2,ENTRADA,Stage 2: sobre MA200 ascendente sin sobreextensión — suelo confirmado,"las 40 veces anteriores (RSI normal, sobre su MA200 que sube) cayó otro 10% de mediana (peor caso -30%); al año el 78% estaba en positivo (mediana +10%).",40,-10.5,-29.8,78,False,"soporte vivo más cercano en 293.52 (-0.2%), puesto a prueba hace 14 días; aguantó 1 y se rompió 2",293.52,-0.2,14.0,1.0,2.0,False
KO,0.0,,,,39.4,The Coca-Cola Company,72.3,Consumer Defensive,Beverages - Non-Alcoholic,85.0,70.0,56.7,80.0,60.0,85.82,369244766208.0,60.0,54.9,False,down,16.1,False,0.0,6.7,True,2.0,0.9,2.8,False,92.49,-7.2,6.0,False,-2.1,"{'roe_pct': 42.1, 'debt_to_equity': 1.16, 'current_ratio': 1.3, 'operating_margin_pct': 34.9}","{'eps_growth_yoy': 16.1, 'op_growth_yoy': 7.9, 'crecimiento_respaldado': True, 'positive_quarters': 4, 'earnings_accelerating': False, 'eps_accel_quarters': 0, 'profit_margin_pct': 28.6, 'score_bruto_sin_capar': 85.0, 'satura': False}",,94.43,104.0,75.0,23.0,buy,10.0,85.95,0.2,77.71,-9.5,múltiplo propio,4.0,0.17,False,,,reportado,,,,,,,2.12,3.85,3.3,,2.46,62.5,2.84,False,-0.05,10.2,Operating Income,12.0,16.9,19.0,2026-10-27,False,True,True,7.0,NEUTRAL,9.0,,3.72,77.0,2.12,,,,,,38.5,0.0,11.8,21.7,2026-10-08 06:13:03,2026-10-08,CONFIRMED_UPTREND,TRADE,True,100,Passes Minervini Template (6/6 criteria),NEUTRAL,40,"No clear pattern (0.9x ratio, 46% up volume)",MEGA_FLOAT,3874.0,5.0,33.5,60.0,False,down,54.9,0.0,False,0.0,True,2.0,2.0,11.0,32.0,68.8,Medio,27.4,0.0,0.0,3.0,5.0,0.0,0.0,0.0,0.0,False,2/3,66.89,0.0,True,3.0,3.0,0.0,5.0,-0.23,-0.28,0.0,0.0,0.0,9.7,CONTRADICEN,,19.5,,False,1.25,5.0,85.0,1,Berkshire Hathaway (Buffett),0,MIXED/INSUFFICIENT (0),0.0,CONFIRM,11.0,45,0.3936,BAJA,23.73,⭐ GOOD,,,,,,,,,,,False,2,0.768,False,-6.66,33.75,-3.75,sideways,stage2,VIGILAR,Sobre MA200 pero las medias aún no están apiladas (50>150>200) — falta confirmación,"las 42 veces anteriores (RSI normal, sobre su MA200 que sube) cayó otro 6% de mediana (peor caso -30%); al año el 81% estaba en positivo (mediana +6%).",42,-6.0,-30.3,81,False,"soporte vivo más cercano en 84.90 (-1.1%), puesto a prueba hace 7 días; aguantó 1 de 1 veces",84.9,-1.1,7.0,1.0,0.0,False
RMD,0.0,,,,41.1,ResMed Inc.,66.3,Healthcare,Medical Instruments & Supplies,75.0,60.0,46.7,90.0,60.0,225.98,31781656576.0,35.0,27.8,False,flat,1.0,False,0.0,8.6,True,1.0,11.4,10.6,True,284.05,-20.4,3.0,False,0.7,"{'roe_pct': 24.3, 'debt_to_equity': 0.13, 'current_ratio': 3.1, 'operating_margin_pct': 30.9}","{'eps_growth_yoy': 1.0, 'op_growth_yoy': -1.7, 'crecimiento_respaldado': True, 'positive_quarters': 4, 'earnings_accelerating': False, 'eps_accel_quarters': 0, 'profit_margin_pct': 26.9, 'score_bruto_sin_capar': 75.0, 'satura': False}",,250.22,320.0,175.0,17.0,buy,10.7,334.37,48.0,,,,,,,,sin histórico de múltiplo (beneficio negativo o pocos años),reportado,,,,,,,2.64,5.12,11.57,,1.2,23.0,0.86,True,-1.4,,,,1.7,21.0,2026-10-29,False,True,True,7.0,NEUTRAL,9.0,,6.12,52.1,7.12,,,,,,12.200000000000005,0.0,12.3,19.9,2026-10-08 06:13:03,2026-10-08,CONFIRMED_UPTREND,TRADE,False,33,150 MA below 200 MA - not in Stage 2,NEUTRAL,40,"No clear pattern (0.9x ratio, 46% up volume)",HIGH_FLOAT,143.3,22.0,32.2,35.0,False,flat,27.8,0.0,False,0.0,True,1.0,2.0,10.0,32.0,71.9,Medio,29.0,0.0,0.0,0.0,0.0,0.0,0.0,0.0,0.0,False,1/3,64.27499999999999,5.0,True,6.0,0.0,3.0,1.0,0.0,1.54,1.0,0.0,0.0,,,29.4,-37.3,,False,1.34,5.0,48.0,0,,0,MIXED/INSUFFICIENT (0),0.0,WATCH,9.0,20,0.4112,BAJA,6.629999999999999,⭐ GOOD,,,,,,,,SIN_DATOS,,,False,2,0.785,False,-19.83,25.72,-15.19,sideways,stage1,VIGILAR,Construyendo base (lateral) — espera la reconquista de las medias,"las 11 veces anteriores (RSI normal, sobre su MA200 que baja) o paró casi donde estaba o se desplomó hasta -42% — sin término medio; al año el 55% estaba en positivo (mediana +1%).",11,-6.5,-42.0,55,True,"soporte vivo más cercano en 224.15 (-0.8%), puesto a prueba hace 34 días; aguantó 10 y se rompió 3",224.15,-0.8,34.0,10.0,3.0,False
GOOG,74.39285714285714,Excellent,Stage 1-2 Transition,15.88352965668033,55.6,Alphabet Inc.,75.8,Communication Services,Internet Content & Information,85.0,80.0,44.0,100.0,65.0,347.37,4248312479744.0,35.0,46.5,False,down,297.9,False,0.0,24.2,True,1.0,,3.3,False,404.47,-14.1,6.0,False,1.3,"{'roe_pct': 48.7, 'debt_to_equity': 0.19, 'current_ratio': 2.72, 'operating_margin_pct': 34.0}","{'eps_growth_yoy': 297.9, 'op_growth_yoy': 30.4, 'crecimiento_respaldado': False, 'crecimiento_puntuado': 55.4, 'positive_quarters': 4, 'earnings_accelerating': False, 'eps_accel_quarters': 0, 'profit_margin_pct': 54.8, 'score_bruto_sin_capar': 105.0, 'satura': True}",,419.65,475.0,340.0,14.0,strong_buy,20.8,155.79,-55.2,478.2,37.7,múltiplo propio,4.0,0.41,False,,,reportado,,,,,12229934881.0,,0.88,2.22,7.71,,0.26,4.3,,False,0.91,65.6,Operating Income,133.9,294.0,20.0,2026-10-28,False,True,True,6.0,NEUTRAL,9.0,,3.14,35.3,0.76,,,,,,81.2,29.8,16.7,22.7,2026-10-08 06:13:03,2026-10-08,CONFIRMED_UPTREND,TRADE,True,83,Passes Minervini Template (5/6 criteria),ACCUMULATION,60,"Moderate accumulation (1.1x ratio, 51% up volume)",MEGA_FLOAT,10879.4,3.0,69.2,35.0,False,down,46.5,0.0,False,0.0,True,1.0,2.0,3.0,32.0,93.8,Top 10%,50.8,5.0,0.0,3.0,5.0,0.0,0.0,0.0,0.0,False,3/3,63.6,5.0,True,0.0,0.0,0.0,5.0,-0.64,-0.64,0.0,1.0,0.0,92.9,CONTRADICEN,,76.0,ALTA,False,2.6,2.0,137.0,2,Berkshire Hathaway (Buffett) | Pershing Square (Ackman),0,MIXED/INSUFFICIENT (0),0.0,CAUTION,2.0,20,0.5565,ALTA,61.27642857142857,⭐ GOOD,HOLD,65.0,Close to ATH (-14.1% from high) - wait for pullback | Strong upside (+20.8%) - analyst support,-14.1,NEUTRAL,STRONG_BUY,False,EVENTO,"Alphabet publicó Q2 2026 sólido (ingresos +24%, Google Cloud +82%) pero el Free Cash Flow fue negativo por inversión masiva en infraestructura IA (CapEx desmesurado para 2026). El mercado castigó los resultados por preocupación sobre retorno de inversión en IA, no por deterioro operativo.",https://www.rava.com/perfil/GOOGL | https://mx.investing.com/news/stock-market-news/alphabet-bajo-presion-googl-cae-45-en-2-dias-comprar-hoy-o-hay-mejor-opcion-3774188 | https://www.bloomberglinea.com/mercados/alphabet-cae-mas-de-5-pero-wall-street-no-cree-que-sea-hora-de-vender-la-accion/ | https://stockanalysis.com/stocks/goog/history/,False,2,0.813,False,-14.01,47.15,-4.96,uptrend,stage2,VIGILAR,Sobre MA200 pero las medias aún no están apiladas (50>150>200) — falta confirmación,"las 48 veces anteriores (RSI normal, sobre su MA200 que sube) cayó otro 6% de mediana (peor caso -42%); al año el 83% estaba en positivo (mediana +24%).",48,-6.5,-42.5,83,False,"soporte vivo más cercano en 342.16 (-1.5%), puesto a prueba hace 57 días; aguantó 2 y se rompió 2",342.16,-1.5,57.0,2.0,2.0,False
PAYX,61.595454545454544,Excellent,Stage Unknown,16.38760298620752,50.0,"Paychex, Inc.",68.4,Technology,Software - Application,95.0,60.0,39.6,80.0,50.0,101.55,36149817344.0,15.0,18.0,False,down,41.5,False,0.0,12.5,False,0.0,6.2,8.6,False,129.24,-21.4,3.0,False,-12.6,"{'roe_pct': 47.1, 'debt_to_equity': 1.25, 'current_ratio': 1.28, 'operating_margin_pct': 38.5}","{'eps_growth_yoy': 41.5, 'op_growth_yoy': 40.3, 'crecimiento_respaldado': True, 'positive_quarters': 4, 'earnings_accelerating': False, 'eps_accel_quarters': 0, 'profit_margin_pct': 27.4, 'score_bruto_sin_capar': 95.0, 'satura': False}",,113.93,150.0,96.0,14.0,hold,12.2,129.66,27.7,115.77,14.0,múltiplo propio,4.0,0.58,False,,,reportado,,,,,,,4.76,5.58,5.67,,4.71,90.1,2.81,True,-1.13,9.3,Operating Income,9.6,5.6,71.0,2026-12-18,False,True,False,7.0,NEUTRAL,9.0,,6.33,103.5,3.62,,,,,,37.5,24.6,,20.5,2026-10-08 06:13:03,2026-10-08,CONFIRMED_UPTREND,TRADE,False,50,Price below 150/200 MA - weak trend,DISTRIBUTION,35,"Moderate distribution (0.8x ratio, 42% up volume)",MEGA_FLOAT,319.6,30.0,64.5,15.0,False,down,18.0,0.0,False,0.0,False,0.0,0.0,9.0,32.0,75.0,Top 25%,29.4,3.0,0.0,0.0,0.0,0.0,0.0,0.0,0.0,False,1/3,55.36,8.0,True,6.0,-2.0,3.0,3.0,0.0,-0.87,0.0,2.0,0.0,13.7,COHERENTES,14.0,-8.7,,False,1.52,5.0,19.0,0,,-8,RELIABLE/AVOID (-8),0.0,BEST,8.0,24,0.5001,MEDIA,37.63772727272728,⭐ GOOD,,,,,,,,EVENTO,"<cite index=""12-10,12-11,12-12"">Revenue creció 6% en Q1 FY2027 versus 17% en FY2026, con Management Solutions (mayor segmento) creciendo solo 4%</cite>. <cite index=""14-2"">Desde el 23 de septiembre de 2026, el stock cayó 16% en 10 días consecutivos</cite>, con <cite index=""12-13"">analistas bajando p",https://www.sec.gov/Archives/edgar/data/0000723531/000119312526280314/payx-ex99_1.htm | https://www.sec.gov/Archives/edgar/data/0000723531/000072353126000004/payx-ex99_1.htm | https://www.sec.gov/Archives/edgar/data/0000723531/000119312526382815/d112171dars.pdf | https://www.sec.gov/Archives/edgar/data/723531/000119312526126204/payx-20260228.htm,False,2,0.768,False,-20.65,21.62,3.4,sideways,stage4,ESPERAR,En caída (bajo MA200 descendente) — espera a que haga suelo,"las 3 veces anteriores (sobrevendido (RSI<25), bajo su MA200 que baja) cayó otro 5% de mediana (peor caso -32%); al año el 67% estaba en positivo (mediana +5%). ⚠ solo 3 casos, no decide nada",3,-4.8,-31.9,67,False,"soporte vivo más cercano en 97.13 (-4.4%), puesto a prueba hace 5 días; aguantó 4 y se rompió 1",97.13,-4.4,5.0,4.0,1.0,False
CBOE,64.9,Excellent,Stage Unknown,27.11734691997296,40.7,"Cboe Global Markets, Inc.",81.8,Financial Services,Financial Data & Stock Exchanges,100.0,90.0,46.7,100.0,50.0,281.57,29404641280.0,35.0,27.2,False,down,50.2,False,0.0,22.9,True,2.0,3.0,2.9,False,371.18,-24.1,3.0,False,-1.8,"{'roe_pct': 26.3, 'debt_to_equity': 0.28, 'current_ratio': 1.56, 'operating_margin_pct': 34.6}","{'eps_growth_yoy': 50.2, 'op_growth_yoy': 33.6, 'crecimiento_respaldado': True, 'positive_quarters': 4, 'earnings_accelerating': False, 'eps_accel_quarters': 0, 'profit_margin_pct': 26.7, 'score_bruto_sin_capar': 105.0, 'satura': True}",,314.07,354.0,258.0,15.0,hold,11.5,496.53,76.3,326.45,15.9,múltiplo propio,4.0,1.22,True,,,reportado,,,,,,,3.44,6.43,18.1,,1.24,22.4,1.23,False,-0.19,33.6,Operating Income,36.6,20.1,22.0,2026-10-30,False,True,False,8.0,STRONG,9.0,,5.35,65.7,0.62,,,,,,45.7,26.0,12.2,24.5,2026-10-08 06:13:03,2026-10-08,CONFIRMED_UPTREND,TRADE,False,50,Price below 150/200 MA - weak trend,NEUTRAL,40,"No clear pattern (0.9x ratio, 47% up volume)",HIGH_FLOAT,104.0,22.0,62.7,35.0,False,down,27.2,0.0,False,0.0,True,2.0,2.0,8.0,32.0,78.1,Top 25%,29.5,3.0,0.0,0.0,0.0,0.0,0.0,0.0,0.0,False,1/3,53.755,0.0,True,6.0,0.0,0.0,5.0,-0.5,-0.34,0.0,1.0,0.0,60.4,DISPERSOS,15.9,-34.6,,False,1.44,10.0,42.0,0,,-8,RELIABLE/AVOID (-8),0.0,WATCH,3.0,44,0.4068,BAJA,40.63,⭐ GOOD,,,,,,,,SENTIMIENTO,"Cboe registró resultados excepcionales en Q1-Q2 2026 (crecimiento de ingresos 25-29%, EPS +45-54%) y elevó guidance significativamente. La caída obedece a rotación sectorial tras aprobación de futuros perpetuos en junio 2026 que aumentó preocupaciones competitivas, no a deterioro del negocio.",https://www.sec.gov/Archives/edgar/data/0001374310/000162828026029103/cboe-20260501xex991.htm | https://www.sec.gov/Archives/edgar/data/0001374310/000162828026051217/cboe-20260731xex991.htm | https://www.sec.gov/Archives/edgar/data/1374310/000162828026005944/cboe-20260206xex991.htm | https://ir.cboe.com/news/news-details/2026/Cboe-Global-Markets-Reports-Results-for-First-Quarter-2026-and-Continued,False,1,1.174,False,-23.77,24.3,-18.92,sideways,stage4_ma_alcista,ESPERAR,"Ha perdido la MA200, aunque la media sigue subiendo — corrección dentro de tendencia, espera a que la recupere","las 16 veces anteriores (RSI normal, bajo su MA200 que sube) cayó otro 4% de mediana (peor caso -34%); al año el 88% estaba en positivo (mediana +22%).",16,-3.8,-33.5,88,False,"soporte vivo más cercano en 277.94 (-1.3%), puesto a prueba hace 26 días; aguantó 6 y se rompió 1",277.94,-1.3,26.0,6.0,1.0,False
THC,0.0,,,,28.1,Tenet Healthcare Corporation,78.1,Healthcare,Medical Care Facilities,100.0,60.0,79.4,75.0,60.0,259.83,20921249792.0,80.0,78.3,False,down,186.8,False,0.0,14.6,False,0.0,2.9,2.8,False,283.05,-8.2,7.0,True,-1.0,"{'roe_pct': 37.3, 'debt_to_equity': 1.52, 'current_ratio': 1.41, 'operating_margin_pct': 18.2}","{'eps_growth_yoy': 186.8, 'op_growth_yoy': 68.7, 'crecimiento_respaldado': False, 'crecimiento_puntuado': 93.7, 'positive_quarters': 4, 'earnings_accelerating': False, 'eps_accel_quarters': 0, 'profit_margin_pct': 10.3, 'score_bruto_sin_capar': 100.0, 'satura': False}",,284.64,315.0,260.0,22.0,buy,9.5,431.86,66.2,332.44,27.9,múltiplo propio,4.0,0.72,False,,,reportado,,,,,,,,9.93,25.8,30.9,,,2.21,True,-8.53,5.4,Operating Income,5.7,213.4,21.0,2026-10-29,False,True,True,6.0,NEUTRAL,9.0,,9.57,31.7,0.41,,,,,,47.9,0.0,8.4,23.4,2026-10-08 06:13:03,2026-10-08,CONFIRMED_UPTREND,TRADE,True,100,Passes Minervini Template (6/6 criteria),NEUTRAL,40,"No clear pattern (1.0x ratio, 48% up volume)",HIGH_FLOAT,79.7,2.0,31.9,80.0,False,down,78.3,3.0,False,0.0,False,0.0,0.0,1.0,32.0,100.0,Top 10%,60.2,5.0,0.0,3.0,7.0,0.0,0.0,0.0,0.0,False,2/3,58.645,5.0,True,8.0,0.0,3.0,5.0,0.0,-0.16,0.0,0.0,0.0,38.3,DISPERSOS,27.9,-37.6,,False,1.19,2.0,49.0,1,Appaloosa (Tepper),0,MIXED/INSUFFICIENT (0),0.0,,0.0,16,0.2812,BAJA,27.31,🔵 DECENT,,,,,,,,,,,False,2,0.84,False,-8.2,64.89,13.82,sideways,stage2,VIGILAR,Sobre MA200 pero las medias aún no están apiladas (50>150>200) — falta confirmación,"las 32 veces anteriores (RSI normal, sobre su MA200 que sube) o paró casi donde estaba o se desplomó hasta -70% — sin término medio; al año el 72% estaba en positivo (mediana +23%).",32,-16.6,-69.9,72,True,"soporte vivo más cercano en 254.11 (-2.2%), puesto a prueba hace 14 días; aguantó 6 de 6 veces",254.11,-2.2,14.0,6.0,0.0,False
DVA,0.0,,,,24.2,DaVita Inc.,58.2,Healthcare,Medical Care Facilities,75.0,50.0,38.6,60.0,65.0,176.78,11346624512.0,35.0,42.2,False,down,21.2,False,0.0,6.0,False,0.0,13.2,7.2,True,247.49,-28.6,3.0,False,-4.9,"{'roe_pct': 88.5, 'debt_to_equity': 12.42, 'current_ratio': 1.47, 'operating_margin_pct': 16.1}","{'eps_growth_yoy': 21.2, 'op_growth_yoy': 9.3, 'crecimiento_respaldado': True, 'positive_quarters': 4, 'earnings_accelerating': False, 'eps_accel_quarters': 0, 'profit_margin_pct': 6.0, 'score_bruto_sin_capar': 75.0, 'satura': False}",,219.86,270.0,165.0,7.0,buy,24.4,481.99,172.6,154.91,-12.4,múltiplo propio,4.0,0.19,False,,,reportado,,,,,,,,11.01,19.46,22.8,,,,True,-14.57,3.5,Operating Income,3.4,39.1,20.0,2026-10-28,False,True,True,6.0,NEUTRAL,9.0,,7.71,32.8,0.54,,,,,,5.0,0.0,7.3,17.5,2026-10-08 06:13:03,2026-10-08,CONFIRMED_UPTREND,TRADE,False,50,Price below 150/200 MA - weak trend,DISTRIBUTION,35,"Moderate distribution (0.8x ratio, 43% up volume)",MEDIUM_FLOAT,33.9,27.0,24.7,35.0,False,down,42.2,0.0,False,0.0,False,0.0,0.0,1.0,32.0,100.0,Top 10%,60.2,5.0,0.0,0.0,0.0,0.0,0.0,0.0,0.0,False,1/3,57.190000000000005,5.0,True,8.0,0.0,3.0,5.0,0.0,0.65,0.0,0.0,0.0,185.0,CONTRADICEN,,36.8,MEDIA,False,3.05,2.0,57.0,1,Berkshire Hathaway (Buffett),0,MIXED/INSUFFICIENT (0),0.0,,0.0,9,0.2424,BAJA,5.82,🔵 DECENT,,,,,,,,SIN_DATOS,,,False,1,0.795,False,-28.57,75.03,2.43,sideways,stage2,VIGILAR,Sobre MA200 pero las medias aún no están apiladas (50>150>200) — falta confirmación,"las 33 veces anteriores (RSI normal, sobre su MA200 que sube) cayó otro 12% de mediana (peor caso -41%); al año el 58% estaba en positivo (mediana +6%).",33,-12.3,-41.4,58,False,"soporte vivo más cercano en 175.34 (-0.8%), puesto a prueba hace 13 días; aguantó 5 de 5 veces",175.34,-0.8,13.0,5.0,0.0,False
SAP,0.0,,,,36.0,SAP SE,75.8,Technology,Software - Application,95.0,60.0,61.4,90.0,65.0,210.13,242532958208.0,35.0,33.1,False,up,28.5,False,0.0,9.4,True,1.0,0.4,2.2,False,281.37,-25.3,4.0,False,0.6,"{'roe_pct': 18.3, 'debt_to_equity': 0.22, 'current_ratio': 1.15, 'operating_margin_pct': 27.6}","{'eps_growth_yoy': 28.5, 'op_growth_yoy': 7.2, 'crecimiento_respaldado': True, 'positive_quarters': 4, 'earnings_accelerating': False, 'eps_accel_quarters': 0, 'profit_margin_pct': 20.4, 'score_bruto_sin_capar': 95.0, 'satura': False}",,252.5,319.0,177.0,12.0,buy,20.2,228.65,8.8,304.79,45.0,múltiplo propio,3.0,0.55,True,2024-12-31,,reportado,,,,,,,2.93,4.03,8.47,,1.39,37.7,1.35,True,-1.45,18.2,Operating Income,20.7,30.6,13.0,2026-10-21,False,True,True,8.0,STRONG,9.0,,0.28,131.1,0.73,,,,,,17.5,0.0,10.8,22.7,2026-10-08 06:13:03,2026-10-08,CONFIRMED_UPTREND,TRADE,False,50,150 MA below 200 MA - not in Stage 2,ACCUMULATION,60,"Moderate accumulation (1.0x ratio, 49% up volume)",MEGA_FLOAT,14500.7,23.0,33.5,35.0,False,up,33.1,2.0,False,0.0,True,1.0,2.0,9.0,32.0,75.0,Top 25%,29.4,3.0,0.0,0.0,0.0,0.0,0.0,0.0,0.0,False,2/3,48.32000000000001,8.0,True,3.0,0.0,3.0,5.0,0.4,2.12,0.0,0.0,0.0,36.2,DISPERSOS,20.2,-6.7,,False,2.52,10.0,99.0,0,,-8,RELIABLE/AVOID (-8),0.0,CAUTION,-3.0,45,0.3601,BAJA,7.58,🔵 DECENT,,,,,,,,EVENTO,"SAP sufrió dos shocks sucesivos pero acotados: en enero 2026, guidance de cloud 2026 decepcionó expectativas (-14-15% en un día); en julio 2026, después de reportar Q2 sólido (cloud +24% constantes, cartera +27%), recortó guidance de EBIT 2026 por €100M+ en dilución de adquisiciones Dremio y Prior L",https://es.investing.com/news/transcripts/transcripcion-del-informe-de-resultados-sap-q1-2026-muestra-resultados-mixtos-la-accion-cae-93CH-3619031 | https://news.sap.com/2026/04/sap-to-announce-q1-2026-results/ | https://www.megabolsa.com/2026/04/24/resultados-de-sap-en-el-primer-trimestre-mejores-de-lo-esperado/ | https://www.sap.com/docs/download/investors/2026/sap-2026-q2-statement.pdf,False,2,0.741,False,-24.02,44.95,15.07,uptrend,stage1,VIGILAR,Construyendo base (lateral) — espera la reconquista de las medias,"las 12 veces anteriores (RSI normal, sobre su MA200 que baja) cayó otro 13% de mediana (peor caso -41%); al año el 50% estaba en positivo (mediana -3%).",12,-12.8,-40.9,50,False,"soporte vivo más cercano en 207.47 (-1.3%), puesto a prueba hace 19 días; aguantó 3 de 3 veces",207.47,-1.3,19.0,3.0,0.0,False
AMZN,0.0,,,,34.0,"Amazon.com, Inc.",69.1,Consumer Cyclical,Internet Retail,85.0,60.0,46.7,85.0,65.0,259.92,2803578699776.0,35.0,46.6,False,up,76.7,True,1.0,16.6,False,0.0,0.8,2.5,False,287.2,-9.5,7.0,True,0.7,"{'roe_pct': 30.6, 'debt_to_equity': 0.46, 'current_ratio': 1.03, 'operating_margin_pct': 13.7}","{'eps_growth_yoy': 76.7, 'op_growth_yoy': 29.6, 'crecimiento_respaldado': False, 'crecimiento_puntuado': 54.6, 'positive_quarters': 4, 'earnings_accelerating': True, 'eps_accel_quarters': 1, 'profit_margin_pct': 17.4, 'score_bruto_sin_capar': 110.0, 'satura': True}",,330.59,405.0,230.0,57.0,strong_buy,27.2,,,493.46,89.9,múltiplo propio,3.0,0.51,True,,,reportado,,"el capex se lleva el 82% del flujo operativo: lo que queda no es lo que gana el dueño, es lo que sobra tras decidir invertir",,,,,,1.06,2.76,,,,,False,,33.7,Operating Income,46.6,242.3,21.0,2026-10-29,False,True,True,6.0,NEUTRAL,9.0,,2.76,17.6,0.83,,,,,,39.9,0.0,10.2,20.7,2026-10-08 06:13:03,2026-10-08,CONFIRMED_UPTREND,TRADE,True,100,Passes Minervini Template (6/6 criteria),NEUTRAL,40,"No clear pattern (1.0x ratio, 48% up volume)",MEGA_FLOAT,9810.8,5.0,30.9,35.0,False,up,46.6,2.0,True,1.0,False,0.0,2.0,,32.0,,Sin datos suficientes,46.6,0.0,0.0,3.0,7.0,0.0,0.0,0.0,0.0,False,2/3,55.34,0.0,False,0.0,0.0,0.0,5.0,0.19,0.72,0.0,0.0,0.0,,,58.6,-62.7,,False,3.4,2.0,148.0,1,Pershing Square (Ackman),0,MIXED/INSUFFICIENT (0),0.0,CONFIRM,5.0,17,0.3396,BAJA,26.41,🔵 DECENT,,,,,,,,,,,True,3,0.759,False,-9.5,32.61,-3.65,uptrend,stage2,ENTRADA,Stage 2: sobre MA200 ascendente sin sobreextensión — suelo confirmado,"las 46 veces anteriores (RSI normal, sobre su MA200 que sube) cayó otro 9% de mediana (peor caso -43%); al año el 85% estaba en positivo (mediana +24%).",46,-9.4,-42.7,85,False,"soporte vivo más cercano en 255.08 (-1.9%), puesto a prueba hace 37 días; aguantó 5 y se rompió 2",255.08,-1.9,37.0,5.0,2.0,False
ADSK,0.0,,,,30.8,"Autodesk, Inc.",72.0,Technology,Software - Application,100.0,70.0,38.7,65.0,70.0,235.05,49125449728.0,15.0,22.9,False,down,57.2,False,0.0,16.1,True,1.0,4.4,3.7,False,320.0,-26.5,1.0,False,0.6,"{'roe_pct': 53.9, 'debt_to_equity': 1.1, 'current_ratio': 0.85, 'operating_margin_pct': 29.2}","{'eps_growth_yoy': 57.2, 'op_growth_yoy': 32.9, 'crecimiento_respaldado': True, 'positive_quarters': 4, 'earnings_accelerating': False, 'eps_accel_quarters': 0, 'profit_margin_pct': 21.1, 'score_bruto_sin_capar': 105.0, 'satura': True}",,307.54,375.0,215.0,34.0,buy,30.8,245.97,4.6,,,,,,,,múltiplo propio 59x fuera del rango 8-45,reportado,,,,,,,,5.74,13.49,,,,0.18,True,-1.86,,,,59.6,50.0,2026-11-27,False,True,False,7.0,NEUTRAL,9.0,,3.75,645.3,1.44,,,,,,5.800000000000001,0.0,9.2,21.6,2026-10-08 06:13:03,2026-10-08,CONFIRMED_UPTREND,TRADE,False,0,Price below 150/200 MA - weak trend,NEUTRAL,40,"No clear pattern (0.9x ratio, 45% up volume)",MEGA_FLOAT,208.4,25.0,30.8,15.0,False,down,22.9,0.0,False,0.0,True,1.0,2.0,9.0,32.0,75.0,Top 25%,29.4,3.0,0.0,0.0,-5.0,0.0,0.0,0.0,0.0,False,1/3,54.34,8.0,True,6.0,0.0,3.0,5.0,0.0,-1.7,0.0,1.0,0.0,,,17.7,26.2,MEDIA,True,3.85,5.0,40.0,0,,0,MIXED/INSUFFICIENT (0),0.0,BEST,8.0,19,0.3075,BAJA,0.0,🔵 DECENT,,,,,,,,SIN_DATOS,,,False,2,0.863,False,-27.45,26.71,-10.48,sideways,stage4,ESPERAR,En caída (bajo MA200 descendente) — espera a que haga suelo,"las 15 veces anteriores (RSI normal, bajo su MA200 que baja) cayó otro 9% de mediana (peor caso -41%); al año el 73% estaba en positivo (mediana +18%).",15,-8.6,-40.6,73,False,"soporte vivo más cercano en 231.56 (-1.5%), puesto a prueba hace 69 días; aguantó 10 y se rompió 2",231.56,-1.5,69.0,10.0,2.0,False
RACE,0.0,,,,29.0,Ferrari N.V.,73.2,Consumer Cyclical,Auto Manufacturers,95.0,70.0,36.0,90.0,65.0,386.39,67772796928.0,15.0,22.0,False,down,9.0,True,2.0,8.4,True,2.0,2.9,9.9,False,437.15,-11.6,5.0,False,-5.4,"{'roe_pct': 45.4, 'debt_to_equity': 0.86, 'current_ratio': 2.43, 'operating_margin_pct': 31.1}","{'eps_growth_yoy': 9.0, 'op_growth_yoy': 9.5, 'crecimiento_respaldado': True, 'positive_quarters': 4, 'earnings_accelerating': True, 'eps_accel_quarters': 2, 'profit_margin_pct': 22.2, 'score_bruto_sin_capar': 95.0, 'satura': False}",,452.99,514.94,401.7,12.0,strong_buy,17.2,292.61,-24.3,477.16,23.5,múltiplo propio,4.0,0.19,False,,,reportado,,,,,,,4.23,2.42,9.35,,1.09,39.2,0.64,True,-1.12,63.9,Operating Income,63.9,10.1,26.0,2026-11-03,False,True,False,9.0,STRONG,9.0,,3.01,46.7,1.5,,,,,,44.7,0.0,8.7,22.0,2026-10-08 06:13:03,2026-10-08,CONFIRMED_UPTREND,TRADE,True,83,Passes Minervini Template (5/6 criteria),ACCUMULATION,60,"Moderate accumulation (1.1x ratio, 50% up volume)",HIGH_FLOAT,173.5,0.0,30.7,15.0,False,down,22.0,0.0,True,2.0,True,2.0,8.0,,32.0,,Sin datos suficientes,22.0,0.0,0.0,3.0,3.0,0.0,0.0,0.0,0.0,False,3/3,46.23,0.0,True,0.0,0.0,3.0,3.0,-1.9,-2.11,0.0,2.0,-1.5,47.8,CONTRADICEN,,41.5,ALTA,False,2.15,10.0,120.0,0,,-8,RELIABLE/AVOID (-8),0.0,REVISION_UP,11.0,45,0.2899,BAJA,20.82,🔵 DECENT,,,,,,,,,,,False,2,1.007,False,-21.04,25.07,-3.92,sideways,stage2,VIGILAR,Sobre MA200 pero las medias aún no están apiladas (50>150>200) — falta confirmación,"las 32 veces anteriores (RSI normal, sobre su MA200 que sube) cayó otro 9% de mediana (peor caso -36%); al año el 78% estaba en positivo (mediana +16%).",32,-9.3,-36.5,78,False,"soporte vivo más cercano en 381.21 (-1.3%), puesto a prueba hace 6 días; aguantó 4 y se rompió 1",381.21,-1.3,6.0,4.0,1.0,False
4684.T,0.0,,,,11.9,"OBIC Co.,Ltd.",78.3,Technology,Software - Application,95.0,70.0,79.0,70.0,60.0,5174.0,2221683769344.0,,,,,16.4,True,1.0,11.5,True,1.0,,,False,5217.0,-0.8,6.0,False,7.9,"{'roe_pct': 16.6, 'current_ratio': 7.21, 'operating_margin_pct': 67.7}","{'eps_growth_yoy': 16.4, 'op_growth_yoy': 13.3, 'crecimiento_respaldado': True, 'positive_quarters': 4, 'earnings_accelerating': True, 'eps_accel_quarters': 1, 'profit_margin_pct': 56.2, 'score_bruto_sin_capar': 95.0, 'satura': False}",,5513.33,6200.0,4500.0,12.0,buy,6.6,5105.29,-1.3,5269.09,1.8,múltiplo propio,4.0,0.41,False,,,reportado,,,,,,,94.0,3.25,168.16,,1.84,49.1,1.24,,,,,,19.5,18.0,2026-10-27,False,True,True,4.0,NEUTRAL,9.0,,4.44,35.7,2.16,,,,,,22.1,0.0,3.6,23.5,2026-10-08 06:13:03,2026-10-08,CONFIRMED_UPTREND,TRADE,False,66,150 MA below 200 MA - not in Stage 2,STRONG_ACCUMULATION,75,"Strong institutional buying (1.7x ratio, 61% up volume)",MEGA_FLOAT,317.8,23.0,27.1,,,,,0.0,True,1.0,True,1.0,5.0,9.0,32.0,75.0,Top 25%,29.4,3.0,0.0,5.0,5.0,0.0,0.0,0.0,0.0,False,2/3,54.115,8.0,True,3.0,3.0,0.0,5.0,0.0,0.0,0.0,0.0,0.0,3.1,CONTRADICEN,,7.9,,False,0.82,0.0,94.0,0,,0,,0.0,,0.0,20,0.1187,BAJA,30.33,🔵 DECENT,,,,,,,,,,,False,2,0.739,False,-0.52,43.38,17.68,uptrend,stage3,VIGILAR,Extendida cerca de máximos — espera un pullback,"las 46 veces anteriores (RSI normal, sobre su MA200 que sube) cayó otro 9% de mediana (peor caso -32%); al año el 80% estaba en positivo (mediana +19%).",46,-8.9,-31.5,80,False,"soporte vivo más cercano en 4859.99 (-6.1%), puesto a prueba hace 10 días; aguantó 6 y se rompió 3",4859.99,-6.1,10.0,6.0,3.0,False
GGG,0.0,,,,39.6,Graco Inc.,68.6,Industrials,Specialty Industrial Machinery,95.0,60.0,26.7,95.0,55.0,77.44,12541704192.0,15.0,5.8,False,down,13.6,True,1.0,3.3,True,1.0,4.3,2.2,False,95.69,-19.1,1.0,False,-2.2,"{'roe_pct': 21.2, 'debt_to_equity': 0.02, 'current_ratio': 2.99, 'operating_margin_pct': 29.7}","{'eps_growth_yoy': 13.6, 'op_growth_yoy': 11.2, 'crecimiento_respaldado': True, 'positive_quarters': 4, 'earnings_accelerating': True, 'eps_accel_quarters': 1, 'profit_margin_pct': 23.5, 'score_bruto_sin_capar': 95.0, 'satura': False}",,91.29,100.0,84.0,7.0,hold,17.9,80.16,3.5,85.42,10.3,múltiplo propio,4.0,0.19,False,,,reportado,,,,,,,1.18,5.01,3.88,,1.5,35.8,1.21,True,-1.68,194.7,Operating Income,205.3,5.8,13.0,2026-10-21,False,True,True,6.0,NEUTRAL,9.0,,4.96,34.2,4.42,,,,,,8.5,0.0,11.9,20.6,2026-10-08 06:13:03,2026-10-08,CONFIRMED_UPTREND,TRADE,False,16,Price below 150/200 MA - weak trend,DISTRIBUTION,25,"Moderate distribution (0.6x ratio, 36% up volume)",HIGH_FLOAT,160.3,27.0,32.5,15.0,False,down,5.8,0.0,True,1.0,True,1.0,5.0,6.0,32.0,84.4,Top 25%,35.4,3.0,0.0,0.0,-5.0,0.0,0.0,0.0,0.0,False,1/3,53.41999999999999,0.0,True,6.0,3.0,3.0,3.0,0.0,0.0,0.0,0.0,0.0,6.8,COHERENTES,10.3,11.0,,False,2.24,2.0,83.0,0,,0,MIXED/INSUFFICIENT (0),0.0,CAUTION,-1.0,20,0.3955,BAJA,0.0,🔵 DECENT,,,,,,,,SIN_DATOS,,,False,0,0.867,False,-18.48,7.22,-26.85,downtrend,stage1,ESPERAR,En caída (bajo MA200 descendente) — espera a que haga suelo,"las 13 veces anteriores (RSI normal, bajo su MA200 que baja) cayó otro 10% de mediana (peor caso -22%); al año el 77% estaba en positivo (mediana +17%).",13,-9.8,-21.8,77,False,"soporte vivo más cercano en 76.77 (-0.9%), puesto a prueba hace 37 días; aguantó 1 y se rompió 1",76.77,-0.9,37.0,1.0,1.0,False
NYT,0.0,,,,39.6,The New York Times Company,67.0,Communication Services,Publishing,90.0,70.0,24.0,75.0,65.0,64.9,10467304448.0,15.0,6.3,False,down,12.6,True,1.0,11.2,True,1.0,8.6,7.1,True,87.1,-25.5,2.0,False,-3.0,"{'roe_pct': 19.7, 'current_ratio': 1.58, 'operating_margin_pct': 17.1}","{'eps_growth_yoy': 12.6, 'op_growth_yoy': 11.5, 'crecimiento_respaldado': True, 'positive_quarters': 4, 'earnings_accelerating': True, 'eps_accel_quarters': 1, 'profit_margin_pct': 13.3, 'score_bruto_sin_capar': 90.0, 'satura': False}",,78.56,90.0,63.0,9.0,buy,21.0,87.95,35.5,75.23,15.9,múltiplo propio,4.0,0.16,False,,,reportado,,,,,,,0.92,5.96,3.87,,1.44,32.1,0.93,False,-0.79,420.4,Operating Income,423.0,14.0,27.0,2026-11-04,False,True,False,8.0,STRONG,9.0,,4.66,52.6,0.79,,,,,,12.0,0.0,11.9,20.1,2026-10-08 06:13:03,2026-10-08,CONFIRMED_UPTREND,TRADE,False,50,Price below 150/200 MA - weak trend,ACCUMULATION,60,"Moderate accumulation (1.1x ratio, 51% up volume)",HIGH_FLOAT,133.7,20.0,32.0,15.0,False,down,6.3,0.0,True,1.0,True,1.0,5.0,,32.0,,Sin datos suficientes,6.3,0.0,0.0,0.0,-5.0,0.0,0.0,0.0,0.0,False,2/3,51.67999999999999,5.0,True,6.0,0.0,0.0,3.0,0.0,1.14,0.0,1.0,0.0,19.6,COHERENTES,21.0,-4.7,,False,2.62,10.0,66.0,1,Berkshire Hathaway (Buffett),0,MIXED/INSUFFICIENT (0),0.0,,0.0,45,0.3955,BAJA,0.0,🔵 DECENT,,,,,,,,SIN_DATOS,,,False,1,1.01,False,-24.99,21.42,-35.67,downtrend,stage4_ma_alcista,ESPERAR,"Ha perdido la MA200, aunque la media sigue subiendo — corrección dentro de tendencia, espera a que la recupere","las 17 veces anteriores (RSI normal, bajo su MA200 que sube) o paró casi donde estaba o se desplomó hasta -41% — sin término medio; al año el 59% estaba en positivo (mediana +27%).",17,-9.9,-41.3,59,True,"soporte vivo más cercano en 63.04 (-2.9%), puesto a prueba hace 15 días; aguantó 1 de 1 veces",63.04,-2.9,15.0,1.0,0.0,False
BR,0.0,,,,34.0,"Broadridge Financial Solutions, Inc.",63.2,Technology,Information Technology Services,80.0,50.0,38.7,80.0,70.0,160.13,18078683136.0,15.0,14.0,False,down,6.4,True,1.0,7.5,False,0.0,2.9,2.6,False,237.98,-32.7,1.0,False,-4.8,"{'roe_pct': 40.9, 'debt_to_equity': 1.24, 'current_ratio': 1.24, 'operating_margin_pct': 24.6}","{'eps_growth_yoy': 6.4, 'op_growth_yoy': 9.5, 'crecimiento_respaldado': True, 'positive_quarters': 4, 'earnings_accelerating': True, 'eps_accel_quarters': 1, 'profit_margin_pct': 15.0, 'score_bruto_sin_capar': 80.0, 'satura': False}",,213.38,250.0,176.0,8.0,buy,33.3,246.52,53.9,298.98,86.7,múltiplo propio,4.0,0.62,False,,,reportado,,,,,,,4.36,6.82,10.92,,2.75,40.6,1.66,True,-2.28,11.6,Operating Income,13.9,5.9,26.0,2026-11-03,False,True,False,8.0,STRONG,9.0,,6.13,176.7,0.63,,,,,,4.199999999999999,0.0,10.2,19.0,2026-10-08 06:13:03,2026-10-08,CONFIRMED_UPTREND,TRADE,False,0,Price below 150/200 MA - weak trend,NEUTRAL,40,"No clear pattern (1.0x ratio, 48% up volume)",HIGH_FLOAT,113.5,22.0,29.2,15.0,False,down,14.0,0.0,True,1.0,False,0.0,2.0,18.0,32.0,46.9,Bajo 50%,16.6,0.0,0.0,0.0,-5.0,0.0,0.0,0.0,0.0,False,1/3,49.78,8.0,True,6.0,3.0,3.0,3.0,0.0,0.0,0.0,0.0,0.0,32.8,DISPERSOS,53.9,-37.0,,True,4.16,10.0,7.0,0,,0,MIXED/INSUFFICIENT (0),0.0,CAUTION,2.0,45,0.3396,BAJA,0.0,⚪ WEAK,,,,,,,,SENTIMIENTO,"Broadridge reporta resultados sólidos y elevan guidance (ingresos recurrentes en extremo superior de rango 5-7%, EPS 8-12%), pero sufre presión por ventas internas de ejecutivos y recortes de precio objetivo de analistas a pesar del beat de Q1 FY2026.",https://www.sec.gov/Archives/edgar/data/1383312/000138331224000049/br-20241105.htm | https://www.sec.gov/Archives/edgar/data/1383312/000138331225000032/ex991earningsrelease1q2026.htm | https://finance.yahoo.com/news/broadridge-financial-solutions-full-2025-110743683.html | https://www.marketbeat.com/earnings/reports/2024-11-5-broadridge-financial-solutions-inc-stock/,False,1,0.659,False,-31.39,20.39,-10.1,sideways,stage4,ESPERAR,En caída (bajo MA200 descendente) — espera a que haga suelo,"las 9 veces anteriores (RSI normal, bajo su MA200 que baja) o paró casi donde estaba o se desplomó hasta -15% — sin término medio; al año el 89% estaba en positivo (mediana +31%).",9,-2.4,-14.8,89,True,"soporte vivo más cercano en 152.32 (-4.9%), puesto a prueba hace 69 días; aguantó 4 y se rompió 2",152.32,-4.9,69.0,4.0,2.0,False
MCO,0.0,,,,39.6,Moody's Corporation,68.5,Financial Services,Financial Data & Stock Exchanges,100.0,60.0,36.0,65.0,65.0,449.63,77867368448.0,15.0,2.4,False,down,51.9,True,2.0,15.1,False,0.0,1.9,4.2,False,546.88,-17.8,2.0,False,-6.1,"{'roe_pct': 76.9, 'debt_to_equity': 2.41, 'current_ratio': 1.19, 'operating_margin_pct': 49.5}","{'eps_growth_yoy': 51.9, 'op_growth_yoy': 27.4, 'crecimiento_respaldado': True, 'positive_quarters': 4, 'earnings_accelerating': True, 'eps_accel_quarters': 2, 'profit_margin_pct': 34.3, 'score_bruto_sin_capar': 125.0, 'satura': True}",,561.9,610.0,470.0,21.0,buy,25.0,315.88,-29.7,619.01,37.7,múltiplo propio,4.0,0.19,False,,,reportado,,,,,,,4.12,3.84,17.27,,0.91,25.0,0.8,False,,14.1,Operating Income,14.5,56.7,13.0,2026-10-21,False,True,True,8.0,STRONG,9.0,,4.09,107.9,1.06,,,,,,13.4,0.0,11.9,20.6,2026-10-08 06:13:03,2026-10-08,CONFIRMED_UPTREND,TRADE,False,16,Price below 150/200 MA - weak trend,NEUTRAL,40,"No clear pattern (0.9x ratio, 46% up volume)",HIGH_FLOAT,158.5,22.0,32.4,15.0,False,down,2.4,0.0,True,2.0,False,0.0,5.0,8.0,32.0,78.1,Top 25%,29.5,3.0,0.0,0.0,-5.0,0.0,0.0,0.0,0.0,False,1/3,48.38,0.0,True,3.0,0.0,0.0,5.0,0.0,0.0,0.0,0.0,0.0,67.4,CONTRADICEN,,54.7,ALTA,False,3.12,10.0,55.0,1,Berkshire Hathaway (Buffett),0,MIXED/INSUFFICIENT (0),0.0,CAUTION,-3.0,45,0.3955,BAJA,0.0,⚪ WEAK,,,,,,,,,,,False,1,0.907,False,-17.23,12.52,-11.83,sideways,stage1,VIGILAR,Construyendo base (lateral) — espera la reconquista de las medias,"las 9 veces anteriores (RSI normal, bajo su MA200 que baja) o paró casi donde estaba o se desplomó hasta -25% — sin término medio; al año el 89% estaba en positivo (mediana +23%).",9,-13.7,-24.7,89,True,"soporte vivo más cercano en 443.90 (-1.3%), puesto a prueba hace 8 días; aguantó 7 y se rompió 5",443.9,-1.3,8.0,7.0,5.0,False
NDAQ,0.0,,,,11.9,"Nasdaq, Inc.",72.6,Financial Services,Financial Data & Stock Exchanges,85.0,80.0,46.7,75.0,65.0,91.93,51386785792.0,35.0,34.9,False,down,12.2,False,0.0,20.5,True,1.0,2.0,2.7,False,101.79,-9.7,4.0,False,-2.8,"{'roe_pct': 16.5, 'debt_to_equity': 0.78, 'current_ratio': 1.01, 'operating_margin_pct': 49.3}","{'eps_growth_yoy': 12.2, 'op_growth_yoy': 22.4, 'crecimiento_respaldado': True, 'positive_quarters': 4, 'earnings_accelerating': False, 'eps_accel_quarters': 0, 'profit_margin_pct': 35.0, 'score_bruto_sin_capar': 85.0, 'satura': False}",,109.19,132.0,84.0,16.0,buy,18.8,80.01,-13.0,99.23,7.9,múltiplo propio,4.0,0.46,False,,,reportado,,,,,,,1.16,3.85,3.54,,1.26,32.7,1.27,True,-1.93,7.9,Operating Income,8.3,14.1,14.0,2026-10-22,False,True,True,9.0,STRONG,9.0,,4.03,199.9,1.79,,,,,,8.0,0.0,3.6,21.8,2026-10-08 06:13:03,2026-10-08,CONFIRMED_UPTREND,TRADE,False,50,150 MA below 200 MA - not in Stage 2,DISTRIBUTION,25,"Moderate distribution (0.7x ratio, 39% up volume)",MEGA_FLOAT,496.5,30.0,25.3,35.0,False,down,34.9,0.0,False,0.0,True,1.0,2.0,8.0,32.0,78.1,Top 25%,29.5,3.0,0.0,3.0,0.0,0.0,0.0,0.0,0.0,False,1/3,48.235,0.0,True,3.0,0.0,3.0,3.0,-0.44,-0.62,0.0,1.0,0.0,20.9,CONTRADICEN,,31.8,MEDIA,False,2.35,10.0,37.0,0,,0,MIXED/INSUFFICIENT (0),0.0,WATCH,3.0,45,0.1187,BAJA,16.259999999999998,⚪ WEAK,,,,,,,,,,,False,1,0.958,False,-8.77,20.5,-4.96,sideways,stage2,VIGILAR,Sobre MA200 pero las medias aún no están apiladas (50>150>200) — falta confirmación,"las 46 veces anteriores (RSI normal, sobre su MA200 que sube) cayó otro 6% de mediana (peor caso -34%); al año el 87% estaba en positivo (mediana +22%).",46,-6.5,-33.5,87,False,"soporte vivo más cercano en 91.23 (-0.8%), puesto a prueba hace 12 días; aguantó 2 y se rompió 2",91.23,-0.8,12.0,2.0,2.0,False
WTKWY,0.0,,,,27.8,Wolters Kluwer N.V.,65.5,Industrials,Specialty Business Services,100.0,50.0,42.3,50.0,70.0,79.33,17645936640.0,15.0,16.2,False,down,21.2,True,2.0,3.5,False,0.0,,,False,134.25,-40.9,3.0,False,0.2,"{'roe_pct': 146.1, 'debt_to_equity': 5.9, 'current_ratio': 0.69, 'operating_margin_pct': 26.9}","{'eps_growth_yoy': 21.2, 'op_growth_yoy': 5.4, 'crecimiento_respaldado': True, 'positive_quarters': 4, 'earnings_accelerating': True, 'eps_accel_quarters': 2, 'profit_margin_pct': 21.9, 'score_bruto_sin_capar': 105.0, 'satura': True}",,108.6,108.6,108.6,1.0,strong_buy,36.9,182.53,130.1,192.57,142.7,múltiplo propio,4.0,0.59,False,,,reportado,,,,,,,2.99,8.8,6.98,,3.84,43.3,1.7,,,,,,4.5,,,False,False,False,7.0,NEUTRAL,9.0,,7.86,639.0,0.93,,,,,,8.0,0.0,8.3,19.6,2026-10-08 06:13:03,2026-10-08,CONFIRMED_UPTREND,TRADE,False,16,150 MA below 200 MA - not in Stage 2,NEUTRAL,45,"No clear pattern (0.8x ratio, 43% up volume)",MEGA_FLOAT,222.6,25.0,28.0,15.0,False,down,16.2,0.0,True,2.0,False,0.0,5.0,17.0,32.0,50.0,Medio,18.4,0.0,0.0,0.0,0.0,0.0,0.0,0.0,0.0,False,1/3,38.84,0.0,True,8.0,5.0,0.0,1.0,0.0,0.0,0.0,0.0,0.0,12.6,COHERENTES,130.1,-99.5,,True,4.61,5.0,1.0,0,,-8,RELIABLE/AVOID (-8),0.0,BEST,8.0,14,0.2783,BAJA,6.550000000000001,⚪ WEAK,,,,,,,,SENTIMIENTO,"Wolters Kluwer mostró resultados sólidos en 2024 con crecimiento orgánico del 6%, márgenes operativos de 27.1% y EPS ajustado up 9-11%. La guidance fue reiterada y fortalecida para 2025. La caída del 40.9% no se explica por deterioro operativo.",https://finance.yahoo.com/news/wolters-kluwer-full-2024-earnings-043023672.html | https://finance.yahoo.com/news/wolters-kluwer-2024-half-report-060100271.html | https://finance.yahoo.com/news/wolters-kluwer-2024-full-report-070000393.html | https://live.euronext.com/en/products/equities/company-news/2025-02-26-wolters-kluwer-2024-full-year-report,False,2,0.764,False,-38.47,27.3,-3.42,uptrend,stage1,VIGILAR,Construyendo base (lateral) — espera la reconquista de las medias,"las 6 veces anteriores (RSI normal, sobre su MA200 que baja) cayó otro 3% de mediana (peor caso -57%); al año el 83% estaba en positivo (mediana +27%).",6,-3.4,-57.3,83,False,"soporte vivo más cercano en 77.91 (-1.8%), puesto a prueba hace 19 días; aguantó 7 y se rompió 2",77.91,-1.8,19.0,7.0,2.0,False
ICE,73.925,Excellent,Stage 1-2 Transition,18.10281431422808,11.9,"Intercontinental Exchange, Inc.",65.2,Financial Services,Financial Data & Stock Exchanges,85.0,60.0,34.7,75.0,65.0,152.59,85663186944.0,35.0,36.0,False,down,12.6,False,0.0,10.7,False,0.0,1.3,2.0,False,176.05,-13.3,2.0,False,-1.7,"{'roe_pct': 14.1, 'debt_to_equity': 0.69, 'current_ratio': 1.01, 'operating_margin_pct': 52.6}","{'eps_growth_yoy': 12.6, 'op_growth_yoy': 7.3, 'crecimiento_respaldado': True, 'positive_quarters': 4, 'earnings_accelerating': False, 'eps_accel_quarters': 0, 'profit_margin_pct': 38.2, 'score_bruto_sin_capar': 85.0, 'satura': False}",,185.0,236.0,159.0,15.0,buy,21.2,197.39,29.4,211.95,38.9,múltiplo propio,4.0,0.34,False,,,reportado,,,,,,,2.08,5.51,8.41,,1.36,28.2,1.23,True,-1.57,6.9,Operating Income,7.6,14.2,21.0,2026-10-29,False,True,True,8.0,STRONG,9.0,,4.73,114.8,0.58,,,,,,28.700000000000003,29.6,3.6,19.6,2026-10-08 06:13:03,2026-10-08,CONFIRMED_UPTREND,TRADE,False,16,Price below 150/200 MA - weak trend,NEUTRAL,40,"No clear pattern (0.9x ratio, 46% up volume)",MEGA_FLOAT,557.5,25.0,52.7,35.0,False,down,36.0,0.0,False,0.0,False,0.0,0.0,8.0,32.0,78.1,Top 25%,29.5,3.0,0.0,3.0,-5.0,0.0,0.0,0.0,0.0,False,1/3,38.675,0.0,True,6.0,0.0,3.0,3.0,-1.22,-0.92,0.0,1.0,-1.5,9.5,COHERENTES,29.4,-13.0,,False,2.65,10.0,32.0,0,,-8,RELIABLE/AVOID (-8),0.0,WATCH,3.0,45,0.1187,BAJA,44.9825,⚪ WEAK,,,,,,,,,,,False,1,0.9,False,-12.43,25.71,-20.02,sideways,stage4,ESPERAR,En caída (bajo MA200 descendente) — espera a que haga suelo,"las 6 veces anteriores (RSI normal, bajo su MA200 que baja) cayó otro 2% de mediana (peor caso -15%); al año el 100% estaba en positivo (mediana +23%).",6,-2.5,-15.3,100,False,"soporte vivo más cercano en 151.23 (-0.9%), puesto a prueba hace 12 días; aguantó 10 y se rompió 3",151.23,-0.9,12.0,10.0,3.0,False
LMT,0.0,,,,23.6,Lockheed Martin Corporation,67.8,Industrials,Aerospace & Defense,100.0,70.0,24.0,60.0,65.0,499.22,115215360000.0,15.0,0.4,False,down,436.8,True,2.0,10.5,True,1.0,1.2,2.3,False,692.0,-27.9,1.0,False,-9.2,"{'roe_pct': 89.2, 'debt_to_equity': 2.34, 'current_ratio': 1.19, 'operating_margin_pct': 12.0}","{'eps_growth_yoy': 436.8, 'op_growth_yoy': 231.4, 'crecimiento_respaldado': False, 'crecimiento_puntuado': 256.4, 'positive_quarters': 4, 'earnings_accelerating': True, 'eps_accel_quarters': 2, 'profit_margin_pct': 8.2, 'score_bruto_sin_capar': 115.0, 'satura': True}",,637.85,756.0,503.0,20.0,buy,27.8,678.28,35.9,545.76,9.3,múltiplo propio,4.0,0.33,False,,,reportado,,,,,,,13.8,7.6,37.94,,2.71,50.3,2.59,True,-1.37,8.2,Operating Income,7.7,310.7,14.0,2026-10-22,False,True,True,6.0,NEUTRAL,9.0,,5.75,70.9,,,,,,,5.399999999999999,0.0,7.1,20.3,2026-10-08 06:13:03,2026-10-08,CONFIRMED_UPTREND,TRADE,False,16,Price below 150/200 MA - weak trend,NEUTRAL,40,"No clear pattern (0.9x ratio, 46% up volume)",HIGH_FLOAT,197.4,22.0,27.4,15.0,False,down,0.4,0.0,True,2.0,True,1.0,8.0,26.0,32.0,21.9,Bottom 25%,4.2,-3.0,0.0,0.0,-5.0,0.0,0.0,0.0,0.0,False,1/3,46.3,0.0,True,6.0,3.0,3.0,5.0,0.17,-0.37,0.0,0.0,0.0,26.6,DISPERSOS,27.8,5.2,,False,3.48,2.0,33.0,0,,0,MIXED/INSUFFICIENT (0),0.0,CAUTION,-1.0,20,0.236,BAJA,0.0,⚪ WEAK,,,,,,,,,,,False,0,0.639,False,-26.94,16.24,-33.85,downtrend,stage4_ma_alcista,ESPERAR,"Ha perdido la MA200, aunque la media sigue subiendo — corrección dentro de tendencia, espera a que la recupere","las 11 veces anteriores (sobrevendido (RSI<25), bajo su MA200 que sube) o paró casi donde estaba o se desplomó hasta -25% — sin término medio; al año el 82% estaba en positivo (mediana +22%).",11,-10.3,-25.2,82,True,"soporte vivo más cercano en 496.06 (-0.6%), puesto a prueba hace 5 días; aguantó 6 y se rompió 1",496.06,-0.6,5.0,6.0,1.0,False
ROP,61.925,Excellent,Stage Unknown,16.639147696900118,11.9,"Roper Technologies, Inc.",60.7,Technology,Software - Application,85.0,50.0,36.0,60.0,65.0,358.57,35462885376.0,15.0,11.0,False,down,208.9,True,2.0,8.5,False,0.0,6.1,8.1,False,520.85,-31.2,1.0,False,-7.8,"{'roe_pct': 13.1, 'debt_to_equity': 0.61, 'current_ratio': 0.55, 'operating_margin_pct': 27.7}","{'eps_growth_yoy': 208.9, 'op_growth_yoy': 6.6, 'crecimiento_respaldado': False, 'crecimiento_puntuado': 31.6, 'positive_quarters': 4, 'earnings_accelerating': True, 'eps_accel_quarters': 2, 'profit_margin_pct': 30.2, 'score_bruto_sin_capar': 115.0, 'satura': True}",,439.43,550.0,335.0,14.0,buy,22.6,461.86,28.8,792.32,121.0,múltiplo propio,4.0,0.95,False,,,reportado,,,,,,,3.64,7.23,25.92,,1.0,14.5,0.59,True,-7.2,5.9,Operating Income,8.6,163.1,14.0,2026-10-22,False,True,True,6.0,NEUTRAL,9.0,,4.78,1424.7,,,,,,,22.5,24.8,3.6,18.2,2026-10-08 06:13:03,2026-10-08,CONFIRMED_UPTREND,TRADE,False,0,Price below 150/200 MA - weak trend,DISTRIBUTION,25,"Moderate distribution (0.7x ratio, 40% up volume)",HIGH_FLOAT,98.4,27.0,46.5,15.0,False,down,11.0,0.0,True,2.0,False,0.0,5.0,9.0,32.0,75.0,Top 25%,29.4,3.0,0.0,0.0,-5.0,0.0,0.0,0.0,0.0,False,1/3,38.275000000000006,8.0,True,6.0,0.0,3.0,5.0,0.0,-1.3,0.0,1.0,0.0,92.2,DISPERSOS,28.8,-52.3,,False,2.82,2.0,9.0,0,,-8,RELIABLE/AVOID (-8),0.0,CAUTION,-1.0,45,0.1187,BAJA,29.5325,⚪ WEAK,,,,,,,,,,,False,1,0.775,False,-30.55,17.78,-11.89,sideways,stage4,ESPERAR,En caída (bajo MA200 descendente) — espera a que haga suelo,"las 9 veces anteriores (RSI normal, bajo su MA200 que baja) o paró casi donde estaba o se desplomó hasta -40% — sin término medio; al año el 78% estaba en positivo (mediana +19%).",9,-14.6,-40.0,78,True,"soporte vivo más cercano en 347.38 (-3.1%), puesto a prueba hace 9 días; aguantó 7 y se rompió 3",347.38,-3.1,9.0,7.0,3.0,False
YUM,0.0,,,,12.0,"Yum! Brands, Inc.",61.8,Consumer Cyclical,Restaurants,85.0,70.0,24.0,50.0,65.0,140.35,38301667328.0,15.0,5.6,False,down,128.1,True,1.0,12.3,True,1.0,4.1,4.3,False,170.14,-17.5,1.0,False,-3.6,"{'current_ratio': 0.59, 'operating_margin_pct': 32.8}","{'eps_growth_yoy': 128.1, 'op_growth_yoy': 9.6, 'crecimiento_respaldado': False, 'crecimiento_puntuado': 34.6, 'positive_quarters': 4, 'earnings_accelerating': True, 'eps_accel_quarters': 1, 'profit_margin_pct': 25.4, 'score_bruto_sin_capar': 105.0, 'satura': True}",,171.2,200.0,147.0,22.0,buy,22.0,173.07,23.3,152.59,8.7,múltiplo propio,4.0,0.19,False,,,normalizado,tasa fiscal efectiva -0.9% — el beneficio del periodo no es representativo,,,,,,3.0,4.47,6.27,,2.15,36.8,1.83,True,-1.42,5.2,Operating Income,5.3,92.1,26.0,2026-11-03,False,True,False,5.0,NEUTRAL,9.0,,4.97,75.7,3.01,,,,,,0.0,0.0,3.6,18.5,2026-10-08 06:13:03,2026-10-08,CONFIRMED_UPTREND,TRADE,False,16,Price below 150/200 MA - weak trend,NEUTRAL,40,"No clear pattern (0.9x ratio, 46% up volume)",MEGA_FLOAT,272.2,25.0,22.1,15.0,False,down,5.6,0.0,True,1.0,True,1.0,5.0,28.0,32.0,15.6,Bottom 25%,2.4,-3.0,0.0,0.0,-5.0,0.0,0.0,0.0,0.0,False,1/3,44.82,0.0,True,3.0,3.0,3.0,5.0,-1.05,-0.98,0.0,1.0,-1.5,14.6,COHERENTES,22.0,6.0,,False,2.75,0.0,44.0,0,,0,MIXED/INSUFFICIENT (0),0.0,,0.0,20,0.1199,BAJA,0.0,⚪ WEAK,,,,,,,,,,,False,0,0.611,False,-17.09,4.54,-26.73,downtrend,stage1,ESPERAR,En caída (bajo MA200 descendente) — espera a que haga suelo,"las 13 veces anteriores (RSI normal, bajo su MA200 que baja) cayó otro 6% de mediana (peor caso -38%); al año el 100% estaba en positivo (mediana +16%).",13,-6.1,-37.8,100,False,"soporte vivo más cercano en 139.40 (-0.7%), puesto a prueba hace 22 días; aguantó 10 y se rompió 3",139.4,-0.7,22.0,10.0,3.0,False
MSCI,0.0,,,,36.0,MSCI Inc.,61.7,Financial Services,Financial Data & Stock Exchanges,85.0,60.0,36.0,50.0,65.0,555.38,40376127488.0,15.0,9.1,False,down,12.6,False,0.0,12.2,False,0.0,2.2,2.7,False,644.77,-13.9,3.0,False,-0.7,"{'current_ratio': 0.89, 'operating_margin_pct': 56.3}","{'eps_growth_yoy': 12.6, 'op_growth_yoy': 14.6, 'crecimiento_respaldado': True, 'positive_quarters': 4, 'earnings_accelerating': False, 'eps_accel_quarters': 0, 'profit_margin_pct': 40.7, 'score_bruto_sin_capar': 85.0, 'satura': False}",,688.35,760.0,570.0,17.0,strong_buy,23.9,401.96,-27.6,726.55,30.8,múltiplo propio,4.0,0.14,False,,,reportado,,,,,,,8.2,3.71,20.6,,1.48,42.1,1.02,True,-5.93,7.2,Operating Income,7.2,19.6,12.0,2026-10-20,False,True,True,8.0,STRONG,9.0,,3.68,856.0,1.82,,,,,,8.3,0.0,10.8,18.5,2026-10-08 06:13:03,2026-10-08,CONFIRMED_UPTREND,TRADE,False,50,Price below 150/200 MA - weak trend,DISTRIBUTION,35,"Moderate distribution (0.8x ratio, 45% up volume)",HIGH_FLOAT,69.0,27.0,29.3,15.0,False,down,9.1,0.0,False,0.0,False,0.0,0.0,8.0,32.0,78.1,Top 25%,29.5,3.0,0.0,3.0,0.0,0.0,0.0,0.0,0.0,False,1/3,44.73,0.0,True,3.0,0.0,3.0,5.0,-0.49,-0.54,0.0,0.0,0.0,58.4,CONTRADICEN,,51.5,ALTA,False,2.99,10.0,42.0,0,,0,MIXED/INSUFFICIENT (0),0.0,WATCH,0.0,43,0.3601,BAJA,15.17,⚪ WEAK,,,,,,,,,,,False,1,0.803,False,-13.56,12.07,-12.42,downtrend,stage1,ESPERAR,En caída (bajo MA200 descendente) — espera a que haga suelo,"las 15 veces anteriores (RSI normal, bajo su MA200 que sube) cayó otro 7% de mediana (peor caso -33%); al año el 87% estaba en positivo (mediana +18%).",15,-7.1,-32.9,87,False,"soporte vivo más cercano en 549.29 (-1.1%), puesto a prueba hace 29 días; aguantó 19 y se rompió 5",549.29,-1.1,29.0,19.0,5.0,False
ORLY,0.0,,,,22.1,"O'Reilly Automotive, Inc.",63.3,Consumer Cyclical,Auto Parts,90.0,70.0,24.0,50.0,65.0,84.61,68446171136.0,15.0,3.4,False,down,7.0,True,2.0,8.1,True,2.0,3.2,5.0,False,104.06,-18.7,1.0,False,-3.9,"{'current_ratio': 0.75, 'operating_margin_pct': 20.2}","{'eps_growth_yoy': 7.0, 'op_growth_yoy': 7.8, 'crecimiento_respaldado': True, 'positive_quarters': 4, 'earnings_accelerating': True, 'eps_accel_quarters': 2, 'profit_margin_pct': 14.3, 'score_bruto_sin_capar': 90.0, 'satura': False}",,107.35,120.0,91.0,26.0,buy,26.9,73.95,-12.6,85.14,0.6,múltiplo propio,4.0,0.22,False,,,reportado,,,,,,,,3.1,2.62,,,,,True,-3.44,14.4,Operating Income,14.4,10.3,20.0,2026-10-28,False,True,True,7.0,NEUTRAL,9.0,,4.43,40.0,2.32,,,,,,0.0,0.0,6.6,19.0,2026-10-08 06:13:03,2026-10-08,CONFIRMED_UPTREND,TRADE,False,16,Price below 150/200 MA - weak trend,DISTRIBUTION,35,"Moderate distribution (0.8x ratio, 44% up volume)",MEGA_FLOAT,801.2,30.0,25.6,15.0,False,down,3.4,0.0,True,2.0,True,2.0,8.0,29.0,32.0,12.5,Bottom 25%,2.4,-3.0,0.0,0.0,-5.0,0.0,0.0,0.0,0.0,False,1/3,44.425,0.0,True,3.0,0.0,3.0,3.0,0.0,-0.42,0.0,0.0,0.0,13.2,CONTRADICEN,,39.5,MEDIA,False,3.36,5.0,88.0,0,,0,MIXED/INSUFFICIENT (0),0.0,WATCH,3.0,6,0.2206,BAJA,0.0,⚪ WEAK,,,,,,,,,,,False,0,0.735,False,-18.69,2.45,-25.26,downtrend,stage1,ESPERAR,En caída (bajo MA200 descendente) — espera a que haga suelo,"las 6 veces anteriores (RSI normal, bajo su MA200 que baja) o paró casi donde estaba o se desplomó hasta -34% — sin término medio; al año el 83% estaba en positivo (mediana +49%).",6,-7.8,-33.5,83,True,"soporte vivo más cercano en 82.48 (-2.5%), puesto a prueba hace 2 días; aguantó 4 de 4 veces",82.48,-2.5,2.0,4.0,0.0,False
DOL.TO,0.0,,,,45.9,Dollarama Inc.,65.2,Consumer Defensive,Discount Stores,80.0,70.0,36.0,70.0,60.0,185.37,49747652608.0,15.0,22.2,False,down,8.7,True,1.0,17.6,True,1.0,,3.8,False,209.96,-11.7,3.0,False,1.6,"{'roe_pct': 93.1, 'debt_to_equity': 4.0, 'current_ratio': 1.55, 'operating_margin_pct': 23.1}","{'eps_growth_yoy': 8.7, 'op_growth_yoy': 5.0, 'crecimiento_respaldado': True, 'positive_quarters': 4, 'earnings_accelerating': True, 'eps_accel_quarters': 1, 'profit_margin_pct': 17.3, 'score_bruto_sin_capar': 80.0, 'satura': False}",,207.47,236.0,148.0,17.0,buy,11.9,204.65,10.4,153.2,-17.4,múltiplo propio,4.0,0.36,False,,,reportado,,,,,,,0.45,3.46,6.41,,0.24,9.1,0.26,True,-2.42,7.9,Operating Income,9.1,11.2,63.0,2026-12-10,False,True,False,5.0,NEUTRAL,9.0,,3.16,45.6,1.6,,,,,,16.299999999999997,0.0,13.8,19.6,2026-10-08 06:13:03,2026-10-08,CONFIRMED_UPTREND,TRADE,False,33,150 MA below 200 MA - not in Stage 2,NEUTRAL,40,"No clear pattern (0.9x ratio, 46% up volume)",MEGA_FLOAT,264.3,25.0,33.3,15.0,False,down,22.2,0.0,True,1.0,True,1.0,5.0,20.0,32.0,40.6,Bajo 50%,14.5,0.0,0.0,3.0,0.0,0.0,0.0,0.0,0.0,False,1/3,44.075,0.0,True,3.0,0.0,3.0,3.0,0.0,-0.23,0.0,0.0,0.0,27.8,CONTRADICEN,,29.3,MEDIA,False,1.49,0.0,119.0,0,,0,,0.0,WATCH,-3.0,20,0.4594,MEDIA,15.52,⚪ WEAK,,,,,,,,,,,False,2,0.819,False,-11.55,13.55,-8.62,sideways,stage1,VIGILAR,Construyendo base (lateral) — espera la reconquista de las medias,"las 2 veces anteriores (RSI normal, sobre su MA200 que baja) cayó otro 6% de mediana (peor caso -12%); al año el 100% estaba en positivo (mediana +13%). ⚠ solo 2 casos, no decide nada",2,-6.1,-11.5,100,False,"soporte vivo más cercano en 182.60 (-1.5%), puesto a prueba hace 47 días; aguantó 6 y se rompió 3",182.6,-1.5,47.0,6.0,3.0,False
FCNCA,0.0,,,,50.5,"First Citizens BancShares, Inc.",63.0,Financial Services,Banks - Regional,95.0,50.0,36.0,65.0,50.0,2071.56,23394375680.0,15.0,23.5,False,down,16.9,True,1.0,2.5,False,0.0,5.3,8.0,False,2296.3,-9.8,4.0,False,-4.1,"{'roe_pct': 10.7, 'operating_margin_pct': 39.0}","{'eps_growth_yoy': 16.9, 'positive_quarters': 4, 'earnings_accelerating': True, 'eps_accel_quarters': 1, 'profit_margin_pct': 25.2, 'score_bruto_sin_capar': 95.0, 'satura': False}",,2336.54,2525.0,2100.0,13.0,hold,12.8,,,1998.64,-3.5,múltiplo propio,4.0,1.01,True,,,reportado,,"Banks - Regional: el flujo operativo son depósitos, préstamos o primas, no caja libre para el accionista",,,11293120.0,,8.4,6.92,143.35,,0.41,4.4,0.29,True,-12.85,,,,12.4,15.0,2026-10-23,False,True,True,5.0,NEUTRAL,7.0,,,,0.34,,,,,,12.0,0.0,15.1,18.9,2026-10-08 06:13:03,2026-10-08,CONFIRMED_UPTREND,TRADE,False,50,150 MA below 200 MA - not in Stage 2,DISTRIBUTION,35,"Moderate distribution (0.8x ratio, 44% up volume)",MICRO_FLOAT,8.1,27.0,34.0,15.0,False,down,23.5,0.0,True,1.0,False,0.0,2.0,21.0,32.0,37.5,Bajo 50%,11.8,0.0,0.0,3.0,0.0,0.0,0.0,0.0,0.0,False,1/3,43.725,0.0,False,0.0,0.0,3.0,3.0,-0.12,-0.26,0.0,0.0,0.0,,,4.6,16.3,,False,1.6,0.0,,1,Appaloosa (Tepper),0,MIXED/INSUFFICIENT (0),0.0,,0.0,45,0.5054,MEDIA,15.3,⚪ WEAK,,,,,,,,,,,False,1,0.837,False,-9.7,28.11,-11.02,sideways,stage2,VIGILAR,Sobre MA200 pero las medias aún no están apiladas (50>150>200) — falta confirmación,"las 43 veces anteriores (RSI normal, sobre su MA200 que sube) cayó otro 8% de mediana (peor caso -45%); al año el 74% estaba en positivo (mediana +12%).",43,-7.7,-45.4,74,False,"soporte vivo más cercano en 2046.63 (-1.2%), puesto a prueba hace 15 días; aguantó 13 y se rompió 2",2046.63,-1.2,15.0,13.0,2.0,False
MA,0.0,,,,34.2,Mastercard Incorporated,71.6,Financial Services,Credit Services,95.0,70.0,46.7,65.0,65.0,570.06,499378225152.0,35.0,45.1,False,down,18.6,True,1.0,14.1,True,1.0,0.8,2.7,False,601.23,-5.2,4.0,False,-0.3,"{'roe_pct': 241.2, 'debt_to_equity': 4.4, 'current_ratio': 1.06, 'operating_margin_pct': 61.1}","{'eps_growth_yoy': 18.6, 'op_growth_yoy': 16.6, 'crecimiento_respaldado': True, 'positive_quarters': 4, 'earnings_accelerating': True, 'eps_accel_quarters': 1, 'profit_margin_pct': 46.3, 'score_bruto_sin_capar': 95.0, 'satura': False}",,666.71,740.0,550.0,37.0,strong_buy,17.0,576.85,1.2,634.86,11.4,múltiplo propio,4.0,0.12,False,,,reportado,,,,,,,3.48,3.25,18.53,,0.61,17.9,0.55,True,-3.39,28.1,Operating Income,28.0,22.1,21.0,2026-10-29,False,True,True,9.0,STRONG,9.0,,3.83,629.7,1.43,BEARISH,999.0,40.0,0.0,1.0,1.6999999999999993,0.0,10.3,21.5,2026-10-08 06:13:03,2026-10-08,CONFIRMED_UPTREND,TRADE,False,50,150 MA below 200 MA - not in Stage 2,DISTRIBUTION,35,"Moderate distribution (0.8x ratio, 43% up volume)",MEGA_FLOAT,868.4,30.0,31.7,35.0,False,down,45.1,0.0,True,1.0,True,1.0,5.0,15.0,32.0,56.2,Medio,22.8,0.0,0.0,3.0,0.0,-8.0,0.0,0.0,0.0,False,1/3,43.35,0.0,True,3.0,0.0,3.0,5.0,0.0,-0.63,0.0,0.0,0.0,10.2,COHERENTES,11.4,10.7,,False,2.12,10.0,38.0,0,,0,MIXED/INSUFFICIENT (0),0.0,CAUTION,-6.0,45,0.3425,BAJA,16.16,⚪ WEAK,,,,,,,,,,,False,1,0.886,False,-5.18,22.93,-1.5,sideways,stage2,VIGILAR,Sobre MA200 pero las medias aún no están apiladas (50>150>200) — falta confirmación,"las 50 veces anteriores (RSI normal, sobre su MA200 que sube) cayó otro 7% de mediana (peor caso -32%); al año el 86% estaba en positivo (mediana +19%).",50,-7.0,-32.4,86,False,"soporte vivo más cercano en 561.86 (-1.4%), puesto a prueba hace 29 días; aguantó 3 y se rompió 2",561.86,-1.4,29.0,3.0,2.0,False
CTAS,0.0,,,,29.0,Cintas Corporation,73.1,Industrials,Specialty Business Services,100.0,60.0,46.7,85.0,60.0,197.19,78780760064.0,35.0,40.1,False,down,14.0,True,2.0,8.9,True,1.0,3.8,6.3,False,219.17,-10.0,4.0,False,-1.7,"{'roe_pct': 41.4, 'debt_to_equity': 0.52, 'current_ratio': 1.45, 'operating_margin_pct': 24.1}","{'eps_growth_yoy': 14.0, 'op_growth_yoy': 15.2, 'crecimiento_respaldado': True, 'positive_quarters': 4, 'earnings_accelerating': True, 'eps_accel_quarters': 2, 'profit_margin_pct': 17.8, 'score_bruto_sin_capar': 100.0, 'satura': False}",,218.31,250.0,181.0,16.0,buy,10.7,120.15,-39.1,200.0,1.4,múltiplo propio,4.0,0.4,False,,,reportado,,,,,,,2.08,2.59,5.11,,1.06,36.7,0.85,True,-1.31,24.7,Operating Income,24.6,9.3,70.0,2026-12-17,False,True,False,8.0,STRONG,9.0,,3.25,82.5,2.17,,,,,,11.6,0.0,8.7,21.9,2026-10-08 06:13:03,2026-10-08,CONFIRMED_UPTREND,TRADE,False,50,150 MA below 200 MA - not in Stage 2,DISTRIBUTION,35,"Moderate distribution (0.7x ratio, 40% up volume)",MEGA_FLOAT,341.5,30.0,30.6,35.0,False,down,40.1,0.0,True,2.0,True,1.0,8.0,17.0,32.0,50.0,Medio,18.4,0.0,0.0,3.0,0.0,0.0,0.0,0.0,0.0,False,1/3,35.29,0.0,True,0.0,0.0,3.0,3.0,0.0,0.92,1.0,0.0,0.0,40.5,CONTRADICEN,,49.8,ALTA,False,1.34,10.0,94.0,0,,-8,RELIABLE/AVOID (-8),0.0,WATCH,0.0,45,0.2899,BAJA,16.31,⚪ WEAK,,,,,,,,,,,False,1,0.83,False,-9.8,23.01,-1.06,sideways,stage2,VIGILAR,Sobre MA200 pero las medias aún no están apiladas (50>150>200) — falta confirmación,"las 52 veces anteriores (RSI normal, sobre su MA200 que sube) cayó otro 2% de mediana (peor caso -47%); al año el 92% estaba en positivo (mediana +30%).",52,-2.5,-47.2,92,False,"soporte vivo más cercano en 195.66 (-0.8%), puesto a prueba hace 35 días; aguantó 5 y se rompió 3",195.66,-0.8,35.0,5.0,3.0,False
7741.T,0.0,,,,12.0,HOYA Corporation,76.8,Healthcare,Medical Instruments & Supplies,100.0,80.0,30.0,95.0,65.0,25095.0,8370733973504.0,,,,,25.2,True,2.0,12.4,True,2.0,,,False,30400.0,-17.5,4.0,False,2.6,"{'roe_pct': 26.5, 'debt_to_equity': 0.04, 'current_ratio': 4.91, 'operating_margin_pct': 32.4}","{'eps_growth_yoy': 25.2, 'op_growth_yoy': 14.6, 'crecimiento_respaldado': True, 'positive_quarters': 4, 'earnings_accelerating': True, 'eps_accel_quarters': 2, 'profit_margin_pct': 27.2, 'score_bruto_sin_capar': 115.0, 'satura': True}",,30200.0,36000.0,23100.0,15.0,strong_buy,20.3,16147.63,-35.7,24330.05,-3.0,múltiplo propio,4.0,0.22,False,,,reportado,,,,,,,295.0,2.8,702.66,,1.17,39.7,0.72,,,,,,30.0,21.0,2026-10-30,False,True,True,6.0,NEUTRAL,9.0,,6.91,55.3,2.22,,,,,,11.6,0.0,3.6,23.0,2026-10-08 06:13:03,2026-10-08,CONFIRMED_UPTREND,TRADE,False,50,Price below 150/200 MA - weak trend,ACCUMULATION,60,"Moderate accumulation (1.1x ratio, 51% up volume)",MEGA_FLOAT,334.6,23.0,26.6,,,,,0.0,True,2.0,True,2.0,8.0,10.0,32.0,71.9,Medio,29.0,0.0,0.0,0.0,0.0,0.0,0.0,0.0,0.0,False,2/3,35.07,5.0,True,0.0,0.0,0.0,5.0,0.0,-1.52,0.0,0.0,0.0,32.7,DISPERSOS,-3.0,39.7,MEDIA,False,2.54,2.0,28.0,0,,-8,RELIABLE/AVOID (-8),0.0,,0.0,41,0.1199,BAJA,7.68,⚪ WEAK,,,,,,,,,,,False,2,1.015,False,-17.68,26.35,-24.14,sideways,stage4_ma_alcista,ESPERAR,"Ha perdido la MA200, aunque la media sigue subiendo — corrección dentro de tendencia, espera a que la recupere","las 14 veces anteriores (RSI normal, bajo su MA200 que sube) o paró casi donde estaba o se desplomó hasta -26% — sin término medio; al año el 86% estaba en positivo (mediana +36%).",14,-6.9,-26.2,86,True,"soporte vivo más cercano en 24793.64 (-0.9%), puesto a prueba hace 49 días; aguantó 6 y se rompió 2",24793.64,-0.9,49.0,6.0,2.0,False
FDS,0.0,,,,21.0,FactSet Research Systems Inc.,61.0,Financial Services,Financial Data & Stock Exchanges,65.0,60.0,55.1,70.0,50.0,272.78,9701569536.0,35.0,48.9,False,down,-14.7,True,1.0,6.4,True,1.0,12.4,4.2,True,320.48,-14.9,4.0,False,-3.4,"{'roe_pct': 25.5, 'debt_to_equity': 0.77, 'current_ratio': 0.6, 'operating_margin_pct': 24.7}","{'eps_growth_yoy': -14.7, 'op_growth_yoy': -14.3, 'crecimiento_respaldado': True, 'positive_quarters': 4, 'earnings_accelerating': True, 'eps_accel_quarters': 1, 'profit_margin_pct': 21.5, 'score_bruto_sin_capar': 65.0, 'satura': False}",,277.56,340.0,212.0,16.0,hold,1.8,541.62,98.6,471.37,72.8,múltiplo propio,4.0,0.52,False,,,reportado,,,,,,True,4.64,7.35,20.05,,1.7,29.4,0.96,True,-6.31,13.6,Operating Income,14.1,-6.1,70.0,2026-12-17,False,True,False,6.0,NEUTRAL,9.0,,6.86,180.1,0.84,,,,,,13.6,0.0,6.3,18.3,2026-10-08 06:13:03,2026-10-08,CONFIRMED_UPTREND,TRADE,False,50,150 MA below 200 MA - not in Stage 2,NEUTRAL,40,"No clear pattern (1.0x ratio, 48% up volume)",MEDIUM_FLOAT,35.2,22.0,24.6,35.0,False,down,48.9,0.0,True,1.0,True,1.0,5.0,8.0,32.0,78.1,Top 25%,29.5,3.0,0.0,3.0,0.0,0.0,0.0,0.0,0.0,False,1/3,34.45,0.0,True,6.0,3.0,3.0,0.0,0.86,7.14,3.0,0.0,0.0,25.8,DISPERSOS,72.8,-83.9,,False,0.22,2.0,3.0,0,,-8,RELIABLE/AVOID (-8),0.0,BEST,3.0,27,0.2098,BAJA,15.1,⚪ WEAK,,,,,,,,,,,False,1,1.002,False,-14.88,49.49,13.97,sideways,stage1,VIGILAR,Construyendo base (lateral) — espera la reconquista de las medias,"las 13 veces anteriores (RSI normal, sobre su MA200 que baja) cayó otro 6% de mediana (peor caso -17%); al año el 77% estaba en positivo (mediana +14%).",13,-6.5,-17.1,77,False,"soporte vivo más cercano en 268.13 (-1.7%), puesto a prueba hace 1 días; aguantó 8 y se rompió 4",268.13,-1.7,1.0,8.0,4.0,False
MKC,0.0,,,,50.0,"McCormick & Company, Incorporated",52.8,Consumer Defensive,Packaged Foods,50.0,70.0,24.0,60.0,65.0,45.25,12175167488.0,15.0,1.0,False,down,-14.2,False,0.0,16.7,True,1.0,,5.9,False,72.41,-37.5,0.0,False,-11.9,"{'roe_pct': 22.6, 'debt_to_equity': 0.66, 'current_ratio': 0.66, 'operating_margin_pct': 17.8}","{'eps_growth_yoy': -14.2, 'op_growth_yoy': 30.1, 'crecimiento_respaldado': True, 'positive_quarters': 4, 'earnings_accelerating': False, 'eps_accel_quarters': 0, 'profit_margin_pct': 19.4, 'score_bruto_sin_capar': 50.0, 'satura': False}",,54.85,65.0,47.0,13.0,buy,21.2,86.35,90.8,,,múltiplo propio,4.0,0.34,False,,"objetivo 148 sobre un precio de 45 (+228%): el BPA no cuadra con el múltiplo histórico, no se publica",reportado,,,,,269064475.0,,1.92,7.55,3.42,,4.24,34.2,2.1,False,-0.11,5.8,Operating Income,5.5,-40.0,105.0,2027-01-21,False,True,False,6.0,NEUTRAL,9.0,,6.24,65.6,2.76,,,,,,0.0,0.0,,15.8,2026-10-08 06:13:03,2026-10-08,CONFIRMED_UPTREND,TRADE,False,0,Price below 150/200 MA - weak trend,DISTRIBUTION,30,"Moderate distribution (0.7x ratio, 39% up volume)",MEGA_FLOAT,265.7,30.0,22.6,15.0,False,down,1.0,0.0,False,0.0,True,1.0,2.0,31.0,32.0,6.2,Bottom 25%,1.0,-3.0,0.0,0.0,-5.0,0.0,0.0,0.0,0.0,False,1/3,42.42,0.0,True,6.0,5.0,0.0,-3.0,-8.71,-9.52,0.0,2.0,-3.0,,,56.0,-69.6,,False,2.65,2.0,30.0,0,,0,MIXED/INSUFFICIENT (0),0.0,REVISION_UP,8.0,45,,,0.0,⚪ WEAK,,,,,,,,,,,False,1,1.065,False,-36.38,4.62,-25.34,downtrend,stage1,ESPERAR,En caída (bajo MA200 descendente) — espera a que haga suelo,"las 16 veces anteriores (RSI normal, bajo su MA200 que baja) o paró casi donde estaba o se desplomó hasta -36% — sin término medio; al año el 69% estaba en positivo (mediana +9%).",16,-8.9,-35.5,69,True,"soporte vivo más cercano en 44.77 (-1.1%), puesto a prueba hace 6 días; aguantó 4 de 4 veces",44.77,-1.1,6.0,4.0,0.0,False
BAC,0.0,,,,40.5,Bank of America Corporation,64.5,Financial Services,Banks - Diversified,95.0,50.0,36.0,65.0,65.0,53.52,374251913216.0,15.0,14.3,False,down,16.6,True,1.0,7.2,False,0.0,1.2,2.5,False,65.23,-18.0,4.0,False,-11.1,"{'roe_pct': 11.2, 'operating_margin_pct': 38.3}","{'eps_growth_yoy': 16.6, 'positive_quarters': 4, 'earnings_accelerating': True, 'eps_accel_quarters': 1, 'profit_margin_pct': 29.5, 'score_bruto_sin_capar': 95.0, 'satura': False}",,67.33,75.0,62.0,21.0,strong_buy,25.8,,,47.38,-11.5,múltiplo propio,4.0,0.42,False,,,reportado,,"Banks - Diversified: el flujo operativo son depósitos, préstamos o primas, no caja libre para el accionista",,,,,1.28,3.37,1.8,,2.37,25.9,2.29,True,-4.67,,,,34.1,6.0,2026-10-14,True,True,False,5.0,NEUTRAL,7.0,,,,1.81,,,,,,8.5,0.0,12.2,19.3,2026-10-08 06:13:03,2026-10-08,CONFIRMED_UPTREND,TRADE,False,66,Price below 150/200 MA - weak trend,NEUTRAL,40,"No clear pattern (1.0x ratio, 49% up volume)",MEGA_FLOAT,6965.1,25.0,31.5,15.0,False,down,14.3,0.0,True,1.0,False,0.0,2.0,,32.0,,Sin datos suficientes,14.3,0.0,0.0,0.0,0.0,0.0,0.0,0.0,0.0,False,1/3,42.325,0.0,False,0.0,3.0,3.0,5.0,-1.87,-2.09,0.0,2.0,-1.5,,,7.2,37.3,MEDIA,False,3.22,0.0,,1,Berkshire Hathaway (Buffett),0,MIXED/INSUFFICIENT (0),0.0,,0.0,45,0.4045,BAJA,6.45,⚪ WEAK,,,,,,,,,,,False,2,0.817,False,-17.53,17.24,-12.31,sideways,stage4_ma_alcista,ESPERAR,"Ha perdido la MA200, aunque la media sigue subiendo — corrección dentro de tendencia, espera a que la recupere","las 11 veces anteriores (sobrevendido (RSI<25), bajo su MA200 que sube) o paró casi donde estaba o se desplomó hasta -38% — sin término medio; al año el 64% estaba en positivo (mediana +2%).",11,-28.0,-37.5,64,True,"soporte vivo más cercano en 52.71 (-1.5%), puesto a prueba hace 6 días; aguantó 2 y se rompió 2",52.71,-1.5,6.0,2.0,2.0,False
FHN,0.0,,,,14.8,First Horizon Corporation,67.0,Financial Services,Banks - Regional,95.0,60.0,36.0,65.0,65.0,22.99,10892136448.0,15.0,0.0,False,down,12.0,True,1.0,6.7,True,1.0,3.9,3.2,False,26.56,-13.4,4.0,False,-6.0,"{'roe_pct': 11.5, 'operating_margin_pct': 41.3}","{'eps_growth_yoy': 12.0, 'positive_quarters': 4, 'earnings_accelerating': True, 'eps_accel_quarters': 1, 'profit_margin_pct': 30.2, 'score_bruto_sin_capar': 95.0, 'satura': False}",,27.45,30.0,25.0,21.0,buy,19.4,,,26.26,14.2,múltiplo propio,4.0,0.42,False,,,reportado,,"Banks - Regional: el flujo operativo son depósitos, préstamos o primas, no caja libre para el accionista",,,,,0.68,9.42,2.17,,2.91,30.8,3.12,True,-6.61,,,,14.0,7.0,2026-10-15,True,True,False,5.0,NEUTRAL,7.0,,,,1.52,,,,,,8.0,0.0,4.4,20.1,2026-10-08 06:13:03,2026-10-08,CONFIRMED_UPTREND,TRADE,False,66,Price below 150/200 MA - weak trend,DISTRIBUTION,25,"Moderate distribution (0.7x ratio, 39% up volume)",MEGA_FLOAT,468.3,30.0,24.5,15.0,False,down,0.0,0.0,True,1.0,True,1.0,5.0,21.0,32.0,37.5,Bajo 50%,11.8,0.0,0.0,3.0,0.0,0.0,0.0,0.0,0.0,False,1/3,42.04,0.0,False,0.0,3.0,3.0,3.0,-1.37,-2.32,0.0,3.0,-1.5,,,16.8,5.2,,False,2.42,0.0,,1,Appaloosa (Tepper),0,MIXED/INSUFFICIENT (0),0.0,,0.0,45,0.1483,BAJA,15.7,⚪ WEAK,,,,,,,,,,,False,2,0.833,False,-12.41,19.37,-19.49,sideways,stage4_ma_alcista,ESPERAR,"Ha perdido la MA200, aunque la media sigue subiendo — corrección dentro de tendencia, espera a que la recupere","las 15 veces anteriores (RSI normal, bajo su MA200 que sube) cayó otro 7% de mediana (peor caso -54%); al año el 87% estaba en positivo (mediana +22%).",15,-6.9,-54.1,87,False,"soporte vivo más cercano en 22.76 (-1.0%), puesto a prueba hace 8 días; aguantó 3 y se rompió 1",22.76,-1.0,8.0,3.0,1.0,False
WM,0.0,,,,50.0,"Waste Management, Inc.",59.5,Industrials,Waste Management,80.0,70.0,24.0,45.0,65.0,208.94,83516497920.0,15.0,4.6,False,down,8.1,True,1.0,4.0,True,2.0,1.5,2.7,False,248.13,-15.8,1.0,False,-3.9,"{'roe_pct': 29.8, 'debt_to_equity': 2.35, 'current_ratio': 0.91, 'operating_margin_pct': 19.0}","{'eps_growth_yoy': 8.1, 'op_growth_yoy': 6.9, 'crecimiento_respaldado': True, 'positive_quarters': 4, 'earnings_accelerating': True, 'eps_accel_quarters': 1, 'profit_margin_pct': 11.1, 'score_bruto_sin_capar': 80.0, 'satura': False}",,258.56,277.0,220.0,25.0,buy,23.7,233.46,11.7,210.08,0.5,múltiplo propio,4.0,0.17,False,,,reportado,,,,,,,3.78,3.94,8.23,,1.82,50.1,1.49,False,-0.47,5.2,Operating Income,5.0,8.3,19.0,2026-10-27,False,True,True,8.0,STRONG,9.0,,4.35,22.6,3.06,,,,,,0.0,0.0,,17.8,2026-10-08 06:13:03,2026-10-08,CONFIRMED_UPTREND,TRADE,False,16,Price below 150/200 MA - weak trend,DISTRIBUTION,25,"Moderate distribution (0.6x ratio, 35% up volume)",MEGA_FLOAT,398.5,30.0,25.5,15.0,False,down,4.6,0.0,True,1.0,True,2.0,5.0,24.0,32.0,28.1,Bajo 50%,8.2,0.0,0.0,0.0,-5.0,0.0,0.0,0.0,0.0,False,1/3,36.8,0.0,True,3.0,3.0,0.0,3.0,-0.52,-0.52,0.0,1.0,0.0,11.2,COHERENTES,11.7,17.6,,False,2.96,10.0,110.0,0,,-5,MIXED/AVOID (-5),0.0,,0.0,45,,,0.0,⚪ WEAK,,,,,,,,CICLICO,"La caída refleja presión cíclica en precios de commodities de reciclaje (reducción de márgenes en ese segmento) y volúmenes más débiles en Healthcare Solutions, reportados en Q2 2026 (julio 28). Sin embargo, el negocio core de recolección y disposición muestra márgenes récord, flujo de caja fuerte (",https://www.sec.gov/Archives/edgar/data/0000823768/000110465926050425/tm2612889d1_ex99-1.htm | https://www.sec.gov/Archives/edgar/data/0000823768/000110465926087575/tm2621414d1_ex99-1.htm | https://www.sec.gov/Archives/edgar/data/823768/000110465926007476/tm264211d1_ex99-1.htm | https://finance.yahoo.com/quote/WM/earnings/WM-Q1-2026-earnings_call-548541.html,False,0,0.773,False,-15.09,9.44,-24.47,downtrend,stage1,ESPERAR,En caída (bajo MA200 descendente) — espera a que haga suelo,"las 9 veces anteriores (RSI normal, bajo su MA200 que baja) cayó otro 4% de mediana (peor caso -9%); al año el 89% estaba en positivo (mediana +24%).",9,-3.8,-9.4,89,False,"soporte vivo más cercano en 207.23 (-0.8%), puesto a prueba hace 16 días; aguantó 6 y se rompió 3",207.23,-0.8,16.0,6.0,3.0,False
DPZ,0.0,,,,14.8,"Domino's Pizza, Inc.",60.0,Consumer Cyclical,Restaurants,80.0,60.0,24.0,65.0,65.0,303.1,10027074560.0,15.0,4.2,False,down,3.6,True,1.0,4.3,True,1.0,11.2,4.0,True,442.35,-31.5,0.0,False,-7.4,"{'current_ratio': 1.54, 'operating_margin_pct': 19.1}","{'eps_growth_yoy': 3.6, 'op_growth_yoy': 3.1, 'crecimiento_respaldado': True, 'positive_quarters': 4, 'earnings_accelerating': True, 'eps_accel_quarters': 1, 'profit_margin_pct': 11.9, 'score_bruto_sin_capar': 80.0, 'satura': False}",,373.44,450.0,260.0,27.0,buy,23.2,399.02,31.6,444.05,46.5,múltiplo propio,4.0,0.14,False,,,reportado,,,,,,,7.96,6.55,19.85,,2.63,42.3,1.26,True,-3.15,4.9,Operating Income,4.9,4.8,5.0,2026-10-13,True,True,False,8.0,STRONG,9.0,,6.34,106.0,1.22,,,,,,0.0,0.0,4.4,18.0,2026-10-08 06:13:03,2026-10-08,CONFIRMED_UPTREND,TRADE,False,0,Price below 150/200 MA - weak trend,DISTRIBUTION,25,"Moderate distribution (0.6x ratio, 37% up volume)",MEDIUM_FLOAT,30.2,27.0,22.4,15.0,False,down,4.2,0.0,True,1.0,True,1.0,5.0,28.0,32.0,15.6,Bottom 25%,2.4,-3.0,0.0,0.0,-5.0,0.0,0.0,0.0,0.0,False,1/3,41.74,0.0,True,6.0,3.0,3.0,1.0,-0.88,-1.89,0.0,2.0,0.0,14.9,COHERENTES,31.6,-15.8,,False,2.9,10.0,17.0,0,,0,MIXED/INSUFFICIENT (0),0.0,,0.0,45,0.1483,BAJA,0.0,⚪ WEAK,,,,,,,,,,,False,0,0.673,False,-30.28,8.15,-32.69,downtrend,stage1,ESPERAR,En caída (bajo MA200 descendente) — espera a que haga suelo,"las 14 veces anteriores (RSI normal, bajo su MA200 que baja) o paró casi donde estaba o se desplomó hasta -34% — sin término medio; al año el 71% estaba en positivo (mediana +11%).",14,-8.3,-34.1,71,True,"soporte vivo más cercano en 302.62 (-0.2%), puesto a prueba hace 21 días; aguantó 4 y se rompió 1",302.62,-0.2,21.0,4.0,1.0,False
SGSOY,0.0,,,,24.2,SGS SA,60.5,Industrials,Consulting Services,95.0,50.0,36.0,45.0,55.0,11.23,22211272704.0,15.0,1.8,False,down,15.0,True,2.0,2.2,False,0.0,,,False,12.76,-12.0,3.0,False,-2.4,"{'roe_pct': 76.3, 'debt_to_equity': 4.64, 'current_ratio': 0.95, 'operating_margin_pct': 13.1}","{'eps_growth_yoy': 15.0, 'op_growth_yoy': 5.5, 'crecimiento_respaldado': True, 'positive_quarters': 4, 'earnings_accelerating': True, 'eps_accel_quarters': 2, 'profit_margin_pct': 9.2, 'score_bruto_sin_capar': 95.0, 'satura': False}",,14.0,14.0,14.0,1.0,none,24.7,15.4,37.1,12.1,7.7,múltiplo propio,4.0,0.19,False,,,reportado,,,,,,,0.41,5.55,0.62,,3.62,95.6,3.55,,,,,,-1.8,,,False,False,False,5.0,NEUTRAL,9.0,,3.66,37.7,4.28,,,,,,5.399999999999999,0.0,7.3,18.1,2026-10-08 06:13:03,2026-10-08,CONFIRMED_UPTREND,TRADE,False,33,Price below 150/200 MA - weak trend,NEUTRAL,40,"No clear pattern (0.8x ratio, 41% up volume)",MEGA_FLOAT,1690.9,25.0,25.4,15.0,False,down,1.8,0.0,True,2.0,False,0.0,5.0,27.0,32.0,18.8,Bottom 25%,2.8,-3.0,0.0,3.0,0.0,0.0,0.0,0.0,0.0,False,1/3,40.41,0.0,True,6.0,-2.0,0.0,0.0,0.0,0.0,0.0,0.0,0.0,29.4,DISPERSOS,24.7,2.3,,False,3.09,0.0,116.0,0,,0,,0.0,BEST,5.0,20,0.2416,BAJA,15.05,⚪ WEAK,,,,,,,,,,,False,1,0.796,False,-8.48,14.94,-9.45,sideways,stage1,VIGILAR,Construyendo base (lateral) — espera la reconquista de las medias,"las 15 veces anteriores (RSI normal, bajo su MA200 que sube) o paró casi donde estaba o se desplomó hasta -27% — sin término medio; al año el 80% estaba en positivo (mediana +13%).",15,-11.7,-26.8,80,True,"soporte vivo más cercano en 11.14 (-0.8%), puesto a prueba hace 9 días; aguantó 3 y se rompió 1",11.14,-0.8,9.0,3.0,1.0,False
TYL,64.44736842105263,Excellent,Stage 1-2 Transition,30.48753666806177,9.5,"Tyler Technologies, Inc.",62.0,Technology,Software - Application,80.0,50.0,38.7,75.0,65.0,332.34,13610078208.0,15.0,13.9,False,down,10.5,False,0.0,8.2,False,0.0,9.6,3.5,True,524.43,-36.6,0.0,False,-1.4,"{'roe_pct': 9.7, 'debt_to_equity': 0.48, 'current_ratio': 1.55, 'operating_margin_pct': 14.7}","{'eps_growth_yoy': 10.5, 'op_growth_yoy': -0.5, 'crecimiento_respaldado': True, 'positive_quarters': 4, 'earnings_accelerating': False, 'eps_accel_quarters': 0, 'profit_margin_pct': 13.4, 'score_bruto_sin_capar': 80.0, 'satura': False}",,424.77,525.0,335.0,22.0,buy,27.8,423.24,27.4,,,,,,,,múltiplo propio 89x fuera del rango 8-45,reportado,,,,,,,,5.13,17.05,,,,,True,-4.72,56.4,Operating Income,65.3,15.5,20.0,2026-10-28,False,True,True,8.0,STRONG,9.0,,2.55,125.8,0.94,,,,,,13.200000000000005,25.8,2.9,18.6,2026-10-08 06:13:03,2026-10-08,CONFIRMED_UPTREND,TRADE,False,0,Price below 150/200 MA - weak trend,DISTRIBUTION,25,"Moderate distribution (0.7x ratio, 39% up volume)",MEDIUM_FLOAT,38.0,27.0,47.2,15.0,False,down,13.9,0.0,False,0.0,False,0.0,0.0,9.0,32.0,75.0,Top 25%,29.4,3.0,0.0,0.0,-5.0,0.0,0.0,0.0,5.0,False,1/3,32.275000000000006,8.0,True,6.0,0.0,3.0,5.0,0.0,-0.44,0.0,0.0,0.0,,,27.6,0.4,,False,3.48,10.0,91.0,0,,-8,RELIABLE/AVOID (-8),0.0,CAUTION,-3.0,45,0.0953,BAJA,30.923684210526314,⚪ WEAK,,,,,,,,,,,False,1,0.731,False,-36.63,22.77,-12.22,downtrend,stage4,ESPERAR,En caída (bajo MA200 descendente) — espera a que haga suelo,"las 13 veces anteriores (RSI normal, bajo su MA200 que baja) cayó otro 6% de mediana (peor caso -51%); al año el 77% estaba en positivo (mediana +26%).",13,-6.0,-51.4,77,False,"soporte vivo más cercano en 327.29 (-1.5%), puesto a prueba hace 16 días; aguantó 5 y se rompió 3",327.29,-1.5,16.0,5.0,3.0,False
CME,0.0,,,,50.0,CME Group Inc.,60.7,Financial Services,Financial Data & Stock Exchanges,75.0,50.0,34.7,85.0,60.0,270.27,97183481856.0,35.0,30.1,False,down,1.6,False,0.0,0.8,False,0.0,1.8,3.0,False,329.16,-17.9,2.0,False,-0.1,"{'roe_pct': 15.8, 'debt_to_equity': 0.15, 'current_ratio': 1.02, 'operating_margin_pct': 65.0}","{'eps_growth_yoy': 1.6, 'op_growth_yoy': -2.0, 'crecimiento_respaldado': True, 'positive_quarters': 4, 'earnings_accelerating': False, 'eps_accel_quarters': 0, 'profit_margin_pct': 63.4, 'score_bruto_sin_capar': 75.0, 'satura': False}",,284.5,330.0,217.0,16.0,buy,5.3,345.64,27.9,258.07,-4.5,múltiplo propio,4.0,0.18,False,,,reportado,,,,,,,5.2,4.35,11.76,,1.92,95.4,2.9,False,0.26,25.2,Operating Income,33.0,1.8,13.0,2026-10-21,False,True,True,6.0,NEUTRAL,9.0,,4.28,78.0,1.42,BULLISH,0.0,60.0,1.0,0.0,5.0,0.0,,18.2,2026-10-08 06:13:03,2026-10-08,CONFIRMED_UPTREND,TRADE,False,33,Price below 150/200 MA - weak trend,DISTRIBUTION,35,"Moderate distribution (0.8x ratio, 44% up volume)",MEGA_FLOAT,354.6,30.0,26.0,35.0,False,down,30.1,0.0,False,0.0,False,0.0,0.0,8.0,32.0,78.1,Top 25%,29.5,3.0,0.0,0.0,-5.0,5.0,0.0,0.0,0.0,False,1/3,39.88,0.0,True,3.0,-2.0,0.0,1.0,0.32,0.51,0.0,0.0,0.0,32.4,CONTRADICEN,,9.8,,False,0.66,2.0,58.0,0,,0,UNRELIABLE/INSUFFICIENT (0),0.0,,0.0,16,,,0.0,⚪ WEAK,,,,,,,,,,,False,0,1.007,False,-15.1,24.38,-23.58,downtrend,stage4_ma_alcista,ESPERAR,"Ha perdido la MA200, aunque la media sigue subiendo — corrección dentro de tendencia, espera a que la recupere","las 12 veces anteriores (RSI normal, bajo su MA200 que sube) o paró casi donde estaba o se desplomó hasta -30% — sin término medio; al año el 92% estaba en positivo (mediana +32%).",12,-6.5,-29.5,92,True,"soporte vivo más cercano en 260.58 (-3.6%), puesto a prueba hace 12 días; aguantó 6 y se rompió 4",260.58,-3.6,12.0,6.0,4.0,False
VLTO,0.0,,,,10.6,Veralto Corporation,67.1,Industrials,Pollution & Treatment Controls,70.0,70.0,46.7,85.0,65.0,95.73,23338338304.0,35.0,29.9,False,down,8.6,False,0.0,7.5,True,2.0,3.1,4.5,False,105.75,-9.5,3.0,False,-0.8,"{'roe_pct': 34.3, 'debt_to_equity': 1.16, 'current_ratio': 1.77, 'operating_margin_pct': 21.4}","{'eps_growth_yoy': 8.6, 'op_growth_yoy': 0.6, 'crecimiento_respaldado': True, 'positive_quarters': 4, 'earnings_accelerating': False, 'eps_accel_quarters': 0, 'profit_margin_pct': 17.3, 'score_bruto_sin_capar': 70.0, 'satura': False}",,114.0,133.0,100.0,15.0,buy,19.1,102.06,6.6,105.02,9.7,múltiplo propio,3.0,0.24,True,,,reportado,,,,,,,0.52,4.46,4.27,,0.54,12.6,,True,-1.64,14.1,Operating Income,14.1,10.1,13.0,2026-10-21,False,True,True,6.0,NEUTRAL,9.0,,5.11,76.5,6.43,,,,,,5.300000000000001,0.0,3.2,20.1,2026-10-08 06:13:03,2026-10-08,CONFIRMED_UPTREND,TRADE,False,33,150 MA below 200 MA - not in Stage 2,ACCUMULATION,60,"Moderate accumulation (1.1x ratio, 51% up volume)",MEGA_FLOAT,243.2,23.0,23.3,35.0,False,down,29.9,0.0,False,0.0,True,2.0,2.0,,32.0,,Sin datos suficientes,29.9,0.0,0.0,3.0,0.0,0.0,0.0,0.0,0.0,False,2/3,31.87,0.0,True,3.0,0.0,3.0,3.0,-0.68,0.0,0.0,1.0,0.0,3.1,COHERENTES,9.7,11.0,,False,2.39,2.0,41.0,0,,-8,RELIABLE/AVOID (-8),0.0,,0.0,45,0.1058,BAJA,15.71,⚪ WEAK,,,,,,,,,,,False,1,0.855,False,-9.65,19.96,-7.77,sideways,stage1,VIGILAR,Construyendo base (lateral) — espera la reconquista de las medias,"la vez anterior (RSI normal, sobre su MA200 que baja) cayó otro 20% de mediana (peor caso -20%); al año el 0% estaba en positivo (mediana -9%). ⚠ solo 1 casos, no decide nada",1,-19.5,-19.5,0,False,"soporte vivo más cercano en 95.06 (-0.7%), puesto a prueba hace 33 días; aguantó 11 y se rompió 1",95.06,-0.7,33.0,11.0,1.0,False
CDNS,76.45454545454545,Excellent,Stage 1-2 Transition,19.201083050717983,50.0,"Cadence Design Systems, Inc.",77.5,Technology,Software - Application,85.0,80.0,62.4,90.0,60.0,356.12,98223595520.0,60.0,50.7,False,flat,129.3,True,1.0,24.2,True,1.0,1.6,1.8,False,416.69,-14.5,5.0,False,11.4,"{'roe_pct': 23.2, 'debt_to_equity': 0.39, 'current_ratio': 1.74, 'operating_margin_pct': 28.6}","{'eps_growth_yoy': 129.3, 'op_growth_yoy': 21.5, 'crecimiento_respaldado': False, 'crecimiento_puntuado': 46.5, 'positive_quarters': 4, 'earnings_accelerating': True, 'eps_accel_quarters': 1, 'profit_margin_pct': 23.6, 'score_bruto_sin_capar': 105.0, 'satura': True}",,405.47,470.0,300.0,26.0,strong_buy,13.9,125.26,-64.8,,,,,,,,múltiplo propio 74x fuera del rango 8-45,reportado,,,,,,,,1.74,6.2,,,,,False,1.2,14.4,Operating Income,15.6,125.4,18.0,2026-10-26,False,True,True,7.0,NEUTRAL,9.0,,1.65,44.3,3.9,,,,,,67.9,30.6,,23.2,2026-10-08 06:13:03,2026-10-08,CONFIRMED_UPTREND,TRADE,False,66,200 MA declining - structural weakness,ACCUMULATION,65,"Moderate accumulation (1.5x ratio, 58% up volume)",MEGA_FLOAT,274.2,23.0,76.9,60.0,False,flat,50.7,0.0,True,1.0,True,1.0,5.0,9.0,32.0,75.0,Top 25%,29.4,3.0,0.0,3.0,3.0,0.0,0.0,0.0,0.0,False,2/3,30.0,8.0,True,0.0,0.0,0.0,5.0,0.0,0.58,1.0,0.0,0.0,,,-25.4,78.7,ALTA,False,1.74,5.0,139.0,0,,-8,RELIABLE/AVOID (-8),0.0,,0.0,45,,,59.47727272727273,⚪ WEAK,,,,,,,,,,,False,2,1.057,False,-14.54,35.54,11.84,sideways,stage1,VIGILAR,Construyendo base (lateral) — espera la reconquista de las medias,"las 9 veces anteriores (RSI normal, sobre su MA200 que baja) o paró casi donde estaba o se desplomó hasta -22% — sin término medio; al año el 89% estaba en positivo (mediana +39%).",9,-12.6,-22.2,89,True,"soporte vivo más cercano en 340.46 (-4.4%), puesto a prueba hace 5 días; aguantó 8 y se rompió 2",340.46,-4.4,5.0,8.0,2.0,False
INTU,0.0,,,,50.0,Intuit Inc.,56.6,Technology,Software - Application,55.0,60.0,26.7,85.0,70.0,297.24,79433228288.0,15.0,5.5,False,down,-4.7,False,0.0,13.7,False,0.0,3.0,1.8,False,689.17,-56.9,0.0,False,-7.8,"{'roe_pct': 23.6, 'debt_to_equity': 0.44, 'current_ratio': 1.51, 'operating_margin_pct': 17.6}","{'eps_growth_yoy': -4.7, 'op_growth_yoy': 125.9, 'crecimiento_respaldado': True, 'positive_quarters': 4, 'earnings_accelerating': False, 'eps_accel_quarters': 0, 'profit_margin_pct': 21.3, 'score_bruto_sin_capar': 55.0, 'satura': False}",,405.6,732.0,290.0,31.0,buy,36.5,793.93,167.1,,,,,,,,múltiplo propio 58x fuera del rango 8-45,reportado,,,,,,,5.52,10.85,32.25,,1.86,29.2,0.64,True,-3.55,24.1,Operating Income,24.5,-1.0,42.0,2026-11-19,False,True,False,8.0,STRONG,9.0,,7.85,91.1,0.44,,,,,,0.0,0.0,,17.0,2026-10-08 06:13:03,2026-10-08,CONFIRMED_UPTREND,TRADE,False,0,Price below 150/200 MA - weak trend,DISTRIBUTION,35,"Moderate distribution (0.8x ratio, 44% up volume)",MEGA_FLOAT,260.9,30.0,24.3,15.0,False,down,5.5,0.0,False,0.0,False,0.0,0.0,9.0,32.0,75.0,Top 25%,29.4,3.0,0.0,0.0,-5.0,0.0,0.0,0.0,0.0,False,1/3,37.64,8.0,True,8.0,3.0,3.0,0.0,0.0,0.0,0.0,0.0,0.0,,,101.8,-130.6,,True,4.56,10.0,11.0,0,,0,MIXED/INSUFFICIENT (0),0.0,,0.0,45,,,0.0,⚪ WEAK,,,,,,,,,,,False,0,0.722,False,-56.46,18.08,-32.35,downtrend,stage4,ESPERAR,En caída (bajo MA200 descendente) — espera a que haga suelo,"las 11 veces anteriores (RSI normal, bajo su MA200 que baja) o paró casi donde estaba o se desplomó hasta -41% — sin término medio; al año el 82% estaba en positivo (mediana +25%).",11,-5.0,-41.2,82,True,"soporte vivo más cercano en 278.94 (-6.2%), puesto a prueba hace 13 días; aguantó 3 y se rompió 2",278.94,-6.2,13.0,3.0,2.0,False
QSR,0.0,,,,50.0,Restaurant Brands International Inc.,61.5,Consumer Cyclical,Restaurants,85.0,60.0,24.0,65.0,65.0,69.43,31806644224.0,15.0,0.0,False,down,166.8,True,2.0,4.6,True,1.0,6.3,7.0,False,81.96,-15.3,4.0,False,-7.0,"{'roe_pct': 34.8, 'debt_to_equity': 2.9, 'current_ratio': 1.01, 'operating_margin_pct': 27.7}","{'eps_growth_yoy': 166.8, 'op_growth_yoy': 8.4, 'crecimiento_respaldado': False, 'crecimiento_puntuado': 33.4, 'positive_quarters': 4, 'earnings_accelerating': True, 'eps_accel_quarters': 2, 'profit_margin_pct': 13.1, 'score_bruto_sin_capar': 110.0, 'satura': True}",,85.96,104.0,78.0,24.0,buy,23.8,49.61,-28.5,108.2,55.8,múltiplo propio,4.0,0.49,False,,,reportado,,,,,458110964.0,,2.6,3.69,2.56,26.2,3.7,63.8,3.38,False,0.66,5.2,Operating Income,5.2,151.2,21.0,2026-10-29,False,True,True,6.0,NEUTRAL,9.0,,6.14,58.5,,,,,,,5.0,0.0,,18.4,2026-10-08 06:13:03,2026-10-08,CONFIRMED_UPTREND,TRADE,False,66,Price below 150/200 MA - weak trend,DISTRIBUTION,35,"Moderate distribution (0.7x ratio, 42% up volume)",MEGA_FLOAT,317.6,30.0,26.4,15.0,False,down,0.0,0.0,True,2.0,True,1.0,8.0,28.0,32.0,15.6,Bottom 25%,2.4,-3.0,0.0,0.0,0.0,0.0,0.0,0.0,0.0,False,1/3,37.6,0.0,True,3.0,5.0,0.0,5.0,-0.24,0.05,0.0,0.0,0.0,84.3,CONTRADICEN,,52.3,ALTA,False,2.98,2.0,34.0,1,Pershing Square (Ackman),0,MIXED/INSUFFICIENT (0),0.0,,0.0,45,,,6.15,⚪ WEAK,,,,,,,,,,,False,2,0.763,False,-14.45,11.51,-22.93,sideways,stage1,VIGILAR,Construyendo base (lateral) — espera la reconquista de las medias,"las 8 veces anteriores (sobrevendido (RSI<25), bajo su MA200 que sube) cayó otro 10% de mediana (peor caso -56%); al año el 38% estaba en positivo (mediana -2%).",8,-9.9,-55.6,38,False,"soporte vivo más cercano en 68.02 (-2.0%), puesto a prueba hace 2 días; aguantó 4 y se rompió 1",68.02,-2.0,2.0,4.0,1.0,False
UNP,0.0,,,,50.0,Union Pacific Corporation,70.5,Industrials,Railroads,85.0,80.0,44.0,65.0,65.0,274.68,163180658688.0,35.0,40.4,False,down,6.2,True,1.0,11.5,True,2.0,5.1,12.1,False,315.99,-13.1,5.0,False,-4.8,"{'roe_pct': 39.7, 'debt_to_equity': 1.51, 'current_ratio': 0.99, 'operating_margin_pct': 41.0}","{'eps_growth_yoy': 6.2, 'op_growth_yoy': 9.4, 'crecimiento_respaldado': True, 'positive_quarters': 4, 'earnings_accelerating': True, 'eps_accel_quarters': 1, 'profit_margin_pct': 28.8, 'score_bruto_sin_capar': 85.0, 'satura': False}",,328.92,375.0,245.0,24.0,buy,19.7,201.67,-26.6,239.48,-12.8,múltiplo propio,4.0,0.27,False,,,reportado,,,,,,,5.68,3.97,10.9,,2.05,44.7,2.19,False,-0.13,7.9,Operating Income,8.4,6.6,14.0,2026-10-22,False,True,True,8.0,STRONG,9.0,,5.09,16.2,8.7,,,,,,34.2,0.0,,21.1,2026-10-08 06:13:03,2026-10-08,CONFIRMED_UPTREND,TRADE,True,100,Passes Minervini Template (6/6 criteria),DISTRIBUTION,35,"Moderate distribution (0.7x ratio, 42% up volume)",MEGA_FLOAT,592.7,10.0,30.2,35.0,False,down,40.4,0.0,True,1.0,True,2.0,5.0,7.0,32.0,81.2,Top 25%,31.2,3.0,0.0,3.0,3.0,0.0,0.0,0.0,0.0,False,2/3,37.2,0.0,True,3.0,3.0,0.0,3.0,-0.15,-0.47,0.0,0.0,0.0,13.8,COHERENTES,-12.8,39.4,MEDIA,False,2.46,10.0,105.0,0,,0,MIXED/INSUFFICIENT (0),0.0,CAUTION,-8.0,17,,,20.55,⚪ WEAK,,,,,,,,,,,False,2,0.658,False,-12.67,30.13,-4.44,sideways,stage2,VIGILAR,Sobre MA200 pero las medias aún no están apiladas (50>150>200) — falta confirmación,"las 43 veces anteriores (RSI normal, sobre su MA200 que sube) cayó otro 8% de mediana (peor caso -40%); al año el 77% estaba en positivo (mediana +17%).",43,-7.9,-39.9,77,False,"soporte vivo más cercano en 266.76 (-2.9%), puesto a prueba hace 6 días; aguantó 2 y se rompió 1",266.76,-2.9,6.0,2.0,1.0,False
MCD,0.0,,,,20.1,McDonald's Corporation,61.5,Consumer Cyclical,Restaurants,85.0,60.0,24.0,65.0,65.0,230.88,163380281344.0,15.0,0.0,False,down,4.8,True,1.0,3.8,True,1.0,1.9,2.8,False,341.75,-32.4,0.0,False,-9.8,"{'current_ratio': 1.08, 'operating_margin_pct': 46.5}","{'eps_growth_yoy': 4.8, 'op_growth_yoy': 1.3, 'crecimiento_respaldado': True, 'positive_quarters': 4, 'earnings_accelerating': True, 'eps_accel_quarters': 1, 'profit_margin_pct': 31.7, 'score_bruto_sin_capar': 85.0, 'satura': False}",,293.76,390.0,230.0,29.0,buy,27.2,302.62,31.1,302.51,31.0,múltiplo propio,4.0,0.2,False,,,reportado,,,,,,,7.72,4.89,11.29,,3.32,59.7,2.24,False,-0.91,7.8,Operating Income,7.9,4.0,27.0,2026-11-04,False,True,False,6.0,NEUTRAL,9.0,,5.68,28.9,1.31,,,,,,0.0,0.0,6.0,18.4,2026-10-08 06:13:03,2026-10-08,CONFIRMED_UPTREND,TRADE,False,0,Price below 150/200 MA - weak trend,DISTRIBUTION,25,"Moderate distribution (0.6x ratio, 35% up volume)",MEGA_FLOAT,706.6,30.0,24.5,15.0,False,down,0.0,0.0,True,1.0,True,1.0,5.0,28.0,32.0,15.6,Bottom 25%,2.4,-3.0,0.0,0.0,-5.0,0.0,0.0,0.0,0.0,False,1/3,32.105,0.0,True,3.0,5.0,0.0,1.0,-1.16,-6.86,0.0,4.0,-1.5,0.1,COHERENTES,31.0,-3.9,,False,3.4,2.0,79.0,0,,-5,MIXED/AVOID (-5),0.0,BEST,5.0,22,0.2007,BAJA,0.0,⚪ WEAK,,,,,,,,EVENTO,"Caída gatillada por Investor Day 23-sep-2026: anunció plan de capital de $8.5B con spending adicional que presionará márgenes corto plazo y cash flow. Guidance reducida y target de restaurantes retrasado 2027→2028. Operacionales: U.S. comparable sales desaceleró a 0.8% en Q2, problemas de ejecución ",https://es.tradingview.com/symbols/NYSE-MCD/ | https://es.tradingview.com/news/tradingview:5c637b3ba9750:0/ | https://www.bloomberglinea.com/quote/MCD:UN/ | https://mdbbolsa.substack.com/p/mcdonalds-actualizamos-su-situacion,False,0,0.739,False,-31.12,0.73,-39.27,downtrend,stage1,ESPERAR,En caída (bajo MA200 descendente) — espera a que haga suelo,"las 6 veces anteriores (sobrevendido (RSI<25), bajo su MA200 que baja) cayó otro 1% de mediana (peor caso -8%); al año el 100% estaba en positivo (mediana +21%).",6,-0.7,-7.9,100,False,sin soportes identificables por debajo,,,,,,
KVUE,0.0,,,,50.0,Kenvue Inc.,57.8,Consumer Defensive,Household & Personal Products,70.0,50.0,44.0,70.0,50.0,17.53,33671161856.0,35.0,37.3,False,down,8.6,False,0.0,3.0,False,0.0,3.5,2.1,False,20.13,-12.9,4.0,False,-4.3,"{'roe_pct': 15.6, 'debt_to_equity': 0.82, 'current_ratio': 1.0, 'operating_margin_pct': 19.4}","{'eps_growth_yoy': 8.6, 'op_growth_yoy': 0.8, 'crecimiento_respaldado': True, 'positive_quarters': 4, 'earnings_accelerating': False, 'eps_accel_quarters': 0, 'profit_margin_pct': 10.8, 'score_bruto_sin_capar': 70.0, 'satura': False}",,19.5,23.0,18.0,12.0,none,11.2,17.92,2.2,18.54,5.8,múltiplo propio,3.0,0.72,True,,,reportado,,,,,,,0.84,5.49,0.96,,4.78,96.5,,False,-0.26,6.9,Operating Income,6.2,4.2,28.0,2026-11-05,False,True,False,7.0,NEUTRAL,9.0,,6.58,122.7,,,,,,,3.0,0.0,,17.3,2026-10-08 06:13:03,2026-10-08,CONFIRMED_UPTREND,TRADE,False,83,Price below 150/200 MA - weak trend,NEUTRAL,40,"No clear pattern (0.9x ratio, 46% up volume)",MEGA_FLOAT,1918.1,25.0,24.8,35.0,False,down,37.3,0.0,False,0.0,False,0.0,0.0,19.0,32.0,43.8,Bajo 50%,14.7,0.0,0.0,3.0,0.0,0.0,0.0,0.0,0.0,False,1/3,36.12,0.0,True,6.0,-2.0,0.0,1.0,0.0,0.0,0.0,0.0,0.0,3.6,COHERENTES,5.8,7.2,,False,1.4,5.0,8.0,1,Appaloosa (Tepper),0,MIXED/INSUFFICIENT (0),0.0,,0.0,45,,,14.78,⚪ WEAK,,,,,,,,,,,False,2,0.776,False,-10.89,32.62,-10.74,sideways,stage4_ma_alcista,ESPERAR,"Ha perdido la MA200, aunque la media sigue subiendo — corrección dentro de tendencia, espera a que la recupere","las 2 veces anteriores (RSI normal, bajo su MA200 que sube) cayó otro 33% de mediana (peor caso -36%); al año el 0% estaba en positivo (mediana -15%). ⚠ solo 2 casos, no decide nada",2,-33.0,-35.9,0,False,"soporte vivo más cercano en 17.37 (-0.9%), puesto a prueba hace 6 días; aguantó 3 y se rompió 2",17.37,-0.9,6.0,3.0,2.0,False
UBER,61.82380952380953,Excellent,Stage Unknown,15.931793025766815,50.0,"Uber Technologies, Inc.",67.0,Technology,Software - Application,85.0,70.0,36.0,65.0,70.0,68.45,139813240832.0,15.0,0.0,False,down,76.7,True,2.0,12.2,True,1.0,2.3,2.6,False,100.35,-31.8,0.0,False,-6.3,"{'roe_pct': 37.2, 'debt_to_equity': 0.52, 'current_ratio': 0.84, 'operating_margin_pct': 13.3}","{'eps_growth_yoy': 76.7, 'op_growth_yoy': 30.3, 'crecimiento_respaldado': False, 'crecimiento_puntuado': 55.3, 'positive_quarters': 4, 'earnings_accelerating': True, 'eps_accel_quarters': 2, 'profit_margin_pct': 17.3, 'score_bruto_sin_capar': 120.0, 'satura': True}",,100.86,150.0,70.0,46.0,buy,47.3,101.32,48.0,,,,,,,,los P/E históricos se separan 3.2x la mediana: el ancla la decidiría un año suelto,normalizado,tasa fiscal efectiva -45.7% — el beneficio del periodo no es representativo,,,,,,,7.22,4.94,,,,,True,-3.55,14.5,Operating Income,15.5,85.5,27.0,2026-11-04,False,True,False,6.0,NEUTRAL,9.0,,3.67,118.8,0.52,,,,,,40.0,24.7,,20.1,2026-10-08 06:13:03,2026-10-08,CONFIRMED_UPTREND,TRADE,False,0,Price below 150/200 MA - weak trend,DISTRIBUTION,35,"Moderate distribution (0.8x ratio, 44% up volume)",MEGA_FLOAT,2036.5,30.0,64.0,15.0,False,down,0.0,0.0,True,2.0,True,1.0,8.0,9.0,32.0,75.0,Top 25%,29.4,3.0,0.0,0.0,-5.0,0.0,0.0,0.0,0.0,False,1/3,35.8,8.0,True,6.0,0.0,3.0,5.0,0.08,-0.94,0.0,0.0,0.0,,,47.6,-0.7,,True,5.91,2.0,70.0,1,Pershing Square (Ackman),0,MIXED/INSUFFICIENT (0),0.0,,0.0,45,,,30.11190476190476,⚪ WEAK,,,,,,,,,,,False,0,0.626,False,-32.02,4.65,-19.57,downtrend,stage1,ESPERAR,En caída (bajo MA200 descendente) — espera a que haga suelo,"las 9 veces anteriores (RSI normal, bajo su MA200 que baja) o paró casi donde estaba o se desplomó hasta -49% — sin término medio; al año el 78% estaba en positivo (mediana +59%).",9,-14.6,-48.9,78,True,"soporte vivo más cercano en 67.24 (-1.8%), puesto a prueba hace 6 días; aguantó 6 de 6 veces",67.24,-1.8,6.0,6.0,0.0,False
APH,90.23076923076924,Excellent,Stage 2 Strong,24.443252513653537,18.1,Amphenol Corporation,83.4,Technology,Electronic Components,90.0,90.0,73.1,85.0,65.0,87.55,215895408640.0,80.0,81.3,False,up,26.5,False,0.0,58.4,True,1.0,1.5,2.8,False,89.93,-2.6,8.0,True,6.9,"{'roe_pct': 38.1, 'debt_to_equity': 1.2, 'current_ratio': 1.89, 'operating_margin_pct': 29.8}","{'eps_growth_yoy': 26.5, 'op_growth_yoy': 82.3, 'crecimiento_respaldado': True, 'positive_quarters': 4, 'earnings_accelerating': False, 'eps_accel_quarters': 0, 'profit_margin_pct': 17.7, 'score_bruto_sin_capar': 90.0, 'satura': False}",,100.95,116.0,85.0,19.0,strong_buy,15.3,41.43,-52.7,33.16,-62.1,múltiplo propio,4.0,0.48,False,,,reportado,,,,,,,0.5,2.26,1.98,,0.56,22.9,0.76,False,1.34,13.7,Operating Income,13.6,59.3,20.0,2026-10-28,False,True,True,6.0,NEUTRAL,9.0,,2.57,37.9,0.89,,,,,,85.5,36.1,5.4,25.0,2026-10-08 06:13:03,2026-10-08,CONFIRMED_UPTREND,TRADE,True,100,Passes Minervini Template (6/6 criteria),ACCUMULATION,60,"Moderate accumulation (1.3x ratio, 54% up volume)",MEGA_FLOAT,2449.9,3.0,66.5,80.0,False,up,81.3,5.0,False,0.0,True,1.0,2.0,,32.0,,Sin datos suficientes,81.3,0.0,0.0,5.0,10.0,0.0,0.0,0.0,0.0,False,3/3,35.515,8.0,True,0.0,0.0,0.0,5.0,1.27,1.7,1.0,0.0,1.5,9.4,COHERENTES,-52.7,72.7,ALTA,False,1.91,2.0,140.0,0,,0,MIXED/INSUFFICIENT (0),0.0,CAUTION,-9.0,19,0.1812,BAJA,83.45538461538462,⚪ WEAK,AVOID,35.0,Near ATH (-2.6% from high) - poor entry point | Elevated P/E (44.2) - watch valuation | Strong upside (+15.7%) - analyst support,-2.6,NEUTRAL,STRONG_BUY,True,,,,True,3,0.834,False,-2.65,48.83,12.68,uptrend,stage3,VIGILAR,Extendida cerca de máximos — espera un pullback,"las 50 veces anteriores (RSI normal, sobre su MA200 que sube) cayó otro 6% de mediana (peor caso -34%); al año el 90% estaba en positivo (mediana +23%).",50,-6.3,-34.2,90,False,"soporte vivo más cercano en 77.16 (-11.9%), puesto a prueba hace 23 días; aguantó 7 y se rompió 1",77.16,-11.9,23.0,7.0,1.0,False
CL,0.0,,,,50.0,Colgate-Palmolive Company,46.8,Consumer Defensive,Household & Personal Products,38.0,50.0,36.0,65.0,60.0,87.21,69521440768.0,15.0,9.4,False,down,-6.7,False,0.0,4.9,False,0.0,2.6,4.2,False,99.33,-12.2,4.0,False,-2.4,"{'roe_pct': 267.4, 'debt_to_equity': 13.88, 'current_ratio': 1.03, 'operating_margin_pct': 21.0}","{'eps_growth_yoy': -6.7, 'op_growth_yoy': -5.9, 'crecimiento_respaldado': True, 'positive_quarters': 3, 'earnings_accelerating': False, 'eps_accel_quarters': 0, 'profit_margin_pct': 9.7, 'score_bruto_sin_capar': 38.0, 'satura': False}",,98.35,110.0,87.0,20.0,buy,12.8,128.68,47.6,71.74,-17.7,múltiplo propio,4.0,0.32,False,,,reportado,,,,,,,2.12,5.6,4.88,,2.43,82.3,2.32,True,-1.41,15.9,Operating Income,12.5,-3.8,22.0,2026-10-30,False,True,False,5.0,NEUTRAL,9.0,,5.55,90.8,2.92,,,,,,3.0,0.0,,14.0,2026-10-08 06:13:03,2026-10-08,CONFIRMED_UPTREND,TRADE,False,66,Price below 150/200 MA - weak trend,DISTRIBUTION,25,"Moderate distribution (0.6x ratio, 35% up volume)",MEGA_FLOAT,748.4,30.0,20.1,15.0,False,down,9.4,0.0,False,0.0,False,0.0,0.0,19.0,32.0,43.8,Bajo 50%,14.7,0.0,0.0,3.0,0.0,0.0,0.0,0.0,0.0,False,1/3,34.72,0.0,True,6.0,0.0,3.0,0.0,-0.25,-0.61,0.0,0.0,0.0,65.3,CONTRADICEN,,30.5,MEDIA,False,1.6,0.0,25.0,0,,0,MIXED/INSUFFICIENT (0),0.0,,0.0,0,,,13.68,⚪ WEAK,,,,,,,,,,,False,2,0.758,False,-11.15,19.11,-12.32,sideways,stage4_ma_alcista,ESPERAR,"Ha perdido la MA200, aunque la media sigue subiendo — corrección dentro de tendencia, espera a que la recupere","las 18 veces anteriores (RSI normal, bajo su MA200 que sube) cayó otro 9% de mediana (peor caso -19%); al año el 72% estaba en positivo (mediana +5%).",18,-9.3,-18.6,72,False,"soporte vivo más cercano en 86.46 (-0.9%), puesto a prueba hace 29 días; aguantó 11 y se rompió 4",86.46,-0.9,29.0,11.0,4.0,False
HHH,0.0,,,,50.0,Howard Hughes Holdings Inc.,73.0,Real Estate,Real Estate - Development,90.0,90.0,36.0,65.0,65.0,71.85,4290843392.0,15.0,24.6,False,flat,,True,2.0,330.2,True,1.0,12.7,8.1,True,91.07,-21.1,3.0,False,8.5,"{'roe_pct': 7.5, 'debt_to_equity': 1.35, 'current_ratio': 3.48, 'operating_margin_pct': 28.4}","{'positive_quarters': 4, 'earnings_accelerating': True, 'eps_accel_quarters': 2, 'profit_margin_pct': 12.3, 'score_bruto_sin_capar': 90.0, 'satura': False}",,89.67,100.0,79.0,3.0,buy,24.8,166.11,131.2,98.6,37.2,múltiplo propio,3.0,0.83,True,,,reportado,,,,,,,,18.26,13.12,,,,,False,,2.8,Operating Income,3.2,,32.0,2026-11-09,False,True,False,6.0,NEUTRAL,9.0,,4.19,13.3,,,,,,,12.3,0.0,,21.9,2026-10-08 06:13:03,2026-10-08,CONFIRMED_UPTREND,TRADE,False,33,150 MA below 200 MA - not in Stage 2,NEUTRAL,40,"No clear pattern (0.9x ratio, 47% up volume)",MEDIUM_FLOAT,30.5,22.0,31.3,15.0,False,flat,24.6,0.0,True,2.0,True,1.0,8.0,,32.0,,Sin datos suficientes,24.6,0.0,0.0,0.0,0.0,0.0,0.0,0.0,5.0,False,1/3,33.5,-3.0,True,8.0,0.0,0.0,0.0,0.0,0.0,0.0,0.0,0.0,94.0,DISPERSOS,37.2,-59.4,,False,3.1,2.0,122.0,1,Pershing Square (Ackman),0,MIXED/INSUFFICIENT (0),0.0,,0.0,6,,,7.3,⚪ WEAK,,,,,,,,,,,False,2,1.582,False,-21.1,19.57,-1.65,sideways,stage1,VIGILAR,Construyendo base (lateral) — espera la reconquista de las medias,"las 16 veces anteriores (RSI normal, sobre su MA200 que baja) o paró casi donde estaba o se desplomó hasta -72% — sin término medio; al año el 25% estaba en positivo (mediana -7%).",16,-19.8,-71.5,25,True,"soporte vivo más cercano en 71.53 (-0.5%), puesto a prueba hace 8 días; aguantó 4 y se rompió 3",71.53,-0.5,8.0,4.0,3.0,False
ASML,0.0,,,,50.0,ASML Holding N.V.,83.2,Technology,Semiconductor Equipment & Materials,100.0,80.0,62.4,95.0,65.0,1804.96,693285093376.0,60.0,71.9,False,up,27.4,True,1.0,21.3,True,1.0,0.4,1.2,False,1999.96,-9.8,8.0,True,4.2,"{'roe_pct': 53.9, 'debt_to_equity': 0.09, 'current_ratio': 1.33, 'operating_margin_pct': 37.1}","{'eps_growth_yoy': 27.4, 'op_growth_yoy': 29.7, 'crecimiento_respaldado': True, 'positive_quarters': 4, 'earnings_accelerating': True, 'eps_accel_quarters': 1, 'profit_margin_pct': 30.1, 'score_bruto_sin_capar': 105.0, 'satura': True}",,2097.82,2911.41,866.14,16.0,strong_buy,16.2,574.39,-68.2,1131.79,-37.3,múltiplo propio,4.0,0.2,False,,,reportado,,,,,,,9.08,1.59,28.7,,0.49,28.5,0.76,False,-0.9,,,,28.5,6.0,2026-10-14,True,True,False,6.0,NEUTRAL,7.0,,0.03,77.5,1.51,,,,,,52.7,0.0,,25.0,2026-10-08 06:13:03,2026-10-08,CONFIRMED_UPTREND,TRADE,True,100,Passes Minervini Template (6/6 criteria),ACCUMULATION,60,"Moderate accumulation (1.2x ratio, 52% up volume)",MEGA_FLOAT,21332.1,3.0,35.7,60.0,False,up,71.9,2.0,True,1.0,True,1.0,5.0,,32.0,,Sin datos suficientes,71.9,0.0,0.0,3.0,10.0,0.0,0.0,0.0,0.0,False,3/3,33.28,8.0,True,0.0,0.0,0.0,5.0,-0.52,-1.88,1.0,2.0,0.0,30.9,DISPERSOS,-37.3,69.0,ALTA,False,2.02,2.0,116.0,0,,0,MIXED/INSUFFICIENT (0),0.0,,0.0,19,,,32.32,⚪ WEAK,,,,,,,,,,,True,3,0.763,False,-9.63,94.23,10.14,uptrend,stage2,ENTRADA,Stage 2: sobre MA200 ascendente sin sobreextensión — suelo confirmado,"las 42 veces anteriores (RSI normal, sobre su MA200 que sube) cayó otro 10% de mediana (peor caso -53%); al año el 74% estaba en positivo (mediana +20%).",42,-10.4,-52.8,74,False,"soporte vivo más cercano en 1715.05 (-5.0%), puesto a prueba hace 44 días; aguantó 6 y se rompió 2",1715.05,-5.0,44.0,6.0,2.0,False
MANH,0.0,,,,14.7,"Manhattan Associates, Inc.",70.8,Technology,Software - Application,70.0,70.0,75.0,75.0,60.0,202.11,11784017920.0,60.0,62.7,False,down,-11.3,True,2.0,9.3,True,2.0,6.6,4.1,False,227.03,-11.0,6.0,False,-1.6,"{'roe_pct': 96.4, 'debt_to_equity': 0.34, 'current_ratio': 0.98, 'operating_margin_pct': 25.0}","{'eps_growth_yoy': -11.3, 'op_growth_yoy': 0.9, 'crecimiento_respaldado': True, 'positive_quarters': 4, 'earnings_accelerating': True, 'eps_accel_quarters': 2, 'profit_margin_pct': 18.7, 'score_bruto_sin_capar': 70.0, 'satura': False}",,220.7,260.0,180.0,10.0,buy,9.2,169.19,-16.3,,,,,,,,múltiplo propio 68x fuera del rango 8-45,reportado,,,,,,,,3.39,6.85,,,,,True,-3.4,,,,-8.6,19.0,2026-10-27,False,True,True,6.0,NEUTRAL,9.0,,2.42,140.7,1.57,,,,,,37.6,0.0,4.4,21.2,2026-10-08 06:13:03,2026-10-08,CONFIRMED_UPTREND,TRADE,True,100,Passes Minervini Template (6/6 criteria),DISTRIBUTION,35,"Moderate distribution (0.9x ratio, 42% up volume)",HIGH_FLOAT,54.4,7.0,25.6,60.0,False,down,62.7,0.0,True,2.0,True,2.0,8.0,9.0,32.0,75.0,Top 25%,29.4,3.0,0.0,3.0,5.0,0.0,0.0,0.0,0.0,False,2/3,33.055,8.0,True,3.0,0.0,3.0,0.0,0.0,1.38,1.0,0.0,0.0,,,-3.6,25.5,MEDIA,False,1.15,2.0,88.0,0,,0,MIXED/INSUFFICIENT (0),0.0,CAUTION,-6.0,20,0.1472,BAJA,23.58,⚪ WEAK,,,,,,,,SENTIMIENTO,"<cite index=""2-7,2-8"">Manhattan Associates presentó resultados del Q2 2026 mejores de lo esperado (EPS ajustado $1.39 vs. estimado $1.32, ingresos $297.8M), elevó guidance parcial y mostró crecimiento saludable en ingresos nube y obligaciones de rendimiento pendientes</cite>. <cite index=""2-2,2-3"">D",https://ir.manh.com/financial-news | https://es.investing.com/news/analyst-ratings/da-davidson-rebaja-manhattan-associates-por-valoracion-93CH-3851187 | https://mx.investing.com/news/earnings/resultados-de-manhattan-associates-puede-la-nube-sostener-el-crecimiento-93CH-3572169 | https://es.investing.com/news/earnings/resultados-de-manhattan-associates-a-la-vista-puede-la-nube-sostener-el-crecimien,False,2,0.659,False,-10.98,69.75,47.46,sideways,stage2,VIGILAR,Sobre MA200 pero las medias aún no están apiladas (50>150>200) — falta confirmación,"las 38 veces anteriores (RSI normal, sobre su MA200 que sube) cayó otro 12% de mediana (peor caso -55%); al año el 74% estaba en positivo (mediana +33%).",38,-12.2,-55.3,74,False,"soporte vivo más cercano en 200.93 (-0.6%), puesto a prueba hace 9 días; aguantó 4 y se rompió 2",200.93,-0.6,9.0,4.0,2.0,False
CVX,75.25,Excellent,Stage 2 Early,17.218579864684745,29.5,Chevron Corporation,83.8,Energy,Oil & Gas Integrated,100.0,100.0,50.3,85.0,60.0,205.15,402422923264.0,35.0,44.1,False,flat,384.8,True,2.0,51.4,True,2.0,1.1,2.6,False,217.78,-5.8,7.0,True,1.1,"{'roe_pct': 12.2, 'debt_to_equity': 0.19, 'current_ratio': 1.25, 'operating_margin_pct': 21.9}","{'eps_growth_yoy': 384.8, 'op_growth_yoy': 251.9, 'crecimiento_respaldado': False, 'crecimiento_puntuado': 276.9, 'positive_quarters': 4, 'earnings_accelerating': True, 'eps_accel_quarters': 2, 'profit_margin_pct': 9.8, 'score_bruto_sin_capar': 115.0, 'satura': True}",,224.62,250.0,175.0,24.0,buy,9.5,265.27,29.3,132.73,-35.3,múltiplo propio,4.0,1.09,True,,,reportado,,,,,,,7.12,6.95,14.26,,3.47,67.2,3.87,False,14.54,18.1,Operating Income,22.5,321.9,22.0,2026-10-30,False,True,False,5.0,NEUTRAL,9.0,,3.78,7.4,,,,,,,77.1,30.1,8.8,25.1,2026-10-08 06:13:03,2026-10-08,CONFIRMED_UPTREND,TRADE,True,100,Passes Minervini Template (6/6 criteria),NEUTRAL,40,"No clear pattern (1.0x ratio, 48% up volume)",MEGA_FLOAT,1868.5,5.0,64.1,35.0,False,flat,44.1,0.0,True,2.0,True,2.0,8.0,,32.0,,Sin datos suficientes,44.1,0.0,0.0,3.0,7.0,0.0,0.0,0.0,0.0,False,2/3,32.995,0.0,True,6.0,5.0,0.0,5.0,0.19,1.54,1.0,0.0,0.0,64.6,CONTRADICEN,,44.8,ALTA,False,1.19,0.0,144.0,1,Berkshire Hathaway (Buffett),0,MIXED/INSUFFICIENT (0),6.0,,0.0,45,0.2952,BAJA,65.505,⚪ WEAK,,,,,,,,,,,True,3,0.901,False,-5.8,43.95,-5.19,uptrend,stage2,ENTRADA,Stage 2: sobre MA200 ascendente sin sobreextensión — suelo confirmado,"las 39 veces anteriores (RSI normal, sobre su MA200 que sube) cayó otro 10% de mediana (peor caso -55%); al año el 67% estaba en positivo (mediana +7%).",39,-9.5,-55.4,67,False,"soporte vivo más cercano en 195.85 (-4.5%), puesto a prueba hace 42 días; aguantó 1 y se rompió 1",195.85,-4.5,42.0,1.0,1.0,False
MRSH,0.0,,,,50.0,"Marsh & McLennan Companies, Inc.",58.2,Financial Services,Insurance Brokers,70.0,50.0,36.0,80.0,55.0,173.66,82872508416.0,15.0,15.2,False,down,4.5,False,0.0,6.2,False,0.0,1.2,2.8,False,207.83,-16.4,2.0,False,-4.6,"{'roe_pct': 25.9, 'debt_to_equity': 1.45, 'current_ratio': 1.14, 'operating_margin_pct': 26.3}","{'eps_growth_yoy': 4.5, 'op_growth_yoy': 3.8, 'crecimiento_respaldado': True, 'positive_quarters': 4, 'earnings_accelerating': False, 'eps_accel_quarters': 0, 'profit_margin_pct': 14.2, 'score_bruto_sin_capar': 70.0, 'satura': False}",,204.9,238.0,179.0,21.0,hold,18.0,,,199.96,15.1,múltiplo propio,4.0,0.17,False,,,reportado,,"Insurance Brokers: el flujo operativo son depósitos, préstamos o primas, no caja libre para el accionista",,,,,3.96,5.78,10.04,,2.31,44.0,1.45,True,-2.63,6.3,Operating Income,6.6,2.9,7.0,2026-10-15,True,True,False,6.0,NEUTRAL,9.0,,6.05,140.5,1.3,,,,,,0.0,0.0,,17.5,2026-10-08 06:13:03,2026-10-08,CONFIRMED_UPTREND,TRADE,False,16,Price below 150/200 MA - weak trend,NEUTRAL,40,"No clear pattern (1.0x ratio, 47% up volume)",MEGA_FLOAT,476.3,25.0,24.9,15.0,False,down,15.2,0.0,False,0.0,False,0.0,0.0,23.0,32.0,31.2,Bajo 50%,8.8,0.0,0.0,0.0,-5.0,0.0,0.0,0.0,0.0,False,1/3,32.28,0.0,False,0.0,3.0,3.0,1.0,-0.94,-1.06,0.0,1.0,0.0,,,16.6,2.9,,False,2.25,2.0,11.0,0,,0,MIXED/INSUFFICIENT (0),0.0,,0.0,45,,,0.0,⚪ WEAK,,,,,,,,,,,False,1,0.877,False,-14.61,12.17,-13.44,sideways,stage1,VIGILAR,Construyendo base (lateral) — espera la reconquista de las medias,"las 8 veces anteriores (RSI normal, bajo su MA200 que baja) o paró casi donde estaba o se desplomó hasta -27% — sin término medio; al año el 75% estaba en positivo (mediana +26%).",8,-6.4,-26.7,75,True,"soporte vivo más cercano en 172.18 (-0.9%), puesto a prueba hace 21 días; aguantó 8 y se rompió 2",172.18,-0.9,21.0,8.0,2.0,False
OXY,0.0,,,,50.0,Occidental Petroleum Corporation,77.8,Energy,Oil & Gas E&P,100.0,80.0,46.7,80.0,65.0,58.21,58188890112.0,35.0,37.6,False,down,808.8,True,2.0,53.4,False,0.0,3.0,2.9,False,67.45,-13.7,6.0,False,-0.3,"{'roe_pct': 10.6, 'debt_to_equity': 0.35, 'current_ratio': 1.41, 'operating_margin_pct': 45.4}","{'eps_growth_yoy': 808.8, 'op_growth_yoy': 359.3, 'crecimiento_respaldado': False, 'crecimiento_puntuado': 384.3, 'positive_quarters': 3, 'earnings_accelerating': True, 'eps_accel_quarters': 2, 'profit_margin_pct': 30.3, 'score_bruto_sin_capar': 118.0, 'satura': True}",,68.36,82.0,55.0,25.0,buy,17.4,,,46.84,-19.5,múltiplo propio,4.0,0.97,False,,,reportado,,"el capex se lleva el 59% del flujo operativo: lo que queda no es lo que gana el dueño, es lo que sobra tras decidir invertir",,,,,1.12,7.82,4.55,,1.92,28.4,0.6,False,0.18,5.7,Operating Income,6.2,675.4,32.0,2026-11-09,False,True,False,4.0,NEUTRAL,9.0,,4.79,5.8,,,,,,,43.3,0.0,,23.3,2026-10-08 06:13:03,2026-10-08,CONFIRMED_UPTREND,TRADE,True,100,Passes Minervini Template (6/6 criteria),ACCUMULATION,60,"Moderate accumulation (1.2x ratio, 53% up volume)",MEGA_FLOAT,995.7,3.0,33.3,35.0,False,down,37.6,0.0,True,2.0,False,0.0,5.0,,32.0,,Sin datos suficientes,37.6,0.0,0.0,3.0,5.0,0.0,0.0,0.0,0.0,False,3/3,31.120000000000005,0.0,False,0.0,3.0,0.0,5.0,0.18,1.9,0.0,0.0,0.0,,,-1.1,36.9,MEDIA,False,2.17,0.0,115.0,1,Berkshire Hathaway (Buffett),0,MIXED/INSUFFICIENT (0),0.0,,0.0,45,,,24.28,⚪ WEAK,,,,,,,,,,,False,2,0.993,False,-12.9,52.13,-14.52,sideways,stage2,VIGILAR,Sobre MA200 pero las medias aún no están apiladas (50>150>200) — falta confirmación,"las 25 veces anteriores (RSI normal, sobre su MA200 que sube) cayó otro 13% de mediana (peor caso -42%); al año el 52% estaba en positivo (mediana +0%).",25,-13.0,-42.3,52,False,"soporte vivo más cercano en 56.73 (-2.5%), puesto a prueba hace 16 días; aguantó 5 y se rompió 3",56.73,-2.5,16.0,5.0,3.0,False
STZ,66.4090909090909,Excellent,Stage Unknown,13.12449504938764,50.0,"Constellation Brands, Inc.",60.8,Consumer Defensive,Beverages - Brewers,100.0,40.0,24.0,60.0,70.0,118.39,20218458112.0,15.0,6.3,False,down,26.7,True,1.0,-3.3,True,1.0,5.7,4.0,False,168.6,-29.8,0.0,False,-6.1,"{'roe_pct': 24.0, 'debt_to_equity': 1.16, 'current_ratio': 1.0, 'operating_margin_pct': 32.5}","{'eps_growth_yoy': 26.7, 'op_growth_yoy': 12.8, 'crecimiento_respaldado': True, 'positive_quarters': 4, 'earnings_accelerating': True, 'eps_accel_quarters': 1, 'profit_margin_pct': 20.9, 'score_bruto_sin_capar': 105.0, 'satura': True}",,162.04,209.0,110.0,23.0,buy,36.9,183.07,54.6,,,,,,,,sin histórico de múltiplo (beneficio negativo o pocos años),reportado,,,,,,,4.12,8.82,10.44,,3.56,39.0,1.65,True,-3.14,8.5,Operating Income,8.2,17.7,91.0,2027-01-07,False,True,False,6.0,NEUTRAL,9.0,,9.47,30.7,0.38,,,,,,44.0,26.6,,18.2,2026-10-08 06:13:03,2026-10-08,CONFIRMED_UPTREND,TRADE,False,0,Price below 150/200 MA - weak trend,NEUTRAL,50,"No clear pattern (0.8x ratio, 44% up volume)",HIGH_FLOAT,157.5,20.0,64.0,15.0,False,down,6.3,0.0,True,1.0,True,1.0,5.0,,32.0,,Sin datos suficientes,6.3,0.0,0.0,0.0,-5.0,0.0,0.0,0.0,0.0,False,1/3,30.32,0.0,True,8.0,5.0,3.0,5.0,-0.8,-5.14,0.0,5.0,0.0,,,45.8,-17.7,,True,4.61,2.0,54.0,0,,0,MIXED/INSUFFICIENT (0),0.0,,0.0,19,,,31.78454545454545,⚪ WEAK,,,,,,,,,,,False,0,0.894,False,-28.76,7.04,-41.23,downtrend,stage1,ESPERAR,En caída (bajo MA200 descendente) — espera a que haga suelo,"las 18 veces anteriores (RSI normal, bajo su MA200 que baja) o paró casi donde estaba o se desplomó hasta -45% — sin término medio; al año el 56% estaba en positivo (mediana +5%).",18,-14.2,-44.7,56,True,"soporte vivo más cercano en 111.54 (-5.8%), puesto a prueba hace 9 días; aguantó 1 de 1 veces",111.54,-5.8,9.0,1.0,0.0,False
