ticker,company_name,fundamental_score,sin_score_motivo,base_periodos,tier,quality,price_currency,financial_currency,fx_applied,fx_reliable,per_share_reliable,shares_price_ratio,coherence_issues,earnings_quality_score,growth_acceleration_score,relative_strength_score,financial_health_score,catalyst_timing_score,rs_line_score,rs_line_percentile,rs_line_at_new_high,rs_line_trend,eps_growth_yoy,eps_accelerating,eps_accel_quarters,rev_growth_yoy,rev_accelerating,rev_accel_quarters,earnings_details,growth_details,rs_details,health_details,catalyst_details,current_price,market_cap,sector,industry,short_percent_float,short_ratio,short_squeeze_potential,fifty_two_week_high,proximity_to_52w_high,trend_template_score,trend_template_pass,dist_ma50_pct,target_price_analyst,target_price_analyst_high,target_price_analyst_low,analyst_count,analyst_recommendation,analyst_upside_pct,target_price_dcf,target_price_dcf_upside_pct,target_price_pe,target_price_pe_upside_pct,pe_eps_usado,pe_ancla,pe_ancla_n,pe_ancla_dispersion,pe_ancla_fragil,pe_ancla_excluidos,fcf_yield_pct,fcf_per_share,dividend_yield_pct,payout_ratio_pct,dividend_rate,five_yr_avg_dividend_yield_pct,buyback_active,shares_change_pct,ai_descartados,piotroski_evaluables,piotroski_motivo,interest_coverage,interest_coverage_base,interest_coverage_ebit,analyst_revision_momentum,days_to_earnings,earnings_date,earnings_warning,earnings_fecha_conocida,earnings_catalyst,piotroski_score,piotroski_label,ebit_ev_yield,roic_greenblatt,peg_ratio,hv_30d,atm_iv,iv_ratio,iv_premium_pts,analyzed_at,acciones_efectivas,dcf_no_aplicable,pe_sin_ancla_motivo,pe_eps_motivo,per_share_no_fiable,shares_change_es_gasto
FTNT,"Fortinet, Inc.",85.0,,trimestral,🏆 ELITE,🟢 Elite,USD,USD,False,True,True,1.0,,100.0,80.0,82.7,90.0,50.0,95.0,93.5,False,up,37.8,True,1,25.6,True,1,"{'eps_growth_yoy': 37.8, 'op_growth_yoy': 50.5, 'crecimiento_respaldado': True, 'positive_quarters': 4, 'earnings_accelerating': True, 'eps_accel_quarters': 1, 'profit_margin_pct': 28.2, 'score_bruto_sin_capar': 105.0, 'satura': True}","{'revenue_growth_yoy': 25.6, 'revenue_accelerating': True, 'rev_accel_quarters': 1}","{'rs_3m': 7.3, 'rs_6m': 99.6, 'rs_line_percentile': 93.5, 'rs_line_at_new_high': False, 'rs_line_trend': 'up', 'rs_line_score': 95}","{'roe_pct': 117.4, 'debt_to_equity': 0.36, 'current_ratio': 1.28, 'operating_margin_pct': 33.6}","{'days_to_earnings': 'N/A', 'recommendation': 'hold', 'analyst_upside_pct': -5.3}",173.46,127269978112,Technology,Software - Infrastructure,2.3,3.2,False,181.37,-4.4,8,True,7.4,164.32,220.0,104.0,36.0,hold,-5.3,99.06,-42.9,116.0,-33.1,reportado,múltiplo propio,4.0,0.32,False,,2.38,4.13,,,,,True,-4.24,,9,,135.7,Operating Income,146.7,17.6,37.0,2026-11-04,False,True,False,6,NEUTRAL,1.68,83.9,1.05,59.2,,,,2026-09-28T05:27:38.483976,,,,,,
ASML,ASML Holding N.V.,83.2,,trimestral,🏆 ELITE,🟢 Elite,USD,EUR,True,True,True,1.0,,100.0,80.0,62.4,95.0,65.0,60.0,66.9,False,down,27.4,True,1,21.3,True,1,"{'eps_growth_yoy': 27.4, 'op_growth_yoy': 29.7, 'crecimiento_respaldado': True, 'positive_quarters': 4, 'earnings_accelerating': True, 'eps_accel_quarters': 1, 'profit_margin_pct': 30.1, 'score_bruto_sin_capar': 105.0, 'satura': True}","{'revenue_growth_yoy': 21.3, 'revenue_accelerating': True, 'rev_accel_quarters': 1}","{'rs_3m': -11.6, 'rs_6m': 12.1, 'rs_line_percentile': 66.9, 'rs_line_at_new_high': False, 'rs_line_trend': 'down', 'rs_line_score': 60}","{'roe_pct': 53.9, 'debt_to_equity': 0.09, 'current_ratio': 1.33, 'operating_margin_pct': 37.1}","{'days_to_earnings': 'N/A', 'recommendation': 'strong_buy', 'analyst_upside_pct': 21.6}",1743.94,669847322624,Technology,Semiconductor Equipment & Materials,0.4,1.2,False,1999.96,-12.8,7,True,1.6,2121.37,2821.55,881.14,16.0,strong_buy,21.6,572.28,-67.2,1080.65,-38.0,reportado,múltiplo propio,4.0,0.2,False,,1.71,29.82,0.52,29.7,9.08,0.83,False,-0.9,,7,,,,,28.5,16.0,2026-10-14,False,True,True,6,NEUTRAL,0.03,77.5,1.04,40.2,,,,2026-09-28T05:27:13.704331,,,,,,
MSFT,Microsoft Corporation,82.8,,trimestral,🏆 ELITE,🟢 Elite,USD,USD,False,True,True,1.0,,100.0,70.0,75.0,95.0,60.0,60.0,60.7,False,up,31.3,True,1,17.7,True,1,"{'eps_growth_yoy': 31.3, 'op_growth_yoy': 18.3, 'crecimiento_respaldado': True, 'positive_quarters': 4, 'earnings_accelerating': True, 'eps_accel_quarters': 1, 'profit_margin_pct': 40.3, 'score_bruto_sin_capar': 105.0, 'satura': True}","{'revenue_growth_yoy': 17.7, 'revenue_accelerating': True, 'rev_accel_quarters': 1}","{'rs_3m': 36.0, 'rs_6m': 23.0, 'rs_line_percentile': 60.7, 'rs_line_at_new_high': False, 'rs_line_trend': 'up', 'rs_line_score': 60}","{'roe_pct': 34.0, 'debt_to_equity': 0.29, 'current_ratio': 1.23, 'operating_margin_pct': 45.1}","{'days_to_earnings': 'N/A', 'recommendation': 'strong_buy', 'analyst_upside_pct': 11.8}",516.17,3832843862016,Technology,Software - Infrastructure,0.9,3.2,False,553.72,-6.8,6,False,8.6,577.26,870.0,440.0,52.0,strong_buy,11.8,,,632.13,22.5,reportado,múltiplo propio,4.0,0.47,False,,1.75,9.03,0.76,19.8,3.92,0.79,False,-0.24,,9,,50.9,Operating Income,55.4,31.7,30.0,2026-10-28,False,True,False,6,NEUTRAL,4.0,41.3,0.69,25.2,,,,2026-09-28T05:21:32.149964,,"el capex se lleva el 63% del flujo operativo: lo que queda no es lo que gana el dueño, es lo que sobra tras decidir invertir",,,,
AVGO,Broadcom Inc.,82.7,,trimestral,🏆 ELITE,🟢 Elite,USD,USD,False,True,True,1.0,,100.0,100.0,36.0,90.0,70.0,15.0,4.9,False,down,216.1,True,2,85.5,True,2,"{'eps_growth_yoy': 216.1, 'op_growth_yoy': 164.4, 'crecimiento_respaldado': False, 'crecimiento_puntuado': 189.4, 'positive_quarters': 4, 'earnings_accelerating': True, 'eps_accel_quarters': 2, 'profit_margin_pct': 42.9, 'score_bruto_sin_capar': 125.0, 'satura': True}","{'revenue_growth_yoy': 85.5, 'revenue_accelerating': True, 'rev_accel_quarters': 2}","{'rs_3m': -9.5, 'rs_6m': -4.5, 'rs_line_percentile': 4.9, 'rs_line_at_new_high': False, 'rs_line_trend': 'down', 'rs_line_score': 15}","{'roe_pct': 44.2, 'debt_to_equity': 0.6, 'current_ratio': 2.5, 'operating_margin_pct': 54.3}","{'days_to_earnings': 'N/A', 'recommendation': 'strong_buy', 'analyst_upside_pct': 50.7}",352.81,1684184367104,Technology,Semiconductors,1.1,2.0,False,495.0,-28.7,1,False,-6.2,531.85,715.0,215.88,47.0,strong_buy,50.7,151.55,-57.0,,,normalizado,,,,,,2.38,8.4,0.74,32.4,2.6,1.76,False,0.56,,9,,13.9,Operating Income,14.0,215.3,72.0,2026-12-09,False,True,False,8,STRONG,1.52,167.3,0.08,33.9,,,,2026-09-28T05:27:16.987392,,,los P/E históricos se separan 2.5x la mediana: el ancla la decidiría un año suelto,tasa fiscal efectiva 5.4% — el beneficio del periodo no es representativo,,
WST,"West Pharmaceutical Services, Inc.",81.8,,trimestral,🏆 ELITE,🟢 Elite,USD,USD,False,True,True,1.0,,100.0,60.0,82.7,95.0,60.0,95.0,92.5,False,flat,16.8,True,2,13.8,False,0,"{'eps_growth_yoy': 16.8, 'op_growth_yoy': 20.8, 'crecimiento_respaldado': True, 'positive_quarters': 4, 'earnings_accelerating': True, 'eps_accel_quarters': 2, 'profit_margin_pct': 17.0, 'score_bruto_sin_capar': 100.0, 'satura': False}","{'revenue_growth_yoy': 13.8, 'revenue_accelerating': False, 'rev_accel_quarters': 0}","{'rs_3m': 0.2, 'rs_6m': 30.2, 'rs_line_percentile': 92.5, 'rs_line_at_new_high': False, 'rs_line_trend': 'flat', 'rs_line_score': 95}","{'roe_pct': 19.1, 'debt_to_equity': 0.11, 'current_ratio': 2.82, 'operating_margin_pct': 22.5}","{'days_to_earnings': 'N/A', 'recommendation': 'strong_buy', 'analyst_upside_pct': 10.0}",370.44,26069997568,Healthcare,Medical Instruments & Supplies,4.0,4.9,False,386.0,-4.0,8,True,5.7,407.56,459.0,340.0,16.0,strong_buy,10.0,78.12,-78.9,330.95,-10.7,reportado,múltiplo propio,4.0,0.44,False,,1.44,5.33,0.24,11.1,0.88,0.25,True,-1.66,,9,,160.6,Operating Income,155.1,18.1,24.0,2026-10-22,False,True,False,7,NEUTRAL,2.45,20.1,2.05,23.1,,,,2026-09-28T05:23:15.479611,,,,,,
AAPL,Apple Inc.,81.6,,trimestral,🏆 ELITE,🟢 Elite,USD,USD,False,True,True,1.0,,100.0,70.0,76.7,85.0,60.0,80.0,78.4,False,flat,27.1,True,1,16.4,True,1,"{'eps_growth_yoy': 27.1, 'op_growth_yoy': 26.6, 'crecimiento_respaldado': True, 'positive_quarters': 4, 'earnings_accelerating': True, 'eps_accel_quarters': 1, 'profit_margin_pct': 27.6, 'score_bruto_sin_capar': 105.0, 'satura': True}","{'revenue_growth_yoy': 16.4, 'revenue_accelerating': True, 'rev_accel_quarters': 1}","{'rs_3m': 16.8, 'rs_6m': 15.1, 'rs_line_percentile': 78.4, 'rs_line_at_new_high': False, 'rs_line_trend': 'flat', 'rs_line_score': 80}","{'roe_pct': 148.8, 'debt_to_equity': 0.78, 'current_ratio': 1.0, 'operating_margin_pct': 32.6}","{'days_to_earnings': 'N/A', 'recommendation': 'buy', 'analyst_upside_pct': -3.8}",341.07,4977636933632,Technology,Consumer Electronics,0.9,3.0,False,345.34,-1.2,8,True,6.0,328.22,405.0,215.0,39.0,buy,-3.8,160.86,-52.8,268.55,-21.3,reportado,múltiplo propio,4.0,0.51,False,,2.69,9.17,0.32,12.0,1.08,0.5,True,-1.56,,9,,,,,20.1,31.0,2026-10-29,False,True,False,8,STRONG,2.66,267.0,1.24,21.8,,,,2026-09-28T05:27:59.971222,,,,,,
CVX,Chevron Corporation,81.4,,trimestral,🏆 ELITE,🟢 Elite,USD,USD,False,True,True,1.0,,100.0,100.0,38.3,85.0,60.0,35.0,45.0,False,up,384.8,True,2,51.4,True,2,"{'eps_growth_yoy': 384.8, 'op_growth_yoy': 251.9, 'crecimiento_respaldado': False, 'crecimiento_puntuado': 276.9, 'positive_quarters': 4, 'earnings_accelerating': True, 'eps_accel_quarters': 2, 'profit_margin_pct': 9.8, 'score_bruto_sin_capar': 115.0, 'satura': True}","{'revenue_growth_yoy': 51.4, 'revenue_accelerating': True, 'rev_accel_quarters': 2}","{'rs_3m': 18.1, 'rs_6m': -23.7, 'rs_line_percentile': 45.0, 'rs_line_at_new_high': False, 'rs_line_trend': 'up', 'rs_line_score': 35}","{'roe_pct': 12.2, 'debt_to_equity': 0.19, 'current_ratio': 1.25, 'operating_margin_pct': 21.9}","{'days_to_earnings': 'N/A', 'recommendation': 'buy', 'analyst_upside_pct': 9.5}",204.45,401049780224,Energy,Oil & Gas Integrated,1.1,2.6,False,217.78,-6.1,7,True,2.1,223.92,250.0,175.0,24.0,buy,9.5,265.27,29.7,132.73,-35.1,reportado,múltiplo propio,4.0,1.09,True,,6.98,14.27,3.48,67.2,7.12,3.95,True,-2.78,,9,,18.1,Operating Income,22.5,321.9,32.0,2026-10-30,False,True,False,5,NEUTRAL,3.83,7.4,0.04,23.9,0.4,0.02,-23.5,2026-09-28T05:28:22.892127,,,,,,True
APH,Amphenol Corporation,81.2,,trimestral,🏆 ELITE,🟢 Elite,USD,USD,False,True,True,1.0,,90.0,90.0,62.4,85.0,65.0,60.0,71.8,False,up,26.5,False,0,58.4,True,1,"{'eps_growth_yoy': 26.5, 'op_growth_yoy': 82.3, 'crecimiento_respaldado': True, 'positive_quarters': 4, 'earnings_accelerating': False, 'eps_accel_quarters': 0, 'profit_margin_pct': 17.7, 'score_bruto_sin_capar': 90.0, 'satura': False}","{'revenue_growth_yoy': 58.4, 'revenue_accelerating': True, 'rev_accel_quarters': 1}","{'rs_3m': -3.1, 'rs_6m': 14.2, 'rs_line_percentile': 71.8, 'rs_line_at_new_high': False, 'rs_line_trend': 'up', 'rs_line_score': 60}","{'roe_pct': 38.1, 'debt_to_equity': 1.2, 'current_ratio': 1.89, 'operating_margin_pct': 29.8}","{'days_to_earnings': 'N/A', 'recommendation': 'strong_buy', 'analyst_upside_pct': 18.2}",84.09,207363145728,Technology,Electronic Components,1.5,2.8,False,89.26,-5.8,8,True,4.8,99.39,115.0,85.0,18.0,strong_buy,18.2,41.22,-51.0,33.49,-60.2,reportado,múltiplo propio,4.0,0.48,False,,2.35,1.98,0.59,22.9,0.5,0.82,False,1.34,,9,,13.7,Operating Income,13.6,59.3,30.0,2026-10-28,False,True,False,6,NEUTRAL,2.7,37.9,0.43,39.1,1.6,0.04,-37.5,2026-09-28T05:26:26.913953,,,,,,
TECK,Teck Resources Limited,79.9,,trimestral,⭐⭐⭐ EXCELLENT,🟢 Excellent,USD,CAD,True,True,True,0.9845,"FCF declarado (1,925,000,000) se aparta del derivado de flujo operativo menos capex (1,222,527,018)",100.0,80.0,73.1,75.0,40.0,80.0,76.0,False,up,314.6,False,0,78.2,False,0,"{'eps_growth_yoy': 314.6, 'op_growth_yoy': 425.2, 'crecimiento_respaldado': True, 'positive_quarters': 4, 'earnings_accelerating': False, 'eps_accel_quarters': 0, 'profit_margin_pct': 17.9, 'score_bruto_sin_capar': 100.0, 'satura': False}","{'revenue_growth_yoy': 78.2, 'revenue_accelerating': False, 'rev_accel_quarters': 0}","{'rs_3m': 9.3, 'rs_6m': 14.2, 'rs_line_percentile': 76.0, 'rs_line_at_new_high': False, 'rs_line_trend': 'up', 'rs_line_score': 80}","{'roe_pct': 8.7, 'debt_to_equity': 0.34, 'current_ratio': 3.12, 'operating_margin_pct': 43.1}","{'days_to_earnings': 'N/A', 'recommendation': 'hold', 'analyst_upside_pct': -19.8}",66.05,32404131840,Basic Materials,Copper,,4.5,False,72.56,-9.0,8,True,1.7,52.96,67.72,35.27,4.0,hold,-19.8,,,,,normalizado,,,,,,3.77,2.49,0.54,9.8,0.36,0.99,True,-1.05,,6,solo 6 de los 9 criterios son calculables con los estados de esta empresa,5.2,Operating Income,6.5,129.8,31.0,2026-10-29,False,True,False,5,,4.15,4.2,0.06,37.2,,,,2026-09-28T05:29:47.496884,,"el capex se lleva el 63% del flujo operativo: lo que queda no es lo que gana el dueño, es lo que sobra tras decidir invertir",sin histórico de múltiplo (beneficio negativo o pocos años),tasa fiscal efectiva 39.3% — el beneficio del periodo no es representativo,,
NUE,Nucor Corporation,79.3,,trimestral,⭐⭐⭐ EXCELLENT,🟢 Excellent,USD,USD,False,True,True,1.0,"FCF declarado (1,583,000,000) se aparta del derivado de flujo operativo menos capex (1,002,000,000)",95.0,70.0,76.7,80.0,60.0,80.0,75.5,False,flat,91.7,False,0,23.0,False,0,"{'eps_growth_yoy': 91.7, 'op_growth_yoy': 77.3, 'crecimiento_respaldado': True, 'positive_quarters': 4, 'earnings_accelerating': False, 'eps_accel_quarters': 0, 'profit_margin_pct': 8.0, 'score_bruto_sin_capar': 95.0, 'satura': False}","{'revenue_growth_yoy': 23.0, 'revenue_accelerating': False, 'rev_accel_quarters': 0}","{'rs_3m': 4.1, 'rs_6m': 30.0, 'rs_line_percentile': 75.5, 'rs_line_at_new_high': False, 'rs_line_trend': 'flat', 'rs_line_score': 80}","{'roe_pct': 14.5, 'debt_to_equity': 0.31, 'current_ratio': 2.51, 'operating_margin_pct': 15.7}","{'days_to_earnings': 'N/A', 'recommendation': 'buy', 'analyst_upside_pct': 14.7}",247.25,56095010816,Basic Materials,Steel,2.5,3.1,False,280.11,-11.7,7,True,-3.2,283.62,310.0,231.0,16.0,buy,14.7,,,,,reportado,,,,,,1.79,4.43,0.91,17.8,2.24,1.41,False,-1.0,,9,,28.7,Operating Income,29.3,93.8,28.0,2026-10-26,False,True,False,6,NEUTRAL,4.31,11.5,0.13,33.6,1.6,0.05,-32.0,2026-09-28T05:28:59.245507,,"el capex se lleva el 77% del flujo operativo: lo que queda no es lo que gana el dueño, es lo que sobra tras decidir invertir",los P/E históricos se separan 1.5x la mediana: el ancla la decidiría un año suelto,,,
BRK-B,Berkshire Hathaway Inc.,79.2,,trimestral,⭐⭐⭐ EXCELLENT,🟢 Excellent,USD,USD,False,True,True,0.6577,"acciones × precio no cuadra (ratio 0.6577) pero la divisa sí: son clases múltiples. Se usan 2,141 M de acciones efectivas (capitalización ÷ precio) en vez de las 1,408 M declaradas",100.0,90.0,36.0,90.0,60.0,15.0,21.0,False,flat,457.6,True,1,41.5,True,1,"{'eps_growth_yoy': 457.6, 'op_growth_yoy': 421.4, 'crecimiento_respaldado': False, 'crecimiento_puntuado': 446.4, 'positive_quarters': 4, 'earnings_accelerating': True, 'eps_accel_quarters': 1, 'profit_margin_pct': 22.3, 'score_bruto_sin_capar': 115.0, 'satura': True}","{'revenue_growth_yoy': 41.5, 'revenue_accelerating': True, 'rev_accel_quarters': 1}","{'rs_3m': -2.4, 'rs_6m': -14.4, 'rs_line_percentile': 21.0, 'rs_line_at_new_high': False, 'rs_line_trend': 'flat', 'rs_line_score': 15}","{'roe_pct': 12.1, 'debt_to_equity': 0.17, 'current_ratio': 2.89, 'operating_margin_pct': 32.6}","{'days_to_earnings': 'N/A', 'recommendation': 'buy', 'analyst_upside_pct': 8.3}",505.48,1082085998592,Financial Services,Insurance - Diversified,1.0,2.3,False,537.74,-6.0,4,False,-0.2,547.67,604.0,510.0,3.0,buy,8.3,,,436.95,-13.6,reportado,múltiplo propio,3.0,0.74,True,,2.38,12.03,,,,,False,-0.41,,7,,17.1,EBIT,17.1,75.5,40.0,2026-11-07,False,True,False,4,NEUTRAL,,,0.21,11.3,,,,2026-09-28T05:23:50.997212,2140709818.0,"Insurance - Diversified: el flujo operativo son depósitos, préstamos o primas, no caja libre para el accionista",,,,True
TNE.AX,Technology One Limited,78.8,,anual,⭐⭐⭐ EXCELLENT,🟢 Excellent,AUD,AUD,False,True,True,1.0,,95.0,80.0,50.0,95.0,60.0,,,,,16.6,True,1,18.2,True,2,"{'eps_growth_yoy': 16.6, 'op_growth_yoy': 18.3, 'crecimiento_respaldado': True, 'positive_quarters': 4, 'earnings_accelerating': True, 'eps_accel_quarters': 1, 'profit_margin_pct': 22.4, 'score_bruto_sin_capar': 95.0, 'satura': False}","{'revenue_growth_yoy': 18.2, 'revenue_accelerating': True, 'rev_accel_quarters': 2}","{'rs_3m': -6.7, 'rs_6m': -18.0}","{'roe_pct': 33.5, 'debt_to_equity': 0.12, 'current_ratio': 1.12, 'operating_margin_pct': 27.1}","{'days_to_earnings': 'N/A', 'recommendation': 'buy', 'analyst_upside_pct': 7.4}",29.025,9501872128,Technology,Software - Application,,,False,39.99,-27.4,3,False,-5.8,31.16,34.25,22.0,16.0,buy,7.4,20.38,-29.8,,,reportado,,,,,,2.1,0.61,0.96,62.2,0.28,0.97,,,,7,,,,,4.4,50.0,2026-11-17,False,True,False,3,NEUTRAL,1.85,152.7,7.6,24.9,,,,2026-09-28T05:25:19.745345,,,múltiplo propio 56x fuera del rango 8-45,,,
CBOE,"Cboe Global Markets, Inc.",78.3,,trimestral,⭐⭐⭐ EXCELLENT,🟢 Excellent,USD,USD,False,True,True,1.0,,100.0,90.0,26.7,100.0,55.0,15.0,12.1,False,down,50.2,False,0,22.9,True,2,"{'eps_growth_yoy': 50.2, 'op_growth_yoy': 33.6, 'crecimiento_respaldado': True, 'positive_quarters': 4, 'earnings_accelerating': False, 'eps_accel_quarters': 0, 'profit_margin_pct': 26.7, 'score_bruto_sin_capar': 105.0, 'satura': True}","{'revenue_growth_yoy': 22.9, 'revenue_accelerating': True, 'rev_accel_quarters': 2}","{'rs_3m': 7.4, 'rs_6m': -27.3, 'rs_line_percentile': 12.1, 'rs_line_at_new_high': False, 'rs_line_trend': 'down', 'rs_line_score': 15}","{'roe_pct': 26.3, 'debt_to_equity': 0.28, 'current_ratio': 1.56, 'operating_margin_pct': 34.6}","{'days_to_earnings': 'N/A', 'recommendation': 'hold', 'analyst_upside_pct': 22.3}",258.03,26946334720,Financial Services,Financial Data & Stock Exchanges,3.0,2.9,False,371.18,-30.5,2,False,-10.5,315.64,356.0,258.0,14.0,hold,22.3,496.53,92.4,326.19,26.4,reportado,múltiplo propio,4.0,1.22,True,,7.02,18.11,1.33,22.4,3.44,1.27,False,-0.19,,9,,33.6,Operating Income,36.6,20.1,32.0,2026-10-30,False,True,False,8,STRONG,5.79,65.7,0.34,32.3,0.8,0.02,-31.5,2026-09-28T05:25:50.077009,,,,,,
BLK,"BlackRock, Inc.",78.1,,trimestral,⭐⭐⭐ EXCELLENT,🟢 Excellent,USD,USD,False,True,True,0.9532,,85.0,90.0,50.3,90.0,65.0,35.0,25.4,False,down,20.2,False,0,30.6,True,1,"{'eps_growth_yoy': 20.2, 'op_growth_yoy': 33.6, 'crecimiento_respaldado': True, 'positive_quarters': 4, 'earnings_accelerating': False, 'eps_accel_quarters': 0, 'profit_margin_pct': 24.1, 'score_bruto_sin_capar': 85.0, 'satura': False}","{'revenue_growth_yoy': 30.6, 'revenue_accelerating': True, 'rev_accel_quarters': 1}","{'rs_3m': 10.6, 'rs_6m': -4.7, 'rs_line_percentile': 25.4, 'rs_line_at_new_high': False, 'rs_line_trend': 'down', 'rs_line_score': 35}","{'roe_pct': 12.3, 'debt_to_equity': 0.23, 'current_ratio': 2.45, 'operating_margin_pct': 35.1}","{'days_to_earnings': 'N/A', 'recommendation': 'strong_buy', 'analyst_upside_pct': 21.8}",1086.31,176499523584,Financial Services,Asset Management,1.3,3.7,False,1219.94,-11.0,4,False,-1.6,1322.75,1479.0,1190.0,16.0,strong_buy,21.8,,,927.23,-14.6,reportado,múltiplo propio,4.0,0.51,False,,2.02,21.94,2.11,52.4,22.92,2.35,False,5.31,,9,,16.6,Operating Income,17.9,19.6,16.0,2026-10-14,False,True,True,4,NEUTRAL,4.49,27.4,0.86,23.8,,,,2026-09-28T05:26:19.096501,,"Asset Management: el flujo operativo son depósitos, préstamos o primas, no caja libre para el accionista",,,,
THC,Tenet Healthcare Corporation,78.1,,trimestral,⭐⭐⭐ EXCELLENT,🟢 Excellent,USD,USD,False,True,True,1.0,,100.0,60.0,79.4,75.0,60.0,80.0,79.9,False,up,186.8,False,0,14.6,False,0,"{'eps_growth_yoy': 186.8, 'op_growth_yoy': 68.7, 'crecimiento_respaldado': False, 'crecimiento_puntuado': 93.7, 'positive_quarters': 4, 'earnings_accelerating': False, 'eps_accel_quarters': 0, 'profit_margin_pct': 10.3, 'score_bruto_sin_capar': 100.0, 'satura': False}","{'revenue_growth_yoy': 14.6, 'revenue_accelerating': False, 'rev_accel_quarters': 0}","{'rs_3m': 34.4, 'rs_6m': 13.1, 'rs_line_percentile': 79.9, 'rs_line_at_new_high': False, 'rs_line_trend': 'up', 'rs_line_score': 80}","{'roe_pct': 37.3, 'debt_to_equity': 1.52, 'current_ratio': 1.41, 'operating_margin_pct': 18.2}","{'days_to_earnings': 'N/A', 'recommendation': 'buy', 'analyst_upside_pct': 9.6}",259.71,20911589376,Healthcare,Medical Care Facilities,2.9,2.8,False,283.05,-8.2,8,True,1.6,284.64,315.0,260.0,22.0,buy,9.6,610.89,135.2,333.6,28.5,reportado,múltiplo propio,4.0,0.72,False,,14.37,37.32,,,,2.75,True,-8.53,,9,,5.4,Operating Income,5.7,213.4,29.0,2026-10-27,False,True,False,6,NEUTRAL,9.54,31.7,0.06,31.2,0.2,0.01,-31.0,2026-09-28T05:29:39.994188,,,,,,
KYCCF,Keyence Corporation,78.0,,anual,⭐⭐⭐ EXCELLENT,🟢 Excellent,USD,JPY,True,True,True,1.0,,100.0,80.0,66.0,65.0,50.0,60.0,72.4,False,up,11.7,True,2,10.4,True,2,"{'eps_growth_yoy': 11.7, 'op_growth_yoy': 8.4, 'crecimiento_respaldado': True, 'positive_quarters': 4, 'earnings_accelerating': True, 'eps_accel_quarters': 2, 'profit_margin_pct': 39.2, 'score_bruto_sin_capar': 105.0, 'satura': True}","{'revenue_growth_yoy': 10.4, 'revenue_accelerating': True, 'rev_accel_quarters': 2}","{'rs_3m': -0.3, 'rs_6m': 24.5, 'rs_line_percentile': 72.4, 'rs_line_at_new_high': False, 'rs_line_trend': 'up', 'rs_line_score': 60}","{'current_ratio': 11.87, 'operating_margin_pct': 54.0}","{'days_to_earnings': 'N/A', 'recommendation': 'none'}",511.63,124083134464,Technology,Scientific & Technical Instruments,,,False,581.6,-12.0,8,True,2.2,,,,,none,,35960.66,6928.6,,,reportado,,,,,,324.23,1658.86,0.67,30.0,3.45,0.5,,,,9,,,,,25.5,31.0,2026-10-29,False,True,False,5,NEUTRAL,,31.6,0.87,35.6,,,,2026-09-28T05:27:20.692417,,,múltiplo propio 0x fuera del rango 8-45,,,
VEEV,Veeva Systems Inc.,77.2,,trimestral,⭐⭐⭐ EXCELLENT,🟢 Excellent,USD,USD,False,True,True,1.0,,95.0,60.0,75.0,85.0,60.0,60.0,61.6,False,up,36.5,False,0,17.6,False,0,"{'eps_growth_yoy': 36.5, 'op_growth_yoy': 40.4, 'crecimiento_respaldado': True, 'positive_quarters': 4, 'earnings_accelerating': False, 'eps_accel_quarters': 0, 'profit_margin_pct': 29.3, 'score_bruto_sin_capar': 95.0, 'satura': False}","{'revenue_growth_yoy': 17.6, 'revenue_accelerating': False, 'rev_accel_quarters': 0}","{'rs_3m': 54.9, 'rs_6m': 40.4, 'rs_line_percentile': 61.6, 'rs_line_at_new_high': False, 'rs_line_trend': 'up', 'rs_line_score': 60}","{'roe_pct': 14.4, 'debt_to_equity': 0.02, 'current_ratio': 5.46, 'operating_margin_pct': 29.6}","{'days_to_earnings': 'N/A', 'recommendation': 'buy', 'analyst_upside_pct': 5.9}",280.68,45444575232,Healthcare,Health Information Services,3.4,2.9,False,310.5,-9.6,6,False,16.1,297.3,350.0,180.0,27.0,buy,5.9,196.05,-30.2,,,reportado,,,,,,2.77,7.77,,,,,True,-1.57,,9,,,,,39.5,58.0,2026-11-25,False,True,False,7,NEUTRAL,2.39,14.1,0.69,60.9,,,,2026-09-28T05:22:38.673606,,,múltiplo propio 55x fuera del rango 8-45,,,
7741.T,HOYA Corporation,76.8,,anual,⭐⭐⭐ EXCELLENT,🟢 Excellent,JPY,JPY,False,True,True,1.0,,100.0,80.0,30.0,95.0,65.0,,,,,25.2,True,2,12.4,True,2,"{'eps_growth_yoy': 25.2, 'op_growth_yoy': 14.6, 'crecimiento_respaldado': True, 'positive_quarters': 4, 'earnings_accelerating': True, 'eps_accel_quarters': 2, 'profit_margin_pct': 27.2, 'score_bruto_sin_capar': 115.0, 'satura': True}","{'revenue_growth_yoy': 12.4, 'revenue_accelerating': True, 'rev_accel_quarters': 2}","{'rs_3m': -13.8, 'rs_6m': -38.0}","{'roe_pct': 26.5, 'debt_to_equity': 0.04, 'current_ratio': 4.91, 'operating_margin_pct': 32.4}","{'days_to_earnings': 'N/A', 'recommendation': 'strong_buy', 'analyst_upside_pct': 27.7}",23650.0,7888737140736,Healthcare,Medical Instruments & Supplies,,,False,30400.0,-22.2,2,False,-3.8,30200.0,36000.0,23100.0,15.0,strong_buy,27.7,16147.63,-31.7,24511.13,3.6,reportado,múltiplo propio,4.0,0.22,False,,2.97,702.4,1.26,39.7,295.0,0.77,,,,9,,,,,30.0,32.0,2026-10-30,False,True,False,6,NEUTRAL,7.48,55.3,1.15,21.6,,,,2026-09-28T05:23:33.781557,,,,,,
GOOG,Alphabet Inc.,76.5,,trimestral,⭐⭐⭐ EXCELLENT,🟢 Excellent,USD,USD,False,True,True,0.4519,"acciones × precio no cuadra (ratio 0.4519) pero la divisa sí: son clases múltiples. Se usan 12,230 M de acciones efectivas (capitalización ÷ precio) en vez de las 5,527 M declaradas | FCF declarado (53,273,000,000) se aparta del derivado de flujo operativo menos capex (94,228,005,952)",85.0,80.0,47.6,100.0,65.0,35.0,43.9,False,down,297.9,False,0,24.2,True,1,"{'eps_growth_yoy': 297.9, 'op_growth_yoy': 30.4, 'crecimiento_respaldado': False, 'crecimiento_puntuado': 55.4, 'positive_quarters': 4, 'earnings_accelerating': False, 'eps_accel_quarters': 0, 'profit_margin_pct': 54.8, 'score_bruto_sin_capar': 105.0, 'satura': True}","{'revenue_growth_yoy': 24.2, 'revenue_accelerating': True, 'rev_accel_quarters': 1}","{'rs_3m': -7.2, 'rs_6m': 2.5, 'rs_line_percentile': 43.9, 'rs_line_at_new_high': False, 'rs_line_trend': 'down', 'rs_line_score': 35}","{'roe_pct': 48.7, 'debt_to_equity': 0.19, 'current_ratio': 2.72, 'operating_margin_pct': 34.0}","{'days_to_earnings': 'N/A', 'recommendation': 'strong_buy', 'analyst_upside_pct': 23.8}",341.08,4171386060800,Communication Services,Internet Content & Information,,3.3,False,404.47,-15.7,5,False,-0.2,422.34,475.0,340.0,15.0,strong_buy,23.8,154.22,-54.8,474.16,39.0,reportado,múltiplo propio,4.0,0.41,False,,2.26,7.71,0.26,4.3,0.88,,False,0.91,,9,,65.6,Operating Income,133.9,294.0,30.0,2026-10-28,False,True,False,6,NEUTRAL,3.17,35.3,0.08,25.4,,,,2026-09-28T05:27:23.984384,12229934505.0,,,,,
OXY,Occidental Petroleum Corporation,76.2,,trimestral,⭐⭐⭐ EXCELLENT,🟢 Excellent,USD,USD,False,True,True,1.0,,100.0,80.0,38.3,80.0,65.0,35.0,35.1,False,flat,808.8,True,2,53.4,False,0,"{'eps_growth_yoy': 808.8, 'op_growth_yoy': 359.3, 'crecimiento_respaldado': False, 'crecimiento_puntuado': 384.3, 'positive_quarters': 3, 'earnings_accelerating': True, 'eps_accel_quarters': 2, 'profit_margin_pct': 30.3, 'score_bruto_sin_capar': 118.0, 'satura': True}","{'revenue_growth_yoy': 53.4, 'revenue_accelerating': False, 'rev_accel_quarters': 0}","{'rs_3m': 12.0, 'rs_6m': -34.4, 'rs_line_percentile': 35.1, 'rs_line_at_new_high': False, 'rs_line_trend': 'flat', 'rs_line_score': 35}","{'roe_pct': 10.6, 'debt_to_equity': 0.35, 'current_ratio': 1.41, 'operating_margin_pct': 45.4}","{'days_to_earnings': 'N/A', 'recommendation': 'buy', 'analyst_upside_pct': 19.6}",56.86,56839380992,Energy,Oil & Gas E&P,0.0,0.0,False,67.45,-15.7,6,False,-2.3,68.0,82.0,55.0,25.0,buy,19.6,,,45.24,-20.4,reportado,múltiplo propio,4.0,0.97,False,,8.0,4.55,1.97,29.5,1.12,1.14,False,0.18,,9,,5.7,Operating Income,6.2,675.4,42.0,2026-11-09,False,True,False,4,NEUTRAL,4.88,5.8,0.01,31.8,0.4,0.01,-31.4,2026-09-28T05:28:11.716170,,"el capex se lleva el 59% del flujo operativo: lo que queda no es lo que gana el dueño, es lo que sobra tras decidir invertir",,,,
AME,"AMETEK, Inc.",76.1,,trimestral,⭐⭐⭐ EXCELLENT,🟢 Excellent,USD,USD,False,True,True,1.0,,95.0,70.0,56.7,85.0,60.0,60.0,66.7,False,flat,13.5,True,1,15.0,True,1,"{'eps_growth_yoy': 13.5, 'op_growth_yoy': 14.4, 'crecimiento_respaldado': True, 'positive_quarters': 4, 'earnings_accelerating': True, 'eps_accel_quarters': 1, 'profit_margin_pct': 20.0, 'score_bruto_sin_capar': 95.0, 'satura': False}","{'revenue_growth_yoy': 15.0, 'revenue_accelerating': True, 'rev_accel_quarters': 1}","{'rs_3m': 1.3, 'rs_6m': -2.1, 'rs_line_percentile': 66.7, 'rs_line_at_new_high': False, 'rs_line_trend': 'flat', 'rs_line_score': 60}","{'roe_pct': 14.6, 'debt_to_equity': 0.21, 'current_ratio': 1.21, 'operating_margin_pct': 26.2}","{'days_to_earnings': 'N/A', 'recommendation': 'buy', 'analyst_upside_pct': 11.0}",250.74,57484967936,Industrials,Specialty Industrial Machinery,1.5,2.1,False,261.16,-4.0,7,True,3.5,278.33,316.0,217.0,18.0,buy,11.0,167.97,-33.0,200.83,-19.9,reportado,múltiplo propio,4.0,0.16,False,,3.18,7.97,0.54,19.0,1.36,0.62,False,-0.7,,9,,21.1,Operating Income,20.8,14.2,31.0,2026-10-29,False,True,False,6,NEUTRAL,3.22,146.3,1.84,25.1,,,,2026-09-28T05:25:08.784662,,,,,,
4684.T,"OBIC Co.,Ltd.",75.7,,anual,⭐⭐⭐ EXCELLENT,🟢 Excellent,JPY,JPY,False,True,True,1.0,,95.0,70.0,71.0,70.0,50.0,,,,,16.4,True,1,11.5,True,1,"{'eps_growth_yoy': 16.4, 'op_growth_yoy': 13.3, 'crecimiento_respaldado': True, 'positive_quarters': 4, 'earnings_accelerating': True, 'eps_accel_quarters': 1, 'profit_margin_pct': 56.2, 'score_bruto_sin_capar': 95.0, 'satura': False}","{'revenue_growth_yoy': 11.5, 'revenue_accelerating': True, 'rev_accel_quarters': 1}","{'rs_3m': 31.1, 'rs_6m': 6.7}","{'roe_pct': 16.6, 'current_ratio': 7.21, 'operating_margin_pct': 67.7}","{'days_to_earnings': 'N/A', 'recommendation': 'none', 'analyst_upside_pct': 10.4}",4993.0,2143963578368,Technology,Software - Application,,,False,5264.0,-5.1,6,False,6.2,5513.33,6200.0,4500.0,12.0,none,10.4,5105.29,2.2,5326.68,6.7,reportado,múltiplo propio,4.0,0.41,False,,3.37,168.26,1.86,49.0,94.0,1.31,,,,9,,,,,9.8,29.0,2026-10-27,False,True,False,4,NEUTRAL,4.47,35.7,1.6,30.6,,,,2026-09-28T05:26:37.701606,,,,,,
TMO,Thermo Fisher Scientific Inc.,75.3,,trimestral,⭐⭐⭐ EXCELLENT,🟢 Excellent,USD,USD,False,True,True,1.0,,80.0,70.0,83.0,75.0,60.0,80.0,82.9,False,up,7.4,True,1,10.5,True,1,"{'eps_growth_yoy': 7.4, 'op_growth_yoy': 14.0, 'crecimiento_respaldado': True, 'positive_quarters': 4, 'earnings_accelerating': True, 'eps_accel_quarters': 1, 'profit_margin_pct': 15.0, 'score_bruto_sin_capar': 80.0, 'satura': False}","{'revenue_growth_yoy': 10.5, 'revenue_accelerating': True, 'rev_accel_quarters': 1}","{'rs_3m': 29.0, 'rs_6m': 20.6, 'rs_line_percentile': 82.9, 'rs_line_at_new_high': False, 'rs_line_trend': 'up', 'rs_line_score': 80}","{'roe_pct': 13.5, 'debt_to_equity': 0.81, 'current_ratio': 1.55, 'operating_margin_pct': 18.8}","{'days_to_earnings': 'N/A', 'recommendation': 'buy', 'analyst_upside_pct': -3.2}",675.0,249579421696,Healthcare,Diagnostics & Research,1.4,2.9,False,682.98,-1.2,7,True,11.8,653.11,780.0,520.0,27.0,buy,-3.2,413.29,-38.8,496.06,-26.5,normalizado,múltiplo propio,4.0,0.1,False,,3.0,20.25,0.28,9.7,1.88,0.26,True,-1.85,,9,,5.8,Operating Income,6.2,9.4,23.0,2026-10-21,False,True,False,5,NEUTRAL,2.81,33.7,2.61,25.1,,,,2026-09-28T05:22:11.877949,,,,tasa fiscal efectiva 7.8% — el beneficio del periodo no es representativo,,
SAP,SAP SE,74.8,,trimestral,⭐⭐⭐ EXCELLENT,🟢 Excellent,USD,EUR,True,True,True,1.0,,95.0,60.0,56.6,90.0,65.0,35.0,34.4,False,up,28.5,False,0,9.4,True,1,"{'eps_growth_yoy': 28.5, 'op_growth_yoy': 7.2, 'crecimiento_respaldado': True, 'positive_quarters': 4, 'earnings_accelerating': False, 'eps_accel_quarters': 0, 'profit_margin_pct': 20.4, 'score_bruto_sin_capar': 95.0, 'satura': False}","{'revenue_growth_yoy': 9.4, 'revenue_accelerating': True, 'rev_accel_quarters': 1}","{'rs_3m': 31.7, 'rs_6m': 8.4, 'rs_line_percentile': 34.4, 'rs_line_at_new_high': False, 'rs_line_trend': 'up', 'rs_line_score': 35}","{'roe_pct': 18.3, 'debt_to_equity': 0.22, 'current_ratio': 1.15, 'operating_margin_pct': 27.6}","{'days_to_earnings': 'N/A', 'recommendation': 'buy', 'analyst_upside_pct': 19.4}",210.68,243167756288,Technology,Software - Application,0.4,2.2,False,281.37,-25.1,4,False,4.9,251.5,319.0,177.0,12.0,buy,19.4,230.83,9.6,298.13,41.5,reportado,múltiplo propio,3.0,0.55,True,2024-12-31,4.13,8.7,1.39,37.5,2.93,1.48,True,-1.45,,9,,18.2,Operating Income,20.7,30.6,23.0,2026-10-21,False,True,False,8,STRONG,0.28,131.1,0.71,35.2,,,,2026-09-28T05:23:44.050660,,,,,,
RACE,Ferrari N.V.,74.6,,trimestral,⭐⭐⭐ EXCELLENT,🟢 Excellent,USD,EUR,True,True,True,1.0,,95.0,70.0,50.3,90.0,50.0,35.0,30.5,False,up,9.0,True,2,8.4,True,2,"{'eps_growth_yoy': 9.0, 'op_growth_yoy': 9.5, 'crecimiento_respaldado': True, 'positive_quarters': 4, 'earnings_accelerating': True, 'eps_accel_quarters': 2, 'profit_margin_pct': 22.2, 'score_bruto_sin_capar': 95.0, 'satura': False}","{'revenue_growth_yoy': 8.4, 'revenue_accelerating': True, 'rev_accel_quarters': 2}","{'rs_3m': 7.3, 'rs_6m': 8.8, 'rs_line_percentile': 30.5, 'rs_line_at_new_high': False, 'rs_line_trend': 'up', 'rs_line_score': 35}","{'roe_pct': 45.4, 'debt_to_equity': 0.86, 'current_ratio': 2.43, 'operating_margin_pct': 31.1}","{'days_to_earnings': 'N/A', 'recommendation': 'none', 'analyst_upside_pct': 11.5}",411.33,72211464192,Consumer Cyclical,Auto Manufacturers,2.9,9.9,False,504.49,-18.5,7,True,1.5,458.59,523.86,408.66,14.0,none,11.5,320.84,-22.0,468.3,13.9,reportado,múltiplo propio,4.0,0.19,False,,2.49,10.24,1.03,39.0,4.23,0.69,True,-1.12,,9,,63.9,Operating Income,63.9,5.1,36.0,2026-11-03,False,True,False,9,STRONG,2.83,46.7,3.25,21.1,0.4,0.02,-20.7,2026-09-28T05:23:40.724874,,,,,,
NDSN,Nordson Corporation,74.4,,trimestral,⭐⭐⭐ EXCELLENT,🟢 Excellent,USD,USD,False,True,True,1.0,,90.0,60.0,68.3,85.0,60.0,80.0,84.2,False,up,21.5,True,1,10.3,False,0,"{'eps_growth_yoy': 21.5, 'op_growth_yoy': 11.6, 'crecimiento_respaldado': True, 'positive_quarters': 4, 'earnings_accelerating': True, 'eps_accel_quarters': 1, 'profit_margin_pct': 18.6, 'score_bruto_sin_capar': 90.0, 'satura': False}","{'revenue_growth_yoy': 10.3, 'revenue_accelerating': False, 'rev_accel_quarters': 0}","{'rs_3m': 3.8, 'rs_6m': 3.7, 'rs_line_percentile': 84.2, 'rs_line_at_new_high': False, 'rs_line_trend': 'up', 'rs_line_score': 80}","{'roe_pct': 17.8, 'debt_to_equity': 0.56, 'current_ratio': 1.82, 'operating_margin_pct': 27.4}","{'days_to_earnings': 'N/A', 'recommendation': 'buy', 'analyst_upside_pct': 7.4}",325.77,18145181696,Industrials,Specialty Industrial Machinery,3.1,3.5,False,339.12,-3.9,8,True,4.9,349.71,375.0,282.0,7.0,buy,7.4,230.48,-29.3,252.81,-22.4,reportado,múltiplo propio,4.0,0.22,False,,3.94,12.84,1.15,33.2,3.76,1.08,True,-1.24,,9,,8.8,Operating Income,8.4,16.1,72.0,2026-12-09,False,True,False,7,NEUTRAL,3.65,67.1,1.09,19.5,1.6,0.08,-17.9,2026-09-28T05:25:16.016813,,,,,,
CDNS,"Cadence Design Systems, Inc.",74.3,,trimestral,⭐⭐⭐ EXCELLENT,🟢 Excellent,USD,USD,False,True,True,1.0,,85.0,80.0,44.0,90.0,65.0,35.0,32.0,False,down,129.3,True,1,24.2,True,1,"{'eps_growth_yoy': 129.3, 'op_growth_yoy': 21.5, 'crecimiento_respaldado': False, 'crecimiento_puntuado': 46.5, 'positive_quarters': 4, 'earnings_accelerating': True, 'eps_accel_quarters': 1, 'profit_margin_pct': 23.6, 'score_bruto_sin_capar': 105.0, 'satura': True}","{'revenue_growth_yoy': 24.2, 'revenue_accelerating': True, 'rev_accel_quarters': 1}","{'rs_3m': -16.9, 'rs_6m': -2.3, 'rs_line_percentile': 32.0, 'rs_line_at_new_high': False, 'rs_line_trend': 'down', 'rs_line_score': 35}","{'roe_pct': 23.2, 'debt_to_equity': 0.39, 'current_ratio': 1.74, 'operating_margin_pct': 28.6}","{'days_to_earnings': 'N/A', 'recommendation': 'strong_buy', 'analyst_upside_pct': 24.3}",326.13,89813917696,Technology,Software - Application,1.6,1.8,False,416.69,-21.7,3,False,2.4,405.47,470.0,300.0,26.0,strong_buy,24.3,124.59,-61.8,,,reportado,,,,,,1.91,6.23,,,,,False,1.2,,9,,14.4,Operating Income,15.6,125.4,28.0,2026-10-26,False,True,False,7,NEUTRAL,1.81,44.3,0.27,47.4,,,,2026-09-28T05:24:12.267755,,,múltiplo propio 74x fuera del rango 8-45,,,
TT,Trane Technologies plc,74.3,,trimestral,⭐⭐⭐ EXCELLENT,🟢 Excellent,USD,USD,False,True,True,1.0,,90.0,80.0,44.0,80.0,65.0,35.0,29.9,False,down,7.3,True,2,10.6,True,2,"{'eps_growth_yoy': 7.3, 'op_growth_yoy': 5.2, 'crecimiento_respaldado': True, 'positive_quarters': 4, 'earnings_accelerating': True, 'eps_accel_quarters': 2, 'profit_margin_pct': 13.3, 'score_bruto_sin_capar': 90.0, 'satura': False}","{'revenue_growth_yoy': 10.6, 'revenue_accelerating': True, 'rev_accel_quarters': 2}","{'rs_3m': -9.5, 'rs_6m': -11.0, 'rs_line_percentile': 29.9, 'rs_line_at_new_high': False, 'rs_line_trend': 'down', 'rs_line_score': 35}","{'roe_pct': 36.6, 'debt_to_equity': 0.53, 'current_ratio': 1.07, 'operating_margin_pct': 19.3}","{'days_to_earnings': 'N/A', 'recommendation': 'buy', 'analyst_upside_pct': 16.1}",454.44,99987333120,Industrials,Building Products & Equipment,1.5,3.4,False,505.87,-10.2,4,False,-0.2,527.4,575.0,422.0,22.0,buy,16.1,307.61,-32.3,381.61,-16.0,reportado,múltiplo propio,4.0,0.38,False,,3.49,15.86,0.92,29.7,4.2,1.19,True,-1.16,,9,,18.1,Operating Income,18.0,7.1,31.0,2026-10-29,False,True,False,9,STRONG,3.84,103.7,3.64,23.4,,,,2026-09-28T05:24:42.973532,,,,,,
DHR,Danaher Corporation,74.3,,trimestral,⭐⭐⭐ EXCELLENT,🟢 Excellent,USD,USD,False,True,True,1.0,,100.0,60.0,63.9,70.0,60.0,60.0,53.0,False,up,56.8,False,0,5.5,True,1,"{'eps_growth_yoy': 56.8, 'op_growth_yoy': 48.3, 'crecimiento_respaldado': True, 'positive_quarters': 4, 'earnings_accelerating': False, 'eps_accel_quarters': 0, 'profit_margin_pct': 15.9, 'score_bruto_sin_capar': 100.0, 'satura': False}","{'revenue_growth_yoy': 5.5, 'revenue_accelerating': True, 'rev_accel_quarters': 1}","{'rs_3m': 12.1, 'rs_6m': 1.7, 'rs_line_percentile': 53.0, 'rs_line_at_new_high': False, 'rs_line_trend': 'up', 'rs_line_score': 60}","{'roe_pct': 7.6, 'debt_to_equity': 0.53, 'current_ratio': 1.65, 'operating_margin_pct': 19.8}","{'days_to_earnings': 'N/A', 'recommendation': 'strong_buy', 'analyst_upside_pct': 2.8}",224.49,157813342208,Healthcare,Diagnostics & Research,1.3,2.6,False,242.8,-7.5,5,False,9.0,230.83,310.0,195.0,23.0,strong_buy,2.8,130.9,-41.7,220.21,-1.9,reportado,múltiplo propio,4.0,0.55,False,,3.47,7.79,0.71,25.7,1.6,0.46,True,-1.6,,9,,17.6,Operating Income,17.3,59.7,23.0,2026-10-21,False,True,False,5,NEUTRAL,2.59,40.9,0.4,24.4,0.4,0.02,-24.0,2026-09-28T05:23:54.353751,,,,,,
CTAS,Cintas Corporation,73.8,,trimestral,⭐⭐⭐ EXCELLENT,🟢 Excellent,USD,USD,False,True,True,1.0,,100.0,60.0,50.3,85.0,60.0,35.0,43.9,False,down,14.0,True,2,8.9,True,1,"{'eps_growth_yoy': 14.0, 'op_growth_yoy': 15.2, 'crecimiento_respaldado': True, 'positive_quarters': 4, 'earnings_accelerating': True, 'eps_accel_quarters': 2, 'profit_margin_pct': 17.8, 'score_bruto_sin_capar': 100.0, 'satura': False}","{'revenue_growth_yoy': 8.9, 'revenue_accelerating': True, 'rev_accel_quarters': 1}","{'rs_3m': 14.2, 'rs_6m': -1.0, 'rs_line_percentile': 43.9, 'rs_line_at_new_high': False, 'rs_line_trend': 'down', 'rs_line_score': 35}","{'roe_pct': 41.4, 'debt_to_equity': 0.52, 'current_ratio': 1.45, 'operating_margin_pct': 24.1}","{'days_to_earnings': 'N/A', 'recommendation': 'buy', 'analyst_upside_pct': 9.2}",199.91,79867445248,Industrials,Specialty Business Services,3.8,6.3,False,219.17,-8.8,4,False,-1.1,218.25,250.0,180.0,16.0,buy,9.2,120.59,-39.7,200.4,0.2,reportado,múltiplo propio,4.0,0.4,False,,2.55,5.1,1.04,36.9,2.08,0.88,True,-1.31,,9,,24.7,Operating Income,24.6,9.3,80.0,2026-12-17,False,True,False,8,STRONG,3.18,82.5,2.44,20.6,,,,2026-09-28T05:20:22.926757,,,,,,
DSGX,The Descartes Systems Group Inc.,73.7,,trimestral,⭐⭐⭐ EXCELLENT,🟢 Excellent,USD,USD,False,True,True,1.0,,95.0,70.0,38.7,90.0,65.0,15.0,21.1,False,flat,31.6,False,0,11.8,True,1,"{'eps_growth_yoy': 31.6, 'op_growth_yoy': 25.2, 'crecimiento_respaldado': True, 'positive_quarters': 4, 'earnings_accelerating': False, 'eps_accel_quarters': 0, 'profit_margin_pct': 24.3, 'score_bruto_sin_capar': 95.0, 'satura': False}","{'revenue_growth_yoy': 11.8, 'revenue_accelerating': True, 'rev_accel_quarters': 1}","{'rs_3m': 8.7, 'rs_6m': -9.4, 'rs_line_percentile': 21.1, 'rs_line_at_new_high': False, 'rs_line_trend': 'flat', 'rs_line_score': 15}","{'roe_pct': 11.9, 'debt_to_equity': 0.0, 'current_ratio': 2.02, 'operating_margin_pct': 33.2}","{'days_to_earnings': 'N/A', 'recommendation': 'buy', 'analyst_upside_pct': 28.8}",78.61,6724971520,Technology,Software - Application,,2.5,False,98.35,-20.1,4,False,2.3,101.23,126.0,82.0,13.0,buy,28.8,116.05,47.6,,,reportado,,,,,,4.46,3.51,,,,,False,-0.59,,9,,257.0,Operating Income,264.0,32.6,65.0,2026-12-02,False,True,False,6,NEUTRAL,3.48,78.6,0.73,46.3,1.6,0.03,-44.7,2026-09-28T05:23:26.452082,,,múltiplo propio 64x fuera del rango 8-45,,,
HHH,Howard Hughes Holdings Inc.,73.5,,trimestral,⭐⭐⭐ EXCELLENT,🟢 Excellent,USD,USD,False,True,True,1.0,,90.0,90.0,36.0,65.0,70.0,15.0,17.7,False,down,,True,2,330.2,True,1,"{'positive_quarters': 4, 'earnings_accelerating': True, 'eps_accel_quarters': 2, 'profit_margin_pct': 12.3, 'score_bruto_sin_capar': 90.0, 'satura': False}","{'revenue_growth_yoy': 330.2, 'revenue_accelerating': True, 'rev_accel_quarters': 1}","{'rs_3m': -9.5, 'rs_6m': -12.4, 'rs_line_percentile': 17.7, 'rs_line_at_new_high': False, 'rs_line_trend': 'down', 'rs_line_score': 15}","{'roe_pct': 7.5, 'debt_to_equity': 1.35, 'current_ratio': 3.48, 'operating_margin_pct': 28.4}","{'days_to_earnings': 'N/A', 'recommendation': 'buy', 'analyst_upside_pct': 31.0}",68.43,4086603008,Real Estate,Real Estate - Development,12.7,8.1,True,91.07,-24.9,2,False,4.8,89.67,100.0,79.0,3.0,buy,31.0,165.74,142.2,100.99,47.6,reportado,múltiplo propio,3.0,0.83,True,,19.18,13.12,,,,,False,,,9,,2.8,Operating Income,3.2,,42.0,2026-11-09,False,True,False,6,NEUTRAL,4.37,13.3,,44.4,3.1,0.07,-41.3,2026-09-28T05:29:28.680700,,,,,,
NDAQ,"Nasdaq, Inc.",73.3,,trimestral,⭐⭐⭐ EXCELLENT,🟢 Excellent,USD,USD,False,True,True,1.0,,85.0,80.0,50.3,75.0,65.0,35.0,42.0,False,flat,12.2,False,0,20.5,True,1,"{'eps_growth_yoy': 12.2, 'op_growth_yoy': 22.4, 'crecimiento_respaldado': True, 'positive_quarters': 4, 'earnings_accelerating': False, 'eps_accel_quarters': 0, 'profit_margin_pct': 35.0, 'score_bruto_sin_capar': 85.0, 'satura': False}","{'revenue_growth_yoy': 20.5, 'revenue_accelerating': True, 'rev_accel_quarters': 1}","{'rs_3m': 17.8, 'rs_6m': -6.6, 'rs_line_percentile': 42.0, 'rs_line_at_new_high': False, 'rs_line_trend': 'flat', 'rs_line_score': 35}","{'roe_pct': 16.5, 'debt_to_equity': 0.78, 'current_ratio': 1.01, 'operating_margin_pct': 49.3}","{'days_to_earnings': 'N/A', 'recommendation': 'buy', 'analyst_upside_pct': 17.2}",93.55,52292333568,Financial Services,Financial Data & Stock Exchanges,2.0,2.7,False,101.79,-8.1,4,False,-1.1,109.67,135.0,84.0,15.0,buy,17.2,81.69,-12.7,99.52,6.4,reportado,múltiplo propio,4.0,0.46,False,,3.79,3.55,1.24,32.7,1.16,1.29,True,-1.93,,9,,7.9,Operating Income,8.3,14.1,24.0,2026-10-22,False,True,False,9,STRONG,3.98,199.9,1.42,25.8,0.8,0.03,-25.0,2026-09-28T05:24:36.348203,,,,,,
ODFL,"Old Dominion Freight Line, Inc.",73.2,,trimestral,⭐⭐⭐ EXCELLENT,🟢 Excellent,USD,USD,False,True,True,1.0,,100.0,80.0,15.0,95.0,60.0,15.0,21.6,False,down,30.5,True,2,10.4,True,2,"{'eps_growth_yoy': 30.5, 'op_growth_yoy': 30.0, 'crecimiento_respaldado': True, 'positive_quarters': 4, 'earnings_accelerating': True, 'eps_accel_quarters': 2, 'profit_margin_pct': 19.4, 'score_bruto_sin_capar': 110.0, 'satura': True}","{'revenue_growth_yoy': 10.4, 'revenue_accelerating': True, 'rev_accel_quarters': 2}","{'rs_3m': -25.3, 'rs_6m': -30.0, 'rs_line_percentile': 21.6, 'rs_line_at_new_high': False, 'rs_line_trend': 'down', 'rs_line_score': 15}","{'roe_pct': 24.8, 'debt_to_equity': 0.0, 'current_ratio': 1.89, 'operating_margin_pct': 28.8}","{'days_to_earnings': 'N/A', 'recommendation': 'none', 'analyst_upside_pct': 32.0}",173.3,36040904704,Industrials,Trucking,4.9,5.2,False,252.03,-31.2,3,False,-14.2,228.78,280.0,156.0,23.0,none,32.0,62.27,-64.1,166.68,-3.8,reportado,múltiplo propio,4.0,0.39,False,,2.72,4.71,0.67,21.9,1.16,0.47,True,-1.63,,9,,2183.6,Operating Income,2188.9,16.2,30.0,2026-10-28,False,True,False,6,NEUTRAL,3.82,28.9,0.81,29.1,1.6,0.05,-27.5,2026-09-28T05:26:22.798850,,,,,,
KO,The Coca-Cola Company,72.3,,trimestral,⭐⭐⭐ EXCELLENT,🟢 Excellent,USD,USD,False,True,True,1.0,,85.0,70.0,56.7,80.0,60.0,60.0,68.5,False,up,16.1,False,0,6.7,True,2,"{'eps_growth_yoy': 16.1, 'op_growth_yoy': 7.9, 'crecimiento_respaldado': True, 'positive_quarters': 4, 'earnings_accelerating': False, 'eps_accel_quarters': 0, 'profit_margin_pct': 28.6, 'score_bruto_sin_capar': 85.0, 'satura': False}","{'revenue_growth_yoy': 6.7, 'revenue_accelerating': True, 'rev_accel_quarters': 2}","{'rs_3m': 2.5, 'rs_6m': -4.8, 'rs_line_percentile': 68.5, 'rs_line_at_new_high': False, 'rs_line_trend': 'up', 'rs_line_score': 60}","{'roe_pct': 42.1, 'debt_to_equity': 1.16, 'current_ratio': 1.3, 'operating_margin_pct': 34.9}","{'days_to_earnings': 'N/A', 'recommendation': 'buy', 'analyst_upside_pct': 7.8}",87.81,377806815232,Consumer Defensive,Beverages - Non-Alcoholic,0.9,2.8,False,92.49,-5.1,7,True,0.9,94.7,104.0,75.0,23.0,buy,7.8,85.95,-2.1,77.71,-11.5,reportado,múltiplo propio,4.0,0.17,False,,3.77,3.31,2.41,62.5,2.12,2.86,False,-0.05,,9,,10.2,Operating Income,12.0,16.9,22.0,2026-10-20,False,True,False,7,NEUTRAL,3.66,77.0,1.47,13.0,0.4,0.03,-12.6,2026-09-28T05:21:36.020142,,,,,,
IDXX,"IDEXX Laboratories, Inc.",72.0,,trimestral,⭐⭐⭐ EXCELLENT,🟢 Excellent,USD,USD,False,True,True,1.0,,100.0,70.0,24.0,85.0,70.0,15.0,2.3,False,down,15.1,True,2,9.7,True,2,"{'eps_growth_yoy': 15.1, 'op_growth_yoy': 14.1, 'crecimiento_respaldado': True, 'positive_quarters': 4, 'earnings_accelerating': True, 'eps_accel_quarters': 2, 'profit_margin_pct': 25.0, 'score_bruto_sin_capar': 105.0, 'satura': True}","{'revenue_growth_yoy': 9.7, 'revenue_accelerating': True, 'rev_accel_quarters': 2}","{'rs_3m': -7.5, 'rs_6m': -29.3, 'rs_line_percentile': 2.3, 'rs_line_at_new_high': False, 'rs_line_trend': 'down', 'rs_line_score': 15}","{'roe_pct': 74.2, 'debt_to_equity': 0.68, 'current_ratio': 1.17, 'operating_margin_pct': 35.0}","{'days_to_earnings': 'N/A', 'recommendation': 'buy', 'analyst_upside_pct': 35.1}",519.26,40907886592,Healthcare,Diagnostics & Research,2.8,3.8,False,769.98,-32.6,0,False,-5.0,701.33,805.0,470.0,12.0,buy,35.1,234.56,-54.8,,,reportado,,,,,,3.01,15.63,,,,,True,-2.08,,9,,38.6,Operating Income,38.7,12.3,35.0,2026-11-02,False,True,False,8,STRONG,3.25,119.8,1.76,21.4,0.2,0.01,-21.2,2026-09-28T05:21:57.236102,,,múltiplo propio 51x fuera del rango 8-45,,,
META,"Meta Platforms, Inc.",71.8,,trimestral,⭐⭐⭐ EXCELLENT,🟢 Excellent,USD,USD,False,True,True,0.8656,"acciones × precio no cuadra (ratio 0.8656) pero la divisa sí: son clases múltiples. Se usan 2,548 M de acciones efectivas (capitalización ÷ precio) en vez de las 2,205 M declaradas | FCF declarado (40,976,000,000) se aparta del derivado de flujo operativo menos capex (60,610,001,728)",55.0,80.0,75.0,95.0,60.0,60.0,62.7,False,up,-13.6,False,0,28.0,True,1,"{'eps_growth_yoy': -13.6, 'op_growth_yoy': -8.2, 'crecimiento_respaldado': True, 'positive_quarters': 4, 'earnings_accelerating': False, 'eps_accel_quarters': 0, 'profit_margin_pct': 29.8, 'score_bruto_sin_capar': 55.0, 'satura': False}","{'revenue_growth_yoy': 28.0, 'revenue_accelerating': True, 'rev_accel_quarters': 1}","{'rs_3m': 29.4, 'rs_6m': 21.0, 'rs_line_percentile': 62.7, 'rs_line_at_new_high': False, 'rs_line_trend': 'up', 'rs_line_score': 60}","{'roe_pct': 29.8, 'debt_to_equity': 0.43, 'current_ratio': 2.23, 'operating_margin_pct': 34.8}","{'days_to_earnings': 'N/A', 'recommendation': 'strong_buy', 'analyst_upside_pct': 5.1}",751.66,1914858373120,Communication Services,Internet Content & Information,1.4,1.7,False,779.82,-3.6,5,False,22.2,790.27,1000.0,580.0,57.0,strong_buy,5.1,,,636.43,-15.3,reportado,múltiplo propio,4.0,0.59,False,,3.17,23.83,0.28,7.9,2.1,,False,-0.16,,9,,42.9,Operating Income,44.2,-13.4,30.0,2026-10-28,False,True,False,5,NEUTRAL,4.3,31.6,,51.2,,,,2026-09-28T05:28:07.806075,2547506018.0,"el capex se lleva el 53% del flujo operativo: lo que queda no es lo que gana el dueño, es lo que sobra tras decidir invertir",,,,
HEI,HEICO Corporation,71.7,,trimestral,⭐⭐⭐ EXCELLENT,🟢 Excellent,USD,USD,False,True,True,0.3953,acciones × precio no cuadra (ratio 0.3953) pero la divisa sí: son clases múltiples. Se usan 140 M de acciones efectivas (capitalización ÷ precio) en vez de las 55 M declaradas,90.0,70.0,36.0,90.0,65.0,15.0,20.6,False,down,32.8,False,0,23.1,False,0,"{'eps_growth_yoy': 32.8, 'op_growth_yoy': 34.0, 'crecimiento_respaldado': True, 'positive_quarters': 4, 'earnings_accelerating': False, 'eps_accel_quarters': 0, 'profit_margin_pct': 16.4, 'score_bruto_sin_capar': 90.0, 'satura': False}","{'revenue_growth_yoy': 23.1, 'revenue_accelerating': False, 'rev_accel_quarters': 0}","{'rs_3m': -16.3, 'rs_6m': -9.4, 'rs_line_percentile': 20.6, 'rs_line_at_new_high': False, 'rs_line_trend': 'down', 'rs_line_score': 15}","{'roe_pct': 17.7, 'debt_to_equity': 0.45, 'current_ratio': 2.72, 'operating_margin_pct': 25.1}","{'days_to_earnings': 'N/A', 'recommendation': 'buy', 'analyst_upside_pct': 27.8}",308.53,43119353856,Industrials,Aerospace & Defense,1.3,1.3,False,376.86,-18.1,2,False,-9.0,394.45,491.0,294.0,20.0,buy,27.8,181.26,-41.3,,,reportado,,,,,,2.41,7.44,0.08,4.2,0.25,0.1,False,,,9,,9.4,Operating Income,9.4,32.5,80.0,2026-12-17,False,True,False,8,STRONG,2.21,52.1,1.32,25.0,0.8,0.03,-24.2,2026-09-28T05:24:01.290868,139757410.0,,múltiplo propio 64x fuera del rango 8-45,,,
MA,Mastercard Incorporated,71.6,,trimestral,⭐⭐⭐ EXCELLENT,🟢 Excellent,USD,USD,False,True,True,0.9925,,95.0,70.0,46.7,65.0,65.0,35.0,44.5,False,flat,18.6,True,1,14.1,True,1,"{'eps_growth_yoy': 18.6, 'op_growth_yoy': 16.6, 'crecimiento_respaldado': True, 'positive_quarters': 4, 'earnings_accelerating': True, 'eps_accel_quarters': 1, 'profit_margin_pct': 46.3, 'score_bruto_sin_capar': 95.0, 'satura': False}","{'revenue_growth_yoy': 14.1, 'revenue_accelerating': True, 'rev_accel_quarters': 1}","{'rs_3m': 7.2, 'rs_6m': -4.6, 'rs_line_percentile': 44.5, 'rs_line_at_new_high': False, 'rs_line_trend': 'flat', 'rs_line_score': 35}","{'roe_pct': 241.2, 'debt_to_equity': 4.4, 'current_ratio': 1.06, 'operating_margin_pct': 61.1}","{'days_to_earnings': 'N/A', 'recommendation': 'strong_buy', 'analyst_upside_pct': 17.5}",567.65,497267048448,Financial Services,Credit Services,0.8,2.7,False,601.23,-5.6,4,False,-0.2,666.71,740.0,550.0,37.0,strong_buy,17.5,592.78,4.4,634.16,11.7,reportado,múltiplo propio,4.0,0.12,False,,3.26,18.51,0.61,17.9,3.48,0.55,True,-3.39,,9,,28.1,Operating Income,28.0,22.1,31.0,2026-10-29,False,True,False,9,STRONG,3.82,629.7,1.12,14.8,,,,2026-09-28T05:21:03.115229,,,,,,
COF,Capital One Financial Corporation,71.2,,trimestral,⭐⭐⭐ EXCELLENT,🟢 Excellent,USD,USD,False,True,True,1.0,,95.0,80.0,36.0,60.0,65.0,15.0,17.5,False,down,,True,2,26.9,True,1,"{'positive_quarters': 4, 'earnings_accelerating': True, 'eps_accel_quarters': 2, 'profit_margin_pct': 21.9, 'score_bruto_sin_capar': 95.0, 'satura': False}","{'revenue_growth_yoy': 26.9, 'revenue_accelerating': True, 'rev_accel_quarters': 1}","{'rs_3m': -5.0, 'rs_6m': -7.7, 'rs_line_percentile': 17.5, 'rs_line_at_new_high': False, 'rs_line_trend': 'down', 'rs_line_score': 15}","{'roe_pct': 9.0, 'operating_margin_pct': 33.6}","{'days_to_earnings': 'N/A', 'recommendation': 'buy', 'analyst_upside_pct': 29.3}",200.2,122819665920,Financial Services,Credit Services,1.8,3.1,False,259.64,-22.9,2,False,-5.4,258.76,300.0,225.0,21.0,buy,29.3,,,,,reportado,,,,,,24.32,48.69,1.6,16.5,3.2,1.69,False,22.84,,7,,,,,,22.0,2026-10-20,False,True,False,5,NEUTRAL,,,0.43,22.5,,,,2026-09-28T05:28:19.161160,,"Credit Services: el 80% de sus ingresos es margen de intereses — presta, no cobra comisiones",los P/E históricos se separan 4.0x la mediana: el ancla la decidiría un año suelto,,,
V,Visa Inc.,71.1,,trimestral,⭐⭐⭐ EXCELLENT,🟢 Excellent,USD,USD,False,True,True,0.9077,"acciones × precio no cuadra (ratio 0.9077) pero la divisa sí: son clases múltiples. Se usan 1,877 M de acciones efectivas (capitalización ÷ precio) en vez de las 1,704 M declaradas",75.0,80.0,60.3,70.0,60.0,60.0,53.9,False,flat,6.8,False,0,14.4,True,2,"{'eps_growth_yoy': 6.8, 'op_growth_yoy': 5.0, 'crecimiento_respaldado': True, 'positive_quarters': 4, 'earnings_accelerating': False, 'eps_accel_quarters': 0, 'profit_margin_pct': 50.8, 'score_bruto_sin_capar': 75.0, 'satura': False}","{'revenue_growth_yoy': 14.4, 'revenue_accelerating': True, 'rev_accel_quarters': 2}","{'rs_3m': 3.4, 'rs_6m': 2.5, 'rs_line_percentile': 53.9, 'rs_line_at_new_high': False, 'rs_line_trend': 'flat', 'rs_line_score': 60}","{'roe_pct': 61.2, 'debt_to_equity': 0.68, 'current_ratio': 0.98, 'operating_margin_pct': 66.1}","{'days_to_earnings': 'N/A', 'recommendation': 'strong_buy', 'analyst_upside_pct': 14.1}",367.38,689702764544,Financial Services,Credit Services,1.1,3.0,False,385.57,-4.7,5,False,-0.1,419.36,466.0,330.0,37.0,strong_buy,14.1,325.73,-11.3,385.4,4.9,reportado,múltiplo propio,4.0,0.23,False,,3.06,11.24,0.73,22.1,2.68,0.71,True,-3.71,,9,,37.6,Operating Income,35.7,10.2,29.0,2026-10-27,False,True,False,6,NEUTRAL,3.87,381.9,2.4,16.9,,,,2026-09-28T05:20:19.238812,1877355230.0,,,,,
MANH,"Manhattan Associates, Inc.",70.8,,trimestral,⭐⭐⭐ EXCELLENT,🟢 Excellent,USD,USD,False,True,True,1.0,,70.0,70.0,75.0,75.0,60.0,60.0,63.4,False,up,-11.3,True,2,9.3,True,2,"{'eps_growth_yoy': -11.3, 'op_growth_yoy': 0.9, 'crecimiento_respaldado': True, 'positive_quarters': 4, 'earnings_accelerating': True, 'eps_accel_quarters': 2, 'profit_margin_pct': 18.7, 'score_bruto_sin_capar': 70.0, 'satura': False}","{'revenue_growth_yoy': 9.3, 'revenue_accelerating': True, 'rev_accel_quarters': 2}","{'rs_3m': 44.8, 'rs_6m': 39.5, 'rs_line_percentile': 63.4, 'rs_line_at_new_high': False, 'rs_line_trend': 'up', 'rs_line_score': 60}","{'roe_pct': 96.4, 'debt_to_equity': 0.34, 'current_ratio': 0.98, 'operating_margin_pct': 25.0}","{'days_to_earnings': 'N/A', 'recommendation': 'buy', 'analyst_upside_pct': 7.1}",206.03,12012573696,Technology,Software - Application,6.6,4.1,False,227.03,-9.2,6,False,3.9,220.7,260.0,180.0,10.0,buy,7.1,169.95,-17.5,,,reportado,,,,,,3.33,6.86,,,,,True,-3.4,,9,,,,,-8.6,29.0,2026-10-27,False,True,False,6,NEUTRAL,2.38,140.7,,33.4,1.6,0.05,-31.8,2026-09-28T05:26:44.515758,,,múltiplo propio 68x fuera del rango 8-45,,,
ETN,Eaton Corporation plc,70.7,,trimestral,⭐⭐⭐ EXCELLENT,🟢 Excellent,USD,USD,False,True,True,1.0,,60.0,90.0,68.3,70.0,60.0,80.0,76.8,False,up,-16.4,True,1,21.4,True,2,"{'eps_growth_yoy': -16.4, 'op_growth_yoy': 10.8, 'crecimiento_respaldado': True, 'positive_quarters': 4, 'earnings_accelerating': True, 'eps_accel_quarters': 1, 'profit_margin_pct': 12.8, 'score_bruto_sin_capar': 60.0, 'satura': False}","{'revenue_growth_yoy': 21.4, 'revenue_accelerating': True, 'rev_accel_quarters': 2}","{'rs_3m': 3.7, 'rs_6m': 1.5, 'rs_line_percentile': 76.8, 'rs_line_at_new_high': False, 'rs_line_trend': 'up', 'rs_line_score': 80}","{'roe_pct': 19.7, 'debt_to_equity': 1.05, 'current_ratio': 1.24, 'operating_margin_pct': 16.6}","{'days_to_earnings': 'N/A', 'recommendation': 'strong_buy', 'analyst_upside_pct': 9.2}",439.98,170888232960,Industrials,Specialty Industrial Machinery,2.0,4.2,False,478.0,-8.0,8,True,5.1,480.47,534.0,333.0,26.0,strong_buy,9.2,204.1,-53.6,290.69,-33.9,reportado,múltiplo propio,4.0,0.34,False,,2.36,10.38,1.0,43.6,4.4,1.51,False,-0.49,,9,,12.0,Operating Income,11.9,-15.9,36.0,2026-11-03,False,True,False,7,NEUTRAL,2.72,64.6,,43.7,,,,2026-09-28T05:24:25.267783,,,,,,
UNH,UnitedHealth Group Incorporated,70.7,,trimestral,⭐⭐⭐ EXCELLENT,🟢 Excellent,USD,USD,False,True,True,1.0,"FCF declarado (16,309,000,000) se aparta del derivado de flujo operativo menos capex (23,395,000,960)",95.0,60.0,66.0,50.0,65.0,60.0,50.4,False,down,61.0,False,0,0.4,True,1,"{'eps_growth_yoy': 61.0, 'op_growth_yoy': 55.2, 'crecimiento_respaldado': True, 'positive_quarters': 4, 'earnings_accelerating': False, 'eps_accel_quarters': 0, 'profit_margin_pct': 3.1, 'score_bruto_sin_capar': 95.0, 'satura': False}","{'revenue_growth_yoy': 0.4, 'revenue_accelerating': True, 'rev_accel_quarters': 1}","{'rs_3m': -14.1, 'rs_6m': 24.9, 'rs_line_percentile': 50.4, 'rs_line_at_new_high': False, 'rs_line_trend': 'down', 'rs_line_score': 60}","{'roe_pct': 14.2, 'debt_to_equity': 0.69, 'current_ratio': 0.78, 'operating_margin_pct': 7.1}","{'days_to_earnings': 'N/A', 'recommendation': 'buy', 'analyst_upside_pct': 27.9}",376.59,338025218048,Healthcare,Healthcare Plans,1.6,2.8,False,461.62,-18.4,6,False,-5.2,481.72,529.0,380.0,25.0,buy,27.9,484.83,28.7,370.86,-1.5,reportado,múltiplo propio,4.0,0.44,False,,6.92,26.06,2.46,57.5,9.28,1.65,False,-0.44,,9,,5.6,Operating Income,5.5,61.5,15.0,2026-10-13,False,True,True,6,NEUTRAL,4.9,176.2,0.27,19.0,0.4,0.02,-18.6,2026-09-28T05:28:37.710625,,,,,,
UNP,Union Pacific Corporation,70.5,,trimestral,⭐⭐⭐ EXCELLENT,🟢 Excellent,USD,USD,False,True,True,1.0,,85.0,80.0,44.0,65.0,65.0,35.0,41.9,False,down,6.2,True,1,11.5,True,2,"{'eps_growth_yoy': 6.2, 'op_growth_yoy': 9.4, 'crecimiento_respaldado': True, 'positive_quarters': 4, 'earnings_accelerating': True, 'eps_accel_quarters': 1, 'profit_margin_pct': 28.8, 'score_bruto_sin_capar': 85.0, 'satura': False}","{'revenue_growth_yoy': 11.5, 'revenue_accelerating': True, 'rev_accel_quarters': 2}","{'rs_3m': -3.5, 'rs_6m': -6.5, 'rs_line_percentile': 41.9, 'rs_line_at_new_high': False, 'rs_line_trend': 'down', 'rs_line_score': 35}","{'roe_pct': 39.7, 'debt_to_equity': 1.51, 'current_ratio': 0.99, 'operating_margin_pct': 41.0}","{'days_to_earnings': 'N/A', 'recommendation': 'buy', 'analyst_upside_pct': 20.3}",273.79,162651947008,Industrials,Railroads,5.1,12.1,False,315.99,-13.4,5,False,-6.2,329.33,375.0,245.0,24.0,buy,20.3,199.57,-27.1,239.68,-12.5,reportado,múltiplo propio,4.0,0.27,False,,3.98,10.9,2.07,44.7,5.68,2.22,False,-0.13,,9,,7.9,Operating Income,8.4,6.6,24.0,2026-10-22,False,True,False,8,STRONG,5.14,16.2,2.93,19.2,0.4,0.02,-18.8,2026-09-28T05:26:48.112514,,,,,,
EQIX,"Equinix, Inc.",70.3,,trimestral,⭐⭐⭐ EXCELLENT,🟢 Excellent,USD,USD,False,True,True,1.0,"FCF declarado (-1,464,000,000) se aparta del derivado de flujo operativo menos capex (-368,999,872)",90.0,70.0,44.0,70.0,65.0,35.0,49.1,False,down,30.2,False,0,16.4,True,1,"{'eps_growth_yoy': 30.2, 'op_growth_yoy': 38.8, 'crecimiento_respaldado': True, 'positive_quarters': 4, 'earnings_accelerating': False, 'eps_accel_quarters': 0, 'profit_margin_pct': 15.5, 'score_bruto_sin_capar': 90.0, 'satura': False}","{'revenue_growth_yoy': 16.4, 'revenue_accelerating': True, 'rev_accel_quarters': 1}","{'rs_3m': -11.0, 'rs_6m': -16.6, 'rs_line_percentile': 49.1, 'rs_line_at_new_high': False, 'rs_line_trend': 'down', 'rs_line_score': 35}","{'roe_pct': 10.7, 'debt_to_equity': 1.62, 'current_ratio': 1.13, 'operating_margin_pct': 27.0}","{'days_to_earnings': 'N/A', 'recommendation': 'strong_buy', 'analyst_upside_pct': 22.4}",1008.08,99468959744,Real Estate,REIT - Specialty,2.0,3.2,False,1128.68,-10.7,5,False,-3.3,1233.48,1380.0,1060.0,31.0,strong_buy,22.4,,,,,normalizado,,,,,,-0.37,-3.73,2.05,126.8,20.64,1.86,False,,,9,,4.0,Operating Income,4.0,28.8,30.0,2026-10-28,False,True,False,6,NEUTRAL,1.61,7.5,1.88,27.8,0.2,0.01,-27.6,2026-09-28T05:25:01.365005,,"el capex se lleva el 109% del flujo operativo: lo que queda no es lo que gana el dueño, es lo que sobra tras decidir invertir",múltiplo propio 74x fuera del rango 8-45,tasa fiscal efectiva 10.3% — el beneficio del periodo no es representativo,,
AMZN,"Amazon.com, Inc.",69.8,,trimestral,⭐⭐ GOOD,🟡 Good,USD,USD,False,True,True,1.0,"FCF declarado (-2,472,000,000) se aparta del derivado de flujo operativo menos capex (29,583,994,688)",85.0,60.0,47.6,85.0,70.0,35.0,34.3,False,down,76.7,True,1,16.6,False,0,"{'eps_growth_yoy': 76.7, 'op_growth_yoy': 29.6, 'crecimiento_respaldado': False, 'crecimiento_puntuado': 54.6, 'positive_quarters': 4, 'earnings_accelerating': True, 'eps_accel_quarters': 1, 'profit_margin_pct': 17.4, 'score_bruto_sin_capar': 110.0, 'satura': True}","{'revenue_growth_yoy': 16.6, 'revenue_accelerating': False, 'rev_accel_quarters': 0}","{'rs_3m': -0.4, 'rs_6m': 3.0, 'rs_line_percentile': 34.3, 'rs_line_at_new_high': False, 'rs_line_trend': 'down', 'rs_line_score': 35}","{'roe_pct': 30.6, 'debt_to_equity': 0.46, 'current_ratio': 1.03, 'operating_margin_pct': 13.7}","{'days_to_earnings': 'N/A', 'recommendation': 'strong_buy', 'analyst_upside_pct': 32.0}",249.67,2693018681344,Consumer Cyclical,Internet Retail,0.8,2.5,False,287.2,-13.1,5,False,-2.5,329.54,405.0,230.0,57.0,strong_buy,32.0,,,493.46,97.6,reportado,múltiplo propio,3.0,0.51,True,,1.1,2.75,,,,,False,,,9,,33.7,Operating Income,46.6,242.3,31.0,2026-10-29,False,True,False,6,NEUTRAL,2.83,17.6,0.1,27.4,0.2,0.01,-27.2,2026-09-28T05:27:27.827890,,"el capex se lleva el 82% del flujo operativo: lo que queda no es lo que gana el dueño, es lo que sobra tras decidir invertir",,,,
ADSK,"Autodesk, Inc.",69.6,,trimestral,⭐⭐ GOOD,🟡 Good,USD,USD,False,True,True,1.0,,100.0,70.0,26.7,65.0,70.0,15.0,7.8,False,down,57.2,False,0,16.1,True,1,"{'eps_growth_yoy': 57.2, 'op_growth_yoy': 32.9, 'crecimiento_respaldado': True, 'positive_quarters': 4, 'earnings_accelerating': False, 'eps_accel_quarters': 0, 'profit_margin_pct': 21.1, 'score_bruto_sin_capar': 105.0, 'satura': True}","{'revenue_growth_yoy': 16.1, 'revenue_accelerating': True, 'rev_accel_quarters': 1}","{'rs_3m': 2.9, 'rs_6m': -31.2, 'rs_line_percentile': 7.8, 'rs_line_at_new_high': False, 'rs_line_trend': 'down', 'rs_line_score': 15}","{'roe_pct': 53.9, 'debt_to_equity': 1.1, 'current_ratio': 0.85, 'operating_margin_pct': 29.2}","{'days_to_earnings': 'N/A', 'recommendation': 'buy', 'analyst_upside_pct': 47.4}",209.4,43764596736,Technology,Software - Application,4.4,3.7,False,326.2,-35.8,0,False,-10.4,308.66,375.0,215.0,34.0,buy,47.4,248.97,18.9,,,reportado,,,,,,6.44,13.49,,,,0.48,True,-1.86,,9,,,,,59.6,60.0,2026-11-27,False,True,False,7,NEUTRAL,4.14,645.3,0.25,54.0,0.4,0.01,-53.6,2026-09-28T05:26:15.491054,,,múltiplo propio 59x fuera del rango 8-45,,,
ORCL,Oracle Corporation,69.0,,trimestral,⭐⭐ GOOD,🟡 Good,USD,USD,False,True,True,1.0,"FCF declarado (-45,151,000,000) se aparta del derivado de flujo operativo menos capex (-8,722,999,744)",100.0,70.0,24.0,65.0,70.0,15.0,6.8,False,up,62.6,False,0,29.6,False,0,"{'eps_growth_yoy': 62.6, 'op_growth_yoy': 45.4, 'crecimiento_respaldado': True, 'positive_quarters': 4, 'earnings_accelerating': False, 'eps_accel_quarters': 0, 'profit_margin_pct': 26.4, 'score_bruto_sin_capar': 105.0, 'satura': True}","{'revenue_growth_yoy': 29.6, 'revenue_accelerating': False, 'rev_accel_quarters': 0}","{'rs_3m': -11.2, 'rs_6m': -23.4, 'rs_line_percentile': 6.8, 'rs_line_at_new_high': False, 'rs_line_trend': 'up', 'rs_line_score': 15}","{'roe_pct': 41.2, 'debt_to_equity': 2.52, 'current_ratio': 1.17, 'operating_margin_pct': 35.6}","{'days_to_earnings': 'N/A', 'recommendation': 'buy', 'analyst_upside_pct': 73.6}",137.1,414554226688,Technology,Software - Infrastructure,2.7,1.8,False,322.54,-57.5,0,False,-3.6,237.97,400.0,110.0,41.0,buy,73.6,,,225.75,64.7,reportado,múltiplo propio,4.0,0.21,False,,-2.1,-2.88,1.46,31.4,2.0,1.28,False,3.13,,9,,4.8,Operating Income,5.3,54.5,73.0,2026-12-10,False,True,False,5,NEUTRAL,4.07,16.7,0.23,50.6,,,,2026-09-28T05:27:02.253167,,"el capex se lleva el 119% del flujo operativo: lo que queda no es lo que gana el dueño, es lo que sobra tras decidir invertir",,,,
ALLY,Ally Financial Inc.,68.9,,trimestral,⭐⭐ GOOD,🟡 Good,USD,USD,False,True,True,1.0,"FCF declarado (667,000,000) se aparta del derivado de flujo operativo menos capex (291,000,128)",100.0,70.0,27.0,60.0,70.0,15.0,0.2,False,down,16.5,True,2,11.4,True,1,"{'eps_growth_yoy': 16.5, 'positive_quarters': 4, 'earnings_accelerating': True, 'eps_accel_quarters': 2, 'profit_margin_pct': 18.4, 'score_bruto_sin_capar': 100.0, 'satura': False}","{'revenue_growth_yoy': 11.4, 'revenue_accelerating': True, 'rev_accel_quarters': 1}","{'rs_3m': -21.7, 'rs_6m': -18.2, 'rs_line_percentile': 0.2, 'rs_line_at_new_high': False, 'rs_line_trend': 'down', 'rs_line_score': 15}","{'roe_pct': 9.7, 'operating_margin_pct': 25.3}","{'days_to_earnings': 'N/A', 'recommendation': 'strong_buy', 'analyst_upside_pct': 37.2}",38.79,11799906304,Financial Services,Credit Services,4.9,4.8,False,47.29,-18.0,3,False,-9.1,53.23,58.0,45.0,18.0,strong_buy,37.2,,,43.5,12.1,reportado,múltiplo propio,3.0,1.2,True,2024-12-31,2.47,0.96,3.09,28.2,1.2,3.2,False,-0.45,,7,,,,,13.5,22.0,2026-10-20,False,True,False,5,NEUTRAL,,,0.46,22.2,0.8,0.04,-21.4,2026-09-28T05:28:41.030393,,"el capex se lleva el 94% del flujo operativo: lo que queda no es lo que gana el dueño, es lo que sobra tras decidir invertir",,,,
MTD,Mettler-Toledo International Inc.,68.8,,trimestral,⭐⭐ GOOD,🟡 Good,USD,USD,False,True,True,1.0,,95.0,60.0,63.9,50.0,50.0,60.0,65.9,False,up,15.1,True,1,4.5,True,1,"{'eps_growth_yoy': 15.1, 'op_growth_yoy': 18.3, 'crecimiento_respaldado': True, 'positive_quarters': 4, 'earnings_accelerating': True, 'eps_accel_quarters': 1, 'profit_margin_pct': 21.9, 'score_bruto_sin_capar': 95.0, 'satura': False}","{'revenue_growth_yoy': 4.5, 'revenue_accelerating': True, 'rev_accel_quarters': 1}","{'rs_3m': 15.7, 'rs_6m': 0.4, 'rs_line_percentile': 65.9, 'rs_line_at_new_high': False, 'rs_line_trend': 'up', 'rs_line_score': 60}","{'debt_to_equity': 166.68, 'current_ratio': 1.12, 'operating_margin_pct': 31.2}","{'days_to_earnings': 'N/A', 'recommendation': 'hold', 'analyst_upside_pct': -3.6}",1511.64,30288066560,Healthcare,Diagnostics & Research,4.0,3.9,False,1541.02,-1.9,5,False,9.0,1457.5,1600.0,1200.0,14.0,hold,-3.6,671.45,-55.6,1482.49,-1.9,reportado,múltiplo propio,4.0,0.22,False,,2.87,43.38,,,,,True,-2.76,,9,,16.9,Operating Income,16.8,7.3,38.0,2026-11-05,False,True,False,6,NEUTRAL,3.45,110.7,1.6,30.9,0.8,0.03,-30.1,2026-09-28T05:23:22.867881,,,,,,
CNI,Canadian National Railway Company,68.8,,trimestral,⭐⭐ GOOD,🟡 Good,USD,CAD,True,True,True,1.0,"FCF declarado (3,410,000,000) se aparta del derivado de flujo operativo menos capex (1,299,883,295)",85.0,70.0,54.0,60.0,60.0,60.0,51.6,False,down,6.6,True,1,11.3,True,1,"{'eps_growth_yoy': 6.6, 'op_growth_yoy': 8.7, 'crecimiento_respaldado': True, 'positive_quarters': 4, 'earnings_accelerating': True, 'eps_accel_quarters': 1, 'profit_margin_pct': 26.9, 'score_bruto_sin_capar': 85.0, 'satura': False}","{'revenue_growth_yoy': 11.3, 'revenue_accelerating': True, 'rev_accel_quarters': 1}","{'rs_3m': -3.3, 'rs_6m': -1.7, 'rs_line_percentile': 51.6, 'rs_line_at_new_high': False, 'rs_line_trend': 'down', 'rs_line_score': 60}","{'roe_pct': 22.0, 'debt_to_equity': 1.04, 'current_ratio': 0.87, 'operating_margin_pct': 40.3}","{'days_to_earnings': 'N/A', 'recommendation': 'buy', 'analyst_upside_pct': 13.3}",120.93,73053806592,Industrials,Railroads,,4.0,False,131.55,-8.1,6,False,-2.9,136.96,150.27,111.0,13.0,buy,13.3,,,76.66,-36.6,reportado,múltiplo propio,4.0,0.14,False,,1.78,2.15,2.2,46.3,2.66,2.06,True,-3.26,,9,,7.1,Operating Income,7.8,7.1,32.0,2026-10-30,False,True,False,7,NEUTRAL,6.9,13.3,1.86,18.4,,,,2026-09-28T05:23:00.643495,,"el capex se lleva el 74% del flujo operativo: lo que queda no es lo que gana el dueño, es lo que sobra tras decidir invertir",,,,
MCO,Moody's Corporation,68.5,,trimestral,⭐⭐ GOOD,🟡 Good,USD,USD,False,True,True,1.0,,100.0,60.0,36.0,65.0,65.0,15.0,14.4,False,down,51.9,True,2,15.1,False,0,"{'eps_growth_yoy': 51.9, 'op_growth_yoy': 27.4, 'crecimiento_respaldado': True, 'positive_quarters': 4, 'earnings_accelerating': True, 'eps_accel_quarters': 2, 'profit_margin_pct': 34.3, 'score_bruto_sin_capar': 125.0, 'satura': True}","{'revenue_growth_yoy': 15.1, 'revenue_accelerating': False, 'rev_accel_quarters': 0}","{'rs_3m': -0.6, 'rs_6m': -11.4, 'rs_line_percentile': 14.4, 'rs_line_at_new_high': False, 'rs_line_trend': 'down', 'rs_line_score': 15}","{'roe_pct': 76.9, 'debt_to_equity': 2.41, 'current_ratio': 1.19, 'operating_margin_pct': 49.5}","{'days_to_earnings': 'N/A', 'recommendation': 'buy', 'analyst_upside_pct': 19.9}",468.7,81169932288,Financial Services,Financial Data & Stock Exchanges,1.9,4.2,False,546.88,-14.3,2,False,-3.3,561.9,610.0,505.0,21.0,buy,19.9,318.41,-32.1,611.16,30.4,reportado,múltiplo propio,4.0,0.19,False,,3.69,17.3,0.88,25.0,4.12,0.81,False,,,9,,14.1,Operating Income,14.5,56.7,23.0,2026-10-21,False,True,False,8,STRONG,3.96,107.9,0.44,23.8,0.4,0.02,-23.4,2026-09-28T05:21:43.136129,,,,,,
SHW,The Sherwin-Williams Company,68.0,,trimestral,⭐⭐ GOOD,🟡 Good,USD,USD,False,True,True,1.0,,100.0,70.0,36.0,45.0,65.0,15.0,24.8,False,down,11.8,True,2,7.5,True,2,"{'eps_growth_yoy': 11.8, 'op_growth_yoy': 12.0, 'crecimiento_respaldado': True, 'positive_quarters': 4, 'earnings_accelerating': True, 'eps_accel_quarters': 2, 'profit_margin_pct': 11.0, 'score_bruto_sin_capar': 100.0, 'satura': False}","{'revenue_growth_yoy': 7.5, 'revenue_accelerating': True, 'rev_accel_quarters': 2}","{'rs_3m': -8.5, 'rs_6m': -17.4, 'rs_line_percentile': 24.8, 'rs_line_at_new_high': False, 'rs_line_trend': 'down', 'rs_line_score': 15}","{'roe_pct': 65.1, 'debt_to_equity': 3.9, 'current_ratio': 0.73, 'operating_margin_pct': 18.1}","{'days_to_earnings': 'N/A', 'recommendation': 'buy', 'analyst_upside_pct': 18.2}",329.1,79891709952,Basic Materials,Specialty Chemicals,2.7,4.1,False,377.77,-12.9,2,False,-2.7,389.09,420.0,340.0,22.0,buy,18.2,223.71,-32.0,341.51,3.8,reportado,múltiplo propio,4.0,0.1,False,,3.87,12.74,0.97,29.3,3.2,0.87,True,-2.11,,9,,7.7,Operating Income,7.8,10.0,29.0,2026-10-27,False,True,False,6,NEUTRAL,4.03,61.9,1.69,22.1,0.4,0.02,-21.7,2026-09-28T05:22:27.648235,,,,,,
GGG,Graco Inc.,68.0,,trimestral,⭐⭐ GOOD,🟡 Good,USD,USD,False,True,True,1.0,,95.0,60.0,24.0,95.0,55.0,15.0,8.9,False,flat,13.6,True,1,3.3,True,1,"{'eps_growth_yoy': 13.6, 'op_growth_yoy': 11.2, 'crecimiento_respaldado': True, 'positive_quarters': 4, 'earnings_accelerating': True, 'eps_accel_quarters': 1, 'profit_margin_pct': 23.5, 'score_bruto_sin_capar': 95.0, 'satura': False}","{'revenue_growth_yoy': 3.3, 'revenue_accelerating': True, 'rev_accel_quarters': 1}","{'rs_3m': -1.2, 'rs_6m': -28.6, 'rs_line_percentile': 8.9, 'rs_line_at_new_high': False, 'rs_line_trend': 'flat', 'rs_line_score': 15}","{'roe_pct': 21.2, 'debt_to_equity': 0.02, 'current_ratio': 2.99, 'operating_margin_pct': 29.7}","{'days_to_earnings': 'N/A', 'recommendation': 'hold', 'analyst_upside_pct': 17.2}",77.86,12609724416,Industrials,Specialty Industrial Machinery,4.3,2.2,False,95.69,-18.6,1,False,-1.4,91.29,100.0,84.0,7.0,hold,17.2,78.1,0.3,87.06,11.8,reportado,múltiplo propio,4.0,0.19,False,,4.98,3.88,1.52,35.8,1.18,1.19,True,-1.68,,9,,194.7,Operating Income,205.3,5.8,23.0,2026-10-21,False,True,False,6,NEUTRAL,5.02,34.2,1.54,14.9,3.1,0.21,-11.8,2026-09-28T05:28:03.821326,,,,,,
LMT,Lockheed Martin Corporation,67.8,,trimestral,⭐⭐ GOOD,🟡 Good,USD,USD,False,True,True,1.0,,100.0,70.0,24.0,60.0,65.0,15.0,9.2,False,flat,436.8,True,2,10.5,True,1,"{'eps_growth_yoy': 436.8, 'op_growth_yoy': 231.4, 'crecimiento_respaldado': False, 'crecimiento_puntuado': 256.4, 'positive_quarters': 4, 'earnings_accelerating': True, 'eps_accel_quarters': 2, 'profit_margin_pct': 8.2, 'score_bruto_sin_capar': 115.0, 'satura': True}","{'revenue_growth_yoy': 10.5, 'revenue_accelerating': True, 'rev_accel_quarters': 1}","{'rs_3m': -0.2, 'rs_6m': -36.8, 'rs_line_percentile': 9.2, 'rs_line_at_new_high': False, 'rs_line_trend': 'flat', 'rs_line_score': 15}","{'roe_pct': 89.2, 'debt_to_equity': 2.34, 'current_ratio': 1.19, 'operating_margin_pct': 12.0}","{'days_to_earnings': 'N/A', 'recommendation': 'buy', 'analyst_upside_pct': 22.8}",519.56,119909646336,Industrials,Aerospace & Defense,1.2,2.3,False,692.0,-24.9,3,False,-6.4,637.84,756.0,503.0,19.0,buy,22.8,897.8,72.8,557.48,7.3,reportado,múltiplo propio,4.0,0.33,False,,7.3,37.93,2.66,50.3,13.8,2.63,True,-1.37,,9,,8.2,Operating Income,7.7,310.7,22.0,2026-10-20,False,True,False,6,NEUTRAL,5.66,70.9,0.04,20.2,,,,2026-09-28T05:27:45.813072,,,,,,
PAYX,"Paychex, Inc.",67.7,,trimestral,⭐⭐ GOOD,🟡 Good,USD,USD,False,True,True,1.0,,95.0,60.0,36.0,80.0,50.0,15.0,19.1,False,down,41.5,False,0,12.5,False,0,"{'eps_growth_yoy': 41.5, 'op_growth_yoy': 40.3, 'crecimiento_respaldado': True, 'positive_quarters': 4, 'earnings_accelerating': False, 'eps_accel_quarters': 0, 'profit_margin_pct': 27.4, 'score_bruto_sin_capar': 95.0, 'satura': False}","{'revenue_growth_yoy': 12.5, 'revenue_accelerating': False, 'rev_accel_quarters': 0}","{'rs_3m': -1.7, 'rs_6m': -9.1, 'rs_line_percentile': 19.1, 'rs_line_at_new_high': False, 'rs_line_trend': 'down', 'rs_line_score': 15}","{'roe_pct': 47.1, 'debt_to_equity': 1.25, 'current_ratio': 1.28, 'operating_margin_pct': 38.5}","{'days_to_earnings': 'N/A', 'recommendation': 'hold', 'analyst_upside_pct': 12.4}",101.37,36085743616,Technology,Software - Application,6.2,8.6,False,130.32,-22.2,3,False,-14.2,113.93,150.0,96.0,14.0,hold,12.4,134.93,33.1,115.09,13.5,reportado,múltiplo propio,4.0,0.58,False,,5.59,5.67,4.7,90.1,4.76,2.83,True,-1.13,,9,,9.3,Operating Income,9.6,5.6,81.0,2026-12-18,False,True,False,7,NEUTRAL,6.31,103.5,1.14,36.6,,,,2026-09-28T05:21:50.155864,,,,,,
JNJ,Johnson & Johnson,67.6,,trimestral,⭐⭐ GOOD,🟡 Good,USD,USD,False,True,True,1.0,,75.0,60.0,56.7,85.0,60.0,60.0,73.6,False,up,-0.1,True,2,6.6,True,1,"{'eps_growth_yoy': -0.1, 'op_growth_yoy': 6.9, 'crecimiento_respaldado': True, 'positive_quarters': 4, 'earnings_accelerating': True, 'eps_accel_quarters': 2, 'profit_margin_pct': 21.5, 'score_bruto_sin_capar': 75.0, 'satura': False}","{'revenue_growth_yoy': 6.6, 'revenue_accelerating': True, 'rev_accel_quarters': 1}","{'rs_3m': 1.1, 'rs_6m': -8.3, 'rs_line_percentile': 73.6, 'rs_line_at_new_high': False, 'rs_line_trend': 'up', 'rs_line_score': 60}","{'roe_pct': 25.7, 'debt_to_equity': 0.58, 'current_ratio': 1.09, 'operating_margin_pct': 29.2}","{'days_to_earnings': 'N/A', 'recommendation': 'buy', 'analyst_upside_pct': 2.5}",271.22,653612679168,Healthcare,Drug Manufacturers - General,1.0,3.4,False,281.07,-3.5,8,True,2.6,277.91,320.0,190.0,22.0,buy,2.5,252.36,-7.0,159.13,-41.3,reportado,múltiplo propio,3.0,0.7,True,2024-12-31,3.43,9.3,1.98,60.8,5.36,2.75,False,0.87,,9,,25.9,Operating Income,25.9,-0.9,15.0,2026-10-13,False,True,True,4,NEUTRAL,3.75,103.8,,16.0,,,,2026-09-28T05:25:46.208024,,,,,,
FAST,Fastenal Company,67.6,,trimestral,⭐⭐ GOOD,🟡 Good,USD,USD,False,True,True,1.0,,80.0,60.0,46.7,95.0,50.0,35.0,49.8,False,up,15.9,False,0,14.7,False,0,"{'eps_growth_yoy': 15.9, 'op_growth_yoy': 15.1, 'crecimiento_respaldado': True, 'positive_quarters': 4, 'earnings_accelerating': False, 'eps_accel_quarters': 0, 'profit_margin_pct': 15.5, 'score_bruto_sin_capar': 80.0, 'satura': False}","{'revenue_growth_yoy': 14.7, 'revenue_accelerating': False, 'rev_accel_quarters': 0}","{'rs_3m': 2.6, 'rs_6m': -8.9, 'rs_line_percentile': 49.8, 'rs_line_at_new_high': False, 'rs_line_trend': 'up', 'rs_line_score': 35}","{'roe_pct': 34.3, 'debt_to_equity': 0.11, 'current_ratio': 4.18, 'operating_margin_pct': 21.0}","{'days_to_earnings': 'N/A', 'recommendation': 'hold', 'analyst_upside_pct': -3.2}",50.43,57868304384,Industrials,Industrial Distribution,3.5,6.0,False,52.92,-4.7,6,False,2.2,48.84,59.0,39.9,13.0,hold,-3.2,26.9,-46.7,37.94,-24.8,reportado,múltiplo propio,4.0,0.41,False,,1.99,1.0,1.9,78.6,0.96,2.16,False,0.02,,9,,394.5,Operating Income,395.6,5.8,16.0,2026-10-14,False,True,True,8,STRONG,2.85,39.4,2.46,19.2,,,,2026-09-28T05:24:53.928111,,,,,,
ASAZY,ASSA ABLOY AB (publ),67.5,,trimestral,⭐⭐ GOOD,🟡 Good,USD,SEK,True,True,False,0.9482,"acciones × precio no cuadra con la capitalización (ratio 0.9482) y los estados van en SEK mientras cotiza en USD — puede ser un ADR. Los ratios por acción (EPS, FCF/acción, DCF) no son utilizables",100.0,60.0,36.0,65.0,55.0,15.0,8.1,False,down,80.4,True,1,3.5,True,1,"{'eps_growth_yoy': 80.4, 'op_growth_yoy': 53.9, 'crecimiento_respaldado': False, 'crecimiento_puntuado': 78.9, 'positive_quarters': 4, 'earnings_accelerating': True, 'eps_accel_quarters': 1, 'profit_margin_pct': 10.8, 'score_bruto_sin_capar': 110.0, 'satura': True}","{'revenue_growth_yoy': 3.5, 'revenue_accelerating': True, 'rev_accel_quarters': 1}","{'rs_3m': -2.2, 'rs_6m': -17.6, 'rs_line_percentile': 8.1, 'rs_line_at_new_high': False, 'rs_line_trend': 'down', 'rs_line_score': 15}","{'roe_pct': 15.6, 'debt_to_equity': 0.64, 'current_ratio': 1.01}","{'days_to_earnings': 'N/A', 'recommendation': 'none', 'analyst_upside_pct': 21.1}",17.95,39876870144,Industrials,Security & Protection Services,,,False,21.98,-18.3,1,False,-1.6,21.74,21.74,21.74,1.0,none,21.1,,,,,reportado,,,,,,46.74,8.39,1.84,41.9,0.33,1.7,False,,,9,,,,,8.0,29.0,2026-10-27,False,True,False,8,STRONG,,120.6,1.26,19.4,,,,2026-09-28T05:24:19.840238,,,,,"acciones × precio no cuadra con la capitalización (ratio 0.9482) y los estados van en SEK mientras cotiza en USD — puede ser un ADR. Los ratios por acción (EPS, FCF/acción, DCF) no son utilizables",
MSI,"Motorola Solutions, Inc.",67.1,,trimestral,⭐⭐ GOOD,🟡 Good,USD,USD,False,True,True,1.0,,80.0,70.0,46.7,65.0,65.0,35.0,37.2,False,up,8.6,True,1,13.3,True,1,"{'eps_growth_yoy': 8.6, 'op_growth_yoy': 19.3, 'crecimiento_respaldado': True, 'positive_quarters': 4, 'earnings_accelerating': True, 'eps_accel_quarters': 1, 'profit_margin_pct': 17.4, 'score_bruto_sin_capar': 80.0, 'satura': False}","{'revenue_growth_yoy': 13.3, 'revenue_accelerating': True, 'rev_accel_quarters': 1}","{'rs_3m': 6.7, 'rs_6m': -17.4, 'rs_line_percentile': 37.2, 'rs_line_at_new_high': False, 'rs_line_trend': 'up', 'rs_line_score': 35}","{'roe_pct': 91.6, 'debt_to_equity': 3.58, 'current_ratio': 1.1, 'operating_margin_pct': 27.4}","{'days_to_earnings': 'N/A', 'recommendation': 'buy', 'analyst_upside_pct': 15.3}",456.88,75610808320,Technology,Communication Equipment,2.2,3.2,False,494.85,-7.7,6,False,0.1,526.91,550.0,476.0,11.0,buy,15.3,399.58,-12.5,392.41,-14.1,reportado,múltiplo propio,4.0,0.62,False,,3.58,16.36,1.06,37.2,4.84,1.11,False,-0.95,,9,,7.0,Operating Income,7.3,9.5,38.0,2026-11-05,False,True,False,6,NEUTRAL,3.5,150.4,2.48,16.5,0.8,0.05,-15.7,2026-09-28T05:20:44.699885,,,,,,
VLTO,Veralto Corporation,67.1,,trimestral,⭐⭐ GOOD,🟡 Good,USD,USD,False,True,True,1.0,,70.0,70.0,46.7,85.0,65.0,35.0,32.6,False,flat,8.6,False,0,7.5,True,2,"{'eps_growth_yoy': 8.6, 'op_growth_yoy': 0.6, 'crecimiento_respaldado': True, 'positive_quarters': 4, 'earnings_accelerating': False, 'eps_accel_quarters': 0, 'profit_margin_pct': 17.3, 'score_bruto_sin_capar': 70.0, 'satura': False}","{'revenue_growth_yoy': 7.5, 'revenue_accelerating': True, 'rev_accel_quarters': 2}","{'rs_3m': 5.8, 'rs_6m': -7.7, 'rs_line_percentile': 32.6, 'rs_line_at_new_high': False, 'rs_line_trend': 'flat', 'rs_line_score': 35}","{'roe_pct': 34.3, 'debt_to_equity': 1.16, 'current_ratio': 1.77, 'operating_margin_pct': 21.4}","{'days_to_earnings': 'N/A', 'recommendation': 'buy', 'analyst_upside_pct': 18.2}",97.14,23682084864,Industrials,Pollution & Treatment Controls,3.1,4.5,False,107.9,-10.0,4,False,1.0,114.79,136.0,100.0,14.0,buy,18.2,103.81,6.9,105.16,8.3,reportado,múltiplo propio,3.0,0.24,True,,4.39,4.26,0.54,12.6,0.52,,True,-1.64,,9,,14.1,Operating Income,14.1,10.1,23.0,2026-10-21,False,True,False,6,NEUTRAL,5.08,76.5,2.02,15.2,,,,2026-09-28T05:22:19.780773,,,,,,
HRI,Herc Holdings Inc.,67.1,,trimestral,⭐⭐ GOOD,🟡 Good,USD,USD,False,True,True,1.0,"FCF declarado (-128,000,000) se aparta del derivado de flujo operativo menos capex (10,000,000)",68.0,90.0,52.4,45.0,70.0,35.0,30.7,False,down,,True,1,26.3,True,2,"{'positive_quarters': 3, 'earnings_accelerating': True, 'eps_accel_quarters': 1, 'profit_margin_pct': 1.0, 'score_bruto_sin_capar': 68.0, 'satura': False}","{'revenue_growth_yoy': 26.3, 'revenue_accelerating': True, 'rev_accel_quarters': 2}","{'rs_3m': -11.4, 'rs_6m': 14.0, 'rs_line_percentile': 30.7, 'rs_line_at_new_high': False, 'rs_line_trend': 'down', 'rs_line_score': 35}","{'roe_pct': 2.6, 'debt_to_equity': 5.06, 'current_ratio': 1.1, 'operating_margin_pct': 12.2}","{'days_to_earnings': 'N/A', 'recommendation': 'buy', 'analyst_upside_pct': 39.7}",135.36,4525280256,Industrials,Rental & Leasing Services,9.8,5.0,True,188.35,-28.1,3,False,-11.1,189.08,240.0,135.0,12.0,buy,39.7,,,,,reportado,,,,,,0.22,0.3,2.07,164.7,2.8,,False,11.67,,9,,1.2,Operating Income,1.1,,29.0,2026-10-27,False,True,False,3,NEUTRAL,4.43,7.3,0.26,48.1,,,,2026-09-28T05:29:51.280022,,"el capex se lleva el 99% del flujo operativo: lo que queda no es lo que gana el dueño, es lo que sobra tras decidir invertir",los P/E históricos se separan 251.6x la mediana: el ancla la decidiría un año suelto,,,
SYK,Stryker Corporation,67.0,,trimestral,⭐⭐ GOOD,🟡 Good,USD,USD,False,True,True,1.0,,100.0,60.0,15.0,80.0,70.0,15.0,0.6,False,down,44.3,True,1,9.4,True,1,"{'eps_growth_yoy': 44.3, 'op_growth_yoy': 42.1, 'crecimiento_respaldado': True, 'positive_quarters': 4, 'earnings_accelerating': True, 'eps_accel_quarters': 1, 'profit_margin_pct': 14.4, 'score_bruto_sin_capar': 100.0, 'satura': False}","{'revenue_growth_yoy': 9.4, 'revenue_accelerating': True, 'rev_accel_quarters': 1}","{'rs_3m': -21.7, 'rs_6m': -38.6, 'rs_line_percentile': 0.6, 'rs_line_at_new_high': False, 'rs_line_trend': 'down', 'rs_line_score': 15}","{'roe_pct': 16.5, 'debt_to_equity': 0.64, 'current_ratio': 2.16, 'operating_margin_pct': 27.0}","{'days_to_earnings': 'N/A', 'recommendation': 'buy', 'analyst_upside_pct': 35.5}",272.36,104469954560,Healthcare,Medical Devices,2.1,2.7,False,392.55,-30.6,0,False,-13.6,369.0,465.0,298.0,25.0,buy,35.5,356.57,30.9,385.18,41.4,reportado,múltiplo propio,4.0,0.26,False,,4.56,12.42,1.29,36.1,3.52,0.99,False,,,9,,9.6,Operating Income,9.9,44.1,31.0,2026-10-29,False,True,False,5,NEUTRAL,4.34,46.7,0.37,37.7,,,,2026-09-28T05:22:04.542987,,,,,,
6383.T,"Daifuku Co., Ltd.",67.0,,anual,⭐⭐ GOOD,🟡 Good,JPY,JPY,False,True,True,1.0,,100.0,60.0,15.0,80.0,70.0,,,,,71.8,True,1,8.1,True,1,"{'eps_growth_yoy': 71.8, 'op_growth_yoy': 63.4, 'crecimiento_respaldado': True, 'positive_quarters': 4, 'earnings_accelerating': True, 'eps_accel_quarters': 1, 'profit_margin_pct': 12.1, 'score_bruto_sin_capar': 110.0, 'satura': True}","{'revenue_growth_yoy': 8.1, 'revenue_accelerating': True, 'rev_accel_quarters': 1}","{'rs_3m': -26.0, 'rs_6m': -23.6}","{'debt_to_equity': 0.09, 'current_ratio': 2.63, 'operating_margin_pct': 16.6}","{'days_to_earnings': 'N/A', 'recommendation': 'buy', 'analyst_upside_pct': 36.2}",5535.0,2058129768448,Industrials,Specialty Industrial Machinery,,,False,7857.0,-29.6,2,False,-6.5,7540.71,9300.0,5400.0,14.0,buy,36.2,6688.85,20.8,5750.35,3.9,reportado,múltiplo propio,4.0,0.3,False,,5.64,312.17,1.62,38.8,90.0,1.38,,,,9,,,,,13.8,44.0,2026-11-11,False,True,False,8,STRONG,5.51,21.8,2.79,27.8,,,,2026-09-28T05:27:56.666508,,,,,,
COST,Costco Wholesale Corporation,67.0,,trimestral,⭐⭐ GOOD,🟡 Good,USD,USD,False,True,True,1.0,"FCF declarado (6,370,000,000) se aparta del derivado de flujo operativo menos capex (10,327,000,448)",95.0,60.0,24.0,85.0,60.0,15.0,8.3,False,down,15.2,True,2,11.6,False,0,"{'eps_growth_yoy': 15.2, 'op_growth_yoy': 11.3, 'crecimiento_respaldado': True, 'positive_quarters': 4, 'earnings_accelerating': True, 'eps_accel_quarters': 2, 'profit_margin_pct': 3.0, 'score_bruto_sin_capar': 95.0, 'satura': False}","{'revenue_growth_yoy': 11.6, 'revenue_accelerating': False, 'rev_accel_quarters': 0}","{'rs_3m': -6.7, 'rs_6m': -28.2, 'rs_line_percentile': 8.3, 'rs_line_at_new_high': False, 'rs_line_trend': 'down', 'rs_line_score': 15}","{'roe_pct': 28.4, 'debt_to_equity': 0.24, 'current_ratio': 1.06, 'operating_margin_pct': 4.0}","{'days_to_earnings': 'N/A', 'recommendation': 'buy', 'analyst_upside_pct': 14.6}",922.765,409030328320,Consumer Defensive,Discount Stores,1.7,3.8,False,1096.5,-15.8,3,False,-1.2,1057.8,1315.0,740.0,35.0,buy,14.6,557.51,-39.6,928.05,0.6,reportado,múltiplo propio,4.0,0.36,False,,2.52,23.25,0.64,26.7,5.88,0.59,False,-0.07,,9,,76.9,Operating Income,81.5,15.0,73.0,2026-12-10,False,True,False,7,NEUTRAL,2.62,28.9,2.46,18.3,0.4,0.02,-17.9,2026-09-28T05:20:51.533036,,,,,,
FHN,First Horizon Corporation,67.0,,trimestral,⭐⭐ GOOD,🟡 Good,USD,USD,False,True,True,1.0,"FCF declarado (-189,000,000) se aparta del derivado de flujo operativo menos capex (1,026,000,000)",95.0,60.0,36.0,65.0,65.0,15.0,9.8,False,down,12.0,True,1,6.7,True,1,"{'eps_growth_yoy': 12.0, 'positive_quarters': 4, 'earnings_accelerating': True, 'eps_accel_quarters': 1, 'profit_margin_pct': 30.2, 'score_bruto_sin_capar': 95.0, 'satura': False}","{'revenue_growth_yoy': 6.7, 'revenue_accelerating': True, 'rev_accel_quarters': 1}","{'rs_3m': -12.0, 'rs_6m': -14.8, 'rs_line_percentile': 9.8, 'rs_line_at_new_high': False, 'rs_line_trend': 'down', 'rs_line_score': 15}","{'roe_pct': 11.5, 'operating_margin_pct': 41.3}","{'days_to_earnings': 'N/A', 'recommendation': 'buy', 'analyst_upside_pct': 19.3}",23.46,11114811392,Financial Services,Banks - Regional,0.0,0.0,False,26.56,-11.7,4,False,-5.4,27.98,30.0,25.0,21.0,buy,19.3,,,26.64,13.6,reportado,múltiplo propio,4.0,0.42,False,,9.23,2.17,2.9,30.8,0.68,3.28,True,-6.61,,7,,,,,14.0,17.0,2026-10-15,False,True,True,5,NEUTRAL,,,0.51,19.2,,,,2026-09-28T05:29:54.998578,,"Banks - Regional: el flujo operativo son depósitos, préstamos o primas, no caja libre para el accionista",,,,
NYT,The New York Times Company,67.0,,trimestral,⭐⭐ GOOD,🟡 Good,USD,USD,False,True,True,0.9952,,90.0,70.0,24.0,75.0,65.0,15.0,4.2,False,down,12.6,True,1,11.2,True,1,"{'eps_growth_yoy': 12.6, 'op_growth_yoy': 11.5, 'crecimiento_respaldado': True, 'positive_quarters': 4, 'earnings_accelerating': True, 'eps_accel_quarters': 1, 'profit_margin_pct': 13.3, 'score_bruto_sin_capar': 90.0, 'satura': False}","{'revenue_growth_yoy': 11.2, 'revenue_accelerating': True, 'rev_accel_quarters': 1}","{'rs_3m': -13.7, 'rs_6m': -44.7, 'rs_line_percentile': 4.2, 'rs_line_at_new_high': False, 'rs_line_trend': 'down', 'rs_line_score': 15}","{'roe_pct': 19.7, 'current_ratio': 1.58, 'operating_margin_pct': 17.1}","{'days_to_earnings': 'N/A', 'recommendation': 'buy', 'analyst_upside_pct': 23.1}",63.83,10294731776,Communication Services,Publishing,8.6,7.1,True,87.1,-26.7,2,False,-7.1,78.56,90.0,63.0,9.0,buy,23.1,89.0,39.4,75.5,18.3,reportado,múltiplo propio,4.0,0.16,False,,6.06,3.87,1.44,32.1,0.92,0.95,False,-0.79,,9,,420.4,Operating Income,423.0,14.0,37.0,2026-11-04,False,True,False,8,STRONG,4.68,52.6,1.45,41.5,3.1,0.08,-38.4,2026-09-28T05:29:06.313914,,,,,,
ATLKY,Atlas Copco AB (publ),66.6,,trimestral,⭐⭐ GOOD,🟡 Good,USD,SEK,True,True,False,0.6801,"acciones × precio no cuadra con la capitalización (ratio 0.6801) y los estados van en SEK mientras cotiza en USD — puede ser un ADR. Los ratios por acción (EPS, FCF/acción, DCF) no son utilizables",80.0,60.0,50.3,80.0,55.0,35.0,44.0,False,flat,7.0,True,1,5.3,True,1,"{'eps_growth_yoy': 7.0, 'op_growth_yoy': 7.5, 'crecimiento_respaldado': True, 'positive_quarters': 4, 'earnings_accelerating': True, 'eps_accel_quarters': 1, 'profit_margin_pct': 15.7, 'score_bruto_sin_capar': 80.0, 'satura': False}","{'revenue_growth_yoy': 5.3, 'revenue_accelerating': True, 'rev_accel_quarters': 1}","{'rs_3m': 1.0, 'rs_6m': 4.0, 'rs_line_percentile': 44.0, 'rs_line_at_new_high': False, 'rs_line_trend': 'flat', 'rs_line_score': 35}","{'roe_pct': 25.7, 'debt_to_equity': 0.34, 'current_ratio': 1.27}","{'days_to_earnings': 'N/A', 'recommendation': 'none', 'analyst_upside_pct': 23.9}",20.99,102402244608,Industrials,Specialty Industrial Machinery,,,False,22.42,-6.4,6,False,-0.7,26.0,26.0,26.0,1.0,none,23.9,,,,,reportado,,,,,,25.76,5.41,2.66,73.8,0.56,1.61,False,,,9,,117.7,Operating Income,117.4,4.0,,,False,False,False,6,NEUTRAL,,54.0,3.31,34.9,,,,2026-09-28T05:25:12.514583,,,,,"acciones × precio no cuadra con la capitalización (ratio 0.6801) y los estados van en SEK mientras cotiza en USD — puede ser un ADR. Los ratios por acción (EPS, FCF/acción, DCF) no son utilizables",
ICE,"Intercontinental Exchange, Inc.",66.5,,trimestral,⭐⭐ GOOD,🟡 Good,USD,USD,False,True,True,1.0,,85.0,60.0,41.0,75.0,65.0,35.0,40.1,False,up,12.6,False,0,10.7,False,0,"{'eps_growth_yoy': 12.6, 'op_growth_yoy': 7.3, 'crecimiento_respaldado': True, 'positive_quarters': 4, 'earnings_accelerating': False, 'eps_accel_quarters': 0, 'profit_margin_pct': 38.2, 'score_bruto_sin_capar': 85.0, 'satura': False}","{'revenue_growth_yoy': 10.7, 'revenue_accelerating': False, 'rev_accel_quarters': 0}","{'rs_3m': 21.6, 'rs_6m': -20.5, 'rs_line_percentile': 40.1, 'rs_line_at_new_high': False, 'rs_line_trend': 'up', 'rs_line_score': 35}","{'roe_pct': 14.1, 'debt_to_equity': 0.69, 'current_ratio': 1.01, 'operating_margin_pct': 52.6}","{'days_to_earnings': 'N/A', 'recommendation': 'strong_buy', 'analyst_upside_pct': 21.4}",154.31,86628786176,Financial Services,Financial Data & Stock Exchanges,1.3,2.0,False,176.05,-12.3,4,False,0.3,187.29,232.0,163.0,14.0,strong_buy,21.4,199.18,29.1,212.85,37.9,reportado,múltiplo propio,4.0,0.34,False,,5.45,8.41,1.35,28.2,2.08,1.25,True,-1.57,,9,,6.9,Operating Income,7.6,14.2,31.0,2026-10-29,False,True,False,8,STRONG,4.71,114.8,1.23,24.2,0.8,0.03,-23.4,2026-09-28T05:23:04.382108,,,,,,
BAC,Bank of America Corporation,66.0,,trimestral,⭐⭐ GOOD,🟡 Good,USD,USD,False,True,True,1.0,,95.0,50.0,44.0,65.0,65.0,35.0,40.1,False,down,16.6,True,1,7.2,False,0,"{'eps_growth_yoy': 16.6, 'positive_quarters': 4, 'earnings_accelerating': True, 'eps_accel_quarters': 1, 'profit_margin_pct': 29.5, 'score_bruto_sin_capar': 95.0, 'satura': False}","{'revenue_growth_yoy': 7.2, 'revenue_accelerating': False, 'rev_accel_quarters': 0}","{'rs_3m': -5.9, 'rs_6m': -0.3, 'rs_line_percentile': 40.1, 'rs_line_at_new_high': False, 'rs_line_trend': 'down', 'rs_line_score': 35}","{'roe_pct': 11.2, 'operating_margin_pct': 38.3}","{'days_to_earnings': 'N/A', 'recommendation': 'strong_buy', 'analyst_upside_pct': 21.0}",56.7,396488835072,Financial Services,Banks - Diversified,0.0,0.0,False,65.23,-13.1,5,False,-7.5,68.62,76.0,62.0,21.0,strong_buy,21.0,,,47.93,-15.5,reportado,múltiplo propio,4.0,0.42,False,,3.18,1.8,2.26,25.9,1.28,2.35,True,-4.67,,7,,,,,34.1,16.0,2026-10-14,False,True,True,5,NEUTRAL,,,0.31,25.3,0.8,0.03,-24.5,2026-09-28T05:28:15.557776,,"Banks - Diversified: el flujo operativo son depósitos, préstamos o primas, no caja libre para el accionista",,,,
FICO,Fair Isaac Corporation,65.8,,trimestral,⭐⭐ GOOD,🟡 Good,USD,USD,False,True,True,1.0,,95.0,70.0,15.0,65.0,70.0,15.0,0.1,False,down,30.5,False,0,25.7,False,0,"{'eps_growth_yoy': 30.5, 'op_growth_yoy': 38.1, 'crecimiento_respaldado': True, 'positive_quarters': 4, 'earnings_accelerating': False, 'eps_accel_quarters': 0, 'profit_margin_pct': 34.1, 'score_bruto_sin_capar': 95.0, 'satura': False}","{'revenue_growth_yoy': 25.7, 'revenue_accelerating': False, 'rev_accel_quarters': 0}","{'rs_3m': -31.1, 'rs_6m': -36.9, 'rs_line_percentile': 0.1, 'rs_line_at_new_high': False, 'rs_line_trend': 'down', 'rs_line_score': 15}","{'current_ratio': 1.18, 'operating_margin_pct': 53.8}","{'days_to_earnings': 'N/A', 'recommendation': 'buy', 'analyst_upside_pct': 66.3}",863.09,18640703488,Technology,Software - Application,10.8,5.5,True,1998.01,-56.8,0,False,-20.4,1434.89,1750.0,696.0,19.0,buy,66.3,845.68,-2.0,,,reportado,,,,,,5.16,44.54,,,,0.09,True,-7.62,,9,,6.7,Operating Income,6.7,28.8,37.0,2026-11-04,False,True,False,7,NEUTRAL,3.9,996.3,0.4,67.0,,,,2026-09-28T05:22:35.136239,,,múltiplo propio 54x fuera del rango 8-45,,,
PSA,Public Storage,65.7,,trimestral,⭐⭐ GOOD,🟡 Good,USD,USD,False,True,True,1.0,,85.0,70.0,36.0,60.0,65.0,15.0,5.4,False,down,39.5,False,0,2.6,True,2,"{'eps_growth_yoy': 39.5, 'op_growth_yoy': -3.0, 'crecimiento_respaldado': False, 'crecimiento_puntuado': 25.0, 'positive_quarters': 4, 'earnings_accelerating': False, 'eps_accel_quarters': 0, 'profit_margin_pct': 41.6, 'score_bruto_sin_capar': 95.0, 'satura': False}","{'revenue_growth_yoy': 2.6, 'revenue_accelerating': True, 'rev_accel_quarters': 2}","{'rs_3m': -14.7, 'rs_6m': -11.9, 'rs_line_percentile': 5.4, 'rs_line_at_new_high': False, 'rs_line_trend': 'down', 'rs_line_score': 15}","{'roe_pct': 21.9, 'debt_to_equity': 1.1, 'current_ratio': 0.22, 'operating_margin_pct': 45.7}","{'days_to_earnings': 'N/A', 'recommendation': 'buy', 'analyst_upside_pct': 16.9}",287.97,53807853568,Real Estate,REIT - Industrial,4.3,8.0,False,335.55,-14.2,4,False,-7.1,336.5,374.0,285.0,18.0,buy,16.9,229.93,-20.2,202.08,-29.8,normalizado,múltiplo propio,4.0,0.65,False,,5.36,15.44,4.17,114.5,12.0,3.51,False,0.34,,9,,6.9,Operating Income,7.3,18.0,30.0,2026-10-28,False,True,False,5,NEUTRAL,3.48,1163.1,0.62,20.8,0.8,0.04,-20.0,2026-09-28T05:27:05.937687,,,,tasa fiscal efectiva -0.4% — el beneficio del periodo no es representativo,,
WTKWY,Wolters Kluwer N.V.,65.5,,anual,⭐⭐ GOOD,🟡 Good,USD,EUR,True,True,True,1.0,,100.0,50.0,42.3,50.0,70.0,15.0,14.2,False,up,21.2,True,2,3.5,False,0,"{'eps_growth_yoy': 21.2, 'op_growth_yoy': 5.4, 'crecimiento_respaldado': True, 'positive_quarters': 4, 'earnings_accelerating': True, 'eps_accel_quarters': 2, 'profit_margin_pct': 21.9, 'score_bruto_sin_capar': 105.0, 'satura': True}","{'revenue_growth_yoy': 3.5, 'revenue_accelerating': False, 'rev_accel_quarters': 0}","{'rs_3m': 17.8, 'rs_6m': -8.1, 'rs_line_percentile': 14.2, 'rs_line_at_new_high': False, 'rs_line_trend': 'up', 'rs_line_score': 15}","{'roe_pct': 146.1, 'debt_to_equity': 5.9, 'current_ratio': 0.69, 'operating_margin_pct': 26.9}","{'days_to_earnings': 'N/A', 'recommendation': 'strong_buy', 'analyst_upside_pct': 38.8}",78.23,17401255936,Industrials,Specialty Business Services,,,False,137.56,-43.1,2,False,0.1,108.6,108.6,108.6,1.0,strong_buy,38.8,190.7,143.8,188.06,140.4,reportado,múltiplo propio,4.0,0.59,False,,9.32,7.29,3.82,43.1,2.99,1.89,,,,9,,,,,4.5,,,False,False,False,7,NEUTRAL,7.84,639.0,1.22,38.7,,,,2026-09-28T05:20:08.510610,,,,,,
ECL,Ecolab Inc.,65.5,,trimestral,⭐⭐ GOOD,🟡 Good,USD,USD,False,True,True,1.0,,80.0,60.0,44.0,75.0,65.0,35.0,27.0,False,flat,2.0,True,1,9.7,True,1,"{'eps_growth_yoy': 2.0, 'op_growth_yoy': 9.5, 'crecimiento_respaldado': True, 'positive_quarters': 4, 'earnings_accelerating': True, 'eps_accel_quarters': 1, 'profit_margin_pct': 12.6, 'score_bruto_sin_capar': 80.0, 'satura': False}","{'revenue_growth_yoy': 9.7, 'revenue_accelerating': True, 'rev_accel_quarters': 1}","{'rs_3m': -3.8, 'rs_6m': -14.8, 'rs_line_percentile': 27.0, 'rs_line_at_new_high': False, 'rs_line_trend': 'flat', 'rs_line_score': 35}","{'roe_pct': 22.0, 'debt_to_equity': 1.38, 'current_ratio': 1.84, 'operating_margin_pct': 18.5}","{'days_to_earnings': 'N/A', 'recommendation': 'buy', 'analyst_upside_pct': 16.3}",279.49,78349041664,Basic Materials,Specialty Chemicals,2.1,3.6,False,309.27,-9.6,5,False,0.7,324.95,360.0,295.0,21.0,buy,16.3,157.07,-43.8,270.38,-3.3,reportado,múltiplo propio,4.0,0.25,False,,2.56,7.15,1.04,38.1,2.92,1.06,True,-1.12,,9,,9.4,Operating Income,9.1,3.3,29.0,2026-10-27,False,True,False,6,NEUTRAL,3.32,52.9,8.99,16.6,0.2,0.01,-16.4,2026-09-28T05:22:49.422475,,,,,,
ITW,Illinois Tool Works Inc.,65.5,,trimestral,⭐⭐ GOOD,🟡 Good,USD,USD,False,True,True,1.0,,90.0,60.0,44.0,65.0,50.0,35.0,28.1,False,down,7.9,True,2,6.1,True,1,"{'eps_growth_yoy': 7.9, 'op_growth_yoy': 7.4, 'crecimiento_respaldado': True, 'positive_quarters': 4, 'earnings_accelerating': True, 'eps_accel_quarters': 2, 'profit_margin_pct': 19.4, 'score_bruto_sin_capar': 90.0, 'satura': False}","{'revenue_growth_yoy': 6.1, 'revenue_accelerating': True, 'rev_accel_quarters': 1}","{'rs_3m': -1.2, 'rs_6m': -15.0, 'rs_line_percentile': 28.1, 'rs_line_at_new_high': False, 'rs_line_trend': 'down', 'rs_line_score': 35}","{'roe_pct': 104.6, 'debt_to_equity': 3.35, 'current_ratio': 1.11, 'operating_margin_pct': 26.9}","{'days_to_earnings': 'N/A', 'recommendation': 'hold', 'analyst_upside_pct': 10.3}",274.32,78126342144,Industrials,Specialty Industrial Machinery,3.1,8.2,False,303.16,-9.5,5,False,-1.9,302.5,350.0,249.0,14.0,hold,10.3,185.47,-32.4,242.95,-11.4,reportado,múltiplo propio,4.0,0.21,False,,3.73,10.23,2.51,58.3,6.88,2.26,True,-2.01,,9,,14.5,Operating Income,14.6,4.0,25.0,2026-10-23,False,True,False,5,NEUTRAL,4.85,117.2,2.19,15.5,,,,2026-09-28T05:24:08.611803,,,,,,
BRO,"Brown & Brown, Inc.",65.5,,trimestral,⭐⭐ GOOD,🟡 Good,USD,USD,False,True,True,1.0,,80.0,80.0,24.0,75.0,55.0,15.0,7.5,False,down,24.7,False,0,32.4,False,0,"{'eps_growth_yoy': 24.7, 'op_growth_yoy': 23.7, 'crecimiento_respaldado': True, 'positive_quarters': 4, 'earnings_accelerating': False, 'eps_accel_quarters': 0, 'profit_margin_pct': 18.1, 'score_bruto_sin_capar': 80.0, 'satura': False}","{'revenue_growth_yoy': 32.4, 'revenue_accelerating': False, 'rev_accel_quarters': 0}","{'rs_3m': -9.0, 'rs_6m': -25.9, 'rs_line_percentile': 7.5, 'rs_line_at_new_high': False, 'rs_line_trend': 'down', 'rs_line_score': 15}","{'roe_pct': 10.0, 'debt_to_equity': 0.64, 'current_ratio': 1.13, 'operating_margin_pct': 41.8}","{'days_to_earnings': 'N/A', 'recommendation': 'hold', 'analyst_upside_pct': 25.8}",60.82,20351002624,Financial Services,Insurance Brokers,5.4,8.2,False,96.55,-37.0,1,False,-12.2,76.5,90.0,60.0,16.0,hold,25.8,,,72.74,19.6,reportado,múltiplo propio,4.0,0.27,False,,7.13,4.34,1.09,20.6,0.66,0.65,False,13.99,,9,,4.0,Operating Income,4.7,2.8,28.0,2026-10-26,False,True,False,4,NEUTRAL,5.46,157.1,1.78,28.2,,,,2026-09-28T05:23:30.172300,,"Insurance Brokers: el flujo operativo son depósitos, préstamos o primas, no caja libre para el accionista",,,,
DOL.TO,Dollarama Inc.,65.2,,trimestral,⭐⭐ GOOD,🟡 Good,CAD,CAD,False,True,True,1.0,,80.0,70.0,36.0,70.0,60.0,15.0,21.6,False,down,8.7,True,1,17.6,True,1,"{'eps_growth_yoy': 8.7, 'op_growth_yoy': 5.0, 'crecimiento_respaldado': True, 'positive_quarters': 4, 'earnings_accelerating': True, 'eps_accel_quarters': 1, 'profit_margin_pct': 17.3, 'score_bruto_sin_capar': 80.0, 'satura': False}","{'revenue_growth_yoy': 17.6, 'revenue_accelerating': True, 'rev_accel_quarters': 1}","{'rs_3m': -9.6, 'rs_6m': -12.0, 'rs_line_percentile': 21.6, 'rs_line_at_new_high': False, 'rs_line_trend': 'down', 'rs_line_score': 15}","{'roe_pct': 93.1, 'debt_to_equity': 4.0, 'current_ratio': 1.55, 'operating_margin_pct': 23.1}","{'days_to_earnings': 'N/A', 'recommendation': 'buy', 'analyst_upside_pct': 13.0}",183.57,49264590848,Consumer Defensive,Discount Stores,,3.8,False,209.96,-12.6,2,False,0.4,207.47,236.0,148.0,17.0,buy,13.0,204.65,11.5,152.9,-16.7,reportado,múltiplo propio,4.0,0.36,False,,3.49,6.41,0.25,9.1,0.47,0.26,True,-2.42,,9,,7.9,Operating Income,9.1,11.2,73.0,2026-12-10,False,True,False,5,NEUTRAL,3.19,45.6,2.8,28.2,,,,2026-09-28T05:26:33.872770,,,,,,
DBOEY,Deutsche Börse AG,65.1,,trimestral,⭐⭐ GOOD,🟡 Good,USD,EUR,True,True,True,1.0,,75.0,50.0,60.3,80.0,60.0,60.0,74.9,False,up,8.4,False,0,7.8,False,0,"{'eps_growth_yoy': 8.4, 'op_growth_yoy': 8.2, 'crecimiento_respaldado': True, 'positive_quarters': 4, 'earnings_accelerating': False, 'eps_accel_quarters': 0, 'profit_margin_pct': 27.3, 'score_bruto_sin_capar': 75.0, 'satura': False}","{'revenue_growth_yoy': 7.8, 'revenue_accelerating': False, 'rev_accel_quarters': 0}","{'rs_3m': 15.4, 'rs_6m': -1.4, 'rs_line_percentile': 74.9, 'rs_line_at_new_high': False, 'rs_line_trend': 'up', 'rs_line_score': 60}","{'roe_pct': 20.4, 'debt_to_equity': 0.58, 'current_ratio': 1.01, 'operating_margin_pct': 41.9}","{'days_to_earnings': 'N/A', 'recommendation': 'strong_buy', 'analyst_upside_pct': 5.9}",32.53,58647572480,Financial Services,Financial Data & Stock Exchanges,,,False,33.91,-4.1,8,True,2.8,34.44,34.44,34.44,1.0,strong_buy,5.9,50.22,54.4,27.69,-14.9,reportado,múltiplo propio,4.0,0.2,False,,5.11,1.66,1.5,36.0,0.49,1.9,,,,9,,,,,6.9,22.0,2026-10-20,False,True,False,5,NEUTRAL,4.69,65.3,1.54,19.5,,,,2026-09-28T05:23:11.678416,,,,,,
TW,Tradeweb Markets Inc.,64.6,,trimestral,⭐⭐ GOOD,🟡 Good,USD,USD,False,True,True,0.5279,acciones × precio no cuadra (ratio 0.5279) pero la divisa sí: son clases múltiples. Se usan 216 M de acciones efectivas (capitalización ÷ precio) en vez de las 114 M declaradas,95.0,50.0,26.7,85.0,55.0,15.0,9.8,False,down,17.9,True,1,9.0,False,0,"{'eps_growth_yoy': 17.9, 'op_growth_yoy': 22.7, 'crecimiento_respaldado': True, 'positive_quarters': 4, 'earnings_accelerating': True, 'eps_accel_quarters': 1, 'profit_margin_pct': 40.7, 'score_bruto_sin_capar': 95.0, 'satura': False}","{'revenue_growth_yoy': 9.0, 'revenue_accelerating': False, 'rev_accel_quarters': 0}","{'rs_3m': 5.7, 'rs_6m': -35.2, 'rs_line_percentile': 9.8, 'rs_line_at_new_high': False, 'rs_line_trend': 'down', 'rs_line_score': 15}","{'roe_pct': 14.5, 'debt_to_equity': 0.02, 'current_ratio': 6.79, 'operating_margin_pct': 43.8}","{'days_to_earnings': 'N/A', 'recommendation': 'none', 'analyst_upside_pct': 22.2}",101.19,21859899392,Financial Services,Capital Markets,3.0,2.9,False,127.69,-20.8,2,False,-2.1,123.64,178.0,98.0,14.0,none,22.2,,,,,reportado,,,,,,5.0,5.06,0.55,12.4,0.56,0.4,True,-1.01,,9,,474.0,Operating Income,633.6,9.8,31.0,2026-10-29,False,True,False,8,STRONG,4.2,41.0,1.12,28.5,,,,2026-09-28T05:22:08.314492,216028258.0,"Capital Markets: el flujo operativo son depósitos, préstamos o primas, no caja libre para el accionista",múltiplo propio 48x fuera del rango 8-45,,,
FCNCA,"First Citizens BancShares, Inc.",64.5,,trimestral,⭐⭐ GOOD,🟡 Good,USD,USD,False,True,True,0.911,acciones × precio no cuadra (ratio 0.9110) pero la divisa sí: son clases múltiples. Se usan 11 M de acciones efectivas (capitalización ÷ precio) en vez de las 10 M declaradas,95.0,50.0,44.0,65.0,50.0,35.0,29.8,False,down,16.9,True,1,2.5,False,0,"{'eps_growth_yoy': 16.9, 'positive_quarters': 4, 'earnings_accelerating': True, 'eps_accel_quarters': 1, 'profit_margin_pct': 25.2, 'score_bruto_sin_capar': 95.0, 'satura': False}","{'revenue_growth_yoy': 2.5, 'revenue_accelerating': False, 'rev_accel_quarters': 0}","{'rs_3m': -3.7, 'rs_6m': -8.2, 'rs_line_percentile': 29.8, 'rs_line_at_new_high': False, 'rs_line_trend': 'down', 'rs_line_score': 35}","{'roe_pct': 10.7, 'operating_margin_pct': 39.0}","{'days_to_earnings': 'N/A', 'recommendation': 'hold', 'analyst_upside_pct': 11.9}",2090.36,23606687744,Financial Services,Banks - Regional,5.3,8.0,False,2296.3,-9.0,4,False,-3.6,2339.38,2525.0,2100.0,13.0,hold,11.9,,,1997.46,-4.4,reportado,múltiplo propio,4.0,1.01,True,,6.86,143.4,0.4,4.4,8.4,0.31,True,-12.85,,7,,,,,12.4,24.0,2026-10-22,False,True,False,5,NEUTRAL,,,0.34,23.0,0.4,0.02,-22.6,2026-09-28T05:29:58.548015,11293121.0,"Banks - Regional: el flujo operativo son depósitos, préstamos o primas, no caja libre para el accionista",,,,
ADP,"Automatic Data Processing, Inc.",64.5,,trimestral,⭐⭐ GOOD,🟡 Good,USD,USD,False,True,True,1.0,,75.0,50.0,58.7,85.0,50.0,35.0,43.0,False,flat,7.5,False,0,6.8,False,0,"{'eps_growth_yoy': 7.5, 'op_growth_yoy': 4.3, 'crecimiento_respaldado': True, 'positive_quarters': 4, 'earnings_accelerating': False, 'eps_accel_quarters': 0, 'profit_margin_pct': 20.1, 'score_bruto_sin_capar': 75.0, 'satura': False}","{'revenue_growth_yoy': 6.8, 'revenue_accelerating': False, 'rev_accel_quarters': 0}","{'rs_3m': 13.6, 'rs_6m': 10.6, 'rs_line_percentile': 43.0, 'rs_line_at_new_high': False, 'rs_line_trend': 'flat', 'rs_line_score': 35}","{'roe_pct': 72.2, 'debt_to_equity': 0.91, 'current_ratio': 1.05, 'operating_margin_pct': 23.5}","{'days_to_earnings': 'N/A', 'recommendation': 'hold', 'analyst_upside_pct': 9.1}",263.67,104479653888,Technology,Software - Application,3.0,5.1,False,294.35,-10.4,5,False,-1.9,287.6,322.0,225.0,15.0,hold,9.1,296.74,12.5,271.72,3.1,reportado,múltiplo propio,3.0,0.2,True,,4.57,12.05,2.58,60.7,6.8,2.04,True,-1.96,,9,,12.6,Operating Income,13.5,3.9,30.0,2026-10-28,False,True,False,6,NEUTRAL,5.45,162.1,2.01,22.2,,,,2026-09-28T05:20:37.100336,,,,,,
SPGI,S&P Global Inc.,64.5,,trimestral,⭐⭐ GOOD,🟡 Good,USD,USD,False,True,True,1.0,,85.0,60.0,38.7,65.0,65.0,15.0,5.7,False,down,13.5,False,0,10.4,False,0,"{'eps_growth_yoy': 13.5, 'op_growth_yoy': 17.2, 'crecimiento_respaldado': True, 'positive_quarters': 4, 'earnings_accelerating': False, 'eps_accel_quarters': 0, 'profit_margin_pct': 30.5, 'score_bruto_sin_capar': 85.0, 'satura': False}","{'revenue_growth_yoy': 10.4, 'revenue_accelerating': False, 'rev_accel_quarters': 0}","{'rs_3m': 0.2, 'rs_6m': -16.8, 'rs_line_percentile': 5.7, 'rs_line_at_new_high': False, 'rs_line_trend': 'down', 'rs_line_score': 15}","{'roe_pct': 14.3, 'debt_to_equity': 0.43, 'current_ratio': 0.95, 'operating_margin_pct': 44.8}","{'days_to_earnings': 'N/A', 'recommendation': 'strong_buy', 'analyst_upside_pct': 29.0}",403.3,118892838912,Financial Services,Financial Data & Stock Exchanges,2.2,3.5,False,522.46924,-22.8,1,False,-4.2,520.3,553.0,485.0,20.0,strong_buy,29.0,407.9,1.1,549.84,36.3,reportado,múltiplo propio,3.0,0.22,True,2023-12-31,4.65,18.75,0.96,23.5,3.88,0.82,True,-3.46,,9,,21.2,Operating Income,22.7,17.7,31.0,2026-10-29,False,True,False,7,NEUTRAL,4.55,893.9,1.13,27.4,,,,2026-09-28T05:20:48.095249,,,,,,
UBER,"Uber Technologies, Inc.",64.5,,trimestral,⭐⭐ GOOD,🟡 Good,USD,USD,False,True,True,1.0,,85.0,70.0,24.0,65.0,70.0,15.0,2.3,False,down,76.7,True,2,12.2,True,1,"{'eps_growth_yoy': 76.7, 'op_growth_yoy': 30.3, 'crecimiento_respaldado': False, 'crecimiento_puntuado': 55.3, 'positive_quarters': 4, 'earnings_accelerating': True, 'eps_accel_quarters': 2, 'profit_margin_pct': 17.3, 'score_bruto_sin_capar': 120.0, 'satura': True}","{'revenue_growth_yoy': 12.2, 'revenue_accelerating': True, 'rev_accel_quarters': 1}","{'rs_3m': -12.1, 'rs_6m': -21.6, 'rs_line_percentile': 2.3, 'rs_line_at_new_high': False, 'rs_line_trend': 'down', 'rs_line_score': 15}","{'roe_pct': 37.2, 'debt_to_equity': 0.52, 'current_ratio': 0.84, 'operating_margin_pct': 13.3}","{'days_to_earnings': 'N/A', 'recommendation': 'buy', 'analyst_upside_pct': 44.7}",69.62,142203043840,Technology,Software - Application,2.3,2.6,False,101.295,-31.3,0,False,-5.0,100.77,150.0,70.0,47.0,buy,44.7,109.46,57.2,,,normalizado,,,,,,7.09,4.94,,,,,True,-3.55,,9,,14.5,Operating Income,15.5,85.5,36.0,2026-11-03,False,True,False,6,NEUTRAL,3.65,118.8,0.18,26.7,0.8,0.03,-25.9,2026-09-28T05:29:25.329191,,,los P/E históricos se separan 3.2x la mediana: el ancla la decidiría un año suelto,tasa fiscal efectiva -45.7% — el beneficio del periodo no es representativo,,
ISRG,"Intuitive Surgical, Inc.",64.5,,trimestral,⭐⭐ GOOD,🟡 Good,USD,USD,False,True,True,1.0,,85.0,70.0,24.0,75.0,55.0,15.0,17.9,False,up,24.3,False,0,18.5,True,1,"{'eps_growth_yoy': 24.3, 'op_growth_yoy': 30.7, 'crecimiento_respaldado': True, 'positive_quarters': 4, 'earnings_accelerating': False, 'eps_accel_quarters': 0, 'profit_margin_pct': 28.4, 'score_bruto_sin_capar': 85.0, 'satura': False}","{'revenue_growth_yoy': 18.5, 'revenue_accelerating': True, 'rev_accel_quarters': 1}","{'rs_3m': -4.5, 'rs_6m': -32.8, 'rs_line_percentile': 17.9, 'rs_line_at_new_high': False, 'rs_line_trend': 'up', 'rs_line_score': 15}","{'roe_pct': 17.4, 'current_ratio': 4.96, 'operating_margin_pct': 33.6}","{'days_to_earnings': 'N/A', 'recommendation': 'none', 'analyst_upside_pct': 17.6}",405.18,145167089664,Healthcare,Medical Instruments & Supplies,2.3,3.6,False,603.88,-32.9,1,False,8.4,476.34,685.0,324.0,29.0,none,17.6,158.95,-60.8,,,reportado,,,,,,2.18,8.83,,,,,True,-1.87,,6,solo 6 de los 9 criterios son calculables con los estados de esta empresa,,,,13.2,22.0,2026-10-20,False,True,False,4,,2.13,22.5,1.26,27.2,,,,2026-09-28T05:26:04.762074,,,sin histórico de múltiplo (beneficio negativo o pocos años),,,
CSU.TO,Constellation Software Inc.,64.5,,trimestral,⭐⭐ GOOD,🟡 Good,CAD,USD,True,True,True,1.0,"FCF declarado (2,771,000,000) se aparta del derivado de flujo operativo menos capex (3,959,261,064)",85.0,70.0,36.0,55.0,60.0,15.0,16.1,False,flat,389.3,False,0,17.3,True,1,"{'eps_growth_yoy': 389.3, 'op_growth_yoy': 8.9, 'crecimiento_respaldado': False, 'crecimiento_puntuado': 33.9, 'positive_quarters': 4, 'earnings_accelerating': False, 'eps_accel_quarters': 0, 'profit_margin_pct': 7.6, 'score_bruto_sin_capar': 85.0, 'satura': False}","{'revenue_growth_yoy': 17.3, 'revenue_accelerating': True, 'rev_accel_quarters': 1}","{'rs_3m': -2.4, 'rs_6m': -0.3, 'rs_line_percentile': 16.1, 'rs_line_at_new_high': False, 'rs_line_trend': 'flat', 'rs_line_score': 15}","{'roe_pct': 23.3, 'debt_to_equity': 1.2, 'current_ratio': 0.9, 'operating_margin_pct': 15.1}","{'days_to_earnings': 'N/A', 'recommendation': 'none', 'analyst_upside_pct': 40.2}",2872.98,60882841600,Technology,Software - Application,,4.7,False,4110.0,-30.1,3,False,-3.1,4027.18,5591.15,3354.93,12.0,none,40.2,,,,,reportado,,,,,,6.5,186.74,0.19,8.8,5.6,0.18,False,,,9,,8.4,Operating Income,6.2,194.6,39.0,2026-11-06,False,True,False,6,NEUTRAL,3.27,337.8,0.04,35.2,,,,2026-09-28T05:21:24.947311,,,,,,
BR,"Broadridge Financial Solutions, Inc.",64.0,,trimestral,⭐⭐ GOOD,🟡 Good,USD,USD,False,True,True,1.0,,80.0,50.0,42.3,80.0,70.0,15.0,17.6,False,up,6.4,True,1,7.5,False,0,"{'eps_growth_yoy': 6.4, 'op_growth_yoy': 9.5, 'crecimiento_respaldado': True, 'positive_quarters': 4, 'earnings_accelerating': True, 'eps_accel_quarters': 1, 'profit_margin_pct': 15.0, 'score_bruto_sin_capar': 80.0, 'satura': False}","{'revenue_growth_yoy': 7.5, 'revenue_accelerating': False, 'rev_accel_quarters': 0}","{'rs_3m': 17.3, 'rs_6m': -16.9, 'rs_line_percentile': 17.6, 'rs_line_at_new_high': False, 'rs_line_trend': 'up', 'rs_line_score': 15}","{'roe_pct': 40.9, 'debt_to_equity': 1.24, 'current_ratio': 1.24, 'operating_margin_pct': 24.6}","{'days_to_earnings': 'N/A', 'recommendation': 'buy', 'analyst_upside_pct': 30.3}",163.77,18673350656,Technology,Information Technology Services,2.9,2.6,False,238.73,-31.4,0,False,-1.6,213.38,250.0,176.0,8.0,buy,30.3,249.04,52.1,296.2,80.9,reportado,múltiplo propio,4.0,0.62,False,,6.6,10.81,2.66,40.6,4.36,1.69,True,-2.28,,9,,11.6,Operating Income,13.9,5.9,36.0,2026-11-03,False,True,False,8,STRONG,5.97,176.7,1.68,24.9,0.8,0.03,-24.1,2026-09-28T05:21:20.965669,,,,,,
GWW,"W.W. Grainger, Inc.",64.0,,trimestral,⭐⭐ GOOD,🟡 Good,USD,USD,False,True,True,1.0,,75.0,60.0,44.0,85.0,50.0,35.0,44.5,False,down,18.3,False,0,10.3,False,0,"{'eps_growth_yoy': 18.3, 'op_growth_yoy': 19.0, 'crecimiento_respaldado': True, 'positive_quarters': 4, 'earnings_accelerating': False, 'eps_accel_quarters': 0, 'profit_margin_pct': 9.9, 'score_bruto_sin_capar': 75.0, 'satura': False}","{'revenue_growth_yoy': 10.3, 'revenue_accelerating': False, 'rev_accel_quarters': 0}","{'rs_3m': -12.3, 'rs_6m': -4.2, 'rs_line_percentile': 44.5, 'rs_line_at_new_high': False, 'rs_line_trend': 'down', 'rs_line_score': 35}","{'roe_pct': 46.1, 'debt_to_equity': 0.62, 'current_ratio': 2.81, 'operating_margin_pct': 16.1}","{'days_to_earnings': 'N/A', 'recommendation': 'hold', 'analyst_upside_pct': 7.1}",1243.07,58549768192,Industrials,Industrial Distribution,2.6,4.7,False,1419.91,-12.5,6,False,-5.3,1331.64,1500.0,1100.0,14.0,hold,7.1,628.79,-49.4,959.38,-22.8,reportado,múltiplo propio,4.0,0.43,False,,2.55,31.7,0.8,23.6,9.96,1.0,True,-1.87,,9,,33.9,Operating Income,34.1,8.2,37.0,2026-11-04,False,True,False,6,NEUTRAL,4.08,40.5,1.19,19.1,88.3,4.62,69.2,2026-09-28T05:25:57.848426,,,,,,
AWK,"American Water Works Company, Inc.",64.0,,trimestral,⭐⭐ GOOD,🟡 Good,USD,USD,False,True,True,1.0,"FCF declarado (-1,223,000,000) se aparta del derivado de flujo operativo menos capex (-966,999,872)",95.0,70.0,24.0,55.0,50.0,15.0,17.6,False,down,9.0,True,2,6.2,True,2,"{'eps_growth_yoy': 9.0, 'op_growth_yoy': 10.8, 'crecimiento_respaldado': True, 'positive_quarters': 4, 'earnings_accelerating': True, 'eps_accel_quarters': 2, 'profit_margin_pct': 21.3, 'score_bruto_sin_capar': 95.0, 'satura': False}","{'revenue_growth_yoy': 6.2, 'revenue_accelerating': True, 'rev_accel_quarters': 2}","{'rs_3m': -4.9, 'rs_6m': -25.3, 'rs_line_percentile': 17.6, 'rs_line_at_new_high': False, 'rs_line_trend': 'down', 'rs_line_score': 15}","{'roe_pct': 10.1, 'debt_to_equity': 1.38, 'current_ratio': 0.52, 'operating_margin_pct': 40.7}","{'days_to_earnings': 'N/A', 'recommendation': 'hold', 'analyst_upside_pct': 8.1}",130.91,26015612928,Utilities,Utilities - Regulated Water,8.5,6.6,True,145.64,-10.1,4,False,-3.7,141.45,162.0,128.0,11.0,hold,8.1,,,137.52,5.0,reportado,múltiplo propio,4.0,0.37,False,,-3.72,-4.87,2.73,58.5,3.58,2.04,False,,,9,,3.0,Operating Income,3.2,3.4,30.0,2026-10-28,False,True,False,8,STRONG,4.49,6.1,2.32,13.7,,,,2026-09-28T05:25:23.665507,,"el capex se lleva el 141% del flujo operativo: lo que queda no es lo que gana el dueño, es lo que sobra tras decidir invertir",,,,
FERG,Ferguson Enterprises Inc.,64.0,,trimestral,⭐⭐ GOOD,🟡 Good,USD,USD,False,True,True,1.0,,85.0,70.0,24.0,65.0,65.0,15.0,8.8,False,down,62.4,True,1,14.8,True,1,"{'eps_growth_yoy': 62.4, 'op_growth_yoy': 32.4, 'crecimiento_respaldado': False, 'crecimiento_puntuado': 57.4, 'positive_quarters': 4, 'earnings_accelerating': True, 'eps_accel_quarters': 1, 'profit_margin_pct': 6.3, 'score_bruto_sin_capar': 105.0, 'satura': True}","{'revenue_growth_yoy': 14.8, 'revenue_accelerating': True, 'rev_accel_quarters': 1}","{'rs_3m': -10.7, 'rs_6m': -22.4, 'rs_line_percentile': 8.8, 'rs_line_at_new_high': False, 'rs_line_trend': 'down', 'rs_line_score': 15}","{'debt_to_equity': 1.11, 'current_ratio': 1.73, 'operating_margin_pct': 10.2}","{'days_to_earnings': 'N/A', 'recommendation': 'buy', 'analyst_upside_pct': 29.1}",222.74,43089661952,Industrials,Industrial Distribution,3.4,4.4,False,271.64,-18.0,1,False,-4.0,287.48,325.0,235.0,21.0,buy,29.1,121.58,-45.4,238.95,7.3,reportado,múltiplo propio,3.0,0.36,True,,3.13,6.97,1.6,33.3,3.56,1.82,True,-1.67,,4,solo 4 de los 9 criterios son calculables con los estados de esta empresa,16.6,Operating Income,16.5,6.9,42.0,2026-11-09,False,True,False,3,,,,2.58,23.3,,,,2026-09-28T05:26:58.810204,,,,,,
RMD,ResMed Inc.,63.9,,trimestral,⭐⭐ GOOD,🟡 Good,USD,USD,False,True,True,1.0,,75.0,60.0,34.7,90.0,60.0,35.0,25.6,False,up,1.0,False,0,8.6,True,1,"{'eps_growth_yoy': 1.0, 'op_growth_yoy': -1.7, 'crecimiento_respaldado': True, 'positive_quarters': 4, 'earnings_accelerating': False, 'eps_accel_quarters': 0, 'profit_margin_pct': 26.9, 'score_bruto_sin_capar': 75.0, 'satura': False}","{'revenue_growth_yoy': 8.6, 'revenue_accelerating': True, 'rev_accel_quarters': 1}","{'rs_3m': 7.8, 'rs_6m': -21.0, 'rs_line_percentile': 25.6, 'rs_line_at_new_high': False, 'rs_line_trend': 'up', 'rs_line_score': 35}","{'roe_pct': 24.3, 'debt_to_equity': 0.13, 'current_ratio': 3.1, 'operating_margin_pct': 30.9}","{'days_to_earnings': 'N/A', 'recommendation': 'buy', 'analyst_upside_pct': 12.7}",222.0,32024010752,Healthcare,Medical Instruments & Supplies,11.4,10.6,True,284.87,-22.1,2,False,0.7,250.22,320.0,175.0,17.0,buy,12.7,320.43,44.3,,,reportado,,,,,,5.09,11.3,1.19,23.0,2.64,0.88,True,-1.4,,9,,,,,1.7,31.0,2026-10-29,False,True,False,7,NEUTRAL,6.08,52.1,6.99,23.4,,,,2026-09-28T05:27:52.921515,,,sin histórico de múltiplo (beneficio negativo o pocos años),,,
FDS,FactSet Research Systems Inc.,63.7,,trimestral,⭐⭐ GOOD,🟡 Good,USD,USD,False,True,True,1.0,,65.0,60.0,68.7,70.0,50.0,60.0,50.6,False,up,-14.7,True,1,6.4,True,1,"{'eps_growth_yoy': -14.7, 'op_growth_yoy': -14.3, 'crecimiento_respaldado': True, 'positive_quarters': 4, 'earnings_accelerating': True, 'eps_accel_quarters': 1, 'profit_margin_pct': 23.2, 'score_bruto_sin_capar': 65.0, 'satura': False}","{'revenue_growth_yoy': 6.4, 'revenue_accelerating': True, 'rev_accel_quarters': 1}","{'rs_3m': 13.0, 'rs_6m': 16.6, 'rs_line_percentile': 50.6, 'rs_line_at_new_high': False, 'rs_line_trend': 'up', 'rs_line_score': 60}","{'roe_pct': 27.0, 'debt_to_equity': 0.77, 'current_ratio': 0.68, 'operating_margin_pct': 30.5}","{'days_to_earnings': 'N/A', 'recommendation': 'hold', 'analyst_upside_pct': -1.1}",273.08,9712238592,Financial Services,Financial Data & Stock Exchanges,12.4,4.2,True,320.48,-14.8,5,False,-2.5,270.0,340.0,210.0,16.0,hold,-1.1,581.15,112.8,489.76,79.3,reportado,múltiplo propio,4.0,0.52,False,,7.42,20.26,1.7,29.4,4.64,1.04,True,-6.31,,9,,13.6,Operating Income,14.1,-3.8,2.0,2026-09-30,True,True,False,6,NEUTRAL,6.82,180.1,,46.0,,,,2026-09-28T05:24:50.240484,,,,,,True
CLPBY,Coloplast A/S,63.3,,trimestral,⭐⭐ GOOD,🟡 Good,USD,DKK,True,True,False,0.9201,"acciones × precio no cuadra con la capitalización (ratio 0.9201) y los estados van en DKK mientras cotiza en USD — puede ser un ADR. Los ratios por acción (EPS, FCF/acción, DCF) no son utilizables | FCF declarado (5,463,000,000) se aparta del derivado de flujo operativo menos capex (-177,100,589)",85.0,60.0,26.7,80.0,55.0,15.0,11.0,False,down,60.3,True,1,6.1,True,1,"{'eps_growth_yoy': 60.3, 'op_growth_yoy': 2.0, 'crecimiento_respaldado': False, 'crecimiento_puntuado': 27.0, 'positive_quarters': 3, 'earnings_accelerating': True, 'eps_accel_quarters': 1, 'profit_margin_pct': 9.7, 'score_bruto_sin_capar': 88.0, 'satura': False}","{'revenue_growth_yoy': 6.1, 'revenue_accelerating': True, 'rev_accel_quarters': 1}","{'rs_3m': 7.4, 'rs_6m': -24.5, 'rs_line_percentile': 11.0, 'rs_line_at_new_high': False, 'rs_line_trend': 'down', 'rs_line_score': 15}","{'roe_pct': 18.5, 'debt_to_equity': 1.78, 'current_ratio': 1.56, 'operating_margin_pct': 26.2}","{'days_to_earnings': 'N/A', 'recommendation': 'none', 'analyst_upside_pct': 29.0}",6.46,14558782464,Healthcare,Medical Instruments & Supplies,,,False,9.7,-33.4,0,False,-3.9,8.33,12.2,6.7,4.0,none,29.0,,,,,reportado,,,,,,-1.22,-0.08,5.57,187.0,0.36,2.72,False,,,9,,7.2,Operating Income,4.6,40.9,,,False,False,False,7,NEUTRAL,19.41,107.0,0.19,21.5,,,,2026-09-28T05:22:45.745303,,"el capex se lleva el 115% del flujo operativo: lo que queda no es lo que gana el dueño, es lo que sobra tras decidir invertir",,,"acciones × precio no cuadra con la capitalización (ratio 0.9201) y los estados van en DKK mientras cotiza en USD — puede ser un ADR. Los ratios por acción (EPS, FCF/acción, DCF) no son utilizables; FCF declarado (5,463,000,000) se aparta del derivado de flujo operativo menos capex (-177,100,589)",
ORLY,"O'Reilly Automotive, Inc.",63.3,,trimestral,⭐⭐ GOOD,🟡 Good,USD,USD,False,True,True,1.0,,90.0,70.0,24.0,50.0,65.0,15.0,7.9,False,down,7.0,True,2,8.1,True,2,"{'eps_growth_yoy': 7.0, 'op_growth_yoy': 7.8, 'crecimiento_respaldado': True, 'positive_quarters': 4, 'earnings_accelerating': True, 'eps_accel_quarters': 2, 'profit_margin_pct': 14.3, 'score_bruto_sin_capar': 90.0, 'satura': False}","{'revenue_growth_yoy': 8.1, 'revenue_accelerating': True, 'rev_accel_quarters': 2}","{'rs_3m': -8.8, 'rs_6m': -26.7, 'rs_line_percentile': 7.9, 'rs_line_at_new_high': False, 'rs_line_trend': 'down', 'rs_line_score': 15}","{'current_ratio': 0.75, 'operating_margin_pct': 20.2}","{'days_to_earnings': 'N/A', 'recommendation': 'buy', 'analyst_upside_pct': 25.2}",86.115,69663653888,Consumer Cyclical,Auto Parts,3.2,5.0,False,108.72,-20.8,1,False,-2.6,107.8,120.0,89.0,25.0,buy,25.2,73.95,-14.1,85.69,-0.5,reportado,múltiplo propio,4.0,0.22,False,,3.04,2.62,,,,,True,-3.44,,9,,14.4,Operating Income,14.4,10.3,30.0,2026-10-28,False,True,False,7,NEUTRAL,4.38,40.0,2.29,23.3,,,,2026-09-28T05:23:37.038137,,,,,,
NOW,"ServiceNow, Inc.",63.3,,trimestral,⭐⭐ GOOD,🟡 Good,USD,USD,False,True,True,1.0,,50.0,90.0,61.4,50.0,60.0,35.0,34.4,False,up,-22.6,False,0,24.0,True,2,"{'eps_growth_yoy': -22.6, 'op_growth_yoy': -54.7, 'crecimiento_respaldado': True, 'positive_quarters': 4, 'earnings_accelerating': False, 'eps_accel_quarters': 0, 'profit_margin_pct': 11.3, 'score_bruto_sin_capar': 50.0, 'satura': False}","{'revenue_growth_yoy': 24.0, 'revenue_accelerating': True, 'rev_accel_quarters': 2}","{'rs_3m': 31.3, 'rs_6m': 14.2, 'rs_line_percentile': 34.4, 'rs_line_at_new_high': False, 'rs_line_trend': 'up', 'rs_line_score': 35}","{'roe_pct': 14.2, 'debt_to_equity': 0.68, 'current_ratio': 0.7, 'operating_margin_pct': 4.1}","{'days_to_earnings': 'N/A', 'recommendation': 'strong_buy', 'analyst_upside_pct': 6.9}",135.62,140212355072,Technology,Software - Application,2.8,1.7,False,192.966,-29.7,4,False,7.8,144.99,248.0,72.0,46.0,strong_buy,6.9,109.79,-19.0,,,reportado,,,,,,3.14,4.26,,,,,True,-1.05,,9,,20.2,Operating Income,29.3,-21.9,30.0,2026-10-28,False,True,False,4,NEUTRAL,1.27,58.4,,63.1,0.4,0.01,-62.7,2026-09-28T05:23:47.458200,,,los P/E históricos se separan 1.7x la mediana: el ancla la decidiría un año suelto,,,
ROL,"Rollins, Inc.",63.2,,trimestral,⭐⭐ GOOD,🟡 Good,USD,USD,False,True,True,1.0,,90.0,70.0,15.0,65.0,60.0,15.0,0.0,False,down,1.7,True,2,7.9,True,2,"{'eps_growth_yoy': 1.7, 'op_growth_yoy': 1.5, 'crecimiento_respaldado': True, 'positive_quarters': 4, 'earnings_accelerating': True, 'eps_accel_quarters': 2, 'profit_margin_pct': 13.6, 'score_bruto_sin_capar': 90.0, 'satura': False}","{'revenue_growth_yoy': 7.9, 'revenue_accelerating': True, 'rev_accel_quarters': 2}","{'rs_3m': -33.0, 'rs_6m': -64.5, 'rs_line_percentile': 0.0, 'rs_line_at_new_high': False, 'rs_line_trend': 'down', 'rs_line_score': 15}","{'roe_pct': 37.0, 'debt_to_equity': 0.78, 'current_ratio': 0.63, 'operating_margin_pct': 18.8}","{'days_to_earnings': 'N/A', 'recommendation': 'hold', 'analyst_upside_pct': 48.3}",30.03,14448796672,Consumer Cyclical,Personal Services,6.2,4.0,False,66.14,-54.6,0,False,-17.8,44.53,66.0,32.0,17.0,hold,48.3,39.01,29.9,,,reportado,,,,,,4.28,1.29,2.43,64.9,0.73,1.15,False,-0.68,,9,,21.8,Operating Income,21.8,1.2,30.0,2026-10-28,False,True,False,6,NEUTRAL,4.7,131.8,7.49,30.3,,,,2026-09-28T05:20:40.901947,,,múltiplo propio 47x fuera del rango 8-45,,,
DVA,DaVita Inc.,63.0,,trimestral,⭐⭐ GOOD,🟡 Good,USD,USD,False,True,True,1.0,,85.0,60.0,35.0,60.0,65.0,35.0,44.4,False,down,33.1,True,1,5.2,True,1,"{'eps_growth_yoy': 33.1, 'op_growth_yoy': 7.6, 'crecimiento_respaldado': False, 'crecimiento_puntuado': 32.6, 'positive_quarters': 4, 'earnings_accelerating': True, 'eps_accel_quarters': 1, 'profit_margin_pct': 6.0, 'score_bruto_sin_capar': 95.0, 'satura': False}","{'revenue_growth_yoy': 5.2, 'revenue_accelerating': True, 'rev_accel_quarters': 1}","{'rs_3m': -23.1, 'rs_6m': -6.7, 'rs_line_percentile': 44.4, 'rs_line_at_new_high': False, 'rs_line_trend': 'down', 'rs_line_score': 35}","{'roe_pct': 88.5, 'debt_to_equity': 12.42, 'current_ratio': 1.47, 'operating_margin_pct': 16.1}","{'days_to_earnings': 'N/A', 'recommendation': 'buy', 'analyst_upside_pct': 23.2}",178.47,11386386432,Healthcare,Medical Care Facilities,13.2,7.2,True,247.49,-27.9,4,False,-8.6,219.86,270.0,165.0,7.0,buy,23.2,606.14,239.6,157.58,-11.7,reportado,múltiplo propio,4.0,0.19,False,,14.2,25.34,,,,,True,-14.57,,9,,3.5,Operating Income,3.5,39.1,30.0,2026-10-28,False,True,False,6,NEUTRAL,7.75,32.8,0.19,36.0,0.8,0.02,-35.2,2026-09-28T05:28:26.731182,,,,,,
SBGSY,Schneider Electric S.E.,62.8,,anual,⭐⭐ GOOD,🟡 Good,USD,EUR,True,True,True,1.0,,70.0,50.0,57.6,75.0,65.0,60.0,56.5,False,up,1.4,False,0,5.2,False,0,"{'eps_growth_yoy': 1.4, 'op_growth_yoy': 6.7, 'crecimiento_respaldado': True, 'positive_quarters': 4, 'earnings_accelerating': False, 'eps_accel_quarters': 0, 'profit_margin_pct': 11.3, 'score_bruto_sin_capar': 70.0, 'satura': False}","{'revenue_growth_yoy': 5.2, 'revenue_accelerating': False, 'rev_accel_quarters': 0}","{'rs_3m': -0.1, 'rs_6m': 7.5, 'rs_line_percentile': 56.5, 'rs_line_at_new_high': False, 'rs_line_trend': 'up', 'rs_line_score': 60}","{'roe_pct': 18.6, 'debt_to_equity': 0.84, 'current_ratio': 1.09, 'operating_margin_pct': 18.2}","{'days_to_earnings': 'N/A', 'recommendation': 'strong_buy', 'analyst_upside_pct': 19.1}",66.75,188001779712,Industrials,Specialty Industrial Machinery,,,False,71.98,-7.3,7,True,0.3,79.47,84.0,76.0,3.0,strong_buy,19.1,43.2,-35.3,56.65,-15.1,reportado,múltiplo propio,4.0,0.52,False,,3.57,2.38,1.47,49.7,0.98,1.78,,,,9,,,,,29.3,150.0,2027-02-25,False,True,False,6,NEUTRAL,3.43,77.8,0.79,35.3,,,,2026-09-28T05:24:39.506404,,,,,,
AZO,"AutoZone, Inc.",62.5,,trimestral,⭐⭐ GOOD,🟡 Good,USD,USD,False,True,True,1.0,,90.0,70.0,24.0,45.0,65.0,15.0,3.4,False,down,5.4,True,2,8.4,True,2,"{'eps_growth_yoy': 5.4, 'op_growth_yoy': 6.6, 'crecimiento_respaldado': True, 'positive_quarters': 4, 'earnings_accelerating': True, 'eps_accel_quarters': 2, 'profit_margin_pct': 12.7, 'score_bruto_sin_capar': 90.0, 'satura': False}","{'revenue_growth_yoy': 8.4, 'revenue_accelerating': True, 'rev_accel_quarters': 2}","{'rs_3m': -13.3, 'rs_6m': -35.7, 'rs_line_percentile': 3.4, 'rs_line_at_new_high': False, 'rs_line_trend': 'down', 'rs_line_score': 15}","{'current_ratio': 0.9, 'operating_margin_pct': 20.0}","{'days_to_earnings': 'N/A', 'recommendation': 'strong_buy', 'analyst_upside_pct': 29.4}",2872.16,46451441664,Consumer Cyclical,Auto Parts,3.5,1.6,False,4332.68,-33.7,0,False,-3.6,3715.7,4800.0,3000.0,23.0,strong_buy,29.4,2980.98,3.8,2936.58,2.2,reportado,múltiplo propio,4.0,0.54,False,,3.85,110.58,,,,,True,-2.06,,9,,7.5,Operating Income,7.5,15.0,71.0,2026-12-08,False,True,False,6,NEUTRAL,6.12,35.2,1.0,26.0,,,,2026-09-28T05:23:07.998189,,,,,,
AXP,American Express Company,62.5,,trimestral,⭐⭐ GOOD,🟡 Good,USD,USD,False,True,True,1.0,,70.0,60.0,36.0,85.0,65.0,15.0,4.2,False,down,7.8,False,0,10.0,True,1,"{'eps_growth_yoy': 7.8, 'positive_quarters': 4, 'earnings_accelerating': False, 'eps_accel_quarters': 0, 'profit_margin_pct': 16.1, 'score_bruto_sin_capar': 70.0, 'satura': False}","{'revenue_growth_yoy': 10.0, 'revenue_accelerating': True, 'rev_accel_quarters': 1}","{'rs_3m': -13.5, 'rs_6m': -16.0, 'rs_line_percentile': 4.2, 'rs_line_at_new_high': False, 'rs_line_trend': 'down', 'rs_line_score': 15}","{'roe_pct': 34.4, 'debt_to_equity': 1.72, 'current_ratio': 1.55, 'operating_margin_pct': 20.3}","{'days_to_earnings': 'N/A', 'recommendation': 'buy', 'analyst_upside_pct': 22.5}",308.89,208596467712,Financial Services,Credit Services,2.1,4.5,False,387.49,-20.3,1,False,-7.0,378.54,450.0,329.0,24.0,buy,22.5,527.13,70.7,300.69,-2.7,reportado,múltiplo propio,4.0,0.52,False,,7.69,23.75,1.23,21.5,3.8,1.1,True,-2.86,,7,,,,,7.7,25.0,2026-10-23,False,True,False,4,NEUTRAL,,,1.39,21.4,0.4,0.02,-21.0,2026-09-28T05:25:31.042188,,,,,,
PGR,The Progressive Corporation,62.5,,trimestral,⭐⭐ GOOD,🟡 Good,USD,USD,False,True,True,1.0,"FCF declarado (10,597,000,000) se aparta del derivado de flujo operativo menos capex (15,991,000,320)",80.0,60.0,36.0,75.0,50.0,15.0,13.7,False,down,4.3,True,1,7.3,True,1,"{'eps_growth_yoy': 4.3, 'op_growth_yoy': 6.1, 'crecimiento_respaldado': True, 'positive_quarters': 4, 'earnings_accelerating': True, 'eps_accel_quarters': 1, 'profit_margin_pct': 12.8, 'score_bruto_sin_capar': 80.0, 'satura': False}","{'revenue_growth_yoy': 7.3, 'revenue_accelerating': True, 'rev_accel_quarters': 1}","{'rs_3m': -10.8, 'rs_6m': -18.8, 'rs_line_percentile': 13.7, 'rs_line_at_new_high': False, 'rs_line_trend': 'down', 'rs_line_score': 15}","{'roe_pct': 34.9, 'debt_to_equity': 0.24, 'current_ratio': 0.29, 'operating_margin_pct': 18.2}","{'days_to_earnings': 'N/A', 'recommendation': 'hold', 'analyst_upside_pct': 12.6}",205.5,119272202240,Financial Services,Insurance - Property & Casualty,1.1,3.0,False,248.17,-17.2,3,False,-4.0,231.38,302.0,198.0,21.0,hold,12.6,,,,,reportado,,,,,,13.41,27.56,0.19,69.7,0.4,1.99,False,-0.6,,7,,50.8,EBIT,50.8,2.0,16.0,2026-10-14,False,True,True,6,NEUTRAL,11.54,,0.04,20.9,,,,2026-09-28T05:24:57.593274,,"Insurance - Property & Casualty: el flujo operativo son depósitos, préstamos o primas, no caja libre para el accionista",los P/E históricos se separan 4.6x la mediana: el ancla la decidiría un año suelto,,,
MLM,"Martin Marietta Materials, Inc.",62.5,,trimestral,⭐⭐ GOOD,🟡 Good,USD,USD,False,True,True,1.0,,65.0,90.0,15.0,70.0,70.0,15.0,0.5,False,down,-12.3,True,1,21.0,True,2,"{'eps_growth_yoy': -12.3, 'op_growth_yoy': -6.0, 'crecimiento_respaldado': True, 'positive_quarters': 4, 'earnings_accelerating': True, 'eps_accel_quarters': 1, 'profit_margin_pct': 36.7, 'score_bruto_sin_capar': 65.0, 'satura': False}","{'revenue_growth_yoy': 21.0, 'revenue_accelerating': True, 'rev_accel_quarters': 2}","{'rs_3m': -20.9, 'rs_6m': -37.2, 'rs_line_percentile': 0.5, 'rs_line_at_new_high': False, 'rs_line_trend': 'down', 'rs_line_score': 15}","{'roe_pct': 8.9, 'debt_to_equity': 0.55, 'current_ratio': 1.41, 'operating_margin_pct': 20.2}","{'days_to_earnings': 'N/A', 'recommendation': 'buy', 'analyst_upside_pct': 34.8}",484.3,34394685440,Basic Materials,Building Materials,4.6,4.0,False,710.97,-31.9,0,False,-8.3,652.71,800.0,496.0,24.0,buy,34.8,,,384.44,-20.6,reportado,múltiplo propio,4.0,0.69,False,,2.07,10.03,0.69,21.6,3.36,0.6,False,-0.33,,9,,6.1,Operating Income,6.0,-23.2,36.0,2026-11-03,False,True,False,8,STRONG,4.12,,,23.7,,,,2026-09-28T05:27:34.756616,,"el capex se lleva el 53% del flujo operativo: lo que queda no es lo que gana el dueño, es lo que sobra tras decidir invertir",,,,
TJX,"The TJX Companies, Inc.",62.5,,trimestral,⭐⭐ GOOD,🟡 Good,USD,USD,False,True,True,1.0,,85.0,60.0,24.0,75.0,60.0,15.0,6.3,False,down,22.3,True,1,5.4,True,1,"{'eps_growth_yoy': 22.3, 'op_growth_yoy': 22.7, 'crecimiento_respaldado': True, 'positive_quarters': 4, 'earnings_accelerating': True, 'eps_accel_quarters': 1, 'profit_margin_pct': 9.7, 'score_bruto_sin_capar': 85.0, 'satura': False}","{'revenue_growth_yoy': 5.4, 'revenue_accelerating': True, 'rev_accel_quarters': 1}","{'rs_3m': -18.1, 'rs_6m': -37.9, 'rs_line_percentile': 6.3, 'rs_line_at_new_high': False, 'rs_line_trend': 'down', 'rs_line_score': 15}","{'roe_pct': 62.2, 'debt_to_equity': 1.34, 'current_ratio': 1.15, 'operating_margin_pct': 10.9}","{'days_to_earnings': 'N/A', 'recommendation': 'none', 'analyst_upside_pct': 30.6}",130.06,143062614016,Consumer Cyclical,Apparel Retail,1.7,2.2,False,170.0,-23.5,1,False,-9.1,169.8,198.0,136.0,20.0,none,30.6,153.28,17.9,148.17,13.9,reportado,múltiplo propio,4.0,0.25,False,,4.25,5.53,1.48,32.5,1.92,1.35,False,-0.98,,9,,105.5,Operating Income,108.3,11.8,51.0,2026-11-18,False,True,False,7,NEUTRAL,4.74,35.2,0.95,22.5,,,,2026-09-28T05:25:38.473494,,,,,,
IT,"Gartner, Inc.",62.4,,trimestral,⭐⭐ GOOD,🟡 Good,USD,USD,False,True,True,1.0,,90.0,40.0,53.0,65.0,50.0,35.0,31.7,False,up,14.4,True,1,-0.6,True,1,"{'eps_growth_yoy': 14.4, 'op_growth_yoy': 15.9, 'crecimiento_respaldado': True, 'positive_quarters': 4, 'earnings_accelerating': True, 'eps_accel_quarters': 1, 'profit_margin_pct': 12.0, 'score_bruto_sin_capar': 90.0, 'satura': False}","{'revenue_growth_yoy': -0.6, 'revenue_accelerating': True, 'rev_accel_quarters': 1}","{'rs_3m': 37.1, 'rs_6m': -1.4, 'rs_line_percentile': 31.7, 'rs_line_at_new_high': False, 'rs_line_trend': 'up', 'rs_line_score': 35}","{'roe_pct': 113.6, 'current_ratio': 0.88, 'operating_margin_pct': 22.6}","{'days_to_earnings': 'N/A', 'recommendation': 'hold', 'analyst_upside_pct': -1.5}",187.9,11865692160,Technology,Information Technology Services,18.6,7.0,True,265.62,-29.3,4,False,6.1,185.15,229.0,150.0,13.0,hold,-1.5,366.72,95.2,355.87,89.4,reportado,múltiplo propio,4.0,0.46,False,,10.68,20.07,,,,,True,-13.93,,9,,8.8,Operating Income,8.2,13.2,36.0,2026-11-03,False,True,False,6,NEUTRAL,8.58,274.6,0.35,60.3,1.6,0.03,-58.7,2026-09-28T05:24:32.541078,,,,,,
VRSN,"VeriSign, Inc.",62.3,,trimestral,⭐⭐ GOOD,🟡 Good,USD,USD,False,True,True,1.0,,75.0,60.0,56.7,50.0,60.0,60.0,52.4,False,flat,4.4,False,0,6.0,True,1,"{'eps_growth_yoy': 4.4, 'op_growth_yoy': 5.6, 'crecimiento_respaldado': True, 'positive_quarters': 4, 'earnings_accelerating': False, 'eps_accel_quarters': 0, 'profit_margin_pct': 49.8, 'score_bruto_sin_capar': 75.0, 'satura': False}","{'revenue_growth_yoy': 6.0, 'revenue_accelerating': True, 'rev_accel_quarters': 1}","{'rs_3m': 9.7, 'rs_6m': -5.5, 'rs_line_percentile': 52.4, 'rs_line_at_new_high': False, 'rs_line_trend': 'flat', 'rs_line_score': 60}","{'current_ratio': 0.59, 'operating_margin_pct': 68.2}","{'days_to_earnings': 'N/A', 'recommendation': 'buy', 'analyst_upside_pct': 12.9}",287.25,25967400960,Technology,Software - Infrastructure,2.2,3.0,False,312.48,-8.1,6,False,-0.1,324.4,355.0,285.0,5.0,buy,12.9,320.71,11.6,244.11,-15.0,reportado,múltiplo propio,4.0,0.26,False,,4.15,11.92,1.13,34.3,3.24,,True,-3.09,,9,,15.3,Operating Income,15.5,5.4,24.0,2026-10-22,False,True,False,8,STRONG,4.11,501.6,3.37,23.8,0.8,0.03,-23.0,2026-09-28T05:21:17.451182,,,,,,
BSX,Boston Scientific Corporation,62.0,,trimestral,⭐⭐ GOOD,🟡 Good,USD,USD,False,True,True,1.0,"FCF declarado (1,806,000,000) se aparta del derivado de flujo operativo menos capex (3,398,999,936)",80.0,60.0,24.0,75.0,70.0,15.0,0.6,False,down,13.8,False,0,7.5,True,1,"{'eps_growth_yoy': 13.8, 'op_growth_yoy': 32.1, 'crecimiento_respaldado': True, 'positive_quarters': 4, 'earnings_accelerating': False, 'eps_accel_quarters': 0, 'profit_margin_pct': 17.5, 'score_bruto_sin_capar': 80.0, 'satura': False}","{'revenue_growth_yoy': 7.5, 'revenue_accelerating': True, 'rev_accel_quarters': 1}","{'rs_3m': -3.3, 'rs_6m': -58.8, 'rs_line_percentile': 0.6, 'rs_line_at_new_high': False, 'rs_line_trend': 'down', 'rs_line_score': 15}","{'roe_pct': 15.3, 'debt_to_equity': 0.5, 'current_ratio': 1.24, 'operating_margin_pct': 22.9}","{'days_to_earnings': 'N/A', 'recommendation': 'buy', 'analyst_upside_pct': 38.9}",43.92,63650160640,Healthcare,Medical Devices,3.2,2.3,False,105.65,-58.4,0,False,-6.3,61.0,94.0,44.0,29.0,buy,38.9,78.51,78.8,,,normalizado,,,,,,5.34,2.35,,,,,False,,,9,,12.1,Operating Income,11.6,15.1,30.0,2026-10-28,False,True,False,8,STRONG,5.23,53.7,0.85,39.4,0.4,0.01,-39.0,2026-09-28T05:26:08.388740,,,múltiplo propio 62x fuera del rango 8-45,tasa fiscal efectiva 5.0% — el beneficio del periodo no es representativo,,
BN,Brookfield Corporation,62.0,,trimestral,⭐⭐ GOOD,🟡 Good,USD,USD,False,True,True,1.0,"FCF declarado (-9,413,000,000) se aparta del derivado de flujo operativo menos capex (-5,409,000,448)",85.0,60.0,24.0,65.0,70.0,15.0,0.2,False,down,33.8,True,1,7.3,True,1,"{'eps_growth_yoy': 33.8, 'op_growth_yoy': 7.2, 'crecimiento_respaldado': False, 'crecimiento_puntuado': 32.2, 'positive_quarters': 4, 'earnings_accelerating': True, 'eps_accel_quarters': 1, 'profit_margin_pct': 1.8, 'score_bruto_sin_capar': 95.0, 'satura': False}","{'revenue_growth_yoy': 7.3, 'revenue_accelerating': True, 'rev_accel_quarters': 1}","{'rs_3m': -16.7, 'rs_6m': -27.4, 'rs_line_percentile': 0.2, 'rs_line_at_new_high': False, 'rs_line_trend': 'down', 'rs_line_score': 15}","{'roe_pct': 2.3, 'debt_to_equity': 1.61, 'current_ratio': 1.01, 'operating_margin_pct': 25.7}","{'days_to_earnings': 'N/A', 'recommendation': 'buy', 'analyst_upside_pct': 47.5}",36.87,82306793472,Financial Services,Asset Management,,5.2,False,49.57,-25.6,0,False,-10.1,54.4,61.0,31.0,10.0,buy,47.5,,,,,reportado,,,,,,-6.57,-2.42,0.76,48.2,0.28,0.85,False,-0.27,,9,,1.0,Operating Income,1.3,40.3,45.0,2026-11-12,False,True,False,6,NEUTRAL,3.92,10.9,0.16,20.8,0.8,0.04,-20.0,2026-09-28T05:29:17.858500,,"el capex se lleva el 158% del flujo operativo: lo que queda no es lo que gana el dueño, es lo que sobra tras decidir invertir",los P/E históricos se separan 1.8x la mediana: el ancla la decidiría un año suelto,,,
YUM,"Yum! Brands, Inc.",61.8,,trimestral,⭐⭐ GOOD,🟡 Good,USD,USD,False,True,True,1.0,,85.0,70.0,24.0,50.0,65.0,15.0,1.9,False,down,128.1,True,1,12.3,True,1,"{'eps_growth_yoy': 128.1, 'op_growth_yoy': 9.6, 'crecimiento_respaldado': False, 'crecimiento_puntuado': 34.6, 'positive_quarters': 4, 'earnings_accelerating': True, 'eps_accel_quarters': 1, 'profit_margin_pct': 25.4, 'score_bruto_sin_capar': 105.0, 'satura': True}","{'revenue_growth_yoy': 12.3, 'revenue_accelerating': True, 'rev_accel_quarters': 1}","{'rs_3m': -16.3, 'rs_6m': -31.3, 'rs_line_percentile': 1.9, 'rs_line_at_new_high': False, 'rs_line_trend': 'down', 'rs_line_score': 15}","{'current_ratio': 0.59, 'operating_margin_pct': 32.8}","{'days_to_earnings': 'N/A', 'recommendation': 'buy', 'analyst_upside_pct': 25.2}",138.63,37832278016,Consumer Cyclical,Restaurants,4.1,4.3,False,170.14,-18.5,1,False,-5.8,173.56,200.0,147.0,22.0,buy,25.2,173.07,24.8,152.59,10.1,normalizado,múltiplo propio,4.0,0.19,False,,4.53,6.28,2.16,36.8,3.0,1.81,True,-1.42,,9,,5.2,Operating Income,5.3,92.1,36.0,2026-11-03,False,True,False,5,NEUTRAL,5.0,75.7,0.15,29.0,1.6,0.05,-27.4,2026-09-28T05:26:11.858824,,,,tasa fiscal efectiva -0.9% — el beneficio del periodo no es representativo,,
RSG,"Republic Services, Inc.",61.8,,trimestral,⭐⭐ GOOD,🟡 Good,USD,USD,False,True,True,1.0,,80.0,70.0,24.0,60.0,65.0,15.0,11.3,False,down,2.9,True,1,4.6,True,2,"{'eps_growth_yoy': 2.9, 'op_growth_yoy': 4.0, 'crecimiento_respaldado': True, 'positive_quarters': 4, 'earnings_accelerating': True, 'eps_accel_quarters': 1, 'profit_margin_pct': 12.9, 'score_bruto_sin_capar': 80.0, 'satura': False}","{'revenue_growth_yoy': 4.6, 'revenue_accelerating': True, 'rev_accel_quarters': 2}","{'rs_3m': -5.3, 'rs_6m': -23.4, 'rs_line_percentile': 11.3, 'rs_line_at_new_high': False, 'rs_line_trend': 'down', 'rs_line_score': 15}","{'roe_pct': 18.2, 'debt_to_equity': 1.19, 'current_ratio': 0.64, 'operating_margin_pct': 20.4}","{'days_to_earnings': 'N/A', 'recommendation': 'buy', 'analyst_upside_pct': 15.9}",212.1,64947777536,Industrials,Waste Management,2.5,3.3,False,233.42,-9.1,4,False,-2.5,245.92,272.0,208.0,24.0,buy,15.9,243.62,14.9,210.97,-0.5,reportado,múltiplo propio,4.0,0.14,False,,4.09,8.67,1.26,35.4,2.68,1.21,True,-1.85,,9,,5.7,Operating Income,5.3,3.6,31.0,2026-10-29,False,True,False,6,NEUTRAL,4.2,25.9,5.16,14.9,,,,2026-09-28T05:21:10.439018,,,,,,
MSCI,MSCI Inc.,61.7,,trimestral,⭐⭐ GOOD,🟡 Good,USD,USD,False,True,True,1.0,,85.0,60.0,36.0,50.0,65.0,15.0,2.7,False,down,12.6,False,0,12.2,False,0,"{'eps_growth_yoy': 12.6, 'op_growth_yoy': 14.6, 'crecimiento_respaldado': True, 'positive_quarters': 4, 'earnings_accelerating': False, 'eps_accel_quarters': 0, 'profit_margin_pct': 40.7, 'score_bruto_sin_capar': 85.0, 'satura': False}","{'revenue_growth_yoy': 12.2, 'revenue_accelerating': False, 'rev_accel_quarters': 0}","{'rs_3m': -5.2, 'rs_6m': -16.2, 'rs_line_percentile': 2.7, 'rs_line_at_new_high': False, 'rs_line_trend': 'down', 'rs_line_score': 15}","{'current_ratio': 0.89, 'operating_margin_pct': 56.3}","{'days_to_earnings': 'N/A', 'recommendation': 'strong_buy', 'analyst_upside_pct': 25.5}",551.36,40083869696,Financial Services,Financial Data & Stock Exchanges,2.2,2.7,False,644.77,-14.5,3,False,-2.3,692.06,760.0,570.0,17.0,strong_buy,25.5,407.19,-26.1,726.95,31.8,reportado,múltiplo propio,4.0,0.14,False,,3.74,20.62,1.49,42.1,8.2,1.01,True,-5.93,,9,,7.2,Operating Income,7.2,19.6,22.0,2026-10-20,False,True,False,8,STRONG,3.7,856.0,1.25,22.4,,,,2026-09-28T05:21:39.687364,,,,,,
HD,"The Home Depot, Inc.",61.5,,trimestral,⭐⭐ GOOD,🟡 Good,USD,USD,False,True,True,1.0,,85.0,70.0,15.0,60.0,65.0,15.0,0.0,False,down,4.7,True,2,5.7,True,2,"{'eps_growth_yoy': 4.7, 'op_growth_yoy': 4.3, 'crecimiento_respaldado': True, 'positive_quarters': 4, 'earnings_accelerating': True, 'eps_accel_quarters': 2, 'profit_margin_pct': 8.4, 'score_bruto_sin_capar': 85.0, 'satura': False}","{'revenue_growth_yoy': 5.7, 'revenue_accelerating': True, 'rev_accel_quarters': 2}","{'rs_3m': -20.2, 'rs_6m': -29.7, 'rs_line_percentile': 0.0, 'rs_line_at_new_high': False, 'rs_line_trend': 'down', 'rs_line_score': 15}","{'roe_pct': 104.3, 'debt_to_equity': 3.8, 'current_ratio': 1.08, 'operating_margin_pct': 12.9}","{'days_to_earnings': 'N/A', 'recommendation': 'buy', 'analyst_upside_pct': 28.6}",293.2,292522590208,Consumer Cyclical,Home Improvement Retail,1.2,2.6,False,410.95,-28.7,0,False,-9.9,377.19,425.0,310.0,32.0,buy,28.6,250.03,-14.7,339.43,15.8,reportado,múltiplo propio,4.0,0.37,False,,5.16,15.13,3.18,64.8,9.32,2.41,False,0.2,,9,,8.7,Operating Income,8.8,4.6,50.0,2026-11-17,False,True,False,5,NEUTRAL,5.91,53.3,3.98,21.9,,,,2026-09-28T05:27:09.786481,,,,,,
QSR,Restaurant Brands International Inc.,61.5,,trimestral,⭐⭐ GOOD,🟡 Good,USD,USD,False,True,True,0.7613,acciones × precio no cuadra (ratio 0.7613) pero la divisa sí: son clases múltiples. Se usan 458 M de acciones efectivas (capitalización ÷ precio) en vez de las 349 M declaradas,85.0,60.0,24.0,65.0,65.0,15.0,1.9,False,down,166.8,True,2,4.6,True,1,"{'eps_growth_yoy': 166.8, 'op_growth_yoy': 8.4, 'crecimiento_respaldado': False, 'crecimiento_puntuado': 33.4, 'positive_quarters': 4, 'earnings_accelerating': True, 'eps_accel_quarters': 2, 'profit_margin_pct': 13.1, 'score_bruto_sin_capar': 110.0, 'satura': True}","{'revenue_growth_yoy': 4.6, 'revenue_accelerating': True, 'rev_accel_quarters': 1}","{'rs_3m': -5.7, 'rs_6m': -20.1, 'rs_line_percentile': 1.9, 'rs_line_at_new_high': False, 'rs_line_trend': 'down', 'rs_line_score': 15}","{'roe_pct': 34.8, 'debt_to_equity': 2.9, 'current_ratio': 1.01, 'operating_margin_pct': 27.7}","{'days_to_earnings': 'N/A', 'recommendation': 'buy', 'analyst_upside_pct': 20.4}",71.64,32819070976,Consumer Cyclical,Restaurants,6.3,7.0,False,81.96,-12.6,4,False,-4.6,86.25,104.0,79.0,24.0,buy,20.4,67.24,-6.1,108.2,51.0,reportado,múltiplo propio,4.0,0.49,False,,4.85,3.47,3.63,63.8,2.6,3.41,False,0.66,,9,,5.2,Operating Income,5.2,151.2,31.0,2026-10-29,False,True,False,6,NEUTRAL,6.07,58.5,0.11,23.9,1.6,0.07,-22.3,2026-09-28T05:29:21.468670,458110985.0,,,,,
MCD,McDonald's Corporation,61.5,,trimestral,⭐⭐ GOOD,🟡 Good,USD,USD,False,True,True,1.0,,85.0,60.0,24.0,65.0,65.0,15.0,0.0,False,down,4.8,True,1,3.8,True,1,"{'eps_growth_yoy': 4.8, 'op_growth_yoy': 1.3, 'crecimiento_respaldado': True, 'positive_quarters': 4, 'earnings_accelerating': True, 'eps_accel_quarters': 1, 'profit_margin_pct': 31.7, 'score_bruto_sin_capar': 85.0, 'satura': False}","{'revenue_growth_yoy': 3.8, 'revenue_accelerating': True, 'rev_accel_quarters': 1}","{'rs_3m': -15.2, 'rs_6m': -43.9, 'rs_line_percentile': 0.0, 'rs_line_at_new_high': False, 'rs_line_trend': 'down', 'rs_line_score': 15}","{'current_ratio': 1.08, 'operating_margin_pct': 46.5}","{'days_to_earnings': 'N/A', 'recommendation': 'buy', 'analyst_upside_pct': 27.0}",236.5,167357218816,Consumer Cyclical,Restaurants,1.9,2.8,False,341.75,-30.8,0,False,-9.5,300.28,390.0,250.0,29.0,buy,27.0,302.62,28.0,304.73,28.8,reportado,múltiplo propio,4.0,0.2,False,,4.77,11.28,3.26,59.7,7.72,2.24,False,-0.91,,9,,7.8,Operating Income,7.9,4.0,38.0,2026-11-05,False,True,False,6,NEUTRAL,5.6,28.9,2.99,23.2,0.4,0.02,-22.8,2026-09-28T05:23:19.180590,,,,,,
ROP,"Roper Technologies, Inc.",61.2,,trimestral,⭐⭐ GOOD,🟡 Good,USD,USD,False,True,True,1.0,,85.0,50.0,38.7,60.0,65.0,15.0,11.7,False,down,208.9,True,2,8.5,False,0,"{'eps_growth_yoy': 208.9, 'op_growth_yoy': 6.6, 'crecimiento_respaldado': False, 'crecimiento_puntuado': 31.6, 'positive_quarters': 4, 'earnings_accelerating': True, 'eps_accel_quarters': 2, 'profit_margin_pct': 30.2, 'score_bruto_sin_capar': 115.0, 'satura': True}","{'revenue_growth_yoy': 8.5, 'revenue_accelerating': False, 'rev_accel_quarters': 0}","{'rs_3m': 3.0, 'rs_6m': -17.6, 'rs_line_percentile': 11.7, 'rs_line_at_new_high': False, 'rs_line_trend': 'down', 'rs_line_score': 15}","{'roe_pct': 13.1, 'debt_to_equity': 0.61, 'current_ratio': 0.55, 'operating_margin_pct': 27.7}","{'days_to_earnings': 'N/A', 'recommendation': 'buy', 'analyst_upside_pct': 22.6}",358.56,35461898240,Technology,Software - Application,6.1,8.1,False,521.28,-31.2,1,False,-8.3,439.43,550.0,335.0,14.0,buy,22.6,463.83,29.4,802.34,123.8,reportado,múltiplo propio,4.0,0.95,False,,7.23,25.92,1.02,14.5,3.64,0.61,True,-7.2,,9,,5.9,Operating Income,8.6,163.1,24.0,2026-10-22,False,True,False,6,NEUTRAL,4.82,1424.7,0.06,24.2,0.4,0.02,-23.8,2026-09-28T05:20:33.204529,,,,,,
SGSOY,SGS SA,60.5,,anual,⭐⭐ GOOD,🟡 Good,USD,CHF,True,True,True,1.0,"FCF declarado (911,092,790) se aparta del derivado de flujo operativo menos capex (1,290,950,895)",95.0,50.0,36.0,45.0,55.0,15.0,8.7,False,down,15.0,True,2,2.2,False,0,"{'eps_growth_yoy': 15.0, 'op_growth_yoy': 5.5, 'crecimiento_respaldado': True, 'positive_quarters': 4, 'earnings_accelerating': True, 'eps_accel_quarters': 2, 'profit_margin_pct': 9.2, 'score_bruto_sin_capar': 95.0, 'satura': False}","{'revenue_growth_yoy': 2.2, 'revenue_accelerating': False, 'rev_accel_quarters': 0}","{'rs_3m': -6.3, 'rs_6m': -8.3, 'rs_line_percentile': 8.7, 'rs_line_at_new_high': False, 'rs_line_trend': 'down', 'rs_line_score': 15}","{'roe_pct': 76.3, 'debt_to_equity': 4.64, 'current_ratio': 0.95, 'operating_margin_pct': 13.1}","{'days_to_earnings': 'N/A', 'recommendation': 'none', 'analyst_upside_pct': 22.9}",11.39,22506606592,Industrials,Consulting Services,,,False,12.76,-10.7,4,False,-1.4,14.0,14.0,14.0,1.0,none,22.9,16.13,41.6,11.53,1.2,reportado,múltiplo propio,4.0,0.19,False,,5.74,0.65,3.57,95.7,0.41,3.54,,,,9,,,,,-1.8,,,False,False,False,5,NEUTRAL,3.61,37.7,,13.3,,,,2026-09-28T05:26:55.345093,,,,,,
CME,CME Group Inc.,60.4,,trimestral,⭐⭐ GOOD,🟡 Good,USD,USD,False,True,True,1.0,,75.0,50.0,38.3,85.0,50.0,35.0,27.4,False,up,1.6,False,0,0.8,False,0,"{'eps_growth_yoy': 1.6, 'op_growth_yoy': -2.0, 'crecimiento_respaldado': True, 'positive_quarters': 4, 'earnings_accelerating': False, 'eps_accel_quarters': 0, 'profit_margin_pct': 63.4, 'score_bruto_sin_capar': 75.0, 'satura': False}","{'revenue_growth_yoy': 0.8, 'revenue_accelerating': False, 'rev_accel_quarters': 0}","{'rs_3m': 17.2, 'rs_6m': -31.3, 'rs_line_percentile': 27.4, 'rs_line_at_new_high': False, 'rs_line_trend': 'up', 'rs_line_score': 35}","{'roe_pct': 15.8, 'debt_to_equity': 0.15, 'current_ratio': 1.02, 'operating_margin_pct': 65.0}","{'days_to_earnings': 'N/A', 'recommendation': 'hold', 'analyst_upside_pct': 7.2}",264.48,95101526016,Financial Services,Financial Data & Stock Exchanges,1.8,3.0,False,329.16,-19.7,3,False,-1.3,283.6,330.0,230.0,15.0,hold,7.2,345.64,30.7,258.29,-2.3,reportado,múltiplo propio,4.0,0.18,False,,4.44,11.74,1.97,95.4,5.2,3.59,False,0.26,,9,,25.2,Operating Income,33.0,1.0,23.0,2026-10-21,False,True,False,6,NEUTRAL,4.37,78.0,8.18,22.7,0.2,0.01,-22.5,2026-09-28T05:21:06.848005,,,,,,
WCN,"Waste Connections, Inc.",60.3,,trimestral,⭐⭐ GOOD,🟡 Good,USD,USD,False,True,True,1.0,,80.0,70.0,24.0,50.0,65.0,15.0,6.7,False,down,2.1,True,1,6.4,True,2,"{'eps_growth_yoy': 2.1, 'op_growth_yoy': 7.0, 'crecimiento_respaldado': True, 'positive_quarters': 4, 'earnings_accelerating': True, 'eps_accel_quarters': 1, 'profit_margin_pct': 10.9, 'score_bruto_sin_capar': 80.0, 'satura': False}","{'revenue_growth_yoy': 6.4, 'revenue_accelerating': True, 'rev_accel_quarters': 2}","{'rs_3m': -11.1, 'rs_6m': -22.1, 'rs_line_percentile': 6.7, 'rs_line_at_new_high': False, 'rs_line_trend': 'down', 'rs_line_score': 15}","{'roe_pct': 13.0, 'debt_to_equity': 1.22, 'current_ratio': 0.66, 'operating_margin_pct': 19.7}","{'days_to_earnings': 'N/A', 'recommendation': 'strong_buy', 'analyst_upside_pct': 29.9}",155.56,39134109696,Industrials,Waste Management,1.6,3.6,False,179.74,-13.5,2,False,-5.4,202.04,220.0,162.0,25.0,strong_buy,29.9,153.18,-1.5,172.85,11.1,reportado,múltiplo propio,3.0,0.23,True,2024-12-31,3.37,5.24,0.9,33.0,1.4,0.69,True,-1.98,,9,,5.4,Operating Income,5.0,4.4,22.0,2026-10-20,False,True,False,6,NEUTRAL,3.73,20.1,5.7,12.8,,,,2026-09-28T05:20:11.992177,,,,,,
TYL,"Tyler Technologies, Inc.",60.1,,trimestral,⭐⭐ GOOD,🟡 Good,USD,USD,False,True,True,1.0,,80.0,50.0,26.7,75.0,70.0,15.0,11.7,False,down,10.5,False,0,8.2,False,0,"{'eps_growth_yoy': 10.5, 'op_growth_yoy': -0.5, 'crecimiento_respaldado': True, 'positive_quarters': 4, 'earnings_accelerating': False, 'eps_accel_quarters': 0, 'profit_margin_pct': 13.4, 'score_bruto_sin_capar': 80.0, 'satura': False}","{'revenue_growth_yoy': 8.2, 'revenue_accelerating': False, 'rev_accel_quarters': 0}","{'rs_3m': 7.6, 'rs_6m': -24.8, 'rs_line_percentile': 11.7, 'rs_line_at_new_high': False, 'rs_line_trend': 'down', 'rs_line_score': 15}","{'roe_pct': 9.7, 'debt_to_equity': 0.48, 'current_ratio': 1.55, 'operating_margin_pct': 14.7}","{'days_to_earnings': 'N/A', 'recommendation': 'buy', 'analyst_upside_pct': 31.0}",325.57,13332831232,Technology,Software - Application,9.6,3.5,True,531.94,-38.8,0,False,-2.5,426.64,525.0,335.0,22.0,buy,31.0,429.12,31.8,,,reportado,,,,,,5.23,17.03,,,,,True,-4.72,,9,,56.4,Operating Income,65.3,15.5,30.0,2026-10-28,False,True,False,8,STRONG,2.59,125.8,1.37,41.4,1.6,0.04,-39.8,2026-09-28T05:22:23.772443,,,múltiplo propio 89x fuera del rango 8-45,,,
DPZ,"Domino's Pizza, Inc.",60.0,,trimestral,⭐⭐ GOOD,🟡 Good,USD,USD,False,True,True,1.0,,80.0,60.0,24.0,65.0,65.0,15.0,0.0,False,down,3.6,True,1,4.3,True,1,"{'eps_growth_yoy': 3.6, 'op_growth_yoy': 3.1, 'crecimiento_respaldado': True, 'positive_quarters': 4, 'earnings_accelerating': True, 'eps_accel_quarters': 1, 'profit_margin_pct': 11.9, 'score_bruto_sin_capar': 80.0, 'satura': False}","{'revenue_growth_yoy': 4.3, 'revenue_accelerating': True, 'rev_accel_quarters': 1}","{'rs_3m': -4.4, 'rs_6m': -37.3, 'rs_line_percentile': 0.0, 'rs_line_at_new_high': False, 'rs_line_trend': 'down', 'rs_line_score': 15}","{'current_ratio': 1.54, 'operating_margin_pct': 19.1}","{'days_to_earnings': 'N/A', 'recommendation': 'buy', 'analyst_upside_pct': 29.4}",292.14,9664498688,Consumer Cyclical,Restaurants,11.2,4.0,True,442.35,-34.0,0,False,-12.0,377.89,450.0,270.0,27.0,buy,29.4,400.8,37.2,444.3,52.1,reportado,múltiplo propio,4.0,0.14,False,,6.8,19.87,2.72,42.3,7.96,1.25,True,-3.15,,9,,4.9,Operating Income,4.9,4.8,15.0,2026-10-13,False,True,True,8,STRONG,6.5,106.0,2.06,37.1,,,,2026-09-28T05:29:02.598181,,,,,,
CB,Chubb Limited,60.0,,trimestral,⭐⭐ GOOD,🟡 Good,USD,USD,False,True,True,1.0,,60.0,70.0,44.0,65.0,60.0,35.0,28.1,False,down,-3.8,True,1,7.2,True,2,"{'eps_growth_yoy': -3.8, 'op_growth_yoy': -1.9, 'crecimiento_respaldado': True, 'positive_quarters': 4, 'earnings_accelerating': True, 'eps_accel_quarters': 1, 'profit_margin_pct': 18.1, 'score_bruto_sin_capar': 60.0, 'satura': False}","{'revenue_growth_yoy': 7.2, 'revenue_accelerating': True, 'rev_accel_quarters': 2}","{'rs_3m': -7.0, 'rs_6m': -17.1, 'rs_line_percentile': 28.1, 'rs_line_at_new_high': False, 'rs_line_trend': 'down', 'rs_line_score': 35}","{'roe_pct': 14.8, 'debt_to_equity': 0.31, 'current_ratio': 0.41, 'operating_margin_pct': 23.5}","{'days_to_earnings': 'N/A', 'recommendation': 'buy', 'analyst_upside_pct': 9.8}",333.37,128614105088,Financial Services,Insurance - Property & Casualty,0.9,2.3,False,365.91,-8.9,5,False,-3.1,365.91,425.0,306.0,23.0,buy,9.8,,,340.71,2.2,reportado,múltiplo propio,4.0,0.58,False,,8.15,27.17,1.22,13.9,4.08,1.43,True,-3.11,,7,,18.9,EBIT,18.9,-0.5,29.0,2026-10-27,False,True,False,6,NEUTRAL,9.14,,,15.1,0.8,0.05,-14.3,2026-09-28T05:24:46.503613,,"Insurance - Property & Casualty: el flujo operativo son depósitos, préstamos o primas, no caja libre para el accionista",,,,
CP,Canadian Pacific Kansas City Limited,60.0,,trimestral,⭐⭐ GOOD,🟡 Good,USD,CAD,True,True,True,1.0,"FCF declarado (2,403,000,000) se aparta del derivado de flujo operativo menos capex (746,596,265)",65.0,70.0,44.0,55.0,60.0,35.0,37.6,False,down,-17.0,True,1,12.6,True,1,"{'eps_growth_yoy': -17.0, 'op_growth_yoy': 9.6, 'crecimiento_respaldado': True, 'positive_quarters': 4, 'earnings_accelerating': True, 'eps_accel_quarters': 1, 'profit_margin_pct': 25.0, 'score_bruto_sin_capar': 65.0, 'satura': False}","{'revenue_growth_yoy': 12.6, 'revenue_accelerating': True, 'rev_accel_quarters': 1}","{'rs_3m': -4.1, 'rs_6m': -10.7, 'rs_line_percentile': 37.6, 'rs_line_at_new_high': False, 'rs_line_trend': 'down', 'rs_line_score': 35}","{'roe_pct': 8.2, 'debt_to_equity': 0.53, 'current_ratio': 0.59, 'operating_margin_pct': 39.0}","{'days_to_earnings': 'N/A', 'recommendation': 'buy', 'analyst_upside_pct': 13.9}",86.91,76400779264,Industrials,Railroads,2.3,10.5,False,96.9,-10.3,4,False,-4.5,98.98,108.53,74.35,13.0,buy,13.9,,,55.33,-36.3,reportado,múltiplo propio,4.0,0.17,False,,0.98,0.85,0.87,22.1,0.76,0.76,True,-4.08,,9,,6.2,Operating Income,6.6,-13.5,30.0,2026-10-28,False,True,False,7,NEUTRAL,5.49,10.4,,21.0,0.8,0.04,-20.2,2026-09-28T05:25:42.272975,,"el capex se lleva el 81% del flujo operativo: lo que queda no es lo que gana el dueño, es lo que sobra tras decidir invertir",,,,
CRH,CRH plc,59.6,,trimestral,⭐ AVERAGE,🟡 Average,USD,USD,False,True,True,1.0,,78.0,60.0,15.0,75.0,70.0,15.0,1.0,False,down,12.6,True,1,5.6,True,1,"{'eps_growth_yoy': 12.6, 'op_growth_yoy': 6.3, 'crecimiento_respaldado': True, 'positive_quarters': 3, 'earnings_accelerating': True, 'eps_accel_quarters': 1, 'profit_margin_pct': 9.9, 'score_bruto_sin_capar': 78.0, 'satura': False}","{'revenue_growth_yoy': 5.6, 'revenue_accelerating': True, 'rev_accel_quarters': 1}","{'rs_3m': -25.9, 'rs_6m': -38.0, 'rs_line_percentile': 1.0, 'rs_line_at_new_high': False, 'rs_line_trend': 'down', 'rs_line_score': 15}","{'roe_pct': 15.8, 'debt_to_equity': 0.78, 'current_ratio': 1.58, 'operating_margin_pct': 19.0}","{'days_to_earnings': 'N/A', 'recommendation': 'strong_buy', 'analyst_upside_pct': 56.6}",85.04,56575791104,Basic Materials,Building Materials,2.0,2.7,False,131.55,-35.4,0,False,-9.9,133.18,165.0,105.0,24.0,strong_buy,56.6,,,94.92,11.6,reportado,múltiplo propio,4.0,0.9,False,,4.78,4.06,1.83,26.9,1.56,2.17,True,-1.31,,9,,6.4,Operating Income,7.0,13.9,31.0,2026-10-29,False,True,False,6,NEUTRAL,7.11,16.2,0.94,27.2,,,,2026-09-28T05:27:31.093386,,"el capex se lleva el 50% del flujo operativo: lo que queda no es lo que gana el dueño, es lo que sobra tras decidir invertir",,,,
ATO,Atmos Energy Corporation,59.5,,trimestral,⭐ AVERAGE,🟡 Average,USD,USD,False,True,True,1.0,"FCF declarado (-2,020,303,000) se aparta del derivado de flujo operativo menos capex (-1,541,808,984)",95.0,50.0,24.0,55.0,55.0,15.0,0.4,False,down,30.2,False,0,4.8,False,0,"{'eps_growth_yoy': 30.2, 'op_growth_yoy': 27.1, 'crecimiento_respaldado': True, 'positive_quarters': 4, 'earnings_accelerating': False, 'eps_accel_quarters': 0, 'profit_margin_pct': 28.5, 'score_bruto_sin_capar': 95.0, 'satura': False}","{'revenue_growth_yoy': 4.8, 'revenue_accelerating': False, 'rev_accel_quarters': 0}","{'rs_3m': -13.9, 'rs_6m': -35.4, 'rs_line_percentile': 0.4, 'rs_line_at_new_high': False, 'rs_line_trend': 'down', 'rs_line_score': 15}","{'roe_pct': 9.8, 'debt_to_equity': 0.68, 'current_ratio': 0.81, 'operating_margin_pct': 37.2}","{'days_to_earnings': 'N/A', 'recommendation': 'hold', 'analyst_upside_pct': 18.0}",157.21,26566692864,Utilities,Utilities - Regulated Gas,2.9,4.8,False,192.51,-18.3,2,False,-6.6,185.55,206.0,170.0,11.0,hold,18.0,,,150.66,-4.2,reportado,múltiplo propio,4.0,0.35,False,,-5.8,-9.12,2.54,46.1,4.0,2.39,False,,,9,,12.8,Operating Income,13.3,9.3,37.0,2026-11-04,False,True,False,6,NEUTRAL,4.29,6.1,0.75,11.2,,,,2026-09-28T05:26:30.589001,,"el capex se lleva el 176% del flujo operativo: lo que queda no es lo que gana el dueño, es lo que sobra tras decidir invertir",,,,
WM,"Waste Management, Inc.",59.5,,trimestral,⭐ AVERAGE,🟡 Average,USD,USD,False,True,True,1.0,,80.0,70.0,24.0,45.0,65.0,15.0,0.5,False,down,8.1,True,1,4.0,True,2,"{'eps_growth_yoy': 8.1, 'op_growth_yoy': 6.9, 'crecimiento_respaldado': True, 'positive_quarters': 4, 'earnings_accelerating': True, 'eps_accel_quarters': 1, 'profit_margin_pct': 11.1, 'score_bruto_sin_capar': 80.0, 'satura': False}","{'revenue_growth_yoy': 4.0, 'revenue_accelerating': True, 'rev_accel_quarters': 2}","{'rs_3m': -11.3, 'rs_6m': -29.6, 'rs_line_percentile': 0.5, 'rs_line_at_new_high': False, 'rs_line_trend': 'down', 'rs_line_score': 15}","{'roe_pct': 29.8, 'debt_to_equity': 2.35, 'current_ratio': 0.91, 'operating_margin_pct': 19.0}","{'days_to_earnings': 'N/A', 'recommendation': 'buy', 'analyst_upside_pct': 25.7}",206.83,82673098752,Industrials,Waste Management,1.5,2.7,False,248.13,-16.6,3,False,-7.0,259.92,277.0,220.0,25.0,buy,25.7,233.46,12.9,209.2,1.1,reportado,múltiplo propio,4.0,0.17,False,,3.98,8.23,1.83,50.1,3.78,1.49,False,-0.47,,9,,5.2,Operating Income,5.0,8.3,29.0,2026-10-27,False,True,False,8,STRONG,4.37,22.6,2.73,15.3,1.6,0.1,-13.7,2026-09-28T05:20:15.536718,,,,,,
STZ,"Constellation Brands, Inc.",59.0,,trimestral,⭐ AVERAGE,🟡 Average,USD,USD,False,True,True,0.9997,,100.0,40.0,15.0,60.0,70.0,15.0,0.0,False,down,26.7,True,1,-3.3,True,1,"{'eps_growth_yoy': 26.7, 'op_growth_yoy': 12.8, 'crecimiento_respaldado': True, 'positive_quarters': 4, 'earnings_accelerating': True, 'eps_accel_quarters': 1, 'profit_margin_pct': 20.1, 'score_bruto_sin_capar': 105.0, 'satura': True}","{'revenue_growth_yoy': -3.3, 'revenue_accelerating': True, 'rev_accel_quarters': 1}","{'rs_3m': -22.4, 'rs_6m': -46.1, 'rs_line_percentile': 0.0, 'rs_line_at_new_high': False, 'rs_line_trend': 'down', 'rs_line_score': 15}","{'roe_pct': 23.7, 'debt_to_equity': 1.23, 'current_ratio': 0.91, 'operating_margin_pct': 35.9}","{'days_to_earnings': 'N/A', 'recommendation': 'buy', 'analyst_upside_pct': 44.4}",113.63,19408498688,Consumer Defensive,Beverages - Brewers,5.7,4.0,False,168.6,-32.6,0,False,-11.7,164.09,209.0,110.0,23.0,buy,44.4,247.06,117.4,,,reportado,,,,,,9.37,10.65,3.63,39.0,4.12,1.81,True,-3.14,,9,,8.5,Operating Income,8.2,21.5,8.0,2026-10-06,False,True,True,6,NEUTRAL,9.5,30.7,0.3,25.2,0.4,0.02,-24.8,2026-09-28T05:28:55.514303,,,sin histórico de múltiplo (beneficio negativo o pocos años),,,
CPRT,"Copart, Inc.",59.0,,trimestral,⭐ AVERAGE,🟡 Average,USD,USD,False,True,True,1.0,"FCF declarado (1,339,233,000) se aparta del derivado de flujo operativo menos capex (1,035,502,032)",65.0,60.0,24.0,85.0,70.0,15.0,0.0,False,down,-1.0,True,1,2.1,True,1,"{'eps_growth_yoy': -1.0, 'op_growth_yoy': 2.8, 'crecimiento_respaldado': True, 'positive_quarters': 4, 'earnings_accelerating': True, 'eps_accel_quarters': 1, 'profit_margin_pct': 31.8, 'score_bruto_sin_capar': 65.0, 'satura': False}","{'revenue_growth_yoy': 2.1, 'revenue_accelerating': True, 'rev_accel_quarters': 1}","{'rs_3m': -6.2, 'rs_6m': -37.2, 'rs_line_percentile': 0.0, 'rs_line_at_new_high': False, 'rs_line_trend': 'down', 'rs_line_score': 15}","{'roe_pct': 16.2, 'debt_to_equity': 0.01, 'current_ratio': 7.91, 'operating_margin_pct': 32.0}","{'days_to_earnings': 'N/A', 'recommendation': 'buy', 'analyst_upside_pct': 40.3}",27.59,25543137280,Industrials,Specialty Business Services,4.6,3.3,False,45.89,-39.9,0,False,-9.5,38.7,55.0,25.0,10.0,buy,40.3,24.62,-10.8,48.87,77.1,reportado,múltiplo propio,4.0,0.29,False,,4.05,1.12,,,,,True,-4.67,,9,,,,,-10.2,52.0,2026-11-19,False,True,False,6,NEUTRAL,8.01,19.3,,38.4,,,,2026-09-28T05:20:55.258088,,,,,,
POOL,Pool Corporation,59.0,,trimestral,⭐ AVERAGE,🟡 Average,USD,USD,False,True,True,1.0,,65.0,70.0,15.0,80.0,70.0,15.0,1.2,False,down,-3.2,True,2,2.2,True,2,"{'eps_growth_yoy': -3.2, 'op_growth_yoy': -1.8, 'crecimiento_respaldado': True, 'positive_quarters': 4, 'earnings_accelerating': True, 'eps_accel_quarters': 2, 'profit_margin_pct': 7.4, 'score_bruto_sin_capar': 65.0, 'satura': False}","{'revenue_growth_yoy': 2.2, 'revenue_accelerating': True, 'rev_accel_quarters': 2}","{'rs_3m': -25.9, 'rs_6m': -38.1, 'rs_line_percentile': 1.2, 'rs_line_at_new_high': False, 'rs_line_trend': 'down', 'rs_line_score': 15}","{'roe_pct': 31.3, 'debt_to_equity': 1.35, 'current_ratio': 2.67, 'operating_margin_pct': 15.1}","{'days_to_earnings': 'N/A', 'recommendation': 'buy', 'analyst_upside_pct': 31.6}",164.91,5992952832,Industrials,Industrial Distribution,10.8,5.1,True,313.75,-47.4,0,False,-11.2,217.0,260.0,185.0,12.0,buy,31.6,115.07,-30.2,265.86,61.2,reportado,múltiplo propio,4.0,0.57,False,,5.18,8.54,3.15,46.4,5.2,1.26,True,-3.41,,9,,12.4,Operating Income,12.4,,24.0,2026-10-22,False,True,False,5,NEUTRAL,7.58,34.5,1.88,23.9,,,,2026-09-28T05:28:51.762216,,,,,,
HLT,Hilton Worldwide Holdings Inc.,58.8,,trimestral,⭐ AVERAGE,🟡 Average,USD,USD,False,True,True,1.0,,75.0,60.0,44.0,50.0,50.0,35.0,25.5,False,down,9.5,False,0,6.5,True,1,"{'eps_growth_yoy': 9.5, 'op_growth_yoy': 10.3, 'crecimiento_respaldado': True, 'positive_quarters': 4, 'earnings_accelerating': False, 'eps_accel_quarters': 0, 'profit_margin_pct': 31.0, 'score_bruto_sin_capar': 75.0, 'satura': False}","{'revenue_growth_yoy': 6.5, 'revenue_accelerating': True, 'rev_accel_quarters': 1}","{'rs_3m': -9.9, 'rs_6m': -15.4, 'rs_line_percentile': 25.5, 'rs_line_at_new_high': False, 'rs_line_trend': 'down', 'rs_line_score': 35}","{'current_ratio': 0.65, 'operating_margin_pct': 63.0}","{'days_to_earnings': 'N/A', 'recommendation': 'none', 'analyst_upside_pct': 12.4}",313.96,70661373952,Consumer Cyclical,Lodging,2.7,3.1,False,358.0,-12.3,3,False,-1.2,353.0,394.0,270.0,26.0,none,12.4,186.67,-40.5,279.1,-11.1,reportado,múltiplo propio,4.0,0.47,False,,2.72,8.54,0.19,8.8,0.6,0.8,True,-4.18,,9,,4.4,Operating Income,4.3,7.0,30.0,2026-10-28,False,True,False,6,NEUTRAL,3.22,213.6,2.13,17.8,0.4,0.02,-17.4,2026-09-28T05:27:42.052567,,,,,,
LIN,Linde plc,58.5,,trimestral,⭐ AVERAGE,🟡 Average,USD,USD,False,True,True,1.0,,75.0,60.0,24.0,65.0,65.0,15.0,17.9,False,down,9.2,False,0,9.3,True,1,"{'eps_growth_yoy': 9.2, 'op_growth_yoy': 8.5, 'crecimiento_respaldado': True, 'positive_quarters': 4, 'earnings_accelerating': False, 'eps_accel_quarters': 0, 'profit_margin_pct': 20.4, 'score_bruto_sin_capar': 75.0, 'satura': False}","{'revenue_growth_yoy': 9.3, 'revenue_accelerating': True, 'rev_accel_quarters': 1}","{'rs_3m': -12.1, 'rs_6m': -26.0, 'rs_line_percentile': 17.9, 'rs_line_at_new_high': False, 'rs_line_trend': 'down', 'rs_line_score': 15}","{'roe_pct': 18.4, 'debt_to_equity': 0.69, 'current_ratio': 0.88, 'operating_margin_pct': 28.1}","{'days_to_earnings': 'N/A', 'recommendation': 'buy', 'analyst_upside_pct': 15.5}",469.89,216609980416,Basic Materials,Specialty Chemicals,1.3,3.0,False,548.2,-14.3,3,False,-2.7,542.6,580.0,400.0,25.0,buy,15.5,,,477.13,1.5,reportado,múltiplo propio,4.0,0.29,False,,2.41,11.32,1.36,40.0,6.4,1.3,True,-1.91,,9,,20.9,Operating Income,21.3,11.3,32.0,2026-10-30,False,True,False,5,NEUTRAL,3.84,31.5,2.13,13.4,,,,2026-09-28T05:20:26.516178,,"el capex se lleva el 50% del flujo operativo: lo que queda no es lo que gana el dueño, es lo que sobra tras decidir invertir",,,,
KVUE,Kenvue Inc.,57.8,,trimestral,⭐ AVERAGE,🟡 Average,USD,USD,False,True,True,1.0,,70.0,50.0,44.0,70.0,50.0,35.0,44.4,False,down,8.6,False,0,3.0,False,0,"{'eps_growth_yoy': 8.6, 'op_growth_yoy': 0.8, 'crecimiento_respaldado': True, 'positive_quarters': 4, 'earnings_accelerating': False, 'eps_accel_quarters': 0, 'profit_margin_pct': 10.8, 'score_bruto_sin_capar': 70.0, 'satura': False}","{'revenue_growth_yoy': 3.0, 'revenue_accelerating': False, 'rev_accel_quarters': 0}","{'rs_3m': -8.8, 'rs_6m': -17.1, 'rs_line_percentile': 44.4, 'rs_line_at_new_high': False, 'rs_line_trend': 'down', 'rs_line_score': 35}","{'roe_pct': 15.6, 'debt_to_equity': 0.82, 'current_ratio': 1.0, 'operating_margin_pct': 19.4}","{'days_to_earnings': 'N/A', 'recommendation': 'hold', 'analyst_upside_pct': 9.6}",17.8,34189766656,Consumer Defensive,Household & Personal Products,3.5,2.1,False,20.13,-11.6,5,False,-3.8,19.5,23.0,18.0,12.0,hold,9.6,17.92,0.7,18.32,2.9,reportado,múltiplo propio,3.0,0.72,True,,5.41,0.96,4.72,97.7,0.84,,False,-0.26,,9,,6.9,Operating Income,6.2,3.4,38.0,2026-11-05,False,True,False,7,NEUTRAL,6.51,122.7,1.69,18.6,1.6,0.08,-17.0,2026-09-28T05:29:36.110567,,,,,,
PEP,"PepsiCo, Inc.",57.5,,trimestral,⭐ AVERAGE,🟡 Average,USD,USD,False,True,True,1.0,,85.0,60.0,24.0,45.0,55.0,15.0,0.0,False,down,136.0,True,1,6.4,True,1,"{'eps_growth_yoy': 136.0, 'op_growth_yoy': 10.2, 'crecimiento_respaldado': False, 'crecimiento_puntuado': 35.2, 'positive_quarters': 4, 'earnings_accelerating': True, 'eps_accel_quarters': 1, 'profit_margin_pct': 10.8, 'score_bruto_sin_capar': 100.0, 'satura': False}","{'revenue_growth_yoy': 6.4, 'revenue_accelerating': True, 'rev_accel_quarters': 1}","{'rs_3m': -10.6, 'rs_6m': -36.4, 'rs_line_percentile': 0.0, 'rs_line_at_new_high': False, 'rs_line_trend': 'down', 'rs_line_score': 15}","{'roe_pct': 51.5, 'debt_to_equity': 2.39, 'current_ratio': 0.93, 'operating_margin_pct': 16.8}","{'days_to_earnings': 'N/A', 'recommendation': 'hold', 'analyst_upside_pct': 19.6}",128.63,175708585984,Consumer Defensive,Beverages - Non-Alcoholic,2.1,3.5,False,171.48,-25.0,1,False,-6.0,153.86,180.0,124.0,22.0,hold,19.6,149.42,16.2,177.83,38.2,reportado,múltiplo propio,4.0,0.18,False,,5.15,6.62,4.6,75.3,5.92,3.03,False,-0.29,,9,,12.9,Operating Income,12.7,54.8,10.0,2026-10-08,False,True,True,5,NEUTRAL,6.18,40.1,0.1,15.1,0.4,0.03,-14.7,2026-09-28T05:25:27.192285,,,,,,
OTIS,Otis Worldwide Corporation,57.5,,trimestral,⭐ AVERAGE,🟡 Average,USD,USD,False,True,True,1.0,,80.0,60.0,24.0,45.0,70.0,15.0,0.0,False,down,8.9,True,1,7.3,True,1,"{'eps_growth_yoy': 8.9, 'op_growth_yoy': 5.1, 'crecimiento_respaldado': True, 'positive_quarters': 4, 'earnings_accelerating': True, 'eps_accel_quarters': 1, 'profit_margin_pct': 10.2, 'score_bruto_sin_capar': 80.0, 'satura': False}","{'revenue_growth_yoy': 7.3, 'revenue_accelerating': True, 'rev_accel_quarters': 1}","{'rs_3m': -13.4, 'rs_6m': -34.4, 'rs_line_percentile': 0.0, 'rs_line_at_new_high': False, 'rs_line_trend': 'down', 'rs_line_score': 15}","{'current_ratio': 0.83, 'operating_margin_pct': 15.1}","{'days_to_earnings': 'N/A', 'recommendation': 'buy', 'analyst_upside_pct': 32.5}",65.94,25101336576,Industrials,Specialty Industrial Machinery,4.8,4.5,False,94.565,-30.3,0,False,-7.1,87.38,105.0,75.0,13.0,buy,32.5,94.8,43.8,95.82,45.3,reportado,múltiplo propio,4.0,0.13,False,,6.85,4.52,2.67,43.7,1.76,1.5,True,-3.11,,9,,,,,9.1,30.0,2026-10-28,False,True,False,6,NEUTRAL,6.64,171.1,1.12,22.6,,,,2026-09-28T05:23:57.883969,,,,,,
RELX,RELX PLC,56.2,,anual,⭐ AVERAGE,🟡 Average,USD,GBP,True,True,True,1.0,,75.0,50.0,38.7,50.0,60.0,15.0,13.3,False,down,6.8,False,0,1.7,False,0,"{'eps_growth_yoy': 6.8, 'op_growth_yoy': 5.9, 'crecimiento_respaldado': True, 'positive_quarters': 4, 'earnings_accelerating': False, 'eps_accel_quarters': 0, 'profit_margin_pct': 23.3, 'score_bruto_sin_capar': 75.0, 'satura': False}","{'revenue_growth_yoy': 1.7, 'revenue_accelerating': False, 'rev_accel_quarters': 0}","{'rs_3m': 3.6, 'rs_6m': -14.5, 'rs_line_percentile': 13.3, 'rs_line_at_new_high': False, 'rs_line_trend': 'down', 'rs_line_score': 15}","{'roe_pct': 131.9, 'debt_to_equity': 7.1, 'current_ratio': 0.45, 'operating_margin_pct': 32.0}","{'days_to_earnings': 'N/A', 'recommendation': 'none', 'analyst_upside_pct': 58.3}",33.52,58276016128,Industrials,Specialty Business Services,0.4,3.2,False,47.97,-30.1,1,False,-4.0,53.05,57.0,49.1,2.0,none,58.3,49.42,47.4,61.86,84.5,reportado,múltiplo propio,4.0,0.32,False,,5.65,1.89,2.72,53.4,0.91,2.01,,,,9,,,,,12.2,136.0,2027-02-11,False,True,False,7,NEUTRAL,1.23,1876.1,0.64,37.3,6.3,0.17,-31.0,2026-09-28T05:20:04.762760,,,,,,
INTU,Intuit Inc.,56.0,,trimestral,⭐ AVERAGE,🟡 Average,USD,USD,False,True,True,1.0,,55.0,60.0,24.0,85.0,70.0,15.0,1.7,False,down,-4.7,False,0,13.7,False,0,"{'eps_growth_yoy': -4.7, 'op_growth_yoy': 125.9, 'crecimiento_respaldado': True, 'positive_quarters': 4, 'earnings_accelerating': False, 'eps_accel_quarters': 0, 'profit_margin_pct': 21.3, 'score_bruto_sin_capar': 55.0, 'satura': False}","{'revenue_growth_yoy': 13.7, 'revenue_accelerating': False, 'rev_accel_quarters': 0}","{'rs_3m': -0.4, 'rs_6m': -55.5, 'rs_line_percentile': 1.7, 'rs_line_at_new_high': False, 'rs_line_trend': 'down', 'rs_line_score': 15}","{'roe_pct': 23.6, 'debt_to_equity': 0.44, 'current_ratio': 1.51, 'operating_margin_pct': 17.6}","{'days_to_earnings': 'N/A', 'recommendation': 'buy', 'analyst_upside_pct': 47.1}",275.79,73701015552,Technology,Software - Application,3.0,1.8,False,703.96,-60.8,0,False,-15.0,405.6,732.0,290.0,31.0,buy,47.1,816.88,196.2,,,reportado,,,,,,11.69,32.24,2.0,29.2,5.52,0.68,True,-3.55,,9,,24.1,Operating Income,24.5,-1.0,52.0,2026-11-19,False,True,False,8,STRONG,8.24,91.1,,41.1,,,,2026-09-28T05:21:46.536673,,,múltiplo propio 58x fuera del rango 8-45,,,
AJG,Arthur J. Gallagher & Co.,56.0,,trimestral,⭐ AVERAGE,🟡 Average,USD,USD,False,True,True,1.0,,50.0,70.0,36.0,65.0,65.0,15.0,20.0,False,down,-12.0,False,0,24.2,False,0,"{'eps_growth_yoy': -12.0, 'op_growth_yoy': -6.1, 'crecimiento_respaldado': True, 'positive_quarters': 4, 'earnings_accelerating': False, 'eps_accel_quarters': 0, 'profit_margin_pct': 10.4, 'score_bruto_sin_capar': 50.0, 'satura': False}","{'revenue_growth_yoy': 24.2, 'revenue_accelerating': False, 'rev_accel_quarters': 0}","{'rs_3m': -2.3, 'rs_6m': -10.0, 'rs_line_percentile': 20.0, 'rs_line_at_new_high': False, 'rs_line_trend': 'down', 'rs_line_score': 15}","{'roe_pct': 6.7, 'debt_to_equity': 0.59, 'current_ratio': 1.05, 'operating_margin_pct': 19.2}","{'days_to_earnings': 'N/A', 'recommendation': 'buy', 'analyst_upside_pct': 25.3}",231.1,59240402944,Financial Services,Insurance Brokers,2.5,4.7,False,313.55,-26.3,2,False,-8.0,289.67,388.0,250.0,18.0,buy,25.3,,,263.91,14.2,reportado,múltiplo propio,4.0,0.33,False,,3.89,8.99,1.21,44.8,2.8,1.01,False,-0.67,,9,,4.2,Operating Income,4.1,-10.7,31.0,2026-10-29,False,True,False,6,NEUTRAL,3.55,79.3,,33.3,,,,2026-09-28T05:22:56.748407,,"Insurance Brokers: el flujo operativo son depósitos, préstamos o primas, no caja libre para el accionista",,,,
ERIE,Erie Indemnity Company,56.0,,trimestral,⭐ AVERAGE,🟡 Average,USD,USD,False,True,True,0.8833,acciones × precio no cuadra (ratio 0.8833) pero la divisa sí: son clases múltiples. Se usan 52 M de acciones efectivas (capitalización ÷ precio) en vez de las 46 M declaradas,70.0,50.0,24.0,85.0,50.0,15.0,7.2,False,down,3.2,False,0,1.7,False,0,"{'eps_growth_yoy': 3.2, 'positive_quarters': 4, 'earnings_accelerating': False, 'eps_accel_quarters': 0, 'profit_margin_pct': 14.0, 'score_bruto_sin_capar': 70.0, 'satura': False}","{'revenue_growth_yoy': 1.7, 'revenue_accelerating': False, 'rev_accel_quarters': 0}","{'rs_3m': -10.0, 'rs_6m': -28.7, 'rs_line_percentile': 7.2, 'rs_line_at_new_high': False, 'rs_line_trend': 'down', 'rs_line_score': 15}","{'roe_pct': 24.8, 'debt_to_equity': 0.03, 'current_ratio': 1.25, 'operating_margin_pct': 19.1}","{'days_to_earnings': 'N/A', 'recommendation': 'none'}",222.86,11653319680,Financial Services,Insurance Brokers,9.5,8.2,True,330.54,-32.6,0,False,-9.1,,,,,none,,,,398.29,78.7,reportado,múltiplo propio,4.0,0.4,False,,5.0,11.14,2.62,64.6,5.85,1.8,False,,,7,,,,,1.6,31.0,2026-10-29,False,True,False,4,NEUTRAL,,,4.97,30.1,3.1,0.1,-27.0,2026-09-28T05:22:41.920351,52289867.0,"Insurance Brokers: el flujo operativo son depósitos, préstamos o primas, no caja libre para el accionista",,,,
MRSH,"Marsh & McLennan Companies, Inc.",55.8,,trimestral,⭐ AVERAGE,🟡 Average,USD,USD,False,True,True,1.0,,70.0,50.0,24.0,80.0,55.0,15.0,12.5,False,down,4.5,False,0,6.2,False,0,"{'eps_growth_yoy': 4.5, 'op_growth_yoy': 3.8, 'crecimiento_respaldado': True, 'positive_quarters': 4, 'earnings_accelerating': False, 'eps_accel_quarters': 0, 'profit_margin_pct': 14.2, 'score_bruto_sin_capar': 70.0, 'satura': False}","{'revenue_growth_yoy': 6.2, 'revenue_accelerating': False, 'rev_accel_quarters': 0}","{'rs_3m': -1.1, 'rs_6m': -20.0, 'rs_line_percentile': 12.5, 'rs_line_at_new_high': False, 'rs_line_trend': 'down', 'rs_line_score': 15}","{'roe_pct': 25.9, 'debt_to_equity': 1.45, 'current_ratio': 1.14, 'operating_margin_pct': 26.3}","{'days_to_earnings': 'N/A', 'recommendation': 'hold', 'analyst_upside_pct': 21.0}",171.12,81660387328,Financial Services,Insurance Brokers,1.2,2.8,False,207.83,-17.7,3,False,-7.4,207.1,238.0,182.0,21.0,hold,21.0,,,201.62,17.8,reportado,múltiplo propio,4.0,0.17,False,,5.86,10.03,2.31,44.0,3.96,1.48,True,-2.63,,9,,6.3,Operating Income,6.6,2.9,17.0,2026-10-15,False,True,True,6,NEUTRAL,6.07,140.5,2.05,19.1,,,,2026-09-28T05:20:59.116815,,"Insurance Brokers: el flujo operativo son depósitos, préstamos o primas, no caja libre para el accionista",,,,
CHD,"Church & Dwight Co., Inc.",55.0,,trimestral,⭐ AVERAGE,🟡 Average,USD,USD,False,True,True,1.0,,60.0,50.0,36.0,75.0,60.0,15.0,17.2,False,down,-1.7,True,1,0.1,False,0,"{'eps_growth_yoy': -1.7, 'op_growth_yoy': -1.5, 'crecimiento_respaldado': True, 'positive_quarters': 4, 'earnings_accelerating': True, 'eps_accel_quarters': 1, 'profit_margin_pct': 12.0, 'score_bruto_sin_capar': 60.0, 'satura': False}","{'revenue_growth_yoy': 0.1, 'revenue_accelerating': False, 'rev_accel_quarters': 0}","{'rs_3m': -5.6, 'rs_6m': -19.8, 'rs_line_percentile': 17.2, 'rs_line_at_new_high': False, 'rs_line_trend': 'down', 'rs_line_score': 15}","{'roe_pct': 17.0, 'debt_to_equity': 0.56, 'current_ratio': 1.15, 'operating_margin_pct': 18.1}","{'days_to_earnings': 'N/A', 'recommendation': 'buy', 'analyst_upside_pct': 9.1}",96.38,22861711360,Consumer Defensive,Household & Personal Products,5.2,5.9,False,106.04,-9.1,4,False,-2.2,105.11,115.0,78.0,19.0,buy,9.1,128.21,33.0,93.54,-2.9,reportado,múltiplo propio,3.0,0.61,True,2024-12-31,4.98,4.8,1.28,38.6,1.23,1.16,True,-3.33,,9,,11.2,Operating Income,10.9,6.3,32.0,2026-10-30,False,True,False,7,NEUTRAL,4.3,116.9,2.65,13.6,,,,2026-09-28T05:24:15.745486,,,,,,
MKC,"McCormick & Company, Incorporated",54.3,,trimestral,⭐ AVERAGE,🟡 Average,USD,USD,False,True,True,0.945,acciones × precio no cuadra (ratio 0.9450) pero la divisa sí: son clases múltiples. Se usan 269 M de acciones efectivas (capitalización ÷ precio) en vez de las 254 M declaradas,55.0,70.0,24.0,60.0,65.0,15.0,3.7,False,down,-14.2,False,0,16.7,True,1,"{'eps_growth_yoy': -14.2, 'op_growth_yoy': 30.1, 'crecimiento_respaldado': True, 'positive_quarters': 4, 'earnings_accelerating': False, 'eps_accel_quarters': 0, 'profit_margin_pct': 21.9, 'score_bruto_sin_capar': 55.0, 'satura': False}","{'revenue_growth_yoy': 16.7, 'revenue_accelerating': True, 'rev_accel_quarters': 1}","{'rs_3m': -11.4, 'rs_6m': -30.3, 'rs_line_percentile': 3.7, 'rs_line_at_new_high': False, 'rs_line_trend': 'down', 'rs_line_score': 15}","{'roe_pct': 24.7, 'debt_to_equity': 0.65, 'current_ratio': 0.78, 'operating_margin_pct': 17.4}","{'days_to_earnings': 'N/A', 'recommendation': 'buy', 'analyst_upside_pct': 25.3}",47.94,12888742912,Consumer Defensive,Packaged Foods,,0.0,False,72.41,-33.8,0,False,-8.2,60.08,75.0,52.0,13.0,buy,25.3,94.95,98.1,,,reportado,múltiplo propio,4.0,0.34,False,,7.83,3.75,4.01,30.9,1.92,2.11,False,-0.11,,9,,5.8,Operating Income,5.5,-9.9,3.0,2026-10-01,True,True,False,6,NEUTRAL,6.04,65.6,,17.3,6.3,0.36,-11.0,2026-09-28T05:25:54.036928,268851542.0,,"objetivo 148 sobre un precio de 48 (+210%): el BPA no cuadra con el múltiplo histórico, no se publica",,,
ZTS,Zoetis Inc.,54.0,,trimestral,⭐ AVERAGE,🟡 Average,USD,USD,False,True,True,1.0,,75.0,40.0,24.0,65.0,70.0,15.0,0.4,False,down,-4.8,True,2,-0.2,True,1,"{'eps_growth_yoy': -4.8, 'op_growth_yoy': 0.2, 'crecimiento_respaldado': True, 'positive_quarters': 4, 'earnings_accelerating': True, 'eps_accel_quarters': 2, 'profit_margin_pct': 27.7, 'score_bruto_sin_capar': 75.0, 'satura': False}","{'revenue_growth_yoy': -0.2, 'revenue_accelerating': True, 'rev_accel_quarters': 1}","{'rs_3m': -6.7, 'rs_6m': -58.9, 'rs_line_percentile': 0.4, 'rs_line_at_new_high': False, 'rs_line_trend': 'down', 'rs_line_score': 15}","{'roe_pct': 64.9, 'debt_to_equity': 2.94, 'current_ratio': 3.08, 'operating_margin_pct': 40.7}","{'days_to_earnings': 'N/A', 'recommendation': 'buy', 'analyst_upside_pct': 35.1}",71.05,29359538176,Healthcare,Drug Manufacturers - Specialty & Generic,4.8,3.8,False,148.79,-52.2,0,False,-5.2,96.0,155.0,80.0,14.0,buy,35.1,142.39,100.4,,,reportado,múltiplo propio,4.0,0.56,False,,7.56,5.37,2.98,33.6,2.12,0.95,True,-6.24,,9,,15.1,Operating Income,14.7,0.8,38.0,2026-11-05,False,True,False,6,NEUTRAL,9.74,42.3,9.05,24.3,,,,2026-09-28T05:21:28.466805,,,"objetivo 184 sobre un precio de 71 (+159%): el BPA no cuadra con el múltiplo histórico, no se publica",,,
PG,The Procter & Gamble Company,53.7,,trimestral,⭐ AVERAGE,🟡 Average,USD,USD,False,True,True,1.0,,50.0,60.0,36.0,70.0,60.0,15.0,8.8,False,down,-15.8,False,0,1.5,True,1,"{'eps_growth_yoy': -15.8, 'op_growth_yoy': -9.3, 'crecimiento_respaldado': True, 'positive_quarters': 4, 'earnings_accelerating': False, 'eps_accel_quarters': 0, 'profit_margin_pct': 18.4, 'score_bruto_sin_capar': 50.0, 'satura': False}","{'revenue_growth_yoy': 1.5, 'revenue_accelerating': True, 'rev_accel_quarters': 1}","{'rs_3m': -5.1, 'rs_6m': -18.3, 'rs_line_percentile': 8.8, 'rs_line_at_new_high': False, 'rs_line_trend': 'down', 'rs_line_score': 15}","{'roe_pct': 30.3, 'debt_to_equity': 0.64, 'current_ratio': 0.68, 'operating_margin_pct': 22.1}","{'days_to_earnings': 'N/A', 'recommendation': 'buy', 'analyst_upside_pct': 9.8}",146.23,339644383232,Consumer Defensive,Household & Personal Products,1.0,2.6,False,167.25,-12.6,5,False,0.3,160.61,186.0,143.0,23.0,buy,9.8,162.93,11.4,156.36,6.9,reportado,múltiplo propio,4.0,0.16,False,,4.46,6.52,2.98,64.3,4.35,2.5,True,-1.27,,9,,22.5,Operating Income,24.3,-10.8,24.0,2026-10-22,False,True,False,6,NEUTRAL,5.4,77.9,,14.6,,,,2026-09-28T05:21:53.986598,,,,,,
HESAY,Hermès International Société en commandite par actions,53.2,,anual,⭐ AVERAGE,🟡 Average,USD,EUR,True,True,True,1.0,,55.0,50.0,15.0,95.0,70.0,15.0,0.9,False,down,-1.7,False,0,5.5,False,0,"{'eps_growth_yoy': -1.7, 'op_growth_yoy': 7.4, 'crecimiento_respaldado': True, 'positive_quarters': 4, 'earnings_accelerating': False, 'eps_accel_quarters': 0, 'profit_margin_pct': 28.0, 'score_bruto_sin_capar': 55.0, 'satura': False}","{'revenue_growth_yoy': 5.5, 'revenue_accelerating': False, 'rev_accel_quarters': 0}","{'rs_3m': -20.7, 'rs_6m': -38.0, 'rs_line_percentile': 0.9, 'rs_line_at_new_high': False, 'rs_line_trend': 'down', 'rs_line_score': 15}","{'roe_pct': 25.5, 'debt_to_equity': 0.12, 'current_ratio': 4.54, 'operating_margin_pct': 42.2}","{'days_to_earnings': 'N/A', 'recommendation': 'strong_buy', 'analyst_upside_pct': 38.8}",155.11,162464595968,Consumer Cyclical,Luxury Goods,,,False,265.89,-41.7,0,False,-12.0,215.33,230.0,201.0,3.0,strong_buy,38.8,116.83,-24.7,,,reportado,,,,,,3.31,5.13,1.36,41.8,2.11,0.61,,,,9,,,,,-0.3,136.0,2027-02-11,False,True,False,8,STRONG,4.39,36.8,,25.0,,,,2026-09-28T05:21:13.950665,,,múltiplo propio 52x fuera del rango 8-45,,,
VRSK,"Verisk Analytics, Inc.",53.0,,trimestral,⭐ AVERAGE,🟡 Average,USD,USD,False,True,True,1.0,,55.0,60.0,24.0,65.0,70.0,15.0,5.8,False,down,-9.8,False,0,4.4,True,1,"{'eps_growth_yoy': -9.8, 'op_growth_yoy': 2.7, 'crecimiento_respaldado': True, 'positive_quarters': 4, 'earnings_accelerating': False, 'eps_accel_quarters': 0, 'profit_margin_pct': 28.2, 'score_bruto_sin_capar': 55.0, 'satura': False}","{'revenue_growth_yoy': 4.4, 'revenue_accelerating': True, 'rev_accel_quarters': 1}","{'rs_3m': -9.7, 'rs_6m': -29.2, 'rs_line_percentile': 5.8, 'rs_line_at_new_high': False, 'rs_line_trend': 'down', 'rs_line_score': 15}","{'current_ratio': 1.0, 'operating_margin_pct': 45.1}","{'days_to_earnings': 'N/A', 'recommendation': 'buy', 'analyst_upside_pct': 38.7}",169.21,22023700480,Industrials,Consulting Services,4.1,4.2,False,253.35,-33.2,0,False,-9.4,234.76,260.0,195.0,17.0,buy,38.7,245.07,44.8,222.81,31.7,reportado,múltiplo propio,3.0,0.35,True,2023-12-31,5.72,9.68,1.18,29.2,2.0,0.63,True,-6.76,,9,,7.0,Operating Income,6.9,-2.4,30.0,2026-10-28,False,True,False,7,NEUTRAL,5.15,113.2,,38.7,0.8,0.02,-37.9,2026-09-28T05:20:00.537989,,,,,,
JKHY,"Jack Henry & Associates, Inc.",52.8,,trimestral,⭐ AVERAGE,🟡 Average,USD,USD,False,True,True,1.0,,50.0,50.0,26.7,90.0,65.0,15.0,22.7,False,down,-12.8,False,0,4.7,False,0,"{'eps_growth_yoy': -12.8, 'op_growth_yoy': -12.2, 'crecimiento_respaldado': True, 'positive_quarters': 4, 'earnings_accelerating': False, 'eps_accel_quarters': 0, 'profit_margin_pct': 19.8, 'score_bruto_sin_capar': 50.0, 'satura': False}","{'revenue_growth_yoy': 4.7, 'revenue_accelerating': False, 'rev_accel_quarters': 0}","{'rs_3m': 4.1, 'rs_6m': -25.1, 'rs_line_percentile': 22.7, 'rs_line_at_new_high': False, 'rs_line_trend': 'down', 'rs_line_score': 15}","{'roe_pct': 24.0, 'debt_to_equity': 0.04, 'current_ratio': 1.17, 'operating_margin_pct': 22.5}","{'days_to_earnings': 'N/A', 'recommendation': 'buy', 'analyst_upside_pct': 28.7}",147.79,10361942016,Technology,Information Technology Services,7.0,4.2,False,193.39,-23.6,1,False,-6.1,190.24,209.0,170.0,17.0,buy,28.7,202.53,37.0,205.71,39.2,reportado,múltiplo propio,4.0,0.41,False,,4.89,7.23,1.65,34.1,2.44,1.22,True,-2.92,,9,,117.9,Operating Income,122.2,-10.4,36.0,2026-11-03,False,True,False,7,NEUTRAL,6.09,202.7,,31.6,1.6,0.05,-30.0,2026-09-28T05:26:01.019431,,,,,,
AON,Aon plc,52.8,,trimestral,⭐ AVERAGE,🟡 Average,USD,USD,False,True,True,1.0,,55.0,50.0,24.0,80.0,70.0,15.0,0.3,False,down,-4.8,False,0,2.2,False,0,"{'eps_growth_yoy': -4.8, 'op_growth_yoy': 6.1, 'crecimiento_respaldado': True, 'positive_quarters': 4, 'earnings_accelerating': False, 'eps_accel_quarters': 0, 'profit_margin_pct': 22.3, 'score_bruto_sin_capar': 55.0, 'satura': False}","{'revenue_growth_yoy': 2.2, 'revenue_accelerating': False, 'rev_accel_quarters': 0}","{'rs_3m': -19.3, 'rs_6m': -33.2, 'rs_line_percentile': 0.3, 'rs_line_at_new_high': False, 'rs_line_trend': 'down', 'rs_line_score': 15}","{'roe_pct': 44.7, 'debt_to_equity': 1.63, 'current_ratio': 1.03, 'operating_margin_pct': 23.5}","{'days_to_earnings': 'N/A', 'recommendation': 'buy', 'analyst_upside_pct': 38.1}",277.99,58968748032,Financial Services,Insurance Brokers,1.8,2.5,False,382.34,-27.3,1,False,-17.6,383.84,435.0,264.0,19.0,buy,38.1,,,425.48,53.1,reportado,múltiplo propio,4.0,0.33,False,,5.54,15.4,1.18,16.8,3.28,0.77,True,-1.56,,9,,6.6,Operating Income,7.7,-2.1,32.0,2026-10-30,False,True,False,8,STRONG,6.38,119.9,,40.0,0.8,0.02,-39.2,2026-09-28T05:22:16.044872,,"Insurance Brokers: el flujo operativo son depósitos, préstamos o primas, no caja libre para el accionista",,,,
GVDNY,Givaudan SA,52.5,,anual,⭐ AVERAGE,🟡 Average,USD,CHF,True,True,True,1.0,"FCF declarado (729,747,858) se aparta del derivado de flujo operativo menos capex (1,439,767,564)",50.0,50.0,47.6,70.0,50.0,35.0,39.1,False,down,-1.7,False,0,0.8,False,0,"{'eps_growth_yoy': -1.7, 'op_growth_yoy': -2.2, 'crecimiento_respaldado': True, 'positive_quarters': 4, 'earnings_accelerating': False, 'eps_accel_quarters': 0, 'profit_margin_pct': 12.9, 'score_bruto_sin_capar': 50.0, 'satura': False}","{'revenue_growth_yoy': 0.8, 'revenue_accelerating': False, 'rev_accel_quarters': 0}","{'rs_3m': -5.6, 'rs_6m': 4.1, 'rs_line_percentile': 39.1, 'rs_line_at_new_high': False, 'rs_line_trend': 'down', 'rs_line_score': 35}","{'roe_pct': 22.3, 'debt_to_equity': 1.11, 'current_ratio': 1.29, 'operating_margin_pct': 18.8}","{'days_to_earnings': 'N/A', 'recommendation': 'none', 'analyst_upside_pct': 0.9}",83.51,38545367040,Basic Materials,Specialty Chemicals,,,False,90.69,-7.9,4,False,3.2,84.3,96.48,72.12,2.0,none,0.9,77.26,-7.5,85.2,2.0,reportado,múltiplo propio,4.0,0.29,False,,3.74,3.12,2.19,71.1,1.82,1.88,,,,9,,,,,-10.0,121.0,2027-01-27,False,True,False,7,NEUTRAL,3.18,33.7,,28.2,,,,2026-09-28T05:22:01.151673,,,,,,
EFX,Equifax Inc.,52.3,,trimestral,⭐ AVERAGE,🟡 Average,USD,USD,False,True,True,1.0,,60.0,60.0,24.0,50.0,70.0,15.0,0.0,False,down,-3.9,True,1,10.6,False,0,"{'eps_growth_yoy': -3.9, 'op_growth_yoy': 1.1, 'crecimiento_respaldado': True, 'positive_quarters': 4, 'earnings_accelerating': True, 'eps_accel_quarters': 1, 'profit_margin_pct': 10.7, 'score_bruto_sin_capar': 60.0, 'satura': False}","{'revenue_growth_yoy': 10.6, 'revenue_accelerating': False, 'rev_accel_quarters': 0}","{'rs_3m': -10.7, 'rs_6m': -35.5, 'rs_line_percentile': 0.0, 'rs_line_at_new_high': False, 'rs_line_trend': 'down', 'rs_line_score': 15}","{'roe_pct': 14.3, 'debt_to_equity': 1.21, 'current_ratio': 0.6, 'operating_margin_pct': 17.3}","{'days_to_earnings': 'N/A', 'recommendation': 'buy', 'analyst_upside_pct': 44.7}",148.11,17400688640,Industrials,Consulting Services,7.6,6.4,False,258.4,-42.7,0,False,-16.0,214.38,245.0,179.0,21.0,buy,44.7,131.58,-11.2,,,reportado,,,,,,6.5,9.63,1.51,37.3,2.24,0.73,True,-4.64,,9,,5.2,Operating Income,5.2,0.7,22.0,2026-10-20,False,True,False,8,STRONG,4.8,56.7,20.82,33.8,1.6,0.05,-32.2,2026-09-28T05:27:49.333005,,,múltiplo propio 46x fuera del rango 8-45,,,
LRLCY,L'Oréal S.A.,50.7,,anual,⭐ AVERAGE,🟡 Average,USD,EUR,True,True,True,1.0,,50.0,50.0,36.0,70.0,55.0,15.0,9.8,False,down,-4.4,False,0,1.3,False,0,"{'eps_growth_yoy': -4.4, 'op_growth_yoy': 2.4, 'crecimiento_respaldado': True, 'positive_quarters': 4, 'earnings_accelerating': False, 'eps_accel_quarters': 0, 'profit_margin_pct': 13.9, 'score_bruto_sin_capar': 50.0, 'satura': False}","{'revenue_growth_yoy': 1.3, 'revenue_accelerating': False, 'rev_accel_quarters': 0}","{'rs_3m': -5.6, 'rs_6m': -11.2, 'rs_line_percentile': 9.8, 'rs_line_at_new_high': False, 'rs_line_trend': 'down', 'rs_line_score': 15}","{'roe_pct': 19.4, 'debt_to_equity': 0.49, 'current_ratio': 0.97, 'operating_margin_pct': 21.3}","{'days_to_earnings': 'N/A', 'recommendation': 'none', 'analyst_upside_pct': 17.7}",87.55,233167470592,Consumer Defensive,Household & Personal Products,,,False,95.48,-8.3,4,False,-0.8,103.07,107.0,100.0,3.0,none,17.7,69.17,-21.0,91.31,4.3,reportado,múltiplo propio,4.0,0.37,False,,3.75,3.28,1.92,61.1,1.68,1.57,,,,9,,,,,2.7,134.0,2027-02-09,False,True,False,6,NEUTRAL,3.62,70.0,4.61,23.4,,,,2026-09-28T05:22:53.104131,,,,,,
NVR,"NVR, Inc.",50.5,,trimestral,⭐ AVERAGE,🟡 Average,USD,USD,False,True,True,1.0,,60.0,40.0,24.0,85.0,50.0,15.0,12.5,False,down,-29.1,True,1,-10.5,True,1,"{'eps_growth_yoy': -29.1, 'op_growth_yoy': -27.0, 'crecimiento_respaldado': True, 'positive_quarters': 4, 'earnings_accelerating': True, 'eps_accel_quarters': 1, 'profit_margin_pct': 11.8, 'score_bruto_sin_capar': 60.0, 'satura': False}","{'revenue_growth_yoy': -10.5, 'revenue_accelerating': True, 'rev_accel_quarters': 1}","{'rs_3m': -12.0, 'rs_6m': -24.6, 'rs_line_percentile': 12.5, 'rs_line_at_new_high': False, 'rs_line_trend': 'down', 'rs_line_score': 15}","{'roe_pct': 31.5, 'debt_to_equity': 0.32, 'current_ratio': 5.67, 'operating_margin_pct': 13.9}","{'days_to_earnings': 'N/A', 'recommendation': 'hold', 'analyst_upside_pct': 6.7}",6297.6,16865936384,Consumer Cyclical,Residential Construction,7.5,3.8,False,8200.0,-23.2,1,False,-0.1,6717.8,7400.0,5664.0,5.0,hold,6.7,6886.52,9.4,6011.8,-4.5,reportado,múltiplo propio,4.0,0.47,False,,6.18,389.19,,,,,True,-8.42,,9,,49.8,Operating Income,52.9,-9.0,23.0,2026-10-21,False,True,False,5,NEUTRAL,10.07,38.9,,21.8,,,,2026-09-28T05:28:48.463924,,,,,,
ESLOY,EssilorLuxottica Société anonyme,50.0,,anual,⭐ AVERAGE,🟡 Average,USD,EUR,True,True,True,1.0,,45.0,70.0,24.0,55.0,60.0,15.0,1.4,False,down,-1.9,False,0,7.5,True,2,"{'eps_growth_yoy': -1.9, 'op_growth_yoy': -2.0, 'crecimiento_respaldado': True, 'positive_quarters': 4, 'earnings_accelerating': False, 'eps_accel_quarters': 0, 'profit_margin_pct': 8.5, 'score_bruto_sin_capar': 45.0, 'satura': False}","{'revenue_growth_yoy': 7.5, 'revenue_accelerating': True, 'rev_accel_quarters': 2}","{'rs_3m': -16.2, 'rs_6m': -46.6, 'rs_line_percentile': 1.4, 'rs_line_at_new_high': False, 'rs_line_trend': 'down', 'rs_line_score': 15}","{'roe_pct': 6.7, 'debt_to_equity': 0.38, 'current_ratio': 0.89, 'operating_margin_pct': 15.4}","{'days_to_earnings': 'N/A', 'recommendation': 'none', 'analyst_upside_pct': 74.1}",82.44,75635171328,Healthcare,Medical Instruments & Supplies,,,False,186.81,-55.9,0,False,-9.9,143.5,148.0,139.0,2.0,none,74.1,119.68,45.2,125.52,52.3,reportado,múltiplo propio,4.0,0.66,False,,5.94,4.9,2.81,74.3,2.32,1.58,,,,9,,,,,6.2,,,False,False,False,4,NEUTRAL,3.76,33.3,1.5,27.6,,,,2026-09-28T05:25:34.686145,,,,,,
SXYAY,Sika AG,50.0,,anual,⭐ AVERAGE,🟡 Average,USD,CHF,True,True,True,1.0,"FCF declarado (1,234,064,574) se aparta del derivado de flujo operativo menos capex (1,647,108,495)",45.0,30.0,65.1,70.0,55.0,60.0,52.5,False,up,-16.2,False,0,-4.8,False,0,"{'eps_growth_yoy': -16.2, 'op_growth_yoy': -11.1, 'crecimiento_respaldado': True, 'positive_quarters': 4, 'earnings_accelerating': False, 'eps_accel_quarters': 0, 'profit_margin_pct': 9.4, 'score_bruto_sin_capar': 45.0, 'satura': False}","{'revenue_growth_yoy': -4.8, 'revenue_accelerating': False, 'rev_accel_quarters': 0}","{'rs_3m': 5.1, 'rs_6m': 16.6, 'rs_line_percentile': 52.5, 'rs_line_at_new_high': False, 'rs_line_trend': 'up', 'rs_line_score': 60}","{'roe_pct': 16.0, 'debt_to_equity': 0.89, 'current_ratio': 1.3, 'operating_margin_pct': 14.3}","{'days_to_earnings': 'N/A', 'recommendation': 'none', 'analyst_upside_pct': 15.5}",22.2,35617513472,Basic Materials,Specialty Chemicals,,,False,24.21,-8.3,6,False,-1.3,25.65,26.3,25.0,2.0,none,15.5,14.06,-36.7,23.38,5.3,reportado,múltiplo propio,4.0,0.58,False,,4.62,1.03,2.08,57.0,0.46,1.36,,,,9,,,,,-0.3,,,False,False,False,7,NEUTRAL,3.71,45.8,,24.0,,,,2026-09-28T05:24:04.823619,,,,,,
VCISY,Vinci SA,49.8,,anual,⚠️ WEAK,🔴 Weak,USD,EUR,True,True,True,1.0,,65.0,50.0,24.0,50.0,55.0,15.0,2.1,False,down,0.8,False,0,4.0,False,0,"{'eps_growth_yoy': 0.8, 'op_growth_yoy': 5.0, 'crecimiento_respaldado': True, 'positive_quarters': 4, 'earnings_accelerating': False, 'eps_accel_quarters': 0, 'profit_margin_pct': 6.7, 'score_bruto_sin_capar': 65.0, 'satura': False}","{'revenue_growth_yoy': 4.0, 'revenue_accelerating': False, 'rev_accel_quarters': 0}","{'rs_3m': -16.7, 'rs_6m': -31.7, 'rs_line_percentile': 2.1, 'rs_line_at_new_high': False, 'rs_line_trend': 'down', 'rs_line_score': 15}","{'roe_pct': 16.3, 'debt_to_equity': 1.21, 'current_ratio': 0.82, 'operating_margin_pct': 11.2}","{'days_to_earnings': 'N/A', 'recommendation': 'none', 'analyst_upside_pct': 21.8}",31.87,70414622720,Industrials,Engineering & Construction,,,False,42.1,-24.3,2,False,-5.7,38.83,42.0,36.28,3.0,none,21.8,118.25,271.0,32.76,2.8,reportado,múltiplo propio,4.0,0.34,False,,14.15,4.51,4.58,55.6,1.46,3.67,,,,9,,,,,5.4,130.0,2027-02-05,False,True,False,7,NEUTRAL,9.0,54.0,0.98,22.1,,,,2026-09-28T05:26:51.938944,,,,,,
ABT,Abbott Laboratories,49.8,,trimestral,⚠️ WEAK,🔴 Weak,USD,USD,False,True,True,1.0,,50.0,50.0,26.7,70.0,65.0,15.0,22.3,False,down,-18.7,False,0,7.8,False,0,"{'eps_growth_yoy': -18.7, 'op_growth_yoy': -20.6, 'crecimiento_respaldado': True, 'positive_quarters': 4, 'earnings_accelerating': False, 'eps_accel_quarters': 0, 'profit_margin_pct': 11.6, 'score_bruto_sin_capar': 50.0, 'satura': False}","{'revenue_growth_yoy': 7.8, 'revenue_accelerating': False, 'rev_accel_quarters': 0}","{'rs_3m': 5.7, 'rs_6m': -23.5, 'rs_line_percentile': 22.3, 'rs_line_at_new_high': False, 'rs_line_trend': 'down', 'rs_line_score': 15}","{'roe_pct': 10.6, 'debt_to_equity': 0.63, 'current_ratio': 1.38, 'operating_margin_pct': 14.7}","{'days_to_earnings': 'N/A', 'recommendation': 'buy', 'analyst_upside_pct': 18.7}",101.29,175270526976,Healthcare,Medical Devices,1.3,2.5,False,135.45,-25.2,1,False,-5.3,120.26,135.0,103.0,25.0,buy,18.7,102.17,0.9,79.94,-21.1,reportado,múltiplo propio,3.0,0.73,True,2023-12-31,4.41,4.47,2.49,79.0,2.52,1.87,False,-0.46,,9,,14.4,Operating Income,16.2,-47.5,16.0,2026-10-14,False,True,True,6,NEUTRAL,3.97,37.8,,19.2,,,,2026-09-28T05:24:28.941039,,,,,,
WMT,Walmart Inc.,48.0,,trimestral,⚠️ WEAK,🔴 Weak,USD,USD,False,True,True,1.0,,45.0,60.0,24.0,55.0,65.0,15.0,10.4,False,down,-9.4,False,0,5.9,True,1,"{'eps_growth_yoy': -9.4, 'op_growth_yoy': 28.8, 'crecimiento_respaldado': True, 'positive_quarters': 4, 'earnings_accelerating': False, 'eps_accel_quarters': 0, 'profit_margin_pct': 3.0, 'score_bruto_sin_capar': 45.0, 'satura': False}","{'revenue_growth_yoy': 5.9, 'revenue_accelerating': True, 'rev_accel_quarters': 1}","{'rs_3m': -9.9, 'rs_6m': -34.0, 'rs_line_percentile': 10.4, 'rs_line_at_new_high': False, 'rs_line_trend': 'down', 'rs_line_score': 15}","{'roe_pct': 22.3, 'debt_to_equity': 0.72, 'current_ratio': 0.77, 'operating_margin_pct': 3.5}","{'days_to_earnings': 'N/A', 'recommendation': 'buy', 'analyst_upside_pct': 18.0}",107.98,859313405952,Consumer Defensive,Discount Stores,1.8,2.9,False,135.16,-20.1,2,False,-1.2,127.42,155.0,81.0,40.0,buy,18.0,,,99.95,-7.4,reportado,múltiplo propio,4.0,0.42,False,,1.89,2.04,0.92,35.0,0.99,1.23,False,-0.47,,9,,13.7,Operating Income,13.4,-9.1,52.0,2026-11-19,False,True,False,7,NEUTRAL,3.22,19.0,,20.8,,,,2026-09-28T05:22:31.246064,,"el capex se lleva el 62% del flujo operativo: lo que queda no es lo que gana el dueño, es lo que sobra tras decidir invertir",,,,
KHC,The Kraft Heinz Company,47.9,,trimestral,⚠️ WEAK,🔴 Weak,USD,USD,False,True,True,1.0,,58.0,40.0,36.0,55.0,50.0,15.0,21.1,False,down,,False,0,-1.4,True,1,"{'positive_quarters': 3, 'earnings_accelerating': False, 'eps_accel_quarters': 0, 'profit_margin_pct': -13.6, 'score_bruto_sin_capar': 58.0, 'satura': False}","{'revenue_growth_yoy': -1.4, 'revenue_accelerating': True, 'rev_accel_quarters': 1}","{'rs_3m': -5.1, 'rs_6m': -11.4, 'rs_line_percentile': 21.1, 'rs_line_at_new_high': False, 'rs_line_trend': 'down', 'rs_line_score': 15}","{'roe_pct': -8.8, 'debt_to_equity': 0.53, 'current_ratio': 1.06, 'operating_margin_pct': 15.5}","{'days_to_earnings': 'N/A', 'recommendation': 'hold', 'analyst_upside_pct': 7.8}",23.63,28021014528,Consumer Defensive,Packaged Foods,11.0,4.2,True,28.09,-15.9,5,False,-5.5,25.47,41.0,19.0,18.0,hold,7.8,55.32,134.1,,,reportado,,,,,,13.63,3.22,6.77,73.1,1.6,4.9,False,0.08,,9,,4.4,Operating Income,4.6,,30.0,2026-10-28,False,True,False,5,NEUTRAL,10.43,53.5,6.05,20.7,,,,2026-09-28T05:28:30.374140,,,,,,
TEVA,Teva Pharmaceutical Industries Limited,47.7,,trimestral,⚠️ WEAK,🔴 Weak,USD,USD,False,True,True,1.0,,38.0,40.0,82.7,25.0,60.0,95.0,91.3,False,up,-304.3,False,0,-0.8,True,1,"{'eps_growth_yoy': -304.3, 'op_growth_yoy': -83.4, 'crecimiento_respaldado': True, 'positive_quarters': 3, 'earnings_accelerating': False, 'eps_accel_quarters': 0, 'profit_margin_pct': 4.1, 'score_bruto_sin_capar': 38.0, 'satura': False}","{'revenue_growth_yoy': -0.8, 'revenue_accelerating': True, 'rev_accel_quarters': 1}","{'rs_3m': 13.3, 'rs_6m': 14.1, 'rs_line_percentile': 91.3, 'rs_line_at_new_high': False, 'rs_line_trend': 'up', 'rs_line_score': 95}","{'roe_pct': 9.7, 'debt_to_equity': 2.18, 'current_ratio': 0.88, 'operating_margin_pct': 4.0}","{'days_to_earnings': 'N/A', 'recommendation': 'strong_buy', 'analyst_upside_pct': 12.3}",39.19,45707005952,Healthcare,Drug Manufacturers - Specialty & Generic,2.7,57.4,False,40.79,-3.9,8,True,8.6,44.0,50.0,40.0,5.0,strong_buy,12.3,29.29,-25.3,,,normalizado,,,,,,3.06,1.2,,,,1.05,False,,,9,,3.6,Operating Income,1.8,,36.0,2026-11-03,False,True,False,8,STRONG,6.71,80.4,0.32,34.1,,,,2026-09-28T05:29:32.252847,,,sin histórico de múltiplo (beneficio negativo o pocos años),tasa fiscal efectiva 1.7% — el beneficio del periodo no es representativo,,
CL,Colgate-Palmolive Company,46.8,,trimestral,⚠️ WEAK,🔴 Weak,USD,USD,False,True,True,1.0,,38.0,50.0,36.0,65.0,60.0,15.0,7.5,False,down,-6.7,False,0,4.9,False,0,"{'eps_growth_yoy': -6.7, 'op_growth_yoy': -5.9, 'crecimiento_respaldado': True, 'positive_quarters': 3, 'earnings_accelerating': False, 'eps_accel_quarters': 0, 'profit_margin_pct': 9.7, 'score_bruto_sin_capar': 38.0, 'satura': False}","{'revenue_growth_yoy': 4.9, 'revenue_accelerating': False, 'rev_accel_quarters': 0}","{'rs_3m': -10.7, 'rs_6m': -18.9, 'rs_line_percentile': 7.5, 'rs_line_at_new_high': False, 'rs_line_trend': 'down', 'rs_line_score': 15}","{'roe_pct': 267.4, 'debt_to_equity': 13.88, 'current_ratio': 1.03, 'operating_margin_pct': 21.0}","{'days_to_earnings': 'N/A', 'recommendation': 'buy', 'analyst_upside_pct': 14.8}",86.06,68604690432,Consumer Defensive,Household & Personal Products,2.6,4.2,False,99.33,-13.4,4,False,-4.6,98.8,110.0,87.0,20.0,buy,14.8,128.68,49.5,71.74,-16.6,reportado,múltiplo propio,4.0,0.32,False,,5.67,4.88,2.46,82.3,2.12,2.33,True,-1.41,,9,,15.9,Operating Income,12.5,-3.8,32.0,2026-10-30,False,True,False,5,NEUTRAL,5.62,90.8,,13.2,,,,2026-09-28T05:25:05.283702,,,,,,
LEN,Lennar Corporation,46.8,,trimestral,⚠️ WEAK,🔴 Weak,USD,USD,False,True,True,0.8738,"acciones × precio no cuadra (ratio 0.8738) pero la divisa sí: son clases múltiples. Se usan 241 M de acciones efectivas (capitalización ÷ precio) en vez de las 211 M declaradas | FCF declarado (716,773,000) se aparta del derivado de flujo operativo menos capex (28,183,000)",55.0,40.0,24.0,70.0,50.0,15.0,6.6,False,down,-36.2,True,1,-5.2,True,1,"{'eps_growth_yoy': -36.2, 'op_growth_yoy': -35.4, 'crecimiento_respaldado': True, 'positive_quarters': 4, 'earnings_accelerating': True, 'eps_accel_quarters': 1, 'profit_margin_pct': 4.1, 'score_bruto_sin_capar': 55.0, 'satura': False}","{'revenue_growth_yoy': -5.2, 'revenue_accelerating': True, 'rev_accel_quarters': 1}","{'rs_3m': -13.4, 'rs_6m': -30.2, 'rs_line_percentile': 6.6, 'rs_line_at_new_high': False, 'rs_line_trend': 'down', 'rs_line_score': 15}","{'roe_pct': 6.0, 'debt_to_equity': 0.28, 'current_ratio': 11.39, 'operating_margin_pct': 5.8}","{'days_to_earnings': 'N/A', 'recommendation': 'hold', 'analyst_upside_pct': -2.5}",82.15,19789535232,Consumer Cyclical,Residential Construction,0.2,0.1,False,133.76,-38.6,0,False,-2.0,80.08,120.0,63.0,13.0,hold,-2.5,,,52.31,-36.3,reportado,múltiplo propio,4.0,1.11,True,,0.14,0.12,2.43,37.9,2.0,1.5,True,-6.98,,9,,,,,-19.2,78.0,2026-12-15,False,True,False,4,NEUTRAL,11.21,11.2,,39.7,,,,2026-09-28T05:29:13.823711,240895134.0,"el capex se lleva el 87% del flujo operativo: lo que queda no es lo que gana el dueño, es lo que sobra tras decidir invertir",,,,
KR,The Kroger Co.,46.2,,trimestral,⚠️ WEAK,🔴 Weak,USD,USD,False,True,True,1.0,,58.0,50.0,26.7,30.0,65.0,15.0,8.9,False,down,5.3,False,0,2.0,False,0,"{'eps_growth_yoy': 5.3, 'op_growth_yoy': 12.5, 'crecimiento_respaldado': True, 'positive_quarters': 3, 'earnings_accelerating': False, 'eps_accel_quarters': 0, 'profit_margin_pct': 0.7, 'score_bruto_sin_capar': 58.0, 'satura': False}","{'revenue_growth_yoy': 2.0, 'revenue_accelerating': False, 'rev_accel_quarters': 0}","{'rs_3m': 1.4, 'rs_6m': -41.1, 'rs_line_percentile': 8.9, 'rs_line_at_new_high': False, 'rs_line_trend': 'down', 'rs_line_score': 15}","{'roe_pct': 14.4, 'debt_to_equity': 4.13, 'current_ratio': 0.7, 'operating_margin_pct': 3.0}","{'days_to_earnings': 'N/A', 'recommendation': 'buy', 'analyst_upside_pct': 15.6}",58.74,34691178496,Consumer Defensive,Grocery Stores,5.0,4.4,False,76.58,-23.3,3,False,1.6,67.91,85.0,57.0,22.0,buy,15.6,,,,,reportado,,,,,,8.22,4.83,2.66,75.7,1.56,2.04,True,-8.57,,9,,3.2,Operating Income,3.0,10.7,66.0,2026-12-03,False,True,False,7,NEUTRAL,3.31,6.1,0.7,28.4,0.8,0.03,-27.6,2026-09-28T05:28:34.396691,,"el capex se lleva el 57% del flujo operativo: lo que queda no es lo que gana el dueño, es lo que sobra tras decidir invertir",los P/E históricos se separan 1.7x la mediana: el ancla la decidiría un año suelto,,,
LPX,Louisiana-Pacific Corporation,44.4,,trimestral,⚠️ WEAK,🔴 Weak,USD,USD,False,True,True,1.0,"FCF declarado (-21,000,000) se aparta del derivado de flujo operativo menos capex (-33,000,000)",38.0,50.0,15.0,70.0,70.0,15.0,4.1,False,down,-51.9,False,0,-12.1,True,2,"{'eps_growth_yoy': -51.9, 'op_growth_yoy': -64.4, 'crecimiento_respaldado': True, 'positive_quarters': 3, 'earnings_accelerating': False, 'eps_accel_quarters': 0, 'profit_margin_pct': 2.2, 'score_bruto_sin_capar': 38.0, 'satura': False}","{'revenue_growth_yoy': -12.1, 'revenue_accelerating': True, 'rev_accel_quarters': 2}","{'rs_3m': -21.2, 'rs_6m': -27.9, 'rs_line_percentile': 4.1, 'rs_line_at_new_high': False, 'rs_line_trend': 'down', 'rs_line_score': 15}","{'roe_pct': 3.1, 'debt_to_equity': 0.22, 'current_ratio': 3.22, 'operating_margin_pct': 5.3}","{'days_to_earnings': 'N/A', 'recommendation': 'buy', 'analyst_upside_pct': 38.0}",66.7,4663890944,Industrials,Building Products & Equipment,11.8,7.8,True,100.34,-33.5,0,False,-6.0,92.07,107.0,74.0,14.0,buy,38.0,,,,,reportado,,,,,,-0.71,-0.47,1.8,150.6,1.2,1.27,False,0.0,,9,,7.4,Operating Income,6.1,-51.8,37.0,2026-11-04,False,True,False,5,NEUTRAL,5.38,11.5,,28.3,6.3,0.22,-22.0,2026-09-28T05:29:10.306946,,"el capex se lleva el 113% del flujo operativo: lo que queda no es lo que gana el dueño, es lo que sobra tras decidir invertir",los P/E históricos se separan 2.0x la mediana: el ancla la decidiría un año suelto,,,
GPK,Graphic Packaging Holding Company,43.3,,trimestral,⚠️ WEAK,🔴 Weak,USD,USD,False,True,True,1.0,"FCF declarado (189,000,000) se aparta del derivado de flujo operativo menos capex (-129,000,000)",48.0,30.0,36.0,55.0,60.0,15.0,1.2,False,down,-76.9,True,1,-0.7,False,0,"{'eps_growth_yoy': -76.9, 'op_growth_yoy': -51.0, 'crecimiento_respaldado': True, 'positive_quarters': 3, 'earnings_accelerating': True, 'eps_accel_quarters': 1, 'profit_margin_pct': 2.2, 'score_bruto_sin_capar': 48.0, 'satura': False}","{'revenue_growth_yoy': -0.7, 'revenue_accelerating': False, 'rev_accel_quarters': 0}","{'rs_3m': -15.2, 'rs_6m': -18.4, 'rs_line_percentile': 1.2, 'rs_line_at_new_high': False, 'rs_line_trend': 'down', 'rs_line_score': 15}","{'roe_pct': 6.0, 'debt_to_equity': 1.76, 'current_ratio': 1.38, 'operating_margin_pct': 4.5}","{'days_to_earnings': 'N/A', 'recommendation': 'hold', 'analyst_upside_pct': 32.2}",9.38,2777151488,Consumer Cyclical,Packaging & Containers,9.0,4.5,True,19.71,-52.4,0,False,-12.5,12.4,18.0,10.0,11.0,hold,32.2,,,7.07,-24.6,reportado,múltiplo propio,4.0,0.21,False,,-4.65,-0.44,4.69,67.7,0.44,1.79,True,-1.62,,9,,2.4,Operating Income,2.0,-30.6,42.0,2026-11-09,False,True,False,5,NEUTRAL,10.21,13.3,,40.8,6.3,0.15,-34.5,2026-09-28T05:29:43.887544,,"el capex se lleva el 116% del flujo operativo: lo que queda no es lo que gana el dueño, es lo que sobra tras decidir invertir",,,,
TLC.AX,The Lottery Corporation Limited,42.8,,anual,⚠️ WEAK,🔴 Weak,AUD,AUD,False,True,True,1.0,"FCF declarado (1,410,349,952) se aparta del derivado de flujo operativo menos capex (317,900,000)",45.0,40.0,30.0,45.0,65.0,,,,,-22.1,False,0,-4.6,True,1,"{'eps_growth_yoy': -22.1, 'op_growth_yoy': -6.8, 'crecimiento_respaldado': True, 'positive_quarters': 4, 'earnings_accelerating': False, 'eps_accel_quarters': 0, 'profit_margin_pct': 7.9, 'score_bruto_sin_capar': 45.0, 'satura': False}","{'revenue_growth_yoy': -4.6, 'revenue_accelerating': True, 'rev_accel_quarters': 1}","{'rs_3m': -17.6, 'rs_6m': -31.8}","{'roe_pct': 97.2, 'debt_to_equity': 9.48, 'current_ratio': 0.36, 'operating_margin_pct': 16.5}","{'days_to_earnings': 'N/A', 'recommendation': 'buy', 'analyst_upside_pct': 18.5}",4.77,10616931328,Consumer Cyclical,Gambling,,,False,5.9,-19.2,2,False,-7.0,5.65,6.4,5.0,15.0,buy,18.5,3.45,-27.7,4.52,-5.2,reportado,múltiplo propio,4.0,0.55,False,,2.99,0.14,3.53,128.9,0.17,,,,,7,,,,,-28.8,142.0,2027-02-17,False,True,False,3,NEUTRAL,4.57,317.5,,14.3,,,,2026-09-28T05:26:41.016730,,,,,,
CHTR,"Charter Communications, Inc.",40.5,,trimestral,⚠️ WEAK,🔴 Weak,USD,USD,False,True,True,0.8807,acciones × precio no cuadra (ratio 0.8807) pero la divisa sí: son clases múltiples. Se usan 130 M de acciones efectivas (capitalización ÷ precio) en vez de las 114 M declaradas,55.0,30.0,15.0,50.0,60.0,15.0,0.0,False,down,-0.7,True,1,-1.7,False,0,"{'eps_growth_yoy': -0.7, 'op_growth_yoy': -7.3, 'crecimiento_respaldado': True, 'positive_quarters': 4, 'earnings_accelerating': True, 'eps_accel_quarters': 1, 'profit_margin_pct': 9.1, 'score_bruto_sin_capar': 55.0, 'satura': False}","{'revenue_growth_yoy': -1.7, 'revenue_accelerating': False, 'rev_accel_quarters': 0}","{'rs_3m': -27.1, 'rs_6m': -70.7, 'rs_line_percentile': 0.0, 'rs_line_at_new_high': False, 'rs_line_trend': 'down', 'rs_line_score': 15}","{'roe_pct': 27.2, 'debt_to_equity': 4.42, 'current_ratio': 0.36, 'operating_margin_pct': 23.5}","{'days_to_earnings': 'N/A', 'recommendation': 'hold', 'analyst_upside_pct': 57.7}",112.91,14673513472,Communication Services,Telecom Services,38.8,5.2,True,285.82,-60.5,0,False,-20.5,178.05,380.0,101.0,19.0,hold,57.7,,,,,reportado,múltiplo propio,4.0,0.69,False,,32.79,37.02,,,,,True,-14.42,,9,,2.6,Operating Income,2.5,6.4,32.0,2026-10-30,False,True,False,7,NEUTRAL,11.62,28.7,0.17,63.5,0.2,0.0,-63.3,2026-09-28T05:28:44.567474,129957608.0,"el capex se lleva el 71% del flujo operativo: lo que queda no es lo que gana el dueño, es lo que sobra tras decidir invertir","objetivo 400 sobre un precio de 113 (+254%): el BPA no cuadra con el múltiplo histórico, no se publica",,,
KD,"Kyndryl Holdings, Inc.",33.0,,trimestral,⚠️ WEAK,🔴 Weak,USD,USD,False,True,True,1.0,,38.0,30.0,24.0,25.0,55.0,15.0,2.3,False,down,-198.2,False,0,-3.3,False,0,"{'eps_growth_yoy': -198.2, 'op_growth_yoy': -28.0, 'crecimiento_respaldado': True, 'positive_quarters': 3, 'earnings_accelerating': False, 'eps_accel_quarters': 0, 'profit_margin_pct': 0.6, 'score_bruto_sin_capar': 38.0, 'satura': False}","{'revenue_growth_yoy': -3.3, 'revenue_accelerating': False, 'rev_accel_quarters': 0}","{'rs_3m': -1.0, 'rs_6m': -28.4, 'rs_line_percentile': 2.3, 'rs_line_at_new_high': False, 'rs_line_trend': 'down', 'rs_line_score': 15}","{'roe_pct': 6.9, 'debt_to_equity': 4.22, 'current_ratio': 0.85, 'operating_margin_pct': 2.9}","{'days_to_earnings': 'N/A', 'recommendation': 'none', 'analyst_upside_pct': 22.4}",11.6,2526691840,Technology,Information Technology Services,14.4,8.8,True,30.99,-62.6,0,False,-10.2,14.2,16.0,13.0,5.0,none,22.4,,,,,normalizado,,,,,,6.09,0.71,,,,,True,-7.74,,9,,5.7,Operating Income,3.4,,36.0,2026-11-03,False,True,False,6,NEUTRAL,11.65,18.8,0.14,43.3,6.3,0.14,-37.0,2026-09-28T05:30:02.267300,,"el capex se lleva el 80% del flujo operativo: lo que queda no es lo que gana el dueño, es lo que sobra tras decidir invertir",sin histórico de múltiplo (beneficio negativo o pocos años),tasa fiscal efectiva 65.2% — el beneficio del periodo no es representativo,,
