ticker,vcp_score,vcp_quality,stage,consolidation_quality,ml_score,company_name,fundamental_score,sector,industry,earnings_quality_score,growth_acceleration_score,relative_strength_score,financial_health_score,catalyst_timing_score,current_price,market_cap,rs_line_score,rs_line_percentile,rs_line_at_new_high,rs_line_trend,eps_growth_yoy,eps_accelerating,eps_accel_quarters,rev_growth_yoy,rev_accelerating,rev_accel_quarters,short_percent_float,short_ratio,short_squeeze_potential,fifty_two_week_high,proximity_to_52w_high,trend_template_score,trend_template_pass,dist_ma50_pct,health_details,earnings_details,sin_score_motivo,target_price_analyst,target_price_analyst_high,target_price_analyst_low,analyst_count,analyst_recommendation,analyst_upside_pct,target_price_dcf,target_price_dcf_upside_pct,target_price_pe,target_price_pe_upside_pct,pe_ancla,pe_ancla_n,pe_ancla_dispersion,pe_ancla_fragil,pe_ancla_excluidos,pe_sin_ancla_motivo,pe_eps_usado,pe_eps_motivo,dcf_no_aplicable,ai_descartados,per_share_no_fiable,acciones_efectivas,shares_change_es_gasto,dividend_rate,fcf_yield_pct,fcf_per_share,fcf_minoritarios_pct,dividend_yield_pct,payout_ratio_pct,five_yr_avg_dividend_yield_pct,buyback_active,shares_change_pct,interest_coverage,interest_coverage_base,interest_coverage_ebit,analyst_revision_momentum,days_to_earnings,earnings_date,earnings_warning,earnings_fecha_conocida,earnings_catalyst,piotroski_score,piotroski_label,piotroski_evaluables,piotroski_motivo,ebit_ev_yield,roic_greenblatt,peg_ratio,sentiment,put_call_ratio,flow_score,unusual_calls,unusual_puts,super_score_ultimate,vcp_contribution,ml_contribution,fundamental_contribution,score_timestamp,data_as_of_date,market_regime,market_recommendation,ma_filter_pass,ma_filter_score,ma_filter_reason,ad_signal,ad_score,ad_reason,float_category,shares_outstanding_millions,filter_penalty,super_score_before_filters,rs_line_score_fund,rs_line_at_new_high_fund,rs_line_trend_fund,rs_line_percentile_fund,rs_line_bonus,eps_accelerating_fund2,eps_accel_quarters_fund2,rev_accelerating_fund2,rev_accel_quarters_fund2,canslim_a_bonus,industry_group_rank,industry_group_total,industry_group_percentile,industry_group_label,industry_group_rs,industry_bonus,short_bonus,proximity_bonus,trend_bonus,options_bonus,institutional_bonus,insider_bonus,profitability_penalty,negative_roe,filters_passed,value_score,sector_bonus,fcf_es_caja_libre,fcf_bonus,dividend_bonus,buyback_bonus,revision_bonus,target_change_7d_pct,target_change_30d_pct,upgrade_days_14d,downgrade_days_14d,target_revision_bonus,modelos_dispersion_pts,modelos_acuerdo,upside_triangulated_pct,upside_divergence_pts,upside_divergence,upside_requiere_verificacion,risk_reward_ratio,piotroski_bonus,magic_formula_rank,hedge_fund_count,hedge_fund_names,oe_ai_adjustment,oe_ai_verdict,fcf_bonus_anulado,cerebro_signal,cerebro_score_adj,days_in_list,ml_win_probability,ml_win_label,momentum_score,tier,validation_status,validation_score,validation_reason,price_vs_ath,recent_news_sentiment,analyst_consensus,valuation_concern,why_cheap,why_cheap_resumen,why_cheap_fuentes,is_stage2,ma_score,atr_ratio,volume_dryup,pct_from_52w_high,pct_from_52w_low,relative_strength_6m,trend_direction,tech_stage,entry_readiness,entry_readiness_reason,tasa_base_frase,tasa_base_n,tasa_base_caida_mediana_pct,tasa_base_caida_peor_pct,tasa_base_arriba_pct,tasa_base_bimodal,soporte_frase,soporte_nivel,soporte_distancia_pct,soporte_dias,soporte_aguanto,soporte_roto,soporte_antiguo
PAYX,0.0,,,,51.4,"Paychex, Inc.",67.7,Technology,Software - Application,95.0,60.0,36.0,80.0,50.0,100.84,35897069568.0,15.0,19.9,False,down,41.5,False,0.0,12.5,False,0.0,6.2,8.6,False,129.24,-22.0,4.0,False,-14.0,"{'roe_pct': 47.1, 'debt_to_equity': 1.25, 'current_ratio': 1.28, 'operating_margin_pct': 38.5}","{'eps_growth_yoy': 41.5, 'op_growth_yoy': 40.3, 'crecimiento_respaldado': True, 'positive_quarters': 4, 'earnings_accelerating': False, 'eps_accel_quarters': 0, 'profit_margin_pct': 27.4, 'score_bruto_sin_capar': 95.0, 'satura': False}",,113.93,150.0,96.0,14.0,hold,13.0,134.93,33.8,115.09,14.1,múltiplo propio,4.0,0.58,False,,,reportado,,,,,,,4.76,5.62,5.67,,4.83,90.1,2.83,True,-1.13,9.3,Operating Income,9.6,5.6,77.0,2026-12-18,False,True,False,7.0,NEUTRAL,9.0,,6.34,103.5,3.6,BULLISH,0.0,60.0,1.0,0.0,15.700000000000005,0.0,15.4,20.3,2026-10-02 05:45:12,2026-10-02,CONFIRMED_UPTREND,TRADE,False,66,Price below 150/200 MA - weak trend,NEUTRAL,40,"No clear pattern (0.9x ratio, 47% up volume)",MEGA_FLOAT,319.1,25.0,35.7,15.0,False,down,19.9,0.0,False,0.0,False,0.0,0.0,10.0,32.0,71.9,Medio,30.3,0.0,0.0,0.0,0.0,5.0,0.0,0.0,0.0,False,1/3,72.15,8.0,True,6.0,-2.0,3.0,3.0,-2.86,2.31,1.0,2.0,-1.5,19.7,COHERENTES,14.1,-11.0,,False,1.62,5.0,19.0,0,,-8,RELIABLE/AVOID (-8),0.0,WATCH,9.0,18,0.5142,MEDIA,6.7700000000000005,⭐⭐⭐ EXCELLENT,,,,,,,,EVENTO,"<cite index=""12-10,12-11,12-12"">Revenue creció 6% en Q1 FY2027 versus 17% en FY2026, con Management Solutions (mayor segmento) creciendo solo 4%</cite>. <cite index=""14-2"">Desde el 23 de septiembre de 2026, el stock cayó 16% en 10 días consecutivos</cite>, con <cite index=""12-13"">analistas bajando p",https://www.sec.gov/Archives/edgar/data/0000723531/000119312526280314/payx-ex99_1.htm | https://www.sec.gov/Archives/edgar/data/0000723531/000072353126000004/payx-ex99_1.htm | https://www.sec.gov/Archives/edgar/data/0000723531/000119312526382815/d112171dars.pdf | https://www.sec.gov/Archives/edgar/data/723531/000119312526126204/payx-20260228.htm,False,2,1.071,False,-21.21,20.77,-4.54,sideways,stage4_ma_alcista,ESPERAR,"Ha perdido la MA200, aunque la media sigue subiendo — corrección dentro de tendencia, espera a que la recupere","las 14 veces anteriores (sobrevendido (RSI<25), bajo su MA200 que sube) cayó otro 5% de mediana (peor caso -36%); al año el 86% estaba en positivo (mediana +21%).",14,-5.0,-36.2,86,False,"el soporte más cercano está en 96.26 (-4.5%), sin visitar desde hace 3 meses; aguantó 4 y se rompió 1",96.26,-4.5,106,4,1,True
THC,0.0,,,,40.3,Tenet Healthcare Corporation,78.1,Healthcare,Medical Care Facilities,100.0,60.0,79.4,75.0,60.0,253.97,20449411072.0,80.0,77.1,False,up,186.8,False,0.0,14.6,False,0.0,2.9,2.8,False,283.05,-10.3,7.0,True,-2.5,"{'roe_pct': 37.3, 'debt_to_equity': 1.52, 'current_ratio': 1.41, 'operating_margin_pct': 18.2}","{'eps_growth_yoy': 186.8, 'op_growth_yoy': 68.7, 'crecimiento_respaldado': False, 'crecimiento_puntuado': 93.7, 'positive_quarters': 4, 'earnings_accelerating': False, 'eps_accel_quarters': 0, 'profit_margin_pct': 10.3, 'score_bruto_sin_capar': 100.0, 'satura': False}",,284.64,315.0,260.0,22.0,buy,12.1,422.35,66.3,333.48,31.3,múltiplo propio,4.0,0.72,False,,,reportado,,,,,,,,10.16,25.8,30.9,,,2.75,True,-8.53,5.4,Operating Income,5.7,213.4,25.0,2026-10-27,False,True,False,6.0,NEUTRAL,9.0,,9.67,31.7,0.4,,,,,,55.5,0.0,12.1,23.4,2026-10-02 05:45:12,2026-10-02,CONFIRMED_UPTREND,TRADE,True,100,Passes Minervini Template (6/6 criteria),ACCUMULATION,60,"Moderate accumulation (1.3x ratio, 54% up volume)",HIGH_FLOAT,79.7,0.0,35.5,80.0,False,up,77.1,5.0,False,0.0,False,0.0,0.0,1.0,32.0,100.0,Top 10%,60.6,5.0,0.0,3.0,7.0,0.0,0.0,0.0,0.0,False,3/3,69.255,5.0,True,8.0,0.0,3.0,5.0,0.0,-0.16,0.0,0.0,0.0,35.0,DISPERSOS,31.3,-36.7,,False,1.51,2.0,49.0,1,Appaloosa (Tepper),-5,MIXED/AVOID (-5),0.0,,0.0,10,0.4034,BAJA,27.31,⭐⭐ STRONG,,,,,,,,,,,False,2,0.83,False,-10.27,61.17,17.89,sideways,stage2,VIGILAR,Sobre MA200 pero las medias aún no están apiladas (50>150>200) — falta confirmación,"las 32 veces anteriores (RSI normal, sobre su MA200 que sube) o paró casi donde estaba o se desplomó hasta -70% — sin término medio; al año el 69% estaba en positivo (mediana +20%).",32,-16.9,-69.9,69,True,"soporte vivo más cercano en 251.18 (-1.1%), puesto a prueba hace 2 días; aguantó 3 de 3 veces",251.18,-1.1,2,3,0,False
MSFT,89.47619047619048,Excellent,Stage 2 Strong,25.115801612190538,49.1,Microsoft Corporation,82.8,Technology,Software - Infrastructure,100.0,70.0,75.0,95.0,60.0,512.8,3807819857920.0,60.0,61.4,False,up,31.3,True,1.0,17.7,True,1.0,0.9,3.2,False,553.72,-7.4,6.0,False,5.8,"{'roe_pct': 34.0, 'debt_to_equity': 0.29, 'current_ratio': 1.23, 'operating_margin_pct': 45.1}","{'eps_growth_yoy': 31.3, 'op_growth_yoy': 18.3, 'crecimiento_respaldado': True, 'positive_quarters': 4, 'earnings_accelerating': True, 'eps_accel_quarters': 1, 'profit_margin_pct': 40.3, 'score_bruto_sin_capar': 105.0, 'satura': True}",,578.9,870.0,440.0,52.0,strong_buy,12.9,,,637.41,24.3,múltiplo propio,4.0,0.47,False,,,reportado,,"el capex se lleva el 63% del flujo operativo: lo que queda no es lo que gana el dueño, es lo que sobra tras decidir invertir",,,,,3.92,1.76,9.03,,0.76,19.8,0.79,False,-0.24,50.9,Operating Income,55.4,31.7,26.0,2026-10-28,False,True,False,6.0,NEUTRAL,9.0,,4.02,41.3,0.95,NEUTRAL,0.6,100.0,23.0,16.0,72.4,35.8,14.7,24.8,2026-10-02 05:45:12,2026-10-02,CONFIRMED_UPTREND,TRADE,False,66,150 MA below 200 MA - not in Stage 2,STRONG_ACCUMULATION,75,"Strong institutional buying (1.8x ratio, 63% up volume)",MEGA_FLOAT,7414.4,23.0,75.4,60.0,False,up,61.4,2.0,True,1.0,True,1.0,5.0,2.0,32.0,96.9,Top 10%,57.6,5.0,0.0,3.0,5.0,0.0,0.0,0.0,0.0,False,2/3,70.57499999999999,8.0,False,0.0,0.0,0.0,5.0,0.28,1.66,0.0,0.0,0.0,,,18.6,-11.4,,False,1.61,2.0,102.0,1,Pershing Square (Ackman),2,RELIABLE/WATCH (+2),0.0,CONFIRM,5.0,46,0.4911,MEDIA,69.51809523809524,⭐ GOOD,,,,,,,,,,,False,2,1.003,False,-6.63,47.13,20.78,uptrend,stage2,VIGILAR,Sobre MA200 pero las medias aún no están apiladas (50>150>200) — falta confirmación,"las 48 veces anteriores (RSI normal, sobre su MA200 que sube) cayó otro 4% de mediana (peor caso -36%); al año el 90% estaba en positivo (mediana +25%).",48,-3.5,-35.8,90,False,"soporte vivo más cercano en 498.26 (-2.8%), puesto a prueba hace 3 días; aguantó 4 y se rompió 1",498.26,-2.8,3,4,1,False
RMD,0.0,,,,51.4,ResMed Inc.,65.8,Healthcare,Medical Instruments & Supplies,75.0,60.0,44.0,90.0,60.0,221.15,31901396992.0,35.0,26.5,False,up,1.0,False,0.0,8.6,True,1.0,11.4,10.6,True,284.87,-22.4,1.0,False,-0.6,"{'roe_pct': 24.3, 'debt_to_equity': 0.13, 'current_ratio': 3.1, 'operating_margin_pct': 30.9}","{'eps_growth_yoy': 1.0, 'op_growth_yoy': -1.7, 'crecimiento_respaldado': True, 'positive_quarters': 4, 'earnings_accelerating': False, 'eps_accel_quarters': 0, 'profit_margin_pct': 26.9, 'score_bruto_sin_capar': 75.0, 'satura': False}",,250.22,320.0,175.0,17.0,buy,13.1,320.43,44.9,,,,,,,,sin histórico de múltiplo (beneficio negativo o pocos años),reportado,,,,,,,2.64,5.11,11.3,,1.19,23.0,0.89,True,-1.4,,,,1.7,27.0,2026-10-29,False,True,False,7.0,NEUTRAL,9.0,,6.11,52.1,6.96,,,,,,12.200000000000005,0.0,15.4,19.7,2026-10-02 05:45:12,2026-10-02,CONFIRMED_UPTREND,TRADE,False,16,Price below 150/200 MA - weak trend,NEUTRAL,40,"No clear pattern (1.0x ratio, 49% up volume)",HIGH_FLOAT,143.4,22.0,35.2,35.0,False,up,26.5,2.0,False,0.0,True,1.0,2.0,12.0,32.0,65.6,Medio,29.0,0.0,0.0,0.0,-5.0,0.0,0.0,0.0,0.0,False,1/3,58.08999999999999,5.0,True,6.0,0.0,3.0,1.0,1.07,1.54,1.0,0.0,1.5,,,29.0,-31.8,,False,1.64,5.0,48.0,0,,-8,RELIABLE/AVOID (-8),0.0,WATCH,9.0,14,0.5142,MEDIA,0.0,⭐ GOOD,,,,,,,,EVENTO,"Caída derivada del recall de Astral (FDA) anunciado en Q4 2026 (agosto): $42M de cargo y $75M de headwind de revenue en FY2027 al suspender ventas nuevas. Negocio base sigue sólido (9% revenue growth, 16% EPS growth en FY2026) y el cargo ya está incorporado en guidance.",https://www.etoro.com/markets/rmd | https://www.investing.com/equities/resmed-inc | https://investor.resmed.com/ | https://robinhood.com/us/en/stocks/RMD/,False,1,0.675,False,-21.55,23.03,-17.82,downtrend,stage4,ESPERAR,En caída (bajo MA200 descendente) — espera a que haga suelo,"las 12 veces anteriores (RSI normal, bajo su MA200 que baja) o paró casi donde estaba o se desplomó hasta -39% — sin término medio; al año el 67% estaba en positivo (mediana +21%).",12,-9.9,-39.4,67,True,"soporte vivo más cercano en 218.12 (-1.4%), puesto a prueba hace 8 días; aguantó 5 y se rompió 2",218.12,-1.4,8,5,2,False
GOOG,68.39285714285714,Excellent,Stage Unknown,15.88352965668033,57.3,Alphabet Inc.,75.8,Communication Services,Internet Content & Information,85.0,80.0,44.0,100.0,65.0,334.93,4096171966464.0,35.0,41.8,False,flat,297.9,False,0.0,24.2,True,1.0,,3.3,False,404.47,-17.2,4.0,False,-1.8,"{'roe_pct': 48.7, 'debt_to_equity': 0.19, 'current_ratio': 2.72, 'operating_margin_pct': 34.0}","{'eps_growth_yoy': 297.9, 'op_growth_yoy': 30.4, 'crecimiento_respaldado': False, 'crecimiento_puntuado': 55.4, 'positive_quarters': 4, 'earnings_accelerating': False, 'eps_accel_quarters': 0, 'profit_margin_pct': 54.8, 'score_bruto_sin_capar': 105.0, 'satura': True}",,422.34,475.0,340.0,15.0,strong_buy,26.1,154.22,-54.0,466.3,39.2,múltiplo propio,4.0,0.41,False,,,reportado,,,,,12229934513.0,,0.88,2.3,7.7,,0.26,4.3,,False,0.91,65.6,Operating Income,133.9,294.0,26.0,2026-10-28,False,True,False,6.0,NEUTRAL,9.0,,3.23,35.3,0.74,,,,,,51.3,27.4,17.2,22.7,2026-10-02 05:45:12,2026-10-02,CONFIRMED_UPTREND,TRADE,False,66,Price below 150/200 MA - weak trend,ACCUMULATION,60,"Moderate accumulation (1.2x ratio, 51% up volume)",MEGA_FLOAT,10879.4,23.0,67.3,35.0,False,flat,41.8,0.0,False,0.0,True,1.0,2.0,3.0,32.0,93.8,Top 10%,51.2,5.0,0.0,0.0,0.0,0.0,0.0,0.0,0.0,False,2/3,59.935,8.0,True,0.0,0.0,0.0,5.0,0.0,0.0,0.0,0.0,0.0,93.2,CONTRADICEN,,80.1,ALTA,False,3.26,2.0,136.0,2,Berkshire Hathaway (Buffett) | Pershing Square (Ackman),-5,MIXED/AVOID (-5),0.0,CONFIRM,5.0,14,0.5732,ALTA,41.77642857142857,⭐ GOOD,,,,,,,,EVENTO,"Alphabet publicó Q2 2026 sólido (ingresos +24%, Google Cloud +82%) pero el Free Cash Flow fue negativo por inversión masiva en infraestructura IA (CapEx desmesurado para 2026). El mercado castigó los resultados por preocupación sobre retorno de inversión en IA, no por deterioro operativo.",https://www.rava.com/perfil/GOOGL | https://mx.investing.com/news/stock-market-news/alphabet-bajo-presion-googl-cae-45-en-2-dias-comprar-hoy-o-hay-mejor-opcion-3774188 | https://www.bloomberglinea.com/mercados/alphabet-cae-mas-de-5-pero-wall-street-no-cree-que-sea-hora-de-vender-la-accion/ | https://stockanalysis.com/stocks/goog/history/,False,1,1.048,False,-17.09,41.88,-3.2,sideways,stage4_ma_alcista,ESPERAR,"Ha perdido la MA200, aunque la media sigue subiendo — corrección dentro de tendencia, espera a que la recupere","las 14 veces anteriores (RSI normal, bajo su MA200 que sube) o paró casi donde estaba o se desplomó hasta -35% — sin término medio; al año el 86% estaba en positivo (mediana +31%).",14,-5.9,-35.4,86,True,"soporte vivo más cercano en 331.14 (-1.1%), puesto a prueba hace 2 días; aguantó 5 y se rompió 1",331.14,-1.1,2,5,1,False
MSCI,0.0,,,,47.2,MSCI Inc.,61.7,Financial Services,Financial Data & Stock Exchanges,85.0,60.0,36.0,50.0,65.0,545.39,39649853440.0,15.0,4.0,False,down,12.6,False,0.0,12.2,False,0.0,2.2,2.7,False,644.77,-15.4,3.0,False,-2.7,"{'current_ratio': 0.89, 'operating_margin_pct': 56.3}","{'eps_growth_yoy': 12.6, 'op_growth_yoy': 14.6, 'crecimiento_respaldado': True, 'positive_quarters': 4, 'earnings_accelerating': False, 'eps_accel_quarters': 0, 'profit_margin_pct': 40.7, 'score_bruto_sin_capar': 85.0, 'satura': False}",,691.76,760.0,570.0,17.0,strong_buy,26.8,407.19,-25.3,736.08,35.0,múltiplo propio,4.0,0.14,False,,,reportado,,,,,,,8.2,3.78,20.62,,1.52,42.1,1.01,True,-5.93,7.2,Operating Income,7.2,19.6,18.0,2026-10-20,False,True,True,8.0,STRONG,9.0,,3.74,856.0,1.79,BULLISH,0.0,60.0,2.0,0.0,10.700000000000005,0.0,14.2,18.5,2026-10-02 05:45:12,2026-10-02,CONFIRMED_UPTREND,TRADE,False,50,Price below 150/200 MA - weak trend,DISTRIBUTION,35,"Moderate distribution (0.8x ratio, 44% up volume)",HIGH_FLOAT,69.0,27.0,32.7,15.0,False,down,4.0,0.0,False,0.0,False,0.0,0.0,11.0,32.0,68.8,Medio,30.3,0.0,0.0,0.0,0.0,5.0,0.0,0.0,0.0,False,1/3,56.28999999999999,0.0,True,3.0,3.0,3.0,5.0,-0.04,-0.04,0.0,0.0,0.0,60.3,CONTRADICEN,,52.1,ALTA,False,3.35,10.0,41.0,0,,-8,RELIABLE/AVOID (-8),0.0,WATCH,9.0,37,0.4721,MEDIA,6.17,⭐ GOOD,,,,,,,,SIN_DATOS,,,False,1,0.745,False,-15.11,10.06,-16.25,downtrend,stage1,ESPERAR,En caída (bajo MA200 descendente) — espera a que haga suelo,"las 15 veces anteriores (RSI normal, bajo su MA200 que sube) cayó otro 7% de mediana (peor caso -33%); al año el 87% estaba en positivo (mediana +18%).",15,-7.1,-32.9,87,False,"soporte vivo más cercano en 540.36 (-0.9%), puesto a prueba hace 9 días; aguantó 19 y se rompió 4",540.36,-0.9,9,19,4,False
NYT,0.0,,,,56.0,The New York Times Company,67.0,Communication Services,Publishing,90.0,70.0,24.0,75.0,65.0,63.71,10275377152.0,15.0,5.5,False,down,12.6,True,1.0,11.2,True,1.0,8.6,7.1,True,87.1,-26.9,2.0,False,-6.0,"{'roe_pct': 19.7, 'current_ratio': 1.58, 'operating_margin_pct': 17.1}","{'eps_growth_yoy': 12.6, 'op_growth_yoy': 11.5, 'crecimiento_respaldado': True, 'positive_quarters': 4, 'earnings_accelerating': True, 'eps_accel_quarters': 1, 'profit_margin_pct': 13.3, 'score_bruto_sin_capar': 90.0, 'satura': False}",,78.56,90.0,63.0,9.0,buy,23.3,89.0,39.7,75.5,18.5,múltiplo propio,4.0,0.16,False,,,reportado,,,,,,,0.92,6.08,3.87,,1.44,32.1,0.96,False,-0.79,420.4,Operating Income,423.0,14.0,33.0,2026-11-04,False,True,False,8.0,STRONG,9.0,,4.69,52.6,0.78,,,,,,16.9,0.0,16.8,20.1,2026-10-02 05:45:12,2026-10-02,CONFIRMED_UPTREND,TRADE,False,33,Price below 150/200 MA - weak trend,ACCUMULATION,60,"Moderate accumulation (1.2x ratio, 53% up volume)",HIGH_FLOAT,133.7,20.0,36.9,15.0,False,down,5.5,0.0,True,1.0,True,1.0,5.0,,32.0,,Sin datos suficientes,5.5,0.0,0.0,0.0,-5.0,0.0,0.0,0.0,0.0,False,2/3,63.5,8.0,True,6.0,0.0,0.0,3.0,-0.56,1.14,1.0,1.0,0.0,21.2,DISPERSOS,23.3,-5.8,,False,2.91,10.0,69.0,1,Berkshire Hathaway (Buffett),0,RELIABLE/INSUFFICIENT (0),0.0,,0.0,46,0.5599,ALTA,0.0,⭐ GOOD,,,,,,,,EVENTO,"<cite index=""1-6"">La caída fue gatillada por un miss en el crecimiento de suscriptores digitales y una reset de guidance</cite> en Q2 2026 (agosto). <cite index=""5-16,6-3"">El free cash flow margin se derrumbó a 1.3% desde 15.1% YoY</cite>, lo que disparó una venta masiva del 14-15% en un día.",https://weissratings.com/en/instant-news-alerts/the-new-york-times-company-nyt-down-14-6-should-i-pull-back-now | https://finance.yahoo.com/markets/stocks/articles/nyt-stock-fell-12-8-173000308.html | https://stockanalysis.com/stocks/nyt/ | https://simplywall.st/stocks/us/media/nyse-nyt/new-york-times/news/new-york-times-nyt-stock-drops-hard-despite-digital-subscrip,False,1,1.176,False,-26.63,18.76,-42.5,downtrend,stage4_ma_alcista,ESPERAR,"Ha perdido la MA200, aunque la media sigue subiendo — corrección dentro de tendencia, espera a que la recupere","las 17 veces anteriores (RSI normal, bajo su MA200 que sube) o paró casi donde estaba o se desplomó hasta -41% — sin término medio; al año el 59% estaba en positivo (mediana +27%).",17,-9.9,-41.3,59,True,"soporte vivo más cercano en 63.16 (-0.9%), puesto a prueba hace 9 días; aguantó 1 de 1 veces",63.16,-0.9,9,1,0,False
ADSK,0.0,,,,40.1,"Autodesk, Inc.",69.0,Technology,Software - Application,100.0,70.0,24.0,65.0,70.0,211.31,44163788800.0,15.0,10.2,False,flat,57.2,False,0.0,16.1,True,1.0,4.4,3.7,False,326.2,-35.2,0.0,False,-9.4,"{'roe_pct': 53.9, 'debt_to_equity': 1.1, 'current_ratio': 0.85, 'operating_margin_pct': 29.2}","{'eps_growth_yoy': 57.2, 'op_growth_yoy': 32.9, 'crecimiento_respaldado': True, 'positive_quarters': 4, 'earnings_accelerating': False, 'eps_accel_quarters': 0, 'profit_margin_pct': 21.1, 'score_bruto_sin_capar': 105.0, 'satura': True}",,307.54,375.0,215.0,34.0,buy,45.5,248.97,17.8,,,,,,,,múltiplo propio 59x fuera del rango 8-45,reportado,,,,,,,,6.39,13.5,,,,0.48,True,-1.86,,,,59.6,56.0,2026-11-27,False,True,False,7.0,NEUTRAL,9.0,,4.1,645.3,1.3,,,,,,4.700000000000003,0.0,12.0,20.7,2026-10-02 05:45:12,2026-10-02,CONFIRMED_UPTREND,TRADE,False,0,Price below 150/200 MA - weak trend,NEUTRAL,40,"No clear pattern (0.9x ratio, 47% up volume)",MEGA_FLOAT,208.4,25.0,32.7,15.0,False,flat,10.2,0.0,False,0.0,True,1.0,2.0,10.0,32.0,71.9,Medio,30.3,0.0,0.0,0.0,-5.0,0.0,0.0,0.0,0.0,False,1/3,54.60499999999999,8.0,True,6.0,0.0,3.0,5.0,-0.36,-1.7,0.0,1.0,0.0,,,31.6,27.7,MEDIA,True,5.69,5.0,28.0,0,,-8,RELIABLE/AVOID (-8),0.0,BEST,8.0,13,0.401,BAJA,0.0,⭐ GOOD,,,,,,,,SENTIMIENTO,"Autodesk ha caído ~33% en 12 meses a pesar de resultados sólidos: 3 trimestres consecutivos superando EPS, revenue creciendo 16-18% YoY, free cash flow +54% en FY26, y guidance elevada. La caída refleja rotación sector software y compresión de múltiplos tras máximos, no deterioro operativo.",https://www.tikr.com/es/blog/autodesk-stock-is-down-17-ytd-what-the-numbers-say-about-2026 | https://www.sec.gov/Archives/edgar/data/0000769397/000119312526387877/d103766d8k.htm | https://simplywall.st/es/stocks/us/software/nasdaq-adsk/autodesk/news/las-acciones-de-autodesk-adsk-podrian-estar-infravaloradas-e/amp | https://simplywall.st/es/stocks/us/software/nasdaq-adsk/autodesk/news/sigue-siendo-,False,1,0.726,False,-35.22,13.91,-28.33,downtrend,stage1,ESPERAR,En caída (bajo MA200 descendente) — espera a que haga suelo,"las 15 veces anteriores (RSI normal, bajo su MA200 que baja) cayó otro 9% de mediana (peor caso -41%); al año el 73% estaba en positivo (mediana +18%).",15,-8.6,-40.6,73,False,"soporte vivo más cercano en 206.33 (-2.4%), puesto a prueba hace 6 días; aguantó 2 y se rompió 1",206.33,-2.4,6,2,1,False
CBOE,63.900000000000006,Excellent,Stage Unknown,27.11734691997296,56.0,"Cboe Global Markets, Inc.",80.2,Financial Services,Financial Data & Stock Exchanges,100.0,90.0,38.3,100.0,50.0,277.19,28947232768.0,35.0,27.5,False,down,50.2,False,0.0,22.9,True,2.0,3.0,2.9,False,371.18,-25.3,2.0,False,-3.6,"{'roe_pct': 26.3, 'debt_to_equity': 0.28, 'current_ratio': 1.56, 'operating_margin_pct': 34.6}","{'eps_growth_yoy': 50.2, 'op_growth_yoy': 33.6, 'crecimiento_respaldado': True, 'positive_quarters': 4, 'earnings_accelerating': False, 'eps_accel_quarters': 0, 'profit_margin_pct': 26.7, 'score_bruto_sin_capar': 105.0, 'satura': True}",,315.64,356.0,258.0,14.0,hold,13.9,496.53,79.1,326.45,17.8,múltiplo propio,4.0,1.22,True,,,reportado,,,,,,,3.44,6.54,18.13,,1.25,22.4,1.27,False,-0.19,33.6,Operating Income,36.6,20.1,28.0,2026-10-30,False,True,False,8.0,STRONG,9.0,,5.37,65.7,0.61,,,,,,43.400000000000006,25.6,16.8,24.1,2026-10-02 05:45:12,2026-10-02,CONFIRMED_UPTREND,TRADE,False,50,Price below 150/200 MA - weak trend,STRONG_ACCUMULATION,75,"Strong institutional buying (1.0x ratio, 50% up volume)",HIGH_FLOAT,104.0,20.0,66.4,35.0,False,down,27.5,0.0,False,0.0,True,2.0,2.0,11.0,32.0,68.8,Medio,30.3,0.0,0.0,0.0,-5.0,0.0,0.0,0.0,0.0,False,2/3,53.88,0.0,True,6.0,0.0,0.0,5.0,0.0,0.16,0.0,0.0,0.0,61.3,DISPERSOS,17.8,-34.6,,False,1.74,10.0,43.0,0,,-8,RELIABLE/AVOID (-8),0.0,WATCH,3.0,44,0.5599,ALTA,32.47,⭐ GOOD,,,,,,,,SENTIMIENTO,"Cboe registró resultados excepcionales en Q1-Q2 2026 (crecimiento de ingresos 25-29%, EPS +45-54%) y elevó guidance significativamente. La caída obedece a rotación sectorial tras aprobación de futuros perpetuos en junio 2026 que aumentó preocupaciones competitivas, no a deterioro del negocio.",https://www.sec.gov/Archives/edgar/data/0001374310/000162828026029103/cboe-20260501xex991.htm | https://www.sec.gov/Archives/edgar/data/0001374310/000162828026051217/cboe-20260731xex991.htm | https://www.sec.gov/Archives/edgar/data/1374310/000162828026005944/cboe-20260206xex991.htm | https://ir.cboe.com/news/news-details/2026/Cboe-Global-Markets-Reports-Results-for-First-Quarter-2026-and-Continued,False,1,1.064,False,-24.96,22.37,-21.02,sideways,stage4_ma_alcista,ESPERAR,"Ha perdido la MA200, aunque la media sigue subiendo — corrección dentro de tendencia, espera a que la recupere","las 16 veces anteriores (RSI normal, bajo su MA200 que sube) cayó otro 4% de mediana (peor caso -34%); al año el 88% estaba en positivo (mediana +22%).",16,-3.8,-33.5,88,False,"soporte vivo más cercano en 270.53 (-2.4%), puesto a prueba hace 16 días; aguantó 5 y se rompió 2",270.53,-2.4,16,5,2,False
SAP,0.0,,,,29.8,SAP SE,74.8,Technology,Software - Application,95.0,60.0,56.6,90.0,65.0,210.79,243294715904.0,35.0,35.7,False,up,28.5,False,0.0,9.4,True,1.0,0.4,2.2,False,281.37,-25.1,4.0,False,2.7,"{'roe_pct': 18.3, 'debt_to_equity': 0.22, 'current_ratio': 1.15, 'operating_margin_pct': 27.6}","{'eps_growth_yoy': 28.5, 'op_growth_yoy': 7.2, 'crecimiento_respaldado': True, 'positive_quarters': 4, 'earnings_accelerating': False, 'eps_accel_quarters': 0, 'profit_margin_pct': 20.4, 'score_bruto_sin_capar': 95.0, 'satura': False}",,251.5,319.0,177.0,12.0,buy,19.3,227.82,8.1,300.48,42.5,múltiplo propio,3.0,0.55,True,2024-12-31,,reportado,,,,,,,2.93,4.07,8.58,,1.4,37.5,1.48,True,-1.45,18.2,Operating Income,20.7,30.6,19.0,2026-10-21,False,True,True,8.0,STRONG,9.0,,0.28,131.1,0.73,,,,,,12.4,0.0,8.9,22.4,2026-10-02 05:45:12,2026-10-02,CONFIRMED_UPTREND,TRADE,False,50,150 MA below 200 MA - not in Stage 2,STRONG_ACCUMULATION,75,"Strong institutional buying (1.5x ratio, 59% up volume)",MEGA_FLOAT,14500.7,23.0,31.4,35.0,False,up,35.7,2.0,False,0.0,True,1.0,2.0,10.0,32.0,71.9,Medio,30.3,0.0,0.0,0.0,0.0,0.0,0.0,0.0,0.0,False,2/3,53.61,8.0,True,3.0,0.0,3.0,5.0,0.0,1.72,1.0,0.0,0.0,34.4,DISPERSOS,19.3,-6.0,,False,2.41,10.0,100.0,0,,-8,RELIABLE/AVOID (-8),0.0,WATCH,3.0,46,0.2979,BAJA,7.48,⭐ GOOD,,,,,,,,EVENTO,"SAP sufrió dos shocks sucesivos pero acotados: en enero 2026, guidance de cloud 2026 decepcionó expectativas (-14-15% en un día); en julio 2026, después de reportar Q2 sólido (cloud +24% constantes, cartera +27%), recortó guidance de EBIT 2026 por €100M+ en dilución de adquisiciones Dremio y Prior L",https://es.investing.com/news/transcripts/transcripcion-del-informe-de-resultados-sap-q1-2026-muestra-resultados-mixtos-la-accion-cae-93CH-3619031 | https://news.sap.com/2026/04/sap-to-announce-q1-2026-results/ | https://www.megabolsa.com/2026/04/24/resultados-de-sap-en-el-primer-trimestre-mejores-de-lo-esperado/ | https://www.sap.com/docs/download/investors/2026/sap-2026-q2-statement.pdf,False,2,0.741,False,-23.78,45.4,7.77,uptrend,stage1,VIGILAR,Construyendo base (lateral) — espera la reconquista de las medias,"las 12 veces anteriores (RSI normal, sobre su MA200 que baja) cayó otro 13% de mediana (peor caso -41%); al año el 50% estaba en positivo (mediana -3%).",12,-12.8,-40.9,50,False,"soporte vivo más cercano en 208.57 (-1.1%), puesto a prueba hace 13 días; aguantó 3 de 3 veces",208.57,-1.1,13,3,0,False
VRSN,0.0,,,,51.4,"VeriSign, Inc.",62.3,Technology,Software - Infrastructure,75.0,60.0,56.7,50.0,60.0,286.9,25935759360.0,60.0,61.4,False,up,4.4,False,0.0,6.0,True,1.0,2.2,3.0,False,312.48,-8.2,6.0,False,-0.5,"{'current_ratio': 0.59, 'operating_margin_pct': 68.2}","{'eps_growth_yoy': 4.4, 'op_growth_yoy': 5.6, 'crecimiento_respaldado': True, 'positive_quarters': 4, 'earnings_accelerating': False, 'eps_accel_quarters': 0, 'profit_margin_pct': 49.8, 'score_bruto_sin_capar': 75.0, 'satura': False}",,324.4,355.0,285.0,5.0,buy,13.1,320.71,11.8,243.84,-15.0,múltiplo propio,4.0,0.26,False,,,reportado,,,,,,,3.24,4.16,11.94,,1.15,34.3,,True,-3.09,15.3,Operating Income,15.5,7.7,20.0,2026-10-22,False,True,True,8.0,STRONG,9.0,,4.12,501.6,2.13,,,,,,51.1,0.0,15.4,18.7,2026-10-02 05:45:12,2026-10-02,CONFIRMED_UPTREND,TRADE,True,100,Passes Minervini Template (6/6 criteria),ACCUMULATION,65,"Moderate accumulation (1.3x ratio, 56% up volume)",HIGH_FLOAT,84.9,0.0,34.1,60.0,False,up,61.4,2.0,False,0.0,True,1.0,2.0,2.0,32.0,96.9,Top 10%,57.6,5.0,0.0,3.0,5.0,0.0,0.0,0.0,0.0,False,3/3,49.99000000000001,8.0,True,3.0,0.0,3.0,3.0,0.0,2.01,1.0,0.0,0.0,26.8,CONTRADICEN,,28.1,MEDIA,False,1.64,10.0,29.0,1,Berkshire Hathaway (Buffett),-10,UNRELIABLE/AVOID (-10),3.0,CONFIRM,11.0,44,0.5142,MEDIA,22.73,🔵 DECENT,,,,,,,,,,,False,2,0.915,False,-7.92,38.65,-6.05,sideways,stage2,VIGILAR,Sobre MA200 pero las medias aún no están apiladas (50>150>200) — falta confirmación,"las 40 veces anteriores (RSI normal, sobre su MA200 que sube) cayó otro 10% de mediana (peor caso -30%); al año el 78% estaba en positivo (mediana +10%).",40,-10.5,-29.8,78,False,"soporte vivo más cercano en 278.91 (-2.8%), puesto a prueba hace 3 días; aguantó 4 y se rompió 1",278.91,-2.8,3,4,1,False
WM,0.0,,,,36.4,"Waste Management, Inc.",59.5,Industrials,Waste Management,80.0,70.0,24.0,45.0,65.0,201.9,80702496768.0,15.0,0.0,False,down,8.1,True,1.0,4.0,True,2.0,1.5,2.7,False,248.13,-18.6,3.0,False,-8.1,"{'roe_pct': 29.8, 'debt_to_equity': 2.35, 'current_ratio': 0.91, 'operating_margin_pct': 19.0}","{'eps_growth_yoy': 8.1, 'op_growth_yoy': 6.9, 'crecimiento_respaldado': True, 'positive_quarters': 4, 'earnings_accelerating': True, 'eps_accel_quarters': 1, 'profit_margin_pct': 11.1, 'score_bruto_sin_capar': 80.0, 'satura': False}",,259.92,277.0,220.0,25.0,buy,28.7,233.46,15.6,207.42,2.7,múltiplo propio,4.0,0.17,False,,,reportado,,,,,,,3.78,4.08,8.24,,1.85,50.1,1.5,False,-0.47,5.2,Operating Income,5.0,8.3,25.0,2026-10-27,False,True,False,8.0,STRONG,9.0,,4.45,22.6,2.95,BULLISH,0.0,60.0,1.0,0.0,7.0,0.0,10.9,17.8,2026-10-02 05:45:12,2026-10-02,CONFIRMED_UPTREND,TRADE,False,50,Price below 150/200 MA - weak trend,STRONG_DISTRIBUTION,5,"Strong selling pressure (0.4x ratio, 30% up volume)",MEGA_FLOAT,398.5,33.0,28.8,15.0,False,down,0.0,0.0,True,1.0,True,2.0,5.0,30.0,32.0,9.4,Bottom 25%,2.4,-3.0,0.0,0.0,0.0,5.0,0.0,0.0,0.0,False,1/3,48.620000000000005,0.0,True,3.0,3.0,0.0,3.0,0.0,0.0,0.0,0.0,0.0,12.9,COHERENTES,15.6,19.5,,False,3.59,10.0,112.0,0,,-8,RELIABLE/AVOID (-8),0.0,WATCH,3.0,45,0.3636,BAJA,5.949999999999999,🔵 DECENT,,,,,,,,CICLICO,"La caída refleja presión cíclica en precios de commodities de reciclaje (reducción de márgenes en ese segmento) y volúmenes más débiles en Healthcare Solutions, reportados en Q2 2026 (julio 28). Sin embargo, el negocio core de recolección y disposición muestra márgenes récord, flujo de caja fuerte (",https://www.sec.gov/Archives/edgar/data/0000823768/000110465926050425/tm2612889d1_ex99-1.htm | https://www.sec.gov/Archives/edgar/data/0000823768/000110465926087575/tm2621414d1_ex99-1.htm | https://www.sec.gov/Archives/edgar/data/823768/000110465926007476/tm264211d1_ex99-1.htm | https://finance.yahoo.com/quote/WM/earnings/WM-Q1-2026-earnings_call-548541.html,False,1,0.69,False,-17.95,5.75,-30.57,downtrend,stage1,ESPERAR,En caída (bajo MA200 descendente) — espera a que haga suelo,"las 17 veces anteriores (RSI normal, bajo su MA200 que sube) cayó otro 4% de mediana (peor caso -22%); al año el 100% estaba en positivo (mediana +28%).",17,-4.1,-21.7,100,False,"el soporte más cercano está en 198.35 (-1.8%), sin visitar desde hace 11 meses; aguantó 3 de 3 veces",198.35,-1.8,338,3,0,True
KO,0.0,,,,44.3,The Coca-Cola Company,72.3,Consumer Defensive,Beverages - Non-Alcoholic,85.0,70.0,56.7,80.0,60.0,86.1,370449448960.0,60.0,64.0,False,up,16.1,False,0.0,6.7,True,2.0,0.9,2.8,False,92.49,-6.9,6.0,False,-1.6,"{'roe_pct': 42.1, 'debt_to_equity': 1.16, 'current_ratio': 1.3, 'operating_margin_pct': 34.9}","{'eps_growth_yoy': 16.1, 'op_growth_yoy': 7.9, 'crecimiento_respaldado': True, 'positive_quarters': 4, 'earnings_accelerating': False, 'eps_accel_quarters': 0, 'profit_margin_pct': 28.6, 'score_bruto_sin_capar': 85.0, 'satura': False}",,94.65,104.0,75.0,23.0,buy,9.9,85.95,-0.2,77.71,-9.7,múltiplo propio,4.0,0.17,False,,,reportado,,,,,,,2.12,3.84,3.31,,2.46,62.5,2.85,False,-0.05,10.2,Operating Income,12.0,16.9,25.0,2026-10-27,False,True,False,7.0,NEUTRAL,9.0,,3.72,77.0,2.13,NEUTRAL,1.41,70.0,4.0,3.0,47.0,0.0,13.3,21.7,2026-10-02 05:45:12,2026-10-02,CONFIRMED_UPTREND,TRADE,True,100,Passes Minervini Template (6/6 criteria),ACCUMULATION,60,"Moderate accumulation (1.2x ratio, 54% up volume)",MEGA_FLOAT,3874.0,3.0,35.0,60.0,False,up,64.0,2.0,False,0.0,True,2.0,2.0,8.0,32.0,78.1,Top 25%,32.0,3.0,0.0,3.0,5.0,0.0,0.0,0.0,0.0,False,3/3,48.135000000000005,0.0,True,3.0,3.0,0.0,5.0,-0.05,-0.05,0.0,0.0,0.0,9.5,COHERENTES,-0.2,14.8,,False,1.24,5.0,86.0,1,Berkshire Hathaway (Buffett),-8,RELIABLE/AVOID (-8),0.0,CONFIRM,11.0,46,0.4433,BAJA,23.73,🔵 DECENT,,,,,,,,,,,False,2,0.78,False,-6.35,34.25,-3.46,sideways,stage2,VIGILAR,Sobre MA200 pero las medias aún no están apiladas (50>150>200) — falta confirmación,"las 42 veces anteriores (RSI normal, sobre su MA200 que sube) cayó otro 6% de mediana (peor caso -30%); al año el 76% estaba en positivo (mediana +5%).",42,-6.2,-30.3,76,False,"soporte vivo más cercano en 84.90 (-1.4%), puesto a prueba hace 1 días; aguantó 1 de 1 veces",84.9,-1.4,1,1,0,False
4684.T,0.0,,,,41.1,"OBIC Co.,Ltd.",78.3,Technology,Software - Application,95.0,70.0,79.0,70.0,60.0,5074.0,2178744451072.0,,,,,16.4,True,1.0,11.5,True,1.0,,,False,5217.0,-2.7,6.0,False,7.5,"{'roe_pct': 16.6, 'current_ratio': 7.21, 'operating_margin_pct': 67.7}","{'eps_growth_yoy': 16.4, 'op_growth_yoy': 13.3, 'crecimiento_respaldado': True, 'positive_quarters': 4, 'earnings_accelerating': True, 'eps_accel_quarters': 1, 'profit_margin_pct': 56.2, 'score_bruto_sin_capar': 95.0, 'satura': False}",,5513.33,6200.0,4500.0,12.0,buy,8.7,5105.29,0.6,5270.63,3.9,múltiplo propio,4.0,0.41,False,,,reportado,,,,,,,94.0,3.32,168.46,,1.88,49.0,1.33,,,,,,19.5,25.0,2026-10-27,False,True,False,4.0,NEUTRAL,9.0,,4.52,35.7,2.12,,,,,,27.8,0.0,12.3,23.5,2026-10-02 05:45:12,2026-10-02,CONFIRMED_UPTREND,TRADE,False,66,150 MA below 200 MA - not in Stage 2,ACCUMULATION,65,"Moderate accumulation (1.4x ratio, 57% up volume)",MEGA_FLOAT,317.8,23.0,35.8,,,,,0.0,True,1.0,True,1.0,5.0,10.0,32.0,71.9,Medio,30.3,0.0,0.0,5.0,5.0,0.0,0.0,0.0,0.0,False,2/3,55.575,8.0,True,3.0,3.0,0.0,5.0,0.0,0.0,0.0,0.0,0.0,3.3,COHERENTES,3.9,6.4,,False,1.09,0.0,93.0,0,,0,,0.0,,0.0,14,0.4111,BAJA,30.33,🔵 DECENT,,,,,,,,,,,False,2,0.814,False,-5.74,40.77,17.8,uptrend,stage2,VIGILAR,Sobre MA200 pero las medias aún no están apiladas (50>150>200) — falta confirmación,"las 46 veces anteriores (RSI normal, sobre su MA200 que sube) cayó otro 10% de mediana (peor caso -32%); al año el 78% estaba en positivo (mediana +19%).",46,-9.9,-31.5,78,False,"soporte vivo más cercano en 4902.18 (-3.5%), puesto a prueba hace 8 días; aguantó 3 y se rompió 3",4902.18,-3.5,8,3,3,False
KVUE,0.0,,,,36.4,Kenvue Inc.,57.8,Consumer Defensive,Household & Personal Products,70.0,50.0,44.0,70.0,50.0,17.22,33075718144.0,35.0,37.1,False,down,8.6,False,0.0,3.0,False,0.0,3.5,2.1,False,20.13,-14.5,4.0,False,-6.6,"{'roe_pct': 15.6, 'debt_to_equity': 0.82, 'current_ratio': 1.0, 'operating_margin_pct': 19.4}","{'eps_growth_yoy': 8.6, 'op_growth_yoy': 0.8, 'crecimiento_respaldado': True, 'positive_quarters': 4, 'earnings_accelerating': False, 'eps_accel_quarters': 0, 'profit_margin_pct': 10.8, 'score_bruto_sin_capar': 70.0, 'satura': False}",,19.5,23.0,18.0,12.0,none,13.2,17.92,4.1,17.89,3.9,múltiplo propio,3.0,0.72,True,,,reportado,,,,,,,0.84,5.59,0.96,,4.76,97.7,,False,-0.26,6.9,Operating Income,6.2,4.2,34.0,2026-11-05,False,True,False,7.0,NEUTRAL,9.0,,6.69,122.7,,,,,,,8.3,0.0,10.9,17.3,2026-10-02 05:45:12,2026-10-02,CONFIRMED_UPTREND,TRADE,False,83,Price below 150/200 MA - weak trend,ACCUMULATION,60,"Moderate accumulation (1.0x ratio, 50% up volume)",MEGA_FLOAT,1918.1,23.0,28.3,35.0,False,down,37.1,0.0,False,0.0,False,0.0,0.0,22.0,32.0,34.4,Bajo 50%,12.2,0.0,0.0,3.0,0.0,0.0,0.0,0.0,0.0,False,2/3,61.94,0.0,True,6.0,-2.0,0.0,1.0,0.0,0.0,0.0,0.0,0.0,0.2,COHERENTES,4.1,9.2,,False,1.65,5.0,8.0,1,Appaloosa (Tepper),8,RELIABLE/BUY (+8),0.0,,0.0,46,0.3636,BAJA,14.78,🔵 DECENT,,,,,,,,,,,False,2,0.773,False,-12.47,30.27,-13.04,sideways,stage4_ma_alcista,ESPERAR,"Ha perdido la MA200, aunque la media sigue subiendo — corrección dentro de tendencia, espera a que la recupere","las 2 veces anteriores (RSI normal, bajo su MA200 que sube) cayó otro 33% de mediana (peor caso -36%); al año el 0% estaba en positivo (mediana -15%). ⚠ solo 2 casos, no decide nada",2,-33.0,-35.9,0,False,"el soporte más cercano está en 16.83 (-2.3%), sin visitar desde hace 6 meses; aguantó 1 y se rompió 2",16.83,-2.3,204,1,2,True
MCO,0.0,,,,38.2,Moody's Corporation,68.5,Financial Services,Financial Data & Stock Exchanges,100.0,60.0,36.0,65.0,65.0,447.36,77474242560.0,15.0,3.4,False,down,51.9,True,2.0,15.1,False,0.0,1.9,4.2,False,546.88,-18.2,2.0,False,-7.0,"{'roe_pct': 76.9, 'debt_to_equity': 2.41, 'current_ratio': 1.19, 'operating_margin_pct': 49.5}","{'eps_growth_yoy': 51.9, 'op_growth_yoy': 27.4, 'crecimiento_respaldado': True, 'positive_quarters': 4, 'earnings_accelerating': True, 'eps_accel_quarters': 2, 'profit_margin_pct': 34.3, 'score_bruto_sin_capar': 125.0, 'satura': True}",,561.9,610.0,496.0,21.0,buy,25.6,318.41,-28.8,607.23,35.7,múltiplo propio,4.0,0.19,False,,,reportado,,,,,,,4.12,3.86,17.27,,0.91,25.0,0.81,False,,14.1,Operating Income,14.5,56.7,19.0,2026-10-21,False,True,True,8.0,STRONG,9.0,,4.13,107.9,1.05,,,,,,5.0,0.0,11.5,20.6,2026-10-02 05:45:12,2026-10-02,CONFIRMED_UPTREND,TRADE,False,16,Price below 150/200 MA - weak trend,DISTRIBUTION,35,"Moderate distribution (0.8x ratio, 44% up volume)",HIGH_FLOAT,158.5,27.0,32.0,15.0,False,down,3.4,0.0,True,2.0,False,0.0,5.0,11.0,32.0,68.8,Medio,30.3,0.0,0.0,0.0,-5.0,0.0,0.0,0.0,0.0,False,1/3,45.31,0.0,True,3.0,0.0,0.0,5.0,0.0,0.25,0.0,0.0,0.0,64.5,CONTRADICEN,,54.4,ALTA,False,3.2,10.0,55.0,1,Berkshire Hathaway (Buffett),-8,RELIABLE/AVOID (-8),0.0,CAUTION,2.0,46,0.3821,BAJA,0.0,🔵 DECENT,,,,,,,,,,,False,1,0.937,False,-17.65,11.95,-15.13,sideways,stage1,VIGILAR,Construyendo base (lateral) — espera la reconquista de las medias,"las 9 veces anteriores (RSI normal, bajo su MA200 que baja) o paró casi donde estaba o se desplomó hasta -25% — sin término medio; al año el 89% estaba en positivo (mediana +23%).",9,-13.7,-24.7,89,True,"soporte vivo más cercano en 443.90 (-0.8%), puesto a prueba hace 2 días; aguantó 7 y se rompió 5",443.9,-0.8,2,7,5,False
LMT,0.0,,,,41.1,Lockheed Martin Corporation,67.8,Industrials,Aerospace & Defense,100.0,70.0,24.0,60.0,65.0,505.5,116664721408.0,15.0,5.9,False,down,436.8,True,2.0,10.5,True,1.0,1.2,2.3,False,692.0,-27.0,1.0,False,-9.0,"{'roe_pct': 89.2, 'debt_to_equity': 2.34, 'current_ratio': 1.19, 'operating_margin_pct': 12.0}","{'eps_growth_yoy': 436.8, 'op_growth_yoy': 231.4, 'crecimiento_respaldado': False, 'crecimiento_puntuado': 256.4, 'positive_quarters': 4, 'earnings_accelerating': True, 'eps_accel_quarters': 2, 'profit_margin_pct': 8.2, 'score_bruto_sin_capar': 115.0, 'satura': True}",,636.74,756.0,503.0,19.0,buy,26.0,897.8,77.6,553.78,9.6,múltiplo propio,4.0,0.33,False,,,reportado,,,,,,,13.8,7.5,37.91,,2.71,50.3,2.63,True,-1.37,8.2,Operating Income,7.7,310.7,20.0,2026-10-22,False,True,True,6.0,NEUTRAL,9.0,,5.79,70.9,,,,,,,8.700000000000003,0.0,12.3,20.3,2026-10-02 05:45:12,2026-10-02,CONFIRMED_UPTREND,TRADE,False,16,Price below 150/200 MA - weak trend,DISTRIBUTION,35,"Moderate distribution (0.9x ratio, 45% up volume)",HIGH_FLOAT,197.4,27.0,32.7,15.0,False,down,5.9,0.0,True,2.0,True,1.0,8.0,20.0,32.0,40.6,Bajo 50%,13.6,0.0,0.0,0.0,-5.0,0.0,0.0,0.0,0.0,False,1/3,45.075,0.0,True,6.0,3.0,3.0,5.0,-0.17,-0.54,0.0,0.0,0.0,68.0,DISPERSOS,26.0,-17.6,,False,3.25,2.0,35.0,0,,-8,RELIABLE/AVOID (-8),0.0,BEST,5.0,14,0.411,BAJA,0.0,🔵 DECENT,,,,,,,,,,,False,1,0.768,False,-26.02,17.7,-34.88,downtrend,stage4_ma_alcista,ESPERAR,"Ha perdido la MA200, aunque la media sigue subiendo — corrección dentro de tendencia, espera a que la recupere","las 19 veces anteriores (RSI normal, bajo su MA200 que sube) cayó otro 9% de mediana (peor caso -25%); al año el 89% estaba en positivo (mediana +20%).",19,-9.2,-24.6,89,False,"soporte vivo más cercano en 496.98 (-1.7%), puesto a prueba hace 1 días; aguantó 5 y se rompió 1",496.98,-1.7,1,5,1,False
GGG,0.0,,,,19.2,Graco Inc.,68.6,Industrials,Specialty Industrial Machinery,95.0,60.0,26.7,95.0,55.0,77.76,12593529856.0,15.0,10.9,False,down,13.6,True,1.0,3.3,True,1.0,4.3,2.2,False,95.69,-18.7,1.0,False,-2.0,"{'roe_pct': 21.2, 'debt_to_equity': 0.02, 'current_ratio': 2.99, 'operating_margin_pct': 29.7}","{'eps_growth_yoy': 13.6, 'op_growth_yoy': 11.2, 'crecimiento_respaldado': True, 'positive_quarters': 4, 'earnings_accelerating': True, 'eps_accel_quarters': 1, 'profit_margin_pct': 23.5, 'score_bruto_sin_capar': 95.0, 'satura': False}",,91.29,100.0,84.0,7.0,hold,17.4,78.1,0.4,88.16,13.4,múltiplo propio,4.0,0.19,False,,,reportado,,,,,,,1.18,4.98,3.87,,1.54,35.8,1.19,True,-1.68,194.7,Operating Income,205.3,5.8,19.0,2026-10-21,False,True,True,6.0,NEUTRAL,9.0,,5.03,34.2,4.45,,,,,,3.0,0.0,5.8,20.6,2026-10-02 05:45:12,2026-10-02,CONFIRMED_UPTREND,TRADE,False,16,Price below 150/200 MA - weak trend,DISTRIBUTION,25,"Moderate distribution (0.6x ratio, 36% up volume)",HIGH_FLOAT,160.3,27.0,26.3,15.0,False,down,10.9,0.0,True,1.0,True,1.0,5.0,6.0,32.0,84.4,Top 25%,44.2,3.0,0.0,0.0,-5.0,0.0,0.0,0.0,0.0,False,1/3,42.400000000000006,0.0,True,3.0,3.0,3.0,3.0,0.0,0.0,0.0,0.0,0.0,13.0,COHERENTES,13.4,10.5,,False,2.17,2.0,81.0,0,,-8,RELIABLE/AVOID (-8),0.0,,0.0,14,0.1922,BAJA,0.0,🔵 DECENT,,,,,,,,,,,False,0,0.777,False,-18.14,7.67,-24.51,downtrend,stage1,ESPERAR,En caída (bajo MA200 descendente) — espera a que haga suelo,"las 13 veces anteriores (RSI normal, bajo su MA200 que baja) cayó otro 10% de mediana (peor caso -22%); al año el 77% estaba en positivo (mediana +17%).",13,-9.8,-21.8,77,False,"soporte vivo más cercano en 76.88 (-1.1%), puesto a prueba hace 31 días; aguantó 2 y se rompió 1",76.88,-1.1,31,2,1,False
META,82.77499999999999,Excellent,Stage 2 Strong,23.552651527249235,41.1,"Meta Platforms, Inc.",69.5,Communication Services,Internet Content & Information,55.0,80.0,63.9,95.0,60.0,725.93,1849311100928.0,60.0,60.6,False,up,-13.6,False,0.0,28.0,True,1.0,1.4,1.7,False,779.82,-6.9,5.0,False,16.7,"{'roe_pct': 29.8, 'debt_to_equity': 0.43, 'current_ratio': 2.23, 'operating_margin_pct': 34.8}","{'eps_growth_yoy': -13.6, 'op_growth_yoy': -8.2, 'crecimiento_respaldado': True, 'positive_quarters': 4, 'earnings_accelerating': False, 'eps_accel_quarters': 0, 'profit_margin_pct': 29.8, 'score_bruto_sin_capar': 55.0, 'satura': False}",,794.96,1000.0,580.0,58.0,strong_buy,9.5,,,637.39,-12.2,múltiplo propio,4.0,0.59,False,,,reportado,,"el capex se lleva el 53% del flujo operativo: lo que queda no es lo que gana el dueño, es lo que sobra tras decidir invertir",,,2547506097.0,,2.1,3.28,23.81,,0.29,7.9,,False,-0.16,42.9,Operating Income,44.2,-13.4,26.0,2026-10-28,False,True,False,5.0,NEUTRAL,9.0,,4.45,31.6,0.69,,,,,,58.3,33.1,12.3,20.8,2026-10-02 05:45:12,2026-10-02,CONFIRMED_UPTREND,TRADE,False,66,150 MA below 200 MA - not in Stage 2,ACCUMULATION,65,"Moderate accumulation (1.4x ratio, 58% up volume)",MEGA_FLOAT,2201.8,23.0,66.3,60.0,False,up,60.6,2.0,False,0.0,True,1.0,2.0,3.0,32.0,93.8,Top 10%,51.2,5.0,0.0,3.0,3.0,0.0,0.0,0.0,0.0,False,2/3,44.355,8.0,False,0.0,0.0,0.0,-3.0,1.04,5.25,2.0,0.0,1.5,,,-1.3,21.7,MEDIA,False,1.19,0.0,107.0,1,Pershing Square (Ackman),-5,MIXED/AVOID (-5),0.0,CONFIRM,8.0,14,0.4111,BAJA,61.83749999999999,⚪ WEAK,,,,,,,,,,,False,2,1.388,False,-6.91,39.77,9.5,sideways,stage2,VIGILAR,Sobre MA200 pero las medias aún no están apiladas (50>150>200) — falta confirmación,"las 43 veces anteriores (RSI normal, sobre su MA200 que sube) cayó otro 9% de mediana (peor caso -71%); al año el 79% estaba en positivo (mediana +29%).",43,-9.3,-71.2,79,False,"soporte vivo más cercano en 713.97 (-1.6%), puesto a prueba hace 1 días; aguantó 3 y se rompió 1",713.97,-1.6,1,3,1,False
BR,0.0,,,,15.0,"Broadridge Financial Solutions, Inc.",64.0,Technology,Information Technology Services,80.0,50.0,42.3,80.0,70.0,161.15,18193840128.0,15.0,16.9,False,up,6.4,True,1.0,7.5,False,0.0,2.9,2.6,False,238.73,-32.5,0.0,False,-3.8,"{'roe_pct': 40.9, 'debt_to_equity': 1.24, 'current_ratio': 1.24, 'operating_margin_pct': 24.6}","{'eps_growth_yoy': 6.4, 'op_growth_yoy': 9.5, 'crecimiento_respaldado': True, 'positive_quarters': 4, 'earnings_accelerating': True, 'eps_accel_quarters': 1, 'profit_margin_pct': 15.0, 'score_bruto_sin_capar': 80.0, 'satura': False}",,213.38,250.0,176.0,8.0,buy,32.4,251.52,56.1,296.2,83.8,múltiplo propio,4.0,0.62,False,,,reportado,,,,,,,4.36,6.78,10.93,,2.71,40.6,1.71,True,-2.28,11.6,Operating Income,13.9,5.9,32.0,2026-11-03,False,True,False,8.0,STRONG,9.0,,6.05,176.7,0.64,,,,,,2.7,0.0,4.5,19.2,2026-10-02 05:45:12,2026-10-02,CONFIRMED_UPTREND,TRADE,False,0,Price below 150/200 MA - weak trend,ACCUMULATION,60,"Moderate accumulation (1.1x ratio, 51% up volume)",HIGH_FLOAT,113.5,20.0,23.7,15.0,False,up,16.9,2.0,True,1.0,False,0.0,2.0,16.0,32.0,53.1,Medio,19.8,0.0,0.0,0.0,-5.0,0.0,0.0,0.0,0.0,False,2/3,41.14999999999999,8.0,True,6.0,3.0,3.0,3.0,0.0,0.06,0.0,0.0,0.0,27.7,DISPERSOS,56.1,-37.6,,True,4.05,10.0,7.0,0,,-8,RELIABLE/AVOID (-8),0.0,CAUTION,2.0,46,0.1501,BAJA,0.0,⚪ WEAK,,,,,,,,,,,False,1,0.652,False,-30.95,21.16,-15.65,downtrend,stage4,ESPERAR,En caída (bajo MA200 descendente) — espera a que haga suelo,"las 9 veces anteriores (RSI normal, bajo su MA200 que baja) o paró casi donde estaba o se desplomó hasta -15% — sin término medio; al año el 89% estaba en positivo (mediana +31%).",9,-2.4,-14.8,89,True,"soporte vivo más cercano en 160.73 (-0.3%), puesto a prueba hace 13 días; aguantó 2 y se rompió 1",160.73,-0.3,13,2,1,False
7741.T,0.0,,,,36.4,HOYA Corporation,76.8,Healthcare,Medical Instruments & Supplies,100.0,80.0,30.0,95.0,65.0,24125.0,8047179071488.0,,,,,25.2,True,2.0,12.4,True,2.0,,,False,30400.0,-20.6,2.0,False,-1.4,"{'roe_pct': 26.5, 'debt_to_equity': 0.04, 'current_ratio': 4.91, 'operating_margin_pct': 32.4}","{'eps_growth_yoy': 25.2, 'op_growth_yoy': 14.6, 'crecimiento_respaldado': True, 'positive_quarters': 4, 'earnings_accelerating': True, 'eps_accel_quarters': 2, 'profit_margin_pct': 27.2, 'score_bruto_sin_capar': 115.0, 'satura': True}",,30200.0,36000.0,23100.0,15.0,strong_buy,25.2,16147.63,-33.1,24492.36,1.5,múltiplo propio,4.0,0.22,False,,,reportado,,,,,,,295.0,2.92,704.45,,1.21,39.7,0.78,,,,,,30.0,28.0,2026-10-30,False,True,False,6.0,NEUTRAL,9.0,,7.19,55.3,2.13,,,,,,14.0,0.0,10.9,23.0,2026-10-02 05:45:12,2026-10-02,CONFIRMED_UPTREND,TRADE,False,33,Price below 150/200 MA - weak trend,ACCUMULATION,60,"Moderate accumulation (1.0x ratio, 49% up volume)",MEGA_FLOAT,334.6,23.0,34.0,,,,,0.0,True,2.0,True,2.0,8.0,12.0,32.0,65.6,Medio,29.0,0.0,0.0,0.0,-5.0,0.0,0.0,0.0,0.0,False,2/3,40.28999999999999,5.0,True,0.0,0.0,0.0,5.0,0.0,-1.52,0.0,2.0,0.0,34.6,CONTRADICEN,,58.3,ALTA,False,3.15,2.0,27.0,0,,-8,RELIABLE/AVOID (-8),0.0,,0.0,46,0.3636,BAJA,0.1799999999999997,⚪ WEAK,,,,,,,,,,,False,1,0.909,False,-20.76,21.63,-27.94,downtrend,stage4,ESPERAR,En caída (bajo MA200 descendente) — espera a que haga suelo,"las 13 veces anteriores (RSI normal, bajo su MA200 que baja) o paró casi donde estaba o se desplomó hasta -24% — sin término medio; al año el 92% estaba en positivo (mediana +38%).",13,-3.1,-24.1,92,True,"soporte vivo más cercano en 23910.00 (-0.7%), puesto a prueba hace 29 días; aguantó 5 y se rompió 2",23910.0,-0.7,29,5,2,False
DPZ,0.0,,,,43.5,"Domino's Pizza, Inc.",60.0,Consumer Cyclical,Restaurants,80.0,60.0,24.0,65.0,65.0,295.0,9759112192.0,15.0,2.7,False,down,3.6,True,1.0,4.3,True,1.0,11.2,4.0,True,442.35,-33.3,0.0,False,-10.6,"{'current_ratio': 1.54, 'operating_margin_pct': 19.1}","{'eps_growth_yoy': 3.6, 'op_growth_yoy': 3.1, 'crecimiento_respaldado': True, 'positive_quarters': 4, 'earnings_accelerating': True, 'eps_accel_quarters': 1, 'profit_margin_pct': 11.9, 'score_bruto_sin_capar': 80.0, 'satura': False}",,376.41,450.0,260.0,27.0,buy,27.6,400.8,35.9,437.5,48.3,múltiplo propio,4.0,0.14,False,,,reportado,,,,,,,7.96,6.73,19.85,,2.66,42.3,1.25,True,-3.15,4.9,Operating Income,4.9,4.8,11.0,2026-10-13,False,True,True,8.0,STRONG,9.0,,6.45,106.0,1.18,,,,,,1.0,0.0,13.0,18.0,2026-10-02 05:45:12,2026-10-02,CONFIRMED_UPTREND,TRADE,False,0,Price below 150/200 MA - weak trend,DISTRIBUTION,35,"Moderate distribution (0.7x ratio, 41% up volume)",MEDIUM_FLOAT,30.2,27.0,31.0,15.0,False,down,2.7,0.0,True,1.0,True,1.0,5.0,31.0,32.0,6.2,Bottom 25%,0.9,-3.0,0.0,0.0,-5.0,0.0,0.0,0.0,0.0,False,1/3,43.175,0.0,True,6.0,3.0,3.0,1.0,-0.16,-1.02,0.0,1.0,0.0,12.4,COHERENTES,35.9,-14.5,,False,3.45,10.0,17.0,0,,-5,MIXED/AVOID (-5),0.0,,0.0,44,0.4345,BAJA,0.0,⚪ WEAK,,,,,,,,EVENTO,"Q1 2026: ventas comparables US 0.9% vs. 2.3% esperado, obligó a management a recortar guidance a crecimiento de un dígito bajo. Deterioro puntual atribuible a presión competitiva macro intensa y promociones, no a quiebra del modelo (márgenes operativos siguen expandiéndose, Q2 recovery).",https://www.tikr.com/es/blog/dominos-pizza-stock-is-down-15-in-2026-heres-what-the-valuation-model-says | https://www.tikr.com/es/blog/dominos-pizza-has-fallen-26-from-its-highs-heres-where-the-stock-could-go-in-2026 | https://mx.investing.com/news/analyst-ratings/evercore-isi-recorta-precio-objetivo-de-dominos-pizza-por-menor-perspectiva-93CH-3583450 | https://es.finance.yahoo.com/noticias/accion,False,0,0.648,False,-32.14,5.26,-36.54,downtrend,stage1,ESPERAR,En caída (bajo MA200 descendente) — espera a que haga suelo,"las 14 veces anteriores (RSI normal, bajo su MA200 que baja) o paró casi donde estaba o se desplomó hasta -34% — sin término medio; al año el 71% estaba en positivo (mediana +11%).",14,-8.3,-34.1,71,True,"soporte vivo más cercano en 293.48 (-0.5%), puesto a prueba hace 14 días; aguantó 3 y se rompió 1",293.48,-0.5,14,3,1,False
NDAQ,0.0,,,,12.0,"Nasdaq, Inc.",72.6,Financial Services,Financial Data & Stock Exchanges,85.0,80.0,46.7,75.0,65.0,91.67,51241451520.0,35.0,38.9,False,flat,12.2,False,0.0,20.5,True,1.0,2.0,2.7,False,101.79,-9.9,4.0,False,-3.2,"{'roe_pct': 16.5, 'debt_to_equity': 0.78, 'current_ratio': 1.01, 'operating_margin_pct': 49.3}","{'eps_growth_yoy': 12.2, 'op_growth_yoy': 22.4, 'crecimiento_respaldado': True, 'positive_quarters': 4, 'earnings_accelerating': False, 'eps_accel_quarters': 0, 'profit_margin_pct': 35.0, 'score_bruto_sin_capar': 85.0, 'satura': False}",,109.67,135.0,84.0,15.0,buy,19.6,81.69,-10.9,99.52,8.6,múltiplo propio,4.0,0.46,False,,,reportado,,,,,,,1.16,3.86,3.54,,1.26,32.7,1.29,True,-1.93,7.9,Operating Income,8.3,14.1,20.0,2026-10-22,False,True,True,9.0,STRONG,9.0,,4.05,199.9,1.78,,,,,,5.0,0.0,3.6,21.8,2026-10-02 05:45:12,2026-10-02,CONFIRMED_UPTREND,TRADE,False,50,150 MA below 200 MA - not in Stage 2,DISTRIBUTION,35,"Moderate distribution (0.7x ratio, 41% up volume)",MEGA_FLOAT,496.5,30.0,25.4,35.0,False,flat,38.9,0.0,False,0.0,True,1.0,2.0,11.0,32.0,68.8,Medio,30.3,0.0,0.0,3.0,0.0,0.0,0.0,0.0,0.0,False,1/3,40.14,0.0,True,3.0,0.0,3.0,3.0,0.0,-0.12,0.0,0.0,0.0,19.5,CONTRADICEN,,30.5,MEDIA,False,2.45,10.0,40.0,0,,-8,RELIABLE/AVOID (-8),0.0,WATCH,3.0,44,0.12,BAJA,16.259999999999998,⚪ WEAK,,,,,,,,,,,False,1,0.917,False,-9.03,20.16,-10.55,sideways,stage2,VIGILAR,Sobre MA200 pero las medias aún no están apiladas (50>150>200) — falta confirmación,"las 46 veces anteriores (RSI normal, sobre su MA200 que sube) cayó otro 6% de mediana (peor caso -34%); al año el 87% estaba en positivo (mediana +22%).",46,-6.5,-33.5,87,False,"soporte vivo más cercano en 89.94 (-1.9%), puesto a prueba hace 2 días; aguantó 4 y se rompió 1",89.94,-1.9,2,4,1,False
RACE,0.0,,,,17.9,Ferrari N.V.,73.2,Consumer Cyclical,Auto Manufacturers,95.0,70.0,36.0,90.0,65.0,387.3,67960885248.0,15.0,22.2,False,up,9.0,True,2.0,8.4,True,2.0,2.9,9.9,False,503.78,-23.1,5.0,False,-4.9,"{'roe_pct': 45.4, 'debt_to_equity': 0.86, 'current_ratio': 2.43, 'operating_margin_pct': 31.1}","{'eps_growth_yoy': 9.0, 'op_growth_yoy': 9.5, 'crecimiento_respaldado': True, 'positive_quarters': 4, 'earnings_accelerating': True, 'eps_accel_quarters': 2, 'profit_margin_pct': 22.2, 'score_bruto_sin_capar': 95.0, 'satura': False}",,459.33,517.61,403.78,14.0,strong_buy,18.6,315.05,-18.7,468.3,20.9,múltiplo propio,4.0,0.19,False,,,reportado,,,,,,,4.23,2.6,10.07,,1.08,39.0,0.7,True,-1.12,63.9,Operating Income,63.9,10.1,32.0,2026-11-03,False,True,False,9.0,STRONG,9.0,,3.0,46.7,1.49,,,,,,40.3,0.0,5.4,22.0,2026-10-02 05:45:12,2026-10-02,CONFIRMED_UPTREND,TRADE,True,83,Passes Minervini Template (5/6 criteria),ACCUMULATION,60,"Moderate accumulation (1.2x ratio, 53% up volume)",HIGH_FLOAT,173.5,0.0,27.3,15.0,False,up,22.2,2.0,True,2.0,True,2.0,8.0,,32.0,,Sin datos suficientes,22.2,0.0,0.0,0.0,3.0,0.0,0.0,0.0,0.0,False,3/3,39.67500000000001,0.0,True,0.0,0.0,3.0,3.0,0.29,-0.45,0.0,2.0,0.0,39.6,CONTRADICEN,,37.3,MEDIA,False,2.33,10.0,120.0,0,,-8,RELIABLE/AVOID (-8),0.0,WATCH,3.0,45,0.1793,BAJA,11.82,⚪ WEAK,,,,,,,,,,,False,2,1.13,False,-22.34,25.36,-1.86,sideways,stage2,VIGILAR,Sobre MA200 pero las medias aún no están apiladas (50>150>200) — falta confirmación,"las 32 veces anteriores (RSI normal, sobre su MA200 que sube) cayó otro 9% de mediana (peor caso -36%); al año el 78% estaba en positivo (mediana +16%).",32,-9.3,-36.5,78,False,"soporte vivo más cercano en 381.21 (-1.6%), puesto a prueba hace 0 días; aguantó 4 y se rompió 1",381.21,-1.6,0,4,1,False
ROP,65.925,Excellent,Stage 1-2 Transition,16.639150953879845,18.5,"Roper Technologies, Inc.",60.7,Technology,Software - Application,85.0,50.0,36.0,60.0,65.0,362.59,35860467712.0,15.0,14.4,False,flat,208.9,True,2.0,8.5,False,0.0,6.1,8.1,False,521.28,-30.4,1.0,False,-7.2,"{'roe_pct': 13.1, 'debt_to_equity': 0.61, 'current_ratio': 0.55, 'operating_margin_pct': 27.7}","{'eps_growth_yoy': 208.9, 'op_growth_yoy': 6.6, 'crecimiento_respaldado': False, 'crecimiento_puntuado': 31.6, 'positive_quarters': 4, 'earnings_accelerating': True, 'eps_accel_quarters': 2, 'profit_margin_pct': 30.2, 'score_bruto_sin_capar': 115.0, 'satura': True}",,439.43,550.0,335.0,14.0,buy,21.2,463.83,27.9,802.68,121.4,múltiplo propio,4.0,0.95,False,,,reportado,,,,,,,3.64,7.15,25.93,,1.04,14.5,0.62,True,-7.2,5.9,Operating Income,8.6,163.1,20.0,2026-10-22,False,True,True,6.0,NEUTRAL,9.0,,4.77,1424.7,,BEARISH,999.0,70.0,0.0,1.0,20.1,26.4,5.5,18.2,2026-10-02 05:45:12,2026-10-02,CONFIRMED_UPTREND,TRADE,False,0,Price below 150/200 MA - weak trend,NEUTRAL,40,"No clear pattern (0.9x ratio, 46% up volume)",HIGH_FLOAT,98.4,22.0,50.1,15.0,False,flat,14.4,0.0,True,2.0,False,0.0,5.0,10.0,32.0,71.9,Medio,30.3,0.0,0.0,0.0,-5.0,-8.0,0.0,0.0,0.0,False,1/3,39.105,8.0,True,6.0,0.0,3.0,5.0,-1.3,-1.3,0.0,1.0,-1.5,93.5,DISPERSOS,27.9,-53.4,,False,2.65,2.0,9.0,0,,-8,RELIABLE/AVOID (-8),0.0,BEST,11.0,46,0.1851,BAJA,31.5325,⚪ WEAK,,,,,,,,,,,False,1,0.81,False,-29.95,18.81,-15.25,sideways,stage4,ESPERAR,En caída (bajo MA200 descendente) — espera a que haga suelo,"las 9 veces anteriores (RSI normal, bajo su MA200 que baja) o paró casi donde estaba o se desplomó hasta -40% — sin término medio; al año el 78% estaba en positivo (mediana +19%).",9,-14.6,-40.0,78,True,"soporte vivo más cercano en 348.51 (-3.9%), puesto a prueba hace 3 días; aguantó 7 y se rompió 3",348.51,-3.9,3,7,3,False
BSX,0.0,,,,13.1,Boston Scientific Corporation,63.5,Healthcare,Medical Devices,85.0,60.0,24.0,75.0,70.0,43.23,62650191872.0,15.0,0.2,False,down,99.0,True,1.0,11.6,False,0.0,3.2,2.3,False,105.65,-59.1,0.0,False,-7.8,"{'roe_pct': 15.3, 'debt_to_equity': 0.5, 'current_ratio': 1.24, 'operating_margin_pct': 22.9}","{'eps_growth_yoy': 99.0, 'op_growth_yoy': 14.4, 'crecimiento_respaldado': False, 'crecimiento_puntuado': 39.4, 'positive_quarters': 4, 'earnings_accelerating': True, 'eps_accel_quarters': 1, 'profit_margin_pct': 17.5, 'score_bruto_sin_capar': 100.0, 'satura': False}",,61.0,94.0,44.0,29.0,buy,41.1,78.51,81.6,,,,,,,,múltiplo propio 62x fuera del rango 8-45,normalizado,tasa fiscal efectiva 4.9% — el beneficio del periodo no es representativo,,,,,,,5.43,2.35,,,,,False,,11.5,Operating Income,11.5,15.1,26.0,2026-10-28,False,True,False,8.0,STRONG,9.0,,5.3,53.7,0.42,,,,,,0.0,0.0,3.9,19.1,2026-10-02 05:45:12,2026-10-02,CONFIRMED_UPTREND,TRADE,False,0,Price below 150/200 MA - weak trend,ACCUMULATION,60,"Moderate accumulation (1.0x ratio, 50% up volume)",MEGA_FLOAT,1445.0,23.0,23.0,15.0,False,down,0.2,0.0,True,1.0,False,0.0,2.0,26.0,32.0,21.9,Bottom 25%,6.7,-3.0,0.0,0.0,-5.0,0.0,0.0,0.0,0.0,False,2/3,42.055,5.0,True,6.0,0.0,0.0,5.0,0.0,-1.61,0.0,1.0,0.0,,,61.4,-40.5,,True,5.14,10.0,52.0,0,,-5,MIXED/AVOID (-5),0.0,BEST,8.0,13,0.1312,BAJA,0.0,⚪ WEAK,,,,,,,,,,,False,0,0.684,False,-59.08,2.44,-48.27,downtrend,stage1,ESPERAR,En caída (bajo MA200 descendente) — espera a que haga suelo,"las 10 veces anteriores (RSI normal, bajo su MA200 que baja) cayó otro 8% de mediana (peor caso -14%); al año el 100% estaba en positivo (mediana +36%).",10,-8.0,-13.9,100,False,"soporte vivo más cercano en 42.50 (-1.7%), puesto a prueba hace 0 días; aguantó 6 de 6 veces",42.5,-1.7,0,6,0,False
FHN,0.0,,,,14.0,First Horizon Corporation,67.0,Financial Services,Banks - Regional,95.0,60.0,36.0,65.0,65.0,23.05,10920562688.0,15.0,6.7,False,down,12.0,True,1.0,6.7,True,1.0,0.0,0.0,False,26.56,-13.2,4.0,False,-6.4,"{'roe_pct': 11.5, 'operating_margin_pct': 41.3}","{'eps_growth_yoy': 12.0, 'positive_quarters': 4, 'earnings_accelerating': True, 'eps_accel_quarters': 1, 'profit_margin_pct': 30.2, 'score_bruto_sin_capar': 95.0, 'satura': False}",,27.69,30.0,25.0,21.0,buy,20.1,,,26.64,15.6,múltiplo propio,4.0,0.42,False,,,reportado,,"Banks - Regional: el flujo operativo son depósitos, préstamos o primas, no caja libre para el accionista",,,,,0.68,9.4,2.17,,2.95,30.8,3.27,True,-6.61,,,,14.0,13.0,2026-10-15,False,True,True,5.0,NEUTRAL,7.0,,,,1.53,,,,,,8.0,0.0,4.2,20.1,2026-10-02 05:45:12,2026-10-02,CONFIRMED_UPTREND,TRADE,False,66,Price below 150/200 MA - weak trend,DISTRIBUTION,35,"Moderate distribution (0.7x ratio, 41% up volume)",MEGA_FLOAT,468.3,30.0,24.3,15.0,False,down,6.7,0.0,True,1.0,True,1.0,5.0,18.0,32.0,46.9,Bajo 50%,18.5,0.0,0.0,3.0,0.0,0.0,0.0,0.0,0.0,False,1/3,47.0,0.0,False,0.0,3.0,3.0,3.0,-1.02,-1.48,0.0,3.0,-1.5,,,17.8,4.5,,False,2.51,0.0,,1,Appaloosa (Tepper),0,UNRELIABLE/INSUFFICIENT (0),0.0,,0.0,45,0.1401,BAJA,15.7,⚪ WEAK,,,,,,,,,,,False,2,0.872,False,-12.19,19.68,-16.27,sideways,stage4_ma_alcista,ESPERAR,"Ha perdido la MA200, aunque la media sigue subiendo — corrección dentro de tendencia, espera a que la recupere","las 8 veces anteriores (sobrevendido (RSI<25), bajo su MA200 que sube) o paró casi donde estaba o se desplomó hasta -56% — sin término medio; al año el 75% estaba en positivo (mediana +17%).",8,-14.2,-55.9,75,True,"soporte vivo más cercano en 22.91 (-0.6%), puesto a prueba hace 8 días; aguantó 5 y se rompió 1",22.91,-0.6,8,5,1,False
AXP,66.325,Excellent,Stage Unknown,20.85791561502593,18.5,American Express Company,62.5,Financial Services,Credit Services,70.0,60.0,36.0,85.0,65.0,302.09,204004343808.0,15.0,1.3,False,down,7.8,False,0.0,10.0,True,1.0,2.1,4.5,False,387.49,-22.0,1.0,False,-8.0,"{'roe_pct': 34.4, 'debt_to_equity': 1.72, 'current_ratio': 1.55, 'operating_margin_pct': 20.3}","{'eps_growth_yoy': 7.8, 'positive_quarters': 4, 'earnings_accelerating': False, 'eps_accel_quarters': 0, 'profit_margin_pct': 16.1, 'score_bruto_sin_capar': 70.0, 'satura': False}",,375.83,450.0,315.0,24.0,buy,24.4,527.13,74.5,298.5,-1.2,múltiplo propio,4.0,0.52,False,,,reportado,,,,,,,3.8,7.87,23.77,,1.25,21.5,1.1,True,-2.86,,,,7.7,21.0,2026-10-23,False,True,True,4.0,NEUTRAL,7.0,,,,0.94,,,,,,17.799999999999997,26.5,5.5,18.8,2026-10-02 05:45:12,2026-10-02,CONFIRMED_UPTREND,TRADE,False,16,Price below 150/200 MA - weak trend,DISTRIBUTION,25,"Moderate distribution (0.6x ratio, 38% up volume)",MEGA_FLOAT,522.2,30.0,50.8,15.0,False,down,1.3,0.0,False,0.0,True,1.0,2.0,15.0,32.0,56.2,Medio,20.5,0.0,0.0,0.0,-5.0,0.0,0.0,0.0,0.0,False,1/3,38.925,0.0,True,6.0,0.0,3.0,3.0,-0.72,-0.03,1.0,1.0,0.0,75.7,CONTRADICEN,,25.6,MEDIA,False,3.05,0.0,,1,Berkshire Hathaway (Buffett),-8,RELIABLE/AVOID (-8),0.0,CAUTION,5.0,46,0.1851,BAJA,31.9125,⚪ WEAK,,,,,,,,,,,False,1,0.846,False,-21.4,4.44,-16.17,downtrend,stage1,ESPERAR,En caída (bajo MA200 descendente) — espera a que haga suelo,"las 15 veces anteriores (RSI normal, bajo su MA200 que baja) o paró casi donde estaba o se desplomó hasta -35% — sin término medio; al año el 60% estaba en positivo (mediana +3%).",15,-12.1,-34.8,60,True,"soporte vivo más cercano en 298.28 (-1.3%), puesto a prueba hace 0 días; aguantó 7 y se rompió 2",298.28,-1.3,0,7,2,False
MA,0.0,,,,29.8,Mastercard Incorporated,71.6,Financial Services,Credit Services,95.0,70.0,46.7,65.0,65.0,550.0,481805467648.0,35.0,38.0,False,flat,18.6,True,1.0,14.1,True,1.0,0.8,2.7,False,601.23,-8.5,4.0,False,-3.6,"{'roe_pct': 241.2, 'debt_to_equity': 4.4, 'current_ratio': 1.06, 'operating_margin_pct': 61.1}","{'eps_growth_yoy': 18.6, 'op_growth_yoy': 16.6, 'crecimiento_respaldado': True, 'positive_quarters': 4, 'earnings_accelerating': True, 'eps_accel_quarters': 1, 'profit_margin_pct': 46.3, 'score_bruto_sin_capar': 95.0, 'satura': False}",,666.71,740.0,550.0,37.0,strong_buy,21.2,592.78,7.8,635.56,15.6,múltiplo propio,4.0,0.12,False,,,reportado,,,,,,,3.48,3.37,18.54,,0.63,17.9,0.55,True,-3.39,28.1,Operating Income,28.0,22.1,27.0,2026-10-29,False,True,False,9.0,STRONG,9.0,,3.94,629.7,1.38,BEARISH,999.0,60.0,0.0,3.0,0.3999999999999986,0.0,8.9,21.5,2026-10-02 05:45:12,2026-10-02,CONFIRMED_UPTREND,TRADE,False,50,150 MA below 200 MA - not in Stage 2,DISTRIBUTION,35,"Moderate distribution (0.8x ratio, 44% up volume)",MEGA_FLOAT,868.4,30.0,30.4,35.0,False,flat,38.0,0.0,True,1.0,True,1.0,5.0,15.0,32.0,56.2,Medio,20.5,0.0,0.0,3.0,0.0,-8.0,0.0,0.0,0.0,False,1/3,41.13,0.0,True,3.0,0.0,3.0,5.0,0.0,-0.41,0.0,0.0,0.0,7.8,COHERENTES,15.6,9.5,,False,2.65,10.0,36.0,0,,-5,MIXED/AVOID (-5),0.0,CAUTION,-6.0,46,0.2979,BAJA,16.16,⚪ WEAK,,,,,,,,,,,False,1,0.936,False,-8.52,18.6,-5.24,sideways,stage2,VIGILAR,Sobre MA200 pero las medias aún no están apiladas (50>150>200) — falta confirmación,"las 50 veces anteriores (RSI normal, sobre su MA200 que sube) cayó otro 6% de mediana (peor caso -32%); al año el 86% estaba en positivo (mediana +19%).",50,-6.2,-32.4,86,False,"soporte vivo más cercano en 543.14 (-1.2%), puesto a prueba hace 0 días; aguantó 7 y se rompió 4",543.14,-1.2,0,7,4,False
BAC,0.0,,,,36.4,Bank of America Corporation,64.5,Financial Services,Banks - Diversified,95.0,50.0,36.0,65.0,65.0,53.73,375720378368.0,15.0,22.5,False,down,16.6,True,1.0,7.2,False,0.0,0.0,0.0,False,65.23,-17.6,4.0,False,-11.7,"{'roe_pct': 11.2, 'operating_margin_pct': 38.3}","{'eps_growth_yoy': 16.6, 'positive_quarters': 4, 'earnings_accelerating': True, 'eps_accel_quarters': 1, 'profit_margin_pct': 29.5, 'score_bruto_sin_capar': 95.0, 'satura': False}",,68.24,76.0,62.0,21.0,strong_buy,27.0,,,47.38,-11.8,múltiplo propio,4.0,0.42,False,,,reportado,,"Banks - Diversified: el flujo operativo son depósitos, préstamos o primas, no caja libre para el accionista",,,,,1.28,3.36,1.81,,2.35,25.9,2.36,True,-4.67,,,,34.1,12.0,2026-10-14,False,True,True,5.0,NEUTRAL,7.0,,,,1.81,,,,,,7.300000000000001,0.0,10.9,19.3,2026-10-02 05:45:12,2026-10-02,CONFIRMED_UPTREND,TRADE,False,66,Price below 150/200 MA - weak trend,NEUTRAL,40,"No clear pattern (1.0x ratio, 49% up volume)",MEGA_FLOAT,6965.1,25.0,30.3,15.0,False,down,22.5,0.0,True,1.0,False,0.0,2.0,,32.0,,Sin datos suficientes,22.5,0.0,0.0,0.0,0.0,0.0,0.0,0.0,0.0,False,1/3,45.62,0.0,False,0.0,3.0,3.0,5.0,-0.56,-0.78,0.0,1.0,0.0,,,7.6,38.8,MEDIA,False,3.38,0.0,,1,Berkshire Hathaway (Buffett),0,UNRELIABLE/INSUFFICIENT (0),0.0,,0.0,45,0.3636,BAJA,6.45,⚪ WEAK,,,,,,,,,,,False,2,0.894,False,-17.21,17.7,-7.15,sideways,stage4_ma_alcista,ESPERAR,"Ha perdido la MA200, aunque la media sigue subiendo — corrección dentro de tendencia, espera a que la recupere","las 11 veces anteriores (sobrevendido (RSI<25), bajo su MA200 que sube) o paró casi donde estaba o se desplomó hasta -38% — sin término medio; al año el 64% estaba en positivo (mediana +2%).",11,-28.0,-37.5,64,True,"soporte vivo más cercano en 52.65 (-2.0%), puesto a prueba hace 0 días; aguantó 2 y se rompió 2",52.65,-2.0,0,2,2,False
INTU,0.0,,,,50.0,Intuit Inc.,56.6,Technology,Software - Application,55.0,60.0,26.7,85.0,70.0,282.78,75568996352.0,15.0,3.6,False,down,-4.7,False,0.0,13.7,False,0.0,3.0,1.8,False,689.17,-59.0,0.0,False,-12.6,"{'roe_pct': 23.6, 'debt_to_equity': 0.44, 'current_ratio': 1.51, 'operating_margin_pct': 17.6}","{'eps_growth_yoy': -4.7, 'op_growth_yoy': 125.9, 'crecimiento_respaldado': True, 'positive_quarters': 4, 'earnings_accelerating': False, 'eps_accel_quarters': 0, 'profit_margin_pct': 21.3, 'score_bruto_sin_capar': 55.0, 'satura': False}",,405.6,732.0,290.0,31.0,buy,43.4,816.88,188.9,,,,,,,,múltiplo propio 58x fuera del rango 8-45,reportado,,,,,,,5.52,11.4,32.24,,2.0,29.2,0.71,True,-3.55,24.1,Operating Income,24.5,-1.0,48.0,2026-11-19,False,True,False,8.0,STRONG,9.0,,8.04,91.1,0.42,BULLISH,0.41,80.0,6.0,2.0,5.0,0.0,,17.0,2026-10-02 05:45:12,2026-10-02,CONFIRMED_UPTREND,TRADE,False,0,Price below 150/200 MA - weak trend,NEUTRAL,40,"No clear pattern (1.0x ratio, 48% up volume)",MEGA_FLOAT,260.9,25.0,24.3,15.0,False,down,3.6,0.0,False,0.0,False,0.0,0.0,10.0,32.0,71.9,Medio,30.3,0.0,0.0,0.0,-5.0,5.0,0.0,0.0,0.0,False,1/3,35.64,8.0,True,8.0,3.0,3.0,0.0,0.0,-4.22,0.0,0.0,0.0,,,116.2,-145.5,,True,5.42,10.0,12.0,0,,-8,RELIABLE/AVOID (-8),0.0,,0.0,44,,,0.0,⚪ WEAK,,,,,,,,,,,False,0,0.838,False,-58.58,12.34,-49.64,downtrend,stage1,ESPERAR,En caída (bajo MA200 descendente) — espera a que haga suelo,"las 11 veces anteriores (RSI normal, bajo su MA200 que baja) o paró casi donde estaba o se desplomó hasta -41% — sin término medio; al año el 82% estaba en positivo (mediana +25%).",11,-5.0,-41.2,82,True,"soporte vivo más cercano en 278.94 (-1.4%), puesto a prueba hace 7 días; aguantó 3 y se rompió 2",278.94,-1.4,7,3,2,False
APH,90.23076923076924,Excellent,Stage 2 Strong,24.4432479742805,7.2,Amphenol Corporation,83.4,Technology,Electronic Components,90.0,90.0,73.1,85.0,65.0,85.67,211259375616.0,80.0,79.9,False,up,26.5,False,0.0,58.4,True,1.0,1.5,2.8,False,89.26,-4.0,8.0,True,5.9,"{'roe_pct': 38.1, 'debt_to_equity': 1.2, 'current_ratio': 1.89, 'operating_margin_pct': 29.8}","{'eps_growth_yoy': 26.5, 'op_growth_yoy': 82.3, 'crecimiento_respaldado': True, 'positive_quarters': 4, 'earnings_accelerating': False, 'eps_accel_quarters': 0, 'profit_margin_pct': 17.7, 'score_bruto_sin_capar': 90.0, 'satura': False}",,99.68,115.0,85.0,19.0,strong_buy,16.4,41.22,-51.9,34.0,-60.3,múltiplo propio,4.0,0.48,False,,,reportado,,,,,,,0.5,2.31,1.98,,0.59,22.9,0.81,False,1.34,13.7,Operating Income,13.6,59.3,26.0,2026-10-28,False,True,False,6.0,NEUTRAL,9.0,,2.66,37.9,0.88,,,,,,82.3,36.1,2.2,25.0,2026-10-02 05:45:12,2026-10-02,CONFIRMED_UPTREND,TRADE,True,100,Passes Minervini Template (6/6 criteria),ACCUMULATION,60,"Moderate accumulation (1.1x ratio, 51% up volume)",MEGA_FLOAT,2449.9,3.0,63.3,80.0,False,up,79.9,5.0,False,0.0,True,1.0,2.0,,32.0,,Sin datos suficientes,79.9,0.0,0.0,5.0,10.0,0.0,0.0,0.0,0.0,False,3/3,35.47,8.0,True,0.0,0.0,0.0,5.0,0.3,0.42,0.0,0.0,0.0,8.4,COHERENTES,-51.9,72.5,ALTA,False,2.05,2.0,140.0,0,,-8,RELIABLE/AVOID (-8),0.0,WATCH,-3.0,13,0.0724,BAJA,83.45538461538462,⚪ WEAK,AVOID,35.0,Near ATH (-4.0% from high) - poor entry point | Elevated P/E (42.2) - watch valuation | Strong upside (+16.4%) - analyst support,-4.0,NEUTRAL,STRONG_BUY,True,,,,True,3,0.926,False,-3.87,45.64,17.19,uptrend,stage3,VIGILAR,Extendida cerca de máximos — espera un pullback,"las 50 veces anteriores (RSI normal, sobre su MA200 que sube) cayó otro 6% de mediana (peor caso -34%); al año el 90% estaba en positivo (mediana +22%).",50,-6.5,-34.2,90,False,"soporte vivo más cercano en 77.16 (-9.9%), puesto a prueba hace 17 días; aguantó 7 y se rompió 1",77.16,-9.9,17,7,1,False
FCNCA,0.0,,,,33.0,"First Citizens BancShares, Inc.",64.5,Financial Services,Banks - Regional,95.0,50.0,44.0,65.0,50.0,2073.5,23416285184.0,35.0,30.3,False,down,16.9,True,1.0,2.5,False,0.0,5.3,8.0,False,2296.3,-9.7,4.0,False,-4.3,"{'roe_pct': 10.7, 'operating_margin_pct': 39.0}","{'eps_growth_yoy': 16.9, 'positive_quarters': 4, 'earnings_accelerating': True, 'eps_accel_quarters': 1, 'profit_margin_pct': 25.2, 'score_bruto_sin_capar': 95.0, 'satura': False}",,2327.85,2525.0,2100.0,13.0,hold,12.3,,,2010.21,-3.1,múltiplo propio,4.0,1.01,True,,,reportado,,"Banks - Regional: el flujo operativo son depósitos, préstamos o primas, no caja libre para el accionista",,,11293120.0,,8.4,6.91,143.28,,0.41,4.4,0.31,True,-12.85,,,,12.4,21.0,2026-10-23,False,True,True,5.0,NEUTRAL,7.0,,,,0.35,,,,,,7.199999999999999,0.0,9.9,19.3,2026-10-02 05:45:12,2026-10-02,CONFIRMED_UPTREND,TRADE,False,50,150 MA below 200 MA - not in Stage 2,DISTRIBUTION,35,"Moderate distribution (0.8x ratio, 42% up volume)",MICRO_FLOAT,8.1,27.0,29.2,35.0,False,down,30.3,0.0,True,1.0,False,0.0,2.0,18.0,32.0,46.9,Bajo 50%,18.5,0.0,0.0,3.0,0.0,0.0,0.0,0.0,0.0,False,1/3,43.45,0.0,False,0.0,0.0,3.0,3.0,-0.49,-0.63,0.0,0.0,0.0,,,4.6,15.4,,False,1.54,0.0,,1,Appaloosa (Tepper),0,MIXED/INSUFFICIENT (0),0.0,,0.0,46,0.3301,BAJA,15.45,⚪ WEAK,,,,,,,,,,,False,1,0.969,False,-9.62,28.23,-8.11,sideways,stage2,VIGILAR,Sobre MA200 pero las medias aún no están apiladas (50>150>200) — falta confirmación,"las 43 veces anteriores (RSI normal, sobre su MA200 que sube) cayó otro 8% de mediana (peor caso -45%); al año el 74% estaba en positivo (mediana +12%).",43,-7.7,-45.4,74,False,"soporte vivo más cercano en 2046.63 (-1.3%), puesto a prueba hace 9 días; aguantó 13 y se rompió 2",2046.63,-1.3,9,13,2,False
ASML,0.0,,,,50.0,ASML Holding N.V.,85.5,Technology,Semiconductor Equipment & Materials,100.0,80.0,74.0,95.0,65.0,1808.49,694641033216.0,80.0,75.6,False,down,27.4,True,1.0,21.3,True,1.0,0.4,1.2,False,1999.96,-9.6,8.0,True,5.1,"{'roe_pct': 53.9, 'debt_to_equity': 0.09, 'current_ratio': 1.33, 'operating_margin_pct': 37.1}","{'eps_growth_yoy': 27.4, 'op_growth_yoy': 29.7, 'crecimiento_respaldado': True, 'positive_quarters': 4, 'earnings_accelerating': True, 'eps_accel_quarters': 1, 'profit_margin_pct': 30.1, 'score_bruto_sin_capar': 105.0, 'satura': True}",,2095.82,2787.58,870.53,16.0,strong_buy,15.9,564.34,-68.8,1073.19,-40.7,múltiplo propio,4.0,0.2,False,,,reportado,,,,,,,9.08,1.63,29.48,,0.5,29.7,0.83,False,-0.9,,,,28.5,12.0,2026-10-14,False,True,True,6.0,NEUTRAL,7.0,,0.03,77.5,1.51,,,,,,52.6,0.0,,25.6,2026-10-02 05:45:12,2026-10-02,CONFIRMED_UPTREND,TRADE,True,100,Passes Minervini Template (6/6 criteria),NEUTRAL,40,"No clear pattern (0.9x ratio, 47% up volume)",MEGA_FLOAT,21331.6,5.0,36.6,80.0,False,down,75.6,3.0,True,1.0,True,1.0,5.0,,32.0,,Sin datos suficientes,75.6,0.0,0.0,3.0,10.0,0.0,0.0,0.0,0.0,False,2/3,35.2,8.0,True,0.0,0.0,0.0,5.0,-0.95,-1.96,0.0,1.0,0.0,28.1,DISPERSOS,-40.7,70.6,ALTA,False,1.99,2.0,117.0,0,,-8,RELIABLE/AVOID (-8),0.0,,0.0,13,,,32.55,⚪ WEAK,,,,,,,,,,,True,3,0.751,False,-9.46,94.61,20.69,uptrend,stage2,ENTRADA,Stage 2: sobre MA200 ascendente sin sobreextensión — suelo confirmado,"las 42 veces anteriores (RSI normal, sobre su MA200 que sube) cayó otro 11% de mediana (peor caso -53%); al año el 74% estaba en positivo (mediana +20%).",42,-11.2,-52.8,74,False,"soporte vivo más cercano en 1715.05 (-5.2%), puesto a prueba hace 38 días; aguantó 6 y se rompió 2",1715.05,-5.2,38,6,2,False
DOL.TO,0.0,,,,26.1,Dollarama Inc.,65.2,Consumer Defensive,Discount Stores,80.0,70.0,36.0,70.0,60.0,183.43,49227014144.0,15.0,24.0,False,down,8.7,True,1.0,17.6,True,1.0,,3.8,False,209.96,-12.6,2.0,False,0.5,"{'roe_pct': 93.1, 'debt_to_equity': 4.0, 'current_ratio': 1.55, 'operating_margin_pct': 23.1}","{'eps_growth_yoy': 8.7, 'op_growth_yoy': 5.0, 'crecimiento_respaldado': True, 'positive_quarters': 4, 'earnings_accelerating': True, 'eps_accel_quarters': 1, 'profit_margin_pct': 17.3, 'score_bruto_sin_capar': 80.0, 'satura': False}",,207.47,236.0,148.0,17.0,buy,13.1,204.65,11.6,153.51,-16.3,múltiplo propio,4.0,0.36,False,,,reportado,,,,,,,0.47,3.49,6.4,,0.25,9.1,0.26,True,-2.42,7.9,Operating Income,9.1,11.2,69.0,2026-12-10,False,True,False,5.0,NEUTRAL,9.0,,3.2,45.6,1.59,,,,,,5.399999999999999,0.0,7.8,19.6,2026-10-02 05:45:12,2026-10-02,CONFIRMED_UPTREND,TRADE,False,16,Price below 150/200 MA - weak trend,NEUTRAL,40,"No clear pattern (0.9x ratio, 47% up volume)",MEGA_FLOAT,264.3,25.0,27.4,15.0,False,down,24.0,0.0,True,1.0,True,1.0,5.0,21.0,32.0,37.5,Bajo 50%,12.5,0.0,0.0,3.0,-5.0,0.0,0.0,0.0,0.0,False,1/3,43.085,0.0,True,3.0,0.0,3.0,3.0,0.0,-0.23,0.0,0.0,0.0,27.9,CONTRADICEN,,29.4,MEDIA,False,1.64,0.0,120.0,0,,0,,0.0,WATCH,-3.0,14,0.2606,BAJA,8.02,⚪ WEAK,,,,,,,,,,,False,2,0.873,False,-12.47,12.36,-10.66,sideways,stage1,VIGILAR,Construyendo base (lateral) — espera la reconquista de las medias,"las 4 veces anteriores (RSI normal, bajo su MA200 que baja) cayó otro 11% de mediana (peor caso -28%); al año el 100% estaba en positivo (mediana +16%). ⚠ solo 4 casos, no decide nada",4,-10.7,-28.2,100,False,"soporte vivo más cercano en 181.60 (-1.0%), puesto a prueba hace 37 días; aguantó 5 y se rompió 3",181.6,-1.0,37,5,3,False
TYL,62.44736842105263,Excellent,Stage 1-2 Transition,30.48753666806177,50.0,"Tyler Technologies, Inc.",62.0,Technology,Software - Application,80.0,50.0,38.7,75.0,65.0,330.18,13521620992.0,15.0,15.0,False,up,10.5,False,0.0,8.2,False,0.0,9.6,3.5,True,524.43,-37.0,0.0,False,-1.6,"{'roe_pct': 9.7, 'debt_to_equity': 0.48, 'current_ratio': 1.55, 'operating_margin_pct': 14.7}","{'eps_growth_yoy': 10.5, 'op_growth_yoy': -0.5, 'crecimiento_respaldado': True, 'positive_quarters': 4, 'earnings_accelerating': False, 'eps_accel_quarters': 0, 'profit_margin_pct': 13.4, 'score_bruto_sin_capar': 80.0, 'satura': False}",,424.77,525.0,335.0,22.0,buy,28.6,429.12,30.0,,,,,,,,múltiplo propio 89x fuera del rango 8-45,reportado,,,,,,,,5.16,17.04,,,,,True,-4.72,56.4,Operating Income,65.3,15.5,26.0,2026-10-28,False,True,False,8.0,STRONG,9.0,,2.55,125.8,0.94,,,,,,27.3,25.0,,18.6,2026-10-02 05:45:12,2026-10-02,CONFIRMED_UPTREND,TRADE,False,0,Price below 150/200 MA - weak trend,DISTRIBUTION,35,"Moderate distribution (0.8x ratio, 44% up volume)",MEDIUM_FLOAT,38.0,27.0,62.3,15.0,False,up,15.0,2.0,False,0.0,False,0.0,0.0,10.0,32.0,71.9,Medio,30.3,0.0,0.0,0.0,-5.0,0.0,0.0,0.0,5.0,False,1/3,34.8,8.0,True,6.0,0.0,3.0,5.0,-0.44,-0.44,0.0,0.0,0.0,,,29.3,-1.4,,False,3.58,10.0,89.0,0,,-8,RELIABLE/AVOID (-8),0.0,,0.0,44,,,29.923684210526314,⚪ WEAK,,,,,,,,,,,False,1,0.845,False,-37.12,21.97,-19.4,downtrend,stage4,ESPERAR,En caída (bajo MA200 descendente) — espera a que haga suelo,"las 13 veces anteriores (RSI normal, bajo su MA200 que baja) cayó otro 6% de mediana (peor caso -51%); al año el 77% estaba en positivo (mediana +26%).",13,-6.0,-51.4,77,False,"soporte vivo más cercano en 327.27 (-0.9%), puesto a prueba hace 10 días; aguantó 5 y se rompió 3",327.27,-0.9,10,5,3,False
CTAS,0.0,,,,18.5,Cintas Corporation,73.1,Industrials,Specialty Business Services,100.0,60.0,46.7,85.0,60.0,195.6,78145527808.0,35.0,42.9,False,down,14.0,True,2.0,8.9,True,1.0,3.8,6.3,False,219.17,-10.8,4.0,False,-3.0,"{'roe_pct': 41.4, 'debt_to_equity': 0.52, 'current_ratio': 1.45, 'operating_margin_pct': 24.1}","{'eps_growth_yoy': 14.0, 'op_growth_yoy': 15.2, 'crecimiento_respaldado': True, 'positive_quarters': 4, 'earnings_accelerating': True, 'eps_accel_quarters': 2, 'profit_margin_pct': 17.8, 'score_bruto_sin_capar': 100.0, 'satura': False}",,218.31,250.0,181.0,16.0,buy,11.6,120.59,-38.3,196.85,0.6,múltiplo propio,4.0,0.4,False,,,reportado,,,,,,,2.08,2.61,5.11,,1.07,36.9,0.87,True,-1.31,24.7,Operating Income,24.6,9.3,76.0,2026-12-17,False,True,False,8.0,STRONG,9.0,,3.25,82.5,2.15,,,,,,13.5,0.0,5.5,21.9,2026-10-02 05:45:12,2026-10-02,CONFIRMED_UPTREND,TRADE,False,50,150 MA below 200 MA - not in Stage 2,NEUTRAL,40,"No clear pattern (0.9x ratio, 45% up volume)",MEGA_FLOAT,341.5,25.0,27.5,35.0,False,down,42.9,0.0,True,2.0,True,1.0,8.0,19.0,32.0,43.8,Bajo 50%,18.4,0.0,0.0,3.0,0.0,0.0,0.0,0.0,0.0,False,1/3,34.76499999999999,0.0,True,0.0,0.0,3.0,3.0,0.03,0.92,1.0,0.0,0.0,38.9,CONTRADICEN,,49.9,ALTA,False,1.45,10.0,97.0,0,,-8,RELIABLE/AVOID (-8),0.0,WATCH,0.0,45,0.1851,BAJA,16.31,⚪ WEAK,,,,,,,,,,,False,1,0.918,False,-10.52,22.02,-4.29,sideways,stage2,VIGILAR,Sobre MA200 pero las medias aún no están apiladas (50>150>200) — falta confirmación,"las 52 veces anteriores (RSI normal, sobre su MA200 que sube) cayó otro 3% de mediana (peor caso -44%); al año el 92% estaba en positivo (mediana +28%).",52,-3.2,-44.3,92,False,"soporte vivo más cercano en 194.08 (-0.8%), puesto a prueba hace 2 días; aguantó 9 y se rompió 3",194.08,-0.8,2,9,3,False
DSGX,0.0,,,,25.9,The Descartes Systems Group Inc.,75.3,Technology,Software - Application,95.0,70.0,46.7,90.0,65.0,81.19,6945687040.0,35.0,28.3,False,up,31.6,False,0.0,11.8,True,1.0,,2.5,False,98.35,-17.4,4.0,False,4.7,"{'roe_pct': 11.9, 'debt_to_equity': 0.0, 'current_ratio': 2.02, 'operating_margin_pct': 33.2}","{'eps_growth_yoy': 31.6, 'op_growth_yoy': 25.2, 'crecimiento_respaldado': True, 'positive_quarters': 4, 'earnings_accelerating': False, 'eps_accel_quarters': 0, 'profit_margin_pct': 24.3, 'score_bruto_sin_capar': 95.0, 'satura': False}",,101.23,126.0,82.0,13.0,buy,24.7,116.05,42.9,,,,,,,,múltiplo propio 64x fuera del rango 8-45,reportado,,,,,,,,4.32,3.51,,,,,False,-0.59,257.0,Operating Income,264.0,32.6,61.0,2026-12-02,False,True,False,6.0,NEUTRAL,9.0,,3.36,78.6,1.49,,,,,,14.4,0.0,7.8,22.6,2026-10-02 05:45:12,2026-10-02,CONFIRMED_UPTREND,TRADE,False,33,150 MA below 200 MA - not in Stage 2,ACCUMULATION,60,"Moderate accumulation (1.1x ratio, 52% up volume)",HIGH_FLOAT,85.2,20.0,30.4,35.0,False,up,28.3,2.0,False,0.0,True,1.0,2.0,10.0,32.0,71.9,Medio,30.3,0.0,0.0,0.0,0.0,0.0,0.0,0.0,0.0,False,2/3,34.715,8.0,True,3.0,0.0,0.0,5.0,0.0,1.0,0.0,0.0,0.0,,,33.8,-18.2,,False,3.09,2.0,94.0,0,,-8,RELIABLE/AVOID (-8),0.0,,0.0,46,0.259,BAJA,7.53,⚪ WEAK,,,,,,,,,,,False,2,0.887,False,-17.45,29.78,-3.4,uptrend,stage1,VIGILAR,Construyendo base (lateral) — espera la reconquista de las medias,"las 4 veces anteriores (RSI normal, sobre su MA200 que baja) cayó otro 5% de mediana (peor caso -13%); al año el 100% estaba en positivo (mediana +14%). ⚠ solo 4 casos, no decide nada",4,-5.4,-13.1,100,False,"soporte vivo más cercano en 78.88 (-2.8%), puesto a prueba hace 31 días; aguantó 1 y se rompió 2",78.88,-2.8,31,1,2,False
ICE,72.36842105263158,Excellent,Stage 1-2 Transition,18.10281431422808,6.1,"Intercontinental Exchange, Inc.",65.9,Financial Services,Financial Data & Stock Exchanges,85.0,60.0,38.3,75.0,65.0,151.47,85034426368.0,35.0,38.2,False,up,12.6,False,0.0,10.7,False,0.0,1.3,2.0,False,176.05,-14.0,3.0,False,-2.1,"{'roe_pct': 14.1, 'debt_to_equity': 0.69, 'current_ratio': 1.01, 'operating_margin_pct': 52.6}","{'eps_growth_yoy': 12.6, 'op_growth_yoy': 7.3, 'crecimiento_respaldado': True, 'positive_quarters': 4, 'earnings_accelerating': False, 'eps_accel_quarters': 0, 'profit_margin_pct': 38.2, 'score_bruto_sin_capar': 85.0, 'satura': False}",,187.29,232.0,163.0,14.0,strong_buy,23.6,199.18,31.5,212.85,40.5,múltiplo propio,4.0,0.34,False,,,reportado,,,,,,,2.08,5.55,8.41,,1.37,28.2,1.26,True,-1.57,6.9,Operating Income,7.6,14.2,27.0,2026-10-29,False,True,False,8.0,STRONG,9.0,,4.78,114.8,0.57,,,,,,32.5,28.9,1.8,19.8,2026-10-02 05:45:12,2026-10-02,CONFIRMED_UPTREND,TRADE,False,33,Price below 150/200 MA - weak trend,ACCUMULATION,60,"Moderate accumulation (1.1x ratio, 52% up volume)",MEGA_FLOAT,557.5,23.0,50.5,35.0,False,up,38.2,2.0,False,0.0,False,0.0,0.0,11.0,32.0,68.8,Medio,30.3,0.0,0.0,3.0,0.0,0.0,0.0,0.0,0.0,False,2/3,34.16499999999999,0.0,True,6.0,0.0,3.0,3.0,0.0,1.04,0.0,0.0,0.0,9.0,COHERENTES,31.5,-12.4,,False,2.95,10.0,32.0,0,,-8,RELIABLE/AVOID (-8),0.0,CAUTION,-5.0,44,0.0612,BAJA,51.77421052631578,⚪ WEAK,,,,,,,,,,,False,1,0.998,False,-13.08,24.78,-23.49,sideways,stage4_ma_alcista,ESPERAR,"Ha perdido la MA200, aunque la media sigue subiendo — corrección dentro de tendencia, espera a que la recupere","las 17 veces anteriores (RSI normal, bajo su MA200 que sube) cayó otro 3% de mediana (peor caso -26%); al año el 82% estaba en positivo (mediana +26%).",17,-2.6,-26.2,82,False,"soporte vivo más cercano en 150.54 (-0.6%), puesto a prueba hace 3 días; aguantó 12 y se rompió 3",150.54,-0.6,3,12,3,False
IDXX,0.0,,,,8.6,"IDEXX Laboratories, Inc.",72.0,Healthcare,Diagnostics & Research,100.0,70.0,24.0,85.0,70.0,517.75,40841674752.0,15.0,3.2,False,down,15.1,True,2.0,9.7,True,2.0,2.8,3.8,False,769.98,-32.8,0.0,False,-4.9,"{'roe_pct': 74.2, 'debt_to_equity': 0.68, 'current_ratio': 1.17, 'operating_margin_pct': 35.0}","{'eps_growth_yoy': 15.1, 'op_growth_yoy': 14.1, 'crecimiento_respaldado': True, 'positive_quarters': 4, 'earnings_accelerating': True, 'eps_accel_quarters': 2, 'profit_margin_pct': 25.0, 'score_bruto_sin_capar': 105.0, 'satura': True}",,701.33,805.0,470.0,12.0,buy,35.5,234.26,-54.8,,,,,,,,múltiplo propio 51x fuera del rango 8-45,reportado,,,,,,,,3.02,15.64,,,,,True,-2.08,38.6,Operating Income,38.7,12.3,31.0,2026-11-02,False,True,False,8.0,STRONG,9.0,,3.26,119.8,1.75,BULLISH,0.0,50.0,1.0,0.0,15.2,0.0,2.6,21.6,2026-10-02 05:45:12,2026-10-02,CONFIRMED_UPTREND,TRADE,False,0,Price below 150/200 MA - weak trend,ACCUMULATION,65,"Moderate accumulation (1.4x ratio, 57% up volume)",HIGH_FLOAT,78.5,20.0,24.2,15.0,False,down,3.2,0.0,True,2.0,True,2.0,8.0,5.0,32.0,87.5,Top 25%,46.6,3.0,0.0,0.0,-5.0,5.0,0.0,0.0,0.0,False,2/3,33.42999999999999,5.0,True,3.0,0.0,3.0,3.0,0.34,0.34,0.0,0.0,0.0,,,-9.6,90.3,ALTA,True,4.44,10.0,78.0,0,,-8,RELIABLE/AVOID (-8),0.0,WATCH,3.0,45,0.0857,BAJA,0.0,⚪ WEAK,,,,,,,,,,,False,0,0.733,False,-32.76,3.42,-26.18,downtrend,stage1,ESPERAR,En caída (bajo MA200 descendente) — espera a que haga suelo,"las 14 veces anteriores (RSI normal, bajo su MA200 que baja) cayó otro 9% de mediana (peor caso -38%); al año el 93% estaba en positivo (mediana +36%).",14,-8.8,-38.3,93,False,"soporte vivo más cercano en 509.19 (-1.7%), puesto a prueba hace 22 días; aguantó 4 de 4 veces",509.19,-1.7,22,4,0,False
SGSOY,0.0,,,,36.4,SGS SA,60.5,Industrials,Consulting Services,95.0,50.0,36.0,45.0,55.0,11.28,22310166528.0,15.0,8.6,False,down,15.0,True,2.0,2.2,False,0.0,,,False,12.76,-11.6,4.0,False,-2.1,"{'roe_pct': 76.3, 'debt_to_equity': 4.64, 'current_ratio': 0.95, 'operating_margin_pct': 13.1}","{'eps_growth_yoy': 15.0, 'op_growth_yoy': 5.5, 'crecimiento_respaldado': True, 'positive_quarters': 4, 'earnings_accelerating': True, 'eps_accel_quarters': 2, 'profit_margin_pct': 9.2, 'score_bruto_sin_capar': 95.0, 'satura': False}",,14.0,14.0,14.0,1.0,none,24.1,16.13,43.0,11.53,2.2,múltiplo propio,4.0,0.19,False,,,reportado,,,,,,,0.41,5.79,0.65,,3.58,95.7,3.54,,,,,,-1.8,,,False,False,False,5.0,NEUTRAL,9.0,,3.64,37.7,4.3,,,,,,9.1,0.0,10.9,18.1,2026-10-02 05:45:12,2026-10-02,CONFIRMED_UPTREND,TRADE,False,50,150 MA below 200 MA - not in Stage 2,NEUTRAL,40,"No clear pattern (0.8x ratio, 43% up volume)",MEGA_FLOAT,1690.9,25.0,29.1,15.0,False,down,8.6,0.0,True,2.0,False,0.0,5.0,27.0,32.0,18.8,Bottom 25%,5.7,-3.0,0.0,3.0,0.0,0.0,0.0,0.0,0.0,False,1/3,41.02,0.0,True,6.0,-2.0,0.0,0.0,0.0,0.0,0.0,0.0,0.0,40.8,DISPERSOS,24.1,1.5,,False,3.01,0.0,116.0,0,,0,,0.0,BEST,5.0,14,0.3636,BAJA,15.05,⚪ WEAK,,,,,,,,,,,False,1,0.949,False,-8.07,15.45,-8.87,sideways,stage2,VIGILAR,Sobre MA200 pero las medias aún no están apiladas (50>150>200) — falta confirmación,"las 38 veces anteriores (RSI normal, sobre su MA200 que sube) cayó otro 10% de mediana (peor caso -31%); al año el 66% estaba en positivo (mediana +8%).",38,-10.1,-31.0,66,False,"soporte vivo más cercano en 11.19 (-0.8%), puesto a prueba hace 8 días; aguantó 6 y se rompió 1",11.19,-0.8,8,6,1,False
AMZN,0.0,,,,15.2,"Amazon.com, Inc.",69.8,Consumer Cyclical,Internet Retail,85.0,60.0,47.6,85.0,70.0,248.23,2677486387200.0,35.0,35.7,False,up,76.7,True,1.0,16.6,False,0.0,0.8,2.5,False,287.2,-13.6,5.0,False,-3.1,"{'roe_pct': 30.6, 'debt_to_equity': 0.46, 'current_ratio': 1.03, 'operating_margin_pct': 13.7}","{'eps_growth_yoy': 76.7, 'op_growth_yoy': 29.6, 'crecimiento_respaldado': False, 'crecimiento_puntuado': 54.6, 'positive_quarters': 4, 'earnings_accelerating': True, 'eps_accel_quarters': 1, 'profit_margin_pct': 17.4, 'score_bruto_sin_capar': 110.0, 'satura': True}",,329.98,405.0,230.0,57.0,strong_buy,32.9,,,491.87,98.2,múltiplo propio,3.0,0.51,True,,,reportado,,"el capex se lleva el 82% del flujo operativo: lo que queda no es lo que gana el dueño, es lo que sobra tras decidir invertir",,,,,,1.1,2.73,,,,,False,,33.7,Operating Income,46.6,242.3,27.0,2026-10-29,False,True,False,6.0,NEUTRAL,9.0,,2.85,17.6,0.79,,,,,,25.5,0.0,4.6,20.9,2026-10-02 05:45:12,2026-10-02,CONFIRMED_UPTREND,TRADE,True,83,Passes Minervini Template (5/6 criteria),DISTRIBUTION,35,"Moderate distribution (0.8x ratio, 43% up volume)",MEGA_FLOAT,9810.5,10.0,25.5,35.0,False,up,35.7,2.0,True,1.0,False,0.0,2.0,,32.0,,Sin datos suficientes,35.7,0.0,0.0,3.0,3.0,0.0,0.0,0.0,0.0,False,2/3,35.68,0.0,False,0.0,0.0,0.0,5.0,0.13,0.53,0.0,0.0,0.0,,,65.6,-65.3,,True,4.11,2.0,148.0,1,Pershing Square (Ackman),-5,MIXED/AVOID (-5),0.0,CONFIRM,5.0,11,0.152,BAJA,20.48,⚪ WEAK,,,,,,,,,,,False,2,0.757,False,-13.57,26.65,1.25,sideways,stage2,VIGILAR,Sobre MA200 pero las medias aún no están apiladas (50>150>200) — falta confirmación,"las 46 veces anteriores (RSI normal, sobre su MA200 que sube) cayó otro 9% de mediana (peor caso -43%); al año el 85% estaba en positivo (mediana +24%).",46,-8.6,-42.7,85,False,"soporte vivo más cercano en 244.51 (-1.5%), puesto a prueba hace 8 días; aguantó 2 y se rompió 3",244.51,-1.5,8,2,3,False
MANH,0.0,,,,44.3,"Manhattan Associates, Inc.",70.8,Technology,Software - Application,70.0,70.0,75.0,75.0,60.0,204.15,11902959616.0,60.0,67.7,False,up,-11.3,True,2.0,9.3,True,2.0,6.6,4.1,False,227.03,-10.1,7.0,True,1.3,"{'roe_pct': 96.4, 'debt_to_equity': 0.34, 'current_ratio': 0.98, 'operating_margin_pct': 25.0}","{'eps_growth_yoy': -11.3, 'op_growth_yoy': 0.9, 'crecimiento_respaldado': True, 'positive_quarters': 4, 'earnings_accelerating': True, 'eps_accel_quarters': 2, 'profit_margin_pct': 18.7, 'score_bruto_sin_capar': 70.0, 'satura': False}",,220.7,260.0,180.0,10.0,buy,8.1,169.95,-16.8,,,,,,,,múltiplo propio 68x fuera del rango 8-45,reportado,,,,,,,,3.36,6.86,,,,,True,-3.4,,,,-8.6,25.0,2026-10-27,False,True,False,6.0,NEUTRAL,9.0,,2.4,140.7,1.58,,,,,,54.5,0.0,13.3,21.2,2026-10-02 05:45:12,2026-10-02,CONFIRMED_UPTREND,TRADE,True,100,Passes Minervini Template (6/6 criteria),ACCUMULATION,60,"Moderate accumulation (1.2x ratio, 53% up volume)",HIGH_FLOAT,54.4,0.0,34.5,60.0,False,up,67.7,2.0,True,2.0,True,2.0,8.0,10.0,32.0,71.9,Medio,30.3,0.0,0.0,3.0,7.0,0.0,0.0,0.0,0.0,False,3/3,32.535,8.0,True,3.0,0.0,3.0,0.0,0.0,1.38,1.0,0.0,0.0,,,-4.4,24.9,MEDIA,False,1.01,2.0,86.0,0,,-8,RELIABLE/AVOID (-8),0.0,,0.0,14,0.4433,BAJA,26.58,⚪ WEAK,,,,,,,,SENTIMIENTO,"<cite index=""2-7,2-8"">Manhattan Associates presentó resultados del Q2 2026 mejores de lo esperado (EPS ajustado $1.39 vs. estimado $1.32, ingresos $297.8M), elevó guidance parcial y mostró crecimiento saludable en ingresos nube y obligaciones de rendimiento pendientes</cite>. <cite index=""2-2,2-3"">D",https://ir.manh.com/financial-news | https://es.investing.com/news/analyst-ratings/da-davidson-rebaja-manhattan-associates-por-valoracion-93CH-3851187 | https://mx.investing.com/news/earnings/resultados-de-manhattan-associates-puede-la-nube-sostener-el-crecimiento-93CH-3572169 | https://es.investing.com/news/earnings/resultados-de-manhattan-associates-a-la-vista-puede-la-nube-sostener-el-crecimien,True,3,0.78,False,-10.08,71.47,34.63,uptrend,stage2,ENTRADA,Stage 2: sobre MA200 ascendente sin sobreextensión — suelo confirmado,"las 38 veces anteriores (RSI normal, sobre su MA200 que sube) cayó otro 12% de mediana (peor caso -55%); al año el 74% estaba en positivo (mediana +33%).",38,-12.2,-55.3,74,False,"soporte vivo más cercano en 202.34 (-0.9%), puesto a prueba hace 2 días; aguantó 6 y se rompió 2",202.34,-0.9,2,6,2,False
FDS,0.0,,,,50.0,FactSet Research Systems Inc.,62.1,Financial Services,Financial Data & Stock Exchanges,65.0,60.0,60.3,70.0,50.0,277.61,9873350656.0,60.0,56.0,False,up,-14.7,True,1.0,6.4,True,1.0,12.4,4.2,True,320.48,-13.4,5.0,False,-1.4,"{'roe_pct': 25.5, 'debt_to_equity': 0.77, 'current_ratio': 0.6, 'operating_margin_pct': 24.7}","{'eps_growth_yoy': -14.7, 'op_growth_yoy': -14.3, 'crecimiento_respaldado': True, 'positive_quarters': 4, 'earnings_accelerating': True, 'eps_accel_quarters': 1, 'profit_margin_pct': 21.5, 'score_bruto_sin_capar': 65.0, 'satura': False}",,277.56,340.0,212.0,16.0,hold,-0.0,433.6,56.2,470.4,69.4,múltiplo propio,4.0,0.52,False,,,reportado,,,,,,True,4.64,7.23,20.07,,1.72,31.0,1.05,True,-6.2,13.6,Operating Income,14.1,-6.1,76.0,2026-12-17,False,True,False,6.0,NEUTRAL,9.0,,6.74,180.1,0.94,,,,,,19.6,0.0,,18.6,2026-10-02 05:45:12,2026-10-02,CONFIRMED_UPTREND,TRADE,False,66,150 MA below 200 MA - not in Stage 2,ACCUMULATION,70,"Moderate accumulation (1.1x ratio, 52% up volume)",MEDIUM_FLOAT,35.2,20.0,26.6,60.0,False,up,56.0,2.0,True,1.0,True,1.0,5.0,11.0,32.0,68.8,Medio,30.3,0.0,0.0,3.0,3.0,0.0,0.0,0.0,0.0,False,2/3,32.34,0.0,True,6.0,3.0,3.0,0.0,2.8,7.14,3.0,0.0,1.5,13.2,COHERENTES,56.2,-62.8,,False,-0.0,2.0,3.0,0,,-8,RELIABLE/AVOID (-8),0.0,,0.0,21,,,19.71,⚪ WEAK,,,,,,,,,,,False,1,1.002,False,-13.38,52.14,5.9,sideways,stage2,VIGILAR,Sobre MA200 pero las medias aún no están apiladas (50>150>200) — falta confirmación,"las 45 veces anteriores (RSI normal, sobre su MA200 que sube) cayó otro 11% de mediana (peor caso -58%); al año el 76% estaba en positivo (mediana +10%).",45,-11.1,-58.0,76,False,"soporte vivo más cercano en 275.24 (-0.9%), puesto a prueba hace 9 días; aguantó 8 y se rompió 2",275.24,-0.9,9,8,2,False
ORLY,65.92857142857143,Excellent,Stage Unknown,13.338456255106548,50.0,"O'Reilly Automotive, Inc.",63.3,Consumer Cyclical,Auto Parts,90.0,70.0,24.0,50.0,65.0,85.03,68785930240.0,15.0,8.1,False,down,7.0,True,2.0,8.1,True,2.0,3.2,5.0,False,105.36,-19.3,1.0,False,-3.8,"{'current_ratio': 0.75, 'operating_margin_pct': 20.2}","{'eps_growth_yoy': 7.0, 'op_growth_yoy': 7.8, 'crecimiento_respaldado': True, 'positive_quarters': 4, 'earnings_accelerating': True, 'eps_accel_quarters': 2, 'profit_margin_pct': 14.3, 'score_bruto_sin_capar': 90.0, 'satura': False}",,107.35,120.0,91.0,26.0,buy,26.2,73.95,-13.0,85.41,0.4,múltiplo propio,4.0,0.22,False,,,reportado,,,,,,,,3.08,2.62,,,,,True,-3.44,14.4,Operating Income,14.4,10.3,26.0,2026-10-28,False,True,False,7.0,NEUTRAL,9.0,,4.43,40.0,2.34,,,,,,41.8,26.4,,19.0,2026-10-02 05:45:12,2026-10-02,CONFIRMED_UPTREND,TRADE,False,16,Price below 150/200 MA - weak trend,ACCUMULATION,60,"Moderate accumulation (1.1x ratio, 51% up volume)",MEGA_FLOAT,801.2,23.0,64.8,15.0,False,down,8.1,0.0,True,2.0,True,2.0,8.0,28.0,32.0,15.6,Bottom 25%,5.2,-3.0,0.0,0.0,-5.0,0.0,0.0,0.0,0.0,False,2/3,35.32,0.0,True,3.0,0.0,3.0,3.0,-0.42,-0.42,0.0,0.0,0.0,13.4,CONTRADICEN,,39.2,MEDIA,False,3.28,5.0,91.0,0,,-5,MIXED/AVOID (-5),0.0,,0.0,0,,,31.79428571428572,⚪ WEAK,,,,,,,,,,,False,0,0.841,False,-21.24,2.95,-24.07,downtrend,stage1,ESPERAR,En caída (bajo MA200 descendente) — espera a que haga suelo,"las 6 veces anteriores (RSI normal, bajo su MA200 que baja) o paró casi donde estaba o se desplomó hasta -34% — sin término medio; al año el 83% estaba en positivo (mediana +49%).",6,-7.8,-33.5,83,True,"soporte vivo más cercano en 84.80 (-0.3%), puesto a prueba hace 23 días; aguantó 6 de 6 veces",84.8,-0.3,23,6,0,False
VLTO,0.0,,,,7.3,Veralto Corporation,67.1,Industrials,Pollution & Treatment Controls,70.0,70.0,46.7,85.0,65.0,94.6,23062849536.0,35.0,28.9,False,flat,8.6,False,0.0,7.5,True,2.0,3.1,4.5,False,107.9,-12.3,3.0,False,-1.8,"{'roe_pct': 34.3, 'debt_to_equity': 1.16, 'current_ratio': 1.77, 'operating_margin_pct': 21.4}","{'eps_growth_yoy': 8.6, 'op_growth_yoy': 0.6, 'crecimiento_respaldado': True, 'positive_quarters': 4, 'earnings_accelerating': False, 'eps_accel_quarters': 0, 'profit_margin_pct': 17.3, 'score_bruto_sin_capar': 70.0, 'satura': False}",,114.79,136.0,100.0,14.0,buy,21.3,103.81,9.7,105.02,11.0,múltiplo propio,3.0,0.24,True,,,reportado,,,,,,,0.52,4.51,4.27,,0.55,12.6,,True,-1.64,14.1,Operating Income,14.1,10.1,19.0,2026-10-21,False,True,True,6.0,NEUTRAL,9.0,,5.2,76.5,6.36,,,,,,5.0,0.0,2.2,20.1,2026-10-02 05:45:12,2026-10-02,CONFIRMED_UPTREND,TRADE,False,33,150 MA below 200 MA - not in Stage 2,ACCUMULATION,65,"Moderate accumulation (1.4x ratio, 58% up volume)",MEGA_FLOAT,243.2,23.0,22.3,35.0,False,flat,28.9,0.0,False,0.0,True,2.0,2.0,,32.0,,Sin datos suficientes,28.9,0.0,0.0,3.0,0.0,0.0,0.0,0.0,0.0,False,2/3,31.605,0.0,True,3.0,0.0,3.0,3.0,0.0,1.28,1.0,0.0,0.0,1.3,COHERENTES,11.0,11.0,,False,2.66,2.0,41.0,0,,-8,RELIABLE/AVOID (-8),0.0,,0.0,39,0.0726,BAJA,15.71,⚪ WEAK,,,,,,,,,,,False,1,0.749,False,-11.83,18.54,-9.29,sideways,stage1,VIGILAR,Construyendo base (lateral) — espera la reconquista de las medias,"la vez anterior (RSI normal, sobre su MA200 que baja) cayó otro 20% de mediana (peor caso -20%); al año el 0% estaba en positivo (mediana -9%). ⚠ solo 1 casos, no decide nada",1,-19.5,-19.5,0,False,"soporte vivo más cercano en 93.10 (-1.6%), puesto a prueba hace 1 días; aguantó 4 y se rompió 2",93.1,-1.6,1,4,2,False
MSI,0.0,,,,7.4,"Motorola Solutions, Inc.",67.1,Technology,Communication Equipment,80.0,70.0,46.7,65.0,65.0,448.03,74146185216.0,35.0,34.1,False,up,8.6,True,1.0,13.3,True,1.0,2.2,3.2,False,494.85,-9.5,5.0,False,-2.5,"{'roe_pct': 91.6, 'debt_to_equity': 3.58, 'current_ratio': 1.1, 'operating_margin_pct': 27.4}","{'eps_growth_yoy': 8.6, 'op_growth_yoy': 19.3, 'crecimiento_respaldado': True, 'positive_quarters': 4, 'earnings_accelerating': True, 'eps_accel_quarters': 1, 'profit_margin_pct': 17.4, 'score_bruto_sin_capar': 80.0, 'satura': False}",,526.91,550.0,476.0,11.0,buy,17.6,399.58,-10.8,394.58,-11.9,múltiplo propio,4.0,0.62,False,,,reportado,,,,,,,4.84,3.65,16.35,,1.09,37.2,1.11,False,-0.95,7.0,Operating Income,7.3,9.5,34.0,2026-11-05,False,True,False,6.0,NEUTRAL,9.0,,3.56,150.4,1.35,,,,,,33.3,0.0,2.2,20.1,2026-10-02 05:45:12,2026-10-02,CONFIRMED_UPTREND,TRADE,True,83,Passes Minervini Template (5/6 criteria),NEUTRAL,40,"No clear pattern (0.9x ratio, 48% up volume)",HIGH_FLOAT,164.7,2.0,22.3,35.0,False,up,34.1,2.0,True,1.0,True,1.0,5.0,,32.0,,Sin datos suficientes,34.1,0.0,0.0,3.0,3.0,0.0,0.0,0.0,0.0,False,2/3,30.31,8.0,True,3.0,0.0,0.0,3.0,0.0,0.02,0.0,0.0,0.0,1.1,COHERENTES,-10.8,29.0,MEDIA,False,2.2,2.0,62.0,0,,-8,RELIABLE/AVOID (-8),0.0,,0.0,44,0.0745,BAJA,20.21,⚪ WEAK,,,,,,,,,,,False,2,0.698,False,-9.23,25.7,-14.45,sideways,stage2,VIGILAR,Sobre MA200 pero las medias aún no están apiladas (50>150>200) — falta confirmación,"las 47 veces anteriores (RSI normal, sobre su MA200 que sube) cayó otro 6% de mediana (peor caso -26%); al año el 83% estaba en positivo (mediana +19%).",47,-6.2,-26.3,83,False,"soporte vivo más cercano en 442.87 (-1.2%), puesto a prueba hace 2 días; aguantó 6 y se rompió 2",442.87,-1.2,2,6,2,False
HHH,0.0,,,,50.0,Howard Hughes Holdings Inc.,74.5,Real Estate,Real Estate - Development,90.0,90.0,44.0,65.0,65.0,72.06,4303384576.0,35.0,28.0,False,up,,True,2.0,330.2,True,1.0,12.7,8.1,True,91.07,-20.9,3.0,False,9.6,"{'roe_pct': 7.5, 'debt_to_equity': 1.35, 'current_ratio': 3.48, 'operating_margin_pct': 28.4}","{'positive_quarters': 4, 'earnings_accelerating': True, 'eps_accel_quarters': 2, 'profit_margin_pct': 12.3, 'score_bruto_sin_capar': 90.0, 'satura': False}",,89.67,100.0,79.0,3.0,buy,24.4,165.74,130.0,98.8,37.1,múltiplo propio,3.0,0.83,True,,,reportado,,,,,,,,18.21,13.12,,,,,False,,2.8,Operating Income,3.2,,38.0,2026-11-09,False,True,False,6.0,NEUTRAL,9.0,,4.24,13.3,,,,,,,16.9,0.0,,22.3,2026-10-02 05:45:12,2026-10-02,CONFIRMED_UPTREND,TRADE,False,33,150 MA below 200 MA - not in Stage 2,NEUTRAL,55,"No clear pattern (1.0x ratio, 48% up volume)",MEDIUM_FLOAT,30.5,20.0,31.9,35.0,False,up,28.0,2.0,True,2.0,True,1.0,8.0,,32.0,,Sin datos suficientes,28.0,0.0,0.0,0.0,0.0,0.0,0.0,0.0,5.0,False,1/3,32.1,-3.0,True,8.0,0.0,0.0,0.0,0.0,0.0,0.0,0.0,0.0,92.9,DISPERSOS,37.1,-59.2,,False,3.05,2.0,125.0,1,Pershing Square (Ackman),-5,MIXED/AVOID (-5),0.0,,0.0,0,,,7.45,⚪ WEAK,,,,,,,,,,,False,1,1.743,False,-20.87,19.92,-2.36,sideways,stage1,VIGILAR,Construyendo base (lateral) — espera la reconquista de las medias,"las 16 veces anteriores (RSI normal, sobre su MA200 que baja) o paró casi donde estaba o se desplomó hasta -72% — sin término medio; al año el 25% estaba en positivo (mediana -7%).",16,-19.8,-71.5,25,True,"soporte vivo más cercano en 71.53 (-0.7%), puesto a prueba hace 2 días; aguantó 4 y se rompió 3",71.53,-0.7,2,4,3,False
ADP,69.77272727272728,Excellent,Stage 1-2 Transition,19.961637343538342,50.0,"Automatic Data Processing, Inc.",63.8,Technology,Software - Application,75.0,50.0,55.1,85.0,50.0,263.96,104594554880.0,35.0,46.2,False,up,7.5,False,0.0,6.8,False,0.0,3.0,5.1,False,293.51,-10.1,5.0,False,-2.2,"{'roe_pct': 72.2, 'debt_to_equity': 0.91, 'current_ratio': 1.05, 'operating_margin_pct': 23.5}","{'eps_growth_yoy': 7.5, 'op_growth_yoy': 4.3, 'crecimiento_respaldado': True, 'positive_quarters': 4, 'earnings_accelerating': False, 'eps_accel_quarters': 0, 'profit_margin_pct': 20.1, 'score_bruto_sin_capar': 75.0, 'satura': False}",,287.6,322.0,223.0,15.0,hold,9.0,296.74,12.4,277.93,5.3,múltiplo propio,3.0,0.2,True,,,reportado,,,,,,,6.8,4.57,12.06,,2.64,60.7,2.04,True,-1.96,12.6,Operating Income,13.5,3.9,26.0,2026-10-28,False,True,False,6.0,NEUTRAL,9.0,,5.44,162.1,2.01,BEARISH,999.0,60.0,0.0,2.0,42.2,27.9,,19.1,2026-10-02 05:45:12,2026-10-02,CONFIRMED_UPTREND,TRADE,False,66,150 MA below 200 MA - not in Stage 2,NEUTRAL,40,"No clear pattern (1.0x ratio, 47% up volume)",MEGA_FLOAT,396.3,25.0,67.2,35.0,False,up,46.2,2.0,False,0.0,False,0.0,0.0,10.0,32.0,71.9,Medio,30.3,0.0,0.0,3.0,3.0,-8.0,0.0,0.0,0.0,False,1/3,30.520000000000003,8.0,True,3.0,3.0,3.0,1.0,0.0,0.12,0.0,0.0,0.0,7.1,COHERENTES,9.0,0.2,,False,1.12,2.0,14.0,0,,-5,MIXED/AVOID (-5),0.0,,0.0,44,,,54.76636363636364,⚪ WEAK,,,,,,,,,,,False,1,0.846,False,-7.76,42.25,14.12,sideways,stage2,VIGILAR,Sobre MA200 pero las medias aún no están apiladas (50>150>200) — falta confirmación,"las 49 veces anteriores (RSI normal, sobre su MA200 que sube) cayó otro 5% de mediana (peor caso -37%); al año el 82% estaba en positivo (mediana +18%).",49,-4.6,-37.3,82,False,"soporte vivo más cercano en 262.71 (-0.5%), puesto a prueba hace 9 días; aguantó 5 de 5 veces",262.71,-0.5,9,5,0,False
ORCL,57.79545454545455,Excellent,Stage Unknown,45.0349681222344,50.0,Oracle Corporation,69.0,Technology,Software - Infrastructure,100.0,70.0,24.0,65.0,70.0,138.07,418559361024.0,15.0,7.8,False,up,62.6,False,0.0,29.6,False,0.0,2.7,1.8,False,322.54,-57.2,0.0,False,-3.5,"{'roe_pct': 41.2, 'debt_to_equity': 2.52, 'current_ratio': 1.17, 'operating_margin_pct': 35.6}","{'eps_growth_yoy': 62.6, 'op_growth_yoy': 45.4, 'crecimiento_respaldado': True, 'positive_quarters': 4, 'earnings_accelerating': False, 'eps_accel_quarters': 0, 'profit_margin_pct': 26.4, 'score_bruto_sin_capar': 105.0, 'satura': True}",,237.97,400.0,110.0,41.0,buy,72.4,,,227.16,64.5,múltiplo propio,4.0,0.21,False,,,reportado,,"el capex se lleva el 119% del flujo operativo: lo que queda no es lo que gana el dueño, es lo que sobra tras decidir invertir",,,,,2.0,-2.08,-2.87,,1.46,31.4,1.29,False,3.13,4.8,Operating Income,5.3,54.5,69.0,2026-12-10,False,True,False,5.0,NEUTRAL,9.0,,4.04,16.7,0.52,,,,,,41.6,23.1,,20.7,2026-10-02 05:45:12,2026-10-02,CONFIRMED_UPTREND,TRADE,False,0,Price below 150/200 MA - weak trend,ACCUMULATION,60,"Moderate accumulation (1.0x ratio, 50% up volume)",MEGA_FLOAT,1859.3,23.0,62.6,15.0,False,up,7.8,2.0,False,0.0,False,0.0,0.0,2.0,32.0,96.9,Top 10%,57.6,5.0,0.0,0.0,-5.0,0.0,0.0,0.0,0.0,False,2/3,31.599999999999994,8.0,False,0.0,0.0,0.0,5.0,0.0,-0.43,0.0,0.0,0.0,,,68.4,7.9,,True,9.05,0.0,128.0,0,,0,MIXED/WATCH (0),0.0,,0.0,2,,,28.297727272727272,⚪ WEAK,,,,,,,,,,,False,0,0.866,False,-56.78,20.59,-22.1,downtrend,stage4,ESPERAR,En caída (bajo MA200 descendente) — espera a que haga suelo,"las 15 veces anteriores (RSI normal, bajo su MA200 que baja) cayó otro 8% de mediana (peor caso -22%); al año el 100% estaba en positivo (mediana +21%).",15,-8.2,-21.8,100,False,"soporte vivo más cercano en 136.70 (-1.0%), puesto a prueba hace 7 días; aguantó 10 y se rompió 2",136.7,-1.0,7,10,2,False
KD,0.0,,,,50.0,"Kyndryl Holdings, Inc.",33.0,Technology,Information Technology Services,38.0,30.0,24.0,25.0,55.0,12.12,2639957248.0,15.0,4.9,False,flat,-198.2,False,0.0,-3.3,False,0.0,14.4,8.8,True,30.99,-60.9,0.0,False,-5.9,"{'roe_pct': 6.9, 'debt_to_equity': 4.22, 'current_ratio': 0.85, 'operating_margin_pct': 2.9}","{'eps_growth_yoy': -198.2, 'op_growth_yoy': -28.0, 'crecimiento_respaldado': True, 'positive_quarters': 3, 'earnings_accelerating': False, 'eps_accel_quarters': 0, 'profit_margin_pct': 0.6, 'score_bruto_sin_capar': 38.0, 'satura': False}",,14.2,16.0,13.0,5.0,none,17.2,,,,,,,,,,sin histórico de múltiplo (beneficio negativo o pocos años),normalizado,tasa fiscal efectiva 65.2% — el beneficio del periodo no es representativo,"el capex se lleva el 80% del flujo operativo: lo que queda no es lo que gana el dueño, es lo que sobra tras decidir invertir",,,,,,5.83,0.71,,,,,True,-7.74,5.7,Operating Income,3.4,,32.0,2026-11-03,False,True,False,6.0,NEUTRAL,9.0,,11.41,18.8,0.16,,,,,,0.0,0.0,,9.9,2026-10-02 05:45:12,2026-10-02,CONFIRMED_UPTREND,TRADE,False,0,Price below 150/200 MA - weak trend,ACCUMULATION,60,"Moderate accumulation (1.1x ratio, 52% up volume)",HIGH_FLOAT,199.1,20.0,14.1,15.0,False,flat,4.9,0.0,False,0.0,False,0.0,0.0,16.0,32.0,53.1,Medio,19.8,0.0,0.0,0.0,-5.0,0.0,0.0,0.0,5.0,False,2/3,30.200000000000003,8.0,False,0.0,0.0,3.0,0.0,0.0,0.0,0.0,0.0,0.0,,,,,,False,2.15,2.0,59.0,1,Appaloosa (Tepper),0,MIXED/INSUFFICIENT (0),0.0,,0.0,8,,,0.0,⚪ WEAK,,,,,,,,,,,False,1,0.931,False,-60.89,20.0,-25.47,downtrend,stage4,ESPERAR,En caída (bajo MA200 descendente) — espera a que haga suelo,"las 2 veces anteriores (RSI normal, bajo su MA200 que baja) cayó otro 14% de mediana (peor caso -25%); al año el 100% estaba en positivo (mediana +59%). ⚠ solo 2 casos, no decide nada",2,-14.4,-25.1,100,False,"soporte vivo más cercano en 12.03 (-0.7%), puesto a prueba hace 13 días; aguantó 4 y se rompió 3",12.03,-0.7,13,4,3,False
