ticker,company_name,fundamental_score,sin_score_motivo,base_periodos,tier,quality,price_currency,financial_currency,fx_applied,fx_reliable,per_share_reliable,shares_price_ratio,coherence_issues,earnings_quality_score,growth_acceleration_score,relative_strength_score,financial_health_score,catalyst_timing_score,rs_line_score,rs_line_percentile,rs_line_at_new_high,rs_line_trend,eps_growth_yoy,eps_accelerating,eps_accel_quarters,rev_growth_yoy,rev_accelerating,rev_accel_quarters,earnings_details,growth_details,rs_details,health_details,catalyst_details,current_price,market_cap,sector,industry,short_percent_float,short_ratio,short_squeeze_potential,fifty_two_week_high,proximity_to_52w_high,trend_template_score,trend_template_pass,dist_ma50_pct,target_price_analyst,target_price_analyst_high,target_price_analyst_low,analyst_count,analyst_recommendation,analyst_upside_pct,target_price_dcf,target_price_dcf_upside_pct,target_price_pe,target_price_pe_upside_pct,pe_eps_usado,pe_ancla,pe_ancla_n,pe_ancla_dispersion,pe_ancla_fragil,pe_ancla_excluidos,fcf_yield_pct,fcf_per_share,dividend_yield_pct,payout_ratio_pct,dividend_rate,five_yr_avg_dividend_yield_pct,buyback_active,shares_change_pct,ai_descartados,piotroski_evaluables,piotroski_motivo,interest_coverage,interest_coverage_base,interest_coverage_ebit,analyst_revision_momentum,days_to_earnings,earnings_date,earnings_warning,earnings_fecha_conocida,earnings_catalyst,piotroski_score,piotroski_label,ebit_ev_yield,roic_greenblatt,peg_ratio,hv_30d,atm_iv,iv_ratio,iv_premium_pts,analyzed_at,acciones_efectivas,dcf_no_aplicable,pe_sin_ancla_motivo,pe_eps_motivo,per_share_no_fiable,shares_change_es_gasto
FTNT,"Fortinet, Inc.",86.2,,trimestral,🏆 ELITE,🟢 Elite,USD,USD,False,True,True,1.0,,100.0,80.0,88.3,90.0,50.0,100.0,100.0,True,up,37.8,True,1,25.6,True,1,"{'eps_growth_yoy': 37.8, 'op_growth_yoy': 50.5, 'crecimiento_respaldado': True, 'positive_quarters': 4, 'earnings_accelerating': True, 'eps_accel_quarters': 1, 'profit_margin_pct': 28.2, 'score_bruto_sin_capar': 105.0, 'satura': True}","{'revenue_growth_yoy': 25.6, 'revenue_accelerating': True, 'rev_accel_quarters': 1}","{'rs_3m': 18.2, 'rs_6m': 107.8, 'rs_line_percentile': 100.0, 'rs_line_at_new_high': True, 'rs_line_trend': 'up', 'rs_line_score': 100}","{'roe_pct': 117.4, 'debt_to_equity': 0.36, 'current_ratio': 1.28, 'operating_margin_pct': 33.6}","{'days_to_earnings': 'N/A', 'recommendation': 'hold', 'analyst_upside_pct': -8.1}",178.74,131143983104,Technology,Software - Infrastructure,2.2,2.9,False,179.35,-0.3,8,True,11.1,164.32,220.0,104.0,36.0,hold,-8.1,84.96,-52.5,118.87,-33.5,reportado,múltiplo propio,4.0,0.32,False,,2.31,4.13,,,,,True,-4.24,,9,,135.7,Operating Income,146.7,17.6,41.0,2026-11-04,False,True,False,6,NEUTRAL,1.63,83.9,1.08,58.1,,,,2026-09-24T04:53:37.276196,,,,,,
CVX,Chevron Corporation,83.8,,trimestral,🏆 ELITE,🟢 Elite,USD,USD,False,True,True,1.0,,100.0,100.0,50.3,85.0,60.0,35.0,47.2,False,up,384.8,True,2,51.4,True,2,"{'eps_growth_yoy': 384.8, 'op_growth_yoy': 251.9, 'crecimiento_respaldado': False, 'crecimiento_puntuado': 276.9, 'positive_quarters': 4, 'earnings_accelerating': True, 'eps_accel_quarters': 2, 'profit_margin_pct': 9.8, 'score_bruto_sin_capar': 115.0, 'satura': True}","{'revenue_growth_yoy': 51.4, 'revenue_accelerating': True, 'rev_accel_quarters': 2}","{'rs_3m': 16.1, 'rs_6m': -16.3, 'rs_line_percentile': 47.2, 'rs_line_at_new_high': False, 'rs_line_trend': 'up', 'rs_line_score': 35}","{'roe_pct': 12.2, 'debt_to_equity': 0.19, 'current_ratio': 1.25, 'operating_margin_pct': 21.9}","{'days_to_earnings': 'N/A', 'recommendation': 'buy', 'analyst_upside_pct': 8.1}",205.51,403129073664,Energy,Oil & Gas Integrated,1.1,2.5,False,217.78,-5.6,7,True,3.3,222.17,245.0,175.0,24.0,buy,8.1,215.59,4.9,131.84,-35.8,reportado,múltiplo propio,4.0,1.09,True,,6.94,14.26,3.52,67.2,7.12,3.95,True,-2.76,,9,,18.1,Operating Income,22.5,321.9,36.0,2026-10-30,False,True,False,5,NEUTRAL,3.81,7.4,0.05,24.3,,,,2026-09-24T04:54:22.929782,,,,,,True
AVGO,Broadcom Inc.,82.7,,trimestral,🏆 ELITE,🟢 Elite,USD,USD,False,True,True,1.0,,100.0,100.0,36.0,90.0,70.0,15.0,7.5,False,down,216.1,True,2,85.5,True,2,"{'eps_growth_yoy': 216.1, 'op_growth_yoy': 164.4, 'crecimiento_respaldado': False, 'crecimiento_puntuado': 189.4, 'positive_quarters': 4, 'earnings_accelerating': True, 'eps_accel_quarters': 2, 'profit_margin_pct': 42.9, 'score_bruto_sin_capar': 125.0, 'satura': True}","{'revenue_growth_yoy': 85.5, 'revenue_accelerating': True, 'rev_accel_quarters': 2}","{'rs_3m': -11.0, 'rs_6m': -5.8, 'rs_line_percentile': 7.5, 'rs_line_at_new_high': False, 'rs_line_trend': 'down', 'rs_line_score': 15}","{'roe_pct': 44.2, 'debt_to_equity': 0.6, 'current_ratio': 2.5, 'operating_margin_pct': 54.3}","{'days_to_earnings': 'N/A', 'recommendation': 'strong_buy', 'analyst_upside_pct': 49.8}",354.99,1694590828544,Technology,Semiconductors,1.1,2.6,False,495.0,-28.3,2,False,-5.9,531.85,715.0,215.88,47.0,strong_buy,49.8,134.95,-62.0,,,normalizado,,,,,,2.36,8.38,0.71,32.4,2.6,1.76,False,0.56,,9,,13.9,Operating Income,14.0,215.3,76.0,2026-12-09,False,True,False,8,STRONG,1.51,167.3,0.09,33.6,,,,2026-09-24T04:53:14.844057,,,los P/E históricos se separan 2.5x la mediana: el ancla la decidiría un año suelto,tasa fiscal efectiva 5.4% — el beneficio del periodo no es representativo,,
MSFT,Microsoft Corporation,82.5,,trimestral,🏆 ELITE,🟢 Elite,USD,USD,False,True,True,1.0,,100.0,70.0,71.4,95.0,65.0,60.0,55.2,False,up,31.3,True,1,17.7,True,1,"{'eps_growth_yoy': 31.3, 'op_growth_yoy': 18.3, 'crecimiento_respaldado': True, 'positive_quarters': 4, 'earnings_accelerating': True, 'eps_accel_quarters': 1, 'profit_margin_pct': 40.3, 'score_bruto_sin_capar': 105.0, 'satura': True}","{'revenue_growth_yoy': 17.7, 'revenue_accelerating': True, 'rev_accel_quarters': 1}","{'rs_3m': 37.3, 'rs_6m': 18.0, 'rs_line_percentile': 55.2, 'rs_line_at_new_high': False, 'rs_line_trend': 'up', 'rs_line_score': 60}","{'roe_pct': 34.0, 'debt_to_equity': 0.29, 'current_ratio': 1.23, 'operating_margin_pct': 45.1}","{'days_to_earnings': 'N/A', 'recommendation': 'strong_buy', 'analyst_upside_pct': 15.3}",500.59,3717153947648,Technology,Software - Infrastructure,1.0,2.5,False,553.72,-9.6,6,False,6.3,577.26,870.0,440.0,52.0,strong_buy,15.3,,,634.25,26.7,reportado,múltiplo propio,4.0,0.47,False,,1.8,9.01,0.79,19.8,3.92,0.79,False,-0.24,,9,,50.9,Operating Income,55.4,31.7,34.0,2026-10-28,False,True,False,6,NEUTRAL,4.12,41.3,0.67,22.2,,,,2026-09-24T04:47:27.114623,,"el capex se lleva el 63% del flujo operativo: lo que queda no es lo que gana el dueño, es lo que sobra tras decidir invertir",,,,
ASML,ASML Holding N.V.,82.3,,trimestral,🏆 ELITE,🟢 Elite,USD,EUR,True,True,True,1.0,,100.0,80.0,57.6,95.0,65.0,60.0,67.9,False,down,27.4,True,1,21.3,True,1,"{'eps_growth_yoy': 27.4, 'op_growth_yoy': 29.7, 'crecimiento_respaldado': True, 'positive_quarters': 4, 'earnings_accelerating': True, 'eps_accel_quarters': 1, 'profit_margin_pct': 30.1, 'score_bruto_sin_capar': 105.0, 'satura': True}","{'revenue_growth_yoy': 21.3, 'revenue_accelerating': True, 'rev_accel_quarters': 1}","{'rs_3m': -5.7, 'rs_6m': 7.6, 'rs_line_percentile': 67.9, 'rs_line_at_new_high': False, 'rs_line_trend': 'down', 'rs_line_score': 60}","{'roe_pct': 53.9, 'debt_to_equity': 0.09, 'current_ratio': 1.33, 'operating_margin_pct': 37.1}","{'days_to_earnings': 'N/A', 'recommendation': 'strong_buy', 'analyst_upside_pct': 21.4}",1744.61,670104682496,Technology,Semiconductor Equipment & Materials,0.4,1.3,False,1999.96,-12.8,7,True,1.4,2118.4,2820.91,880.94,16.0,strong_buy,21.4,505.65,-71.0,1087.37,-37.7,reportado,múltiplo propio,4.0,0.2,False,,1.71,29.83,0.52,29.7,9.08,0.83,False,-0.9,,7,,,,,28.5,20.0,2026-10-14,False,True,True,6,NEUTRAL,0.03,77.5,1.03,39.9,,,,2026-09-24T04:53:11.331670,,,,,,
WST,"West Pharmaceutical Services, Inc.",82.2,,trimestral,🏆 ELITE,🟢 Elite,USD,USD,False,True,True,1.0,,100.0,60.0,84.7,95.0,60.0,100.0,98.4,True,up,16.8,True,2,13.8,False,0,"{'eps_growth_yoy': 16.8, 'op_growth_yoy': 20.8, 'crecimiento_respaldado': True, 'positive_quarters': 4, 'earnings_accelerating': True, 'eps_accel_quarters': 2, 'profit_margin_pct': 17.0, 'score_bruto_sin_capar': 100.0, 'satura': False}","{'revenue_growth_yoy': 13.8, 'revenue_accelerating': False, 'rev_accel_quarters': 0}","{'rs_3m': 5.7, 'rs_6m': 36.0, 'rs_line_percentile': 98.4, 'rs_line_at_new_high': True, 'rs_line_trend': 'up', 'rs_line_score': 100}","{'roe_pct': 19.1, 'debt_to_equity': 0.11, 'current_ratio': 2.82, 'operating_margin_pct': 22.5}","{'days_to_earnings': 'N/A', 'recommendation': 'strong_buy', 'analyst_upside_pct': 8.4}",375.87,26452135936,Healthcare,Medical Instruments & Supplies,3.6,4.3,False,386.0,-2.6,8,True,7.5,407.56,459.0,340.0,16.0,strong_buy,8.4,67.77,-82.0,339.85,-9.6,reportado,múltiplo propio,4.0,0.44,False,,1.42,5.34,0.24,11.1,0.88,0.25,True,-1.66,,9,,160.6,Operating Income,155.1,18.1,28.0,2026-10-22,False,True,False,7,NEUTRAL,2.42,20.1,2.08,25.1,0.8,0.03,-24.3,2026-09-24T04:49:12.322024,,,,,,
AAPL,Apple Inc.,81.6,,trimestral,🏆 ELITE,🟢 Elite,USD,USD,False,True,True,1.0,,100.0,70.0,76.7,85.0,60.0,80.0,75.2,False,flat,27.1,True,1,16.4,True,1,"{'eps_growth_yoy': 27.1, 'op_growth_yoy': 26.6, 'crecimiento_respaldado': True, 'positive_quarters': 4, 'earnings_accelerating': True, 'eps_accel_quarters': 1, 'profit_margin_pct': 27.6, 'score_bruto_sin_capar': 105.0, 'satura': True}","{'revenue_growth_yoy': 16.4, 'revenue_accelerating': True, 'rev_accel_quarters': 1}","{'rs_3m': 17.8, 'rs_6m': 16.2, 'rs_line_percentile': 75.2, 'rs_line_at_new_high': False, 'rs_line_trend': 'flat', 'rs_line_score': 80}","{'roe_pct': 148.8, 'debt_to_equity': 0.78, 'current_ratio': 1.0, 'operating_margin_pct': 32.6}","{'days_to_earnings': 'N/A', 'recommendation': 'buy', 'analyst_upside_pct': -2.6}",337.02,4918530277376,Technology,Consumer Electronics,1.0,3.0,False,345.34,-2.4,8,True,4.9,328.22,405.0,215.0,39.0,buy,-2.6,138.64,-58.9,266.4,-21.0,reportado,múltiplo propio,4.0,0.51,False,,2.72,9.17,0.32,12.0,1.08,0.5,True,-1.56,,9,,,,,20.1,35.0,2026-10-29,False,True,False,8,STRONG,2.69,267.0,1.23,21.5,0.2,0.01,-21.3,2026-09-24T04:54:00.547661,,,,,,
TECK,Teck Resources Limited,81.3,,trimestral,🏆 ELITE,🟢 Elite,USD,CAD,True,True,True,0.9845,"FCF declarado (1,925,000,000) se aparta del derivado de flujo operativo menos capex (1,233,799,318)",100.0,80.0,80.3,75.0,40.0,80.0,79.9,False,up,314.6,False,0,78.2,False,0,"{'eps_growth_yoy': 314.6, 'op_growth_yoy': 425.2, 'crecimiento_respaldado': True, 'positive_quarters': 4, 'earnings_accelerating': False, 'eps_accel_quarters': 0, 'profit_margin_pct': 17.9, 'score_bruto_sin_capar': 100.0, 'satura': False}","{'revenue_growth_yoy': 78.2, 'revenue_accelerating': False, 'rev_accel_quarters': 0}","{'rs_3m': 11.1, 'rs_6m': 20.4, 'rs_line_percentile': 79.9, 'rs_line_at_new_high': False, 'rs_line_trend': 'up', 'rs_line_score': 80}","{'roe_pct': 8.7, 'debt_to_equity': 0.34, 'current_ratio': 3.12, 'operating_margin_pct': 43.1}","{'days_to_earnings': 'N/A', 'recommendation': 'hold', 'analyst_upside_pct': -20.4}",66.8,32772081664,Basic Materials,Copper,,2.5,False,72.56,-7.9,8,True,3.8,53.16,67.97,35.4,4.0,hold,-20.4,,,,,normalizado,,,,,,3.76,2.51,0.52,9.8,0.36,0.99,True,-1.05,,6,solo 6 de los 9 criterios son calculables con los estados de esta empresa,5.2,Operating Income,6.5,129.8,35.0,2026-10-29,False,True,False,5,,4.11,4.2,0.06,35.2,,,,2026-09-24T04:55:45.469661,,"el capex se lleva el 63% del flujo operativo: lo que queda no es lo que gana el dueño, es lo que sobra tras decidir invertir",sin histórico de múltiplo (beneficio negativo o pocos años),tasa fiscal efectiva 39.3% — el beneficio del periodo no es representativo,,
APH,Amphenol Corporation,81.2,,trimestral,🏆 ELITE,🟢 Elite,USD,USD,False,True,True,1.0,,90.0,90.0,62.4,85.0,65.0,60.0,66.7,False,flat,26.5,False,0,58.4,True,1,"{'eps_growth_yoy': 26.5, 'op_growth_yoy': 82.3, 'crecimiento_respaldado': True, 'positive_quarters': 4, 'earnings_accelerating': False, 'eps_accel_quarters': 0, 'profit_margin_pct': 17.7, 'score_bruto_sin_capar': 90.0, 'satura': False}","{'revenue_growth_yoy': 58.4, 'revenue_accelerating': True, 'rev_accel_quarters': 1}","{'rs_3m': -5.1, 'rs_6m': 10.6, 'rs_line_percentile': 66.7, 'rs_line_at_new_high': False, 'rs_line_trend': 'flat', 'rs_line_score': 60}","{'roe_pct': 38.1, 'debt_to_equity': 1.2, 'current_ratio': 1.89, 'operating_margin_pct': 29.8}","{'days_to_earnings': 'N/A', 'recommendation': 'strong_buy', 'analyst_upside_pct': 20.9}",82.19,202677813248,Technology,Electronic Components,1.2,2.3,False,89.26,-7.9,2,False,,99.39,115.0,85.0,18.0,strong_buy,20.9,36.06,-56.1,33.16,-59.7,reportado,múltiplo propio,4.0,0.48,False,,2.41,1.98,0.6,22.9,0.5,0.82,False,1.34,,9,,13.7,Operating Income,13.6,59.3,34.0,2026-10-28,False,True,False,6,NEUTRAL,2.76,37.9,0.42,39.0,0.4,0.01,-38.6,2026-09-24T04:52:23.210943,,,,,,
BRK-B,Berkshire Hathaway Inc.,79.2,,trimestral,⭐⭐⭐ EXCELLENT,🟢 Excellent,USD,USD,False,True,True,0.6577,"acciones × precio no cuadra (ratio 0.6577) pero la divisa sí: son clases múltiples. Se usan 2,141 M de acciones efectivas (capitalización ÷ precio) en vez de las 1,408 M declaradas",100.0,90.0,36.0,90.0,60.0,15.0,24.4,False,flat,457.6,True,1,41.5,True,1,"{'eps_growth_yoy': 457.6, 'op_growth_yoy': 421.4, 'crecimiento_respaldado': False, 'crecimiento_puntuado': 446.4, 'positive_quarters': 4, 'earnings_accelerating': True, 'eps_accel_quarters': 1, 'profit_margin_pct': 22.3, 'score_bruto_sin_capar': 115.0, 'satura': True}","{'revenue_growth_yoy': 41.5, 'revenue_accelerating': True, 'rev_accel_quarters': 1}","{'rs_3m': -2.3, 'rs_6m': -11.7, 'rs_line_percentile': 24.4, 'rs_line_at_new_high': False, 'rs_line_trend': 'flat', 'rs_line_score': 15}","{'roe_pct': 12.1, 'debt_to_equity': 0.17, 'current_ratio': 2.89, 'operating_margin_pct': 32.6}","{'days_to_earnings': 'N/A', 'recommendation': 'buy', 'analyst_upside_pct': 8.0}",507.17,1085703782400,Financial Services,Insurance - Diversified,1.0,2.3,False,537.74,-5.7,5,False,0.3,547.67,604.0,510.0,3.0,buy,8.0,,,440.13,-13.2,reportado,múltiplo propio,3.0,0.74,True,,2.37,12.02,,,,,False,-0.41,,7,,17.1,EBIT,17.1,75.5,44.0,2026-11-07,False,True,False,4,NEUTRAL,,,0.21,12.8,,,,2026-09-24T04:49:47.917844,2140709786.0,"Insurance - Diversified: el flujo operativo son depósitos, préstamos o primas, no caja libre para el accionista",,,,True
TNE.AX,Technology One Limited,78.8,,anual,⭐⭐⭐ EXCELLENT,🟢 Excellent,AUD,AUD,False,True,True,1.0,,95.0,80.0,50.0,95.0,60.0,,,,,16.6,True,1,18.2,True,2,"{'eps_growth_yoy': 16.6, 'op_growth_yoy': 18.3, 'crecimiento_respaldado': True, 'positive_quarters': 4, 'earnings_accelerating': True, 'eps_accel_quarters': 1, 'profit_margin_pct': 22.4, 'score_bruto_sin_capar': 95.0, 'satura': False}","{'revenue_growth_yoy': 18.2, 'revenue_accelerating': True, 'rev_accel_quarters': 2}","{'rs_3m': -4.6, 'rs_6m': -5.6}","{'roe_pct': 33.5, 'debt_to_equity': 0.12, 'current_ratio': 1.12, 'operating_margin_pct': 27.1}","{'days_to_earnings': 'N/A', 'recommendation': 'buy', 'analyst_upside_pct': 5.5}",29.55,9673740288,Technology,Software - Application,,,False,39.99,-26.1,4,False,-4.1,31.16,34.25,22.0,16.0,buy,5.5,16.5,-44.2,,,reportado,,,,,,2.06,0.61,0.96,62.2,0.28,0.97,,,,7,,,,,4.4,54.0,2026-11-17,False,True,False,3,NEUTRAL,1.87,152.7,7.73,29.2,,,,2026-09-24T04:51:15.537355,,,múltiplo propio 56x fuera del rango 8-45,,,
NUE,Nucor Corporation,78.8,,trimestral,⭐⭐⭐ EXCELLENT,🟢 Excellent,USD,USD,False,True,True,1.0,"FCF declarado (1,583,000,000) se aparta del derivado de flujo operativo menos capex (1,002,000,000)",95.0,70.0,74.0,80.0,60.0,80.0,76.2,False,up,91.7,False,0,23.0,False,0,"{'eps_growth_yoy': 91.7, 'op_growth_yoy': 77.3, 'crecimiento_respaldado': True, 'positive_quarters': 4, 'earnings_accelerating': False, 'eps_accel_quarters': 0, 'profit_margin_pct': 8.0, 'score_bruto_sin_capar': 95.0, 'satura': False}","{'revenue_growth_yoy': 23.0, 'revenue_accelerating': False, 'rev_accel_quarters': 0}","{'rs_3m': -1.9, 'rs_6m': 35.2, 'rs_line_percentile': 76.2, 'rs_line_at_new_high': False, 'rs_line_trend': 'up', 'rs_line_score': 80}","{'roe_pct': 14.5, 'debt_to_equity': 0.31, 'current_ratio': 2.51, 'operating_margin_pct': 15.7}","{'days_to_earnings': 'N/A', 'recommendation': 'buy', 'analyst_upside_pct': 14.8}",246.98,56033755136,Basic Materials,Steel,2.4,2.8,False,280.11,-11.8,7,True,-3.1,283.62,310.0,231.0,16.0,buy,14.8,,,,,reportado,,,,,,1.79,4.42,0.91,17.8,2.24,1.41,False,-1.0,,9,,28.7,Operating Income,29.3,93.8,32.0,2026-10-26,False,True,False,6,NEUTRAL,4.32,11.5,0.13,34.9,1.6,0.04,-33.3,2026-09-24T04:54:58.425663,,"el capex se lleva el 77% del flujo operativo: lo que queda no es lo que gana el dueño, es lo que sobra tras decidir invertir",los P/E históricos se separan 1.5x la mediana: el ancla la decidiría un año suelto,,,
KYCCF,Keyence Corporation,78.5,,anual,⭐⭐⭐ EXCELLENT,🟢 Excellent,USD,JPY,True,True,True,1.0,,100.0,80.0,68.7,65.0,50.0,60.0,61.9,False,flat,11.7,True,2,10.4,True,2,"{'eps_growth_yoy': 11.7, 'op_growth_yoy': 8.4, 'crecimiento_respaldado': True, 'positive_quarters': 4, 'earnings_accelerating': True, 'eps_accel_quarters': 2, 'profit_margin_pct': 39.2, 'score_bruto_sin_capar': 105.0, 'satura': True}","{'revenue_growth_yoy': 10.4, 'revenue_accelerating': True, 'rev_accel_quarters': 2}","{'rs_3m': 0.4, 'rs_6m': 20.7, 'rs_line_percentile': 61.9, 'rs_line_at_new_high': False, 'rs_line_trend': 'flat', 'rs_line_score': 60}","{'current_ratio': 11.87, 'operating_margin_pct': 54.0}","{'days_to_earnings': 'N/A', 'recommendation': 'none'}",490.0,118837313536,Technology,Scientific & Technical Instruments,,,False,581.6,-15.7,6,False,-1.6,,,,,none,,30647.64,6154.6,,,reportado,,,,,,338.54,1658.85,0.68,30.0,3.45,0.5,,,,9,,,,,25.5,35.0,2026-10-29,False,True,False,5,NEUTRAL,,31.6,0.85,35.1,,,,2026-09-24T04:53:18.687481,,,múltiplo propio 0x fuera del rango 8-45,,,
4684.T,"OBIC Co.,Ltd.",78.3,,anual,⭐⭐⭐ EXCELLENT,🟢 Excellent,JPY,JPY,False,True,True,1.0,,95.0,70.0,79.0,70.0,60.0,,,,,16.4,True,1,11.5,True,1,"{'eps_growth_yoy': 16.4, 'op_growth_yoy': 13.3, 'crecimiento_respaldado': True, 'positive_quarters': 4, 'earnings_accelerating': True, 'eps_accel_quarters': 1, 'profit_margin_pct': 56.2, 'score_bruto_sin_capar': 95.0, 'satura': False}","{'revenue_growth_yoy': 11.5, 'revenue_accelerating': True, 'rev_accel_quarters': 1}","{'rs_3m': 32.3, 'rs_6m': 13.0}","{'roe_pct': 16.6, 'current_ratio': 7.21, 'operating_margin_pct': 67.7}","{'days_to_earnings': 'N/A', 'recommendation': 'buy', 'analyst_upside_pct': 8.6}",5075.0,2179173842944,Technology,Software - Application,,,False,5352.0,-5.2,6,False,8.8,5513.33,6200.0,4500.0,12.0,buy,8.6,4135.58,-18.5,5320.16,4.8,reportado,múltiplo propio,4.0,0.41,False,,3.31,167.98,1.84,49.0,94.0,1.31,,,,9,,,,,19.5,33.0,2026-10-27,False,True,False,4,NEUTRAL,4.43,35.7,1.63,30.1,,,,2026-09-24T04:52:34.773239,,,,,,
CBOE,"Cboe Global Markets, Inc.",78.3,,trimestral,⭐⭐⭐ EXCELLENT,🟢 Excellent,USD,USD,False,True,True,1.0,,100.0,90.0,26.7,100.0,55.0,15.0,20.6,False,down,50.2,False,0,22.9,True,2,"{'eps_growth_yoy': 50.2, 'op_growth_yoy': 33.6, 'crecimiento_respaldado': True, 'positive_quarters': 4, 'earnings_accelerating': False, 'eps_accel_quarters': 0, 'profit_margin_pct': 26.7, 'score_bruto_sin_capar': 105.0, 'satura': True}","{'revenue_growth_yoy': 22.9, 'revenue_accelerating': True, 'rev_accel_quarters': 2}","{'rs_3m': 3.2, 'rs_6m': -22.0, 'rs_line_percentile': 20.6, 'rs_line_at_new_high': False, 'rs_line_trend': 'down', 'rs_line_score': 15}","{'roe_pct': 26.3, 'debt_to_equity': 0.28, 'current_ratio': 1.56, 'operating_margin_pct': 34.6}","{'days_to_earnings': 'N/A', 'recommendation': 'hold', 'analyst_upside_pct': 17.4}",268.87,28078366720,Financial Services,Financial Data & Stock Exchanges,3.0,2.9,False,371.18,-27.6,2,False,-7.0,315.64,356.0,258.0,14.0,hold,17.4,402.47,49.7,326.45,21.4,reportado,múltiplo propio,4.0,1.22,True,,6.74,18.12,1.29,22.4,3.44,1.27,False,-0.19,,9,,33.6,Operating Income,36.6,20.1,36.0,2026-10-30,False,True,False,8,STRONG,5.55,65.7,0.35,32.8,0.8,0.02,-32.0,2026-09-24T04:51:46.414222,,,,,,
THC,Tenet Healthcare Corporation,78.1,,trimestral,⭐⭐⭐ EXCELLENT,🟢 Excellent,USD,USD,False,True,True,1.0,,100.0,60.0,79.4,75.0,60.0,80.0,78.1,False,up,186.8,False,0,14.6,False,0,"{'eps_growth_yoy': 186.8, 'op_growth_yoy': 68.7, 'crecimiento_respaldado': False, 'crecimiento_puntuado': 93.7, 'positive_quarters': 4, 'earnings_accelerating': False, 'eps_accel_quarters': 0, 'profit_margin_pct': 10.3, 'score_bruto_sin_capar': 100.0, 'satura': False}","{'revenue_growth_yoy': 14.6, 'revenue_accelerating': False, 'rev_accel_quarters': 0}","{'rs_3m': 35.3, 'rs_6m': 11.0, 'rs_line_percentile': 78.1, 'rs_line_at_new_high': False, 'rs_line_trend': 'up', 'rs_line_score': 80}","{'roe_pct': 37.3, 'debt_to_equity': 1.52, 'current_ratio': 1.41, 'operating_margin_pct': 18.2}","{'days_to_earnings': 'N/A', 'recommendation': 'buy', 'analyst_upside_pct': 11.0}",256.44,20648292352,Healthcare,Medical Care Facilities,2.8,2.4,False,283.05,-9.4,8,True,1.9,284.64,315.0,260.0,22.0,buy,11.0,534.52,108.4,326.38,27.3,reportado,múltiplo propio,4.0,0.72,False,,14.55,37.31,,,,2.75,True,-8.53,,9,,5.4,Operating Income,5.7,213.4,33.0,2026-10-27,False,True,False,6,NEUTRAL,9.61,31.7,0.06,26.6,1.6,0.06,-25.0,2026-09-24T04:55:38.002744,,,,,,
7741.T,HOYA Corporation,77.2,,anual,⭐⭐⭐ EXCELLENT,🟢 Excellent,JPY,JPY,False,True,True,1.0,,100.0,80.0,30.0,95.0,70.0,,,,,25.2,True,2,12.4,True,2,"{'eps_growth_yoy': 25.2, 'op_growth_yoy': 14.6, 'crecimiento_respaldado': True, 'positive_quarters': 4, 'earnings_accelerating': True, 'eps_accel_quarters': 2, 'profit_margin_pct': 27.2, 'score_bruto_sin_capar': 115.0, 'satura': True}","{'revenue_growth_yoy': 12.4, 'revenue_accelerating': True, 'rev_accel_quarters': 2}","{'rs_3m': -17.7, 'rs_6m': -34.0}","{'roe_pct': 26.5, 'debt_to_equity': 0.04, 'current_ratio': 4.91, 'operating_margin_pct': 32.4}","{'days_to_earnings': 'N/A', 'recommendation': 'strong_buy', 'analyst_upside_pct': 30.9}",23070.0,7695271198720,Healthcare,Medical Instruments & Supplies,,,False,30400.0,-24.1,2,False,-6.4,30200.0,36000.0,23100.0,15.0,strong_buy,30.9,13751.89,-40.4,24485.78,6.1,reportado,múltiplo propio,4.0,0.22,False,,3.05,703.63,1.31,39.7,295.0,0.77,,,,9,,,,,30.0,36.0,2026-10-30,False,True,False,6,NEUTRAL,7.8,55.3,1.13,20.0,,,,2026-09-24T04:49:29.774625,,,,,,
RACE,Ferrari N.V.,77.2,,trimestral,⭐⭐⭐ EXCELLENT,🟢 Excellent,USD,EUR,True,True,True,1.0,,95.0,70.0,58.7,90.0,60.0,35.0,32.0,False,up,9.0,True,2,8.4,True,2,"{'eps_growth_yoy': 9.0, 'op_growth_yoy': 9.5, 'crecimiento_respaldado': True, 'positive_quarters': 4, 'earnings_accelerating': True, 'eps_accel_quarters': 2, 'profit_margin_pct': 22.2, 'score_bruto_sin_capar': 95.0, 'satura': False}","{'revenue_growth_yoy': 8.4, 'revenue_accelerating': True, 'rev_accel_quarters': 2}","{'rs_3m': 13.6, 'rs_6m': 12.3, 'rs_line_percentile': 32.0, 'rs_line_at_new_high': False, 'rs_line_trend': 'up', 'rs_line_score': 35}","{'roe_pct': 45.4, 'debt_to_equity': 0.86, 'current_ratio': 2.43, 'operating_margin_pct': 31.1}","{'days_to_earnings': 'N/A', 'recommendation': 'strong_buy', 'analyst_upside_pct': 11.0}",413.05,72513413120,Consumer Cyclical,Auto Manufacturers,2.9,7.8,False,504.49,-18.1,7,True,2.4,458.54,523.8,408.61,14.0,strong_buy,11.0,259.67,-37.1,468.74,13.5,reportado,múltiplo propio,4.0,0.19,False,,2.48,10.24,1.02,39.0,4.23,0.69,True,-1.12,,9,,63.9,Operating Income,63.9,10.1,40.0,2026-11-03,False,True,False,9,STRONG,2.82,46.7,3.25,24.2,,,,2026-09-24T04:49:37.149425,,,,,,
VEEV,Veeva Systems Inc.,77.2,,trimestral,⭐⭐⭐ EXCELLENT,🟢 Excellent,USD,USD,False,True,True,1.0,,95.0,60.0,75.0,85.0,60.0,60.0,57.2,False,up,36.5,False,0,17.6,False,0,"{'eps_growth_yoy': 36.5, 'op_growth_yoy': 40.4, 'crecimiento_respaldado': True, 'positive_quarters': 4, 'earnings_accelerating': False, 'eps_accel_quarters': 0, 'profit_margin_pct': 29.3, 'score_bruto_sin_capar': 95.0, 'satura': False}","{'revenue_growth_yoy': 17.6, 'revenue_accelerating': False, 'rev_accel_quarters': 0}","{'rs_3m': 63.0, 'rs_6m': 33.7, 'rs_line_percentile': 57.2, 'rs_line_at_new_high': False, 'rs_line_trend': 'up', 'rs_line_score': 60}","{'roe_pct': 14.4, 'debt_to_equity': 0.02, 'current_ratio': 5.46, 'operating_margin_pct': 29.6}","{'days_to_earnings': 'N/A', 'recommendation': 'buy', 'analyst_upside_pct': 9.8}",270.75,43836821504,Healthcare,Health Information Services,3.3,2.3,False,310.5,-12.8,5,False,14.2,297.3,350.0,180.0,27.0,buy,9.8,166.3,-38.6,,,reportado,,,,,,2.87,7.77,,,,,True,-1.57,,9,,,,,39.5,62.0,2026-11-25,False,True,False,7,NEUTRAL,2.49,14.1,0.67,60.8,,,,2026-09-24T04:48:34.709094,,,múltiplo propio 55x fuera del rango 8-45,,,
DSGX,The Descartes Systems Group Inc.,76.1,,trimestral,⭐⭐⭐ EXCELLENT,🟢 Excellent,USD,USD,False,True,True,1.0,,95.0,70.0,50.3,90.0,65.0,35.0,25.1,False,up,31.6,False,0,11.8,True,1,"{'eps_growth_yoy': 31.6, 'op_growth_yoy': 25.2, 'crecimiento_respaldado': True, 'positive_quarters': 4, 'earnings_accelerating': False, 'eps_accel_quarters': 0, 'profit_margin_pct': 24.3, 'score_bruto_sin_capar': 95.0, 'satura': False}","{'revenue_growth_yoy': 11.8, 'revenue_accelerating': True, 'rev_accel_quarters': 1}","{'rs_3m': 13.6, 'rs_6m': -4.4, 'rs_line_percentile': 25.1, 'rs_line_at_new_high': False, 'rs_line_trend': 'up', 'rs_line_score': 35}","{'roe_pct': 11.9, 'debt_to_equity': 0.0, 'current_ratio': 2.02, 'operating_margin_pct': 33.2}","{'days_to_earnings': 'N/A', 'recommendation': 'buy', 'analyst_upside_pct': 26.2}",80.24,6864415744,Technology,Software - Application,,7.5,False,100.82,-20.4,4,False,4.9,101.23,126.0,82.0,13.0,buy,26.2,93.96,17.1,,,reportado,,,,,,4.37,3.51,,,,,False,-0.59,,9,,257.0,Operating Income,264.0,32.6,69.0,2026-12-02,False,True,False,6,NEUTRAL,3.41,78.6,0.75,45.7,,,,2026-09-24T04:49:22.986816,,,múltiplo propio 64x fuera del rango 8-45,,,
AME,"AMETEK, Inc.",76.1,,trimestral,⭐⭐⭐ EXCELLENT,🟢 Excellent,USD,USD,False,True,True,1.0,,95.0,70.0,56.7,85.0,60.0,60.0,61.8,False,up,13.5,True,1,15.0,True,1,"{'eps_growth_yoy': 13.5, 'op_growth_yoy': 14.4, 'crecimiento_respaldado': True, 'positive_quarters': 4, 'earnings_accelerating': True, 'eps_accel_quarters': 1, 'profit_margin_pct': 20.0, 'score_bruto_sin_capar': 95.0, 'satura': False}","{'revenue_growth_yoy': 15.0, 'revenue_accelerating': True, 'rev_accel_quarters': 1}","{'rs_3m': 0.0, 'rs_6m': -3.6, 'rs_line_percentile': 61.8, 'rs_line_at_new_high': False, 'rs_line_trend': 'up', 'rs_line_score': 60}","{'roe_pct': 14.6, 'debt_to_equity': 0.21, 'current_ratio': 1.21, 'operating_margin_pct': 26.2}","{'days_to_earnings': 'N/A', 'recommendation': 'buy', 'analyst_upside_pct': 12.9}",246.45,56501432320,Industrials,Specialty Industrial Machinery,1.3,1.9,False,261.16,-5.6,7,True,2.1,278.33,316.0,217.0,18.0,buy,12.9,142.92,-42.0,200.83,-18.5,reportado,múltiplo propio,4.0,0.16,False,,3.24,7.98,0.55,19.0,1.36,0.62,False,-0.7,,9,,21.1,Operating Income,20.8,14.2,35.0,2026-10-29,False,True,False,6,NEUTRAL,3.28,146.3,1.81,25.8,1.6,0.06,-24.2,2026-09-24T04:51:04.672579,,,,,,
GOOG,Alphabet Inc.,75.8,,trimestral,⭐⭐⭐ EXCELLENT,🟢 Excellent,USD,USD,False,True,True,0.4519,"acciones × precio no cuadra (ratio 0.4519) pero la divisa sí: son clases múltiples. Se usan 12,230 M de acciones efectivas (capitalización ÷ precio) en vez de las 5,527 M declaradas | FCF declarado (53,273,000,000) se aparta del derivado de flujo operativo menos capex (94,228,005,952)",85.0,80.0,44.0,100.0,65.0,35.0,40.6,False,down,297.9,False,0,24.2,True,1,"{'eps_growth_yoy': 297.9, 'op_growth_yoy': 30.4, 'crecimiento_respaldado': False, 'crecimiento_puntuado': 55.4, 'positive_quarters': 4, 'earnings_accelerating': False, 'eps_accel_quarters': 0, 'profit_margin_pct': 54.8, 'score_bruto_sin_capar': 105.0, 'satura': True}","{'revenue_growth_yoy': 24.2, 'revenue_accelerating': True, 'rev_accel_quarters': 1}","{'rs_3m': -6.9, 'rs_6m': -1.7, 'rs_line_percentile': 40.6, 'rs_line_at_new_high': False, 'rs_line_trend': 'down', 'rs_line_score': 35}","{'roe_pct': 48.7, 'debt_to_equity': 0.19, 'current_ratio': 2.72, 'operating_margin_pct': 34.0}","{'days_to_earnings': 'N/A', 'recommendation': 'strong_buy', 'analyst_upside_pct': 26.1}",334.98,4096783810560,Communication Services,Internet Content & Information,,2.6,False,404.47,-17.2,5,False,-2.3,422.34,475.0,340.0,15.0,strong_buy,26.1,134.72,-59.8,457.73,36.6,reportado,múltiplo propio,4.0,0.41,False,,2.3,7.7,0.25,4.3,0.88,,False,0.91,,9,,65.6,Operating Income,133.9,294.0,34.0,2026-10-28,False,True,False,6,NEUTRAL,3.23,35.3,0.08,25.3,,,,2026-09-24T04:53:22.620522,12229935550.0,,,,,
BLK,"BlackRock, Inc.",75.7,,trimestral,⭐⭐⭐ EXCELLENT,🟢 Excellent,USD,USD,False,True,True,0.9532,,85.0,90.0,38.7,90.0,65.0,15.0,20.1,False,flat,20.2,False,0,30.6,True,1,"{'eps_growth_yoy': 20.2, 'op_growth_yoy': 33.6, 'crecimiento_respaldado': True, 'positive_quarters': 4, 'earnings_accelerating': False, 'eps_accel_quarters': 0, 'profit_margin_pct': 24.1, 'score_bruto_sin_capar': 85.0, 'satura': False}","{'revenue_growth_yoy': 30.6, 'revenue_accelerating': True, 'rev_accel_quarters': 1}","{'rs_3m': 3.7, 'rs_6m': -7.6, 'rs_line_percentile': 20.1, 'rs_line_at_new_high': False, 'rs_line_trend': 'flat', 'rs_line_score': 15}","{'roe_pct': 12.3, 'debt_to_equity': 0.23, 'current_ratio': 2.45, 'operating_margin_pct': 35.1}","{'days_to_earnings': 'N/A', 'recommendation': 'strong_buy', 'analyst_upside_pct': 24.7}",1060.89,172369362944,Financial Services,Asset Management,1.3,3.3,False,1219.94,-13.0,4,False,-3.9,1323.31,1488.0,1190.0,16.0,strong_buy,24.7,,,922.11,-13.1,reportado,múltiplo propio,4.0,0.51,False,,2.07,21.96,2.15,52.4,22.92,2.35,False,5.31,,9,,16.6,Operating Income,17.9,19.6,20.0,2026-10-14,False,True,True,4,NEUTRAL,4.59,27.4,0.84,24.0,0.8,0.03,-23.2,2026-09-24T04:52:15.825437,,"Asset Management: el flujo operativo son depósitos, préstamos o primas, no caja libre para el accionista",,,,
OXY,Occidental Petroleum Corporation,75.4,,trimestral,⭐⭐⭐ EXCELLENT,🟢 Excellent,USD,USD,False,True,True,1.0,,100.0,80.0,34.7,80.0,65.0,35.0,37.2,False,up,808.8,True,2,53.4,False,0,"{'eps_growth_yoy': 808.8, 'op_growth_yoy': 359.3, 'crecimiento_respaldado': False, 'crecimiento_puntuado': 384.3, 'positive_quarters': 3, 'earnings_accelerating': True, 'eps_accel_quarters': 2, 'profit_margin_pct': 30.3, 'score_bruto_sin_capar': 118.0, 'satura': True}","{'revenue_growth_yoy': 53.4, 'revenue_accelerating': False, 'rev_accel_quarters': 0}","{'rs_3m': 8.0, 'rs_6m': -23.0, 'rs_line_percentile': 37.2, 'rs_line_at_new_high': False, 'rs_line_trend': 'up', 'rs_line_score': 35}","{'roe_pct': 10.6, 'debt_to_equity': 0.35, 'current_ratio': 1.41, 'operating_margin_pct': 45.4}","{'days_to_earnings': 'N/A', 'recommendation': 'buy', 'analyst_upside_pct': 18.5}",57.36,57339199488,Energy,Oil & Gas E&P,0.0,0.0,False,67.45,-15.0,6,False,-1.1,68.0,82.0,55.0,25.0,buy,18.5,,,46.04,-19.7,reportado,múltiplo propio,4.0,0.97,False,,7.93,4.55,1.99,29.5,1.12,1.14,False,0.18,,9,,5.7,Operating Income,6.2,675.4,46.0,2026-11-09,False,True,False,4,NEUTRAL,4.85,5.8,0.01,31.5,,,,2026-09-24T04:54:11.378588,,"el capex se lleva el 59% del flujo operativo: lo que queda no es lo que gana el dueño, es lo que sobra tras decidir invertir",,,,
ODFL,"Old Dominion Freight Line, Inc.",75.3,,trimestral,⭐⭐⭐ EXCELLENT,🟢 Excellent,USD,USD,False,True,True,1.0,,100.0,80.0,23.0,95.0,65.0,35.0,26.3,False,down,30.5,True,2,10.4,True,2,"{'eps_growth_yoy': 30.5, 'op_growth_yoy': 30.0, 'crecimiento_respaldado': True, 'positive_quarters': 4, 'earnings_accelerating': True, 'eps_accel_quarters': 2, 'profit_margin_pct': 19.4, 'score_bruto_sin_capar': 110.0, 'satura': True}","{'revenue_growth_yoy': 10.4, 'revenue_accelerating': True, 'rev_accel_quarters': 2}","{'rs_3m': -23.6, 'rs_6m': -21.2, 'rs_line_percentile': 26.3, 'rs_line_at_new_high': False, 'rs_line_trend': 'down', 'rs_line_score': 35}","{'roe_pct': 24.8, 'debt_to_equity': 0.0, 'current_ratio': 1.89, 'operating_margin_pct': 28.8}","{'days_to_earnings': 'N/A', 'recommendation': 'buy', 'analyst_upside_pct': 28.7}",177.72,36960124928,Industrials,Trucking,4.6,5.2,False,252.03,-29.5,3,False,-13.4,228.78,280.0,156.0,23.0,buy,28.7,54.22,-69.5,167.0,-6.0,reportado,múltiplo propio,4.0,0.39,False,,2.65,4.71,0.65,21.9,1.16,0.47,True,-1.63,,9,,2183.6,Operating Income,2188.9,22.6,34.0,2026-10-28,False,True,False,6,NEUTRAL,3.72,28.9,0.83,30.0,1.6,0.05,-28.4,2026-09-24T04:52:19.337477,,,,,,
SAP,SAP SE,74.8,,trimestral,⭐⭐⭐ EXCELLENT,🟢 Excellent,USD,EUR,True,True,True,1.0,,95.0,60.0,56.6,90.0,65.0,35.0,34.9,False,up,28.5,False,0,9.4,True,1,"{'eps_growth_yoy': 28.5, 'op_growth_yoy': 7.2, 'crecimiento_respaldado': True, 'positive_quarters': 4, 'earnings_accelerating': False, 'eps_accel_quarters': 0, 'profit_margin_pct': 20.4, 'score_bruto_sin_capar': 95.0, 'satura': False}","{'revenue_growth_yoy': 9.4, 'revenue_accelerating': True, 'rev_accel_quarters': 1}","{'rs_3m': 33.1, 'rs_6m': 7.8, 'rs_line_percentile': 34.9, 'rs_line_at_new_high': False, 'rs_line_trend': 'up', 'rs_line_score': 35}","{'roe_pct': 18.3, 'debt_to_equity': 0.22, 'current_ratio': 1.15, 'operating_margin_pct': 27.6}","{'days_to_earnings': 'N/A', 'recommendation': 'buy', 'analyst_upside_pct': 19.4}",210.62,243098501120,Technology,Software - Application,0.4,2.0,False,281.37,-25.1,4,False,6.5,251.5,319.0,177.0,12.0,buy,19.4,189.5,-10.0,300.48,42.7,reportado,múltiplo propio,3.0,0.55,True,2024-12-31,4.13,8.7,1.39,37.5,2.93,1.48,True,-1.45,,9,,18.2,Operating Income,20.7,30.6,27.0,2026-10-21,False,True,False,8,STRONG,0.28,131.1,0.71,36.1,,,,2026-09-24T04:49:40.850045,,,,,,
TMO,Thermo Fisher Scientific Inc.,74.6,,trimestral,⭐⭐⭐ EXCELLENT,🟢 Excellent,USD,USD,False,True,True,1.0,,80.0,70.0,79.4,75.0,60.0,80.0,80.3,False,up,7.4,True,1,10.5,True,1,"{'eps_growth_yoy': 7.4, 'op_growth_yoy': 14.0, 'crecimiento_respaldado': True, 'positive_quarters': 4, 'earnings_accelerating': True, 'eps_accel_quarters': 1, 'profit_margin_pct': 15.0, 'score_bruto_sin_capar': 80.0, 'satura': False}","{'revenue_growth_yoy': 10.5, 'revenue_accelerating': True, 'rev_accel_quarters': 1}","{'rs_3m': 30.4, 'rs_6m': 18.4, 'rs_line_percentile': 80.3, 'rs_line_at_new_high': False, 'rs_line_trend': 'up', 'rs_line_score': 80}","{'roe_pct': 13.5, 'debt_to_equity': 0.81, 'current_ratio': 1.55, 'operating_margin_pct': 18.8}","{'days_to_earnings': 'N/A', 'recommendation': 'buy', 'analyst_upside_pct': -2.3}",665.3,245992865792,Healthcare,Diagnostics & Research,1.5,3.4,False,671.47,-0.9,7,True,11.7,649.96,780.0,520.0,27.0,buy,-2.3,344.82,-48.2,496.06,-25.4,normalizado,múltiplo propio,4.0,0.1,False,,3.04,20.23,0.29,9.7,1.88,0.26,True,-1.85,,9,,5.8,Operating Income,6.2,9.4,27.0,2026-10-21,False,True,False,5,NEUTRAL,2.85,33.7,2.57,24.4,0.8,0.03,-23.6,2026-09-24T04:48:09.091875,,,,tasa fiscal efectiva 7.8% — el beneficio del periodo no es representativo,,
NDSN,Nordson Corporation,74.4,,trimestral,⭐⭐⭐ EXCELLENT,🟢 Excellent,USD,USD,False,True,True,1.0,,90.0,60.0,68.3,85.0,60.0,80.0,80.6,False,up,21.5,True,1,10.3,False,0,"{'eps_growth_yoy': 21.5, 'op_growth_yoy': 11.6, 'crecimiento_respaldado': True, 'positive_quarters': 4, 'earnings_accelerating': True, 'eps_accel_quarters': 1, 'profit_margin_pct': 18.6, 'score_bruto_sin_capar': 90.0, 'satura': False}","{'revenue_growth_yoy': 10.3, 'revenue_accelerating': False, 'rev_accel_quarters': 0}","{'rs_3m': 4.1, 'rs_6m': 2.6, 'rs_line_percentile': 80.6, 'rs_line_at_new_high': False, 'rs_line_trend': 'up', 'rs_line_score': 80}","{'roe_pct': 17.8, 'debt_to_equity': 0.56, 'current_ratio': 1.82, 'operating_margin_pct': 27.4}","{'days_to_earnings': 'N/A', 'recommendation': 'buy', 'analyst_upside_pct': 8.8}",321.42,17902891008,Industrials,Specialty Industrial Machinery,3.3,3.9,False,339.12,-5.2,8,True,4.2,349.71,375.0,282.0,7.0,buy,8.8,195.87,-39.1,254.34,-20.9,reportado,múltiplo propio,4.0,0.22,False,,4.0,12.86,1.18,33.2,3.76,1.08,True,-1.24,,9,,8.8,Operating Income,8.4,16.1,76.0,2026-12-09,False,True,False,7,NEUTRAL,3.69,67.1,1.08,19.9,,,,2026-09-24T04:51:11.730179,,,,,,
DHR,Danaher Corporation,73.6,,trimestral,⭐⭐⭐ EXCELLENT,🟢 Excellent,USD,USD,False,True,True,1.0,,100.0,60.0,60.3,70.0,60.0,60.0,51.1,False,up,56.8,False,0,5.5,True,1,"{'eps_growth_yoy': 56.8, 'op_growth_yoy': 48.3, 'crecimiento_respaldado': True, 'positive_quarters': 4, 'earnings_accelerating': False, 'eps_accel_quarters': 0, 'profit_margin_pct': 15.9, 'score_bruto_sin_capar': 100.0, 'satura': False}","{'revenue_growth_yoy': 5.5, 'revenue_accelerating': True, 'rev_accel_quarters': 1}","{'rs_3m': 12.7, 'rs_6m': -0.5, 'rs_line_percentile': 51.1, 'rs_line_at_new_high': False, 'rs_line_trend': 'up', 'rs_line_score': 60}","{'roe_pct': 7.6, 'debt_to_equity': 0.53, 'current_ratio': 1.65, 'operating_margin_pct': 19.8}","{'days_to_earnings': 'N/A', 'recommendation': 'strong_buy', 'analyst_upside_pct': 4.2}",221.56,155753594880,Healthcare,Diagnostics & Research,1.5,2.8,False,242.8,-8.7,5,False,8.3,230.83,310.0,195.0,23.0,strong_buy,4.2,108.51,-51.0,220.99,-0.3,reportado,múltiplo propio,4.0,0.55,False,,3.52,7.8,0.72,25.7,1.6,0.46,True,-1.6,,9,,17.6,Operating Income,17.3,59.7,27.0,2026-10-21,False,True,False,5,NEUTRAL,2.62,40.9,0.4,25.4,0.8,0.03,-24.6,2026-09-24T04:49:51.897403,,,,,,
HHH,Howard Hughes Holdings Inc.,73.5,,trimestral,⭐⭐⭐ EXCELLENT,🟢 Excellent,USD,USD,False,True,True,1.0,,90.0,90.0,36.0,65.0,70.0,15.0,7.3,False,down,,True,2,330.2,True,1,"{'positive_quarters': 4, 'earnings_accelerating': True, 'eps_accel_quarters': 2, 'profit_margin_pct': 12.3, 'score_bruto_sin_capar': 90.0, 'satura': False}","{'revenue_growth_yoy': 330.2, 'revenue_accelerating': True, 'rev_accel_quarters': 1}","{'rs_3m': -13.6, 'rs_6m': -17.9, 'rs_line_percentile': 7.3, 'rs_line_at_new_high': False, 'rs_line_trend': 'down', 'rs_line_score': 15}","{'roe_pct': 7.5, 'debt_to_equity': 1.35, 'current_ratio': 3.48, 'operating_margin_pct': 28.4}","{'days_to_earnings': 'N/A', 'recommendation': 'buy', 'analyst_upside_pct': 40.7}",63.75,3807115776,Real Estate,Real Estate - Development,11.3,8.1,True,91.07,-30.0,0,False,-2.9,89.67,100.0,79.0,3.0,buy,40.7,143.98,125.9,97.4,52.8,reportado,múltiplo propio,3.0,0.83,True,,20.58,13.12,,,,,False,,,9,,2.8,Operating Income,3.2,,46.0,2026-11-09,False,True,False,6,NEUTRAL,4.55,13.3,,38.7,1.6,0.04,-37.1,2026-09-24T04:55:27.404779,,,,,,
KO,The Coca-Cola Company,73.1,,trimestral,⭐⭐⭐ EXCELLENT,🟢 Excellent,USD,USD,False,True,True,1.0,,85.0,70.0,60.3,80.0,60.0,60.0,72.1,False,up,16.1,False,0,6.7,True,2,"{'eps_growth_yoy': 16.1, 'op_growth_yoy': 7.9, 'crecimiento_respaldado': True, 'positive_quarters': 4, 'earnings_accelerating': False, 'eps_accel_quarters': 0, 'profit_margin_pct': 28.6, 'score_bruto_sin_capar': 85.0, 'satura': False}","{'revenue_growth_yoy': 6.7, 'revenue_accelerating': True, 'rev_accel_quarters': 2}","{'rs_3m': 5.1, 'rs_6m': 2.0, 'rs_line_percentile': 72.1, 'rs_line_at_new_high': False, 'rs_line_trend': 'up', 'rs_line_score': 60}","{'roe_pct': 42.1, 'debt_to_equity': 1.16, 'current_ratio': 1.3, 'operating_margin_pct': 34.9}","{'days_to_earnings': 'N/A', 'recommendation': 'buy', 'analyst_upside_pct': 7.5}",88.09,379011530752,Consumer Defensive,Beverages - Non-Alcoholic,0.9,2.7,False,92.49,-4.8,8,True,1.5,94.7,104.0,75.0,23.0,buy,7.5,69.7,-20.9,77.71,-11.8,reportado,múltiplo propio,4.0,0.17,False,,3.75,3.3,2.39,62.5,2.12,2.86,False,-0.05,,9,,10.2,Operating Income,12.0,16.9,26.0,2026-10-20,False,True,False,7,NEUTRAL,3.65,77.0,1.48,13.8,,,,2026-09-24T04:47:30.473064,,,,,,
CTAS,Cintas Corporation,73.1,,trimestral,⭐⭐⭐ EXCELLENT,🟢 Excellent,USD,USD,False,True,True,1.0,,100.0,60.0,46.7,85.0,60.0,35.0,33.6,False,flat,14.0,True,2,8.9,True,1,"{'eps_growth_yoy': 14.0, 'op_growth_yoy': 15.2, 'crecimiento_respaldado': True, 'positive_quarters': 4, 'earnings_accelerating': True, 'eps_accel_quarters': 2, 'profit_margin_pct': 17.8, 'score_bruto_sin_capar': 100.0, 'satura': False}","{'revenue_growth_yoy': 8.9, 'revenue_accelerating': True, 'rev_accel_quarters': 1}","{'rs_3m': 7.8, 'rs_6m': -9.1, 'rs_line_percentile': 33.6, 'rs_line_at_new_high': False, 'rs_line_trend': 'flat', 'rs_line_score': 35}","{'roe_pct': 40.7, 'debt_to_equity': 0.53, 'current_ratio': 1.43, 'operating_margin_pct': 23.7}","{'days_to_earnings': 'N/A', 'recommendation': 'buy', 'analyst_upside_pct': 13.5}",191.97,76695273472,Industrials,Specialty Business Services,3.9,6.4,False,219.17,-12.4,4,False,-4.9,217.94,250.0,180.0,16.0,buy,13.5,93.6,-51.2,186.98,-2.6,reportado,múltiplo propio,4.0,0.4,False,,2.45,4.7,1.05,36.7,2.08,0.88,True,-1.31,,9,,24.7,Operating Income,24.6,10.9,,,False,False,False,8,STRONG,3.2,82.5,2.0,16.1,,,,2026-09-24T04:46:22.435366,,,,,,
NDAQ,"Nasdaq, Inc.",72.8,,trimestral,⭐⭐⭐ EXCELLENT,🟢 Excellent,USD,USD,False,True,True,1.0,,85.0,80.0,50.3,75.0,60.0,35.0,49.2,False,up,12.2,False,0,20.5,True,1,"{'eps_growth_yoy': 12.2, 'op_growth_yoy': 22.4, 'crecimiento_respaldado': True, 'positive_quarters': 4, 'earnings_accelerating': False, 'eps_accel_quarters': 0, 'profit_margin_pct': 35.0, 'score_bruto_sin_capar': 85.0, 'satura': False}","{'revenue_growth_yoy': 20.5, 'revenue_accelerating': True, 'rev_accel_quarters': 1}","{'rs_3m': 12.5, 'rs_6m': -3.5, 'rs_line_percentile': 49.2, 'rs_line_at_new_high': False, 'rs_line_trend': 'up', 'rs_line_score': 35}","{'roe_pct': 16.5, 'debt_to_equity': 0.78, 'current_ratio': 1.01, 'operating_margin_pct': 49.3}","{'days_to_earnings': 'N/A', 'recommendation': 'buy', 'analyst_upside_pct': 14.9}",95.44,53348798464,Financial Services,Financial Data & Stock Exchanges,1.6,2.2,False,101.79,-6.2,5,False,1.1,109.67,135.0,84.0,15.0,buy,14.9,69.33,-27.4,100.39,5.2,reportado,múltiplo propio,4.0,0.46,False,,3.71,3.54,1.23,32.7,1.16,1.29,True,-1.93,,9,,7.9,Operating Income,8.3,14.1,28.0,2026-10-22,False,True,False,9,STRONG,3.92,199.9,1.45,25.7,,,,2026-09-24T04:50:32.728589,,,,,,
TT,Trane Technologies plc,72.7,,trimestral,⭐⭐⭐ EXCELLENT,🟢 Excellent,USD,USD,False,True,True,1.0,,90.0,80.0,36.0,80.0,65.0,15.0,16.0,False,down,7.3,True,2,10.6,True,2,"{'eps_growth_yoy': 7.3, 'op_growth_yoy': 5.2, 'crecimiento_respaldado': True, 'positive_quarters': 4, 'earnings_accelerating': True, 'eps_accel_quarters': 2, 'profit_margin_pct': 13.3, 'score_bruto_sin_capar': 90.0, 'satura': False}","{'revenue_growth_yoy': 10.6, 'revenue_accelerating': True, 'rev_accel_quarters': 2}","{'rs_3m': -14.1, 'rs_6m': -15.4, 'rs_line_percentile': 16.0, 'rs_line_at_new_high': False, 'rs_line_trend': 'down', 'rs_line_score': 15}","{'roe_pct': 36.6, 'debt_to_equity': 0.53, 'current_ratio': 1.07, 'operating_margin_pct': 19.3}","{'days_to_earnings': 'N/A', 'recommendation': 'buy', 'analyst_upside_pct': 20.6}",437.09,96169934848,Industrials,Building Products & Equipment,1.4,3.0,False,505.87,-13.6,4,False,-4.4,526.99,575.0,422.0,21.0,buy,20.6,268.05,-38.7,381.89,-12.6,reportado,múltiplo propio,4.0,0.38,False,,3.63,15.87,0.96,29.7,4.2,1.19,True,-1.16,,9,,18.1,Operating Income,18.0,5.0,35.0,2026-10-29,False,True,False,9,STRONG,3.99,103.7,3.51,20.4,0.8,0.04,-19.6,2026-09-24T04:50:39.572425,,,,,,
EQIX,"Equinix, Inc.",72.3,,trimestral,⭐⭐⭐ EXCELLENT,🟢 Excellent,USD,USD,False,True,True,1.0,"FCF declarado (-1,464,000,000) se aparta del derivado de flujo operativo menos capex (-368,999,872)",90.0,70.0,54.0,70.0,65.0,60.0,57.8,False,flat,30.2,False,0,16.4,True,1,"{'eps_growth_yoy': 30.2, 'op_growth_yoy': 38.8, 'crecimiento_respaldado': True, 'positive_quarters': 4, 'earnings_accelerating': False, 'eps_accel_quarters': 0, 'profit_margin_pct': 15.5, 'score_bruto_sin_capar': 90.0, 'satura': False}","{'revenue_growth_yoy': 16.4, 'revenue_accelerating': True, 'rev_accel_quarters': 1}","{'rs_3m': -9.6, 'rs_6m': -8.9, 'rs_line_percentile': 57.8, 'rs_line_at_new_high': False, 'rs_line_trend': 'flat', 'rs_line_score': 60}","{'roe_pct': 10.7, 'debt_to_equity': 1.62, 'current_ratio': 1.13, 'operating_margin_pct': 27.0}","{'days_to_earnings': 'N/A', 'recommendation': 'strong_buy', 'analyst_upside_pct': 18.9}",1037.66,102387671040,Real Estate,REIT - Specialty,1.9,2.8,False,1128.68,-8.1,6,False,-0.4,1233.48,1380.0,1060.0,31.0,strong_buy,18.9,,,,,normalizado,,,,,,-0.36,-3.74,1.95,126.8,20.64,1.86,False,,,9,,4.0,Operating Income,4.0,28.8,34.0,2026-10-28,False,True,False,6,NEUTRAL,1.58,7.5,1.94,27.4,0.2,0.01,-27.2,2026-09-24T04:50:56.848798,,"el capex se lleva el 109% del flujo operativo: lo que queda no es lo que gana el dueño, es lo que sobra tras decidir invertir",múltiplo propio 74x fuera del rango 8-45,tasa fiscal efectiva 10.3% — el beneficio del periodo no es representativo,,
IDXX,"IDEXX Laboratories, Inc.",72.0,,trimestral,⭐⭐⭐ EXCELLENT,🟢 Excellent,USD,USD,False,True,True,1.0,,100.0,70.0,24.0,85.0,70.0,15.0,3.7,False,down,15.1,True,2,9.7,True,2,"{'eps_growth_yoy': 15.1, 'op_growth_yoy': 14.1, 'crecimiento_respaldado': True, 'positive_quarters': 4, 'earnings_accelerating': True, 'eps_accel_quarters': 2, 'profit_margin_pct': 25.0, 'score_bruto_sin_capar': 105.0, 'satura': True}","{'revenue_growth_yoy': 9.7, 'revenue_accelerating': True, 'rev_accel_quarters': 2}","{'rs_3m': -9.8, 'rs_6m': -25.9, 'rs_line_percentile': 3.7, 'rs_line_at_new_high': False, 'rs_line_trend': 'down', 'rs_line_score': 15}","{'roe_pct': 74.2, 'debt_to_equity': 0.68, 'current_ratio': 1.17, 'operating_margin_pct': 35.0}","{'days_to_earnings': 'N/A', 'recommendation': 'buy', 'analyst_upside_pct': 33.9}",522.02,41125322752,Healthcare,Diagnostics & Research,3.0,3.4,False,769.98,-32.2,0,False,-4.9,698.92,805.0,470.0,13.0,buy,33.9,210.19,-59.7,,,reportado,,,,,,3.0,15.66,,,,,True,-2.08,,9,,38.6,Operating Income,38.7,12.3,39.0,2026-11-02,False,True,False,8,STRONG,3.24,119.8,1.77,21.2,,,,2026-09-24T04:47:53.239490,,,múltiplo propio 51x fuera del rango 8-45,,,
HEI,HEICO Corporation,71.7,,trimestral,⭐⭐⭐ EXCELLENT,🟢 Excellent,USD,USD,False,True,True,0.3953,acciones × precio no cuadra (ratio 0.3953) pero la divisa sí: son clases múltiples. Se usan 140 M de acciones efectivas (capitalización ÷ precio) en vez de las 55 M declaradas,90.0,70.0,36.0,90.0,65.0,15.0,23.6,False,down,32.8,False,0,23.1,False,0,"{'eps_growth_yoy': 32.8, 'op_growth_yoy': 34.0, 'crecimiento_respaldado': True, 'positive_quarters': 4, 'earnings_accelerating': False, 'eps_accel_quarters': 0, 'profit_margin_pct': 16.4, 'score_bruto_sin_capar': 90.0, 'satura': False}","{'revenue_growth_yoy': 23.1, 'revenue_accelerating': False, 'rev_accel_quarters': 0}","{'rs_3m': -12.2, 'rs_6m': -6.8, 'rs_line_percentile': 23.6, 'rs_line_at_new_high': False, 'rs_line_trend': 'down', 'rs_line_score': 15}","{'roe_pct': 17.7, 'debt_to_equity': 0.45, 'current_ratio': 2.72, 'operating_margin_pct': 25.1}","{'days_to_earnings': 'N/A', 'recommendation': 'buy', 'analyst_upside_pct': 27.0}",310.57,43404460032,Industrials,Aerospace & Defense,1.4,1.4,False,376.86,-17.6,3,False,-9.1,394.45,491.0,294.0,20.0,buy,27.0,155.05,-50.1,,,reportado,,,,,,2.39,7.42,0.08,4.2,0.25,0.1,False,,,9,,9.4,Operating Income,9.4,32.5,84.0,2026-12-17,False,True,False,8,STRONG,2.2,52.1,1.33,25.2,,,,2026-09-24T04:49:59.740280,139757414.0,,múltiplo propio 64x fuera del rango 8-45,,,
COF,Capital One Financial Corporation,71.7,,trimestral,⭐⭐⭐ EXCELLENT,🟢 Excellent,USD,USD,False,True,True,1.0,,95.0,80.0,36.0,60.0,70.0,15.0,14.4,False,down,,True,2,26.9,True,1,"{'positive_quarters': 4, 'earnings_accelerating': True, 'eps_accel_quarters': 2, 'profit_margin_pct': 21.9, 'score_bruto_sin_capar': 95.0, 'satura': False}","{'revenue_growth_yoy': 26.9, 'revenue_accelerating': True, 'rev_accel_quarters': 1}","{'rs_3m': -6.7, 'rs_6m': -10.5, 'rs_line_percentile': 14.4, 'rs_line_at_new_high': False, 'rs_line_trend': 'down', 'rs_line_score': 15}","{'roe_pct': 9.0, 'operating_margin_pct': 33.6}","{'days_to_earnings': 'N/A', 'recommendation': 'buy', 'analyst_upside_pct': 32.0}",196.1,120304386048,Financial Services,Credit Services,2.0,3.6,False,259.64,-24.5,2,False,-7.6,258.76,300.0,225.0,21.0,buy,32.0,,,,,reportado,,,,,,24.83,48.69,1.6,16.5,3.2,1.69,False,22.84,,7,,,,,,26.0,2026-10-20,False,True,False,5,NEUTRAL,,,0.43,23.7,,,,2026-09-24T04:54:19.086529,,"Credit Services: el 80% de sus ingresos es margen de intereses — presta, no cobra comisiones",los P/E históricos se separan 4.0x la mediana: el ancla la decidiría un año suelto,,,
MA,Mastercard Incorporated,71.6,,trimestral,⭐⭐⭐ EXCELLENT,🟢 Excellent,USD,USD,False,True,True,0.9925,,95.0,70.0,46.7,65.0,65.0,35.0,41.8,False,flat,18.6,True,1,14.1,True,1,"{'eps_growth_yoy': 18.6, 'op_growth_yoy': 16.6, 'crecimiento_respaldado': True, 'positive_quarters': 4, 'earnings_accelerating': True, 'eps_accel_quarters': 1, 'profit_margin_pct': 46.3, 'score_bruto_sin_capar': 95.0, 'satura': False}","{'revenue_growth_yoy': 14.1, 'revenue_accelerating': True, 'rev_accel_quarters': 1}","{'rs_3m': 8.6, 'rs_6m': -4.9, 'rs_line_percentile': 41.8, 'rs_line_at_new_high': False, 'rs_line_trend': 'flat', 'rs_line_score': 35}","{'roe_pct': 241.2, 'debt_to_equity': 4.4, 'current_ratio': 1.06, 'operating_margin_pct': 61.1}","{'days_to_earnings': 'N/A', 'recommendation': 'strong_buy', 'analyst_upside_pct': 19.1}",559.92,490495475712,Financial Services,Credit Services,0.9,2.6,False,601.23,-6.9,4,False,-1.3,666.71,740.0,550.0,37.0,strong_buy,19.1,482.5,-13.8,639.4,14.2,reportado,múltiplo propio,4.0,0.12,False,,3.31,18.53,0.63,17.9,3.48,0.55,True,-3.39,,9,,28.1,Operating Income,28.0,22.1,35.0,2026-10-29,False,True,False,9,STRONG,3.88,629.7,1.1,17.7,,,,2026-09-24T04:46:58.554872,,,,,,
ORCL,Oracle Corporation,71.5,,trimestral,⭐⭐⭐ EXCELLENT,🟢 Excellent,USD,USD,False,True,True,1.0,"FCF declarado (-45,151,000,000) se aparta del derivado de flujo operativo menos capex (-8,722,999,744)",100.0,70.0,36.0,65.0,70.0,15.0,10.1,False,up,62.6,False,0,29.6,False,0,"{'eps_growth_yoy': 62.6, 'op_growth_yoy': 45.4, 'crecimiento_respaldado': True, 'positive_quarters': 4, 'earnings_accelerating': False, 'eps_accel_quarters': 0, 'profit_margin_pct': 26.4, 'score_bruto_sin_capar': 105.0, 'satura': True}","{'revenue_growth_yoy': 29.6, 'revenue_accelerating': False, 'rev_accel_quarters': 0}","{'rs_3m': -9.7, 'rs_6m': -17.8, 'rs_line_percentile': 10.1, 'rs_line_at_new_high': False, 'rs_line_trend': 'up', 'rs_line_score': 15}","{'roe_pct': 41.2, 'debt_to_equity': 2.52, 'current_ratio': 1.17, 'operating_margin_pct': 35.6}","{'days_to_earnings': 'N/A', 'recommendation': 'buy', 'analyst_upside_pct': 64.6}",144.56,437111291904,Technology,Software - Infrastructure,2.6,1.8,False,322.54,-55.2,1,False,1.9,237.97,400.0,110.0,41.0,buy,64.6,,,219.02,51.5,reportado,múltiplo propio,4.0,0.21,False,,-2.0,-2.89,1.34,31.4,2.0,1.28,False,3.13,,9,,4.8,Operating Income,5.3,54.5,77.0,2026-12-10,False,True,False,5,NEUTRAL,3.91,16.7,0.24,50.3,0.4,0.01,-49.9,2026-09-24T04:53:00.665741,,"el capex se lleva el 119% del flujo operativo: lo que queda no es lo que gana el dueño, es lo que sobra tras decidir invertir",,,,
CDNS,"Cadence Design Systems, Inc.",71.4,,trimestral,⭐⭐⭐ EXCELLENT,🟢 Excellent,USD,USD,False,True,True,1.0,,85.0,80.0,27.0,90.0,70.0,15.0,21.2,False,down,129.3,True,1,24.2,True,1,"{'eps_growth_yoy': 129.3, 'op_growth_yoy': 21.5, 'crecimiento_respaldado': False, 'crecimiento_puntuado': 46.5, 'positive_quarters': 4, 'earnings_accelerating': True, 'eps_accel_quarters': 1, 'profit_margin_pct': 23.6, 'score_bruto_sin_capar': 105.0, 'satura': True}","{'revenue_growth_yoy': 24.2, 'revenue_accelerating': True, 'rev_accel_quarters': 1}","{'rs_3m': -21.8, 'rs_6m': -8.8, 'rs_line_percentile': 21.2, 'rs_line_at_new_high': False, 'rs_line_trend': 'down', 'rs_line_score': 15}","{'roe_pct': 23.2, 'debt_to_equity': 0.39, 'current_ratio': 1.74, 'operating_margin_pct': 28.6}","{'days_to_earnings': 'N/A', 'recommendation': 'strong_buy', 'analyst_upside_pct': 30.5}",309.09,85121220608,Technology,Software - Application,2.1,2.9,False,416.69,-25.8,1,False,-3.9,403.38,470.0,300.0,27.0,strong_buy,30.5,107.9,-65.1,,,reportado,,,,,,2.01,6.21,,,,,False,1.2,,9,,14.4,Operating Income,15.6,125.4,32.0,2026-10-26,False,True,False,7,NEUTRAL,1.91,44.3,0.26,50.0,0.4,0.01,-49.6,2026-09-24T04:50:09.920750,,,múltiplo propio 74x fuera del rango 8-45,,,
UNP,Union Pacific Corporation,71.1,,trimestral,⭐⭐⭐ EXCELLENT,🟢 Excellent,USD,USD,False,True,True,1.0,,85.0,80.0,46.7,65.0,65.0,35.0,45.7,False,down,6.2,True,1,11.5,True,2,"{'eps_growth_yoy': 6.2, 'op_growth_yoy': 9.4, 'crecimiento_respaldado': True, 'positive_quarters': 4, 'earnings_accelerating': True, 'eps_accel_quarters': 1, 'profit_margin_pct': 28.8, 'score_bruto_sin_capar': 85.0, 'satura': False}","{'revenue_growth_yoy': 11.5, 'revenue_accelerating': True, 'rev_accel_quarters': 2}","{'rs_3m': 1.7, 'rs_6m': -1.4, 'rs_line_percentile': 45.7, 'rs_line_at_new_high': False, 'rs_line_trend': 'down', 'rs_line_score': 35}","{'roe_pct': 39.7, 'debt_to_equity': 1.51, 'current_ratio': 0.99, 'operating_margin_pct': 41.0}","{'days_to_earnings': 'N/A', 'recommendation': 'buy', 'analyst_upside_pct': 19.7}",275.53,163685629952,Industrials,Railroads,5.2,11.2,False,315.99,-12.8,5,False,-6.0,329.88,375.0,245.0,24.0,buy,19.7,169.43,-38.5,239.68,-13.0,reportado,múltiplo propio,4.0,0.27,False,,3.95,10.88,2.07,44.7,5.68,2.22,False,-0.13,,9,,7.9,Operating Income,8.4,6.6,28.0,2026-10-22,False,True,False,8,STRONG,5.11,16.2,2.95,20.2,,,,2026-09-24T04:52:45.944787,,,,,,
MANH,"Manhattan Associates, Inc.",70.8,,trimestral,⭐⭐⭐ EXCELLENT,🟢 Excellent,USD,USD,False,True,True,1.0,,70.0,70.0,75.0,75.0,60.0,60.0,67.2,False,up,-11.3,True,2,9.3,True,2,"{'eps_growth_yoy': -11.3, 'op_growth_yoy': 0.9, 'crecimiento_respaldado': True, 'positive_quarters': 4, 'earnings_accelerating': True, 'eps_accel_quarters': 2, 'profit_margin_pct': 18.7, 'score_bruto_sin_capar': 70.0, 'satura': False}","{'revenue_growth_yoy': 9.3, 'revenue_accelerating': True, 'rev_accel_quarters': 2}","{'rs_3m': 55.9, 'rs_6m': 41.1, 'rs_line_percentile': 67.2, 'rs_line_at_new_high': False, 'rs_line_trend': 'up', 'rs_line_score': 60}","{'roe_pct': 96.4, 'debt_to_equity': 0.34, 'current_ratio': 0.98, 'operating_margin_pct': 25.0}","{'days_to_earnings': 'N/A', 'recommendation': 'buy', 'analyst_upside_pct': 4.9}",210.37,12265616384,Technology,Software - Application,6.2,3.2,False,227.03,-7.3,6,False,7.7,220.7,260.0,180.0,10.0,buy,4.9,143.64,-31.7,,,reportado,,,,,,3.26,6.86,,,,,True,-3.4,,9,,,,,-8.6,33.0,2026-10-27,False,True,False,6,NEUTRAL,2.33,140.7,,32.7,,,,2026-09-24T04:52:42.012722,,,múltiplo propio 68x fuera del rango 8-45,,,
ETN,Eaton Corporation plc,70.7,,trimestral,⭐⭐⭐ EXCELLENT,🟢 Excellent,USD,USD,False,True,True,1.0,,60.0,90.0,68.3,70.0,60.0,80.0,77.5,False,up,-16.4,True,1,21.4,True,2,"{'eps_growth_yoy': -16.4, 'op_growth_yoy': 10.8, 'crecimiento_respaldado': True, 'positive_quarters': 4, 'earnings_accelerating': True, 'eps_accel_quarters': 1, 'profit_margin_pct': 12.8, 'score_bruto_sin_capar': 60.0, 'satura': False}","{'revenue_growth_yoy': 21.4, 'revenue_accelerating': True, 'rev_accel_quarters': 2}","{'rs_3m': 3.9, 'rs_6m': 0.4, 'rs_line_percentile': 77.5, 'rs_line_at_new_high': False, 'rs_line_trend': 'up', 'rs_line_score': 80}","{'roe_pct': 19.7, 'debt_to_equity': 1.05, 'current_ratio': 1.24, 'operating_margin_pct': 16.6}","{'days_to_earnings': 'N/A', 'recommendation': 'buy', 'analyst_upside_pct': 9.3}",438.76,170414391296,Industrials,Specialty Industrial Machinery,1.9,3.6,False,478.0,-8.2,8,True,5.3,479.57,534.0,333.0,25.0,buy,9.3,177.33,-59.6,288.62,-34.2,reportado,múltiplo propio,4.0,0.34,False,,2.37,10.4,0.99,43.6,4.4,1.51,False,-0.49,,9,,12.0,Operating Income,11.9,-15.9,40.0,2026-11-03,False,True,False,7,NEUTRAL,2.73,64.6,,45.1,0.4,0.01,-44.7,2026-09-24T04:50:22.568099,,,,,,
ALLY,Ally Financial Inc.,70.7,,trimestral,⭐⭐⭐ EXCELLENT,🟢 Excellent,USD,USD,False,True,True,1.0,"FCF declarado (667,000,000) se aparta del derivado de flujo operativo menos capex (291,000,128)",100.0,70.0,36.0,60.0,70.0,15.0,0.0,False,down,16.5,True,2,11.4,True,1,"{'eps_growth_yoy': 16.5, 'positive_quarters': 4, 'earnings_accelerating': True, 'eps_accel_quarters': 2, 'profit_margin_pct': 18.4, 'score_bruto_sin_capar': 100.0, 'satura': False}","{'revenue_growth_yoy': 11.4, 'revenue_accelerating': True, 'rev_accel_quarters': 1}","{'rs_3m': -19.6, 'rs_6m': -18.5, 'rs_line_percentile': 0.0, 'rs_line_at_new_high': False, 'rs_line_trend': 'down', 'rs_line_score': 15}","{'roe_pct': 9.7, 'operating_margin_pct': 25.3}","{'days_to_earnings': 'N/A', 'recommendation': 'strong_buy', 'analyst_upside_pct': 39.2}",38.58,11736024064,Financial Services,Credit Services,4.6,5.0,False,47.29,-18.4,3,False,-10.5,53.72,58.0,45.0,18.0,strong_buy,39.2,,,42.99,11.4,reportado,múltiplo propio,3.0,1.2,True,2024-12-31,2.48,0.96,3.07,28.2,1.2,3.2,False,-0.45,,7,,,,,13.5,26.0,2026-10-20,False,True,False,5,NEUTRAL,,,0.45,23.6,1.6,0.07,-22.0,2026-09-24T04:54:40.858506,,"el capex se lleva el 94% del flujo operativo: lo que queda no es lo que gana el dueño, es lo que sobra tras decidir invertir",,,,
PAYX,"Paychex, Inc.",70.6,,trimestral,⭐⭐⭐ EXCELLENT,🟢 Excellent,USD,USD,False,True,True,1.0,,95.0,60.0,50.3,80.0,50.0,35.0,25.7,False,down,41.5,False,0,12.5,False,0,"{'eps_growth_yoy': 41.5, 'op_growth_yoy': 40.3, 'crecimiento_respaldado': True, 'positive_quarters': 4, 'earnings_accelerating': False, 'eps_accel_quarters': 0, 'profit_margin_pct': 27.0, 'score_bruto_sin_capar': 95.0, 'satura': False}","{'revenue_growth_yoy': 12.5, 'revenue_accelerating': False, 'rev_accel_quarters': 0}","{'rs_3m': 4.8, 'rs_6m': 0.5, 'rs_line_percentile': 25.7, 'rs_line_at_new_high': False, 'rs_line_trend': 'down', 'rs_line_score': 35}","{'roe_pct': 44.8, 'debt_to_equity': 1.24, 'current_ratio': 1.26, 'operating_margin_pct': 38.3}","{'days_to_earnings': 'N/A', 'recommendation': 'hold', 'analyst_upside_pct': 12.2}",104.49,37196398592,Technology,Software - Application,6.4,8.9,False,130.32,-19.8,4,False,-11.8,117.29,150.0,109.0,14.0,hold,12.2,128.45,22.9,101.84,-2.5,reportado,múltiplo propio,4.0,0.58,False,,6.24,6.52,4.16,90.6,4.76,2.83,True,-1.13,,9,,9.3,Operating Income,9.6,17.4,,,False,False,False,7,NEUTRAL,5.68,103.5,0.38,37.8,0.8,0.02,-37.0,2026-09-24T04:47:45.617840,,,,,,
AMZN,"Amazon.com, Inc.",70.3,,trimestral,⭐⭐⭐ EXCELLENT,🟢 Excellent,USD,USD,False,True,True,1.0,"FCF declarado (-2,472,000,000) se aparta del derivado de flujo operativo menos capex (29,583,994,688)",85.0,60.0,50.3,85.0,70.0,35.0,35.4,False,down,76.7,True,1,16.6,False,0,"{'eps_growth_yoy': 76.7, 'op_growth_yoy': 29.6, 'crecimiento_respaldado': False, 'crecimiento_puntuado': 54.6, 'positive_quarters': 4, 'earnings_accelerating': True, 'eps_accel_quarters': 1, 'profit_margin_pct': 17.4, 'score_bruto_sin_capar': 110.0, 'satura': True}","{'revenue_growth_yoy': 16.6, 'revenue_accelerating': False, 'rev_accel_quarters': 0}","{'rs_3m': 5.0, 'rs_6m': 0.3, 'rs_line_percentile': 35.4, 'rs_line_at_new_high': False, 'rs_line_trend': 'down', 'rs_line_score': 35}","{'roe_pct': 30.6, 'debt_to_equity': 0.46, 'current_ratio': 1.03, 'operating_margin_pct': 13.7}","{'days_to_earnings': 'N/A', 'recommendation': 'strong_buy', 'analyst_upside_pct': 32.2}",249.27,2688704315392,Consumer Cyclical,Internet Retail,0.9,2.2,False,287.2,-13.2,5,False,-2.7,329.54,405.0,230.0,57.0,strong_buy,32.2,,,481.94,93.3,reportado,múltiplo propio,3.0,0.51,True,,1.1,2.74,,,,,False,,,9,,33.7,Operating Income,46.6,242.3,35.0,2026-10-29,False,True,False,6,NEUTRAL,2.84,17.6,0.1,27.3,0.4,0.01,-26.9,2026-09-24T04:53:26.229480,,"el capex se lleva el 82% del flujo operativo: lo que queda no es lo que gana el dueño, es lo que sobra tras decidir invertir",,,,
META,"Meta Platforms, Inc.",70.1,,trimestral,⭐⭐⭐ EXCELLENT,🟢 Excellent,USD,USD,False,True,True,0.8656,"acciones × precio no cuadra (ratio 0.8656) pero la divisa sí: son clases múltiples. Se usan 2,548 M de acciones efectivas (capitalización ÷ precio) en vez de las 2,205 M declaradas | FCF declarado (40,976,000,000) se aparta del derivado de flujo operativo menos capex (60,610,001,728)",55.0,80.0,66.6,95.0,60.0,60.0,57.7,False,up,-13.6,False,0,28.0,True,1,"{'eps_growth_yoy': -13.6, 'op_growth_yoy': -8.2, 'crecimiento_respaldado': True, 'positive_quarters': 4, 'earnings_accelerating': False, 'eps_accel_quarters': 0, 'profit_margin_pct': 29.8, 'score_bruto_sin_capar': 55.0, 'satura': False}","{'revenue_growth_yoy': 28.0, 'revenue_accelerating': True, 'rev_accel_quarters': 1}","{'rs_3m': 32.4, 'rs_6m': 7.8, 'rs_line_percentile': 57.7, 'rs_line_at_new_high': False, 'rs_line_trend': 'up', 'rs_line_score': 60}","{'roe_pct': 29.8, 'debt_to_equity': 0.43, 'current_ratio': 2.23, 'operating_margin_pct': 34.8}","{'days_to_earnings': 'N/A', 'recommendation': 'strong_buy', 'analyst_upside_pct': 3.5}",744.1,1895599308800,Communication Services,Internet Content & Information,1.3,1.8,False,763.9,-2.6,5,False,21.7,770.21,1000.0,580.0,56.0,strong_buy,3.5,,,642.67,-13.6,reportado,múltiplo propio,4.0,0.59,False,,3.2,23.81,0.29,7.9,2.1,,False,-0.16,,9,,42.9,Operating Income,44.2,-13.4,34.0,2026-10-28,False,True,False,5,NEUTRAL,4.34,31.6,,47.2,0.2,0.0,-47.0,2026-09-24T04:54:07.834899,2547506127.0,"el capex se lleva el 53% del flujo operativo: lo que queda no es lo que gana el dueño, es lo que sobra tras decidir invertir",,,,
FAST,Fastenal Company,69.6,,trimestral,⭐⭐ GOOD,🟡 Good,USD,USD,False,True,True,1.0,,80.0,60.0,56.7,95.0,50.0,60.0,56.7,False,up,15.9,False,0,14.7,False,0,"{'eps_growth_yoy': 15.9, 'op_growth_yoy': 15.1, 'crecimiento_respaldado': True, 'positive_quarters': 4, 'earnings_accelerating': False, 'eps_accel_quarters': 0, 'profit_margin_pct': 15.5, 'score_bruto_sin_capar': 80.0, 'satura': False}","{'revenue_growth_yoy': 14.7, 'revenue_accelerating': False, 'rev_accel_quarters': 0}","{'rs_3m': 6.0, 'rs_6m': -2.7, 'rs_line_percentile': 56.7, 'rs_line_at_new_high': False, 'rs_line_trend': 'up', 'rs_line_score': 60}","{'roe_pct': 34.3, 'debt_to_equity': 0.11, 'current_ratio': 4.18, 'operating_margin_pct': 21.0}","{'days_to_earnings': 'N/A', 'recommendation': 'hold', 'analyst_upside_pct': -4.2}",50.99,58510905344,Industrials,Industrial Distribution,3.5,5.0,False,52.92,-3.6,7,True,3.9,48.84,59.0,39.9,13.0,hold,-4.2,21.82,-57.2,38.59,-24.3,reportado,múltiplo propio,4.0,0.41,False,,1.97,1.0,1.92,78.6,0.96,2.16,False,0.02,,9,,394.5,Operating Income,395.6,5.8,20.0,2026-10-14,False,True,True,8,STRONG,2.82,39.4,2.49,22.0,,,,2026-09-24T04:50:49.875524,,,,,,
ADSK,"Autodesk, Inc.",69.6,,trimestral,⭐⭐ GOOD,🟡 Good,USD,USD,False,True,True,1.0,,100.0,70.0,26.7,65.0,70.0,15.0,12.4,False,up,57.2,False,0,16.1,True,1,"{'eps_growth_yoy': 57.2, 'op_growth_yoy': 32.9, 'crecimiento_respaldado': True, 'positive_quarters': 4, 'earnings_accelerating': False, 'eps_accel_quarters': 0, 'profit_margin_pct': 21.1, 'score_bruto_sin_capar': 105.0, 'satura': True}","{'revenue_growth_yoy': 16.1, 'revenue_accelerating': True, 'rev_accel_quarters': 1}","{'rs_3m': 7.9, 'rs_6m': -26.8, 'rs_line_percentile': 12.4, 'rs_line_at_new_high': False, 'rs_line_trend': 'up', 'rs_line_score': 15}","{'roe_pct': 53.9, 'debt_to_equity': 1.1, 'current_ratio': 0.85, 'operating_margin_pct': 29.2}","{'days_to_earnings': 'N/A', 'recommendation': 'buy', 'analyst_upside_pct': 42.1}",217.15,45384347648,Technology,Software - Application,4.5,4.5,False,326.35,-33.5,0,False,-7.0,308.66,375.0,215.0,34.0,buy,42.1,219.2,0.9,,,reportado,,,,,,6.21,13.49,,,,0.48,True,-1.86,,9,,,,,59.6,64.0,2026-11-27,False,True,False,7,NEUTRAL,3.99,645.3,0.26,54.1,,,,2026-09-24T04:52:12.400893,,,múltiplo propio 59x fuera del rango 8-45,,,
V,Visa Inc.,69.6,,trimestral,⭐⭐ GOOD,🟡 Good,USD,USD,False,True,True,0.9077,"acciones × precio no cuadra (ratio 0.9077) pero la divisa sí: son clases múltiples. Se usan 1,877 M de acciones efectivas (capitalización ÷ precio) en vez de las 1,704 M declaradas",75.0,80.0,50.3,70.0,65.0,35.0,49.1,False,flat,6.8,False,0,14.4,True,2,"{'eps_growth_yoy': 6.8, 'op_growth_yoy': 5.0, 'crecimiento_respaldado': True, 'positive_quarters': 4, 'earnings_accelerating': False, 'eps_accel_quarters': 0, 'profit_margin_pct': 50.8, 'score_bruto_sin_capar': 75.0, 'satura': False}","{'revenue_growth_yoy': 14.4, 'revenue_accelerating': True, 'rev_accel_quarters': 2}","{'rs_3m': 4.2, 'rs_6m': 2.0, 'rs_line_percentile': 49.1, 'rs_line_at_new_high': False, 'rs_line_trend': 'flat', 'rs_line_score': 35}","{'roe_pct': 61.2, 'debt_to_equity': 0.68, 'current_ratio': 0.98, 'operating_margin_pct': 66.1}","{'days_to_earnings': 'N/A', 'recommendation': 'strong_buy', 'analyst_upside_pct': 16.0}",361.52,678701432832,Financial Services,Credit Services,1.2,3.0,False,385.57,-6.2,5,False,-1.6,419.36,466.0,330.0,37.0,strong_buy,16.0,266.67,-26.2,385.73,6.7,reportado,múltiplo propio,4.0,0.23,False,,3.11,11.24,0.74,22.1,2.68,0.71,True,-3.71,,9,,37.6,Operating Income,35.7,10.2,33.0,2026-10-27,False,True,False,6,NEUTRAL,3.93,381.9,2.36,19.6,0.4,0.02,-19.2,2026-09-24T04:46:18.629859,1877355147.0,,,,,
MCO,Moody's Corporation,69.0,,trimestral,⭐⭐ GOOD,🟡 Good,USD,USD,False,True,True,1.0,,100.0,60.0,38.7,65.0,65.0,15.0,19.1,False,down,51.9,True,2,15.1,False,0,"{'eps_growth_yoy': 51.9, 'op_growth_yoy': 27.4, 'crecimiento_respaldado': True, 'positive_quarters': 4, 'earnings_accelerating': True, 'eps_accel_quarters': 2, 'profit_margin_pct': 34.3, 'score_bruto_sin_capar': 125.0, 'satura': True}","{'revenue_growth_yoy': 15.1, 'revenue_accelerating': False, 'rev_accel_quarters': 0}","{'rs_3m': 0.7, 'rs_6m': -6.4, 'rs_line_percentile': 19.1, 'rs_line_at_new_high': False, 'rs_line_trend': 'down', 'rs_line_score': 15}","{'roe_pct': 76.9, 'debt_to_equity': 2.41, 'current_ratio': 1.19, 'operating_margin_pct': 49.5}","{'days_to_earnings': 'N/A', 'recommendation': 'buy', 'analyst_upside_pct': 18.6}",473.85,82061811712,Financial Services,Financial Data & Stock Exchanges,1.7,3.6,False,546.88,-13.4,4,False,-2.7,561.9,610.0,505.0,21.0,buy,18.6,280.91,-40.7,618.62,30.6,reportado,múltiplo propio,4.0,0.19,False,,3.65,17.3,0.88,25.0,4.12,0.81,False,,,9,,14.1,Operating Income,14.5,56.7,27.0,2026-10-21,False,True,False,8,STRONG,3.92,107.9,0.44,24.8,,,,2026-09-24T04:47:37.743451,,,,,,
SYK,Stryker Corporation,68.8,,trimestral,⭐⭐ GOOD,🟡 Good,USD,USD,False,True,True,1.0,,100.0,60.0,24.0,80.0,70.0,15.0,0.7,False,down,44.3,True,1,9.4,True,1,"{'eps_growth_yoy': 44.3, 'op_growth_yoy': 42.1, 'crecimiento_respaldado': True, 'positive_quarters': 4, 'earnings_accelerating': True, 'eps_accel_quarters': 1, 'profit_margin_pct': 14.4, 'score_bruto_sin_capar': 100.0, 'satura': False}","{'revenue_growth_yoy': 9.4, 'revenue_accelerating': True, 'rev_accel_quarters': 1}","{'rs_3m': -17.4, 'rs_6m': -33.8, 'rs_line_percentile': 0.7, 'rs_line_at_new_high': False, 'rs_line_trend': 'down', 'rs_line_score': 15}","{'roe_pct': 16.5, 'debt_to_equity': 0.64, 'current_ratio': 2.16, 'operating_margin_pct': 27.0}","{'days_to_earnings': 'N/A', 'recommendation': 'buy', 'analyst_upside_pct': 35.0}",273.4,104868872192,Healthcare,Medical Devices,2.1,3.3,False,392.55,-30.4,0,False,-14.1,369.0,465.0,298.0,25.0,buy,35.0,292.34,6.9,383.58,40.3,reportado,múltiplo propio,4.0,0.26,False,,4.54,12.41,1.28,36.1,3.52,0.99,False,,,9,,9.6,Operating Income,9.9,44.1,35.0,2026-10-29,False,True,False,5,NEUTRAL,4.33,46.7,0.37,37.5,,,,2026-09-24T04:48:01.180167,,,,,,
MTD,Mettler-Toledo International Inc.,68.8,,trimestral,⭐⭐ GOOD,🟡 Good,USD,USD,False,True,True,1.0,,95.0,60.0,63.9,50.0,50.0,60.0,64.1,False,up,15.1,True,1,4.5,True,1,"{'eps_growth_yoy': 15.1, 'op_growth_yoy': 18.3, 'crecimiento_respaldado': True, 'positive_quarters': 4, 'earnings_accelerating': True, 'eps_accel_quarters': 1, 'profit_margin_pct': 21.9, 'score_bruto_sin_capar': 95.0, 'satura': False}","{'revenue_growth_yoy': 4.5, 'revenue_accelerating': True, 'rev_accel_quarters': 1}","{'rs_3m': 19.2, 'rs_6m': 0.5, 'rs_line_percentile': 64.1, 'rs_line_at_new_high': False, 'rs_line_trend': 'up', 'rs_line_score': 60}","{'debt_to_equity': 166.68, 'current_ratio': 1.12, 'operating_margin_pct': 31.2}","{'days_to_earnings': 'N/A', 'recommendation': 'hold', 'analyst_upside_pct': -2.3}",1492.34,29901359104,Healthcare,Diagnostics & Research,3.6,3.6,False,1525.17,-2.2,5,False,8.4,1457.5,1600.0,1200.0,14.0,hold,-2.3,587.16,-60.7,1486.84,-0.4,reportado,múltiplo propio,4.0,0.22,False,,2.9,43.28,,,,,True,-2.76,,9,,16.9,Operating Income,16.8,7.3,42.0,2026-11-05,False,True,False,6,NEUTRAL,3.5,110.7,1.58,30.6,,,,2026-09-24T04:49:19.559061,,,,,,
UNH,UnitedHealth Group Incorporated,68.7,,trimestral,⭐⭐ GOOD,🟡 Good,USD,USD,False,True,True,1.0,"FCF declarado (16,309,000,000) se aparta del derivado de flujo operativo menos capex (23,395,000,960)",95.0,60.0,56.0,50.0,65.0,35.0,48.0,False,down,61.0,False,0,0.4,True,1,"{'eps_growth_yoy': 61.0, 'op_growth_yoy': 55.2, 'crecimiento_respaldado': True, 'positive_quarters': 4, 'earnings_accelerating': False, 'eps_accel_quarters': 0, 'profit_margin_pct': 3.1, 'score_bruto_sin_capar': 95.0, 'satura': False}","{'revenue_growth_yoy': 0.4, 'revenue_accelerating': True, 'rev_accel_quarters': 1}","{'rs_3m': -12.8, 'rs_6m': 20.5, 'rs_line_percentile': 48.0, 'rs_line_at_new_high': False, 'rs_line_trend': 'down', 'rs_line_score': 35}","{'roe_pct': 14.2, 'debt_to_equity': 0.69, 'current_ratio': 0.78, 'operating_margin_pct': 7.1}","{'days_to_earnings': 'N/A', 'recommendation': 'buy', 'analyst_upside_pct': 29.7}",371.29,333267992576,Healthcare,Healthcare Plans,1.9,3.7,False,461.62,-19.6,6,False,-7.2,481.72,529.0,380.0,25.0,buy,29.7,394.03,6.1,369.2,-0.6,reportado,múltiplo propio,4.0,0.44,False,,7.02,26.06,2.49,57.5,9.28,1.65,False,-0.44,,9,,5.6,Operating Income,5.5,61.5,19.0,2026-10-13,False,True,True,6,NEUTRAL,4.96,176.2,0.27,21.2,0.4,0.02,-20.8,2026-09-24T04:54:37.240951,,,,,,
GGG,Graco Inc.,68.6,,trimestral,⭐⭐ GOOD,🟡 Good,USD,USD,False,True,True,1.0,,95.0,60.0,26.7,95.0,55.0,15.0,11.6,False,up,13.6,True,1,3.3,True,1,"{'eps_growth_yoy': 13.6, 'op_growth_yoy': 11.2, 'crecimiento_respaldado': True, 'positive_quarters': 4, 'earnings_accelerating': True, 'eps_accel_quarters': 1, 'profit_margin_pct': 23.5, 'score_bruto_sin_capar': 95.0, 'satura': False}","{'revenue_growth_yoy': 3.3, 'revenue_accelerating': True, 'rev_accel_quarters': 1}","{'rs_3m': 0.1, 'rs_6m': -25.2, 'rs_line_percentile': 11.6, 'rs_line_at_new_high': False, 'rs_line_trend': 'up', 'rs_line_score': 15}","{'roe_pct': 21.2, 'debt_to_equity': 0.02, 'current_ratio': 2.99, 'operating_margin_pct': 29.7}","{'days_to_earnings': 'N/A', 'recommendation': 'hold', 'analyst_upside_pct': 16.5}",78.37,12692321280,Industrials,Specialty Industrial Machinery,5.1,2.8,False,95.69,-18.1,1,False,-0.5,91.29,100.0,84.0,7.0,hold,16.5,65.74,-16.1,87.88,12.1,reportado,múltiplo propio,4.0,0.19,False,,4.95,3.88,1.52,35.8,1.18,1.19,True,-1.68,,9,,194.7,Operating Income,205.3,5.8,27.0,2026-10-21,False,True,False,6,NEUTRAL,4.99,34.2,1.55,16.6,3.1,0.19,-13.5,2026-09-24T04:54:04.121548,,,,,,
LMT,Lockheed Martin Corporation,68.3,,trimestral,⭐⭐ GOOD,🟡 Good,USD,USD,False,True,True,1.0,,100.0,70.0,26.7,60.0,65.0,15.0,12.0,False,flat,436.8,True,2,10.5,True,1,"{'eps_growth_yoy': 436.8, 'op_growth_yoy': 231.4, 'crecimiento_respaldado': False, 'crecimiento_puntuado': 256.4, 'positive_quarters': 4, 'earnings_accelerating': True, 'eps_accel_quarters': 2, 'profit_margin_pct': 8.2, 'score_bruto_sin_capar': 115.0, 'satura': True}","{'revenue_growth_yoy': 10.5, 'revenue_accelerating': True, 'rev_accel_quarters': 1}","{'rs_3m': 2.6, 'rs_6m': -30.4, 'rs_line_percentile': 12.0, 'rs_line_at_new_high': False, 'rs_line_trend': 'flat', 'rs_line_score': 15}","{'roe_pct': 89.2, 'debt_to_equity': 2.34, 'current_ratio': 1.19, 'operating_margin_pct': 12.0}","{'days_to_earnings': 'N/A', 'recommendation': 'buy', 'analyst_upside_pct': 21.6}",524.68,121091293184,Industrials,Aerospace & Defense,1.4,2.7,False,692.0,-24.2,3,False,-5.4,637.84,756.0,503.0,19.0,buy,21.6,728.42,38.8,559.74,6.7,reportado,múltiplo propio,4.0,0.33,False,,7.23,37.93,2.64,50.3,13.8,2.63,True,-1.37,,9,,8.2,Operating Income,7.7,310.7,26.0,2026-10-20,False,True,False,6,NEUTRAL,5.61,70.9,0.04,21.0,,,,2026-09-24T04:53:44.751893,,,,,,
ICE,"Intercontinental Exchange, Inc.",68.3,,trimestral,⭐⭐ GOOD,🟡 Good,USD,USD,False,True,True,1.0,,85.0,60.0,50.3,75.0,65.0,35.0,43.8,False,up,12.6,False,0,10.7,False,0,"{'eps_growth_yoy': 12.6, 'op_growth_yoy': 7.3, 'crecimiento_respaldado': True, 'positive_quarters': 4, 'earnings_accelerating': False, 'eps_accel_quarters': 0, 'profit_margin_pct': 38.2, 'score_bruto_sin_capar': 85.0, 'satura': False}","{'revenue_growth_yoy': 10.7, 'revenue_accelerating': False, 'rev_accel_quarters': 0}","{'rs_3m': 15.8, 'rs_6m': -16.4, 'rs_line_percentile': 43.8, 'rs_line_at_new_high': False, 'rs_line_trend': 'up', 'rs_line_score': 35}","{'roe_pct': 14.1, 'debt_to_equity': 0.69, 'current_ratio': 1.01, 'operating_margin_pct': 52.6}","{'days_to_earnings': 'N/A', 'recommendation': 'strong_buy', 'analyst_upside_pct': 19.8}",156.35,87774035968,Financial Services,Financial Data & Stock Exchanges,1.1,1.5,False,176.05,-11.2,4,False,2.3,187.29,232.0,163.0,14.0,strong_buy,19.8,168.08,7.5,217.96,39.4,reportado,múltiplo propio,4.0,0.34,False,,5.38,8.41,1.36,28.2,2.08,1.25,True,-1.57,,9,,6.9,Operating Income,7.6,14.2,35.0,2026-10-29,False,True,False,8,STRONG,4.66,114.8,1.25,22.1,0.8,0.04,-21.3,2026-09-24T04:49:00.933125,,,,,,
SHW,The Sherwin-Williams Company,68.0,,trimestral,⭐⭐ GOOD,🟡 Good,USD,USD,False,True,True,1.0,,100.0,70.0,36.0,45.0,65.0,15.0,23.9,False,down,11.8,True,2,7.5,True,2,"{'eps_growth_yoy': 11.8, 'op_growth_yoy': 12.0, 'crecimiento_respaldado': True, 'positive_quarters': 4, 'earnings_accelerating': True, 'eps_accel_quarters': 2, 'profit_margin_pct': 11.0, 'score_bruto_sin_capar': 100.0, 'satura': False}","{'revenue_growth_yoy': 7.5, 'revenue_accelerating': True, 'rev_accel_quarters': 2}","{'rs_3m': -6.6, 'rs_6m': -12.9, 'rs_line_percentile': 23.9, 'rs_line_at_new_high': False, 'rs_line_trend': 'down', 'rs_line_score': 15}","{'roe_pct': 65.1, 'debt_to_equity': 3.9, 'current_ratio': 0.73, 'operating_margin_pct': 18.1}","{'days_to_earnings': 'N/A', 'recommendation': 'buy', 'analyst_upside_pct': 19.5}",326.46,79250825216,Basic Materials,Specialty Chemicals,2.9,4.2,False,377.77,-13.6,2,False,-3.6,390.0,420.0,340.0,22.0,buy,19.5,192.88,-40.9,339.62,4.0,reportado,múltiplo propio,4.0,0.1,False,,3.9,12.73,0.97,29.3,3.2,0.87,True,-2.11,,9,,7.7,Operating Income,7.8,10.0,33.0,2026-10-27,False,True,False,6,NEUTRAL,4.06,61.9,1.68,18.4,0.8,0.04,-17.6,2026-09-24T04:48:23.621775,,,,,,
JNJ,Johnson & Johnson,67.6,,trimestral,⭐⭐ GOOD,🟡 Good,USD,USD,False,True,True,1.0,,75.0,60.0,56.7,85.0,60.0,60.0,73.6,False,up,-0.1,True,2,6.6,True,1,"{'eps_growth_yoy': -0.1, 'op_growth_yoy': 6.9, 'crecimiento_respaldado': True, 'positive_quarters': 4, 'earnings_accelerating': True, 'eps_accel_quarters': 2, 'profit_margin_pct': 21.5, 'score_bruto_sin_capar': 75.0, 'satura': False}","{'revenue_growth_yoy': 6.6, 'revenue_accelerating': True, 'rev_accel_quarters': 1}","{'rs_3m': 7.4, 'rs_6m': -1.9, 'rs_line_percentile': 73.6, 'rs_line_at_new_high': False, 'rs_line_trend': 'up', 'rs_line_score': 60}","{'roe_pct': 25.7, 'debt_to_equity': 0.58, 'current_ratio': 1.09, 'operating_margin_pct': 29.2}","{'days_to_earnings': 'N/A', 'recommendation': 'buy', 'analyst_upside_pct': 3.2}",269.17,648672378880,Healthcare,Drug Manufacturers - General,1.0,3.3,False,281.07,-4.2,8,True,2.3,277.91,320.0,190.0,22.0,buy,3.2,204.57,-24.0,158.94,-41.0,reportado,múltiplo propio,3.0,0.7,True,2024-12-31,3.45,9.29,1.99,60.8,5.36,2.75,False,0.87,,9,,25.9,Operating Income,25.9,-0.9,19.0,2026-10-13,False,True,True,4,NEUTRAL,3.78,103.8,,16.9,0.4,0.02,-16.5,2026-09-24T04:51:42.586732,,,,,,
CNI,Canadian National Railway Company,67.5,,trimestral,⭐⭐ GOOD,🟡 Good,USD,CAD,True,True,True,1.0,"FCF declarado (3,410,000,000) se aparta del derivado de flujo operativo menos capex (1,316,898,455)",85.0,70.0,47.6,60.0,60.0,35.0,48.9,False,down,6.6,True,1,11.3,True,1,"{'eps_growth_yoy': 6.6, 'op_growth_yoy': 8.7, 'crecimiento_respaldado': True, 'positive_quarters': 4, 'earnings_accelerating': True, 'eps_accel_quarters': 1, 'profit_margin_pct': 26.9, 'score_bruto_sin_capar': 85.0, 'satura': False}","{'revenue_growth_yoy': 11.3, 'revenue_accelerating': True, 'rev_accel_quarters': 1}","{'rs_3m': -1.2, 'rs_6m': 2.1, 'rs_line_percentile': 48.9, 'rs_line_at_new_high': False, 'rs_line_trend': 'down', 'rs_line_score': 35}","{'roe_pct': 22.0, 'debt_to_equity': 1.04, 'current_ratio': 0.87, 'operating_margin_pct': 40.3}","{'days_to_earnings': 'N/A', 'recommendation': 'buy', 'analyst_upside_pct': 15.0}",119.49,72183906304,Industrials,Railroads,,5.7,False,131.55,-9.2,6,False,-4.3,137.39,150.78,111.38,13.0,buy,15.0,,,77.63,-35.0,reportado,múltiplo propio,4.0,0.14,False,,1.82,2.17,2.22,46.3,2.66,2.06,True,-3.26,,9,,7.1,Operating Income,7.8,7.1,36.0,2026-10-30,False,True,False,7,NEUTRAL,6.96,13.3,1.83,18.7,0.4,0.02,-18.3,2026-09-24T04:48:57.453223,,"el capex se lleva el 74% del flujo operativo: lo que queda no es lo que gana el dueño, es lo que sobra tras decidir invertir",,,,
COST,Costco Wholesale Corporation,67.5,,trimestral,⭐⭐ GOOD,🟡 Good,USD,USD,False,True,True,1.0,"FCF declarado (6,370,000,000) se aparta del derivado de flujo operativo menos capex (9,502,000,512)",95.0,60.0,24.0,85.0,65.0,15.0,4.0,False,down,15.2,True,2,11.6,False,0,"{'eps_growth_yoy': 15.2, 'op_growth_yoy': 11.3, 'crecimiento_respaldado': True, 'positive_quarters': 4, 'earnings_accelerating': True, 'eps_accel_quarters': 2, 'profit_margin_pct': 3.0, 'score_bruto_sin_capar': 95.0, 'satura': False}","{'revenue_growth_yoy': 11.6, 'revenue_accelerating': False, 'rev_accel_quarters': 0}","{'rs_3m': -10.5, 'rs_6m': -24.3, 'rs_line_percentile': 4.0, 'rs_line_at_new_high': False, 'rs_line_trend': 'down', 'rs_line_score': 15}","{'roe_pct': 29.2, 'debt_to_equity': 0.25, 'current_ratio': 1.07, 'operating_margin_pct': 4.0}","{'days_to_earnings': 'N/A', 'recommendation': 'buy', 'analyst_upside_pct': 18.2}",904.7,401215291392,Consumer Defensive,Discount Stores,1.7,4.3,False,1096.5,-17.5,3,False,-3.3,1069.2,1315.0,740.0,35.0,buy,18.2,427.42,-52.8,893.63,-1.2,reportado,múltiplo propio,4.0,0.36,False,,2.37,21.44,0.65,27.0,5.88,0.59,False,-0.07,,9,,76.9,Operating Income,81.5,15.2,0.0,2026-09-24,True,True,False,7,NEUTRAL,2.67,28.9,2.63,17.6,,,,2026-09-24T04:46:48.065493,,,,,,
ASAZY,ASSA ABLOY AB (publ),67.5,,trimestral,⭐⭐ GOOD,🟡 Good,USD,SEK,True,True,False,0.9482,"acciones × precio no cuadra con la capitalización (ratio 0.9482) y los estados van en SEK mientras cotiza en USD — puede ser un ADR. Los ratios por acción (EPS, FCF/acción, DCF) no son utilizables",100.0,60.0,36.0,65.0,55.0,15.0,9.4,False,up,80.4,True,1,3.5,True,1,"{'eps_growth_yoy': 80.4, 'op_growth_yoy': 53.9, 'crecimiento_respaldado': False, 'crecimiento_puntuado': 78.9, 'positive_quarters': 4, 'earnings_accelerating': True, 'eps_accel_quarters': 1, 'profit_margin_pct': 10.8, 'score_bruto_sin_capar': 110.0, 'satura': True}","{'revenue_growth_yoy': 3.5, 'revenue_accelerating': True, 'rev_accel_quarters': 1}","{'rs_3m': -1.4, 'rs_6m': -14.3, 'rs_line_percentile': 9.4, 'rs_line_at_new_high': False, 'rs_line_trend': 'up', 'rs_line_score': 15}","{'roe_pct': 15.6, 'debt_to_equity': 0.64, 'current_ratio': 1.01}","{'days_to_earnings': 'N/A', 'recommendation': 'none', 'analyst_upside_pct': 21.1}",17.96,39899082752,Industrials,Security & Protection Services,,,False,21.98,-18.3,1,False,-1.3,21.74,21.74,21.74,1.0,none,21.1,,,,,reportado,,,,,,46.71,8.39,1.8,41.9,0.33,1.7,False,,,9,,,,,8.0,33.0,2026-10-27,False,True,False,8,STRONG,,120.6,1.26,18.3,,,,2026-09-24T04:50:18.377747,,,,,"acciones × precio no cuadra con la capitalización (ratio 0.9482) y los estados van en SEK mientras cotiza en USD — puede ser un ADR. Los ratios por acción (EPS, FCF/acción, DCF) no son utilizables",
MSI,"Motorola Solutions, Inc.",67.3,,trimestral,⭐⭐ GOOD,🟡 Good,USD,USD,False,True,True,1.0,,80.0,70.0,50.3,65.0,60.0,35.0,41.0,False,up,8.6,True,1,13.3,True,1,"{'eps_growth_yoy': 8.6, 'op_growth_yoy': 19.3, 'crecimiento_respaldado': True, 'positive_quarters': 4, 'earnings_accelerating': True, 'eps_accel_quarters': 1, 'profit_margin_pct': 17.4, 'score_bruto_sin_capar': 80.0, 'satura': False}","{'revenue_growth_yoy': 13.3, 'revenue_accelerating': True, 'rev_accel_quarters': 1}","{'rs_3m': 10.4, 'rs_6m': -15.7, 'rs_line_percentile': 41.0, 'rs_line_at_new_high': False, 'rs_line_trend': 'up', 'rs_line_score': 35}","{'roe_pct': 91.6, 'debt_to_equity': 3.58, 'current_ratio': 1.1, 'operating_margin_pct': 27.4}","{'days_to_earnings': 'N/A', 'recommendation': 'buy', 'analyst_upside_pct': 14.4}",460.44,76199960576,Technology,Communication Equipment,2.3,3.3,False,494.85,-7.0,6,False,1.5,526.91,550.0,476.0,11.0,buy,14.4,334.46,-27.4,395.5,-14.1,reportado,múltiplo propio,4.0,0.62,False,,3.56,16.39,1.06,37.2,4.84,1.11,False,-0.95,,9,,7.0,Operating Income,7.3,9.5,42.0,2026-11-05,False,True,False,6,NEUTRAL,3.48,150.4,2.49,16.0,,,,2026-09-24T04:46:40.869511,,,,,,
VLTO,Veralto Corporation,67.1,,trimestral,⭐⭐ GOOD,🟡 Good,USD,USD,False,True,True,1.0,,70.0,70.0,46.7,85.0,65.0,35.0,30.6,False,flat,8.6,False,0,7.5,True,2,"{'eps_growth_yoy': 8.6, 'op_growth_yoy': 0.6, 'crecimiento_respaldado': True, 'positive_quarters': 4, 'earnings_accelerating': False, 'eps_accel_quarters': 0, 'profit_margin_pct': 17.3, 'score_bruto_sin_capar': 70.0, 'satura': False}","{'revenue_growth_yoy': 7.5, 'revenue_accelerating': True, 'rev_accel_quarters': 2}","{'rs_3m': 6.4, 'rs_6m': -6.8, 'rs_line_percentile': 30.6, 'rs_line_at_new_high': False, 'rs_line_trend': 'flat', 'rs_line_score': 35}","{'roe_pct': 34.3, 'debt_to_equity': 1.16, 'current_ratio': 1.77, 'operating_margin_pct': 21.4}","{'days_to_earnings': 'N/A', 'recommendation': 'buy', 'analyst_upside_pct': 19.7}",95.88,23374905344,Industrials,Pollution & Treatment Controls,2.7,4.0,False,107.9,-11.1,3,False,-0.1,114.79,136.0,100.0,14.0,buy,19.7,85.04,-11.3,105.69,10.2,reportado,múltiplo propio,3.0,0.24,True,,4.45,4.27,0.54,12.6,0.52,,True,-1.64,,9,,14.1,Operating Income,14.1,10.1,27.0,2026-10-21,False,True,False,6,NEUTRAL,5.14,76.5,1.99,15.0,,,,2026-09-24T04:48:16.364705,,,,,,
HRI,Herc Holdings Inc.,67.1,,trimestral,⭐⭐ GOOD,🟡 Good,USD,USD,False,True,True,1.0,"FCF declarado (-128,000,000) se aparta del derivado de flujo operativo menos capex (10,000,000)",68.0,90.0,52.4,45.0,70.0,35.0,33.4,False,down,,True,1,26.3,True,2,"{'positive_quarters': 3, 'earnings_accelerating': True, 'eps_accel_quarters': 1, 'profit_margin_pct': 1.0, 'score_bruto_sin_capar': 68.0, 'satura': False}","{'revenue_growth_yoy': 26.3, 'revenue_accelerating': True, 'rev_accel_quarters': 2}","{'rs_3m': -8.5, 'rs_6m': 17.7, 'rs_line_percentile': 33.4, 'rs_line_at_new_high': False, 'rs_line_trend': 'down', 'rs_line_score': 35}","{'roe_pct': 2.6, 'debt_to_equity': 5.06, 'current_ratio': 1.1, 'operating_margin_pct': 12.2}","{'days_to_earnings': 'N/A', 'recommendation': 'buy', 'analyst_upside_pct': 36.6}",137.23,4587796992,Industrials,Rental & Leasing Services,8.7,5.9,True,188.35,-27.1,3,False,-10.3,187.42,240.0,115.0,12.0,buy,36.6,,,,,reportado,,,,,,0.22,0.3,1.94,164.7,2.8,,False,11.67,,9,,1.2,Operating Income,1.1,,33.0,2026-10-27,False,True,False,3,NEUTRAL,4.41,7.3,0.33,41.0,1.6,0.04,-39.4,2026-09-24T04:55:49.105286,,"el capex se lleva el 99% del flujo operativo: lo que queda no es lo que gana el dueño, es lo que sobra tras decidir invertir",los P/E históricos se separan 251.6x la mediana: el ancla la decidiría un año suelto,,,
NYT,The New York Times Company,67.0,,trimestral,⭐⭐ GOOD,🟡 Good,USD,USD,False,True,True,0.9952,,90.0,70.0,24.0,75.0,65.0,15.0,0.0,False,down,12.6,True,1,11.2,True,1,"{'eps_growth_yoy': 12.6, 'op_growth_yoy': 11.5, 'crecimiento_respaldado': True, 'positive_quarters': 4, 'earnings_accelerating': True, 'eps_accel_quarters': 1, 'profit_margin_pct': 13.3, 'score_bruto_sin_capar': 90.0, 'satura': False}","{'revenue_growth_yoy': 11.2, 'revenue_accelerating': True, 'rev_accel_quarters': 1}","{'rs_3m': -14.3, 'rs_6m': -44.4, 'rs_line_percentile': 0.0, 'rs_line_at_new_high': False, 'rs_line_trend': 'down', 'rs_line_score': 15}","{'roe_pct': 19.7, 'current_ratio': 1.58, 'operating_margin_pct': 17.1}","{'days_to_earnings': 'N/A', 'recommendation': 'buy', 'analyst_upside_pct': 27.6}",61.89,9981841408,Communication Services,Publishing,8.0,5.4,True,87.1,-28.9,2,False,-10.6,79.0,90.0,63.0,9.0,buy,27.6,74.86,21.0,71.41,15.4,reportado,múltiplo propio,4.0,0.16,False,,6.25,3.87,1.41,32.1,0.92,0.95,False,-0.79,,9,,420.4,Operating Income,423.0,14.0,41.0,2026-11-04,False,True,False,8,STRONG,4.84,52.6,1.41,41.0,1.6,0.04,-39.4,2026-09-24T04:55:05.631297,,,,,,
FHN,First Horizon Corporation,67.0,,trimestral,⭐⭐ GOOD,🟡 Good,USD,USD,False,True,True,1.0,"FCF declarado (-189,000,000) se aparta del derivado de flujo operativo menos capex (1,026,000,000)",95.0,60.0,36.0,65.0,65.0,15.0,4.3,False,down,12.0,True,1,6.7,True,1,"{'eps_growth_yoy': 12.0, 'positive_quarters': 4, 'earnings_accelerating': True, 'eps_accel_quarters': 1, 'profit_margin_pct': 30.2, 'score_bruto_sin_capar': 95.0, 'satura': False}","{'revenue_growth_yoy': 6.7, 'revenue_accelerating': True, 'rev_accel_quarters': 1}","{'rs_3m': -13.1, 'rs_6m': -14.6, 'rs_line_percentile': 4.3, 'rs_line_at_new_high': False, 'rs_line_trend': 'down', 'rs_line_score': 15}","{'roe_pct': 11.5, 'operating_margin_pct': 41.3}","{'days_to_earnings': 'N/A', 'recommendation': 'buy', 'analyst_upside_pct': 21.7}",23.02,10906350592,Financial Services,Banks - Regional,0.0,0.0,False,26.56,-13.3,4,False,-7.6,28.02,31.0,25.0,21.0,buy,21.7,,,26.26,14.1,reportado,múltiplo propio,4.0,0.42,False,,9.41,2.17,2.91,30.8,0.68,3.28,True,-6.61,,7,,,,,14.0,21.0,2026-10-15,False,True,True,5,NEUTRAL,,,0.5,20.5,,,,2026-09-24T04:55:52.761668,,"Banks - Regional: el flujo operativo son depósitos, préstamos o primas, no caja libre para el accionista",,,,
6383.T,"Daifuku Co., Ltd.",67.0,,anual,⭐⭐ GOOD,🟡 Good,JPY,JPY,False,True,True,1.0,,100.0,60.0,15.0,80.0,70.0,,,,,71.8,True,1,8.1,True,1,"{'eps_growth_yoy': 71.8, 'op_growth_yoy': 63.4, 'crecimiento_respaldado': True, 'positive_quarters': 4, 'earnings_accelerating': True, 'eps_accel_quarters': 1, 'profit_margin_pct': 12.1, 'score_bruto_sin_capar': 110.0, 'satura': True}","{'revenue_growth_yoy': 8.1, 'revenue_accelerating': True, 'rev_accel_quarters': 1}","{'rs_3m': -26.6, 'rs_6m': -20.9}","{'debt_to_equity': 0.09, 'current_ratio': 2.63, 'operating_margin_pct': 16.6}","{'days_to_earnings': 'N/A', 'recommendation': 'buy', 'analyst_upside_pct': 36.7}",5518.0,2051808559104,Industrials,Specialty Industrial Machinery,,,False,7857.0,-29.8,2,False,-7.5,7540.71,9300.0,5400.0,14.0,buy,36.7,5723.18,3.7,5747.7,4.2,reportado,múltiplo propio,4.0,0.3,False,,5.66,312.32,1.65,38.8,90.0,1.38,,,,9,,,,,13.8,48.0,2026-11-11,False,True,False,8,STRONG,5.62,21.8,2.78,27.6,,,,2026-09-24T04:53:56.650307,,,,,,
GWW,"W.W. Grainger, Inc.",66.8,,trimestral,⭐⭐ GOOD,🟡 Good,USD,USD,False,True,True,1.0,,75.0,60.0,57.6,85.0,50.0,60.0,53.0,False,down,18.3,False,0,10.3,False,0,"{'eps_growth_yoy': 18.3, 'op_growth_yoy': 19.0, 'crecimiento_respaldado': True, 'positive_quarters': 4, 'earnings_accelerating': False, 'eps_accel_quarters': 0, 'profit_margin_pct': 9.9, 'score_bruto_sin_capar': 75.0, 'satura': False}","{'revenue_growth_yoy': 10.3, 'revenue_accelerating': False, 'rev_accel_quarters': 0}","{'rs_3m': -10.0, 'rs_6m': 2.3, 'rs_line_percentile': 53.0, 'rs_line_at_new_high': False, 'rs_line_trend': 'down', 'rs_line_score': 60}","{'roe_pct': 46.1, 'debt_to_equity': 0.62, 'current_ratio': 2.81, 'operating_margin_pct': 16.1}","{'days_to_earnings': 'N/A', 'recommendation': 'hold', 'analyst_upside_pct': 4.9}",1270.67,59849756672,Industrials,Industrial Distribution,2.6,4.0,False,1419.91,-10.5,6,False,-3.7,1332.57,1500.0,1100.0,14.0,hold,4.9,538.25,-57.6,958.9,-24.5,reportado,múltiplo propio,4.0,0.43,False,,2.49,31.64,0.79,23.6,9.96,1.0,True,-1.87,,9,,33.9,Operating Income,34.1,8.2,41.0,2026-11-04,False,True,False,6,NEUTRAL,4.0,40.5,1.21,20.0,,,,2026-09-24T04:51:54.004291,,,,,,
ATLKY,Atlas Copco AB (publ),66.6,,trimestral,⭐⭐ GOOD,🟡 Good,USD,SEK,True,True,False,0.6801,"acciones × precio no cuadra con la capitalización (ratio 0.6801) y los estados van en SEK mientras cotiza en USD — puede ser un ADR. Los ratios por acción (EPS, FCF/acción, DCF) no son utilizables",80.0,60.0,50.3,80.0,55.0,35.0,44.1,False,up,7.0,True,1,5.3,True,1,"{'eps_growth_yoy': 7.0, 'op_growth_yoy': 7.5, 'crecimiento_respaldado': True, 'positive_quarters': 4, 'earnings_accelerating': True, 'eps_accel_quarters': 1, 'profit_margin_pct': 15.7, 'score_bruto_sin_capar': 80.0, 'satura': False}","{'revenue_growth_yoy': 5.3, 'revenue_accelerating': True, 'rev_accel_quarters': 1}","{'rs_3m': 1.9, 'rs_6m': 5.9, 'rs_line_percentile': 44.1, 'rs_line_at_new_high': False, 'rs_line_trend': 'up', 'rs_line_score': 35}","{'roe_pct': 25.7, 'debt_to_equity': 0.34, 'current_ratio': 1.27}","{'days_to_earnings': 'N/A', 'recommendation': 'none', 'analyst_upside_pct': 24.4}",20.9,101963169792,Industrials,Specialty Industrial Machinery,,,False,22.42,-6.8,6,False,-0.8,26.0,26.0,26.0,1.0,none,24.4,,,,,reportado,,,,,,25.87,5.41,2.61,73.8,0.56,1.61,False,,,9,,117.7,Operating Income,117.4,4.0,,,False,False,False,6,NEUTRAL,,54.0,3.3,30.9,,,,2026-09-24T04:51:08.143899,,,,,"acciones × precio no cuadra con la capitalización (ratio 0.6801) y los estados van en SEK mientras cotiza en USD — puede ser un ADR. Los ratios por acción (EPS, FCF/acción, DCF) no son utilizables",
FERG,Ferguson Enterprises Inc.,66.5,,trimestral,⭐⭐ GOOD,🟡 Good,USD,USD,False,True,True,1.0,,85.0,70.0,36.0,65.0,65.0,15.0,8.1,False,down,62.4,True,1,14.8,True,1,"{'eps_growth_yoy': 62.4, 'op_growth_yoy': 32.4, 'crecimiento_respaldado': False, 'crecimiento_puntuado': 57.4, 'positive_quarters': 4, 'earnings_accelerating': True, 'eps_accel_quarters': 1, 'profit_margin_pct': 6.3, 'score_bruto_sin_capar': 105.0, 'satura': True}","{'revenue_growth_yoy': 14.8, 'revenue_accelerating': True, 'rev_accel_quarters': 1}","{'rs_3m': -11.0, 'rs_6m': -18.9, 'rs_line_percentile': 8.1, 'rs_line_at_new_high': False, 'rs_line_trend': 'down', 'rs_line_score': 15}","{'debt_to_equity': 1.11, 'current_ratio': 1.73, 'operating_margin_pct': 10.2}","{'days_to_earnings': 'N/A', 'recommendation': 'buy', 'analyst_upside_pct': 30.0}",221.17,42785939456,Industrials,Industrial Distribution,3.2,1.3,False,271.64,-18.6,1,False,-5.0,287.48,325.0,235.0,21.0,buy,30.0,105.1,-52.5,238.72,7.9,reportado,múltiplo propio,3.0,0.36,True,,3.15,6.97,1.61,33.3,3.56,1.82,True,-1.67,,4,solo 4 de los 9 criterios son calculables con los estados de esta empresa,16.6,Operating Income,16.5,6.9,46.0,2026-11-09,False,True,False,3,,,,2.56,24.9,,,,2026-09-24T04:52:57.306029,,,,,,
AWK,"American Water Works Company, Inc.",66.5,,trimestral,⭐⭐ GOOD,🟡 Good,USD,USD,False,True,True,1.0,"FCF declarado (-1,223,000,000) se aparta del derivado de flujo operativo menos capex (-966,999,872)",95.0,70.0,36.0,55.0,50.0,15.0,23.8,False,flat,9.0,True,2,6.2,True,2,"{'eps_growth_yoy': 9.0, 'op_growth_yoy': 10.8, 'crecimiento_respaldado': True, 'positive_quarters': 4, 'earnings_accelerating': True, 'eps_accel_quarters': 2, 'profit_margin_pct': 21.3, 'score_bruto_sin_capar': 95.0, 'satura': False}","{'revenue_growth_yoy': 6.2, 'revenue_accelerating': True, 'rev_accel_quarters': 2}","{'rs_3m': -1.5, 'rs_6m': -16.5, 'rs_line_percentile': 23.8, 'rs_line_at_new_high': False, 'rs_line_trend': 'flat', 'rs_line_score': 15}","{'roe_pct': 10.1, 'debt_to_equity': 1.38, 'current_ratio': 0.52, 'operating_margin_pct': 40.7}","{'days_to_earnings': 'N/A', 'recommendation': 'hold', 'analyst_upside_pct': 6.3}",133.06,26442878976,Utilities,Utilities - Regulated Water,7.5,5.2,False,145.64,-8.6,5,False,-2.1,141.45,162.0,128.0,11.0,hold,6.3,,,136.57,2.6,reportado,múltiplo propio,4.0,0.37,False,,-3.66,-4.87,2.68,58.5,3.58,2.04,False,,,9,,3.0,Operating Income,3.2,3.4,34.0,2026-10-28,False,True,False,8,STRONG,4.44,6.1,2.36,18.9,1.6,0.08,-17.3,2026-09-24T04:51:19.412948,,"el capex se lleva el 141% del flujo operativo: lo que queda no es lo que gana el dueño, es lo que sobra tras decidir invertir",,,,
RMD,ResMed Inc.,66.3,,trimestral,⭐⭐ GOOD,🟡 Good,USD,USD,False,True,True,1.0,,75.0,60.0,46.7,90.0,60.0,35.0,26.5,False,up,1.0,False,0,8.6,True,1,"{'eps_growth_yoy': 1.0, 'op_growth_yoy': -1.7, 'crecimiento_respaldado': True, 'positive_quarters': 4, 'earnings_accelerating': False, 'eps_accel_quarters': 0, 'profit_margin_pct': 26.9, 'score_bruto_sin_capar': 75.0, 'satura': False}","{'revenue_growth_yoy': 8.6, 'revenue_accelerating': True, 'rev_accel_quarters': 1}","{'rs_3m': 8.6, 'rs_6m': -19.5, 'rs_line_percentile': 26.5, 'rs_line_at_new_high': False, 'rs_line_trend': 'up', 'rs_line_score': 35}","{'roe_pct': 24.3, 'debt_to_equity': 0.13, 'current_ratio': 3.1, 'operating_margin_pct': 30.9}","{'days_to_earnings': 'N/A', 'recommendation': 'buy', 'analyst_upside_pct': 11.4}",222.3,32067287040,Healthcare,Medical Instruments & Supplies,10.4,8.3,True,284.87,-22.0,2,False,1.5,247.56,320.0,175.0,16.0,buy,11.4,262.62,18.1,,,reportado,,,,,,5.08,11.29,1.19,23.0,2.64,0.88,True,-1.4,,9,,,,,1.7,35.0,2026-10-29,False,True,False,7,NEUTRAL,6.07,52.1,7.0,24.5,,,,2026-09-24T04:53:52.582418,,,sin histórico de múltiplo (beneficio negativo o pocos años),,,
BAC,Bank of America Corporation,66.0,,trimestral,⭐⭐ GOOD,🟡 Good,USD,USD,False,True,True,1.0,,95.0,50.0,44.0,65.0,65.0,35.0,36.9,False,down,16.6,True,1,7.2,False,0,"{'eps_growth_yoy': 16.6, 'positive_quarters': 4, 'earnings_accelerating': True, 'eps_accel_quarters': 1, 'profit_margin_pct': 29.5, 'score_bruto_sin_capar': 95.0, 'satura': False}","{'revenue_growth_yoy': 7.2, 'revenue_accelerating': False, 'rev_accel_quarters': 0}","{'rs_3m': -8.1, 'rs_6m': -1.4, 'rs_line_percentile': 36.9, 'rs_line_at_new_high': False, 'rs_line_trend': 'down', 'rs_line_score': 35}","{'roe_pct': 11.2, 'operating_margin_pct': 38.3}","{'days_to_earnings': 'N/A', 'recommendation': 'strong_buy', 'analyst_upside_pct': 22.9}",56.0,391593918464,Financial Services,Banks - Diversified,0.0,0.0,False,65.23,-14.1,5,False,-9.0,68.81,76.0,62.0,21.0,strong_buy,22.9,,,47.71,-14.8,reportado,múltiplo propio,4.0,0.42,False,,3.22,1.8,2.28,25.9,1.28,2.35,True,-4.67,,7,,,,,34.1,20.0,2026-10-14,False,True,True,5,NEUTRAL,,,0.31,24.7,,,,2026-09-24T04:54:15.137846,,"Banks - Diversified: el flujo operativo son depósitos, préstamos o primas, no caja libre para el accionista",,,,
FICO,Fair Isaac Corporation,65.8,,trimestral,⭐⭐ GOOD,🟡 Good,USD,USD,False,True,True,1.0,,95.0,70.0,15.0,65.0,70.0,15.0,0.0,False,down,30.5,False,0,25.7,False,0,"{'eps_growth_yoy': 30.5, 'op_growth_yoy': 38.1, 'crecimiento_respaldado': True, 'positive_quarters': 4, 'earnings_accelerating': False, 'eps_accel_quarters': 0, 'profit_margin_pct': 34.1, 'score_bruto_sin_capar': 95.0, 'satura': False}","{'revenue_growth_yoy': 25.7, 'revenue_accelerating': False, 'rev_accel_quarters': 0}","{'rs_3m': -27.7, 'rs_6m': -29.1, 'rs_line_percentile': 0.0, 'rs_line_at_new_high': False, 'rs_line_trend': 'down', 'rs_line_score': 15}","{'current_ratio': 1.18, 'operating_margin_pct': 53.8}","{'days_to_earnings': 'N/A', 'recommendation': 'buy', 'analyst_upside_pct': 63.1}",879.62,18997712896,Technology,Software - Application,10.0,5.4,True,1998.01,-56.0,0,False,-20.4,1434.89,1750.0,696.0,19.0,buy,63.1,744.97,-15.3,,,reportado,,,,,,5.06,44.51,,,,0.09,True,-7.62,,9,,6.7,Operating Income,6.7,28.8,41.0,2026-11-04,False,True,False,7,NEUTRAL,3.84,996.3,0.4,67.3,,,,2026-09-24T04:48:31.223937,,,múltiplo propio 54x fuera del rango 8-45,,,
ORLY,"O'Reilly Automotive, Inc.",65.7,,trimestral,⭐⭐ GOOD,🟡 Good,USD,USD,False,True,True,1.0,,90.0,70.0,36.0,50.0,65.0,15.0,8.3,False,down,7.0,True,2,8.1,True,2,"{'eps_growth_yoy': 7.0, 'op_growth_yoy': 7.8, 'crecimiento_respaldado': True, 'positive_quarters': 4, 'earnings_accelerating': True, 'eps_accel_quarters': 2, 'profit_margin_pct': 14.3, 'score_bruto_sin_capar': 90.0, 'satura': False}","{'revenue_growth_yoy': 8.1, 'revenue_accelerating': True, 'rev_accel_quarters': 2}","{'rs_3m': -7.0, 'rs_6m': -19.9, 'rs_line_percentile': 8.3, 'rs_line_at_new_high': False, 'rs_line_trend': 'down', 'rs_line_score': 15}","{'current_ratio': 0.75, 'operating_margin_pct': 20.2}","{'days_to_earnings': 'N/A', 'recommendation': 'buy', 'analyst_upside_pct': 25.5}",85.9,69489729536,Consumer Cyclical,Auto Parts,3.3,5.6,False,108.72,-21.0,1,False,-2.8,107.8,120.0,89.0,25.0,buy,25.5,59.93,-30.2,85.69,-0.2,reportado,múltiplo propio,4.0,0.22,False,,3.05,2.62,,,,,True,-3.44,,9,,14.4,Operating Income,14.4,10.3,34.0,2026-10-28,False,True,False,7,NEUTRAL,4.39,40.0,2.28,24.5,,,,2026-09-24T04:49:33.362716,,,,,,
PSA,Public Storage,65.7,,trimestral,⭐⭐ GOOD,🟡 Good,USD,USD,False,True,True,1.0,,85.0,70.0,36.0,60.0,65.0,15.0,5.5,False,down,39.5,False,0,2.6,True,2,"{'eps_growth_yoy': 39.5, 'op_growth_yoy': -3.0, 'crecimiento_respaldado': False, 'crecimiento_puntuado': 25.0, 'positive_quarters': 4, 'earnings_accelerating': False, 'eps_accel_quarters': 0, 'profit_margin_pct': 41.6, 'score_bruto_sin_capar': 95.0, 'satura': False}","{'revenue_growth_yoy': 2.6, 'revenue_accelerating': True, 'rev_accel_quarters': 2}","{'rs_3m': -13.7, 'rs_6m': -8.4, 'rs_line_percentile': 5.5, 'rs_line_at_new_high': False, 'rs_line_trend': 'down', 'rs_line_score': 15}","{'roe_pct': 21.9, 'debt_to_equity': 1.1, 'current_ratio': 0.22, 'operating_margin_pct': 45.7}","{'days_to_earnings': 'N/A', 'recommendation': 'buy', 'analyst_upside_pct': 17.4}",286.73,53576159232,Real Estate,REIT - Industrial,4.2,7.6,False,335.55,-14.5,4,False,-8.0,336.5,374.0,285.0,18.0,buy,17.4,194.65,-32.1,202.08,-29.5,normalizado,múltiplo propio,4.0,0.65,False,,5.38,15.43,4.14,114.5,12.0,3.51,False,0.34,,9,,6.9,Operating Income,7.3,18.0,34.0,2026-10-28,False,True,False,5,NEUTRAL,3.49,1163.1,0.62,22.2,1.6,0.07,-20.6,2026-09-24T04:53:03.965739,,,,tasa fiscal efectiva -0.4% — el beneficio del periodo no es representativo,,
DOL.TO,Dollarama Inc.,65.7,,trimestral,⭐⭐ GOOD,🟡 Good,CAD,CAD,False,True,True,1.0,,80.0,70.0,36.0,70.0,65.0,15.0,15.2,False,down,8.7,True,1,17.6,True,1,"{'eps_growth_yoy': 8.7, 'op_growth_yoy': 5.0, 'crecimiento_respaldado': True, 'positive_quarters': 4, 'earnings_accelerating': True, 'eps_accel_quarters': 1, 'profit_margin_pct': 17.3, 'score_bruto_sin_capar': 80.0, 'satura': False}","{'revenue_growth_yoy': 17.6, 'revenue_accelerating': True, 'rev_accel_quarters': 1}","{'rs_3m': -8.9, 'rs_6m': -11.6, 'rs_line_percentile': 15.2, 'rs_line_at_new_high': False, 'rs_line_trend': 'down', 'rs_line_score': 15}","{'roe_pct': 93.1, 'debt_to_equity': 4.0, 'current_ratio': 1.55, 'operating_margin_pct': 23.1}","{'days_to_earnings': 'N/A', 'recommendation': 'buy', 'analyst_upside_pct': 16.3}",178.4,47877115904,Consumer Defensive,Discount Stores,,3.8,False,209.96,-15.0,1,False,-2.6,207.47,236.0,148.0,17.0,buy,16.3,165.73,-7.1,153.51,-14.0,reportado,múltiplo propio,4.0,0.36,False,,3.59,6.4,0.26,9.1,0.47,0.26,True,-2.42,,9,,7.9,Operating Income,9.1,11.2,77.0,2026-12-10,False,True,False,5,NEUTRAL,3.28,45.6,2.72,30.4,,,,2026-09-24T04:52:30.244982,,,,,,
WTKWY,Wolters Kluwer N.V.,65.5,,anual,⭐⭐ GOOD,🟡 Good,USD,EUR,True,True,True,1.0,,100.0,50.0,42.3,50.0,70.0,15.0,13.1,False,up,21.2,True,2,3.5,False,0,"{'eps_growth_yoy': 21.2, 'op_growth_yoy': 5.4, 'crecimiento_respaldado': True, 'positive_quarters': 4, 'earnings_accelerating': True, 'eps_accel_quarters': 2, 'profit_margin_pct': 21.9, 'score_bruto_sin_capar': 105.0, 'satura': True}","{'revenue_growth_yoy': 3.5, 'revenue_accelerating': False, 'rev_accel_quarters': 0}","{'rs_3m': 17.7, 'rs_6m': -7.0, 'rs_line_percentile': 13.1, 'rs_line_at_new_high': False, 'rs_line_trend': 'up', 'rs_line_score': 15}","{'roe_pct': 146.1, 'debt_to_equity': 5.9, 'current_ratio': 0.69, 'operating_margin_pct': 26.9}","{'days_to_earnings': 'N/A', 'recommendation': 'strong_buy', 'analyst_upside_pct': 41.2}",76.9,17105609728,Industrials,Specialty Business Services,,,False,137.56,-44.1,0,False,-1.0,108.6,108.6,108.6,1.0,strong_buy,41.2,154.54,101.0,189.75,146.7,reportado,múltiplo propio,4.0,0.59,False,,9.48,7.29,3.91,43.1,3.01,1.89,,,,9,,,,,4.5,,,False,False,False,7,NEUTRAL,7.95,639.0,1.2,39.3,,,,2026-09-24T04:46:07.376315,,,,,,
DVA,DaVita Inc.,65.5,,trimestral,⭐⭐ GOOD,🟡 Good,USD,USD,False,True,True,1.0,,85.0,60.0,47.6,60.0,65.0,35.0,48.4,False,down,33.1,True,1,5.2,True,1,"{'eps_growth_yoy': 33.1, 'op_growth_yoy': 7.6, 'crecimiento_respaldado': False, 'crecimiento_puntuado': 32.6, 'positive_quarters': 4, 'earnings_accelerating': True, 'eps_accel_quarters': 1, 'profit_margin_pct': 6.0, 'score_bruto_sin_capar': 95.0, 'satura': False}","{'revenue_growth_yoy': 5.2, 'revenue_accelerating': True, 'rev_accel_quarters': 1}","{'rs_3m': -18.9, 'rs_6m': 2.0, 'rs_line_percentile': 48.4, 'rs_line_at_new_high': False, 'rs_line_trend': 'down', 'rs_line_score': 35}","{'roe_pct': 88.5, 'debt_to_equity': 12.42, 'current_ratio': 1.47, 'operating_margin_pct': 16.1}","{'days_to_earnings': 'N/A', 'recommendation': 'buy', 'analyst_upside_pct': 20.0}",183.14,11684331520,Healthcare,Medical Care Facilities,14.4,4.7,True,247.49,-26.0,4,False,-7.7,219.86,270.0,165.0,7.0,buy,20.0,503.17,174.7,157.05,-14.2,reportado,múltiplo propio,4.0,0.19,False,,13.84,25.35,,,,,True,-14.57,,9,,3.5,Operating Income,3.5,39.1,34.0,2026-10-28,False,True,False,6,NEUTRAL,7.66,32.8,0.19,31.6,0.8,0.02,-30.8,2026-09-24T04:54:26.528063,,,,,,
ISRG,"Intuitive Surgical, Inc.",65.5,,trimestral,⭐⭐ GOOD,🟡 Good,USD,USD,False,True,True,1.0,,85.0,70.0,24.0,75.0,65.0,15.0,16.3,False,up,24.3,False,0,18.5,True,1,"{'eps_growth_yoy': 24.3, 'op_growth_yoy': 30.7, 'crecimiento_respaldado': True, 'positive_quarters': 4, 'earnings_accelerating': False, 'eps_accel_quarters': 0, 'profit_margin_pct': 28.4, 'score_bruto_sin_capar': 85.0, 'satura': False}","{'revenue_growth_yoy': 18.5, 'revenue_accelerating': True, 'rev_accel_quarters': 1}","{'rs_3m': -5.7, 'rs_6m': -33.1, 'rs_line_percentile': 16.3, 'rs_line_at_new_high': False, 'rs_line_trend': 'up', 'rs_line_score': 15}","{'roe_pct': 17.4, 'current_ratio': 4.96, 'operating_margin_pct': 33.6}","{'days_to_earnings': 'N/A', 'recommendation': 'buy', 'analyst_upside_pct': 19.6}",398.3,142702149632,Healthcare,Medical Instruments & Supplies,2.2,3.0,False,603.88,-34.0,1,False,6.7,476.34,685.0,324.0,29.0,buy,19.6,141.61,-64.4,,,reportado,,,,,,2.22,8.84,,,,,True,-1.87,,6,solo 6 de los 9 criterios son calculables con los estados de esta empresa,,,,26.5,26.0,2026-10-20,False,True,False,4,,2.17,22.5,1.24,27.8,0.8,0.03,-27.0,2026-09-24T04:52:01.464459,,,sin histórico de múltiplo (beneficio negativo o pocos años),,,
CSU.TO,Constellation Software Inc.,65.5,,trimestral,⭐⭐ GOOD,🟡 Good,CAD,USD,True,True,True,1.0,"FCF declarado (2,771,000,000) se aparta del derivado de flujo operativo menos capex (3,945,600,033)",85.0,70.0,36.0,55.0,70.0,15.0,11.7,False,down,389.3,False,0,17.3,True,1,"{'eps_growth_yoy': 389.3, 'op_growth_yoy': 8.9, 'crecimiento_respaldado': False, 'crecimiento_puntuado': 33.9, 'positive_quarters': 4, 'earnings_accelerating': False, 'eps_accel_quarters': 0, 'profit_margin_pct': 7.6, 'score_bruto_sin_capar': 85.0, 'satura': False}","{'revenue_growth_yoy': 17.3, 'revenue_accelerating': True, 'rev_accel_quarters': 1}","{'rs_3m': -5.0, 'rs_6m': -3.2, 'rs_line_percentile': 11.7, 'rs_line_at_new_high': False, 'rs_line_trend': 'down', 'rs_line_score': 15}","{'roe_pct': 23.3, 'debt_to_equity': 1.2, 'current_ratio': 0.9, 'operating_margin_pct': 15.1}","{'days_to_earnings': 'N/A', 'recommendation': 'strong_buy', 'analyst_upside_pct': 44.1}",2785.32,59025195008,Technology,Software - Application,,4.7,False,4150.66,-32.9,1,False,-5.9,4013.54,5572.23,3343.57,12.0,strong_buy,44.1,,,,,reportado,,,,,,6.68,186.06,0.2,8.8,5.6,0.18,False,,,9,,8.4,Operating Income,6.2,389.3,43.0,2026-11-06,False,True,False,6,NEUTRAL,3.36,337.8,0.04,34.5,,,,2026-09-24T04:47:19.757857,,,,,,
ECL,Ecolab Inc.,65.5,,trimestral,⭐⭐ GOOD,🟡 Good,USD,USD,False,True,True,1.0,,80.0,60.0,44.0,75.0,65.0,35.0,25.4,False,flat,2.0,True,1,9.7,True,1,"{'eps_growth_yoy': 2.0, 'op_growth_yoy': 9.5, 'crecimiento_respaldado': True, 'positive_quarters': 4, 'earnings_accelerating': True, 'eps_accel_quarters': 1, 'profit_margin_pct': 12.6, 'score_bruto_sin_capar': 80.0, 'satura': False}","{'revenue_growth_yoy': 9.7, 'revenue_accelerating': True, 'rev_accel_quarters': 1}","{'rs_3m': -4.4, 'rs_6m': -12.3, 'rs_line_percentile': 25.4, 'rs_line_at_new_high': False, 'rs_line_trend': 'flat', 'rs_line_score': 35}","{'roe_pct': 22.0, 'debt_to_equity': 1.38, 'current_ratio': 1.84, 'operating_margin_pct': 18.5}","{'days_to_earnings': 'N/A', 'recommendation': 'buy', 'analyst_upside_pct': 17.4}",276.72,77572530176,Basic Materials,Specialty Chemicals,1.9,3.3,False,309.27,-10.5,4,False,-0.1,324.95,360.0,295.0,21.0,buy,17.4,131.74,-52.4,276.18,-0.2,reportado,múltiplo propio,4.0,0.25,False,,2.59,7.17,1.06,38.1,2.92,1.06,True,-1.12,,9,,9.4,Operating Income,9.1,3.3,33.0,2026-10-27,False,True,False,6,NEUTRAL,3.35,52.9,8.91,17.8,1.6,0.09,-16.2,2026-09-24T04:48:45.850792,,,,,,
BRO,"Brown & Brown, Inc.",65.5,,trimestral,⭐⭐ GOOD,🟡 Good,USD,USD,False,True,True,1.0,,80.0,80.0,24.0,75.0,55.0,15.0,9.6,False,down,24.7,False,0,32.4,False,0,"{'eps_growth_yoy': 24.7, 'op_growth_yoy': 23.7, 'crecimiento_respaldado': True, 'positive_quarters': 4, 'earnings_accelerating': False, 'eps_accel_quarters': 0, 'profit_margin_pct': 18.1, 'score_bruto_sin_capar': 80.0, 'satura': False}","{'revenue_growth_yoy': 32.4, 'revenue_accelerating': False, 'rev_accel_quarters': 0}","{'rs_3m': -4.8, 'rs_6m': -24.2, 'rs_line_percentile': 9.6, 'rs_line_at_new_high': False, 'rs_line_trend': 'down', 'rs_line_score': 15}","{'roe_pct': 10.0, 'debt_to_equity': 0.64, 'current_ratio': 1.13, 'operating_margin_pct': 41.8}","{'days_to_earnings': 'N/A', 'recommendation': 'hold', 'analyst_upside_pct': 24.0}",61.7,20645459968,Financial Services,Insurance Brokers,5.5,7.6,False,96.55,-36.1,1,False,-11.4,76.5,90.0,60.0,16.0,hold,24.0,,,71.81,16.4,reportado,múltiplo propio,4.0,0.27,False,,7.03,4.34,1.06,20.6,0.66,0.65,False,13.99,,9,,4.0,Operating Income,4.7,2.8,32.0,2026-10-26,False,True,False,4,NEUTRAL,5.4,157.1,1.8,30.8,,,,2026-09-24T04:49:26.360698,,"Insurance Brokers: el flujo operativo son depósitos, préstamos o primas, no caja libre para el accionista",,,,
ITW,Illinois Tool Works Inc.,65.5,,trimestral,⭐⭐ GOOD,🟡 Good,USD,USD,False,True,True,1.0,,90.0,60.0,44.0,65.0,50.0,35.0,28.5,False,flat,7.9,True,2,6.1,True,1,"{'eps_growth_yoy': 7.9, 'op_growth_yoy': 7.4, 'crecimiento_respaldado': True, 'positive_quarters': 4, 'earnings_accelerating': True, 'eps_accel_quarters': 2, 'profit_margin_pct': 19.4, 'score_bruto_sin_capar': 90.0, 'satura': False}","{'revenue_growth_yoy': 6.1, 'revenue_accelerating': True, 'rev_accel_quarters': 1}","{'rs_3m': -0.5, 'rs_6m': -13.0, 'rs_line_percentile': 28.5, 'rs_line_at_new_high': False, 'rs_line_trend': 'flat', 'rs_line_score': 35}","{'roe_pct': 104.6, 'debt_to_equity': 3.35, 'current_ratio': 1.11, 'operating_margin_pct': 26.9}","{'days_to_earnings': 'N/A', 'recommendation': 'hold', 'analyst_upside_pct': 10.6}",273.42,77870022656,Industrials,Specialty Industrial Machinery,3.1,8.8,False,303.16,-9.8,5,False,-2.3,302.5,350.0,249.0,14.0,hold,10.6,158.12,-42.2,245.81,-10.1,reportado,múltiplo propio,4.0,0.21,False,,3.74,10.23,2.54,58.3,6.88,2.26,True,-2.01,,9,,14.5,Operating Income,14.6,4.0,29.0,2026-10-23,False,True,False,5,NEUTRAL,4.86,117.2,2.18,17.3,,,,2026-09-24T04:50:06.570285,,,,,,
DBOEY,Deutsche Börse AG,65.1,,trimestral,⭐⭐ GOOD,🟡 Good,USD,EUR,True,True,True,1.0,,75.0,50.0,60.3,80.0,60.0,60.0,71.1,False,up,8.4,False,0,7.8,False,0,"{'eps_growth_yoy': 8.4, 'op_growth_yoy': 8.2, 'crecimiento_respaldado': True, 'positive_quarters': 4, 'earnings_accelerating': False, 'eps_accel_quarters': 0, 'profit_margin_pct': 27.3, 'score_bruto_sin_capar': 75.0, 'satura': False}","{'revenue_growth_yoy': 7.8, 'revenue_accelerating': False, 'rev_accel_quarters': 0}","{'rs_3m': 10.8, 'rs_6m': -0.7, 'rs_line_percentile': 71.1, 'rs_line_at_new_high': False, 'rs_line_trend': 'up', 'rs_line_score': 60}","{'roe_pct': 20.4, 'debt_to_equity': 0.58, 'current_ratio': 1.01, 'operating_margin_pct': 41.9}","{'days_to_earnings': 'N/A', 'recommendation': 'strong_buy', 'analyst_upside_pct': 7.3}",32.08,57836281856,Financial Services,Financial Data & Stock Exchanges,,,False,33.91,-5.4,8,True,1.9,34.44,34.44,34.44,1.0,strong_buy,7.3,40.66,26.7,27.9,-13.0,reportado,múltiplo propio,4.0,0.2,False,,5.18,1.66,1.52,36.0,0.49,1.9,,,,9,,,,,6.9,26.0,2026-10-20,False,True,False,5,NEUTRAL,4.76,65.3,1.51,20.1,,,,2026-09-24T04:49:08.553052,,,,,,
FDS,FactSet Research Systems Inc.,65.0,,trimestral,⭐⭐ GOOD,🟡 Good,USD,USD,False,True,True,1.0,,65.0,60.0,75.0,70.0,50.0,60.0,56.3,False,up,-14.7,True,1,6.4,True,1,"{'eps_growth_yoy': -14.7, 'op_growth_yoy': -14.3, 'crecimiento_respaldado': True, 'positive_quarters': 4, 'earnings_accelerating': True, 'eps_accel_quarters': 1, 'profit_margin_pct': 23.2, 'score_bruto_sin_capar': 65.0, 'satura': False}","{'revenue_growth_yoy': 6.4, 'revenue_accelerating': True, 'rev_accel_quarters': 1}","{'rs_3m': 24.8, 'rs_6m': 25.3, 'rs_line_percentile': 56.3, 'rs_line_at_new_high': False, 'rs_line_trend': 'up', 'rs_line_score': 60}","{'roe_pct': 27.0, 'debt_to_equity': 0.77, 'current_ratio': 0.68, 'operating_margin_pct': 30.5}","{'days_to_earnings': 'N/A', 'recommendation': 'hold', 'analyst_upside_pct': -3.4}",279.43,9938079744,Financial Services,Financial Data & Stock Exchanges,14.5,5.6,True,320.48,-12.8,6,False,0.2,270.0,340.0,210.0,16.0,hold,-3.4,470.93,68.5,494.92,77.1,reportado,múltiplo propio,4.0,0.52,False,,7.25,20.26,1.68,29.4,4.64,1.04,True,-6.16,,9,,13.6,Operating Income,14.1,-3.8,6.0,2026-09-30,True,True,False,6,NEUTRAL,6.68,180.1,,45.7,0.2,0.0,-45.5,2026-09-24T04:50:46.476840,,,,,,True
TW,Tradeweb Markets Inc.,65.0,,trimestral,⭐⭐ GOOD,🟡 Good,USD,USD,False,True,True,0.5279,acciones × precio no cuadra (ratio 0.5279) pero la divisa sí: son clases múltiples. Se usan 216 M de acciones efectivas (capitalización ÷ precio) en vez de las 114 M declaradas,95.0,50.0,24.0,85.0,65.0,15.0,8.8,False,flat,17.9,True,1,9.0,False,0,"{'eps_growth_yoy': 17.9, 'op_growth_yoy': 22.7, 'crecimiento_respaldado': True, 'positive_quarters': 4, 'earnings_accelerating': True, 'eps_accel_quarters': 1, 'profit_margin_pct': 40.7, 'score_bruto_sin_capar': 95.0, 'satura': False}","{'revenue_growth_yoy': 9.0, 'revenue_accelerating': False, 'rev_accel_quarters': 0}","{'rs_3m': -0.3, 'rs_6m': -36.0, 'rs_line_percentile': 8.8, 'rs_line_at_new_high': False, 'rs_line_trend': 'flat', 'rs_line_score': 15}","{'roe_pct': 14.5, 'debt_to_equity': 0.02, 'current_ratio': 6.79, 'operating_margin_pct': 43.8}","{'days_to_earnings': 'N/A', 'recommendation': 'buy', 'analyst_upside_pct': 23.4}",100.23,21652512768,Financial Services,Capital Markets,3.4,2.9,False,127.69,-21.5,2,False,-3.0,123.64,178.0,98.0,14.0,buy,23.4,,,,,reportado,,,,,,5.05,5.06,0.56,12.4,0.56,0.4,True,-1.01,,9,,474.0,Operating Income,633.6,13.8,35.0,2026-10-29,False,True,False,8,STRONG,4.24,41.0,1.11,27.7,,,,2026-09-24T04:48:05.186388,216028263.0,"Capital Markets: el flujo operativo son depósitos, préstamos o primas, no caja libre para el accionista",múltiplo propio 48x fuera del rango 8-45,,,
UBER,"Uber Technologies, Inc.",64.5,,trimestral,⭐⭐ GOOD,🟡 Good,USD,USD,False,True,True,1.0,,85.0,70.0,24.0,65.0,70.0,15.0,2.6,False,down,76.7,True,2,12.2,True,1,"{'eps_growth_yoy': 76.7, 'op_growth_yoy': 30.3, 'crecimiento_respaldado': False, 'crecimiento_puntuado': 55.3, 'positive_quarters': 4, 'earnings_accelerating': True, 'eps_accel_quarters': 2, 'profit_margin_pct': 17.3, 'score_bruto_sin_capar': 120.0, 'satura': True}","{'revenue_growth_yoy': 12.2, 'revenue_accelerating': True, 'rev_accel_quarters': 1}","{'rs_3m': -8.7, 'rs_6m': -22.5, 'rs_line_percentile': 2.6, 'rs_line_at_new_high': False, 'rs_line_trend': 'down', 'rs_line_score': 15}","{'roe_pct': 37.2, 'debt_to_equity': 0.52, 'current_ratio': 0.84, 'operating_margin_pct': 13.3}","{'days_to_earnings': 'N/A', 'recommendation': 'buy', 'analyst_upside_pct': 45.2}",69.42,141794525184,Technology,Software - Application,2.3,2.4,False,101.295,-31.5,0,False,-5.5,100.77,150.0,70.0,47.0,buy,45.2,94.95,36.8,,,normalizado,,,,,,7.11,4.94,,,,,True,-3.55,,9,,14.5,Operating Income,15.5,85.5,40.0,2026-11-03,False,True,False,6,NEUTRAL,3.66,118.8,0.18,27.9,,,,2026-09-24T04:55:23.723443,,,los P/E históricos se separan 3.2x la mediana: el ancla la decidiría un año suelto,tasa fiscal efectiva -45.7% — el beneficio del periodo no es representativo,,
ADP,"Automatic Data Processing, Inc.",64.5,,trimestral,⭐⭐ GOOD,🟡 Good,USD,USD,False,True,True,1.0,,75.0,50.0,58.7,85.0,50.0,35.0,44.0,False,up,7.5,False,0,6.8,False,0,"{'eps_growth_yoy': 7.5, 'op_growth_yoy': 4.3, 'crecimiento_respaldado': True, 'positive_quarters': 4, 'earnings_accelerating': False, 'eps_accel_quarters': 0, 'profit_margin_pct': 20.1, 'score_bruto_sin_capar': 75.0, 'satura': False}","{'revenue_growth_yoy': 6.8, 'revenue_accelerating': False, 'rev_accel_quarters': 0}","{'rs_3m': 15.9, 'rs_6m': 13.0, 'rs_line_percentile': 44.0, 'rs_line_at_new_high': False, 'rs_line_trend': 'up', 'rs_line_score': 35}","{'roe_pct': 72.2, 'debt_to_equity': 0.91, 'current_ratio': 1.05, 'operating_margin_pct': 23.5}","{'days_to_earnings': 'N/A', 'recommendation': 'hold', 'analyst_upside_pct': 9.1}",263.68,104750235648,Technology,Software - Application,3.0,5.0,False,294.35,-10.4,5,False,-1.5,287.6,322.0,225.0,15.0,hold,9.1,245.66,-6.8,266.0,0.9,reportado,múltiplo propio,3.0,0.2,True,,4.56,12.02,2.52,60.7,6.8,2.04,True,-1.96,,9,,12.6,Operating Income,13.5,3.9,34.0,2026-10-28,False,True,False,6,NEUTRAL,5.45,162.1,2.01,22.6,,,,2026-09-24T04:46:33.114499,,,,,,
SPGI,S&P Global Inc.,64.5,,trimestral,⭐⭐ GOOD,🟡 Good,USD,USD,False,True,True,1.0,,85.0,60.0,38.7,65.0,65.0,15.0,8.5,False,down,13.5,False,0,10.4,False,0,"{'eps_growth_yoy': 13.5, 'op_growth_yoy': 17.2, 'crecimiento_respaldado': True, 'positive_quarters': 4, 'earnings_accelerating': False, 'eps_accel_quarters': 0, 'profit_margin_pct': 30.5, 'score_bruto_sin_capar': 85.0, 'satura': False}","{'revenue_growth_yoy': 10.4, 'revenue_accelerating': False, 'rev_accel_quarters': 0}","{'rs_3m': 2.2, 'rs_6m': -12.5, 'rs_line_percentile': 8.5, 'rs_line_at_new_high': False, 'rs_line_trend': 'down', 'rs_line_score': 15}","{'roe_pct': 14.3, 'debt_to_equity': 0.43, 'current_ratio': 0.95, 'operating_margin_pct': 44.8}","{'days_to_earnings': 'N/A', 'recommendation': 'strong_buy', 'analyst_upside_pct': 28.0}",406.5,119836196864,Financial Services,Financial Data & Stock Exchanges,2.4,3.9,False,522.46924,-22.2,1,False,-4.0,520.3,553.0,485.0,20.0,strong_buy,28.0,350.76,-13.7,555.88,36.7,reportado,múltiplo propio,3.0,0.22,True,2023-12-31,4.62,18.78,0.96,23.5,3.88,0.82,True,-3.46,,9,,21.2,Operating Income,22.7,17.7,35.0,2026-10-29,False,True,False,7,NEUTRAL,4.52,893.9,1.14,27.9,0.8,0.03,-27.1,2026-09-24T04:46:44.395274,,,,,,
CLPBY,Coloplast A/S,64.3,,trimestral,⭐⭐ GOOD,🟡 Good,USD,DKK,True,True,False,0.9201,"acciones × precio no cuadra con la capitalización (ratio 0.9201) y los estados van en DKK mientras cotiza en USD — puede ser un ADR. Los ratios por acción (EPS, FCF/acción, DCF) no son utilizables | FCF declarado (5,463,000,000) se aparta del derivado de flujo operativo menos capex (-177,351,591)",85.0,60.0,26.7,80.0,65.0,15.0,10.8,False,up,60.3,True,1,6.1,True,1,"{'eps_growth_yoy': 60.3, 'op_growth_yoy': 2.0, 'crecimiento_respaldado': False, 'crecimiento_puntuado': 27.0, 'positive_quarters': 3, 'earnings_accelerating': True, 'eps_accel_quarters': 1, 'profit_margin_pct': 9.7, 'score_bruto_sin_capar': 88.0, 'satura': False}","{'revenue_growth_yoy': 6.1, 'revenue_accelerating': True, 'rev_accel_quarters': 1}","{'rs_3m': 6.1, 'rs_6m': -20.2, 'rs_line_percentile': 10.8, 'rs_line_at_new_high': False, 'rs_line_trend': 'up', 'rs_line_score': 15}","{'roe_pct': 18.5, 'debt_to_equity': 1.78, 'current_ratio': 1.56, 'operating_margin_pct': 26.2}","{'days_to_earnings': 'N/A', 'recommendation': 'buy', 'analyst_upside_pct': 29.8}",6.42,14468634624,Healthcare,Medical Instruments & Supplies,,,False,9.7,-33.8,0,False,-4.3,8.33,12.2,6.7,4.0,buy,29.8,,,,,reportado,,,,,,-1.23,-0.08,5.57,187.0,0.36,2.72,False,,,9,,7.2,Operating Income,4.6,32.7,,,False,False,False,7,NEUTRAL,19.46,107.0,0.19,29.5,,,,2026-09-24T04:48:42.160381,,"el capex se lleva el 115% del flujo operativo: lo que queda no es lo que gana el dueño, es lo que sobra tras decidir invertir",,,"acciones × precio no cuadra con la capitalización (ratio 0.9201) y los estados van en DKK mientras cotiza en USD — puede ser un ADR. Los ratios por acción (EPS, FCF/acción, DCF) no son utilizables; FCF declarado (5,463,000,000) se aparta del derivado de flujo operativo menos capex (-177,351,591)",
RSG,"Republic Services, Inc.",64.2,,trimestral,⭐⭐ GOOD,🟡 Good,USD,USD,False,True,True,1.0,,80.0,70.0,36.0,60.0,65.0,15.0,14.3,False,down,2.9,True,1,4.6,True,2,"{'eps_growth_yoy': 2.9, 'op_growth_yoy': 4.0, 'crecimiento_respaldado': True, 'positive_quarters': 4, 'earnings_accelerating': True, 'eps_accel_quarters': 1, 'profit_margin_pct': 12.9, 'score_bruto_sin_capar': 80.0, 'satura': False}","{'revenue_growth_yoy': 4.6, 'revenue_accelerating': True, 'rev_accel_quarters': 2}","{'rs_3m': -4.8, 'rs_6m': -17.9, 'rs_line_percentile': 14.3, 'rs_line_at_new_high': False, 'rs_line_trend': 'down', 'rs_line_score': 15}","{'roe_pct': 18.2, 'debt_to_equity': 1.19, 'current_ratio': 0.64, 'operating_margin_pct': 20.4}","{'days_to_earnings': 'N/A', 'recommendation': 'buy', 'analyst_upside_pct': 15.4}",213.1,65253990400,Industrials,Waste Management,2.2,3.0,False,233.42,-8.7,4,False,-2.3,245.92,272.0,208.0,24.0,buy,15.4,197.44,-7.3,210.07,-1.4,reportado,múltiplo propio,4.0,0.14,False,,4.07,8.67,1.25,35.4,2.68,1.21,True,-1.85,,9,,5.7,Operating Income,5.3,3.6,35.0,2026-10-29,False,True,False,6,NEUTRAL,4.18,25.9,5.18,16.0,,,,2026-09-24T04:47:05.472069,,,,,,
BR,"Broadridge Financial Solutions, Inc.",64.0,,trimestral,⭐⭐ GOOD,🟡 Good,USD,USD,False,True,True,1.0,,80.0,50.0,42.3,80.0,70.0,15.0,17.9,False,up,6.4,True,1,7.5,False,0,"{'eps_growth_yoy': 6.4, 'op_growth_yoy': 9.5, 'crecimiento_respaldado': True, 'positive_quarters': 4, 'earnings_accelerating': True, 'eps_accel_quarters': 1, 'profit_margin_pct': 15.0, 'score_bruto_sin_capar': 80.0, 'satura': False}","{'revenue_growth_yoy': 7.5, 'revenue_accelerating': False, 'rev_accel_quarters': 0}","{'rs_3m': 12.6, 'rs_6m': -16.9, 'rs_line_percentile': 17.9, 'rs_line_at_new_high': False, 'rs_line_trend': 'up', 'rs_line_score': 15}","{'roe_pct': 40.9, 'debt_to_equity': 1.24, 'current_ratio': 1.24, 'operating_margin_pct': 24.6}","{'days_to_earnings': 'N/A', 'recommendation': 'buy', 'analyst_upside_pct': 30.5}",163.45,18636863488,Technology,Information Technology Services,2.9,2.2,False,239.6,-31.8,0,False,-1.2,213.38,250.0,176.0,8.0,buy,30.5,209.46,28.1,297.13,81.8,reportado,múltiplo propio,4.0,0.62,False,,6.62,10.82,2.67,40.6,4.36,1.69,True,-2.28,,9,,11.6,Operating Income,13.9,5.9,40.0,2026-11-03,False,True,False,8,STRONG,5.98,176.7,1.68,26.1,0.8,0.03,-25.3,2026-09-24T04:47:16.169674,,,,,,
QSR,Restaurant Brands International Inc.,64.0,,trimestral,⭐⭐ GOOD,🟡 Good,USD,USD,False,True,True,0.7613,acciones × precio no cuadra (ratio 0.7613) pero la divisa sí: son clases múltiples. Se usan 458 M de acciones efectivas (capitalización ÷ precio) en vez de las 349 M declaradas,85.0,60.0,36.0,65.0,65.0,15.0,1.4,False,down,166.8,True,2,4.6,True,1,"{'eps_growth_yoy': 166.8, 'op_growth_yoy': 8.4, 'crecimiento_respaldado': False, 'crecimiento_puntuado': 33.4, 'positive_quarters': 4, 'earnings_accelerating': True, 'eps_accel_quarters': 2, 'profit_margin_pct': 13.1, 'score_bruto_sin_capar': 110.0, 'satura': True}","{'revenue_growth_yoy': 4.6, 'revenue_accelerating': True, 'rev_accel_quarters': 1}","{'rs_3m': -5.5, 'rs_6m': -18.7, 'rs_line_percentile': 1.4, 'rs_line_at_new_high': False, 'rs_line_trend': 'down', 'rs_line_score': 15}","{'roe_pct': 34.8, 'debt_to_equity': 2.9, 'current_ratio': 1.01, 'operating_margin_pct': 27.7}","{'days_to_earnings': 'N/A', 'recommendation': 'buy', 'analyst_upside_pct': 20.1}",71.66,32828233728,Consumer Cyclical,Restaurants,6.3,7.9,False,81.96,-12.6,4,False,-4.8,86.04,104.0,79.0,25.0,buy,20.1,54.63,-23.8,107.38,49.8,reportado,múltiplo propio,4.0,0.49,False,,4.85,3.48,3.62,63.8,2.6,3.41,False,0.66,,9,,5.2,Operating Income,5.2,151.2,35.0,2026-10-29,False,True,False,6,NEUTRAL,6.07,58.5,0.11,25.3,1.6,0.06,-23.7,2026-09-24T04:55:19.747453,458110993.0,,,,,
VRSN,"VeriSign, Inc.",63.8,,trimestral,⭐⭐ GOOD,🟡 Good,USD,USD,False,True,True,1.0,,75.0,60.0,63.9,50.0,60.0,60.0,59.5,False,up,4.4,False,0,6.0,True,1,"{'eps_growth_yoy': 4.4, 'op_growth_yoy': 5.6, 'crecimiento_respaldado': True, 'positive_quarters': 4, 'earnings_accelerating': False, 'eps_accel_quarters': 0, 'profit_margin_pct': 49.8, 'score_bruto_sin_capar': 75.0, 'satura': False}","{'revenue_growth_yoy': 6.0, 'revenue_accelerating': True, 'rev_accel_quarters': 1}","{'rs_3m': 11.9, 'rs_6m': 4.8, 'rs_line_percentile': 59.5, 'rs_line_at_new_high': False, 'rs_line_trend': 'up', 'rs_line_score': 60}","{'current_ratio': 0.59, 'operating_margin_pct': 68.2}","{'days_to_earnings': 'N/A', 'recommendation': 'buy', 'analyst_upside_pct': 10.6}",293.28,26512510976,Technology,Software - Infrastructure,1.8,2.2,False,312.48,-6.1,7,True,2.5,324.4,355.0,285.0,5.0,buy,10.6,259.99,-11.4,243.84,-16.9,reportado,múltiplo propio,4.0,0.26,False,,4.07,11.94,1.08,34.3,3.24,,True,-3.09,,9,,15.3,Operating Income,15.5,5.4,28.0,2026-10-22,False,True,False,8,STRONG,4.03,501.6,3.44,28.3,,,,2026-09-24T04:47:12.711189,,,,,,
HD,"The Home Depot, Inc.",63.3,,trimestral,⭐⭐ GOOD,🟡 Good,USD,USD,False,True,True,1.0,,85.0,70.0,24.0,60.0,65.0,15.0,1.0,False,down,4.7,True,2,5.7,True,2,"{'eps_growth_yoy': 4.7, 'op_growth_yoy': 4.3, 'crecimiento_respaldado': True, 'positive_quarters': 4, 'earnings_accelerating': True, 'eps_accel_quarters': 2, 'profit_margin_pct': 8.4, 'score_bruto_sin_capar': 85.0, 'satura': False}","{'revenue_growth_yoy': 5.7, 'revenue_accelerating': True, 'rev_accel_quarters': 2}","{'rs_3m': -17.6, 'rs_6m': -26.5, 'rs_line_percentile': 1.0, 'rs_line_at_new_high': False, 'rs_line_trend': 'down', 'rs_line_score': 15}","{'roe_pct': 104.3, 'debt_to_equity': 3.8, 'current_ratio': 1.08, 'operating_margin_pct': 12.9}","{'days_to_earnings': 'N/A', 'recommendation': 'buy', 'analyst_upside_pct': 27.1}",296.72,296034467840,Consumer Cyclical,Home Improvement Retail,1.0,2.4,False,411.41,-27.9,0,False,-9.6,377.19,425.0,310.0,32.0,buy,27.1,212.1,-28.5,339.91,14.6,reportado,múltiplo propio,4.0,0.37,False,,5.1,15.13,3.05,64.8,9.32,2.41,False,0.2,,9,,8.7,Operating Income,8.8,4.6,54.0,2026-11-17,False,True,False,5,NEUTRAL,5.85,53.3,4.03,16.7,0.4,0.02,-16.3,2026-09-24T04:53:07.388282,,,,,,
SBGSY,Schneider Electric S.E.,63.3,,anual,⭐⭐ GOOD,🟡 Good,USD,EUR,True,True,True,1.0,,70.0,50.0,60.3,75.0,65.0,60.0,57.1,False,up,1.4,False,0,5.2,False,0,"{'eps_growth_yoy': 1.4, 'op_growth_yoy': 6.7, 'crecimiento_respaldado': True, 'positive_quarters': 4, 'earnings_accelerating': False, 'eps_accel_quarters': 0, 'profit_margin_pct': 11.3, 'score_bruto_sin_capar': 70.0, 'satura': False}","{'revenue_growth_yoy': 5.2, 'revenue_accelerating': False, 'rev_accel_quarters': 0}","{'rs_3m': 0.2, 'rs_6m': 3.0, 'rs_line_percentile': 57.1, 'rs_line_at_new_high': False, 'rs_line_trend': 'up', 'rs_line_score': 60}","{'roe_pct': 18.6, 'debt_to_equity': 0.84, 'current_ratio': 1.09, 'operating_margin_pct': 18.2}","{'days_to_earnings': 'N/A', 'recommendation': 'strong_buy', 'analyst_upside_pct': 19.5}",66.52,187353972736,Industrials,Specialty Industrial Machinery,,,False,71.98,-7.6,7,True,0.5,79.47,84.0,76.0,3.0,strong_buy,19.5,37.46,-43.7,56.06,-15.7,reportado,múltiplo propio,4.0,0.52,False,,3.58,2.38,1.45,49.7,0.98,1.78,,,,9,,,,,29.3,154.0,2027-02-25,False,True,False,6,NEUTRAL,3.44,77.8,0.79,36.1,,,,2026-09-24T04:50:36.026468,,,,,,
NOW,"ServiceNow, Inc.",63.3,,trimestral,⭐⭐ GOOD,🟡 Good,USD,USD,False,True,True,1.0,,50.0,90.0,61.4,50.0,60.0,35.0,38.8,False,up,-22.6,False,0,24.0,True,2,"{'eps_growth_yoy': -22.6, 'op_growth_yoy': -54.7, 'crecimiento_respaldado': True, 'positive_quarters': 4, 'earnings_accelerating': False, 'eps_accel_quarters': 0, 'profit_margin_pct': 11.3, 'score_bruto_sin_capar': 50.0, 'satura': False}","{'revenue_growth_yoy': 24.0, 'revenue_accelerating': True, 'rev_accel_quarters': 2}","{'rs_3m': 52.4, 'rs_6m': 19.1, 'rs_line_percentile': 38.8, 'rs_line_at_new_high': False, 'rs_line_trend': 'up', 'rs_line_score': 35}","{'roe_pct': 14.2, 'debt_to_equity': 0.68, 'current_ratio': 0.7, 'operating_margin_pct': 4.1}","{'days_to_earnings': 'N/A', 'recommendation': 'strong_buy', 'analyst_upside_pct': 3.0}",140.78,145547100160,Technology,Software - Application,2.9,1.6,False,194.726,-27.7,4,False,13.1,144.99,248.0,72.0,46.0,strong_buy,3.0,93.09,-33.9,,,reportado,,,,,,3.02,4.25,,,,,True,-1.05,,9,,20.2,Operating Income,29.3,-21.9,34.0,2026-10-28,False,True,False,4,NEUTRAL,1.22,58.4,,62.3,0.2,0.0,-62.1,2026-09-24T04:49:44.393674,,,los P/E históricos se separan 1.7x la mediana: el ancla la decidiría un año suelto,,,
WCN,"Waste Connections, Inc.",63.2,,trimestral,⭐⭐ GOOD,🟡 Good,USD,USD,False,True,True,1.0,,80.0,70.0,36.0,50.0,70.0,15.0,7.8,False,down,2.1,True,1,6.4,True,2,"{'eps_growth_yoy': 2.1, 'op_growth_yoy': 7.0, 'crecimiento_respaldado': True, 'positive_quarters': 4, 'earnings_accelerating': True, 'eps_accel_quarters': 1, 'profit_margin_pct': 10.9, 'score_bruto_sin_capar': 80.0, 'satura': False}","{'revenue_growth_yoy': 6.4, 'revenue_accelerating': True, 'rev_accel_quarters': 2}","{'rs_3m': -11.3, 'rs_6m': -18.6, 'rs_line_percentile': 7.8, 'rs_line_at_new_high': False, 'rs_line_trend': 'down', 'rs_line_score': 15}","{'roe_pct': 13.0, 'debt_to_equity': 1.22, 'current_ratio': 0.66, 'operating_margin_pct': 19.7}","{'days_to_earnings': 'N/A', 'recommendation': 'strong_buy', 'analyst_upside_pct': 30.0}",155.41,39096377344,Industrials,Waste Management,1.8,3.5,False,179.74,-13.5,2,False,-6.0,202.04,220.0,162.0,25.0,strong_buy,30.0,124.11,-20.1,172.43,11.0,reportado,múltiplo propio,3.0,0.23,True,2024-12-31,3.37,5.24,0.9,33.0,1.4,0.69,True,-1.98,,9,,5.4,Operating Income,5.0,4.4,26.0,2026-10-20,False,True,False,6,NEUTRAL,3.74,20.1,5.69,13.8,,,,2026-09-24T04:46:11.317662,,,,,,
ROL,"Rollins, Inc.",63.2,,trimestral,⭐⭐ GOOD,🟡 Good,USD,USD,False,True,True,1.0,,90.0,70.0,15.0,65.0,60.0,15.0,0.9,False,down,1.7,True,2,7.9,True,2,"{'eps_growth_yoy': 1.7, 'op_growth_yoy': 1.5, 'crecimiento_respaldado': True, 'positive_quarters': 4, 'earnings_accelerating': True, 'eps_accel_quarters': 2, 'profit_margin_pct': 13.6, 'score_bruto_sin_capar': 90.0, 'satura': False}","{'revenue_growth_yoy': 7.9, 'revenue_accelerating': True, 'rev_accel_quarters': 2}","{'rs_3m': -31.5, 'rs_6m': -56.0, 'rs_line_percentile': 0.9, 'rs_line_at_new_high': False, 'rs_line_trend': 'down', 'rs_line_score': 15}","{'roe_pct': 37.0, 'debt_to_equity': 0.78, 'current_ratio': 0.63, 'operating_margin_pct': 18.8}","{'days_to_earnings': 'N/A', 'recommendation': 'hold', 'analyst_upside_pct': 40.3}",32.49,15632414720,Consumer Cyclical,Personal Services,5.2,3.3,False,66.14,-50.9,0,False,-12.9,45.59,66.0,32.0,17.0,hold,40.3,31.76,-2.2,,,reportado,,,,,,3.96,1.29,2.22,64.9,0.73,1.15,False,-0.68,,9,,21.8,Operating Income,21.8,1.2,34.0,2026-10-28,False,True,False,6,NEUTRAL,4.36,131.8,8.07,23.8,,,,2026-09-24T04:46:36.945232,,,múltiplo propio 47x fuera del rango 8-45,,,
IT,"Gartner, Inc.",63.1,,trimestral,⭐⭐ GOOD,🟡 Good,USD,USD,False,True,True,1.0,,90.0,40.0,56.6,65.0,50.0,35.0,27.0,False,up,14.4,True,1,-0.6,True,1,"{'eps_growth_yoy': 14.4, 'op_growth_yoy': 15.9, 'crecimiento_respaldado': True, 'positive_quarters': 4, 'earnings_accelerating': True, 'eps_accel_quarters': 1, 'profit_margin_pct': 12.0, 'score_bruto_sin_capar': 90.0, 'satura': False}","{'revenue_growth_yoy': -0.6, 'revenue_accelerating': True, 'rev_accel_quarters': 1}","{'rs_3m': 32.0, 'rs_6m': 0.4, 'rs_line_percentile': 27.0, 'rs_line_at_new_high': False, 'rs_line_trend': 'up', 'rs_line_score': 35}","{'roe_pct': 113.6, 'current_ratio': 0.88, 'operating_margin_pct': 22.6}","{'days_to_earnings': 'N/A', 'recommendation': 'none', 'analyst_upside_pct': 3.7}",178.52,11273355264,Technology,Information Technology Services,17.9,5.3,True,265.85,-32.8,3,False,2.3,185.15,229.0,150.0,13.0,none,3.7,310.8,74.1,355.23,99.0,reportado,múltiplo propio,4.0,0.46,False,,11.24,20.07,,,,,True,-13.93,,9,,8.8,Operating Income,8.2,16.6,40.0,2026-11-03,False,True,False,6,NEUTRAL,8.97,274.6,0.33,60.4,0.8,0.01,-59.6,2026-09-24T04:50:29.477329,,,,,,
FCNCA,"First Citizens BancShares, Inc.",63.0,,trimestral,⭐⭐ GOOD,🟡 Good,USD,USD,False,True,True,0.911,acciones × precio no cuadra (ratio 0.9110) pero la divisa sí: son clases múltiples. Se usan 11 M de acciones efectivas (capitalización ÷ precio) en vez de las 10 M declaradas,95.0,50.0,36.0,65.0,50.0,15.0,22.2,False,down,16.9,True,1,2.5,False,0,"{'eps_growth_yoy': 16.9, 'positive_quarters': 4, 'earnings_accelerating': True, 'eps_accel_quarters': 1, 'profit_margin_pct': 25.2, 'score_bruto_sin_capar': 95.0, 'satura': False}","{'revenue_growth_yoy': 2.5, 'revenue_accelerating': False, 'rev_accel_quarters': 0}","{'rs_3m': -8.4, 'rs_6m': -7.5, 'rs_line_percentile': 22.2, 'rs_line_at_new_high': False, 'rs_line_trend': 'down', 'rs_line_score': 15}","{'roe_pct': 10.7, 'operating_margin_pct': 39.0}","{'days_to_earnings': 'N/A', 'recommendation': 'hold', 'analyst_upside_pct': 14.7}",2039.32,23030284288,Financial Services,Banks - Regional,5.1,8.5,False,2296.3,-11.2,3,False,-6.0,2339.38,2525.0,2100.0,13.0,hold,14.7,,,1970.57,-3.4,reportado,múltiplo propio,4.0,1.01,True,,7.03,143.36,0.41,4.4,8.4,0.31,True,-12.85,,7,,,,,12.4,28.0,2026-10-22,False,True,False,5,NEUTRAL,,,0.33,24.1,1.6,0.06,-22.5,2026-09-24T04:55:56.295763,11293119.0,"Banks - Regional: el flujo operativo son depósitos, préstamos o primas, no caja libre para el accionista",,,,
AZO,"AutoZone, Inc.",63.0,,trimestral,⭐⭐ GOOD,🟡 Good,USD,USD,False,True,True,1.0,,90.0,70.0,24.0,45.0,70.0,15.0,2.7,False,down,5.4,True,2,8.4,True,2,"{'eps_growth_yoy': 5.4, 'op_growth_yoy': 6.6, 'crecimiento_respaldado': True, 'positive_quarters': 4, 'earnings_accelerating': True, 'eps_accel_quarters': 2, 'profit_margin_pct': 12.4, 'score_bruto_sin_capar': 90.0, 'satura': False}","{'revenue_growth_yoy': 8.4, 'revenue_accelerating': True, 'rev_accel_quarters': 2}","{'rs_3m': -12.7, 'rs_6m': -32.5, 'rs_line_percentile': 2.7, 'rs_line_at_new_high': False, 'rs_line_trend': 'down', 'rs_line_score': 15}","{'current_ratio': 0.89, 'operating_margin_pct': 19.1}","{'days_to_earnings': 'N/A', 'recommendation': 'strong_buy', 'analyst_upside_pct': 30.7}",2843.34,45985337344,Consumer Cyclical,Auto Parts,3.0,1.9,False,4332.68,-34.4,0,False,-4.8,3715.7,4800.0,3000.0,23.0,strong_buy,30.7,2355.81,-17.1,3034.75,6.7,reportado,múltiplo propio,4.0,0.54,False,,3.79,107.76,,,,,True,-2.06,,9,,7.5,Operating Income,7.5,7.7,75.0,2026-12-08,False,True,False,6,NEUTRAL,6.16,35.2,1.9,24.0,,,,2026-09-24T04:49:04.724705,,,,,,
TYL,"Tyler Technologies, Inc.",62.7,,trimestral,⭐⭐ GOOD,🟡 Good,USD,USD,False,True,True,1.0,,80.0,50.0,42.3,75.0,65.0,15.0,14.2,False,up,10.5,False,0,8.2,False,0,"{'eps_growth_yoy': 10.5, 'op_growth_yoy': -0.5, 'crecimiento_respaldado': True, 'positive_quarters': 4, 'earnings_accelerating': False, 'eps_accel_quarters': 0, 'profit_margin_pct': 13.4, 'score_bruto_sin_capar': 80.0, 'satura': False}","{'revenue_growth_yoy': 8.2, 'revenue_accelerating': False, 'rev_accel_quarters': 0}","{'rs_3m': 11.4, 'rs_6m': -19.2, 'rs_line_percentile': 14.2, 'rs_line_at_new_high': False, 'rs_line_trend': 'up', 'rs_line_score': 15}","{'roe_pct': 9.7, 'debt_to_equity': 0.48, 'current_ratio': 1.55, 'operating_margin_pct': 14.7}","{'days_to_earnings': 'N/A', 'recommendation': 'buy', 'analyst_upside_pct': 28.3}",332.53,13617858560,Technology,Software - Application,10.9,4.0,True,531.94,-37.5,0,False,-0.1,426.64,525.0,335.0,22.0,buy,28.3,356.41,7.2,,,reportado,,,,,,5.13,17.06,,,,,True,-4.72,,9,,56.4,Operating Income,65.3,15.5,34.0,2026-10-28,False,True,False,8,STRONG,2.54,125.8,1.4,41.9,,,,2026-09-24T04:48:19.769190,,,múltiplo propio 89x fuera del rango 8-45,,,
PGR,The Progressive Corporation,62.5,,trimestral,⭐⭐ GOOD,🟡 Good,USD,USD,False,True,True,1.0,"FCF declarado (10,597,000,000) se aparta del derivado de flujo operativo menos capex (15,991,000,320)",80.0,60.0,36.0,75.0,50.0,15.0,11.8,False,down,4.3,True,1,7.3,True,1,"{'eps_growth_yoy': 4.3, 'op_growth_yoy': 6.1, 'crecimiento_respaldado': True, 'positive_quarters': 4, 'earnings_accelerating': True, 'eps_accel_quarters': 1, 'profit_margin_pct': 12.8, 'score_bruto_sin_capar': 80.0, 'satura': False}","{'revenue_growth_yoy': 7.3, 'revenue_accelerating': True, 'rev_accel_quarters': 1}","{'rs_3m': -12.7, 'rs_6m': -18.9, 'rs_line_percentile': 11.8, 'rs_line_at_new_high': False, 'rs_line_trend': 'down', 'rs_line_score': 15}","{'roe_pct': 34.9, 'debt_to_equity': 0.24, 'current_ratio': 0.29, 'operating_margin_pct': 18.2}","{'days_to_earnings': 'N/A', 'recommendation': 'hold', 'analyst_upside_pct': 13.9}",203.13,117896650752,Financial Services,Insurance - Property & Casualty,1.0,2.7,False,248.17,-18.1,3,False,-5.3,231.38,302.0,198.0,21.0,hold,13.9,,,,,reportado,,,,,,13.56,27.54,0.19,69.7,0.4,1.99,False,-0.6,,7,,50.8,EBIT,50.8,2.0,20.0,2026-10-14,False,True,True,6,NEUTRAL,11.66,,2.49,24.1,,,,2026-09-24T04:50:53.447786,,"Insurance - Property & Casualty: el flujo operativo son depósitos, préstamos o primas, no caja libre para el accionista",los P/E históricos se separan 4.6x la mediana: el ancla la decidiría un año suelto,,,
MLM,"Martin Marietta Materials, Inc.",62.5,,trimestral,⭐⭐ GOOD,🟡 Good,USD,USD,False,True,True,1.0,,65.0,90.0,15.0,70.0,70.0,15.0,0.0,False,down,-12.3,True,1,21.0,True,2,"{'eps_growth_yoy': -12.3, 'op_growth_yoy': -6.0, 'crecimiento_respaldado': True, 'positive_quarters': 4, 'earnings_accelerating': True, 'eps_accel_quarters': 1, 'profit_margin_pct': 36.7, 'score_bruto_sin_capar': 65.0, 'satura': False}","{'revenue_growth_yoy': 21.0, 'revenue_accelerating': True, 'rev_accel_quarters': 2}","{'rs_3m': -25.2, 'rs_6m': -32.1, 'rs_line_percentile': 0.0, 'rs_line_at_new_high': False, 'rs_line_trend': 'down', 'rs_line_score': 15}","{'roe_pct': 8.9, 'debt_to_equity': 0.55, 'current_ratio': 1.41, 'operating_margin_pct': 20.2}","{'days_to_earnings': 'N/A', 'recommendation': 'buy', 'analyst_upside_pct': 34.0}",490.45,34831458304,Basic Materials,Building Materials,4.3,4.7,False,710.97,-31.0,0,False,-8.0,657.38,800.0,496.0,24.0,buy,34.0,,,383.94,-21.7,reportado,múltiplo propio,4.0,0.69,False,,2.04,10.01,0.67,21.6,3.36,0.6,False,-0.33,,9,,6.1,Operating Income,6.0,-23.2,40.0,2026-11-03,False,True,False,8,STRONG,4.08,,,22.6,,,,2026-09-24T04:53:34.015376,,"el capex se lleva el 53% del flujo operativo: lo que queda no es lo que gana el dueño, es lo que sobra tras decidir invertir",,,,
AXP,American Express Company,62.5,,trimestral,⭐⭐ GOOD,🟡 Good,USD,USD,False,True,True,1.0,,70.0,60.0,36.0,85.0,65.0,15.0,0.0,False,down,7.8,False,0,10.0,True,1,"{'eps_growth_yoy': 7.8, 'positive_quarters': 4, 'earnings_accelerating': False, 'eps_accel_quarters': 0, 'profit_margin_pct': 16.1, 'score_bruto_sin_capar': 70.0, 'satura': False}","{'revenue_growth_yoy': 10.0, 'revenue_accelerating': True, 'rev_accel_quarters': 1}","{'rs_3m': -16.4, 'rs_6m': -16.9, 'rs_line_percentile': 0.0, 'rs_line_at_new_high': False, 'rs_line_trend': 'down', 'rs_line_score': 15}","{'roe_pct': 34.4, 'debt_to_equity': 1.72, 'current_ratio': 1.55, 'operating_margin_pct': 20.3}","{'days_to_earnings': 'N/A', 'recommendation': 'buy', 'analyst_upside_pct': 25.4}",301.96,203916541952,Financial Services,Credit Services,2.0,4.5,False,387.49,-22.1,2,False,-9.9,378.54,450.0,329.0,24.0,buy,25.4,451.7,49.6,297.41,-1.5,reportado,múltiplo propio,4.0,0.52,False,,7.87,23.76,1.25,21.5,3.8,1.1,True,-2.86,,7,,,,,7.7,29.0,2026-10-23,False,True,False,4,NEUTRAL,,,1.36,21.7,,,,2026-09-24T04:51:27.216674,,,,,,
BSX,Boston Scientific Corporation,62.0,,trimestral,⭐⭐ GOOD,🟡 Good,USD,USD,False,True,True,1.0,"FCF declarado (1,806,000,000) se aparta del derivado de flujo operativo menos capex (3,398,999,936)",80.0,60.0,24.0,75.0,70.0,15.0,1.7,False,up,13.8,False,0,7.5,True,1,"{'eps_growth_yoy': 13.8, 'op_growth_yoy': 32.1, 'crecimiento_respaldado': True, 'positive_quarters': 4, 'earnings_accelerating': False, 'eps_accel_quarters': 0, 'profit_margin_pct': 17.5, 'score_bruto_sin_capar': 80.0, 'satura': False}","{'revenue_growth_yoy': 7.5, 'revenue_accelerating': True, 'rev_accel_quarters': 1}","{'rs_3m': -4.5, 'rs_6m': -52.0, 'rs_line_percentile': 1.7, 'rs_line_at_new_high': False, 'rs_line_trend': 'up', 'rs_line_score': 15}","{'roe_pct': 15.3, 'debt_to_equity': 0.5, 'current_ratio': 1.24, 'operating_margin_pct': 22.9}","{'days_to_earnings': 'N/A', 'recommendation': 'buy', 'analyst_upside_pct': 36.7}",44.62,64664621056,Healthcare,Medical Devices,3.3,2.5,False,105.65,-57.8,0,False,-4.7,61.0,94.0,44.0,29.0,buy,36.7,63.56,42.4,,,normalizado,,,,,,5.26,2.35,,,,,False,,,9,,12.1,Operating Income,11.6,15.1,34.0,2026-10-28,False,True,False,8,STRONG,5.16,53.7,0.86,41.3,,,,2026-09-24T04:52:04.832506,,,múltiplo propio 62x fuera del rango 8-45,tasa fiscal efectiva 5.0% — el beneficio del periodo no es representativo,,
BN,Brookfield Corporation,62.0,,trimestral,⭐⭐ GOOD,🟡 Good,USD,USD,False,True,True,1.0,"FCF declarado (-9,413,000,000) se aparta del derivado de flujo operativo menos capex (-5,409,000,448)",85.0,60.0,24.0,65.0,70.0,15.0,0.0,False,down,33.8,True,1,7.3,True,1,"{'eps_growth_yoy': 33.8, 'op_growth_yoy': 7.2, 'crecimiento_respaldado': False, 'crecimiento_puntuado': 32.2, 'positive_quarters': 4, 'earnings_accelerating': True, 'eps_accel_quarters': 1, 'profit_margin_pct': 1.8, 'score_bruto_sin_capar': 95.0, 'satura': False}","{'revenue_growth_yoy': 7.3, 'revenue_accelerating': True, 'rev_accel_quarters': 1}","{'rs_3m': -18.3, 'rs_6m': -22.6, 'rs_line_percentile': 0.0, 'rs_line_at_new_high': False, 'rs_line_trend': 'down', 'rs_line_score': 15}","{'roe_pct': 2.3, 'debt_to_equity': 1.61, 'current_ratio': 1.01, 'operating_margin_pct': 25.7}","{'days_to_earnings': 'N/A', 'recommendation': 'buy', 'analyst_upside_pct': 46.7}",37.09,82797920256,Financial Services,Asset Management,,5.2,False,49.57,-25.2,0,False,-10.5,54.4,61.0,31.0,10.0,buy,46.7,,,,,reportado,,,,,,-6.53,-2.42,0.74,48.2,0.28,0.85,False,-0.27,,9,,1.0,Operating Income,1.3,40.3,49.0,2026-11-12,False,True,False,6,NEUTRAL,3.92,10.9,0.16,21.3,,,,2026-09-24T04:55:16.011052,,"el capex se lleva el 158% del flujo operativo: lo que queda no es lo que gana el dueño, es lo que sobra tras decidir invertir",los P/E históricos se separan 1.8x la mediana: el ancla la decidiría un año suelto,,,
YUM,"Yum! Brands, Inc.",61.8,,trimestral,⭐⭐ GOOD,🟡 Good,USD,USD,False,True,True,1.0,,85.0,70.0,24.0,50.0,65.0,15.0,7.1,False,down,128.1,True,1,12.3,True,1,"{'eps_growth_yoy': 128.1, 'op_growth_yoy': 9.6, 'crecimiento_respaldado': False, 'crecimiento_puntuado': 34.6, 'positive_quarters': 4, 'earnings_accelerating': True, 'eps_accel_quarters': 1, 'profit_margin_pct': 25.4, 'score_bruto_sin_capar': 105.0, 'satura': True}","{'revenue_growth_yoy': 12.3, 'revenue_accelerating': True, 'rev_accel_quarters': 1}","{'rs_3m': -12.5, 'rs_6m': -28.4, 'rs_line_percentile': 7.1, 'rs_line_at_new_high': False, 'rs_line_trend': 'down', 'rs_line_score': 15}","{'current_ratio': 0.59, 'operating_margin_pct': 32.8}","{'days_to_earnings': 'N/A', 'recommendation': 'buy', 'analyst_upside_pct': 22.9}",140.63,38378082304,Consumer Cyclical,Restaurants,3.7,3.6,False,170.14,-17.3,2,False,-5.0,172.89,200.0,147.0,23.0,buy,22.9,140.28,-0.2,152.59,8.5,normalizado,múltiplo propio,4.0,0.19,False,,4.46,6.27,2.15,36.8,3.0,1.81,True,-1.42,,9,,5.2,Operating Income,5.3,92.1,40.0,2026-11-03,False,True,False,5,NEUTRAL,4.95,75.7,0.15,30.2,,,,2026-09-24T04:52:08.549384,,,,tasa fiscal efectiva -0.9% — el beneficio del periodo no es representativo,,
MSCI,MSCI Inc.,61.7,,trimestral,⭐⭐ GOOD,🟡 Good,USD,USD,False,True,True,1.0,,85.0,60.0,36.0,50.0,65.0,15.0,5.1,False,down,12.6,False,0,12.2,False,0,"{'eps_growth_yoy': 12.6, 'op_growth_yoy': 14.6, 'crecimiento_respaldado': True, 'positive_quarters': 4, 'earnings_accelerating': False, 'eps_accel_quarters': 0, 'profit_margin_pct': 40.7, 'score_bruto_sin_capar': 85.0, 'satura': False}","{'revenue_growth_yoy': 12.2, 'revenue_accelerating': False, 'rev_accel_quarters': 0}","{'rs_3m': -8.2, 'rs_6m': -13.4, 'rs_line_percentile': 5.1, 'rs_line_at_new_high': False, 'rs_line_trend': 'down', 'rs_line_score': 15}","{'current_ratio': 0.89, 'operating_margin_pct': 56.3}","{'days_to_earnings': 'N/A', 'recommendation': 'strong_buy', 'analyst_upside_pct': 24.5}",555.7,40399392768,Financial Services,Financial Data & Stock Exchanges,1.9,2.0,False,644.77,-13.8,3,False,-2.3,692.06,760.0,570.0,17.0,strong_buy,24.5,355.52,-36.0,712.66,28.2,reportado,múltiplo propio,4.0,0.14,False,,3.71,20.62,1.49,42.1,8.2,1.01,True,-5.93,,9,,7.2,Operating Income,7.2,19.6,26.0,2026-10-20,False,True,False,8,STRONG,3.68,856.0,1.26,22.0,0.8,0.04,-21.2,2026-09-24T04:47:34.485192,,,,,,
MCD,McDonald's Corporation,61.5,,trimestral,⭐⭐ GOOD,🟡 Good,USD,USD,False,True,True,1.0,,85.0,60.0,24.0,65.0,65.0,15.0,0.0,False,down,4.8,True,1,3.8,True,1,"{'eps_growth_yoy': 4.8, 'op_growth_yoy': 1.3, 'crecimiento_respaldado': True, 'positive_quarters': 4, 'earnings_accelerating': True, 'eps_accel_quarters': 1, 'profit_margin_pct': 31.7, 'score_bruto_sin_capar': 85.0, 'satura': False}","{'revenue_growth_yoy': 3.8, 'revenue_accelerating': True, 'rev_accel_quarters': 1}","{'rs_3m': -14.1, 'rs_6m': -40.0, 'rs_line_percentile': 0.0, 'rs_line_at_new_high': False, 'rs_line_trend': 'down', 'rs_line_score': 15}","{'current_ratio': 1.08, 'operating_margin_pct': 46.5}","{'days_to_earnings': 'N/A', 'recommendation': 'buy', 'analyst_upside_pct': 28.5}",238.32,168645132288,Consumer Cyclical,Restaurants,1.9,2.7,False,341.75,-30.3,0,False,-9.2,306.3,390.0,250.0,30.0,buy,28.5,245.33,2.9,290.14,21.7,reportado,múltiplo propio,4.0,0.2,False,,4.73,11.27,3.08,59.7,7.72,2.24,False,-0.91,,9,,7.8,Operating Income,7.9,4.0,42.0,2026-11-05,False,True,False,6,NEUTRAL,5.57,28.9,3.0,23.4,0.8,0.03,-22.6,2026-09-24T04:49:16.027564,,,,,,
ROP,"Roper Technologies, Inc.",61.2,,trimestral,⭐⭐ GOOD,🟡 Good,USD,USD,False,True,True,1.0,,85.0,50.0,38.7,60.0,65.0,15.0,15.1,False,up,208.9,True,2,8.5,False,0,"{'eps_growth_yoy': 208.9, 'op_growth_yoy': 6.6, 'crecimiento_respaldado': False, 'crecimiento_puntuado': 31.6, 'positive_quarters': 4, 'earnings_accelerating': True, 'eps_accel_quarters': 2, 'profit_margin_pct': 30.2, 'score_bruto_sin_capar': 115.0, 'satura': True}","{'revenue_growth_yoy': 8.5, 'revenue_accelerating': False, 'rev_accel_quarters': 0}","{'rs_3m': 5.9, 'rs_6m': -11.0, 'rs_line_percentile': 15.1, 'rs_line_at_new_high': False, 'rs_line_trend': 'up', 'rs_line_score': 15}","{'roe_pct': 13.1, 'debt_to_equity': 0.61, 'current_ratio': 0.55, 'operating_margin_pct': 27.7}","{'days_to_earnings': 'N/A', 'recommendation': 'buy', 'analyst_upside_pct': 21.5}",366.36,36233322496,Technology,Software - Application,6.5,7.9,False,521.28,-29.7,1,False,-6.1,445.2,550.0,335.0,15.0,buy,21.5,379.9,3.7,808.7,120.7,reportado,múltiplo propio,4.0,0.95,False,,7.08,25.94,1.0,14.5,3.64,0.61,True,-7.2,,9,,5.9,Operating Income,8.6,163.1,28.0,2026-10-22,False,True,False,6,NEUTRAL,4.74,1424.7,0.06,24.4,0.8,0.03,-23.6,2026-09-24T04:46:29.098705,,,,,,
LIN,Linde plc,61.0,,trimestral,⭐⭐ GOOD,🟡 Good,USD,USD,False,True,True,1.0,,75.0,60.0,36.0,65.0,65.0,15.0,19.0,False,down,9.2,False,0,9.3,True,1,"{'eps_growth_yoy': 9.2, 'op_growth_yoy': 8.5, 'crecimiento_respaldado': True, 'positive_quarters': 4, 'earnings_accelerating': False, 'eps_accel_quarters': 0, 'profit_margin_pct': 20.4, 'score_bruto_sin_capar': 75.0, 'satura': False}","{'revenue_growth_yoy': 9.3, 'revenue_accelerating': True, 'rev_accel_quarters': 1}","{'rs_3m': -13.4, 'rs_6m': -19.0, 'rs_line_percentile': 19.0, 'rs_line_at_new_high': False, 'rs_line_trend': 'down', 'rs_line_score': 15}","{'roe_pct': 18.4, 'debt_to_equity': 0.69, 'current_ratio': 0.88, 'operating_margin_pct': 28.1}","{'days_to_earnings': 'N/A', 'recommendation': 'buy', 'analyst_upside_pct': 15.5}",469.72,216531599360,Basic Materials,Specialty Chemicals,1.2,2.5,False,548.2,-14.3,3,False,-3.3,542.6,580.0,400.0,25.0,buy,15.5,,,481.13,2.4,reportado,múltiplo propio,4.0,0.29,False,,2.41,11.32,1.38,40.0,6.4,1.3,True,-1.91,,9,,20.9,Operating Income,21.3,11.3,36.0,2026-10-30,False,True,False,5,NEUTRAL,3.84,31.5,2.13,15.3,,,,2026-09-24T04:46:25.839872,,"el capex se lleva el 50% del flujo operativo: lo que queda no es lo que gana el dueño, es lo que sobra tras decidir invertir",,,,
SGSOY,SGS SA,60.5,,anual,⭐⭐ GOOD,🟡 Good,USD,CHF,True,True,True,1.0,"FCF declarado (917,326,854) se aparta del derivado de flujo operativo menos capex (1,301,528,914)",95.0,50.0,36.0,45.0,55.0,15.0,9.9,False,down,15.0,True,2,2.2,False,0,"{'eps_growth_yoy': 15.0, 'op_growth_yoy': 5.5, 'crecimiento_respaldado': True, 'positive_quarters': 4, 'earnings_accelerating': True, 'eps_accel_quarters': 2, 'profit_margin_pct': 9.2, 'score_bruto_sin_capar': 95.0, 'satura': False}","{'revenue_growth_yoy': 2.2, 'revenue_accelerating': False, 'rev_accel_quarters': 0}","{'rs_3m': -5.2, 'rs_6m': -6.8, 'rs_line_percentile': 9.9, 'rs_line_at_new_high': False, 'rs_line_trend': 'down', 'rs_line_score': 15}","{'roe_pct': 76.3, 'debt_to_equity': 4.64, 'current_ratio': 0.95, 'operating_margin_pct': 13.1}","{'days_to_earnings': 'N/A', 'recommendation': 'none', 'analyst_upside_pct': 23.1}",11.37,22467084288,Industrials,Consulting Services,,,False,12.76,-10.9,5,False,-1.7,14.0,14.0,14.0,1.0,none,23.1,13.19,16.0,11.82,4.0,reportado,múltiplo propio,4.0,0.19,False,,5.79,0.66,3.51,95.7,0.41,3.54,,,,9,,,,,-1.8,,,False,False,False,5,NEUTRAL,3.61,37.7,,12.1,,,,2026-09-24T04:52:53.596820,,,,,,
CME,CME Group Inc.,60.4,,trimestral,⭐⭐ GOOD,🟡 Good,USD,USD,False,True,True,1.0,,75.0,50.0,38.3,85.0,50.0,35.0,32.9,False,up,1.6,False,0,0.8,False,0,"{'eps_growth_yoy': 1.6, 'op_growth_yoy': -2.0, 'crecimiento_respaldado': True, 'positive_quarters': 4, 'earnings_accelerating': False, 'eps_accel_quarters': 0, 'profit_margin_pct': 63.4, 'score_bruto_sin_capar': 75.0, 'satura': False}","{'revenue_growth_yoy': 0.8, 'revenue_accelerating': False, 'rev_accel_quarters': 0}","{'rs_3m': 12.6, 'rs_6m': -27.1, 'rs_line_percentile': 32.9, 'rs_line_at_new_high': False, 'rs_line_trend': 'up', 'rs_line_score': 35}","{'roe_pct': 15.8, 'debt_to_equity': 0.15, 'current_ratio': 1.02, 'operating_margin_pct': 65.0}","{'days_to_earnings': 'N/A', 'recommendation': 'hold', 'analyst_upside_pct': 4.7}",270.8,97374060544,Financial Services,Financial Data & Stock Exchanges,1.8,2.9,False,329.16,-17.7,4,False,1.6,283.6,330.0,230.0,15.0,hold,4.7,280.04,3.4,261.35,-3.5,reportado,múltiplo propio,4.0,0.18,False,,4.34,11.75,1.95,95.4,5.2,3.59,False,0.26,,9,,25.2,Operating Income,33.0,1.0,27.0,2026-10-21,False,True,False,6,NEUTRAL,4.27,78.0,8.38,21.2,,,,2026-09-24T04:47:01.942613,,,,,,
TJX,"The TJX Companies, Inc.",60.2,,trimestral,⭐⭐ GOOD,🟡 Good,USD,USD,False,True,True,1.0,,85.0,60.0,15.0,75.0,55.0,15.0,9.7,False,down,22.3,True,1,5.4,True,1,"{'eps_growth_yoy': 22.3, 'op_growth_yoy': 22.7, 'crecimiento_respaldado': True, 'positive_quarters': 4, 'earnings_accelerating': True, 'eps_accel_quarters': 1, 'profit_margin_pct': 9.7, 'score_bruto_sin_capar': 85.0, 'satura': False}","{'revenue_growth_yoy': 5.4, 'revenue_accelerating': True, 'rev_accel_quarters': 1}","{'rs_3m': -24.9, 'rs_6m': -33.9, 'rs_line_percentile': 9.7, 'rs_line_at_new_high': False, 'rs_line_trend': 'down', 'rs_line_score': 15}","{'roe_pct': 62.2, 'debt_to_equity': 1.34, 'current_ratio': 1.15, 'operating_margin_pct': 10.9}","{'days_to_earnings': 'N/A', 'recommendation': 'none', 'analyst_upside_pct': 29.0}",131.59,144745578496,Consumer Cyclical,Apparel Retail,2.0,3.1,False,170.0,-22.6,1,False,-8.8,169.8,198.0,136.0,20.0,none,29.0,124.24,-5.6,148.99,13.2,reportado,múltiplo propio,4.0,0.25,False,,4.2,5.53,1.47,32.5,1.92,1.35,False,-0.98,,9,,105.5,Operating Income,108.3,11.8,55.0,2026-11-18,False,True,False,7,NEUTRAL,4.69,35.2,0.97,23.1,0.4,0.02,-22.7,2026-09-24T04:51:34.911029,,,,,,
DPZ,"Domino's Pizza, Inc.",60.0,,trimestral,⭐⭐ GOOD,🟡 Good,USD,USD,False,True,True,1.0,,80.0,60.0,24.0,65.0,65.0,15.0,1.3,False,down,3.6,True,1,4.3,True,1,"{'eps_growth_yoy': 3.6, 'op_growth_yoy': 3.1, 'crecimiento_respaldado': True, 'positive_quarters': 4, 'earnings_accelerating': True, 'eps_accel_quarters': 1, 'profit_margin_pct': 11.9, 'score_bruto_sin_capar': 80.0, 'satura': False}","{'revenue_growth_yoy': 4.3, 'revenue_accelerating': True, 'rev_accel_quarters': 1}","{'rs_3m': -1.1, 'rs_6m': -34.1, 'rs_line_percentile': 1.3, 'rs_line_at_new_high': False, 'rs_line_trend': 'down', 'rs_line_score': 15}","{'current_ratio': 1.54, 'operating_margin_pct': 19.1}","{'days_to_earnings': 'N/A', 'recommendation': 'buy', 'analyst_upside_pct': 27.2}",296.43,9806418944,Consumer Cyclical,Restaurants,10.0,3.5,True,442.35,-33.0,0,False,-11.1,377.0,450.0,270.0,28.0,buy,27.2,339.13,14.4,443.29,49.5,reportado,múltiplo propio,4.0,0.14,False,,6.7,19.86,2.68,42.3,7.96,1.25,True,-3.15,,9,,4.9,Operating Income,4.9,4.8,19.0,2026-10-13,False,True,True,8,STRONG,6.43,106.0,2.09,38.4,1.6,0.04,-36.8,2026-09-24T04:55:01.895705,,,,,,
CB,Chubb Limited,60.0,,trimestral,⭐⭐ GOOD,🟡 Good,USD,USD,False,True,True,1.0,,60.0,70.0,44.0,65.0,60.0,35.0,31.9,False,down,-3.8,True,1,7.2,True,2,"{'eps_growth_yoy': -3.8, 'op_growth_yoy': -1.9, 'crecimiento_respaldado': True, 'positive_quarters': 4, 'earnings_accelerating': True, 'eps_accel_quarters': 1, 'profit_margin_pct': 18.1, 'score_bruto_sin_capar': 60.0, 'satura': False}","{'revenue_growth_yoy': 7.2, 'revenue_accelerating': True, 'rev_accel_quarters': 2}","{'rs_3m': -4.5, 'rs_6m': -13.9, 'rs_line_percentile': 31.9, 'rs_line_at_new_high': False, 'rs_line_trend': 'down', 'rs_line_score': 35}","{'roe_pct': 14.8, 'debt_to_equity': 0.31, 'current_ratio': 0.41, 'operating_margin_pct': 23.5}","{'days_to_earnings': 'N/A', 'recommendation': 'buy', 'analyst_upside_pct': 9.2}",335.21,129323974656,Financial Services,Insurance - Property & Casualty,0.9,2.0,False,365.91,-8.4,5,False,-2.7,365.91,425.0,306.0,23.0,buy,9.2,,,339.74,1.4,reportado,múltiplo propio,4.0,0.58,False,,8.11,27.19,1.22,13.9,4.08,1.43,True,-3.11,,7,,18.9,EBIT,18.9,-0.5,33.0,2026-10-27,False,True,False,6,NEUTRAL,9.09,,,16.2,,,,2026-09-24T04:50:43.064880,,"Insurance - Property & Casualty: el flujo operativo son depósitos, préstamos o primas, no caja libre para el accionista",,,,
CP,Canadian Pacific Kansas City Limited,60.0,,trimestral,⭐⭐ GOOD,🟡 Good,USD,CAD,True,True,True,1.0,"FCF declarado (2,403,000,000) se aparta del derivado de flujo operativo menos capex (759,934,831)",65.0,70.0,44.0,55.0,60.0,35.0,44.9,False,down,-17.0,True,1,12.6,True,1,"{'eps_growth_yoy': -17.0, 'op_growth_yoy': 9.6, 'crecimiento_respaldado': True, 'positive_quarters': 4, 'earnings_accelerating': True, 'eps_accel_quarters': 1, 'profit_margin_pct': 25.0, 'score_bruto_sin_capar': 65.0, 'satura': False}","{'revenue_growth_yoy': 12.6, 'revenue_accelerating': True, 'rev_accel_quarters': 1}","{'rs_3m': -0.5, 'rs_6m': -5.6, 'rs_line_percentile': 44.9, 'rs_line_at_new_high': False, 'rs_line_trend': 'down', 'rs_line_score': 35}","{'roe_pct': 8.2, 'debt_to_equity': 0.53, 'current_ratio': 0.59, 'operating_margin_pct': 39.0}","{'days_to_earnings': 'N/A', 'recommendation': 'buy', 'analyst_upside_pct': 12.5}",88.28,77605109760,Industrials,Railroads,2.3,8.1,False,96.9,-8.9,5,False,-3.5,99.33,108.92,74.62,13.0,buy,12.5,,,56.18,-36.4,reportado,múltiplo propio,4.0,0.17,False,,0.98,0.87,0.86,22.1,0.76,0.76,True,-4.08,,9,,6.2,Operating Income,6.6,-13.5,34.0,2026-10-28,False,True,False,7,NEUTRAL,5.43,10.4,,22.1,,,,2026-09-24T04:51:38.984851,,"el capex se lleva el 81% del flujo operativo: lo que queda no es lo que gana el dueño, es lo que sobra tras decidir invertir",,,,
CRH,CRH plc,59.6,,trimestral,⭐ AVERAGE,🟡 Average,USD,USD,False,True,True,1.0,,78.0,60.0,15.0,75.0,70.0,15.0,0.0,False,down,12.6,True,1,5.6,True,1,"{'eps_growth_yoy': 12.6, 'op_growth_yoy': 6.3, 'crecimiento_respaldado': True, 'positive_quarters': 3, 'earnings_accelerating': True, 'eps_accel_quarters': 1, 'profit_margin_pct': 9.9, 'score_bruto_sin_capar': 78.0, 'satura': False}","{'revenue_growth_yoy': 5.6, 'revenue_accelerating': True, 'rev_accel_quarters': 1}","{'rs_3m': -28.4, 'rs_6m': -36.9, 'rs_line_percentile': 0.0, 'rs_line_at_new_high': False, 'rs_line_trend': 'down', 'rs_line_score': 15}","{'roe_pct': 15.8, 'debt_to_equity': 0.78, 'current_ratio': 1.58, 'operating_margin_pct': 19.0}","{'days_to_earnings': 'N/A', 'recommendation': 'strong_buy', 'analyst_upside_pct': 57.6}",85.23,56702197760,Basic Materials,Building Materials,2.2,2.8,False,131.55,-35.2,0,False,-10.7,134.35,165.0,105.0,24.0,strong_buy,57.6,,,91.91,7.8,reportado,múltiplo propio,4.0,0.9,False,,4.77,4.07,1.77,26.9,1.56,2.17,True,-1.31,,9,,6.4,Operating Income,7.0,13.9,35.0,2026-10-29,False,True,False,6,NEUTRAL,7.1,16.2,0.94,25.7,,,,2026-09-24T04:53:30.049987,,"el capex se lleva el 50% del flujo operativo: lo que queda no es lo que gana el dueño, es lo que sobra tras decidir invertir",,,,
WM,"Waste Management, Inc.",59.5,,trimestral,⭐ AVERAGE,🟡 Average,USD,USD,False,True,True,1.0,,80.0,70.0,24.0,45.0,65.0,15.0,3.2,False,down,8.1,True,1,4.0,True,2,"{'eps_growth_yoy': 8.1, 'op_growth_yoy': 6.9, 'crecimiento_respaldado': True, 'positive_quarters': 4, 'earnings_accelerating': True, 'eps_accel_quarters': 1, 'profit_margin_pct': 11.1, 'score_bruto_sin_capar': 80.0, 'satura': False}","{'revenue_growth_yoy': 4.0, 'revenue_accelerating': True, 'rev_accel_quarters': 2}","{'rs_3m': -11.3, 'rs_6m': -24.3, 'rs_line_percentile': 3.2, 'rs_line_at_new_high': False, 'rs_line_trend': 'down', 'rs_line_score': 15}","{'roe_pct': 29.8, 'debt_to_equity': 2.35, 'current_ratio': 0.91, 'operating_margin_pct': 19.0}","{'days_to_earnings': 'N/A', 'recommendation': 'buy', 'analyst_upside_pct': 25.0}",207.88,83092799488,Industrials,Waste Management,1.5,2.8,False,248.13,-16.2,3,False,-7.2,259.92,277.0,220.0,25.0,buy,25.0,189.2,-9.0,209.2,0.6,reportado,múltiplo propio,4.0,0.17,False,,3.96,8.23,1.82,50.1,3.78,1.49,False,-0.47,,9,,5.2,Operating Income,5.0,8.3,32.0,2026-10-26,False,True,False,8,STRONG,4.35,22.6,2.75,16.9,0.8,0.05,-16.1,2026-09-24T04:46:15.014104,,,,,,
ATO,Atmos Energy Corporation,59.5,,trimestral,⭐ AVERAGE,🟡 Average,USD,USD,False,True,True,1.0,"FCF declarado (-2,020,303,000) se aparta del derivado de flujo operativo menos capex (-1,541,808,984)",95.0,50.0,24.0,55.0,55.0,15.0,0.0,False,down,30.2,False,0,4.8,False,0,"{'eps_growth_yoy': 30.2, 'op_growth_yoy': 27.1, 'crecimiento_respaldado': True, 'positive_quarters': 4, 'earnings_accelerating': False, 'eps_accel_quarters': 0, 'profit_margin_pct': 28.5, 'score_bruto_sin_capar': 95.0, 'satura': False}","{'revenue_growth_yoy': 4.8, 'revenue_accelerating': False, 'rev_accel_quarters': 0}","{'rs_3m': -13.8, 'rs_6m': -30.4, 'rs_line_percentile': 0.0, 'rs_line_at_new_high': False, 'rs_line_trend': 'down', 'rs_line_score': 15}","{'roe_pct': 9.8, 'debt_to_equity': 0.68, 'current_ratio': 0.81, 'operating_margin_pct': 37.2}","{'days_to_earnings': 'N/A', 'recommendation': 'hold', 'analyst_upside_pct': 18.8}",156.24,26402772992,Utilities,Utilities - Regulated Gas,3.0,4.3,False,192.51,-18.8,2,False,-7.8,185.55,206.0,170.0,11.0,hold,18.8,,,149.4,-4.4,reportado,múltiplo propio,4.0,0.35,False,,-5.84,-9.12,2.54,46.1,4.0,2.39,False,,,9,,12.8,Operating Income,13.3,9.3,41.0,2026-11-04,False,True,False,6,NEUTRAL,4.31,6.1,0.74,13.4,,,,2026-09-24T04:52:26.754395,,"el capex se lleva el 176% del flujo operativo: lo que queda no es lo que gana el dueño, es lo que sobra tras decidir invertir",,,,
CPRT,"Copart, Inc.",59.0,,trimestral,⭐ AVERAGE,🟡 Average,USD,USD,False,True,True,1.0,"FCF declarado (1,339,233,000) se aparta del derivado de flujo operativo menos capex (1,035,502,032)",65.0,60.0,24.0,85.0,70.0,15.0,4.1,False,up,-1.0,True,1,2.1,True,1,"{'eps_growth_yoy': -1.0, 'op_growth_yoy': 2.8, 'crecimiento_respaldado': True, 'positive_quarters': 4, 'earnings_accelerating': True, 'eps_accel_quarters': 1, 'profit_margin_pct': 31.8, 'score_bruto_sin_capar': 65.0, 'satura': False}","{'revenue_growth_yoy': 2.1, 'revenue_accelerating': True, 'rev_accel_quarters': 1}","{'rs_3m': -9.9, 'rs_6m': -29.6, 'rs_line_percentile': 4.1, 'rs_line_at_new_high': False, 'rs_line_trend': 'up', 'rs_line_score': 15}","{'roe_pct': 16.2, 'debt_to_equity': 0.01, 'current_ratio': 7.91, 'operating_margin_pct': 32.0}","{'days_to_earnings': 'N/A', 'recommendation': 'buy', 'analyst_upside_pct': 34.1}",28.865,26723547136,Industrials,Specialty Business Services,5.1,3.7,False,45.89,-37.1,0,False,-5.3,38.7,55.0,25.0,10.0,buy,34.1,21.05,-27.1,48.87,69.3,reportado,múltiplo propio,4.0,0.29,False,,3.87,1.12,,,,,True,-4.67,,9,,,,,-10.2,56.0,2026-11-19,False,True,False,6,NEUTRAL,7.58,19.3,,37.9,3.1,0.08,-34.8,2026-09-24T04:46:51.515506,,,,,,
STZ,"Constellation Brands, Inc.",59.0,,trimestral,⭐ AVERAGE,🟡 Average,USD,USD,False,True,True,0.9997,,100.0,40.0,15.0,60.0,70.0,15.0,0.0,False,down,26.7,True,1,-3.3,True,1,"{'eps_growth_yoy': 26.7, 'op_growth_yoy': 12.8, 'crecimiento_respaldado': True, 'positive_quarters': 4, 'earnings_accelerating': True, 'eps_accel_quarters': 1, 'profit_margin_pct': 20.1, 'score_bruto_sin_capar': 105.0, 'satura': True}","{'revenue_growth_yoy': -3.3, 'revenue_accelerating': True, 'rev_accel_quarters': 1}","{'rs_3m': -22.7, 'rs_6m': -40.0, 'rs_line_percentile': 0.0, 'rs_line_at_new_high': False, 'rs_line_trend': 'down', 'rs_line_score': 15}","{'roe_pct': 23.7, 'debt_to_equity': 1.23, 'current_ratio': 0.91, 'operating_margin_pct': 35.9}","{'days_to_earnings': 'N/A', 'recommendation': 'buy', 'analyst_upside_pct': 42.0}",116.57,19910664192,Consumer Defensive,Beverages - Brewers,5.5,4.8,False,168.6,-30.9,0,False,-10.2,165.48,209.0,110.0,23.0,buy,42.0,200.48,72.0,,,reportado,,,,,,9.13,10.64,3.5,39.0,4.12,1.81,True,-3.14,,9,,8.5,Operating Income,8.2,21.5,12.0,2026-10-06,False,True,True,6,NEUTRAL,9.35,30.7,0.31,26.4,0.8,0.03,-25.6,2026-09-24T04:54:54.943930,,,sin histórico de múltiplo (beneficio negativo o pocos años),,,
POOL,Pool Corporation,59.0,,trimestral,⭐ AVERAGE,🟡 Average,USD,USD,False,True,True,1.0,,65.0,70.0,15.0,80.0,70.0,15.0,0.0,False,down,-3.2,True,2,2.2,True,2,"{'eps_growth_yoy': -3.2, 'op_growth_yoy': -1.8, 'crecimiento_respaldado': True, 'positive_quarters': 4, 'earnings_accelerating': True, 'eps_accel_quarters': 2, 'profit_margin_pct': 7.4, 'score_bruto_sin_capar': 65.0, 'satura': False}","{'revenue_growth_yoy': 2.2, 'revenue_accelerating': True, 'rev_accel_quarters': 2}","{'rs_3m': -23.2, 'rs_6m': -34.4, 'rs_line_percentile': 0.0, 'rs_line_at_new_high': False, 'rs_line_trend': 'down', 'rs_line_score': 15}","{'roe_pct': 31.3, 'debt_to_equity': 1.35, 'current_ratio': 2.67, 'operating_margin_pct': 15.1}","{'days_to_earnings': 'N/A', 'recommendation': 'buy', 'analyst_upside_pct': 30.2}",166.61,6054732288,Industrials,Industrial Distribution,11.3,5.8,True,314.53,-47.0,0,False,-11.4,217.0,260.0,185.0,12.0,buy,30.2,99.0,-40.6,262.92,57.8,reportado,múltiplo propio,4.0,0.57,False,,5.13,8.55,3.08,46.4,5.2,1.26,True,-3.41,,9,,12.4,Operating Income,12.4,,28.0,2026-10-22,False,True,False,5,NEUTRAL,7.52,34.5,1.9,21.1,,,,2026-09-24T04:54:51.545762,,,,,,
HLT,Hilton Worldwide Holdings Inc.,58.2,,trimestral,⭐ AVERAGE,🟡 Average,USD,USD,False,True,True,1.0,,75.0,60.0,36.0,50.0,60.0,15.0,19.0,False,down,9.5,False,0,6.5,True,1,"{'eps_growth_yoy': 9.5, 'op_growth_yoy': 10.3, 'crecimiento_respaldado': True, 'positive_quarters': 4, 'earnings_accelerating': False, 'eps_accel_quarters': 0, 'profit_margin_pct': 31.0, 'score_bruto_sin_capar': 75.0, 'satura': False}","{'revenue_growth_yoy': 6.5, 'revenue_accelerating': True, 'rev_accel_quarters': 1}","{'rs_3m': -15.3, 'rs_6m': -15.0, 'rs_line_percentile': 19.0, 'rs_line_at_new_high': False, 'rs_line_trend': 'down', 'rs_line_score': 15}","{'current_ratio': 0.65, 'operating_margin_pct': 63.0}","{'days_to_earnings': 'N/A', 'recommendation': 'buy', 'analyst_upside_pct': 14.9}",307.22,69144444928,Consumer Cyclical,Lodging,2.6,2.6,False,358.0,-14.2,3,False,-3.6,353.0,394.0,270.0,26.0,buy,14.9,160.12,-47.9,279.51,-9.0,reportado,múltiplo propio,4.0,0.47,False,,2.78,8.54,0.19,8.8,0.6,0.8,True,-4.18,,9,,4.4,Operating Income,4.3,14.1,34.0,2026-10-28,False,True,False,6,NEUTRAL,3.28,213.6,2.08,17.4,0.2,0.01,-17.2,2026-09-24T04:53:40.795221,,,,,,
MRSH,"Marsh & McLennan Companies, Inc.",58.2,,trimestral,⭐ AVERAGE,🟡 Average,USD,USD,False,True,True,1.0,,70.0,50.0,36.0,80.0,55.0,15.0,12.6,False,down,4.5,False,0,6.2,False,0,"{'eps_growth_yoy': 4.5, 'op_growth_yoy': 3.8, 'crecimiento_respaldado': True, 'positive_quarters': 4, 'earnings_accelerating': False, 'eps_accel_quarters': 0, 'profit_margin_pct': 14.2, 'score_bruto_sin_capar': 70.0, 'satura': False}","{'revenue_growth_yoy': 6.2, 'revenue_accelerating': False, 'rev_accel_quarters': 0}","{'rs_3m': -1.6, 'rs_6m': -18.0, 'rs_line_percentile': 12.6, 'rs_line_at_new_high': False, 'rs_line_trend': 'down', 'rs_line_score': 15}","{'roe_pct': 25.9, 'debt_to_equity': 1.45, 'current_ratio': 1.14, 'operating_margin_pct': 26.3}","{'days_to_earnings': 'N/A', 'recommendation': 'hold', 'analyst_upside_pct': 21.5}",170.38,81307254784,Financial Services,Insurance Brokers,1.4,3.4,False,207.83,-18.0,3,False,-8.0,207.1,238.0,182.0,21.0,hold,21.5,,,198.18,16.3,reportado,múltiplo propio,4.0,0.17,False,,5.89,10.04,2.33,44.0,3.96,1.48,True,-2.63,,9,,6.3,Operating Income,6.6,2.9,21.0,2026-10-15,False,True,True,6,NEUTRAL,6.09,140.5,2.05,19.6,,,,2026-09-24T04:46:55.202946,,"Insurance Brokers: el flujo operativo son depósitos, préstamos o primas, no caja libre para el accionista",,,,
KVUE,Kenvue Inc.,57.8,,trimestral,⭐ AVERAGE,🟡 Average,USD,USD,False,True,True,1.0,,70.0,50.0,44.0,70.0,50.0,35.0,43.6,False,down,8.6,False,0,3.0,False,0,"{'eps_growth_yoy': 8.6, 'op_growth_yoy': 0.8, 'crecimiento_respaldado': True, 'positive_quarters': 4, 'earnings_accelerating': False, 'eps_accel_quarters': 0, 'profit_margin_pct': 10.8, 'score_bruto_sin_capar': 70.0, 'satura': False}","{'revenue_growth_yoy': 3.0, 'revenue_accelerating': False, 'rev_accel_quarters': 0}","{'rs_3m': -8.7, 'rs_6m': -13.2, 'rs_line_percentile': 43.6, 'rs_line_at_new_high': False, 'rs_line_trend': 'down', 'rs_line_score': 35}","{'roe_pct': 15.6, 'debt_to_equity': 0.82, 'current_ratio': 1.0, 'operating_margin_pct': 19.4}","{'days_to_earnings': 'N/A', 'recommendation': 'hold', 'analyst_upside_pct': 10.4}",17.67,33940068352,Consumer Defensive,Household & Personal Products,4.3,3.4,False,20.13,-12.2,4,False,-4.7,19.5,23.0,18.0,12.0,hold,10.4,14.56,-17.6,18.11,2.5,reportado,múltiplo propio,3.0,0.72,True,,5.45,0.96,4.7,97.7,0.84,,False,-0.26,,9,,6.9,Operating Income,6.2,3.4,42.0,2026-11-05,False,True,False,7,NEUTRAL,6.55,122.7,1.68,18.9,3.1,0.17,-15.8,2026-09-24T04:55:34.328575,,,,,,
PEP,"PepsiCo, Inc.",57.5,,trimestral,⭐ AVERAGE,🟡 Average,USD,USD,False,True,True,1.0,,85.0,60.0,24.0,45.0,55.0,15.0,2.6,False,down,136.0,True,1,6.4,True,1,"{'eps_growth_yoy': 136.0, 'op_growth_yoy': 10.2, 'crecimiento_respaldado': False, 'crecimiento_puntuado': 35.2, 'positive_quarters': 4, 'earnings_accelerating': True, 'eps_accel_quarters': 1, 'profit_margin_pct': 10.8, 'score_bruto_sin_capar': 100.0, 'satura': False}","{'revenue_growth_yoy': 6.4, 'revenue_accelerating': True, 'rev_accel_quarters': 1}","{'rs_3m': -12.3, 'rs_6m': -29.2, 'rs_line_percentile': 2.6, 'rs_line_at_new_high': False, 'rs_line_trend': 'down', 'rs_line_score': 15}","{'roe_pct': 51.5, 'debt_to_equity': 2.39, 'current_ratio': 0.93, 'operating_margin_pct': 16.8}","{'days_to_earnings': 'N/A', 'recommendation': 'hold', 'analyst_upside_pct': 17.3}",130.18,177825873920,Consumer Defensive,Beverages - Non-Alcoholic,1.7,3.2,False,171.48,-24.1,1,False,-5.1,152.65,180.0,124.0,22.0,hold,17.3,121.27,-6.8,176.67,35.7,reportado,múltiplo propio,4.0,0.18,False,,5.08,6.61,4.51,75.3,5.92,3.03,False,-0.29,,9,,12.9,Operating Income,12.7,54.8,14.0,2026-10-08,False,True,True,5,NEUTRAL,6.12,40.1,0.11,14.8,,,,2026-09-24T04:51:23.219912,,,,,,
OTIS,Otis Worldwide Corporation,57.0,,trimestral,⭐ AVERAGE,🟡 Average,USD,USD,False,True,True,1.0,,80.0,60.0,24.0,45.0,65.0,15.0,5.6,False,down,8.9,True,1,7.3,True,1,"{'eps_growth_yoy': 8.9, 'op_growth_yoy': 5.1, 'crecimiento_respaldado': True, 'positive_quarters': 4, 'earnings_accelerating': True, 'eps_accel_quarters': 1, 'profit_margin_pct': 10.2, 'score_bruto_sin_capar': 80.0, 'satura': False}","{'revenue_growth_yoy': 7.3, 'revenue_accelerating': True, 'rev_accel_quarters': 1}","{'rs_3m': -10.2, 'rs_6m': -28.8, 'rs_line_percentile': 5.6, 'rs_line_at_new_high': False, 'rs_line_trend': 'down', 'rs_line_score': 15}","{'current_ratio': 0.83, 'operating_margin_pct': 15.1}","{'days_to_earnings': 'N/A', 'recommendation': 'buy', 'analyst_upside_pct': 29.2}",68.32,26007328768,Industrials,Specialty Industrial Machinery,4.6,4.8,False,94.565,-27.8,0,False,-4.2,88.25,105.0,75.0,12.0,buy,29.2,79.35,16.1,96.06,40.6,reportado,múltiplo propio,4.0,0.13,False,,6.61,4.52,2.59,43.7,1.76,1.5,True,-3.11,,9,,,,,9.1,34.0,2026-10-28,False,True,False,6,NEUTRAL,6.46,171.1,1.16,22.9,,,,2026-09-24T04:49:55.608348,,,,,,
INTU,Intuit Inc.,56.6,,trimestral,⭐ AVERAGE,🟡 Average,USD,USD,False,True,True,1.0,,55.0,60.0,26.7,85.0,70.0,15.0,3.9,False,flat,-4.7,False,0,13.7,False,0,"{'eps_growth_yoy': -4.7, 'op_growth_yoy': 125.9, 'crecimiento_respaldado': True, 'positive_quarters': 4, 'earnings_accelerating': False, 'eps_accel_quarters': 0, 'profit_margin_pct': 21.3, 'score_bruto_sin_capar': 55.0, 'satura': False}","{'revenue_growth_yoy': 13.7, 'revenue_accelerating': False, 'rev_accel_quarters': 0}","{'rs_3m': 5.0, 'rs_6m': -50.7, 'rs_line_percentile': 3.9, 'rs_line_at_new_high': False, 'rs_line_trend': 'flat', 'rs_line_score': 15}","{'roe_pct': 23.6, 'debt_to_equity': 0.44, 'current_ratio': 1.51, 'operating_margin_pct': 17.6}","{'days_to_earnings': 'N/A', 'recommendation': 'buy', 'analyst_upside_pct': 41.4}",286.8,76643278848,Technology,Software - Application,3.4,2.0,False,703.96,-59.3,0,False,-11.7,405.6,732.0,290.0,31.0,buy,41.4,693.1,141.7,,,reportado,,,,,,11.24,32.24,1.89,29.2,5.52,0.68,True,-3.55,,9,,24.1,Operating Income,24.5,-1.0,56.0,2026-11-19,False,True,False,8,STRONG,7.93,91.1,,44.2,0.4,0.01,-43.8,2026-09-24T04:47:41.609736,,,múltiplo propio 58x fuera del rango 8-45,,,
RELX,RELX PLC,56.2,,anual,⭐ AVERAGE,🟡 Average,USD,GBP,True,True,True,1.0,,75.0,50.0,38.7,50.0,60.0,15.0,12.7,False,flat,6.8,False,0,1.7,False,0,"{'eps_growth_yoy': 6.8, 'op_growth_yoy': 5.9, 'crecimiento_respaldado': True, 'positive_quarters': 4, 'earnings_accelerating': False, 'eps_accel_quarters': 0, 'profit_margin_pct': 23.3, 'score_bruto_sin_capar': 75.0, 'satura': False}","{'revenue_growth_yoy': 1.7, 'revenue_accelerating': False, 'rev_accel_quarters': 0}","{'rs_3m': 2.7, 'rs_6m': -12.3, 'rs_line_percentile': 12.7, 'rs_line_at_new_high': False, 'rs_line_trend': 'flat', 'rs_line_score': 15}","{'roe_pct': 131.9, 'debt_to_equity': 7.1, 'current_ratio': 0.45, 'operating_margin_pct': 32.0}","{'days_to_earnings': 'N/A', 'recommendation': 'none', 'analyst_upside_pct': 59.7}",33.22,57754456064,Industrials,Specialty Business Services,0.3,2.8,False,47.97,-30.7,1,False,-4.8,53.05,57.0,49.1,2.0,none,59.7,40.07,20.6,62.99,89.6,reportado,múltiplo propio,4.0,0.32,False,,5.7,1.89,2.77,53.4,0.91,2.01,,,,9,,,,,12.2,140.0,2027-02-11,False,True,False,7,NEUTRAL,1.24,1876.1,0.63,37.6,6.3,0.17,-31.3,2026-09-24T04:46:03.692560,,,,,,
ERIE,Erie Indemnity Company,56.0,,trimestral,⭐ AVERAGE,🟡 Average,USD,USD,False,True,True,0.8833,acciones × precio no cuadra (ratio 0.8833) pero la divisa sí: son clases múltiples. Se usan 52 M de acciones efectivas (capitalización ÷ precio) en vez de las 46 M declaradas,70.0,50.0,24.0,85.0,50.0,15.0,9.5,False,down,3.2,False,0,1.7,False,0,"{'eps_growth_yoy': 3.2, 'positive_quarters': 4, 'earnings_accelerating': False, 'eps_accel_quarters': 0, 'profit_margin_pct': 14.0, 'score_bruto_sin_capar': 70.0, 'satura': False}","{'revenue_growth_yoy': 1.7, 'revenue_accelerating': False, 'rev_accel_quarters': 0}","{'rs_3m': -5.9, 'rs_6m': -22.5, 'rs_line_percentile': 9.5, 'rs_line_at_new_high': False, 'rs_line_trend': 'down', 'rs_line_score': 15}","{'roe_pct': 24.8, 'debt_to_equity': 0.03, 'current_ratio': 1.25, 'operating_margin_pct': 19.1}","{'days_to_earnings': 'N/A', 'recommendation': 'none'}",225.77,11805484032,Financial Services,Insurance Brokers,10.5,7.8,True,330.54,-31.7,0,False,-7.9,,,,,none,,,,383.82,70.0,reportado,múltiplo propio,4.0,0.4,False,,4.93,11.13,2.5,64.6,5.85,1.8,False,,,7,,,,,1.6,35.0,2026-10-29,False,True,False,4,NEUTRAL,,,5.04,31.7,1.6,0.05,-30.1,2026-09-24T04:48:38.298174,52289870.0,"Insurance Brokers: el flujo operativo son depósitos, préstamos o primas, no caja libre para el accionista",,,,
AJG,Arthur J. Gallagher & Co.,56.0,,trimestral,⭐ AVERAGE,🟡 Average,USD,USD,False,True,True,1.0,,50.0,70.0,36.0,65.0,65.0,15.0,19.7,False,down,-12.0,False,0,24.2,False,0,"{'eps_growth_yoy': -12.0, 'op_growth_yoy': -6.1, 'crecimiento_respaldado': True, 'positive_quarters': 4, 'earnings_accelerating': False, 'eps_accel_quarters': 0, 'profit_margin_pct': 10.4, 'score_bruto_sin_capar': 50.0, 'satura': False}","{'revenue_growth_yoy': 24.2, 'revenue_accelerating': False, 'rev_accel_quarters': 0}","{'rs_3m': -0.5, 'rs_6m': -10.7, 'rs_line_percentile': 19.7, 'rs_line_at_new_high': False, 'rs_line_trend': 'down', 'rs_line_score': 15}","{'roe_pct': 6.7, 'debt_to_equity': 0.59, 'current_ratio': 1.05, 'operating_margin_pct': 19.2}","{'days_to_earnings': 'N/A', 'recommendation': 'buy', 'analyst_upside_pct': 26.4}",229.64,58866143232,Financial Services,Insurance Brokers,2.6,5.1,False,313.55,-26.8,2,False,-9.1,290.22,388.0,250.0,18.0,buy,26.4,,,263.48,14.7,reportado,múltiplo propio,4.0,0.33,False,,3.91,8.98,1.22,44.8,2.8,1.01,False,-0.67,,9,,4.2,Operating Income,4.1,-10.7,35.0,2026-10-29,False,True,False,6,NEUTRAL,3.57,79.3,,35.2,0.2,0.01,-35.0,2026-09-24T04:48:53.889371,,"Insurance Brokers: el flujo operativo son depósitos, préstamos o primas, no caja libre para el accionista",,,,
CHD,"Church & Dwight Co., Inc.",55.0,,trimestral,⭐ AVERAGE,🟡 Average,USD,USD,False,True,True,1.0,,60.0,50.0,36.0,75.0,60.0,15.0,17.5,False,flat,-1.7,True,1,0.1,False,0,"{'eps_growth_yoy': -1.7, 'op_growth_yoy': -1.5, 'crecimiento_respaldado': True, 'positive_quarters': 4, 'earnings_accelerating': True, 'eps_accel_quarters': 1, 'profit_margin_pct': 12.0, 'score_bruto_sin_capar': 60.0, 'satura': False}","{'revenue_growth_yoy': 0.1, 'revenue_accelerating': False, 'rev_accel_quarters': 0}","{'rs_3m': -7.2, 'rs_6m': -14.6, 'rs_line_percentile': 17.5, 'rs_line_at_new_high': False, 'rs_line_trend': 'flat', 'rs_line_score': 15}","{'roe_pct': 17.0, 'debt_to_equity': 0.56, 'current_ratio': 1.15, 'operating_margin_pct': 18.1}","{'days_to_earnings': 'N/A', 'recommendation': 'buy', 'analyst_upside_pct': 9.5}",96.02,22776317952,Consumer Defensive,Household & Personal Products,5.7,6.6,False,106.04,-9.4,4,False,-2.6,105.11,115.0,78.0,19.0,buy,9.5,103.94,8.2,93.54,-2.6,reportado,múltiplo propio,3.0,0.61,True,2024-12-31,5.0,4.8,1.28,38.6,1.23,1.16,True,-3.33,,9,,11.2,Operating Income,10.9,6.3,36.0,2026-10-30,False,True,False,7,NEUTRAL,4.32,116.9,2.64,19.0,,,,2026-09-24T04:50:13.868177,,,,,,
ABT,Abbott Laboratories,54.6,,trimestral,⭐ AVERAGE,🟡 Average,USD,USD,False,True,True,1.0,,50.0,50.0,50.3,70.0,65.0,35.0,26.2,False,up,-18.7,False,0,7.8,False,0,"{'eps_growth_yoy': -18.7, 'op_growth_yoy': -20.6, 'crecimiento_respaldado': True, 'positive_quarters': 4, 'earnings_accelerating': False, 'eps_accel_quarters': 0, 'profit_margin_pct': 11.6, 'score_bruto_sin_capar': 50.0, 'satura': False}","{'revenue_growth_yoy': 7.8, 'revenue_accelerating': False, 'rev_accel_quarters': 0}","{'rs_3m': 10.4, 'rs_6m': -16.7, 'rs_line_percentile': 26.2, 'rs_line_at_new_high': False, 'rs_line_trend': 'up', 'rs_line_score': 35}","{'roe_pct': 10.6, 'debt_to_equity': 0.63, 'current_ratio': 1.38, 'operating_margin_pct': 14.7}","{'days_to_earnings': 'N/A', 'recommendation': 'buy', 'analyst_upside_pct': 16.2}",103.49,179077365760,Healthcare,Medical Devices,1.4,2.8,False,136.83,-24.4,2,False,-2.7,120.26,135.0,103.0,25.0,buy,16.2,82.92,-19.9,79.68,-23.0,reportado,múltiplo propio,3.0,0.73,True,2023-12-31,4.32,4.47,2.43,79.0,2.52,1.87,False,-0.46,,9,,14.4,Operating Income,16.2,-47.5,20.0,2026-10-14,False,True,True,6,NEUTRAL,3.89,37.8,,18.3,,,,2026-09-24T04:50:25.961876,,,,,,
MKC,"McCormick & Company, Incorporated",54.3,,trimestral,⭐ AVERAGE,🟡 Average,USD,USD,False,True,True,0.945,acciones × precio no cuadra (ratio 0.9450) pero la divisa sí: son clases múltiples. Se usan 269 M de acciones efectivas (capitalización ÷ precio) en vez de las 254 M declaradas,55.0,70.0,24.0,60.0,65.0,15.0,7.8,False,down,-14.2,False,0,16.7,True,1,"{'eps_growth_yoy': -14.2, 'op_growth_yoy': 30.1, 'crecimiento_respaldado': True, 'positive_quarters': 4, 'earnings_accelerating': False, 'eps_accel_quarters': 0, 'profit_margin_pct': 21.9, 'score_bruto_sin_capar': 55.0, 'satura': False}","{'revenue_growth_yoy': 16.7, 'revenue_accelerating': True, 'rev_accel_quarters': 1}","{'rs_3m': -0.8, 'rs_6m': -21.6, 'rs_line_percentile': 7.8, 'rs_line_at_new_high': False, 'rs_line_trend': 'down', 'rs_line_score': 15}","{'roe_pct': 24.7, 'debt_to_equity': 0.65, 'current_ratio': 0.78, 'operating_margin_pct': 17.4}","{'days_to_earnings': 'N/A', 'recommendation': 'buy', 'analyst_upside_pct': 22.4}",49.09,13197922304,Consumer Defensive,Packaged Foods,,0.0,False,72.41,-32.2,0,False,-6.4,60.08,75.0,52.0,13.0,buy,22.4,77.0,56.9,,,reportado,múltiplo propio,4.0,0.34,False,,7.65,3.76,3.89,30.9,1.92,2.11,False,-0.11,,9,,5.8,Operating Income,5.5,-9.9,7.0,2026-10-01,True,True,False,6,NEUTRAL,5.94,65.6,,19.6,1.6,0.08,-18.0,2026-09-24T04:51:50.385235,268851544.0,,"objetivo 148 sobre un precio de 49 (+202%): el BPA no cuadra con el múltiplo histórico, no se publica",,,
PG,The Procter & Gamble Company,53.7,,trimestral,⭐ AVERAGE,🟡 Average,USD,USD,False,True,True,1.0,,50.0,60.0,36.0,70.0,60.0,15.0,13.0,False,flat,-15.8,False,0,1.5,True,1,"{'eps_growth_yoy': -15.8, 'op_growth_yoy': -9.3, 'crecimiento_respaldado': True, 'positive_quarters': 4, 'earnings_accelerating': False, 'eps_accel_quarters': 0, 'profit_margin_pct': 18.4, 'score_bruto_sin_capar': 50.0, 'satura': False}","{'revenue_growth_yoy': 1.5, 'revenue_accelerating': True, 'rev_accel_quarters': 1}","{'rs_3m': -7.2, 'rs_6m': -13.0, 'rs_line_percentile': 13.0, 'rs_line_at_new_high': False, 'rs_line_trend': 'flat', 'rs_line_score': 15}","{'roe_pct': 30.3, 'debt_to_equity': 0.64, 'current_ratio': 0.68, 'operating_margin_pct': 22.1}","{'days_to_earnings': 'N/A', 'recommendation': 'buy', 'analyst_upside_pct': 9.0}",147.39,342338666496,Consumer Defensive,Household & Personal Products,1.2,3.1,False,167.25,-11.9,5,False,1.0,160.61,186.0,143.0,23.0,buy,9.0,132.15,-10.3,155.65,5.6,reportado,múltiplo propio,4.0,0.16,False,,4.42,6.51,2.94,64.3,4.35,2.5,True,-1.27,,9,,22.5,Operating Income,24.3,-10.8,28.0,2026-10-22,False,True,False,6,NEUTRAL,5.36,77.9,,14.2,,,,2026-09-24T04:47:49.445731,,,,,,
JKHY,"Jack Henry & Associates, Inc.",53.6,,trimestral,⭐ AVERAGE,🟡 Average,USD,USD,False,True,True,1.0,,50.0,50.0,30.3,90.0,65.0,15.0,24.1,False,flat,-12.8,False,0,4.7,False,0,"{'eps_growth_yoy': -12.8, 'op_growth_yoy': -12.2, 'crecimiento_respaldado': True, 'positive_quarters': 4, 'earnings_accelerating': False, 'eps_accel_quarters': 0, 'profit_margin_pct': 19.8, 'score_bruto_sin_capar': 50.0, 'satura': False}","{'revenue_growth_yoy': 4.7, 'revenue_accelerating': False, 'rev_accel_quarters': 0}","{'rs_3m': 11.4, 'rs_6m': -23.4, 'rs_line_percentile': 24.1, 'rs_line_at_new_high': False, 'rs_line_trend': 'flat', 'rs_line_score': 15}","{'roe_pct': 24.0, 'debt_to_equity': 0.04, 'current_ratio': 1.17, 'operating_margin_pct': 22.5}","{'days_to_earnings': 'N/A', 'recommendation': 'buy', 'analyst_upside_pct': 28.3}",148.33,10399803392,Technology,Information Technology Services,7.1,4.5,False,193.39,-23.3,1,False,-5.8,190.24,209.0,170.0,17.0,buy,28.3,164.14,10.7,203.35,37.1,reportado,múltiplo propio,4.0,0.41,False,,4.87,7.22,1.64,34.1,2.44,1.22,True,-2.92,,9,,117.9,Operating Income,122.2,-10.4,40.0,2026-11-03,False,True,False,7,NEUTRAL,6.07,202.7,,34.8,1.6,0.04,-33.2,2026-09-24T04:51:57.890959,,,,,,
VRSK,"Verisk Analytics, Inc.",53.0,,trimestral,⭐ AVERAGE,🟡 Average,USD,USD,False,True,True,1.0,,55.0,60.0,24.0,65.0,70.0,15.0,8.4,False,down,-9.8,False,0,4.4,True,1,"{'eps_growth_yoy': -9.8, 'op_growth_yoy': 2.7, 'crecimiento_respaldado': True, 'positive_quarters': 4, 'earnings_accelerating': False, 'eps_accel_quarters': 0, 'profit_margin_pct': 28.2, 'score_bruto_sin_capar': 55.0, 'satura': False}","{'revenue_growth_yoy': 4.4, 'revenue_accelerating': True, 'rev_accel_quarters': 1}","{'rs_3m': -9.2, 'rs_6m': -28.8, 'rs_line_percentile': 8.4, 'rs_line_at_new_high': False, 'rs_line_trend': 'down', 'rs_line_score': 15}","{'current_ratio': 1.0, 'operating_margin_pct': 45.1}","{'days_to_earnings': 'N/A', 'recommendation': 'buy', 'analyst_upside_pct': 36.7}",171.8,22360803328,Industrials,Consulting Services,3.0,2.6,False,253.35,-32.2,0,False,-8.7,234.76,260.0,195.0,17.0,buy,36.7,198.75,15.7,222.81,29.7,reportado,múltiplo propio,3.0,0.35,True,2023-12-31,5.63,9.67,1.16,29.2,2.0,0.63,True,-6.76,,9,,7.0,Operating Income,6.9,-2.4,34.0,2026-10-28,False,True,False,7,NEUTRAL,5.09,113.2,,38.6,,,,2026-09-24T04:46:00.316714,,,,,,
ZTS,Zoetis Inc.,53.0,,trimestral,⭐ AVERAGE,🟡 Average,USD,USD,False,True,True,1.0,,75.0,40.0,24.0,65.0,60.0,15.0,0.8,False,down,-4.8,True,2,-0.2,True,1,"{'eps_growth_yoy': -4.8, 'op_growth_yoy': 0.2, 'crecimiento_respaldado': True, 'positive_quarters': 4, 'earnings_accelerating': True, 'eps_accel_quarters': 2, 'profit_margin_pct': 27.7, 'score_bruto_sin_capar': 75.0, 'satura': False}","{'revenue_growth_yoy': -0.2, 'revenue_accelerating': True, 'rev_accel_quarters': 1}","{'rs_3m': -12.6, 'rs_6m': -55.0, 'rs_line_percentile': 0.8, 'rs_line_at_new_high': False, 'rs_line_trend': 'down', 'rs_line_score': 15}","{'roe_pct': 64.9, 'debt_to_equity': 2.94, 'current_ratio': 3.08, 'operating_margin_pct': 40.7}","{'days_to_earnings': 'N/A', 'recommendation': 'none', 'analyst_upside_pct': 34.1}",71.61,29590943744,Healthcare,Drug Manufacturers - Specialty & Generic,5.3,3.0,False,148.79,-51.9,0,False,-4.7,96.0,155.0,80.0,15.0,none,34.1,115.88,61.8,,,reportado,múltiplo propio,4.0,0.56,False,,7.5,5.37,2.91,33.6,2.12,0.95,True,-6.24,,9,,15.1,Operating Income,14.7,0.6,40.0,2026-11-03,False,True,False,6,NEUTRAL,9.68,42.3,9.14,21.2,,,,2026-09-24T04:47:23.418059,,,"objetivo 181 sobre un precio de 72 (+152%): el BPA no cuadra con el múltiplo histórico, no se publica",,,
AON,Aon plc,52.8,,trimestral,⭐ AVERAGE,🟡 Average,USD,USD,False,True,True,1.0,,55.0,50.0,24.0,80.0,70.0,15.0,0.0,False,down,-4.8,False,0,2.2,False,0,"{'eps_growth_yoy': -4.8, 'op_growth_yoy': 6.1, 'crecimiento_respaldado': True, 'positive_quarters': 4, 'earnings_accelerating': False, 'eps_accel_quarters': 0, 'profit_margin_pct': 22.3, 'score_bruto_sin_capar': 55.0, 'satura': False}","{'revenue_growth_yoy': 2.2, 'revenue_accelerating': False, 'rev_accel_quarters': 0}","{'rs_3m': -18.1, 'rs_6m': -31.0, 'rs_line_percentile': 0.0, 'rs_line_at_new_high': False, 'rs_line_trend': 'down', 'rs_line_score': 15}","{'roe_pct': 44.7, 'debt_to_equity': 1.63, 'current_ratio': 1.03, 'operating_margin_pct': 23.5}","{'days_to_earnings': 'N/A', 'recommendation': 'buy', 'analyst_upside_pct': 36.3}",281.6,59734523904,Financial Services,Insurance Brokers,1.8,4.2,False,382.34,-26.3,1,False,-17.7,383.84,435.0,264.0,19.0,buy,36.3,,,418.45,48.6,reportado,múltiplo propio,4.0,0.33,False,,5.47,15.4,1.15,16.8,3.28,0.77,True,-1.56,,9,,6.6,Operating Income,7.7,-2.1,36.0,2026-10-30,False,True,False,8,STRONG,6.31,119.9,,40.9,,,,2026-09-24T04:48:12.921863,,"Insurance Brokers: el flujo operativo son depósitos, préstamos o primas, no caja libre para el accionista",,,,
GVDNY,Givaudan SA,52.5,,anual,⭐ AVERAGE,🟡 Average,USD,CHF,True,True,True,1.0,"FCF declarado (734,741,086) se aparta del derivado de flujo operativo menos capex (1,451,705,966)",50.0,50.0,47.6,70.0,50.0,35.0,38.6,False,down,-1.7,False,0,0.8,False,0,"{'eps_growth_yoy': -1.7, 'op_growth_yoy': -2.2, 'crecimiento_respaldado': True, 'positive_quarters': 4, 'earnings_accelerating': False, 'eps_accel_quarters': 0, 'profit_margin_pct': 12.9, 'score_bruto_sin_capar': 50.0, 'satura': False}","{'revenue_growth_yoy': 0.8, 'revenue_accelerating': False, 'rev_accel_quarters': 0}","{'rs_3m': -6.0, 'rs_6m': 7.4, 'rs_line_percentile': 38.6, 'rs_line_at_new_high': False, 'rs_line_trend': 'down', 'rs_line_score': 35}","{'roe_pct': 22.3, 'debt_to_equity': 1.11, 'current_ratio': 1.29, 'operating_margin_pct': 18.8}","{'days_to_earnings': 'N/A', 'recommendation': 'none', 'analyst_upside_pct': 2.3}",82.96,38291501056,Basic Materials,Specialty Chemicals,,,False,90.69,-8.5,4,False,2.5,84.88,97.14,72.61,2.0,none,2.3,63.19,-23.8,84.17,1.5,reportado,múltiplo propio,4.0,0.29,False,,3.79,3.14,2.16,71.1,1.82,1.88,,,,9,,,,,-10.0,125.0,2027-01-27,False,True,False,7,NEUTRAL,3.2,33.7,,24.9,,,,2026-09-24T04:47:57.085099,,,,,,
EFX,Equifax Inc.,52.3,,trimestral,⭐ AVERAGE,🟡 Average,USD,USD,False,True,True,1.0,,60.0,60.0,24.0,50.0,70.0,15.0,0.0,False,down,-3.9,True,1,10.6,False,0,"{'eps_growth_yoy': -3.9, 'op_growth_yoy': 1.1, 'crecimiento_respaldado': True, 'positive_quarters': 4, 'earnings_accelerating': True, 'eps_accel_quarters': 1, 'profit_margin_pct': 10.7, 'score_bruto_sin_capar': 60.0, 'satura': False}","{'revenue_growth_yoy': 10.6, 'revenue_accelerating': False, 'rev_accel_quarters': 0}","{'rs_3m': -6.0, 'rs_6m': -25.3, 'rs_line_percentile': 0.0, 'rs_line_at_new_high': False, 'rs_line_trend': 'down', 'rs_line_score': 15}","{'roe_pct': 14.3, 'debt_to_equity': 1.21, 'current_ratio': 0.6, 'operating_margin_pct': 17.3}","{'days_to_earnings': 'N/A', 'recommendation': 'buy', 'analyst_upside_pct': 38.0}",155.32,18247755776,Industrials,Consulting Services,7.7,7.2,False,258.4,-39.9,0,False,-12.5,214.38,245.0,179.0,21.0,buy,38.0,116.01,-25.3,,,reportado,,,,,,6.2,9.63,1.4,37.3,2.24,0.73,True,-4.64,,9,,5.2,Operating Income,5.2,0.7,26.0,2026-10-20,False,True,False,8,STRONG,4.62,56.7,21.84,31.7,,,,2026-09-24T04:53:48.689401,,,múltiplo propio 46x fuera del rango 8-45,,,
HESAY,Hermès International Société en commandite par actions,52.2,,anual,⭐ AVERAGE,🟡 Average,USD,EUR,True,True,True,1.0,,55.0,50.0,15.0,95.0,60.0,15.0,0.0,False,down,-1.7,False,0,5.5,False,0,"{'eps_growth_yoy': -1.7, 'op_growth_yoy': 7.4, 'crecimiento_respaldado': True, 'positive_quarters': 4, 'earnings_accelerating': False, 'eps_accel_quarters': 0, 'profit_margin_pct': 28.0, 'score_bruto_sin_capar': 55.0, 'satura': False}","{'revenue_growth_yoy': 5.5, 'revenue_accelerating': False, 'rev_accel_quarters': 0}","{'rs_3m': -21.7, 'rs_6m': -36.6, 'rs_line_percentile': 0.0, 'rs_line_at_new_high': False, 'rs_line_trend': 'down', 'rs_line_score': 15}","{'roe_pct': 25.5, 'debt_to_equity': 0.12, 'current_ratio': 4.54, 'operating_margin_pct': 42.2}","{'days_to_earnings': 'N/A', 'recommendation': 'none', 'analyst_upside_pct': 48.8}",153.03,160285966336,Consumer Cyclical,Luxury Goods,,,False,265.89,-42.4,0,False,-14.2,227.67,238.0,215.0,3.0,none,48.8,99.46,-35.0,,,reportado,,,,,,3.36,5.14,1.36,41.8,2.11,0.61,,,,9,,,,,-0.1,140.0,2027-02-11,False,True,False,8,STRONG,4.46,36.8,,23.3,,,,2026-09-24T04:47:09.059827,,,múltiplo propio 52x fuera del rango 8-45,,,
LRLCY,L'Oréal S.A.,50.7,,anual,⭐ AVERAGE,🟡 Average,USD,EUR,True,True,True,1.0,,50.0,50.0,36.0,70.0,55.0,15.0,6.6,False,flat,-4.4,False,0,1.3,False,0,"{'eps_growth_yoy': -4.4, 'op_growth_yoy': 2.4, 'crecimiento_respaldado': True, 'positive_quarters': 4, 'earnings_accelerating': False, 'eps_accel_quarters': 0, 'profit_margin_pct': 13.9, 'score_bruto_sin_capar': 50.0, 'satura': False}","{'revenue_growth_yoy': 1.3, 'revenue_accelerating': False, 'rev_accel_quarters': 0}","{'rs_3m': -6.1, 'rs_6m': -8.0, 'rs_line_percentile': 6.6, 'rs_line_at_new_high': False, 'rs_line_trend': 'flat', 'rs_line_score': 15}","{'roe_pct': 19.4, 'debt_to_equity': 0.49, 'current_ratio': 0.97, 'operating_margin_pct': 21.3}","{'days_to_earnings': 'N/A', 'recommendation': 'none', 'analyst_upside_pct': 19.1}",86.51,230397689856,Consumer Defensive,Household & Personal Products,,,False,95.48,-9.4,4,False,-1.8,103.07,107.0,100.0,3.0,none,19.1,58.0,-33.0,89.26,3.2,reportado,múltiplo propio,4.0,0.37,False,,3.79,3.28,1.88,61.1,1.68,1.57,,,,9,,,,,2.7,138.0,2027-02-09,False,True,False,6,NEUTRAL,3.66,70.0,4.56,21.3,,,,2026-09-24T04:48:49.650396,,,,,,
NVR,"NVR, Inc.",50.5,,trimestral,⭐ AVERAGE,🟡 Average,USD,USD,False,True,True,1.0,,60.0,40.0,24.0,85.0,50.0,15.0,11.8,False,down,-29.1,True,1,-10.5,True,1,"{'eps_growth_yoy': -29.1, 'op_growth_yoy': -27.0, 'crecimiento_respaldado': True, 'positive_quarters': 4, 'earnings_accelerating': True, 'eps_accel_quarters': 1, 'profit_margin_pct': 11.8, 'score_bruto_sin_capar': 60.0, 'satura': False}","{'revenue_growth_yoy': -10.5, 'revenue_accelerating': True, 'rev_accel_quarters': 1}","{'rs_3m': -12.6, 'rs_6m': -21.5, 'rs_line_percentile': 11.8, 'rs_line_at_new_high': False, 'rs_line_trend': 'down', 'rs_line_score': 15}","{'roe_pct': 31.5, 'debt_to_equity': 0.32, 'current_ratio': 5.67, 'operating_margin_pct': 13.9}","{'days_to_earnings': 'N/A', 'recommendation': 'hold', 'analyst_upside_pct': 7.6}",6241.61,16715985920,Consumer Cyclical,Residential Construction,6.2,3.3,False,8200.0,-23.9,1,False,-1.2,6717.8,7400.0,5664.0,5.0,hold,7.6,5804.32,-7.0,5919.46,-5.2,reportado,múltiplo propio,4.0,0.47,False,,6.23,388.85,,,,,True,-8.42,,9,,49.8,Operating Income,52.9,-9.0,27.0,2026-10-21,False,True,False,5,NEUTRAL,10.16,38.9,,19.8,,,,2026-09-24T04:54:47.872576,,,,,,
SXYAY,Sika AG,50.2,,anual,⭐ AVERAGE,🟡 Average,USD,CHF,True,True,True,1.0,"FCF declarado (1,242,508,541) se aparta del derivado de flujo operativo menos capex (1,660,947,312)",45.0,30.0,68.7,70.0,50.0,60.0,55.3,False,up,-16.2,False,0,-4.8,False,0,"{'eps_growth_yoy': -16.2, 'op_growth_yoy': -11.1, 'crecimiento_respaldado': True, 'positive_quarters': 4, 'earnings_accelerating': False, 'eps_accel_quarters': 0, 'profit_margin_pct': 9.4, 'score_bruto_sin_capar': 45.0, 'satura': False}","{'revenue_growth_yoy': -4.8, 'revenue_accelerating': False, 'rev_accel_quarters': 0}","{'rs_3m': 5.8, 'rs_6m': 23.8, 'rs_line_percentile': 55.3, 'rs_line_at_new_high': False, 'rs_line_trend': 'up', 'rs_line_score': 60}","{'roe_pct': 16.0, 'debt_to_equity': 0.89, 'current_ratio': 1.3, 'operating_margin_pct': 14.3}","{'days_to_earnings': 'N/A', 'recommendation': 'none', 'analyst_upside_pct': 15.0}",22.31,35793993728,Basic Materials,Specialty Chemicals,,,False,24.21,-7.8,6,False,-0.2,25.65,26.3,25.0,2.0,none,15.0,12.38,-44.5,22.78,2.1,reportado,múltiplo propio,4.0,0.58,False,,4.64,1.04,2.0,57.0,0.46,1.36,,,,9,,,,,-0.3,,,False,False,False,7,NEUTRAL,3.7,45.8,,20.5,,,,2026-09-24T04:50:03.223420,,,,,,
ESLOY,EssilorLuxottica Société anonyme,50.0,,anual,⭐ AVERAGE,🟡 Average,USD,EUR,True,True,True,1.0,,45.0,70.0,24.0,55.0,60.0,15.0,3.6,False,down,-1.9,False,0,7.5,True,2,"{'eps_growth_yoy': -1.9, 'op_growth_yoy': -2.0, 'crecimiento_respaldado': True, 'positive_quarters': 4, 'earnings_accelerating': False, 'eps_accel_quarters': 0, 'profit_margin_pct': 8.5, 'score_bruto_sin_capar': 45.0, 'satura': False}","{'revenue_growth_yoy': 7.5, 'revenue_accelerating': True, 'rev_accel_quarters': 2}","{'rs_3m': -15.9, 'rs_6m': -39.7, 'rs_line_percentile': 3.6, 'rs_line_at_new_high': False, 'rs_line_trend': 'down', 'rs_line_score': 15}","{'roe_pct': 6.7, 'debt_to_equity': 0.38, 'current_ratio': 0.89, 'operating_margin_pct': 15.4}","{'days_to_earnings': 'N/A', 'recommendation': 'none', 'analyst_upside_pct': 69.0}",84.89,77882941440,Healthcare,Medical Instruments & Supplies,,,False,186.81,-54.6,0,False,-8.0,143.5,148.0,139.0,2.0,none,69.0,97.02,14.3,126.76,49.3,reportado,múltiplo propio,4.0,0.66,False,,5.77,4.9,2.79,74.3,2.32,1.58,,,,9,,,,,6.2,,,False,False,False,4,NEUTRAL,3.67,33.3,1.55,29.2,,,,2026-09-24T04:51:31.102678,,,,,,
VCISY,Vinci SA,49.8,,anual,⚠️ WEAK,🔴 Weak,USD,EUR,True,True,True,1.0,,65.0,50.0,24.0,50.0,55.0,15.0,0.0,False,down,0.8,False,0,4.0,False,0,"{'eps_growth_yoy': 0.8, 'op_growth_yoy': 5.0, 'crecimiento_respaldado': True, 'positive_quarters': 4, 'earnings_accelerating': False, 'eps_accel_quarters': 0, 'profit_margin_pct': 6.7, 'score_bruto_sin_capar': 65.0, 'satura': False}","{'revenue_growth_yoy': 4.0, 'revenue_accelerating': False, 'rev_accel_quarters': 0}","{'rs_3m': -19.2, 'rs_6m': -29.6, 'rs_line_percentile': 0.0, 'rs_line_at_new_high': False, 'rs_line_trend': 'down', 'rs_line_score': 15}","{'roe_pct': 16.3, 'debt_to_equity': 1.21, 'current_ratio': 0.82, 'operating_margin_pct': 11.2}","{'days_to_earnings': 'N/A', 'recommendation': 'none', 'analyst_upside_pct': 23.6}",31.42,69489885184,Industrials,Engineering & Construction,,,False,42.1,-25.4,1,False,-7.4,38.83,42.0,36.28,3.0,none,23.6,96.12,205.9,32.25,2.6,reportado,múltiplo propio,4.0,0.34,False,,14.33,4.5,4.53,55.6,1.46,3.67,,,,9,,,,,5.4,134.0,2027-02-05,False,True,False,7,NEUTRAL,9.09,54.0,0.96,20.6,,,,2026-09-24T04:52:49.667669,,,,,,
KHC,The Kraft Heinz Company,48.4,,trimestral,⚠️ WEAK,🔴 Weak,USD,USD,False,True,True,1.0,,58.0,40.0,38.7,55.0,50.0,15.0,22.8,False,down,,False,0,-1.4,True,1,"{'positive_quarters': 3, 'earnings_accelerating': False, 'eps_accel_quarters': 0, 'profit_margin_pct': -13.6, 'score_bruto_sin_capar': 58.0, 'satura': False}","{'revenue_growth_yoy': -1.4, 'revenue_accelerating': True, 'rev_accel_quarters': 1}","{'rs_3m': 0.5, 'rs_6m': -2.1, 'rs_line_percentile': 22.8, 'rs_line_at_new_high': False, 'rs_line_trend': 'down', 'rs_line_score': 15}","{'roe_pct': -8.8, 'debt_to_equity': 0.53, 'current_ratio': 1.06, 'operating_margin_pct': 15.5}","{'days_to_earnings': 'N/A', 'recommendation': 'hold', 'analyst_upside_pct': 7.1}",23.79,28210747392,Consumer Defensive,Packaged Foods,11.5,6.5,True,28.09,-15.3,5,False,-5.1,25.47,41.0,19.0,18.0,hold,7.1,47.2,98.4,,,reportado,,,,,,13.54,3.22,6.67,73.1,1.6,4.9,False,0.08,,9,,4.4,Operating Income,4.6,,34.0,2026-10-28,False,True,False,5,NEUTRAL,10.38,53.5,6.09,22.8,1.6,0.07,-21.2,2026-09-24T04:54:30.215387,,,,,,
WMT,Walmart Inc.,48.0,,trimestral,⚠️ WEAK,🔴 Weak,USD,USD,False,True,True,1.0,,45.0,60.0,24.0,55.0,65.0,15.0,16.6,False,down,-9.4,False,0,5.9,True,1,"{'eps_growth_yoy': -9.4, 'op_growth_yoy': 28.8, 'crecimiento_respaldado': True, 'positive_quarters': 4, 'earnings_accelerating': False, 'eps_accel_quarters': 0, 'profit_margin_pct': 3.0, 'score_bruto_sin_capar': 45.0, 'satura': False}","{'revenue_growth_yoy': 5.9, 'revenue_accelerating': True, 'rev_accel_quarters': 1}","{'rs_3m': -9.1, 'rs_6m': -27.3, 'rs_line_percentile': 16.6, 'rs_line_at_new_high': False, 'rs_line_trend': 'down', 'rs_line_score': 15}","{'roe_pct': 22.3, 'debt_to_equity': 0.72, 'current_ratio': 0.77, 'operating_margin_pct': 3.5}","{'days_to_earnings': 'N/A', 'recommendation': 'buy', 'analyst_upside_pct': 15.3}",110.53,879606431744,Consumer Defensive,Discount Stores,1.9,3.1,False,135.16,-18.2,4,False,1.0,127.42,155.0,81.0,40.0,buy,15.3,,,99.95,-9.6,reportado,múltiplo propio,4.0,0.42,False,,1.85,2.04,0.9,35.0,0.99,1.23,False,-0.47,,9,,13.7,Operating Income,13.4,-9.1,56.0,2026-11-19,False,True,False,7,NEUTRAL,3.15,19.0,,19.1,0.8,0.04,-18.3,2026-09-24T04:48:27.257098,,"el capex se lleva el 62% del flujo operativo: lo que queda no es lo que gana el dueño, es lo que sobra tras decidir invertir",,,,
TEVA,Teva Pharmaceutical Industries Limited,47.0,,trimestral,⚠️ WEAK,🔴 Weak,USD,USD,False,True,True,1.0,,38.0,40.0,79.1,25.0,60.0,95.0,91.3,False,up,-304.3,False,0,-0.8,True,1,"{'eps_growth_yoy': -304.3, 'op_growth_yoy': -83.4, 'crecimiento_respaldado': True, 'positive_quarters': 3, 'earnings_accelerating': False, 'eps_accel_quarters': 0, 'profit_margin_pct': 4.1, 'score_bruto_sin_capar': 38.0, 'satura': False}","{'revenue_growth_yoy': -0.8, 'revenue_accelerating': True, 'rev_accel_quarters': 1}","{'rs_3m': 9.2, 'rs_6m': 16.4, 'rs_line_percentile': 91.3, 'rs_line_at_new_high': False, 'rs_line_trend': 'up', 'rs_line_score': 95}","{'roe_pct': 9.7, 'debt_to_equity': 2.18, 'current_ratio': 0.88, 'operating_margin_pct': 4.0}","{'days_to_earnings': 'N/A', 'recommendation': 'strong_buy', 'analyst_upside_pct': 12.8}",39.01,45497073664,Healthcare,Drug Manufacturers - Specialty & Generic,,,False,40.79,-4.4,8,True,9.5,44.0,50.0,40.0,5.0,strong_buy,12.8,24.16,-38.1,,,normalizado,,,,,,3.07,1.2,,,,1.05,False,,,9,,3.6,Operating Income,1.8,,40.0,2026-11-03,False,True,False,8,STRONG,6.73,80.4,0.31,33.8,,,,2026-09-24T04:55:31.032689,,,sin histórico de múltiplo (beneficio negativo o pocos años),tasa fiscal efectiva 1.7% — el beneficio del periodo no es representativo,,
CL,Colgate-Palmolive Company,46.8,,trimestral,⚠️ WEAK,🔴 Weak,USD,USD,False,True,True,1.0,,38.0,50.0,36.0,65.0,60.0,15.0,8.5,False,down,-6.7,False,0,4.9,False,0,"{'eps_growth_yoy': -6.7, 'op_growth_yoy': -5.9, 'crecimiento_respaldado': True, 'positive_quarters': 3, 'earnings_accelerating': False, 'eps_accel_quarters': 0, 'profit_margin_pct': 9.7, 'score_bruto_sin_capar': 38.0, 'satura': False}","{'revenue_growth_yoy': 4.9, 'revenue_accelerating': False, 'rev_accel_quarters': 0}","{'rs_3m': -10.8, 'rs_6m': -14.6, 'rs_line_percentile': 8.5, 'rs_line_at_new_high': False, 'rs_line_trend': 'down', 'rs_line_score': 15}","{'roe_pct': 267.4, 'debt_to_equity': 13.88, 'current_ratio': 1.03, 'operating_margin_pct': 21.0}","{'days_to_earnings': 'N/A', 'recommendation': 'buy', 'analyst_upside_pct': 15.0}",85.93,68501057536,Consumer Defensive,Household & Personal Products,2.4,4.0,False,99.33,-13.5,4,False,-5.1,98.8,110.0,87.0,20.0,buy,15.0,104.33,21.4,70.89,-17.5,reportado,múltiplo propio,4.0,0.32,False,,5.68,4.88,2.44,82.3,2.12,2.33,True,-1.41,,9,,15.9,Operating Income,12.5,-3.8,36.0,2026-10-30,False,True,False,5,NEUTRAL,5.63,90.8,,14.1,0.2,0.01,-13.9,2026-09-24T04:51:01.121957,,,,,,
LEN,Lennar Corporation,46.8,,trimestral,⚠️ WEAK,🔴 Weak,USD,USD,False,True,True,0.8738,"acciones × precio no cuadra (ratio 0.8738) pero la divisa sí: son clases múltiples. Se usan 241 M de acciones efectivas (capitalización ÷ precio) en vez de las 211 M declaradas | FCF declarado (716,773,000) se aparta del derivado de flujo operativo menos capex (28,183,000)",55.0,40.0,24.0,70.0,50.0,15.0,6.2,False,down,-36.2,True,1,-5.2,True,1,"{'eps_growth_yoy': -36.2, 'op_growth_yoy': -35.4, 'crecimiento_respaldado': True, 'positive_quarters': 4, 'earnings_accelerating': True, 'eps_accel_quarters': 1, 'profit_margin_pct': 4.1, 'score_bruto_sin_capar': 55.0, 'satura': False}","{'revenue_growth_yoy': -5.2, 'revenue_accelerating': True, 'rev_accel_quarters': 1}","{'rs_3m': -16.6, 'rs_6m': -28.2, 'rs_line_percentile': 6.2, 'rs_line_at_new_high': False, 'rs_line_trend': 'down', 'rs_line_score': 15}","{'roe_pct': 6.0, 'debt_to_equity': 0.28, 'current_ratio': 11.39, 'operating_margin_pct': 5.8}","{'days_to_earnings': 'N/A', 'recommendation': 'hold', 'analyst_upside_pct': -1.8}",81.52,19637770240,Consumer Cyclical,Residential Construction,0.2,0.2,False,133.76,-39.1,0,False,-2.9,80.08,120.0,63.0,13.0,hold,-1.8,,,55.58,-31.8,reportado,múltiplo propio,4.0,1.11,True,,0.14,0.11,2.41,37.9,2.0,1.5,True,-6.98,,9,,,,,-19.2,82.0,2026-12-15,False,True,False,4,NEUTRAL,11.28,11.2,,35.8,0.8,0.02,-35.0,2026-09-24T04:55:12.811366,240895121.0,"el capex se lleva el 87% del flujo operativo: lo que queda no es lo que gana el dueño, es lo que sobra tras decidir invertir",,,,
LPX,Louisiana-Pacific Corporation,46.2,,trimestral,⚠️ WEAK,🔴 Weak,USD,USD,False,True,True,1.0,"FCF declarado (-21,000,000) se aparta del derivado de flujo operativo menos capex (-33,000,000)",38.0,50.0,24.0,70.0,70.0,15.0,7.8,False,down,-51.9,False,0,-12.1,True,2,"{'eps_growth_yoy': -51.9, 'op_growth_yoy': -64.4, 'crecimiento_respaldado': True, 'positive_quarters': 3, 'earnings_accelerating': False, 'eps_accel_quarters': 0, 'profit_margin_pct': 2.2, 'score_bruto_sin_capar': 38.0, 'satura': False}","{'revenue_growth_yoy': -12.1, 'revenue_accelerating': True, 'rev_accel_quarters': 2}","{'rs_3m': -19.1, 'rs_6m': -24.3, 'rs_line_percentile': 7.8, 'rs_line_at_new_high': False, 'rs_line_trend': 'down', 'rs_line_score': 15}","{'roe_pct': 3.1, 'debt_to_equity': 0.22, 'current_ratio': 3.22, 'operating_margin_pct': 5.3}","{'days_to_earnings': 'N/A', 'recommendation': 'buy', 'analyst_upside_pct': 35.4}",68.02,4756190208,Industrials,Building Products & Equipment,10.9,6.4,True,100.34,-32.2,0,False,-4.8,92.07,107.0,74.0,14.0,buy,35.4,,,,,reportado,,,,,,-0.69,-0.47,1.76,150.6,1.2,1.27,False,0.0,,9,,7.4,Operating Income,6.1,-51.8,41.0,2026-11-04,False,True,False,5,NEUTRAL,5.28,11.5,,27.3,3.1,0.11,-24.2,2026-09-24T04:55:09.340693,,"el capex se lleva el 113% del flujo operativo: lo que queda no es lo que gana el dueño, es lo que sobra tras decidir invertir",los P/E históricos se separan 2.0x la mediana: el ancla la decidiría un año suelto,,,
KR,The Kroger Co.,45.7,,trimestral,⚠️ WEAK,🔴 Weak,USD,USD,False,True,True,1.0,,58.0,50.0,24.0,30.0,65.0,15.0,6.5,False,down,5.3,False,0,2.0,False,0,"{'eps_growth_yoy': 5.3, 'op_growth_yoy': 12.5, 'crecimiento_respaldado': True, 'positive_quarters': 3, 'earnings_accelerating': False, 'eps_accel_quarters': 0, 'profit_margin_pct': 0.7, 'score_bruto_sin_capar': 58.0, 'satura': False}","{'revenue_growth_yoy': 2.0, 'revenue_accelerating': False, 'rev_accel_quarters': 0}","{'rs_3m': -5.6, 'rs_6m': -36.3, 'rs_line_percentile': 6.5, 'rs_line_at_new_high': False, 'rs_line_trend': 'down', 'rs_line_score': 15}","{'roe_pct': 14.4, 'debt_to_equity': 4.13, 'current_ratio': 0.7, 'operating_margin_pct': 3.0}","{'days_to_earnings': 'N/A', 'recommendation': 'buy', 'analyst_upside_pct': 17.8}",57.64,34041530368,Consumer Defensive,Grocery Stores,4.7,4.8,False,76.58,-24.7,2,False,-0.2,67.91,85.0,57.0,22.0,buy,17.8,,,,,reportado,,,,,,8.38,4.83,2.66,75.7,1.56,2.04,True,-8.57,,9,,3.2,Operating Income,3.0,10.7,70.0,2026-12-03,False,True,False,7,NEUTRAL,3.34,6.1,0.68,29.8,0.8,0.03,-29.0,2026-09-24T04:54:34.087995,,"el capex se lleva el 57% del flujo operativo: lo que queda no es lo que gana el dueño, es lo que sobra tras decidir invertir",los P/E históricos se separan 1.7x la mediana: el ancla la decidiría un año suelto,,,
GPK,Graphic Packaging Holding Company,42.8,,trimestral,⚠️ WEAK,🔴 Weak,USD,USD,False,True,True,1.0,"FCF declarado (189,000,000) se aparta del derivado de flujo operativo menos capex (-129,000,000)",48.0,30.0,36.0,55.0,55.0,15.0,3.8,False,down,-76.9,True,1,-0.7,False,0,"{'eps_growth_yoy': -76.9, 'op_growth_yoy': -51.0, 'crecimiento_respaldado': True, 'positive_quarters': 3, 'earnings_accelerating': True, 'eps_accel_quarters': 1, 'profit_margin_pct': 2.2, 'score_bruto_sin_capar': 48.0, 'satura': False}","{'revenue_growth_yoy': -0.7, 'revenue_accelerating': False, 'rev_accel_quarters': 0}","{'rs_3m': -14.1, 'rs_6m': -7.5, 'rs_line_percentile': 3.8, 'rs_line_at_new_high': False, 'rs_line_trend': 'down', 'rs_line_score': 15}","{'roe_pct': 6.0, 'debt_to_equity': 1.76, 'current_ratio': 1.38, 'operating_margin_pct': 4.5}","{'days_to_earnings': 'N/A', 'recommendation': 'hold', 'analyst_upside_pct': 28.4}",9.66,2860051456,Consumer Cyclical,Packaging & Containers,8.8,5.1,True,19.71,-51.0,0,False,-10.4,12.4,18.0,10.0,11.0,hold,28.4,,,7.18,-25.7,reportado,múltiplo propio,4.0,0.21,False,,-4.51,-0.44,4.6,67.7,0.44,1.79,True,-1.62,,9,,2.4,Operating Income,2.0,-30.6,46.0,2026-11-09,False,True,False,5,NEUTRAL,10.11,13.3,,42.5,6.3,0.15,-36.2,2026-09-24T04:55:41.898808,,"el capex se lleva el 116% del flujo operativo: lo que queda no es lo que gana el dueño, es lo que sobra tras decidir invertir",,,,
TLC.AX,The Lottery Corporation Limited,42.8,,anual,⚠️ WEAK,🔴 Weak,AUD,AUD,False,True,True,1.0,"FCF declarado (1,410,349,952) se aparta del derivado de flujo operativo menos capex (317,900,000)",45.0,40.0,30.0,45.0,65.0,,,,,-22.1,False,0,-4.6,True,1,"{'eps_growth_yoy': -22.1, 'op_growth_yoy': -6.8, 'crecimiento_respaldado': True, 'positive_quarters': 4, 'earnings_accelerating': False, 'eps_accel_quarters': 0, 'profit_margin_pct': 7.9, 'score_bruto_sin_capar': 45.0, 'satura': False}","{'revenue_growth_yoy': -4.6, 'revenue_accelerating': True, 'rev_accel_quarters': 1}","{'rs_3m': -18.6, 'rs_6m': -25.0}","{'roe_pct': 97.2, 'debt_to_equity': 9.48, 'current_ratio': 0.36, 'operating_margin_pct': 16.5}","{'days_to_earnings': 'N/A', 'recommendation': 'buy', 'analyst_upside_pct': 15.9}",4.885,10872895488,Consumer Cyclical,Gambling,,,False,5.9,-17.2,2,False,-5.3,5.66,6.4,5.0,15.0,buy,15.9,2.8,-42.7,4.52,-7.5,reportado,múltiplo propio,4.0,0.55,False,,2.92,0.14,3.47,128.9,0.17,,,,,7,,,,,-28.8,146.0,2027-02-17,False,True,False,3,NEUTRAL,4.5,317.5,,14.2,,,,2026-09-24T04:52:38.667229,,,,,,
CHTR,"Charter Communications, Inc.",42.3,,trimestral,⚠️ WEAK,🔴 Weak,USD,USD,False,True,True,0.8807,acciones × precio no cuadra (ratio 0.8807) pero la divisa sí: son clases múltiples. Se usan 130 M de acciones efectivas (capitalización ÷ precio) en vez de las 114 M declaradas,55.0,30.0,24.0,50.0,60.0,15.0,0.0,False,down,-0.7,True,1,-1.7,False,0,"{'eps_growth_yoy': -0.7, 'op_growth_yoy': -7.3, 'crecimiento_respaldado': True, 'positive_quarters': 4, 'earnings_accelerating': True, 'eps_accel_quarters': 1, 'profit_margin_pct': 9.1, 'score_bruto_sin_capar': 55.0, 'satura': False}","{'revenue_growth_yoy': -1.7, 'revenue_accelerating': False, 'rev_accel_quarters': 0}","{'rs_3m': -16.1, 'rs_6m': -63.9, 'rs_line_percentile': 0.0, 'rs_line_at_new_high': False, 'rs_line_trend': 'down', 'rs_line_score': 15}","{'roe_pct': 27.2, 'debt_to_equity': 4.42, 'current_ratio': 0.36, 'operating_margin_pct': 23.5}","{'days_to_earnings': 'N/A', 'recommendation': 'hold', 'analyst_upside_pct': 53.6}",116.61,15154356224,Communication Services,Telecom Services,33.6,5.8,True,285.82,-59.2,0,False,-18.4,179.11,380.0,101.0,19.0,hold,53.6,,,,,reportado,múltiplo propio,4.0,0.69,False,,31.75,37.02,,,,,True,-14.42,,9,,2.6,Operating Income,2.5,6.4,36.0,2026-10-30,False,True,False,7,NEUTRAL,11.58,28.7,0.17,64.9,0.4,0.01,-64.5,2026-09-24T04:54:44.422551,129957604.0,"el capex se lleva el 71% del flujo operativo: lo que queda no es lo que gana el dueño, es lo que sobra tras decidir invertir","objetivo 398 sobre un precio de 117 (+241%): el BPA no cuadra con el múltiplo histórico, no se publica",,,
KD,"Kyndryl Holdings, Inc.",35.9,,trimestral,⚠️ WEAK,🔴 Weak,USD,USD,False,True,True,1.0,,38.0,30.0,38.7,25.0,55.0,15.0,4.3,False,flat,-198.2,False,0,-3.3,False,0,"{'eps_growth_yoy': -198.2, 'op_growth_yoy': -28.0, 'crecimiento_respaldado': True, 'positive_quarters': 3, 'earnings_accelerating': False, 'eps_accel_quarters': 0, 'profit_margin_pct': 0.6, 'score_bruto_sin_capar': 38.0, 'satura': False}","{'revenue_growth_yoy': -3.3, 'revenue_accelerating': False, 'rev_accel_quarters': 0}","{'rs_3m': 4.3, 'rs_6m': -19.5, 'rs_line_percentile': 4.3, 'rs_line_at_new_high': False, 'rs_line_trend': 'flat', 'rs_line_score': 15}","{'roe_pct': 6.9, 'debt_to_equity': 4.22, 'current_ratio': 0.85, 'operating_margin_pct': 2.9}","{'days_to_earnings': 'N/A', 'recommendation': 'none', 'analyst_upside_pct': 17.3}",12.11,2637778944,Technology,Information Technology Services,14.1,7.2,True,31.78,-61.9,0,False,-6.3,14.2,16.0,13.0,5.0,none,17.3,,,,,normalizado,,,,,,5.84,0.71,,,,,True,-7.74,,9,,5.7,Operating Income,3.4,,40.0,2026-11-03,False,True,False,6,NEUTRAL,11.42,18.8,0.14,44.0,,,,2026-09-24T04:56:00.205353,,"el capex se lleva el 80% del flujo operativo: lo que queda no es lo que gana el dueño, es lo que sobra tras decidir invertir",sin histórico de múltiplo (beneficio negativo o pocos años),tasa fiscal efectiva 65.2% — el beneficio del periodo no es representativo,,
