ticker,company_name,fundamental_score,tier,quality,price_currency,financial_currency,fx_applied,fx_reliable,per_share_reliable,shares_price_ratio,coherence_issues,earnings_quality_score,growth_acceleration_score,relative_strength_score,financial_health_score,catalyst_timing_score,rs_line_score,rs_line_percentile,rs_line_at_new_high,rs_line_trend,eps_growth_yoy,eps_accelerating,eps_accel_quarters,rev_growth_yoy,rev_accelerating,rev_accel_quarters,earnings_details,growth_details,rs_details,health_details,catalyst_details,current_price,market_cap,sector,industry,short_percent_float,short_ratio,short_squeeze_potential,fifty_two_week_high,proximity_to_52w_high,trend_template_score,trend_template_pass,target_price_analyst,target_price_analyst_high,target_price_analyst_low,analyst_count,analyst_recommendation,analyst_upside_pct,target_price_dcf,target_price_dcf_upside_pct,target_price_pe,target_price_pe_upside_pct,fcf_yield_pct,fcf_per_share,dividend_yield_pct,payout_ratio_pct,dividend_rate,five_yr_avg_dividend_yield_pct,buyback_active,shares_change_pct,interest_coverage,analyst_revision_momentum,days_to_earnings,earnings_date,earnings_warning,earnings_catalyst,piotroski_score,piotroski_label,ebit_ev_yield,roic_greenblatt,peg_ratio,hv_30d,atm_iv,iv_ratio,iv_premium_pts,analyzed_at
CVX,Chevron Corporation,86.5,🏆 ELITE,🟢 Elite,USD,USD,False,True,True,1.0,,100.0,100.0,63.9,85.0,60.0,60.0,55.6,False,up,241.1,True,2,39.5,True,2,"{'eps_growth_yoy': 241.1, 'positive_quarters': 4, 'earnings_accelerating': True, 'eps_accel_quarters': 2, 'profit_margin_pct': 9.8}","{'revenue_growth_yoy': 39.5, 'revenue_accelerating': True, 'rev_accel_quarters': 2}","{'rs_3m': 12.1, 'rs_6m': 0.6, 'rs_line_percentile': 55.6, 'rs_line_at_new_high': False, 'rs_line_trend': 'up', 'rs_line_score': 60}","{'roe_pct': 12.2, 'debt_to_equity': 0.19, 'current_ratio': 1.25, 'operating_margin_pct': 21.9}","{'days_to_earnings': 'N/A', 'recommendation': 'buy', 'analyst_upside_pct': 3.1}",211.78,415428345856,Energy,Oil & Gas Integrated,0.8,2.0,False,214.71,-1.4,7,True,218.29,241.0,175.0,24.0,buy,3.1,474.19,123.9,312.6,47.6,5.28,11.18,3.37,67.2,7.12,3.95,True,-2.68,22.5,321.9,57.0,2026-10-30,False,False,5,NEUTRAL,4.66,9.3,0.05,23.7,0.4,0.02,-23.3,2026-09-03T08:43:33.418479
VEEV,Veeva Systems Inc.,83.8,🏆 ELITE,🟢 Elite,USD,USD,False,True,True,1.0,,100.0,80.0,75.0,85.0,60.0,60.0,63.1,False,up,30.3,True,1,11.9,True,2,"{'eps_growth_yoy': 30.3, 'positive_quarters': 4, 'earnings_accelerating': True, 'eps_accel_quarters': 1, 'profit_margin_pct': 29.3}","{'revenue_growth_yoy': 11.9, 'revenue_accelerating': True, 'rev_accel_quarters': 2}","{'rs_3m': 55.9, 'rs_6m': 30.3, 'rs_line_percentile': 63.1, 'rs_line_at_new_high': False, 'rs_line_trend': 'up', 'rs_line_score': 60}","{'roe_pct': 14.4, 'debt_to_equity': 0.02, 'current_ratio': 5.46, 'operating_margin_pct': 29.6}","{'days_to_earnings': 'N/A', 'recommendation': 'buy', 'analyst_upside_pct': 4.8}",280.72,45451051008,Healthcare,Health Information Services,3.9,3.5,False,310.5,-9.6,5,False,294.07,350.0,180.0,27.0,buy,4.8,329.43,17.4,183.6,-34.6,2.77,7.77,,,,,True,-0.5,,27.6,83.0,2026-11-25,False,False,7,NEUTRAL,2.4,14.1,0.69,62.6,,,,2026-09-03T08:39:29.595328
MSFT,Microsoft Corporation,81.0,🏆 ELITE,🟢 Elite,USD,USD,False,True,True,1.0,"FCF declarado (16,545,500,160) se aparta del derivado de flujo operativo menos capex (66,986,994,944)",100.0,70.0,63.9,95.0,65.0,60.0,54.8,False,up,28.9,True,1,15.9,True,1,"{'eps_growth_yoy': 28.9, 'positive_quarters': 4, 'earnings_accelerating': True, 'eps_accel_quarters': 1, 'profit_margin_pct': 40.3}","{'revenue_growth_yoy': 15.9, 'revenue_accelerating': True, 'rev_accel_quarters': 1}","{'rs_3m': 15.0, 'rs_6m': 8.6, 'rs_line_percentile': 54.8, 'rs_line_at_new_high': False, 'rs_line_trend': 'up', 'rs_line_score': 60}","{'roe_pct': 34.0, 'debt_to_equity': 0.29, 'current_ratio': 1.23, 'operating_margin_pct': 45.1}","{'days_to_earnings': 'N/A', 'recommendation': 'strong_buy', 'analyst_upside_pct': 15.0}",496.82,3689159589888,Technology,Software - Infrastructure,0.9,1.9,False,553.72,-10.3,5,False,571.38,870.0,400.0,52.0,strong_buy,15.0,94.49,-81.0,533.7,7.4,0.45,2.23,0.73,19.8,3.64,0.79,True,-0.6,55.4,31.7,55.0,2026-10-28,False,False,6,NEUTRAL,4.52,44.9,0.66,21.7,0.2,0.01,-21.5,2026-09-03T08:38:22.118250
INTU,Intuit Inc.,80.3,🏆 ELITE,🟢 Elite,USD,USD,False,True,True,1.0,"FCF declarado (6,438,624,768) se aparta del derivado de flujo operativo menos capex (8,713,999,616)",100.0,100.0,30.3,85.0,65.0,15.0,14.6,False,up,704.2,True,2,123.4,True,2,"{'eps_growth_yoy': 704.2, 'positive_quarters': 4, 'earnings_accelerating': True, 'eps_accel_quarters': 2, 'profit_margin_pct': 21.3}","{'revenue_growth_yoy': 123.4, 'revenue_accelerating': True, 'rev_accel_quarters': 2}","{'rs_3m': 12.7, 'rs_6m': -38.9, 'rs_line_percentile': 14.6, 'rs_line_at_new_high': False, 'rs_line_trend': 'up', 'rs_line_score': 15}","{'roe_pct': 23.6, 'debt_to_equity': 0.44, 'current_ratio': 1.51, 'operating_margin_pct': 17.6}","{'days_to_earnings': 'N/A', 'recommendation': 'buy', 'analyst_upside_pct': 20.0}",342.94,93806780416,Technology,Software - Application,3.8,2.4,False,705.08,-51.4,2,False,411.7,921.0,290.0,31.0,buy,20.0,346.35,1.0,163.6,-52.3,6.86,23.54,1.6,29.2,5.52,0.68,True,-4.36,24.8,-0.6,77.0,2026-11-19,False,False,9,STRONG,5.38,97.0,,45.5,,,,2026-09-03T08:38:37.227709
RACE,Ferrari N.V.,77.8,⭐⭐⭐ EXCELLENT,🟢 Excellent,USD,EUR,True,True,True,1.0,"FCF declarado (1,162,931,511) se aparta del derivado de flujo operativo menos capex (1,850,656,832)",100.0,70.0,53.9,90.0,60.0,35.0,31.4,False,up,21.2,True,2,9.7,True,2,"{'eps_growth_yoy': 21.2, 'positive_quarters': 4, 'earnings_accelerating': True, 'eps_accel_quarters': 2, 'profit_margin_pct': 22.2}","{'revenue_growth_yoy': 9.7, 'revenue_accelerating': True, 'rev_accel_quarters': 2}","{'rs_3m': 16.8, 'rs_6m': 3.8, 'rs_line_percentile': 31.4, 'rs_line_at_new_high': False, 'rs_line_trend': 'up', 'rs_line_score': 35}","{'roe_pct': 45.4, 'debt_to_equity': 0.86, 'current_ratio': 2.43, 'operating_margin_pct': 31.1}","{'days_to_earnings': 'N/A', 'recommendation': 'strong_buy', 'analyst_upside_pct': 11.9}",413.23,72631304192,Consumer Cyclical,Auto Manufacturers,2.7,6.8,False,504.49,-18.1,6,False,462.43,533.95,400.74,14.0,strong_buy,11.9,130.97,-68.3,109.38,-73.5,1.6,6.62,1.03,39.0,4.23,0.69,True,-1.1,63.9,10.1,61.0,2026-11-03,False,False,9,STRONG,2.83,46.9,3.21,24.3,,,,2026-09-03T08:40:39.097753
CBOE,"Cboe Global Markets, Inc.",77.3,⭐⭐⭐ EXCELLENT,🟢 Excellent,USD,USD,False,True,True,1.0,"FCF declarado (678,249,984) se aparta del derivado de flujo operativo menos capex (1,891,800,000)",85.0,90.0,46.7,100.0,50.0,35.0,39.8,False,up,17.4,False,0,26.4,True,2,"{'eps_growth_yoy': 17.4, 'positive_quarters': 4, 'earnings_accelerating': False, 'eps_accel_quarters': 0, 'profit_margin_pct': 26.7}","{'revenue_growth_yoy': 26.4, 'revenue_accelerating': True, 'rev_accel_quarters': 2}","{'rs_3m': 1.8, 'rs_6m': -13.6, 'rs_line_percentile': 39.8, 'rs_line_at_new_high': False, 'rs_line_trend': 'up', 'rs_line_score': 35}","{'roe_pct': 26.3, 'debt_to_equity': 0.28, 'current_ratio': 1.56, 'operating_margin_pct': 34.6}","{'days_to_earnings': 'N/A', 'recommendation': 'hold', 'analyst_upside_pct': 7.1}",294.12,30715250688,Financial Services,Financial Data & Stock Exchanges,3.0,2.9,False,371.18,-20.8,5,False,315.14,356.0,258.0,14.0,hold,7.1,275.43,-6.4,367.8,25.1,2.21,6.49,1.12,22.4,3.44,1.29,True,-0.25,36.6,20.1,57.0,2026-10-30,False,False,8,STRONG,5.16,70.3,0.38,35.7,0.4,0.01,-35.3,2026-09-03T08:42:52.506664
NUE,Nucor Corporation,77.0,⭐⭐⭐ EXCELLENT,🟢 Excellent,USD,USD,False,True,True,1.0,"FCF declarado (683,374,976) se aparta del derivado de flujo operativo menos capex (1,002,000,000)",85.0,70.0,80.0,80.0,60.0,95.0,91.2,False,up,23.2,True,1,12.3,True,1,"{'eps_growth_yoy': 23.2, 'positive_quarters': 4, 'earnings_accelerating': True, 'eps_accel_quarters': 1, 'profit_margin_pct': 8.0}","{'revenue_growth_yoy': 12.3, 'revenue_accelerating': True, 'rev_accel_quarters': 1}","{'rs_3m': -0.4, 'rs_6m': 41.4, 'rs_line_percentile': 91.2, 'rs_line_at_new_high': False, 'rs_line_trend': 'up', 'rs_line_score': 95}","{'roe_pct': 14.5, 'debt_to_equity': 0.31, 'current_ratio': 2.51, 'operating_margin_pct': 15.7}","{'days_to_earnings': 'N/A', 'recommendation': 'buy', 'analyst_upside_pct': 7.1}",263.97,59888373760,Basic Materials,Steel,2.1,2.6,False,280.11,-5.8,8,True,282.81,305.0,231.0,16.0,buy,7.1,127.74,-51.6,393.6,49.1,1.14,3.01,0.89,17.8,2.24,1.41,True,-0.88,23.8,93.8,53.0,2026-10-26,False,False,6,NEUTRAL,4.18,11.9,0.15,34.2,,,,2026-09-03T08:44:11.397914
BR,"Broadridge Financial Solutions, Inc.",77.0,⭐⭐⭐ EXCELLENT,🟢 Excellent,USD,USD,False,True,True,1.0,,100.0,80.0,42.3,80.0,65.0,15.0,24.5,False,up,140.7,True,1,39.7,False,0,"{'eps_growth_yoy': 140.7, 'positive_quarters': 4, 'earnings_accelerating': True, 'eps_accel_quarters': 1, 'profit_margin_pct': 15.0}","{'revenue_growth_yoy': 39.7, 'revenue_accelerating': False, 'rev_accel_quarters': 0}","{'rs_3m': 15.0, 'rs_6m': -18.5, 'rs_line_percentile': 24.5, 'rs_line_at_new_high': False, 'rs_line_trend': 'up', 'rs_line_score': 15}","{'roe_pct': 40.9, 'debt_to_equity': 1.24, 'current_ratio': 1.24, 'operating_margin_pct': 24.6}","{'days_to_earnings': 'N/A', 'recommendation': 'buy', 'analyst_upside_pct': 19.8}",178.06,20594116608,Technology,Information Technology Services,3.3,2.9,False,255.74,-30.4,3,False,213.38,250.0,176.0,8.0,buy,19.8,190.66,7.1,94.7,-46.8,5.8,10.33,2.42,40.6,4.36,1.69,True,-2.93,13.9,5.9,61.0,2026-11-03,False,False,8,STRONG,6.58,211.6,1.83,29.2,1.6,0.05,-27.6,2026-09-03T08:38:10.165516
JNJ,Johnson & Johnson,76.6,⭐⭐⭐ EXCELLENT,🟢 Excellent,USD,USD,False,True,True,1.0,,95.0,60.0,71.9,85.0,60.0,80.0,83.0,False,up,7.4,True,2,5.5,True,1,"{'eps_growth_yoy': 7.4, 'positive_quarters': 4, 'earnings_accelerating': True, 'eps_accel_quarters': 2, 'profit_margin_pct': 21.5}","{'revenue_growth_yoy': 5.5, 'revenue_accelerating': True, 'rev_accel_quarters': 1}","{'rs_3m': 19.9, 'rs_6m': 3.2, 'rs_line_percentile': 83.0, 'rs_line_at_new_high': False, 'rs_line_trend': 'up', 'rs_line_score': 80}","{'roe_pct': 25.7, 'debt_to_equity': 0.58, 'current_ratio': 1.09, 'operating_margin_pct': 29.2}","{'days_to_earnings': 'N/A', 'recommendation': 'buy', 'analyst_upside_pct': 0.2}",275.21,663228121088,Healthcare,Drug Manufacturers - General,1.0,2.8,False,281.07,-2.1,8,True,275.64,320.0,190.0,22.0,buy,0.2,103.1,-62.5,87.5,-68.2,2.55,7.01,1.98,60.8,5.36,2.77,True,-1.22,25.9,-0.9,40.0,2026-10-13,False,False,4,NEUTRAL,4.85,136.0,,20.1,,,,2026-09-03T08:42:48.865166
THC,Tenet Healthcare Corporation,76.5,⭐⭐⭐ EXCELLENT,🟢 Excellent,USD,USD,False,True,True,1.0,"FCF declarado (2,247,875,072) se aparta del derivado de flujo operativo menos capex (3,005,000,064)",100.0,60.0,71.0,75.0,60.0,80.0,81.2,False,up,141.5,False,0,14.2,False,0,"{'eps_growth_yoy': 141.5, 'positive_quarters': 4, 'earnings_accelerating': False, 'eps_accel_quarters': 0, 'profit_margin_pct': 10.3}","{'revenue_growth_yoy': 14.2, 'revenue_accelerating': False, 'rev_accel_quarters': 0}","{'rs_3m': 58.9, 'rs_6m': -5.8, 'rs_line_percentile': 81.2, 'rs_line_at_new_high': False, 'rs_line_trend': 'up', 'rs_line_score': 80}","{'roe_pct': 37.3, 'debt_to_equity': 1.52, 'current_ratio': 1.41, 'operating_margin_pct': 18.2}","{'days_to_earnings': 'N/A', 'recommendation': 'strong_buy', 'analyst_upside_pct': 10.3}",258.53,20816576512,Healthcare,Medical Care Facilities,3.7,1.9,False,283.05,-8.7,8,True,285.1,315.0,260.0,21.0,strong_buy,10.3,1183.92,357.9,754.5,191.8,10.8,27.92,,,,2.75,True,-7.93,5.7,213.4,54.0,2026-10-27,False,False,6,NEUTRAL,10.08,33.4,0.06,28.9,0.8,0.03,-28.1,2026-09-03T08:44:51.229182
HEI,HEICO Corporation,76.3,⭐⭐⭐ EXCELLENT,🟢 Excellent,USD,USD,False,True,False,0.3953,"acciones × precio no cuadra con la capitalización (ratio 0.3953): el dato por acción y el precio no están en la misma unidad — típico de ADR. Los ratios por acción (EPS, FCF/acción, DCF) no son utilizables",100.0,70.0,44.0,90.0,65.0,35.0,35.8,False,down,31.8,True,1,19.9,True,1,"{'eps_growth_yoy': 31.8, 'positive_quarters': 4, 'earnings_accelerating': True, 'eps_accel_quarters': 1, 'profit_margin_pct': 16.4}","{'revenue_growth_yoy': 19.9, 'revenue_accelerating': True, 'rev_accel_quarters': 1}","{'rs_3m': -4.3, 'rs_6m': -7.8, 'rs_line_percentile': 35.8, 'rs_line_at_new_high': False, 'rs_line_trend': 'down', 'rs_line_score': 35}","{'roe_pct': 17.7, 'debt_to_equity': 0.45, 'current_ratio': 2.72, 'operating_margin_pct': 25.1}","{'days_to_earnings': 'N/A', 'recommendation': 'buy', 'analyst_upside_pct': 22.6}",322.9,45127667712,Industrials,Aerospace & Defense,1.4,1.7,False,376.86,-14.3,4,False,395.74,491.0,294.0,19.0,buy,22.6,,,,,1.87,15.3,0.08,4.2,0.25,0.1,False,,9.0,32.5,105.0,2026-12-17,False,False,8,STRONG,2.13,52.3,1.38,20.4,,,,2026-09-03T08:41:05.343580
WST,"West Pharmaceutical Services, Inc.",76.0,⭐⭐⭐ EXCELLENT,🟢 Excellent,USD,USD,False,True,True,1.0,"FCF declarado (277,937,504) se aparta del derivado de flujo operativo menos capex (376,300,000)",100.0,50.0,68.7,95.0,55.0,60.0,72.4,False,down,10.0,True,2,8.4,False,0,"{'eps_growth_yoy': 10.0, 'positive_quarters': 4, 'earnings_accelerating': True, 'eps_accel_quarters': 2, 'profit_margin_pct': 17.0}","{'revenue_growth_yoy': 8.4, 'revenue_accelerating': False, 'rev_accel_quarters': 0}","{'rs_3m': 6.7, 'rs_6m': 27.5, 'rs_line_percentile': 72.4, 'rs_line_at_new_high': False, 'rs_line_trend': 'down', 'rs_line_score': 60}","{'roe_pct': 19.1, 'debt_to_equity': 0.11, 'current_ratio': 2.82, 'operating_margin_pct': 22.5}","{'days_to_earnings': 'N/A', 'recommendation': 'none', 'analyst_upside_pct': 18.1}",342.63,24112846848,Healthcare,Medical Instruments & Supplies,3.5,2.8,False,386.0,-11.2,7,True,404.73,459.0,340.0,15.0,none,18.1,107.46,-68.6,141.54,-58.7,1.15,3.95,0.26,11.1,0.88,0.25,True,-1.9,155.1,9.0,49.0,2026-10-22,False,False,7,NEUTRAL,2.51,19.0,1.9,17.4,,,,2026-09-03T08:40:12.010140
POOL,Pool Corporation,75.8,⭐⭐⭐ EXCELLENT,🟢 Excellent,USD,USD,False,True,True,1.0,"FCF declarado (212,930,256) se aparta del derivado de flujo operativo menos capex (310,312,016)",100.0,90.0,24.0,80.0,65.0,15.0,2.1,False,down,48.1,True,2,25.6,True,2,"{'eps_growth_yoy': 48.1, 'positive_quarters': 4, 'earnings_accelerating': True, 'eps_accel_quarters': 2, 'profit_margin_pct': 7.4}","{'revenue_growth_yoy': 25.6, 'revenue_accelerating': True, 'rev_accel_quarters': 2}","{'rs_3m': -0.8, 'rs_6m': -27.2, 'rs_line_percentile': 2.1, 'rs_line_at_new_high': False, 'rs_line_trend': 'down', 'rs_line_score': 15}","{'roe_pct': 31.3, 'debt_to_equity': 1.35, 'current_ratio': 2.67, 'operating_margin_pct': 15.1}","{'days_to_earnings': 'N/A', 'recommendation': 'buy', 'analyst_upside_pct': 20.0}",182.99,6649993728,Industrials,Industrial Distribution,11.4,4.1,True,336.15,-45.6,0,False,219.5,260.0,185.0,12.0,buy,20.0,86.21,-52.9,109.1,-40.4,3.2,5.86,2.85,46.4,5.2,1.26,True,-4.14,16.2,,49.0,2026-10-22,False,False,5,NEUTRAL,6.98,34.5,2.08,31.8,1.6,0.05,-30.2,2026-09-03T08:44:03.938473
OXY,Occidental Petroleum Corporation,75.6,⭐⭐⭐ EXCELLENT,🟢 Excellent,USD,USD,False,True,True,1.0,,100.0,70.0,50.3,80.0,60.0,35.0,47.2,False,up,259.2,True,2,21.8,False,0,"{'eps_growth_yoy': 259.2, 'positive_quarters': 3, 'earnings_accelerating': True, 'eps_accel_quarters': 2, 'profit_margin_pct': 30.3}","{'revenue_growth_yoy': 21.8, 'revenue_accelerating': False, 'rev_accel_quarters': 0}","{'rs_3m': 3.0, 'rs_6m': 2.6, 'rs_line_percentile': 47.2, 'rs_line_at_new_high': False, 'rs_line_trend': 'up', 'rs_line_score': 35}","{'roe_pct': 10.6, 'debt_to_equity': 0.35, 'current_ratio': 1.41, 'operating_margin_pct': 45.4}","{'days_to_earnings': 'N/A', 'recommendation': 'buy', 'analyst_upside_pct': 9.7}",60.91,60887912448,Energy,Oil & Gas E&P,0.0,0.0,False,67.45,-9.7,7,True,66.83,79.0,55.0,23.0,buy,9.7,160.71,163.8,101.7,67.0,6.22,3.79,1.84,29.5,1.12,1.14,True,-0.19,6.2,675.4,67.0,2026-11-09,False,False,4,NEUTRAL,5.15,6.4,0.02,30.3,0.4,0.01,-29.9,2026-09-03T08:43:22.230756
BRK-B,Berkshire Hathaway Inc.,74.7,⭐⭐⭐ EXCELLENT,🟢 Excellent,USD,USD,False,True,False,0.6577,"acciones × precio no cuadra con la capitalización (ratio 0.6577): el dato por acción y el precio no están en la misma unidad — típico de ADR. Los ratios por acción (EPS, FCF/acción, DCF) no son utilizables | FCF declarado (71,975,247,872) se aparta del derivado de flujo operativo menos capex (25,707",100.0,70.0,38.7,90.0,60.0,15.0,23.0,False,down,107.5,True,1,19.2,True,1,"{'eps_growth_yoy': 107.5, 'positive_quarters': 4, 'earnings_accelerating': True, 'eps_accel_quarters': 1, 'profit_margin_pct': 22.3}","{'revenue_growth_yoy': 19.2, 'revenue_accelerating': True, 'rev_accel_quarters': 1}","{'rs_3m': 4.2, 'rs_6m': -11.9, 'rs_line_percentile': 23.0, 'rs_line_at_new_high': False, 'rs_line_trend': 'down', 'rs_line_score': 15}","{'roe_pct': 12.1, 'debt_to_equity': 0.17, 'current_ratio': 2.89, 'operating_margin_pct': 32.6}","{'days_to_earnings': 'N/A', 'recommendation': 'buy', 'analyst_upside_pct': 8.4}",505.24,1081572196352,Financial Services,Insurance - Diversified,1.0,2.3,False,537.74,-6.0,5,False,547.67,604.0,510.0,3.0,buy,8.4,,,,,6.65,51.12,,,,,True,-0.41,18.5,75.5,65.0,2026-11-07,False,False,4,NEUTRAL,,,0.21,15.2,,,,2026-09-03T08:40:50.774490
G24.DE,Scout24 SE,74.2,⭐⭐⭐ EXCELLENT,🟢 Excellent,EUR,EUR,False,True,True,1.0,,100.0,70.0,54.5,65.0,60.0,,,,,61.9,True,1,20.0,True,1,"{'eps_growth_yoy': 61.9, 'positive_quarters': 4, 'earnings_accelerating': True, 'eps_accel_quarters': 1, 'profit_margin_pct': 40.2}","{'revenue_growth_yoy': 20.0, 'revenue_accelerating': True, 'rev_accel_quarters': 1}","{'rs_3m': 2.4, 'rs_6m': -7.9}","{'roe_pct': 22.8, 'debt_to_equity': 0.59, 'current_ratio': 0.23, 'operating_margin_pct': 44.9}","{'days_to_earnings': 'N/A', 'recommendation': 'none', 'analyst_upside_pct': 38.6}",76.4,5320514048,Communication Services,Internet Content & Information,,,False,113.9,-32.9,3,False,105.91,140.0,80.0,18.0,none,38.6,159.71,109.0,119.1,55.9,4.93,3.77,1.92,37.8,1.5,1.53,,,28.2,33.4,62.0,2026-11-04,False,False,6,NEUTRAL,4.78,635.9,0.24,37.6,,,,2026-09-03T08:43:15.028531
NDAQ,"Nasdaq, Inc.",74.1,⭐⭐⭐ EXCELLENT,🟢 Excellent,USD,USD,False,True,True,1.0,,85.0,80.0,56.7,75.0,60.0,60.0,50.4,False,up,19.9,False,0,29.3,True,1,"{'eps_growth_yoy': 19.9, 'positive_quarters': 4, 'earnings_accelerating': False, 'eps_accel_quarters': 0, 'profit_margin_pct': 35.0}","{'revenue_growth_yoy': 29.3, 'revenue_accelerating': True, 'rev_accel_quarters': 1}","{'rs_3m': 7.3, 'rs_6m': -3.7, 'rs_line_percentile': 50.4, 'rs_line_at_new_high': False, 'rs_line_trend': 'up', 'rs_line_score': 60}","{'roe_pct': 16.5, 'debt_to_equity': 0.78, 'current_ratio': 1.01, 'operating_margin_pct': 49.3}","{'days_to_earnings': 'N/A', 'recommendation': 'buy', 'analyst_upside_pct': 14.7}",95.72,53505310720,Financial Services,Financial Data & Stock Exchanges,2.4,2.6,False,101.79,-6.0,5,False,109.8,135.0,84.0,15.0,buy,14.7,70.38,-26.5,47.52,-50.4,3.16,3.03,1.19,32.7,1.16,1.29,True,-2.44,8.3,14.1,49.0,2026-10-22,False,False,9,STRONG,4.01,205.3,1.45,14.0,,,,2026-09-03T08:41:38.354102
IDXX,"IDEXX Laboratories, Inc.",74.0,⭐⭐⭐ EXCELLENT,🟢 Excellent,USD,USD,False,True,True,1.0,"FCF declarado (909,368,384) se aparta del derivado de flujo operativo menos capex (1,233,284,016)",100.0,80.0,24.0,85.0,65.0,15.0,0.0,False,down,23.2,True,2,10.1,True,2,"{'eps_growth_yoy': 23.2, 'positive_quarters': 4, 'earnings_accelerating': True, 'eps_accel_quarters': 2, 'profit_margin_pct': 25.0}","{'revenue_growth_yoy': 10.1, 'revenue_accelerating': True, 'rev_accel_quarters': 2}","{'rs_3m': -5.9, 'rs_6m': -25.8, 'rs_line_percentile': 0.0, 'rs_line_at_new_high': False, 'rs_line_trend': 'down', 'rs_line_score': 15}","{'roe_pct': 74.2, 'debt_to_equity': 0.68, 'current_ratio': 1.17, 'operating_margin_pct': 35.0}","{'days_to_earnings': 'N/A', 'recommendation': 'buy', 'analyst_upside_pct': 29.7}",538.99,42517147648,Healthcare,Diagnostics & Research,2.8,3.1,False,769.98,-30.0,0,False,698.92,805.0,470.0,13.0,buy,29.7,307.65,-42.9,247.63,-54.1,2.14,11.53,,,,,True,-2.77,38.7,12.3,60.0,2026-11-02,False,False,8,STRONG,3.14,120.0,1.83,25.4,0.2,0.01,-25.2,2026-09-03T08:38:48.077285
KO,The Coca-Cola Company,73.8,⭐⭐⭐ EXCELLENT,🟢 Excellent,USD,USD,False,True,True,1.0,"FCF declarado (5,218,749,952) se aparta del derivado de flujo operativo menos capex (14,229,999,616)",85.0,70.0,63.9,80.0,60.0,60.0,72.9,False,up,19.7,False,0,7.4,True,2,"{'eps_growth_yoy': 19.7, 'positive_quarters': 4, 'earnings_accelerating': False, 'eps_accel_quarters': 0, 'profit_margin_pct': 28.6}","{'revenue_growth_yoy': 7.4, 'revenue_accelerating': True, 'rev_accel_quarters': 2}","{'rs_3m': 14.3, 'rs_6m': 3.2, 'rs_line_percentile': 72.9, 'rs_line_at_new_high': False, 'rs_line_trend': 'up', 'rs_line_score': 60}","{'roe_pct': 42.1, 'debt_to_equity': 1.16, 'current_ratio': 1.3, 'operating_margin_pct': 34.9}","{'days_to_earnings': 'N/A', 'recommendation': 'buy', 'analyst_upside_pct': 7.3}",88.24,379656929280,Consumer Defensive,Beverages - Non-Alcoholic,0.9,2.4,False,92.49,-4.6,8,True,94.7,104.0,75.0,23.0,buy,7.3,31.5,-64.3,56.45,-36.0,1.37,1.21,2.41,62.5,2.12,2.86,True,-0.25,12.0,16.9,47.0,2026-10-20,False,False,7,NEUTRAL,4.31,91.1,1.48,14.7,,,,2026-09-03T08:38:25.584658
BAC,Bank of America Corporation,73.6,⭐⭐⭐ EXCELLENT,🟢 Excellent,USD,USD,False,True,True,1.0,,95.0,60.0,76.7,65.0,50.0,80.0,85.0,False,up,20.6,True,1,14.4,False,0,"{'eps_growth_yoy': 20.6, 'positive_quarters': 4, 'earnings_accelerating': True, 'eps_accel_quarters': 1, 'profit_margin_pct': 29.5}","{'revenue_growth_yoy': 14.4, 'revenue_accelerating': False, 'rev_accel_quarters': 0}","{'rs_3m': 14.8, 'rs_6m': 14.1, 'rs_line_percentile': 85.0, 'rs_line_at_new_high': False, 'rs_line_trend': 'up', 'rs_line_score': 80}","{'roe_pct': 11.2, 'operating_margin_pct': 38.3}","{'days_to_earnings': 'N/A', 'recommendation': 'none', 'analyst_upside_pct': 9.9}",62.6,437746040832,Financial Services,Banks - Diversified,0.0,0.0,False,65.23,-4.0,8,True,68.77,75.0,62.0,22.0,none,9.9,76.49,22.2,131.1,109.4,2.88,1.8,2.06,25.9,1.28,2.35,True,-5.75,,17.1,41.0,2026-10-14,False,False,5,NEUTRAL,,,0.35,16.7,,,,2026-09-03T08:43:26.115329
CDNS,"Cadence Design Systems, Inc.",73.4,⭐⭐⭐ EXCELLENT,🟢 Excellent,USD,USD,False,True,True,1.0,,100.0,70.0,27.0,90.0,70.0,15.0,5.3,False,down,27.8,True,1,18.3,True,1,"{'eps_growth_yoy': 27.8, 'positive_quarters': 4, 'earnings_accelerating': True, 'eps_accel_quarters': 1, 'profit_margin_pct': 23.6}","{'revenue_growth_yoy': 18.3, 'revenue_accelerating': True, 'rev_accel_quarters': 1}","{'rs_3m': -26.8, 'rs_6m': -10.6, 'rs_line_percentile': 5.3, 'rs_line_at_new_high': False, 'rs_line_trend': 'down', 'rs_line_score': 15}","{'roe_pct': 23.2, 'debt_to_equity': 0.39, 'current_ratio': 1.74, 'operating_margin_pct': 28.6}","{'days_to_earnings': 'N/A', 'recommendation': 'strong_buy', 'analyst_upside_pct': 31.5}",306.67,84584497152,Technology,Software - Application,1.6,1.9,False,416.69,-26.4,2,False,403.12,470.0,300.0,27.0,strong_buy,31.5,247.5,-19.3,148.2,-51.7,1.9,5.84,,,,,True,-1.2,15.6,125.4,53.0,2026-10-26,False,False,7,NEUTRAL,1.91,44.0,0.26,39.1,,,,2026-09-03T08:41:15.686450
HHH,Howard Hughes Holdings Inc.,73.0,⭐⭐⭐ EXCELLENT,🟢 Excellent,USD,USD,False,True,True,1.0,"FCF declarado (-1,133,985,280) se aparta del derivado de flujo operativo menos capex (783,653,000)",100.0,90.0,24.0,65.0,60.0,15.0,0.0,False,down,32.5,True,2,187.6,True,1,"{'eps_growth_yoy': 32.5, 'positive_quarters': 4, 'earnings_accelerating': True, 'eps_accel_quarters': 2, 'profit_margin_pct': 12.3}","{'revenue_growth_yoy': 187.6, 'revenue_accelerating': True, 'rev_accel_quarters': 1}","{'rs_3m': -4.5, 'rs_6m': -23.6, 'rs_line_percentile': 0.0, 'rs_line_at_new_high': False, 'rs_line_trend': 'down', 'rs_line_score': 15}","{'roe_pct': 7.5, 'debt_to_equity': 1.35, 'current_ratio': 3.48, 'operating_margin_pct': 28.4}","{'days_to_earnings': 'N/A', 'recommendation': 'none', 'analyst_upside_pct': 41.9}",63.18,3773175040,Real Estate,Real Estate - Development,9.8,7.7,True,91.07,-30.6,0,False,89.67,100.0,79.0,3.0,none,41.9,,,152.1,140.7,-30.05,-18.99,,,,,False,,3.2,,67.0,2026-11-09,False,False,6,NEUTRAL,5.02,14.6,,27.7,3.1,0.11,-24.6,2026-09-03T08:44:40.302402
DBOEY,Deutsche Börse AG,72.9,⭐⭐⭐ EXCELLENT,🟢 Excellent,USD,EUR,True,True,True,1.0,,85.0,60.0,71.9,80.0,60.0,80.0,76.2,False,up,11.9,False,0,11.7,False,0,"{'eps_growth_yoy': 11.9, 'positive_quarters': 4, 'earnings_accelerating': False, 'eps_accel_quarters': 0, 'profit_margin_pct': 27.3}","{'revenue_growth_yoy': 11.7, 'revenue_accelerating': False, 'rev_accel_quarters': 0}","{'rs_3m': 12.3, 'rs_6m': 4.4, 'rs_line_percentile': 76.2, 'rs_line_at_new_high': False, 'rs_line_trend': 'up', 'rs_line_score': 80}","{'roe_pct': 20.4, 'debt_to_equity': 0.58, 'current_ratio': 1.01, 'operating_margin_pct': 41.9}","{'days_to_earnings': 'N/A', 'recommendation': 'strong_buy', 'analyst_upside_pct': 7.0}",32.29,58214883328,Financial Services,Financial Data & Stock Exchanges,,,False,33.91,-4.8,8,True,34.56,34.56,34.56,1.0,strong_buy,7.0,32.14,-0.5,18.08,-44.0,4.35,1.4,1.49,36.0,0.49,1.9,,,,6.9,47.0,2026-10-20,False,False,5,NEUTRAL,4.77,66.8,1.5,17.8,,,,2026-09-03T08:40:08.159349
TT,Trane Technologies plc,72.7,⭐⭐⭐ EXCELLENT,🟢 Excellent,USD,USD,False,True,True,1.0,,90.0,80.0,36.0,80.0,65.0,15.0,19.2,False,down,9.1,True,2,10.6,True,2,"{'eps_growth_yoy': 9.1, 'positive_quarters': 4, 'earnings_accelerating': True, 'eps_accel_quarters': 2, 'profit_margin_pct': 13.3}","{'revenue_growth_yoy': 10.6, 'revenue_accelerating': True, 'rev_accel_quarters': 2}","{'rs_3m': -6.4, 'rs_6m': -11.8, 'rs_line_percentile': 19.2, 'rs_line_at_new_high': False, 'rs_line_trend': 'down', 'rs_line_score': 15}","{'roe_pct': 36.6, 'debt_to_equity': 0.53, 'current_ratio': 1.07, 'operating_margin_pct': 19.3}","{'days_to_earnings': 'N/A', 'recommendation': 'buy', 'analyst_upside_pct': 20.0}",439.02,96594575360,Industrials,Building Products & Equipment,1.3,2.2,False,505.87,-13.2,4,False,526.99,575.0,422.0,21.0,buy,20.0,248.18,-43.5,133.9,-69.5,3.23,14.19,0.95,29.7,4.2,1.19,True,-1.41,18.0,5.0,56.0,2026-10-29,False,False,9,STRONG,3.91,102.0,3.54,20.1,0.4,0.02,-19.7,2026-09-03T08:41:45.590393
EQIX,"Equinix, Inc.",72.3,⭐⭐⭐ EXCELLENT,🟢 Excellent,USD,USD,False,True,True,1.0,"FCF declarado (3,776,000,000) se aparta del derivado de flujo operativo menos capex (-368,999,872)",90.0,70.0,54.0,70.0,65.0,60.0,54.7,False,down,28.1,False,0,13.3,True,1,"{'eps_growth_yoy': 28.1, 'positive_quarters': 4, 'earnings_accelerating': False, 'eps_accel_quarters': 0, 'profit_margin_pct': 15.5}","{'revenue_growth_yoy': 13.3, 'revenue_accelerating': True, 'rev_accel_quarters': 1}","{'rs_3m': -7.3, 'rs_6m': -4.9, 'rs_line_percentile': 54.7, 'rs_line_at_new_high': False, 'rs_line_trend': 'down', 'rs_line_score': 60}","{'roe_pct': 10.7, 'debt_to_equity': 1.62, 'current_ratio': 1.13, 'operating_margin_pct': 27.0}","{'days_to_earnings': 'N/A', 'recommendation': 'buy', 'analyst_upside_pct': 21.1}",1019.24,100570128384,Real Estate,REIT - Specialty,1.9,2.8,False,1128.68,-9.7,6,False,1234.55,1400.0,1060.0,29.0,buy,21.1,1554.22,52.5,443.23,-56.5,3.75,38.27,2.01,126.8,20.64,1.86,False,,4.0,28.8,55.0,2026-10-28,False,False,6,NEUTRAL,1.65,7.8,1.89,23.4,,,,2026-09-03T08:42:04.023743
V,Visa Inc.,72.3,⭐⭐⭐ EXCELLENT,🟢 Excellent,USD,USD,False,True,False,0.9127,"acciones × precio no cuadra con la capitalización (ratio 0.9127): el dato por acción y el precio no están en la misma unidad — típico de ADR. Los ratios por acción (EPS, FCF/acción, DCF) no son utilizables",85.0,70.0,63.9,70.0,60.0,60.0,60.5,False,up,10.6,False,0,8.5,True,2,"{'eps_growth_yoy': 10.6, 'positive_quarters': 4, 'earnings_accelerating': False, 'eps_accel_quarters': 0, 'profit_margin_pct': 50.8}","{'revenue_growth_yoy': 8.5, 'revenue_accelerating': True, 'rev_accel_quarters': 2}","{'rs_3m': 17.1, 'rs_6m': 5.9, 'rs_line_percentile': 60.5, 'rs_line_at_new_high': False, 'rs_line_trend': 'up', 'rs_line_score': 60}","{'roe_pct': 61.2, 'debt_to_equity': 0.68, 'current_ratio': 0.98, 'operating_margin_pct': 66.1}","{'days_to_earnings': 'N/A', 'recommendation': 'strong_buy', 'analyst_upside_pct': 10.8}",378.4,706490662912,Financial Services,Credit Services,1.3,3.2,False,385.57,-1.9,5,False,419.36,466.0,330.0,37.0,strong_buy,10.8,,,,,2.89,11.97,0.72,22.1,2.68,0.71,True,-3.02,35.7,10.2,54.0,2026-10-27,False,False,6,NEUTRAL,3.76,381.9,2.47,20.2,,,,2026-09-03T08:37:06.372649
MRSH,"Marsh & McLennan Companies, Inc.",72.1,⭐⭐⭐ EXCELLENT,🟢 Excellent,USD,USD,False,True,True,1.0,,100.0,60.0,50.3,80.0,50.0,35.0,34.8,False,up,69.5,False,0,16.6,False,0,"{'eps_growth_yoy': 69.5, 'positive_quarters': 4, 'earnings_accelerating': False, 'eps_accel_quarters': 0, 'profit_margin_pct': 14.2}","{'revenue_growth_yoy': 16.6, 'revenue_accelerating': False, 'rev_accel_quarters': 0}","{'rs_3m': 15.8, 'rs_6m': -10.3, 'rs_line_percentile': 34.8, 'rs_line_at_new_high': False, 'rs_line_trend': 'up', 'rs_line_score': 35}","{'roe_pct': 25.9, 'debt_to_equity': 1.45, 'current_ratio': 1.14, 'operating_margin_pct': 26.3}","{'days_to_earnings': 'N/A', 'recommendation': 'hold', 'analyst_upside_pct': 10.3}",187.84,89639362560,Financial Services,Insurance Brokers,1.6,3.0,False,207.83,-9.6,5,False,207.1,238.0,182.0,21.0,hold,10.3,176.87,-5.8,82.1,-56.3,5.34,10.03,2.11,44.0,3.96,1.48,True,-3.24,6.6,2.9,42.0,2026-10-15,False,False,6,NEUTRAL,5.88,146.7,2.26,16.9,1.6,0.09,-15.3,2026-09-03T08:37:43.880530
TECK,Teck Resources Limited,71.8,⭐⭐⭐ EXCELLENT,🟢 Excellent,USD,CAD,True,True,True,0.9845,,100.0,50.0,70.4,75.0,40.0,80.0,86.3,False,up,203.9,False,0,6.5,False,0,"{'eps_growth_yoy': 203.9, 'positive_quarters': 4, 'earnings_accelerating': False, 'eps_accel_quarters': 0, 'profit_margin_pct': 17.9}","{'revenue_growth_yoy': 6.5, 'revenue_accelerating': False, 'rev_accel_quarters': 0}","{'rs_3m': -1.5, 'rs_6m': 12.9, 'rs_line_percentile': 86.3, 'rs_line_at_new_high': False, 'rs_line_trend': 'up', 'rs_line_score': 80}","{'roe_pct': 8.7, 'debt_to_equity': 0.34, 'current_ratio': 3.12, 'operating_margin_pct': 44.1}","{'days_to_earnings': 'N/A', 'recommendation': 'hold', 'analyst_upside_pct': -19.1}",67.07,32904542208,Basic Materials,Copper,,4.0,False,71.93,-6.8,8,True,54.29,69.41,36.15,4.0,hold,-19.1,110.43,64.6,110.4,64.6,3.82,2.6,0.53,9.8,0.35,0.99,True,-0.44,6.5,129.8,49.0,2026-10-22,False,False,5,NEUTRAL,6.33,6.5,0.06,30.0,1.6,0.05,-28.4,2026-09-03T08:44:58.356718
FICO,Fair Isaac Corporation,71.5,⭐⭐⭐ EXCELLENT,🟢 Excellent,USD,USD,False,True,True,1.0,,100.0,80.0,24.0,65.0,70.0,15.0,6.3,False,down,53.0,False,0,30.7,False,0,"{'eps_growth_yoy': 53.0, 'positive_quarters': 4, 'earnings_accelerating': False, 'eps_accel_quarters': 0, 'profit_margin_pct': 34.1}","{'revenue_growth_yoy': 30.7, 'revenue_accelerating': False, 'rev_accel_quarters': 0}","{'rs_3m': -7.1, 'rs_6m': -38.4, 'rs_line_percentile': 6.3, 'rs_line_at_new_high': False, 'rs_line_trend': 'down', 'rs_line_score': 15}","{'current_ratio': 1.18, 'operating_margin_pct': 53.8}","{'days_to_earnings': 'N/A', 'recommendation': 'buy', 'analyst_upside_pct': 33.1}",1099.45,23745519616,Technology,Software - Application,10.0,4.9,True,1998.01,-45.0,0,False,1463.84,1750.0,696.0,19.0,buy,33.1,1520.61,38.3,1032.3,-6.1,3.26,35.86,,,,0.09,True,-15.14,6.7,28.8,62.0,2026-11-04,False,False,7,NEUTRAL,3.22,996.8,0.5,49.1,,,,2026-09-03T08:39:26.123287
PGR,The Progressive Corporation,71.3,⭐⭐⭐ EXCELLENT,🟢 Excellent,USD,USD,False,True,True,1.0,,100.0,60.0,50.3,75.0,50.0,35.0,33.1,False,down,26.6,True,1,4.9,True,1,"{'eps_growth_yoy': 26.6, 'positive_quarters': 4, 'earnings_accelerating': True, 'eps_accel_quarters': 1, 'profit_margin_pct': 12.8}","{'revenue_growth_yoy': 4.9, 'revenue_accelerating': True, 'rev_accel_quarters': 1}","{'rs_3m': 12.0, 'rs_6m': -7.7, 'rs_line_percentile': 33.1, 'rs_line_at_new_high': False, 'rs_line_trend': 'down', 'rs_line_score': 35}","{'roe_pct': 34.9, 'debt_to_equity': 0.24, 'current_ratio': 0.29, 'operating_margin_pct': 18.2}","{'days_to_earnings': 'N/A', 'recommendation': 'hold', 'analyst_upside_pct': 4.8}",221.38,128643923968,Financial Services,Insurance - Property & Casualty,1.0,2.1,False,249.83,-11.4,5,False,232.0,309.0,198.0,21.0,hold,4.8,416.65,88.2,200.1,-9.6,11.75,26.01,0.18,69.7,0.4,1.99,True,-0.93,50.8,2.0,41.0,2026-10-14,False,False,6,NEUTRAL,10.75,,2.72,26.5,0.8,0.03,-25.7,2026-09-03T08:41:59.970765
CP,Canadian Pacific Kansas City Limited,71.0,⭐⭐⭐ EXCELLENT,🟢 Excellent,USD,CAD,True,True,True,1.0,"FCF declarado (1,579,378,882) se aparta del derivado de flujo operativo menos capex (842,160,038)",95.0,70.0,54.0,55.0,60.0,60.0,53.0,False,flat,11.3,True,1,13.7,True,1,"{'eps_growth_yoy': 11.3, 'positive_quarters': 4, 'earnings_accelerating': True, 'eps_accel_quarters': 1, 'profit_margin_pct': 25.0}","{'revenue_growth_yoy': 13.7, 'revenue_accelerating': True, 'rev_accel_quarters': 1}","{'rs_3m': -1.1, 'rs_6m': -7.4, 'rs_line_percentile': 53.0, 'rs_line_at_new_high': False, 'rs_line_trend': 'flat', 'rs_line_score': 60}","{'roe_pct': 8.2, 'debt_to_equity': 0.53, 'current_ratio': 0.59, 'operating_margin_pct': 39.0}","{'days_to_earnings': 'N/A', 'recommendation': 'buy', 'analyst_upside_pct': 13.3}",89.54,78712758272,Industrials,Railroads,2.1,6.6,False,96.9,-7.6,6,False,101.41,111.2,76.18,13.0,buy,13.3,26.44,-70.5,31.2,-65.2,2.01,1.8,0.85,22.1,0.76,0.76,True,-5.29,6.6,-13.5,55.0,2026-10-28,False,False,7,NEUTRAL,6.09,11.8,,22.6,0.8,0.03,-21.8,2026-09-03T08:42:44.971370
ICE,"Intercontinental Exchange, Inc.",70.8,⭐⭐⭐ EXCELLENT,🟢 Excellent,USD,USD,False,True,True,1.0,,85.0,70.0,50.3,75.0,65.0,35.0,38.8,False,up,17.4,False,0,20.1,False,0,"{'eps_growth_yoy': 17.4, 'positive_quarters': 4, 'earnings_accelerating': False, 'eps_accel_quarters': 0, 'profit_margin_pct': 38.2}","{'revenue_growth_yoy': 20.1, 'revenue_accelerating': False, 'rev_accel_quarters': 0}","{'rs_3m': 10.2, 'rs_6m': -16.0, 'rs_line_percentile': 38.8, 'rs_line_at_new_high': False, 'rs_line_trend': 'up', 'rs_line_score': 35}","{'roe_pct': 14.1, 'debt_to_equity': 0.69, 'current_ratio': 1.01, 'operating_margin_pct': 52.6}","{'days_to_earnings': 'N/A', 'recommendation': 'strong_buy', 'analyst_upside_pct': 18.2}",157.85,88616124416,Financial Services,Financial Data & Stock Exchanges,1.5,1.9,False,176.59,-10.6,4,False,186.64,232.0,163.0,14.0,strong_buy,18.2,151.13,-4.3,100.68,-36.2,4.1,6.47,1.3,28.2,2.08,1.25,True,-2.37,7.6,14.2,56.0,2026-10-29,False,False,8,STRONG,4.72,118.3,1.26,14.4,1.6,0.11,-12.8,2026-09-03T08:39:57.286950
UNH,UnitedHealth Group Incorporated,70.2,⭐⭐⭐ EXCELLENT,🟢 Excellent,USD,USD,False,True,True,1.0,,100.0,50.0,68.7,50.0,65.0,60.0,66.9,False,down,84.4,True,1,0.1,False,0,"{'eps_growth_yoy': 84.4, 'positive_quarters': 4, 'earnings_accelerating': True, 'eps_accel_quarters': 1, 'profit_margin_pct': 3.1}","{'revenue_growth_yoy': 0.1, 'revenue_accelerating': False, 'rev_accel_quarters': 0}","{'rs_3m': 0.1, 'rs_6m': 27.4, 'rs_line_percentile': 66.9, 'rs_line_at_new_high': False, 'rs_line_trend': 'down', 'rs_line_score': 60}","{'roe_pct': 14.2, 'debt_to_equity': 0.69, 'current_ratio': 0.78, 'operating_margin_pct': 7.1}","{'days_to_earnings': 'N/A', 'recommendation': 'buy', 'analyst_upside_pct': 18.9}",399.66,358732759040,Healthcare,Healthcare Plans,1.9,3.0,False,461.62,-13.4,6,False,475.23,529.0,313.0,26.0,buy,18.9,1146.78,186.9,471.3,17.9,6.77,27.04,2.34,57.5,9.28,1.65,True,-0.71,4.7,61.5,54.0,2026-10-27,False,False,6,NEUTRAL,4.58,173.8,0.29,20.6,,,,2026-09-03T08:43:48.713851
QSR,Restaurant Brands International Inc.,70.1,⭐⭐⭐ EXCELLENT,🟢 Excellent,USD,USD,False,True,False,0.7613,"acciones × precio no cuadra con la capitalización (ratio 0.7613): el dato por acción y el precio no están en la misma unidad — típico de ADR. Los ratios por acción (EPS, FCF/acción, DCF) no son utilizables",100.0,60.0,46.7,65.0,60.0,35.0,44.0,False,up,58.9,True,2,2.9,True,1,"{'eps_growth_yoy': 58.9, 'positive_quarters': 4, 'earnings_accelerating': True, 'eps_accel_quarters': 2, 'profit_margin_pct': 13.1}","{'revenue_growth_yoy': 2.9, 'revenue_accelerating': True, 'rev_accel_quarters': 1}","{'rs_3m': 9.5, 'rs_6m': -3.4, 'rs_line_percentile': 44.0, 'rs_line_at_new_high': False, 'rs_line_trend': 'up', 'rs_line_score': 35}","{'roe_pct': 34.8, 'debt_to_equity': 2.9, 'current_ratio': 1.01, 'operating_margin_pct': 27.7}","{'days_to_earnings': 'N/A', 'recommendation': 'buy', 'analyst_upside_pct': 8.9}",78.87,36131213312,Consumer Cyclical,Restaurants,6.0,7.6,False,81.96,-3.8,6,False,85.92,104.0,79.0,24.0,buy,8.9,,,,,4.74,4.91,3.32,63.8,2.6,3.41,True,-0.47,5.2,151.2,56.0,2026-10-29,False,False,6,NEUTRAL,5.06,51.7,0.12,23.8,1.6,0.07,-22.2,2026-09-03T08:44:33.241871
CTAS,Cintas Corporation,70.1,⭐⭐⭐ EXCELLENT,🟢 Excellent,USD,USD,False,True,True,1.0,,90.0,60.0,46.7,85.0,60.0,35.0,39.2,False,up,4.0,True,2,6.9,True,1,"{'eps_growth_yoy': 4.0, 'positive_quarters': 4, 'earnings_accelerating': True, 'eps_accel_quarters': 2, 'profit_margin_pct': 17.8}","{'revenue_growth_yoy': 6.9, 'revenue_accelerating': True, 'rev_accel_quarters': 1}","{'rs_3m': 9.0, 'rs_6m': -15.5, 'rs_line_percentile': 39.2, 'rs_line_at_new_high': False, 'rs_line_trend': 'up', 'rs_line_score': 35}","{'roe_pct': 40.7, 'debt_to_equity': 0.53, 'current_ratio': 1.43, 'operating_margin_pct': 23.7}","{'days_to_earnings': 'N/A', 'recommendation': 'buy', 'analyst_upside_pct': 9.2}",198.09,79269584896,Industrials,Specialty Business Services,3.5,4.2,False,219.17,-9.6,5,False,216.31,250.0,175.0,16.0,buy,9.2,90.31,-54.4,75.66,-61.8,1.85,3.66,1.04,36.7,2.08,0.88,True,-1.2,24.6,10.9,20.0,2026-09-23,False,True,8,STRONG,3.2,82.2,2.08,15.6,1.6,0.1,-14.0,2026-09-03T08:37:10.123453
CNI,Canadian National Railway Company,69.8,⭐⭐ GOOD,🟡 Good,USD,CAD,True,True,True,1.0,"FCF declarado (2,191,274,032) se aparta del derivado de flujo operativo menos capex (1,421,787,914)",85.0,70.0,56.7,60.0,65.0,60.0,55.1,False,flat,9.7,True,1,14.1,True,1,"{'eps_growth_yoy': 9.7, 'positive_quarters': 4, 'earnings_accelerating': True, 'eps_accel_quarters': 1, 'profit_margin_pct': 26.9}","{'revenue_growth_yoy': 14.1, 'revenue_accelerating': True, 'rev_accel_quarters': 1}","{'rs_3m': 0.9, 'rs_6m': -0.9, 'rs_line_percentile': 55.1, 'rs_line_at_new_high': False, 'rs_line_trend': 'flat', 'rs_line_score': 60}","{'roe_pct': 22.0, 'debt_to_equity': 1.04, 'current_ratio': 0.87, 'operating_margin_pct': 40.3}","{'days_to_earnings': 'N/A', 'recommendation': 'buy', 'analyst_upside_pct': 15.7}",121.45,73465102336,Industrials,Railroads,,3.0,False,131.55,-7.7,6,False,140.48,153.97,113.73,13.0,buy,15.7,72.0,-40.7,57.63,-52.5,2.98,3.62,2.16,46.3,2.6,2.04,True,-4.09,7.8,7.1,57.0,2026-10-30,False,False,7,NEUTRAL,7.49,14.5,1.84,17.6,,,,2026-09-03T08:39:53.615634
MA,Mastercard Incorporated,69.8,⭐⭐ GOOD,🟡 Good,USD,USD,False,True,True,0.9925,,95.0,60.0,53.0,65.0,60.0,35.0,47.6,False,up,11.7,True,1,7.8,True,1,"{'eps_growth_yoy': 11.7, 'positive_quarters': 4, 'earnings_accelerating': True, 'eps_accel_quarters': 1, 'profit_margin_pct': 46.3}","{'revenue_growth_yoy': 7.8, 'revenue_accelerating': True, 'rev_accel_quarters': 1}","{'rs_3m': 21.0, 'rs_6m': -0.4, 'rs_line_percentile': 47.6, 'rs_line_at_new_high': False, 'rs_line_trend': 'up', 'rs_line_score': 35}","{'roe_pct': 241.2, 'debt_to_equity': 4.4, 'current_ratio': 1.06, 'operating_margin_pct': 61.1}","{'days_to_earnings': 'N/A', 'recommendation': 'strong_buy', 'analyst_upside_pct': 14.1}",588.14,515216474112,Financial Services,Credit Services,0.8,2.4,False,601.62,-2.2,5,False,670.92,740.0,550.0,37.0,strong_buy,14.1,618.54,5.2,406.86,-30.8,3.29,19.51,0.6,17.9,3.48,0.55,True,-3.07,28.0,22.1,56.0,2026-10-29,False,False,9,STRONG,3.65,622.8,1.16,20.1,,,,2026-09-03T08:37:47.469403
DSGX,The Descartes Systems Group Inc.,69.7,⭐⭐ GOOD,🟡 Good,USD,USD,False,True,True,1.0,,100.0,50.0,36.0,90.0,65.0,15.0,17.1,False,up,27.5,True,1,7.7,False,0,"{'eps_growth_yoy': 27.5, 'positive_quarters': 4, 'earnings_accelerating': True, 'eps_accel_quarters': 1, 'profit_margin_pct': 23.3}","{'revenue_growth_yoy': 7.7, 'revenue_accelerating': False, 'rev_accel_quarters': 0}","{'rs_3m': -0.6, 'rs_6m': -3.2, 'rs_line_percentile': 17.1, 'rs_line_at_new_high': False, 'rs_line_trend': 'up', 'rs_line_score': 15}","{'roe_pct': 11.4, 'debt_to_equity': 0.0, 'current_ratio': 2.05, 'operating_margin_pct': 32.9}","{'days_to_earnings': 'N/A', 'recommendation': 'buy', 'analyst_upside_pct': 27.7}",78.49,6725872640,Technology,Software - Application,,5.7,False,109.0,-28.0,2,False,100.23,126.0,82.0,13.0,buy,27.7,132.77,69.2,58.8,-25.1,3.99,3.13,,,,,True,-0.31,243.4,34.1,7.0,2026-09-10,True,False,6,NEUTRAL,3.42,77.7,0.72,27.8,3.1,0.11,-24.7,2026-09-03T08:40:22.720867
TMO,Thermo Fisher Scientific Inc.,69.6,⭐⭐ GOOD,🟡 Good,USD,USD,False,True,True,1.0,,80.0,60.0,66.6,75.0,60.0,60.0,59.7,False,up,7.4,True,1,7.8,True,1,"{'eps_growth_yoy': 7.4, 'positive_quarters': 4, 'earnings_accelerating': True, 'eps_accel_quarters': 1, 'profit_margin_pct': 15.0}","{'revenue_growth_yoy': 7.8, 'revenue_accelerating': True, 'rev_accel_quarters': 1}","{'rs_3m': 25.0, 'rs_6m': 4.6, 'rs_line_percentile': 59.7, 'rs_line_at_new_high': False, 'rs_line_trend': 'up', 'rs_line_score': 60}","{'roe_pct': 13.5, 'debt_to_equity': 0.81, 'current_ratio': 1.55, 'operating_margin_pct': 18.8}","{'days_to_earnings': 'N/A', 'recommendation': 'buy', 'analyst_upside_pct': 3.9}",608.54,225006010368,Healthcare,Diagnostics & Research,1.3,2.2,False,647.0,-5.9,6,False,632.58,750.0,520.0,26.0,buy,3.9,324.49,-46.7,188.0,-69.1,2.77,16.87,0.31,9.7,1.88,0.26,True,-2.22,6.2,9.4,48.0,2026-10-21,False,False,5,NEUTRAL,3.31,36.2,2.36,24.9,0.4,0.02,-24.5,2026-09-03T08:39:03.203636
GWW,"W.W. Grainger, Inc.",69.5,⭐⭐ GOOD,🟡 Good,USD,USD,False,True,True,1.0,,95.0,50.0,54.0,85.0,50.0,60.0,58.6,False,down,93.9,False,0,7.8,False,0,"{'eps_growth_yoy': 93.9, 'positive_quarters': 4, 'earnings_accelerating': False, 'eps_accel_quarters': 0, 'profit_margin_pct': 9.9}","{'revenue_growth_yoy': 7.8, 'revenue_accelerating': False, 'rev_accel_quarters': 0}","{'rs_3m': -1.5, 'rs_6m': -0.3, 'rs_line_percentile': 58.6, 'rs_line_at_new_high': False, 'rs_line_trend': 'down', 'rs_line_score': 60}","{'roe_pct': 46.1, 'debt_to_equity': 0.62, 'current_ratio': 2.81, 'operating_margin_pct': 16.1}","{'days_to_earnings': 'N/A', 'recommendation': 'hold', 'analyst_upside_pct': 3.7}",1284.85,60661776384,Industrials,Industrial Distribution,2.4,3.2,False,1419.91,-9.5,6,False,1332.57,1500.0,1100.0,14.0,hold,3.7,788.6,-38.6,790.27,-38.5,2.06,26.43,0.76,23.6,9.96,1.0,True,-1.65,34.1,8.2,62.0,2026-11-04,False,False,6,NEUTRAL,3.98,40.8,1.23,17.2,,,,2026-09-03T08:43:00.259470
AME,"AMETEK, Inc.",69.1,⭐⭐ GOOD,🟡 Good,USD,USD,False,True,True,1.0,,85.0,60.0,46.7,85.0,65.0,35.0,42.8,False,down,9.6,True,1,8.0,True,1,"{'eps_growth_yoy': 9.6, 'positive_quarters': 4, 'earnings_accelerating': True, 'eps_accel_quarters': 1, 'profit_margin_pct': 20.0}","{'revenue_growth_yoy': 8.0, 'revenue_accelerating': True, 'rev_accel_quarters': 1}","{'rs_3m': 0.8, 'rs_6m': -9.8, 'rs_line_percentile': 42.8, 'rs_line_at_new_high': False, 'rs_line_trend': 'down', 'rs_line_score': 35}","{'roe_pct': 14.6, 'debt_to_equity': 0.21, 'current_ratio': 1.21, 'operating_margin_pct': 26.2}","{'days_to_earnings': 'N/A', 'recommendation': 'buy', 'analyst_upside_pct': 19.2}",233.19,53447852032,Industrials,Specialty Industrial Machinery,1.5,2.5,False,261.16,-10.7,6,False,278.06,316.0,217.0,18.0,buy,19.2,152.01,-34.8,97.98,-58.0,2.79,6.51,0.59,19.0,1.36,0.62,True,-0.83,20.8,14.2,56.0,2026-10-29,False,False,6,NEUTRAL,3.4,144.0,1.71,20.3,,,,2026-09-03T08:42:11.832666
SYK,Stryker Corporation,68.8,⭐⭐ GOOD,🟡 Good,USD,USD,False,True,True,1.0,,100.0,60.0,26.7,80.0,65.0,15.0,11.4,False,down,48.5,True,1,8.8,True,1,"{'eps_growth_yoy': 48.5, 'positive_quarters': 4, 'earnings_accelerating': True, 'eps_accel_quarters': 1, 'profit_margin_pct': 14.4}","{'revenue_growth_yoy': 8.8, 'revenue_accelerating': True, 'rev_accel_quarters': 1}","{'rs_3m': 2.6, 'rs_6m': -28.2, 'rs_line_percentile': 11.4, 'rs_line_at_new_high': False, 'rs_line_trend': 'down', 'rs_line_score': 15}","{'roe_pct': 16.5, 'debt_to_equity': 0.64, 'current_ratio': 2.16, 'operating_margin_pct': 27.0}","{'days_to_earnings': 'N/A', 'recommendation': 'buy', 'analyst_upside_pct': 22.6}",312.19,119747674112,Healthcare,Medical Devices,1.9,2.9,False,396.86,-21.3,1,False,382.72,465.0,315.0,25.0,buy,22.6,454.14,45.5,284.7,-8.8,3.43,10.71,1.11,36.1,3.52,0.99,False,,20.0,44.1,56.0,2026-10-29,False,False,5,NEUTRAL,3.89,47.3,0.42,26.4,,,,2026-09-03T08:38:55.424489
VLTO,Veralto Corporation,67.8,⭐⭐ GOOD,🟡 Good,USD,USD,False,True,True,1.0,,70.0,70.0,50.3,85.0,65.0,35.0,31.6,False,up,0.8,False,0,5.0,True,2,"{'eps_growth_yoy': 0.8, 'positive_quarters': 4, 'earnings_accelerating': False, 'eps_accel_quarters': 0, 'profit_margin_pct': 17.3}","{'revenue_growth_yoy': 5.0, 'revenue_accelerating': True, 'rev_accel_quarters': 2}","{'rs_3m': 13.6, 'rs_6m': -10.5, 'rs_line_percentile': 31.6, 'rs_line_at_new_high': False, 'rs_line_trend': 'up', 'rs_line_score': 35}","{'roe_pct': 34.3, 'debt_to_equity': 1.16, 'current_ratio': 1.77, 'operating_margin_pct': 21.4}","{'days_to_earnings': 'N/A', 'recommendation': 'buy', 'analyst_upside_pct': 16.6}",97.21,23699150848,Industrials,Pollution & Treatment Controls,2.9,3.9,False,109.86,-11.5,4,False,113.33,136.0,100.0,15.0,buy,16.6,65.53,-32.6,40.2,-58.6,3.41,3.31,0.54,12.6,0.52,,True,-1.83,14.1,10.1,48.0,2026-10-21,False,False,6,NEUTRAL,5.04,76.0,2.02,19.3,,,,2026-09-03T08:39:10.586442
ROP,"Roper Technologies, Inc.",67.8,⭐⭐ GOOD,🟡 Good,USD,USD,False,True,True,1.0,,100.0,50.0,56.6,60.0,50.0,35.0,30.8,False,up,193.2,True,2,4.5,False,0,"{'eps_growth_yoy': 193.2, 'positive_quarters': 4, 'earnings_accelerating': True, 'eps_accel_quarters': 2, 'profit_margin_pct': 30.2}","{'revenue_growth_yoy': 4.5, 'revenue_accelerating': False, 'rev_accel_quarters': 0}","{'rs_3m': 24.3, 'rs_6m': 1.3, 'rs_line_percentile': 30.8, 'rs_line_at_new_high': False, 'rs_line_trend': 'up', 'rs_line_score': 35}","{'roe_pct': 13.1, 'debt_to_equity': 0.61, 'current_ratio': 0.55, 'operating_margin_pct': 27.7}","{'days_to_earnings': 'N/A', 'recommendation': 'none', 'analyst_upside_pct': 7.1}",415.79,41121992704,Technology,Software - Application,6.0,6.0,False,530.0,-21.5,5,False,445.2,550.0,335.0,15.0,none,7.1,971.52,133.7,716.1,72.2,5.51,22.91,0.87,14.5,3.64,0.61,True,-6.63,8.6,116.5,49.0,2026-10-22,False,False,6,NEUTRAL,4.34,1441.1,0.07,20.2,1.6,0.08,-18.6,2026-09-03T08:37:17.499160
FAST,Fastenal Company,67.6,⭐⭐ GOOD,🟡 Good,USD,USD,False,True,True,1.0,,80.0,60.0,46.7,95.0,50.0,35.0,25.6,False,flat,14.1,False,0,11.9,False,0,"{'eps_growth_yoy': 14.1, 'positive_quarters': 4, 'earnings_accelerating': False, 'eps_accel_quarters': 0, 'profit_margin_pct': 15.5}","{'revenue_growth_yoy': 11.9, 'revenue_accelerating': False, 'rev_accel_quarters': 0}","{'rs_3m': 0.9, 'rs_6m': -10.5, 'rs_line_percentile': 25.6, 'rs_line_at_new_high': False, 'rs_line_trend': 'flat', 'rs_line_score': 35}","{'roe_pct': 34.3, 'debt_to_equity': 0.11, 'current_ratio': 4.18, 'operating_margin_pct': 21.0}","{'days_to_earnings': 'N/A', 'recommendation': 'hold', 'analyst_upside_pct': 1.3}",47.93,54999560192,Industrials,Industrial Distribution,3.1,3.5,False,52.92,-9.4,5,False,48.53,59.0,39.9,13.0,hold,1.3,18.94,-60.5,16.79,-65.0,1.67,0.8,1.97,78.6,0.96,2.16,True,-0.09,395.6,5.8,41.0,2026-10-14,False,False,8,STRONG,2.96,39.6,2.35,20.4,,,,2026-09-03T08:41:56.456164
SAP,SAP SE,67.6,⭐⭐ GOOD,🟡 Good,USD,EUR,True,True,True,1.0,,75.0,60.0,50.3,90.0,65.0,35.0,34.4,False,up,8.8,False,0,8.8,True,1,"{'eps_growth_yoy': 8.8, 'positive_quarters': 4, 'earnings_accelerating': False, 'eps_accel_quarters': 0, 'profit_margin_pct': 20.4}","{'revenue_growth_yoy': 8.8, 'revenue_accelerating': True, 'rev_accel_quarters': 1}","{'rs_3m': 10.7, 'rs_6m': -6.0, 'rs_line_percentile': 34.4, 'rs_line_at_new_high': False, 'rs_line_trend': 'up', 'rs_line_score': 35}","{'roe_pct': 18.3, 'debt_to_equity': 0.22, 'current_ratio': 1.15, 'operating_margin_pct': 27.6}","{'days_to_earnings': 'N/A', 'recommendation': 'buy', 'analyst_upside_pct': 17.9}",209.69,242025103360,Technology,Software - Application,0.7,2.3,False,281.37,-25.5,3,False,247.25,319.0,177.0,12.0,buy,17.9,387.66,84.9,229.5,9.4,4.36,9.14,1.38,37.5,2.93,1.48,True,-1.2,20.7,30.6,48.0,2026-10-21,False,False,8,STRONG,0.32,146.7,0.71,31.5,0.2,0.01,-31.3,2026-09-03T08:40:43.095493
MCO,Moody's Corporation,67.6,⭐⭐ GOOD,🟡 Good,USD,USD,False,True,True,1.0,,100.0,50.0,46.7,65.0,60.0,35.0,29.6,False,up,35.9,True,2,8.9,False,0,"{'eps_growth_yoy': 35.9, 'positive_quarters': 4, 'earnings_accelerating': True, 'eps_accel_quarters': 2, 'profit_margin_pct': 34.3}","{'revenue_growth_yoy': 8.9, 'revenue_accelerating': False, 'rev_accel_quarters': 0}","{'rs_3m': 8.0, 'rs_6m': -8.2, 'rs_line_percentile': 29.6, 'rs_line_at_new_high': False, 'rs_line_trend': 'up', 'rs_line_score': 35}","{'roe_pct': 76.9, 'debt_to_equity': 2.41, 'current_ratio': 1.19, 'operating_margin_pct': 49.5}","{'days_to_earnings': 'N/A', 'recommendation': 'buy', 'analyst_upside_pct': 14.4}",490.0,84858683392,Financial Services,Financial Data & Stock Exchanges,1.7,3.0,False,546.88,-10.4,5,False,560.48,610.0,505.0,21.0,buy,14.4,631.57,28.9,468.9,-4.3,3.04,14.89,0.83,25.0,4.12,0.81,False,,14.5,56.7,48.0,2026-10-21,False,False,8,STRONG,3.74,106.3,0.46,21.7,,,,2026-09-03T08:38:33.335590
CSU.TO,Constellation Software Inc.,67.5,⭐⭐ GOOD,🟡 Good,CAD,USD,True,True,True,1.0,,100.0,60.0,38.7,55.0,65.0,15.0,18.2,False,up,555.4,True,1,11.9,False,0,"{'eps_growth_yoy': 555.4, 'positive_quarters': 4, 'earnings_accelerating': True, 'eps_accel_quarters': 1, 'profit_margin_pct': 7.6}","{'revenue_growth_yoy': 11.9, 'revenue_accelerating': False, 'rev_accel_quarters': 0}","{'rs_3m': 3.7, 'rs_6m': -3.8, 'rs_line_percentile': 18.2, 'rs_line_at_new_high': False, 'rs_line_trend': 'up', 'rs_line_score': 15}","{'roe_pct': 23.3, 'debt_to_equity': 1.2, 'current_ratio': 0.9, 'operating_margin_pct': 15.1}","{'days_to_earnings': 'N/A', 'recommendation': 'buy', 'analyst_upside_pct': 28.8}",3047.11,64572923904,Technology,Software - Application,,5.3,False,4634.98,-34.3,4,False,3925.4,5457.17,3274.54,12.0,buy,28.8,7724.92,153.5,1894.2,-37.8,5.98,182.16,0.18,8.8,5.57,0.18,False,,5.5,389.3,64.0,2026-11-06,False,False,6,NEUTRAL,1.75,191.5,0.04,35.2,,,,2026-09-03T08:38:14.326863
BRO,"Brown & Brown, Inc.",66.3,⭐⭐ GOOD,🟡 Good,USD,USD,False,True,True,1.0,,90.0,50.0,53.0,75.0,50.0,35.0,28.0,False,up,26.9,False,0,6.7,False,0,"{'eps_growth_yoy': 26.9, 'positive_quarters': 4, 'earnings_accelerating': False, 'eps_accel_quarters': 0, 'profit_margin_pct': 18.1}","{'revenue_growth_yoy': 6.7, 'revenue_accelerating': False, 'rev_accel_quarters': 0}","{'rs_3m': 24.5, 'rs_6m': -13.9, 'rs_line_percentile': 28.0, 'rs_line_at_new_high': False, 'rs_line_trend': 'up', 'rs_line_score': 35}","{'roe_pct': 10.0, 'debt_to_equity': 0.64, 'current_ratio': 1.13, 'operating_margin_pct': 41.8}","{'days_to_earnings': 'N/A', 'recommendation': 'hold', 'analyst_upside_pct': 6.5}",72.04,24105330688,Financial Services,Insurance Brokers,5.6,5.2,False,96.55,-25.4,4,False,76.69,90.0,60.0,16.0,hold,6.5,85.88,19.2,31.3,-56.6,6.81,4.91,0.92,20.6,0.66,0.65,True,-2.61,4.7,2.8,53.0,2026-10-26,False,False,4,NEUTRAL,5.36,175.4,2.1,23.3,,,,2026-09-03T08:40:26.413105
LPX,Louisiana-Pacific Corporation,66.2,⭐⭐ GOOD,🟡 Good,USD,USD,False,True,True,1.0,"FCF declarado (-96,000,000) se aparta del derivado de flujo operativo menos capex (-33,000,000)",88.0,70.0,24.0,70.0,70.0,15.0,0.0,False,down,188.9,False,0,0.2,True,2,"{'eps_growth_yoy': 188.9, 'positive_quarters': 3, 'earnings_accelerating': False, 'eps_accel_quarters': 0, 'profit_margin_pct': 2.2}","{'revenue_growth_yoy': 0.2, 'revenue_accelerating': True, 'rev_accel_quarters': 2}","{'rs_3m': -5.1, 'rs_6m': -27.3, 'rs_line_percentile': 0.0, 'rs_line_at_new_high': False, 'rs_line_trend': 'down', 'rs_line_score': 15}","{'roe_pct': 3.1, 'debt_to_equity': 0.22, 'current_ratio': 3.22, 'operating_margin_pct': 5.3}","{'days_to_earnings': 'N/A', 'recommendation': 'buy', 'analyst_upside_pct': 35.0}",68.31,4776467968,Industrials,Building Products & Equipment,10.0,5.6,True,101.28,-32.6,0,False,92.23,107.0,74.0,13.0,buy,35.0,,,7.7,-88.7,-2.01,-1.37,1.74,150.6,1.2,1.27,False,,6.1,-51.8,62.0,2026-11-04,False,False,5,NEUTRAL,4.24,9.3,,38.7,3.1,0.08,-35.6,2026-09-03T08:44:22.074909
AJG,Arthur J. Gallagher & Co.,66.1,⭐⭐ GOOD,🟡 Good,USD,USD,False,True,True,1.0,,80.0,60.0,56.6,65.0,60.0,35.0,40.9,False,up,18.8,False,0,18.9,False,0,"{'eps_growth_yoy': 18.8, 'positive_quarters': 4, 'earnings_accelerating': False, 'eps_accel_quarters': 0, 'profit_margin_pct': 10.4}","{'revenue_growth_yoy': 18.9, 'revenue_accelerating': False, 'rev_accel_quarters': 0}","{'rs_3m': 24.4, 'rs_6m': 3.0, 'rs_line_percentile': 40.9, 'rs_line_at_new_high': False, 'rs_line_trend': 'up', 'rs_line_score': 35}","{'roe_pct': 6.7, 'debt_to_equity': 0.59, 'current_ratio': 1.05, 'operating_margin_pct': 19.2}","{'days_to_earnings': 'N/A', 'recommendation': 'buy', 'analyst_upside_pct': 10.2}",264.46,67791937536,Financial Services,Insurance Brokers,2.3,4.3,False,313.55,-15.7,5,False,291.56,388.0,250.0,18.0,buy,10.2,119.53,-54.8,60.8,-77.0,3.07,8.12,1.07,44.8,2.8,1.01,True,-0.71,4.1,-10.7,56.0,2026-10-29,False,False,6,NEUTRAL,3.12,77.9,,26.2,,,,2026-09-03T08:39:49.770366
RSG,"Republic Services, Inc.",65.8,⭐⭐ GOOD,🟡 Good,USD,USD,False,True,True,1.0,"FCF declarado (1,942,625,024) se aparta del derivado de flujo operativo menos capex (2,655,000,128)",80.0,70.0,46.7,60.0,60.0,35.0,27.1,False,flat,2.9,True,1,5.2,True,2,"{'eps_growth_yoy': 2.9, 'positive_quarters': 4, 'earnings_accelerating': True, 'eps_accel_quarters': 1, 'profit_margin_pct': 12.9}","{'revenue_growth_yoy': 5.2, 'revenue_accelerating': True, 'rev_accel_quarters': 2}","{'rs_3m': 6.0, 'rs_6m': -16.3, 'rs_line_percentile': 27.1, 'rs_line_at_new_high': False, 'rs_line_trend': 'flat', 'rs_line_score': 35}","{'roe_pct': 18.2, 'debt_to_equity': 1.19, 'current_ratio': 0.64, 'operating_margin_pct': 20.4}","{'days_to_earnings': 'N/A', 'recommendation': 'buy', 'analyst_upside_pct': 10.5}",222.52,68138516480,Industrials,Waste Management,2.1,3.0,False,235.18,-5.4,6,False,245.92,272.0,208.0,24.0,buy,10.5,102.05,-54.1,70.3,-68.4,2.85,6.34,1.2,35.4,2.68,1.21,True,-2.16,5.3,3.6,56.0,2026-10-29,False,False,6,NEUTRAL,3.85,24.7,5.42,14.9,,,,2026-09-03T08:37:58.351087
ATLKY,Atlas Copco AB (publ),65.8,⭐⭐ GOOD,🟡 Good,USD,SEK,True,True,False,0.6801,"acciones × precio no cuadra con la capitalización (ratio 0.6801): el dato por acción y el precio no están en la misma unidad — típico de ADR. Los ratios por acción (EPS, FCF/acción, DCF) no son utilizables | FCF declarado (2,709,220,826) se aparta del derivado de flujo operativo menos capex (26,379,",80.0,60.0,46.7,80.0,55.0,35.0,43.1,False,flat,8.2,True,1,9.1,True,1,"{'eps_growth_yoy': 8.2, 'positive_quarters': 4, 'earnings_accelerating': True, 'eps_accel_quarters': 1, 'profit_margin_pct': 15.7}","{'revenue_growth_yoy': 9.1, 'revenue_accelerating': True, 'rev_accel_quarters': 1}","{'rs_3m': 5.0, 'rs_6m': -6.1, 'rs_line_percentile': 43.1, 'rs_line_at_new_high': False, 'rs_line_trend': 'flat', 'rs_line_score': 35}","{'roe_pct': 25.7, 'debt_to_equity': 0.34, 'current_ratio': 1.27}","{'days_to_earnings': 'N/A', 'recommendation': 'none', 'analyst_upside_pct': 25.5}",20.72,101085020160,Industrials,Specialty Industrial Machinery,,,False,22.42,-7.6,6,False,26.0,26.0,26.0,1.0,none,25.5,,,,,2.68,0.82,2.7,73.8,0.56,1.57,False,,126.5,4.0,,,False,False,6,NEUTRAL,,53.6,3.27,21.7,,,,2026-09-03T08:42:15.439183
CPRT,"Copart, Inc.",65.8,⭐⭐ GOOD,🟡 Good,USD,USD,False,True,True,1.0,,85.0,60.0,26.7,90.0,65.0,15.0,14.1,False,flat,1.5,True,1,10.0,True,1,"{'eps_growth_yoy': 1.5, 'positive_quarters': 4, 'earnings_accelerating': True, 'eps_accel_quarters': 1, 'profit_margin_pct': 33.5}","{'revenue_growth_yoy': 10.0, 'revenue_accelerating': True, 'rev_accel_quarters': 1}","{'rs_3m': 3.2, 'rs_6m': -28.3, 'rs_line_percentile': 14.1, 'rs_line_at_new_high': False, 'rs_line_trend': 'flat', 'rs_line_score': 15}","{'roe_pct': 17.6, 'debt_to_equity': 0.01, 'current_ratio': 7.61, 'operating_margin_pct': 37.5}","{'days_to_earnings': 'N/A', 'recommendation': 'buy', 'analyst_upside_pct': 25.0}",32.16,30979997696,Industrials,Specialty Business Services,6.1,4.0,False,50.11,-35.8,1,False,40.2,55.0,25.0,10.0,buy,25.0,15.27,-52.5,16.0,-50.2,3.23,1.04,,,,,True,-4.57,,1.6,7.0,2026-09-10,True,False,6,NEUTRAL,6.61,19.3,8.34,41.3,1.6,0.04,-39.7,2026-09-03T08:37:40.009815
ISRG,"Intuitive Surgical, Inc.",65.5,⭐⭐ GOOD,🟡 Good,USD,USD,False,True,True,1.0,,85.0,70.0,24.0,75.0,65.0,15.0,8.7,False,down,16.1,False,0,15.5,True,1,"{'eps_growth_yoy': 16.1, 'positive_quarters': 4, 'earnings_accelerating': False, 'eps_accel_quarters': 0, 'profit_margin_pct': 28.4}","{'revenue_growth_yoy': 15.5, 'revenue_accelerating': True, 'rev_accel_quarters': 1}","{'rs_3m': -12.5, 'rs_6m': -38.0, 'rs_line_percentile': 8.7, 'rs_line_at_new_high': False, 'rs_line_trend': 'down', 'rs_line_score': 15}","{'roe_pct': 17.4, 'current_ratio': 4.96, 'operating_margin_pct': 33.6}","{'days_to_earnings': 'N/A', 'recommendation': 'buy', 'analyst_upside_pct': 28.5}",371.88,133236441088,Healthcare,Medical Instruments & Supplies,2.0,1.7,False,603.88,-38.4,0,False,478.01,685.0,324.0,30.0,buy,28.5,272.63,-26.7,232.67,-37.4,1.96,7.3,,,,,True,-2.67,,26.5,47.0,2026-10-20,False,False,4,NEUTRAL,2.33,22.5,1.16,31.3,0.2,0.01,-31.1,2026-09-03T08:43:18.355605
WM,"Waste Management, Inc.",65.5,⭐⭐ GOOD,🟡 Good,USD,USD,False,True,True,1.0,"FCF declarado (2,348,375,040) se aparta del derivado de flujo operativo menos capex (3,290,000,192)",100.0,70.0,24.0,45.0,65.0,15.0,9.0,False,down,30.2,True,1,3.7,True,2,"{'eps_growth_yoy': 30.2, 'positive_quarters': 4, 'earnings_accelerating': True, 'eps_accel_quarters': 1, 'profit_margin_pct': 11.1}","{'revenue_growth_yoy': 3.7, 'revenue_accelerating': True, 'rev_accel_quarters': 2}","{'rs_3m': -0.9, 'rs_6m': -23.2, 'rs_line_percentile': 9.0, 'rs_line_at_new_high': False, 'rs_line_trend': 'down', 'rs_line_score': 15}","{'roe_pct': 29.8, 'debt_to_equity': 2.35, 'current_ratio': 0.91, 'operating_margin_pct': 19.0}","{'days_to_earnings': 'N/A', 'recommendation': 'buy', 'analyst_upside_pct': 18.7}",219.04,87553613824,Industrials,Waste Management,1.5,3.2,False,248.13,-11.7,4,False,259.92,277.0,220.0,25.0,buy,18.7,108.01,-50.7,70.5,-67.8,2.68,5.88,1.72,50.1,3.78,1.49,True,-1.15,5.0,8.3,53.0,2026-10-26,False,False,8,STRONG,3.93,21.3,2.89,13.7,0.8,0.06,-12.9,2026-09-03T08:37:02.621775
SHW,The Sherwin-Williams Company,65.5,⭐⭐ GOOD,🟡 Good,USD,USD,False,True,True,1.0,,90.0,70.0,38.7,45.0,65.0,15.0,24.3,False,down,1.3,True,2,6.8,True,2,"{'eps_growth_yoy': 1.3, 'positive_quarters': 4, 'earnings_accelerating': True, 'eps_accel_quarters': 2, 'profit_margin_pct': 11.0}","{'revenue_growth_yoy': 6.8, 'revenue_accelerating': True, 'rev_accel_quarters': 2}","{'rs_3m': 9.3, 'rs_6m': -13.7, 'rs_line_percentile': 24.3, 'rs_line_at_new_high': False, 'rs_line_trend': 'down', 'rs_line_score': 15}","{'roe_pct': 65.1, 'debt_to_equity': 3.9, 'current_ratio': 0.73, 'operating_margin_pct': 18.1}","{'days_to_earnings': 'N/A', 'recommendation': 'buy', 'analyst_upside_pct': 18.0}",331.25,80413638656,Basic Materials,Specialty Chemicals,2.6,3.2,False,377.77,-12.3,3,False,391.0,420.0,340.0,22.0,buy,18.0,242.0,-26.9,155.87,-52.9,3.12,10.32,0.97,29.3,3.2,0.87,True,-3.26,7.8,14.3,54.0,2026-10-27,False,False,6,NEUTRAL,4.02,62.0,1.7,23.4,,,,2026-09-03T08:39:18.133828
CME,CME Group Inc.,65.2,⭐⭐ GOOD,🟡 Good,USD,USD,False,True,True,1.0,"FCF declarado (2,909,012,480) se aparta del derivado de flujo operativo menos capex (4,225,500,192)",85.0,60.0,34.7,85.0,50.0,35.0,38.3,False,up,14.7,False,0,11.0,False,0,"{'eps_growth_yoy': 14.7, 'positive_quarters': 4, 'earnings_accelerating': False, 'eps_accel_quarters': 0, 'profit_margin_pct': 63.4}","{'revenue_growth_yoy': 11.0, 'revenue_accelerating': False, 'rev_accel_quarters': 0}","{'rs_3m': 7.7, 'rs_6m': -22.7, 'rs_line_percentile': 38.3, 'rs_line_at_new_high': False, 'rs_line_trend': 'up', 'rs_line_score': 35}","{'roe_pct': 15.8, 'debt_to_equity': 0.15, 'current_ratio': 1.02, 'operating_margin_pct': 65.0}","{'days_to_earnings': 'N/A', 'recommendation': 'hold', 'analyst_upside_pct': 1.9}",277.77,99880329216,Financial Services,Financial Data & Stock Exchanges,1.6,2.3,False,329.16,-15.6,4,False,283.07,330.0,230.0,15.0,hold,1.9,119.04,-57.1,114.4,-58.8,2.91,8.09,1.82,95.4,5.2,3.59,True,-1.5,33.0,1.0,48.0,2026-10-21,False,False,6,NEUTRAL,5.42,101.4,8.61,20.8,0.8,0.04,-20.0,2026-09-03T08:37:55.020213
ALLY,Ally Financial Inc.,64.7,⭐⭐ GOOD,🟡 Good,USD,USD,False,True,True,1.0,"FCF declarado (-546,000,000) se aparta del derivado de flujo operativo menos capex (291,000,128)",90.0,60.0,36.0,60.0,65.0,15.0,17.9,False,down,3.0,True,2,7.3,True,1,"{'eps_growth_yoy': 3.0, 'positive_quarters': 4, 'earnings_accelerating': True, 'eps_accel_quarters': 2, 'profit_margin_pct': 18.4}","{'revenue_growth_yoy': 7.3, 'revenue_accelerating': True, 'rev_accel_quarters': 1}","{'rs_3m': -0.0, 'rs_6m': -4.5, 'rs_line_percentile': 17.9, 'rs_line_at_new_high': False, 'rs_line_trend': 'down', 'rs_line_score': 15}","{'roe_pct': 9.7, 'operating_margin_pct': 25.3}","{'days_to_earnings': 'N/A', 'recommendation': 'buy', 'analyst_upside_pct': 26.0}",42.66,12977158144,Financial Services,Credit Services,4.3,4.0,False,47.29,-9.8,4,False,53.77,58.0,45.0,18.0,buy,26.0,,,58.45,37.0,-4.21,-1.79,2.87,28.2,1.2,3.2,True,-12.86,,13.5,43.0,2026-10-16,False,False,5,NEUTRAL,,,0.49,18.5,1.6,0.08,-16.9,2026-09-03T08:43:52.472011
AON,Aon plc,64.2,⭐⭐ GOOD,🟡 Good,USD,USD,False,True,True,1.0,,85.0,50.0,38.7,80.0,65.0,15.0,8.7,False,down,20.3,False,0,6.2,False,0,"{'eps_growth_yoy': 20.3, 'positive_quarters': 4, 'earnings_accelerating': False, 'eps_accel_quarters': 0, 'profit_margin_pct': 22.3}","{'revenue_growth_yoy': 6.2, 'revenue_accelerating': False, 'rev_accel_quarters': 0}","{'rs_3m': 1.6, 'rs_6m': -14.8, 'rs_line_percentile': 8.7, 'rs_line_at_new_high': False, 'rs_line_trend': 'down', 'rs_line_score': 15}","{'roe_pct': 44.7, 'debt_to_equity': 1.63, 'current_ratio': 1.03, 'operating_margin_pct': 23.5}","{'days_to_earnings': 'N/A', 'recommendation': 'buy', 'analyst_upside_pct': 19.2}",330.88,70188064768,Financial Services,Insurance Brokers,1.6,2.6,False,382.34,-13.5,3,False,394.38,433.0,341.0,16.0,buy,19.2,221.34,-33.1,184.0,-44.4,4.55,15.04,1.01,16.8,3.28,0.77,True,-2.28,7.7,-2.1,57.0,2026-10-30,False,False,8,STRONG,6.55,141.9,,38.2,,,,2026-09-03T08:39:07.199023
KR,The Kroger Co.,64.2,⭐⭐ GOOD,🟡 Good,USD,USD,False,True,True,1.0,,78.0,100.0,24.0,30.0,65.0,15.0,9.2,False,down,48.3,False,0,35.9,True,2,"{'eps_growth_yoy': 48.3, 'positive_quarters': 3, 'earnings_accelerating': False, 'eps_accel_quarters': 0, 'profit_margin_pct': 0.7}","{'revenue_growth_yoy': 35.9, 'revenue_accelerating': True, 'rev_accel_quarters': 2}","{'rs_3m': -7.1, 'rs_6m': -30.6, 'rs_line_percentile': 9.2, 'rs_line_at_new_high': False, 'rs_line_trend': 'down', 'rs_line_score': 15}","{'roe_pct': 13.8, 'debt_to_equity': 3.73, 'current_ratio': 0.79, 'operating_margin_pct': 3.2}","{'days_to_earnings': 'N/A', 'recommendation': 'buy', 'analyst_upside_pct': 20.7}",58.22,35668324352,Consumer Defensive,Grocery Stores,4.5,4.3,False,76.58,-24.0,3,False,70.27,86.0,57.0,22.0,buy,20.7,109.66,88.4,22.7,-61.0,8.4,4.89,2.49,80.1,1.44,2.04,True,-7.66,3.0,9.2,8.0,2026-09-11,False,True,7,NEUTRAL,2.71,5.9,0.8,21.1,,,,2026-09-03T08:43:44.683668
PAYX,"Paychex, Inc.",64.0,⭐⭐ GOOD,🟡 Good,USD,USD,False,True,True,1.0,"FCF declarado (2,321,800,000) se aparta del derivado de flujo operativo menos capex (944,300,000)",75.0,50.0,71.4,65.0,50.0,60.0,50.8,False,up,9.6,False,0,4.3,False,0,"{'eps_growth_yoy': 9.6, 'positive_quarters': 4, 'earnings_accelerating': False, 'eps_accel_quarters': 0, 'profit_margin_pct': 26.6}","{'revenue_growth_yoy': 4.3, 'revenue_accelerating': False, 'rev_accel_quarters': 0}","{'rs_3m': 24.6, 'rs_6m': 16.1, 'rs_line_percentile': 50.8, 'rs_line_at_new_high': False, 'rs_line_trend': 'up', 'rs_line_score': 60}","{'debt_to_equity': 1.24, 'current_ratio': 1.15, 'operating_margin_pct': 38.3}","{'days_to_earnings': 'N/A', 'recommendation': 'hold', 'analyst_upside_pct': -8.3}",124.0,44104671232,Technology,Software - Application,6.1,6.4,False,138.19,-10.3,6,False,113.71,150.0,95.0,14.0,hold,-8.3,276.83,123.2,144.6,16.6,5.26,6.53,3.79,90.6,4.76,2.83,True,-1.39,9.6,17.4,26.0,2026-09-29,False,False,7,NEUTRAL,5.42,106.4,0.45,25.4,1.6,0.06,-23.8,2026-09-03T08:38:40.912266
WCN,"Waste Connections, Inc.",63.2,⭐⭐ GOOD,🟡 Good,USD,USD,False,True,True,1.0,,80.0,70.0,38.7,50.0,65.0,15.0,21.1,False,down,3.5,True,1,4.2,True,2,"{'eps_growth_yoy': 3.5, 'positive_quarters': 4, 'earnings_accelerating': True, 'eps_accel_quarters': 1, 'profit_margin_pct': 10.9}","{'revenue_growth_yoy': 4.2, 'revenue_accelerating': True, 'rev_accel_quarters': 2}","{'rs_3m': 5.5, 'rs_6m': -16.4, 'rs_line_percentile': 21.1, 'rs_line_at_new_high': False, 'rs_line_trend': 'down', 'rs_line_score': 15}","{'roe_pct': 13.0, 'debt_to_equity': 1.22, 'current_ratio': 0.66, 'operating_margin_pct': 19.7}","{'days_to_earnings': 'N/A', 'recommendation': 'strong_buy', 'analyst_upside_pct': 22.2}",164.09,41279995904,Industrials,Waste Management,1.7,2.8,False,182.15,-9.9,2,False,200.6,220.0,162.0,25.0,strong_buy,22.2,65.1,-60.3,41.5,-74.7,2.54,4.17,0.85,33.0,1.4,0.69,True,-2.71,5.0,4.4,47.0,2026-10-20,False,False,6,NEUTRAL,3.44,19.4,6.01,14.0,0.8,0.06,-13.2,2026-09-03T08:36:59.095257
COF,Capital One Financial Corporation,63.1,⭐⭐ GOOD,🟡 Good,USD,USD,False,True,True,1.0,,75.0,60.0,50.3,60.0,65.0,35.0,35.4,False,up,-5.4,True,2,2.5,True,1,"{'eps_growth_yoy': -5.4, 'positive_quarters': 4, 'earnings_accelerating': True, 'eps_accel_quarters': 2, 'profit_margin_pct': 21.9}","{'revenue_growth_yoy': 2.5, 'revenue_accelerating': True, 'rev_accel_quarters': 1}","{'rs_3m': 17.3, 'rs_6m': -0.5, 'rs_line_percentile': 35.4, 'rs_line_at_new_high': False, 'rs_line_trend': 'up', 'rs_line_score': 35}","{'roe_pct': 9.0, 'operating_margin_pct': 33.6}","{'days_to_earnings': 'N/A', 'recommendation': 'buy', 'analyst_upside_pct': 19.2}",216.6,132884111360,Financial Services,Credit Services,2.0,2.7,False,259.64,-16.6,5,False,258.27,300.0,214.0,22.0,buy,19.2,1806.93,734.2,558.3,157.8,19.67,42.61,1.51,16.5,3.2,1.69,True,-6.85,,,47.0,2026-10-20,False,False,5,NEUTRAL,,,0.51,23.1,0.8,0.03,-22.3,2026-09-03T08:43:29.794425
JKHY,"Jack Henry & Associates, Inc.",63.1,⭐⭐ GOOD,🟡 Good,USD,USD,False,True,True,1.0,"FCF declarado (352,223,744) se aparta del derivado de flujo operativo menos capex (530,794,000)",60.0,60.0,53.0,90.0,60.0,35.0,45.9,False,up,-3.7,True,1,3.4,True,1,"{'eps_growth_yoy': -3.7, 'positive_quarters': 4, 'earnings_accelerating': True, 'eps_accel_quarters': 1, 'profit_margin_pct': 19.8}","{'revenue_growth_yoy': 3.4, 'revenue_accelerating': True, 'rev_accel_quarters': 1}","{'rs_3m': 26.4, 'rs_6m': -12.5, 'rs_line_percentile': 45.9, 'rs_line_at_new_high': False, 'rs_line_trend': 'up', 'rs_line_score': 35}","{'roe_pct': 24.0, 'debt_to_equity': 0.04, 'current_ratio': 1.17, 'operating_margin_pct': 22.5}","{'days_to_earnings': 'N/A', 'recommendation': 'buy', 'analyst_upside_pct': 14.7}",167.03,11710908416,Technology,Information Technology Services,7.0,4.7,False,193.39,-13.6,5,False,191.53,215.0,170.0,15.0,buy,14.7,73.92,-55.7,69.3,-58.5,3.01,5.02,1.45,34.1,2.44,1.22,True,-2.43,123.3,-10.4,61.0,2026-11-03,False,False,9,STRONG,5.06,162.7,,32.1,,,,2026-09-03T08:43:04.033628
NYT,The New York Times Company,63.0,⭐⭐ GOOD,🟡 Good,USD,USD,False,True,True,0.9952,"FCF declarado (459,932,128) se aparta del derivado de flujo operativo menos capex (624,278,976)",90.0,60.0,24.0,75.0,50.0,15.0,13.8,False,down,14.4,True,1,8.8,True,1,"{'eps_growth_yoy': 14.4, 'positive_quarters': 4, 'earnings_accelerating': True, 'eps_accel_quarters': 1, 'profit_margin_pct': 13.3}","{'revenue_growth_yoy': 8.8, 'revenue_accelerating': True, 'rev_accel_quarters': 1}","{'rs_3m': -11.1, 'rs_6m': -29.8, 'rs_line_percentile': 13.8, 'rs_line_at_new_high': False, 'rs_line_trend': 'down', 'rs_line_score': 15}","{'roe_pct': 19.7, 'current_ratio': 1.58, 'operating_margin_pct': 17.1}","{'days_to_earnings': 'N/A', 'recommendation': 'none', 'analyst_upside_pct': 14.8}",67.68,10915673088,Communication Services,Publishing,7.3,5.3,False,87.1,-22.3,3,False,77.67,90.0,63.0,9.0,none,14.8,66.38,-1.9,33.6,-50.4,4.21,2.87,1.36,32.1,0.92,0.95,True,-1.6,857.1,7.0,62.0,2026-11-04,False,False,8,STRONG,4.41,52.8,1.55,50.7,,,,2026-09-03T08:44:18.446865
TYL,"Tyler Technologies, Inc.",62.8,⭐⭐ GOOD,🟡 Good,USD,USD,False,True,True,1.0,,80.0,50.0,45.0,75.0,60.0,15.0,23.4,False,up,10.8,False,0,8.3,False,0,"{'eps_growth_yoy': 10.8, 'positive_quarters': 4, 'earnings_accelerating': False, 'eps_accel_quarters': 0, 'profit_margin_pct': 13.4}","{'revenue_growth_yoy': 8.3, 'revenue_accelerating': False, 'rev_accel_quarters': 0}","{'rs_3m': 20.3, 'rs_6m': -10.4, 'rs_line_percentile': 23.4, 'rs_line_at_new_high': False, 'rs_line_trend': 'up', 'rs_line_score': 15}","{'roe_pct': 9.7, 'debt_to_equity': 0.48, 'current_ratio': 1.55, 'operating_margin_pct': 14.7}","{'days_to_earnings': 'N/A', 'recommendation': 'buy', 'analyst_upside_pct': 13.8}",374.88,15352187904,Technology,Software - Application,10.6,4.5,True,566.58,-33.8,3,False,426.64,525.0,335.0,22.0,buy,13.8,356.81,-4.8,117.34,-68.7,3.87,14.52,,,,,True,-6.05,65.3,15.5,55.0,2026-10-28,False,False,8,STRONG,2.5,139.0,1.58,33.8,,,,2026-09-03T08:39:14.195297
ASAZY,ASSA ABLOY AB (publ),62.6,⭐⭐ GOOD,🟡 Good,USD,SEK,True,True,False,0.9482,"acciones × precio no cuadra con la capitalización (ratio 0.9482): el dato por acción y el precio no están en la misma unidad — típico de ADR. Los ratios por acción (EPS, FCF/acción, DCF) no son utilizables | FCF declarado (1,918,853,239) se aparta del derivado de flujo operativo menos capex (18,638,",90.0,60.0,26.7,65.0,55.0,15.0,13.5,False,flat,15.9,True,1,3.3,True,1,"{'eps_growth_yoy': 15.9, 'positive_quarters': 4, 'earnings_accelerating': True, 'eps_accel_quarters': 1, 'profit_margin_pct': 10.8}","{'revenue_growth_yoy': 3.3, 'revenue_accelerating': True, 'rev_accel_quarters': 1}","{'rs_3m': 2.5, 'rs_6m': -20.5, 'rs_line_percentile': 13.5, 'rs_line_at_new_high': False, 'rs_line_trend': 'flat', 'rs_line_score': 15}","{'roe_pct': 15.6, 'debt_to_equity': 0.64, 'current_ratio': 1.01}","{'days_to_earnings': 'N/A', 'recommendation': 'none', 'analyst_upside_pct': 19.9}",18.14,40298962944,Industrials,Security & Protection Services,,,False,21.98,-17.5,2,False,21.74,21.74,21.74,1.0,none,19.9,,,,,4.76,0.91,1.81,41.9,0.33,1.7,False,,,8.0,54.0,2026-10-27,False,False,8,STRONG,,118.2,1.27,15.7,,,,2026-09-03T08:41:23.057385
AXP,American Express Company,62.5,⭐⭐ GOOD,🟡 Good,USD,USD,False,True,True,1.0,,70.0,60.0,38.7,85.0,60.0,15.0,20.1,False,down,7.2,False,0,6.6,True,1,"{'eps_growth_yoy': 7.2, 'positive_quarters': 4, 'earnings_accelerating': False, 'eps_accel_quarters': 0, 'profit_margin_pct': 16.1}","{'revenue_growth_yoy': 6.6, 'revenue_accelerating': True, 'rev_accel_quarters': 1}","{'rs_3m': 4.5, 'rs_6m': -4.9, 'rs_line_percentile': 20.1, 'rs_line_at_new_high': False, 'rs_line_trend': 'down', 'rs_line_score': 15}","{'roe_pct': 34.4, 'debt_to_equity': 1.72, 'current_ratio': 1.55, 'operating_margin_pct': 20.3}","{'days_to_earnings': 'N/A', 'recommendation': 'buy', 'analyst_upside_pct': 13.9}",329.98,222838751232,Financial Services,Credit Services,2.1,3.9,False,387.49,-14.8,2,False,375.96,450.0,315.0,25.0,buy,13.9,486.59,47.5,184.36,-44.1,7.18,23.7,1.17,21.5,3.8,1.1,True,-3.35,,7.7,50.0,2026-10-23,False,False,4,NEUTRAL,,,1.49,17.9,,,,2026-09-03T08:42:34.251958
VRSN,"VeriSign, Inc.",62.5,⭐⭐ GOOD,🟡 Good,USD,USD,False,True,True,1.0,,75.0,60.0,57.6,50.0,60.0,60.0,53.5,False,up,1.7,False,0,3.7,True,1,"{'eps_growth_yoy': 1.7, 'positive_quarters': 4, 'earnings_accelerating': False, 'eps_accel_quarters': 0, 'profit_margin_pct': 49.8}","{'revenue_growth_yoy': 3.7, 'revenue_accelerating': True, 'rev_accel_quarters': 1}","{'rs_3m': -2.3, 'rs_6m': 9.3, 'rs_line_percentile': 53.5, 'rs_line_at_new_high': False, 'rs_line_trend': 'up', 'rs_line_score': 60}","{'current_ratio': 0.59, 'operating_margin_pct': 68.2}","{'days_to_earnings': 'N/A', 'recommendation': 'buy', 'analyst_upside_pct': 10.8}",289.96,26212382720,Technology,Software - Infrastructure,1.7,1.7,False,312.48,-7.2,7,True,321.4,355.0,270.0,5.0,buy,10.8,165.22,-43.0,92.5,-68.1,3.18,9.21,1.12,34.3,3.24,,True,-3.43,15.5,5.4,49.0,2026-10-22,False,False,8,STRONG,4.17,512.5,3.43,25.8,,,,2026-09-03T08:38:06.458713
KVUE,Kenvue Inc.,62.1,⭐⭐ GOOD,🟡 Good,USD,USD,False,True,True,1.0,,80.0,50.0,50.3,70.0,50.0,35.0,46.9,False,flat,14.6,False,0,5.1,False,0,"{'eps_growth_yoy': 14.6, 'positive_quarters': 4, 'earnings_accelerating': False, 'eps_accel_quarters': 0, 'profit_margin_pct': 10.8}","{'revenue_growth_yoy': 5.1, 'revenue_accelerating': False, 'rev_accel_quarters': 0}","{'rs_3m': 13.3, 'rs_6m': -5.6, 'rs_line_percentile': 46.9, 'rs_line_at_new_high': False, 'rs_line_trend': 'flat', 'rs_line_score': 35}","{'roe_pct': 15.6, 'debt_to_equity': 0.82, 'current_ratio': 1.0, 'operating_margin_pct': 19.4}","{'days_to_earnings': 'N/A', 'recommendation': 'hold', 'analyst_upside_pct': 1.9}",19.13,36744396800,Consumer Defensive,Household & Personal Products,3.2,2.7,False,20.69,-7.5,7,True,19.5,23.0,18.0,12.0,hold,1.9,18.41,-3.8,8.7,-54.5,5.19,0.99,4.48,97.7,0.84,,True,-0.19,6.2,3.4,63.0,2026-11-05,False,False,7,NEUTRAL,5.49,109.8,1.81,19.5,,,,2026-09-03T08:44:47.266393
CB,Chubb Limited,61.6,⭐⭐ GOOD,🟡 Good,USD,USD,False,True,True,1.0,,80.0,50.0,46.7,65.0,60.0,35.0,37.8,False,down,1.9,True,1,-1.5,True,2,"{'eps_growth_yoy': 1.9, 'positive_quarters': 4, 'earnings_accelerating': True, 'eps_accel_quarters': 1, 'profit_margin_pct': 18.1}","{'revenue_growth_yoy': -1.5, 'revenue_accelerating': True, 'rev_accel_quarters': 2}","{'rs_3m': 6.9, 'rs_6m': -10.2, 'rs_line_percentile': 37.8, 'rs_line_at_new_high': False, 'rs_line_trend': 'down', 'rs_line_score': 35}","{'roe_pct': 14.8, 'debt_to_equity': 0.31, 'current_ratio': 0.41, 'operating_margin_pct': 23.5}","{'days_to_earnings': 'N/A', 'recommendation': 'buy', 'analyst_upside_pct': 7.9}",339.42,130948194304,Financial Services,Insurance - Property & Casualty,1.0,2.0,False,365.91,-7.2,5,False,366.13,425.0,306.0,23.0,buy,7.9,400.01,17.9,282.7,-16.7,8.01,27.19,1.2,13.9,4.08,1.43,True,-3.43,18.9,-0.5,54.0,2026-10-27,False,False,6,NEUTRAL,9.0,,,13.5,0.2,0.01,-13.3,2026-09-03T08:41:49.290295
FDS,FactSet Research Systems Inc.,61.5,⭐⭐ GOOD,🟡 Good,USD,USD,False,True,True,1.0,,65.0,60.0,62.3,70.0,40.0,35.0,43.5,False,up,-17.5,True,1,4.4,True,1,"{'eps_growth_yoy': -17.5, 'positive_quarters': 4, 'earnings_accelerating': True, 'eps_accel_quarters': 1, 'profit_margin_pct': 23.2}","{'revenue_growth_yoy': 4.4, 'revenue_accelerating': True, 'rev_accel_quarters': 1}","{'rs_3m': 19.1, 'rs_6m': 24.4, 'rs_line_percentile': 43.5, 'rs_line_at_new_high': False, 'rs_line_trend': 'up', 'rs_line_score': 35}","{'roe_pct': 27.0, 'debt_to_equity': 0.77, 'current_ratio': 0.68, 'operating_margin_pct': 30.5}","{'days_to_earnings': 'N/A', 'recommendation': 'hold', 'analyst_upside_pct': -15.4}",306.07,10885545984,Financial Services,Financial Data & Stock Exchanges,11.6,4.1,True,377.07,-18.8,6,False,259.06,340.0,210.0,16.0,hold,-15.4,256.99,-16.0,152.1,-50.3,5.71,17.47,1.52,29.4,4.64,1.04,True,-5.63,14.1,-3.8,27.0,2026-09-30,False,False,6,NEUTRAL,6.4,187.1,,35.2,1.6,0.04,-33.6,2026-09-03T08:41:52.836156
MCD,McDonald's Corporation,61.5,⭐⭐ GOOD,🟡 Good,USD,USD,False,True,True,1.0,,85.0,60.0,24.0,65.0,65.0,15.0,4.0,False,down,3.7,True,1,0.3,True,1,"{'eps_growth_yoy': 3.7, 'positive_quarters': 4, 'earnings_accelerating': True, 'eps_accel_quarters': 1, 'profit_margin_pct': 31.7}","{'revenue_growth_yoy': 0.3, 'revenue_accelerating': True, 'rev_accel_quarters': 1}","{'rs_3m': -5.0, 'rs_6m': -32.1, 'rs_line_percentile': 4.0, 'rs_line_at_new_high': False, 'rs_line_trend': 'down', 'rs_line_score': 15}","{'current_ratio': 1.08, 'operating_margin_pct': 46.5}","{'days_to_earnings': 'N/A', 'recommendation': 'buy', 'analyst_upside_pct': 20.9}",260.95,184659066880,Consumer Cyclical,Restaurants,1.7,2.4,False,341.75,-23.6,1,False,315.39,407.0,250.0,31.0,buy,20.9,146.0,-44.1,122.9,-52.9,3.39,8.85,2.85,59.7,7.44,2.24,True,-1.26,7.9,4.0,63.0,2026-11-05,False,False,6,NEUTRAL,5.23,29.1,3.27,19.3,,,,2026-09-03T08:40:15.539760
CHD,"Church & Dwight Co., Inc.",61.1,⭐⭐ GOOD,🟡 Good,USD,USD,False,True,True,1.0,,90.0,30.0,46.7,75.0,60.0,35.0,31.7,False,down,13.2,True,1,-2.5,False,0,"{'eps_growth_yoy': 13.2, 'positive_quarters': 4, 'earnings_accelerating': True, 'eps_accel_quarters': 1, 'profit_margin_pct': 12.0}","{'revenue_growth_yoy': -2.5, 'revenue_accelerating': False, 'rev_accel_quarters': 0}","{'rs_3m': 4.5, 'rs_6m': -12.8, 'rs_line_percentile': 31.7, 'rs_line_at_new_high': False, 'rs_line_trend': 'down', 'rs_line_score': 35}","{'roe_pct': 17.0, 'debt_to_equity': 0.56, 'current_ratio': 1.15, 'operating_margin_pct': 18.1}","{'days_to_earnings': 'N/A', 'recommendation': 'buy', 'analyst_upside_pct': 6.1}",99.32,23559092224,Consumer Defensive,Household & Personal Products,5.2,5.9,False,106.04,-6.3,6,False,105.37,115.0,78.0,19.0,buy,6.1,74.93,-24.6,31.2,-68.6,3.99,3.96,1.24,38.6,1.23,1.16,True,-2.55,10.6,6.3,57.0,2026-10-30,False,False,7,NEUTRAL,4.09,114.1,2.73,21.7,0.8,0.04,-20.9,2026-09-03T08:41:19.321881
TNE.AX,Technology One Limited,61.0,⭐⭐ GOOD,🟡 Good,AUD,AUD,False,True,True,1.0,,60.0,50.0,56.0,95.0,50.0,,,,,,,0,,,0,{'profit_margin_pct': 22.4},{},"{'rs_3m': -6.6, 'rs_6m': 4.6}","{'roe_pct': 33.5, 'debt_to_equity': 0.12, 'current_ratio': 1.12, 'operating_margin_pct': 27.1}","{'days_to_earnings': 'N/A', 'recommendation': 'none', 'analyst_upside_pct': 1.0}",30.85,10099319808,Technology,Software - Application,,,False,39.99,-22.9,5,False,31.16,34.25,22.0,16.0,none,1.0,7.85,-74.6,4.3,-86.1,1.5,0.46,0.89,62.2,0.28,0.97,,,,3.1,74.0,2026-11-17,False,False,3,NEUTRAL,1.83,162.9,8.07,28.0,,,,2026-09-03T08:42:22.760709
ADP,"Automatic Data Processing, Inc.",61.0,⭐⭐ GOOD,🟡 Good,USD,USD,False,True,True,1.0,,55.0,50.0,71.4,85.0,50.0,60.0,51.2,False,up,-3.4,False,0,5.8,False,0,"{'eps_growth_yoy': -3.4, 'positive_quarters': 4, 'earnings_accelerating': False, 'eps_accel_quarters': 0, 'profit_margin_pct': 20.1}","{'revenue_growth_yoy': 5.8, 'revenue_accelerating': False, 'rev_accel_quarters': 0}","{'rs_3m': 21.1, 'rs_6m': 15.4, 'rs_line_percentile': 51.2, 'rs_line_at_new_high': False, 'rs_line_trend': 'up', 'rs_line_score': 60}","{'roe_pct': 72.2, 'debt_to_equity': 0.91, 'current_ratio': 1.05, 'operating_margin_pct': 23.5}","{'days_to_earnings': 'N/A', 'recommendation': 'hold', 'analyst_upside_pct': 2.3}",281.16,111694397440,Technology,Software - Application,3.1,4.6,False,302.68,-7.1,6,False,287.6,322.0,225.0,15.0,hold,2.3,258.07,-8.2,108.5,-61.4,4.69,13.2,2.4,60.7,6.8,2.04,True,-1.87,13.5,3.9,55.0,2026-10-28,False,False,6,NEUTRAL,5.48,173.6,2.14,20.7,,,,2026-09-03T08:37:21.171081
STZ,"Constellation Brands, Inc.",60.8,⭐⭐ GOOD,🟡 Good,USD,USD,False,True,True,0.9997,,100.0,40.0,24.0,60.0,70.0,15.0,0.1,False,down,40.3,True,1,-1.9,True,1,"{'eps_growth_yoy': 40.3, 'positive_quarters': 4, 'earnings_accelerating': True, 'eps_accel_quarters': 1, 'profit_margin_pct': 20.1}","{'revenue_growth_yoy': -1.9, 'revenue_accelerating': True, 'rev_accel_quarters': 1}","{'rs_3m': -6.7, 'rs_6m': -23.8, 'rs_line_percentile': 0.1, 'rs_line_at_new_high': False, 'rs_line_trend': 'down', 'rs_line_score': 15}","{'roe_pct': 23.7, 'debt_to_equity': 1.23, 'current_ratio': 0.91, 'operating_margin_pct': 35.9}","{'days_to_earnings': 'N/A', 'recommendation': 'buy', 'analyst_upside_pct': 32.1}",129.35,22093543424,Consumer Defensive,Beverages - Brewers,4.9,4.1,False,168.6,-23.3,3,False,170.83,209.0,115.0,23.0,buy,32.1,549.0,324.4,312.0,141.2,10.01,12.95,3.15,39.0,4.12,1.81,True,-3.81,8.2,21.5,32.0,2026-10-05,False,False,6,NEUTRAL,8.35,29.4,0.34,30.7,0.8,0.03,-29.9,2026-09-03T08:44:07.648782
OTIS,Otis Worldwide Corporation,60.6,⭐⭐ GOOD,🟡 Good,USD,USD,False,True,True,1.0,,90.0,60.0,26.7,45.0,65.0,15.0,3.2,False,down,14.4,True,1,4.6,True,1,"{'eps_growth_yoy': 14.4, 'positive_quarters': 4, 'earnings_accelerating': True, 'eps_accel_quarters': 1, 'profit_margin_pct': 10.2}","{'revenue_growth_yoy': 4.6, 'revenue_accelerating': True, 'rev_accel_quarters': 1}","{'rs_3m': 0.7, 'rs_6m': -33.8, 'rs_line_percentile': 3.2, 'rs_line_at_new_high': False, 'rs_line_trend': 'down', 'rs_line_score': 15}","{'current_ratio': 0.83, 'operating_margin_pct': 15.1}","{'days_to_earnings': 'N/A', 'recommendation': 'buy', 'analyst_upside_pct': 25.4}",70.83,26962810880,Industrials,Specialty Industrial Machinery,4.5,3.9,False,94.565,-25.1,0,False,88.83,105.0,75.0,12.0,buy,25.4,83.98,18.6,50.7,-28.4,5.33,3.77,2.49,43.7,1.76,1.5,True,-3.91,,9.1,55.0,2026-10-28,False,False,6,NEUTRAL,6.29,171.1,1.19,18.4,,,,2026-09-03T08:40:58.431420
UBER,"Uber Technologies, Inc.",60.5,⭐⭐ GOOD,🟡 Good,USD,USD,False,True,True,1.0,"FCF declarado (7,244,749,824) se aparta del derivado de flujo operativo menos capex (10,088,000,512)",70.0,60.0,38.7,65.0,70.0,15.0,18.1,False,flat,-63.9,True,2,5.4,True,1,"{'eps_growth_yoy': -63.9, 'positive_quarters': 4, 'earnings_accelerating': True, 'eps_accel_quarters': 2, 'profit_margin_pct': 17.3}","{'revenue_growth_yoy': 5.4, 'revenue_accelerating': True, 'rev_accel_quarters': 1}","{'rs_3m': 4.5, 'rs_6m': -11.6, 'rs_line_percentile': 18.1, 'rs_line_at_new_high': False, 'rs_line_trend': 'flat', 'rs_line_score': 15}","{'roe_pct': 37.2, 'debt_to_equity': 0.52, 'current_ratio': 0.84, 'operating_margin_pct': 13.3}","{'days_to_earnings': 'N/A', 'recommendation': 'buy', 'analyst_upside_pct': 33.2}",76.45,156153708544,Technology,Software - Application,2.4,2.3,False,101.99,-25.0,1,False,101.81,150.0,70.0,47.0,buy,33.2,150.42,96.8,138.9,81.7,4.64,3.55,,,,,True,-4.42,15.5,85.5,61.0,2026-11-03,False,False,6,NEUTRAL,3.75,133.2,0.2,46.5,,,,2026-09-03T08:44:37.031317
FCNCA,"First Citizens BancShares, Inc.",60.1,⭐⭐ GOOD,🟡 Good,USD,USD,False,True,False,0.911,"acciones × precio no cuadra con la capitalización (ratio 0.9110): el dato por acción y el precio no están en la misma unidad — típico de ADR. Los ratios por acción (EPS, FCF/acción, DCF) no son utilizables",95.0,30.0,46.7,65.0,50.0,35.0,49.6,False,flat,18.3,True,1,-0.2,False,0,"{'eps_growth_yoy': 18.3, 'positive_quarters': 4, 'earnings_accelerating': True, 'eps_accel_quarters': 1, 'profit_margin_pct': 25.2}","{'revenue_growth_yoy': -0.2, 'revenue_accelerating': False, 'rev_accel_quarters': 0}","{'rs_3m': 5.1, 'rs_6m': -0.6, 'rs_line_percentile': 49.6, 'rs_line_at_new_high': False, 'rs_line_trend': 'flat', 'rs_line_score': 35}","{'roe_pct': 10.7, 'operating_margin_pct': 39.0}","{'days_to_earnings': 'N/A', 'recommendation': 'hold', 'analyst_upside_pct': 7.6}",2177.11,24586364928,Financial Services,Banks - Regional,4.8,5.9,False,2296.3,-5.2,6,False,2342.67,2525.0,2100.0,12.0,hold,7.6,,,,,5.54,132.29,0.39,4.4,8.4,0.31,True,-13.43,,12.4,49.0,2026-10-22,False,False,5,NEUTRAL,,,0.36,18.7,,,,2026-09-03T08:45:09.519023
ITW,Illinois Tool Works Inc.,60.1,⭐⭐ GOOD,🟡 Good,USD,USD,False,True,True,1.0,,70.0,60.0,46.7,65.0,50.0,35.0,25.3,False,flat,-0.7,True,2,6.0,True,1,"{'eps_growth_yoy': -0.7, 'positive_quarters': 4, 'earnings_accelerating': True, 'eps_accel_quarters': 2, 'profit_margin_pct': 19.4}","{'revenue_growth_yoy': 6.0, 'revenue_accelerating': True, 'rev_accel_quarters': 1}","{'rs_3m': 6.5, 'rs_6m': -16.5, 'rs_line_percentile': 25.3, 'rs_line_at_new_high': False, 'rs_line_trend': 'flat', 'rs_line_score': 35}","{'roe_pct': 104.6, 'debt_to_equity': 3.35, 'current_ratio': 1.11, 'operating_margin_pct': 26.9}","{'days_to_earnings': 'N/A', 'recommendation': 'hold', 'analyst_upside_pct': 12.2}",269.09,76636831744,Industrials,Specialty Industrial Machinery,3.1,6.2,False,303.16,-11.2,4,False,301.86,350.0,249.0,14.0,hold,12.2,169.1,-37.2,111.2,-58.7,3.17,8.54,2.55,58.3,6.88,2.26,True,-2.45,14.6,4.0,50.0,2026-10-23,False,False,5,NEUTRAL,4.97,118.3,2.15,13.0,0.4,0.03,-12.6,2026-09-03T08:41:12.109275
ECL,Ecolab Inc.,60.1,⭐⭐ GOOD,🟡 Good,USD,USD,False,True,True,1.0,"FCF declarado (1,474,824,960) se aparta del derivado de flujo operativo menos capex (2,008,500,000)",60.0,60.0,46.7,75.0,65.0,35.0,29.9,False,down,-8.6,True,1,6.0,True,1,"{'eps_growth_yoy': -8.6, 'positive_quarters': 4, 'earnings_accelerating': True, 'eps_accel_quarters': 1, 'profit_margin_pct': 12.6}","{'revenue_growth_yoy': 6.0, 'revenue_accelerating': True, 'rev_accel_quarters': 1}","{'rs_3m': 9.0, 'rs_6m': -14.8, 'rs_line_percentile': 29.9, 'rs_line_at_new_high': False, 'rs_line_trend': 'down', 'rs_line_score': 35}","{'roe_pct': 22.0, 'debt_to_equity': 1.38, 'current_ratio': 1.84, 'operating_margin_pct': 18.5}","{'days_to_earnings': 'N/A', 'recommendation': 'buy', 'analyst_upside_pct': 16.1}",279.9,78463975424,Basic Materials,Specialty Chemicals,1.4,2.9,False,309.27,-9.5,6,False,324.95,360.0,295.0,21.0,buy,16.1,78.41,-72.0,74.5,-73.4,1.88,5.26,1.04,38.1,2.92,1.06,True,-1.6,9.1,3.3,54.0,2026-10-27,False,False,6,NEUTRAL,3.27,52.2,9.01,17.8,,,,2026-09-03T08:39:41.952461
AUTO.L,Autotrader Group plc,59.9,⭐ AVERAGE,🟡 Average,GBp,GBP,True,True,False,100.0,"acciones × precio no cuadra con la capitalización (ratio 100.0000): el dato por acción y el precio no están en la misma unidad — típico de ADR. Los ratios por acción (EPS, FCF/acción, DCF) no son utilizables",60.0,50.0,54.5,90.0,50.0,,,,,,,0,,,0,{'profit_margin_pct': 47.1},{},"{'rs_3m': 5.5, 'rs_6m': -6.6}","{'roe_pct': 60.2, 'debt_to_equity': 0.52, 'current_ratio': 1.73, 'operating_margin_pct': 62.2}","{'days_to_earnings': 'N/A', 'recommendation': 'hold', 'analyst_upside_pct': 11.8}",502.6,3906514176,Communication Services,Internet Content & Information,,,False,828.8,-39.4,0,False,562.06,800.0,410.0,18.0,hold,11.8,,,,,6.24,0.31,2.29,32.0,12.0,1.38,,,,2.0,63.0,2026-11-05,False,False,5,NEUTRAL,9.25,332.4,2.25,30.3,,,,2026-09-03T08:43:07.335625
ITRK.L,Intertek Group plc,59.6,⭐ AVERAGE,🟡 Average,GBp,GBP,True,True,False,100.0,"acciones × precio no cuadra con la capitalización (ratio 100.0000): el dato por acción y el precio no están en la misma unidad — típico de ADR. Los ratios por acción (EPS, FCF/acción, DCF) no son utilizables",50.0,50.0,74.5,75.0,60.0,,,,,,,0,,,0,{'profit_margin_pct': 9.1},{},"{'rs_3m': 3.6, 'rs_6m': 31.7}","{'roe_pct': 29.9, 'debt_to_equity': 1.73, 'current_ratio': 1.1, 'operating_margin_pct': 16.6}","{'days_to_earnings': 'N/A', 'recommendation': 'buy', 'analyst_upside_pct': 0.9}",5845.7495,8973003776,Industrials,Specialty Business Services,,,False,5860.0,-0.2,7,True,5897.25,6000.0,5450.0,12.0,buy,0.9,,,,,5.1,2.98,2.83,80.5,165.0,2.67,,,,-7.8,180.0,2027-03-02,False,False,4,NEUTRAL,5.18,63.8,,1.3,,,,2026-09-03T08:43:10.999192
FHN,First Horizon Corporation,59.6,⭐ AVERAGE,🟡 Average,USD,USD,False,True,True,1.0,"FCF declarado (595,000,000) se aparta del derivado de flujo operativo menos capex (1,026,000,000)",85.0,40.0,46.7,65.0,50.0,35.0,29.2,False,down,3.1,True,1,-0.5,True,1,"{'eps_growth_yoy': 3.1, 'positive_quarters': 4, 'earnings_accelerating': True, 'eps_accel_quarters': 1, 'profit_margin_pct': 30.2}","{'revenue_growth_yoy': -0.5, 'revenue_accelerating': True, 'rev_accel_quarters': 1}","{'rs_3m': 0.7, 'rs_6m': -6.5, 'rs_line_percentile': 29.2, 'rs_line_at_new_high': False, 'rs_line_trend': 'down', 'rs_line_score': 35}","{'roe_pct': 11.5, 'operating_margin_pct': 41.3}","{'days_to_earnings': 'N/A', 'recommendation': 'none', 'analyst_upside_pct': 14.4}",24.57,11640704000,Financial Services,Banks - Regional,0.0,0.0,False,26.56,-7.5,5,False,28.11,31.0,25.0,19.0,none,14.4,36.77,49.7,41.6,69.3,5.11,1.26,2.83,30.8,0.68,3.28,True,-8.06,,10.0,41.0,2026-10-14,False,False,5,NEUTRAL,,,0.53,21.4,3.1,0.15,-18.3,2026-09-03T08:45:05.675330
NOW,"ServiceNow, Inc.",59.3,⭐ AVERAGE,🟡 Average,USD,USD,False,True,True,1.0,,50.0,80.0,53.9,50.0,60.0,35.0,34.9,False,up,-40.6,False,0,17.0,True,2,"{'eps_growth_yoy': -40.6, 'positive_quarters': 4, 'earnings_accelerating': False, 'eps_accel_quarters': 0, 'profit_margin_pct': 11.3}","{'revenue_growth_yoy': 17.0, 'revenue_accelerating': True, 'rev_accel_quarters': 2}","{'rs_3m': 13.2, 'rs_6m': 0.7, 'rs_line_percentile': 34.9, 'rs_line_at_new_high': False, 'rs_line_trend': 'up', 'rs_line_score': 35}","{'roe_pct': 14.2, 'debt_to_equity': 0.68, 'current_ratio': 0.7, 'operating_margin_pct': 4.1}","{'days_to_earnings': 'N/A', 'recommendation': 'strong_buy', 'analyst_upside_pct': 3.3}",136.72,141349617664,Technology,Software - Application,2.8,1.2,False,194.726,-29.8,3,False,141.19,248.0,72.0,46.0,strong_buy,3.3,73.29,-46.4,15.3,-88.8,3.64,4.98,,,,,True,-2.41,29.3,-21.9,55.0,2026-10-28,False,False,4,NEUTRAL,1.57,73.1,,59.5,0.4,0.01,-59.1,2026-09-03T08:40:47.002391
VRSK,"Verisk Analytics, Inc.",59.1,⭐ AVERAGE,🟡 Average,USD,USD,False,True,True,1.0,,75.0,60.0,26.7,65.0,65.0,15.0,17.1,False,flat,1.4,False,0,4.9,True,1,"{'eps_growth_yoy': 1.4, 'positive_quarters': 4, 'earnings_accelerating': False, 'eps_accel_quarters': 0, 'profit_margin_pct': 28.2}","{'revenue_growth_yoy': 4.9, 'revenue_accelerating': True, 'rev_accel_quarters': 1}","{'rs_3m': 3.5, 'rs_6m': -23.4, 'rs_line_percentile': 17.1, 'rs_line_at_new_high': False, 'rs_line_trend': 'flat', 'rs_line_score': 15}","{'current_ratio': 1.0, 'operating_margin_pct': 45.1}","{'days_to_earnings': 'N/A', 'recommendation': 'buy', 'analyst_upside_pct': 26.3}",188.16,24653070336,Industrials,Consulting Services,2.9,2.0,False,273.83,-31.3,0,False,237.71,275.0,195.0,17.0,buy,26.3,118.54,-37.0,63.1,-66.5,4.28,8.06,1.03,29.2,2.0,0.63,True,-8.72,6.9,-2.4,55.0,2026-10-28,False,False,7,NEUTRAL,4.57,113.1,,35.5,1.6,0.04,-33.9,2026-09-03T08:36:47.805200
MTD,Mettler-Toledo International Inc.,59.1,⭐ AVERAGE,🟡 Average,USD,USD,False,True,True,1.0,,85.0,40.0,50.3,50.0,60.0,35.0,46.6,False,up,7.1,True,1,-0.2,True,1,"{'eps_growth_yoy': 7.1, 'positive_quarters': 4, 'earnings_accelerating': True, 'eps_accel_quarters': 1, 'profit_margin_pct': 21.9}","{'revenue_growth_yoy': -0.2, 'revenue_accelerating': True, 'rev_accel_quarters': 1}","{'rs_3m': 14.5, 'rs_6m': -4.5, 'rs_line_percentile': 46.6, 'rs_line_at_new_high': False, 'rs_line_trend': 'up', 'rs_line_score': 35}","{'debt_to_equity': 166.68, 'current_ratio': 1.12, 'operating_margin_pct': 31.2}","{'days_to_earnings': 'N/A', 'recommendation': 'buy', 'analyst_upside_pct': 7.7}",1367.74,27404804096,Healthcare,Diagnostics & Research,4.1,4.3,False,1525.17,-10.3,5,False,1472.75,1600.0,1200.0,12.0,buy,7.7,949.22,-30.6,805.93,-41.1,2.53,34.62,,,,,True,-2.83,16.8,12.8,63.0,2026-11-05,False,False,6,NEUTRAL,3.79,110.6,1.44,14.9,0.2,0.01,-14.7,2026-09-03T08:40:19.015943
SPGI,S&P Global Inc.,59.0,⭐ AVERAGE,🟡 Average,USD,USD,False,True,True,1.0,,75.0,50.0,38.7,65.0,65.0,15.0,19.4,False,up,3.5,False,0,6.6,False,0,"{'eps_growth_yoy': 3.5, 'positive_quarters': 4, 'earnings_accelerating': False, 'eps_accel_quarters': 0, 'profit_margin_pct': 30.5}","{'revenue_growth_yoy': 6.6, 'revenue_accelerating': False, 'rev_accel_quarters': 0}","{'rs_3m': 7.5, 'rs_6m': -11.3, 'rs_line_percentile': 19.4, 'rs_line_at_new_high': False, 'rs_line_trend': 'up', 'rs_line_score': 15}","{'roe_pct': 14.3, 'debt_to_equity': 0.43, 'current_ratio': 0.95, 'operating_margin_pct': 44.8}","{'days_to_earnings': 'N/A', 'recommendation': 'strong_buy', 'analyst_upside_pct': 20.3}",431.71,127268102144,Financial Services,Financial Data & Stock Exchanges,2.6,3.8,False,522.46924,-17.4,3,False,519.3,553.0,485.0,20.0,strong_buy,20.3,495.13,14.7,284.97,-34.0,4.28,18.48,0.88,23.5,3.88,0.82,True,-4.09,22.7,17.7,56.0,2026-10-29,False,False,7,NEUTRAL,4.52,942.7,1.21,21.9,,,,2026-09-03T08:37:32.303702
MSI,"Motorola Solutions, Inc.",58.8,⭐ AVERAGE,🟡 Average,USD,USD,False,True,True,1.0,"FCF declarado (1,979,000,064) se aparta del derivado de flujo operativo menos capex (2,709,000,128)",60.0,60.0,50.3,65.0,60.0,35.0,46.9,False,up,-0.9,True,1,4.1,True,1,"{'eps_growth_yoy': -0.9, 'positive_quarters': 4, 'earnings_accelerating': True, 'eps_accel_quarters': 1, 'profit_margin_pct': 17.4}","{'revenue_growth_yoy': 4.1, 'revenue_accelerating': True, 'rev_accel_quarters': 1}","{'rs_3m': 15.6, 'rs_6m': -9.8, 'rs_line_percentile': 46.9, 'rs_line_at_new_high': False, 'rs_line_trend': 'up', 'rs_line_score': 35}","{'roe_pct': 91.6, 'debt_to_equity': 3.58, 'current_ratio': 1.1, 'operating_margin_pct': 27.4}","{'days_to_earnings': 'N/A', 'recommendation': 'buy', 'analyst_upside_pct': 10.0}",478.92,79258288128,Technology,Communication Equipment,2.2,3.4,False,494.85,-3.2,7,True,526.82,550.0,476.0,11.0,buy,10.0,230.97,-51.8,123.6,-74.2,2.5,11.96,0.99,37.2,4.84,1.11,True,-1.3,7.3,9.5,63.0,2026-11-05,False,False,6,NEUTRAL,3.6,161.2,2.64,35.7,0.4,0.01,-35.3,2026-09-03T08:37:28.787591
ZTS,Zoetis Inc.,58.5,⭐ AVERAGE,🟡 Average,USD,USD,False,True,True,1.0,,75.0,60.0,24.0,65.0,65.0,15.0,4.0,False,down,-4.2,True,2,2.8,True,1,"{'eps_growth_yoy': -4.2, 'positive_quarters': 4, 'earnings_accelerating': True, 'eps_accel_quarters': 2, 'profit_margin_pct': 27.7}","{'revenue_growth_yoy': 2.8, 'revenue_accelerating': True, 'rev_accel_quarters': 1}","{'rs_3m': -4.9, 'rs_6m': -49.9, 'rs_line_percentile': 4.0, 'rs_line_at_new_high': False, 'rs_line_trend': 'down', 'rs_line_score': 15}","{'roe_pct': 64.9, 'debt_to_equity': 2.94, 'current_ratio': 3.08, 'operating_margin_pct': 40.7}","{'days_to_earnings': 'N/A', 'recommendation': 'buy', 'analyst_upside_pct': 26.0}",76.17,31475243008,Healthcare,Drug Manufacturers - Specialty & Generic,4.6,2.5,False,155.15,-50.9,1,False,96.0,155.0,80.0,15.0,buy,26.0,71.82,-5.7,60.5,-20.6,6.41,4.88,2.74,33.6,2.12,0.95,True,-11.58,14.7,0.8,61.0,2026-11-03,False,False,6,NEUTRAL,9.17,42.1,9.72,42.7,,,,2026-09-03T08:38:18.245642
PEP,"PepsiCo, Inc.",58.5,⭐ AVERAGE,🟡 Average,USD,USD,False,True,True,1.0,,90.0,60.0,24.0,45.0,50.0,15.0,8.1,False,down,14.5,True,1,1.0,True,1,"{'eps_growth_yoy': 14.5, 'positive_quarters': 4, 'earnings_accelerating': True, 'eps_accel_quarters': 1, 'profit_margin_pct': 10.8}","{'revenue_growth_yoy': 1.0, 'revenue_accelerating': True, 'rev_accel_quarters': 1}","{'rs_3m': -1.4, 'rs_6m': -23.8, 'rs_line_percentile': 8.1, 'rs_line_at_new_high': False, 'rs_line_trend': 'down', 'rs_line_score': 15}","{'roe_pct': 51.5, 'debt_to_equity': 2.39, 'current_ratio': 0.93, 'operating_margin_pct': 16.8}","{'days_to_earnings': 'N/A', 'recommendation': 'hold', 'analyst_upside_pct': 10.3}",140.52,191950323712,Consumer Defensive,Beverages - Non-Alcoholic,1.9,3.2,False,171.48,-18.1,3,False,155.0,183.0,124.0,22.0,hold,10.3,243.14,73.0,230.1,63.7,4.08,5.73,4.23,75.3,5.92,3.03,True,-0.51,12.7,54.8,35.0,2026-10-08,False,False,5,NEUTRAL,4.87,33.8,0.11,16.1,0.4,0.02,-15.7,2026-09-03T08:42:30.522522
ETN,Eaton Corporation plc,58.3,⭐ AVERAGE,🟡 Average,USD,USD,False,True,True,1.0,,50.0,70.0,44.0,70.0,65.0,35.0,34.4,False,down,-11.8,False,0,6.0,True,2,"{'eps_growth_yoy': -11.8, 'positive_quarters': 4, 'earnings_accelerating': False, 'eps_accel_quarters': 0, 'profit_margin_pct': 12.8}","{'revenue_growth_yoy': 6.0, 'revenue_accelerating': True, 'rev_accel_quarters': 2}","{'rs_3m': -7.7, 'rs_6m': -1.8, 'rs_line_percentile': 34.4, 'rs_line_at_new_high': False, 'rs_line_trend': 'down', 'rs_line_score': 35}","{'roe_pct': 19.7, 'debt_to_equity': 1.05, 'current_ratio': 1.24, 'operating_margin_pct': 16.6}","{'days_to_earnings': 'N/A', 'recommendation': 'buy', 'analyst_upside_pct': 21.7}",390.85,151767056384,Industrials,Specialty Industrial Machinery,1.7,2.7,False,478.0,-18.2,4,False,475.57,534.0,333.0,25.0,buy,21.7,117.7,-69.9,98.1,-74.9,2.05,8.0,1.13,43.6,4.4,1.55,True,-0.82,16.1,-15.9,61.0,2026-11-03,False,False,7,NEUTRAL,3.0,64.1,,30.7,,,,2026-09-03T08:41:26.827317
AWK,"American Water Works Company, Inc.",58.3,⭐ AVERAGE,🟡 Average,USD,USD,False,True,True,1.0,"FCF declarado (-1,785,374,976) se aparta del derivado de flujo operativo menos capex (-966,999,872)",75.0,50.0,50.3,55.0,50.0,35.0,39.2,False,up,-16.9,True,2,-6.6,True,2,"{'eps_growth_yoy': -16.9, 'positive_quarters': 4, 'earnings_accelerating': True, 'eps_accel_quarters': 2, 'profit_margin_pct': 21.3}","{'revenue_growth_yoy': -6.6, 'revenue_accelerating': True, 'rev_accel_quarters': 2}","{'rs_3m': 13.5, 'rs_6m': -7.9, 'rs_line_percentile': 39.2, 'rs_line_at_new_high': False, 'rs_line_trend': 'up', 'rs_line_score': 35}","{'roe_pct': 10.1, 'debt_to_equity': 1.38, 'current_ratio': 0.52, 'operating_margin_pct': 40.7}","{'days_to_earnings': 'N/A', 'recommendation': 'hold', 'analyst_upside_pct': 0.6}",139.49,27720708096,Utilities,Utilities - Regulated Water,6.9,4.6,False,145.64,-4.2,6,False,140.36,155.0,128.0,11.0,hold,0.6,,,58.6,-58.0,-6.44,-8.98,2.61,58.5,3.58,2.04,False,,3.2,3.4,55.0,2026-10-28,False,False,8,STRONG,4.68,6.6,2.47,19.7,0.4,0.02,-19.3,2026-09-03T08:42:26.532016
EXPN.L,Experian plc,57.4,⭐ AVERAGE,🟡 Average,GBp,USD,True,True,False,100.0,"acciones × precio no cuadra con la capitalización (ratio 100.0000): el dato por acción y el precio no están en la misma unidad — típico de ADR. Los ratios por acción (EPS, FCF/acción, DCF) no son utilizables | FCF declarado (675,090,454) se aparta del derivado de flujo operativo menos capex (932,740",55.0,50.0,60.5,65.0,65.0,,,,,,,0,,,0,{'profit_margin_pct': 17.8},{},"{'rs_3m': 10.5, 'rs_6m': -3.8}","{'roe_pct': 28.3, 'debt_to_equity': 1.0, 'current_ratio': 0.85, 'operating_margin_pct': 25.0}","{'days_to_earnings': 'N/A', 'recommendation': 'strong_buy', 'analyst_upside_pct': 27.5}",2917.0,25782558720,Industrials,Consulting Services,,,False,3987.0,-26.8,3,False,3719.65,4681.99,2473.91,18.0,strong_buy,27.5,,,,,2.62,0.76,1.74,39.8,52.0,1.41,,,,23.1,76.0,2026-11-18,False,False,9,STRONG,6.99,646.3,0.74,28.2,,,,2026-09-03T08:41:01.752722
NDSN,Nordson Corporation,57.4,⭐ AVERAGE,🟡 Average,USD,USD,False,True,True,1.0,,50.0,40.0,68.3,85.0,60.0,80.0,75.7,False,up,-6.7,False,0,-0.1,True,1,"{'eps_growth_yoy': -6.7, 'positive_quarters': 4, 'earnings_accelerating': False, 'eps_accel_quarters': 0, 'profit_margin_pct': 18.6}","{'revenue_growth_yoy': -0.1, 'revenue_accelerating': True, 'rev_accel_quarters': 1}","{'rs_3m': 9.5, 'rs_6m': 0.4, 'rs_line_percentile': 75.7, 'rs_line_at_new_high': False, 'rs_line_trend': 'up', 'rs_line_score': 80}","{'roe_pct': 17.8, 'debt_to_equity': 0.56, 'current_ratio': 1.82, 'operating_margin_pct': 27.4}","{'days_to_earnings': 'N/A', 'recommendation': 'buy', 'analyst_upside_pct': 10.4}",316.63,17641973760,Industrials,Specialty Industrial Machinery,3.0,4.6,False,339.12,-6.6,8,True,349.71,375.0,282.0,7.0,buy,10.4,361.33,14.1,227.01,-28.3,3.48,11.02,1.2,33.2,3.76,1.08,True,-1.64,7.7,16.1,97.0,2026-12-09,False,False,7,NEUTRAL,3.63,65.0,1.06,32.6,1.6,0.05,-31.0,2026-09-03T08:42:18.936159
SBGSY,Schneider Electric S.E.,57.3,⭐ AVERAGE,🟡 Average,USD,EUR,True,True,True,1.0,,55.0,50.0,57.6,75.0,55.0,60.0,58.1,False,flat,,,0,,,0,{'profit_margin_pct': 11.3},{},"{'rs_3m': -0.6, 'rs_6m': 1.0, 'rs_line_percentile': 58.1, 'rs_line_at_new_high': False, 'rs_line_trend': 'flat', 'rs_line_score': 60}","{'roe_pct': 18.6, 'debt_to_equity': 0.84, 'current_ratio': 1.09, 'operating_margin_pct': 18.2}","{'days_to_earnings': 'N/A', 'recommendation': 'none', 'analyst_upside_pct': 17.4}",66.27,186246545408,Industrials,Specialty Industrial Machinery,,,False,71.98,-7.9,7,True,77.8,79.0,76.0,3.0,none,17.4,91.79,38.5,57.43,-13.3,3.35,2.22,1.48,49.7,0.98,1.78,,,,14.6,175.0,2027-02-25,False,False,6,NEUTRAL,3.31,74.6,0.79,24.1,,,,2026-09-03T08:41:41.720597
ORLY,"O'Reilly Automotive, Inc.",57.3,⭐ AVERAGE,🟡 Average,USD,USD,False,True,True,1.0,"FCF declarado (1,570,733,824) se aparta del derivado de flujo operativo menos capex (2,120,623,976)",70.0,70.0,24.0,50.0,65.0,15.0,7.2,False,down,-1.5,True,2,4.0,True,2,"{'eps_growth_yoy': -1.5, 'positive_quarters': 4, 'earnings_accelerating': True, 'eps_accel_quarters': 2, 'profit_margin_pct': 14.3}","{'revenue_growth_yoy': 4.0, 'revenue_accelerating': True, 'rev_accel_quarters': 2}","{'rs_3m': -2.9, 'rs_6m': -20.7, 'rs_line_percentile': 7.2, 'rs_line_at_new_high': False, 'rs_line_trend': 'down', 'rs_line_score': 15}","{'current_ratio': 0.75, 'operating_margin_pct': 20.2}","{'days_to_earnings': 'N/A', 'recommendation': 'buy', 'analyst_upside_pct': 24.0}",86.97,70355320832,Consumer Cyclical,Auto Parts,3.0,3.5,False,108.72,-20.0,1,False,107.8,120.0,89.0,25.0,buy,24.0,38.75,-55.4,32.03,-63.2,2.23,1.94,,,,,True,-4.77,14.4,10.3,55.0,2026-10-28,False,False,7,NEUTRAL,4.36,40.2,2.31,17.6,,,,2026-09-03T08:40:34.099100
7741.T,HOYA Corporation,57.2,⭐ AVERAGE,🟡 Average,JPY,JPY,False,True,True,1.0,,60.0,50.0,30.0,95.0,65.0,,,,,,,0,,,0,{'profit_margin_pct': 27.2},{},"{'rs_3m': -8.5, 'rs_6m': -26.0}","{'roe_pct': 26.5, 'debt_to_equity': 0.04, 'current_ratio': 4.91, 'operating_margin_pct': 32.4}","{'days_to_earnings': 'N/A', 'recommendation': 'strong_buy', 'analyst_upside_pct': 25.4}",24460.0,8182370926592,Healthcare,Medical Instruments & Supplies,,,False,30400.0,-19.5,3,False,30666.67,36000.0,23100.0,15.0,strong_buy,25.4,22662.71,-7.3,22344.3,-8.6,2.18,534.39,1.21,39.7,295.0,0.77,,,,30.0,56.0,2026-10-30,False,False,6,NEUTRAL,4.29,33.1,1.19,21.6,,,,2026-09-03T08:40:29.945220
ROL,"Rollins, Inc.",56.8,⭐ AVERAGE,🟡 Average,USD,USD,False,True,True,1.0,,70.0,70.0,15.0,65.0,55.0,15.0,0.2,False,down,-12.0,True,2,5.1,True,2,"{'eps_growth_yoy': -12.0, 'positive_quarters': 4, 'earnings_accelerating': True, 'eps_accel_quarters': 2, 'profit_margin_pct': 13.6}","{'revenue_growth_yoy': 5.1, 'revenue_accelerating': True, 'rev_accel_quarters': 2}","{'rs_3m': -24.2, 'rs_6m': -51.0, 'rs_line_percentile': 0.2, 'rs_line_at_new_high': False, 'rs_line_trend': 'down', 'rs_line_score': 15}","{'roe_pct': 37.0, 'debt_to_equity': 0.78, 'current_ratio': 0.63, 'operating_margin_pct': 18.8}","{'days_to_earnings': 'N/A', 'recommendation': 'hold', 'analyst_upside_pct': 27.7}",35.71,17181702144,Consumer Cyclical,Personal Services,4.5,2.1,False,66.14,-46.0,0,False,45.59,66.0,32.0,17.0,hold,27.7,15.41,-56.8,10.8,-69.8,2.92,1.04,2.02,64.9,0.73,1.15,True,-1.42,21.8,1.2,55.0,2026-10-28,False,False,6,NEUTRAL,3.96,132.5,8.86,20.0,,,,2026-09-03T08:37:25.005738
SXYAY,Sika AG,56.7,⭐ AVERAGE,🟡 Average,USD,CHF,True,True,True,1.0,"FCF declarado (1,265,397,915) se aparta del derivado de flujo operativo menos capex (1,698,460,708)",50.0,50.0,68.7,70.0,50.0,60.0,53.8,False,up,,,0,,,0,{'profit_margin_pct': 9.4},{},"{'rs_3m': 19.9, 'rs_6m': 13.4, 'rs_line_percentile': 53.8, 'rs_line_at_new_high': False, 'rs_line_trend': 'up', 'rs_line_score': 60}","{'roe_pct': 16.0, 'debt_to_equity': 0.89, 'current_ratio': 1.3, 'operating_margin_pct': 14.3}","{'days_to_earnings': 'N/A', 'recommendation': 'none', 'analyst_upside_pct': 11.3}",23.05,36981243904,Basic Materials,Specialty Chemicals,,,False,24.21,-4.8,7,True,25.65,26.3,25.0,2.0,none,11.3,11.61,-49.6,8.0,-65.3,3.42,0.79,2.0,57.0,0.46,1.36,,,,-0.3,,,False,False,7,NEUTRAL,3.57,45.5,,22.9,,,,2026-09-03T08:41:08.617788
TW,Tradeweb Markets Inc.,56.6,⭐ AVERAGE,🟡 Average,USD,USD,False,True,False,0.5322,"acciones × precio no cuadra con la capitalización (ratio 0.5322): el dato por acción y el precio no están en la misma unidad — típico de ADR. Los ratios por acción (EPS, FCF/acción, DCF) no son utilizables",65.0,50.0,26.7,85.0,65.0,15.0,15.0,False,up,-2.3,True,1,9.9,False,0,"{'eps_growth_yoy': -2.3, 'positive_quarters': 4, 'earnings_accelerating': True, 'eps_accel_quarters': 1, 'profit_margin_pct': 40.7}","{'revenue_growth_yoy': 9.9, 'revenue_accelerating': False, 'rev_accel_quarters': 0}","{'rs_3m': 1.7, 'rs_6m': -29.6, 'rs_line_percentile': 15.0, 'rs_line_at_new_high': False, 'rs_line_trend': 'up', 'rs_line_score': 15}","{'roe_pct': 14.5, 'debt_to_equity': 0.02, 'current_ratio': 6.79, 'operating_margin_pct': 43.8}","{'days_to_earnings': 'N/A', 'recommendation': 'buy', 'analyst_upside_pct': 19.6}",103.47,22559152128,Financial Services,Capital Markets,3.2,2.3,False,127.69,-19.0,3,False,123.71,178.0,98.0,14.0,buy,19.6,,,,,4.72,9.17,0.52,12.4,0.56,0.4,True,-1.52,633.6,13.8,56.0,2026-10-29,False,False,8,STRONG,5.71,57.1,1.14,21.4,1.6,0.07,-19.8,2026-09-03T08:38:59.039763
DHR,Danaher Corporation,56.6,⭐ AVERAGE,🟡 Average,USD,USD,False,True,True,1.0,,50.0,60.0,50.3,70.0,60.0,35.0,41.1,False,up,-4.2,False,0,3.5,True,1,"{'eps_growth_yoy': -4.2, 'positive_quarters': 4, 'earnings_accelerating': False, 'eps_accel_quarters': 0, 'profit_margin_pct': 15.9}","{'revenue_growth_yoy': 3.5, 'revenue_accelerating': True, 'rev_accel_quarters': 1}","{'rs_3m': 11.4, 'rs_6m': -8.6, 'rs_line_percentile': 41.1, 'rs_line_at_new_high': False, 'rs_line_trend': 'up', 'rs_line_score': 35}","{'roe_pct': 7.6, 'debt_to_equity': 0.53, 'current_ratio': 1.65, 'operating_margin_pct': 19.8}","{'days_to_earnings': 'N/A', 'recommendation': 'strong_buy', 'analyst_upside_pct': 9.0}",209.91,147563806720,Healthcare,Diagnostics & Research,1.4,1.4,False,242.8,-13.5,4,False,228.83,310.0,195.0,23.0,strong_buy,9.0,260.92,24.3,170.7,-18.7,2.93,6.15,0.77,25.7,1.6,0.44,True,-1.97,17.3,59.7,47.0,2026-10-20,False,False,5,NEUTRAL,2.63,39.2,0.38,31.2,,,,2026-09-03T08:40:54.391291
LSEG.L,London Stock Exchange Group plc,56.5,⭐ AVERAGE,🟡 Average,GBp,GBP,True,True,False,100.0,"acciones × precio no cuadra con la capitalización (ratio 100.0000): el dato por acción y el precio no están en la misma unidad — típico de ADR. Los ratios por acción (EPS, FCF/acción, DCF) no son utilizables",55.0,50.0,50.0,70.0,70.0,,,,,,,0,,,0,{'profit_margin_pct': 14.6},{},"{'rs_3m': -8.9, 'rs_6m': -12.7}","{'roe_pct': 7.7, 'debt_to_equity': 0.64, 'current_ratio': 1.0, 'operating_margin_pct': 29.0}","{'days_to_earnings': 'N/A', 'recommendation': 'strong_buy', 'analyst_upside_pct': 37.3}",8676.0,42012278784,Financial Services,Financial Data & Stock Exchanges,,,False,10140.0,-14.4,1,False,11910.67,13630.0,10400.0,15.0,strong_buy,37.3,,,,,4.09,3.55,1.79,53.9,158.0,1.3,,,,33.7,175.0,2027-02-25,False,False,7,NEUTRAL,4.23,305.7,0.48,23.2,,,,2026-09-03T08:40:00.504384
HESAY,Hermès International Société en commandite par actions,56.5,⭐ AVERAGE,🟡 Average,USD,EUR,True,True,True,1.0,,60.0,50.0,24.0,95.0,70.0,15.0,0.1,False,down,,,0,,,0,{'profit_margin_pct': 28.0},{},"{'rs_3m': -5.1, 'rs_6m': -32.4, 'rs_line_percentile': 0.1, 'rs_line_at_new_high': False, 'rs_line_trend': 'down', 'rs_line_score': 15}","{'roe_pct': 25.5, 'debt_to_equity': 0.12, 'current_ratio': 4.54, 'operating_margin_pct': 42.2}","{'days_to_earnings': 'N/A', 'recommendation': 'strong_buy', 'analyst_upside_pct': 30.2}",176.94,185329942528,Consumer Cyclical,Luxury Goods,,,False,265.89,-33.5,0,False,230.33,246.0,215.0,3.0,strong_buy,30.2,80.13,-54.7,49.7,-71.9,3.08,5.45,1.19,41.8,2.11,0.61,,,,-0.3,161.0,2027-02-11,False,False,8,STRONG,3.9,37.5,,29.4,,,,2026-09-03T08:38:02.454210
MSCI,MSCI Inc.,56.2,⭐ AVERAGE,🟡 Average,USD,USD,False,True,True,1.0,,75.0,50.0,36.0,50.0,65.0,15.0,11.1,False,down,5.1,False,0,9.3,False,0,"{'eps_growth_yoy': 5.1, 'positive_quarters': 4, 'earnings_accelerating': False, 'eps_accel_quarters': 0, 'profit_margin_pct': 40.7}","{'revenue_growth_yoy': 9.3, 'revenue_accelerating': False, 'rev_accel_quarters': 0}","{'rs_3m': -10.4, 'rs_6m': -13.2, 'rs_line_percentile': 11.1, 'rs_line_at_new_high': False, 'rs_line_trend': 'down', 'rs_line_score': 15}","{'current_ratio': 0.89, 'operating_margin_pct': 56.3}","{'days_to_earnings': 'N/A', 'recommendation': 'strong_buy', 'analyst_upside_pct': 23.4}",560.63,40757800960,Financial Services,Financial Data & Stock Exchanges,1.8,1.4,False,644.77,-13.0,4,False,692.06,760.0,570.0,17.0,strong_buy,23.4,473.77,-15.5,357.11,-36.3,2.93,16.43,1.46,42.1,8.2,1.01,True,-6.66,7.2,19.6,47.0,2026-10-20,False,False,8,STRONG,3.63,851.3,1.27,19.3,,,,2026-09-03T08:38:29.628216
AI.PA,L'Air Liquide S.A.,56.1,⭐ AVERAGE,🟡 Average,EUR,EUR,False,True,True,1.0,"FCF declarado (243,312,496) se aparta del derivado de flujo operativo menos capex (1,652,500,160)",55.0,50.0,60.5,60.0,60.0,,,,,,,0,,,0,{'profit_margin_pct': 13.1},{},"{'rs_3m': 3.5, 'rs_6m': 3.5}","{'roe_pct': 14.0, 'debt_to_equity': 0.63, 'current_ratio': 0.88, 'operating_margin_pct': 20.1}","{'days_to_earnings': 'N/A', 'recommendation': 'strong_buy', 'analyst_upside_pct': 14.1}",173.3,110300258304,Basic Materials,Specialty Chemicals,,,False,182.26,-4.9,6,False,197.72,216.0,162.0,20.0,strong_buy,14.1,5.63,-96.8,55.6,-67.9,0.22,0.38,1.94,60.5,3.36,1.83,,,,0.7,168.0,2027-02-18,False,False,7,NEUTRAL,3.95,18.8,34.48,13.0,,,,2026-09-03T08:37:50.863336
LIN,Linde plc,56.0,⭐ AVERAGE,🟡 Average,USD,USD,False,True,True,1.0,,55.0,60.0,44.0,65.0,60.0,35.0,30.4,False,down,-0.1,False,0,7.8,True,1,"{'eps_growth_yoy': -0.1, 'positive_quarters': 4, 'earnings_accelerating': False, 'eps_accel_quarters': 0, 'profit_margin_pct': 20.4}","{'revenue_growth_yoy': 7.8, 'revenue_accelerating': True, 'rev_accel_quarters': 1}","{'rs_3m': -5.3, 'rs_6m': -12.8, 'rs_line_percentile': 30.4, 'rs_line_at_new_high': False, 'rs_line_trend': 'down', 'rs_line_score': 35}","{'roe_pct': 18.4, 'debt_to_equity': 0.69, 'current_ratio': 0.88, 'operating_margin_pct': 28.1}","{'days_to_earnings': 'N/A', 'recommendation': 'buy', 'analyst_upside_pct': 12.3}",487.45,224704790528,Basic Materials,Specialty Chemicals,1.1,2.3,False,548.2,-11.1,4,False,547.24,612.0,400.0,25.0,buy,12.3,187.6,-61.5,175.15,-64.1,1.85,9.03,1.31,40.0,6.4,1.3,True,-1.81,21.3,11.3,57.0,2026-10-30,False,False,5,NEUTRAL,3.75,31.9,2.21,14.7,,,,2026-09-03T08:37:14.033087
ERIE,Erie Indemnity Company,55.3,⭐ AVERAGE,🟡 Average,USD,USD,False,True,False,0.8833,"acciones × precio no cuadra con la capitalización (ratio 0.8833): el dato por acción y el precio no están en la misma unidad — típico de ADR. Los ratios por acción (EPS, FCF/acción, DCF) no son utilizables",50.0,50.0,50.3,85.0,50.0,35.0,27.1,False,up,-1.4,False,0,0.8,False,0,"{'eps_growth_yoy': -1.4, 'positive_quarters': 4, 'earnings_accelerating': False, 'eps_accel_quarters': 0, 'profit_margin_pct': 14.0}","{'revenue_growth_yoy': 0.8, 'revenue_accelerating': False, 'rev_accel_quarters': 0}","{'rs_3m': 17.1, 'rs_6m': -16.0, 'rs_line_percentile': 27.1, 'rs_line_at_new_high': False, 'rs_line_trend': 'up', 'rs_line_score': 35}","{'roe_pct': 24.8, 'debt_to_equity': 0.03, 'current_ratio': 1.25, 'operating_margin_pct': 19.1}","{'days_to_earnings': 'N/A', 'recommendation': 'none'}",258.41,13512224768,Financial Services,Insurance Brokers,10.7,8.9,True,341.71,-24.4,3,False,,,,,none,,,,,,3.56,10.42,2.28,64.6,5.85,1.8,False,,,1.6,56.0,2026-10-29,False,False,4,NEUTRAL,,,5.76,31.6,0.8,0.02,-30.8,2026-09-03T08:39:33.528054
MKC,"McCormick & Company, Incorporated",55.1,⭐ AVERAGE,🟡 Average,USD,USD,False,True,False,0.945,"acciones × precio no cuadra con la capitalización (ratio 0.9450): el dato por acción y el precio no están en la misma unidad — típico de ADR. Los ratios por acción (EPS, FCF/acción, DCF) no son utilizables | FCF declarado (714,025,024) se aparta del derivado de flujo operativo menos capex (1,009,700",55.0,70.0,30.3,60.0,60.0,15.0,21.2,False,up,-33.4,False,0,12.3,True,1,"{'eps_growth_yoy': -33.4, 'positive_quarters': 4, 'earnings_accelerating': False, 'eps_accel_quarters': 0, 'profit_margin_pct': 21.9}","{'revenue_growth_yoy': 12.3, 'revenue_accelerating': True, 'rev_accel_quarters': 1}","{'rs_3m': 15.1, 'rs_6m': -29.0, 'rs_line_percentile': 21.2, 'rs_line_at_new_high': False, 'rs_line_trend': 'up', 'rs_line_score': 15}","{'roe_pct': 24.7, 'debt_to_equity': 0.65, 'current_ratio': 0.78, 'operating_margin_pct': 17.4}","{'days_to_earnings': 'N/A', 'recommendation': 'buy', 'analyst_upside_pct': 12.7}",53.8,14464212992,Consumer Defensive,Packaged Foods,,0.0,False,72.41,-25.7,1,False,60.62,75.0,52.0,13.0,buy,12.7,,,,,4.94,2.81,3.54,30.9,1.92,2.11,True,-0.19,5.5,-9.9,28.0,2026-10-01,False,False,6,NEUTRAL,5.65,66.6,,24.8,3.1,0.13,-21.7,2026-09-03T08:42:56.124760
DPZ,"Domino's Pizza, Inc.",54.8,⭐ AVERAGE,🟡 Average,USD,USD,False,True,True,1.0,,60.0,60.0,30.3,65.0,60.0,15.0,20.2,False,up,-2.6,True,1,4.1,True,1,"{'eps_growth_yoy': -2.6, 'positive_quarters': 4, 'earnings_accelerating': True, 'eps_accel_quarters': 1, 'profit_margin_pct': 11.9}","{'revenue_growth_yoy': 4.1, 'revenue_accelerating': True, 'rev_accel_quarters': 1}","{'rs_3m': 12.1, 'rs_6m': -25.8, 'rs_line_percentile': 20.2, 'rs_line_at_new_high': False, 'rs_line_trend': 'up', 'rs_line_score': 15}","{'current_ratio': 1.54, 'operating_margin_pct': 19.1}","{'days_to_earnings': 'N/A', 'recommendation': 'buy', 'analyst_upside_pct': 9.7}",346.68,11468776448,Consumer Cyclical,Restaurants,10.0,3.1,True,467.83,-25.9,1,False,380.29,450.0,270.0,28.0,buy,9.7,277.55,-19.9,179.6,-48.2,4.63,16.07,2.34,42.3,7.96,1.25,True,-3.39,4.9,4.8,40.0,2026-10-13,False,False,8,STRONG,5.88,107.8,2.44,34.2,1.6,0.05,-32.6,2026-09-03T08:44:14.826476
ABT,Abbott Laboratories,54.6,⭐ AVERAGE,🟡 Average,USD,USD,False,True,True,1.0,,50.0,50.0,53.0,70.0,60.0,35.0,36.2,False,up,-39.5,False,0,0.2,False,0,"{'eps_growth_yoy': -39.5, 'positive_quarters': 4, 'earnings_accelerating': False, 'eps_accel_quarters': 0, 'profit_margin_pct': 11.6}","{'revenue_growth_yoy': 0.2, 'revenue_accelerating': False, 'rev_accel_quarters': 0}","{'rs_3m': 21.2, 'rs_6m': -12.1, 'rs_line_percentile': 36.2, 'rs_line_at_new_high': False, 'rs_line_trend': 'up', 'rs_line_score': 35}","{'roe_pct': 10.6, 'debt_to_equity': 0.63, 'current_ratio': 1.38, 'operating_margin_pct': 14.7}","{'days_to_earnings': 'N/A', 'recommendation': 'buy', 'analyst_upside_pct': 8.8}",110.47,192418103296,Healthcare,Medical Devices,1.3,1.9,False,137.49,-19.7,4,False,120.2,135.0,103.0,25.0,buy,8.8,60.9,-44.9,31.4,-71.6,3.75,4.14,2.31,79.0,2.52,1.82,True,-0.41,15.4,-47.5,41.0,2026-10-14,False,False,6,NEUTRAL,4.09,42.0,,20.9,,,,2026-09-03T08:41:30.622484
GVDNY,Givaudan SA,53.8,⭐ AVERAGE,🟡 Average,USD,CHF,True,True,True,1.0,"FCF declarado (748,276,416) se aparta del derivado de flujo operativo menos capex (1,484,067,836)",55.0,50.0,46.7,70.0,50.0,35.0,27.0,False,down,,,0,,,0,{'profit_margin_pct': 12.9},{},"{'rs_3m': 8.3, 'rs_6m': -3.4, 'rs_line_percentile': 27.0, 'rs_line_at_new_high': False, 'rs_line_trend': 'down', 'rs_line_score': 35}","{'roe_pct': 22.3, 'debt_to_equity': 1.11, 'current_ratio': 1.29, 'operating_margin_pct': 18.8}","{'days_to_earnings': 'N/A', 'recommendation': 'none', 'analyst_upside_pct': 9.5}",78.97,36449857536,Basic Materials,Specialty Chemicals,,,False,90.69,-12.9,3,False,86.44,98.93,73.95,2.0,none,9.5,23.85,-69.8,25.4,-67.8,2.05,1.62,2.29,71.1,1.82,1.88,,,,-10.0,146.0,2027-01-27,False,False,7,NEUTRAL,3.45,34.8,,23.9,,,,2026-09-03T08:38:51.778703
LRLCY,L'Oréal S.A.,53.7,⭐ AVERAGE,🟡 Average,USD,EUR,True,True,True,1.0,,55.0,50.0,38.7,70.0,65.0,15.0,17.4,False,down,,,0,,,0,{'profit_margin_pct': 13.9},{},"{'rs_3m': 2.2, 'rs_6m': -7.4, 'rs_line_percentile': 17.4, 'rs_line_at_new_high': False, 'rs_line_trend': 'down', 'rs_line_score': 15}","{'roe_pct': 19.4, 'debt_to_equity': 0.49, 'current_ratio': 0.97, 'operating_margin_pct': 21.3}","{'days_to_earnings': 'N/A', 'recommendation': 'strong_buy', 'analyst_upside_pct': 15.5}",89.2,237444399104,Consumer Defensive,Household & Personal Products,,,False,95.48,-6.6,6,False,103.07,107.0,100.0,3.0,strong_buy,15.5,45.45,-49.0,27.8,-68.8,3.13,2.79,1.92,61.1,1.68,1.57,,,,5.4,159.0,2027-02-09,False,False,6,NEUTRAL,3.55,69.9,4.7,21.0,,,,2026-09-03T08:39:45.964415
CHTR,"Charter Communications, Inc.",52.6,⭐ AVERAGE,🟡 Average,USD,USD,False,True,False,0.885,"acciones × precio no cuadra con la capitalización (ratio 0.8850): el dato por acción y el precio no están en la misma unidad — típico de ADR. Los ratios por acción (EPS, FCF/acción, DCF) no son utilizables | FCF declarado (2,198,374,912) se aparta del derivado de flujo operativo menos capex (4,810,9",85.0,30.0,33.0,50.0,55.0,15.0,15.9,False,up,13.6,True,1,-1.1,False,0,"{'eps_growth_yoy': 13.6, 'positive_quarters': 4, 'earnings_accelerating': True, 'eps_accel_quarters': 1, 'profit_margin_pct': 9.1}","{'revenue_growth_yoy': -1.1, 'revenue_accelerating': False, 'rev_accel_quarters': 0}","{'rs_3m': 21.9, 'rs_6m': -43.8, 'rs_line_percentile': 15.9, 'rs_line_at_new_high': False, 'rs_line_trend': 'up', 'rs_line_score': 15}","{'roe_pct': 27.2, 'debt_to_equity': 4.42, 'current_ratio': 0.36, 'operating_margin_pct': 23.5}","{'days_to_earnings': 'N/A', 'recommendation': 'hold', 'analyst_upside_pct': 16.0}",158.97,21425577984,Communication Services,Telecom Services,51.6,8.1,True,285.82,-44.4,2,False,184.41,380.0,101.0,17.0,hold,16.0,,,,,10.26,18.43,,,,,True,-22.2,2.5,6.4,57.0,2026-10-30,False,False,7,NEUTRAL,10.41,26.9,0.22,58.3,0.8,0.01,-57.5,2026-09-03T08:43:56.265690
CLPBY,Coloplast A/S,52.5,⭐ AVERAGE,🟡 Average,USD,DKK,True,True,False,0.9201,"acciones × precio no cuadra con la capitalización (ratio 0.9201): el dato por acción y el precio no están en la misma unidad — típico de ADR. Los ratios por acción (EPS, FCF/acción, DCF) no son utilizables | FCF declarado (724,718,716) se aparta del derivado de flujo operativo menos capex (-154,592,",38.0,50.0,53.0,80.0,60.0,35.0,26.5,False,up,-206.5,False,0,2.2,False,0,"{'eps_growth_yoy': -206.5, 'positive_quarters': 3, 'earnings_accelerating': False, 'eps_accel_quarters': 0, 'profit_margin_pct': 9.7}","{'revenue_growth_yoy': 2.2, 'revenue_accelerating': False, 'rev_accel_quarters': 0}","{'rs_3m': 22.0, 'rs_6m': -7.9, 'rs_line_percentile': 26.5, 'rs_line_at_new_high': False, 'rs_line_trend': 'up', 'rs_line_score': 35}","{'roe_pct': 18.5, 'debt_to_equity': 1.78, 'current_ratio': 1.56, 'operating_margin_pct': 26.2}","{'days_to_earnings': 'N/A', 'recommendation': 'buy', 'analyst_upside_pct': 12.4}",7.4,16677242880,Healthcare,Medical Instruments & Supplies,,,False,10.03,-26.2,3,False,8.32,12.2,6.7,4.0,buy,12.4,,,,,4.35,0.35,4.94,187.0,0.36,2.72,False,,3.9,32.7,,,False,False,7,NEUTRAL,18.13,105.6,0.22,33.7,,,,2026-09-03T08:39:38.155148
COST,Costco Wholesale Corporation,52.0,⭐ AVERAGE,🟡 Average,USD,USD,False,True,True,1.0,"FCF declarado (6,954,375,168) se aparta del derivado de flujo operativo menos capex (9,502,000,512)",65.0,30.0,36.0,75.0,65.0,15.0,0.5,False,down,-16.0,True,2,-18.1,False,0,"{'eps_growth_yoy': -16.0, 'positive_quarters': 4, 'earnings_accelerating': True, 'eps_accel_quarters': 2, 'profit_margin_pct': 3.0}","{'revenue_growth_yoy': -18.1, 'revenue_accelerating': False, 'rev_accel_quarters': 0}","{'rs_3m': -5.7, 'rs_6m': -18.1, 'rs_line_percentile': 0.5, 'rs_line_at_new_high': False, 'rs_line_trend': 'down', 'rs_line_score': 15}","{'roe_pct': 29.2, 'debt_to_equity': 0.6, 'current_ratio': 1.07, 'operating_margin_pct': 3.7}","{'days_to_earnings': 'N/A', 'recommendation': 'buy', 'analyst_upside_pct': 16.0}",928.48,411761213440,Consumer Defensive,Discount Stores,1.7,3.8,False,1096.5,-15.3,3,False,1077.31,1315.0,740.0,35.0,buy,16.0,665.02,-28.4,587.7,-36.7,1.69,15.68,0.63,27.0,5.88,0.59,True,-0.21,81.5,31.8,21.0,2026-09-24,False,True,7,NEUTRAL,2.68,30.6,0.9,19.3,0.2,0.01,-19.1,2026-09-03T08:37:36.385899
AZO,"AutoZone, Inc.",52.0,⭐ AVERAGE,🟡 Average,USD,USD,False,True,True,1.0,"FCF declarado (903,784,256) se aparta del derivado de flujo operativo menos capex (1,745,085,016)",70.0,50.0,24.0,45.0,70.0,15.0,1.1,False,down,-23.4,True,2,-22.5,True,2,"{'eps_growth_yoy': -23.4, 'positive_quarters': 4, 'earnings_accelerating': True, 'eps_accel_quarters': 2, 'profit_margin_pct': 12.4}","{'revenue_growth_yoy': -22.5, 'revenue_accelerating': True, 'rev_accel_quarters': 2}","{'rs_3m': -6.1, 'rs_6m': -34.5, 'rs_line_percentile': 1.1, 'rs_line_at_new_high': False, 'rs_line_trend': 'down', 'rs_line_score': 15}","{'current_ratio': 0.89, 'operating_margin_pct': 19.1}","{'days_to_earnings': 'N/A', 'recommendation': 'strong_buy', 'analyst_upside_pct': 34.3}",2934.52,47907082240,Consumer Cyclical,Auto Parts,2.8,2.6,False,4388.11,-33.1,0,False,3941.83,4800.0,3200.0,23.0,strong_buy,34.3,992.84,-66.2,1437.9,-51.0,1.89,55.36,,,,,True,-3.68,7.5,7.7,19.0,2026-09-22,False,True,6,NEUTRAL,5.96,35.3,2.18,22.3,0.2,0.01,-22.1,2026-09-03T08:40:04.394252
RELX,RELX PLC,51.7,⭐ AVERAGE,🟡 Average,USD,GBP,True,True,True,1.0,,60.0,50.0,38.7,50.0,60.0,15.0,20.7,False,up,,,0,,,0,{'profit_margin_pct': 23.3},{},"{'rs_3m': 1.5, 'rs_6m': -10.2, 'rs_line_percentile': 20.7, 'rs_line_at_new_high': False, 'rs_line_trend': 'up', 'rs_line_score': 15}","{'roe_pct': 131.9, 'debt_to_equity': 7.1, 'current_ratio': 0.45, 'operating_margin_pct': 32.0}","{'days_to_earnings': 'N/A', 'recommendation': 'none', 'analyst_upside_pct': 50.9}",35.15,61219581952,Industrials,Specialty Business Services,0.3,2.2,False,48.4,-27.4,2,False,53.05,57.0,49.1,2.0,none,50.9,59.57,69.5,40.34,14.8,4.92,1.73,2.56,53.4,0.91,2.01,,,,12.2,161.0,2027-02-11,False,False,7,NEUTRAL,1.19,1901.3,0.67,25.7,,,,2026-09-03T08:36:51.644812
WTKWY,Wolters Kluwer N.V.,51.7,⭐ AVERAGE,🟡 Average,USD,EUR,True,True,True,1.0,,60.0,50.0,38.7,50.0,60.0,15.0,15.6,False,up,,,0,,,0,{'profit_margin_pct': 21.9},{},"{'rs_3m': 6.8, 'rs_6m': -9.8, 'rs_line_percentile': 15.6, 'rs_line_at_new_high': False, 'rs_line_trend': 'up', 'rs_line_score': 15}","{'roe_pct': 146.1, 'debt_to_equity': 5.9, 'current_ratio': 0.69, 'operating_margin_pct': 26.9}","{'days_to_earnings': 'N/A', 'recommendation': 'none', 'analyst_upside_pct': 37.7}",78.84,17558054912,Industrials,Specialty Business Services,,,False,138.76,-43.2,1,False,108.6,108.6,108.6,1.0,none,37.7,122.56,55.5,67.9,-13.9,8.25,6.5,3.68,43.1,3.01,1.89,,,,4.5,,,False,False,7,NEUTRAL,8.16,668.9,1.23,24.2,,,,2026-09-03T08:36:55.184082
NVR,"NVR, Inc.",51.1,⭐ AVERAGE,🟡 Average,USD,USD,False,True,True,1.0,,60.0,40.0,26.7,85.0,50.0,15.0,12.5,False,down,-31.0,True,1,-10.9,True,1,"{'eps_growth_yoy': -31.0, 'positive_quarters': 4, 'earnings_accelerating': True, 'eps_accel_quarters': 1, 'profit_margin_pct': 11.8}","{'revenue_growth_yoy': -10.9, 'revenue_accelerating': True, 'rev_accel_quarters': 1}","{'rs_3m': 1.1, 'rs_6m': -23.5, 'rs_line_percentile': 12.5, 'rs_line_at_new_high': False, 'rs_line_trend': 'down', 'rs_line_score': 15}","{'roe_pct': 31.5, 'debt_to_equity': 0.32, 'current_ratio': 5.67, 'operating_margin_pct': 13.9}","{'days_to_earnings': 'N/A', 'recommendation': 'hold', 'analyst_upside_pct': 7.2}",6326.95,16860436480,Consumer Cyclical,Residential Construction,6.2,3.1,False,8618.28,-26.6,0,False,6782.0,7446.0,5664.0,5.0,hold,7.2,5070.56,-19.9,3878.4,-38.7,5.45,344.6,,,,,True,-10.58,52.9,-9.0,48.0,2026-10-21,False,False,5,NEUTRAL,10.71,41.3,,21.5,,,,2026-09-03T08:44:00.250128
DVA,DaVita Inc.,51.0,⭐ AVERAGE,🟡 Average,USD,USD,False,True,True,1.0,"FCF declarado (1,042,460,032) se aparta del derivado de flujo operativo menos capex (1,617,291,072)",45.0,50.0,47.6,60.0,65.0,35.0,46.5,False,down,-0.9,False,0,1.1,False,0,"{'eps_growth_yoy': -0.9, 'positive_quarters': 4, 'earnings_accelerating': False, 'eps_accel_quarters': 0, 'profit_margin_pct': 6.0}","{'revenue_growth_yoy': 1.1, 'revenue_accelerating': False, 'rev_accel_quarters': 0}","{'rs_3m': -8.0, 'rs_6m': 6.7, 'rs_line_percentile': 46.5, 'rs_line_at_new_high': False, 'rs_line_trend': 'down', 'rs_line_score': 35}","{'roe_pct': 88.5, 'debt_to_equity': 12.42, 'current_ratio': 1.47, 'operating_margin_pct': 16.1}","{'days_to_earnings': 'N/A', 'recommendation': 'buy', 'analyst_upside_pct': 21.8}",179.39,11514146816,Healthcare,Medical Care Facilities,12.3,4.1,True,247.49,-27.5,4,False,218.43,270.0,165.0,7.0,buy,21.8,688.77,284.0,360.6,101.0,9.05,16.24,,,,,True,-14.31,3.3,39.1,55.0,2026-10-28,False,False,6,NEUTRAL,7.41,31.4,0.19,64.6,0.4,0.01,-64.2,2026-09-03T08:43:37.339564
BN,Brookfield Corporation,50.0,⚠️ WEAK,🔴 Weak,USD,USD,False,True,True,1.0,"FCF declarado (-1,981,124,992) se aparta del derivado de flujo operativo menos capex (-5,409,000,448)",45.0,50.0,36.0,65.0,70.0,15.0,0.0,False,down,-62.5,False,0,2.7,False,0,"{'eps_growth_yoy': -62.5, 'positive_quarters': 4, 'earnings_accelerating': False, 'eps_accel_quarters': 0, 'profit_margin_pct': 1.8}","{'revenue_growth_yoy': 2.7, 'revenue_accelerating': False, 'rev_accel_quarters': 0}","{'rs_3m': -13.0, 'rs_6m': -19.1, 'rs_line_percentile': 0.0, 'rs_line_at_new_high': False, 'rs_line_trend': 'down', 'rs_line_score': 15}","{'roe_pct': 2.3, 'debt_to_equity': 1.61, 'current_ratio': 1.01, 'operating_margin_pct': 25.7}","{'days_to_earnings': 'N/A', 'recommendation': 'buy', 'analyst_upside_pct': 37.0}",39.71,88646672384,Financial Services,Asset Management,,4.6,False,49.57,-19.9,1,False,54.4,61.0,31.0,10.0,buy,37.0,,,16.2,-59.2,-2.23,-0.89,0.7,48.2,0.28,0.87,True,-1.19,1.3,40.3,70.0,2026-11-12,False,False,6,NEUTRAL,4.6,12.9,0.17,20.5,1.6,0.08,-18.9,2026-09-03T08:44:29.537450
KHC,The Kraft Heinz Company,49.7,⚠️ WEAK,🔴 Weak,USD,USD,False,True,True,1.0,,38.0,60.0,50.3,55.0,50.0,35.0,45.0,False,up,-987.8,False,0,0.4,True,1,"{'eps_growth_yoy': -987.8, 'positive_quarters': 3, 'earnings_accelerating': False, 'eps_accel_quarters': 0, 'profit_margin_pct': -13.6}","{'revenue_growth_yoy': 0.4, 'revenue_accelerating': True, 'rev_accel_quarters': 1}","{'rs_3m': 17.7, 'rs_6m': -0.7, 'rs_line_percentile': 45.0, 'rs_line_at_new_high': False, 'rs_line_trend': 'up', 'rs_line_score': 35}","{'roe_pct': -8.8, 'debt_to_equity': 0.53, 'current_ratio': 1.06, 'operating_margin_pct': 15.5}","{'days_to_earnings': 'N/A', 'recommendation': 'hold', 'analyst_upside_pct': -4.2}",26.26,31139731456,Consumer Defensive,Packaged Foods,10.0,5.8,True,28.09,-6.5,6,False,25.15,41.0,19.0,17.0,hold,-4.2,40.33,53.6,,,10.44,2.74,6.18,73.1,1.6,4.9,True,-0.09,6.1,,55.0,2026-10-28,False,False,5,NEUTRAL,-9.45,-51.9,6.46,31.0,1.6,0.05,-29.4,2026-09-03T08:43:40.976694
TJX,"The TJX Companies, Inc.",49.5,⚠️ WEAK,🔴 Weak,USD,USD,False,True,True,1.0,"FCF declarado (4,398,125,056) se aparta del derivado de flujo operativo menos capex (6,076,999,872)",65.0,30.0,24.0,75.0,65.0,15.0,0.0,False,down,7.2,False,0,-0.5,False,0,"{'eps_growth_yoy': 7.2, 'positive_quarters': 4, 'earnings_accelerating': False, 'eps_accel_quarters': 0, 'profit_margin_pct': 9.7}","{'revenue_growth_yoy': -0.5, 'revenue_accelerating': False, 'rev_accel_quarters': 0}","{'rs_3m': -18.3, 'rs_6m': -30.8, 'rs_line_percentile': 0.0, 'rs_line_at_new_high': False, 'rs_line_trend': 'down', 'rs_line_score': 15}","{'roe_pct': 62.2, 'debt_to_equity': 1.34, 'current_ratio': 1.15, 'operating_margin_pct': 10.9}","{'days_to_earnings': 'N/A', 'recommendation': 'buy', 'analyst_upside_pct': 29.3}",131.31,145058725888,Consumer Cyclical,Apparel Retail,1.8,4.0,False,170.0,-22.8,3,False,169.8,198.0,136.0,20.0,buy,29.3,133.55,1.7,125.55,-4.4,3.03,3.98,1.44,32.5,1.92,1.35,True,-1.73,104.7,23.6,76.0,2026-11-18,False,False,7,NEUTRAL,4.83,36.2,0.97,22.2,0.8,0.04,-21.4,2026-09-03T08:42:41.310793
HRI,Herc Holdings Inc.,49.5,⚠️ WEAK,🔴 Weak,USD,USD,False,True,True,1.0,"FCF declarado (502,875,008) se aparta del derivado de flujo operativo menos capex (10,000,000)",48.0,50.0,44.0,45.0,70.0,35.0,34.8,False,down,-36.7,True,1,-7.7,True,2,"{'eps_growth_yoy': -36.7, 'positive_quarters': 3, 'earnings_accelerating': True, 'eps_accel_quarters': 1, 'profit_margin_pct': 1.0}","{'revenue_growth_yoy': -7.7, 'revenue_accelerating': True, 'rev_accel_quarters': 2}","{'rs_3m': -2.8, 'rs_6m': -7.3, 'rs_line_percentile': 34.8, 'rs_line_at_new_high': False, 'rs_line_trend': 'down', 'rs_line_score': 35}","{'roe_pct': 2.6, 'debt_to_equity': 5.06, 'current_ratio': 1.1, 'operating_margin_pct': 12.2}","{'days_to_earnings': 'N/A', 'recommendation': 'buy', 'analyst_upside_pct': 35.4}",137.77,4605850112,Industrials,Rental & Leasing Services,8.2,4.0,True,188.35,-26.9,3,False,186.58,240.0,115.0,12.0,buy,35.4,443.73,222.1,33.73,-75.5,10.92,15.04,1.98,164.7,2.8,,False,,1.1,,54.0,2026-10-27,False,False,3,NEUTRAL,2.95,4.9,0.38,35.3,1.6,0.04,-33.7,2026-09-03T08:45:02.076006
PG,The Procter & Gamble Company,49.2,⚠️ WEAK,🔴 Weak,USD,USD,False,True,True,1.0,,50.0,40.0,38.7,70.0,60.0,15.0,15.2,False,down,-35.9,False,0,-5.3,True,1,"{'eps_growth_yoy': -35.9, 'positive_quarters': 4, 'earnings_accelerating': False, 'eps_accel_quarters': 0, 'profit_margin_pct': 18.4}","{'revenue_growth_yoy': -5.3, 'revenue_accelerating': True, 'rev_accel_quarters': 1}","{'rs_3m': 4.3, 'rs_6m': -15.6, 'rs_line_percentile': 15.2, 'rs_line_at_new_high': False, 'rs_line_trend': 'down', 'rs_line_score': 15}","{'roe_pct': 30.3, 'debt_to_equity': 0.64, 'current_ratio': 0.68, 'operating_margin_pct': 22.1}","{'days_to_earnings': 'N/A', 'recommendation': 'buy', 'analyst_upside_pct': 8.8}",147.64,343179296768,Consumer Defensive,Household & Personal Products,1.1,3.0,False,167.25,-11.7,4,False,160.61,186.0,143.0,23.0,buy,8.8,84.07,-43.1,66.9,-54.7,3.87,5.71,2.98,64.3,4.35,2.5,True,-1.47,24.3,-10.8,49.0,2026-10-22,False,False,6,NEUTRAL,5.76,83.8,,13.0,0.4,0.03,-12.6,2026-09-03T08:38:44.371951
CL,Colgate-Palmolive Company,49.0,⚠️ WEAK,🔴 Weak,USD,USD,False,True,True,1.0,,38.0,50.0,46.7,65.0,60.0,35.0,26.0,False,down,-5.7,False,0,4.5,False,0,"{'eps_growth_yoy': -5.7, 'positive_quarters': 3, 'earnings_accelerating': False, 'eps_accel_quarters': 0, 'profit_margin_pct': 9.7}","{'revenue_growth_yoy': 4.5, 'revenue_accelerating': False, 'rev_accel_quarters': 0}","{'rs_3m': 5.2, 'rs_6m': -14.5, 'rs_line_percentile': 26.0, 'rs_line_at_new_high': False, 'rs_line_trend': 'down', 'rs_line_score': 35}","{'roe_pct': 267.4, 'debt_to_equity': 13.88, 'current_ratio': 1.03, 'operating_margin_pct': 21.0}","{'days_to_earnings': 'N/A', 'recommendation': 'buy', 'analyst_upside_pct': 9.8}",90.1,71825268736,Consumer Defensive,Household & Personal Products,2.5,4.0,False,99.33,-9.3,5,False,98.95,110.0,87.0,20.0,buy,9.8,63.83,-29.2,25.5,-71.7,4.81,4.34,2.37,82.3,2.12,2.32,True,-1.8,12.5,-3.8,57.0,2026-10-30,False,False,5,NEUTRAL,4.23,71.4,,16.1,,,,2026-09-03T08:42:07.857750
WMT,Walmart Inc.,48.5,⚠️ WEAK,🔴 Weak,USD,USD,False,True,True,1.0,"FCF declarado (7,127,625,216) se aparta del derivado de flujo operativo menos capex (16,280,999,808)",55.0,50.0,24.0,55.0,65.0,15.0,8.8,False,down,-24.1,True,1,0.2,False,0,"{'eps_growth_yoy': -24.1, 'positive_quarters': 4, 'earnings_accelerating': True, 'eps_accel_quarters': 1, 'profit_margin_pct': 3.0}","{'revenue_growth_yoy': 0.2, 'revenue_accelerating': False, 'rev_accel_quarters': 0}","{'rs_3m': -11.0, 'rs_6m': -26.3, 'rs_line_percentile': 8.8, 'rs_line_at_new_high': False, 'rs_line_trend': 'down', 'rs_line_score': 15}","{'roe_pct': 22.3, 'debt_to_equity': 0.72, 'current_ratio': 0.77, 'operating_margin_pct': 3.5}","{'days_to_earnings': 'N/A', 'recommendation': 'buy', 'analyst_upside_pct': 20.4}",106.09,841691103232,Consumer Defensive,Discount Stores,1.4,3.0,False,135.16,-21.5,3,False,127.72,155.0,81.0,40.0,buy,20.4,13.22,-87.5,27.7,-73.9,0.85,0.9,0.93,35.0,0.99,1.26,True,-0.67,11.7,-9.1,77.0,2026-11-19,False,False,7,NEUTRAL,3.54,20.6,,37.0,,,,2026-09-03T08:39:22.102461
IT,"Gartner, Inc.",47.3,⚠️ WEAK,🔴 Weak,USD,USD,False,True,True,1.0,,50.0,30.0,50.3,65.0,50.0,35.0,32.2,False,up,-7.7,False,0,-10.4,False,0,"{'eps_growth_yoy': -7.7, 'positive_quarters': 4, 'earnings_accelerating': False, 'eps_accel_quarters': 0, 'profit_margin_pct': 12.0}","{'revenue_growth_yoy': -10.4, 'revenue_accelerating': False, 'rev_accel_quarters': 0}","{'rs_3m': 11.9, 'rs_6m': -3.7, 'rs_line_percentile': 32.2, 'rs_line_at_new_high': False, 'rs_line_trend': 'up', 'rs_line_score': 35}","{'roe_pct': 113.6, 'current_ratio': 0.88, 'operating_margin_pct': 22.6}","{'days_to_earnings': 'N/A', 'recommendation': 'hold', 'analyst_upside_pct': -0.9}",186.75,11793071104,Technology,Information Technology Services,16.4,4.8,True,265.85,-29.8,3,False,185.15,229.0,150.0,13.0,hold,-0.9,706.85,278.5,327.6,75.4,8.93,16.67,,,,,True,-20.04,6.6,13.2,61.0,2026-11-03,False,False,6,NEUTRAL,8.02,255.4,0.34,42.1,,,,2026-09-03T08:41:34.505295
LEN,Lennar Corporation,46.8,⚠️ WEAK,🔴 Weak,USD,USD,False,True,False,0.8738,"acciones × precio no cuadra con la capitalización (ratio 0.8738): el dato por acción y el precio no están en la misma unidad — típico de ADR. Los ratios por acción (EPS, FCF/acción, DCF) no son utilizables | FCF declarado (1,077,926,016) se aparta del derivado de flujo operativo menos capex (694,361",55.0,40.0,24.0,70.0,50.0,15.0,0.6,False,down,-48.4,True,1,-9.9,True,1,"{'eps_growth_yoy': -48.4, 'positive_quarters': 4, 'earnings_accelerating': True, 'eps_accel_quarters': 1, 'profit_margin_pct': 4.9}","{'revenue_growth_yoy': -9.9, 'revenue_accelerating': True, 'rev_accel_quarters': 1}","{'rs_3m': -9.8, 'rs_6m': -31.9, 'rs_line_percentile': 0.6, 'rs_line_at_new_high': False, 'rs_line_trend': 'down', 'rs_line_score': 15}","{'roe_pct': 7.4, 'debt_to_equity': 0.29, 'current_ratio': 8.51, 'operating_margin_pct': 5.3}","{'days_to_earnings': 'N/A', 'recommendation': 'hold', 'analyst_upside_pct': 3.2}",83.58,20134014976,Consumer Cyclical,Residential Construction,0.3,0.2,False,144.24,-42.1,0,False,86.23,120.0,67.0,13.0,hold,3.2,,,,,5.35,5.12,2.42,31.4,2.0,1.5,True,-6.2,,-12.6,13.0,2026-09-16,False,True,4,NEUTRAL,11.15,11.2,,34.9,3.1,0.09,-31.8,2026-09-03T08:44:25.752383
ESLOY,EssilorLuxottica Société anonyme,46.5,⚠️ WEAK,🔴 Weak,USD,EUR,True,True,True,1.0,,50.0,50.0,24.0,55.0,60.0,15.0,0.8,False,down,,,0,,,0,{'profit_margin_pct': 8.5},{},"{'rs_3m': -11.9, 'rs_6m': -38.0, 'rs_line_percentile': 0.8, 'rs_line_at_new_high': False, 'rs_line_trend': 'down', 'rs_line_score': 15}","{'roe_pct': 6.7, 'debt_to_equity': 0.38, 'current_ratio': 0.89, 'operating_margin_pct': 15.4}","{'days_to_earnings': 'N/A', 'recommendation': 'none', 'analyst_upside_pct': 56.3}",91.81,84309721088,Healthcare,Medical Instruments & Supplies,,,False,186.81,-50.9,0,False,143.5,148.0,139.0,2.0,none,56.3,89.87,-2.1,38.01,-58.6,4.52,4.15,2.52,74.3,2.32,1.58,,,,6.2,,,False,False,4,NEUTRAL,3.56,34.6,1.68,22.9,,,,2026-09-03T08:42:37.502278
TEVA,Teva Pharmaceutical Industries Limited,44.8,⚠️ WEAK,🔴 Weak,USD,USD,False,True,True,1.0,"FCF declarado (2,219,875,072) se aparta del derivado de flujo operativo menos capex (1,397,000,000)",38.0,40.0,68.3,25.0,60.0,80.0,84.6,False,up,-233.0,False,0,-7.5,True,1,"{'eps_growth_yoy': -233.0, 'positive_quarters': 3, 'earnings_accelerating': False, 'eps_accel_quarters': 0, 'profit_margin_pct': 4.1}","{'revenue_growth_yoy': -7.5, 'revenue_accelerating': True, 'rev_accel_quarters': 1}","{'rs_3m': 7.6, 'rs_6m': 5.2, 'rs_line_percentile': 84.6, 'rs_line_at_new_high': False, 'rs_line_trend': 'up', 'rs_line_score': 80}","{'roe_pct': 9.7, 'debt_to_equity': 2.18, 'current_ratio': 0.88, 'operating_margin_pct': 4.0}","{'days_to_earnings': 'N/A', 'recommendation': 'strong_buy', 'analyst_upside_pct': 10.4}",37.49,43686952960,Healthcare,Drug Manufacturers - Specialty & Generic,3.1,6.4,False,38.37,-2.3,8,True,41.4,50.0,33.0,10.0,strong_buy,10.4,28.03,-25.2,6.2,-83.5,5.08,1.9,,,,2.95,False,,1.8,,62.0,2026-11-04,False,False,8,STRONG,3.76,43.5,0.28,26.3,,,,2026-09-03T08:44:43.957600
GPK,Graphic Packaging Holding Company,42.9,⚠️ WEAK,🔴 Weak,USD,USD,False,True,True,1.0,"FCF declarado (237,875,008) se aparta del derivado de flujo operativo menos capex (-129,000,000)",48.0,30.0,38.7,55.0,50.0,15.0,7.4,False,down,-83.1,True,1,-0.1,False,0,"{'eps_growth_yoy': -83.1, 'positive_quarters': 3, 'earnings_accelerating': True, 'eps_accel_quarters': 1, 'profit_margin_pct': 2.2}","{'revenue_growth_yoy': -0.1, 'revenue_accelerating': False, 'rev_accel_quarters': 0}","{'rs_3m': 2.9, 'rs_6m': -12.0, 'rs_line_percentile': 7.4, 'rs_line_at_new_high': False, 'rs_line_trend': 'down', 'rs_line_score': 15}","{'roe_pct': 6.0, 'debt_to_equity': 1.76, 'current_ratio': 1.38, 'operating_margin_pct': 4.5}","{'days_to_earnings': 'N/A', 'recommendation': 'none', 'analyst_upside_pct': 14.6}",10.98,3248843520,Consumer Cyclical,Packaging & Containers,7.6,4.0,False,21.71,-49.4,0,False,12.58,18.0,10.0,11.0,none,14.6,11.83,7.7,6.5,-40.8,7.32,0.8,4.06,67.7,0.44,1.79,True,-2.28,2.0,-38.2,67.0,2026-11-09,False,False,5,NEUTRAL,9.17,12.6,,37.0,,,,2026-09-03T08:44:54.708281
KD,"Kyndryl Holdings, Inc.",35.4,⚠️ WEAK,🔴 Weak,USD,USD,False,True,True,1.0,"FCF declarado (2,652,624,896) se aparta del derivado de flujo operativo menos capex (154,000,000)",38.0,30.0,38.7,25.0,50.0,15.0,7.6,False,up,-180.9,False,0,-2.8,False,0,"{'eps_growth_yoy': -180.9, 'positive_quarters': 3, 'earnings_accelerating': False, 'eps_accel_quarters': 0, 'profit_margin_pct': 0.6}","{'revenue_growth_yoy': -2.8, 'revenue_accelerating': False, 'rev_accel_quarters': 0}","{'rs_3m': 6.5, 'rs_6m': -16.0, 'rs_line_percentile': 7.6, 'rs_line_at_new_high': False, 'rs_line_trend': 'up', 'rs_line_score': 15}","{'roe_pct': 6.9, 'debt_to_equity': 4.22, 'current_ratio': 0.85, 'operating_margin_pct': 2.9}","{'days_to_earnings': 'N/A', 'recommendation': 'none', 'analyst_upside_pct': 8.5}",13.09,2851240960,Technology,Information Technology Services,13.6,6.5,True,33.9,-61.4,1,False,14.2,16.0,13.0,5.0,none,8.5,179.19,1268.9,3.7,-71.7,93.03,12.18,,,,,True,-12.14,3.4,,61.0,2026-11-03,False,False,6,NEUTRAL,8.71,14.9,0.15,48.0,,,,2026-09-03T08:45:13.410322
