ticker,company_name,fundamental_score,sin_score_motivo,base_periodos,tier,quality,price_currency,financial_currency,fx_applied,fx_reliable,per_share_reliable,shares_price_ratio,coherence_issues,earnings_quality_score,growth_acceleration_score,relative_strength_score,financial_health_score,catalyst_timing_score,rs_line_score,rs_line_percentile,rs_line_at_new_high,rs_line_trend,eps_growth_yoy,eps_accelerating,eps_accel_quarters,rev_growth_yoy,rev_accelerating,rev_accel_quarters,earnings_details,growth_details,rs_details,health_details,catalyst_details,current_price,market_cap,sector,industry,short_percent_float,short_ratio,short_squeeze_potential,fifty_two_week_high,proximity_to_52w_high,trend_template_score,trend_template_pass,dist_ma50_pct,target_price_analyst,target_price_analyst_high,target_price_analyst_low,analyst_count,analyst_recommendation,analyst_upside_pct,target_price_dcf,target_price_dcf_upside_pct,target_price_pe,target_price_pe_upside_pct,pe_eps_usado,pe_ancla,pe_ancla_n,pe_ancla_dispersion,pe_ancla_fragil,pe_ancla_excluidos,fcf_yield_pct,fcf_per_share,fcf_minoritarios_pct,dividend_yield_pct,payout_ratio_pct,dividend_rate,five_yr_avg_dividend_yield_pct,buyback_active,shares_change_pct,ai_descartados,piotroski_evaluables,piotroski_motivo,interest_coverage,interest_coverage_base,interest_coverage_ebit,analyst_revision_momentum,days_to_earnings,earnings_date,earnings_warning,earnings_fecha_conocida,earnings_catalyst,piotroski_score,piotroski_label,ebit_ev_yield,roic_greenblatt,peg_ratio,hv_30d,atm_iv,iv_ratio,iv_premium_pts,analyzed_at,acciones_efectivas,dcf_no_aplicable,pe_sin_ancla_motivo,pe_eps_motivo,per_share_no_fiable,shares_change_es_gasto
FTNT,"Fortinet, Inc.",86.2,,trimestral,🏆 ELITE,🟢 Elite,USD,USD,False,True,True,1.0,,100.0,80.0,88.3,90.0,50.0,100.0,100.0,True,up,37.8,True,1,25.6,True,1,"{'eps_growth_yoy': 37.8, 'op_growth_yoy': 50.5, 'crecimiento_respaldado': True, 'positive_quarters': 4, 'earnings_accelerating': True, 'eps_accel_quarters': 1, 'profit_margin_pct': 28.2, 'score_bruto_sin_capar': 105.0, 'satura': True}","{'revenue_growth_yoy': 25.6, 'revenue_accelerating': True, 'rev_accel_quarters': 1}","{'rs_3m': 11.8, 'rs_6m': 103.3, 'rs_line_percentile': 100.0, 'rs_line_at_new_high': True, 'rs_line_trend': 'up', 'rs_line_score': 100}","{'roe_pct': 117.4, 'debt_to_equity': 0.36, 'current_ratio': 1.28, 'operating_margin_pct': 33.6}","{'days_to_earnings': 'N/A', 'recommendation': 'hold', 'analyst_upside_pct': -8.1}",178.76,131158646784,Technology,Software - Infrastructure,2.3,3.2,False,181.37,-1.4,8,True,9.9,164.32,220.0,104.0,36.0,hold,-8.1,99.06,-44.6,115.59,-35.3,reportado,múltiplo propio,4.0,0.32,False,,2.31,4.13,,,,,,True,-4.24,,9,,135.7,Operating Income,146.7,17.6,34.0,2026-11-04,False,True,False,6,NEUTRAL,1.63,83.9,1.58,46.3,0.8,0.02,-45.5,2026-10-01T05:56:55.129165,,,,,,
ASML,ASML Holding N.V.,84.8,,trimestral,🏆 ELITE,🟢 Elite,USD,EUR,True,True,True,1.0,,100.0,80.0,70.4,95.0,65.0,80.0,76.2,False,flat,27.4,True,1,21.3,True,1,"{'eps_growth_yoy': 27.4, 'op_growth_yoy': 29.7, 'crecimiento_respaldado': True, 'positive_quarters': 4, 'earnings_accelerating': True, 'eps_accel_quarters': 1, 'profit_margin_pct': 30.1, 'score_bruto_sin_capar': 105.0, 'satura': True}","{'revenue_growth_yoy': 21.3, 'revenue_accelerating': True, 'rev_accel_quarters': 1}","{'rs_3m': -0.1, 'rs_6m': 16.7, 'rs_line_percentile': 76.2, 'rs_line_at_new_high': False, 'rs_line_trend': 'flat', 'rs_line_score': 80}","{'roe_pct': 53.9, 'debt_to_equity': 0.09, 'current_ratio': 1.33, 'operating_margin_pct': 37.1}","{'days_to_earnings': 'N/A', 'recommendation': 'strong_buy', 'analyst_upside_pct': 16.4}",1811.67,695862493184,Technology,Semiconductor Equipment & Materials,0.4,1.2,False,1999.96,-9.4,8,True,5.3,2108.88,2804.94,875.95,16.0,strong_buy,16.4,568.43,-68.6,1081.77,-40.3,reportado,múltiplo propio,4.0,0.2,False,,1.63,29.53,,0.49,29.7,9.08,0.83,False,-0.9,,7,,,,,28.5,13.0,2026-10-14,False,True,True,6,NEUTRAL,0.03,77.5,1.5,41.6,0.4,0.01,-41.2,2026-10-01T05:56:25.096535,,,,,,
CVX,Chevron Corporation,83.8,,trimestral,🏆 ELITE,🟢 Elite,USD,USD,False,True,True,1.0,,100.0,100.0,50.3,85.0,60.0,35.0,47.3,False,up,384.8,True,2,51.4,True,2,"{'eps_growth_yoy': 384.8, 'op_growth_yoy': 251.9, 'crecimiento_respaldado': False, 'crecimiento_puntuado': 276.9, 'positive_quarters': 4, 'earnings_accelerating': True, 'eps_accel_quarters': 2, 'profit_margin_pct': 9.8, 'score_bruto_sin_capar': 115.0, 'satura': True}","{'revenue_growth_yoy': 51.4, 'revenue_accelerating': True, 'rev_accel_quarters': 2}","{'rs_3m': 19.1, 'rs_6m': -11.7, 'rs_line_percentile': 47.3, 'rs_line_at_new_high': False, 'rs_line_trend': 'up', 'rs_line_score': 35}","{'roe_pct': 12.2, 'debt_to_equity': 0.19, 'current_ratio': 1.25, 'operating_margin_pct': 21.9}","{'days_to_earnings': 'N/A', 'recommendation': 'buy', 'analyst_upside_pct': 9.8}",204.21,400579035136,Energy,Oil & Gas Integrated,1.1,2.6,False,217.78,-6.2,7,True,1.4,224.21,250.0,175.0,24.0,buy,9.8,265.27,29.9,132.6,-35.1,reportado,múltiplo propio,4.0,1.09,True,,6.98,14.25,,3.48,67.2,7.12,3.95,False,14.54,,9,,18.1,Operating Income,22.5,321.9,29.0,2026-10-30,False,True,False,5,NEUTRAL,3.83,7.4,,22.9,0.4,0.02,-22.5,2026-10-01T05:57:44.689646,,,,,,
MSFT,Microsoft Corporation,82.8,,trimestral,🏆 ELITE,🟢 Elite,USD,USD,False,True,True,1.0,,100.0,70.0,75.0,95.0,60.0,60.0,61.8,False,up,31.3,True,1,17.7,True,1,"{'eps_growth_yoy': 31.3, 'op_growth_yoy': 18.3, 'crecimiento_respaldado': True, 'positive_quarters': 4, 'earnings_accelerating': True, 'eps_accel_quarters': 1, 'profit_margin_pct': 40.3, 'score_bruto_sin_capar': 105.0, 'satura': True}","{'revenue_growth_yoy': 17.7, 'revenue_accelerating': True, 'rev_accel_quarters': 1}","{'rs_3m': 28.9, 'rs_6m': 22.4, 'rs_line_percentile': 61.8, 'rs_line_at_new_high': False, 'rs_line_trend': 'up', 'rs_line_score': 60}","{'roe_pct': 34.0, 'debt_to_equity': 0.29, 'current_ratio': 1.23, 'operating_margin_pct': 45.1}","{'days_to_earnings': 'N/A', 'recommendation': 'strong_buy', 'analyst_upside_pct': 12.8}",512.9,3808562511872,Technology,Software - Infrastructure,0.9,3.2,False,553.72,-7.4,6,False,6.4,578.42,870.0,440.0,52.0,strong_buy,12.8,,,632.49,23.3,reportado,múltiplo propio,4.0,0.47,False,,1.76,9.03,,0.77,19.8,3.92,0.79,False,-0.24,,9,,50.9,Operating Income,55.4,31.7,27.0,2026-10-28,False,True,False,6,NEUTRAL,4.02,41.3,0.95,24.2,,,,2026-10-01T05:49:53.793479,,"el capex se lleva el 63% del flujo operativo: lo que queda no es lo que gana el dueño, es lo que sobra tras decidir invertir",,,,
APH,Amphenol Corporation,82.8,,trimestral,🏆 ELITE,🟢 Elite,USD,USD,False,True,True,1.0,,90.0,90.0,70.4,85.0,65.0,80.0,75.8,False,up,26.5,False,0,58.4,True,1,"{'eps_growth_yoy': 26.5, 'op_growth_yoy': 82.3, 'crecimiento_respaldado': True, 'positive_quarters': 4, 'earnings_accelerating': False, 'eps_accel_quarters': 0, 'profit_margin_pct': 17.7, 'score_bruto_sin_capar': 90.0, 'satura': False}","{'revenue_growth_yoy': 58.4, 'revenue_accelerating': True, 'rev_accel_quarters': 1}","{'rs_3m': -0.1, 'rs_6m': 15.5, 'rs_line_percentile': 75.8, 'rs_line_at_new_high': False, 'rs_line_trend': 'up', 'rs_line_score': 80}","{'roe_pct': 38.1, 'debt_to_equity': 1.2, 'current_ratio': 1.89, 'operating_margin_pct': 29.8}","{'days_to_earnings': 'N/A', 'recommendation': 'strong_buy', 'analyst_upside_pct': 18.2}",84.3,207881011200,Technology,Electronic Components,1.5,2.8,False,89.26,-5.6,8,True,4.4,99.68,115.0,85.0,19.0,strong_buy,18.2,41.22,-51.1,33.49,-60.3,reportado,múltiplo propio,4.0,0.48,False,,2.35,1.98,,0.59,22.9,0.5,0.82,False,1.34,,9,,13.7,Operating Income,13.6,59.3,27.0,2026-10-28,False,True,False,6,NEUTRAL,2.7,37.9,0.86,38.1,1.6,0.04,-36.5,2026-10-01T05:55:30.422980,,,,,,
AVGO,Broadcom Inc.,82.7,,trimestral,🏆 ELITE,🟢 Elite,USD,USD,False,True,True,1.0,,100.0,100.0,36.0,90.0,70.0,15.0,6.5,False,down,216.1,True,2,85.5,True,2,"{'eps_growth_yoy': 216.1, 'op_growth_yoy': 164.4, 'crecimiento_respaldado': False, 'crecimiento_puntuado': 189.4, 'positive_quarters': 4, 'earnings_accelerating': True, 'eps_accel_quarters': 2, 'profit_margin_pct': 42.9, 'score_bruto_sin_capar': 125.0, 'satura': True}","{'revenue_growth_yoy': 85.5, 'revenue_accelerating': True, 'rev_accel_quarters': 2}","{'rs_3m': -5.0, 'rs_6m': -4.6, 'rs_line_percentile': 6.5, 'rs_line_at_new_high': False, 'rs_line_trend': 'down', 'rs_line_score': 15}","{'roe_pct': 44.2, 'debt_to_equity': 0.6, 'current_ratio': 2.5, 'operating_margin_pct': 54.3}","{'days_to_earnings': 'N/A', 'recommendation': 'strong_buy', 'analyst_upside_pct': 51.4}",351.19,1676451119104,Technology,Semiconductors,1.1,2.0,False,495.0,-29.1,1,False,-6.2,531.85,715.0,215.88,47.0,strong_buy,51.4,151.55,-56.8,,,normalizado,,,,,,2.39,8.39,,0.74,32.4,2.6,1.72,False,0.56,,9,,13.9,Operating Income,14.0,215.3,69.0,2026-12-09,False,True,False,8,STRONG,1.52,167.3,0.88,30.5,,,,2026-10-01T05:56:29.586171,,,los P/E históricos se separan 2.5x la mediana: el ancla la decidiría un año suelto,tasa fiscal efectiva 5.4% — el beneficio del periodo no es representativo,,
CBOE,"Cboe Global Markets, Inc.",81.8,,trimestral,🏆 ELITE,🟢 Elite,USD,USD,False,True,True,1.0,,100.0,90.0,46.7,100.0,50.0,35.0,26.5,False,down,50.2,False,0,22.9,True,2,"{'eps_growth_yoy': 50.2, 'op_growth_yoy': 33.6, 'crecimiento_respaldado': True, 'positive_quarters': 4, 'earnings_accelerating': False, 'eps_accel_quarters': 0, 'profit_margin_pct': 26.7, 'score_bruto_sin_capar': 105.0, 'satura': True}","{'revenue_growth_yoy': 22.9, 'revenue_accelerating': True, 'rev_accel_quarters': 2}","{'rs_3m': 8.2, 'rs_6m': -18.3, 'rs_line_percentile': 26.5, 'rs_line_at_new_high': False, 'rs_line_trend': 'down', 'rs_line_score': 35}","{'roe_pct': 26.3, 'debt_to_equity': 0.28, 'current_ratio': 1.56, 'operating_margin_pct': 34.6}","{'days_to_earnings': 'N/A', 'recommendation': 'hold', 'analyst_upside_pct': 14.7}",275.29,28748814336,Financial Services,Financial Data & Stock Exchanges,3.0,2.9,False,371.18,-25.8,2,False,-4.3,315.64,356.0,258.0,14.0,hold,14.7,496.53,80.4,326.45,18.6,reportado,múltiplo propio,4.0,1.22,True,,6.58,18.11,,1.31,22.4,3.44,1.27,False,-0.19,,9,,33.6,Operating Income,36.6,20.1,29.0,2026-10-30,False,True,False,8,STRONG,5.41,65.7,0.6,39.9,,,,2026-10-01T05:54:48.524037,,,,,,
WST,"West Pharmaceutical Services, Inc.",81.7,,trimestral,🏆 ELITE,🟢 Elite,USD,USD,False,True,True,1.0,,100.0,60.0,82.0,95.0,60.0,100.0,95.7,True,flat,16.8,True,2,13.8,False,0,"{'eps_growth_yoy': 16.8, 'op_growth_yoy': 20.8, 'crecimiento_respaldado': True, 'positive_quarters': 4, 'earnings_accelerating': True, 'eps_accel_quarters': 2, 'profit_margin_pct': 17.0, 'score_bruto_sin_capar': 100.0, 'satura': False}","{'revenue_growth_yoy': 13.8, 'revenue_accelerating': False, 'rev_accel_quarters': 0}","{'rs_3m': -1.2, 'rs_6m': 29.9, 'rs_line_percentile': 95.7, 'rs_line_at_new_high': True, 'rs_line_trend': 'flat', 'rs_line_score': 100}","{'roe_pct': 19.1, 'debt_to_equity': 0.11, 'current_ratio': 2.82, 'operating_margin_pct': 22.5}","{'days_to_earnings': 'N/A', 'recommendation': 'strong_buy', 'analyst_upside_pct': 9.9}",370.76,26092517376,Healthcare,Medical Instruments & Supplies,4.0,4.9,False,386.0,-3.9,8,True,5.5,407.56,459.0,340.0,16.0,strong_buy,9.9,78.12,-78.9,330.53,-10.9,reportado,múltiplo propio,4.0,0.44,False,,1.44,5.34,,0.23,11.1,0.88,0.25,True,-1.66,,9,,160.6,Operating Income,155.1,18.1,21.0,2026-10-22,False,True,True,7,NEUTRAL,2.45,20.1,,21.4,,,,2026-10-01T05:51:50.884278,,,,,,
KYCCF,Keyence Corporation,79.5,,anual,⭐⭐⭐ EXCELLENT,🟢 Excellent,USD,JPY,True,True,True,1.0,,100.0,80.0,74.0,65.0,50.0,80.0,79.9,False,up,11.7,True,2,10.4,True,2,"{'eps_growth_yoy': 11.7, 'op_growth_yoy': 8.4, 'crecimiento_respaldado': True, 'positive_quarters': 4, 'earnings_accelerating': True, 'eps_accel_quarters': 2, 'profit_margin_pct': 39.2, 'score_bruto_sin_capar': 105.0, 'satura': True}","{'revenue_growth_yoy': 10.4, 'revenue_accelerating': True, 'rev_accel_quarters': 2}","{'rs_3m': -2.4, 'rs_6m': 26.6, 'rs_line_percentile': 79.9, 'rs_line_at_new_high': False, 'rs_line_trend': 'up', 'rs_line_score': 80}","{'current_ratio': 11.87, 'operating_margin_pct': 54.0}","{'days_to_earnings': 'N/A', 'recommendation': 'none'}",519.32,125948157952,Technology,Scientific & Technical Instruments,,,False,581.6,-10.7,8,True,3.0,,,,,none,,35960.66,6824.6,,,reportado,,,,,,319.42,1658.81,,0.68,30.0,3.45,0.5,,,,9,,,,,25.5,28.0,2026-10-29,False,True,False,5,NEUTRAL,,31.6,1.45,36.1,,,,2026-10-01T05:56:34.268268,,,múltiplo propio 0x fuera del rango 8-45,,,
AAPL,Apple Inc.,79.3,,trimestral,⭐⭐⭐ EXCELLENT,🟢 Excellent,USD,USD,False,True,True,1.0,,100.0,70.0,65.1,85.0,60.0,60.0,73.0,False,flat,27.1,True,1,16.4,True,1,"{'eps_growth_yoy': 27.1, 'op_growth_yoy': 26.6, 'crecimiento_respaldado': True, 'positive_quarters': 4, 'earnings_accelerating': True, 'eps_accel_quarters': 1, 'profit_margin_pct': 27.6, 'score_bruto_sin_capar': 105.0, 'satura': True}","{'revenue_growth_yoy': 16.4, 'revenue_accelerating': True, 'rev_accel_quarters': 1}","{'rs_3m': 5.3, 'rs_6m': 13.5, 'rs_line_percentile': 73.0, 'rs_line_at_new_high': False, 'rs_line_trend': 'flat', 'rs_line_score': 60}","{'roe_pct': 148.8, 'debt_to_equity': 0.78, 'current_ratio': 1.0, 'operating_margin_pct': 32.6}","{'days_to_earnings': 'N/A', 'recommendation': 'buy', 'analyst_upside_pct': -1.5}",333.02,4860153954304,Technology,Consumer Electronics,0.9,3.0,False,345.34,-3.6,8,True,3.4,328.09,405.0,215.0,39.0,buy,-1.5,160.86,-51.7,271.63,-18.4,reportado,múltiplo propio,4.0,0.51,False,,2.76,9.19,,0.33,12.0,1.08,0.5,True,-1.56,,9,,,,,20.1,28.0,2026-10-29,False,True,False,8,STRONG,2.73,267.0,5.05,23.9,,,,2026-10-01T05:57:20.099523,,,,,,
BRK-B,Berkshire Hathaway Inc.,79.2,,trimestral,⭐⭐⭐ EXCELLENT,🟢 Excellent,USD,USD,False,True,True,0.6577,"acciones × precio no cuadra (ratio 0.6577) pero la divisa sí: son clases múltiples. Se usan 2,141 M de acciones efectivas (capitalización ÷ precio) en vez de las 1,408 M declaradas",100.0,90.0,36.0,90.0,60.0,15.0,19.5,False,flat,457.6,True,1,41.5,True,1,"{'eps_growth_yoy': 457.6, 'op_growth_yoy': 421.4, 'crecimiento_respaldado': False, 'crecimiento_puntuado': 446.4, 'positive_quarters': 4, 'earnings_accelerating': True, 'eps_accel_quarters': 1, 'profit_margin_pct': 22.3, 'score_bruto_sin_capar': 115.0, 'satura': True}","{'revenue_growth_yoy': 41.5, 'revenue_accelerating': True, 'rev_accel_quarters': 1}","{'rs_3m': -4.6, 'rs_6m': -12.9, 'rs_line_percentile': 19.5, 'rs_line_at_new_high': False, 'rs_line_trend': 'flat', 'rs_line_score': 15}","{'roe_pct': 12.1, 'debt_to_equity': 0.17, 'current_ratio': 2.89, 'operating_margin_pct': 32.6}","{'days_to_earnings': 'N/A', 'recommendation': 'buy', 'analyst_upside_pct': 10.0}",497.95,1065966436352,Financial Services,Insurance - Diversified,1.0,2.3,False,537.74,-7.4,4,False,-1.8,547.67,604.0,510.0,3.0,buy,10.0,,,433.21,-13.0,reportado,múltiplo propio,3.0,0.74,True,,2.41,12.0,,,,,,False,-0.42,,7,,17.1,EBIT,17.1,75.5,37.0,2026-11-07,False,True,False,4,NEUTRAL,,,0.75,11.7,,,,2026-10-01T05:52:32.194462,2140709783.0,"Insurance - Diversified: el flujo operativo son depósitos, préstamos o primas, no caja libre para el accionista",,,,True
TECK,Teck Resources Limited,78.9,,trimestral,⭐⭐⭐ EXCELLENT,🟢 Excellent,USD,CAD,True,True,True,0.9845,"FCF declarado (1,925,000,000) se aparta del derivado de flujo operativo menos capex (1,201,357,655)",100.0,80.0,68.3,75.0,40.0,80.0,77.8,False,up,314.6,False,0,78.2,False,0,"{'eps_growth_yoy': 314.6, 'op_growth_yoy': 425.2, 'crecimiento_respaldado': True, 'positive_quarters': 4, 'earnings_accelerating': False, 'eps_accel_quarters': 0, 'profit_margin_pct': 17.9, 'score_bruto_sin_capar': 100.0, 'satura': False}","{'revenue_growth_yoy': 78.2, 'revenue_accelerating': False, 'rev_accel_quarters': 0}","{'rs_3m': 7.1, 'rs_6m': 7.1, 'rs_line_percentile': 77.8, 'rs_line_at_new_high': False, 'rs_line_trend': 'up', 'rs_line_score': 80}","{'roe_pct': 8.7, 'debt_to_equity': 0.34, 'current_ratio': 3.12, 'operating_margin_pct': 43.1}","{'days_to_earnings': 'N/A', 'recommendation': 'hold', 'analyst_upside_pct': -20.0}",65.79,32276574208,Basic Materials,Copper,,4.5,False,72.56,-9.3,8,True,0.4,52.61,67.26,35.03,4.0,hold,-20.0,,,,,normalizado,,,,,,3.72,2.45,,0.55,9.8,0.36,0.99,True,-1.05,,6,solo 6 de los 9 criterios son calculables con los estados de esta empresa,5.2,Operating Income,6.5,129.8,28.0,2026-10-29,False,True,False,5,,4.16,4.2,0.62,37.1,0.4,0.01,-36.7,2026-10-01T05:59:20.645210,,"el capex se lleva el 63% del flujo operativo: lo que queda no es lo que gana el dueño, es lo que sobra tras decidir invertir",sin histórico de múltiplo (beneficio negativo o pocos años),tasa fiscal efectiva 39.3% — el beneficio del periodo no es representativo,,
TNE.AX,Technology One Limited,78.8,,anual,⭐⭐⭐ EXCELLENT,🟢 Excellent,AUD,AUD,False,True,True,1.0,,95.0,80.0,50.0,95.0,60.0,,,,,16.6,True,1,18.2,True,2,"{'eps_growth_yoy': 16.6, 'op_growth_yoy': 18.3, 'crecimiento_respaldado': True, 'positive_quarters': 4, 'earnings_accelerating': True, 'eps_accel_quarters': 1, 'profit_margin_pct': 22.4, 'score_bruto_sin_capar': 95.0, 'satura': False}","{'revenue_growth_yoy': 18.2, 'revenue_accelerating': True, 'rev_accel_quarters': 2}","{'rs_3m': -8.2, 'rs_6m': -17.6}","{'roe_pct': 33.5, 'debt_to_equity': 0.12, 'current_ratio': 1.12, 'operating_margin_pct': 27.1}","{'days_to_earnings': 'N/A', 'recommendation': 'buy', 'analyst_upside_pct': 6.1}",29.17,9549340672,Technology,Software - Application,,,False,39.99,-27.1,4,False,-5.3,30.94,34.25,22.0,16.0,buy,6.1,20.38,-30.1,,,reportado,,,,,,2.09,0.61,,0.97,62.2,0.28,0.97,,,,7,,,,,4.4,47.0,2026-11-17,False,True,False,3,NEUTRAL,1.87,152.7,3.2,25.4,,,,2026-10-01T05:54:14.464785,,,múltiplo propio 56x fuera del rango 8-45,,,
4684.T,"OBIC Co.,Ltd.",78.3,,anual,⭐⭐⭐ EXCELLENT,🟢 Excellent,JPY,JPY,False,True,True,1.0,,95.0,70.0,79.0,70.0,60.0,,,,,16.4,True,1,11.5,True,1,"{'eps_growth_yoy': 16.4, 'op_growth_yoy': 13.3, 'crecimiento_respaldado': True, 'positive_quarters': 4, 'earnings_accelerating': True, 'eps_accel_quarters': 1, 'profit_margin_pct': 56.2, 'score_bruto_sin_capar': 95.0, 'satura': False}","{'revenue_growth_yoy': 11.5, 'revenue_accelerating': True, 'rev_accel_quarters': 1}","{'rs_3m': 30.1, 'rs_6m': 14.2}","{'roe_pct': 16.6, 'current_ratio': 7.21, 'operating_margin_pct': 67.7}","{'days_to_earnings': 'N/A', 'recommendation': 'buy', 'analyst_upside_pct': 9.7}",5028.0,2158992293888,Technology,Software - Application,,,False,5217.0,-3.6,6,False,6.9,5513.33,6200.0,4500.0,12.0,buy,9.7,5105.29,1.5,5276.78,4.9,reportado,múltiplo propio,4.0,0.41,False,,3.35,168.44,,1.9,49.0,94.0,1.33,,,,9,,,,,19.5,26.0,2026-10-27,False,True,False,4,NEUTRAL,4.57,35.7,2.1,26.7,,,,2026-10-01T05:55:42.988013,,,,,,
THC,Tenet Healthcare Corporation,78.1,,trimestral,⭐⭐⭐ EXCELLENT,🟢 Excellent,USD,USD,False,True,True,1.0,,100.0,60.0,79.4,75.0,60.0,80.0,78.8,False,up,186.8,False,0,14.6,False,0,"{'eps_growth_yoy': 186.8, 'op_growth_yoy': 68.7, 'crecimiento_respaldado': False, 'crecimiento_puntuado': 93.7, 'positive_quarters': 4, 'earnings_accelerating': False, 'eps_accel_quarters': 0, 'profit_margin_pct': 10.3, 'score_bruto_sin_capar': 100.0, 'satura': False}","{'revenue_growth_yoy': 14.6, 'revenue_accelerating': False, 'rev_accel_quarters': 0}","{'rs_3m': 22.8, 'rs_6m': 17.3, 'rs_line_percentile': 78.8, 'rs_line_at_new_high': False, 'rs_line_trend': 'up', 'rs_line_score': 80}","{'roe_pct': 37.3, 'debt_to_equity': 1.52, 'current_ratio': 1.41, 'operating_margin_pct': 18.2}","{'days_to_earnings': 'N/A', 'recommendation': 'buy', 'analyst_upside_pct': 11.4}",255.56,20577435648,Healthcare,Medical Care Facilities,2.9,2.8,False,283.05,-9.7,7,True,-1.5,284.64,315.0,260.0,22.0,buy,11.4,422.35,65.3,330.9,29.5,reportado,múltiplo propio,4.0,0.72,False,,10.1,25.81,30.9,,,,2.75,True,-8.53,,9,,5.4,Operating Income,5.7,213.4,26.0,2026-10-27,False,True,False,6,NEUTRAL,9.63,31.7,0.4,30.3,1.6,0.05,-28.7,2026-10-01T05:59:12.488291,,,,,,
NUE,Nucor Corporation,77.5,,trimestral,⭐⭐⭐ EXCELLENT,🟢 Excellent,USD,USD,False,True,True,1.0,"FCF declarado (1,211,000,000) se aparta del derivado de flujo operativo menos capex (766,533,165)",95.0,70.0,65.1,80.0,65.0,60.0,67.3,False,down,91.7,False,0,23.0,False,0,"{'eps_growth_yoy': 91.7, 'op_growth_yoy': 77.3, 'crecimiento_respaldado': True, 'positive_quarters': 4, 'earnings_accelerating': False, 'eps_accel_quarters': 0, 'profit_margin_pct': 8.0, 'score_bruto_sin_capar': 95.0, 'satura': False}","{'revenue_growth_yoy': 23.0, 'revenue_accelerating': False, 'rev_accel_quarters': 0}","{'rs_3m': 3.5, 'rs_6m': 18.2, 'rs_line_percentile': 67.3, 'rs_line_at_new_high': False, 'rs_line_trend': 'down', 'rs_line_score': 60}","{'roe_pct': 14.5, 'debt_to_equity': 0.31, 'current_ratio': 2.51, 'operating_margin_pct': 15.7}","{'days_to_earnings': 'N/A', 'recommendation': 'buy', 'analyst_upside_pct': 21.2}",233.75,53032189952,Basic Materials,Steel,2.5,3.1,False,280.11,-16.6,6,False,-8.4,283.31,310.0,226.0,16.0,buy,21.2,,,,,reportado,,,,,,1.45,3.39,23.5,0.95,17.8,2.24,1.41,False,-1.0,,9,,28.7,Operating Income,29.3,93.8,25.0,2026-10-26,False,True,False,6,NEUTRAL,4.54,11.5,,35.6,,,,2026-10-01T05:58:26.734511,,"el capex se lleva el 77% del flujo operativo: lo que queda no es lo que gana el dueño, es lo que sobra tras decidir invertir",los P/E históricos se separan 1.5x la mediana: el ancla la decidiría un año suelto,,,
VEEV,Veeva Systems Inc.,77.2,,trimestral,⭐⭐⭐ EXCELLENT,🟢 Excellent,USD,USD,False,True,True,1.0,,95.0,60.0,75.0,85.0,60.0,60.0,65.6,False,up,36.5,False,0,17.6,False,0,"{'eps_growth_yoy': 36.5, 'op_growth_yoy': 40.4, 'crecimiento_respaldado': True, 'positive_quarters': 4, 'earnings_accelerating': False, 'eps_accel_quarters': 0, 'profit_margin_pct': 29.3, 'score_bruto_sin_capar': 95.0, 'satura': False}","{'revenue_growth_yoy': 17.6, 'revenue_accelerating': False, 'rev_accel_quarters': 0}","{'rs_3m': 45.5, 'rs_6m': 48.3, 'rs_line_percentile': 65.6, 'rs_line_at_new_high': False, 'rs_line_trend': 'up', 'rs_line_score': 60}","{'roe_pct': 14.4, 'debt_to_equity': 0.02, 'current_ratio': 5.46, 'operating_margin_pct': 29.6}","{'days_to_earnings': 'N/A', 'recommendation': 'buy', 'analyst_upside_pct': 4.2}",285.45,46216884224,Healthcare,Health Information Services,3.4,2.9,False,310.5,-8.1,6,False,15.6,297.3,350.0,180.0,27.0,buy,4.2,196.05,-31.3,,,reportado,,,,,,2.72,7.76,,,,,,True,-1.57,,9,,,,,39.5,55.0,2026-11-25,False,True,False,7,NEUTRAL,2.34,14.1,1.27,28.8,1.6,0.05,-27.2,2026-10-01T05:51:08.283522,,,múltiplo propio 55x fuera del rango 8-45,,,
7741.T,HOYA Corporation,76.8,,anual,⭐⭐⭐ EXCELLENT,🟢 Excellent,JPY,JPY,False,True,True,1.0,,100.0,80.0,30.0,95.0,65.0,,,,,25.2,True,2,12.4,True,2,"{'eps_growth_yoy': 25.2, 'op_growth_yoy': 14.6, 'crecimiento_respaldado': True, 'positive_quarters': 4, 'earnings_accelerating': True, 'eps_accel_quarters': 2, 'profit_margin_pct': 27.2, 'score_bruto_sin_capar': 115.0, 'satura': True}","{'revenue_growth_yoy': 12.4, 'revenue_accelerating': True, 'rev_accel_quarters': 2}","{'rs_3m': -9.6, 'rs_6m': -27.9}","{'roe_pct': 26.5, 'debt_to_equity': 0.04, 'current_ratio': 4.91, 'operating_margin_pct': 32.4}","{'days_to_earnings': 'N/A', 'recommendation': 'strong_buy', 'analyst_upside_pct': 25.1}",24140.0,8052182351872,Healthcare,Medical Instruments & Supplies,,,False,30400.0,-20.6,2,False,-1.4,30200.0,36000.0,23100.0,15.0,strong_buy,25.1,16147.63,-33.1,24455.16,1.3,reportado,múltiplo propio,4.0,0.22,False,,2.91,702.47,,1.25,39.7,295.0,0.78,,,,9,,,,,30.0,29.0,2026-10-30,False,True,False,6,NEUTRAL,7.45,55.3,2.13,23.6,,,,2026-10-01T05:52:11.586754,,,,,,
OXY,Occidental Petroleum Corporation,76.2,,trimestral,⭐⭐⭐ EXCELLENT,🟢 Excellent,USD,USD,False,True,True,1.0,,100.0,80.0,38.3,80.0,65.0,35.0,32.6,False,down,808.8,True,2,53.4,False,0,"{'eps_growth_yoy': 808.8, 'op_growth_yoy': 359.3, 'crecimiento_respaldado': False, 'crecimiento_puntuado': 384.3, 'positive_quarters': 3, 'earnings_accelerating': True, 'eps_accel_quarters': 2, 'profit_margin_pct': 30.3, 'score_bruto_sin_capar': 118.0, 'satura': True}","{'revenue_growth_yoy': 53.4, 'revenue_accelerating': False, 'rev_accel_quarters': 0}","{'rs_3m': 11.0, 'rs_6m': -27.3, 'rs_line_percentile': 32.6, 'rs_line_at_new_high': False, 'rs_line_trend': 'down', 'rs_line_score': 35}","{'roe_pct': 10.6, 'debt_to_equity': 0.35, 'current_ratio': 1.41, 'operating_margin_pct': 45.4}","{'days_to_earnings': 'N/A', 'recommendation': 'buy', 'analyst_upside_pct': 23.4}",55.32,55299940352,Energy,Oil & Gas E&P,0.0,0.0,False,67.45,-18.0,5,False,-4.9,68.24,82.0,55.0,25.0,buy,23.4,,,45.51,-17.7,reportado,múltiplo propio,4.0,0.97,False,,8.23,4.55,,2.04,29.5,1.12,1.14,False,0.18,,9,,5.7,Operating Income,6.2,675.4,39.0,2026-11-09,False,True,False,4,NEUTRAL,4.98,5.8,,31.7,,,,2026-10-01T05:57:32.532871,,"el capex se lleva el 59% del flujo operativo: lo que queda no es lo que gana el dueño, es lo que sobra tras decidir invertir",,,,
AME,"AMETEK, Inc.",76.1,,trimestral,⭐⭐⭐ EXCELLENT,🟢 Excellent,USD,USD,False,True,True,1.0,,95.0,70.0,56.7,85.0,60.0,60.0,66.4,False,up,13.5,True,1,15.0,True,1,"{'eps_growth_yoy': 13.5, 'op_growth_yoy': 14.4, 'crecimiento_respaldado': True, 'positive_quarters': 4, 'earnings_accelerating': True, 'eps_accel_quarters': 1, 'profit_margin_pct': 20.0, 'score_bruto_sin_capar': 95.0, 'satura': False}","{'revenue_growth_yoy': 15.0, 'revenue_accelerating': True, 'rev_accel_quarters': 1}","{'rs_3m': 3.1, 'rs_6m': -3.3, 'rs_line_percentile': 66.4, 'rs_line_at_new_high': False, 'rs_line_trend': 'up', 'rs_line_score': 60}","{'roe_pct': 14.6, 'debt_to_equity': 0.21, 'current_ratio': 1.21, 'operating_margin_pct': 26.2}","{'days_to_earnings': 'N/A', 'recommendation': 'buy', 'analyst_upside_pct': 13.0}",247.73,56780460032,Industrials,Specialty Industrial Machinery,1.5,2.1,False,261.16,-5.1,7,True,1.9,280.0,318.0,217.0,18.0,buy,13.0,168.01,-32.2,200.83,-18.9,reportado,múltiplo propio,4.0,0.16,False,,3.22,7.98,,0.54,19.0,1.36,0.62,False,-0.7,,9,,21.1,Operating Income,20.8,14.2,28.0,2026-10-29,False,True,False,6,NEUTRAL,3.26,146.3,3.03,22.6,1.6,0.07,-21.0,2026-10-01T05:54:02.151174,,,,,,
GOOG,Alphabet Inc.,75.8,,trimestral,⭐⭐⭐ EXCELLENT,🟢 Excellent,USD,USD,False,True,True,0.4519,"acciones × precio no cuadra (ratio 0.4519) pero la divisa sí: son clases múltiples. Se usan 12,230 M de acciones efectivas (capitalización ÷ precio) en vez de las 5,527 M declaradas | FCF declarado (53,273,000,000) se aparta del derivado de flujo operativo menos capex (94,228,005,952)",85.0,80.0,44.0,100.0,65.0,35.0,46.5,False,down,297.9,False,0,24.2,True,1,"{'eps_growth_yoy': 297.9, 'op_growth_yoy': 30.4, 'crecimiento_respaldado': False, 'crecimiento_puntuado': 55.4, 'positive_quarters': 4, 'earnings_accelerating': False, 'eps_accel_quarters': 0, 'profit_margin_pct': 54.8, 'score_bruto_sin_capar': 105.0, 'satura': True}","{'revenue_growth_yoy': 24.2, 'revenue_accelerating': True, 'rev_accel_quarters': 1}","{'rs_3m': -6.9, 'rs_6m': -1.3, 'rs_line_percentile': 46.5, 'rs_line_at_new_high': False, 'rs_line_trend': 'down', 'rs_line_score': 35}","{'roe_pct': 48.7, 'debt_to_equity': 0.19, 'current_ratio': 2.72, 'operating_margin_pct': 34.0}","{'days_to_earnings': 'N/A', 'recommendation': 'strong_buy', 'analyst_upside_pct': 23.9}",340.74,4167227932672,Communication Services,Internet Content & Information,,3.3,False,404.47,-15.8,4,False,-0.2,422.34,475.0,340.0,15.0,strong_buy,23.9,154.22,-54.7,479.39,40.7,reportado,múltiplo propio,4.0,0.41,False,,2.26,7.7,,0.26,4.3,0.88,,False,0.91,,9,,65.6,Operating Income,133.9,294.0,27.0,2026-10-28,False,True,False,6,NEUTRAL,3.18,35.3,0.75,23.9,,,,2026-10-01T05:56:38.321842,12229934650.0,,,,,
BLK,"BlackRock, Inc.",75.7,,trimestral,⭐⭐⭐ EXCELLENT,🟢 Excellent,USD,USD,False,True,True,0.9532,,85.0,90.0,38.7,90.0,65.0,15.0,21.3,False,flat,20.2,False,0,30.6,True,1,"{'eps_growth_yoy': 20.2, 'op_growth_yoy': 33.6, 'crecimiento_respaldado': True, 'positive_quarters': 4, 'earnings_accelerating': False, 'eps_accel_quarters': 0, 'profit_margin_pct': 24.1, 'score_bruto_sin_capar': 85.0, 'satura': False}","{'revenue_growth_yoy': 30.6, 'revenue_accelerating': True, 'rev_accel_quarters': 1}","{'rs_3m': 4.2, 'rs_6m': -5.2, 'rs_line_percentile': 21.3, 'rs_line_at_new_high': False, 'rs_line_trend': 'flat', 'rs_line_score': 15}","{'roe_pct': 12.3, 'debt_to_equity': 0.23, 'current_ratio': 2.45, 'operating_margin_pct': 35.1}","{'days_to_earnings': 'N/A', 'recommendation': 'strong_buy', 'analyst_upside_pct': 25.0}",1058.29,171946934272,Financial Services,Asset Management,1.3,3.7,False,1219.94,-13.3,4,False,-4.2,1322.75,1479.0,1190.0,16.0,strong_buy,25.0,,,927.0,-12.4,reportado,múltiplo propio,4.0,0.51,False,,1.75,18.52,15.8,2.17,52.4,22.92,2.36,False,5.31,,9,,16.6,Operating Income,17.9,19.6,13.0,2026-10-14,False,True,True,4,NEUTRAL,4.6,27.4,30.96,24.1,0.2,0.01,-23.9,2026-10-01T05:55:21.445080,,"Asset Management: el flujo operativo son depósitos, préstamos o primas, no caja libre para el accionista",,,,
NDSN,Nordson Corporation,75.7,,trimestral,⭐⭐⭐ EXCELLENT,🟢 Excellent,USD,USD,False,True,True,1.0,,90.0,60.0,79.9,85.0,50.0,100.0,91.5,True,up,21.5,True,1,10.3,False,0,"{'eps_growth_yoy': 21.5, 'op_growth_yoy': 11.6, 'crecimiento_respaldado': True, 'positive_quarters': 4, 'earnings_accelerating': True, 'eps_accel_quarters': 1, 'profit_margin_pct': 18.6, 'score_bruto_sin_capar': 90.0, 'satura': False}","{'revenue_growth_yoy': 10.3, 'revenue_accelerating': False, 'rev_accel_quarters': 0}","{'rs_3m': 10.6, 'rs_6m': 6.4, 'rs_line_percentile': 91.5, 'rs_line_at_new_high': True, 'rs_line_trend': 'up', 'rs_line_score': 100}","{'roe_pct': 17.8, 'debt_to_equity': 0.56, 'current_ratio': 1.82, 'operating_margin_pct': 27.4}","{'days_to_earnings': 'N/A', 'recommendation': 'none', 'analyst_upside_pct': 6.7}",327.85,18267129856,Industrials,Specialty Industrial Machinery,3.1,3.5,False,339.12,-3.3,8,True,4.7,349.71,375.0,282.0,7.0,none,6.7,230.41,-29.7,252.81,-22.9,reportado,múltiplo propio,4.0,0.22,False,,3.92,12.85,,1.15,33.2,3.76,1.08,True,-1.24,,9,,8.8,Operating Income,8.4,11.5,69.0,2026-12-09,False,True,False,7,NEUTRAL,3.63,67.1,,18.8,0.8,0.04,-18.0,2026-10-01T05:54:10.371188,,,,,,
DSGX,The Descartes Systems Group Inc.,75.3,,trimestral,⭐⭐⭐ EXCELLENT,🟢 Excellent,USD,USD,False,True,True,1.0,,95.0,70.0,46.7,90.0,65.0,35.0,27.9,False,up,31.6,False,0,11.8,True,1,"{'eps_growth_yoy': 31.6, 'op_growth_yoy': 25.2, 'crecimiento_respaldado': True, 'positive_quarters': 4, 'earnings_accelerating': False, 'eps_accel_quarters': 0, 'profit_margin_pct': 24.3, 'score_bruto_sin_capar': 95.0, 'satura': False}","{'revenue_growth_yoy': 11.8, 'revenue_accelerating': True, 'rev_accel_quarters': 1}","{'rs_3m': 8.4, 'rs_6m': -2.9, 'rs_line_percentile': 27.9, 'rs_line_at_new_high': False, 'rs_line_trend': 'up', 'rs_line_score': 35}","{'roe_pct': 11.9, 'debt_to_equity': 0.0, 'current_ratio': 2.02, 'operating_margin_pct': 33.2}","{'days_to_earnings': 'N/A', 'recommendation': 'buy', 'analyst_upside_pct': 25.2}",80.86,6917455872,Technology,Software - Application,,2.5,False,98.35,-17.8,4,False,4.7,101.23,126.0,82.0,13.0,buy,25.2,116.05,43.5,,,reportado,,,,,,4.34,3.51,,,,,,False,-0.59,,9,,257.0,Operating Income,264.0,32.6,62.0,2026-12-02,False,True,False,6,NEUTRAL,3.38,78.6,1.48,43.9,,,,2026-10-01T05:52:03.336792,,,múltiplo propio 64x fuera del rango 8-45,,,
CDNS,"Cadence Design Systems, Inc.",75.0,,trimestral,⭐⭐⭐ EXCELLENT,🟢 Excellent,USD,USD,False,True,True,1.0,,85.0,80.0,47.6,90.0,65.0,35.0,37.3,False,down,129.3,True,1,24.2,True,1,"{'eps_growth_yoy': 129.3, 'op_growth_yoy': 21.5, 'crecimiento_respaldado': False, 'crecimiento_puntuado': 46.5, 'positive_quarters': 4, 'earnings_accelerating': True, 'eps_accel_quarters': 1, 'profit_margin_pct': 23.6, 'score_bruto_sin_capar': 105.0, 'satura': True}","{'revenue_growth_yoy': 24.2, 'revenue_accelerating': True, 'rev_accel_quarters': 1}","{'rs_3m': -14.2, 'rs_6m': 0.9, 'rs_line_percentile': 37.3, 'rs_line_at_new_high': False, 'rs_line_trend': 'down', 'rs_line_score': 35}","{'roe_pct': 23.2, 'debt_to_equity': 0.39, 'current_ratio': 1.74, 'operating_margin_pct': 28.6}","{'days_to_earnings': 'N/A', 'recommendation': 'strong_buy', 'analyst_upside_pct': 22.8}",330.185,91070308352,Technology,Software - Application,1.6,1.8,False,416.69,-20.8,3,False,3.9,405.47,470.0,300.0,26.0,strong_buy,22.8,124.4,-62.3,,,reportado,,,,,,1.88,6.21,,,,,,False,1.2,,9,,14.4,Operating Income,15.6,125.4,25.0,2026-10-26,False,True,False,7,NEUTRAL,1.79,44.3,3.62,45.3,,,,2026-10-01T05:52:57.851500,,,múltiplo propio 74x fuera del rango 8-45,,,
SAP,SAP SE,74.8,,trimestral,⭐⭐⭐ EXCELLENT,🟢 Excellent,USD,EUR,True,True,True,1.0,,95.0,60.0,56.6,90.0,65.0,35.0,34.5,False,up,28.5,False,0,9.4,True,1,"{'eps_growth_yoy': 28.5, 'op_growth_yoy': 7.2, 'crecimiento_respaldado': True, 'positive_quarters': 4, 'earnings_accelerating': False, 'eps_accel_quarters': 0, 'profit_margin_pct': 20.4, 'score_bruto_sin_capar': 95.0, 'satura': False}","{'revenue_growth_yoy': 9.4, 'revenue_accelerating': True, 'rev_accel_quarters': 1}","{'rs_3m': 25.6, 'rs_6m': 6.8, 'rs_line_percentile': 34.5, 'rs_line_at_new_high': False, 'rs_line_trend': 'up', 'rs_line_score': 35}","{'roe_pct': 18.3, 'debt_to_equity': 0.22, 'current_ratio': 1.15, 'operating_margin_pct': 27.6}","{'days_to_earnings': 'N/A', 'recommendation': 'buy', 'analyst_upside_pct': 20.6}",208.48,240628498432,Technology,Software - Application,0.4,2.2,False,281.37,-25.9,4,False,2.2,251.5,319.0,177.0,12.0,buy,20.6,229.37,10.0,300.48,44.1,reportado,múltiplo propio,3.0,0.55,True,2024-12-31,4.15,8.65,,1.4,37.5,2.93,1.48,True,-1.45,,9,,18.2,Operating Income,20.7,30.6,20.0,2026-10-21,False,True,True,8,STRONG,0.28,131.1,0.72,31.6,,,,2026-10-01T05:52:23.733575,,,,,,
TMO,Thermo Fisher Scientific Inc.,74.6,,trimestral,⭐⭐⭐ EXCELLENT,🟢 Excellent,USD,USD,False,True,True,1.0,,80.0,70.0,79.4,75.0,60.0,80.0,85.8,False,up,7.4,True,1,10.5,True,1,"{'eps_growth_yoy': 7.4, 'op_growth_yoy': 14.0, 'crecimiento_respaldado': True, 'positive_quarters': 4, 'earnings_accelerating': True, 'eps_accel_quarters': 1, 'profit_margin_pct': 15.0, 'score_bruto_sin_capar': 80.0, 'satura': False}","{'revenue_growth_yoy': 10.5, 'revenue_accelerating': True, 'rev_accel_quarters': 1}","{'rs_3m': 26.4, 'rs_6m': 19.8, 'rs_line_percentile': 85.8, 'rs_line_at_new_high': False, 'rs_line_trend': 'up', 'rs_line_score': 80}","{'roe_pct': 13.5, 'debt_to_equity': 0.81, 'current_ratio': 1.55, 'operating_margin_pct': 18.8}","{'days_to_earnings': 'N/A', 'recommendation': 'buy', 'analyst_upside_pct': -3.3}",675.05,249597902848,Healthcare,Diagnostics & Research,1.4,2.9,False,683.63,-1.3,7,True,10.1,652.85,780.0,520.0,26.0,buy,-3.3,413.29,-38.8,496.06,-26.5,normalizado,múltiplo propio,4.0,0.1,False,,3.0,20.25,,0.28,9.7,1.88,0.26,True,-1.85,,9,,5.8,Operating Income,6.2,9.4,20.0,2026-10-21,False,True,True,5,NEUTRAL,2.81,33.7,135.52,24.1,,,,2026-10-01T05:50:39.373454,,,,tasa fiscal efectiva 7.8% — el beneficio del periodo no es representativo,,
HHH,Howard Hughes Holdings Inc.,74.5,,trimestral,⭐⭐⭐ EXCELLENT,🟢 Excellent,USD,USD,False,True,True,1.0,,90.0,90.0,44.0,65.0,65.0,35.0,32.1,False,up,,True,2,330.2,True,1,"{'positive_quarters': 4, 'earnings_accelerating': True, 'eps_accel_quarters': 2, 'profit_margin_pct': 12.3, 'score_bruto_sin_capar': 90.0, 'satura': False}","{'revenue_growth_yoy': 330.2, 'revenue_accelerating': True, 'rev_accel_quarters': 1}","{'rs_3m': -3.4, 'rs_6m': -0.2, 'rs_line_percentile': 32.1, 'rs_line_at_new_high': False, 'rs_line_trend': 'up', 'rs_line_score': 35}","{'roe_pct': 7.5, 'debt_to_equity': 1.35, 'current_ratio': 3.48, 'operating_margin_pct': 28.4}","{'days_to_earnings': 'N/A', 'recommendation': 'buy', 'analyst_upside_pct': 21.8}",73.62,4396547072,Real Estate,Real Estate - Development,12.7,8.1,True,91.07,-19.2,3,False,12.2,89.67,100.0,79.0,3.0,buy,21.8,165.74,125.1,99.4,35.0,reportado,múltiplo propio,3.0,0.83,True,,17.82,13.12,,,,,,False,,,9,,2.8,Operating Income,3.2,,39.0,2026-11-09,False,True,False,6,NEUTRAL,4.18,13.3,,51.9,3.1,0.06,-48.8,2026-10-01T05:59:00.721959,,,,,,
TT,Trane Technologies plc,74.3,,trimestral,⭐⭐⭐ EXCELLENT,🟢 Excellent,USD,USD,False,True,True,1.0,,90.0,80.0,44.0,80.0,65.0,35.0,32.4,False,down,7.3,True,2,10.6,True,2,"{'eps_growth_yoy': 7.3, 'op_growth_yoy': 5.2, 'crecimiento_respaldado': True, 'positive_quarters': 4, 'earnings_accelerating': True, 'eps_accel_quarters': 2, 'profit_margin_pct': 13.3, 'score_bruto_sin_capar': 90.0, 'satura': False}","{'revenue_growth_yoy': 10.6, 'revenue_accelerating': True, 'rev_accel_quarters': 2}","{'rs_3m': -7.9, 'rs_6m': -10.9, 'rs_line_percentile': 32.4, 'rs_line_at_new_high': False, 'rs_line_trend': 'down', 'rs_line_score': 35}","{'roe_pct': 36.6, 'debt_to_equity': 0.53, 'current_ratio': 1.07, 'operating_margin_pct': 19.3}","{'days_to_earnings': 'N/A', 'recommendation': 'buy', 'analyst_upside_pct': 16.5}",451.98,99446079488,Industrials,Building Products & Equipment,1.5,3.4,False,505.87,-10.7,3,False,-0.5,526.67,575.0,422.0,22.0,buy,16.5,307.61,-31.9,379.33,-16.1,reportado,múltiplo propio,4.0,0.38,False,,3.51,15.86,,0.92,29.7,4.2,1.19,True,-1.16,,9,,18.1,Operating Income,18.0,7.1,28.0,2026-10-29,False,True,False,9,STRONG,3.86,103.7,1.27,22.0,,,,2026-10-01T05:53:32.225685,,,,,,
ODFL,"Old Dominion Freight Line, Inc.",74.2,,trimestral,⭐⭐⭐ EXCELLENT,🟢 Excellent,USD,USD,False,True,True,1.0,,100.0,80.0,15.0,95.0,70.0,15.0,23.8,False,down,30.5,True,2,10.4,True,2,"{'eps_growth_yoy': 30.5, 'op_growth_yoy': 30.0, 'crecimiento_respaldado': True, 'positive_quarters': 4, 'earnings_accelerating': True, 'eps_accel_quarters': 2, 'profit_margin_pct': 19.4, 'score_bruto_sin_capar': 110.0, 'satura': True}","{'revenue_growth_yoy': 10.4, 'revenue_accelerating': True, 'rev_accel_quarters': 2}","{'rs_3m': -22.7, 'rs_6m': -29.7, 'rs_line_percentile': 23.8, 'rs_line_at_new_high': False, 'rs_line_trend': 'down', 'rs_line_score': 15}","{'roe_pct': 24.8, 'debt_to_equity': 0.0, 'current_ratio': 1.89, 'operating_margin_pct': 28.8}","{'days_to_earnings': 'N/A', 'recommendation': 'buy', 'analyst_upside_pct': 32.8}",173.84,36046876672,Industrials,Trucking,4.9,5.2,False,252.03,-31.0,3,False,-12.4,230.91,280.0,156.0,22.0,buy,32.8,62.45,-64.1,166.68,-4.1,reportado,múltiplo propio,4.0,0.39,False,,2.72,4.73,,0.67,21.9,1.16,0.47,True,-1.63,,9,,2183.6,Operating Income,2188.9,22.6,27.0,2026-10-28,False,True,False,6,NEUTRAL,3.8,28.9,,30.7,0.8,0.03,-29.9,2026-10-01T05:55:25.479977,,,,,,
RACE,Ferrari N.V.,73.2,,trimestral,⭐⭐⭐ EXCELLENT,🟢 Excellent,USD,EUR,True,True,True,1.0,,95.0,70.0,36.0,90.0,65.0,15.0,24.8,False,up,9.0,True,2,8.4,True,2,"{'eps_growth_yoy': 9.0, 'op_growth_yoy': 9.5, 'crecimiento_respaldado': True, 'positive_quarters': 4, 'earnings_accelerating': True, 'eps_accel_quarters': 2, 'profit_margin_pct': 22.2, 'score_bruto_sin_capar': 95.0, 'satura': False}","{'revenue_growth_yoy': 8.4, 'revenue_accelerating': True, 'rev_accel_quarters': 2}","{'rs_3m': -0.6, 'rs_6m': -0.9, 'rs_line_percentile': 24.8, 'rs_line_at_new_high': False, 'rs_line_trend': 'up', 'rs_line_score': 15}","{'roe_pct': 45.4, 'debt_to_equity': 0.86, 'current_ratio': 2.43, 'operating_margin_pct': 31.1}","{'days_to_earnings': 'N/A', 'recommendation': 'strong_buy', 'analyst_upside_pct': 17.6}",392.85,68934770688,Consumer Cyclical,Auto Manufacturers,2.9,9.9,False,504.49,-22.1,5,False,-3.5,461.88,520.89,406.34,14.0,strong_buy,17.6,318.11,-19.0,468.3,19.2,reportado,múltiplo propio,4.0,0.19,False,,2.59,10.17,,1.05,39.0,4.23,0.69,True,-1.12,,9,,63.9,Operating Income,63.9,10.1,33.0,2026-11-03,False,True,False,9,STRONG,2.96,46.7,1.52,24.3,,,,2026-10-01T05:52:19.537760,,,,,,
CTAS,Cintas Corporation,73.1,,trimestral,⭐⭐⭐ EXCELLENT,🟢 Excellent,USD,USD,False,True,True,1.0,,100.0,60.0,46.7,85.0,60.0,35.0,42.0,False,down,14.0,True,2,8.9,True,1,"{'eps_growth_yoy': 14.0, 'op_growth_yoy': 15.2, 'crecimiento_respaldado': True, 'positive_quarters': 4, 'earnings_accelerating': True, 'eps_accel_quarters': 2, 'profit_margin_pct': 17.8, 'score_bruto_sin_capar': 100.0, 'satura': False}","{'revenue_growth_yoy': 8.9, 'revenue_accelerating': True, 'rev_accel_quarters': 1}","{'rs_3m': 5.2, 'rs_6m': -3.0, 'rs_line_percentile': 42.0, 'rs_line_at_new_high': False, 'rs_line_trend': 'down', 'rs_line_score': 35}","{'roe_pct': 41.4, 'debt_to_equity': 0.52, 'current_ratio': 1.45, 'operating_margin_pct': 24.1}","{'days_to_earnings': 'N/A', 'recommendation': 'buy', 'analyst_upside_pct': 11.9}",195.06,77929783296,Industrials,Specialty Business Services,3.8,6.3,False,219.17,-11.0,4,False,-3.4,218.31,250.0,181.0,16.0,buy,11.9,120.59,-38.2,196.85,0.9,reportado,múltiplo propio,4.0,0.4,False,,2.62,5.11,,1.05,36.9,2.08,0.88,True,-1.31,,9,,24.7,Operating Income,24.6,9.3,77.0,2026-12-17,False,True,False,8,STRONG,3.26,82.5,2.15,21.1,,,,2026-10-01T05:48:36.605035,,,,,,
DHR,Danaher Corporation,72.8,,trimestral,⭐⭐⭐ EXCELLENT,🟢 Excellent,USD,USD,False,True,True,1.0,,100.0,60.0,56.7,70.0,60.0,60.0,52.9,False,up,56.8,False,0,5.5,True,1,"{'eps_growth_yoy': 56.8, 'op_growth_yoy': 48.3, 'crecimiento_respaldado': True, 'positive_quarters': 4, 'earnings_accelerating': False, 'eps_accel_quarters': 0, 'profit_margin_pct': 15.9, 'score_bruto_sin_capar': 100.0, 'satura': False}","{'revenue_growth_yoy': 5.5, 'revenue_accelerating': True, 'rev_accel_quarters': 1}","{'rs_3m': 9.5, 'rs_6m': -0.4, 'rs_line_percentile': 52.9, 'rs_line_at_new_high': False, 'rs_line_trend': 'up', 'rs_line_score': 60}","{'roe_pct': 7.6, 'debt_to_equity': 0.53, 'current_ratio': 1.65, 'operating_margin_pct': 19.8}","{'days_to_earnings': 'N/A', 'recommendation': 'strong_buy', 'analyst_upside_pct': 4.9}",221.55,155746566144,Healthcare,Diagnostics & Research,1.3,2.6,False,242.8,-8.8,5,False,6.8,232.45,310.0,195.0,22.0,strong_buy,4.9,130.9,-40.9,219.82,-0.8,reportado,múltiplo propio,4.0,0.55,False,,3.52,7.8,,0.71,25.7,1.6,0.46,True,-1.6,,9,,17.6,Operating Income,17.3,59.7,20.0,2026-10-21,False,True,True,5,NEUTRAL,2.62,40.9,,25.4,0.8,0.03,-24.6,2026-10-01T05:52:36.837160,,,,,,
NDAQ,"Nasdaq, Inc.",72.6,,trimestral,⭐⭐⭐ EXCELLENT,🟢 Excellent,USD,USD,False,True,True,1.0,,85.0,80.0,46.7,75.0,65.0,35.0,40.5,False,flat,12.2,False,0,20.5,True,1,"{'eps_growth_yoy': 12.2, 'op_growth_yoy': 22.4, 'crecimiento_respaldado': True, 'positive_quarters': 4, 'earnings_accelerating': False, 'eps_accel_quarters': 0, 'profit_margin_pct': 35.0, 'score_bruto_sin_capar': 85.0, 'satura': False}","{'revenue_growth_yoy': 20.5, 'revenue_accelerating': True, 'rev_accel_quarters': 1}","{'rs_3m': 6.4, 'rs_6m': -8.2, 'rs_line_percentile': 40.5, 'rs_line_at_new_high': False, 'rs_line_trend': 'flat', 'rs_line_score': 35}","{'roe_pct': 16.5, 'debt_to_equity': 0.78, 'current_ratio': 1.01, 'operating_margin_pct': 49.3}","{'days_to_earnings': 'N/A', 'recommendation': 'buy', 'analyst_upside_pct': 19.2}",92.01,51431505920,Financial Services,Financial Data & Stock Exchanges,2.0,2.7,False,101.79,-9.6,4,False,-2.8,109.67,135.0,84.0,15.0,buy,19.2,81.69,-11.2,99.52,8.2,reportado,múltiplo propio,4.0,0.46,False,,3.85,3.54,,1.26,32.7,1.16,1.29,True,-1.93,,9,,7.9,Operating Income,8.3,14.1,21.0,2026-10-22,False,True,True,9,STRONG,4.04,199.9,1.79,26.0,,,,2026-10-01T05:53:23.298837,,,,,,
KO,The Coca-Cola Company,72.3,,trimestral,⭐⭐⭐ EXCELLENT,🟢 Excellent,USD,USD,False,True,True,1.0,,85.0,70.0,56.7,80.0,60.0,60.0,64.7,False,up,16.1,False,0,6.7,True,2,"{'eps_growth_yoy': 16.1, 'op_growth_yoy': 7.9, 'crecimiento_respaldado': True, 'positive_quarters': 4, 'earnings_accelerating': False, 'eps_accel_quarters': 0, 'profit_margin_pct': 28.6, 'score_bruto_sin_capar': 85.0, 'satura': False}","{'revenue_growth_yoy': 6.7, 'revenue_accelerating': True, 'rev_accel_quarters': 2}","{'rs_3m': 0.3, 'rs_6m': -2.4, 'rs_line_percentile': 64.7, 'rs_line_at_new_high': False, 'rs_line_trend': 'up', 'rs_line_score': 60}","{'roe_pct': 42.1, 'debt_to_equity': 1.16, 'current_ratio': 1.3, 'operating_margin_pct': 34.9}","{'days_to_earnings': 'N/A', 'recommendation': 'buy', 'analyst_upside_pct': 10.0}",86.08,370363432960,Consumer Defensive,Beverages - Non-Alcoholic,0.9,2.8,False,92.49,-6.9,6,False,-1.5,94.65,104.0,75.0,23.0,buy,10.0,85.95,-0.2,77.01,-10.5,reportado,múltiplo propio,4.0,0.17,False,,3.84,3.31,,2.46,62.5,2.12,2.85,False,-0.05,,9,,10.2,Operating Income,12.0,16.9,26.0,2026-10-27,False,True,False,7,NEUTRAL,3.72,77.0,2.13,12.2,,,,2026-10-01T05:49:58.254663,,,,,,
EQIX,"Equinix, Inc.",72.3,,trimestral,⭐⭐⭐ EXCELLENT,🟢 Excellent,USD,USD,False,True,True,1.0,"FCF declarado (-1,464,000,000) se aparta del derivado de flujo operativo menos capex (-368,999,872)",90.0,70.0,54.0,70.0,65.0,60.0,52.9,False,down,30.2,False,0,16.4,True,1,"{'eps_growth_yoy': 30.2, 'op_growth_yoy': 38.8, 'crecimiento_respaldado': True, 'positive_quarters': 4, 'earnings_accelerating': False, 'eps_accel_quarters': 0, 'profit_margin_pct': 15.5, 'score_bruto_sin_capar': 90.0, 'satura': False}","{'revenue_growth_yoy': 16.4, 'revenue_accelerating': True, 'rev_accel_quarters': 1}","{'rs_3m': -1.2, 'rs_6m': -14.4, 'rs_line_percentile': 52.9, 'rs_line_at_new_high': False, 'rs_line_trend': 'down', 'rs_line_score': 60}","{'roe_pct': 10.7, 'debt_to_equity': 1.62, 'current_ratio': 1.13, 'operating_margin_pct': 27.0}","{'days_to_earnings': 'N/A', 'recommendation': 'strong_buy', 'analyst_upside_pct': 22.0}",1011.58,99814309888,Real Estate,REIT - Specialty,2.0,3.2,False,1128.68,-10.4,5,False,-2.9,1234.19,1380.0,1060.0,31.0,strong_buy,22.0,,,,,normalizado,,,,,,-0.37,-3.74,,2.03,126.8,20.64,1.86,False,,,9,,4.0,Operating Income,4.0,28.8,27.0,2026-10-28,False,True,False,6,NEUTRAL,1.61,7.5,2.53,26.1,,,,2026-10-01T05:53:53.627447,,"el capex se lleva el 109% del flujo operativo: lo que queda no es lo que gana el dueño, es lo que sobra tras decidir invertir",múltiplo propio 74x fuera del rango 8-45,tasa fiscal efectiva 10.3% — el beneficio del periodo no es representativo,,
HEI,HEICO Corporation,72.2,,trimestral,⭐⭐⭐ EXCELLENT,🟢 Excellent,USD,USD,False,True,True,0.3953,acciones × precio no cuadra (ratio 0.3953) pero la divisa sí: son clases múltiples. Se usan 140 M de acciones efectivas (capitalización ÷ precio) en vez de las 55 M declaradas,90.0,70.0,36.0,90.0,70.0,15.0,19.0,False,down,32.8,False,0,23.1,False,0,"{'eps_growth_yoy': 32.8, 'op_growth_yoy': 34.0, 'crecimiento_respaldado': True, 'positive_quarters': 4, 'earnings_accelerating': False, 'eps_accel_quarters': 0, 'profit_margin_pct': 16.4, 'score_bruto_sin_capar': 90.0, 'satura': False}","{'revenue_growth_yoy': 23.1, 'revenue_accelerating': False, 'rev_accel_quarters': 0}","{'rs_3m': -18.9, 'rs_6m': -6.9, 'rs_line_percentile': 19.0, 'rs_line_at_new_high': False, 'rs_line_trend': 'down', 'rs_line_score': 15}","{'roe_pct': 17.7, 'debt_to_equity': 0.45, 'current_ratio': 2.72, 'operating_margin_pct': 25.1}","{'days_to_earnings': 'N/A', 'recommendation': 'buy', 'analyst_upside_pct': 30.1}",303.18,42371649536,Industrials,Aerospace & Defense,1.3,1.3,False,376.86,-19.6,2,False,-10.0,394.45,491.0,294.0,20.0,buy,30.1,169.89,-44.0,,,reportado,,,,,,2.3,6.97,6.3,0.08,4.2,0.25,0.1,False,,,9,,9.4,Operating Income,9.4,32.5,77.0,2026-12-17,False,True,False,8,STRONG,2.25,52.1,1.72,24.2,,,,2026-10-01T05:52:44.965452,139757403.0,,múltiplo propio 64x fuera del rango 8-45,,,
IDXX,"IDEXX Laboratories, Inc.",72.0,,trimestral,⭐⭐⭐ EXCELLENT,🟢 Excellent,USD,USD,False,True,True,1.0,,100.0,70.0,24.0,85.0,70.0,15.0,4.7,False,down,15.1,True,2,9.7,True,2,"{'eps_growth_yoy': 15.1, 'op_growth_yoy': 14.1, 'crecimiento_respaldado': True, 'positive_quarters': 4, 'earnings_accelerating': True, 'eps_accel_quarters': 2, 'profit_margin_pct': 25.0, 'score_bruto_sin_capar': 105.0, 'satura': True}","{'revenue_growth_yoy': 9.7, 'revenue_accelerating': True, 'rev_accel_quarters': 2}","{'rs_3m': -9.0, 'rs_6m': -24.5, 'rs_line_percentile': 4.7, 'rs_line_at_new_high': False, 'rs_line_trend': 'down', 'rs_line_score': 15}","{'roe_pct': 74.2, 'debt_to_equity': 0.68, 'current_ratio': 1.17, 'operating_margin_pct': 35.0}","{'days_to_earnings': 'N/A', 'recommendation': 'buy', 'analyst_upside_pct': 34.3}",522.19,41191915520,Healthcare,Diagnostics & Research,2.8,3.8,False,769.98,-32.2,0,False,-4.1,701.33,805.0,470.0,12.0,buy,34.3,234.26,-55.1,,,reportado,,,,,,2.99,15.61,,,,,,True,-2.08,,9,,38.6,Operating Income,38.7,12.3,32.0,2026-11-02,False,True,False,8,STRONG,3.24,119.8,1.77,22.2,,,,2026-10-01T05:50:23.003877,,,múltiplo propio 51x fuera del rango 8-45,,,
COF,Capital One Financial Corporation,71.7,,trimestral,⭐⭐⭐ EXCELLENT,🟢 Excellent,USD,USD,False,True,True,1.0,,95.0,80.0,36.0,60.0,70.0,15.0,12.8,False,down,,True,2,26.9,True,1,"{'positive_quarters': 4, 'earnings_accelerating': True, 'eps_accel_quarters': 2, 'profit_margin_pct': 21.9, 'score_bruto_sin_capar': 95.0, 'satura': False}","{'revenue_growth_yoy': 26.9, 'revenue_accelerating': True, 'rev_accel_quarters': 1}","{'rs_3m': -8.2, 'rs_6m': -11.5, 'rs_line_percentile': 12.8, 'rs_line_at_new_high': False, 'rs_line_trend': 'down', 'rs_line_score': 15}","{'roe_pct': 9.0, 'operating_margin_pct': 33.6}","{'days_to_earnings': 'N/A', 'recommendation': 'buy', 'analyst_upside_pct': 33.8}",193.07,118448455680,Financial Services,Credit Services,1.8,3.1,False,259.64,-25.6,1,False,-8.5,258.33,300.0,225.0,21.0,buy,33.8,,,,,reportado,,,,,,25.22,48.69,,1.63,16.5,3.2,1.69,False,22.84,,7,,,,,,19.0,2026-10-20,False,True,True,5,NEUTRAL,,,,23.5,1.6,0.07,-21.9,2026-10-01T05:57:40.551824,,"Credit Services: el 80% de sus ingresos es margen de intereses — presta, no cobra comisiones",los P/E históricos se separan 4.0x la mediana: el ancla la decidiría un año suelto,,,
MA,Mastercard Incorporated,71.0,,trimestral,⭐⭐⭐ EXCELLENT,🟢 Excellent,USD,USD,False,True,True,0.9925,,95.0,70.0,44.0,65.0,65.0,35.0,39.3,False,flat,18.6,True,1,14.1,True,1,"{'eps_growth_yoy': 18.6, 'op_growth_yoy': 16.6, 'crecimiento_respaldado': True, 'positive_quarters': 4, 'earnings_accelerating': True, 'eps_accel_quarters': 1, 'profit_margin_pct': 46.3, 'score_bruto_sin_capar': 95.0, 'satura': False}","{'revenue_growth_yoy': 14.1, 'revenue_accelerating': True, 'rev_accel_quarters': 1}","{'rs_3m': -0.2, 'rs_6m': -4.4, 'rs_line_percentile': 39.3, 'rs_line_at_new_high': False, 'rs_line_trend': 'flat', 'rs_line_score': 35}","{'roe_pct': 241.2, 'debt_to_equity': 4.4, 'current_ratio': 1.06, 'operating_margin_pct': 61.1}","{'days_to_earnings': 'N/A', 'recommendation': 'strong_buy', 'analyst_upside_pct': 20.9}",551.47,483093151744,Financial Services,Credit Services,0.8,2.7,False,601.23,-8.3,4,False,-3.2,666.71,740.0,550.0,37.0,strong_buy,20.9,592.78,7.5,635.56,15.2,reportado,múltiplo propio,4.0,0.12,False,,3.36,18.53,,0.63,17.9,3.48,0.55,True,-3.39,,9,,28.1,Operating Income,28.0,22.1,28.0,2026-10-29,False,True,False,9,STRONG,3.93,629.7,1.38,15.6,0.2,0.01,-15.4,2026-10-01T05:49:19.571536,,,,,,
MANH,"Manhattan Associates, Inc.",70.8,,trimestral,⭐⭐⭐ EXCELLENT,🟢 Excellent,USD,USD,False,True,True,1.0,,70.0,70.0,75.0,75.0,60.0,60.0,63.0,False,up,-11.3,True,2,9.3,True,2,"{'eps_growth_yoy': -11.3, 'op_growth_yoy': 0.9, 'crecimiento_respaldado': True, 'positive_quarters': 4, 'earnings_accelerating': True, 'eps_accel_quarters': 2, 'profit_margin_pct': 18.7, 'score_bruto_sin_capar': 70.0, 'satura': False}","{'revenue_growth_yoy': 9.3, 'revenue_accelerating': True, 'rev_accel_quarters': 2}","{'rs_3m': 28.9, 'rs_6m': 31.0, 'rs_line_percentile': 63.0, 'rs_line_at_new_high': False, 'rs_line_trend': 'up', 'rs_line_score': 60}","{'roe_pct': 96.4, 'debt_to_equity': 0.34, 'current_ratio': 0.98, 'operating_margin_pct': 25.0}","{'days_to_earnings': 'N/A', 'recommendation': 'buy', 'analyst_upside_pct': 11.1}",198.7,11585198080,Technology,Software - Application,6.6,4.1,False,227.03,-12.5,5,False,-0.9,220.7,260.0,180.0,10.0,buy,11.1,169.95,-14.5,,,reportado,,,,,,3.45,6.86,,,,,,True,-3.4,,9,,,,,-8.6,26.0,2026-10-27,False,True,False,6,NEUTRAL,2.47,140.7,1.54,30.8,0.8,0.03,-30.0,2026-10-01T05:55:51.206381,,,múltiplo propio 68x fuera del rango 8-45,,,
UNP,Union Pacific Corporation,70.5,,trimestral,⭐⭐⭐ EXCELLENT,🟢 Excellent,USD,USD,False,True,True,1.0,,85.0,80.0,44.0,65.0,65.0,35.0,43.7,False,down,6.2,True,1,11.5,True,2,"{'eps_growth_yoy': 6.2, 'op_growth_yoy': 9.4, 'crecimiento_respaldado': True, 'positive_quarters': 4, 'earnings_accelerating': True, 'eps_accel_quarters': 1, 'profit_margin_pct': 28.8, 'score_bruto_sin_capar': 85.0, 'satura': False}","{'revenue_growth_yoy': 11.5, 'revenue_accelerating': True, 'rev_accel_quarters': 2}","{'rs_3m': -5.8, 'rs_6m': -3.9, 'rs_line_percentile': 43.7, 'rs_line_at_new_high': False, 'rs_line_trend': 'down', 'rs_line_score': 35}","{'roe_pct': 39.7, 'debt_to_equity': 1.51, 'current_ratio': 0.99, 'operating_margin_pct': 41.0}","{'days_to_earnings': 'N/A', 'recommendation': 'buy', 'analyst_upside_pct': 21.1}",272.13,161665777664,Industrials,Railroads,5.1,12.1,False,315.99,-13.9,5,False,-6.4,329.42,375.0,245.0,24.0,buy,21.1,199.57,-26.7,239.48,-12.0,reportado,múltiplo propio,4.0,0.27,False,,4.0,10.89,,2.09,44.7,5.68,2.21,False,-0.13,,9,,7.9,Operating Income,8.4,6.6,21.0,2026-10-22,False,True,True,8,STRONG,5.16,16.2,8.64,18.8,0.2,0.01,-18.6,2026-10-01T05:55:55.466344,,,,,,
6383.T,"Daifuku Co., Ltd.",70.5,,anual,⭐⭐⭐ EXCELLENT,🟢 Excellent,JPY,JPY,False,True,True,1.0,,100.0,60.0,35.0,80.0,65.0,,,,,71.8,True,1,8.1,True,1,"{'eps_growth_yoy': 71.8, 'op_growth_yoy': 63.4, 'crecimiento_respaldado': True, 'positive_quarters': 4, 'earnings_accelerating': True, 'eps_accel_quarters': 1, 'profit_margin_pct': 12.1, 'score_bruto_sin_capar': 110.0, 'satura': True}","{'revenue_growth_yoy': 8.1, 'revenue_accelerating': True, 'rev_accel_quarters': 1}","{'rs_3m': -21.2, 'rs_6m': -15.6}","{'debt_to_equity': 0.09, 'current_ratio': 2.63, 'operating_margin_pct': 16.6}","{'days_to_earnings': 'N/A', 'recommendation': 'buy', 'analyst_upside_pct': 30.0}",5802.0,2157410910208,Industrials,Specialty Industrial Machinery,,,False,7857.0,-26.2,2,False,-0.9,7540.71,9300.0,5400.0,14.0,buy,30.0,6688.85,15.3,5739.49,-1.1,reportado,múltiplo propio,4.0,0.3,False,,5.38,312.15,,1.57,38.8,90.0,1.4,,,,9,,,,,13.8,41.0,2026-11-11,False,True,False,8,STRONG,5.32,21.8,1.41,32.1,,,,2026-10-01T05:57:15.882520,,,,,,
AMZN,"Amazon.com, Inc.",70.3,,trimestral,⭐⭐⭐ EXCELLENT,🟢 Excellent,USD,USD,False,True,True,1.0,"FCF declarado (-2,472,000,000) se aparta del derivado de flujo operativo menos capex (29,583,994,688)",85.0,60.0,50.3,85.0,70.0,35.0,37.8,False,flat,76.7,True,1,16.6,False,0,"{'eps_growth_yoy': 76.7, 'op_growth_yoy': 29.6, 'crecimiento_respaldado': False, 'crecimiento_puntuado': 54.6, 'positive_quarters': 4, 'earnings_accelerating': True, 'eps_accel_quarters': 1, 'profit_margin_pct': 17.4, 'score_bruto_sin_capar': 110.0, 'satura': True}","{'revenue_growth_yoy': 16.6, 'revenue_accelerating': False, 'rev_accel_quarters': 0}","{'rs_3m': 0.0, 'rs_6m': 1.3, 'rs_line_percentile': 37.8, 'rs_line_at_new_high': False, 'rs_line_trend': 'flat', 'rs_line_score': 35}","{'roe_pct': 30.6, 'debt_to_equity': 0.46, 'current_ratio': 1.03, 'operating_margin_pct': 13.7}","{'days_to_earnings': 'N/A', 'recommendation': 'strong_buy', 'analyst_upside_pct': 32.4}",249.15,2687409848320,Consumer Cyclical,Internet Retail,0.8,2.5,False,287.2,-13.2,5,False,-2.7,329.98,405.0,230.0,57.0,strong_buy,32.4,,,493.46,98.1,reportado,múltiplo propio,3.0,0.51,True,,1.1,2.74,,,,,,False,,,9,,33.7,Operating Income,46.6,242.3,28.0,2026-10-29,False,True,False,6,NEUTRAL,2.84,17.6,0.79,21.9,0.4,0.02,-21.5,2026-10-01T05:56:42.434419,,"el capex se lleva el 82% del flujo operativo: lo que queda no es lo que gana el dueño, es lo que sobra tras decidir invertir",,,,
META,"Meta Platforms, Inc.",70.1,,trimestral,⭐⭐⭐ EXCELLENT,🟢 Excellent,USD,USD,False,True,True,0.8656,"acciones × precio no cuadra (ratio 0.8656) pero la divisa sí: son clases múltiples. Se usan 2,548 M de acciones efectivas (capitalización ÷ precio) en vez de las 2,205 M declaradas | FCF declarado (40,976,000,000) se aparta del derivado de flujo operativo menos capex (60,610,001,728)",55.0,80.0,66.6,95.0,60.0,60.0,60.8,False,up,-13.6,False,0,28.0,True,1,"{'eps_growth_yoy': -13.6, 'op_growth_yoy': -8.2, 'crecimiento_respaldado': True, 'positive_quarters': 4, 'earnings_accelerating': False, 'eps_accel_quarters': 0, 'profit_margin_pct': 29.8, 'score_bruto_sin_capar': 55.0, 'satura': False}","{'revenue_growth_yoy': 28.0, 'revenue_accelerating': True, 'rev_accel_quarters': 1}","{'rs_3m': 21.9, 'rs_6m': 8.4, 'rs_line_percentile': 60.8, 'rs_line_at_new_high': False, 'rs_line_trend': 'up', 'rs_line_score': 60}","{'roe_pct': 29.8, 'debt_to_equity': 0.43, 'current_ratio': 2.23, 'operating_margin_pct': 34.8}","{'days_to_earnings': 'N/A', 'recommendation': 'strong_buy', 'analyst_upside_pct': 9.5}",725.18,1847400464384,Communication Services,Internet Content & Information,1.4,1.7,False,779.82,-7.0,5,False,16.9,793.91,1000.0,580.0,57.0,strong_buy,9.5,,,657.54,-9.3,reportado,múltiplo propio,4.0,0.59,False,,3.28,23.79,,0.28,7.9,2.1,,False,-0.16,,9,,42.9,Operating Income,44.2,-13.4,27.0,2026-10-28,False,True,False,5,NEUTRAL,4.45,31.6,0.69,56.0,,,,2026-10-01T05:57:28.355161,2547506087.0,"el capex se lleva el 53% del flujo operativo: lo que queda no es lo que gana el dueño, es lo que sobra tras decidir invertir",,,,
V,Visa Inc.,69.0,,trimestral,⭐⭐ GOOD,🟡 Good,USD,USD,False,True,True,0.9077,"acciones × precio no cuadra (ratio 0.9077) pero la divisa sí: son clases múltiples. Se usan 1,877 M de acciones efectivas (capitalización ÷ precio) en vez de las 1,704 M declaradas",75.0,80.0,47.6,70.0,65.0,35.0,49.4,False,flat,6.8,False,0,14.4,True,2,"{'eps_growth_yoy': 6.8, 'op_growth_yoy': 5.0, 'crecimiento_respaldado': True, 'positive_quarters': 4, 'earnings_accelerating': False, 'eps_accel_quarters': 0, 'profit_margin_pct': 50.8, 'score_bruto_sin_capar': 75.0, 'satura': False}","{'revenue_growth_yoy': 14.4, 'revenue_accelerating': True, 'rev_accel_quarters': 2}","{'rs_3m': -3.2, 'rs_6m': 3.9, 'rs_line_percentile': 49.4, 'rs_line_at_new_high': False, 'rs_line_trend': 'flat', 'rs_line_score': 35}","{'roe_pct': 61.2, 'debt_to_equity': 0.68, 'current_ratio': 0.98, 'operating_margin_pct': 66.1}","{'days_to_earnings': 'N/A', 'recommendation': 'strong_buy', 'analyst_upside_pct': 16.7}",359.33,674590031872,Financial Services,Credit Services,1.1,3.0,False,385.57,-6.8,5,False,-2.4,419.36,466.0,330.0,37.0,strong_buy,16.7,325.73,-9.4,383.76,6.8,reportado,múltiplo propio,4.0,0.23,False,,3.13,11.25,,0.73,22.1,2.68,0.71,True,-3.71,,9,,37.6,Operating Income,35.7,10.2,26.0,2026-10-27,False,True,False,6,NEUTRAL,3.96,381.9,1.49,17.4,0.2,0.01,-17.2,2026-10-01T05:48:32.385444,1877355166.0,,,,,
ORCL,Oracle Corporation,69.0,,trimestral,⭐⭐ GOOD,🟡 Good,USD,USD,False,True,True,1.0,"FCF declarado (-45,151,000,000) se aparta del derivado de flujo operativo menos capex (-8,722,999,744)",100.0,70.0,24.0,65.0,70.0,15.0,7.5,False,up,62.6,False,0,29.6,False,0,"{'eps_growth_yoy': 62.6, 'op_growth_yoy': 45.4, 'crecimiento_respaldado': True, 'positive_quarters': 4, 'earnings_accelerating': False, 'eps_accel_quarters': 0, 'profit_margin_pct': 26.4, 'score_bruto_sin_capar': 105.0, 'satura': True}","{'revenue_growth_yoy': 29.6, 'revenue_accelerating': False, 'rev_accel_quarters': 0}","{'rs_3m': -4.4, 'rs_6m': -21.8, 'rs_line_percentile': 7.5, 'rs_line_at_new_high': False, 'rs_line_trend': 'up', 'rs_line_score': 15}","{'roe_pct': 41.2, 'debt_to_equity': 2.52, 'current_ratio': 1.17, 'operating_margin_pct': 35.6}","{'days_to_earnings': 'N/A', 'recommendation': 'buy', 'analyst_upside_pct': 73.3}",137.3,416225099776,Technology,Software - Infrastructure,2.7,1.8,False,322.54,-57.4,0,False,-3.9,237.97,400.0,110.0,41.0,buy,73.3,,,225.04,63.9,reportado,múltiplo propio,4.0,0.21,False,,-2.1,-2.88,,1.45,31.4,2.0,1.28,False,3.13,,9,,4.8,Operating Income,5.3,54.5,70.0,2026-12-10,False,True,False,5,NEUTRAL,4.06,16.7,0.52,53.1,,,,2026-10-01T05:56:11.921548,,"el capex se lleva el 119% del flujo operativo: lo que queda no es lo que gana el dueño, es lo que sobra tras decidir invertir",,,,
ADSK,"Autodesk, Inc.",69.0,,trimestral,⭐⭐ GOOD,🟡 Good,USD,USD,False,True,True,1.0,,100.0,70.0,24.0,65.0,70.0,15.0,9.1,False,flat,57.2,False,0,16.1,True,1,"{'eps_growth_yoy': 57.2, 'op_growth_yoy': 32.9, 'crecimiento_respaldado': True, 'positive_quarters': 4, 'earnings_accelerating': False, 'eps_accel_quarters': 0, 'profit_margin_pct': 21.1, 'score_bruto_sin_capar': 105.0, 'satura': True}","{'revenue_growth_yoy': 16.1, 'revenue_accelerating': True, 'rev_accel_quarters': 1}","{'rs_3m': -1.9, 'rs_6m': -29.1, 'rs_line_percentile': 9.1, 'rs_line_at_new_high': False, 'rs_line_trend': 'flat', 'rs_line_score': 15}","{'roe_pct': 53.9, 'debt_to_equity': 1.1, 'current_ratio': 0.85, 'operating_margin_pct': 29.2}","{'days_to_earnings': 'N/A', 'recommendation': 'buy', 'analyst_upside_pct': 47.1}",209.0,43681001472,Technology,Software - Application,4.4,3.7,False,326.2,-35.9,0,False,-10.3,307.54,375.0,215.0,34.0,buy,47.1,248.97,19.1,,,reportado,,,,,,6.46,13.5,,,,,0.48,True,-1.86,,9,,,,,59.6,57.0,2026-11-27,False,True,False,7,NEUTRAL,4.15,645.3,1.28,48.7,0.8,0.02,-47.9,2026-10-01T05:55:17.271904,,,múltiplo propio 59x fuera del rango 8-45,,,
SYK,Stryker Corporation,68.8,,trimestral,⭐⭐ GOOD,🟡 Good,USD,USD,False,True,True,1.0,,100.0,60.0,24.0,80.0,70.0,15.0,4.6,False,down,44.3,True,1,9.4,True,1,"{'eps_growth_yoy': 44.3, 'op_growth_yoy': 42.1, 'crecimiento_respaldado': True, 'positive_quarters': 4, 'earnings_accelerating': True, 'eps_accel_quarters': 1, 'profit_margin_pct': 14.4, 'score_bruto_sin_capar': 100.0, 'satura': False}","{'revenue_growth_yoy': 9.4, 'revenue_accelerating': True, 'rev_accel_quarters': 1}","{'rs_3m': -18.0, 'rs_6m': -32.9, 'rs_line_percentile': 4.6, 'rs_line_at_new_high': False, 'rs_line_trend': 'down', 'rs_line_score': 15}","{'roe_pct': 16.5, 'debt_to_equity': 0.64, 'current_ratio': 2.16, 'operating_margin_pct': 27.0}","{'days_to_earnings': 'N/A', 'recommendation': 'buy', 'analyst_upside_pct': 33.6}",275.39,105632186368,Healthcare,Medical Devices,2.1,2.7,False,392.55,-29.8,0,False,-11.7,367.8,465.0,298.0,25.0,buy,33.6,356.57,29.5,384.36,39.6,reportado,múltiplo propio,4.0,0.26,False,,4.51,12.42,,1.26,36.1,3.52,0.99,False,,,9,,9.6,Operating Income,9.9,44.1,28.0,2026-10-29,False,True,False,5,NEUTRAL,4.3,46.7,1.52,36.4,1.6,0.04,-34.8,2026-10-01T05:50:31.493550,,,,,,
MTD,Mettler-Toledo International Inc.,68.8,,trimestral,⭐⭐ GOOD,🟡 Good,USD,USD,False,True,True,1.0,,95.0,60.0,63.9,50.0,50.0,60.0,68.4,False,up,15.1,True,1,4.5,True,1,"{'eps_growth_yoy': 15.1, 'op_growth_yoy': 18.3, 'crecimiento_respaldado': True, 'positive_quarters': 4, 'earnings_accelerating': True, 'eps_accel_quarters': 1, 'profit_margin_pct': 21.9, 'score_bruto_sin_capar': 95.0, 'satura': False}","{'revenue_growth_yoy': 4.5, 'revenue_accelerating': True, 'rev_accel_quarters': 1}","{'rs_3m': 12.8, 'rs_6m': 1.6, 'rs_line_percentile': 68.4, 'rs_line_at_new_high': False, 'rs_line_trend': 'up', 'rs_line_score': 60}","{'debt_to_equity': 166.68, 'current_ratio': 1.12, 'operating_margin_pct': 31.2}","{'days_to_earnings': 'N/A', 'recommendation': 'hold', 'analyst_upside_pct': -3.5}",1510.95,30274238464,Healthcare,Diagnostics & Research,4.0,3.9,False,1554.78,-2.8,5,False,7.8,1458.08,1600.0,1200.0,13.0,hold,-3.5,671.45,-55.6,1461.74,-3.3,reportado,múltiplo propio,4.0,0.22,False,,2.87,43.36,,,,,,True,-2.76,,9,,16.9,Operating Income,16.8,7.3,35.0,2026-11-05,False,True,False,6,NEUTRAL,3.46,110.7,9.53,32.4,0.8,0.02,-31.6,2026-10-01T05:51:59.164057,,,,,,
MCO,Moody's Corporation,68.5,,trimestral,⭐⭐ GOOD,🟡 Good,USD,USD,False,True,True,1.0,,100.0,60.0,36.0,65.0,65.0,15.0,8.3,False,down,51.9,True,2,15.1,False,0,"{'eps_growth_yoy': 51.9, 'op_growth_yoy': 27.4, 'crecimiento_respaldado': True, 'positive_quarters': 4, 'earnings_accelerating': True, 'eps_accel_quarters': 2, 'profit_margin_pct': 34.3, 'score_bruto_sin_capar': 125.0, 'satura': True}","{'revenue_growth_yoy': 15.1, 'revenue_accelerating': False, 'rev_accel_quarters': 0}","{'rs_3m': -9.9, 'rs_6m': -13.0, 'rs_line_percentile': 8.3, 'rs_line_at_new_high': False, 'rs_line_trend': 'down', 'rs_line_score': 15}","{'roe_pct': 76.9, 'debt_to_equity': 2.41, 'current_ratio': 1.19, 'operating_margin_pct': 49.5}","{'days_to_earnings': 'N/A', 'recommendation': 'buy', 'analyst_upside_pct': 23.7}",454.13,78646681600,Financial Services,Financial Data & Stock Exchanges,1.9,4.2,False,546.88,-17.0,2,False,-5.8,561.9,610.0,496.0,21.0,buy,23.7,318.41,-29.9,607.23,33.7,reportado,múltiplo propio,4.0,0.19,False,,3.81,17.3,,0.91,25.0,4.12,0.81,False,,,9,,14.1,Operating Income,14.5,56.7,20.0,2026-10-21,False,True,True,8,STRONG,4.08,107.9,1.07,23.0,,,,2026-10-01T05:50:06.562251,,,,,,
UNH,UnitedHealth Group Incorporated,68.5,,trimestral,⭐⭐ GOOD,🟡 Good,USD,USD,False,True,True,1.0,"FCF declarado (16,309,000,000) se aparta del derivado de flujo operativo menos capex (23,395,000,960)",95.0,60.0,52.4,50.0,70.0,35.0,46.8,False,down,61.0,False,0,0.4,True,1,"{'eps_growth_yoy': 61.0, 'op_growth_yoy': 55.2, 'crecimiento_respaldado': True, 'positive_quarters': 4, 'earnings_accelerating': False, 'eps_accel_quarters': 0, 'profit_margin_pct': 3.1, 'score_bruto_sin_capar': 95.0, 'satura': False}","{'revenue_growth_yoy': 0.4, 'revenue_accelerating': True, 'rev_accel_quarters': 1}","{'rs_3m': -15.8, 'rs_6m': 18.6, 'rs_line_percentile': 46.8, 'rs_line_at_new_high': False, 'rs_line_trend': 'down', 'rs_line_score': 35}","{'roe_pct': 14.2, 'debt_to_equity': 0.69, 'current_ratio': 0.78, 'operating_margin_pct': 7.1}","{'days_to_earnings': 'N/A', 'recommendation': 'buy', 'analyst_upside_pct': 31.2}",367.08,329489088512,Healthcare,Healthcare Plans,1.6,2.8,False,461.62,-20.5,6,False,-6.9,481.72,529.0,380.0,25.0,buy,31.2,484.83,32.1,371.1,1.1,reportado,múltiplo propio,4.0,0.44,False,,7.1,26.06,,2.53,57.5,9.28,1.65,False,-0.44,,9,,5.6,Operating Income,5.5,61.5,12.0,2026-10-13,False,True,True,6,NEUTRAL,5.01,176.2,,19.7,0.2,0.01,-19.5,2026-10-01T05:58:02.627835,,,,,,
ALLY,Ally Financial Inc.,68.3,,trimestral,⭐⭐ GOOD,🟡 Good,USD,USD,False,True,True,1.0,"FCF declarado (667,000,000) se aparta del derivado de flujo operativo menos capex (291,000,128)",100.0,70.0,24.0,60.0,70.0,15.0,0.0,False,down,16.5,True,2,11.4,True,1,"{'eps_growth_yoy': 16.5, 'positive_quarters': 4, 'earnings_accelerating': True, 'eps_accel_quarters': 2, 'profit_margin_pct': 18.4, 'score_bruto_sin_capar': 100.0, 'satura': False}","{'revenue_growth_yoy': 11.4, 'revenue_accelerating': True, 'rev_accel_quarters': 1}","{'rs_3m': -19.1, 'rs_6m': -21.1, 'rs_line_percentile': 0.0, 'rs_line_at_new_high': False, 'rs_line_trend': 'down', 'rs_line_score': 15}","{'roe_pct': 9.7, 'operating_margin_pct': 25.3}","{'days_to_earnings': 'N/A', 'recommendation': 'buy', 'analyst_upside_pct': 38.1}",37.62,11443991552,Financial Services,Credit Services,4.9,4.8,False,47.29,-20.4,2,False,-11.0,51.95,58.0,42.0,18.0,buy,38.1,,,43.29,15.1,reportado,múltiplo propio,3.0,1.2,True,2024-12-31,2.54,0.96,,3.17,28.2,1.2,3.2,False,-0.45,,7,,,,,13.5,19.0,2026-10-20,False,True,True,5,NEUTRAL,,,,22.1,1.6,0.07,-20.5,2026-10-01T05:58:06.368443,,"el capex se lleva el 94% del flujo operativo: lo que queda no es lo que gana el dueño, es lo que sobra tras decidir invertir",,,,
PAYX,"Paychex, Inc.",68.2,,trimestral,⭐⭐ GOOD,🟡 Good,USD,USD,False,True,True,1.0,,95.0,60.0,36.0,80.0,55.0,15.0,15.8,False,down,41.5,False,0,12.5,False,0,"{'eps_growth_yoy': 41.5, 'op_growth_yoy': 40.3, 'crecimiento_respaldado': True, 'positive_quarters': 4, 'earnings_accelerating': False, 'eps_accel_quarters': 0, 'profit_margin_pct': 27.4, 'score_bruto_sin_capar': 95.0, 'satura': False}","{'revenue_growth_yoy': 12.5, 'revenue_accelerating': False, 'rev_accel_quarters': 0}","{'rs_3m': -9.1, 'rs_6m': -6.1, 'rs_line_percentile': 15.8, 'rs_line_at_new_high': False, 'rs_line_trend': 'down', 'rs_line_score': 15}","{'roe_pct': 47.1, 'debt_to_equity': 1.25, 'current_ratio': 1.28, 'operating_margin_pct': 38.5}","{'days_to_earnings': 'N/A', 'recommendation': 'hold', 'analyst_upside_pct': 15.7}",98.5,35064078336,Technology,Software - Application,6.2,8.6,False,129.24,-23.8,4,False,-16.1,113.93,150.0,96.0,14.0,hold,15.7,134.93,37.0,114.17,15.9,reportado,múltiplo propio,4.0,0.58,False,,5.75,5.66,,4.79,90.1,4.76,2.83,True,-1.13,,9,,9.3,Operating Income,9.6,5.6,78.0,2026-12-18,False,True,False,7,NEUTRAL,6.48,103.5,3.52,35.3,1.6,0.04,-33.7,2026-10-01T05:50:14.655785,,,,,,
GGG,Graco Inc.,68.0,,trimestral,⭐⭐ GOOD,🟡 Good,USD,USD,False,True,True,1.0,,95.0,60.0,24.0,95.0,55.0,15.0,8.5,False,flat,13.6,True,1,3.3,True,1,"{'eps_growth_yoy': 13.6, 'op_growth_yoy': 11.2, 'crecimiento_respaldado': True, 'positive_quarters': 4, 'earnings_accelerating': True, 'eps_accel_quarters': 1, 'profit_margin_pct': 23.5, 'score_bruto_sin_capar': 95.0, 'satura': False}","{'revenue_growth_yoy': 3.3, 'revenue_accelerating': True, 'rev_accel_quarters': 1}","{'rs_3m': -0.1, 'rs_6m': -26.6, 'rs_line_percentile': 8.5, 'rs_line_at_new_high': False, 'rs_line_trend': 'flat', 'rs_line_score': 15}","{'roe_pct': 21.2, 'debt_to_equity': 0.02, 'current_ratio': 2.99, 'operating_margin_pct': 29.7}","{'days_to_earnings': 'N/A', 'recommendation': 'none', 'analyst_upside_pct': 18.8}",76.84,12444531712,Industrials,Specialty Industrial Machinery,4.3,2.2,False,95.69,-19.7,1,False,-3.0,91.29,100.0,84.0,7.0,none,18.8,78.1,1.6,87.06,13.3,reportado,múltiplo propio,4.0,0.19,False,,5.04,3.87,,1.51,35.8,1.18,1.19,True,-1.68,,9,,194.7,Operating Income,205.3,7.2,20.0,2026-10-21,False,True,True,6,NEUTRAL,5.09,34.2,4.4,13.8,,,,2026-10-01T05:57:24.513963,,,,,,
SHW,The Sherwin-Williams Company,68.0,,trimestral,⭐⭐ GOOD,🟡 Good,USD,USD,False,True,True,1.0,,100.0,70.0,36.0,45.0,65.0,15.0,23.1,False,flat,11.8,True,2,7.5,True,2,"{'eps_growth_yoy': 11.8, 'op_growth_yoy': 12.0, 'crecimiento_respaldado': True, 'positive_quarters': 4, 'earnings_accelerating': True, 'eps_accel_quarters': 2, 'profit_margin_pct': 11.0, 'score_bruto_sin_capar': 100.0, 'satura': False}","{'revenue_growth_yoy': 7.5, 'revenue_accelerating': True, 'rev_accel_quarters': 2}","{'rs_3m': -10.7, 'rs_6m': -17.2, 'rs_line_percentile': 23.1, 'rs_line_at_new_high': False, 'rs_line_trend': 'flat', 'rs_line_score': 15}","{'roe_pct': 65.1, 'debt_to_equity': 3.9, 'current_ratio': 0.73, 'operating_margin_pct': 18.1}","{'days_to_earnings': 'N/A', 'recommendation': 'buy', 'analyst_upside_pct': 20.4}",323.27,78476419072,Basic Materials,Specialty Chemicals,2.7,4.1,False,377.77,-14.4,2,False,-4.5,389.09,420.0,340.0,22.0,buy,20.4,223.71,-30.8,341.83,5.7,reportado,múltiplo propio,4.0,0.1,False,,3.94,12.74,,0.97,29.3,3.2,0.87,True,-2.11,,9,,7.7,Operating Income,7.8,10.0,26.0,2026-10-27,False,True,False,6,NEUTRAL,4.09,61.9,2.39,23.0,,,,2026-10-01T05:50:55.637456,,,,,,
LMT,Lockheed Martin Corporation,67.8,,trimestral,⭐⭐ GOOD,🟡 Good,USD,USD,False,True,True,1.0,,100.0,70.0,24.0,60.0,65.0,15.0,7.6,False,down,436.8,True,2,10.5,True,1,"{'eps_growth_yoy': 436.8, 'op_growth_yoy': 231.4, 'crecimiento_respaldado': False, 'crecimiento_puntuado': 256.4, 'positive_quarters': 4, 'earnings_accelerating': True, 'eps_accel_quarters': 2, 'profit_margin_pct': 8.2, 'score_bruto_sin_capar': 115.0, 'satura': True}","{'revenue_growth_yoy': 10.5, 'revenue_accelerating': True, 'rev_accel_quarters': 1}","{'rs_3m': -8.8, 'rs_6m': -33.5, 'rs_line_percentile': 7.6, 'rs_line_at_new_high': False, 'rs_line_trend': 'down', 'rs_line_score': 15}","{'roe_pct': 89.2, 'debt_to_equity': 2.34, 'current_ratio': 1.19, 'operating_margin_pct': 12.0}","{'days_to_earnings': 'N/A', 'recommendation': 'buy', 'analyst_upside_pct': 25.0}",509.25,117530189824,Industrials,Aerospace & Defense,1.2,2.3,False,692.0,-26.4,1,False,-8.3,636.74,756.0,503.0,19.0,buy,25.0,897.8,76.3,557.89,9.6,reportado,múltiplo propio,4.0,0.33,False,,7.45,37.94,,2.71,50.3,13.8,2.63,True,-1.37,,9,,8.2,Operating Income,7.7,310.7,19.0,2026-10-20,False,True,True,6,NEUTRAL,5.76,70.9,,20.3,0.2,0.01,-20.1,2026-10-01T05:57:03.556529,,,,,,
ASAZY,ASSA ABLOY AB (publ),67.5,,trimestral,⭐⭐ GOOD,🟡 Good,USD,SEK,True,True,False,0.9482,"acciones × precio no cuadra con la capitalización (ratio 0.9482) y los estados van en SEK mientras cotiza en USD — puede ser un ADR. Los ratios por acción (EPS, FCF/acción, DCF) no son utilizables",100.0,60.0,36.0,65.0,55.0,15.0,6.5,False,down,80.4,True,1,3.5,True,1,"{'eps_growth_yoy': 80.4, 'op_growth_yoy': 53.9, 'crecimiento_respaldado': False, 'crecimiento_puntuado': 78.9, 'positive_quarters': 4, 'earnings_accelerating': True, 'eps_accel_quarters': 1, 'profit_margin_pct': 10.8, 'score_bruto_sin_capar': 110.0, 'satura': True}","{'revenue_growth_yoy': 3.5, 'revenue_accelerating': True, 'rev_accel_quarters': 1}","{'rs_3m': -3.0, 'rs_6m': -19.5, 'rs_line_percentile': 6.5, 'rs_line_at_new_high': False, 'rs_line_trend': 'down', 'rs_line_score': 15}","{'roe_pct': 15.6, 'debt_to_equity': 0.64, 'current_ratio': 1.01}","{'days_to_earnings': 'N/A', 'recommendation': 'none', 'analyst_upside_pct': 23.3}",17.63,39165972480,Industrials,Security & Protection Services,,,False,21.98,-19.8,1,False,-3.4,21.74,21.74,21.74,1.0,none,23.3,,,,,reportado,,,,,,47.59,8.39,,1.86,41.9,0.33,1.7,False,,,9,,,,,8.0,26.0,2026-10-27,False,True,False,8,STRONG,,120.6,5.75,19.7,,,,2026-10-01T05:53:06.543727,,,,,"acciones × precio no cuadra con la capitalización (ratio 0.9482) y los estados van en SEK mientras cotiza en USD — puede ser un ADR. Los ratios por acción (EPS, FCF/acción, DCF) no son utilizables",
COST,Costco Wholesale Corporation,67.5,,trimestral,⭐⭐ GOOD,🟡 Good,USD,USD,False,True,True,1.0,"FCF declarado (6,370,000,000) se aparta del derivado de flujo operativo menos capex (10,327,000,448)",95.0,60.0,24.0,85.0,65.0,15.0,7.7,False,down,15.2,True,2,11.6,False,0,"{'eps_growth_yoy': 15.2, 'op_growth_yoy': 11.3, 'crecimiento_respaldado': True, 'positive_quarters': 4, 'earnings_accelerating': True, 'eps_accel_quarters': 2, 'profit_margin_pct': 3.0, 'score_bruto_sin_capar': 95.0, 'satura': False}","{'revenue_growth_yoy': 11.6, 'revenue_accelerating': False, 'rev_accel_quarters': 0}","{'rs_3m': -6.8, 'rs_6m': -25.4, 'rs_line_percentile': 7.7, 'rs_line_at_new_high': False, 'rs_line_trend': 'down', 'rs_line_score': 15}","{'roe_pct': 28.4, 'debt_to_equity': 0.24, 'current_ratio': 1.06, 'operating_margin_pct': 4.0}","{'days_to_earnings': 'N/A', 'recommendation': 'buy', 'analyst_upside_pct': 16.2}",910.34,403522781184,Consumer Defensive,Discount Stores,1.7,3.8,False,1096.5,-17.0,3,False,-2.5,1057.94,1315.0,770.0,35.0,buy,16.2,557.51,-38.8,929.84,2.1,reportado,múltiplo propio,4.0,0.36,False,,2.56,23.3,,0.64,26.7,5.88,0.59,False,-0.07,,9,,76.9,Operating Income,81.5,15.0,70.0,2026-12-10,False,True,False,7,NEUTRAL,2.66,28.9,3.17,16.9,,,,2026-10-01T05:49:06.800876,,,,,,
MSI,"Motorola Solutions, Inc.",67.1,,trimestral,⭐⭐ GOOD,🟡 Good,USD,USD,False,True,True,1.0,,80.0,70.0,46.7,65.0,65.0,35.0,33.3,False,up,8.6,True,1,13.3,True,1,"{'eps_growth_yoy': 8.6, 'op_growth_yoy': 19.3, 'crecimiento_respaldado': True, 'positive_quarters': 4, 'earnings_accelerating': True, 'eps_accel_quarters': 1, 'profit_margin_pct': 17.4, 'score_bruto_sin_capar': 80.0, 'satura': False}","{'revenue_growth_yoy': 13.3, 'revenue_accelerating': True, 'rev_accel_quarters': 1}","{'rs_3m': 3.1, 'rs_6m': -13.7, 'rs_line_percentile': 33.3, 'rs_line_at_new_high': False, 'rs_line_trend': 'up', 'rs_line_score': 35}","{'roe_pct': 91.6, 'debt_to_equity': 3.58, 'current_ratio': 1.1, 'operating_margin_pct': 27.4}","{'days_to_earnings': 'N/A', 'recommendation': 'buy', 'analyst_upside_pct': 18.1}",445.97,73805266944,Technology,Communication Equipment,2.2,3.2,False,494.85,-9.9,5,False,-2.8,526.91,550.0,476.0,11.0,buy,18.1,399.58,-10.4,391.49,-12.2,reportado,múltiplo propio,4.0,0.62,False,,3.67,16.37,,1.08,37.2,4.84,1.11,False,-0.95,,9,,7.0,Operating Income,7.3,9.5,35.0,2026-11-05,False,True,False,6,NEUTRAL,3.58,150.4,1.34,17.1,0.8,0.05,-16.3,2026-10-01T05:48:58.355499,,,,,,
FHN,First Horizon Corporation,67.0,,trimestral,⭐⭐ GOOD,🟡 Good,USD,USD,False,True,True,1.0,"FCF declarado (-189,000,000) se aparta del derivado de flujo operativo menos capex (1,026,000,000)",95.0,60.0,36.0,65.0,65.0,15.0,6.9,False,down,12.0,True,1,6.7,True,1,"{'eps_growth_yoy': 12.0, 'positive_quarters': 4, 'earnings_accelerating': True, 'eps_accel_quarters': 1, 'profit_margin_pct': 30.2, 'score_bruto_sin_capar': 95.0, 'satura': False}","{'revenue_growth_yoy': 6.7, 'revenue_accelerating': True, 'rev_accel_quarters': 1}","{'rs_3m': -12.4, 'rs_6m': -15.4, 'rs_line_percentile': 6.9, 'rs_line_at_new_high': False, 'rs_line_trend': 'down', 'rs_line_score': 15}","{'roe_pct': 11.5, 'operating_margin_pct': 41.3}","{'days_to_earnings': 'N/A', 'recommendation': 'buy', 'analyst_upside_pct': 20.9}",23.02,10906350592,Financial Services,Banks - Regional,0.0,0.0,False,26.56,-13.3,4,False,-6.7,27.83,30.0,25.0,21.0,buy,20.9,,,26.64,15.7,reportado,múltiplo propio,4.0,0.42,False,,9.41,2.17,,2.94,30.8,0.68,3.28,True,-6.61,,7,,,,,14.0,14.0,2026-10-15,False,True,True,5,NEUTRAL,,,1.53,18.6,,,,2026-10-01T05:59:28.638561,,"Banks - Regional: el flujo operativo son depósitos, préstamos o primas, no caja libre para el accionista",,,,
JNJ,Johnson & Johnson,67.0,,trimestral,⭐⭐ GOOD,🟡 Good,USD,USD,False,True,True,1.0,,75.0,60.0,54.0,85.0,60.0,60.0,69.6,False,flat,-0.1,True,2,6.6,True,1,"{'eps_growth_yoy': -0.1, 'op_growth_yoy': 6.9, 'crecimiento_respaldado': True, 'positive_quarters': 4, 'earnings_accelerating': True, 'eps_accel_quarters': 2, 'profit_margin_pct': 21.5, 'score_bruto_sin_capar': 75.0, 'satura': False}","{'revenue_growth_yoy': 6.6, 'revenue_accelerating': True, 'rev_accel_quarters': 1}","{'rs_3m': -1.5, 'rs_6m': -7.4, 'rs_line_percentile': 69.6, 'rs_line_at_new_high': False, 'rs_line_trend': 'flat', 'rs_line_score': 60}","{'roe_pct': 25.7, 'debt_to_equity': 0.58, 'current_ratio': 1.09, 'operating_margin_pct': 29.2}","{'days_to_earnings': 'N/A', 'recommendation': 'buy', 'analyst_upside_pct': 5.5}",264.74,637996498944,Healthcare,Drug Manufacturers - General,1.0,3.4,False,281.07,-5.8,6,False,-0.2,279.27,320.0,190.0,22.0,buy,5.5,252.36,-4.7,157.28,-40.6,reportado,múltiplo propio,3.0,0.7,True,2024-12-31,3.51,9.29,,2.0,60.8,5.36,2.75,False,0.87,,9,,25.9,Operating Income,25.9,-0.9,12.0,2026-10-13,False,True,True,4,NEUTRAL,3.84,103.8,1.22,15.9,0.2,0.01,-15.7,2026-10-01T05:54:44.160131,,,,,,
NYT,The New York Times Company,67.0,,trimestral,⭐⭐ GOOD,🟡 Good,USD,USD,False,True,True,0.9952,,90.0,70.0,24.0,75.0,65.0,15.0,5.7,False,down,12.6,True,1,11.2,True,1,"{'eps_growth_yoy': 12.6, 'op_growth_yoy': 11.5, 'crecimiento_respaldado': True, 'positive_quarters': 4, 'earnings_accelerating': True, 'eps_accel_quarters': 1, 'profit_margin_pct': 13.3, 'score_bruto_sin_capar': 90.0, 'satura': False}","{'revenue_growth_yoy': 11.2, 'revenue_accelerating': True, 'rev_accel_quarters': 1}","{'rs_3m': -16.1, 'rs_6m': -42.1, 'rs_line_percentile': 5.7, 'rs_line_at_new_high': False, 'rs_line_trend': 'down', 'rs_line_score': 15}","{'roe_pct': 19.7, 'current_ratio': 1.58, 'operating_margin_pct': 17.1}","{'days_to_earnings': 'N/A', 'recommendation': 'buy', 'analyst_upside_pct': 23.3}",63.7,10273764352,Communication Services,Publishing,8.6,7.1,True,87.1,-26.9,2,False,-6.3,78.56,90.0,63.0,9.0,buy,23.3,89.0,39.7,75.5,18.5,reportado,múltiplo propio,4.0,0.16,False,,6.08,3.87,,1.48,32.1,0.92,0.95,False,-0.79,,9,,420.4,Operating Income,423.0,14.0,34.0,2026-11-04,False,True,False,8,STRONG,4.69,52.6,0.78,43.3,,,,2026-10-01T05:58:35.018284,,,,,,
FAST,Fastenal Company,67.0,,trimestral,⭐⭐ GOOD,🟡 Good,USD,USD,False,True,True,1.0,,80.0,60.0,44.0,95.0,50.0,35.0,49.9,False,up,15.9,False,0,14.7,False,0,"{'eps_growth_yoy': 15.9, 'op_growth_yoy': 15.1, 'crecimiento_respaldado': True, 'positive_quarters': 4, 'earnings_accelerating': False, 'eps_accel_quarters': 0, 'profit_margin_pct': 15.5, 'score_bruto_sin_capar': 80.0, 'satura': False}","{'revenue_growth_yoy': 14.7, 'revenue_accelerating': False, 'rev_accel_quarters': 0}","{'rs_3m': -0.2, 'rs_6m': -9.6, 'rs_line_percentile': 49.9, 'rs_line_at_new_high': False, 'rs_line_trend': 'up', 'rs_line_score': 35}","{'roe_pct': 34.3, 'debt_to_equity': 0.11, 'current_ratio': 4.18, 'operating_margin_pct': 21.0}","{'days_to_earnings': 'N/A', 'recommendation': 'hold', 'analyst_upside_pct': -1.4}",49.53,56835555328,Industrials,Industrial Distribution,3.5,6.0,False,52.92,-6.4,5,False,-0.3,48.84,59.0,39.9,13.0,hold,-1.4,26.9,-45.7,37.61,-24.1,reportado,múltiplo propio,4.0,0.41,False,,2.03,1.01,,1.92,78.6,0.96,2.16,False,0.02,,9,,394.5,Operating Income,395.6,5.8,13.0,2026-10-14,False,True,True,8,STRONG,2.9,39.4,7.02,17.2,1.6,0.09,-15.6,2026-10-01T05:53:44.852874,,,,,,
DOL.TO,Dollarama Inc.,66.8,,trimestral,⭐⭐ GOOD,🟡 Good,CAD,CAD,False,True,True,1.0,,80.0,70.0,44.0,70.0,60.0,35.0,25.4,False,down,8.7,True,1,17.6,True,1,"{'eps_growth_yoy': 8.7, 'op_growth_yoy': 5.0, 'crecimiento_respaldado': True, 'positive_quarters': 4, 'earnings_accelerating': True, 'eps_accel_quarters': 1, 'profit_margin_pct': 17.3, 'score_bruto_sin_capar': 80.0, 'satura': False}","{'revenue_growth_yoy': 17.6, 'revenue_accelerating': True, 'rev_accel_quarters': 1}","{'rs_3m': -4.0, 'rs_6m': -9.4, 'rs_line_percentile': 25.4, 'rs_line_at_new_high': False, 'rs_line_trend': 'down', 'rs_line_score': 35}","{'roe_pct': 93.1, 'debt_to_equity': 4.0, 'current_ratio': 1.55, 'operating_margin_pct': 23.1}","{'days_to_earnings': 'N/A', 'recommendation': 'buy', 'analyst_upside_pct': 12.8}",184.0,49379987456,Consumer Defensive,Discount Stores,,3.8,False,209.96,-12.4,2,False,0.8,207.47,236.0,148.0,17.0,buy,12.8,204.65,11.2,153.51,-16.6,reportado,múltiplo propio,4.0,0.36,False,,3.48,6.4,,0.25,9.1,0.47,0.26,True,-2.42,,9,,7.9,Operating Income,9.1,11.2,70.0,2026-12-10,False,True,False,5,NEUTRAL,3.19,45.6,1.59,27.9,,,,2026-10-01T05:55:38.435992,,,,,,
CNI,Canadian National Railway Company,66.8,,trimestral,⭐⭐ GOOD,🟡 Good,USD,CAD,True,True,True,1.0,"FCF declarado (3,410,000,000) se aparta del derivado de flujo operativo menos capex (1,267,928,852)",85.0,70.0,44.0,60.0,60.0,35.0,49.6,False,down,6.6,True,1,11.3,True,1,"{'eps_growth_yoy': 6.6, 'op_growth_yoy': 8.7, 'crecimiento_respaldado': True, 'positive_quarters': 4, 'earnings_accelerating': True, 'eps_accel_quarters': 1, 'profit_margin_pct': 26.9, 'score_bruto_sin_capar': 85.0, 'satura': False}","{'revenue_growth_yoy': 11.3, 'revenue_accelerating': True, 'rev_accel_quarters': 1}","{'rs_3m': -4.3, 'rs_6m': -0.6, 'rs_line_percentile': 49.6, 'rs_line_at_new_high': False, 'rs_line_trend': 'down', 'rs_line_score': 35}","{'roe_pct': 22.0, 'debt_to_equity': 1.04, 'current_ratio': 0.87, 'operating_margin_pct': 40.3}","{'days_to_earnings': 'N/A', 'recommendation': 'buy', 'analyst_upside_pct': 14.6}",118.9,71827488768,Industrials,Railroads,,4.0,False,131.55,-9.6,6,False,-4.2,136.2,149.3,110.28,13.0,buy,14.6,,,76.66,-35.5,reportado,múltiplo propio,4.0,0.14,False,,1.77,2.1,,2.2,46.3,2.66,2.06,True,-3.26,,9,,7.1,Operating Income,7.8,7.1,29.0,2026-10-30,False,True,False,7,NEUTRAL,6.99,13.3,31.85,18.6,1.6,0.08,-17.0,2026-10-01T05:51:33.630926,,"el capex se lleva el 74% del flujo operativo: lo que queda no es lo que gana el dueño, es lo que sobra tras decidir invertir",,,,
DBOEY,Deutsche Börse AG,66.7,,trimestral,⭐⭐ GOOD,🟡 Good,USD,EUR,True,True,True,1.0,,75.0,50.0,68.3,80.0,60.0,80.0,76.9,False,up,8.4,False,0,7.8,False,0,"{'eps_growth_yoy': 8.4, 'op_growth_yoy': 8.2, 'crecimiento_respaldado': True, 'positive_quarters': 4, 'earnings_accelerating': False, 'eps_accel_quarters': 0, 'profit_margin_pct': 27.3, 'score_bruto_sin_capar': 75.0, 'satura': False}","{'revenue_growth_yoy': 7.8, 'revenue_accelerating': False, 'rev_accel_quarters': 0}","{'rs_3m': 12.0, 'rs_6m': -3.6, 'rs_line_percentile': 76.9, 'rs_line_at_new_high': False, 'rs_line_trend': 'up', 'rs_line_score': 80}","{'roe_pct': 20.4, 'debt_to_equity': 0.58, 'current_ratio': 1.01, 'operating_margin_pct': 41.9}","{'days_to_earnings': 'N/A', 'recommendation': 'strong_buy', 'analyst_upside_pct': 6.0}",32.32,58268971008,Financial Services,Financial Data & Stock Exchanges,,,False,33.91,-4.7,8,True,1.5,34.25,34.25,34.25,1.0,strong_buy,6.0,49.88,54.3,27.69,-14.3,reportado,múltiplo propio,4.0,0.2,False,,5.11,1.65,,1.5,36.0,0.49,1.9,,,,9,,,,,6.9,19.0,2026-10-20,False,True,True,5,NEUTRAL,4.72,65.3,2.04,18.9,,,,2026-10-01T05:51:46.519586,,,,,,
VLTO,Veralto Corporation,66.5,,trimestral,⭐⭐ GOOD,🟡 Good,USD,USD,False,True,True,1.0,,70.0,70.0,44.0,85.0,65.0,35.0,28.6,False,flat,8.6,False,0,7.5,True,2,"{'eps_growth_yoy': 8.6, 'op_growth_yoy': 0.6, 'crecimiento_respaldado': True, 'positive_quarters': 4, 'earnings_accelerating': False, 'eps_accel_quarters': 0, 'profit_margin_pct': 17.3, 'score_bruto_sin_capar': 70.0, 'satura': False}","{'revenue_growth_yoy': 7.5, 'revenue_accelerating': True, 'rev_accel_quarters': 2}","{'rs_3m': -0.6, 'rs_6m': -9.6, 'rs_line_percentile': 28.6, 'rs_line_at_new_high': False, 'rs_line_trend': 'flat', 'rs_line_score': 35}","{'roe_pct': 34.3, 'debt_to_equity': 1.16, 'current_ratio': 1.77, 'operating_margin_pct': 21.4}","{'days_to_earnings': 'N/A', 'recommendation': 'buy', 'analyst_upside_pct': 21.7}",94.32,22994587648,Industrials,Pollution & Treatment Controls,3.1,4.5,False,107.9,-12.6,3,False,-2.1,114.79,136.0,100.0,14.0,buy,21.7,103.81,10.1,105.02,11.3,reportado,múltiplo propio,3.0,0.24,True,,4.52,4.26,,0.54,12.6,0.52,,True,-1.64,,9,,14.1,Operating Income,14.1,10.1,20.0,2026-10-21,False,True,True,6,NEUTRAL,5.22,76.5,6.35,17.3,0.8,0.05,-16.5,2026-10-01T05:50:47.569021,,,,,,
RMD,ResMed Inc.,66.3,,trimestral,⭐⭐ GOOD,🟡 Good,USD,USD,False,True,True,1.0,,75.0,60.0,46.7,90.0,60.0,35.0,26.7,False,up,1.0,False,0,8.6,True,1,"{'eps_growth_yoy': 1.0, 'op_growth_yoy': -1.7, 'crecimiento_respaldado': True, 'positive_quarters': 4, 'earnings_accelerating': False, 'eps_accel_quarters': 0, 'profit_margin_pct': 26.9, 'score_bruto_sin_capar': 75.0, 'satura': False}","{'revenue_growth_yoy': 8.6, 'revenue_accelerating': True, 'rev_accel_quarters': 1}","{'rs_3m': 3.1, 'rs_6m': -17.2, 'rs_line_percentile': 26.7, 'rs_line_at_new_high': False, 'rs_line_trend': 'up', 'rs_line_score': 35}","{'roe_pct': 24.3, 'debt_to_equity': 0.13, 'current_ratio': 3.1, 'operating_margin_pct': 30.9}","{'days_to_earnings': 'N/A', 'recommendation': 'buy', 'analyst_upside_pct': 13.2}",221.1,31894185984,Healthcare,Medical Instruments & Supplies,11.4,10.6,True,284.87,-22.4,1,False,-0.4,250.22,320.0,175.0,17.0,buy,13.2,320.43,44.9,,,reportado,,,,,,5.11,11.3,,1.19,23.0,2.64,0.89,True,-1.4,,9,,,,,1.7,28.0,2026-10-29,False,True,False,7,NEUTRAL,6.11,52.1,6.96,22.2,,,,2026-10-01T05:57:11.813157,,,sin histórico de múltiplo (beneficio negativo o pocos años),,,
BAC,Bank of America Corporation,66.0,,trimestral,⭐⭐ GOOD,🟡 Good,USD,USD,False,True,True,1.0,,95.0,50.0,44.0,65.0,65.0,35.0,28.2,False,down,16.6,True,1,7.2,False,0,"{'eps_growth_yoy': 16.6, 'positive_quarters': 4, 'earnings_accelerating': True, 'eps_accel_quarters': 1, 'profit_margin_pct': 29.5, 'score_bruto_sin_capar': 95.0, 'satura': False}","{'revenue_growth_yoy': 7.2, 'revenue_accelerating': False, 'rev_accel_quarters': 0}","{'rs_3m': -9.5, 'rs_6m': -5.4, 'rs_line_percentile': 28.2, 'rs_line_at_new_high': False, 'rs_line_trend': 'down', 'rs_line_score': 35}","{'roe_pct': 11.2, 'operating_margin_pct': 38.3}","{'days_to_earnings': 'N/A', 'recommendation': 'strong_buy', 'analyst_upside_pct': 26.1}",54.43,380615294976,Financial Services,Banks - Diversified,0.0,0.0,False,65.23,-16.6,4,False,-10.7,68.62,76.0,62.0,21.0,strong_buy,26.1,,,47.49,-12.8,reportado,múltiplo propio,4.0,0.42,False,,3.31,1.8,,2.33,25.9,1.28,2.35,True,-4.67,,7,,,,,34.1,13.0,2026-10-14,False,True,True,5,NEUTRAL,,,1.83,24.3,,,,2026-10-01T05:57:36.405448,,"Banks - Diversified: el flujo operativo son depósitos, préstamos o primas, no caja libre para el accionista",,,,
ICE,"Intercontinental Exchange, Inc.",65.9,,trimestral,⭐⭐ GOOD,🟡 Good,USD,USD,False,True,True,1.0,,85.0,60.0,38.3,75.0,65.0,35.0,39.5,False,up,12.6,False,0,10.7,False,0,"{'eps_growth_yoy': 12.6, 'op_growth_yoy': 7.3, 'crecimiento_respaldado': True, 'positive_quarters': 4, 'earnings_accelerating': False, 'eps_accel_quarters': 0, 'profit_margin_pct': 38.2, 'score_bruto_sin_capar': 85.0, 'satura': False}","{'revenue_growth_yoy': 10.7, 'revenue_accelerating': False, 'rev_accel_quarters': 0}","{'rs_3m': 12.0, 'rs_6m': -20.1, 'rs_line_percentile': 39.5, 'rs_line_at_new_high': False, 'rs_line_trend': 'up', 'rs_line_score': 35}","{'roe_pct': 14.1, 'debt_to_equity': 0.69, 'current_ratio': 1.01, 'operating_margin_pct': 52.6}","{'days_to_earnings': 'N/A', 'recommendation': 'strong_buy', 'analyst_upside_pct': 23.2}",152.03,85348802560,Financial Services,Financial Data & Stock Exchanges,1.3,2.0,False,176.05,-13.6,3,False,-1.7,187.29,232.0,163.0,14.0,strong_buy,23.2,199.18,31.0,213.15,40.2,reportado,múltiplo propio,4.0,0.34,False,,5.53,8.41,,1.37,28.2,2.08,1.25,True,-1.57,,9,,6.9,Operating Income,7.6,14.2,28.0,2026-10-29,False,True,False,8,STRONG,4.77,114.8,0.58,24.0,,,,2026-10-01T05:51:37.762897,,,,,,
FICO,Fair Isaac Corporation,65.8,,trimestral,⭐⭐ GOOD,🟡 Good,USD,USD,False,True,True,1.0,,95.0,70.0,15.0,65.0,70.0,15.0,0.0,False,down,30.5,False,0,25.7,False,0,"{'eps_growth_yoy': 30.5, 'op_growth_yoy': 38.1, 'crecimiento_respaldado': True, 'positive_quarters': 4, 'earnings_accelerating': False, 'eps_accel_quarters': 0, 'profit_margin_pct': 34.1, 'score_bruto_sin_capar': 95.0, 'satura': False}","{'revenue_growth_yoy': 25.7, 'revenue_accelerating': False, 'rev_accel_quarters': 0}","{'rs_3m': -56.0, 'rs_6m': -61.2, 'rs_line_percentile': 0.0, 'rs_line_at_new_high': False, 'rs_line_trend': 'down', 'rs_line_score': 15}","{'current_ratio': 1.18, 'operating_margin_pct': 53.8}","{'days_to_earnings': 'N/A', 'recommendation': 'buy', 'analyst_upside_pct': 112.1}",592.47,12795951104,Technology,Software - Application,10.8,5.5,True,1998.01,-70.3,0,False,-43.6,1256.42,1750.0,696.0,19.0,buy,112.1,845.68,42.7,,,reportado,,,,,,7.52,44.55,,,,,0.09,True,-7.62,,9,,6.7,Operating Income,6.7,28.8,34.0,2026-11-04,False,True,False,7,NEUTRAL,5.16,996.3,0.49,108.8,1.6,0.01,-107.2,2026-10-01T05:51:04.065157,,,múltiplo propio 54x fuera del rango 8-45,,,
PSA,Public Storage,65.7,,trimestral,⭐⭐ GOOD,🟡 Good,USD,USD,False,True,True,1.0,,85.0,70.0,36.0,60.0,65.0,15.0,2.4,False,down,39.5,False,0,2.6,True,2,"{'eps_growth_yoy': 39.5, 'op_growth_yoy': -3.0, 'crecimiento_respaldado': False, 'crecimiento_puntuado': 25.0, 'positive_quarters': 4, 'earnings_accelerating': False, 'eps_accel_quarters': 0, 'profit_margin_pct': 41.6, 'score_bruto_sin_capar': 95.0, 'satura': False}","{'revenue_growth_yoy': 2.6, 'revenue_accelerating': True, 'rev_accel_quarters': 2}","{'rs_3m': -16.0, 'rs_6m': -12.6, 'rs_line_percentile': 2.4, 'rs_line_at_new_high': False, 'rs_line_trend': 'down', 'rs_line_score': 15}","{'roe_pct': 21.9, 'debt_to_equity': 1.1, 'current_ratio': 0.22, 'operating_margin_pct': 45.7}","{'days_to_earnings': 'N/A', 'recommendation': 'buy', 'analyst_upside_pct': 19.0}",282.84,52849299456,Real Estate,REIT - Industrial,4.3,8.0,False,335.55,-15.7,4,False,-8.2,336.5,374.0,285.0,18.0,buy,19.0,229.93,-18.7,202.08,-28.6,normalizado,múltiplo propio,4.0,0.65,False,,5.45,15.41,,4.2,114.5,12.0,3.51,False,0.34,,9,,6.9,Operating Income,7.3,18.0,27.0,2026-10-28,False,True,False,5,NEUTRAL,3.53,1163.1,,19.2,,,,2026-10-01T05:56:16.159408,,,,tasa fiscal efectiva -0.4% — el beneficio del periodo no es representativo,,
CSU.TO,Constellation Software Inc.,65.7,,trimestral,⭐⭐ GOOD,🟡 Good,CAD,USD,True,True,True,1.0,"FCF declarado (2,771,000,000) se aparta del derivado de flujo operativo menos capex (3,986,297,802)",85.0,70.0,42.3,55.0,60.0,15.0,18.7,False,up,389.3,False,0,17.3,True,1,"{'eps_growth_yoy': 389.3, 'op_growth_yoy': 8.9, 'crecimiento_respaldado': False, 'crecimiento_puntuado': 33.9, 'positive_quarters': 4, 'earnings_accelerating': False, 'eps_accel_quarters': 0, 'profit_margin_pct': 7.6, 'score_bruto_sin_capar': 85.0, 'satura': False}","{'revenue_growth_yoy': 17.3, 'revenue_accelerating': True, 'rev_accel_quarters': 1}","{'rs_3m': 1.6, 'rs_6m': 1.6, 'rs_line_percentile': 18.7, 'rs_line_at_new_high': False, 'rs_line_trend': 'up', 'rs_line_score': 15}","{'roe_pct': 23.3, 'debt_to_equity': 1.2, 'current_ratio': 0.9, 'operating_margin_pct': 15.1}","{'days_to_earnings': 'N/A', 'recommendation': 'none', 'analyst_upside_pct': 40.1}",2894.73,61343756288,Technology,Software - Application,,4.7,False,4110.0,-29.6,3,False,-2.5,4054.16,5628.61,3377.41,12.0,none,40.1,,,,,reportado,,,,,,6.5,188.16,,0.19,8.8,5.6,0.18,False,,,9,,8.4,Operating Income,6.2,194.6,36.0,2026-11-06,False,True,False,6,NEUTRAL,3.24,337.8,0.52,34.4,,,,2026-10-01T05:49:44.756728,,,,,,
ECL,Ecolab Inc.,65.5,,trimestral,⭐⭐ GOOD,🟡 Good,USD,USD,False,True,True,1.0,,80.0,60.0,44.0,75.0,65.0,35.0,25.1,False,flat,2.0,True,1,9.7,True,1,"{'eps_growth_yoy': 2.0, 'op_growth_yoy': 9.5, 'crecimiento_respaldado': True, 'positive_quarters': 4, 'earnings_accelerating': True, 'eps_accel_quarters': 1, 'profit_margin_pct': 12.6, 'score_bruto_sin_capar': 80.0, 'satura': False}","{'revenue_growth_yoy': 9.7, 'revenue_accelerating': True, 'rev_accel_quarters': 1}","{'rs_3m': -5.5, 'rs_6m': -14.6, 'rs_line_percentile': 25.1, 'rs_line_at_new_high': False, 'rs_line_trend': 'flat', 'rs_line_score': 35}","{'roe_pct': 22.0, 'debt_to_equity': 1.38, 'current_ratio': 1.84, 'operating_margin_pct': 18.5}","{'days_to_earnings': 'N/A', 'recommendation': 'buy', 'analyst_upside_pct': 18.3}",274.58,76972621824,Basic Materials,Specialty Chemicals,2.1,3.6,False,309.27,-11.2,4,False,-1.2,324.95,360.0,295.0,21.0,buy,18.3,157.07,-42.8,270.02,-1.7,reportado,múltiplo propio,4.0,0.25,False,,2.61,7.17,,1.05,38.1,2.92,1.06,True,-1.12,,9,,9.4,Operating Income,9.1,3.3,26.0,2026-10-27,False,True,False,6,NEUTRAL,3.37,52.9,1.21,15.9,,,,2026-10-01T05:51:21.672800,,,,,,
WTKWY,Wolters Kluwer N.V.,65.5,,anual,⭐⭐ GOOD,🟡 Good,USD,EUR,True,True,True,1.0,,100.0,50.0,42.3,50.0,70.0,15.0,14.0,False,up,21.2,True,2,3.5,False,0,"{'eps_growth_yoy': 21.2, 'op_growth_yoy': 5.4, 'crecimiento_respaldado': True, 'positive_quarters': 4, 'earnings_accelerating': True, 'eps_accel_quarters': 2, 'profit_margin_pct': 21.9, 'score_bruto_sin_capar': 105.0, 'satura': True}","{'revenue_growth_yoy': 3.5, 'revenue_accelerating': False, 'rev_accel_quarters': 0}","{'rs_3m': 15.5, 'rs_6m': -10.1, 'rs_line_percentile': 14.0, 'rs_line_at_new_high': False, 'rs_line_trend': 'up', 'rs_line_score': 15}","{'roe_pct': 146.1, 'debt_to_equity': 5.9, 'current_ratio': 0.69, 'operating_margin_pct': 26.9}","{'days_to_earnings': 'N/A', 'recommendation': 'strong_buy', 'analyst_upside_pct': 41.5}",76.77,17076495360,Industrials,Specialty Business Services,,,False,135.43,-43.3,1,False,-2.4,108.6,108.6,108.6,1.0,strong_buy,41.5,189.37,146.7,186.93,143.5,reportado,múltiplo propio,4.0,0.59,False,,9.43,7.24,,3.87,43.1,2.99,1.89,,,,9,,,,,4.5,,,False,False,False,7,NEUTRAL,7.96,639.0,0.89,38.3,,,,2026-10-01T05:48:19.773579,,,,,,
HRI,Herc Holdings Inc.,65.5,,trimestral,⭐⭐ GOOD,🟡 Good,USD,USD,False,True,True,1.0,"FCF declarado (-128,000,000) se aparta del derivado de flujo operativo menos capex (10,000,000)",68.0,90.0,44.4,45.0,70.0,15.0,21.0,False,down,,True,1,26.3,True,2,"{'positive_quarters': 3, 'earnings_accelerating': True, 'eps_accel_quarters': 1, 'profit_margin_pct': 1.0, 'score_bruto_sin_capar': 68.0, 'satura': False}","{'revenue_growth_yoy': 26.3, 'revenue_accelerating': True, 'rev_accel_quarters': 2}","{'rs_3m': -9.7, 'rs_6m': 17.1, 'rs_line_percentile': 21.0, 'rs_line_at_new_high': False, 'rs_line_trend': 'down', 'rs_line_score': 15}","{'roe_pct': 2.6, 'debt_to_equity': 5.06, 'current_ratio': 1.1, 'operating_margin_pct': 12.2}","{'days_to_earnings': 'N/A', 'recommendation': 'buy', 'analyst_upside_pct': 51.5}",124.8,4172244224,Industrials,Rental & Leasing Services,9.8,5.0,True,188.35,-33.7,3,False,-17.4,189.08,240.0,135.0,12.0,buy,51.5,,,,,reportado,,,,,,0.24,0.3,,2.2,164.7,2.8,,False,,,9,,1.2,Operating Income,1.1,,26.0,2026-10-27,False,True,False,3,NEUTRAL,4.54,7.3,,49.4,6.3,0.13,-43.1,2026-10-01T05:59:24.323374,,"el capex se lleva el 99% del flujo operativo: lo que queda no es lo que gana el dueño, es lo que sobra tras decidir invertir",los P/E históricos se separan 251.6x la mediana: el ancla la decidiría un año suelto,,,
BRO,"Brown & Brown, Inc.",65.5,,trimestral,⭐⭐ GOOD,🟡 Good,USD,USD,False,True,True,1.0,,80.0,80.0,24.0,75.0,55.0,15.0,8.9,False,down,24.7,False,0,32.4,False,0,"{'eps_growth_yoy': 24.7, 'op_growth_yoy': 23.7, 'crecimiento_respaldado': True, 'positive_quarters': 4, 'earnings_accelerating': False, 'eps_accel_quarters': 0, 'profit_margin_pct': 18.1, 'score_bruto_sin_capar': 80.0, 'satura': False}","{'revenue_growth_yoy': 32.4, 'revenue_accelerating': False, 'rev_accel_quarters': 0}","{'rs_3m': -15.4, 'rs_6m': -21.9, 'rs_line_percentile': 8.9, 'rs_line_at_new_high': False, 'rs_line_trend': 'down', 'rs_line_score': 15}","{'roe_pct': 10.0, 'debt_to_equity': 0.64, 'current_ratio': 1.13, 'operating_margin_pct': 41.8}","{'days_to_earnings': 'N/A', 'recommendation': 'hold', 'analyst_upside_pct': 24.9}",60.9,20377772032,Financial Services,Insurance Brokers,5.4,8.2,False,96.55,-36.9,1,False,-11.5,76.06,90.0,60.0,16.0,hold,24.9,,,73.21,20.2,reportado,múltiplo propio,4.0,0.27,False,,7.13,4.34,,1.09,20.6,0.66,0.65,False,13.99,,9,,4.0,Operating Income,4.7,2.8,25.0,2026-10-26,False,True,False,4,NEUTRAL,5.45,157.1,1.07,25.8,,,,2026-10-01T05:52:07.522692,,"Insurance Brokers: el flujo operativo son depósitos, préstamos o primas, no caja libre para el accionista",,,,
ATLKY,Atlas Copco AB (publ),65.3,,trimestral,⭐⭐ GOOD,🟡 Good,USD,SEK,True,True,False,0.6801,"acciones × precio no cuadra con la capitalización (ratio 0.6801) y los estados van en SEK mientras cotiza en USD — puede ser un ADR. Los ratios por acción (EPS, FCF/acción, DCF) no son utilizables",80.0,60.0,44.0,80.0,55.0,35.0,40.8,False,down,7.0,True,1,5.3,True,1,"{'eps_growth_yoy': 7.0, 'op_growth_yoy': 7.5, 'crecimiento_respaldado': True, 'positive_quarters': 4, 'earnings_accelerating': True, 'eps_accel_quarters': 1, 'profit_margin_pct': 15.7, 'score_bruto_sin_capar': 80.0, 'satura': False}","{'revenue_growth_yoy': 5.3, 'revenue_accelerating': True, 'rev_accel_quarters': 1}","{'rs_3m': -0.0, 'rs_6m': -0.7, 'rs_line_percentile': 40.8, 'rs_line_at_new_high': False, 'rs_line_trend': 'down', 'rs_line_score': 35}","{'roe_pct': 25.7, 'debt_to_equity': 0.34, 'current_ratio': 1.27}","{'days_to_earnings': 'N/A', 'recommendation': 'none', 'analyst_upside_pct': 26.4}",20.57,100353228800,Industrials,Specialty Industrial Machinery,,,False,22.42,-8.3,6,False,-2.8,26.0,26.0,26.0,1.0,none,26.4,,,,,reportado,,,,,,26.29,5.41,,2.66,73.8,0.56,1.61,False,,,9,,117.7,Operating Income,117.4,4.0,,,False,False,False,6,NEUTRAL,,54.0,6.43,35.7,,,,2026-10-01T05:54:06.197119,,,,,"acciones × precio no cuadra con la capitalización (ratio 0.6801) y los estados van en SEK mientras cotiza en USD — puede ser un ADR. Los ratios por acción (EPS, FCF/acción, DCF) no son utilizables",
TW,Tradeweb Markets Inc.,65.0,,trimestral,⭐⭐ GOOD,🟡 Good,USD,USD,False,True,True,0.5322,acciones × precio no cuadra (ratio 0.5322) pero la divisa sí: son clases múltiples. Se usan 218 M de acciones efectivas (capitalización ÷ precio) en vez de las 116 M declaradas,95.0,50.0,24.0,85.0,65.0,15.0,11.3,False,flat,17.9,True,1,9.0,False,0,"{'eps_growth_yoy': 17.9, 'op_growth_yoy': 22.7, 'crecimiento_respaldado': True, 'positive_quarters': 4, 'earnings_accelerating': True, 'eps_accel_quarters': 1, 'profit_margin_pct': 40.7, 'score_bruto_sin_capar': 95.0, 'satura': False}","{'revenue_growth_yoy': 9.0, 'revenue_accelerating': False, 'rev_accel_quarters': 0}","{'rs_3m': -4.4, 'rs_6m': -31.7, 'rs_line_percentile': 11.3, 'rs_line_at_new_high': False, 'rs_line_trend': 'flat', 'rs_line_score': 15}","{'roe_pct': 14.5, 'debt_to_equity': 0.02, 'current_ratio': 6.79, 'operating_margin_pct': 43.8}","{'days_to_earnings': 'N/A', 'recommendation': 'buy', 'analyst_upside_pct': 22.6}",100.84,21985742848,Financial Services,Capital Markets,3.0,2.9,False,127.69,-21.0,2,False,-2.5,123.64,178.0,98.0,14.0,buy,22.6,,,,,reportado,,,,,,4.42,4.46,11.2,0.56,12.4,0.56,0.41,True,-1.01,,9,,474.0,Operating Income,633.6,13.8,28.0,2026-10-29,False,True,False,8,STRONG,4.21,41.0,0.73,28.0,,,,2026-10-01T05:50:35.425405,218026010.0,"Capital Markets: el flujo operativo son depósitos, préstamos o primas, no caja libre para el accionista",múltiplo propio 48x fuera del rango 8-45,,,
CLPBY,Coloplast A/S,64.8,,trimestral,⭐⭐ GOOD,🟡 Good,USD,DKK,True,True,False,0.9201,"acciones × precio no cuadra con la capitalización (ratio 0.9201) y los estados van en DKK mientras cotiza en USD — puede ser un ADR. Los ratios por acción (EPS, FCF/acción, DCF) no son utilizables | FCF declarado (5,463,000,000) se aparta del derivado de flujo operativo menos capex (-183,823,886)",85.0,60.0,26.7,80.0,70.0,15.0,9.6,False,flat,60.3,True,1,6.1,True,1,"{'eps_growth_yoy': 60.3, 'op_growth_yoy': 2.0, 'crecimiento_respaldado': False, 'crecimiento_puntuado': 27.0, 'positive_quarters': 3, 'earnings_accelerating': True, 'eps_accel_quarters': 1, 'profit_margin_pct': 9.7, 'score_bruto_sin_capar': 88.0, 'satura': False}","{'revenue_growth_yoy': 6.1, 'revenue_accelerating': True, 'rev_accel_quarters': 1}","{'rs_3m': 2.0, 'rs_6m': -24.5, 'rs_line_percentile': 9.6, 'rs_line_at_new_high': False, 'rs_line_trend': 'flat', 'rs_line_score': 15}","{'roe_pct': 18.5, 'debt_to_equity': 1.78, 'current_ratio': 1.56, 'operating_margin_pct': 26.2}","{'days_to_earnings': 'N/A', 'recommendation': 'buy', 'analyst_upside_pct': 31.8}",6.32,14243266560,Healthcare,Medical Instruments & Supplies,,,False,9.7,-34.8,0,False,-6.0,8.33,12.2,6.7,4.0,buy,31.8,,,,,reportado,,,,,,-1.29,-0.08,,5.61,187.0,0.36,2.91,False,,,9,,7.2,Operating Income,4.6,32.7,,,False,False,False,7,NEUTRAL,19.58,107.0,0.52,21.4,,,,2026-10-01T05:51:17.151969,,"el capex se lleva el 116% del flujo operativo: lo que queda no es lo que gana el dueño, es lo que sobra tras decidir invertir",,,"acciones × precio no cuadra con la capitalización (ratio 0.9201) y los estados van en DKK mientras cotiza en USD — puede ser un ADR. Los ratios por acción (EPS, FCF/acción, DCF) no son utilizables; FCF declarado (5,463,000,000) se aparta del derivado de flujo operativo menos capex (-183,823,886)",
FCNCA,"First Citizens BancShares, Inc.",64.5,,trimestral,⭐⭐ GOOD,🟡 Good,USD,USD,False,True,True,0.911,acciones × precio no cuadra (ratio 0.9110) pero la divisa sí: son clases múltiples. Se usan 11 M de acciones efectivas (capitalización ÷ precio) en vez de las 10 M declaradas,95.0,50.0,44.0,65.0,50.0,35.0,28.6,False,down,16.9,True,1,2.5,False,0,"{'eps_growth_yoy': 16.9, 'positive_quarters': 4, 'earnings_accelerating': True, 'eps_accel_quarters': 1, 'profit_margin_pct': 25.2, 'score_bruto_sin_capar': 95.0, 'satura': False}","{'revenue_growth_yoy': 2.5, 'revenue_accelerating': False, 'rev_accel_quarters': 0}","{'rs_3m': -3.7, 'rs_6m': -8.0, 'rs_line_percentile': 28.6, 'rs_line_at_new_high': False, 'rs_line_trend': 'down', 'rs_line_score': 35}","{'roe_pct': 10.7, 'operating_margin_pct': 39.0}","{'days_to_earnings': 'N/A', 'recommendation': 'hold', 'analyst_upside_pct': 13.6}",2060.2,23266084864,Financial Services,Banks - Regional,5.3,8.0,False,2296.3,-10.3,4,False,-4.9,2339.38,2525.0,2100.0,13.0,hold,13.6,,,1997.89,-3.0,reportado,múltiplo propio,4.0,1.01,True,,6.96,143.39,,0.41,4.4,8.4,0.31,True,-12.85,,7,,,,,12.4,22.0,2026-10-23,False,True,False,5,NEUTRAL,,,0.35,22.1,0.8,0.04,-21.3,2026-10-01T05:59:32.724084,11293120.0,"Banks - Regional: el flujo operativo son depósitos, préstamos o primas, no caja libre para el accionista",,,,
UBER,"Uber Technologies, Inc.",64.5,,trimestral,⭐⭐ GOOD,🟡 Good,USD,USD,False,True,True,1.0,,85.0,70.0,24.0,65.0,70.0,15.0,1.7,False,down,76.7,True,2,12.2,True,1,"{'eps_growth_yoy': 76.7, 'op_growth_yoy': 30.3, 'crecimiento_respaldado': False, 'crecimiento_puntuado': 55.3, 'positive_quarters': 4, 'earnings_accelerating': True, 'eps_accel_quarters': 2, 'profit_margin_pct': 17.3, 'score_bruto_sin_capar': 120.0, 'satura': True}","{'revenue_growth_yoy': 12.2, 'revenue_accelerating': True, 'rev_accel_quarters': 1}","{'rs_3m': -10.6, 'rs_6m': -21.4, 'rs_line_percentile': 1.7, 'rs_line_at_new_high': False, 'rs_line_trend': 'down', 'rs_line_score': 15}","{'roe_pct': 37.2, 'debt_to_equity': 0.52, 'current_ratio': 0.84, 'operating_margin_pct': 13.3}","{'days_to_earnings': 'N/A', 'recommendation': 'buy', 'analyst_upside_pct': 47.1}",68.51,139935793152,Technology,Software - Application,2.3,2.6,False,101.295,-32.4,0,False,-6.3,100.77,150.0,70.0,47.0,buy,47.1,109.46,59.8,,,normalizado,,,,,,7.21,4.94,,,,,,True,-3.55,,9,,14.5,Operating Income,15.5,85.5,33.0,2026-11-03,False,True,False,6,NEUTRAL,3.7,118.8,0.52,22.9,0.8,0.03,-22.1,2026-10-01T05:58:56.479335,,,los P/E históricos se separan 3.2x la mediana: el ancla la decidiría un año suelto,tasa fiscal efectiva -45.7% — el beneficio del periodo no es representativo,,
SPGI,S&P Global Inc.,64.5,,trimestral,⭐⭐ GOOD,🟡 Good,USD,USD,False,True,True,1.0,,85.0,60.0,36.0,65.0,70.0,15.0,3.4,False,down,13.5,False,0,10.4,False,0,"{'eps_growth_yoy': 13.5, 'op_growth_yoy': 17.2, 'crecimiento_respaldado': True, 'positive_quarters': 4, 'earnings_accelerating': False, 'eps_accel_quarters': 0, 'profit_margin_pct': 30.5, 'score_bruto_sin_capar': 85.0, 'satura': False}","{'revenue_growth_yoy': 10.4, 'revenue_accelerating': False, 'rev_accel_quarters': 0}","{'rs_3m': -12.8, 'rs_6m': -18.5, 'rs_line_percentile': 3.4, 'rs_line_at_new_high': False, 'rs_line_trend': 'down', 'rs_line_score': 15}","{'roe_pct': 14.3, 'debt_to_equity': 0.43, 'current_ratio': 0.95, 'operating_margin_pct': 44.8}","{'days_to_earnings': 'N/A', 'recommendation': 'strong_buy', 'analyst_upside_pct': 31.9}",394.47,116289757184,Financial Services,Financial Data & Stock Exchanges,2.2,3.5,False,522.46924,-24.5,1,False,-5.7,520.3,553.0,485.0,20.0,strong_buy,31.9,379.07,-3.9,550.51,39.6,reportado,múltiplo propio,3.0,0.22,True,2023-12-31,4.42,17.44,7.1,0.99,23.5,3.88,0.82,True,-3.46,,9,,21.2,Operating Income,22.7,17.7,26.0,2026-10-27,False,True,False,7,NEUTRAL,4.64,893.9,1.52,26.7,0.2,0.01,-26.5,2026-10-01T05:49:02.630669,,,,,,
ITW,Illinois Tool Works Inc.,64.5,,trimestral,⭐⭐ GOOD,🟡 Good,USD,USD,False,True,True,1.0,,90.0,60.0,36.0,65.0,55.0,15.0,13.9,False,down,7.9,True,2,6.1,True,1,"{'eps_growth_yoy': 7.9, 'op_growth_yoy': 7.4, 'crecimiento_respaldado': True, 'positive_quarters': 4, 'earnings_accelerating': True, 'eps_accel_quarters': 2, 'profit_margin_pct': 19.4, 'score_bruto_sin_capar': 90.0, 'satura': False}","{'revenue_growth_yoy': 6.1, 'revenue_accelerating': True, 'rev_accel_quarters': 1}","{'rs_3m': -7.7, 'rs_6m': -17.0, 'rs_line_percentile': 13.9, 'rs_line_at_new_high': False, 'rs_line_trend': 'down', 'rs_line_score': 15}","{'roe_pct': 104.6, 'debt_to_equity': 3.35, 'current_ratio': 1.11, 'operating_margin_pct': 26.9}","{'days_to_earnings': 'N/A', 'recommendation': 'hold', 'analyst_upside_pct': 16.9}",257.28,73273344000,Industrials,Specialty Industrial Machinery,3.1,8.2,False,303.16,-15.1,4,False,-7.3,300.64,350.0,249.0,14.0,hold,16.9,185.47,-27.9,232.63,-9.6,reportado,múltiplo propio,4.0,0.21,False,,3.97,10.21,,2.58,58.3,6.88,2.26,True,-2.01,,9,,14.5,Operating Income,14.6,4.0,22.0,2026-10-23,False,True,False,5,NEUTRAL,5.13,117.2,8.61,19.0,1.6,0.08,-17.4,2026-10-01T05:52:53.922089,,,,,,
ISRG,"Intuitive Surgical, Inc.",64.5,,trimestral,⭐⭐ GOOD,🟡 Good,USD,USD,False,True,True,1.0,,85.0,70.0,24.0,75.0,55.0,15.0,19.8,False,up,24.3,False,0,18.5,True,1,"{'eps_growth_yoy': 24.3, 'op_growth_yoy': 30.7, 'crecimiento_respaldado': True, 'positive_quarters': 4, 'earnings_accelerating': False, 'eps_accel_quarters': 0, 'profit_margin_pct': 28.4, 'score_bruto_sin_capar': 85.0, 'satura': False}","{'revenue_growth_yoy': 18.5, 'revenue_accelerating': True, 'rev_accel_quarters': 1}","{'rs_3m': -7.2, 'rs_6m': -29.4, 'rs_line_percentile': 19.8, 'rs_line_at_new_high': False, 'rs_line_trend': 'up', 'rs_line_score': 15}","{'roe_pct': 17.4, 'current_ratio': 4.96, 'operating_margin_pct': 33.6}","{'days_to_earnings': 'N/A', 'recommendation': 'none', 'analyst_upside_pct': 17.1}",406.63,145686609920,Healthcare,Medical Instruments & Supplies,2.3,3.6,False,603.88,-32.7,1,False,7.7,476.34,685.0,324.0,29.0,none,17.1,158.95,-60.9,,,reportado,,,,,,2.17,8.82,,,,,,True,-1.87,,6,solo 6 de los 9 criterios son calculables con los estados de esta empresa,,,,13.2,19.0,2026-10-20,False,True,True,4,,2.13,22.5,1.27,28.2,0.4,0.01,-27.8,2026-10-01T05:55:04.995382,,,sin histórico de múltiplo (beneficio negativo o pocos años),,,
GWW,"W.W. Grainger, Inc.",64.0,,trimestral,⭐⭐ GOOD,🟡 Good,USD,USD,False,True,True,1.0,,75.0,60.0,44.0,85.0,50.0,35.0,48.8,False,down,18.3,False,0,10.3,False,0,"{'eps_growth_yoy': 18.3, 'op_growth_yoy': 19.0, 'crecimiento_respaldado': True, 'positive_quarters': 4, 'earnings_accelerating': False, 'eps_accel_quarters': 0, 'profit_margin_pct': 9.9, 'score_bruto_sin_capar': 75.0, 'satura': False}","{'revenue_growth_yoy': 10.3, 'revenue_accelerating': False, 'rev_accel_quarters': 0}","{'rs_3m': -9.7, 'rs_6m': -4.1, 'rs_line_percentile': 48.8, 'rs_line_at_new_high': False, 'rs_line_trend': 'down', 'rs_line_score': 35}","{'roe_pct': 46.1, 'debt_to_equity': 0.62, 'current_ratio': 2.81, 'operating_margin_pct': 16.1}","{'days_to_earnings': 'N/A', 'recommendation': 'hold', 'analyst_upside_pct': 6.9}",1245.76,58816217088,Industrials,Industrial Distribution,2.6,4.7,False,1419.91,-12.3,6,False,-4.5,1331.64,1500.0,1100.0,14.0,hold,6.9,586.58,-52.9,957.67,-23.1,reportado,múltiplo propio,4.0,0.43,False,,2.37,29.52,6.5,0.8,23.6,9.96,1.0,True,-1.87,,9,,33.9,Operating Income,34.1,8.2,34.0,2026-11-04,False,True,False,6,NEUTRAL,4.07,40.5,4.45,19.2,0.4,0.02,-18.8,2026-10-01T05:54:56.663796,,,,,,
AWK,"American Water Works Company, Inc.",64.0,,trimestral,⭐⭐ GOOD,🟡 Good,USD,USD,False,True,True,1.0,"FCF declarado (-1,223,000,000) se aparta del derivado de flujo operativo menos capex (-966,999,872)",95.0,70.0,24.0,55.0,50.0,15.0,17.7,False,down,9.0,True,2,6.2,True,2,"{'eps_growth_yoy': 9.0, 'op_growth_yoy': 10.8, 'crecimiento_respaldado': True, 'positive_quarters': 4, 'earnings_accelerating': True, 'eps_accel_quarters': 2, 'profit_margin_pct': 21.3, 'score_bruto_sin_capar': 95.0, 'satura': False}","{'revenue_growth_yoy': 6.2, 'revenue_accelerating': True, 'rev_accel_quarters': 2}","{'rs_3m': -7.4, 'rs_6m': -21.0, 'rs_line_percentile': 17.7, 'rs_line_at_new_high': False, 'rs_line_trend': 'down', 'rs_line_score': 15}","{'roe_pct': 10.1, 'debt_to_equity': 1.38, 'current_ratio': 0.52, 'operating_margin_pct': 40.7}","{'days_to_earnings': 'N/A', 'recommendation': 'hold', 'analyst_upside_pct': 9.3}",129.47,25729443840,Utilities,Utilities - Regulated Water,8.5,6.6,True,145.64,-11.1,4,False,-4.6,141.45,162.0,128.0,11.0,hold,9.3,,,137.28,6.0,reportado,múltiplo propio,4.0,0.37,False,,-3.76,-4.87,,2.76,58.5,3.58,2.04,False,,,9,,3.0,Operating Income,3.2,3.4,27.0,2026-10-28,False,True,False,8,STRONG,4.52,6.1,2.42,13.8,0.8,0.06,-13.0,2026-10-01T05:54:18.543556,,"el capex se lleva el 141% del flujo operativo: lo que queda no es lo que gana el dueño, es lo que sobra tras decidir invertir",,,,
FERG,Ferguson Enterprises Inc.,64.0,,trimestral,⭐⭐ GOOD,🟡 Good,USD,USD,False,True,True,1.0,,85.0,70.0,24.0,65.0,65.0,15.0,11.7,False,down,62.4,True,1,14.8,True,1,"{'eps_growth_yoy': 62.4, 'op_growth_yoy': 32.4, 'crecimiento_respaldado': False, 'crecimiento_puntuado': 57.4, 'positive_quarters': 4, 'earnings_accelerating': True, 'eps_accel_quarters': 1, 'profit_margin_pct': 6.3, 'score_bruto_sin_capar': 105.0, 'satura': True}","{'revenue_growth_yoy': 14.8, 'revenue_accelerating': True, 'rev_accel_quarters': 1}","{'rs_3m': -5.6, 'rs_6m': -23.1, 'rs_line_percentile': 11.7, 'rs_line_at_new_high': False, 'rs_line_trend': 'down', 'rs_line_score': 15}","{'debt_to_equity': 1.11, 'current_ratio': 1.73, 'operating_margin_pct': 10.2}","{'days_to_earnings': 'N/A', 'recommendation': 'buy', 'analyst_upside_pct': 29.1}",222.62,43066441728,Industrials,Industrial Distribution,3.4,4.4,False,271.64,-18.0,1,False,-4.0,287.48,325.0,235.0,21.0,buy,29.1,121.58,-45.4,237.78,6.8,reportado,múltiplo propio,3.0,0.36,True,,3.13,6.97,,1.59,33.3,3.56,1.82,True,-1.67,,4,solo 4 de los 9 criterios son calculables con los estados de esta empresa,16.6,Operating Income,16.5,6.9,39.0,2026-11-09,False,True,False,3,,,,2.57,23.2,,,,2026-10-01T05:56:07.465697,,,,,,
ADP,"Automatic Data Processing, Inc.",63.8,,trimestral,⭐⭐ GOOD,🟡 Good,USD,USD,False,True,True,1.0,,75.0,50.0,55.1,85.0,50.0,35.0,41.7,False,up,7.5,False,0,6.8,False,0,"{'eps_growth_yoy': 7.5, 'op_growth_yoy': 4.3, 'crecimiento_respaldado': True, 'positive_quarters': 4, 'earnings_accelerating': False, 'eps_accel_quarters': 0, 'profit_margin_pct': 20.1, 'score_bruto_sin_capar': 75.0, 'satura': False}","{'revenue_growth_yoy': 6.8, 'revenue_accelerating': False, 'rev_accel_quarters': 0}","{'rs_3m': 4.5, 'rs_6m': 13.0, 'rs_line_percentile': 41.7, 'rs_line_at_new_high': False, 'rs_line_trend': 'up', 'rs_line_score': 35}","{'roe_pct': 72.2, 'debt_to_equity': 0.91, 'current_ratio': 1.05, 'operating_margin_pct': 23.5}","{'days_to_earnings': 'N/A', 'recommendation': 'hold', 'analyst_upside_pct': 11.4}",258.06,102256672768,Technology,Software - Application,3.0,5.1,False,293.64,-12.1,5,False,-4.2,287.6,322.0,223.0,15.0,hold,11.4,296.74,15.0,267.99,3.8,reportado,múltiplo propio,3.0,0.2,True,,4.67,12.05,,2.6,60.7,6.8,2.04,True,-1.96,,9,,12.6,Operating Income,13.5,3.9,27.0,2026-10-28,False,True,False,6,NEUTRAL,5.57,162.1,1.97,21.4,0.8,0.04,-20.6,2026-10-01T05:48:49.075247,,,,,,
ETN,Eaton Corporation plc,63.6,,trimestral,⭐⭐ GOOD,🟡 Good,USD,USD,False,True,True,1.0,,50.0,80.0,60.3,70.0,60.0,60.0,71.7,False,up,-10.2,False,0,16.8,True,2,"{'eps_growth_yoy': -10.2, 'op_growth_yoy': -2.4, 'crecimiento_respaldado': True, 'positive_quarters': 4, 'earnings_accelerating': False, 'eps_accel_quarters': 0, 'profit_margin_pct': 12.8, 'score_bruto_sin_capar': 50.0, 'satura': False}","{'revenue_growth_yoy': 16.8, 'revenue_accelerating': True, 'rev_accel_quarters': 2}","{'rs_3m': 5.4, 'rs_6m': 1.2, 'rs_line_percentile': 71.7, 'rs_line_at_new_high': False, 'rs_line_trend': 'up', 'rs_line_score': 60}","{'roe_pct': 19.7, 'debt_to_equity': 1.05, 'current_ratio': 1.24, 'operating_margin_pct': 16.6}","{'days_to_earnings': 'N/A', 'recommendation': 'strong_buy', 'analyst_upside_pct': 12.2}",429.71,166856392704,Industrials,Specialty Industrial Machinery,2.0,4.2,False,478.0,-10.1,8,True,2.2,482.2,534.0,333.0,26.0,strong_buy,12.2,204.15,-52.5,288.91,-32.8,reportado,múltiplo propio,4.0,0.34,False,,2.42,10.4,,1.02,43.6,4.4,1.51,False,-0.49,,9,,16.5,Operating Income,16.5,-15.9,33.0,2026-11-03,False,True,False,7,NEUTRAL,2.78,64.6,1.37,42.6,,,,2026-10-01T05:53:10.607902,,,,,,
BSX,Boston Scientific Corporation,63.5,,trimestral,⭐⭐ GOOD,🟡 Good,USD,USD,False,True,True,1.0,,85.0,60.0,24.0,75.0,70.0,15.0,0.8,False,flat,99.0,True,1,11.6,False,0,"{'eps_growth_yoy': 99.0, 'op_growth_yoy': 14.4, 'crecimiento_respaldado': False, 'crecimiento_puntuado': 39.4, 'positive_quarters': 4, 'earnings_accelerating': True, 'eps_accel_quarters': 1, 'profit_margin_pct': 17.5, 'score_bruto_sin_capar': 100.0, 'satura': False}","{'revenue_growth_yoy': 11.6, 'revenue_accelerating': False, 'rev_accel_quarters': 0}","{'rs_3m': -6.0, 'rs_6m': -46.6, 'rs_line_percentile': 0.8, 'rs_line_at_new_high': False, 'rs_line_trend': 'flat', 'rs_line_score': 15}","{'roe_pct': 15.3, 'debt_to_equity': 0.5, 'current_ratio': 1.24, 'operating_margin_pct': 22.9}","{'days_to_earnings': 'N/A', 'recommendation': 'buy', 'analyst_upside_pct': 39.7}",43.65,63258873856,Healthcare,Medical Devices,3.2,2.3,False,105.65,-58.7,0,False,-6.9,61.0,94.0,44.0,29.0,buy,39.7,78.51,79.9,,,normalizado,,,,,,5.37,2.34,,,,,,False,,,9,,11.5,Operating Income,11.5,15.1,27.0,2026-10-28,False,True,False,8,STRONG,5.25,53.7,0.43,36.1,,,,2026-10-01T05:55:09.315144,,,múltiplo propio 62x fuera del rango 8-45,tasa fiscal efectiva 4.9% — el beneficio del periodo no es representativo,,
NOW,"ServiceNow, Inc.",63.3,,trimestral,⭐⭐ GOOD,🟡 Good,USD,USD,False,True,True,1.0,,50.0,90.0,61.4,50.0,60.0,35.0,34.9,False,up,-22.6,False,0,24.0,True,2,"{'eps_growth_yoy': -22.6, 'op_growth_yoy': -54.7, 'crecimiento_respaldado': True, 'positive_quarters': 4, 'earnings_accelerating': False, 'eps_accel_quarters': 0, 'profit_margin_pct': 11.3, 'score_bruto_sin_capar': 50.0, 'satura': False}","{'revenue_growth_yoy': 24.0, 'revenue_accelerating': True, 'rev_accel_quarters': 2}","{'rs_3m': 23.4, 'rs_6m': 11.8, 'rs_line_percentile': 34.9, 'rs_line_at_new_high': False, 'rs_line_trend': 'up', 'rs_line_score': 35}","{'roe_pct': 14.2, 'debt_to_equity': 0.68, 'current_ratio': 0.7, 'operating_margin_pct': 4.1}","{'days_to_earnings': 'N/A', 'recommendation': 'strong_buy', 'analyst_upside_pct': 8.2}",134.01,138547838976,Technology,Software - Application,2.8,1.7,False,192.966,-30.6,4,False,5.1,144.99,248.0,72.0,46.0,strong_buy,8.2,109.79,-18.1,,,reportado,,,,,,3.17,4.25,,,,,,True,-1.05,,9,,20.2,Operating Income,29.3,-21.9,27.0,2026-10-28,False,True,False,4,NEUTRAL,1.28,58.4,0.89,51.4,,,,2026-10-01T05:52:27.868401,,,los P/E históricos se separan 1.7x la mediana: el ancla la decidiría un año suelto,,,
ORLY,"O'Reilly Automotive, Inc.",63.3,,trimestral,⭐⭐ GOOD,🟡 Good,USD,USD,False,True,True,1.0,,90.0,70.0,24.0,50.0,65.0,15.0,9.2,False,down,7.0,True,2,8.1,True,2,"{'eps_growth_yoy': 7.0, 'op_growth_yoy': 7.8, 'crecimiento_respaldado': True, 'positive_quarters': 4, 'earnings_accelerating': True, 'eps_accel_quarters': 2, 'profit_margin_pct': 14.3, 'score_bruto_sin_capar': 90.0, 'satura': False}","{'revenue_growth_yoy': 8.1, 'revenue_accelerating': True, 'rev_accel_quarters': 2}","{'rs_3m': -8.0, 'rs_6m': -24.2, 'rs_line_percentile': 9.2, 'rs_line_at_new_high': False, 'rs_line_trend': 'down', 'rs_line_score': 15}","{'current_ratio': 0.75, 'operating_margin_pct': 20.2}","{'days_to_earnings': 'N/A', 'recommendation': 'buy', 'analyst_upside_pct': 25.7}",85.41,69093343232,Consumer Cyclical,Auto Parts,3.2,5.0,False,105.39,-19.0,1,False,-3.4,107.35,120.0,91.0,26.0,buy,25.7,73.95,-13.4,85.14,-0.3,reportado,múltiplo propio,4.0,0.22,False,,3.07,2.62,,,,,,True,-3.44,,9,,14.4,Operating Income,14.4,10.3,27.0,2026-10-28,False,True,False,7,NEUTRAL,4.41,40.0,2.35,22.4,,,,2026-10-01T05:52:15.504712,,,,,,
ROL,"Rollins, Inc.",63.2,,trimestral,⭐⭐ GOOD,🟡 Good,USD,USD,False,True,True,1.0,,90.0,70.0,15.0,65.0,60.0,15.0,1.0,False,down,1.7,True,2,7.9,True,2,"{'eps_growth_yoy': 1.7, 'op_growth_yoy': 1.5, 'crecimiento_respaldado': True, 'positive_quarters': 4, 'earnings_accelerating': True, 'eps_accel_quarters': 2, 'profit_margin_pct': 13.6, 'score_bruto_sin_capar': 90.0, 'satura': False}","{'revenue_growth_yoy': 7.9, 'revenue_accelerating': True, 'rev_accel_quarters': 2}","{'rs_3m': -32.9, 'rs_6m': -60.2, 'rs_line_percentile': 1.0, 'rs_line_at_new_high': False, 'rs_line_trend': 'down', 'rs_line_score': 15}","{'roe_pct': 37.0, 'debt_to_equity': 0.78, 'current_ratio': 0.63, 'operating_margin_pct': 18.8}","{'days_to_earnings': 'N/A', 'recommendation': 'hold', 'analyst_upside_pct': 42.2}",30.12,14492099584,Consumer Cyclical,Personal Services,6.2,4.0,False,66.14,-54.5,0,False,-15.6,42.82,66.0,27.0,17.0,hold,42.2,39.01,29.5,,,reportado,,,,,,4.27,1.29,,2.39,64.9,0.73,1.15,False,-0.68,,9,,21.8,Operating Income,21.8,1.2,27.0,2026-10-28,False,True,False,6,NEUTRAL,4.68,131.8,1.76,30.7,,,,2026-10-01T05:48:53.607565,,,múltiplo propio 47x fuera del rango 8-45,,,
BR,"Broadridge Financial Solutions, Inc.",63.2,,trimestral,⭐⭐ GOOD,🟡 Good,USD,USD,False,True,True,1.0,,80.0,50.0,38.7,80.0,70.0,15.0,17.1,False,up,6.4,True,1,7.5,False,0,"{'eps_growth_yoy': 6.4, 'op_growth_yoy': 9.5, 'crecimiento_respaldado': True, 'positive_quarters': 4, 'earnings_accelerating': True, 'eps_accel_quarters': 1, 'profit_margin_pct': 15.0, 'score_bruto_sin_capar': 80.0, 'satura': False}","{'revenue_growth_yoy': 7.5, 'revenue_accelerating': False, 'rev_accel_quarters': 0}","{'rs_3m': 10.0, 'rs_6m': -15.0, 'rs_line_percentile': 17.1, 'rs_line_at_new_high': False, 'rs_line_trend': 'up', 'rs_line_score': 15}","{'roe_pct': 40.9, 'debt_to_equity': 1.24, 'current_ratio': 1.24, 'operating_margin_pct': 24.6}","{'days_to_earnings': 'N/A', 'recommendation': 'buy', 'analyst_upside_pct': 32.4}",161.1,18188195840,Technology,Information Technology Services,2.9,2.6,False,238.73,-32.5,0,False,-3.7,213.38,250.0,176.0,8.0,buy,32.4,251.52,56.1,296.21,83.9,reportado,múltiplo propio,4.0,0.62,False,,6.78,10.92,,2.71,40.6,4.36,1.71,True,-2.28,,9,,11.6,Operating Income,13.9,5.9,33.0,2026-11-03,False,True,False,8,STRONG,6.05,176.7,0.64,24.5,,,,2026-10-01T05:49:40.426276,,,,,,
AZO,"AutoZone, Inc.",63.0,,trimestral,⭐⭐ GOOD,🟡 Good,USD,USD,False,True,True,1.0,,90.0,70.0,24.0,45.0,70.0,15.0,3.1,False,down,5.4,True,2,8.4,True,2,"{'eps_growth_yoy': 5.4, 'op_growth_yoy': 6.6, 'crecimiento_respaldado': True, 'positive_quarters': 4, 'earnings_accelerating': True, 'eps_accel_quarters': 2, 'profit_margin_pct': 12.7, 'score_bruto_sin_capar': 90.0, 'satura': False}","{'revenue_growth_yoy': 8.4, 'revenue_accelerating': True, 'rev_accel_quarters': 2}","{'rs_3m': -13.1, 'rs_6m': -34.4, 'rs_line_percentile': 3.1, 'rs_line_at_new_high': False, 'rs_line_trend': 'down', 'rs_line_score': 15}","{'current_ratio': 0.9, 'operating_margin_pct': 20.0}","{'days_to_earnings': 'N/A', 'recommendation': 'strong_buy', 'analyst_upside_pct': 31.0}",2830.02,45769912320,Consumer Cyclical,Auto Parts,3.5,1.6,False,4293.03,-34.1,0,False,-4.7,3708.71,4800.0,3000.0,24.0,strong_buy,31.0,2980.98,5.3,2934.77,3.7,reportado,múltiplo propio,4.0,0.54,False,,3.91,110.65,,,,,,True,-2.06,,9,,7.5,Operating Income,7.5,15.0,68.0,2026-12-08,False,True,False,6,NEUTRAL,6.19,35.2,2.01,25.7,,,,2026-10-01T05:51:41.913488,,,,,,
VRSN,"VeriSign, Inc.",62.8,,trimestral,⭐⭐ GOOD,🟡 Good,USD,USD,False,True,True,1.0,,75.0,60.0,56.7,50.0,65.0,60.0,56.0,False,up,4.4,False,0,6.0,True,1,"{'eps_growth_yoy': 4.4, 'op_growth_yoy': 5.6, 'crecimiento_respaldado': True, 'positive_quarters': 4, 'earnings_accelerating': False, 'eps_accel_quarters': 0, 'profit_margin_pct': 49.8, 'score_bruto_sin_capar': 75.0, 'satura': False}","{'revenue_growth_yoy': 6.0, 'revenue_accelerating': True, 'rev_accel_quarters': 1}","{'rs_3m': 7.6, 'rs_6m': -3.9, 'rs_line_percentile': 56.0, 'rs_line_at_new_high': False, 'rs_line_trend': 'up', 'rs_line_score': 60}","{'current_ratio': 0.59, 'operating_margin_pct': 68.2}","{'days_to_earnings': 'N/A', 'recommendation': 'buy', 'analyst_upside_pct': 15.0}",282.01,25493704704,Technology,Software - Infrastructure,2.2,3.0,False,312.48,-9.8,6,False,-2.1,324.4,355.0,285.0,5.0,buy,15.0,320.71,13.7,243.84,-13.5,reportado,múltiplo propio,4.0,0.26,False,,4.23,11.93,,1.16,34.3,3.24,,True,-3.09,,9,,15.3,Operating Income,15.5,7.7,21.0,2026-10-22,False,True,True,8,STRONG,4.19,501.6,2.1,24.2,,,,2026-10-01T05:49:36.287167,,,,,,
PGR,The Progressive Corporation,62.5,,trimestral,⭐⭐ GOOD,🟡 Good,USD,USD,False,True,True,1.0,"FCF declarado (10,597,000,000) se aparta del derivado de flujo operativo menos capex (15,991,000,320)",80.0,60.0,36.0,75.0,50.0,15.0,19.5,False,flat,4.3,True,1,7.3,True,1,"{'eps_growth_yoy': 4.3, 'op_growth_yoy': 6.1, 'crecimiento_respaldado': True, 'positive_quarters': 4, 'earnings_accelerating': True, 'eps_accel_quarters': 1, 'profit_margin_pct': 12.8, 'score_bruto_sin_capar': 80.0, 'satura': False}","{'revenue_growth_yoy': 7.3, 'revenue_accelerating': True, 'rev_accel_quarters': 1}","{'rs_3m': -13.4, 'rs_6m': -9.7, 'rs_line_percentile': 19.5, 'rs_line_at_new_high': False, 'rs_line_trend': 'flat', 'rs_line_score': 15}","{'roe_pct': 34.9, 'debt_to_equity': 0.24, 'current_ratio': 0.29, 'operating_margin_pct': 18.2}","{'days_to_earnings': 'N/A', 'recommendation': 'hold', 'analyst_upside_pct': 11.6}",207.31,120322719744,Financial Services,Insurance - Property & Casualty,1.1,3.0,False,247.49,-16.2,3,False,-3.2,231.38,302.0,198.0,21.0,hold,11.6,,,,,reportado,,,,,,13.29,27.55,,0.19,69.7,0.4,1.99,False,-0.6,,7,,50.8,EBIT,50.8,2.0,13.0,2026-10-14,False,True,True,6,NEUTRAL,11.44,,0.42,21.8,0.2,0.01,-21.6,2026-10-01T05:53:49.221119,,"Insurance - Property & Casualty: el flujo operativo son depósitos, préstamos o primas, no caja libre para el accionista",los P/E históricos se separan 4.6x la mediana: el ancla la decidiría un año suelto,,,
MLM,"Martin Marietta Materials, Inc.",62.5,,trimestral,⭐⭐ GOOD,🟡 Good,USD,USD,False,True,True,1.0,,65.0,90.0,15.0,70.0,70.0,15.0,0.8,False,down,-12.3,True,1,21.0,True,2,"{'eps_growth_yoy': -12.3, 'op_growth_yoy': -6.0, 'crecimiento_respaldado': True, 'positive_quarters': 4, 'earnings_accelerating': True, 'eps_accel_quarters': 1, 'profit_margin_pct': 36.7, 'score_bruto_sin_capar': 65.0, 'satura': False}","{'revenue_growth_yoy': 21.0, 'revenue_accelerating': True, 'rev_accel_quarters': 2}","{'rs_3m': -22.5, 'rs_6m': -36.6, 'rs_line_percentile': 0.8, 'rs_line_at_new_high': False, 'rs_line_trend': 'down', 'rs_line_score': 15}","{'roe_pct': 8.9, 'debt_to_equity': 0.55, 'current_ratio': 1.41, 'operating_margin_pct': 20.2}","{'days_to_earnings': 'N/A', 'recommendation': 'buy', 'analyst_upside_pct': 36.0}",479.81,34075809792,Basic Materials,Building Materials,4.6,4.0,False,710.97,-32.5,0,False,-8.4,652.71,800.0,496.0,24.0,buy,36.0,,,383.45,-20.1,reportado,múltiplo propio,4.0,0.69,False,,2.09,10.03,,0.7,21.6,3.36,0.6,False,-0.33,,9,,6.1,Operating Income,6.0,-23.2,33.0,2026-11-03,False,True,False,8,STRONG,4.15,11.2,2.12,24.4,,,,2026-10-01T05:56:51.148742,,"el capex se lleva el 53% del flujo operativo: lo que queda no es lo que gana el dueño, es lo que sobra tras decidir invertir",,,,
AXP,American Express Company,62.5,,trimestral,⭐⭐ GOOD,🟡 Good,USD,USD,False,True,True,1.0,,70.0,60.0,36.0,85.0,65.0,15.0,3.2,False,down,7.8,False,0,10.0,True,1,"{'eps_growth_yoy': 7.8, 'positive_quarters': 4, 'earnings_accelerating': False, 'eps_accel_quarters': 0, 'profit_margin_pct': 16.1, 'score_bruto_sin_capar': 70.0, 'satura': False}","{'revenue_growth_yoy': 10.0, 'revenue_accelerating': True, 'rev_accel_quarters': 1}","{'rs_3m': -16.2, 'rs_6m': -15.5, 'rs_line_percentile': 3.2, 'rs_line_at_new_high': False, 'rs_line_trend': 'down', 'rs_line_score': 15}","{'roe_pct': 34.4, 'debt_to_equity': 1.72, 'current_ratio': 1.55, 'operating_margin_pct': 20.3}","{'days_to_earnings': 'N/A', 'recommendation': 'buy', 'analyst_upside_pct': 24.3}",304.1,205361725440,Financial Services,Credit Services,2.1,4.5,False,387.49,-21.5,1,False,-7.6,377.91,450.0,315.0,24.0,buy,24.3,527.13,73.3,299.41,-1.5,reportado,múltiplo propio,4.0,0.52,False,,7.82,23.78,,1.24,21.5,3.8,1.1,True,-2.86,,7,,,,,7.7,22.0,2026-10-23,False,True,False,4,NEUTRAL,,,0.95,21.4,0.4,0.02,-21.0,2026-10-01T05:54:27.481668,,,,,,
SBGSY,Schneider Electric S.E.,62.3,,anual,⭐⭐ GOOD,🟡 Good,USD,EUR,True,True,True,1.0,,70.0,50.0,60.3,75.0,55.0,60.0,54.7,False,up,1.4,False,0,5.2,False,0,"{'eps_growth_yoy': 1.4, 'op_growth_yoy': 6.7, 'crecimiento_respaldado': True, 'positive_quarters': 4, 'earnings_accelerating': False, 'eps_accel_quarters': 0, 'profit_margin_pct': 11.3, 'score_bruto_sin_capar': 70.0, 'satura': False}","{'revenue_growth_yoy': 5.2, 'revenue_accelerating': False, 'rev_accel_quarters': 0}","{'rs_3m': 1.8, 'rs_6m': 3.5, 'rs_line_percentile': 54.7, 'rs_line_at_new_high': False, 'rs_line_trend': 'up', 'rs_line_score': 60}","{'roe_pct': 18.6, 'debt_to_equity': 0.84, 'current_ratio': 1.09, 'operating_margin_pct': 18.2}","{'days_to_earnings': 'N/A', 'recommendation': 'none', 'analyst_upside_pct': 20.9}",65.75,185185271808,Industrials,Specialty Industrial Machinery,,,False,71.98,-8.7,5,False,-1.8,79.47,84.0,76.0,3.0,none,20.9,42.89,-34.8,55.48,-15.6,reportado,múltiplo propio,4.0,0.52,False,,3.59,2.36,,1.46,49.7,0.98,1.78,,,,9,,,,,14.6,147.0,2027-02-25,False,True,False,6,NEUTRAL,3.48,77.8,3.58,35.5,,,,2026-10-01T05:53:27.747484,,,,,,
FDS,FactSet Research Systems Inc.,62.1,,trimestral,⭐⭐ GOOD,🟡 Good,USD,USD,False,True,True,1.0,,65.0,60.0,60.3,70.0,50.0,60.0,50.6,False,up,-14.7,True,1,6.4,True,1,"{'eps_growth_yoy': -14.7, 'op_growth_yoy': -14.3, 'crecimiento_respaldado': True, 'positive_quarters': 4, 'earnings_accelerating': True, 'eps_accel_quarters': 1, 'profit_margin_pct': 23.2, 'score_bruto_sin_capar': 65.0, 'satura': False}","{'revenue_growth_yoy': 6.4, 'revenue_accelerating': True, 'rev_accel_quarters': 1}","{'rs_3m': 5.7, 'rs_6m': 4.1, 'rs_line_percentile': 50.6, 'rs_line_at_new_high': False, 'rs_line_trend': 'up', 'rs_line_score': 60}","{'roe_pct': 27.0, 'debt_to_equity': 0.77, 'current_ratio': 0.68, 'operating_margin_pct': 30.5}","{'days_to_earnings': 'N/A', 'recommendation': 'hold', 'analyst_upside_pct': 1.9}",269.95,9600918528,Financial Services,Financial Data & Stock Exchanges,12.4,4.2,True,320.48,-15.8,5,False,-3.9,275.19,340.0,212.0,16.0,hold,1.9,581.15,115.3,470.4,74.3,reportado,múltiplo propio,4.0,0.52,False,,7.51,20.27,,1.78,29.4,4.64,1.04,True,-6.38,,9,,13.6,Operating Income,14.1,-3.8,,,False,False,False,6,NEUTRAL,7.12,180.1,0.92,46.6,,,,2026-10-01T05:53:40.765309,,,,,,True
TJX,"The TJX Companies, Inc.",62.0,,trimestral,⭐⭐ GOOD,🟡 Good,USD,USD,False,True,True,1.0,,85.0,60.0,24.0,75.0,55.0,15.0,12.2,False,down,22.3,True,1,5.4,True,1,"{'eps_growth_yoy': 22.3, 'op_growth_yoy': 22.7, 'crecimiento_respaldado': True, 'positive_quarters': 4, 'earnings_accelerating': True, 'eps_accel_quarters': 1, 'profit_margin_pct': 9.7, 'score_bruto_sin_capar': 85.0, 'satura': False}","{'revenue_growth_yoy': 5.4, 'revenue_accelerating': True, 'rev_accel_quarters': 1}","{'rs_3m': -16.6, 'rs_6m': -34.8, 'rs_line_percentile': 12.2, 'rs_line_at_new_high': False, 'rs_line_trend': 'down', 'rs_line_score': 15}","{'roe_pct': 62.2, 'debt_to_equity': 1.34, 'current_ratio': 1.15, 'operating_margin_pct': 10.9}","{'days_to_earnings': 'N/A', 'recommendation': 'none', 'analyst_upside_pct': 28.3}",132.31,146163433472,Consumer Cyclical,Apparel Retail,1.7,2.2,False,170.0,-22.2,1,False,-6.6,169.8,198.0,136.0,20.0,none,28.3,152.63,15.4,148.44,12.2,reportado,múltiplo propio,4.0,0.25,False,,4.16,5.5,,1.43,32.5,1.92,1.35,False,-0.98,,9,,105.5,Operating Income,108.3,11.8,48.0,2026-11-18,False,True,False,7,NEUTRAL,4.67,35.2,1.28,23.8,,,,2026-10-01T05:54:35.979231,,,,,,
HD,"The Home Depot, Inc.",62.0,,trimestral,⭐⭐ GOOD,🟡 Good,USD,USD,False,True,True,1.0,,85.0,70.0,15.0,60.0,70.0,15.0,0.0,False,down,4.7,True,2,5.7,True,2,"{'eps_growth_yoy': 4.7, 'op_growth_yoy': 4.3, 'crecimiento_respaldado': True, 'positive_quarters': 4, 'earnings_accelerating': True, 'eps_accel_quarters': 2, 'profit_margin_pct': 8.4, 'score_bruto_sin_capar': 85.0, 'satura': False}","{'revenue_growth_yoy': 5.7, 'revenue_accelerating': True, 'rev_accel_quarters': 2}","{'rs_3m': -22.6, 'rs_6m': -29.4, 'rs_line_percentile': 0.0, 'rs_line_at_new_high': False, 'rs_line_trend': 'down', 'rs_line_score': 15}","{'roe_pct': 104.3, 'debt_to_equity': 3.8, 'current_ratio': 1.08, 'operating_margin_pct': 12.9}","{'days_to_earnings': 'N/A', 'recommendation': 'buy', 'analyst_upside_pct': 32.6}",284.49,283832713216,Consumer Cyclical,Home Improvement Retail,1.2,2.6,False,405.13,-29.8,0,False,-11.9,377.19,425.0,310.0,32.0,buy,32.6,250.03,-12.1,337.53,18.6,reportado,múltiplo propio,4.0,0.37,False,,5.32,15.13,,3.24,64.8,9.32,2.41,False,0.2,,9,,8.7,Operating Income,8.8,4.6,47.0,2026-11-17,False,True,False,5,NEUTRAL,6.06,53.3,,21.3,0.2,0.01,-21.1,2026-10-01T05:56:20.502375,,,,,,
BN,Brookfield Corporation,62.0,,trimestral,⭐⭐ GOOD,🟡 Good,USD,USD,False,True,True,1.0,"FCF declarado (-9,413,000,000) se aparta del derivado de flujo operativo menos capex (-5,409,000,448)",85.0,60.0,24.0,65.0,70.0,15.0,1.8,False,down,33.8,True,1,7.3,True,1,"{'eps_growth_yoy': 33.8, 'op_growth_yoy': 7.2, 'crecimiento_respaldado': False, 'crecimiento_puntuado': 32.2, 'positive_quarters': 4, 'earnings_accelerating': True, 'eps_accel_quarters': 1, 'profit_margin_pct': 1.8, 'score_bruto_sin_capar': 95.0, 'satura': False}","{'revenue_growth_yoy': 7.3, 'revenue_accelerating': True, 'rev_accel_quarters': 1}","{'rs_3m': -18.5, 'rs_6m': -27.2, 'rs_line_percentile': 1.8, 'rs_line_at_new_high': False, 'rs_line_trend': 'down', 'rs_line_score': 15}","{'roe_pct': 2.3, 'debt_to_equity': 1.61, 'current_ratio': 1.01, 'operating_margin_pct': 25.7}","{'days_to_earnings': 'N/A', 'recommendation': 'buy', 'analyst_upside_pct': 49.2}",36.46,81391534080,Financial Services,Asset Management,,5.2,False,49.57,-26.4,0,False,-10.3,54.4,61.0,31.0,10.0,buy,49.2,,,,,reportado,,,,,,-6.65,-2.42,,0.77,48.2,0.28,0.85,False,-0.27,,9,,1.0,Operating Income,1.3,40.3,42.0,2026-11-12,False,True,False,6,NEUTRAL,3.93,10.9,,21.5,,,,2026-10-01T05:58:48.267935,,"el capex se lleva el 158% del flujo operativo: lo que queda no es lo que gana el dueño, es lo que sobra tras decidir invertir",los P/E históricos se separan 1.8x la mediana: el ancla la decidiría un año suelto,,,
RSG,"Republic Services, Inc.",61.8,,trimestral,⭐⭐ GOOD,🟡 Good,USD,USD,False,True,True,1.0,,80.0,70.0,24.0,60.0,65.0,15.0,11.6,False,down,2.9,True,1,4.6,True,2,"{'eps_growth_yoy': 2.9, 'op_growth_yoy': 4.0, 'crecimiento_respaldado': True, 'positive_quarters': 4, 'earnings_accelerating': True, 'eps_accel_quarters': 1, 'profit_margin_pct': 12.9, 'score_bruto_sin_capar': 80.0, 'satura': False}","{'revenue_growth_yoy': 4.6, 'revenue_accelerating': True, 'rev_accel_quarters': 2}","{'rs_3m': -6.1, 'rs_6m': -21.3, 'rs_line_percentile': 11.6, 'rs_line_at_new_high': False, 'rs_line_trend': 'down', 'rs_line_score': 15}","{'roe_pct': 18.2, 'debt_to_equity': 1.19, 'current_ratio': 0.64, 'operating_margin_pct': 20.4}","{'days_to_earnings': 'N/A', 'recommendation': 'buy', 'analyst_upside_pct': 17.2}",209.87,64264921088,Industrials,Waste Management,2.5,3.3,False,233.42,-10.1,4,False,-3.3,245.92,272.0,208.0,24.0,buy,17.2,243.62,16.1,211.86,0.9,reportado,múltiplo propio,4.0,0.14,False,,4.13,8.67,,1.26,35.4,2.68,1.21,True,-1.85,,9,,5.7,Operating Income,5.3,3.6,28.0,2026-10-29,False,True,False,6,NEUTRAL,4.23,25.9,1.94,13.7,,,,2026-10-01T05:49:27.885189,,,,,,
YUM,"Yum! Brands, Inc.",61.8,,trimestral,⭐⭐ GOOD,🟡 Good,USD,USD,False,True,True,1.0,,85.0,70.0,24.0,50.0,65.0,15.0,0.5,False,down,128.1,True,1,12.3,True,1,"{'eps_growth_yoy': 128.1, 'op_growth_yoy': 9.6, 'crecimiento_respaldado': False, 'crecimiento_puntuado': 34.6, 'positive_quarters': 4, 'earnings_accelerating': True, 'eps_accel_quarters': 1, 'profit_margin_pct': 25.4, 'score_bruto_sin_capar': 105.0, 'satura': True}","{'revenue_growth_yoy': 12.3, 'revenue_accelerating': True, 'rev_accel_quarters': 1}","{'rs_3m': -19.5, 'rs_6m': -27.4, 'rs_line_percentile': 0.5, 'rs_line_at_new_high': False, 'rs_line_trend': 'down', 'rs_line_score': 15}","{'current_ratio': 0.59, 'operating_margin_pct': 32.8}","{'days_to_earnings': 'N/A', 'recommendation': 'buy', 'analyst_upside_pct': 26.9}",136.34,37207334912,Consumer Cyclical,Restaurants,4.1,4.3,False,170.14,-19.9,1,False,-7.0,173.02,200.0,147.0,22.0,buy,26.9,173.07,26.9,152.59,11.9,normalizado,múltiplo propio,4.0,0.19,False,,4.6,6.27,,2.18,36.8,3.0,1.81,True,-1.42,,9,,5.2,Operating Income,5.3,92.1,33.0,2026-11-03,False,True,False,5,NEUTRAL,5.07,75.7,2.94,26.8,,,,2026-10-01T05:55:13.230604,,,,tasa fiscal efectiva -0.9% — el beneficio del periodo no es representativo,,
MSCI,MSCI Inc.,61.7,,trimestral,⭐⭐ GOOD,🟡 Good,USD,USD,False,True,True,1.0,,85.0,60.0,36.0,50.0,65.0,15.0,0.0,False,down,12.6,False,0,12.2,False,0,"{'eps_growth_yoy': 12.6, 'op_growth_yoy': 14.6, 'crecimiento_respaldado': True, 'positive_quarters': 4, 'earnings_accelerating': False, 'eps_accel_quarters': 0, 'profit_margin_pct': 40.7, 'score_bruto_sin_capar': 85.0, 'satura': False}","{'revenue_growth_yoy': 12.2, 'revenue_accelerating': False, 'rev_accel_quarters': 0}","{'rs_3m': -13.0, 'rs_6m': -15.9, 'rs_line_percentile': 0.0, 'rs_line_at_new_high': False, 'rs_line_trend': 'down', 'rs_line_score': 15}","{'current_ratio': 0.89, 'operating_margin_pct': 56.3}","{'days_to_earnings': 'N/A', 'recommendation': 'strong_buy', 'analyst_upside_pct': 28.4}",538.66,39160578048,Financial Services,Financial Data & Stock Exchanges,2.2,2.7,False,644.77,-16.5,3,False,-3.9,691.76,760.0,570.0,17.0,strong_buy,28.4,407.19,-24.4,726.55,34.9,reportado,múltiplo propio,4.0,0.14,False,,3.83,20.63,,1.52,42.1,8.2,1.01,True,-5.93,,9,,7.2,Operating Income,7.2,19.6,19.0,2026-10-20,False,True,True,8,STRONG,3.78,856.0,1.77,22.6,0.4,0.02,-22.2,2026-10-01T05:50:02.675480,,,,,,
QSR,Restaurant Brands International Inc.,61.5,,trimestral,⭐⭐ GOOD,🟡 Good,USD,USD,False,True,True,0.7613,acciones × precio no cuadra (ratio 0.7613) pero la divisa sí: son clases múltiples. Se usan 458 M de acciones efectivas (capitalización ÷ precio) en vez de las 349 M declaradas,85.0,60.0,24.0,65.0,65.0,15.0,3.3,False,down,166.8,True,2,4.6,True,1,"{'eps_growth_yoy': 166.8, 'op_growth_yoy': 8.4, 'crecimiento_respaldado': False, 'crecimiento_puntuado': 33.4, 'positive_quarters': 4, 'earnings_accelerating': True, 'eps_accel_quarters': 2, 'profit_margin_pct': 13.1, 'score_bruto_sin_capar': 110.0, 'satura': True}","{'revenue_growth_yoy': 4.6, 'revenue_accelerating': True, 'rev_accel_quarters': 1}","{'rs_3m': -6.8, 'rs_6m': -20.6, 'rs_line_percentile': 3.3, 'rs_line_at_new_high': False, 'rs_line_trend': 'down', 'rs_line_score': 15}","{'roe_pct': 34.8, 'debt_to_equity': 2.9, 'current_ratio': 1.01, 'operating_margin_pct': 27.7}","{'days_to_earnings': 'N/A', 'recommendation': 'buy', 'analyst_upside_pct': 21.2}",71.08,32562528256,Consumer Cyclical,Restaurants,6.3,7.0,False,81.96,-13.3,4,False,-5.2,86.17,104.0,78.0,24.0,buy,21.2,49.61,-30.2,108.2,52.2,reportado,múltiplo propio,4.0,0.49,False,,3.61,2.57,26.2,3.64,63.8,2.6,3.41,False,0.66,,9,,5.2,Operating Income,5.2,151.2,28.0,2026-10-29,False,True,False,6,NEUTRAL,6.1,58.5,,23.6,,,,2026-10-01T05:58:52.406848,458110977.0,,,,,
MCD,McDonald's Corporation,61.5,,trimestral,⭐⭐ GOOD,🟡 Good,USD,USD,False,True,True,1.0,,85.0,60.0,24.0,65.0,65.0,15.0,0.0,False,down,4.8,True,1,3.8,True,1,"{'eps_growth_yoy': 4.8, 'op_growth_yoy': 1.3, 'crecimiento_respaldado': True, 'positive_quarters': 4, 'earnings_accelerating': True, 'eps_accel_quarters': 1, 'profit_margin_pct': 31.7, 'score_bruto_sin_capar': 85.0, 'satura': False}","{'revenue_growth_yoy': 3.8, 'revenue_accelerating': True, 'rev_accel_quarters': 1}","{'rs_3m': -19.8, 'rs_6m': -40.8, 'rs_line_percentile': 0.0, 'rs_line_at_new_high': False, 'rs_line_trend': 'down', 'rs_line_score': 15}","{'current_ratio': 1.08, 'operating_margin_pct': 46.5}","{'days_to_earnings': 'N/A', 'recommendation': 'buy', 'analyst_upside_pct': 29.1}",230.94,163422732288,Consumer Cyclical,Restaurants,1.9,2.8,False,341.75,-32.4,0,False,-11.0,298.07,390.0,230.0,29.0,buy,29.1,302.62,31.0,300.53,30.1,reportado,múltiplo propio,4.0,0.2,False,,4.88,11.27,,3.3,59.7,7.72,2.24,False,-0.91,,9,,7.8,Operating Income,7.9,4.0,35.0,2026-11-05,False,True,False,6,NEUTRAL,5.71,28.9,1.3,20.7,,,,2026-10-01T05:51:54.996156,,,,,,
STZ,"Constellation Brands, Inc.",60.8,,trimestral,⭐⭐ GOOD,🟡 Good,USD,USD,False,True,True,0.9997,,100.0,40.0,24.0,60.0,70.0,15.0,1.0,False,down,26.7,True,1,-3.3,True,1,"{'eps_growth_yoy': 26.7, 'op_growth_yoy': 12.8, 'crecimiento_respaldado': True, 'positive_quarters': 4, 'earnings_accelerating': True, 'eps_accel_quarters': 1, 'profit_margin_pct': 20.1, 'score_bruto_sin_capar': 105.0, 'satura': True}","{'revenue_growth_yoy': -3.3, 'revenue_accelerating': True, 'rev_accel_quarters': 1}","{'rs_3m': -19.8, 'rs_6m': -41.1, 'rs_line_percentile': 1.0, 'rs_line_at_new_high': False, 'rs_line_trend': 'down', 'rs_line_score': 15}","{'roe_pct': 23.7, 'debt_to_equity': 1.23, 'current_ratio': 0.91, 'operating_margin_pct': 35.9}","{'days_to_earnings': 'N/A', 'recommendation': 'buy', 'analyst_upside_pct': 44.5}",113.06,19311138816,Consumer Defensive,Beverages - Brewers,5.7,4.0,False,168.6,-32.9,0,False,-11.4,163.35,209.0,110.0,23.0,buy,44.5,247.06,118.5,,,reportado,,,,,,9.42,10.65,,3.65,39.0,4.12,1.81,True,-3.14,,9,,8.5,Operating Income,8.2,21.5,5.0,2026-10-06,True,True,False,6,NEUTRAL,9.53,30.7,0.31,24.8,1.6,0.06,-23.2,2026-10-01T05:58:22.625922,,,sin histórico de múltiplo (beneficio negativo o pocos años),,,
WCN,"Waste Connections, Inc.",60.8,,trimestral,⭐⭐ GOOD,🟡 Good,USD,USD,False,True,True,1.0,,80.0,70.0,24.0,50.0,70.0,15.0,7.0,False,down,2.1,True,1,6.4,True,2,"{'eps_growth_yoy': 2.1, 'op_growth_yoy': 7.0, 'crecimiento_respaldado': True, 'positive_quarters': 4, 'earnings_accelerating': True, 'eps_accel_quarters': 1, 'profit_margin_pct': 10.9, 'score_bruto_sin_capar': 80.0, 'satura': False}","{'revenue_growth_yoy': 6.4, 'revenue_accelerating': True, 'rev_accel_quarters': 2}","{'rs_3m': -11.3, 'rs_6m': -22.0, 'rs_line_percentile': 7.0, 'rs_line_at_new_high': False, 'rs_line_trend': 'down', 'rs_line_score': 15}","{'roe_pct': 13.0, 'debt_to_equity': 1.22, 'current_ratio': 0.66, 'operating_margin_pct': 19.7}","{'days_to_earnings': 'N/A', 'recommendation': 'strong_buy', 'analyst_upside_pct': 31.3}",153.93,38724050944,Industrials,Waste Management,1.6,3.6,False,179.74,-14.4,1,False,-5.9,202.04,220.0,162.0,25.0,strong_buy,31.3,153.18,-0.5,173.27,12.6,reportado,múltiplo propio,3.0,0.23,True,2024-12-31,3.41,5.25,,0.9,33.0,1.4,0.69,True,-1.98,,9,,5.4,Operating Income,5.0,4.4,20.0,2026-10-21,False,True,True,6,NEUTRAL,3.77,20.1,2.81,13.1,0.8,0.06,-12.3,2026-10-01T05:48:23.789938,,,,,,
ROP,"Roper Technologies, Inc.",60.7,,trimestral,⭐⭐ GOOD,🟡 Good,USD,USD,False,True,True,1.0,,85.0,50.0,36.0,60.0,65.0,15.0,9.8,False,flat,208.9,True,2,8.5,False,0,"{'eps_growth_yoy': 208.9, 'op_growth_yoy': 6.6, 'crecimiento_respaldado': False, 'crecimiento_puntuado': 31.6, 'positive_quarters': 4, 'earnings_accelerating': True, 'eps_accel_quarters': 2, 'profit_margin_pct': 30.2, 'score_bruto_sin_capar': 115.0, 'satura': True}","{'revenue_growth_yoy': 8.5, 'revenue_accelerating': False, 'rev_accel_quarters': 0}","{'rs_3m': -6.5, 'rs_6m': -18.3, 'rs_line_percentile': 9.8, 'rs_line_at_new_high': False, 'rs_line_trend': 'flat', 'rs_line_score': 15}","{'roe_pct': 13.1, 'debt_to_equity': 0.61, 'current_ratio': 0.55, 'operating_margin_pct': 27.7}","{'days_to_earnings': 'N/A', 'recommendation': 'buy', 'analyst_upside_pct': 25.8}",349.41,34556952576,Technology,Software - Application,6.1,8.1,False,521.28,-33.0,1,False,-10.5,439.43,550.0,335.0,14.0,buy,25.8,463.83,32.7,802.68,129.7,reportado,múltiplo propio,4.0,0.95,False,,7.42,25.93,,1.04,14.5,3.64,0.61,True,-7.2,,9,,5.9,Operating Income,8.6,163.1,21.0,2026-10-22,False,True,True,6,NEUTRAL,4.91,1424.7,,21.1,0.2,0.01,-20.9,2026-10-01T05:48:45.247652,,,,,,
SGSOY,SGS SA,60.5,,anual,⭐⭐ GOOD,🟡 Good,USD,CHF,True,True,True,1.0,"FCF declarado (904,033,972) se aparta del derivado de flujo operativo menos capex (1,278,973,425)",95.0,50.0,36.0,45.0,55.0,15.0,12.2,False,down,15.0,True,2,2.2,False,0,"{'eps_growth_yoy': 15.0, 'op_growth_yoy': 5.5, 'crecimiento_respaldado': True, 'positive_quarters': 4, 'earnings_accelerating': True, 'eps_accel_quarters': 2, 'profit_margin_pct': 9.2, 'score_bruto_sin_capar': 95.0, 'satura': False}","{'revenue_growth_yoy': 2.2, 'revenue_accelerating': False, 'rev_accel_quarters': 0}","{'rs_3m': -5.7, 'rs_6m': -7.3, 'rs_line_percentile': 12.2, 'rs_line_at_new_high': False, 'rs_line_trend': 'down', 'rs_line_score': 15}","{'roe_pct': 76.3, 'debt_to_equity': 4.64, 'current_ratio': 0.95, 'operating_margin_pct': 13.1}","{'days_to_earnings': 'N/A', 'recommendation': 'none', 'analyst_upside_pct': 23.3}",11.35,22448617472,Industrials,Consulting Services,,,False,12.76,-11.1,4,False,-1.6,14.0,14.0,14.0,1.0,none,23.3,15.97,40.7,11.53,1.6,reportado,múltiplo propio,4.0,0.19,False,,5.7,0.65,,3.6,95.7,0.41,3.54,,,,9,,,,,-1.8,,,False,False,False,5,NEUTRAL,3.62,37.7,4.33,13.4,,,,2026-10-01T05:56:03.409669,,,,,,
CP,Canadian Pacific Kansas City Limited,60.5,,trimestral,⭐⭐ GOOD,🟡 Good,USD,CAD,True,True,True,1.0,"FCF declarado (2,403,000,000) se aparta del derivado de flujo operativo menos capex (721,546,458)",65.0,70.0,44.0,55.0,65.0,35.0,33.8,False,down,-17.0,True,1,12.6,True,1,"{'eps_growth_yoy': -17.0, 'op_growth_yoy': 9.6, 'crecimiento_respaldado': True, 'positive_quarters': 4, 'earnings_accelerating': True, 'eps_accel_quarters': 1, 'profit_margin_pct': 25.0, 'score_bruto_sin_capar': 65.0, 'satura': False}","{'revenue_growth_yoy': 12.6, 'revenue_accelerating': True, 'rev_accel_quarters': 1}","{'rs_3m': -5.5, 'rs_6m': -7.4, 'rs_line_percentile': 33.8, 'rs_line_at_new_high': False, 'rs_line_trend': 'down', 'rs_line_score': 35}","{'roe_pct': 8.2, 'debt_to_equity': 0.53, 'current_ratio': 0.59, 'operating_margin_pct': 39.0}","{'days_to_earnings': 'N/A', 'recommendation': 'buy', 'analyst_upside_pct': 15.8}",85.1,74809638912,Industrials,Railroads,2.3,10.5,False,96.9,-12.2,4,False,-6.1,98.56,107.82,73.86,13.0,buy,15.8,,,54.42,-36.1,reportado,múltiplo propio,4.0,0.17,False,,0.96,0.82,,0.88,22.1,0.76,0.76,True,-4.08,,9,,6.2,Operating Income,6.6,-13.5,27.0,2026-10-28,False,True,False,7,NEUTRAL,5.58,10.4,3.25,20.9,,,,2026-10-01T05:54:39.816933,,"el capex se lleva el 81% del flujo operativo: lo que queda no es lo que gana el dueño, es lo que sobra tras decidir invertir",,,,
DPZ,"Domino's Pizza, Inc.",60.0,,trimestral,⭐⭐ GOOD,🟡 Good,USD,USD,False,True,True,1.0,,80.0,60.0,24.0,65.0,65.0,15.0,5.2,False,down,3.6,True,1,4.3,True,1,"{'eps_growth_yoy': 3.6, 'op_growth_yoy': 3.1, 'crecimiento_respaldado': True, 'positive_quarters': 4, 'earnings_accelerating': True, 'eps_accel_quarters': 1, 'profit_margin_pct': 11.9, 'score_bruto_sin_capar': 80.0, 'satura': False}","{'revenue_growth_yoy': 4.3, 'revenue_accelerating': True, 'rev_accel_quarters': 1}","{'rs_3m': -5.9, 'rs_6m': -33.1, 'rs_line_percentile': 5.2, 'rs_line_at_new_high': False, 'rs_line_trend': 'down', 'rs_line_score': 15}","{'current_ratio': 1.54, 'operating_margin_pct': 19.1}","{'days_to_earnings': 'N/A', 'recommendation': 'buy', 'analyst_upside_pct': 25.8}",299.61,9911618560,Consumer Cyclical,Restaurants,11.2,4.0,True,442.35,-32.3,0,False,-9.3,376.78,450.0,270.0,27.0,buy,25.8,400.8,33.8,443.8,48.1,reportado,múltiplo propio,4.0,0.14,False,,6.63,19.86,,2.64,42.3,7.96,1.25,True,-3.15,,9,,4.9,Operating Income,4.9,4.8,12.0,2026-10-13,False,True,True,8,STRONG,6.39,106.0,1.2,31.1,0.2,0.01,-30.9,2026-10-01T05:58:30.755505,,,,,,
CME,CME Group Inc.,59.7,,trimestral,⭐ AVERAGE,🟡 Average,USD,USD,False,True,True,1.0,,75.0,50.0,34.7,85.0,50.0,35.0,27.8,False,up,1.6,False,0,0.8,False,0,"{'eps_growth_yoy': 1.6, 'op_growth_yoy': -2.0, 'crecimiento_respaldado': True, 'positive_quarters': 4, 'earnings_accelerating': False, 'eps_accel_quarters': 0, 'profit_margin_pct': 63.4, 'score_bruto_sin_capar': 75.0, 'satura': False}","{'revenue_growth_yoy': 0.8, 'revenue_accelerating': False, 'rev_accel_quarters': 0}","{'rs_3m': 8.6, 'rs_6m': -27.9, 'rs_line_percentile': 27.8, 'rs_line_at_new_high': False, 'rs_line_trend': 'up', 'rs_line_score': 35}","{'roe_pct': 15.8, 'debt_to_equity': 0.15, 'current_ratio': 1.02, 'operating_margin_pct': 65.0}","{'days_to_earnings': 'N/A', 'recommendation': 'hold', 'analyst_upside_pct': 8.3}",261.98,94202576896,Financial Services,Financial Data & Stock Exchanges,1.8,3.0,False,329.16,-20.4,2,False,-2.7,283.6,330.0,230.0,15.0,hold,8.3,345.64,31.9,258.07,-1.5,reportado,múltiplo propio,4.0,0.18,False,,4.49,11.76,,1.98,95.4,5.2,3.59,False,0.26,,9,,25.2,Operating Income,33.0,1.0,20.0,2026-10-21,False,True,True,6,NEUTRAL,4.42,78.0,1.38,21.5,0.4,0.02,-21.1,2026-10-01T05:49:23.947340,,,,,,
CRH,CRH plc,59.6,,trimestral,⭐ AVERAGE,🟡 Average,USD,USD,False,True,True,1.0,,78.0,60.0,15.0,75.0,70.0,15.0,0.0,False,down,12.6,True,1,5.6,True,1,"{'eps_growth_yoy': 12.6, 'op_growth_yoy': 6.3, 'crecimiento_respaldado': True, 'positive_quarters': 3, 'earnings_accelerating': True, 'eps_accel_quarters': 1, 'profit_margin_pct': 9.9, 'score_bruto_sin_capar': 78.0, 'satura': False}","{'revenue_growth_yoy': 5.6, 'revenue_accelerating': True, 'rev_accel_quarters': 1}","{'rs_3m': -25.3, 'rs_6m': -38.4, 'rs_line_percentile': 0.0, 'rs_line_at_new_high': False, 'rs_line_trend': 'down', 'rs_line_score': 15}","{'roe_pct': 15.8, 'debt_to_equity': 0.78, 'current_ratio': 1.58, 'operating_margin_pct': 19.0}","{'days_to_earnings': 'N/A', 'recommendation': 'strong_buy', 'analyst_upside_pct': 60.8}",82.8,55085555712,Basic Materials,Building Materials,2.0,2.7,False,131.55,-37.1,0,False,-11.3,133.17,165.0,105.0,24.0,strong_buy,60.8,,,96.94,17.1,reportado,múltiplo propio,4.0,0.9,False,,4.91,4.07,,1.88,26.9,1.56,2.16,True,-1.31,,9,,6.4,Operating Income,7.0,13.9,28.0,2026-10-29,False,True,False,6,NEUTRAL,7.25,16.2,4.38,27.8,1.6,0.06,-26.2,2026-10-01T05:56:46.764373,,"el capex se lleva el 50% del flujo operativo: lo que queda no es lo que gana el dueño, es lo que sobra tras decidir invertir",,,,
ATO,Atmos Energy Corporation,59.5,,trimestral,⭐ AVERAGE,🟡 Average,USD,USD,False,True,True,1.0,"FCF declarado (-2,020,303,000) se aparta del derivado de flujo operativo menos capex (-1,541,808,984)",95.0,50.0,24.0,55.0,55.0,15.0,1.9,False,down,30.2,False,0,4.8,False,0,"{'eps_growth_yoy': 30.2, 'op_growth_yoy': 27.1, 'crecimiento_respaldado': True, 'positive_quarters': 4, 'earnings_accelerating': False, 'eps_accel_quarters': 0, 'profit_margin_pct': 28.5, 'score_bruto_sin_capar': 95.0, 'satura': False}","{'revenue_growth_yoy': 4.8, 'revenue_accelerating': False, 'rev_accel_quarters': 0}","{'rs_3m': -13.7, 'rs_6m': -31.7, 'rs_line_percentile': 1.9, 'rs_line_at_new_high': False, 'rs_line_trend': 'down', 'rs_line_score': 15}","{'roe_pct': 9.8, 'debt_to_equity': 0.68, 'current_ratio': 0.81, 'operating_margin_pct': 37.2}","{'days_to_earnings': 'N/A', 'recommendation': 'hold', 'analyst_upside_pct': 18.6}",156.44,26436571136,Utilities,Utilities - Regulated Gas,2.9,4.8,False,192.51,-18.7,2,False,-6.4,185.55,206.0,170.0,11.0,hold,18.6,,,150.3,-3.9,reportado,múltiplo propio,4.0,0.35,False,,-5.83,-9.12,,2.54,46.1,4.0,2.39,False,,,9,,12.8,Operating Income,13.3,9.3,34.0,2026-11-04,False,True,False,6,NEUTRAL,4.3,6.1,1.73,11.0,,,,2026-10-01T05:55:34.361780,,"el capex se lleva el 176% del flujo operativo: lo que queda no es lo que gana el dueño, es lo que sobra tras decidir invertir",,,,
WM,"Waste Management, Inc.",59.5,,trimestral,⭐ AVERAGE,🟡 Average,USD,USD,False,True,True,1.0,,80.0,70.0,24.0,45.0,65.0,15.0,0.0,False,down,8.1,True,1,4.0,True,2,"{'eps_growth_yoy': 8.1, 'op_growth_yoy': 6.9, 'crecimiento_respaldado': True, 'positive_quarters': 4, 'earnings_accelerating': True, 'eps_accel_quarters': 1, 'profit_margin_pct': 11.1, 'score_bruto_sin_capar': 80.0, 'satura': False}","{'revenue_growth_yoy': 4.0, 'revenue_accelerating': True, 'rev_accel_quarters': 2}","{'rs_3m': -13.8, 'rs_6m': -27.9, 'rs_line_percentile': 0.0, 'rs_line_at_new_high': False, 'rs_line_trend': 'down', 'rs_line_score': 15}","{'roe_pct': 29.8, 'debt_to_equity': 2.35, 'current_ratio': 0.91, 'operating_margin_pct': 19.0}","{'days_to_earnings': 'N/A', 'recommendation': 'buy', 'analyst_upside_pct': 27.5}",203.92,81509924864,Industrials,Waste Management,1.5,2.7,False,248.13,-17.8,3,False,-7.5,259.92,277.0,220.0,25.0,buy,27.5,233.46,14.5,205.64,0.8,reportado,múltiplo propio,4.0,0.17,False,,4.04,8.24,,1.83,50.1,3.78,1.49,False,-0.47,,9,,5.2,Operating Income,5.0,8.3,26.0,2026-10-27,False,True,False,8,STRONG,4.42,22.6,2.98,14.8,,,,2026-10-01T05:48:28.033213,,,,,,
TYL,"Tyler Technologies, Inc.",59.5,,trimestral,⭐ AVERAGE,🟡 Average,USD,USD,False,True,True,1.0,,80.0,50.0,24.0,75.0,70.0,15.0,11.5,False,up,10.5,False,0,8.2,False,0,"{'eps_growth_yoy': 10.5, 'op_growth_yoy': -0.5, 'crecimiento_respaldado': True, 'positive_quarters': 4, 'earnings_accelerating': False, 'eps_accel_quarters': 0, 'profit_margin_pct': 13.4, 'score_bruto_sin_capar': 80.0, 'satura': False}","{'revenue_growth_yoy': 8.2, 'revenue_accelerating': False, 'rev_accel_quarters': 0}","{'rs_3m': -2.5, 'rs_6m': -21.4, 'rs_line_percentile': 11.5, 'rs_line_at_new_high': False, 'rs_line_trend': 'up', 'rs_line_score': 15}","{'roe_pct': 9.7, 'debt_to_equity': 0.48, 'current_ratio': 1.55, 'operating_margin_pct': 14.7}","{'days_to_earnings': 'N/A', 'recommendation': 'buy', 'analyst_upside_pct': 33.3}",318.6,13047394304,Technology,Software - Application,9.6,3.5,True,525.06,-39.3,0,False,-4.8,424.77,525.0,335.0,22.0,buy,33.3,429.12,34.7,,,reportado,,,,,,5.35,17.05,,,,,,True,-4.72,,9,,56.4,Operating Income,65.3,15.5,27.0,2026-10-28,False,True,False,8,STRONG,2.64,125.8,0.9,36.1,,,,2026-10-01T05:50:51.822270,,,múltiplo propio 89x fuera del rango 8-45,,,
POOL,Pool Corporation,59.0,,trimestral,⭐ AVERAGE,🟡 Average,USD,USD,False,True,True,1.0,,65.0,70.0,15.0,80.0,70.0,15.0,0.6,False,down,-3.2,True,2,2.2,True,2,"{'eps_growth_yoy': -3.2, 'op_growth_yoy': -1.8, 'crecimiento_respaldado': True, 'positive_quarters': 4, 'earnings_accelerating': True, 'eps_accel_quarters': 2, 'profit_margin_pct': 7.4, 'score_bruto_sin_capar': 65.0, 'satura': False}","{'revenue_growth_yoy': 2.2, 'revenue_accelerating': True, 'rev_accel_quarters': 2}","{'rs_3m': -28.4, 'rs_6m': -34.9, 'rs_line_percentile': 0.6, 'rs_line_at_new_high': False, 'rs_line_trend': 'down', 'rs_line_score': 15}","{'roe_pct': 31.3, 'debt_to_equity': 1.35, 'current_ratio': 2.67, 'operating_margin_pct': 15.1}","{'days_to_earnings': 'N/A', 'recommendation': 'buy', 'analyst_upside_pct': 34.1}",161.87,5882476544,Industrials,Industrial Distribution,10.8,5.1,True,313.75,-48.4,0,False,-11.8,217.0,260.0,185.0,12.0,buy,34.1,115.07,-28.9,265.12,63.8,reportado,múltiplo propio,4.0,0.57,False,,5.28,8.55,,3.2,46.4,5.2,1.26,True,-3.41,,9,,12.4,Operating Income,12.4,,21.0,2026-10-22,False,True,True,5,NEUTRAL,7.69,34.5,,23.0,,,,2026-10-01T05:58:18.411291,,,,,,
CPRT,"Copart, Inc.",59.0,,trimestral,⭐ AVERAGE,🟡 Average,USD,USD,False,True,True,1.0,"FCF declarado (1,339,233,000) se aparta del derivado de flujo operativo menos capex (1,035,502,032)",65.0,60.0,24.0,85.0,70.0,15.0,0.8,False,flat,-1.0,True,1,2.1,True,1,"{'eps_growth_yoy': -1.0, 'op_growth_yoy': 2.8, 'crecimiento_respaldado': True, 'positive_quarters': 4, 'earnings_accelerating': True, 'eps_accel_quarters': 1, 'profit_margin_pct': 31.8, 'score_bruto_sin_capar': 65.0, 'satura': False}","{'revenue_growth_yoy': 2.1, 'revenue_accelerating': True, 'rev_accel_quarters': 1}","{'rs_3m': -11.7, 'rs_6m': -34.4, 'rs_line_percentile': 0.8, 'rs_line_at_new_high': False, 'rs_line_trend': 'flat', 'rs_line_score': 15}","{'roe_pct': 16.2, 'debt_to_equity': 0.01, 'current_ratio': 7.91, 'operating_margin_pct': 32.0}","{'days_to_earnings': 'N/A', 'recommendation': 'buy', 'analyst_upside_pct': 43.0}",27.28,25270294528,Industrials,Specialty Business Services,4.6,3.3,False,45.89,-40.6,0,False,-10.5,39.0,55.0,25.0,10.0,buy,43.0,24.6,-9.8,49.19,80.3,reportado,múltiplo propio,4.0,0.29,False,,4.1,1.12,,,,,,True,-4.67,,9,,,,,-10.2,49.0,2026-11-19,False,True,False,6,NEUTRAL,8.12,19.3,1.3,38.1,1.6,0.04,-36.5,2026-10-01T05:49:10.973607,,,,,,
HLT,Hilton Worldwide Holdings Inc.,58.8,,trimestral,⭐ AVERAGE,🟡 Average,USD,USD,False,True,True,1.0,,75.0,60.0,44.0,50.0,50.0,35.0,35.1,False,down,9.5,False,0,6.5,True,1,"{'eps_growth_yoy': 9.5, 'op_growth_yoy': 10.3, 'crecimiento_respaldado': True, 'positive_quarters': 4, 'earnings_accelerating': False, 'eps_accel_quarters': 0, 'profit_margin_pct': 31.0, 'score_bruto_sin_capar': 75.0, 'satura': False}","{'revenue_growth_yoy': 6.5, 'revenue_accelerating': True, 'rev_accel_quarters': 1}","{'rs_3m': -8.5, 'rs_6m': -13.7, 'rs_line_percentile': 35.1, 'rs_line_at_new_high': False, 'rs_line_trend': 'down', 'rs_line_score': 35}","{'current_ratio': 0.65, 'operating_margin_pct': 63.0}","{'days_to_earnings': 'N/A', 'recommendation': 'none', 'analyst_upside_pct': 11.0}",318.12,71597645824,Consumer Cyclical,Lodging,2.7,3.1,False,358.0,-11.1,4,False,0.1,353.0,394.0,270.0,26.0,none,11.0,186.67,-41.3,279.51,-12.1,reportado,múltiplo propio,4.0,0.47,False,,2.69,8.56,,0.19,8.8,0.6,0.8,True,-4.18,,9,,4.4,Operating Income,4.3,7.0,26.0,2026-10-27,False,True,False,6,NEUTRAL,3.18,213.6,2.88,18.0,0.8,0.04,-17.2,2026-10-01T05:56:59.219542,,,,,,
CB,Chubb Limited,58.5,,trimestral,⭐ AVERAGE,🟡 Average,USD,USD,False,True,True,1.0,,60.0,70.0,36.0,65.0,60.0,15.0,23.1,False,down,-3.8,True,1,7.2,True,2,"{'eps_growth_yoy': -3.8, 'op_growth_yoy': -1.9, 'crecimiento_respaldado': True, 'positive_quarters': 4, 'earnings_accelerating': True, 'eps_accel_quarters': 1, 'profit_margin_pct': 18.1, 'score_bruto_sin_capar': 60.0, 'satura': False}","{'revenue_growth_yoy': 7.2, 'revenue_accelerating': True, 'rev_accel_quarters': 2}","{'rs_3m': -12.3, 'rs_6m': -17.0, 'rs_line_percentile': 23.1, 'rs_line_at_new_high': False, 'rs_line_trend': 'down', 'rs_line_score': 15}","{'roe_pct': 14.8, 'debt_to_equity': 0.31, 'current_ratio': 0.41, 'operating_margin_pct': 23.5}","{'days_to_earnings': 'N/A', 'recommendation': 'buy', 'analyst_upside_pct': 12.5}",325.25,125481410560,Financial Services,Insurance - Property & Casualty,0.9,2.3,False,365.91,-11.1,4,False,-5.1,365.91,425.0,306.0,23.0,buy,12.5,,,340.59,4.7,reportado,múltiplo propio,4.0,0.58,False,,8.36,27.19,,1.23,13.9,4.08,1.43,True,-3.11,,7,,18.9,EBIT,18.9,-0.5,19.0,2026-10-20,False,True,True,6,NEUTRAL,9.33,,0.41,15.7,,,,2026-10-01T05:53:36.633223,,"Insurance - Property & Casualty: el flujo operativo son depósitos, préstamos o primas, no caja libre para el accionista",,,,
MRSH,"Marsh & McLennan Companies, Inc.",58.2,,trimestral,⭐ AVERAGE,🟡 Average,USD,USD,False,True,True,1.0,,70.0,50.0,36.0,80.0,55.0,15.0,14.4,False,down,4.5,False,0,6.2,False,0,"{'eps_growth_yoy': 4.5, 'op_growth_yoy': 3.8, 'crecimiento_respaldado': True, 'positive_quarters': 4, 'earnings_accelerating': False, 'eps_accel_quarters': 0, 'profit_margin_pct': 14.2, 'score_bruto_sin_capar': 70.0, 'satura': False}","{'revenue_growth_yoy': 6.2, 'revenue_accelerating': False, 'rev_accel_quarters': 0}","{'rs_3m': -6.5, 'rs_6m': -16.6, 'rs_line_percentile': 14.4, 'rs_line_at_new_high': False, 'rs_line_trend': 'down', 'rs_line_score': 15}","{'roe_pct': 25.9, 'debt_to_equity': 1.45, 'current_ratio': 1.14, 'operating_margin_pct': 26.3}","{'days_to_earnings': 'N/A', 'recommendation': 'hold', 'analyst_upside_pct': 21.2}",170.73,81474273280,Financial Services,Insurance Brokers,1.2,2.8,False,207.83,-17.9,2,False,-7.2,206.86,238.0,182.0,21.0,hold,21.2,,,201.62,18.1,reportado,múltiplo propio,4.0,0.17,False,,5.88,10.04,,2.32,44.0,3.96,1.48,True,-2.63,,9,,6.3,Operating Income,6.6,2.9,14.0,2026-10-15,False,True,True,6,NEUTRAL,6.08,140.5,1.28,18.1,,,,2026-10-01T05:49:15.370859,,"Insurance Brokers: el flujo operativo son depósitos, préstamos o primas, no caja libre para el accionista",,,,
LIN,Linde plc,58.0,,trimestral,⭐ AVERAGE,🟡 Average,USD,USD,False,True,True,1.0,,75.0,60.0,24.0,65.0,60.0,15.0,23.9,False,down,9.2,False,0,9.3,True,1,"{'eps_growth_yoy': 9.2, 'op_growth_yoy': 8.5, 'crecimiento_respaldado': True, 'positive_quarters': 4, 'earnings_accelerating': False, 'eps_accel_quarters': 0, 'profit_margin_pct': 20.4, 'score_bruto_sin_capar': 75.0, 'satura': False}","{'revenue_growth_yoy': 9.3, 'revenue_accelerating': True, 'rev_accel_quarters': 1}","{'rs_3m': -15.5, 'rs_6m': -20.2, 'rs_line_percentile': 23.9, 'rs_line_at_new_high': False, 'rs_line_trend': 'down', 'rs_line_score': 15}","{'roe_pct': 18.4, 'debt_to_equity': 0.69, 'current_ratio': 0.88, 'operating_margin_pct': 28.1}","{'days_to_earnings': 'N/A', 'recommendation': 'buy', 'analyst_upside_pct': 14.3}",474.65,218804224000,Basic Materials,Specialty Chemicals,1.3,3.0,False,548.2,-13.4,3,False,-1.3,542.6,580.0,400.0,25.0,buy,14.3,,,477.44,0.6,reportado,múltiplo propio,4.0,0.29,False,,2.39,11.34,,1.35,40.0,6.4,1.3,True,-1.91,,9,,20.9,Operating Income,21.3,11.3,29.0,2026-10-30,False,True,False,5,NEUTRAL,3.8,31.5,1.15,12.9,,,,2026-10-01T05:48:41.133380,,"el capex se lleva el 50% del flujo operativo: lo que queda no es lo que gana el dueño, es lo que sobra tras decidir invertir",,,,
KVUE,Kenvue Inc.,57.8,,trimestral,⭐ AVERAGE,🟡 Average,USD,USD,False,True,True,1.0,,70.0,50.0,44.0,70.0,50.0,35.0,45.5,False,down,8.6,False,0,3.0,False,0,"{'eps_growth_yoy': 8.6, 'op_growth_yoy': 0.8, 'crecimiento_respaldado': True, 'positive_quarters': 4, 'earnings_accelerating': False, 'eps_accel_quarters': 0, 'profit_margin_pct': 10.8, 'score_bruto_sin_capar': 70.0, 'satura': False}","{'revenue_growth_yoy': 3.0, 'revenue_accelerating': False, 'rev_accel_quarters': 0}","{'rs_3m': -11.5, 'rs_6m': -11.8, 'rs_line_percentile': 45.5, 'rs_line_at_new_high': False, 'rs_line_trend': 'down', 'rs_line_score': 35}","{'roe_pct': 15.6, 'debt_to_equity': 0.82, 'current_ratio': 1.0, 'operating_margin_pct': 19.4}","{'days_to_earnings': 'N/A', 'recommendation': 'none', 'analyst_upside_pct': 10.4}",17.66,33920860160,Consumer Defensive,Household & Personal Products,3.5,2.1,False,20.13,-12.3,4,False,-4.3,19.5,23.0,18.0,12.0,none,10.4,17.92,1.5,18.11,2.5,reportado,múltiplo propio,3.0,0.72,True,,5.45,0.96,,4.69,97.7,0.84,,False,-0.26,,9,,6.9,Operating Income,6.2,4.2,35.0,2026-11-05,False,True,False,7,NEUTRAL,6.55,122.7,,18.7,,,,2026-10-01T05:59:08.383386,,,,,,
PEP,"PepsiCo, Inc.",57.5,,trimestral,⭐ AVERAGE,🟡 Average,USD,USD,False,True,True,1.0,,85.0,60.0,24.0,45.0,55.0,15.0,0.0,False,down,136.0,True,1,6.4,True,1,"{'eps_growth_yoy': 136.0, 'op_growth_yoy': 10.2, 'crecimiento_respaldado': False, 'crecimiento_puntuado': 35.2, 'positive_quarters': 4, 'earnings_accelerating': True, 'eps_accel_quarters': 1, 'profit_margin_pct': 10.8, 'score_bruto_sin_capar': 100.0, 'satura': False}","{'revenue_growth_yoy': 6.4, 'revenue_accelerating': True, 'rev_accel_quarters': 1}","{'rs_3m': -13.8, 'rs_6m': -33.3, 'rs_line_percentile': 0.0, 'rs_line_at_new_high': False, 'rs_line_trend': 'down', 'rs_line_score': 15}","{'roe_pct': 51.5, 'debt_to_equity': 2.39, 'current_ratio': 0.93, 'operating_margin_pct': 16.8}","{'days_to_earnings': 'N/A', 'recommendation': 'hold', 'analyst_upside_pct': 18.4}",126.72,173099515904,Consumer Defensive,Beverages - Non-Alcoholic,2.1,3.5,False,171.48,-26.1,0,False,-7.1,150.0,180.0,124.0,22.0,hold,18.4,149.42,17.9,177.83,40.3,reportado,múltiplo propio,4.0,0.18,False,,5.22,6.61,,4.67,75.3,5.92,3.14,False,-0.29,,9,,12.9,Operating Income,12.7,54.8,7.0,2026-10-08,True,True,False,5,NEUTRAL,6.26,40.1,,14.3,0.4,0.03,-13.9,2026-10-01T05:54:23.070987,,,,,,
DVA,DaVita Inc.,57.5,,trimestral,⭐ AVERAGE,🟡 Average,USD,USD,False,True,True,1.0,,75.0,50.0,35.0,60.0,65.0,35.0,43.3,False,down,21.2,False,0,6.0,False,0,"{'eps_growth_yoy': 21.2, 'op_growth_yoy': 9.3, 'crecimiento_respaldado': True, 'positive_quarters': 4, 'earnings_accelerating': False, 'eps_accel_quarters': 0, 'profit_margin_pct': 6.0, 'score_bruto_sin_capar': 75.0, 'satura': False}","{'revenue_growth_yoy': 6.0, 'revenue_accelerating': False, 'rev_accel_quarters': 0}","{'rs_3m': -28.2, 'rs_6m': -0.6, 'rs_line_percentile': 43.3, 'rs_line_at_new_high': False, 'rs_line_trend': 'down', 'rs_line_score': 35}","{'roe_pct': 88.5, 'debt_to_equity': 12.42, 'current_ratio': 1.47, 'operating_margin_pct': 16.1}","{'days_to_earnings': 'N/A', 'recommendation': 'buy', 'analyst_upside_pct': 25.7}",174.92,11227240448,Healthcare,Medical Care Facilities,13.2,7.2,True,247.49,-29.3,4,False,-8.7,219.86,270.0,165.0,7.0,buy,25.7,465.22,166.0,157.71,-9.8,reportado,múltiplo propio,4.0,0.19,False,,11.12,19.45,22.8,,,,,True,-14.57,,9,,3.5,Operating Income,3.4,39.1,27.0,2026-10-28,False,True,False,6,NEUTRAL,7.82,32.8,0.54,35.0,,,,2026-10-01T05:57:48.891944,,,,,,
OTIS,Otis Worldwide Corporation,57.5,,trimestral,⭐ AVERAGE,🟡 Average,USD,USD,False,True,True,1.0,,80.0,60.0,24.0,45.0,70.0,15.0,0.0,False,down,8.9,True,1,7.3,True,1,"{'eps_growth_yoy': 8.9, 'op_growth_yoy': 5.1, 'crecimiento_respaldado': True, 'positive_quarters': 4, 'earnings_accelerating': True, 'eps_accel_quarters': 1, 'profit_margin_pct': 10.2, 'score_bruto_sin_capar': 80.0, 'satura': False}","{'revenue_growth_yoy': 7.3, 'revenue_accelerating': True, 'rev_accel_quarters': 1}","{'rs_3m': -14.2, 'rs_6m': -32.9, 'rs_line_percentile': 0.0, 'rs_line_at_new_high': False, 'rs_line_trend': 'down', 'rs_line_score': 15}","{'current_ratio': 0.83, 'operating_margin_pct': 15.1}","{'days_to_earnings': 'N/A', 'recommendation': 'buy', 'analyst_upside_pct': 34.5}",64.32,24484653056,Industrials,Specialty Industrial Machinery,4.8,4.5,False,94.565,-32.0,0,False,-8.8,86.54,105.0,73.0,13.0,buy,34.5,94.8,47.4,95.82,49.0,reportado,múltiplo propio,4.0,0.13,False,,7.02,4.52,,2.68,43.7,1.76,1.5,True,-3.11,,9,,,,,9.1,27.0,2026-10-28,False,True,False,6,NEUTRAL,6.76,171.1,2.46,23.3,1.6,0.07,-21.7,2026-10-01T05:52:40.966926,,,,,,
RELX,RELX PLC,57.2,,anual,⭐ AVERAGE,🟡 Average,USD,GBP,True,True,True,1.0,,75.0,50.0,38.7,50.0,70.0,15.0,14.0,False,flat,6.8,False,0,1.7,False,0,"{'eps_growth_yoy': 6.8, 'op_growth_yoy': 5.9, 'crecimiento_respaldado': True, 'positive_quarters': 4, 'earnings_accelerating': False, 'eps_accel_quarters': 0, 'profit_margin_pct': 23.3, 'score_bruto_sin_capar': 75.0, 'satura': False}","{'revenue_growth_yoy': 1.7, 'revenue_accelerating': False, 'rev_accel_quarters': 0}","{'rs_3m': 2.1, 'rs_6m': -14.4, 'rs_line_percentile': 14.0, 'rs_line_at_new_high': False, 'rs_line_trend': 'flat', 'rs_line_score': 15}","{'roe_pct': 131.9, 'debt_to_equity': 7.1, 'current_ratio': 0.45, 'operating_margin_pct': 32.0}","{'days_to_earnings': 'N/A', 'recommendation': 'strong_buy', 'analyst_upside_pct': 60.8}",33.18,57659969536,Industrials,Specialty Business Services,0.4,3.2,False,47.22,-29.7,1,False,-4.9,53.35,57.0,49.7,2.0,strong_buy,60.8,49.46,49.1,61.86,86.4,reportado,múltiplo propio,4.0,0.32,False,,5.71,1.89,,2.75,53.4,0.91,2.01,,,,9,,,,,12.2,133.0,2027-02-11,False,True,False,7,NEUTRAL,1.24,1876.1,1.55,35.9,6.3,0.17,-29.6,2026-10-01T05:48:15.969280,,,,,,
MKC,"McCormick & Company, Incorporated",56.7,,trimestral,⭐ AVERAGE,🟡 Average,USD,USD,False,True,True,0.945,acciones × precio no cuadra (ratio 0.9450) pero la divisa sí: son clases múltiples. Se usan 269 M de acciones efectivas (capitalización ÷ precio) en vez de las 254 M declaradas,55.0,70.0,36.0,60.0,65.0,15.0,0.7,False,down,-14.2,False,0,16.7,True,1,"{'eps_growth_yoy': -14.2, 'op_growth_yoy': 30.1, 'crecimiento_respaldado': True, 'positive_quarters': 4, 'earnings_accelerating': False, 'eps_accel_quarters': 0, 'profit_margin_pct': 21.9, 'score_bruto_sin_capar': 55.0, 'satura': False}","{'revenue_growth_yoy': 16.7, 'revenue_accelerating': True, 'rev_accel_quarters': 1}","{'rs_3m': -15.1, 'rs_6m': -19.3, 'rs_line_percentile': 0.7, 'rs_line_at_new_high': False, 'rs_line_trend': 'down', 'rs_line_score': 15}","{'roe_pct': 24.7, 'debt_to_equity': 0.65, 'current_ratio': 0.78, 'operating_margin_pct': 17.4}","{'days_to_earnings': 'N/A', 'recommendation': 'buy', 'analyst_upside_pct': 29.5}",46.4,12474712064,Consumer Defensive,Packaged Foods,,0.0,False,72.41,-35.9,0,False,-10.7,60.08,75.0,52.0,13.0,buy,29.5,94.95,104.6,,,reportado,múltiplo propio,4.0,0.34,False,,8.09,3.75,,3.97,30.9,1.92,2.11,False,-0.11,,9,,5.8,Operating Income,5.5,-9.9,0.0,2026-10-01,True,True,False,6,NEUTRAL,6.18,65.6,2.76,20.3,,,,2026-10-01T05:54:52.464123,268851553.0,,"objetivo 148 sobre un precio de 46 (+220%): el BPA no cuadra con el múltiplo histórico, no se publica",,,
INTU,Intuit Inc.,56.0,,trimestral,⭐ AVERAGE,🟡 Average,USD,USD,False,True,True,1.0,,55.0,60.0,24.0,85.0,70.0,15.0,2.4,False,down,-4.7,False,0,13.7,False,0,"{'eps_growth_yoy': -4.7, 'op_growth_yoy': 125.9, 'crecimiento_respaldado': True, 'positive_quarters': 4, 'earnings_accelerating': False, 'eps_accel_quarters': 0, 'profit_margin_pct': 21.3, 'score_bruto_sin_capar': 55.0, 'satura': False}","{'revenue_growth_yoy': 13.7, 'revenue_accelerating': False, 'rev_accel_quarters': 0}","{'rs_3m': -2.1, 'rs_6m': -51.8, 'rs_line_percentile': 2.4, 'rs_line_at_new_high': False, 'rs_line_trend': 'down', 'rs_line_score': 15}","{'roe_pct': 23.6, 'debt_to_equity': 0.44, 'current_ratio': 1.51, 'operating_margin_pct': 17.6}","{'days_to_earnings': 'N/A', 'recommendation': 'buy', 'analyst_upside_pct': 47.1}",275.71,73679634432,Technology,Software - Application,3.0,1.8,False,689.17,-60.0,0,False,-14.8,405.6,732.0,290.0,31.0,buy,47.1,816.88,196.3,,,reportado,,,,,,11.7,32.26,,2.06,29.2,5.52,0.68,True,-3.55,,9,,24.1,Operating Income,24.5,-1.0,49.0,2026-11-19,False,True,False,8,STRONG,8.25,91.1,0.41,40.6,,,,2026-10-01T05:50:10.500525,,,múltiplo propio 58x fuera del rango 8-45,,,
ERIE,Erie Indemnity Company,56.0,,trimestral,⭐ AVERAGE,🟡 Average,USD,USD,False,True,True,0.8833,acciones × precio no cuadra (ratio 0.8833) pero la divisa sí: son clases múltiples. Se usan 52 M de acciones efectivas (capitalización ÷ precio) en vez de las 46 M declaradas,70.0,50.0,24.0,85.0,50.0,15.0,6.5,False,flat,3.2,False,0,1.7,False,0,"{'eps_growth_yoy': 3.2, 'positive_quarters': 4, 'earnings_accelerating': False, 'eps_accel_quarters': 0, 'profit_margin_pct': 14.0, 'score_bruto_sin_capar': 70.0, 'satura': False}","{'revenue_growth_yoy': 1.7, 'revenue_accelerating': False, 'rev_accel_quarters': 0}","{'rs_3m': -17.6, 'rs_6m': -27.2, 'rs_line_percentile': 6.5, 'rs_line_at_new_high': False, 'rs_line_trend': 'flat', 'rs_line_score': 15}","{'roe_pct': 24.8, 'debt_to_equity': 0.03, 'current_ratio': 1.25, 'operating_margin_pct': 19.1}","{'days_to_earnings': 'N/A', 'recommendation': 'none'}",219.15,11459323904,Financial Services,Insurance Brokers,9.5,8.2,True,330.54,-33.7,0,False,-10.6,,,,,none,,,,404.8,84.7,reportado,múltiplo propio,4.0,0.4,False,,5.08,11.13,,2.67,64.6,5.85,1.8,False,,,7,,,,,1.6,28.0,2026-10-29,False,True,False,4,NEUTRAL,,,0.67,29.4,6.3,0.21,-23.1,2026-10-01T05:51:12.536427,52289865.0,"Insurance Brokers: el flujo operativo son depósitos, préstamos o primas, no caja libre para el accionista",,,,
AJG,Arthur J. Gallagher & Co.,56.0,,trimestral,⭐ AVERAGE,🟡 Average,USD,USD,False,True,True,1.0,,50.0,70.0,36.0,65.0,65.0,15.0,19.8,False,down,-12.0,False,0,24.2,False,0,"{'eps_growth_yoy': -12.0, 'op_growth_yoy': -6.1, 'crecimiento_respaldado': True, 'positive_quarters': 4, 'earnings_accelerating': False, 'eps_accel_quarters': 0, 'profit_margin_pct': 10.4, 'score_bruto_sin_capar': 50.0, 'satura': False}","{'revenue_growth_yoy': 24.2, 'revenue_accelerating': False, 'rev_accel_quarters': 0}","{'rs_3m': -12.0, 'rs_6m': -10.9, 'rs_line_percentile': 19.8, 'rs_line_at_new_high': False, 'rs_line_trend': 'down', 'rs_line_score': 15}","{'roe_pct': 6.7, 'debt_to_equity': 0.59, 'current_ratio': 1.05, 'operating_margin_pct': 19.2}","{'days_to_earnings': 'N/A', 'recommendation': 'buy', 'analyst_upside_pct': 27.0}",228.11,58473943040,Financial Services,Insurance Brokers,2.5,4.7,False,313.55,-27.2,1,False,-8.7,289.67,388.0,250.0,18.0,buy,27.0,,,264.35,15.9,reportado,múltiplo propio,4.0,0.33,False,,3.94,8.99,,1.23,44.8,2.8,1.01,False,-0.67,,9,,4.2,Operating Income,4.1,-10.7,28.0,2026-10-29,False,True,False,6,NEUTRAL,3.59,79.3,4.47,30.4,0.8,0.03,-29.6,2026-10-01T05:51:29.374958,,"Insurance Brokers: el flujo operativo son depósitos, préstamos o primas, no caja libre para el accionista",,,,
CHD,"Church & Dwight Co., Inc.",55.0,,trimestral,⭐ AVERAGE,🟡 Average,USD,USD,False,True,True,1.0,,60.0,50.0,36.0,75.0,60.0,15.0,13.3,False,down,-1.7,True,1,0.1,False,0,"{'eps_growth_yoy': -1.7, 'op_growth_yoy': -1.5, 'crecimiento_respaldado': True, 'positive_quarters': 4, 'earnings_accelerating': True, 'eps_accel_quarters': 1, 'profit_margin_pct': 12.0, 'score_bruto_sin_capar': 60.0, 'satura': False}","{'revenue_growth_yoy': 0.1, 'revenue_accelerating': False, 'rev_accel_quarters': 0}","{'rs_3m': -6.8, 'rs_6m': -14.9, 'rs_line_percentile': 13.3, 'rs_line_at_new_high': False, 'rs_line_trend': 'down', 'rs_line_score': 15}","{'roe_pct': 17.0, 'debt_to_equity': 0.56, 'current_ratio': 1.15, 'operating_margin_pct': 18.1}","{'days_to_earnings': 'N/A', 'recommendation': 'buy', 'analyst_upside_pct': 11.6}",94.22,22349352960,Consumer Defensive,Household & Personal Products,5.2,5.9,False,106.04,-11.1,4,False,-4.3,105.11,115.0,78.0,19.0,buy,11.6,128.21,36.1,93.54,-0.7,reportado,múltiplo propio,3.0,0.61,True,2024-12-31,5.09,4.8,,1.3,38.6,1.23,1.16,True,-3.33,,9,,11.2,Operating Income,10.9,6.3,29.0,2026-10-30,False,True,False,7,NEUTRAL,4.39,116.9,1.08,12.9,1.6,0.12,-11.3,2026-10-01T05:53:02.315254,,,,,,
IT,"Gartner, Inc.",54.6,,trimestral,⭐ AVERAGE,🟡 Average,USD,USD,False,True,True,1.0,,70.0,30.0,56.6,65.0,50.0,35.0,34.3,False,up,5.4,False,0,-1.5,False,0,"{'eps_growth_yoy': 5.4, 'op_growth_yoy': 11.5, 'crecimiento_respaldado': True, 'positive_quarters': 4, 'earnings_accelerating': False, 'eps_accel_quarters': 0, 'profit_margin_pct': 12.0, 'score_bruto_sin_capar': 70.0, 'satura': False}","{'revenue_growth_yoy': -1.5, 'revenue_accelerating': False, 'rev_accel_quarters': 0}","{'rs_3m': 34.2, 'rs_6m': 3.5, 'rs_line_percentile': 34.3, 'rs_line_at_new_high': False, 'rs_line_trend': 'up', 'rs_line_score': 35}","{'roe_pct': 113.6, 'current_ratio': 0.88, 'operating_margin_pct': 22.6}","{'days_to_earnings': 'N/A', 'recommendation': 'hold', 'analyst_upside_pct': -0.7}",186.54,11779809280,Technology,Information Technology Services,18.6,7.0,True,261.84,-28.8,4,False,3.6,185.15,229.0,150.0,13.0,hold,-0.7,366.72,96.6,355.55,90.6,reportado,múltiplo propio,4.0,0.46,False,,10.76,20.07,,,,,,True,-13.93,,9,,9.1,Operating Income,8.5,13.2,33.0,2026-11-03,False,True,False,6,NEUTRAL,8.63,274.6,,59.9,,,,2026-10-01T05:53:19.270139,,,,,,
GVDNY,Givaudan SA,54.0,,anual,⭐ AVERAGE,🟡 Average,USD,CHF,True,True,True,1.0,"FCF declarado (724,094,034) se aparta del derivado de flujo operativo menos capex (1,426,249,734)",50.0,50.0,47.6,70.0,65.0,35.0,35.0,False,down,-1.7,False,0,0.8,False,0,"{'eps_growth_yoy': -1.7, 'op_growth_yoy': -2.2, 'crecimiento_respaldado': True, 'positive_quarters': 4, 'earnings_accelerating': False, 'eps_accel_quarters': 0, 'profit_margin_pct': 12.9, 'score_bruto_sin_capar': 50.0, 'satura': False}","{'revenue_growth_yoy': 0.8, 'revenue_accelerating': False, 'rev_accel_quarters': 0}","{'rs_3m': -9.6, 'rs_6m': 2.1, 'rs_line_percentile': 35.0, 'rs_line_at_new_high': False, 'rs_line_trend': 'down', 'rs_line_score': 35}","{'roe_pct': 22.3, 'debt_to_equity': 1.11, 'current_ratio': 1.29, 'operating_margin_pct': 18.8}","{'days_to_earnings': 'N/A', 'recommendation': 'strong_buy', 'analyst_upside_pct': 17.8}",81.27,37511454720,Basic Materials,Specialty Chemicals,,,False,90.69,-10.4,5,False,0.5,95.74,95.74,95.74,1.0,strong_buy,17.8,76.54,-5.8,87.41,7.6,reportado,múltiplo propio,3.0,0.28,True,,3.8,3.09,,2.21,71.1,1.82,1.88,,,,9,,,,,-10.0,118.0,2027-01-27,False,True,False,7,NEUTRAL,3.26,33.7,,27.0,,,,2026-10-01T05:50:27.064968,,,,,,
ZTS,Zoetis Inc.,54.0,,trimestral,⭐ AVERAGE,🟡 Average,USD,USD,False,True,True,1.0,,75.0,40.0,24.0,65.0,70.0,15.0,0.0,False,down,-4.8,True,2,-0.2,True,1,"{'eps_growth_yoy': -4.8, 'op_growth_yoy': 0.2, 'crecimiento_respaldado': True, 'positive_quarters': 4, 'earnings_accelerating': True, 'eps_accel_quarters': 2, 'profit_margin_pct': 27.7, 'score_bruto_sin_capar': 75.0, 'satura': False}","{'revenue_growth_yoy': -0.2, 'revenue_accelerating': True, 'rev_accel_quarters': 1}","{'rs_3m': -8.6, 'rs_6m': -56.8, 'rs_line_percentile': 0.0, 'rs_line_at_new_high': False, 'rs_line_trend': 'down', 'rs_line_score': 15}","{'roe_pct': 64.9, 'debt_to_equity': 2.94, 'current_ratio': 3.08, 'operating_margin_pct': 40.7}","{'days_to_earnings': 'N/A', 'recommendation': 'buy', 'analyst_upside_pct': 37.5}",69.83,28855406592,Healthcare,Drug Manufacturers - Specialty & Generic,4.8,3.8,False,148.79,-53.1,0,False,-6.4,96.0,155.0,80.0,14.0,buy,37.5,142.39,103.9,,,reportado,múltiplo propio,4.0,0.56,False,,7.69,5.37,,3.02,33.6,2.12,0.95,True,-6.24,,9,,15.1,Operating Income,14.7,0.8,35.0,2026-11-05,False,True,False,6,NEUTRAL,9.87,42.3,1.04,19.1,0.4,0.02,-18.7,2026-10-01T05:49:49.284886,,,"objetivo 184 sobre un precio de 70 (+164%): el BPA no cuadra con el múltiplo histórico, no se publica",,,
PG,The Procter & Gamble Company,53.7,,trimestral,⭐ AVERAGE,🟡 Average,USD,USD,False,True,True,1.0,,50.0,60.0,36.0,70.0,60.0,15.0,10.4,False,down,-15.8,False,0,1.5,True,1,"{'eps_growth_yoy': -15.8, 'op_growth_yoy': -9.3, 'crecimiento_respaldado': True, 'positive_quarters': 4, 'earnings_accelerating': False, 'eps_accel_quarters': 0, 'profit_margin_pct': 18.4, 'score_bruto_sin_capar': 50.0, 'satura': False}","{'revenue_growth_yoy': 1.5, 'revenue_accelerating': True, 'rev_accel_quarters': 1}","{'rs_3m': -6.0, 'rs_6m': -14.6, 'rs_line_percentile': 10.4, 'rs_line_at_new_high': False, 'rs_line_trend': 'down', 'rs_line_score': 15}","{'roe_pct': 30.3, 'debt_to_equity': 0.64, 'current_ratio': 0.68, 'operating_margin_pct': 22.1}","{'days_to_earnings': 'N/A', 'recommendation': 'buy', 'analyst_upside_pct': 10.6}",145.28,337693638656,Consumer Defensive,Household & Personal Products,1.0,2.6,False,167.25,-13.1,2,False,-0.4,160.61,186.0,143.0,23.0,buy,10.6,162.81,12.1,153.05,5.3,reportado,múltiplo propio,4.0,0.16,False,,4.49,6.52,,2.94,64.3,4.35,2.5,True,-1.27,,9,,22.5,Operating Income,24.3,-10.8,21.0,2026-10-22,False,True,True,6,NEUTRAL,5.43,77.9,4.99,16.8,,,,2026-10-01T05:50:18.864612,,,,,,
HESAY,Hermès International Société en commandite par actions,53.2,,anual,⭐ AVERAGE,🟡 Average,USD,EUR,True,True,True,1.0,,55.0,50.0,15.0,95.0,70.0,15.0,0.0,False,down,-1.7,False,0,5.5,False,0,"{'eps_growth_yoy': -1.7, 'op_growth_yoy': 7.4, 'crecimiento_respaldado': True, 'positive_quarters': 4, 'earnings_accelerating': False, 'eps_accel_quarters': 0, 'profit_margin_pct': 28.0, 'score_bruto_sin_capar': 55.0, 'satura': False}","{'revenue_growth_yoy': 5.5, 'revenue_accelerating': False, 'rev_accel_quarters': 0}","{'rs_3m': -22.6, 'rs_6m': -38.5, 'rs_line_percentile': 0.0, 'rs_line_at_new_high': False, 'rs_line_trend': 'down', 'rs_line_score': 15}","{'roe_pct': 25.5, 'debt_to_equity': 0.12, 'current_ratio': 4.54, 'operating_margin_pct': 42.2}","{'days_to_earnings': 'N/A', 'recommendation': 'strong_buy', 'analyst_upside_pct': 42.9}",150.7,157845487616,Consumer Cyclical,Luxury Goods,,,False,265.89,-43.3,0,False,-13.4,215.33,230.0,201.0,3.0,strong_buy,42.9,115.99,-23.0,,,reportado,,,,,,3.38,5.09,,1.37,41.8,2.11,0.61,,,,9,,,,,-0.3,133.0,2027-02-11,False,True,False,8,STRONG,4.53,36.8,2.59,25.9,,,,2026-10-01T05:49:32.193792,,,múltiplo propio 52x fuera del rango 8-45,,,
VRSK,"Verisk Analytics, Inc.",53.0,,trimestral,⭐ AVERAGE,🟡 Average,USD,USD,False,True,True,1.0,,55.0,60.0,24.0,65.0,70.0,15.0,6.4,False,down,-9.8,False,0,4.4,True,1,"{'eps_growth_yoy': -9.8, 'op_growth_yoy': 2.7, 'crecimiento_respaldado': True, 'positive_quarters': 4, 'earnings_accelerating': False, 'eps_accel_quarters': 0, 'profit_margin_pct': 28.2, 'score_bruto_sin_capar': 55.0, 'satura': False}","{'revenue_growth_yoy': 4.4, 'revenue_accelerating': True, 'rev_accel_quarters': 1}","{'rs_3m': -13.3, 'rs_6m': -25.0, 'rs_line_percentile': 6.4, 'rs_line_at_new_high': False, 'rs_line_trend': 'down', 'rs_line_score': 15}","{'current_ratio': 1.0, 'operating_margin_pct': 45.1}","{'days_to_earnings': 'N/A', 'recommendation': 'buy', 'analyst_upside_pct': 39.9}",167.85,21992015872,Industrials,Consulting Services,4.1,4.2,False,251.96,-33.4,0,False,-9.2,234.76,260.0,195.0,17.0,buy,39.9,243.45,45.0,222.81,32.7,reportado,múltiplo propio,3.0,0.35,True,2023-12-31,5.73,9.62,,1.19,29.2,2.0,0.63,True,-6.76,,9,,7.0,Operating Income,6.9,-2.4,27.0,2026-10-28,False,True,False,7,NEUTRAL,5.19,113.2,7.44,37.8,1.6,0.04,-36.2,2026-10-01T05:48:11.784926,,,,,,
JKHY,"Jack Henry & Associates, Inc.",52.8,,trimestral,⭐ AVERAGE,🟡 Average,USD,USD,False,True,True,1.0,,50.0,50.0,24.0,90.0,70.0,15.0,19.4,False,down,-12.8,False,0,4.7,False,0,"{'eps_growth_yoy': -12.8, 'op_growth_yoy': -12.2, 'crecimiento_respaldado': True, 'positive_quarters': 4, 'earnings_accelerating': False, 'eps_accel_quarters': 0, 'profit_margin_pct': 19.8, 'score_bruto_sin_capar': 50.0, 'satura': False}","{'revenue_growth_yoy': 4.7, 'revenue_accelerating': False, 'rev_accel_quarters': 0}","{'rs_3m': -4.8, 'rs_6m': -24.2, 'rs_line_percentile': 19.4, 'rs_line_at_new_high': False, 'rs_line_trend': 'down', 'rs_line_score': 15}","{'roe_pct': 24.0, 'debt_to_equity': 0.04, 'current_ratio': 1.17, 'operating_margin_pct': 22.5}","{'days_to_earnings': 'N/A', 'recommendation': 'buy', 'analyst_upside_pct': 32.5}",143.24,10042930176,Technology,Information Technology Services,7.0,4.2,False,193.39,-25.9,1,False,-8.9,189.72,209.0,158.0,18.0,buy,32.5,202.53,41.4,206.01,43.8,reportado,múltiplo propio,4.0,0.41,False,,5.04,7.22,,1.7,34.1,2.44,1.22,True,-2.92,,9,,117.9,Operating Income,122.2,-10.4,33.0,2026-11-03,False,True,False,7,NEUTRAL,6.28,202.7,1.56,31.8,1.6,0.05,-30.2,2026-10-01T05:55:00.998222,,,,,,
ABT,Abbott Laboratories,52.2,,trimestral,⭐ AVERAGE,🟡 Average,USD,USD,False,True,True,1.0,,50.0,50.0,38.7,70.0,65.0,15.0,20.4,False,down,-18.7,False,0,7.8,False,0,"{'eps_growth_yoy': -18.7, 'op_growth_yoy': -20.6, 'crecimiento_respaldado': True, 'positive_quarters': 4, 'earnings_accelerating': False, 'eps_accel_quarters': 0, 'profit_margin_pct': 11.6, 'score_bruto_sin_capar': 50.0, 'satura': False}","{'revenue_growth_yoy': 7.8, 'revenue_accelerating': False, 'rev_accel_quarters': 0}","{'rs_3m': 1.7, 'rs_6m': -19.1, 'rs_line_percentile': 20.4, 'rs_line_at_new_high': False, 'rs_line_trend': 'down', 'rs_line_score': 15}","{'roe_pct': 10.6, 'debt_to_equity': 0.63, 'current_ratio': 1.38, 'operating_margin_pct': 14.7}","{'days_to_earnings': 'N/A', 'recommendation': 'buy', 'analyst_upside_pct': 21.7}",98.83,172143394816,Healthcare,Medical Devices,1.3,2.5,False,135.37,-27.0,1,False,-7.6,120.26,135.0,103.0,25.0,buy,21.7,101.5,2.7,78.13,-20.9,reportado,múltiplo propio,3.0,0.73,True,2023-12-31,4.49,4.44,,2.5,79.0,2.52,1.87,False,-0.46,,9,,14.4,Operating Income,16.2,-47.5,20.0,2026-10-21,False,True,True,6,NEUTRAL,4.05,37.8,,18.0,0.4,0.02,-17.6,2026-10-01T05:53:15.107614,,,,,,
LRLCY,L'Oréal S.A.,51.7,,anual,⭐ AVERAGE,🟡 Average,USD,EUR,True,True,True,1.0,,50.0,50.0,36.0,70.0,65.0,15.0,4.3,False,down,-4.4,False,0,1.3,False,0,"{'eps_growth_yoy': -4.4, 'op_growth_yoy': 2.4, 'crecimiento_respaldado': True, 'positive_quarters': 4, 'earnings_accelerating': False, 'eps_accel_quarters': 0, 'profit_margin_pct': 13.9, 'score_bruto_sin_capar': 50.0, 'satura': False}","{'revenue_growth_yoy': 1.3, 'revenue_accelerating': False, 'rev_accel_quarters': 0}","{'rs_3m': -6.2, 'rs_6m': -11.5, 'rs_line_percentile': 4.3, 'rs_line_at_new_high': False, 'rs_line_trend': 'down', 'rs_line_score': 15}","{'roe_pct': 19.4, 'debt_to_equity': 0.49, 'current_ratio': 0.97, 'operating_margin_pct': 21.3}","{'days_to_earnings': 'N/A', 'recommendation': 'strong_buy', 'analyst_upside_pct': 20.7}",85.47,227515400192,Consumer Defensive,Household & Personal Products,,,False,95.48,-10.5,3,False,-3.1,103.17,107.0,100.0,3.0,strong_buy,20.7,68.72,-19.6,91.31,6.8,reportado,múltiplo propio,4.0,0.37,False,,3.82,3.26,,1.94,61.1,1.68,1.57,,,,9,,,,,5.4,131.0,2027-02-09,False,True,False,6,NEUTRAL,3.7,70.0,9.55,23.9,,,,2026-10-01T05:51:25.486087,,,,,,
AON,Aon plc,51.0,,trimestral,⭐ AVERAGE,🟡 Average,USD,USD,False,True,True,1.0,,55.0,50.0,15.0,80.0,70.0,15.0,3.8,False,down,-4.8,False,0,2.2,False,0,"{'eps_growth_yoy': -4.8, 'op_growth_yoy': 6.1, 'crecimiento_respaldado': True, 'positive_quarters': 4, 'earnings_accelerating': False, 'eps_accel_quarters': 0, 'profit_margin_pct': 22.3, 'score_bruto_sin_capar': 55.0, 'satura': False}","{'revenue_growth_yoy': 2.2, 'revenue_accelerating': False, 'rev_accel_quarters': 0}","{'rs_3m': -25.0, 'rs_6m': -30.4, 'rs_line_percentile': 3.8, 'rs_line_at_new_high': False, 'rs_line_trend': 'down', 'rs_line_score': 15}","{'roe_pct': 44.7, 'debt_to_equity': 1.63, 'current_ratio': 1.03, 'operating_margin_pct': 23.5}","{'days_to_earnings': 'N/A', 'recommendation': 'buy', 'analyst_upside_pct': 38.6}",276.77,58709954560,Financial Services,Insurance Brokers,1.8,2.5,False,382.34,-27.6,1,False,-16.7,383.63,435.0,264.0,19.0,buy,38.6,,,425.01,53.6,reportado,múltiplo propio,4.0,0.33,False,,5.57,15.42,,1.19,16.8,3.28,0.77,True,-1.56,,9,,6.6,Operating Income,7.7,-2.1,29.0,2026-10-30,False,True,False,8,STRONG,6.4,119.9,1.14,26.1,1.6,0.06,-24.5,2026-10-01T05:50:43.658862,,"Insurance Brokers: el flujo operativo son depósitos, préstamos o primas, no caja libre para el accionista",,,,
NVR,"NVR, Inc.",50.5,,trimestral,⭐ AVERAGE,🟡 Average,USD,USD,False,True,True,1.0,,60.0,40.0,24.0,85.0,50.0,15.0,10.5,False,down,-29.1,True,1,-10.5,True,1,"{'eps_growth_yoy': -29.1, 'op_growth_yoy': -27.0, 'crecimiento_respaldado': True, 'positive_quarters': 4, 'earnings_accelerating': True, 'eps_accel_quarters': 1, 'profit_margin_pct': 11.8, 'score_bruto_sin_capar': 60.0, 'satura': False}","{'revenue_growth_yoy': -10.5, 'revenue_accelerating': True, 'rev_accel_quarters': 1}","{'rs_3m': -11.5, 'rs_6m': -24.6, 'rs_line_percentile': 10.5, 'rs_line_at_new_high': False, 'rs_line_trend': 'down', 'rs_line_score': 15}","{'roe_pct': 31.5, 'debt_to_equity': 0.32, 'current_ratio': 5.67, 'operating_margin_pct': 13.9}","{'days_to_earnings': 'N/A', 'recommendation': 'hold', 'analyst_upside_pct': 9.2}",6154.39,16400587776,Consumer Cyclical,Residential Construction,7.5,3.8,False,8200.0,-24.9,1,False,-2.2,6717.8,7400.0,5664.0,5.0,hold,9.2,6920.87,12.5,6010.24,-2.3,reportado,múltiplo propio,4.0,0.47,False,,6.35,390.8,,,,,,True,-8.42,,9,,49.8,Operating Income,52.9,-9.0,20.0,2026-10-21,False,True,True,5,NEUTRAL,10.3,38.9,,21.9,,,,2026-10-01T05:58:14.437582,,,,,,
EFX,Equifax Inc.,50.5,,trimestral,⭐ AVERAGE,🟡 Average,USD,USD,False,True,True,1.0,,60.0,60.0,15.0,50.0,70.0,15.0,0.0,False,down,-3.9,True,1,10.6,False,0,"{'eps_growth_yoy': -3.9, 'op_growth_yoy': 1.1, 'crecimiento_respaldado': True, 'positive_quarters': 4, 'earnings_accelerating': True, 'eps_accel_quarters': 1, 'profit_margin_pct': 10.7, 'score_bruto_sin_capar': 60.0, 'satura': False}","{'revenue_growth_yoy': 10.6, 'revenue_accelerating': False, 'rev_accel_quarters': 0}","{'rs_3m': -22.7, 'rs_6m': -40.1, 'rs_line_percentile': 0.0, 'rs_line_at_new_high': False, 'rs_line_trend': 'down', 'rs_line_score': 15}","{'roe_pct': 14.3, 'debt_to_equity': 1.21, 'current_ratio': 0.6, 'operating_margin_pct': 17.3}","{'days_to_earnings': 'N/A', 'recommendation': 'buy', 'analyst_upside_pct': 54.6}",137.24,16123627520,Industrials,Consulting Services,7.6,6.4,False,244.37,-43.8,0,False,-21.2,212.14,245.0,160.0,21.0,buy,54.6,131.58,-4.1,,,reportado,,,,,,7.01,9.62,,1.59,37.3,2.24,0.73,True,-4.64,,9,,5.2,Operating Income,5.2,0.7,19.0,2026-10-20,False,True,True,8,STRONG,5.08,56.7,,32.1,3.1,0.1,-29.0,2026-10-01T05:57:07.658344,,,múltiplo propio 46x fuera del rango 8-45,,,
VCISY,Vinci SA,49.8,,anual,⚠️ WEAK,🔴 Weak,USD,EUR,True,True,True,1.0,,65.0,50.0,24.0,50.0,55.0,15.0,0.0,False,down,0.8,False,0,4.0,False,0,"{'eps_growth_yoy': 0.8, 'op_growth_yoy': 5.0, 'crecimiento_respaldado': True, 'positive_quarters': 4, 'earnings_accelerating': False, 'eps_accel_quarters': 0, 'profit_margin_pct': 6.7, 'score_bruto_sin_capar': 65.0, 'satura': False}","{'revenue_growth_yoy': 4.0, 'revenue_accelerating': False, 'rev_accel_quarters': 0}","{'rs_3m': -19.6, 'rs_6m': -36.2, 'rs_line_percentile': 0.0, 'rs_line_at_new_high': False, 'rs_line_trend': 'down', 'rs_line_score': 15}","{'roe_pct': 16.3, 'debt_to_equity': 1.21, 'current_ratio': 0.82, 'operating_margin_pct': 11.2}","{'days_to_earnings': 'N/A', 'recommendation': 'none', 'analyst_upside_pct': 29.1}",30.07,66437644288,Industrials,Engineering & Construction,,,False,42.1,-28.6,1,False,-10.6,38.83,42.0,36.28,3.0,none,29.1,117.28,290.0,32.76,8.9,reportado,múltiplo propio,4.0,0.34,False,,14.87,4.47,,4.74,55.6,1.46,3.67,,,,9,,,,,5.4,127.0,2027-02-05,False,True,False,7,NEUTRAL,9.37,54.0,1.97,22.0,,,,2026-10-01T05:55:59.358501,,,,,,
SXYAY,Sika AG,49.5,,anual,⚠️ WEAK,🔴 Weak,USD,CHF,True,True,True,1.0,,45.0,30.0,62.4,70.0,55.0,60.0,51.7,False,up,-16.2,False,0,-4.8,False,0,"{'eps_growth_yoy': -16.2, 'op_growth_yoy': -11.1, 'crecimiento_respaldado': True, 'positive_quarters': 4, 'earnings_accelerating': False, 'eps_accel_quarters': 0, 'profit_margin_pct': 9.4, 'score_bruto_sin_capar': 45.0, 'satura': False}","{'revenue_growth_yoy': -4.8, 'revenue_accelerating': False, 'rev_accel_quarters': 0}","{'rs_3m': -0.2, 'rs_6m': 15.0, 'rs_line_percentile': 51.7, 'rs_line_at_new_high': False, 'rs_line_trend': 'up', 'rs_line_score': 60}","{'roe_pct': 16.0, 'debt_to_equity': 0.89, 'current_ratio': 1.3, 'operating_margin_pct': 14.3}","{'days_to_earnings': 'N/A', 'recommendation': 'none', 'analyst_upside_pct': 17.2}",21.89,35120148480,Basic Materials,Specialty Chemicals,,,False,24.21,-9.6,6,False,-3.5,25.65,26.3,25.0,2.0,none,17.2,13.93,-36.4,23.08,5.4,reportado,múltiplo propio,4.0,0.58,False,,4.65,1.02,,2.07,57.0,0.46,1.36,,,,9,,,,,-0.3,,,False,False,False,7,NEUTRAL,3.76,45.8,,24.9,,,,2026-10-01T05:52:49.495440,,,,,,
ESLOY,EssilorLuxottica Société anonyme,49.2,,anual,⚠️ WEAK,🔴 Weak,USD,EUR,True,True,True,1.0,,45.0,70.0,15.0,55.0,70.0,15.0,1.9,False,down,-1.9,False,0,7.5,True,2,"{'eps_growth_yoy': -1.9, 'op_growth_yoy': -2.0, 'crecimiento_respaldado': True, 'positive_quarters': 4, 'earnings_accelerating': False, 'eps_accel_quarters': 0, 'profit_margin_pct': 8.5, 'score_bruto_sin_capar': 45.0, 'satura': False}","{'revenue_growth_yoy': 7.5, 'revenue_accelerating': True, 'rev_accel_quarters': 2}","{'rs_3m': -20.5, 'rs_6m': -41.8, 'rs_line_percentile': 1.9, 'rs_line_at_new_high': False, 'rs_line_trend': 'down', 'rs_line_score': 15}","{'roe_pct': 6.7, 'debt_to_equity': 0.38, 'current_ratio': 0.89, 'operating_margin_pct': 15.4}","{'days_to_earnings': 'N/A', 'recommendation': 'strong_buy', 'analyst_upside_pct': 72.9}",82.15,75369111552,Healthcare,Medical Instruments & Supplies,,,False,186.81,-56.0,0,False,-9.5,142.0,145.0,139.0,2.0,strong_buy,72.9,118.74,44.5,125.52,52.8,reportado,múltiplo propio,4.0,0.66,False,,5.92,4.86,,2.82,74.3,2.32,1.58,,,,9,,,,,6.2,,,False,False,False,4,NEUTRAL,3.77,33.3,17.7,26.9,,,,2026-10-01T05:54:31.500138,,,,,,
TEVA,Teva Pharmaceutical Industries Limited,48.1,,trimestral,⚠️ WEAK,🔴 Weak,USD,USD,False,True,True,1.0,,38.0,40.0,84.7,25.0,60.0,100.0,95.7,True,up,-304.3,False,0,-0.8,True,1,"{'eps_growth_yoy': -304.3, 'op_growth_yoy': -83.4, 'crecimiento_respaldado': True, 'positive_quarters': 3, 'earnings_accelerating': False, 'eps_accel_quarters': 0, 'profit_margin_pct': 4.1, 'score_bruto_sin_capar': 38.0, 'satura': False}","{'revenue_growth_yoy': -0.8, 'revenue_accelerating': True, 'rev_accel_quarters': 1}","{'rs_3m': 11.7, 'rs_6m': 13.9, 'rs_line_percentile': 95.7, 'rs_line_at_new_high': True, 'rs_line_trend': 'up', 'rs_line_score': 100}","{'roe_pct': 9.7, 'debt_to_equity': 2.18, 'current_ratio': 0.88, 'operating_margin_pct': 4.0}","{'days_to_earnings': 'N/A', 'recommendation': 'buy', 'analyst_upside_pct': 13.2}",39.6,46185185280,Healthcare,Drug Manufacturers - Specialty & Generic,2.7,57.4,False,40.79,-2.9,8,True,8.3,44.83,50.0,40.0,6.0,buy,13.2,29.29,-26.0,,,normalizado,,,,,,3.02,1.2,,,,,1.05,False,,,9,,3.6,Operating Income,1.8,,33.0,2026-11-03,False,True,False,8,STRONG,6.65,80.4,0.43,32.4,,,,2026-10-01T05:59:04.453220,,,sin histórico de múltiplo (beneficio negativo o pocos años),tasa fiscal efectiva 1.7% — el beneficio del periodo no es representativo,,
WMT,Walmart Inc.,48.0,,trimestral,⚠️ WEAK,🔴 Weak,USD,USD,False,True,True,1.0,,45.0,60.0,24.0,55.0,65.0,15.0,4.5,False,down,-9.4,False,0,5.9,True,1,"{'eps_growth_yoy': -9.4, 'op_growth_yoy': 28.8, 'crecimiento_respaldado': True, 'positive_quarters': 4, 'earnings_accelerating': False, 'eps_accel_quarters': 0, 'profit_margin_pct': 3.0, 'score_bruto_sin_capar': 45.0, 'satura': False}","{'revenue_growth_yoy': 5.9, 'revenue_accelerating': True, 'rev_accel_quarters': 1}","{'rs_3m': -9.5, 'rs_6m': -33.3, 'rs_line_percentile': 4.5, 'rs_line_at_new_high': False, 'rs_line_trend': 'down', 'rs_line_score': 15}","{'roe_pct': 22.3, 'debt_to_equity': 0.72, 'current_ratio': 0.77, 'operating_margin_pct': 3.5}","{'days_to_earnings': 'N/A', 'recommendation': 'buy', 'analyst_upside_pct': 22.0}",103.92,824474861568,Consumer Defensive,Discount Stores,1.8,2.9,False,135.16,-23.1,1,False,-4.6,126.78,155.0,81.0,40.0,buy,22.0,,,100.32,-3.5,reportado,múltiplo propio,4.0,0.42,False,,1.97,2.05,,0.93,35.0,0.99,1.23,False,-0.47,,9,,13.7,Operating Income,13.4,-9.1,49.0,2026-11-19,False,True,False,7,NEUTRAL,3.33,19.0,1.33,22.4,0.2,0.01,-22.2,2026-10-01T05:50:59.713871,,"el capex se lleva el 62% del flujo operativo: lo que queda no es lo que gana el dueño, es lo que sobra tras decidir invertir",,,,
KHC,The Kraft Heinz Company,47.9,,trimestral,⚠️ WEAK,🔴 Weak,USD,USD,False,True,True,1.0,,58.0,40.0,36.0,55.0,50.0,15.0,11.2,False,down,,False,0,-1.4,True,1,"{'positive_quarters': 3, 'earnings_accelerating': False, 'eps_accel_quarters': 0, 'profit_margin_pct': -13.6, 'score_bruto_sin_capar': 58.0, 'satura': False}","{'revenue_growth_yoy': -1.4, 'revenue_accelerating': True, 'rev_accel_quarters': 1}","{'rs_3m': -11.7, 'rs_6m': -11.4, 'rs_line_percentile': 11.2, 'rs_line_at_new_high': False, 'rs_line_trend': 'down', 'rs_line_score': 15}","{'roe_pct': -8.8, 'debt_to_equity': 0.53, 'current_ratio': 1.06, 'operating_margin_pct': 15.5}","{'days_to_earnings': 'N/A', 'recommendation': 'hold', 'analyst_upside_pct': 12.1}",22.72,26941915136,Consumer Defensive,Packaged Foods,11.0,4.2,True,28.09,-19.1,4,False,-8.6,25.47,41.0,19.0,18.0,hold,12.1,55.32,143.5,,,reportado,,,,,,14.18,3.22,,7.04,73.1,1.6,5.06,False,0.08,,9,,4.4,Operating Income,4.6,,27.0,2026-10-28,False,True,False,5,NEUTRAL,10.69,53.5,5.81,20.2,,,,2026-10-01T05:57:53.472884,,,,,,
CL,Colgate-Palmolive Company,47.3,,trimestral,⚠️ WEAK,🔴 Weak,USD,USD,False,True,True,1.0,,38.0,50.0,36.0,65.0,65.0,15.0,8.4,False,down,-6.7,False,0,4.9,False,0,"{'eps_growth_yoy': -6.7, 'op_growth_yoy': -5.9, 'crecimiento_respaldado': True, 'positive_quarters': 3, 'earnings_accelerating': False, 'eps_accel_quarters': 0, 'profit_margin_pct': 9.7, 'score_bruto_sin_capar': 38.0, 'satura': False}","{'revenue_growth_yoy': 4.9, 'revenue_accelerating': False, 'rev_accel_quarters': 0}","{'rs_3m': -12.4, 'rs_6m': -15.9, 'rs_line_percentile': 8.4, 'rs_line_at_new_high': False, 'rs_line_trend': 'down', 'rs_line_score': 15}","{'roe_pct': 267.4, 'debt_to_equity': 13.88, 'current_ratio': 1.03, 'operating_margin_pct': 21.0}","{'days_to_earnings': 'N/A', 'recommendation': 'buy', 'analyst_upside_pct': 15.6}",85.32,68014784512,Consumer Defensive,Household & Personal Products,2.6,4.2,False,99.33,-14.1,4,False,-5.1,98.6,110.0,87.0,20.0,buy,15.6,128.68,50.8,70.89,-16.9,reportado,múltiplo propio,4.0,0.32,False,,5.72,4.88,,2.45,82.3,2.12,2.33,True,-1.41,,9,,15.9,Operating Income,12.5,-3.8,29.0,2026-10-30,False,True,False,5,NEUTRAL,5.66,90.8,2.85,13.4,,,,2026-10-01T05:53:57.822129,,,,,,
LEN,Lennar Corporation,46.8,,trimestral,⚠️ WEAK,🔴 Weak,USD,USD,False,True,True,0.8738,"acciones × precio no cuadra (ratio 0.8738) pero la divisa sí: son clases múltiples. Se usan 241 M de acciones efectivas (capitalización ÷ precio) en vez de las 211 M declaradas | FCF declarado (716,773,000) se aparta del derivado de flujo operativo menos capex (28,183,000)",55.0,40.0,24.0,70.0,50.0,15.0,7.1,False,down,-36.2,True,1,-5.2,True,1,"{'eps_growth_yoy': -36.2, 'op_growth_yoy': -35.4, 'crecimiento_respaldado': True, 'positive_quarters': 4, 'earnings_accelerating': True, 'eps_accel_quarters': 1, 'profit_margin_pct': 4.1, 'score_bruto_sin_capar': 55.0, 'satura': False}","{'revenue_growth_yoy': -5.2, 'revenue_accelerating': True, 'rev_accel_quarters': 1}","{'rs_3m': -9.6, 'rs_6m': -20.4, 'rs_line_percentile': 7.1, 'rs_line_at_new_high': False, 'rs_line_trend': 'down', 'rs_line_score': 15}","{'roe_pct': 6.0, 'debt_to_equity': 0.28, 'current_ratio': 11.39, 'operating_margin_pct': 5.8}","{'days_to_earnings': 'N/A', 'recommendation': 'hold', 'analyst_upside_pct': -1.9}",81.59,19654633472,Consumer Cyclical,Residential Construction,0.2,0.1,False,133.76,-39.0,0,False,-2.6,80.08,120.0,63.0,13.0,hold,-1.9,,,52.31,-35.9,reportado,múltiplo propio,4.0,1.11,True,,0.14,0.11,,2.41,37.9,2.0,1.5,True,-6.98,,9,,,,,-19.2,75.0,2026-12-15,False,True,False,4,NEUTRAL,11.27,11.2,,38.3,0.8,0.02,-37.5,2026-10-01T05:58:43.720016,240895128.0,"el capex se lleva el 87% del flujo operativo: lo que queda no es lo que gana el dueño, es lo que sobra tras decidir invertir",,,,
KR,The Kroger Co.,45.7,,trimestral,⚠️ WEAK,🔴 Weak,USD,USD,False,True,True,1.0,,58.0,50.0,24.0,30.0,65.0,15.0,10.6,False,flat,5.3,False,0,2.0,False,0,"{'eps_growth_yoy': 5.3, 'op_growth_yoy': 12.5, 'crecimiento_respaldado': True, 'positive_quarters': 3, 'earnings_accelerating': False, 'eps_accel_quarters': 0, 'profit_margin_pct': 0.7, 'score_bruto_sin_capar': 58.0, 'satura': False}","{'revenue_growth_yoy': 2.0, 'revenue_accelerating': False, 'rev_accel_quarters': 0}","{'rs_3m': -1.3, 'rs_6m': -32.9, 'rs_line_percentile': 10.6, 'rs_line_at_new_high': False, 'rs_line_trend': 'flat', 'rs_line_score': 15}","{'roe_pct': 14.4, 'debt_to_equity': 4.13, 'current_ratio': 0.7, 'operating_margin_pct': 3.0}","{'days_to_earnings': 'N/A', 'recommendation': 'buy', 'analyst_upside_pct': 16.2}",58.62,34620305408,Consumer Defensive,Grocery Stores,5.0,4.4,False,76.58,-23.5,2,False,1.2,68.14,85.0,57.0,22.0,buy,16.2,,,,,reportado,,,,,,8.24,4.83,,2.57,75.7,1.56,2.04,True,-8.57,,9,,3.2,Operating Income,3.0,10.7,63.0,2026-12-03,False,True,False,7,NEUTRAL,3.31,6.1,,30.4,0.8,0.03,-29.6,2026-10-01T05:57:57.981165,,"el capex se lleva el 57% del flujo operativo: lo que queda no es lo que gana el dueño, es lo que sobra tras decidir invertir",los P/E históricos se separan 1.7x la mediana: el ancla la decidiría un año suelto,,,
LPX,Louisiana-Pacific Corporation,44.4,,trimestral,⚠️ WEAK,🔴 Weak,USD,USD,False,True,True,1.0,"FCF declarado (-21,000,000) se aparta del derivado de flujo operativo menos capex (-33,000,000)",38.0,50.0,15.0,70.0,70.0,15.0,0.9,False,down,-51.9,False,0,-12.1,True,2,"{'eps_growth_yoy': -51.9, 'op_growth_yoy': -64.4, 'crecimiento_respaldado': True, 'positive_quarters': 3, 'earnings_accelerating': False, 'eps_accel_quarters': 0, 'profit_margin_pct': 2.2, 'score_bruto_sin_capar': 38.0, 'satura': False}","{'revenue_growth_yoy': -12.1, 'revenue_accelerating': True, 'rev_accel_quarters': 2}","{'rs_3m': -20.9, 'rs_6m': -27.4, 'rs_line_percentile': 0.9, 'rs_line_at_new_high': False, 'rs_line_trend': 'down', 'rs_line_score': 15}","{'roe_pct': 3.1, 'debt_to_equity': 0.22, 'current_ratio': 3.22, 'operating_margin_pct': 5.3}","{'days_to_earnings': 'N/A', 'recommendation': 'buy', 'analyst_upside_pct': 42.6}",64.55,4513555968,Industrials,Building Products & Equipment,11.8,7.8,True,100.34,-35.7,0,False,-8.6,92.07,107.0,74.0,14.0,buy,42.6,,,,,reportado,,,,,,-0.73,-0.47,,1.82,150.6,1.2,1.27,False,0.0,,9,,7.4,Operating Income,6.1,-51.8,34.0,2026-11-04,False,True,False,5,NEUTRAL,5.55,11.5,,28.4,12.5,0.44,-15.9,2026-10-01T05:58:39.398026,,"el capex se lleva el 113% del flujo operativo: lo que queda no es lo que gana el dueño, es lo que sobra tras decidir invertir",los P/E históricos se separan 2.0x la mediana: el ancla la decidiría un año suelto,,,
TLC.AX,The Lottery Corporation Limited,42.8,,anual,⚠️ WEAK,🔴 Weak,AUD,AUD,False,True,True,1.0,"FCF declarado (1,410,349,952) se aparta del derivado de flujo operativo menos capex (317,900,000)",45.0,40.0,30.0,45.0,65.0,,,,,-22.1,False,0,-4.6,True,1,"{'eps_growth_yoy': -22.1, 'op_growth_yoy': -6.8, 'crecimiento_respaldado': True, 'positive_quarters': 4, 'earnings_accelerating': False, 'eps_accel_quarters': 0, 'profit_margin_pct': 7.9, 'score_bruto_sin_capar': 45.0, 'satura': False}","{'revenue_growth_yoy': -4.6, 'revenue_accelerating': True, 'rev_accel_quarters': 1}","{'rs_3m': -12.0, 'rs_6m': -27.6}","{'roe_pct': 97.2, 'debt_to_equity': 9.48, 'current_ratio': 0.36, 'operating_margin_pct': 16.5}","{'days_to_earnings': 'N/A', 'recommendation': 'buy', 'analyst_upside_pct': 16.6}",4.85,10794992640,Consumer Cyclical,Gambling,,,False,5.88,-17.5,2,False,-4.8,5.65,6.4,5.0,15.0,buy,16.6,3.45,-28.9,4.52,-6.8,reportado,múltiplo propio,4.0,0.55,False,,2.94,0.14,,3.49,128.9,0.17,,,,,7,,,,,-28.8,139.0,2027-02-17,False,True,False,3,NEUTRAL,4.52,317.5,11.27,15.4,,,,2026-10-01T05:55:47.113862,,,,,,
GPK,Graphic Packaging Holding Company,41.0,,trimestral,⚠️ WEAK,🔴 Weak,USD,USD,False,True,True,1.0,"FCF declarado (189,000,000) se aparta del derivado de flujo operativo menos capex (-129,000,000)",48.0,30.0,24.0,55.0,60.0,15.0,0.0,False,down,-76.9,True,1,-0.7,False,0,"{'eps_growth_yoy': -76.9, 'op_growth_yoy': -51.0, 'crecimiento_respaldado': True, 'positive_quarters': 3, 'earnings_accelerating': True, 'eps_accel_quarters': 1, 'profit_margin_pct': 2.2, 'score_bruto_sin_capar': 48.0, 'satura': False}","{'revenue_growth_yoy': -0.7, 'revenue_accelerating': False, 'rev_accel_quarters': 0}","{'rs_3m': -18.3, 'rs_6m': -20.5, 'rs_line_percentile': 0.0, 'rs_line_at_new_high': False, 'rs_line_trend': 'down', 'rs_line_score': 15}","{'roe_pct': 6.0, 'debt_to_equity': 1.76, 'current_ratio': 1.38, 'operating_margin_pct': 4.5}","{'days_to_earnings': 'N/A', 'recommendation': 'hold', 'analyst_upside_pct': 36.0}",9.05,2677780992,Consumer Cyclical,Packaging & Containers,9.0,4.5,True,19.68,-54.0,0,False,-14.8,12.31,18.0,10.0,11.0,hold,36.0,,,6.96,-23.1,reportado,múltiplo propio,4.0,0.21,False,,-4.82,-0.44,,4.78,67.7,0.44,1.79,True,-1.62,,9,,2.4,Operating Income,2.0,-30.6,39.0,2026-11-09,False,True,False,5,NEUTRAL,10.34,13.3,,38.8,12.5,0.32,-26.3,2026-10-01T05:59:16.314637,,"el capex se lleva el 116% del flujo operativo: lo que queda no es lo que gana el dueño, es lo que sobra tras decidir invertir",,,,
CHTR,"Charter Communications, Inc.",40.5,,trimestral,⚠️ WEAK,🔴 Weak,USD,USD,False,True,True,0.8807,acciones × precio no cuadra (ratio 0.8807) pero la divisa sí: son clases múltiples. Se usan 130 M de acciones efectivas (capitalización ÷ precio) en vez de las 114 M declaradas,55.0,30.0,15.0,50.0,60.0,15.0,0.2,False,down,-0.7,True,1,-1.7,False,0,"{'eps_growth_yoy': -0.7, 'op_growth_yoy': -7.3, 'crecimiento_respaldado': True, 'positive_quarters': 4, 'earnings_accelerating': True, 'eps_accel_quarters': 1, 'profit_margin_pct': 9.1, 'score_bruto_sin_capar': 55.0, 'satura': False}","{'revenue_growth_yoy': -1.7, 'revenue_accelerating': False, 'rev_accel_quarters': 0}","{'rs_3m': -21.8, 'rs_6m': -65.7, 'rs_line_percentile': 0.2, 'rs_line_at_new_high': False, 'rs_line_trend': 'down', 'rs_line_score': 15}","{'roe_pct': 27.2, 'debt_to_equity': 4.42, 'current_ratio': 0.36, 'operating_margin_pct': 23.5}","{'days_to_earnings': 'N/A', 'recommendation': 'hold', 'analyst_upside_pct': 60.6}",110.9,14412298240,Communication Services,Telecom Services,38.8,5.2,True,284.6,-61.0,0,False,-21.3,178.05,380.0,101.0,19.0,hold,60.6,,,,,reportado,múltiplo propio,4.0,0.69,False,,27.06,30.01,18.9,,,,,True,-14.42,,9,,2.6,Operating Income,2.5,6.4,29.0,2026-10-30,False,True,False,7,NEUTRAL,11.65,28.7,0.42,60.7,,,,2026-10-01T05:58:10.474472,129957604.0,"el capex se lleva el 71% del flujo operativo: lo que queda no es lo que gana el dueño, es lo que sobra tras decidir invertir","objetivo 399 sobre un precio de 111 (+260%): el BPA no cuadra con el múltiplo histórico, no se publica",,,
KD,"Kyndryl Holdings, Inc.",33.0,,trimestral,⚠️ WEAK,🔴 Weak,USD,USD,False,True,True,1.0,,38.0,30.0,24.0,25.0,55.0,15.0,1.5,False,down,-198.2,False,0,-3.3,False,0,"{'eps_growth_yoy': -198.2, 'op_growth_yoy': -28.0, 'crecimiento_respaldado': True, 'positive_quarters': 3, 'earnings_accelerating': False, 'eps_accel_quarters': 0, 'profit_margin_pct': 0.6, 'score_bruto_sin_capar': 38.0, 'satura': False}","{'revenue_growth_yoy': -3.3, 'revenue_accelerating': False, 'rev_accel_quarters': 0}","{'rs_3m': -10.7, 'rs_6m': -29.4, 'rs_line_percentile': 1.5, 'rs_line_at_new_high': False, 'rs_line_trend': 'down', 'rs_line_score': 15}","{'roe_pct': 6.9, 'debt_to_equity': 4.22, 'current_ratio': 0.85, 'operating_margin_pct': 2.9}","{'days_to_earnings': 'N/A', 'recommendation': 'none', 'analyst_upside_pct': 26.1}",11.26,2452633600,Technology,Information Technology Services,14.4,8.8,True,30.99,-63.7,0,False,-12.5,14.2,16.0,13.0,5.0,none,26.1,,,,,normalizado,,,,,,6.28,0.71,,,,,,True,-7.74,,9,,5.7,Operating Income,3.4,,33.0,2026-11-03,False,True,False,6,NEUTRAL,11.81,18.8,0.15,39.6,,,,2026-10-01T05:59:37.139266,,"el capex se lleva el 80% del flujo operativo: lo que queda no es lo que gana el dueño, es lo que sobra tras decidir invertir",sin histórico de múltiplo (beneficio negativo o pocos años),tasa fiscal efectiva 65.2% — el beneficio del periodo no es representativo,,
